# Blender 4.5.0
# www.blender.org
mtllib tripo_convert_2b5860b3-e9a3-4323-b465-c91d457ca179.mtl
o tripo_node_2b5860b3-e9a3-4323-b465-c91d457ca179
v 0.087068 0.666652 -0.007174
v 0.138073 0.718700 -0.000212
v 0.149648 0.716209 -0.000722
v 0.156099 0.923400 -0.000407
v 0.028139 0.754401 -0.015236
v -0.030065 0.734909 -0.015486
v -0.007288 0.562542 -0.014073
v 0.131648 0.401973 -0.008758
v 0.222527 0.002444 0.000242
v 0.222366 0.002063 0.000100
v 0.004581 0.302868 -0.000993
v 0.015288 0.301927 0.000751
v 0.098803 0.354357 -0.000613
v 0.101967 0.353823 0.000032
v 0.098484 0.351833 0.000491
v 0.314689 0.288300 -0.003706
v 0.316100 0.293362 -0.003912
v 0.327624 0.296343 -0.000240
v 0.325866 0.290750 -0.001372
v 0.095544 0.350198 -0.001209
v 0.221864 0.002593 0.000538
v 0.217656 0.002588 0.001198
v 0.220421 0.000723 0.000018
v 0.146403 0.396831 0.010452
v 0.147395 0.717812 0.000285
v 0.166307 0.922670 -0.000467
v 0.163433 0.925571 0.000119
v 0.165319 0.918591 -0.000143
v 0.145809 0.703691 -0.000358
v 0.140083 0.689655 -0.001239
v 0.485162 0.467351 0.000405
v 0.494420 0.466341 0.000319
v 0.083121 0.666294 0.007565
v -0.003879 0.561570 0.011404
v 0.047192 0.754702 0.012894
v -0.024651 0.700183 0.016792
v -0.357892 0.474312 0.063721
v -0.193263 0.627617 0.017827
v -0.363510 0.437383 0.059608
v -0.389857 0.509626 0.048992
v -0.497585 0.458281 0.005890
v -0.386957 0.473408 0.065380
v -0.399771 0.439659 0.053154
v -0.471727 0.431891 0.033832
v -0.254133 0.304271 0.094964
v -0.146108 0.109140 0.136922
v -0.155120 0.102529 0.137444
v -0.255351 0.299205 0.075793
v -0.259221 0.347243 0.074192
v -0.251934 0.346655 0.071722
v -0.275120 0.353162 -0.068824
v -0.274243 0.344199 -0.066596
v -0.275841 0.348918 -0.067249
v -0.258023 0.348680 -0.071197
v -0.264365 0.345017 -0.069128
v -0.269454 0.346182 -0.068409
v -0.276294 0.334268 -0.062588
v -0.253443 0.293483 -0.077075
v -0.144310 0.105608 -0.137750
v -0.256213 0.309233 -0.093337
v -0.367423 0.427155 -0.057723
v -0.300243 0.459314 -0.070380
v -0.192194 0.620307 -0.028711
v -0.199945 0.634044 -0.000682
v -0.384012 0.519330 -0.043691
v -0.418390 0.493305 -0.037214
v -0.494676 0.484246 -0.004998
v -0.388098 0.503458 -0.052909
v -0.404013 0.480657 -0.056530
v 0.107673 0.674400 -0.004915
v 0.112426 0.669205 -0.004421
v 0.094059 0.657161 -0.006017
v 0.076093 0.655880 -0.008372
v 0.067107 0.666349 -0.009480
v 0.072156 0.673147 -0.007988
v 0.074763 0.678797 -0.006670
v 0.087268 0.674540 -0.005875
v 0.105149 0.678547 -0.004610
v 0.080334 0.647210 -0.007092
v 0.139170 0.693053 -0.001649
v 0.143018 0.700479 -0.001334
v 0.141110 0.693169 0.001049
v 0.138925 0.715236 -0.000873
v 0.132963 0.708765 -0.001514
v 0.130427 0.711357 -0.000141
v 0.133294 0.709275 0.001325
v 0.138970 0.716388 0.000526
v 0.141062 0.718355 -0.000600
v 0.146191 0.716252 -0.000803
v 0.146810 0.713488 0.000401
v 0.144533 0.707372 -0.001059
v 0.142466 0.710062 -0.001364
v 0.152777 0.921608 -0.000970
v 0.152444 0.923185 -0.000107
v 0.153036 0.921774 0.000830
v 0.157668 0.922504 -0.001000
v 0.153752 0.920371 -0.001586
v 0.154518 0.920620 0.001464
v 0.157642 0.922430 0.001042
v 0.162753 0.924643 -0.000162
v 0.162722 0.924333 0.000444
v 0.137249 0.917685 -0.000163
v 0.141481 0.918881 0.000693
v 0.150839 0.923529 -0.000010
v 0.141028 0.918508 -0.001261
v 0.092486 0.742602 0.000965
v 0.089567 0.740263 0.002788
v 0.090225 0.735603 0.000088
v 0.089864 0.740288 -0.002664
v 0.010051 0.753629 -0.016187
v 0.014831 0.771804 -0.015496
v 0.036469 0.770905 -0.013990
v 0.048779 0.756369 -0.012650
v 0.033433 0.738075 -0.014926
v 0.006790 0.735878 -0.016844
v -0.062768 0.755466 -0.013045
v -0.047852 0.773756 -0.012993
v -0.020196 0.756975 -0.015162
v -0.019053 0.711001 -0.016708
v -0.043856 0.699903 -0.015983
v -0.060889 0.718729 -0.016052
v 0.008219 0.714310 -0.017252
v -0.008160 0.566779 -0.008924
v -0.002682 0.565663 -0.004544
v 0.003768 0.554951 -0.010439
v -0.002043 0.550292 -0.022058
v -0.020045 0.562930 -0.024693
v -0.020015 0.571338 -0.015959
v 0.120950 0.405273 -0.008202
v 0.120321 0.415744 -0.007481
v 0.136897 0.416125 -0.009237
v 0.146486 0.398992 -0.010491
v 0.138931 0.385379 -0.009034
v 0.121004 0.393030 -0.008150
v 0.495446 0.469402 0.000020
v 0.494594 0.470291 0.000088
v 0.495350 0.469624 0.000805
v 0.496300 0.468755 0.000665
v 0.221058 0.002648 -0.000162
v 0.221453 0.003119 0.000008
v 0.221947 0.003391 0.000530
v 0.221759 0.001913 0.000177
v 0.220715 0.002167 -0.000308
v -0.005388 0.300236 -0.008226
v 0.015182 0.309195 -0.006157
v 0.020768 0.305076 -0.003638
v 0.016754 0.295074 0.002458
v 0.023170 0.295925 0.006529
v 0.018221 0.302956 0.002443
v -0.004546 0.299576 0.004164
v 0.016277 0.294799 -0.002596
v 0.023915 0.296016 -0.006815
v 0.094186 0.356761 -0.004959
v 0.094264 0.359664 -0.007424
v 0.091681 0.356596 0.007527
v 0.089828 0.352942 0.006610
v 0.096199 0.351654 0.001511
v 0.104274 0.361367 0.003154
v 0.093499 0.362255 0.009694
v 0.116064 0.355134 -0.000879
v 0.116518 0.358277 0.001980
v 0.097325 0.348314 0.001642
v 0.090211 0.345294 -0.005563
v 0.091241 0.349420 -0.003508
v 0.098216 0.344397 -0.002577
v 0.093442 0.340688 -0.005941
v 0.322607 0.292424 -0.002387
v 0.317618 0.286152 -0.002377
v 0.305657 0.285437 -0.003991
v 0.305071 0.289239 -0.005291
v 0.306980 0.282046 -0.002198
v 0.303461 0.293411 -0.005999
v 0.312449 0.297810 -0.004645
v 0.316882 0.302288 -0.000127
v 0.320139 0.298795 0.001728
v 0.323845 0.296564 0.001288
v 0.317642 0.290749 0.003550
v 0.318720 0.287772 0.002639
v 0.319688 0.284266 0.000190
v 0.093225 0.349384 0.003417
v 0.089174 0.348436 0.005787
v 0.099824 0.344135 0.002050
v 0.101099 0.345080 -0.000478
v 0.221395 0.002255 0.000492
v 0.221513 0.001463 -0.000001
v 0.221438 0.003360 0.000913
v 0.221096 0.002971 0.000838
v 0.222073 0.003816 0.000834
v 0.218110 0.001960 0.000848
v 0.219859 0.002223 0.000798
v 0.219132 0.002982 0.001211
v 0.214361 0.004337 0.001782
v 0.213988 0.003080 0.001500
v 0.213675 0.002102 0.001190
v 0.217643 0.001093 -0.000150
v 0.217907 0.001607 -0.000516
v 0.220307 0.001039 -0.000085
v 0.220971 0.001352 0.000173
v 0.219960 0.001225 0.000328
v 0.217691 0.000968 0.000308
v 0.213621 0.010786 0.000922
v 0.215637 0.009901 0.001974
v 0.221189 0.005175 0.001633
v 0.216134 0.008990 0.000562
v 0.169581 0.371681 0.012249
v 0.183905 0.389421 0.014165
v 0.167636 0.414153 0.013104
v 0.158053 0.432322 0.011085
v 0.137358 0.417549 0.009292
v 0.121822 0.414772 0.007779
v 0.123887 0.401873 0.008368
v 0.121893 0.388994 0.007968
v 0.139927 0.379454 0.008847
v 0.163078 0.359883 0.010294
v 0.144742 0.717385 0.000746
v 0.143569 0.713988 0.001082
v 0.143423 0.717227 -0.000770
v 0.144607 0.718585 -0.000562
v 0.164880 0.921859 0.000294
v 0.165718 0.920987 0.000004
v 0.165312 0.921947 -0.000450
v 0.165501 0.923491 0.000223
v 0.164500 0.922898 0.000389
v 0.165485 0.923518 -0.000378
v 0.164454 0.922945 -0.000482
v 0.165406 0.924799 0.000078
v 0.164145 0.925211 0.000120
v 0.164032 0.918628 -0.000365
v 0.165428 0.919542 -0.000072
v 0.163790 0.918875 0.000189
v 0.159283 0.914270 -0.000273
v 0.158552 0.915241 -0.000856
v 0.158600 0.915096 0.000424
v 0.141050 0.702115 -0.001656
v 0.138019 0.694734 0.001971
v 0.134243 0.677076 -0.001242
v 0.131245 0.679533 -0.002470
v 0.132249 0.679246 0.002189
v 0.142716 0.718912 0.000559
v 0.480482 0.463611 0.000314
v 0.480832 0.463201 0.000852
v 0.486401 0.468171 0.000764
v 0.485941 0.467341 -0.000009
v 0.481070 0.463015 -0.000469
v 0.487609 0.469191 0.000412
v 0.493952 0.465483 0.000097
v 0.493016 0.466100 -0.000368
v 0.493818 0.467137 -0.000115
v 0.494988 0.468382 0.000007
v 0.495403 0.467718 0.000561
v 0.494764 0.468632 0.000705
v 0.493807 0.467173 0.000543
v 0.492908 0.466013 0.000611
v 0.493656 0.465228 0.000518
v 0.494724 0.464800 0.000455
v 0.492526 0.450355 -0.000058
v 0.492854 0.453186 -0.000836
v 0.495876 0.460600 0.000795
v 0.491808 0.453054 0.000954
v 0.067602 0.674905 0.008866
v 0.062467 0.669642 0.010223
v 0.071722 0.656740 0.008955
v 0.085059 0.674096 0.006138
v 0.072007 0.680434 0.007082
v 0.077080 0.647654 0.007538
v 0.091832 0.656442 0.006266
v -0.003074 0.566526 0.002988
v -0.017382 0.569759 0.015159
v -0.020676 0.557496 0.028720
v -0.002145 0.544701 0.026408
v 0.005576 0.553867 0.009082
v 0.001217 0.566112 0.001286
v 0.059455 0.751667 0.010883
v 0.065809 0.759731 0.009263
v 0.052265 0.768689 0.011653
v 0.035090 0.764044 0.014366
v 0.029473 0.744764 0.015217
v 0.050243 0.739444 0.012618
v -0.047903 0.680764 0.016333
v -0.024715 0.659430 0.017328
v -0.005166 0.671692 0.017367
v -0.015384 0.724825 0.016418
v -0.045479 0.736138 0.015902
v -0.057948 0.718697 0.016222
v -0.073006 0.699632 0.016409
v -0.361328 0.462790 0.064639
v -0.349864 0.458137 0.062873
v -0.347227 0.474913 0.061774
v -0.349840 0.491050 0.059353
v -0.361526 0.485391 0.062438
v -0.372281 0.474328 0.067244
v -0.199105 0.632700 0.006604
v -0.224037 0.629664 0.011582
v -0.223198 0.623881 0.022554
v -0.167628 0.624938 0.020868
v -0.163294 0.631376 0.013147
v -0.181308 0.634496 0.008090
v -0.194895 0.614072 0.033497
v -0.170105 0.614140 0.032620
v -0.222720 0.611167 0.035606
v -0.188685 0.637795 0.002844
v -0.343413 0.434079 0.063378
v -0.337436 0.455593 0.063731
v -0.371147 0.447598 0.062754
v -0.366553 0.418350 0.057646
v -0.347685 0.415455 0.062525
v -0.385376 0.431756 0.053087
v -0.386490 0.420124 0.052212
v -0.387820 0.441305 0.057481
v -0.395301 0.488085 0.059197
v -0.381808 0.484373 0.065184
v -0.369617 0.499353 0.058651
v -0.358220 0.507073 0.053527
v -0.372405 0.522695 0.046368
v -0.384634 0.536595 0.037030
v -0.401589 0.524837 0.035178
v -0.498232 0.460959 -0.000326
v -0.493618 0.447290 -0.002728
v -0.493179 0.447431 0.007290
v -0.491067 0.448683 0.016150
v -0.497572 0.462912 0.010482
v -0.499229 0.468378 0.004005
v -0.396908 0.470925 0.061696
v -0.381334 0.463196 0.066501
v -0.393387 0.454783 0.061476
v -0.405383 0.449334 0.051673
v -0.412903 0.442207 0.043763
v -0.401107 0.433904 0.047669
v -0.473041 0.433019 0.022772
v -0.461785 0.414047 0.021938
v -0.456713 0.418649 0.027242
v -0.452273 0.424510 0.029730
v -0.466070 0.441083 0.029821
v -0.483777 0.454868 0.026928
v -0.487927 0.451448 0.022277
v -0.477155 0.460460 0.027389
v -0.251054 0.295169 0.097854
v -0.264262 0.292722 0.097847
v -0.262829 0.307001 0.093750
v -0.259136 0.316771 0.090535
v -0.249086 0.310648 0.093094
v -0.239575 0.300564 0.096290
v -0.152746 0.119217 0.132681
v -0.152039 0.116481 0.133449
v -0.147543 0.112666 0.134873
v -0.151423 0.117599 0.134961
v -0.148188 0.109813 0.135392
v -0.149001 0.108558 0.135358
v -0.147032 0.107604 0.136318
v -0.144846 0.106438 0.137332
v -0.146272 0.107814 0.137946
v -0.147595 0.110453 0.137244
v -0.147244 0.110802 0.135670
v -0.148314 0.109239 0.137959
v -0.155580 0.102557 0.137160
v -0.161750 0.104740 0.136731
v -0.162065 0.104167 0.138321
v -0.161358 0.106239 0.138579
v -0.155192 0.103268 0.138515
v -0.153599 0.102179 0.138201
v -0.145240 0.102773 0.137602
v -0.146048 0.101452 0.138256
v -0.145185 0.102901 0.138477
v -0.144016 0.104005 0.137651
v -0.264175 0.301349 0.075286
v -0.264996 0.287291 0.078923
v -0.252293 0.289324 0.077999
v -0.249414 0.306868 0.074449
v -0.259987 0.313321 0.072778
v -0.239230 0.295658 0.077131
v -0.249408 0.344422 0.072404
v -0.251287 0.342985 0.077141
v -0.254788 0.338543 0.080315
v -0.261909 0.342772 0.078215
v -0.268545 0.346049 0.076559
v -0.266756 0.352873 0.071174
v -0.277727 0.339908 0.064358
v -0.263372 0.335425 0.064756
v -0.250148 0.331439 0.064700
v -0.262508 0.342383 0.069159
v -0.253993 0.338454 0.070332
v -0.266438 0.352871 0.071205
v -0.274710 0.345441 0.068368
v -0.243405 0.362844 0.074568
v -0.258559 0.368549 0.074383
v -0.275424 0.348564 -0.071491
v -0.288933 0.354425 -0.066458
v -0.278444 0.367268 -0.070710
v -0.264361 0.357097 -0.072644
v -0.267968 0.347255 -0.075985
v -0.288218 0.336514 -0.061600
v -0.278781 0.342439 -0.073242
v -0.273008 0.338634 -0.068874
v -0.264346 0.344297 -0.068779
v -0.255803 0.347510 -0.070768
v -0.254271 0.348132 -0.074951
v -0.257789 0.349399 -0.074020
v -0.260286 0.349392 -0.073271
v -0.260811 0.349391 -0.073114
v -0.258456 0.339865 -0.067301
v -0.286264 0.312497 -0.051908
v -0.299496 0.317068 -0.051266
v -0.264639 0.327778 -0.061686
v -0.271877 0.307374 -0.051663
v -0.264722 0.295709 -0.076723
v -0.264031 0.274576 -0.082169
v -0.248610 0.277786 -0.080715
v -0.232749 0.284083 -0.079728
v -0.244978 0.302044 -0.075603
v -0.259071 0.311001 -0.073261
v -0.162259 0.105244 -0.138463
v -0.158364 0.105448 -0.138647
v -0.152071 0.102531 -0.138629
v -0.158601 0.103702 -0.137418
v -0.144115 0.101916 -0.138494
v -0.143437 0.102309 -0.138147
v -0.144077 0.101748 -0.137785
v -0.144518 0.101154 -0.138304
v -0.144795 0.105017 -0.138108
v -0.145916 0.106864 -0.137977
v -0.145383 0.107399 -0.137408
v -0.145438 0.106913 -0.136648
v -0.144178 0.104944 -0.137331
v -0.143903 0.104111 -0.138017
v -0.252532 0.299272 -0.096570
v -0.265634 0.296739 -0.096632
v -0.264504 0.312357 -0.091751
v -0.259505 0.324437 -0.087632
v -0.250783 0.317582 -0.090661
v -0.240354 0.305584 -0.094702
v -0.346071 0.408027 -0.062782
v -0.357473 0.388640 -0.057839
v -0.378373 0.401302 -0.053296
v -0.398671 0.412658 -0.048475
v -0.390165 0.431133 -0.051127
v -0.388637 0.448575 -0.060065
v -0.375355 0.452363 -0.064412
v -0.361192 0.462653 -0.065044
v -0.348946 0.442490 -0.062218
v -0.333412 0.423390 -0.065494
v -0.402254 0.449671 -0.053459
v -0.411235 0.461585 -0.049794
v -0.397092 0.468084 -0.061817
v -0.288261 0.458911 -0.072226
v -0.293163 0.442025 -0.072655
v -0.308306 0.449614 -0.069749
v -0.320972 0.466402 -0.066011
v -0.305433 0.475378 -0.068063
v -0.289618 0.481509 -0.070271
v -0.222938 0.614828 -0.033126
v -0.223993 0.623784 -0.022550
v -0.198487 0.628412 -0.016787
v -0.185218 0.633131 -0.007713
v -0.177609 0.629873 -0.013620
v -0.157970 0.626456 -0.018010
v -0.163761 0.617801 -0.028715
v -0.168224 0.600743 -0.040942
v -0.194655 0.599949 -0.042284
v -0.221875 0.596781 -0.044566
v -0.193300 0.639412 -0.000035
v -0.190473 0.637634 -0.002867
v -0.200762 0.632338 -0.008023
v -0.224884 0.629723 -0.011473
v -0.225086 0.632274 -0.000079
v -0.367108 0.537362 -0.042788
v -0.353278 0.519343 -0.052111
v -0.365709 0.506556 -0.055169
v -0.394269 0.538329 -0.031327
v -0.375543 0.552738 -0.032662
v -0.405472 0.513191 -0.037295
v -0.411716 0.526206 -0.028742
v -0.378868 0.494951 -0.061178
v -0.403630 0.497680 -0.048378
v -0.422801 0.503393 -0.032214
v -0.414820 0.482567 -0.046120
v -0.430825 0.476569 -0.035467
v -0.439620 0.490867 -0.028408
v -0.489937 0.488320 -0.004764
v -0.488938 0.485672 -0.010591
v -0.495367 0.481531 -0.008468
v -0.496188 0.483564 -0.000818
v -0.490458 0.488976 0.002059
v -0.498065 0.478791 -0.004122
v -0.393411 0.487389 -0.060583
v -0.384625 0.473376 -0.065819
v -0.370209 0.481718 -0.066516
v -0.354621 0.490831 -0.061465
v -0.346579 0.473349 -0.062699
v -0.339715 0.501069 -0.058297
v -0.330196 0.484385 -0.062454
v -0.335428 0.454687 -0.064232
v -0.320544 0.437538 -0.068017
v -0.302285 0.425666 -0.071881
v -0.313376 0.408983 -0.069474
v -0.283086 0.418317 -0.074612
v -0.291785 0.398241 -0.072922
v -0.300450 0.378955 -0.069776
v -0.324232 0.392299 -0.066543
v -0.310713 0.363094 -0.065079
v -0.334713 0.375299 -0.061550
v -0.322912 0.347494 -0.057590
v -0.345923 0.358178 -0.054320
v -0.367907 0.369827 -0.050687
v -0.356978 0.341063 -0.044909
v -0.378356 0.352815 -0.041371
v -0.399546 0.365655 -0.038183
v -0.388960 0.381659 -0.046974
v -0.419981 0.380836 -0.034655
v -0.409499 0.394701 -0.042203
v -0.438421 0.399438 -0.031160
v -0.429548 0.410530 -0.037269
v -0.418448 0.425234 -0.042158
v -0.408067 0.438290 -0.045144
v -0.447518 0.429321 -0.031318
v -0.437430 0.442649 -0.035525
v -0.422873 0.454399 -0.040315
v -0.450861 0.460133 -0.029688
v -0.462534 0.447150 -0.028405
v -0.471855 0.465052 -0.024539
v -0.459046 0.475587 -0.024778
v -0.475711 0.476775 -0.019844
v -0.462274 0.484539 -0.019749
v -0.443946 0.499079 -0.023133
v -0.447556 0.504650 -0.017231
v -0.431724 0.519252 -0.018878
v -0.427877 0.512955 -0.025823
v -0.464212 0.490499 -0.014561
v -0.465504 0.494449 -0.009095
v -0.449716 0.508177 -0.010235
v -0.477684 0.484086 -0.015275
v -0.479096 0.489057 -0.010094
v -0.479658 0.491576 -0.003610
v -0.465809 0.496403 -0.002613
v -0.487437 0.481139 -0.015917
v -0.484846 0.473416 -0.021533
v -0.491362 0.469714 -0.019552
v -0.494065 0.477230 -0.013343
v -0.495836 0.465712 -0.014885
v -0.498082 0.473779 -0.008853
v -0.497976 0.462676 -0.007976
v -0.499448 0.471040 -0.002559
v -0.498942 0.476573 0.001964
v -0.498089 0.473336 0.008683
v -0.494161 0.477807 0.012878
v -0.496151 0.481879 0.005942
v -0.487354 0.481720 0.015613
v -0.489589 0.486732 0.009031
v -0.476865 0.484088 0.015415
v -0.478810 0.489203 0.009888
v -0.479586 0.491818 0.003345
v -0.464686 0.494214 0.010581
v -0.465530 0.496299 0.004050
v -0.448026 0.507624 0.013168
v -0.450007 0.509761 0.005574
v -0.450511 0.509898 -0.002492
v -0.434823 0.525425 0.006671
v -0.435598 0.525487 -0.002372
v -0.434723 0.523647 -0.011260
v -0.420084 0.541495 -0.002323
v -0.418965 0.538942 -0.011919
v -0.415845 0.533596 -0.020434
v -0.401741 0.554514 -0.012650
v -0.398719 0.548035 -0.021864
v -0.381594 0.569228 -0.012939
v -0.379261 0.562514 -0.023007
v -0.359399 0.583585 -0.013356
v -0.357365 0.577338 -0.024337
v -0.353301 0.566849 -0.033699
v -0.333027 0.590750 -0.024583
v -0.329121 0.580406 -0.034387
v -0.323430 0.566043 -0.043960
v -0.347287 0.552728 -0.043190
v -0.316384 0.547571 -0.052701
v -0.337270 0.534358 -0.052526
v -0.306615 0.527705 -0.059454
v -0.322918 0.514661 -0.059032
v -0.295114 0.504577 -0.066063
v -0.312100 0.495687 -0.064642
v -0.285741 0.536680 -0.060906
v -0.277883 0.511641 -0.066990
v -0.272994 0.486320 -0.071759
v -0.258801 0.516834 -0.068043
v -0.254826 0.490559 -0.072884
v -0.254075 0.464162 -0.075798
v -0.271811 0.461740 -0.074432
v -0.257775 0.437828 -0.077311
v -0.276059 0.438998 -0.074989
v -0.263770 0.413459 -0.076723
v -0.239780 0.437006 -0.078050
v -0.245323 0.408753 -0.077986
v -0.253041 0.376961 -0.075635
v -0.270850 0.388863 -0.075070
v -0.227349 0.405999 -0.077983
v -0.237032 0.373018 -0.075469
v -0.246546 0.337266 -0.066991
v -0.243146 0.349467 -0.072294
v -0.221685 0.349693 -0.071350
v -0.225976 0.332383 -0.066310
v -0.229120 0.314010 -0.059445
v -0.250319 0.320831 -0.060556
v -0.231548 0.292790 -0.049150
v -0.253634 0.300334 -0.050872
v -0.233209 0.274100 -0.036786
v -0.256183 0.279485 -0.037682
v -0.276275 0.285935 -0.038169
v -0.257568 0.266851 -0.023162
v -0.278800 0.272425 -0.023629
v -0.297873 0.279404 -0.023737
v -0.293397 0.292278 -0.038221
v -0.316043 0.286879 -0.024014
v -0.309512 0.298578 -0.038050
v -0.334209 0.296171 -0.023857
v -0.326882 0.306463 -0.037299
v -0.315865 0.322490 -0.049688
v -0.302671 0.339986 -0.060112
v -0.345873 0.316408 -0.035986
v -0.335375 0.330777 -0.047335
v -0.366105 0.327805 -0.034111
v -0.353219 0.306675 -0.023294
v -0.372767 0.318796 -0.022090
v -0.393097 0.332132 -0.020880
v -0.386887 0.340441 -0.031577
v -0.413691 0.347524 -0.019640
v -0.407676 0.354792 -0.029270
v -0.433469 0.365800 -0.018500
v -0.427447 0.371938 -0.026701
v -0.451323 0.386916 -0.017832
v -0.445318 0.392293 -0.024697
v -0.465017 0.410354 -0.018352
v -0.459104 0.414900 -0.023997
v -0.453868 0.420480 -0.029046
v -0.473092 0.434486 -0.026760
v -0.468363 0.439275 -0.030821
v -0.485501 0.455075 -0.026130
v -0.479665 0.459846 -0.027709
v -0.475559 0.432772 -0.018946
v -0.489757 0.451303 -0.020602
v -0.481186 0.429431 -0.012092
v -0.492204 0.448556 -0.012468
v -0.484356 0.428041 -0.002604
v -0.470183 0.407071 -0.010455
v -0.472383 0.405899 -0.001678
v -0.471692 0.406783 0.007249
v -0.483486 0.428212 0.007259
v -0.468071 0.409390 0.015448
v -0.478419 0.430184 0.015764
v -0.456676 0.383915 0.008378
v -0.453554 0.387559 0.016409
v -0.448096 0.393321 0.023265
v -0.434907 0.367983 0.018889
v -0.430201 0.374951 0.026489
v -0.424540 0.384055 0.033504
v -0.442514 0.400074 0.029045
v -0.417164 0.397020 0.039564
v -0.435987 0.409588 0.034462
v -0.409890 0.412064 0.044626
v -0.428050 0.421771 0.038837
v -0.444671 0.434060 0.032670
v -0.419916 0.433322 0.041620
v -0.434119 0.445778 0.036706
v -0.445845 0.460417 0.031505
v -0.458737 0.449015 0.028740
v -0.454778 0.474593 0.026636
v -0.468871 0.465433 0.024640
v -0.459809 0.484098 0.021332
v -0.474164 0.476558 0.020187
v -0.483441 0.473512 0.021709
v -0.490682 0.469936 0.020067
v -0.495260 0.466272 0.015869
v -0.462718 0.490091 0.016086
v -0.440365 0.497027 0.026125
v -0.444633 0.503551 0.020144
v -0.421344 0.510162 0.030674
v -0.427276 0.518153 0.023302
v -0.431896 0.522939 0.015240
v -0.409932 0.532932 0.025745
v -0.415216 0.538051 0.016689
v -0.418738 0.541102 0.007402
v -0.397553 0.553036 0.018270
v -0.401137 0.556858 0.008243
v -0.402502 0.557307 -0.002235
v -0.380587 0.571065 0.009186
v -0.381854 0.571939 -0.001837
v -0.358721 0.585175 0.010675
v -0.359996 0.586442 -0.001483
v -0.334553 0.597859 0.011702
v -0.335722 0.599382 -0.000764
v -0.335115 0.596919 -0.013175
v -0.309960 0.611287 -0.000171
v -0.309345 0.608900 -0.012705
v -0.307268 0.602345 -0.024228
v -0.282334 0.618919 -0.012260
v -0.280509 0.611913 -0.024029
v -0.277718 0.601256 -0.034630
v -0.303775 0.591893 -0.034279
v -0.273708 0.584869 -0.045418
v -0.298532 0.576571 -0.044616
v -0.268854 0.564168 -0.054458
v -0.292106 0.557005 -0.053303
v -0.263920 0.541761 -0.062037
v -0.245094 0.569832 -0.055362
v -0.241788 0.546280 -0.062917
v -0.238398 0.520859 -0.068755
v -0.218988 0.549659 -0.063149
v -0.217551 0.523064 -0.068804
v -0.216586 0.495013 -0.073511
v -0.235972 0.493472 -0.073372
v -0.217876 0.465616 -0.076803
v -0.236040 0.465433 -0.076551
v -0.221824 0.435904 -0.078278
v -0.199528 0.465133 -0.076193
v -0.203400 0.434847 -0.078041
v -0.208067 0.405136 -0.077937
v -0.184523 0.434110 -0.077189
v -0.188469 0.404265 -0.077143
v -0.193060 0.375651 -0.075451
v -0.214223 0.375058 -0.075852
v -0.197898 0.349297 -0.071564
v -0.172584 0.374973 -0.074390
v -0.176152 0.348821 -0.070793
v -0.179209 0.326227 -0.064698
v -0.201920 0.328313 -0.065545
v -0.181504 0.305152 -0.056744
v -0.205101 0.308228 -0.057886
v -0.182749 0.285058 -0.045987
v -0.207325 0.287753 -0.047477
v -0.182928 0.268400 -0.033983
v -0.208365 0.270313 -0.035375
v -0.183079 0.257992 -0.020178
v -0.209224 0.259292 -0.021386
v -0.234237 0.262116 -0.022646
v -0.209911 0.253457 -0.005688
v -0.235043 0.256489 -0.006182
v -0.258434 0.260277 -0.006752
v -0.235201 0.257105 0.011015
v -0.258381 0.261467 0.010789
v -0.280219 0.266618 0.010286
v -0.280183 0.266109 -0.007019
v -0.300631 0.273573 0.009526
v -0.300325 0.273160 -0.007512
v -0.320251 0.281556 0.008667
v -0.319563 0.281228 -0.008070
v -0.339334 0.291292 0.007617
v -0.338144 0.291262 -0.008441
v -0.358649 0.301871 0.006368
v -0.357217 0.301944 -0.008839
v -0.378009 0.314184 0.004671
v -0.376687 0.314244 -0.008979
v -0.398372 0.327182 0.003096
v -0.397050 0.327524 -0.009213
v -0.419086 0.342561 0.001719
v -0.417695 0.343187 -0.009361
v -0.439527 0.360995 0.000381
v -0.437633 0.362109 -0.009412
v -0.457688 0.382399 -0.000700
v -0.455725 0.383527 -0.009758
v -0.438272 0.363252 0.010108
v -0.418027 0.345456 0.012476
v -0.414809 0.351549 0.022166
v -0.397222 0.330932 0.015045
v -0.394071 0.338223 0.025853
v -0.389266 0.348716 0.035061
v -0.410109 0.360228 0.030783
v -0.382896 0.363129 0.043452
v -0.403894 0.371978 0.038248
v -0.376155 0.380840 0.050738
v -0.396796 0.387642 0.045672
v -0.370402 0.399922 0.055649
v -0.390280 0.405079 0.050549
v -0.404505 0.424587 0.046636
v -0.356102 0.374904 0.055632
v -0.351538 0.394926 0.060902
v -0.335397 0.368891 0.059930
v -0.331009 0.389361 0.064937
v -0.327004 0.410694 0.066752
v -0.310079 0.383570 0.068595
v -0.306356 0.406598 0.070817
v -0.302661 0.429907 0.071873
v -0.323284 0.431579 0.067513
v -0.299536 0.454321 0.070886
v -0.319709 0.454415 0.067257
v -0.298453 0.478952 0.069053
v -0.318363 0.477298 0.065425
v -0.334822 0.475855 0.062504
v -0.320297 0.500219 0.062232
v -0.337544 0.495726 0.059563
v -0.326444 0.522474 0.056865
v -0.345332 0.514836 0.054646
v -0.335124 0.542858 0.050867
v -0.356137 0.533236 0.048097
v -0.343742 0.559500 0.041522
v -0.365908 0.548215 0.038589
v -0.350586 0.571538 0.031758
v -0.372698 0.559247 0.029541
v -0.392117 0.546289 0.027262
v -0.377398 0.566559 0.019554
v -0.355744 0.580316 0.021798
v -0.326864 0.582921 0.033428
v -0.331657 0.592507 0.023190
v -0.302177 0.592315 0.034488
v -0.306297 0.603063 0.024078
v -0.308899 0.609306 0.012473
v -0.279737 0.611645 0.024694
v -0.281948 0.618987 0.013030
v -0.282821 0.621262 0.000416
v -0.253581 0.625883 0.012583
v -0.254197 0.628474 0.000183
v -0.253885 0.625923 -0.011987
v -0.252788 0.619440 -0.023698
v -0.250908 0.608708 -0.034368
v -0.248237 0.591526 -0.045445
v -0.220455 0.573990 -0.055138
v -0.195676 0.576060 -0.053200
v -0.196297 0.551003 -0.061950
v -0.171504 0.576339 -0.052154
v -0.173771 0.551140 -0.061125
v -0.175815 0.524154 -0.067551
v -0.196725 0.523962 -0.068129
v -0.177859 0.495448 -0.072398
v -0.197211 0.495470 -0.073406
v -0.180887 0.464825 -0.075461
v -0.158226 0.495042 -0.071311
v -0.162093 0.464809 -0.074532
v -0.165733 0.433918 -0.076025
v -0.143002 0.464273 -0.073332
v -0.147100 0.433773 -0.074827
v -0.149978 0.403364 -0.074756
v -0.169044 0.403628 -0.076018
v -0.152441 0.374602 -0.073159
v -0.131157 0.403121 -0.073236
v -0.132536 0.374476 -0.071560
v -0.133663 0.348441 -0.067957
v -0.154793 0.348463 -0.069495
v -0.134579 0.325403 -0.061612
v -0.156772 0.325422 -0.063166
v -0.134633 0.304235 -0.053558
v -0.158016 0.304012 -0.055289
v -0.133672 0.285377 -0.043478
v -0.158291 0.284330 -0.044850
v -0.132134 0.271115 -0.031747
v -0.157538 0.268781 -0.032729
v -0.131011 0.262377 -0.018744
v -0.156721 0.259181 -0.019404
v -0.130523 0.258357 -0.004699
v -0.156521 0.254621 -0.004844
v -0.183484 0.252745 -0.005212
v -0.156782 0.255233 0.009975
v -0.183822 0.253841 0.010305
v -0.210126 0.254835 0.010630
v -0.184084 0.260974 0.024899
v -0.209982 0.262331 0.026143
v -0.234669 0.264951 0.027179
v -0.209793 0.275905 0.039588
v -0.233980 0.280044 0.041079
v -0.255616 0.286020 0.042457
v -0.257580 0.269243 0.027252
v -0.274735 0.291591 0.042517
v -0.278643 0.274442 0.026898
v -0.293248 0.296544 0.041269
v -0.298479 0.280943 0.025794
v -0.312701 0.301156 0.039060
v -0.317971 0.288118 0.024734
v -0.332697 0.308593 0.036198
v -0.337371 0.297375 0.022862
v -0.353147 0.317226 0.033244
v -0.357086 0.307356 0.020590
v -0.373442 0.327203 0.029507
v -0.376652 0.318942 0.017611
v -0.347167 0.331705 0.043961
v -0.368286 0.339542 0.039566
v -0.340753 0.349809 0.053129
v -0.361961 0.356091 0.048555
v -0.325635 0.325371 0.047921
v -0.318489 0.343973 0.057757
v -0.313727 0.362363 0.064131
v -0.296485 0.340466 0.061372
v -0.292751 0.356887 0.066371
v -0.290733 0.377928 0.071029
v -0.274043 0.355192 0.069078
v -0.273517 0.373904 0.072906
v -0.268593 0.397915 0.076099
v -0.286685 0.402669 0.074008
v -0.262791 0.425645 0.076991
v -0.282382 0.428098 0.074624
v -0.258477 0.454049 0.076260
v -0.278876 0.454370 0.073864
v -0.257308 0.482146 0.073672
v -0.277757 0.480641 0.071858
v -0.259008 0.509449 0.069376
v -0.280140 0.506463 0.067670
v -0.300699 0.503406 0.065386
v -0.284530 0.531711 0.062119
v -0.305759 0.527533 0.059643
v -0.290056 0.555084 0.054402
v -0.312617 0.549616 0.052688
v -0.296383 0.576118 0.045204
v -0.320202 0.568629 0.043509
v -0.267354 0.560114 0.056083
v -0.272184 0.582390 0.046777
v -0.276587 0.600264 0.035608
v -0.247150 0.587350 0.047611
v -0.250128 0.606384 0.035976
v -0.252197 0.618598 0.024531
v -0.221417 0.590857 0.047493
v -0.219821 0.566852 0.057523
v -0.196149 0.567588 0.056483
v -0.195771 0.592587 0.046241
v -0.243906 0.564201 0.057258
v -0.240681 0.538880 0.064679
v -0.218237 0.540655 0.065096
v -0.262851 0.535619 0.063598
v -0.238026 0.511704 0.070399
v -0.236868 0.483175 0.074643
v -0.217228 0.482785 0.075068
v -0.217094 0.512562 0.070729
v -0.197986 0.481185 0.074984
v -0.196400 0.512092 0.070426
v -0.196243 0.540900 0.064496
v -0.176437 0.511126 0.070017
v -0.174870 0.540146 0.064030
v -0.173557 0.567032 0.055748
v -0.153464 0.538551 0.063155
v -0.150866 0.565179 0.054815
v -0.148106 0.589791 0.045342
v -0.172122 0.592919 0.045472
v -0.144714 0.608755 0.033738
v -0.123026 0.585017 0.044430
v -0.118787 0.602184 0.034297
v -0.115971 0.611165 0.026316
v -0.142145 0.618344 0.024315
v -0.113489 0.618734 0.020068
v -0.139102 0.625811 0.017751
v -0.110650 0.628576 0.018206
v -0.136077 0.636105 0.016013
v -0.158956 0.641361 0.011878
v -0.131534 0.649635 0.015364
v -0.152946 0.656002 0.011918
v -0.165236 0.660540 0.008725
v -0.174135 0.645023 0.007982
v -0.173748 0.663831 0.005101
v -0.182467 0.647952 0.003922
v -0.180492 0.666055 0.001615
v -0.187922 0.649745 0.000686
v -0.177251 0.664055 -0.003746
v -0.185220 0.647771 -0.003118
v -0.169770 0.659902 -0.007383
v -0.178633 0.644098 -0.006438
v -0.161250 0.655753 -0.010095
v -0.169365 0.640395 -0.009526
v -0.146249 0.650485 -0.013701
v -0.152243 0.636448 -0.013660
v -0.122715 0.642774 -0.016505
v -0.128147 0.629994 -0.016896
v -0.132656 0.619802 -0.021187
v -0.103795 0.622322 -0.018750
v -0.107643 0.612898 -0.022854
v -0.111157 0.605414 -0.030979
v -0.137298 0.611389 -0.030053
v -0.116448 0.591582 -0.040118
v -0.142570 0.596682 -0.040812
v -0.122597 0.571438 -0.049826
v -0.147274 0.574643 -0.051148
v -0.128305 0.547863 -0.058176
v -0.151066 0.550121 -0.059834
v -0.133404 0.521693 -0.065054
v -0.154654 0.523473 -0.066536
v -0.138193 0.493843 -0.070164
v -0.112132 0.518954 -0.063539
v -0.118059 0.491627 -0.068356
v -0.123641 0.462781 -0.071950
v -0.098119 0.488351 -0.066419
v -0.104403 0.460278 -0.069964
v -0.109502 0.431467 -0.071717
v -0.128309 0.433039 -0.073523
v -0.112286 0.402560 -0.071467
v -0.090632 0.429179 -0.069362
v -0.093157 0.401487 -0.069332
v -0.093272 0.374358 -0.067120
v -0.112849 0.374441 -0.069419
v -0.091960 0.349291 -0.062660
v -0.112673 0.348669 -0.065897
v -0.090189 0.326800 -0.057225
v -0.112409 0.325964 -0.059620
v -0.088257 0.307532 -0.048642
v -0.111350 0.305353 -0.051903
v -0.085829 0.291490 -0.039376
v -0.109549 0.288117 -0.041519
v -0.083585 0.280098 -0.028328
v -0.107461 0.274873 -0.030327
v -0.082029 0.273196 -0.016491
v -0.105940 0.266865 -0.017793
v -0.081249 0.269912 -0.003986
v -0.105378 0.263305 -0.004397
v -0.081621 0.270720 0.008738
v -0.105778 0.264174 0.009254
v -0.130838 0.259188 0.009643
v -0.107065 0.269605 0.022290
v -0.132014 0.265199 0.023319
v -0.157836 0.262176 0.023885
v -0.133793 0.275569 0.035719
v -0.159179 0.273638 0.036640
v -0.184491 0.273650 0.038065
v -0.160098 0.290924 0.048701
v -0.184636 0.292232 0.050130
v -0.209226 0.295749 0.051849
v -0.183600 0.312751 0.060007
v -0.207825 0.316855 0.061402
v -0.231149 0.324425 0.063435
v -0.232526 0.302293 0.054155
v -0.252379 0.310323 0.055938
v -0.268485 0.315651 0.056029
v -0.285414 0.318939 0.054955
v -0.304491 0.321214 0.052006
v -0.205422 0.336179 0.067943
v -0.228890 0.341254 0.069018
v -0.200081 0.356836 0.073288
v -0.223337 0.358108 0.073351
v -0.193986 0.384502 0.076358
v -0.214715 0.384414 0.076791
v -0.234385 0.386895 0.076865
v -0.207764 0.416535 0.078268
v -0.226418 0.418906 0.078350
v -0.244365 0.422259 0.078388
v -0.251497 0.391984 0.077212
v -0.220840 0.451134 0.077801
v -0.239211 0.453043 0.077277
v -0.202464 0.448843 0.077299
v -0.188609 0.415144 0.077464
v -0.183798 0.447121 0.076656
v -0.179172 0.479695 0.074184
v -0.165009 0.446258 0.075707
v -0.160389 0.478659 0.073263
v -0.156499 0.509762 0.069095
v -0.141104 0.477368 0.072224
v -0.136242 0.507738 0.067837
v -0.131931 0.536002 0.061734
v -0.115763 0.504890 0.066338
v -0.110114 0.532450 0.060235
v -0.104002 0.557643 0.052212
v -0.127577 0.562115 0.053595
v -0.097866 0.579492 0.042735
v -0.080594 0.552115 0.049968
v -0.072869 0.573397 0.039537
v -0.067765 0.587662 0.030259
v -0.093169 0.595600 0.033111
v -0.066001 0.594711 0.023610
v -0.090919 0.604002 0.025853
v -0.064429 0.600751 0.018247
v -0.089040 0.610897 0.019571
v -0.061661 0.607907 0.016258
v -0.086191 0.619627 0.017556
v -0.057769 0.616231 0.016524
v -0.082200 0.629862 0.017334
v -0.106718 0.640477 0.017700
v -0.074974 0.644425 0.017062
v -0.098660 0.659411 0.017121
v -0.122779 0.671019 0.014452
v -0.086824 0.680117 0.016664
v -0.111007 0.694284 0.013593
v -0.130634 0.704208 0.011232
v -0.142654 0.678970 0.012011
v -0.142749 0.709927 0.009655
v -0.154440 0.683671 0.009350
v -0.151590 0.713858 0.006403
v -0.163045 0.686899 0.005910
v -0.158797 0.716879 0.002380
v -0.170115 0.689543 0.002068
v -0.154716 0.714395 -0.004784
v -0.166718 0.687448 -0.004159
v -0.146407 0.709757 -0.009027
v -0.158629 0.683043 -0.008334
v -0.136412 0.703930 -0.010755
v -0.149659 0.678225 -0.010854
v -0.121390 0.695487 -0.012643
v -0.135571 0.671565 -0.013302
v -0.100219 0.682034 -0.015614
v -0.113850 0.661271 -0.015964
v -0.079135 0.665810 -0.017468
v -0.091479 0.647729 -0.017985
v -0.099082 0.633271 -0.018359
v -0.070250 0.633036 -0.016876
v -0.076219 0.622177 -0.017022
v -0.080519 0.613005 -0.017485
v -0.054347 0.609294 -0.016028
v -0.058056 0.602038 -0.016565
v -0.060853 0.595607 -0.020507
v -0.083705 0.605485 -0.021928
v -0.062985 0.589770 -0.026780
v -0.086523 0.598511 -0.029567
v -0.066913 0.580034 -0.034401
v -0.091306 0.586167 -0.037858
v -0.074803 0.561774 -0.044791
v -0.098360 0.566995 -0.047917
v -0.083336 0.539743 -0.054507
v -0.105597 0.544293 -0.056574
v -0.091051 0.515073 -0.061585
v -0.061791 0.534210 -0.051883
v -0.070677 0.510144 -0.058475
v -0.078541 0.484237 -0.063986
v -0.050889 0.504460 -0.055302
v -0.059425 0.479510 -0.060880
v -0.066624 0.453260 -0.064566
v -0.085471 0.457016 -0.067302
v -0.071493 0.426418 -0.066613
v -0.047234 0.448923 -0.061674
v -0.052084 0.423583 -0.063519
v -0.054173 0.398380 -0.063223
v -0.073716 0.400045 -0.066490
v -0.053598 0.373871 -0.060624
v -0.073453 0.374296 -0.064129
v -0.050870 0.350642 -0.055644
v -0.071391 0.350025 -0.059304
v -0.046932 0.329653 -0.048260
v -0.068397 0.328333 -0.052971
v -0.042562 0.312305 -0.040367
v -0.065261 0.309815 -0.044799
v -0.039121 0.300300 -0.031363
v -0.062584 0.295886 -0.035532
v -0.036606 0.292476 -0.021827
v -0.060213 0.285877 -0.025632
v -0.034047 0.288348 -0.012217
v -0.058670 0.280142 -0.014780
v -0.030280 0.287873 -0.002590
v -0.057841 0.277616 -0.003556
v -0.033324 0.287251 0.006325
v -0.058251 0.278278 0.007804
v -0.035472 0.289372 0.015913
v -0.059421 0.281954 0.018986
v -0.083001 0.275468 0.020907
v -0.061421 0.288963 0.029848
v -0.084990 0.283707 0.032659
v -0.109098 0.279187 0.034408
v -0.087580 0.296600 0.043292
v -0.111429 0.293604 0.045450
v -0.135649 0.291542 0.047208
v -0.113269 0.312241 0.054878
v -0.136559 0.311235 0.056584
v -0.159942 0.311235 0.058240
v -0.136357 0.332811 0.064053
v -0.158656 0.332724 0.065677
v -0.181336 0.333547 0.067176
v -0.156506 0.356283 0.071078
v -0.177927 0.356405 0.072370
v -0.153592 0.383954 0.074006
v -0.173609 0.384117 0.075304
v -0.150192 0.414061 0.075104
v -0.169306 0.414362 0.076285
v -0.146121 0.445714 0.074492
v -0.131250 0.413562 0.073659
v -0.126998 0.444517 0.073262
v -0.121524 0.475282 0.070600
v -0.107942 0.442496 0.071469
v -0.101952 0.472204 0.068653
v -0.095215 0.500915 0.064401
v -0.082609 0.468415 0.066176
v -0.075012 0.496032 0.061723
v -0.066800 0.521999 0.055159
v -0.088205 0.527761 0.058282
v -0.057548 0.545483 0.046736
v -0.045881 0.515342 0.052296
v -0.035175 0.537724 0.043052
v -0.047034 0.566379 0.035350
v -0.041205 0.578337 0.025107
v -0.018461 0.574065 0.010536
v -0.039980 0.584418 0.019195
v -0.018765 0.578795 0.007893
v -0.039669 0.588863 0.014000
v -0.017547 0.584275 0.008289
v -0.037598 0.594626 0.012744
v -0.015670 0.590466 0.008717
v -0.034289 0.601628 0.013478
v -0.012524 0.598318 0.009618
v -0.029335 0.610575 0.014262
v -0.051666 0.627185 0.016914
v -0.019666 0.624289 0.015165
v -0.040174 0.643846 0.017174
v -0.062880 0.662977 0.016586
v -0.005190 0.637973 0.015442
v -0.005143 0.610141 0.010724
v 0.007658 0.622885 0.011053
v 0.023316 0.633051 0.010658
v 0.012220 0.648688 0.015044
v 0.040987 0.641034 0.010170
v 0.032599 0.656228 0.013845
v 0.021757 0.678684 0.016395
v 0.050918 0.662893 0.012163
v 0.041179 0.683388 0.013720
v 0.037904 0.703283 0.014126
v 0.013423 0.701942 0.016929
v 0.041474 0.722258 0.013975
v 0.018557 0.723446 0.016363
v -0.004453 0.745621 0.016228
v 0.005491 0.765281 0.015886
v -0.020871 0.775067 0.015077
v -0.032672 0.755336 0.015619
v -0.039466 0.792675 0.012102
v -0.053250 0.773867 0.012352
v -0.067592 0.754652 0.012577
v -0.066788 0.787630 0.009864
v -0.082843 0.768232 0.010109
v -0.099466 0.748408 0.010321
v -0.082545 0.735564 0.012772
v -0.116419 0.727407 0.010597
v -0.097554 0.715533 0.013049
v -0.109703 0.756085 0.008623
v -0.127912 0.734585 0.009030
v -0.117845 0.762728 0.005602
v -0.136606 0.740157 0.006141
v -0.124827 0.768673 0.000939
v -0.143760 0.744837 0.002300
v -0.118722 0.763363 -0.005183
v -0.138903 0.741035 -0.005159
v -0.110572 0.756629 -0.008427
v -0.130404 0.734975 -0.008745
v -0.100917 0.749017 -0.010160
v -0.120190 0.727689 -0.010272
v -0.084723 0.736589 -0.012474
v -0.104670 0.716949 -0.012336
v -0.083482 0.701176 -0.015597
v -0.063311 0.683565 -0.016777
v -0.028049 0.678061 -0.017294
v -0.045137 0.663866 -0.016955
v -0.059723 0.647484 -0.016839
v -0.027825 0.642878 -0.017031
v -0.041427 0.628423 -0.016743
v -0.049340 0.617211 -0.016306
v -0.023647 0.610812 -0.013503
v -0.029292 0.602635 -0.012912
v -0.033298 0.596126 -0.012361
v -0.014731 0.592194 -0.008808
v -0.017826 0.586557 -0.008622
v -0.019555 0.581164 -0.008615
v -0.036306 0.590450 -0.013031
v -0.020482 0.576045 -0.010935
v -0.038357 0.585523 -0.016839
v -0.039793 0.580212 -0.022572
v -0.042648 0.572678 -0.029690
v -0.030216 0.548733 -0.037133
v -0.051608 0.555884 -0.041184
v -0.041324 0.527524 -0.048747
v -0.010599 0.537561 -0.034865
v -0.020710 0.518751 -0.045316
v -0.030763 0.497317 -0.052312
v 0.001440 0.507084 -0.041777
v -0.009645 0.488443 -0.049283
v -0.019722 0.467095 -0.054481
v -0.039964 0.473915 -0.057677
v -0.027474 0.444039 -0.058304
v 0.000849 0.458829 -0.050805
v -0.007479 0.438092 -0.054675
v -0.012896 0.415929 -0.056328
v -0.032469 0.420197 -0.060015
v -0.014925 0.393308 -0.055792
v -0.034518 0.396240 -0.059709
v -0.013907 0.371290 -0.052685
v -0.033720 0.372918 -0.056810
v -0.010234 0.350690 -0.046773
v -0.030461 0.350859 -0.051493
v -0.004364 0.332540 -0.038511
v -0.025493 0.330947 -0.043316
v 0.001995 0.319492 -0.029911
v -0.019844 0.315746 -0.035241
v 0.007229 0.312336 -0.019599
v -0.015175 0.305886 -0.025803
v 0.011048 0.309542 -0.011909
v -0.011095 0.301122 -0.016384
v 0.023452 0.318775 -0.017068
v 0.026448 0.316728 -0.011189
v 0.029921 0.313093 -0.007050
v 0.031794 0.306739 -0.008626
v 0.041044 0.324161 -0.011064
v 0.043566 0.317612 -0.010240
v 0.045710 0.309938 -0.011481
v 0.047621 0.299910 -0.012493
v 0.033736 0.297316 -0.009973
v 0.060821 0.323912 -0.011220
v 0.063423 0.316340 -0.012423
v 0.066559 0.305824 -0.013757
v 0.071708 0.286217 -0.015292
v 0.049370 0.281923 -0.013936
v 0.080150 0.324158 -0.011377
v 0.084959 0.312669 -0.012622
v 0.092793 0.293395 -0.014468
v 0.100309 0.272424 -0.015949
v 0.075611 0.264851 -0.016897
v 0.096006 0.317887 -0.011326
v 0.106085 0.300081 -0.012558
v 0.116993 0.280354 -0.013711
v 0.126772 0.259314 -0.014310
v 0.106397 0.251261 -0.017162
v 0.113579 0.304975 -0.010794
v 0.125985 0.285932 -0.011226
v 0.138208 0.265437 -0.011386
v 0.149696 0.243900 -0.011342
v 0.135473 0.237850 -0.014610
v 0.133052 0.290902 -0.008395
v 0.146126 0.270271 -0.008134
v 0.158731 0.248052 -0.008167
v 0.168479 0.223511 -0.007943
v 0.158470 0.220483 -0.010891
v 0.152881 0.274482 -0.004065
v 0.166259 0.251855 -0.004075
v 0.177055 0.226181 -0.004241
v 0.182223 0.198323 -0.004276
v 0.173529 0.197370 -0.008075
v 0.165695 0.251658 0.004514
v 0.176369 0.226006 0.004589
v 0.181432 0.198267 0.004381
v 0.180846 0.171014 0.004197
v 0.181722 0.170939 -0.004166
v 0.167657 0.223259 0.008166
v 0.172624 0.197257 0.008339
v 0.172070 0.171469 0.008244
v 0.168017 0.147280 0.007654
v 0.176594 0.145810 0.003707
v 0.161519 0.195754 0.010978
v 0.160960 0.171587 0.010611
v 0.157925 0.148747 0.010267
v 0.153449 0.128029 0.009664
v 0.162604 0.126462 0.007250
v 0.143530 0.170904 0.013887
v 0.142154 0.149547 0.013028
v 0.140303 0.128970 0.012140
v 0.138819 0.108760 0.011082
v 0.150118 0.108415 0.008842
v 0.117195 0.147615 0.015979
v 0.118815 0.127352 0.014757
v 0.121479 0.106784 0.013148
v 0.125701 0.086484 0.011100
v 0.139094 0.088994 0.009623
v 0.092496 0.120715 0.015006
v 0.098876 0.099916 0.013189
v 0.107858 0.079227 0.011342
v 0.120475 0.060110 0.009427
v 0.131911 0.066524 0.008885
v 0.080264 0.090166 0.011050
v 0.094828 0.070279 0.009782
v 0.112531 0.052967 0.008495
v 0.131943 0.038072 0.007497
v 0.135833 0.043330 0.007701
v 0.088165 0.063734 0.007478
v 0.107952 0.047330 0.006965
v 0.128667 0.033228 0.005571
v 0.148973 0.020870 0.004371
v 0.151156 0.024933 0.006052
v 0.104116 0.041920 0.004317
v 0.125735 0.028382 0.003344
v 0.146975 0.016660 0.002645
v 0.167973 0.007532 0.002033
v 0.169156 0.010973 0.003417
v 0.123064 0.023669 0.001212
v 0.145277 0.012775 0.001034
v 0.166872 0.004129 0.000810
v 0.187187 0.000000 0.000496
v 0.187644 0.002639 0.001918
v 0.145731 0.013807 -0.001402
v 0.167344 0.005601 -0.001273
v 0.187351 0.001400 -0.001450
v 0.203507 0.001369 -0.001246
v 0.203325 0.000370 0.000057
v 0.168628 0.009227 -0.002750
v 0.187794 0.004179 -0.002376
v 0.203668 0.002818 -0.002132
v 0.213585 0.002261 -0.001162
v 0.213389 0.001458 -0.000586
v 0.188355 0.006624 -0.003131
v 0.203839 0.004447 -0.002469
v 0.213925 0.003153 -0.001282
v 0.218184 0.002215 -0.000585
v 0.204014 0.006163 -0.002808
v 0.214296 0.004129 -0.001341
v 0.218474 0.002902 -0.000651
v 0.220519 0.001453 -0.000171
v 0.214548 0.004996 -0.001402
v 0.218952 0.003495 -0.000560
v 0.214856 0.006051 -0.001283
v 0.219603 0.004020 -0.000283
v 0.215221 0.007102 -0.000888
v 0.220393 0.004494 0.000089
v 0.215696 0.008155 -0.000463
v 0.221440 0.004977 0.000871
v 0.221143 0.004780 0.001505
v 0.215557 0.008767 0.002035
v 0.215236 0.007607 0.002066
v 0.220619 0.004306 0.001436
v 0.214902 0.006489 0.002097
v 0.220090 0.003828 0.001357
v 0.214608 0.005394 0.002018
v 0.219596 0.003348 0.001269
v 0.220765 0.002348 0.000665
v 0.220689 0.001957 0.000508
v 0.219830 0.001708 0.000577
v 0.217937 0.001466 0.000576
v 0.213478 0.001398 0.000491
v 0.213269 0.000861 -0.000013
v 0.203366 0.001355 0.001325
v 0.203661 0.002957 0.001910
v 0.188183 0.005233 0.002887
v 0.204036 0.004513 0.002359
v 0.188879 0.007751 0.003625
v 0.170453 0.014361 0.004782
v 0.189742 0.009966 0.003937
v 0.172044 0.017393 0.005514
v 0.153804 0.029148 0.006620
v 0.173621 0.020181 0.005002
v 0.156511 0.032426 0.006274
v 0.141946 0.048232 0.007381
v 0.160174 0.035724 0.005889
v 0.148352 0.051658 0.006874
v 0.141854 0.069851 0.007635
v 0.154259 0.053873 0.005574
v 0.149491 0.071249 0.006450
v 0.148647 0.089372 0.007714
v 0.156417 0.072011 0.004853
v 0.156127 0.089222 0.005699
v 0.158296 0.107402 0.006674
v 0.163596 0.088908 0.003065
v 0.166031 0.106187 0.003442
v 0.170663 0.124550 0.003502
v 0.166527 0.106080 -0.003005
v 0.171089 0.124452 -0.003467
v 0.177103 0.145738 -0.003669
v 0.163283 0.126307 -0.006972
v 0.168801 0.147170 -0.007440
v 0.173141 0.171393 -0.008070
v 0.158686 0.148699 -0.010125
v 0.162245 0.171623 -0.010347
v 0.162796 0.195904 -0.010740
v 0.145620 0.171141 -0.013526
v 0.145392 0.193349 -0.014161
v 0.142027 0.215798 -0.015109
v 0.118086 0.188707 -0.017668
v 0.115659 0.209331 -0.017921
v 0.111640 0.230155 -0.018107
v 0.084461 0.203249 -0.018747
v 0.082046 0.223500 -0.018669
v 0.079107 0.244064 -0.018249
v 0.052342 0.219291 -0.016446
v 0.051415 0.240151 -0.015890
v 0.050317 0.261048 -0.015207
v 0.031068 0.239438 -0.012119
v 0.032448 0.260946 -0.011834
v 0.034278 0.281439 -0.011347
v 0.021146 0.262080 -0.008752
v 0.024311 0.281926 -0.008644
v 0.012493 0.263211 -0.004029
v 0.015641 0.282960 -0.004441
v 0.012175 0.263300 0.004218
v 0.015421 0.283033 0.004196
v 0.020695 0.262190 0.008616
v 0.023916 0.281931 0.008497
v 0.031665 0.261026 0.011641
v 0.033480 0.281307 0.011143
v 0.033066 0.296789 0.009876
v 0.048090 0.281775 0.013793
v 0.046354 0.299174 0.012375
v 0.044617 0.309379 0.011371
v 0.031169 0.306210 0.008499
v 0.042252 0.317310 0.010217
v 0.028529 0.313497 0.007672
v 0.013035 0.308950 0.007912
v 0.024482 0.316916 0.013406
v 0.009452 0.310165 0.015119
v -0.013371 0.302507 0.020276
v -0.009657 0.299349 0.010906
v -0.037639 0.294617 0.026022
v -0.017534 0.309609 0.030144
v -0.040945 0.304478 0.034983
v -0.064204 0.300446 0.039283
v -0.044854 0.318449 0.043524
v -0.067194 0.316088 0.048273
v -0.090137 0.314067 0.051975
v -0.070344 0.335975 0.055899
v -0.092031 0.334484 0.059745
v -0.114154 0.333424 0.062151
v -0.093624 0.357718 0.064526
v -0.114401 0.356924 0.067388
v -0.135381 0.356421 0.069638
v -0.114206 0.383666 0.070510
v -0.133869 0.383847 0.072393
v -0.112231 0.412595 0.071800
v -0.094435 0.383602 0.068098
v -0.093014 0.411303 0.069915
v -0.089012 0.439850 0.068762
v -0.073457 0.409569 0.066907
v -0.069712 0.436754 0.065987
v -0.063326 0.464017 0.063336
v -0.050088 0.433161 0.063083
v -0.043728 0.458915 0.060322
v -0.035126 0.483854 0.055425
v -0.055264 0.490463 0.058533
v -0.024972 0.507069 0.049271
v -0.014628 0.475985 0.052404
v -0.003677 0.496896 0.045691
v 0.007988 0.514421 0.037023
v -0.013683 0.527857 0.039756
v 0.017348 0.526632 0.025728
v 0.028169 0.498887 0.033117
v 0.035984 0.508199 0.023488
v 0.041328 0.514296 0.013041
v 0.022444 0.534668 0.012619
v 0.043582 0.517065 0.002436
v 0.024300 0.537760 0.001078
v 0.006701 0.555369 -0.001364
v 0.022278 0.535810 -0.009892
v 0.000996 0.565827 -0.001930
v 0.001012 0.569239 -0.001737
v 0.001593 0.569167 0.000624
v -0.002834 0.569842 -0.003466
v -0.001997 0.573536 -0.003372
v 0.002001 0.572235 -0.001566
v -0.008990 0.571184 -0.006504
v -0.008462 0.575870 -0.005623
v -0.006950 0.580231 -0.005772
v -0.000752 0.577248 -0.003559
v 0.000768 0.582017 -0.004002
v 0.005669 0.579475 -0.001650
v 0.003765 0.575403 -0.001680
v -0.005414 0.585630 -0.006393
v -0.002044 0.592982 -0.006895
v 0.004031 0.588518 -0.004297
v -0.010391 0.599398 -0.009511
v -0.001854 0.610875 -0.010373
v 0.005193 0.602819 -0.007863
v -0.012497 0.623727 -0.014105
v 0.001898 0.634975 -0.013964
v 0.011236 0.621866 -0.010362
v -0.012288 0.655048 -0.017131
v 0.004801 0.663410 -0.016941
v 0.017986 0.643586 -0.013337
v -0.009269 0.687235 -0.017658
v 0.013542 0.692459 -0.016963
v 0.024558 0.670272 -0.016156
v 0.042426 0.676375 -0.013626
v 0.054248 0.657982 -0.011378
v 0.036399 0.650220 -0.012380
v 0.033381 0.695936 -0.014711
v 0.047440 0.698462 -0.012533
v 0.053992 0.681689 -0.011595
v 0.030734 0.715568 -0.015253
v 0.046890 0.715163 -0.012943
v 0.054811 0.714711 -0.010820
v 0.054137 0.699810 -0.010778
v 0.052412 0.732445 -0.012258
v 0.061747 0.729838 -0.010372
v 0.068025 0.727359 -0.008372
v 0.061357 0.714091 -0.008751
v 0.064482 0.747344 -0.010060
v 0.071523 0.742241 -0.008782
v 0.076189 0.737403 -0.007421
v 0.080599 0.732352 -0.005420
v 0.074030 0.724471 -0.005788
v 0.079517 0.749318 -0.006964
v 0.082788 0.743426 -0.005981
v 0.085588 0.737530 -0.004242
v 0.087831 0.733480 -0.000553
v 0.084336 0.728907 -0.000727
v 0.088699 0.746684 -0.003973
v 0.086340 0.753857 -0.004765
v 0.090767 0.756475 0.001338
v 0.092639 0.747818 0.000519
v 0.085956 0.753586 0.004879
v 0.088556 0.746411 0.004201
v 0.080036 0.748723 0.006881
v 0.083019 0.742831 0.005884
v 0.085572 0.737055 0.003964
v 0.077387 0.737090 0.007053
v 0.081385 0.732062 0.004785
v 0.071024 0.728559 0.007659
v 0.076068 0.724539 0.004423
v 0.078652 0.721813 -0.001532
v 0.069540 0.714387 0.004215
v 0.072425 0.712469 -0.001365
v 0.067719 0.713274 -0.005574
v 0.069995 0.703291 -0.000710
v 0.065940 0.702527 -0.005301
v 0.060567 0.701270 -0.008715
v 0.069302 0.692664 -0.004833
v 0.064949 0.689227 -0.007845
v 0.059607 0.685295 -0.009896
v 0.077310 0.685271 -0.004110
v 0.078634 0.689916 -0.000474
v 0.088326 0.689012 -0.000376
v 0.087918 0.681903 -0.004014
v 0.072258 0.695392 -0.000150
v 0.068797 0.693967 0.004319
v 0.076128 0.685875 0.003866
v 0.066589 0.703802 0.004338
v 0.061535 0.704069 0.008247
v 0.064026 0.691854 0.007953
v 0.064289 0.716705 0.007948
v 0.058433 0.718876 0.010129
v 0.055393 0.704067 0.010340
v 0.066048 0.732287 0.009500
v 0.060189 0.735874 0.010928
v 0.052280 0.720586 0.011944
v 0.073715 0.742113 0.008385
v 0.068508 0.746873 0.009296
v 0.074755 0.754178 0.007721
v 0.080065 0.760526 0.005282
v 0.071187 0.766551 0.006228
v 0.061382 0.776186 0.007484
v 0.083364 0.765084 0.000081
v 0.074752 0.772125 0.000336
v 0.065630 0.781043 0.000175
v 0.061162 0.792569 0.000314
v 0.056263 0.790755 0.007354
v 0.069421 0.768522 -0.006303
v 0.060053 0.779523 -0.007212
v 0.056402 0.792436 -0.007189
v 0.057131 0.806560 -0.006622
v 0.060921 0.805783 0.000110
v 0.051156 0.776702 -0.010865
v 0.048031 0.791765 -0.010822
v 0.049612 0.807583 -0.010255
v 0.054112 0.823418 -0.009147
v 0.060657 0.821106 -0.005697
v 0.037441 0.791269 -0.013320
v 0.040885 0.808709 -0.012473
v 0.046194 0.826171 -0.011192
v 0.055243 0.842425 -0.009347
v 0.061703 0.838643 -0.007451
v 0.026470 0.811471 -0.014097
v 0.036158 0.830148 -0.012756
v 0.048093 0.847011 -0.010766
v 0.063041 0.861056 -0.008732
v 0.068037 0.856602 -0.007737
v 0.024291 0.837445 -0.012844
v 0.040499 0.853063 -0.010530
v 0.058101 0.866075 -0.008530
v 0.075856 0.877114 -0.007432
v 0.079116 0.872836 -0.007072
v 0.033994 0.860189 -0.009596
v 0.054315 0.871472 -0.007810
v 0.073415 0.881274 -0.006906
v 0.091605 0.890532 -0.005960
v 0.093452 0.887116 -0.006163
v 0.051543 0.876751 -0.007146
v 0.071256 0.885985 -0.006267
v 0.089970 0.894387 -0.005712
v 0.108849 0.902080 -0.005076
v 0.109984 0.899464 -0.005038
v 0.069432 0.890603 -0.004864
v 0.088726 0.898116 -0.004614
v 0.107846 0.905052 -0.004292
v 0.126359 0.911514 -0.003236
v 0.127212 0.909537 -0.003658
v 0.087726 0.901701 -0.002921
v 0.107087 0.907644 -0.002737
v 0.125685 0.913329 -0.002146
v 0.141954 0.917436 -0.002208
v 0.106692 0.909163 -0.000151
v 0.125116 0.915021 -0.000078
v 0.107065 0.907709 0.002345
v 0.125682 0.913206 0.001838
v 0.107813 0.905158 0.004209
v 0.126345 0.911333 0.003172
v 0.142103 0.917382 0.002054
v 0.150883 0.922211 0.000970
v 0.127171 0.909364 0.003756
v 0.142672 0.915854 0.002517
v 0.150480 0.919853 0.001635
v 0.143353 0.914315 0.002775
v 0.150907 0.918211 0.002061
v 0.144066 0.912706 0.002766
v 0.151547 0.916730 0.002199
v 0.155516 0.919331 0.001733
v 0.159454 0.921711 0.001155
v 0.152245 0.915423 0.002145
v 0.156366 0.918170 0.001684
v 0.160590 0.920790 0.001012
v 0.162922 0.922047 0.000660
v 0.162518 0.923148 0.000686
v 0.157211 0.917032 0.001571
v 0.161494 0.919867 0.000896
v 0.163394 0.921033 0.000565
v 0.162567 0.919291 0.000503
v 0.164345 0.920372 0.000274
v 0.164980 0.920150 -0.000341
v 0.162530 0.919164 -0.000729
v 0.161327 0.919818 -0.000949
v 0.163474 0.920982 -0.000669
v 0.160344 0.920710 -0.001065
v 0.162716 0.921985 -0.000669
v 0.159200 0.921662 -0.001118
v 0.162434 0.923229 -0.000588
v 0.164469 0.924576 -0.000180
v 0.164302 0.924017 0.000331
v 0.156110 0.918246 -0.001775
v 0.155028 0.919294 -0.001752
v 0.151981 0.915605 -0.002197
v 0.151341 0.916934 -0.002189
v 0.150793 0.918350 -0.002055
v 0.143889 0.912903 -0.002764
v 0.143171 0.914461 -0.002799
v 0.142517 0.916022 -0.002561
v 0.150285 0.919865 -0.001637
v 0.150286 0.921595 -0.000927
v 0.128091 0.907710 -0.003766
v 0.129008 0.905773 -0.003536
v 0.111299 0.896919 -0.004668
v 0.129913 0.903839 -0.003228
v 0.112579 0.894560 -0.004228
v 0.095582 0.883950 -0.005524
v 0.114147 0.891884 -0.003647
v 0.098181 0.880804 -0.004800
v 0.082754 0.868913 -0.006245
v 0.101169 0.877522 -0.004023
v 0.086501 0.865134 -0.005249
v 0.072931 0.852474 -0.006449
v 0.090177 0.861459 -0.003015
v 0.077399 0.848673 -0.003556
v 0.067194 0.835351 -0.004701
v 0.079704 0.846726 0.000392
v 0.069958 0.833560 0.000175
v 0.064989 0.819830 -0.000154
v 0.066625 0.835636 0.004870
v 0.060436 0.820922 0.005817
v 0.056557 0.805911 0.006730
v 0.053369 0.823093 0.009392
v 0.048734 0.806365 0.010492
v 0.047548 0.788506 0.010971
v 0.038855 0.807097 0.012902
v 0.035345 0.786749 0.013741
v 0.022577 0.810463 0.014226
v 0.013274 0.787999 0.015071
v 0.005487 0.819358 0.014201
v -0.008700 0.796727 0.014673
v -0.007187 0.831183 0.012058
v -0.024535 0.811695 0.011988
v -0.013563 0.840043 0.009648
v -0.032892 0.823093 0.009894
v -0.050665 0.805924 0.009666
v -0.037814 0.830988 0.007626
v -0.057400 0.814750 0.007058
v -0.075010 0.796230 0.007374
v -0.063138 0.822616 0.004234
v -0.082006 0.803662 0.004417
v -0.099693 0.783550 0.005013
v -0.092029 0.776446 0.008021
v -0.086951 0.809069 -0.001049
v -0.106153 0.789686 -0.000128
v -0.080710 0.803337 -0.004711
v -0.099236 0.783740 -0.005070
v -0.073272 0.796371 -0.007666
v -0.091178 0.776880 -0.008110
v -0.063832 0.788056 -0.010046
v -0.081078 0.768891 -0.010192
v -0.047512 0.805642 -0.010068
v -0.034823 0.791853 -0.012748
v -0.055323 0.814397 -0.007534
v -0.035949 0.830396 -0.008084
v -0.030090 0.822455 -0.010230
v -0.061723 0.821780 -0.004662
v -0.040927 0.837141 -0.005030
v -0.020476 0.852090 -0.004546
v -0.016295 0.845954 -0.007466
v -0.066953 0.827935 -0.001504
v -0.045188 0.843085 -0.001043
v -0.024073 0.857203 -0.001058
v -0.002335 0.872079 -0.000649
v 0.000791 0.866783 -0.003832
v -0.042278 0.838129 0.004362
v -0.021582 0.853016 0.003990
v 0.000050 0.867641 0.003553
v 0.023664 0.879048 0.003108
v 0.022081 0.883007 -0.000682
v -0.017522 0.846425 0.007082
v 0.003615 0.861094 0.005893
v 0.026361 0.872981 0.005335
v 0.048781 0.882807 0.005071
v 0.046633 0.888257 0.002663
v 0.007197 0.854784 0.008113
v 0.029428 0.867092 0.007392
v 0.051079 0.877517 0.007013
v 0.071051 0.886512 0.006170
v 0.069326 0.890969 0.004717
v 0.033130 0.861045 0.009302
v 0.053826 0.872231 0.007760
v 0.073159 0.881767 0.006825
v 0.091650 0.890736 0.005886
v 0.090046 0.894679 0.005604
v 0.057410 0.866869 0.008451
v 0.075639 0.877460 0.007357
v 0.093443 0.887338 0.006146
v 0.111359 0.896915 0.004658
v 0.110051 0.899451 0.005046
v 0.078704 0.873311 0.007144
v 0.095482 0.884132 0.005580
v 0.112664 0.894514 0.004216
v 0.129997 0.903549 0.003169
v 0.129032 0.905538 0.003507
v 0.097949 0.881017 0.004858
v 0.114204 0.891891 0.003629
v 0.131004 0.901700 0.002757
v 0.145433 0.909801 0.002193
v 0.144783 0.911148 0.002603
v 0.115826 0.889685 0.002841
v 0.132048 0.899989 0.002196
v 0.146210 0.908287 0.001696
v 0.153668 0.912886 0.001490
v 0.153018 0.914139 0.001960
v 0.133037 0.898365 0.001131
v 0.146910 0.907102 0.000766
v 0.154283 0.911949 0.000542
v 0.157942 0.915916 0.001125
v 0.147444 0.906323 -0.000336
v 0.154881 0.911052 -0.000379
v 0.146776 0.907167 -0.001209
v 0.154163 0.912104 -0.001080
v 0.146010 0.908528 -0.001896
v 0.153499 0.913132 -0.001745
v 0.157763 0.916104 -0.001420
v 0.152744 0.914397 -0.002013
v 0.157016 0.917206 -0.001642
v 0.145289 0.910002 -0.002377
v 0.144624 0.911361 -0.002698
v 0.130889 0.901968 -0.002850
v 0.131861 0.900346 -0.002390
v 0.115850 0.889506 -0.002936
v 0.132975 0.898433 -0.001585
v 0.117833 0.887263 -0.001852
v 0.103918 0.874534 -0.002067
v 0.119046 0.885929 0.000023
v 0.105317 0.873102 0.000319
v 0.092124 0.859570 0.000372
v 0.103426 0.875075 0.001986
v 0.089810 0.861866 0.003463
v 0.076770 0.849224 0.003975
v 0.086237 0.865420 0.005364
v 0.072426 0.852900 0.006714
v 0.060996 0.838928 0.007742
v 0.067463 0.857105 0.007865
v 0.054270 0.842842 0.009585
v 0.044727 0.825809 0.011510
v 0.046807 0.847583 0.010834
v 0.033910 0.830254 0.012919
v 0.038942 0.854111 0.010451
v 0.021244 0.838615 0.012880
v 0.012037 0.847973 0.010571
v 0.062227 0.861720 0.008769
v 0.082451 0.869235 0.006317
v 0.100952 0.877734 0.004021
v 0.117700 0.887416 0.001441
v 0.133635 0.897022 -0.000249
v 0.128069 0.907510 0.003761
v 0.108893 0.902090 0.005032
v 0.088817 0.898348 0.004551
v 0.087678 0.902011 0.002731
v 0.067847 0.895685 0.002615
v 0.087075 0.904285 -0.000263
v 0.066894 0.898938 -0.000539
v 0.045443 0.891481 -0.000864
v 0.067952 0.895189 -0.002835
v 0.047079 0.887162 -0.003148
v 0.024175 0.877976 -0.003527
v 0.049166 0.881995 -0.005415
v 0.026913 0.872150 -0.005665
v 0.004473 0.860442 -0.006181
v 0.029996 0.866378 -0.007660
v 0.008260 0.854394 -0.008351
v -0.011694 0.839265 -0.010022
v 0.014095 0.846878 -0.011077
v -0.003928 0.830108 -0.012610
v -0.020453 0.810849 -0.012576
v 0.009709 0.819061 -0.014256
v -0.003256 0.797700 -0.014587
v -0.012314 0.776590 -0.014919
v 0.019695 0.791891 -0.014767
v 0.061333 0.763780 -0.009930
v 0.079345 0.761289 -0.005438
v 0.072804 0.755314 -0.008066
v 0.049199 0.703879 0.012155
v 0.052303 0.686844 0.011867
v 0.058069 0.689106 0.010138
v 0.087049 0.681817 0.003831
v 0.102644 0.684366 0.003104
v 0.100116 0.690573 -0.000383
v 0.105274 0.678639 0.004577
v 0.120166 0.689208 0.003625
v 0.116904 0.693185 0.002512
v 0.106923 0.674268 0.005026
v 0.123965 0.685648 0.003529
v 0.133865 0.697199 0.002621
v 0.130159 0.699366 0.002819
v 0.112341 0.669051 0.004442
v 0.128090 0.682375 0.003089
v 0.117037 0.664501 0.003591
v 0.098259 0.650569 0.004519
v 0.102820 0.645991 0.000274
v 0.120416 0.661257 -0.000087
v 0.099411 0.650455 -0.004348
v 0.117059 0.664723 -0.003601
v 0.127564 0.682733 -0.003136
v 0.136234 0.694729 -0.002218
v 0.123877 0.686091 -0.003558
v 0.133015 0.697002 -0.002632
v 0.138257 0.704230 -0.001994
v 0.120431 0.689250 -0.003658
v 0.129926 0.699384 -0.002776
v 0.135641 0.706432 -0.002037
v 0.140474 0.712692 -0.001312
v 0.126586 0.702072 -0.002105
v 0.117107 0.693179 -0.002827
v 0.113752 0.697463 -0.000556
v 0.123723 0.704913 -0.000603
v 0.126847 0.702238 0.001718
v 0.136387 0.707439 0.001981
v 0.141036 0.714927 0.001082
v 0.139630 0.705989 0.001844
v 0.102520 0.684266 -0.003334
v 0.086222 0.634779 0.001561
v 0.084619 0.638601 -0.004681
v 0.069676 0.625930 0.001828
v 0.068331 0.629452 -0.004824
v 0.064730 0.637690 -0.007678
v 0.051660 0.621536 -0.004609
v 0.047718 0.629502 -0.007848
v 0.043311 0.638169 -0.009479
v 0.060940 0.646297 -0.009120
v 0.031783 0.621567 -0.007931
v 0.026385 0.630573 -0.009829
v 0.017207 0.613277 -0.008002
v 0.036148 0.614039 -0.004463
v 0.022183 0.606172 -0.004552
v 0.010979 0.596679 -0.004682
v 0.024871 0.602157 0.001203
v 0.014865 0.592737 0.000851
v 0.008748 0.585076 -0.001830
v 0.010022 0.596861 0.004770
v 0.004760 0.587274 0.003334
v 0.003029 0.580574 0.002414
v 0.002478 0.575809 0.001605
v -0.002518 0.591534 0.006634
v -0.004196 0.584098 0.005614
v -0.004762 0.578666 0.004632
v -0.004787 0.574173 0.003802
v 0.002011 0.572173 0.000939
v -0.004082 0.570125 0.003187
v 0.003396 0.602383 0.008058
v 0.020472 0.607433 0.005228
v 0.014907 0.614163 0.008529
v 0.034353 0.616107 0.005567
v 0.029673 0.623499 0.008506
v 0.050099 0.624012 0.005784
v 0.046030 0.631690 0.008312
v 0.066316 0.631887 0.006087
v 0.062333 0.639792 0.008131
v 0.058210 0.648741 0.009705
v 0.082122 0.640140 0.005778
v 0.053289 0.618001 0.001670
v 0.038009 0.610322 0.001571
v 0.042575 0.516196 -0.008261
v 0.038439 0.511847 -0.018527
v 0.018185 0.531085 -0.020859
v 0.031801 0.504240 -0.028315
v 0.011302 0.521254 -0.032136
v 0.023253 0.493603 -0.037664
v 0.050455 0.487325 -0.024998
v 0.042459 0.478906 -0.032740
v 0.031919 0.466088 -0.040538
v 0.011740 0.477859 -0.045472
v 0.020944 0.449385 -0.046664
v 0.050335 0.453282 -0.035354
v 0.040097 0.438965 -0.041338
v 0.031667 0.422435 -0.045383
v 0.012188 0.430841 -0.050391
v 0.026159 0.404324 -0.047378
v 0.006637 0.410531 -0.052106
v 0.024627 0.385020 -0.046229
v 0.004735 0.389392 -0.051551
v 0.026207 0.366740 -0.042680
v 0.006001 0.369167 -0.048028
v 0.029207 0.350143 -0.036280
v 0.009571 0.350213 -0.041847
v 0.033414 0.336423 -0.028933
v 0.014669 0.334125 -0.033718
v 0.036788 0.329861 -0.021841
v 0.019812 0.323232 -0.024754
v 0.039259 0.326812 -0.016314
v 0.054396 0.337800 -0.018760
v 0.056230 0.334624 -0.013842
v 0.058391 0.330050 -0.010155
v 0.072370 0.341983 -0.010659
v 0.074277 0.337375 -0.009935
v 0.076846 0.331411 -0.010605
v 0.084994 0.342894 -0.008004
v 0.087225 0.337196 -0.008801
v 0.090373 0.329551 -0.010019
v 0.096591 0.333066 -0.007300
v 0.102581 0.321588 -0.009212
v 0.101765 0.336412 -0.004189
v 0.108317 0.325214 -0.005920
v 0.119837 0.309464 -0.007787
v 0.113087 0.328460 -0.002314
v 0.124680 0.313059 -0.003073
v 0.138781 0.295113 -0.003615
v 0.123787 0.312397 0.003992
v 0.138150 0.294655 0.004340
v 0.152577 0.274270 0.004460
v 0.132154 0.290287 0.008839
v 0.145382 0.269872 0.008451
v 0.157835 0.247677 0.008505
v 0.137276 0.264891 0.011718
v 0.148452 0.243328 0.011656
v 0.157032 0.220047 0.011302
v 0.133569 0.237139 0.014964
v 0.140110 0.215250 0.015345
v 0.142996 0.192920 0.014594
v 0.112421 0.208645 0.018101
v 0.114943 0.188104 0.017882
v 0.116488 0.167817 0.017127
v 0.083496 0.182541 0.018236
v 0.085619 0.162253 0.017352
v 0.088230 0.141564 0.016382
v 0.056780 0.155460 0.015385
v 0.062209 0.133462 0.014147
v 0.069688 0.111395 0.012576
v 0.045896 0.126999 0.010718
v 0.056484 0.104214 0.009559
v 0.070385 0.082842 0.008399
v 0.048858 0.099538 0.006752
v 0.064295 0.077650 0.005605
v 0.083243 0.058251 0.004738
v 0.058816 0.072992 0.002318
v 0.078714 0.053097 0.001871
v 0.100673 0.036710 0.001701
v 0.079197 0.053651 -0.002190
v 0.101172 0.037441 -0.002125
v 0.123558 0.024546 -0.001661
v 0.104885 0.042882 -0.004979
v 0.126545 0.029647 -0.004014
v 0.147623 0.018159 -0.003250
v 0.129629 0.034543 -0.006203
v 0.149698 0.022384 -0.004966
v 0.169856 0.012632 -0.004096
v 0.152082 0.026588 -0.006321
v 0.171241 0.015790 -0.005133
v 0.189140 0.008971 -0.003631
v 0.172809 0.018841 -0.005186
v 0.190124 0.011658 -0.003668
v 0.204446 0.007745 -0.002829
v 0.191032 0.013870 -0.003484
v 0.205127 0.009468 -0.002596
v 0.192051 0.016147 -0.002989
v 0.205791 0.011183 -0.002354
v 0.193207 0.018370 -0.002465
v 0.206451 0.012797 -0.002104
v 0.194626 0.020586 -0.001917
v 0.207090 0.014480 -0.001854
v 0.195485 0.021945 -0.000359
v 0.207319 0.015035 -0.000053
v 0.195026 0.021076 0.002008
v 0.207264 0.014783 0.001940
v 0.193768 0.018984 0.002413
v 0.206620 0.012855 0.002189
v 0.192539 0.016764 0.002855
v 0.206061 0.011230 0.002359
v 0.191495 0.014433 0.003319
v 0.205497 0.009556 0.002520
v 0.190667 0.012338 0.003670
v 0.204979 0.007853 0.002615
v 0.204496 0.006177 0.002497
v 0.175347 0.022854 0.004277
v 0.177570 0.025472 0.003529
v 0.164090 0.038469 0.005060
v 0.179881 0.028140 0.002742
v 0.168137 0.040830 0.003683
v 0.160146 0.055660 0.003947
v 0.172399 0.043035 0.002144
v 0.166047 0.057320 0.002328
v 0.163187 0.072605 0.002645
v 0.167361 0.057682 -0.001438
v 0.164357 0.072648 -0.001880
v 0.164421 0.088861 -0.002653
v 0.157995 0.072181 -0.004244
v 0.157350 0.089266 -0.005244
v 0.159177 0.107225 -0.006331
v 0.149762 0.089513 -0.007456
v 0.150912 0.108335 -0.008628
v 0.154238 0.127924 -0.009484
v 0.140449 0.108912 -0.010854
v 0.141898 0.128962 -0.011892
v 0.144056 0.149568 -0.012736
v 0.121514 0.127779 -0.014617
v 0.120266 0.148059 -0.015840
v 0.119382 0.168270 -0.016917
v 0.091204 0.142366 -0.016428
v 0.088672 0.162935 -0.017465
v 0.086501 0.183099 -0.018386
v 0.059142 0.156146 -0.015647
v 0.055838 0.177573 -0.016154
v 0.053725 0.198532 -0.016485
v 0.033696 0.173245 -0.011889
v 0.031277 0.195685 -0.011996
v 0.030647 0.217641 -0.012150
v 0.018846 0.194396 -0.008587
v 0.018345 0.217342 -0.008665
v 0.018795 0.239977 -0.008871
v 0.009392 0.217367 -0.004230
v 0.009695 0.240616 -0.004275
v 0.009016 0.217352 0.003881
v 0.009528 0.240605 0.004349
v 0.017598 0.217315 0.008399
v 0.018504 0.240011 0.008795
v 0.029618 0.217584 0.011885
v 0.030055 0.239473 0.011871
v 0.050069 0.219037 0.016135
v 0.049017 0.239931 0.015586
v 0.048587 0.260970 0.014990
v 0.076316 0.243613 0.018094
v 0.073137 0.264416 0.016868
v 0.069656 0.285694 0.015290
v 0.097942 0.271583 0.016140
v 0.091189 0.292638 0.014643
v 0.083645 0.312176 0.012741
v 0.064853 0.305223 0.013871
v 0.078857 0.324003 0.011482
v 0.061775 0.316022 0.012402
v 0.076080 0.330619 0.010804
v 0.059345 0.323506 0.011252
v 0.073454 0.336206 0.010554
v 0.056940 0.329778 0.011070
v 0.039539 0.323728 0.011767
v 0.054212 0.334521 0.015436
v 0.037342 0.326890 0.017837
v 0.021311 0.320023 0.019917
v 0.034282 0.331349 0.024648
v 0.017116 0.326908 0.029144
v -0.001099 0.324487 0.033825
v 0.004643 0.314877 0.024131
v -0.022549 0.321196 0.038745
v -0.007563 0.339904 0.042175
v -0.028155 0.338823 0.046844
v -0.049192 0.337564 0.051433
v -0.032224 0.359648 0.054052
v -0.052641 0.359401 0.057875
v -0.073208 0.358659 0.061294
v -0.054302 0.382934 0.062163
v -0.074459 0.383457 0.065344
v -0.053704 0.407693 0.063429
v -0.034270 0.382018 0.058391
v -0.033679 0.405389 0.059895
v -0.030084 0.429205 0.059582
v -0.013623 0.402199 0.056179
v -0.010058 0.424315 0.055770
v -0.003401 0.445932 0.053088
v -0.023672 0.452995 0.056828
v 0.006068 0.466582 0.048659
v 0.016551 0.437652 0.048971
v 0.026046 0.456109 0.044227
v 0.037237 0.471970 0.036974
v 0.017687 0.485035 0.041878
v 0.046631 0.482936 0.029554
v 0.054685 0.457819 0.032401
v 0.061959 0.465318 0.026032
v 0.068017 0.470418 0.019262
v 0.053412 0.489844 0.021243
v 0.072456 0.474116 0.011416
v 0.058341 0.494340 0.012382
v 0.073875 0.475467 0.002475
v 0.060357 0.496079 0.002547
v 0.073567 0.475147 -0.006445
v 0.059828 0.495702 -0.007226
v 0.071082 0.473019 -0.015175
v 0.056302 0.492768 -0.016606
v 0.065583 0.468635 -0.022279
v 0.081900 0.454744 -0.012859
v 0.078241 0.451089 -0.019402
v 0.072898 0.445997 -0.024742
v 0.058873 0.462721 -0.028636
v 0.067065 0.439280 -0.029979
v 0.085123 0.432101 -0.020020
v 0.081567 0.426268 -0.024059
v 0.076232 0.417000 -0.028205
v 0.058795 0.427828 -0.035325
v 0.069301 0.404096 -0.031513
v 0.050678 0.413476 -0.039186
v 0.065749 0.391426 -0.032802
v 0.045622 0.397849 -0.041156
v 0.065554 0.377372 -0.031411
v 0.044896 0.380811 -0.039768
v 0.067306 0.364456 -0.028030
v 0.047039 0.364761 -0.036147
v 0.069255 0.354335 -0.023160
v 0.049861 0.350899 -0.030451
v 0.070614 0.348201 -0.017825
v 0.052579 0.341761 -0.023611
v 0.071354 0.345057 -0.014125
v 0.084231 0.353854 -0.012069
v 0.084519 0.349457 -0.008763
v 0.083936 0.347219 -0.007879
v 0.084471 0.358229 -0.015201
v 0.084479 0.365606 -0.018827
v 0.095653 0.366341 -0.009787
v 0.096551 0.373541 -0.011654
v 0.106722 0.371500 -0.006243
v 0.105369 0.364081 -0.004169
v 0.084669 0.375147 -0.022071
v 0.084953 0.385745 -0.023199
v 0.097545 0.382040 -0.012854
v 0.098744 0.391834 -0.012974
v 0.108797 0.387461 -0.008079
v 0.107635 0.378635 -0.007540
v 0.086568 0.396239 -0.022918
v 0.090213 0.408882 -0.020194
v 0.100513 0.402929 -0.012133
v 0.101998 0.412434 -0.010595
v 0.110542 0.409051 -0.007576
v 0.109874 0.398108 -0.007992
v 0.092861 0.417541 -0.017054
v 0.094701 0.423881 -0.014122
v 0.102856 0.418884 -0.008798
v 0.103590 0.423105 -0.007273
v 0.110573 0.421140 -0.005487
v 0.110758 0.416531 -0.006498
v 0.096516 0.428801 -0.011558
v 0.098090 0.432441 -0.008417
v 0.103948 0.426464 -0.005258
v 0.088703 0.437192 -0.015547
v 0.091280 0.441054 -0.010582
v 0.092680 0.443500 -0.004919
v 0.098924 0.434857 -0.003959
v 0.083466 0.456413 -0.005578
v 0.083534 0.456478 0.002135
v 0.092747 0.443908 0.001564
v 0.092069 0.442360 0.007839
v 0.098684 0.433893 0.005663
v 0.099078 0.435394 0.000947
v 0.082768 0.455533 0.009771
v 0.080043 0.452599 0.016818
v 0.090208 0.438870 0.013293
v 0.087017 0.433870 0.018198
v 0.096183 0.425902 0.012447
v 0.097605 0.430499 0.009792
v 0.075354 0.447969 0.022510
v 0.069916 0.442298 0.027540
v 0.083341 0.428481 0.022330
v 0.079662 0.421846 0.026114
v 0.093378 0.413365 0.017271
v 0.094953 0.420289 0.014747
v 0.062995 0.433281 0.033099
v 0.055188 0.419057 0.037198
v 0.074134 0.410244 0.029314
v 0.044883 0.444958 0.038750
v 0.036150 0.428357 0.043741
v 0.030118 0.410823 0.046316
v 0.050073 0.403378 0.039602
v 0.009978 0.418075 0.051290
v 0.006462 0.397935 0.051933
v 0.026776 0.392748 0.046606
v 0.025913 0.374643 0.044465
v 0.046611 0.371130 0.037708
v 0.047145 0.387240 0.039760
v 0.005778 0.377883 0.049721
v 0.007743 0.358440 0.045211
v 0.027289 0.357297 0.039562
v -0.014266 0.380374 0.054337
v -0.012111 0.359305 0.049895
v 0.011849 0.340861 0.037632
v 0.030104 0.342181 0.032748
v 0.052055 0.338299 0.020999
v 0.050033 0.344391 0.027244
v 0.047805 0.356277 0.033131
v 0.069124 0.349102 0.019757
v 0.067595 0.357270 0.025147
v 0.066775 0.368794 0.029269
v 0.083390 0.359784 0.016818
v 0.084064 0.368404 0.020476
v 0.085277 0.378931 0.022190
v 0.067333 0.382410 0.031447
v 0.087257 0.390491 0.022090
v 0.069600 0.396356 0.031314
v 0.090744 0.402933 0.019993
v 0.098834 0.386762 0.012431
v 0.100791 0.398132 0.011774
v 0.102599 0.408854 0.010433
v 0.110442 0.393879 0.007933
v 0.111743 0.405569 0.007520
v 0.111607 0.414990 0.006691
v 0.103453 0.416662 0.008836
v 0.111030 0.420552 0.005852
v 0.103984 0.421915 0.007418
v 0.110262 0.424679 0.004574
v 0.104202 0.425602 0.005923
v 0.109855 0.427296 0.002667
v 0.103701 0.428226 0.003555
v 0.109394 0.429037 0.000101
v 0.103753 0.429756 0.000397
v 0.109748 0.427814 -0.002422
v 0.103777 0.429026 -0.002681
v 0.110019 0.425010 -0.004160
v 0.116238 0.431132 -0.003444
v 0.118206 0.426938 -0.005490
v 0.119399 0.421952 -0.006540
v 0.130070 0.433774 -0.006302
v 0.132930 0.427227 -0.007724
v 0.148508 0.449019 -0.006586
v 0.152340 0.442525 -0.008987
v 0.157017 0.433308 -0.010856
v 0.174828 0.459737 -0.009133
v 0.179805 0.449918 -0.011345
v 0.188344 0.432429 -0.013539
v 0.166917 0.415976 -0.013038
v 0.201366 0.408082 -0.015114
v 0.183528 0.391367 -0.014156
v 0.169028 0.374139 -0.012347
v 0.204026 0.364588 -0.014673
v 0.192418 0.347326 -0.013058
v 0.184851 0.335682 -0.011040
v 0.162702 0.362094 -0.010463
v 0.180729 0.329468 -0.009392
v 0.159173 0.354606 -0.008795
v 0.136660 0.372661 -0.007986
v 0.120028 0.382013 -0.007431
v 0.156715 0.349772 -0.007467
v 0.135355 0.366397 -0.006690
v 0.119053 0.373921 -0.006714
v 0.133896 0.360909 -0.004802
v 0.118001 0.367538 -0.005038
v 0.132384 0.355499 -0.002838
v 0.116880 0.361313 -0.002996
v 0.130837 0.350724 -0.000896
v 0.150914 0.341017 -0.003322
v 0.148346 0.338029 -0.000531
v 0.150476 0.340305 0.002868
v 0.132035 0.353507 0.002136
v 0.153868 0.344325 0.005391
v 0.134081 0.359129 0.004284
v 0.117620 0.364571 0.004076
v 0.105572 0.367628 0.005310
v 0.135868 0.364333 0.006180
v 0.118889 0.370845 0.006134
v 0.106967 0.374597 0.006988
v 0.120066 0.378727 0.007185
v 0.108576 0.383339 0.007651
v 0.096784 0.377014 0.012476
v 0.095026 0.368872 0.011183
v 0.137619 0.370273 0.007912
v 0.156898 0.348776 0.007365
v 0.159645 0.353365 0.008711
v 0.177726 0.324972 0.007862
v 0.180960 0.329080 0.009364
v 0.185017 0.335020 0.010974
v 0.208684 0.306284 0.008618
v 0.212363 0.312726 0.010203
v 0.218057 0.323259 0.011991
v 0.192463 0.346045 0.012946
v 0.226927 0.340414 0.014410
v 0.204083 0.363345 0.014636
v 0.238564 0.360946 0.015440
v 0.218603 0.382195 0.015608
v 0.201641 0.406621 0.015122
v 0.234453 0.398993 0.016104
v 0.221353 0.422401 0.015510
v 0.211907 0.445591 0.013942
v 0.188837 0.430874 0.013681
v 0.205366 0.462950 0.011466
v 0.180184 0.449033 0.011486
v 0.201709 0.472989 0.009387
v 0.174992 0.459345 0.009216
v 0.152887 0.442230 0.009143
v 0.171588 0.465744 0.007151
v 0.149135 0.448390 0.006874
v 0.131064 0.433275 0.006617
v 0.134073 0.426990 0.007912
v 0.118628 0.426488 0.005619
v 0.120316 0.421415 0.006777
v 0.127584 0.438495 0.003790
v 0.116733 0.430391 0.003626
v 0.124435 0.441882 0.000880
v 0.115035 0.433015 0.000453
v 0.126431 0.439233 -0.003538
v 0.142281 0.457917 0.000698
v 0.144428 0.454935 -0.003308
v 0.165386 0.476201 0.000718
v 0.167852 0.472143 -0.003786
v 0.171371 0.466106 -0.007021
v 0.196803 0.486378 -0.003906
v 0.199228 0.479923 -0.007063
v 0.201641 0.473375 -0.009267
v 0.229950 0.488464 -0.006380
v 0.231355 0.482007 -0.008706
v 0.233368 0.473492 -0.011357
v 0.205228 0.463563 -0.011366
v 0.237202 0.458664 -0.013456
v 0.211561 0.446836 -0.013800
v 0.243939 0.436928 -0.015472
v 0.221179 0.423546 -0.015464
v 0.254132 0.414454 -0.016388
v 0.234339 0.399558 -0.016101
v 0.218549 0.383155 -0.015617
v 0.250833 0.378950 -0.015990
v 0.238595 0.361511 -0.015459
v 0.227015 0.341025 -0.014483
v 0.260965 0.344998 -0.014522
v 0.254114 0.324229 -0.013026
v 0.250673 0.307651 -0.011111
v 0.218055 0.323732 -0.012044
v 0.248517 0.297620 -0.009530
v 0.212174 0.312771 -0.010197
v 0.246656 0.291270 -0.008253
v 0.208507 0.306163 -0.008579
v 0.245246 0.286094 -0.007248
v 0.205845 0.301403 -0.007271
v 0.177512 0.325212 -0.007844
v 0.203308 0.296798 -0.005374
v 0.174175 0.321138 -0.006010
v 0.153995 0.345218 -0.005673
v 0.170812 0.317214 -0.003297
v 0.200608 0.292018 -0.002892
v 0.198791 0.288738 0.001119
v 0.167626 0.313904 -0.000982
v 0.200934 0.292464 0.003150
v 0.170692 0.316988 0.003176
v 0.203424 0.296934 0.005455
v 0.174174 0.320829 0.005861
v 0.205964 0.301492 0.007276
v 0.243619 0.281084 0.005697
v 0.244807 0.286117 0.007304
v 0.246157 0.291310 0.008299
v 0.284061 0.285166 0.006110
v 0.283854 0.289793 0.007002
v 0.283064 0.295182 0.007966
v 0.248118 0.297451 0.009544
v 0.280783 0.303738 0.009436
v 0.250449 0.307438 0.011121
v 0.278020 0.318343 0.010864
v 0.253844 0.323934 0.013008
v 0.279896 0.337209 0.011592
v 0.260952 0.344624 0.014487
v 0.286466 0.353024 0.011868
v 0.269899 0.362845 0.014941
v 0.250744 0.378821 0.015991
v 0.282439 0.378280 0.014696
v 0.267088 0.394817 0.016374
v 0.254206 0.414071 0.016386
v 0.286205 0.407691 0.015983
v 0.276487 0.426649 0.016101
v 0.269151 0.447706 0.015025
v 0.244217 0.436153 0.015509
v 0.264892 0.466946 0.012736
v 0.237497 0.457696 0.013575
v 0.263138 0.479221 0.010491
v 0.233496 0.472826 0.011470
v 0.262088 0.487119 0.008583
v 0.231413 0.481688 0.008855
v 0.261511 0.493496 0.006364
v 0.229998 0.488052 0.006539
v 0.199307 0.479626 0.007201
v 0.228613 0.494280 0.003761
v 0.196952 0.485975 0.004155
v 0.168247 0.471566 0.004017
v 0.194647 0.491809 0.000710
v 0.145378 0.453845 0.003567
v 0.227432 0.499558 0.000726
v 0.228478 0.495032 -0.003425
v 0.260393 0.504720 0.000988
v 0.260854 0.500575 -0.003601
v 0.261400 0.494074 -0.006186
v 0.293830 0.501194 -0.003310
v 0.293540 0.495224 -0.005671
v 0.293303 0.489329 -0.007900
v 0.261913 0.487783 -0.008398
v 0.293213 0.482811 -0.009777
v 0.262830 0.480155 -0.010301
v 0.293402 0.472645 -0.011859
v 0.264606 0.467750 -0.012640
v 0.295098 0.456758 -0.013887
v 0.268847 0.448313 -0.014931
v 0.299797 0.436470 -0.014849
v 0.276246 0.426989 -0.016102
v 0.306896 0.417110 -0.014728
v 0.286153 0.407772 -0.015968
v 0.267090 0.394903 -0.016384
v 0.297914 0.390210 -0.014142
v 0.282772 0.378037 -0.014650
v 0.270250 0.362935 -0.014941
v 0.296562 0.365598 -0.011416
v 0.286787 0.352985 -0.011794
v 0.280109 0.337396 -0.011596
v 0.296571 0.348258 -0.008764
v 0.291086 0.335106 -0.009150
v 0.290712 0.319192 -0.009211
v 0.277981 0.318540 -0.010875
v 0.295513 0.306282 -0.007972
v 0.281283 0.303778 -0.009355
v 0.300380 0.298380 -0.006832
v 0.283928 0.295361 -0.007911
v 0.284750 0.289987 -0.006942
v 0.284823 0.285174 -0.006067
v 0.284959 0.280844 -0.004749
v 0.243859 0.280903 -0.005695
v 0.285360 0.276174 -0.002741
v 0.242421 0.275924 -0.003278
v 0.286041 0.271123 0.000594
v 0.241571 0.272437 0.001275
v 0.285139 0.276693 0.002962
v 0.242449 0.276628 0.003529
v 0.284546 0.281069 0.004800
v 0.306997 0.282849 0.002570
v 0.306106 0.286197 0.004130
v 0.305069 0.289705 0.005314
v 0.315361 0.294176 0.004079
v 0.312120 0.298335 0.004626
v 0.303066 0.293810 0.006117
v 0.308567 0.303163 0.005209
v 0.299967 0.298859 0.006919
v 0.304188 0.310109 0.005840
v 0.295521 0.306733 0.008012
v 0.300255 0.321343 0.005943
v 0.291508 0.319285 0.009032
v 0.300467 0.334050 0.005591
v 0.291379 0.334977 0.009018
v 0.303922 0.344907 0.005521
v 0.296385 0.348130 0.008798
v 0.310687 0.354027 0.005055
v 0.304234 0.358998 0.008386
v 0.296270 0.365784 0.011482
v 0.315090 0.367903 0.008085
v 0.308709 0.376222 0.011053
v 0.297838 0.390427 0.014169
v 0.323637 0.384425 0.010426
v 0.315708 0.399262 0.013437
v 0.307217 0.417019 0.014710
v 0.335316 0.404169 0.012104
v 0.329204 0.422045 0.013365
v 0.324514 0.441604 0.013371
v 0.300184 0.436126 0.014846
v 0.322506 0.460200 0.012340
v 0.295342 0.456444 0.013898
v 0.322425 0.472250 0.010634
v 0.293564 0.472102 0.011928
v 0.323062 0.480227 0.008583
v 0.293319 0.482102 0.009920
v 0.323902 0.485908 0.006914
v 0.293365 0.488655 0.008109
v 0.324809 0.491393 0.005081
v 0.293565 0.494686 0.005888
v 0.325781 0.496957 0.003186
v 0.293827 0.500668 0.003597
v 0.260974 0.499652 0.003942
v 0.294069 0.505741 0.000806
v 0.326527 0.501223 0.000167
v 0.325811 0.497258 -0.003122
v 0.356476 0.492745 -0.000074
v 0.355414 0.489392 -0.002821
v 0.353849 0.484488 -0.004372
v 0.324841 0.491695 -0.004974
v 0.352336 0.479524 -0.005955
v 0.323922 0.486215 -0.006787
v 0.351036 0.474614 -0.007477
v 0.323115 0.480550 -0.008487
v 0.349848 0.468552 -0.009160
v 0.322387 0.472871 -0.010446
v 0.348720 0.458744 -0.010872
v 0.322254 0.460621 -0.012315
v 0.348493 0.443249 -0.011912
v 0.324088 0.442017 -0.013382
v 0.350732 0.423816 -0.012023
v 0.328654 0.422240 -0.013400
v 0.354955 0.406493 -0.010647
v 0.334799 0.404149 -0.012153
v 0.315641 0.398957 -0.013383
v 0.340493 0.389252 -0.009373
v 0.323684 0.383915 -0.010349
v 0.308855 0.375870 -0.010948
v 0.328845 0.374022 -0.007456
v 0.315344 0.367410 -0.007914
v 0.304447 0.358906 -0.008322
v 0.320009 0.361209 -0.004804
v 0.310621 0.353997 -0.005105
v 0.303842 0.345013 -0.005598
v 0.315225 0.350037 -0.000382
v 0.308117 0.342924 -0.000035
v 0.305155 0.333579 -0.001452
v 0.299380 0.334122 -0.006224
v 0.305292 0.322465 -0.000776
v 0.299268 0.321148 -0.006425
v 0.308645 0.312251 -0.000419
v 0.303609 0.309541 -0.006065
v 0.312818 0.306338 -0.000435
v 0.308447 0.302615 -0.005384
v 0.323354 0.356788 -0.000396
v 0.319870 0.361458 0.004810
v 0.334143 0.362623 -0.000346
v 0.332077 0.367564 0.004453
v 0.328579 0.374910 0.007685
v 0.346631 0.372478 0.003856
v 0.344190 0.380229 0.006736
v 0.340761 0.389731 0.009361
v 0.361783 0.384341 0.006163
v 0.359318 0.392990 0.008367
v 0.355529 0.406186 0.010572
v 0.378777 0.396346 0.007423
v 0.375992 0.407014 0.008946
v 0.373013 0.422056 0.010198
v 0.351363 0.423319 0.011975
v 0.371944 0.440500 0.010293
v 0.348801 0.442987 0.011899
v 0.373027 0.452967 0.009528
v 0.348926 0.458566 0.010879
v 0.374751 0.460630 0.008301
v 0.350031 0.468312 0.009181
v 0.376086 0.465467 0.006905
v 0.351168 0.474392 0.007534
v 0.377651 0.469955 0.005485
v 0.352486 0.479450 0.005964
v 0.379405 0.474380 0.004044
v 0.353911 0.484418 0.004389
v 0.381349 0.478826 0.002588
v 0.355448 0.489395 0.002826
v 0.382576 0.481541 -0.000112
v 0.403327 0.467099 0.002604
v 0.404701 0.469694 -0.000101
v 0.403219 0.466880 -0.002672
v 0.381251 0.478634 -0.002686
v 0.401146 0.462770 -0.004093
v 0.379290 0.474224 -0.004113
v 0.399301 0.458815 -0.005445
v 0.377502 0.469793 -0.005548
v 0.397604 0.454668 -0.006770
v 0.375943 0.465394 -0.006924
v 0.396137 0.450537 -0.007678
v 0.374646 0.460388 -0.008329
v 0.394691 0.444831 -0.008237
v 0.372907 0.452863 -0.009530
v 0.393479 0.435373 -0.008614
v 0.371644 0.440717 -0.010301
v 0.394335 0.420612 -0.008377
v 0.372624 0.422674 -0.010239
v 0.396666 0.408685 -0.007379
v 0.375566 0.407328 -0.009012
v 0.399100 0.400132 -0.006297
v 0.378476 0.396473 -0.007476
v 0.358944 0.392890 -0.008369
v 0.380749 0.388755 -0.005758
v 0.361652 0.384052 -0.006101
v 0.344249 0.379348 -0.006532
v 0.363714 0.376988 -0.003791
v 0.346674 0.372340 -0.003911
v 0.332135 0.367183 -0.004456
v 0.348152 0.367216 -0.000487
v 0.365183 0.370929 -0.000401
v 0.363664 0.376910 0.003565
v 0.384110 0.376532 0.000194
v 0.382799 0.381739 0.003593
v 0.380931 0.388771 0.005740
v 0.403186 0.386848 0.003467
v 0.401347 0.393370 0.005122
v 0.399324 0.400068 0.006257
v 0.423626 0.399770 0.004268
v 0.421113 0.405567 0.005140
v 0.418564 0.412040 0.005891
v 0.396959 0.408504 0.007341
v 0.416027 0.420245 0.006584
v 0.394523 0.420407 0.008344
v 0.414817 0.430358 0.006891
v 0.393643 0.435272 0.008609
v 0.414970 0.437850 0.006902
v 0.394723 0.445324 0.008211
v 0.415664 0.442477 0.006768
v 0.396168 0.450908 0.007639
v 0.416665 0.446558 0.006169
v 0.397668 0.455143 0.006639
v 0.417787 0.450385 0.004958
v 0.399364 0.459105 0.005356
v 0.418977 0.454137 0.003651
v 0.401252 0.463045 0.003998
v 0.420235 0.457364 0.002187
v 0.435777 0.450302 0.003163
v 0.436086 0.453500 0.002101
v 0.436246 0.455716 0.000129
v 0.421213 0.459331 -0.000079
v 0.436032 0.453526 -0.002127
v 0.420308 0.457469 -0.002303
v 0.435690 0.450109 -0.003216
v 0.418850 0.453877 -0.003761
v 0.435397 0.446568 -0.004081
v 0.417682 0.450116 -0.005042
v 0.435084 0.442899 -0.004977
v 0.416661 0.446269 -0.006189
v 0.434806 0.438910 -0.005404
v 0.415710 0.442069 -0.006746
v 0.434685 0.434509 -0.005418
v 0.414985 0.437458 -0.006909
v 0.435266 0.429691 -0.005328
v 0.414733 0.430144 -0.006902
v 0.436930 0.424289 -0.005083
v 0.415922 0.420339 -0.006589
v 0.439342 0.419396 -0.004607
v 0.418393 0.411947 -0.005893
v 0.442151 0.414848 -0.003940
v 0.420965 0.405518 -0.005152
v 0.444910 0.410587 -0.003234
v 0.423525 0.399711 -0.004253
v 0.401209 0.393352 -0.005124
v 0.426305 0.393692 -0.002640
v 0.403194 0.386575 -0.003382
v 0.382703 0.381677 -0.003680
v 0.404576 0.381851 0.000375
v 0.428149 0.389848 0.000623
v 0.426111 0.394215 0.002792
v 0.449808 0.403266 0.000128
v 0.447765 0.406349 0.002324
v 0.445026 0.410569 0.003224
v 0.465902 0.420595 0.001066
v 0.463385 0.423533 0.002208
v 0.461025 0.426406 0.003150
v 0.442214 0.414871 0.003937
v 0.458757 0.429473 0.003701
v 0.439383 0.419403 0.004614
v 0.456840 0.432563 0.003961
v 0.437016 0.424329 0.005073
v 0.455470 0.435550 0.004148
v 0.435433 0.429872 0.005318
v 0.454456 0.438407 0.004289
v 0.434857 0.434865 0.005412
v 0.453709 0.441910 0.004365
v 0.434981 0.439094 0.005373
v 0.453211 0.445244 0.004061
v 0.435181 0.443017 0.004927
v 0.452859 0.448401 0.003465
v 0.435457 0.446777 0.004069
v 0.452548 0.451460 0.002738
v 0.466401 0.452164 0.002474
v 0.465755 0.454552 0.001971
v 0.465068 0.457126 0.001379
v 0.452307 0.454396 0.001755
v 0.464680 0.458642 0.000024
v 0.452105 0.456153 0.000129
v 0.465162 0.456937 -0.001641
v 0.452218 0.454365 -0.002056
v 0.465728 0.454591 -0.001973
v 0.452497 0.451193 -0.002850
v 0.466275 0.452226 -0.002451
v 0.452793 0.448340 -0.003506
v 0.467009 0.450092 -0.002898
v 0.453194 0.444839 -0.004235
v 0.468067 0.447654 -0.003347
v 0.453521 0.441863 -0.004404
v 0.468971 0.445649 -0.003652
v 0.454312 0.438399 -0.004296
v 0.470163 0.443644 -0.003472
v 0.455322 0.435578 -0.004152
v 0.471535 0.441673 -0.003173
v 0.456711 0.432561 -0.003960
v 0.473005 0.439783 -0.002823
v 0.458545 0.429591 -0.003711
v 0.474844 0.437930 -0.002376
v 0.460902 0.426476 -0.003260
v 0.476939 0.435928 -0.001830
v 0.463235 0.423666 -0.002520
v 0.479155 0.433855 -0.001159
v 0.465947 0.420498 -0.001575
v 0.447915 0.406118 -0.002180
v 0.467692 0.418529 -0.000256
v 0.480821 0.432452 -0.000622
v 0.479572 0.433520 0.000872
v 0.488743 0.443973 -0.000021
v 0.487107 0.444836 0.000904
v 0.485267 0.446060 0.001416
v 0.476945 0.435755 0.001754
v 0.483602 0.447511 0.001768
v 0.474778 0.437732 0.002357
v 0.482142 0.448853 0.002015
v 0.472967 0.439551 0.002819
v 0.480912 0.450139 0.002167
v 0.471346 0.441553 0.003214
v 0.479703 0.451504 0.002325
v 0.469969 0.443592 0.003521
v 0.478640 0.452821 0.002263
v 0.468772 0.445562 0.003525
v 0.477635 0.454085 0.002181
v 0.467776 0.447580 0.003403
v 0.476680 0.455399 0.002058
v 0.467011 0.449832 0.002961
v 0.475822 0.456840 0.001725
v 0.483024 0.460534 0.001441
v 0.482273 0.461349 0.001314
v 0.481624 0.462213 0.001099
v 0.475102 0.458274 0.001410
v 0.474581 0.459545 0.000871
v 0.474234 0.460420 -0.000091
v 0.474768 0.459687 -0.000707
v 0.481718 0.462378 -0.000858
v 0.475344 0.458197 -0.001349
v 0.482487 0.461507 -0.001158
v 0.476047 0.456812 -0.001757
v 0.483249 0.460652 -0.001453
v 0.476749 0.455606 -0.002010
v 0.484096 0.459896 -0.001529
v 0.477672 0.454120 -0.002315
v 0.485052 0.459059 -0.001581
v 0.478709 0.452851 -0.002357
v 0.485996 0.458129 -0.001609
v 0.479786 0.451581 -0.002391
v 0.486996 0.457250 -0.001529
v 0.481073 0.450286 -0.002279
v 0.488134 0.456330 -0.001398
v 0.482400 0.448989 -0.002073
v 0.489284 0.455397 -0.001267
v 0.483819 0.447646 -0.001797
v 0.490703 0.454529 -0.001097
v 0.485557 0.446084 -0.001430
v 0.487403 0.444843 -0.000979
v 0.492857 0.460816 -0.000439
v 0.494746 0.461135 0.000317
v 0.494514 0.462730 0.000263
v 0.495375 0.462486 0.000641
v 0.494377 0.461198 0.000866
v 0.494134 0.462836 0.000722
v 0.493094 0.461410 0.000932
v 0.488823 0.454980 0.001309
v 0.490257 0.454077 0.001140
v 0.491581 0.461272 0.001015
v 0.487634 0.455987 0.001450
v 0.490309 0.461404 0.001118
v 0.486557 0.456882 0.001554
v 0.489406 0.462055 0.001165
v 0.485595 0.457742 0.001625
v 0.488647 0.462838 0.001144
v 0.484734 0.458670 0.001564
v 0.487903 0.463621 0.001122
v 0.483875 0.459634 0.001500
v 0.487254 0.464455 0.001088
v 0.489299 0.465182 0.000956
v 0.488717 0.466077 0.000922
v 0.488467 0.467339 0.000834
v 0.486966 0.465564 0.001003
v 0.488198 0.468866 0.000727
v 0.486775 0.466898 0.000893
v 0.489602 0.468889 0.000581
v 0.489056 0.469295 0.000319
v 0.487970 0.468198 0.000005
v 0.489425 0.468302 -0.000090
v 0.488327 0.467177 -0.000413
v 0.486368 0.465112 -0.000754
v 0.485948 0.466085 -0.000442
v 0.488879 0.466243 -0.000649
v 0.487044 0.464315 -0.000953
v 0.489526 0.465419 -0.000749
v 0.487840 0.463631 -0.001031
v 0.490207 0.464617 -0.000846
v 0.488686 0.462941 -0.001104
v 0.491035 0.463969 -0.000800
v 0.489598 0.462279 -0.001096
v 0.492021 0.463455 -0.000605
v 0.490587 0.461696 -0.000937
v 0.493114 0.462979 -0.000369
v 0.491616 0.461110 -0.000748
v 0.493073 0.464559 -0.000364
v 0.494365 0.464083 0.000248
v 0.495029 0.463649 0.000550
v 0.493874 0.463989 0.000624
v 0.492915 0.462971 0.000823
v 0.492796 0.464325 0.000695
v 0.491802 0.463224 0.000902
v 0.491984 0.465029 0.000802
v 0.490938 0.463852 0.000958
v 0.491185 0.465751 0.000839
v 0.490097 0.464511 0.000958
v 0.490416 0.466475 0.000833
v 0.492191 0.466866 0.000696
v 0.491511 0.467672 0.000711
v 0.490894 0.468792 0.000358
v 0.489969 0.467512 0.000773
v 0.490257 0.469147 0.000153
v 0.491591 0.468914 -0.000029
v 0.490747 0.468269 -0.000193
v 0.489925 0.467377 -0.000416
v 0.491487 0.467526 -0.000363
v 0.490583 0.466570 -0.000568
v 0.492213 0.466794 -0.000504
v 0.491246 0.465767 -0.000666
v 0.492086 0.465111 -0.000592
v 0.492290 0.468523 -0.000159
v 0.493061 0.467906 -0.000349
v 0.492936 0.469715 0.000018
v 0.493876 0.469239 -0.000235
v 0.493740 0.469665 0.000439
v 0.493101 0.468103 0.000692
v 0.492307 0.468874 0.000334
v 0.307736 0.280152 0.000242
v 0.082702 0.353936 0.013262
v 0.082494 0.350007 0.010755
v 0.069863 0.345096 0.015369
v 0.071039 0.341427 0.012104
v 0.083035 0.345806 0.008871
v 0.084400 0.341128 0.008660
v 0.090217 0.344050 0.006116
v 0.091999 0.338859 0.007078
v 0.096412 0.341676 0.004431
v 0.094404 0.346224 0.003620
v 0.086166 0.335720 0.009346
v 0.088690 0.329006 0.010210
v 0.094720 0.332223 0.008215
v 0.101194 0.320818 0.010039
v 0.106797 0.324221 0.006830
v 0.099780 0.335204 0.005367
v 0.094493 0.317139 0.011567
v 0.104882 0.299304 0.012806
v 0.112460 0.304208 0.011064
v 0.125183 0.285416 0.011484
v 0.118788 0.308711 0.008666
v 0.115747 0.279624 0.014070
v 0.125172 0.258646 0.014602
v 0.103923 0.250553 0.017388
v 0.108870 0.229477 0.018243
v 0.078992 0.222992 0.018554
v 0.081512 0.202707 0.018639
v 0.050882 0.198073 0.016072
v 0.053270 0.177023 0.015892
v 0.030171 0.195491 0.011734
v 0.032460 0.172923 0.011519
v 0.037597 0.149917 0.011470
v 0.018211 0.194272 0.008368
v 0.021379 0.170594 0.007681
v 0.027592 0.146494 0.007545
v 0.036893 0.122723 0.007646
v 0.013201 0.168768 0.003515
v 0.019895 0.143877 0.003176
v 0.029789 0.119493 0.003340
v 0.042416 0.095728 0.002774
v 0.020148 0.144043 -0.003322
v 0.030065 0.119617 -0.003529
v 0.042699 0.095817 -0.003061
v 0.059127 0.073267 -0.002593
v 0.037343 0.122945 -0.007936
v 0.049358 0.099723 -0.006904
v 0.064934 0.078072 -0.006133
v 0.084001 0.058974 -0.005180
v 0.057211 0.104627 -0.009763
v 0.071316 0.083333 -0.008698
v 0.089183 0.064429 -0.007934
v 0.108783 0.048226 -0.007527
v 0.081838 0.090951 -0.011398
v 0.096159 0.071085 -0.010029
v 0.113724 0.054056 -0.008720
v 0.133003 0.039459 -0.007643
v 0.110165 0.080438 -0.011471
v 0.122309 0.061240 -0.009372
v 0.137564 0.044916 -0.007644
v 0.154768 0.030497 -0.006468
v 0.134265 0.067717 -0.008675
v 0.143797 0.049705 -0.007255
v 0.157906 0.033951 -0.006136
v 0.174376 0.021465 -0.004656
v 0.150082 0.052577 -0.006605
v 0.161466 0.036704 -0.005696
v 0.176408 0.024151 -0.003909
v 0.165720 0.039427 -0.004573
v 0.178857 0.026984 -0.003068
v 0.169828 0.041729 -0.003051
v 0.181235 0.029547 -0.002217
v 0.173454 0.043520 -0.001193
v 0.183180 0.031553 -0.000417
v 0.182229 0.030586 0.001853
v 0.162005 0.056214 -0.003443
v 0.156049 0.054440 -0.004966
v 0.151028 0.071437 -0.006235
v 0.143937 0.070503 -0.007365
v 0.141182 0.089335 -0.009371
v 0.127943 0.087205 -0.010911
v 0.123928 0.107446 -0.012927
v 0.101487 0.100869 -0.013303
v 0.095254 0.121622 -0.015078
v 0.071698 0.112324 -0.012854
v 0.064347 0.134264 -0.014474
v 0.046773 0.127393 -0.011033
v 0.038592 0.150290 -0.011809
v 0.027988 0.146775 -0.007759
v 0.021901 0.170742 -0.007819
v 0.013512 0.168846 -0.003652
v 0.010187 0.193603 -0.004071
v 0.009735 0.193535 0.003786
v 0.111984 0.327705 0.003666
v 0.105430 0.339218 -0.001170
v 0.103913 0.338094 0.002709
v -0.414283 0.497550 0.039683
v -0.435483 0.486253 0.031697
v -0.429608 0.471953 0.036700
v -0.412693 0.482157 0.046803
v -0.410843 0.464788 0.049344
v -0.421842 0.456143 0.041068
v -0.246070 0.323632 -0.087882
v -0.233311 0.311010 -0.091910
v -0.220193 0.294509 -0.096046
v -0.229597 0.289352 -0.099404
v -0.246030 0.282536 -0.101816
v -0.220873 0.271390 -0.104851
v -0.240032 0.264910 -0.107338
v -0.258841 0.259344 -0.107410
v -0.263415 0.278341 -0.101792
v -0.270534 0.256421 -0.106585
v -0.274321 0.276990 -0.100816
v -0.274329 0.296730 -0.095054
v -0.271216 0.314574 -0.089946
v -0.282397 0.276417 -0.099475
v -0.281766 0.297401 -0.093445
v -0.277794 0.316141 -0.088115
v -0.272509 0.329786 -0.084294
v -0.266254 0.327655 -0.086081
v -0.288854 0.297903 -0.090520
v -0.284481 0.317551 -0.085624
v -0.278908 0.331580 -0.081300
v -0.273138 0.341098 -0.078882
v -0.266631 0.338276 -0.080817
v -0.289167 0.317828 -0.080326
v -0.284888 0.332304 -0.076741
v -0.284060 0.315648 -0.075501
v -0.278903 0.329220 -0.071814
v -0.276310 0.314106 -0.073833
v -0.271271 0.326330 -0.070242
v -0.265423 0.334702 -0.069375
v -0.257763 0.340100 -0.069826
v -0.262822 0.323471 -0.070678
v -0.256720 0.330299 -0.070499
v -0.251140 0.335369 -0.070826
v -0.246474 0.323564 -0.071857
v -0.241128 0.328546 -0.072835
v -0.236369 0.333545 -0.074259
v -0.246371 0.340225 -0.071826
v -0.252092 0.344269 -0.070684
v -0.246637 0.340583 -0.077607
v -0.251850 0.344826 -0.075890
v -0.250325 0.336042 -0.081300
v -0.256011 0.340775 -0.079137
v -0.260645 0.344002 -0.077532
v -0.260864 0.335373 -0.082233
v -0.254612 0.331043 -0.084375
v -0.241657 0.328431 -0.084133
v -0.237510 0.332989 -0.080204
v -0.223004 0.320294 -0.084558
v -0.227978 0.315778 -0.088518
v -0.207071 0.302749 -0.089752
v -0.213477 0.298832 -0.093141
v -0.193824 0.281544 -0.095295
v -0.201382 0.278705 -0.098761
v -0.209296 0.275608 -0.101562
v -0.193952 0.256683 -0.104989
v -0.202529 0.255092 -0.107399
v -0.214614 0.252212 -0.110034
v -0.199036 0.234157 -0.112937
v -0.209958 0.232347 -0.115002
v -0.228582 0.227433 -0.117811
v -0.234132 0.246569 -0.112643
v -0.246353 0.220595 -0.118219
v -0.253271 0.240177 -0.113026
v -0.256759 0.215788 -0.117975
v -0.264685 0.236050 -0.112495
v -0.264218 0.211840 -0.117025
v -0.272777 0.232848 -0.111103
v -0.279004 0.254315 -0.105055
v -0.280380 0.229722 -0.109325
v -0.286839 0.252298 -0.103181
v -0.289822 0.275517 -0.096630
v -0.292831 0.250074 -0.098987
v -0.295324 0.274077 -0.091945
v -0.294070 0.297800 -0.085718
v -0.289986 0.273325 -0.086913
v -0.288820 0.296353 -0.080664
v -0.282350 0.273248 -0.084545
v -0.281102 0.295620 -0.078843
v -0.274346 0.273558 -0.083267
v -0.273465 0.295454 -0.077757
v -0.268576 0.313121 -0.072984
v -0.252306 0.318704 -0.072038
v -0.237233 0.307139 -0.075080
v -0.231371 0.311530 -0.074915
v -0.222780 0.289799 -0.079603
v -0.215727 0.294561 -0.079570
v -0.209161 0.299283 -0.080363
v -0.225664 0.316533 -0.075546
v -0.203813 0.303631 -0.083196
v -0.220963 0.321238 -0.078247
v -0.195909 0.278165 -0.086023
v -0.189691 0.281873 -0.088659
v -0.188481 0.254955 -0.092957
v -0.181527 0.257295 -0.095123
v -0.185728 0.258017 -0.101909
v -0.178703 0.233971 -0.102676
v -0.183449 0.235011 -0.108192
v -0.191184 0.234878 -0.111068
v -0.181485 0.214685 -0.113770
v -0.188868 0.214394 -0.116384
v -0.196418 0.213700 -0.118126
v -0.186056 0.194910 -0.121131
v -0.193402 0.194045 -0.122662
v -0.202426 0.192299 -0.124423
v -0.206158 0.212147 -0.119947
v -0.214580 0.188258 -0.126680
v -0.222261 0.207706 -0.122583
v -0.225594 0.182634 -0.127856
v -0.237298 0.201150 -0.123431
v -0.233144 0.177493 -0.128282
v -0.246139 0.196105 -0.123618
v -0.238963 0.172590 -0.127250
v -0.252860 0.191598 -0.123027
v -0.244648 0.167670 -0.126498
v -0.259407 0.187036 -0.122069
v -0.271280 0.207930 -0.115539
v -0.264045 0.182930 -0.117744
v -0.276198 0.204231 -0.111301
v -0.285757 0.226690 -0.104950
v -0.271860 0.204873 -0.105471
v -0.280916 0.226932 -0.099330
v -0.287299 0.249812 -0.093341
v -0.273348 0.228857 -0.096354
v -0.279326 0.250871 -0.090774
v -0.265376 0.231087 -0.093903
v -0.271048 0.252152 -0.088662
v -0.254543 0.234490 -0.092234
v -0.260065 0.254385 -0.087127
v -0.237148 0.239913 -0.090399
v -0.242880 0.258807 -0.085203
v -0.218079 0.245889 -0.089598
v -0.223890 0.265079 -0.083955
v -0.205551 0.249823 -0.090378
v -0.211767 0.270302 -0.084594
v -0.196554 0.252465 -0.091518
v -0.203452 0.274344 -0.085104
v -0.202211 0.229019 -0.095878
v -0.193586 0.230757 -0.097063
v -0.185595 0.232321 -0.099111
v -0.191068 0.210450 -0.102605
v -0.183421 0.212086 -0.104861
v -0.176596 0.213871 -0.108484
v -0.180941 0.192790 -0.110219
v -0.174623 0.194478 -0.113276
v -0.178951 0.195370 -0.118690
v -0.171854 0.175970 -0.118199
v -0.175353 0.176742 -0.123507
v -0.181989 0.175991 -0.125518
v -0.170636 0.158767 -0.127881
v -0.176102 0.157896 -0.129611
v -0.182035 0.156669 -0.131000
v -0.188974 0.174860 -0.126993
v -0.187778 0.155139 -0.132347
v -0.196528 0.173043 -0.128547
v -0.193557 0.152400 -0.133658
v -0.204987 0.169572 -0.130260
v -0.198431 0.148366 -0.134399
v -0.212621 0.164750 -0.131377
v -0.202491 0.143923 -0.135111
v -0.218420 0.159894 -0.132184
v -0.206430 0.139153 -0.135170
v -0.223413 0.154869 -0.131883
v -0.210032 0.134405 -0.134659
v -0.228120 0.149866 -0.130800
v -0.212911 0.129980 -0.132298
v -0.231793 0.145411 -0.128023
v -0.248726 0.163359 -0.122955
v -0.229478 0.146287 -0.122564
v -0.245730 0.164227 -0.117105
v -0.260257 0.183548 -0.111233
v -0.240231 0.167947 -0.113914
v -0.253674 0.187001 -0.108164
v -0.264738 0.207660 -0.102343
v -0.246963 0.190693 -0.105600
v -0.257567 0.210645 -0.099960
v -0.238527 0.195253 -0.103485
v -0.247449 0.214820 -0.097881
v -0.225281 0.201189 -0.101718
v -0.231655 0.220687 -0.095952
v -0.209729 0.206373 -0.101100
v -0.213998 0.226069 -0.095181
v -0.198898 0.208970 -0.101637
v -0.204778 0.187060 -0.107017
v -0.195326 0.189623 -0.107272
v -0.188013 0.191154 -0.108215
v -0.190758 0.170480 -0.112985
v -0.183922 0.172268 -0.113689
v -0.177382 0.174062 -0.115292
v -0.178301 0.154272 -0.118896
v -0.172559 0.156103 -0.120102
v -0.168220 0.158026 -0.123191
v -0.166816 0.139175 -0.125506
v -0.163558 0.140939 -0.127875
v -0.164898 0.141435 -0.131475
v -0.157258 0.125932 -0.131757
v -0.157658 0.126246 -0.134107
v -0.160047 0.125084 -0.135575
v -0.168992 0.140414 -0.133074
v -0.162334 0.123645 -0.136369
v -0.172940 0.139028 -0.134146
v -0.164395 0.122015 -0.137118
v -0.177096 0.137352 -0.135283
v -0.165996 0.120450 -0.137754
v -0.180249 0.135458 -0.136223
v -0.167747 0.118616 -0.138496
v -0.183170 0.132947 -0.136982
v -0.169455 0.116634 -0.138911
v -0.186087 0.129638 -0.137435
v -0.170990 0.114370 -0.138858
v -0.188791 0.125585 -0.136998
v -0.172229 0.111584 -0.138279
v -0.191144 0.121677 -0.136491
v -0.173369 0.108679 -0.137579
v -0.193008 0.118270 -0.135228
v -0.172953 0.108998 -0.135174
v -0.192288 0.118575 -0.131983
v -0.211339 0.130634 -0.127233
v -0.189936 0.121716 -0.129526
v -0.207824 0.134529 -0.124277
v -0.224810 0.150147 -0.119341
v -0.204105 0.138703 -0.121999
v -0.219813 0.154442 -0.116764
v -0.234397 0.172009 -0.111282
v -0.214359 0.158935 -0.114766
v -0.227494 0.176491 -0.109204
v -0.206889 0.163934 -0.113261
v -0.217118 0.182064 -0.107528
v -0.198443 0.167920 -0.112682
v -0.195521 0.147088 -0.119028
v -0.190029 0.150096 -0.118328
v -0.184027 0.152471 -0.118456
v -0.178666 0.133466 -0.124552
v -0.175191 0.135488 -0.124719
v -0.170892 0.137456 -0.125024
v -0.163685 0.121138 -0.130397
v -0.161579 0.122890 -0.130401
v -0.159289 0.124435 -0.130567
v -0.152844 0.112648 -0.133804
v -0.151805 0.114026 -0.134219
v -0.150821 0.115343 -0.134881
v -0.147914 0.108955 -0.135593
v -0.147286 0.109760 -0.136077
v -0.147164 0.110176 -0.137152
v -0.150464 0.116062 -0.136351
v -0.147669 0.109652 -0.137779
v -0.151548 0.115160 -0.137630
v -0.148434 0.108732 -0.138317
v -0.152876 0.113815 -0.137993
v -0.149101 0.107631 -0.138608
v -0.153884 0.112490 -0.138299
v -0.149747 0.106478 -0.138797
v -0.154930 0.111138 -0.138607
v -0.150402 0.105419 -0.138960
v -0.155914 0.109674 -0.138855
v -0.150960 0.104323 -0.138873
v -0.156743 0.108152 -0.138864
v -0.151308 0.103153 -0.138727
v -0.157346 0.106773 -0.138808
v -0.149372 0.102884 -0.138766
v -0.149772 0.101825 -0.138631
v -0.151085 0.101560 -0.137864
v -0.157757 0.105047 -0.136122
v -0.149084 0.101194 -0.137704
v -0.151100 0.102383 -0.136620
v -0.157053 0.106268 -0.135219
v -0.170437 0.113883 -0.132085
v -0.171670 0.111608 -0.133467
v -0.150848 0.103632 -0.136151
v -0.156332 0.107468 -0.134738
v -0.168839 0.115915 -0.131044
v -0.184629 0.128332 -0.125802
v -0.187450 0.124918 -0.127505
v -0.155544 0.108720 -0.134230
v -0.167230 0.117605 -0.130617
v -0.181934 0.130955 -0.124945
v -0.200262 0.142938 -0.120288
v -0.165364 0.119525 -0.130474
v -0.154601 0.110067 -0.134015
v -0.153668 0.111412 -0.133904
v -0.149876 0.105871 -0.135431
v -0.149282 0.106944 -0.135358
v -0.148664 0.107994 -0.135380
v -0.147198 0.104704 -0.136170
v -0.146581 0.105495 -0.136160
v -0.145987 0.106209 -0.136318
v -0.145106 0.103842 -0.136839
v -0.144507 0.104394 -0.136929
v -0.144065 0.102830 -0.137451
v -0.143728 0.103430 -0.137766
v -0.143809 0.102947 -0.138244
v -0.144649 0.103720 -0.138347
v -0.145453 0.104633 -0.138407
v -0.144608 0.102440 -0.138515
v -0.145346 0.103216 -0.138546
v -0.146140 0.104084 -0.138580
v -0.147289 0.105414 -0.138660
v -0.146605 0.106196 -0.138388
v -0.145973 0.102374 -0.138565
v -0.146820 0.103289 -0.138602
v -0.148011 0.104574 -0.138727
v -0.147504 0.102458 -0.138637
v -0.148776 0.103790 -0.138779
v -0.148120 0.101530 -0.138656
v -0.146543 0.101405 -0.138582
v -0.147322 0.101292 -0.138157
v -0.148667 0.101766 -0.136839
v -0.146821 0.101629 -0.137314
v -0.148263 0.102763 -0.136491
v -0.150420 0.104779 -0.135755
v -0.147782 0.103821 -0.136203
v -0.146321 0.102335 -0.136790
v -0.145702 0.103179 -0.136773
v -0.145339 0.101611 -0.137540
v -0.144746 0.102249 -0.137312
v -0.145797 0.101170 -0.138361
v -0.145154 0.101378 -0.138530
v -0.275480 0.338449 0.069348
v -0.267214 0.335787 0.069087
v -0.275995 0.347356 0.072283
v -0.279756 0.341653 0.072368
v -0.277106 0.341210 0.077288
v -0.281628 0.334032 0.079296
v -0.283621 0.333761 0.074368
v -0.278298 0.330655 0.071383
v -0.273106 0.347471 0.074946
v -0.271846 0.339387 0.079936
v -0.274337 0.351880 0.068007
v -0.271132 0.354373 0.070450
v -0.265676 0.336970 0.081439
v -0.269771 0.330192 0.084543
v -0.275880 0.332040 0.082121
v -0.273711 0.321385 0.087287
v -0.279926 0.322729 0.084697
v -0.286092 0.324413 0.082503
v -0.284217 0.309546 0.088986
v -0.290254 0.309558 0.085674
v -0.291647 0.308071 0.080031
v -0.287234 0.323381 0.077120
v -0.285753 0.306081 0.077508
v -0.281878 0.320699 0.074052
v -0.278862 0.304577 0.076455
v -0.275213 0.318106 0.072686
v -0.271316 0.327751 0.069943
v -0.268094 0.316104 0.072245
v -0.263559 0.325088 0.070363
v -0.258797 0.332208 0.070181
v -0.255072 0.320764 0.071516
v -0.250186 0.326678 0.071320
v -0.245728 0.332395 0.071844
v -0.239099 0.318098 0.073154
v -0.234489 0.323366 0.074192
v -0.230293 0.328573 0.075467
v -0.241892 0.337651 0.073094
v -0.231325 0.328838 0.081070
v -0.243055 0.337530 0.078604
v -0.235398 0.324967 0.084740
v -0.246746 0.333321 0.082343
v -0.239757 0.320929 0.088306
v -0.250495 0.328645 0.085534
v -0.258597 0.333496 0.083169
v -0.254809 0.323475 0.088118
v -0.262782 0.327581 0.086143
v -0.266843 0.319806 0.088934
v -0.270612 0.308400 0.092048
v -0.277499 0.309069 0.090582
v -0.272899 0.292268 0.096698
v -0.280155 0.292123 0.095414
v -0.286933 0.291851 0.093443
v -0.280047 0.274643 0.100545
v -0.287026 0.273595 0.098419
v -0.293216 0.272348 0.095233
v -0.293034 0.291219 0.090042
v -0.293821 0.270838 0.089658
v -0.293852 0.289746 0.084680
v -0.287607 0.270530 0.086832
v -0.287786 0.288661 0.082193
v -0.280479 0.270564 0.084882
v -0.280898 0.287844 0.080567
v -0.272579 0.271063 0.083767
v -0.273482 0.287293 0.079666
v -0.271842 0.303167 0.075767
v -0.263157 0.272304 0.082699
v -0.269751 0.254664 0.087860
v -0.259917 0.256675 0.086522
v -0.243055 0.261052 0.084665
v -0.247858 0.275723 0.081206
v -0.224267 0.267523 0.083450
v -0.230994 0.282110 0.080202
v -0.213244 0.272264 0.083915
v -0.221436 0.287236 0.080193
v -0.231919 0.301106 0.076656
v -0.214487 0.291747 0.080189
v -0.226199 0.306133 0.076354
v -0.244172 0.312931 0.073486
v -0.208400 0.296444 0.080633
v -0.220895 0.311165 0.076502
v -0.203251 0.300967 0.082536
v -0.216450 0.316170 0.078733
v -0.203755 0.302214 0.088408
v -0.217100 0.317161 0.084864
v -0.209067 0.299095 0.091970
v -0.221741 0.313485 0.088405
v -0.215091 0.295555 0.094782
v -0.226896 0.309457 0.091368
v -0.221957 0.291911 0.097326
v -0.232440 0.305213 0.093989
v -0.244286 0.316420 0.091383
v -0.230988 0.287717 0.100111
v -0.213143 0.277207 0.101568
v -0.223665 0.273524 0.104453
v -0.241840 0.267216 0.106589
v -0.246591 0.281482 0.102133
v -0.259192 0.261934 0.106672
v -0.262404 0.277366 0.102172
v -0.269368 0.259295 0.106043
v -0.272203 0.275606 0.101423
v -0.277317 0.257360 0.104909
v -0.265127 0.243144 0.110728
v -0.272908 0.240431 0.109558
v -0.279972 0.237890 0.108044
v -0.284567 0.255545 0.103315
v -0.286130 0.235340 0.105530
v -0.291173 0.253662 0.101039
v -0.286455 0.233822 0.099840
v -0.291548 0.251971 0.094820
v -0.280466 0.234840 0.096207
v -0.285112 0.252451 0.091699
v -0.273303 0.236488 0.093909
v -0.277806 0.253448 0.089623
v -0.265393 0.238354 0.091786
v -0.267004 0.219051 0.098530
v -0.259329 0.221578 0.096447
v -0.249752 0.224841 0.094977
v -0.255487 0.241007 0.090390
v -0.233531 0.230219 0.093232
v -0.238290 0.245943 0.088660
v -0.215232 0.236018 0.092423
v -0.218996 0.252113 0.087826
v -0.204303 0.239428 0.093046
v -0.207655 0.256203 0.088529
v -0.196142 0.241607 0.094017
v -0.199224 0.259256 0.089372
v -0.205246 0.276157 0.084337
v -0.191517 0.261772 0.090541
v -0.198102 0.279925 0.085094
v -0.184612 0.264100 0.092181
v -0.192054 0.283576 0.086772
v -0.184654 0.265853 0.098191
v -0.192372 0.285058 0.092841
v -0.191360 0.265012 0.101360
v -0.198427 0.282700 0.096261
v -0.198831 0.263557 0.104191
v -0.205357 0.280131 0.099171
v -0.207039 0.261470 0.106217
v -0.195688 0.246228 0.108715
v -0.203570 0.244857 0.110530
v -0.214236 0.242343 0.112760
v -0.218111 0.258332 0.108787
v -0.232607 0.236887 0.115262
v -0.237192 0.252413 0.111065
v -0.249641 0.230772 0.115583
v -0.254919 0.246528 0.111267
v -0.259471 0.226872 0.115278
v -0.242797 0.214708 0.119922
v -0.252124 0.210272 0.119799
v -0.259270 0.206351 0.119140
v -0.267052 0.223533 0.114360
v -0.265703 0.202570 0.118044
v -0.273925 0.220247 0.113152
v -0.271086 0.198823 0.115350
v -0.280038 0.216950 0.110716
v -0.271190 0.197042 0.109338
v -0.280126 0.215095 0.104157
v -0.265431 0.199191 0.105847
v -0.273977 0.216751 0.100832
v -0.258881 0.201977 0.103364
v -0.255541 0.182495 0.110378
v -0.249407 0.185883 0.107891
v -0.242895 0.189399 0.105584
v -0.251703 0.205036 0.101084
v -0.234862 0.193529 0.103987
v -0.242921 0.208771 0.099539
v -0.222605 0.198883 0.102474
v -0.228410 0.214363 0.097825
v -0.208878 0.203756 0.101908
v -0.212026 0.219664 0.097014
v -0.199613 0.206376 0.102189
v -0.202008 0.222519 0.097530
v -0.191940 0.208065 0.102973
v -0.194123 0.224312 0.098377
v -0.185111 0.209629 0.104894
v -0.186990 0.225854 0.100045
v -0.188754 0.243374 0.095747
v -0.180498 0.227300 0.102360
v -0.181794 0.244789 0.097587
v -0.180172 0.228943 0.108141
v -0.181693 0.246491 0.103452
v -0.186550 0.229053 0.111223
v -0.188306 0.246722 0.106443
v -0.193535 0.228698 0.113592
v -0.184596 0.212484 0.115526
v -0.191435 0.211983 0.117719
v -0.198888 0.210985 0.119217
v -0.201303 0.227636 0.115165
v -0.207866 0.209159 0.120938
v -0.210997 0.225594 0.117030
v -0.221918 0.204743 0.123307
v -0.227566 0.220864 0.119534
v -0.234946 0.198895 0.124095
v -0.215730 0.189226 0.126536
v -0.226148 0.183804 0.127614
v -0.233293 0.179095 0.127875
v -0.243216 0.194313 0.124245
v -0.239032 0.174521 0.127043
v -0.249830 0.189994 0.123797
v -0.244348 0.170101 0.126528
v -0.255932 0.185774 0.123179
v -0.248843 0.165774 0.124242
v -0.261059 0.181573 0.120532
v -0.248745 0.164311 0.118557
v -0.261130 0.179688 0.113929
v -0.243984 0.167231 0.114990
v -0.235769 0.149753 0.122331
v -0.231604 0.152947 0.118962
v -0.226912 0.156804 0.116524
v -0.238572 0.170859 0.112413
v -0.221925 0.160877 0.114145
v -0.232795 0.174680 0.110071
v -0.216077 0.165344 0.112621
v -0.225761 0.179016 0.108415
v -0.208458 0.169948 0.111326
v -0.215873 0.184042 0.106978
v -0.200127 0.173809 0.110926
v -0.205177 0.188430 0.106637
v -0.192832 0.176208 0.111226
v -0.196685 0.190936 0.106707
v -0.186202 0.177856 0.111926
v -0.189432 0.192622 0.107574
v -0.180011 0.179390 0.113182
v -0.182784 0.194090 0.109014
v -0.174569 0.181028 0.115660
v -0.176928 0.195640 0.111544
v -0.178660 0.211015 0.106917
v -0.176456 0.197117 0.116662
v -0.178244 0.212600 0.112650
v -0.182491 0.196970 0.119439
v -0.174365 0.182299 0.120408
v -0.179865 0.181992 0.123161
v -0.186035 0.181198 0.124772
v -0.189054 0.196350 0.121316
v -0.192561 0.180020 0.126136
v -0.196173 0.195316 0.122767
v -0.199909 0.177973 0.127672
v -0.204331 0.193386 0.124418
v -0.208515 0.174280 0.129464
v -0.193855 0.163542 0.130818
v -0.200254 0.160306 0.132157
v -0.205947 0.155925 0.132998
v -0.216343 0.169432 0.130521
v -0.210496 0.151469 0.133805
v -0.222451 0.164718 0.131373
v -0.214570 0.146936 0.133701
v -0.227333 0.160105 0.130956
v -0.218381 0.142465 0.133011
v -0.231932 0.155521 0.130066
v -0.221692 0.138106 0.131072
v -0.236035 0.150985 0.128028
v -0.221538 0.137108 0.126386
v -0.206893 0.126929 0.133976
v -0.206607 0.126141 0.129477
v -0.203992 0.129316 0.126516
v -0.218135 0.140353 0.123090
v -0.201086 0.132964 0.124457
v -0.214323 0.144246 0.120739
v -0.197994 0.136650 0.122537
v -0.210309 0.148257 0.118547
v -0.194709 0.140505 0.121208
v -0.205894 0.152483 0.117040
v -0.190910 0.143742 0.120233
v -0.200138 0.156679 0.115812
v -0.186114 0.146180 0.119806
v -0.193724 0.159763 0.115375
v -0.181267 0.148005 0.120019
v -0.187688 0.161799 0.115588
v -0.176329 0.149632 0.120414
v -0.181803 0.163510 0.116144
v -0.171711 0.151159 0.121256
v -0.176209 0.165065 0.117028
v -0.167874 0.152864 0.123587
v -0.171504 0.166793 0.119627
v -0.168078 0.153963 0.127742
v -0.171319 0.168050 0.124300
v -0.172229 0.153500 0.130091
v -0.176381 0.167556 0.126858
v -0.176917 0.152525 0.131266
v -0.182008 0.166544 0.128198
v -0.181809 0.151256 0.132470
v -0.187808 0.165338 0.129467
v -0.186765 0.149627 0.133718
v -0.173908 0.136717 0.134905
v -0.177319 0.135032 0.135891
v -0.179970 0.133123 0.136720
v -0.191293 0.147214 0.134692
v -0.182524 0.130762 0.137303
v -0.194998 0.143675 0.135305
v -0.184990 0.127624 0.137662
v -0.198375 0.139422 0.135958
v -0.187108 0.124059 0.137168
v -0.201449 0.135261 0.135936
v -0.189147 0.120499 0.136664
v -0.204368 0.131093 0.135566
v -0.190825 0.117393 0.135713
v -0.172710 0.111194 0.138181
v -0.173654 0.108915 0.137799
v -0.173529 0.108821 0.135568
v -0.190668 0.116951 0.132773
v -0.172508 0.110951 0.133939
v -0.188821 0.119670 0.130606
v -0.171193 0.113484 0.132352
v -0.186847 0.122588 0.128731
v -0.169803 0.115137 0.131278
v -0.184565 0.125687 0.126929
v -0.168168 0.116889 0.130651
v -0.182132 0.128475 0.125814
v -0.166562 0.118632 0.130456
v -0.179709 0.130692 0.125218
v -0.164989 0.120286 0.130369
v -0.176790 0.132732 0.125063
v -0.163131 0.121877 0.130329
v -0.173172 0.134597 0.125364
v -0.161117 0.123152 0.130402
v -0.169682 0.136111 0.125652
v -0.158963 0.124551 0.130607
v -0.166166 0.137459 0.126125
v -0.157143 0.125892 0.131655
v -0.163235 0.138950 0.127884
v -0.157360 0.126216 0.133883
v -0.163472 0.139712 0.131222
v -0.159177 0.125428 0.135283
v -0.166631 0.139016 0.132965
v -0.161413 0.124230 0.136096
v -0.170163 0.137993 0.133933
v -0.163306 0.122984 0.136691
v -0.153752 0.116128 0.137155
v -0.155105 0.115079 0.137696
v -0.156395 0.113835 0.138085
v -0.165006 0.121537 0.137322
v -0.157662 0.112450 0.138427
v -0.166704 0.119885 0.137985
v -0.158901 0.111008 0.138720
v -0.168412 0.118077 0.138603
v -0.159875 0.109576 0.138840
v -0.170104 0.116069 0.139040
v -0.160679 0.107922 0.138738
v -0.171536 0.113761 0.138664
v -0.154444 0.106284 0.138755
v -0.154919 0.104807 0.138685
v -0.152155 0.104372 0.138698
v -0.152765 0.102805 0.138624
v -0.150299 0.102437 0.138630
v -0.151359 0.101870 0.138369
v -0.152909 0.102758 0.137540
v -0.150391 0.102613 0.137703
v -0.152187 0.103667 0.136844
v -0.154926 0.104896 0.135859
v -0.155421 0.103664 0.136369
v -0.160524 0.107470 0.134685
v -0.161224 0.106211 0.135523
v -0.154224 0.106178 0.135364
v -0.159451 0.108855 0.134000
v -0.153357 0.107442 0.134964
v -0.158305 0.110249 0.133499
v -0.152410 0.108689 0.134632
v -0.157103 0.111597 0.133204
v -0.151458 0.109875 0.134512
v -0.155881 0.112958 0.133053
v -0.150284 0.110890 0.134490
v -0.154683 0.114000 0.133063
v -0.148736 0.111566 0.134544
v -0.153381 0.115144 0.133159
v -0.148316 0.112556 0.136113
v -0.149565 0.112154 0.137138
v -0.152277 0.117066 0.136310
v -0.150845 0.111340 0.137869
v -0.149268 0.108089 0.138258
v -0.152007 0.110280 0.138280
v -0.150273 0.106922 0.138569
v -0.153030 0.109045 0.138567
v -0.151294 0.105695 0.138697
v -0.153906 0.107669 0.138760
v -0.148231 0.105284 0.138539
v -0.149311 0.103973 0.138587
v -0.146374 0.103802 0.138485
v -0.147512 0.102039 0.138561
v -0.148823 0.101577 0.138375
v -0.147674 0.102356 0.137733
v -0.149479 0.103576 0.137039
v -0.146647 0.103651 0.137228
v -0.148594 0.104842 0.136653
v -0.150649 0.105996 0.135864
v -0.151449 0.104798 0.136345
v -0.147703 0.106157 0.136324
v -0.149817 0.107287 0.135608
v -0.145572 0.105016 0.137010
v -0.144979 0.105219 0.138055
v -0.147173 0.106511 0.138260
vt 0.189835 0.184745
vt 0.194814 0.166473
vt 0.200806 0.165774
vt 0.199926 0.184633
vt 0.191794 0.197822
vt 0.180017 0.198824
vt 0.177823 0.191849
vt 0.175197 0.187151
vt 0.184443 0.180592
vt 0.190659 0.166126
vt 0.199928 0.199200
vt 0.042180 0.010213
vt 0.041173 0.008320
vt 0.041173 0.001232
vt 0.043771 0.007278
vt 0.179332 0.122925
vt 0.182175 0.124099
vt 0.183669 0.131514
vt 0.180571 0.131922
vt 0.603864 0.877030
vt 0.605111 0.868023
vt 0.607984 0.868941
vt 0.605912 0.876476
vt 0.013976 0.002412
vt 0.013412 0.002382
vt 0.014590 0.000199
vt 0.014590 0.002918
vt 0.003353 0.022465
vt 0.003461 0.020965
vt 0.004377 0.020369
vt 0.004377 0.023344
vt 0.186904 0.116165
vt 0.190462 0.124174
vt 0.187558 0.124264
vt 0.185133 0.118545
vt 0.015586 0.006827
vt 0.016049 0.010202
vt 0.016049 0.017508
vt 0.014838 0.015501
vt 0.016489 0.001285
vt 0.017508 0.004377
vt 0.016696 0.004267
vt 0.015942 0.004377
vt 0.046403 0.007391
vt 0.047826 0.006774
vt 0.047340 0.010584
vt 0.045980 0.010616
vt 0.470811 0.992647
vt 0.470384 0.989681
vt 0.471924 0.990118
vt 0.472246 0.993205
vt 0.048587 0.001192
vt 0.048892 0.002140
vt 0.473489 0.997700
vt 0.472991 0.998822
vt 0.012471 0.013615
vt 0.011762 0.009864
vt 0.012370 0.000929
vt 0.013441 0.010349
vt 0.099370 0.181735
vt 0.090800 0.194704
vt 0.080590 0.182216
vt 0.092100 0.167606
vt 0.113361 0.186269
vt 0.101482 0.205924
vt 0.108370 0.166338
vt 0.083552 0.231932
vt 0.052764 0.244187
vt 0.047594 0.224631
vt 0.073213 0.213967
vt 0.105710 0.236369
vt 0.100894 0.259136
vt 0.079245 0.261478
vt 0.117173 0.215803
vt 0.219668 0.149463
vt 0.224084 0.145989
vt 0.227678 0.149196
vt 0.222490 0.159858
vt 0.210952 0.143636
vt 0.218390 0.137476
vt 0.212735 0.160737
vt 0.395969 0.287100
vt 0.388277 0.292841
vt 0.380684 0.287982
vt 0.388805 0.276351
vt 0.411158 0.290409
vt 0.396798 0.298964
vt 0.405545 0.278367
vt 0.438361 0.658182
vt 0.438657 0.658385
vt 0.437948 0.659391
vt 0.437616 0.658974
vt 0.057939 0.017508
vt 0.057939 0.016531
vt 0.058361 0.016619
vt 0.058277 0.017172
vt 0.001369 0.002418
vt 0.001649 0.002984
vt 0.001027 0.003136
vt 0.001059 0.002596
vt 0.438676 0.658919
vt 0.438298 0.659766
vt 0.018967 0.073709
vt 0.014441 0.081706
vt 0.014039 0.063348
vt 0.018967 0.059534
vt 0.594312 0.288088
vt 0.594323 0.282083
vt 0.599778 0.281703
vt 0.596920 0.288451
vt 0.200425 0.128661
vt 0.203471 0.119833
vt 0.204264 0.117353
vt 0.204264 0.137149
vt 0.585517 0.290725
vt 0.593976 0.281915
vt 0.148583 0.789871
vt 0.149588 0.775960
vt 0.157829 0.774947
vt 0.157418 0.781467
vt 0.022081 0.367676
vt 0.019830 0.367463
vt 0.018832 0.364474
vt 0.024523 0.363426
vt 0.291925 0.276631
vt 0.286804 0.274079
vt 0.285809 0.270977
vt 0.294724 0.276416
vt 0.962608 0.344914
vt 0.969569 0.353652
vt 0.967002 0.355838
vt 0.962647 0.350286
vt 0.290765 0.280134
vt 0.292360 0.278812
vt 0.968779 0.341787
vt 0.974081 0.351215
vt 0.961948 0.332914
vt 0.965540 0.332203
vt 0.018569 0.366991
vt 0.016689 0.366579
vt 0.127812 0.710779
vt 0.124466 0.709156
vt 0.129858 0.704133
vt 0.132248 0.708863
vt 0.567041 0.217165
vt 0.564244 0.213645
vt 0.568152 0.209550
vt 0.569988 0.216168
vt 0.564479 0.224881
vt 0.561566 0.223419
vt 0.350557 0.254478
vt 0.348760 0.257207
vt 0.345068 0.248381
vt 0.348062 0.246912
vt 0.557870 0.222460
vt 0.559329 0.213964
vt 0.558387 0.208478
vt 0.562424 0.207914
vt 0.565847 0.206481
vt 0.992568 0.795878
vt 0.990494 0.793341
vt 0.991382 0.786069
vt 0.994003 0.785333
vt 0.087385 0.053829
vt 0.097129 0.054734
vt 0.097412 0.058361
vt 0.090489 0.057168
vt 0.567930 0.204023
vt 0.570941 0.208097
vt 0.351798 0.264085
vt 0.346295 0.259307
vt 0.353086 0.261130
vt 0.667933 0.314480
vt 0.670862 0.315865
vt 0.665632 0.318069
vt 0.664319 0.314393
vt 0.259924 0.115811
vt 0.262339 0.117985
vt 0.262663 0.122163
vt 0.260451 0.121991
vt 0.124487 0.705350
vt 0.129721 0.701541
vt 0.001428 0.003423
vt 0.000655 0.003391
vt 0.716003 0.000856
vt 0.715771 0.001576
vt 0.715418 0.001308
vt 0.715552 0.000653
vt 0.058361 0.058361
vt 0.057997 0.058011
vt 0.057711 0.057653
vt 0.058361 0.057621
vt 0.002106 0.006561
vt 0.001515 0.006243
vt 0.001618 0.004744
vt 0.002329 0.005274
vt 0.712456 0.001583
vt 0.713763 0.001659
vt 0.709979 0.003624
vt 0.709454 0.002632
vt 0.709028 0.001864
vt 0.712735 0.000975
vt 0.020968 0.067115
vt 0.021000 0.064716
vt 0.021558 0.064878
vt 0.021209 0.066992
vt 0.000246 0.004426
vt 0.000367 0.004449
vt 0.000705 0.003884
vt 0.000739 0.004765
vt 0.000601 0.006683
vt 0.000386 0.006633
vt 0.157539 0.127646
vt 0.159049 0.126768
vt 0.164935 0.127081
vt 0.159949 0.127971
vt 0.831421 0.720520
vt 0.860534 0.723912
vt 0.855406 0.742759
vt 0.830054 0.743940
vt 0.812637 0.746472
vt 0.812494 0.724696
vt 0.806617 0.712539
vt 0.816606 0.707466
vt 0.824549 0.699601
vt 0.840244 0.707300
vt 0.865473 0.713489
vt 0.609169 0.883046
vt 0.608124 0.880981
vt 0.609888 0.878451
vt 0.611875 0.880460
vt 0.184641 0.116887
vt 0.183060 0.119973
vt 0.182712 0.118461
vt 0.016831 0.057500
vt 0.017508 0.057323
vt 0.017508 0.058361
vt 0.016907 0.057599
vt 0.476459 0.999366
vt 0.475475 0.999209
vt 0.475381 0.998213
vt 0.476295 0.997955
vt 0.052057 0.000679
vt 0.052057 0.001732
vt 0.050933 0.001827
vt 0.051053 0.000819
vt 0.023345 0.054749
vt 0.023345 0.055443
vt 0.023074 0.055253
vt 0.022976 0.055011
vt 0.016049 0.043771
vt 0.015701 0.043286
vt 0.015861 0.043135
vt 0.016049 0.042851
vt 0.054384 0.003406
vt 0.054341 0.009773
vt 0.053307 0.009811
vt 0.053713 0.004288
vt 0.478790 0.996621
vt 0.477819 0.995697
vt 0.477827 0.990187
vt 0.478753 0.990256
vt 0.193648 0.125117
vt 0.194484 0.128704
vt 0.192363 0.129257
vt 0.030640 0.034648
vt 0.030640 0.043771
vt 0.028267 0.042175
vt 0.029490 0.038132
vt 0.200513 0.136184
vt 0.206296 0.146568
vt 0.203099 0.147454
vt 0.197701 0.135122
vt 0.287725 0.115940
vt 0.290455 0.113510
vt 0.287759 0.125541
vt 0.283890 0.125303
vt 0.021523 0.021338
vt 0.021653 0.026263
vt 0.021206 0.026117
vt 0.021206 0.020089
vt 0.528702 0.008638
vt 0.529108 0.008117
vt 0.529661 0.013690
vt 0.528938 0.013770
vt 0.021492 0.018800
vt 0.021885 0.020722
vt 0.534072 0.002727
vt 0.534434 0.003492
vt 0.533541 0.003846
vt 0.533223 0.002759
vt 0.532947 0.001317
vt 0.533608 0.001344
vt 0.958513 0.997271
vt 0.958049 0.998643
vt 0.957091 0.998658
vt 0.957624 0.997261
vt 0.957976 0.996052
vt 0.958899 0.996177
vt 0.017482 0.000212
vt 0.017508 0.000756
vt 0.017179 0.001459
vt 0.017179 0.000571
vt 0.039394 0.014590
vt 0.039306 0.013136
vt 0.039306 0.006739
vt 0.040853 0.012895
vt 0.612491 0.812362
vt 0.598683 0.805905
vt 0.599735 0.799667
vt 0.613369 0.799614
vt 0.608066 0.817660
vt 0.597082 0.811777
vt 0.622392 0.798781
vt 0.623733 0.813468
vt 0.241409 0.151896
vt 0.234142 0.148463
vt 0.244994 0.140088
vt 0.256790 0.147955
vt 0.239174 0.161634
vt 0.232554 0.150581
vt 0.254316 0.165347
vt 0.532952 0.831862
vt 0.541258 0.838879
vt 0.538877 0.847378
vt 0.525810 0.842448
vt 0.530903 0.814518
vt 0.545086 0.826299
vt 0.520355 0.828142
vt 0.534587 0.754468
vt 0.536367 0.728555
vt 0.562845 0.733889
vt 0.564173 0.753634
vt 0.522147 0.773319
vt 0.499144 0.758135
vt 0.504972 0.740690
vt 0.510625 0.720632
vt 0.523075 0.408609
vt 0.529334 0.400406
vt 0.538357 0.406049
vt 0.528050 0.416347
vt 0.515558 0.422701
vt 0.513567 0.411687
vt 0.515778 0.398571
vt 0.081331 0.045220
vt 0.084406 0.035812
vt 0.105176 0.040407
vt 0.106305 0.049664
vt 0.061796 0.047353
vt 0.056324 0.040817
vt 0.069670 0.036843
vt 0.086897 0.058361
vt 0.067172 0.057214
vt 0.500058 0.600862
vt 0.487524 0.578122
vt 0.496441 0.571834
vt 0.508459 0.592646
vt 0.074504 0.032541
vt 0.545935 0.386178
vt 0.558305 0.398401
vt 0.546372 0.413380
vt 0.534960 0.385969
vt 0.557641 0.374511
vt 0.569095 0.386070
vt 0.538907 0.368274
vt 0.546433 0.361656
vt 0.530996 0.371314
vt 0.482630 0.404451
vt 0.494728 0.389654
vt 0.504030 0.397051
vt 0.499843 0.413166
vt 0.500280 0.425051
vt 0.482374 0.423192
vt 0.466673 0.421859
vt 0.466321 0.404199
vt 0.332435 0.278416
vt 0.331496 0.272703
vt 0.343367 0.273441
vt 0.341171 0.281739
vt 0.338289 0.288807
vt 0.327628 0.281278
vt 0.324423 0.274790
vt 0.509048 0.387951
vt 0.505804 0.379854
vt 0.518957 0.386692
vt 0.518788 0.374172
vt 0.526171 0.362260
vt 0.516644 0.363263
vt 0.517898 0.354585
vt 0.529558 0.358526
vt 0.196498 0.063257
vt 0.190014 0.065656
vt 0.190014 0.053662
vt 0.198428 0.053273
vt 0.347355 0.054596
vt 0.348949 0.064063
vt 0.331117 0.065116
vt 0.330255 0.060456
vt 0.495556 0.308722
vt 0.512387 0.312584
vt 0.510525 0.318576
vt 0.492069 0.317345
vt 0.367988 0.060101
vt 0.368886 0.064175
vt 0.473061 0.319450
vt 0.473615 0.312045
vt 0.735460 0.026959
vt 0.736136 0.035098
vt 0.724648 0.034281
vt 0.728797 0.022852
vt 0.733875 0.015628
vt 0.740970 0.022807
vt 0.746782 0.033140
vt 0.005836 0.007325
vt 0.005684 0.009387
vt 0.005681 0.014590
vt 0.004353 0.009493
vt 0.882418 0.370475
vt 0.880922 0.369396
vt 0.881385 0.368200
vt 0.883026 0.369070
vt 0.054212 0.056380
vt 0.055443 0.057074
vt 0.055443 0.058361
vt 0.054265 0.057819
vt 0.058361 0.046689
vt 0.057203 0.046689
vt 0.057271 0.045301
vt 0.058153 0.045315
vt 0.040853 0.019829
vt 0.039549 0.020426
vt 0.039418 0.018509
vt 0.040745 0.018455
vt 0.036677 0.027028
vt 0.036973 0.027340
vt 0.037935 0.031439
vt 0.036677 0.032099
vt 0.775420 0.214567
vt 0.770030 0.211687
vt 0.771069 0.210113
vt 0.775547 0.213910
vt 0.057286 0.004740
vt 0.058361 0.004823
vt 0.057231 0.005836
vt 0.057231 0.004427
vt 0.696151 0.391391
vt 0.690225 0.386354
vt 0.699530 0.378643
vt 0.704526 0.388500
vt 0.693836 0.399394
vt 0.684050 0.395332
vt 0.706716 0.400772
vt 0.398898 0.058191
vt 0.402693 0.063200
vt 0.402070 0.065901
vt 0.398041 0.066209
vt 0.392550 0.065585
vt 0.393255 0.058445
vt 0.393387 0.052049
vt 0.400706 0.050111
vt 0.660866 0.412926
vt 0.653198 0.410581
vt 0.656755 0.396549
vt 0.667091 0.404248
vt 0.289404 0.278414
vt 0.290347 0.291806
vt 0.279799 0.291806
vt 0.282827 0.278838
vt 0.664973 0.417729
vt 0.662644 0.408280
vt 0.669646 0.412193
vt 0.667787 0.418346
vt 0.653359 0.410800
vt 0.654386 0.401363
vt 0.657993 0.431756
vt 0.646404 0.424114
vt 0.225681 0.595921
vt 0.228760 0.598539
vt 0.228238 0.598503
vt 0.217804 0.604786
vt 0.228435 0.586609
vt 0.233497 0.594180
vt 0.214247 0.591192
vt 0.232308 0.599747
vt 0.238101 0.606031
vt 0.230516 0.613138
vt 0.058361 0.055443
vt 0.054199 0.053239
vt 0.056250 0.050391
vt 0.058361 0.049334
vt 0.398043 0.579236
vt 0.393775 0.575057
vt 0.397455 0.570501
vt 0.405985 0.572948
vt 0.023345 0.004661
vt 0.023153 0.014590
vt 0.023345 0.014128
vt 0.021897 0.010364
vt 0.233374 0.595490
vt 0.236760 0.592570
vt 0.065430 0.112454
vt 0.067109 0.111688
vt 0.068189 0.115163
vt 0.065608 0.114923
vt 0.412323 0.574924
vt 0.406159 0.573541
vt 0.413836 0.573405
vt 0.053298 0.044613
vt 0.055443 0.043452
vt 0.055443 0.045548
vt 0.053624 0.051066
vt 0.780950 0.993764
vt 0.777839 0.999175
vt 0.778278 0.999046
vt 0.775659 0.989902
vt 0.790468 0.982537
vt 0.797781 0.962236
vt 0.809156 0.963800
vt 0.800647 0.982559
vt 0.780295 0.978780
vt 0.785348 0.959878
vt 0.402201 0.528497
vt 0.393518 0.533181
vt 0.388835 0.515657
vt 0.402253 0.514389
vt 0.416825 0.515536
vt 0.411277 0.533376
vt 0.401955 0.544300
vt 0.027897 0.043811
vt 0.029181 0.046903
vt 0.029181 0.052525
vt 0.027400 0.047273
vt 0.464452 0.632160
vt 0.464624 0.632806
vt 0.462775 0.632650
vt 0.462664 0.631991
vt 0.301667 0.110534
vt 0.299860 0.110690
vt 0.300025 0.109966
vt 0.302111 0.110043
vt 0.302970 0.110426
vt 0.301964 0.110753
vt 0.266071 0.605763
vt 0.274888 0.608334
vt 0.270040 0.618701
vt 0.259700 0.609887
vt 0.253775 0.600197
vt 0.262975 0.597701
vt 0.276620 0.596645
vt 0.127637 0.622326
vt 0.151751 0.617317
vt 0.159376 0.634814
vt 0.139984 0.642782
vt 0.121797 0.650981
vt 0.113308 0.635873
vt 0.000707 0.364767
vt 0.019491 0.369317
vt 0.013052 0.384063
vt 0.000707 0.385184
vt 0.106252 0.615371
vt 0.106262 0.600388
vt 0.126382 0.601944
vt 0.147516 0.600896
vt 0.094388 0.635008
vt 0.081537 0.635115
vt 0.084345 0.622447
vt 0.102116 0.626341
vt 0.139391 0.559972
vt 0.145740 0.551926
vt 0.154991 0.563842
vt 0.142046 0.570426
vt 0.123955 0.570633
vt 0.125593 0.555407
vt 0.129348 0.541426
vt 0.083115 0.005134
vt 0.109348 0.001712
vt 0.107239 0.011006
vt 0.085436 0.015648
vt 0.073314 0.023325
vt 0.068349 0.018063
vt 0.053862 0.013904
vt 0.061318 0.004616
vt 0.081525 0.402544
vt 0.097599 0.384081
vt 0.107373 0.396185
vt 0.094619 0.414966
vt 0.083129 0.435523
vt 0.069895 0.426782
vt 0.084685 0.029610
vt 0.077670 0.030185
vt 0.076012 0.027670
vt 0.085928 0.023289
vt 0.105968 0.020657
vt 0.105239 0.030488
vt 0.055105 0.586954
vt 0.051103 0.566120
vt 0.070721 0.565917
vt 0.073373 0.581082
vt 0.036560 0.584080
vt 0.036025 0.563882
vt 0.048445 0.604711
vt 0.036134 0.602196
vt 0.074883 0.596260
vt 0.064199 0.598095
vt 0.060306 0.611622
vt 0.055727 0.623679
vt 0.046427 0.621489
vt 0.061042 0.640669
vt 0.046579 0.639329
vt 0.065115 0.626914
vt 0.367266 0.027102
vt 0.362185 0.027323
vt 0.362279 0.022249
vt 0.368711 0.024075
vt 0.368663 0.030694
vt 0.362347 0.033196
vt 0.313079 0.263912
vt 0.316059 0.261603
vt 0.317440 0.265844
vt 0.312781 0.267564
vt 0.072788 0.610134
vt 0.072050 0.620737
vt 0.087020 0.611273
vt 0.088512 0.597097
vt 0.089971 0.581523
vt 0.106173 0.584786
vt 0.090333 0.565920
vt 0.106773 0.567858
vt 0.124767 0.586497
vt 0.144227 0.584935
vt 0.161729 0.578377
vt 0.167675 0.594385
vt 0.176551 0.568851
vt 0.186067 0.584933
vt 0.195030 0.600543
vt 0.173732 0.610212
vt 0.200788 0.615484
vt 0.180165 0.625868
vt 0.205344 0.631541
vt 0.186279 0.642013
vt 0.167057 0.651275
vt 0.192434 0.657972
vt 0.173448 0.666765
vt 0.153806 0.674892
vt 0.148176 0.659796
vt 0.132916 0.681305
vt 0.128699 0.667315
vt 0.110659 0.684614
vt 0.107532 0.673085
vt 0.103002 0.658153
vt 0.099224 0.644482
vt 0.085343 0.675888
vt 0.081247 0.662326
vt 0.080508 0.646479
vt 0.062254 0.662642
vt 0.065356 0.677230
vt 0.048177 0.674552
vt 0.047330 0.660372
vt 0.038026 0.671164
vt 0.039414 0.657931
vt 0.038618 0.638015
vt 0.032842 0.637511
vt 0.030719 0.619235
vt 0.037135 0.619976
vt 0.034221 0.656097
vt 0.341091 0.018563
vt 0.340813 0.023363
vt 0.323847 0.022456
vt 0.323308 0.016341
vt 0.031889 0.668695
vt 0.353871 0.018016
vt 0.353361 0.022597
vt 0.352958 0.028225
vt 0.340388 0.028971
vt 0.362577 0.017552
vt 0.029026 0.676966
vt 0.035778 0.679250
vt 0.035030 0.685565
vt 0.028357 0.683443
vt 0.369090 0.019773
vt 0.320649 0.258411
vt 0.328190 0.254746
vt 0.330557 0.259553
vt 0.322594 0.262947
vt 0.331653 0.265976
vt 0.323569 0.268780
vt 0.318026 0.271386
vt 0.319326 0.277630
vt 0.314730 0.280111
vt 0.312781 0.273537
vt 0.369135 0.036449
vt 0.368824 0.042268
vt 0.362135 0.044596
vt 0.362337 0.039107
vt 0.353034 0.044314
vt 0.352967 0.039727
vt 0.352781 0.034191
vt 0.340121 0.040213
vt 0.340159 0.034676
vt 0.322541 0.042479
vt 0.323473 0.036051
vt 0.323879 0.029147
vt 0.306351 0.037117
vt 0.307001 0.029379
vt 0.306952 0.021702
vt 0.289512 0.029549
vt 0.289503 0.021244
vt 0.288795 0.013768
vt 0.306028 0.015019
vt 0.270799 0.020708
vt 0.270538 0.012608
vt 0.028797 0.601054
vt 0.027436 0.581955
vt 0.250045 0.020484
vt 0.250413 0.011658
vt 0.027218 0.561208
vt 0.227778 0.020109
vt 0.228239 0.010516
vt 0.027993 0.538603
vt 0.037465 0.541386
vt 0.030963 0.514977
vt 0.040261 0.517812
vt 0.053243 0.521424
vt 0.050441 0.544649
vt 0.069747 0.526135
vt 0.068381 0.547269
vt 0.088560 0.529590
vt 0.089383 0.547451
vt 0.110507 0.533482
vt 0.108088 0.549691
vt 0.092880 0.510642
vt 0.114308 0.518004
vt 0.134414 0.527523
vt 0.120342 0.502190
vt 0.140650 0.512824
vt 0.159388 0.525691
vt 0.152106 0.539166
vt 0.175817 0.541565
vt 0.165751 0.553580
vt 0.189693 0.557970
vt 0.185471 0.529521
vt 0.202278 0.547585
vt 0.220407 0.568861
vt 0.203162 0.575204
vt 0.213250 0.536503
vt 0.231212 0.559734
vt 0.251088 0.584037
vt 0.244419 0.575721
vt 0.255068 0.560686
vt 0.264836 0.572201
vt 0.275892 0.583394
vt 0.260488 0.594705
vt 0.248466 0.601181
vt 0.243285 0.591002
vt 0.767817 0.974774
vt 0.749463 0.971291
vt 0.750367 0.952032
vt 0.769537 0.956267
vt 0.750537 0.933118
vt 0.770361 0.935487
vt 0.787718 0.938439
vt 0.770290 0.918982
vt 0.788601 0.921317
vt 0.805074 0.924428
vt 0.802505 0.941252
vt 0.820798 0.928000
vt 0.816416 0.943969
vt 0.836531 0.932417
vt 0.831397 0.947223
vt 0.823169 0.965120
vt 0.812984 0.982868
vt 0.847774 0.951290
vt 0.839883 0.967521
vt 0.226122 0.638965
vt 0.210500 0.648247
vt 0.220797 0.621366
vt 0.865208 0.955827
vt 0.858427 0.970963
vt 0.852987 0.937275
vt 0.869898 0.942697
vt 0.887505 0.948807
vt 0.883098 0.960686
vt 0.876739 0.974643
vt 0.905383 0.956133
vt 0.901047 0.966725
vt 0.894938 0.979207
vt 0.922636 0.965328
vt 0.918173 0.974373
vt 0.912524 0.985040
vt 0.938341 0.976655
vt 0.933787 0.984433
vt 0.135202 0.690688
vt 0.112039 0.692771
vt 0.950622 0.990373
vt 0.946046 0.996906
vt 0.089393 0.690931
vt 0.088239 0.684665
vt 0.213019 0.240676
vt 0.205305 0.242199
vt 0.206363 0.224345
vt 0.213019 0.223300
vt 0.067919 0.685321
vt 0.068795 0.690872
vt 0.048243 0.689095
vt 0.047901 0.682700
vt 0.369762 0.105603
vt 0.350279 0.106509
vt 0.350884 0.099853
vt 0.370435 0.100956
vt 0.341733 0.252184
vt 0.343730 0.257655
vt 0.352684 0.094064
vt 0.370456 0.094045
vt 0.344332 0.265045
vt 0.353913 0.085968
vt 0.370594 0.085724
vt 0.333131 0.093068
vt 0.333849 0.085573
vt 0.333791 0.077897
vt 0.353337 0.077504
vt 0.370284 0.077128
vt 0.332759 0.070800
vt 0.351001 0.070151
vt 0.369494 0.069497
vt 0.493582 0.303517
vt 0.513234 0.300232
vt 0.513090 0.306833
vt 0.494240 0.308562
vt 0.311323 0.077330
vt 0.311191 0.070358
vt 0.535691 0.299298
vt 0.534358 0.305874
vt 0.558644 0.302340
vt 0.556087 0.308989
vt 0.552535 0.317389
vt 0.532413 0.313054
vt 0.547176 0.328938
vt 0.529031 0.322287
vt 0.540335 0.341480
vt 0.524518 0.333860
vt 0.507687 0.328614
vt 0.520561 0.345277
vt 0.504817 0.341774
vt 0.488809 0.341094
vt 0.490267 0.326448
vt 0.474524 0.342114
vt 0.473811 0.327751
vt 0.465453 0.343497
vt 0.463473 0.329755
vt 0.460900 0.321755
vt 0.456941 0.331751
vt 0.453301 0.323274
vt 0.452622 0.316624
vt 0.459755 0.314955
vt 0.319787 0.287651
vt 0.323711 0.285014
vt 0.460043 0.310002
vt 0.473954 0.307519
vt 0.334714 0.293265
vt 0.459888 0.344584
vt 0.466211 0.363426
vt 0.459601 0.363849
vt 0.339850 0.044804
vt 0.321114 0.048310
vt 0.466616 0.383169
vt 0.458166 0.383199
vt 0.302594 0.051083
vt 0.304773 0.044358
vt 0.284031 0.053248
vt 0.286637 0.045689
vt 0.288511 0.037856
vt 0.267760 0.047115
vt 0.269438 0.038666
vt 0.270442 0.029715
vt 0.248520 0.039479
vt 0.249312 0.030070
vt 0.226583 0.040738
vt 0.227262 0.030365
vt 0.203279 0.041530
vt 0.203793 0.030898
vt 0.204177 0.020190
vt 0.179474 0.031274
vt 0.179829 0.020462
vt 0.180358 0.010396
vt 0.204573 0.010231
vt 0.155126 0.020647
vt 0.156002 0.010364
vt 0.035900 0.491259
vt 0.042750 0.467873
vt 0.051715 0.471667
vt 0.045068 0.494443
vt 0.065273 0.477505
vt 0.058502 0.498875
vt 0.082223 0.484869
vt 0.075451 0.504565
vt 0.100374 0.492987
vt 0.090287 0.465567
vt 0.108411 0.475389
vt 0.127847 0.486035
vt 0.117565 0.457880
vt 0.136829 0.470465
vt 0.156850 0.484077
vt 0.148143 0.498296
vt 0.176646 0.499882
vt 0.167611 0.512566
vt 0.195292 0.517627
vt 0.186222 0.487376
vt 0.205311 0.505370
vt 0.223570 0.523559
vt 0.215326 0.492616
vt 0.234043 0.510375
vt 0.251554 0.527904
vt 0.241302 0.542897
vt 0.267339 0.544392
vt 0.262331 0.514004
vt 0.278621 0.529518
vt 0.292661 0.542802
vt 0.279777 0.557536
vt 0.306003 0.554727
vt 0.291989 0.569588
vt 0.728693 0.968347
vt 0.708373 0.967276
vt 0.708261 0.948500
vt 0.729432 0.949487
vt 0.707235 0.931133
vt 0.729117 0.931531
vt 0.706208 0.916491
vt 0.728669 0.916360
vt 0.750202 0.917260
vt 0.728080 0.903330
vt 0.749668 0.903888
vt 0.769790 0.905062
vt 0.112983 0.092015
vt 0.095495 0.091511
vt 0.095768 0.076752
vt 0.113430 0.076950
vt 0.130643 0.077363
vt 0.130512 0.092212
vt 0.788536 0.907402
vt 0.147914 0.077955
vt 0.147654 0.092572
vt 0.805950 0.910721
vt 0.165228 0.078608
vt 0.164760 0.092964
vt 0.165707 0.106509
vt 0.149633 0.106350
vt 0.183155 0.079387
vt 0.182513 0.093153
vt 0.182773 0.106259
vt 0.201700 0.080321
vt 0.200947 0.093354
vt 0.201059 0.105639
vt 0.221231 0.081605
vt 0.220529 0.093303
vt 0.220581 0.104439
vt 0.241799 0.082773
vt 0.241239 0.093317
vt 0.241285 0.103213
vt 0.263905 0.083725
vt 0.263443 0.093209
vt 0.263293 0.101920
vt 0.287511 0.084583
vt 0.286973 0.092950
vt 0.286350 0.100653
vt 0.311245 0.085150
vt 0.310663 0.092887
vt 0.309707 0.099725
vt 0.331613 0.099754
vt 0.287829 0.076191
vt 0.264693 0.074439
vt 0.265828 0.065994
vt 0.288127 0.068553
vt 0.242985 0.072447
vt 0.244812 0.063020
vt 0.580137 0.307959
vt 0.599789 0.315581
vt 0.594816 0.324048
vt 0.576377 0.315450
vt 0.587918 0.335590
vt 0.571261 0.325558
vt 0.578930 0.349069
vt 0.563873 0.338250
vt 0.568521 0.362592
vt 0.554990 0.351475
vt 0.534328 0.351491
vt 0.593093 0.359917
vt 0.581428 0.373082
vt 0.607644 0.371190
vt 0.595582 0.384462
vt 0.582765 0.397956
vt 0.610099 0.396013
vt 0.595959 0.410158
vt 0.581623 0.424446
vt 0.570128 0.411046
vt 0.566256 0.438929
vt 0.556075 0.425033
vt 0.549721 0.452117
vt 0.540886 0.437523
vt 0.533634 0.425419
vt 0.524034 0.447779
vt 0.518501 0.433588
vt 0.505549 0.454810
vt 0.501367 0.437889
vt 0.487094 0.459151
vt 0.483226 0.439765
vt 0.471308 0.461706
vt 0.468016 0.440685
vt 0.459617 0.463181
vt 0.457042 0.441679
vt 0.456288 0.421710
vt 0.265557 0.054577
vt 0.245931 0.056525
vt 0.247374 0.048211
vt 0.456609 0.402641
vt 0.224381 0.058361
vt 0.225714 0.050112
vt 0.451041 0.464187
vt 0.463639 0.485353
vt 0.454687 0.487024
vt 0.202631 0.051206
vt 0.469534 0.507203
vt 0.460118 0.509930
vt 0.179064 0.051811
vt 0.179193 0.042050
vt 0.155182 0.052116
vt 0.154646 0.042324
vt 0.154682 0.031577
vt 0.129875 0.041649
vt 0.129605 0.031089
vt 0.130251 0.020591
vt 0.131537 0.010380
vt 0.133563 0.000950
vt 0.051499 0.444842
vt 0.060058 0.449308
vt 0.073497 0.456486
vt 0.099821 0.446374
vt 0.110848 0.428076
vt 0.128055 0.441421
vt 0.122824 0.411131
vt 0.139304 0.425697
vt 0.157096 0.440920
vt 0.146695 0.455542
vt 0.176056 0.456954
vt 0.166299 0.470402
vt 0.195823 0.474574
vt 0.186220 0.443502
vt 0.205295 0.461512
vt 0.224915 0.479638
vt 0.215274 0.448498
vt 0.234391 0.466744
vt 0.254037 0.484045
vt 0.244261 0.497181
vt 0.272725 0.500174
vt 0.263671 0.471058
vt 0.282824 0.486375
vt 0.300263 0.500136
vt 0.289618 0.514837
vt 0.315686 0.512149
vt 0.304508 0.527589
vt 0.330220 0.522565
vt 0.318613 0.538957
vt 0.688170 0.967189
vt 0.668071 0.967758
vt 0.666147 0.950280
vt 0.687260 0.948915
vt 0.663725 0.934645
vt 0.685454 0.932213
vt 0.661701 0.921581
vt 0.683651 0.918411
vt 0.660259 0.910724
vt 0.682408 0.906897
vt 0.705440 0.904276
vt 0.918223 0.600786
vt 0.917940 0.578199
vt 0.927728 0.579931
vt 0.928736 0.602558
vt 0.059482 0.090552
vt 0.060153 0.077225
vt 0.078014 0.077029
vt 0.077277 0.091050
vt 0.931064 0.624080
vt 0.942115 0.602909
vt 0.945212 0.624123
vt 0.948828 0.644052
vt 0.934089 0.644330
vt 0.961524 0.622633
vt 0.966270 0.641885
vt 0.971846 0.658638
vt 0.952685 0.662062
vt 0.937811 0.662514
vt 0.976204 0.673253
vt 0.956681 0.678311
vt 0.941730 0.679396
vt 0.979339 0.687351
vt 0.960873 0.693195
vt 0.133743 0.062954
vt 0.150387 0.063847
vt 0.981724 0.702189
vt 0.965459 0.707659
vt 0.167176 0.064689
vt 0.985344 0.716814
vt 0.970716 0.721524
vt 0.185056 0.066183
vt 0.989618 0.731555
vt 0.976152 0.735453
vt 0.203545 0.068008
vt 0.206253 0.056943
vt 0.225136 0.060027
vt 0.222826 0.070407
vt 0.617785 0.324289
vt 0.634889 0.333289
vt 0.627722 0.344556
vt 0.611697 0.333916
vt 0.618275 0.357973
vt 0.603287 0.346492
vt 0.642916 0.356246
vt 0.633484 0.370411
vt 0.623039 0.382874
vt 0.646957 0.383859
vt 0.637377 0.394638
vt 0.623730 0.406559
vt 0.647943 0.406726
vt 0.635171 0.416452
vt 0.620941 0.431910
vt 0.608555 0.421782
vt 0.604599 0.449890
vt 0.593058 0.437566
vt 0.587057 0.467203
vt 0.576590 0.453244
vt 0.568167 0.482209
vt 0.558937 0.467287
vt 0.548403 0.494852
vt 0.539856 0.478708
vt 0.531653 0.462935
vt 0.520179 0.488469
vt 0.512420 0.471670
vt 0.501257 0.496534
vt 0.493714 0.478147
vt 0.483573 0.502888
vt 0.476800 0.482611
vt 0.509176 0.514797
vt 0.491385 0.522819
vt 0.476887 0.528951
vt 0.500537 0.542681
vt 0.485956 0.550393
vt 0.476567 0.555299
vt 0.467526 0.532678
vt 0.131049 0.051698
vt 0.511061 0.562311
vt 0.528416 0.551162
vt 0.539836 0.567982
vt 0.522788 0.581005
vt 0.518133 0.533113
vt 0.537251 0.522475
vt 0.547315 0.538941
vt 0.528365 0.505461
vt 0.557391 0.510535
vt 0.577733 0.496899
vt 0.587889 0.510329
vt 0.567332 0.525491
vt 0.598689 0.522880
vt 0.578081 0.539624
vt 0.558227 0.554342
vt 0.588809 0.553002
vt 0.569518 0.568805
vt 0.551607 0.583395
vt 0.581414 0.582875
vt 0.564330 0.598229
vt 0.548741 0.612698
vt 0.534474 0.597601
vt 0.537416 0.624797
vt 0.520905 0.609903
vt 0.564695 0.627718
vt 0.555027 0.639475
vt 0.550302 0.646086
vt 0.532161 0.631566
vt 0.514791 0.617256
vt 0.546368 0.651724
vt 0.528584 0.637549
vt 0.512592 0.623635
vt 0.540986 0.658683
vt 0.522980 0.644862
vt 0.507859 0.631697
vt 0.515881 0.654841
vt 0.500719 0.643242
vt 0.491416 0.637050
vt 0.497718 0.623070
vt 0.501414 0.612787
vt 0.484887 0.632859
vt 0.491536 0.618829
vt 0.495470 0.609415
vt 0.479987 0.629356
vt 0.487582 0.615999
vt 0.492057 0.607073
vt 0.144277 0.098917
vt 0.130254 0.099780
vt 0.131879 0.095091
vt 0.145903 0.095574
vt 0.062799 0.383749
vt 0.065590 0.382999
vt 0.069972 0.391737
vt 0.067268 0.392706
vt 0.058320 0.369296
vt 0.065029 0.366322
vt 0.071511 0.380393
vt 0.075820 0.390526
vt 0.072245 0.362594
vt 0.078801 0.375934
vt 0.082008 0.387091
vt 0.083520 0.354963
vt 0.090236 0.366185
vt 0.094348 0.375338
vt 0.100779 0.342615
vt 0.106913 0.352830
vt 0.111777 0.361236
vt 0.124542 0.339862
vt 0.129204 0.347417
vt 0.132750 0.353902
vt 0.115411 0.368997
vt 0.139821 0.364850
vt 0.123123 0.380428
vt 0.150847 0.379590
vt 0.136202 0.395141
vt 0.164454 0.395705
vt 0.151438 0.410414
vt 0.180147 0.412651
vt 0.168221 0.426548
vt 0.197134 0.430168
vt 0.192749 0.399221
vt 0.208794 0.417254
vt 0.226049 0.435770
vt 0.221091 0.405004
vt 0.237454 0.423615
vt 0.254900 0.441715
vt 0.244355 0.454033
vt 0.273548 0.458188
vt 0.265964 0.429695
vt 0.283904 0.445384
vt 0.302633 0.459043
vt 0.292741 0.472662
vt 0.320616 0.470597
vt 0.310655 0.485390
vt 0.337030 0.480502
vt 0.326443 0.496419
vt 0.649974 0.986031
vt 0.630838 0.986501
vt 0.628174 0.969735
vt 0.648082 0.968912
vt 0.341158 0.505792
vt 0.625113 0.954553
vt 0.645457 0.952292
vt 0.622200 0.941119
vt 0.642624 0.937634
vt 0.619926 0.929901
vt 0.640307 0.925322
vt 0.618353 0.920435
vt 0.638856 0.915140
vt 0.920181 0.534263
vt 0.922802 0.513034
vt 0.931377 0.514585
vt 0.929381 0.535927
vt 0.928251 0.557675
vt 0.918638 0.555997
vt 0.940856 0.537304
vt 0.940459 0.558911
vt 0.940610 0.580899
vt 0.954387 0.559596
vt 0.955364 0.581036
vt 0.957771 0.602067
vt 0.972988 0.579535
vt 0.976094 0.599658
vt 0.980652 0.619396
vt 0.722054 0.422065
vt 0.736898 0.437391
vt 0.723058 0.448281
vt 0.707994 0.433509
vt 0.690969 0.421098
vt 0.705751 0.409149
vt 0.987242 0.637506
vt 0.676518 0.411421
vt 0.690158 0.399383
vt 0.994146 0.652406
vt 0.678348 0.390886
vt 0.692063 0.374653
vt 0.705559 0.385119
vt 0.667553 0.380808
vt 0.679317 0.364318
vt 0.656401 0.368760
vt 0.666345 0.353175
vt 0.651146 0.343088
vt 0.695711 0.444801
vt 0.680357 0.431049
vt 0.683995 0.458824
vt 0.671401 0.443321
vt 0.667819 0.476938
vt 0.657437 0.462498
vt 0.645809 0.450092
vt 0.638617 0.483476
vt 0.627577 0.471721
vt 0.616211 0.460952
vt 0.633655 0.440772
vt 0.608015 0.491834
vt 0.597445 0.480052
vt 0.618864 0.503444
vt 0.649238 0.496085
vt 0.629467 0.515544
vt 0.609207 0.535203
vt 0.639538 0.528168
vt 0.619395 0.547734
vt 0.599806 0.566169
vt 0.630015 0.560488
vt 0.611426 0.579232
vt 0.594043 0.596562
vt 0.623733 0.592038
vt 0.607512 0.609941
vt 0.593191 0.627006
vt 0.578199 0.612872
vt 0.581220 0.642428
vt 0.608842 0.640508
vt 0.598075 0.656763
vt 0.590849 0.667644
vt 0.572512 0.653961
vt 0.586919 0.672529
vt 0.567896 0.659875
vt 0.583580 0.676752
vt 0.564127 0.664757
vt 0.580028 0.682311
vt 0.559524 0.671165
vt 0.576204 0.689200
vt 0.554429 0.679094
vt 0.534708 0.667415
vt 0.547959 0.691449
vt 0.525626 0.682554
vt 0.505452 0.671704
vt 0.517214 0.701208
vt 0.495236 0.691607
vt 0.478490 0.683021
vt 0.489952 0.661953
vt 0.468437 0.677518
vt 0.480785 0.656183
vt 0.461294 0.673415
vt 0.474250 0.651893
vt 0.455614 0.670001
vt 0.468899 0.648381
vt 0.110050 0.100271
vt 0.086538 0.100673
vt 0.088549 0.094416
vt 0.111744 0.094835
vt 0.047407 0.350228
vt 0.034772 0.328361
vt 0.042245 0.325077
vt 0.054606 0.346979
vt 0.051354 0.321136
vt 0.062510 0.343268
vt 0.064814 0.315030
vt 0.074272 0.336931
vt 0.084868 0.307217
vt 0.092406 0.327137
vt 0.106783 0.300822
vt 0.113111 0.318504
vt 0.119315 0.331068
vt 0.133992 0.311134
vt 0.138519 0.320746
vt 0.142722 0.328361
vt 0.158469 0.312023
vt 0.161641 0.318267
vt 0.164754 0.323580
vt 0.146401 0.334510
vt 0.167826 0.328214
vt 0.149938 0.340239
vt 0.172719 0.336102
vt 0.156219 0.350056
vt 0.181571 0.351125
vt 0.166119 0.364947
vt 0.192704 0.368469
vt 0.178355 0.381693
vt 0.206040 0.386483
vt 0.207364 0.356218
vt 0.219683 0.374723
vt 0.233778 0.393409
vt 0.233554 0.363747
vt 0.246648 0.382420
vt 0.261287 0.400754
vt 0.249221 0.412032
vt 0.277486 0.417713
vt 0.274027 0.389386
vt 0.289191 0.405569
vt 0.305619 0.419693
vt 0.294661 0.432526
vt 0.322873 0.431542
vt 0.312622 0.445222
vt 0.340287 0.441170
vt 0.330425 0.455842
vt 0.356720 0.448748
vt 0.346887 0.464466
vt 0.611962 0.986251
vt 0.593329 0.985577
vt 0.588670 0.970548
vt 0.608312 0.970264
vt 0.584854 0.958045
vt 0.605088 0.956385
vt 0.581891 0.947710
vt 0.602174 0.944490
vt 0.578971 0.939582
vt 0.600002 0.934575
vt 0.165284 0.167789
vt 0.166930 0.148758
vt 0.175084 0.145264
vt 0.175084 0.166903
vt 0.598491 0.926343
vt 0.926107 0.492173
vt 0.930969 0.467415
vt 0.936462 0.471045
vt 0.933733 0.493635
vt 0.943898 0.473439
vt 0.943017 0.495075
vt 0.941915 0.516084
vt 0.954056 0.496471
vt 0.954223 0.517315
vt 0.954168 0.538331
vt 0.968521 0.517947
vt 0.969584 0.538479
vt 0.970950 0.559077
vt 0.986362 0.537163
vt 0.988245 0.556770
vt 0.990678 0.576237
vt 0.736043 0.463968
vt 0.747837 0.480227
vt 0.732871 0.491110
vt 0.721684 0.475561
vt 0.709675 0.460207
vt 0.994065 0.595628
vt 0.706346 0.488829
vt 0.695460 0.474001
vt 0.688566 0.504741
vt 0.678359 0.490907
vt 0.669361 0.522247
vt 0.659514 0.509110
vt 0.649440 0.541025
vt 0.679262 0.535167
vt 0.659915 0.553717
vt 0.641341 0.573055
vt 0.670934 0.565955
vt 0.653356 0.585123
vt 0.636862 0.604331
vt 0.665755 0.596683
vt 0.650456 0.615941
vt 0.636637 0.634828
vt 0.621823 0.622820
vt 0.625088 0.653218
vt 0.651827 0.646044
vt 0.641784 0.664902
vt 0.635523 0.685163
vt 0.616006 0.671230
vt 0.628824 0.693851
vt 0.610757 0.681470
vt 0.254199 0.123660
vt 0.241038 0.136375
vt 0.249059 0.119594
vt 0.607220 0.685481
vt 0.238755 0.132697
vt 0.244570 0.116363
vt 0.604350 0.688022
vt 0.621938 0.697563
vt 0.618741 0.701162
vt 0.601407 0.692383
vt 0.615383 0.705575
vt 0.598203 0.698194
vt 0.611505 0.711700
vt 0.594476 0.706126
vt 0.571667 0.698947
vt 0.589812 0.719730
vt 0.565883 0.715312
vt 0.541173 0.709196
vt 0.587596 0.736666
vt 0.607000 0.722759
vt 0.604593 0.738058
vt 0.605423 0.754054
vt 0.588927 0.754155
vt 0.608784 0.770349
vt 0.593968 0.772118
vt 0.572887 0.775861
vt 0.598584 0.788219
vt 0.579431 0.791756
vt 0.563963 0.799496
vt 0.552535 0.781780
vt 0.552588 0.811534
vt 0.540195 0.796185
vt 0.513214 0.791384
vt 0.504574 0.808194
vt 0.484515 0.794838
vt 0.492266 0.776699
vt 0.462960 0.790848
vt 0.469075 0.771803
vt 0.475193 0.752165
vt 0.452732 0.769379
vt 0.458114 0.748460
vt 0.463505 0.726933
vt 0.480915 0.732169
vt 0.469547 0.704583
vt 0.487262 0.711657
vt 0.453040 0.723722
vt 0.458795 0.700247
vt 0.444362 0.721467
vt 0.450581 0.697066
vt 0.436773 0.719691
vt 0.443774 0.694521
vt 0.019066 0.305193
vt 0.012095 0.280108
vt 0.018952 0.278757
vt 0.024268 0.303995
vt 0.062465 0.100673
vt 0.065597 0.094130
vt 0.027784 0.276604
vt 0.032813 0.301272
vt 0.037959 0.273798
vt 0.043041 0.297907
vt 0.054782 0.268899
vt 0.058350 0.292618
vt 0.080026 0.285971
vt 0.102432 0.280884
vt 0.124037 0.259210
vt 0.125265 0.278197
vt 0.129275 0.296558
vt 0.148556 0.276755
vt 0.151722 0.293456
vt 0.155505 0.304574
vt 0.172855 0.289875
vt 0.175673 0.297886
vt 0.178160 0.303923
vt 0.190194 0.292899
vt 0.192542 0.297877
vt 0.195411 0.301791
vt 0.180593 0.308890
vt 0.198532 0.305090
vt 0.183036 0.312924
vt 0.218114 0.119097
vt 0.222684 0.133823
vt 0.213274 0.122382
vt 0.186085 0.316791
vt 0.202111 0.307309
vt 0.208065 0.311864
vt 0.189983 0.322809
vt 0.212979 0.326495
vt 0.197295 0.337875
vt 0.222273 0.345276
vt 0.230586 0.318431
vt 0.238700 0.335274
vt 0.248611 0.353278
vt 0.257907 0.325659
vt 0.265368 0.342990
vt 0.275179 0.360905
vt 0.260291 0.371625
vt 0.287326 0.378020
vt 0.291228 0.350669
vt 0.301477 0.367018
vt 0.314148 0.381989
vt 0.301375 0.393545
vt 0.328811 0.394764
vt 0.316959 0.407015
vt 0.344552 0.405032
vt 0.333496 0.418100
vt 0.360604 0.412650
vt 0.350362 0.426759
vt 0.376028 0.417428
vt 0.366555 0.433053
vt 0.574702 0.984745
vt 0.556356 0.984159
vt 0.550050 0.971448
vt 0.568987 0.970994
vt 0.544726 0.961224
vt 0.564142 0.959613
vt 0.540886 0.955142
vt 0.559919 0.951310
vt 0.054739 0.040853
vt 0.054739 0.022445
vt 0.059240 0.018622
vt 0.061279 0.035747
vt 0.554479 0.946227
vt 0.530837 0.964645
vt 0.527839 0.960055
vt 0.524512 0.955573
vt 0.536962 0.951735
vt 0.144527 0.766983
vt 0.150230 0.766537
vt 0.145240 0.780010
vt 0.515523 0.965425
vt 0.513162 0.961102
vt 0.143170 0.754825
vt 0.150019 0.754369
vt 0.158799 0.754506
vt 0.158517 0.766552
vt 0.140875 0.739273
vt 0.147716 0.738414
vt 0.157126 0.737614
vt 0.174522 0.736684
vt 0.174247 0.756152
vt 0.143997 0.722996
vt 0.154510 0.720955
vt 0.172098 0.717720
vt 0.191046 0.715034
vt 0.193184 0.737104
vt 0.151991 0.710747
vt 0.168714 0.705360
vt 0.187192 0.699603
vt 0.206563 0.695005
vt 0.209901 0.713573
vt 0.165843 0.698182
vt 0.183984 0.691031
vt 0.203304 0.684275
vt 0.223368 0.678311
vt 0.226095 0.691378
vt 0.180945 0.684172
vt 0.200514 0.676714
vt 0.221345 0.669930
vt 0.243627 0.665937
vt 0.244531 0.674938
vt 0.198024 0.670216
vt 0.219330 0.662852
vt 0.242755 0.658182
vt 0.267042 0.658612
vt 0.266455 0.666174
vt 0.256372 0.242851
vt 0.256543 0.219137
vt 0.263924 0.219084
vt 0.263963 0.242730
vt 0.263938 0.265538
vt 0.256494 0.265794
vt 0.264085 0.285580
vt 0.256892 0.285970
vt 0.715840 0.172260
vt 0.716385 0.196441
vt 0.708521 0.195655
vt 0.708189 0.172951
vt 0.703261 0.151381
vt 0.710633 0.149465
vt 0.695681 0.131758
vt 0.702709 0.129024
vt 0.698548 0.173620
vt 0.693903 0.153412
vt 0.687407 0.134747
vt 0.680073 0.118113
vt 0.687539 0.115204
vt 0.679080 0.155867
vt 0.674245 0.138159
vt 0.669146 0.121188
vt 0.664422 0.104462
vt 0.673897 0.102209
vt 0.652888 0.140866
vt 0.650766 0.123558
vt 0.649475 0.105811
vt 0.649548 0.088018
vt 0.661261 0.087803
vt 0.627507 0.122537
vt 0.629301 0.103952
vt 0.633301 0.085010
vt 0.640627 0.066759
vt 0.651353 0.070165
vt 0.612024 0.098974
vt 0.620839 0.079741
vt 0.632737 0.062128
vt 0.646482 0.046252
vt 0.650656 0.049996
vt 0.614156 0.075387
vt 0.627945 0.058179
vt 0.642931 0.042741
vt 0.657870 0.028840
vt 0.660373 0.031882
vt 0.623840 0.054288
vt 0.639673 0.039169
vt 0.655498 0.025643
vt 0.671566 0.014338
vt 0.673127 0.017029
vt 0.636657 0.035664
vt 0.653431 0.022667
vt 0.670076 0.011665
vt 0.686431 0.004679
vt 0.687243 0.006823
vt 0.016920 0.021455
vt 0.019757 0.002646
vt 0.021885 0.002743
vt 0.019106 0.021579
vt 0.018770 0.038806
vt 0.016742 0.038927
vt 0.020332 0.052571
vt 0.018929 0.052594
vt 0.433234 0.687955
vt 0.426259 0.704040
vt 0.423476 0.702378
vt 0.431003 0.687130
vt 0.021057 0.038946
vt 0.021758 0.052546
vt 0.021885 0.061105
vt 0.021034 0.061036
vt 0.434869 0.674021
vt 0.429067 0.686260
vt 0.433541 0.673607
vt 0.436329 0.665325
vt 0.437016 0.665761
vt 0.437830 0.661891
vt 0.438291 0.662226
vt 0.432139 0.673175
vt 0.435574 0.664848
vt 0.437304 0.661531
vt 0.438859 0.660048
vt 0.434891 0.664490
vt 0.436886 0.661026
vt 0.434055 0.664047
vt 0.436549 0.660381
vt 0.433224 0.663550
vt 0.436276 0.659627
vt 0.437457 0.658500
vt 0.432409 0.662960
vt 0.436028 0.658646
vt 0.437113 0.658314
vt 0.165196 0.127735
vt 0.160393 0.128822
vt 0.165211 0.127181
vt 0.166330 0.127756
vt 0.715757 0.002822
vt 0.715862 0.003147
vt 0.712010 0.008079
vt 0.711746 0.007140
vt 0.711275 0.006221
vt 0.715237 0.002515
vt 0.716385 0.001849
vt 0.710800 0.005340
vt 0.714711 0.002204
vt 0.710365 0.004471
vt 0.714215 0.001886
vt 0.715035 0.000842
vt 0.001598 0.003954
vt 0.001272 0.004061
vt 0.002067 0.003597
vt 0.714251 0.000894
vt 0.001179 0.004825
vt 0.001057 0.006433
vt 0.001860 0.009936
vt 0.001012 0.010118
vt 0.000384 0.010310
vt 0.001618 0.018609
vt 0.000246 0.018627
vt 0.020317 0.061021
vt 0.020656 0.064808
vt 0.002918 0.018173
vt 0.700237 0.003020
vt 0.700751 0.004318
vt 0.688126 0.008912
vt 0.002908 0.031471
vt 0.000478 0.032099
vt 0.701326 0.005561
vt 0.689131 0.010909
vt 0.674776 0.019657
vt 0.690233 0.012623
vt 0.676623 0.021931
vt 0.663316 0.034967
vt 0.678440 0.023998
vt 0.666164 0.037252
vt 0.656645 0.053055
vt 0.669819 0.039387
vt 0.662629 0.054823
vt 0.660305 0.071236
vt 0.667999 0.055657
vt 0.666985 0.071084
vt 0.669387 0.086460
vt 0.672966 0.070519
vt 0.675684 0.085032
vt 0.680633 0.099934
vt 0.681956 0.083466
vt 0.686984 0.097562
vt 0.694052 0.112188
vt 0.097042 0.068870
vt 0.112182 0.069261
vt 0.111279 0.074358
vt 0.096106 0.074411
vt 0.078219 0.074004
vt 0.079260 0.068155
vt 0.310308 0.671904
vt 0.327146 0.680596
vt 0.324345 0.686924
vt 0.307785 0.678727
vt 0.288205 0.670949
vt 0.289952 0.663720
vt 0.058201 0.074411
vt 0.059527 0.067859
vt 0.304837 0.687031
vt 0.286202 0.680120
vt 0.265915 0.675510
vt 0.283837 0.694249
vt 0.265164 0.690654
vt 0.245757 0.689661
vt 0.264464 0.714478
vt 0.246732 0.712992
vt 0.228557 0.712806
vt 0.246497 0.740264
vt 0.229071 0.738823
vt 0.211282 0.737761
vt 0.227433 0.764444
vt 0.209738 0.761637
vt 0.191978 0.758964
vt 0.206729 0.778759
vt 0.188894 0.773909
vt 0.171984 0.768850
vt 0.185910 0.783133
vt 0.169783 0.777073
vt 0.183338 0.790092
vt 0.167304 0.784075
vt 0.318069 0.112261
vt 0.317711 0.129221
vt 0.310633 0.129171
vt 0.310657 0.112224
vt 0.312139 0.101883
vt 0.316464 0.102108
vt 0.591085 0.272204
vt 0.584942 0.256187
vt 0.591818 0.253797
vt 0.597943 0.269824
vt 0.600770 0.250932
vt 0.605815 0.267655
vt 0.608172 0.280729
vt 0.618115 0.265530
vt 0.619696 0.280443
vt 0.620024 0.289313
vt 0.608237 0.288967
vt 0.619433 0.296380
vt 0.607298 0.295542
vt 0.593493 0.294405
vt 0.947164 0.428472
vt 0.948701 0.414721
vt 0.954544 0.417983
vt 0.952653 0.431974
vt 0.952892 0.452962
vt 0.944907 0.449516
vt 0.940449 0.444506
vt 0.939947 0.424835
vt 0.953458 0.475256
vt 0.963480 0.456012
vt 0.964999 0.476924
vt 0.966796 0.497423
vt 0.978662 0.478188
vt 0.981647 0.497631
vt 0.984197 0.517383
vt 0.769299 0.513953
vt 0.779491 0.530958
vt 0.764009 0.538662
vt 0.754079 0.522792
vt 0.743648 0.506863
vt 0.758886 0.496928
vt 0.737089 0.533310
vt 0.727145 0.518440
vt 0.716904 0.503586
vt 0.708639 0.531992
vt 0.698590 0.518404
vt 0.689532 0.547913
vt 0.718667 0.545725
vt 0.700127 0.560633
vt 0.682334 0.577808
vt 0.711214 0.573385
vt 0.694234 0.589692
vt 0.678551 0.607900
vt 0.706645 0.601552
vt 0.691998 0.618984
vt 0.679070 0.637597
vt 0.664304 0.626896
vt 0.668135 0.656440
vt 0.694889 0.647913
vt 0.685962 0.666158
vt 0.679768 0.683226
vt 0.659495 0.674906
vt 0.676134 0.696061
vt 0.653764 0.691620
vt 0.700761 0.689475
vt 0.698343 0.699750
vt 0.253242 0.187093
vt 0.250859 0.208729
vt 0.241705 0.206359
vt 0.241802 0.183146
vt 0.232530 0.205148
vt 0.231834 0.181516
vt 0.230177 0.160888
vt 0.222504 0.181997
vt 0.229806 0.150667
vt 0.000260 0.040831
vt 0.000213 0.038440
vt 0.002292 0.038454
vt 0.002918 0.040853
vt 0.216311 0.295024
vt 0.214610 0.297748
vt 0.211618 0.295713
vt 0.213948 0.293288
vt 0.209475 0.293270
vt 0.212366 0.291088
vt 0.211142 0.301138
vt 0.207630 0.299413
vt 0.204631 0.296657
vt 0.202370 0.293418
vt 0.207530 0.290544
vt 0.204995 0.287104
vt 0.209193 0.284902
vt 0.211058 0.288274
vt 0.199408 0.289656
vt 0.196014 0.283636
vt 0.202135 0.281578
vt 0.187395 0.286286
vt 0.183750 0.274617
vt 0.192853 0.273697
vt 0.169525 0.275661
vt 0.168977 0.260008
vt 0.182724 0.260004
vt 0.147947 0.259854
vt 0.150758 0.243784
vt 0.171104 0.244492
vt 0.127146 0.241577
vt 0.135012 0.223099
vt 0.155947 0.226598
vt 0.160682 0.211042
vt 0.179368 0.212022
vt 0.175770 0.228345
vt 0.142567 0.207509
vt 0.147869 0.196409
vt 0.162795 0.200274
vt 0.127620 0.199482
vt 0.136011 0.188399
vt 0.140285 0.183058
vt 0.150283 0.191024
vt 0.126794 0.175845
vt 0.133280 0.170617
vt 0.138134 0.167441
vt 0.143983 0.178758
vt 0.122509 0.159897
vt 0.129579 0.157537
vt 0.135267 0.156688
vt 0.140964 0.156102
vt 0.143126 0.164639
vt 0.128672 0.148367
vt 0.134393 0.149030
vt 0.139869 0.149994
vt 0.153021 0.140948
vt 0.157161 0.142453
vt 0.157177 0.147391
vt 0.152046 0.147102
vt 0.135083 0.143219
vt 0.140087 0.145586
vt 0.154615 0.136806
vt 0.157753 0.139744
vt 0.276584 0.281829
vt 0.276534 0.275441
vt 0.281593 0.275915
vt 0.280209 0.283052
vt 0.152215 0.133065
vt 0.156420 0.130120
vt 0.157665 0.133758
vt 0.128928 0.141273
vt 0.560760 0.860146
vt 0.553797 0.863194
vt 0.553339 0.858341
vt 0.559638 0.856543
vt 0.564432 0.854171
vt 0.564299 0.857406
vt 0.553712 0.851748
vt 0.559316 0.850868
vt 0.564635 0.849763
vt 0.560453 0.844048
vt 0.565984 0.844328
vt 0.159641 0.059808
vt 0.154730 0.060930
vt 0.153297 0.055121
vt 0.157861 0.054809
vt 0.160624 0.054563
vt 0.163412 0.058001
vt 0.563166 0.835324
vt 0.568534 0.836854
vt 0.147468 0.061161
vt 0.145896 0.055440
vt 0.138152 0.061279
vt 0.137293 0.055874
vt 0.156715 0.155205
vt 0.157343 0.164810
vt 0.152893 0.166813
vt 0.151918 0.155897
vt 0.159035 0.172329
vt 0.154664 0.175084
vt 0.147709 0.174646
vt 0.154264 0.181280
vt 0.152480 0.185758
vt 0.162795 0.183896
vt 0.163031 0.188750
vt 0.163098 0.194505
vt 0.171950 0.182037
vt 0.169339 0.178655
vt 0.174851 0.172383
vt 0.179634 0.176370
vt 0.162320 0.180311
vt 0.205783 0.259558
vt 0.209739 0.259351
vt 0.208804 0.268462
vt 0.205067 0.266322
vt 0.201849 0.260124
vt 0.201849 0.251337
vt 0.205604 0.252693
vt 0.210101 0.251095
vt 0.578161 0.819831
vt 0.575385 0.816393
vt 0.585124 0.811975
vt 0.586102 0.816411
vt 0.130929 0.059486
vt 0.131273 0.054563
vt 0.572298 0.827213
vt 0.568001 0.824674
vt 0.563520 0.821666
vt 0.572269 0.812093
vt 0.558050 0.833717
vt 0.552593 0.831433
vt 0.559213 0.818226
vt 0.555101 0.844007
vt 0.549163 0.842775
vt 0.547255 0.850816
vt 0.545550 0.857740
vt 0.536884 0.854596
vt 0.525244 0.852622
vt 0.544106 0.862412
vt 0.534878 0.859976
vt 0.309315 0.055904
vt 0.306606 0.061088
vt 0.296082 0.060967
vt 0.297984 0.054549
vt 0.285599 0.060746
vt 0.284954 0.054549
vt 0.306936 0.066597
vt 0.294746 0.067115
vt 0.283576 0.067025
vt 0.003055 0.099214
vt 0.001832 0.089048
vt 0.008269 0.087824
vt 0.010213 0.096886
vt 0.087106 0.142707
vt 0.097906 0.146674
vt 0.095434 0.154392
vt 0.083407 0.148976
vt 0.073221 0.139898
vt 0.077666 0.135072
vt 0.064486 0.128768
vt 0.069337 0.125272
vt 0.078450 0.156659
vt 0.068075 0.145462
vt 0.058616 0.132945
vt 0.051873 0.118423
vt 0.057724 0.115779
vt 0.058916 0.154127
vt 0.050821 0.137959
vt 0.045109 0.121123
vt 0.042868 0.103614
vt 0.048462 0.102356
vt 0.039776 0.142522
vt 0.037077 0.123338
vt 0.036893 0.104508
vt 0.038169 0.086596
vt 0.042775 0.086476
vt 0.028839 0.124230
vt 0.031228 0.104392
vt 0.034044 0.086178
vt 0.036776 0.068867
vt 0.040081 0.069312
vt 0.026158 0.103636
vt 0.029677 0.085282
vt 0.033274 0.068052
vt 0.037445 0.051061
vt 0.039832 0.051589
vt 0.025532 0.084175
vt 0.030043 0.066999
vt 0.034866 0.050234
vt 0.039699 0.034102
vt 0.041508 0.034520
vt 0.027025 0.065831
vt 0.032660 0.049402
vt 0.038084 0.033619
vt 0.042212 0.020338
vt 0.043438 0.020268
vt 0.014129 0.024217
vt 0.014536 0.040836
vt 0.012276 0.040654
vt 0.012307 0.024119
vt 0.010177 0.040819
vt 0.010716 0.024248
vt 0.462548 0.966362
vt 0.456984 0.950662
vt 0.459110 0.949865
vt 0.464166 0.965856
vt 0.467914 0.979860
vt 0.466576 0.980205
vt 0.468995 0.988404
vt 0.468069 0.989054
vt 0.465943 0.965428
vt 0.469256 0.979477
vt 0.470421 0.986926
vt 0.469117 0.989997
vt 0.470665 0.979171
vt 0.471772 0.986388
vt 0.472141 0.978855
vt 0.473120 0.986085
vt 0.473318 0.990157
vt 0.473656 0.994099
vt 0.474380 0.985912
vt 0.474553 0.990163
vt 0.474869 0.994426
vt 0.475174 0.996684
vt 0.474206 0.996958
vt 0.475770 0.990178
vt 0.475966 0.994591
vt 0.476117 0.996502
vt 0.476911 0.995052
vt 0.477058 0.996835
vt 0.477326 0.998101
vt 0.478184 0.997174
vt 0.031852 0.045644
vt 0.032099 0.046689
vt 0.032038 0.046400
vt 0.031089 0.046689
vt 0.053135 0.002864
vt 0.053779 0.002849
vt 0.052589 0.005073
vt 0.051533 0.005585
vt 0.051804 0.003501
vt 0.052921 0.001919
vt 0.050420 0.005823
vt 0.050726 0.003522
vt 0.049184 0.006139
vt 0.049719 0.003088
vt 0.049804 0.000985
vt 0.050118 0.000213
vt 0.049196 0.000879
vt 0.474207 0.999045
vt 0.473600 0.999135
vt 0.474505 0.998640
vt 0.474521 0.999804
vt 0.050006 0.010025
vt 0.048733 0.010247
vt 0.049763 0.014233
vt 0.048518 0.014008
vt 0.047257 0.013670
vt 0.047567 0.021225
vt 0.046125 0.020941
vt 0.044708 0.020601
vt 0.045944 0.013246
vt 0.044733 0.012350
vt 0.044706 0.010024
vt 0.043656 0.010961
vt 0.046689 0.002918
vt 0.046226 0.001652
vt 0.045339 0.001774
vt 0.046689 0.000576
vt 0.043221 0.034834
vt 0.045023 0.035165
vt 0.042255 0.051945
vt 0.046816 0.035499
vt 0.044530 0.052230
vt 0.043341 0.069406
vt 0.047168 0.052469
vt 0.046823 0.069161
vt 0.047318 0.085898
vt 0.050595 0.068714
vt 0.051813 0.085167
vt 0.053774 0.100994
vt 0.056182 0.084390
vt 0.058619 0.099708
vt 0.062734 0.113532
vt 0.001810 0.064028
vt 0.003200 0.049668
vt 0.007187 0.049944
vt 0.006636 0.063985
vt 0.007092 0.076015
vt 0.001448 0.077190
vt 0.004565 0.353947
vt 0.008119 0.344160
vt 0.013312 0.344578
vt 0.010684 0.355402
vt 0.006889 0.364758
vt 0.000846 0.363129
vt 0.502183 0.864257
vt 0.493725 0.874525
vt 0.488617 0.870654
vt 0.497885 0.858993
vt 0.509683 0.849167
vt 0.512551 0.856409
vt 0.273786 0.055145
vt 0.275654 0.060959
vt 0.492374 0.852465
vt 0.504725 0.839765
vt 0.481825 0.842838
vt 0.492729 0.825052
vt 0.467045 0.835456
vt 0.475609 0.814202
vt 0.452477 0.832650
vt 0.457274 0.810794
vt 0.443143 0.832727
vt 0.445176 0.810769
vt 0.448150 0.789787
vt 0.437242 0.811366
vt 0.438661 0.789601
vt 0.442649 0.768045
vt 0.430342 0.789627
vt 0.434000 0.766980
vt 0.439052 0.744564
vt 0.447809 0.746255
vt 0.427820 0.766362
vt 0.431598 0.743256
vt 0.006948 0.256613
vt 0.003196 0.233568
vt 0.010375 0.232250
vt 0.014637 0.254978
vt 0.019004 0.230698
vt 0.023506 0.252946
vt 0.029569 0.228417
vt 0.034174 0.250033
vt 0.025597 0.208245
vt 0.041603 0.206475
vt 0.015546 0.209169
vt 0.014222 0.187695
vt 0.022719 0.187702
vt 0.007152 0.209793
vt 0.006985 0.187648
vt 0.006917 0.165920
vt 0.013328 0.166209
vt 0.000196 0.210215
vt 0.000651 0.187475
vt 0.001502 0.165721
vt 0.002134 0.143139
vt 0.007434 0.143747
vt 0.426060 0.834252
vt 0.425230 0.812484
vt 0.430073 0.811918
vt 0.430163 0.833788
vt 0.430905 0.856177
vt 0.426671 0.856827
vt 0.434881 0.878322
vt 0.431378 0.879279
vt 0.436747 0.833236
vt 0.437219 0.855316
vt 0.440425 0.877101
vt 0.444896 0.897617
vt 0.440057 0.898911
vt 0.443378 0.854587
vt 0.446035 0.876230
vt 0.449703 0.896516
vt 0.453523 0.914923
vt 0.449577 0.915995
vt 0.452075 0.875722
vt 0.454747 0.895747
vt 0.457872 0.913986
vt 0.460966 0.931354
vt 0.457424 0.932232
vt 0.460267 0.895523
vt 0.462105 0.913529
vt 0.464225 0.930883
vt 0.466614 0.948168
vt 0.464190 0.948530
vt 0.466532 0.913571
vt 0.467484 0.930693
vt 0.468944 0.947871
vt 0.471410 0.964471
vt 0.469539 0.964797
vt 0.470898 0.930848
vt 0.471547 0.947629
vt 0.473206 0.964246
vt 0.474853 0.978351
vt 0.473586 0.978571
vt 0.473905 0.947657
vt 0.474926 0.964118
vt 0.476301 0.978136
vt 0.476865 0.985632
vt 0.475663 0.985805
vt 0.005435 0.256632
vt 0.008672 0.270185
vt 0.006924 0.270454
vt 0.004076 0.256874
vt 0.002626 0.249569
vt 0.003859 0.249378
vt 0.001911 0.245150
vt 0.002964 0.245091
vt 0.002849 0.257081
vt 0.001433 0.249750
vt 0.000846 0.245193
vt 0.032151 0.036566
vt 0.032430 0.029473
vt 0.033618 0.029422
vt 0.033374 0.036494
vt 0.033257 0.040719
vt 0.032137 0.040853
vt 0.035017 0.029400
vt 0.034544 0.036449
vt 0.034331 0.040505
vt 0.052320 0.009944
vt 0.052237 0.014409
vt 0.050983 0.014305
vt 0.051182 0.009915
vt 0.051659 0.021927
vt 0.050279 0.021702
vt 0.049007 0.021490
vt 0.048601 0.035751
vt 0.050208 0.035878
vt 0.049665 0.052460
vt 0.052085 0.036039
vt 0.052205 0.052175
vt 0.054024 0.068244
vt 0.006739 0.018401
vt 0.008241 0.002567
vt 0.010213 0.002923
vt 0.009183 0.018743
vt 0.008160 0.034777
vt 0.004718 0.034373
vt 0.008924 0.316813
vt 0.008511 0.301459
vt 0.011170 0.301538
vt 0.012773 0.316748
vt 0.013760 0.331496
vt 0.009253 0.331322
vt 0.482320 0.900149
vt 0.480113 0.915576
vt 0.475825 0.914855
vt 0.477548 0.898940
vt 0.481482 0.883951
vt 0.486635 0.886248
vt 0.472115 0.897594
vt 0.475356 0.881223
vt 0.482355 0.865988
vt 0.468291 0.878410
vt 0.473806 0.860695
vt 0.459803 0.876244
vt 0.461623 0.856115
vt 0.450516 0.854475
vt 0.466265 0.896268
vt 0.471258 0.914133
vt 0.474699 0.931294
vt 0.477815 0.931705
vt 0.014590 0.301635
vt 0.009492 0.286073
vt 0.012100 0.286060
vt 0.007424 0.286102
vt 0.005269 0.270931
vt 0.032666 0.016148
vt 0.032137 0.001659
vt 0.034347 0.001582
vt 0.034409 0.016384
vt 0.052978 0.022057
vt 0.476918 0.990131
vt 0.467682 0.965118
vt 0.461775 0.949056
vt 0.454270 0.933243
vt 0.451174 0.934328
vt 0.445583 0.917379
vt 0.009736 0.075870
vt 0.009736 0.058066
vt 0.012239 0.057822
vt 0.012347 0.075589
vt 0.442880 0.918408
vt 0.437261 0.899767
vt 0.012766 0.100236
vt 0.018402 0.081591
vt 0.021572 0.082823
vt 0.016622 0.101355
vt 0.011454 0.121880
vt 0.006863 0.120702
vt 0.021294 0.102585
vt 0.016910 0.122987
vt 0.013727 0.144465
vt 0.022499 0.123823
vt 0.019865 0.144957
vt 0.020328 0.166472
vt 0.028064 0.144786
vt 0.030636 0.165783
vt 0.035665 0.186939
vt 0.045202 0.161940
vt 0.053490 0.181697
vt 0.063575 0.198618
vt 0.069095 0.168706
vt 0.024863 0.064890
vt 0.014590 0.058143
vt 0.424795 0.789753
vt 0.110248 0.145681
vt 0.109516 0.153804
vt 0.120256 0.142408
vt 0.121144 0.150043
vt 0.110332 0.139940
vt 0.119564 0.137519
vt 0.276928 0.266923
vt 0.281593 0.266299
vt 0.569260 0.807669
vt 0.582655 0.801249
vt 0.584007 0.806419
vt 0.595417 0.817431
vt 0.603734 0.822969
vt 0.599430 0.827549
vt 0.593923 0.821278
vt 0.609825 0.835090
vt 0.604282 0.836519
vt 0.615109 0.834006
vt 0.615280 0.849683
vt 0.610889 0.849440
vt 0.618969 0.832942
vt 0.619666 0.850528
vt 0.616641 0.863233
vt 0.613268 0.861749
vt 0.625326 0.834085
vt 0.624020 0.851750
vt 0.620452 0.864886
vt 0.630860 0.835067
vt 0.628298 0.853076
vt 0.623106 0.866259
vt 0.631067 0.815000
vt 0.287026 0.142642
vt 0.287595 0.162162
vt 0.281212 0.161040
vt 0.282028 0.141817
vt 0.072495 0.120455
vt 0.090396 0.117719
vt 0.090936 0.123935
vt 0.073491 0.125477
vt 0.210281 0.164083
vt 0.206239 0.164788
vt 0.207252 0.184238
vt 0.199033 0.148419
vt 0.195067 0.136335
vt 0.194851 0.149301
vt 0.191873 0.137438
vt 0.189491 0.130141
vt 0.190923 0.150105
vt 0.188665 0.138387
vt 0.186646 0.130849
vt 0.184728 0.124320
vt 0.185106 0.139328
vt 0.186508 0.150405
vt 0.181809 0.150497
vt 0.181668 0.139832
vt 0.606215 0.860132
vt 0.606367 0.849458
vt 0.609619 0.860914
vt 0.610808 0.870152
vt 0.607960 0.877165
vt 0.613450 0.871675
vt 0.618182 0.874843
vt 0.606045 0.880347
vt 0.605613 0.878938
vt 0.185346 0.165028
vt 0.179712 0.163419
vt 0.181085 0.121037
vt 0.106663 0.116364
vt 0.105594 0.122536
vt 0.208023 0.200478
vt 0.122059 0.116871
vt 0.120776 0.123022
vt 0.206161 0.216387
vt 0.198675 0.214837
vt 0.203245 0.231929
vt 0.195781 0.230765
vt 0.187571 0.229516
vt 0.190815 0.213183
vt 0.193253 0.245817
vt 0.184313 0.245094
vt 0.191657 0.260103
vt 0.200623 0.246458
vt 0.199041 0.260109
vt 0.199981 0.272664
vt 0.064085 0.034732
vt 0.064082 0.022441
vt 0.070034 0.023387
vt 0.070034 0.035017
vt 0.204590 0.271761
vt 0.206862 0.279954
vt 0.283895 0.256113
vt 0.287052 0.248169
vt 0.293114 0.249721
vt 0.289561 0.257635
vt 0.286462 0.261693
vt 0.282467 0.260620
vt 0.283926 0.264085
vt 0.281212 0.263665
vt 0.631740 0.713678
vt 0.627949 0.718239
vt 0.621288 0.715277
vt 0.625619 0.710384
vt 0.629117 0.707272
vt 0.634780 0.710909
vt 0.632233 0.705005
vt 0.637078 0.708764
vt 0.635405 0.703466
vt 0.638958 0.706966
vt 0.002475 0.036169
vt 0.000430 0.035874
vt 0.000608 0.032786
vt 0.002918 0.033453
vt 0.638415 0.702357
vt 0.640882 0.705155
vt 0.625344 0.695348
vt 0.234322 0.145356
vt 0.623926 0.726696
vt 0.616717 0.724823
vt 0.621842 0.739267
vt 0.614328 0.738739
vt 0.622804 0.753266
vt 0.615281 0.753692
vt 0.625242 0.768173
vt 0.617833 0.769174
vt 0.627936 0.783392
vt 0.620418 0.784574
vt 0.612110 0.786194
vt 0.630168 0.798525
vt 0.289092 0.178271
vt 0.290883 0.193384
vt 0.284263 0.193713
vt 0.282521 0.177802
vt 0.292603 0.208730
vt 0.286108 0.209190
vt 0.294201 0.223722
vt 0.287726 0.223729
vt 0.137001 0.118072
vt 0.151018 0.119008
vt 0.150225 0.125091
vt 0.136019 0.124115
vt 0.294724 0.237630
vt 0.288213 0.236880
vt 0.163412 0.119110
vt 0.163255 0.125477
vt 0.226158 0.142380
vt 0.223396 0.205259
vt 0.214748 0.206632
vt 0.213255 0.183661
vt 0.249374 0.301240
vt 0.272896 0.296792
vt 0.274979 0.305564
vt 0.252899 0.311352
vt 0.225868 0.305646
vt 0.278194 0.317170
vt 0.296068 0.301023
vt 0.297998 0.311075
vt 0.301698 0.325107
vt 0.283434 0.333351
vt 0.307848 0.341340
vt 0.319787 0.318599
vt 0.324651 0.333114
vt 0.331932 0.347422
vt 0.316357 0.356876
vt 0.341751 0.360428
vt 0.327675 0.371010
vt 0.354354 0.371167
vt 0.341374 0.382950
vt 0.367778 0.379151
vt 0.355989 0.392130
vt 0.380706 0.385202
vt 0.370845 0.398981
vt 0.545072 0.997801
vt 0.527914 0.995651
vt 0.523514 0.983148
vt 0.539804 0.983443
vt 0.562341 0.999804
vt 0.520008 0.975103
vt 0.534562 0.971749
vt 0.517459 0.970082
vt 0.504933 0.979195
vt 0.502966 0.974422
vt 0.500768 0.969558
vt 0.135271 0.740237
vt 0.137259 0.755843
vt 0.131162 0.741361
vt 0.127668 0.726463
vt 0.131846 0.725631
vt 0.137316 0.724511
vt 0.129000 0.715634
vt 0.134192 0.714755
vt 0.141188 0.713450
vt 0.139229 0.707556
vt 0.149954 0.704537
vt 0.137221 0.702559
vt 0.147802 0.699015
vt 0.163065 0.692080
vt 0.145794 0.694362
vt 0.160745 0.687278
vt 0.178258 0.678518
vt 0.257243 0.175228
vt 0.257910 0.155864
vt 0.263998 0.156009
vt 0.264085 0.175337
vt 0.264003 0.196661
vt 0.256683 0.196593
vt 0.704759 0.241106
vt 0.696173 0.260729
vt 0.690291 0.258114
vt 0.697875 0.238672
vt 0.704491 0.217870
vt 0.711862 0.219840
vt 0.690140 0.235902
vt 0.695795 0.215852
vt 0.698979 0.194807
vt 0.682158 0.213240
vt 0.683855 0.193720
vt 0.682429 0.174458
vt 0.659401 0.192974
vt 0.657968 0.175279
vt 0.655769 0.157965
vt 0.630586 0.176049
vt 0.628874 0.158634
vt 0.627506 0.140797
vt 0.603516 0.157910
vt 0.604293 0.138485
vt 0.606786 0.118645
vt 0.589541 0.135866
vt 0.594513 0.114886
vt 0.602511 0.094520
vt 0.587354 0.112267
vt 0.596553 0.091202
vt 0.609127 0.071622
vt 0.591211 0.088225
vt 0.604489 0.068066
vt 0.620099 0.050497
vt 0.358642 0.151454
vt 0.358391 0.174921
vt 0.354922 0.174853
vt 0.355375 0.151477
vt 0.356197 0.129659
vt 0.358644 0.129540
vt 0.356848 0.109164
vt 0.358922 0.108928
vt 0.402826 0.737592
vt 0.388157 0.754203
vt 0.384308 0.750224
vt 0.399122 0.734268
vt 0.412375 0.718508
vt 0.415652 0.720797
vt 0.395603 0.730894
vt 0.409232 0.716084
vt 0.420866 0.700796
vt 0.406150 0.713395
vt 0.418481 0.699118
vt 0.427245 0.685210
vt 0.416190 0.697279
vt 0.425159 0.683925
vt 0.430886 0.672541
vt 0.423452 0.682778
vt 0.429549 0.671668
vt 0.421700 0.681520
vt 0.428216 0.670810
vt 0.420018 0.680155
vt 0.426966 0.669973
vt 0.418385 0.678570
vt 0.425656 0.669142
vt 0.431754 0.662424
vt 0.152027 0.129963
vt 0.142170 0.129878
vt 0.141512 0.128590
vt 0.151698 0.128436
vt 0.141945 0.126532
vt 0.151846 0.126721
vt 0.705823 0.013630
vt 0.696632 0.021035
vt 0.695206 0.019497
vt 0.704944 0.012122
vt 0.693781 0.017846
vt 0.704189 0.010854
vt 0.692491 0.016070
vt 0.703423 0.009546
vt 0.691425 0.014454
vt 0.702691 0.008205
vt 0.701997 0.006880
vt 0.680367 0.025943
vt 0.682702 0.027754
vt 0.673599 0.041012
vt 0.685121 0.029593
vt 0.677435 0.042291
vt 0.673285 0.056134
vt 0.681427 0.043399
vt 0.678561 0.056501
vt 0.678798 0.069838
vt 0.090014 0.126398
vt 0.102613 0.126404
vt 0.102933 0.129669
vt 0.090516 0.130303
vt 0.078481 0.131313
vt 0.078050 0.126394
vt 0.355867 0.692273
vt 0.369451 0.695083
vt 0.368816 0.700567
vt 0.354384 0.698209
vt 0.339646 0.693626
vt 0.341778 0.687563
vt 0.124459 0.073786
vt 0.125477 0.069367
vt 0.352934 0.704597
vt 0.337357 0.700437
vt 0.321501 0.694309
vt 0.335136 0.709184
vt 0.318575 0.704559
vt 0.301664 0.699238
vt 0.316139 0.721955
vt 0.298926 0.719561
vt 0.281830 0.716870
vt 0.298725 0.744967
vt 0.281043 0.743598
vt 0.263761 0.741991
vt 0.281613 0.769525
vt 0.263064 0.768643
vt 0.245107 0.766838
vt 0.262768 0.787880
vt 0.243508 0.786073
vt 0.224964 0.782846
vt 0.242356 0.796652
vt 0.223000 0.793145
vt 0.204073 0.788896
vt 0.221313 0.800552
vt 0.201840 0.796317
vt 0.317934 0.148618
vt 0.317959 0.168562
vt 0.310996 0.168600
vt 0.310535 0.148653
vt 0.578788 0.237580
vt 0.574342 0.218131
vt 0.581453 0.216631
vt 0.586135 0.235544
vt 0.591526 0.214791
vt 0.595683 0.233104
vt 0.608870 0.212488
vt 0.611614 0.230222
vt 0.614907 0.247969
vt 0.635130 0.228600
vt 0.636085 0.246622
vt 0.636876 0.265095
vt 0.658174 0.248348
vt 0.656176 0.267200
vt 0.653260 0.284913
vt 0.636251 0.282328
vt 0.651311 0.295673
vt 0.635564 0.291928
vt 0.650137 0.301710
vt 0.634842 0.298632
vt 0.648904 0.306858
vt 0.633911 0.304317
vt 0.618235 0.302248
vt 0.956515 0.403965
vt 0.958511 0.388278
vt 0.964164 0.390025
vt 0.962315 0.405793
vt 0.960650 0.420674
vt 0.951694 0.402892
vt 0.969380 0.408144
vt 0.970708 0.423724
vt 0.973372 0.439770
vt 0.961365 0.435959
vt 0.975881 0.458691
vt 0.987893 0.442818
vt 0.991458 0.460544
vt 0.798535 0.564679
vt 0.783379 0.569532
vt 0.773607 0.554219
vt 0.789156 0.547734
vt 0.766788 0.577076
vt 0.756634 0.562716
vt 0.746753 0.548009
vt 0.739408 0.573344
vt 0.728858 0.559563
vt 0.722503 0.586209
vt 0.750175 0.586850
vt 0.734227 0.599008
vt 0.719504 0.613504
vt 0.746584 0.611384
vt 0.733028 0.625005
vt 0.721401 0.640558
vt 0.706247 0.629982
vt 0.711883 0.657605
vt 0.737245 0.650305
vt 0.729266 0.666271
vt 0.723972 0.682148
vt 0.704999 0.675077
vt 0.721175 0.694316
vt 0.742636 0.687209
vt 0.741167 0.696141
vt 0.740754 0.703027
vt 0.719889 0.702640
vt 0.248509 0.229793
vt 0.246477 0.250455
vt 0.239595 0.249512
vt 0.240736 0.228454
vt 0.231879 0.249019
vt 0.232234 0.227917
vt 0.224243 0.249036
vt 0.223875 0.227874
vt 0.216849 0.249474
vt 0.215959 0.228462
vt 0.295110 0.293937
vt 0.316241 0.293576
vt 0.316620 0.299842
vt 0.210952 0.250326
vt 0.218610 0.267711
vt 0.213133 0.268809
vt 0.335131 0.299794
vt 0.336053 0.306247
vt 0.317439 0.307693
vt 0.337853 0.313855
vt 0.351784 0.304599
vt 0.354101 0.310141
vt 0.357905 0.318650
vt 0.341712 0.325542
vt 0.363415 0.330067
vt 0.347636 0.338529
vt 0.370434 0.338953
vt 0.355960 0.349970
vt 0.380065 0.346114
vt 0.367393 0.359003
vt 0.389857 0.351283
vt 0.379553 0.365470
vt 0.397786 0.354858
vt 0.390505 0.370293
vt 0.509887 0.993910
vt 0.492903 0.992842
vt 0.491246 0.985987
vt 0.506900 0.984408
vt 0.490295 0.981897
vt 0.015375 0.343129
vt 0.019036 0.341353
vt 0.023501 0.353237
vt 0.019116 0.354160
vt 0.478786 0.982182
vt 0.479174 0.980252
vt 0.489126 0.978006
vt 0.017085 0.353769
vt 0.018305 0.360718
vt 0.125182 0.715779
vt 0.027931 0.352669
vt 0.027635 0.362761
vt 0.025253 0.339146
vt 0.034456 0.352595
vt 0.033460 0.363939
vt 0.247490 0.283052
vt 0.245695 0.269647
vt 0.253872 0.265351
vt 0.253872 0.281070
vt 0.402558 0.330041
vt 0.398045 0.325858
vt 0.404505 0.319643
vt 0.408938 0.324244
vt 0.285221 0.265366
vt 0.294724 0.267119
vt 0.042216 0.353520
vt 0.039232 0.365369
vt 0.049607 0.356185
vt 0.045520 0.367676
vt 0.391101 0.333652
vt 0.397575 0.338474
vt 0.383909 0.328159
vt 0.392668 0.320932
vt 0.386479 0.315175
vt 0.394506 0.310233
vt 0.400036 0.315463
vt 0.377438 0.321747
vt 0.370462 0.312761
vt 0.379660 0.308333
vt 0.373791 0.302466
vt 0.380399 0.298137
vt 0.387661 0.304123
vt 0.365741 0.306457
vt 0.362225 0.301888
vt 0.369721 0.298562
vt 0.367139 0.295876
vt 0.371994 0.291959
vt 0.375302 0.294186
vt 0.359686 0.298064
vt 0.219428 0.293264
vt 0.222052 0.291255
vt 0.224615 0.298232
vt 0.222919 0.300561
vt 0.349988 0.299398
vt 0.216199 0.283650
vt 0.220354 0.281921
vt 0.225151 0.280754
vt 0.225833 0.289856
vt 0.224793 0.267209
vt 0.231402 0.267267
vt 0.230704 0.280544
vt 0.236113 0.281471
vt 0.234094 0.290570
vt 0.230032 0.289572
vt 0.237977 0.267722
vt 0.244118 0.268818
vt 0.240866 0.283333
vt 0.773902 0.702640
vt 0.775710 0.697825
vt 0.785925 0.700270
vt 0.783480 0.703616
vt 0.237686 0.292679
vt 0.759210 0.702440
vt 0.759998 0.696759
vt 0.761139 0.690045
vt 0.777553 0.692490
vt 0.780263 0.686532
vt 0.793162 0.691928
vt 0.789177 0.696551
vt 0.763851 0.680606
vt 0.769748 0.667955
vt 0.785498 0.676798
vt 0.746557 0.673821
vt 0.753629 0.659315
vt 0.762736 0.646254
vt 0.778031 0.656467
vt 0.747501 0.635844
vt 0.759707 0.623249
vt 0.773599 0.634826
vt 0.785761 0.625143
vt 0.798701 0.637853
vt 0.787760 0.646304
vt 0.773312 0.612711
vt 0.787854 0.604357
vt 0.798555 0.617443
vt 0.761435 0.599976
vt 0.777201 0.590934
vt 0.793052 0.584447
vt 0.802215 0.598479
vt 0.984407 0.426106
vt 0.980981 0.410234
vt 0.810547 0.611897
vt 0.969992 0.391635
vt 0.977571 0.392728
vt 0.988254 0.392744
vt 0.994137 0.410165
vt 0.974383 0.375172
vt 0.982579 0.375330
vt 0.809668 0.631278
vt 0.819036 0.645647
vt 0.810574 0.650814
vt 0.991849 0.374065
vt 0.977791 0.360857
vt 0.985015 0.358912
vt 0.819652 0.662764
vt 0.812934 0.668880
vt 0.801375 0.658023
vt 0.805906 0.676078
vt 0.792835 0.666623
vt 0.799047 0.684800
vt 0.814437 0.682397
vt 0.807535 0.689493
vt 0.801016 0.696171
vt 0.815392 0.694113
vt 0.807935 0.700911
vt 0.801334 0.705576
vt 0.796043 0.700722
vt 0.797192 0.707990
vt 0.792679 0.703760
vt 0.793955 0.709557
vt 0.790247 0.705793
vt 0.791955 0.710625
vt 0.788200 0.706807
vt 0.234197 0.299096
vt 0.232167 0.296904
vt 0.105050 0.107968
vt 0.100455 0.107126
vt 0.100258 0.104977
vt 0.104512 0.105301
vt 0.229450 0.295755
vt 0.100366 0.102779
vt 0.104723 0.102642
vt 0.226815 0.296277
vt 0.363054 0.292608
vt 0.366901 0.289067
vt 0.369010 0.290350
vt 0.364958 0.293867
vt 0.367887 0.282929
vt 0.371821 0.283746
vt 0.375898 0.285464
vt 0.373072 0.272102
vt 0.379078 0.273463
vt 0.371796 0.251648
vt 0.378270 0.252342
vt 0.387052 0.253801
vt 0.377669 0.228083
vt 0.387025 0.229649
vt 0.403498 0.232604
vt 0.404102 0.255733
vt 0.426980 0.235880
vt 0.429568 0.256635
vt 0.434182 0.275303
vt 0.458489 0.255912
vt 0.464589 0.272597
vt 0.468821 0.283638
vt 0.439321 0.285689
vt 0.471029 0.289569
vt 0.442710 0.291848
vt 0.418820 0.298351
vt 0.403938 0.305162
vt 0.444804 0.295941
vt 0.422489 0.302364
vt 0.409049 0.309886
vt 0.425531 0.306074
vt 0.412922 0.313771
vt 0.428491 0.309777
vt 0.416644 0.317611
vt 0.430995 0.313187
vt 0.420486 0.321215
vt 0.414275 0.331623
vt 0.208774 0.204777
vt 0.213019 0.204032
vt 0.213019 0.221773
vt 0.208885 0.221523
vt 0.958539 0.321646
vt 0.950467 0.309890
vt 0.953806 0.308037
vt 0.961991 0.320416
vt 0.854364 0.688864
vt 0.872808 0.695003
vt 0.871695 0.699341
vt 0.851466 0.693081
vt 0.839401 0.684399
vt 0.843240 0.680498
vt 0.831197 0.677555
vt 0.834916 0.673537
vt 0.848730 0.696910
vt 0.835660 0.688406
vt 0.827041 0.682005
vt 0.830768 0.693175
vt 0.821774 0.687514
vt 0.820172 0.676063
vt 0.824955 0.670763
vt 0.978728 0.348744
vt 0.973658 0.339653
vt 0.984110 0.345742
vt 0.992063 0.355912
vt 0.845467 0.701089
vt 0.870107 0.703653
vt 0.868289 0.707849
vt 0.897118 0.706113
vt 0.895876 0.710402
vt 0.893776 0.716183
vt 0.925673 0.718177
vt 0.923034 0.723949
vt 0.918567 0.733177
vt 0.889847 0.726872
vt 0.911094 0.747934
vt 0.883666 0.743623
vt 0.902685 0.766336
vt 0.877878 0.763180
vt 0.852383 0.763716
vt 0.874190 0.782635
vt 0.851348 0.785341
vt 0.830508 0.790490
vt 0.829113 0.767068
vt 0.815190 0.794734
vt 0.812172 0.770244
vt 0.806402 0.797287
vt 0.802424 0.771872
vt 0.803179 0.747909
vt 0.796291 0.772766
vt 0.797038 0.748445
vt 0.798437 0.728292
vt 0.804301 0.727194
vt 0.796899 0.716258
vt 0.801258 0.714855
vt 0.793093 0.728553
vt 0.793258 0.716942
vt 0.789189 0.728121
vt 0.790618 0.717137
vt 0.093992 0.107968
vt 0.094493 0.105333
vt 0.084166 0.105847
vt 0.083425 0.101971
vt 0.094136 0.101931
vt 0.064815 0.105953
vt 0.064062 0.102420
vt 0.367407 0.271784
vt 0.365583 0.251388
vt 0.362370 0.251238
vt 0.361334 0.226006
vt 0.365462 0.226493
vt 0.371474 0.227202
vt 0.370184 0.199248
vt 0.375934 0.200924
vt 0.381727 0.202622
vt 0.385487 0.175289
vt 0.390711 0.177645
vt 0.397675 0.180626
vt 0.390376 0.205145
vt 0.409928 0.185502
vt 0.405212 0.209255
vt 0.428436 0.191839
vt 0.426245 0.214363
vt 0.449182 0.196112
vt 0.449533 0.217330
vt 0.452945 0.236524
vt 0.472145 0.216258
vt 0.478065 0.233507
vt 0.486425 0.251818
vt 0.500786 0.226268
vt 0.511718 0.241423
vt 0.521455 0.252089
vt 0.493867 0.266653
vt 0.527303 0.258579
vt 0.498478 0.276187
vt 0.530751 0.263022
vt 0.501190 0.282001
vt 0.533615 0.266571
vt 0.503129 0.286198
vt 0.472335 0.293889
vt 0.505016 0.290211
vt 0.473451 0.298192
vt 0.446564 0.300058
vt 0.474435 0.302406
vt 0.447889 0.304229
vt 0.506932 0.294405
vt 0.353086 0.130589
vt 0.340609 0.157277
vt 0.336036 0.156277
vt 0.349366 0.128265
vt 0.475089 0.306202
vt 0.448624 0.307418
vt 0.899819 0.693675
vt 0.932961 0.702598
vt 0.931430 0.705928
vt 0.899173 0.697287
vt 0.000728 0.102431
vt 0.004377 0.102178
vt 0.003701 0.128301
vt 0.000728 0.128395
vt 0.929552 0.709869
vt 0.898229 0.701594
vt 0.927646 0.713898
vt 0.960795 0.729783
vt 0.957880 0.733116
vt 0.954943 0.736652
vt 0.978319 0.759905
vt 0.974992 0.762077
vt 0.970842 0.764226
vt 0.951651 0.741086
vt 0.963735 0.766928
vt 0.945872 0.747708
vt 0.952187 0.772342
vt 0.936106 0.758342
vt 0.940023 0.783135
vt 0.925302 0.773672
vt 0.932347 0.795656
vt 0.917151 0.789051
vt 0.896401 0.783785
vt 0.912751 0.805535
vt 0.893519 0.803180
vt 0.873664 0.803935
vt 0.894211 0.822941
vt 0.876153 0.825742
vt 0.857851 0.831273
vt 0.853312 0.808138
vt 0.842373 0.838045
vt 0.834992 0.814357
vt 0.832994 0.843048
vt 0.822497 0.819235
vt 0.827003 0.846328
vt 0.815325 0.822296
vt 0.822311 0.849176
vt 0.810220 0.824558
vt 0.800609 0.798999
vt 0.805231 0.826779
vt 0.795051 0.800613
vt 0.790603 0.773432
vt 0.789879 0.802008
vt 0.785983 0.773835
vt 0.787044 0.748589
vt 0.791397 0.748640
vt 0.801007 0.828668
vt 0.365257 0.197851
vt 0.376410 0.171207
vt 0.380142 0.172902
vt 0.389443 0.145734
vt 0.392622 0.147659
vt 0.397448 0.150641
vt 0.408814 0.124461
vt 0.412847 0.127749
vt 0.416851 0.130957
vt 0.402105 0.153528
vt 0.421357 0.134365
vt 0.407889 0.156798
vt 0.428538 0.139423
vt 0.417428 0.161891
vt 0.440446 0.146313
vt 0.433087 0.168811
vt 0.456906 0.153299
vt 0.451630 0.174452
vt 0.473915 0.158115
vt 0.469955 0.177247
vt 0.469280 0.196963
vt 0.488041 0.177865
vt 0.488860 0.194515
vt 0.493029 0.210813
vt 0.504393 0.191097
vt 0.508221 0.204240
vt 0.515667 0.216713
vt 0.516387 0.199728
vt 0.522752 0.210166
vt 0.533606 0.218438
vt 0.527665 0.227655
vt 0.544964 0.221563
vt 0.539548 0.232743
vt 0.552883 0.222125
vt 0.546699 0.235095
vt 0.550827 0.237196
vt 0.554189 0.239537
vt 0.557242 0.241578
vt 0.536493 0.270092
vt 0.339979 0.194391
vt 0.343600 0.229462
vt 0.339607 0.230232
vt 0.335365 0.193651
vt 0.345271 0.159095
vt 0.334619 0.231385
vt 0.330442 0.193536
vt 0.965819 0.724080
vt 0.989132 0.754298
vt 0.984782 0.756438
vt 0.963325 0.726763
vt 0.981423 0.758200
vt 0.991519 0.774717
vt 0.988727 0.775759
vt 0.985756 0.776786
vt 0.987848 0.786203
vt 0.983322 0.786039
vt 0.981888 0.777450
vt 0.978174 0.785994
vt 0.976812 0.777829
vt 0.971139 0.786443
vt 0.969093 0.778690
vt 0.961356 0.789369
vt 0.958345 0.782210
vt 0.952645 0.795923
vt 0.947385 0.790024
vt 0.946847 0.803790
vt 0.940776 0.800128
vt 0.943927 0.813087
vt 0.937187 0.811057
vt 0.928429 0.808895
vt 0.936474 0.823083
vt 0.927450 0.822793
vt 0.912077 0.822350
vt 0.929278 0.837298
vt 0.914949 0.839216
vt 0.898329 0.842245
vt 0.921430 0.855321
vt 0.905926 0.860061
vt 0.889984 0.866657
vt 0.881519 0.846985
vt 0.876073 0.874646
vt 0.864985 0.853873
vt 0.867685 0.880687
vt 0.853241 0.860558
vt 0.862491 0.885182
vt 0.846197 0.865458
vt 0.858989 0.888654
vt 0.841691 0.868821
vt 0.855658 0.892076
vt 0.837630 0.872034
vt 0.852306 0.895585
vt 0.833635 0.875266
vt 0.817794 0.851944
vt 0.830266 0.878036
vt 0.814017 0.854143
vt 0.849755 0.898302
vt 0.405716 0.121865
vt 0.425225 0.101644
vt 0.427666 0.104251
vt 0.446211 0.085144
vt 0.448044 0.087663
vt 0.450681 0.091271
vt 0.431065 0.107788
vt 0.453387 0.094873
vt 0.434432 0.111246
vt 0.456162 0.098300
vt 0.437982 0.114715
vt 0.459795 0.102233
vt 0.442973 0.119154
vt 0.466057 0.108011
vt 0.451434 0.125476
vt 0.476709 0.116004
vt 0.465282 0.133605
vt 0.491322 0.124236
vt 0.481305 0.140393
vt 0.505449 0.129979
vt 0.496936 0.145193
vt 0.490898 0.161139
vt 0.510099 0.148646
vt 0.505342 0.163026
vt 0.503457 0.177383
vt 0.514764 0.164326
vt 0.512551 0.177036
vt 0.512963 0.188889
vt 0.519157 0.176813
vt 0.519432 0.186967
vt 0.522255 0.196208
vt 0.227748 0.127374
vt 0.227748 0.117711
vt 0.233152 0.117863
vt 0.233445 0.126385
vt 0.233434 0.134358
vt 0.228395 0.137149
vt 0.527571 0.204807
vt 0.530786 0.200909
vt 0.538555 0.206385
vt 0.536519 0.211422
vt 0.547327 0.209188
vt 0.546755 0.214241
vt 0.553533 0.209271
vt 0.553989 0.214347
vt 0.143964 0.159714
vt 0.144279 0.153542
vt 0.149798 0.153489
vt 0.148927 0.160494
vt 0.978175 0.790638
vt 0.983030 0.791415
vt 0.144321 0.144501
vt 0.150280 0.143461
vt 0.143964 0.136144
vt 0.150215 0.134078
vt 0.294641 0.287055
vt 0.299602 0.281557
vt 0.305221 0.284010
vt 0.300566 0.290347
vt 0.301273 0.273589
vt 0.307923 0.275650
vt 0.330480 0.239716
vt 0.324376 0.242199
vt 0.322410 0.233184
vt 0.328321 0.231783
vt 0.302724 0.264923
vt 0.309315 0.265934
vt 0.303098 0.254459
vt 0.309219 0.254275
vt 0.943393 0.823208
vt 0.945305 0.834763
vt 0.938405 0.835982
vt 0.949228 0.847350
vt 0.942583 0.849512
vt 0.934229 0.851874
vt 0.948594 0.863805
vt 0.941322 0.866413
vt 0.930226 0.870393
vt 0.948801 0.881626
vt 0.939974 0.885042
vt 0.928014 0.890529
vt 0.916216 0.876108
vt 0.914669 0.899075
vt 0.901270 0.884237
vt 0.906567 0.906118
vt 0.890528 0.892187
vt 0.902128 0.911195
vt 0.884337 0.897890
vt 0.899458 0.914581
vt 0.880707 0.901770
vt 0.897146 0.917952
vt 0.877877 0.905258
vt 0.894974 0.921422
vt 0.875164 0.908776
vt 0.892882 0.925035
vt 0.872500 0.912375
vt 0.891647 0.927299
vt 0.870725 0.914825
vt 0.912091 0.934384
vt 0.911014 0.936690
vt 0.467143 0.072679
vt 0.486518 0.063293
vt 0.487763 0.065826
vt 0.468532 0.075150
vt 0.489591 0.069382
vt 0.470625 0.078779
vt 0.491426 0.072699
vt 0.472820 0.082300
vt 0.493468 0.076010
vt 0.475107 0.085643
vt 0.495608 0.079138
vt 0.477948 0.089111
vt 0.498846 0.083033
vt 0.482311 0.094146
vt 0.504803 0.088647
vt 0.490113 0.101163
vt 0.515472 0.095475
vt 0.503124 0.109562
vt 0.524907 0.099827
vt 0.515235 0.115204
vt 0.532051 0.102406
vt 0.524210 0.118596
vt 0.516862 0.133979
vt 0.530684 0.120845
vt 0.524324 0.136472
vt 0.518821 0.150927
vt 0.530229 0.138517
vt 0.524864 0.152682
vt 0.521120 0.165382
vt 0.321795 0.222125
vt 0.322303 0.209237
vt 0.327634 0.209377
vt 0.327319 0.221816
vt 0.323405 0.194311
vt 0.329259 0.194618
vt 0.301927 0.241872
vt 0.299715 0.227181
vt 0.305696 0.226249
vt 0.307785 0.241166
vt 0.298331 0.210347
vt 0.303501 0.209528
vt 0.954731 0.861411
vt 0.961013 0.877125
vt 0.955164 0.879335
vt 0.967732 0.893852
vt 0.962259 0.895833
vt 0.956576 0.897783
vt 0.969043 0.914535
vt 0.963743 0.915696
vt 0.957956 0.917175
vt 0.949515 0.900372
vt 0.950973 0.919535
vt 0.940012 0.904661
vt 0.943339 0.923783
vt 0.929245 0.911532
vt 0.938213 0.927663
vt 0.922814 0.917351
vt 0.935352 0.930477
vt 0.919671 0.921176
vt 0.933029 0.933237
vt 0.917497 0.924367
vt 0.930951 0.935964
vt 0.915614 0.927561
vt 0.928960 0.938701
vt 0.913846 0.930878
vt 0.927370 0.941224
vt 0.940088 0.948439
vt 0.938035 0.950282
vt 0.936601 0.951542
vt 0.926523 0.942932
vt 0.502032 0.057054
vt 0.512117 0.048438
vt 0.513563 0.049767
vt 0.502902 0.058696
vt 0.515777 0.051761
vt 0.504682 0.061566
vt 0.518100 0.053777
vt 0.506722 0.064314
vt 0.520502 0.055872
vt 0.508894 0.066997
vt 0.523136 0.058087
vt 0.511337 0.069791
vt 0.526129 0.060387
vt 0.514173 0.072620
vt 0.529763 0.062406
vt 0.519120 0.076476
vt 0.534346 0.063962
vt 0.526518 0.080575
vt 0.538949 0.064735
vt 0.533575 0.083062
vt 0.543510 0.065052
vt 0.539320 0.084488
vt 0.547847 0.065259
vt 0.544627 0.085604
vt 0.537800 0.104315
vt 0.550179 0.086649
vt 0.543477 0.106290
vt 0.536548 0.122981
vt 0.324907 0.177761
vt 0.326727 0.159954
vt 0.331999 0.160147
vt 0.330499 0.178022
vt 0.328089 0.139642
vt 0.332659 0.139231
vt 0.296161 0.192407
vt 0.294641 0.171119
vt 0.298767 0.171198
vt 0.301045 0.191731
vt 0.295878 0.149567
vt 0.299367 0.150075
vt 0.974168 0.913486
vt 0.976652 0.934637
vt 0.972332 0.934846
vt 0.975908 0.954423
vt 0.972587 0.954136
vt 0.969393 0.953930
vt 0.967921 0.935049
vt 0.966115 0.953891
vt 0.963341 0.935355
vt 0.963001 0.954112
vt 0.958724 0.936186
vt 0.960235 0.954663
vt 0.954075 0.937875
vt 0.957739 0.955395
vt 0.950317 0.939988
vt 0.954930 0.956640
vt 0.947444 0.942205
vt 0.952368 0.957979
vt 0.944825 0.944327
vt 0.950006 0.959335
vt 0.942364 0.946427
vt 0.947733 0.960671
vt 0.954223 0.970646
vt 0.952245 0.971409
vt 0.950119 0.972238
vt 0.945585 0.961999
vt 0.948887 0.972755
vt 0.944282 0.962771
vt 0.036011 0.011190
vt 0.036097 0.000390
vt 0.037574 0.000546
vt 0.037935 0.011664
vt 0.037935 0.024804
vt 0.035940 0.023941
vt 0.521141 0.038113
vt 0.525876 0.027825
vt 0.527793 0.028625
vt 0.523494 0.039544
vt 0.529717 0.029452
vt 0.525633 0.040798
vt 0.531575 0.030033
vt 0.528275 0.042306
vt 0.533807 0.030541
vt 0.530507 0.043584
vt 0.535659 0.030934
vt 0.533308 0.044775
vt 0.537647 0.031110
vt 0.535772 0.045489
vt 0.539702 0.031140
vt 0.538562 0.046037
vt 0.541749 0.031060
vt 0.541543 0.046251
vt 0.543955 0.030701
vt 0.544887 0.046168
vt 0.546392 0.030237
vt 0.548001 0.045939
vt 0.548937 0.029719
vt 0.551551 0.045620
vt 0.552446 0.065387
vt 0.325862 0.119597
vt 0.321795 0.102191
vt 0.324104 0.101270
vt 0.329301 0.118842
vt 0.553776 0.045354
vt 0.550742 0.029251
vt 0.299053 0.130378
vt 0.302716 0.115390
vt 0.304530 0.115968
vt 0.301396 0.131057
vt 0.307051 0.105279
vt 0.308487 0.106251
vt 0.973819 0.970425
vt 0.969755 0.981354
vt 0.967974 0.980684
vt 0.970934 0.969712
vt 0.966123 0.980254
vt 0.968463 0.969194
vt 0.964453 0.979913
vt 0.966283 0.968845
vt 0.962940 0.979704
vt 0.964073 0.968722
vt 0.961381 0.979550
vt 0.961960 0.968788
vt 0.959932 0.979476
vt 0.959989 0.968949
vt 0.958549 0.979416
vt 0.958087 0.969276
vt 0.957157 0.979417
vt 0.956144 0.969886
vt 0.955729 0.979553
vt 0.956794 0.986418
vt 0.955851 0.986309
vt 0.954927 0.986297
vt 0.954375 0.979781
vt 0.953845 0.986249
vt 0.953236 0.980069
vt 0.953390 0.986222
vt 0.952464 0.980284
vt 0.528008 0.019725
vt 0.528796 0.019745
vt 0.524424 0.027244
vt 0.530436 0.013574
vt 0.530130 0.020117
vt 0.531432 0.013489
vt 0.531451 0.020341
vt 0.532414 0.013401
vt 0.532646 0.020470
vt 0.533366 0.013197
vt 0.534148 0.020588
vt 0.534430 0.012957
vt 0.535551 0.020509
vt 0.535552 0.012771
vt 0.536976 0.020402
vt 0.536664 0.012517
vt 0.538521 0.020157
vt 0.537875 0.012186
vt 0.540087 0.019882
vt 0.539100 0.011853
vt 0.541730 0.019564
vt 0.540415 0.011300
vt 0.543684 0.019132
vt 0.542427 0.010475
vt 0.545469 0.018461
vt 0.544214 0.012101
vt 0.546733 0.017936
vt 0.537129 0.006618
vt 0.537848 0.005121
vt 0.538781 0.004590
vt 0.536625 0.004482
vt 0.537222 0.003994
vt 0.030179 0.031255
vt 0.030358 0.030499
vt 0.030640 0.031012
vt 0.030640 0.032099
vt 0.962056 0.994642
vt 0.961667 0.995987
vt 0.960798 0.995301
vt 0.961262 0.993858
vt 0.963571 0.987648
vt 0.964923 0.988191
vt 0.966416 0.988756
vt 0.963227 0.995383
vt 0.960595 0.992736
vt 0.962272 0.987327
vt 0.959862 0.991918
vt 0.961108 0.987029
vt 0.958954 0.991618
vt 0.960025 0.986793
vt 0.958029 0.991486
vt 0.958947 0.986663
vt 0.957111 0.991364
vt 0.957846 0.986554
vt 0.956205 0.991334
vt 0.956732 0.993123
vt 0.955818 0.993170
vt 0.954817 0.993633
vt 0.955291 0.991695
vt 0.953622 0.994218
vt 0.954270 0.992236
vt 0.953104 0.993978
vt 0.953200 0.992620
vt 0.954315 0.995206
vt 0.953761 0.995036
vt 0.022818 0.000928
vt 0.023345 0.000209
vt 0.023345 0.001459
vt 0.022984 0.001341
vt 0.529536 0.006278
vt 0.529318 0.004961
vt 0.530199 0.005220
vt 0.530431 0.006559
vt 0.530881 0.008969
vt 0.529990 0.008759
vt 0.528659 0.006014
vt 0.531361 0.006654
vt 0.531778 0.008908
vt 0.532261 0.006623
vt 0.532655 0.008702
vt 0.533162 0.006558
vt 0.533561 0.008466
vt 0.534028 0.006308
vt 0.534481 0.008166
vt 0.534879 0.005876
vt 0.535381 0.007767
vt 0.535756 0.005349
vt 0.536304 0.007342
vt 0.534639 0.004582
vt 0.535612 0.003904
vt 0.536243 0.003652
vt 0.960686 0.996335
vt 0.960054 0.996097
vt 0.959734 0.996704
vt 0.959868 0.995702
vt 0.960089 0.994521
vt 0.008546 0.054448
vt 0.008754 0.054648
vt 0.008754 0.055443
vt 0.008384 0.054936
vt 0.959091 0.995123
vt 0.959352 0.993874
vt 0.958192 0.994912
vt 0.958481 0.993590
vt 0.957287 0.994720
vt 0.957599 0.993338
vt 0.956398 0.994551
vt 0.957022 0.995982
vt 0.956120 0.995916
vt 0.955035 0.996058
vt 0.955454 0.994764
vt 0.954470 0.995798
vt 0.530028 0.004208
vt 0.530593 0.003938
vt 0.530866 0.003406
vt 0.530890 0.004323
vt 0.531098 0.005349
vt 0.061279 0.000499
vt 0.061279 0.001459
vt 0.060916 0.001346
vt 0.060783 0.001003
vt 0.531782 0.004189
vt 0.531992 0.005304
vt 0.532657 0.004059
vt 0.532885 0.005252
vt 0.533762 0.004997
vt 0.531491 0.003123
vt 0.532311 0.002905
vt 0.530988 0.002069
vt 0.531796 0.001665
vt 0.014590 0.005345
vt 0.014179 0.005836
vt 0.014038 0.005135
vt 0.014590 0.004389
vt 0.531422 0.000627
vt 0.532470 0.000485
vt 0.955861 0.998471
vt 0.956621 0.997237
vt 0.956697 0.999563
vt 0.955860 0.999385
vt 0.955427 0.997946
vt 0.955690 0.997081
vt 0.037536 0.027117
vt 0.037935 0.026411
vt 0.037935 0.027324
vt 0.037726 0.027722
vt 0.955306 0.996610
vt 0.535292 0.003287
vt 0.971189 0.982071
vt 0.968663 0.987911
vt 0.987074 0.791885
vt 0.108028 0.055051
vt 0.127435 0.053708
vt 0.128395 0.058361
vt 0.108249 0.058127
vt 0.342539 0.249352
vt 0.972221 0.362247
vt 0.968389 0.362958
vt 0.969256 0.374909
vt 0.965008 0.374341
vt 0.964753 0.363177
vt 0.658646 0.313258
vt 0.658987 0.309091
vt 0.664430 0.310530
vt 0.963936 0.357224
vt 0.647748 0.311667
vt 0.665008 0.305864
vt 0.669256 0.307457
vt 0.668372 0.311622
vt 0.659521 0.304244
vt 0.660461 0.298170
vt 0.666122 0.299821
vt 0.669549 0.289127
vt 0.674908 0.291004
vt 0.670945 0.301440
vt 0.663254 0.287201
vt 0.668868 0.270424
vt 0.676116 0.273226
vt 0.683541 0.255238
vt 0.682258 0.275905
vt 0.674561 0.252014
vt 0.678836 0.232761
vt 0.659532 0.229650
vt 0.660022 0.211090
vt 0.633799 0.210813
vt 0.632402 0.193336
vt 0.605925 0.194734
vt 0.604290 0.176636
vt 0.588169 0.196133
vt 0.586190 0.176776
vt 0.586522 0.156558
vt 0.577980 0.197166
vt 0.576556 0.176723
vt 0.577605 0.155399
vt 0.581300 0.133820
vt 0.569454 0.176588
vt 0.570775 0.154517
vt 0.574860 0.132319
vt 0.581363 0.110166
vt 0.312174 0.252412
vt 0.312042 0.231556
vt 0.317618 0.231393
vt 0.318069 0.252285
vt 0.358922 0.243658
vt 0.353039 0.243452
vt 0.353594 0.222054
vt 0.358590 0.222269
vt 0.354239 0.198844
vt 0.358441 0.198964
vt 0.329096 0.793356
vt 0.306947 0.799905
vt 0.305529 0.793332
vt 0.327071 0.787188
vt 0.347912 0.777791
vt 0.350849 0.783403
vt 0.367206 0.765018
vt 0.370765 0.769891
vt 0.324384 0.779822
vt 0.344664 0.771591
vt 0.363594 0.759799
vt 0.380562 0.746097
vt 0.340153 0.761515
vt 0.359263 0.752851
vt 0.376549 0.740977
vt 0.392095 0.727253
vt 0.353858 0.739518
vt 0.372011 0.732551
vt 0.388297 0.722486
vt 0.403333 0.710472
vt 0.368609 0.721379
vt 0.385336 0.716420
vt 0.400963 0.707236
vt 0.414241 0.695500
vt 0.383986 0.710631
vt 0.399250 0.703763
vt 0.412314 0.693314
vt 0.397664 0.699695
vt 0.410331 0.690751
vt 0.396394 0.695811
vt 0.408564 0.688293
vt 0.395460 0.692412
vt 0.407162 0.686271
vt 0.417347 0.677576
vt 0.129116 0.128578
vt 0.116069 0.129289
vt 0.115955 0.126394
vt 0.129413 0.126591
vt 0.687534 0.031238
vt 0.382894 0.699913
vt 0.382525 0.695111
vt 0.383402 0.705259
vt 0.368299 0.706598
vt 0.367895 0.712744
vt 0.351662 0.711884
vt 0.351217 0.723410
vt 0.333584 0.723367
vt 0.335258 0.743356
vt 0.316806 0.745083
vt 0.320499 0.766410
vt 0.300854 0.768869
vt 0.303503 0.784724
vt 0.282888 0.787696
vt 0.283901 0.797106
vt 0.262726 0.798117
vt 0.284720 0.804050
vt 0.262757 0.805386
vt 0.241404 0.803950
vt 0.317910 0.188941
vt 0.317693 0.210158
vt 0.311540 0.210247
vt 0.311164 0.189025
vt 0.570825 0.197997
vt 0.687187 0.278119
vt 0.679931 0.293022
vt 0.263885 0.139582
vt 0.258719 0.139462
vt 0.259799 0.128197
vt 0.263178 0.128405
vt 0.674970 0.303143
vt 0.672594 0.308923
vt 0.135409 0.698924
vt 0.671226 0.312865
vt 0.960890 0.373264
vt 0.014298 0.061073
vt 0.014446 0.060224
vt 0.014590 0.060697
vt 0.014590 0.061279
vt 0.439169 0.660295
vt 0.439018 0.659207
vt 0.938517 0.435721
vt 0.168954 0.124927
vt 0.174780 0.116529
vt 0.478824 0.381569
vt 0.476086 0.361296
vt 0.488915 0.358089
vt 0.490230 0.374801
vt 0.503192 0.367296
vt 0.503752 0.355444
vt 0.330275 0.104479
vt 0.033558 0.374740
vt 0.025018 0.384510
vt 0.261111 0.591290
vt 0.276363 0.588932
vt 0.294490 0.588280
vt 0.293378 0.597515
vt 0.289859 0.612429
vt 0.310323 0.600692
vt 0.305198 0.617331
vt 0.299577 0.633182
vt 0.284004 0.626600
vt 0.295697 0.642737
vt 0.279428 0.634811
vt 0.265639 0.624682
vt 0.254749 0.613365
vt 0.275732 0.640656
vt 0.261398 0.629448
vt 0.250317 0.617076
vt 0.243456 0.606410
vt 0.248115 0.603205
vt 0.257431 0.634012
vt 0.245929 0.620920
vt 0.238938 0.609843
vt 0.235206 0.600966
vt 0.240475 0.597939
vt 0.243292 0.623848
vt 0.235350 0.613469
vt 0.231344 0.604011
vt 0.386272 0.568279
vt 0.379167 0.557480
vt 0.382704 0.554427
vt 0.390297 0.564263
vt 0.388631 0.551209
vt 0.395787 0.559970
vt 0.402682 0.565354
vt 0.410335 0.567835
vt 0.401992 0.555484
vt 0.408719 0.559535
vt 0.414581 0.562274
vt 0.415432 0.551412
vt 0.421093 0.554134
vt 0.426287 0.557017
vt 0.419738 0.565039
vt 0.416053 0.569809
vt 0.070974 0.110679
vt 0.076517 0.110368
vt 0.077370 0.115264
vt 0.071776 0.115095
vt 0.243306 0.584218
vt 0.248905 0.582797
vt 0.250254 0.587769
vt 0.244069 0.589256
vt 0.239469 0.590791
vt 0.239778 0.584201
vt 0.245419 0.595448
vt 0.251607 0.593365
vt 0.259948 0.585684
vt 0.258816 0.580377
vt 0.275004 0.576854
vt 0.275691 0.582715
vt 0.295291 0.574812
vt 0.294831 0.581345
vt 0.316767 0.576487
vt 0.314980 0.583278
vt 0.313183 0.590424
vt 0.334101 0.589424
vt 0.330918 0.596258
vt 0.326864 0.606182
vt 0.347290 0.604563
vt 0.343071 0.613123
vt 0.337134 0.628612
vt 0.320979 0.622652
vt 0.332925 0.644396
vt 0.315771 0.639160
vt 0.331010 0.654027
vt 0.312871 0.649137
vt 0.329973 0.661156
vt 0.310991 0.656314
vt 0.292864 0.649620
vt 0.309299 0.663101
vt 0.290284 0.656006
vt 0.272569 0.646162
vt 0.288741 0.661138
vt 0.270722 0.650542
vt 0.254799 0.637516
vt 0.249439 0.248536
vt 0.249439 0.230742
vt 0.253872 0.232124
vt 0.253554 0.249494
vt 0.370180 0.542279
vt 0.363261 0.523121
vt 0.367346 0.521181
vt 0.374015 0.539792
vt 0.373536 0.519196
vt 0.380118 0.537246
vt 0.380147 0.517430
vt 0.386311 0.535181
vt 0.394700 0.548447
vt 0.409426 0.548906
vt 0.418903 0.535593
vt 0.424815 0.537706
vt 0.426437 0.517695
vt 0.433422 0.519811
vt 0.440013 0.522013
vt 0.430771 0.540357
vt 0.445552 0.524205
vt 0.435867 0.543006
vt 0.102155 0.109906
vt 0.123029 0.109158
vt 0.123684 0.114691
vt 0.103311 0.115126
vt 0.087197 0.115185
vt 0.086019 0.110265
vt 0.445629 0.501317
vt 0.451714 0.502765
vt 0.145724 0.108258
vt 0.145631 0.114038
vt 0.445968 0.480376
vt 0.452300 0.480519
vt 0.168158 0.108111
vt 0.167314 0.114229
vt 0.187683 0.109546
vt 0.186114 0.114716
vt 0.337275 0.582941
vt 0.354483 0.593157
vt 0.350720 0.598689
vt 0.369661 0.602218
vt 0.366181 0.607576
vt 0.362883 0.613223
vt 0.381191 0.615597
vt 0.378110 0.621181
vt 0.374800 0.628381
vt 0.359078 0.620824
vt 0.371510 0.638923
vt 0.354082 0.634322
vt 0.369877 0.649436
vt 0.351062 0.648082
vt 0.369645 0.657276
vt 0.350108 0.656761
vt 0.370096 0.663745
vt 0.349836 0.663672
vt 0.370631 0.670139
vt 0.349686 0.670477
vt 0.329102 0.667971
vt 0.350130 0.675612
vt 0.329123 0.673099
vt 0.308624 0.668206
vt 0.277778 0.132200
vt 0.279061 0.151637
vt 0.273568 0.152931
vt 0.272335 0.134071
vt 0.270893 0.116504
vt 0.276524 0.113925
vt 0.158822 0.162252
vt 0.159203 0.141348
vt 0.163412 0.141955
vt 0.163412 0.163412
vt 0.363714 0.501195
vt 0.363261 0.480794
vt 0.369892 0.480471
vt 0.370464 0.500057
vt 0.376940 0.480292
vt 0.377530 0.499022
vt 0.386645 0.480346
vt 0.387063 0.498078
vt 0.402234 0.480393
vt 0.402226 0.497358
vt 0.419356 0.480464
vt 0.419349 0.497694
vt 0.430632 0.480509
vt 0.430616 0.498899
vt 0.438694 0.480388
vt 0.438463 0.500102
vt 0.428203 0.462584
vt 0.435732 0.461816
vt 0.442716 0.461061
vt 0.432758 0.444505
vt 0.439480 0.443896
vt 0.445595 0.443609
vt 0.448849 0.460647
vt 0.436727 0.427424
vt 0.442390 0.427189
vt 0.204224 0.110226
vt 0.219987 0.110213
vt 0.218677 0.115236
vt 0.202708 0.115172
vt 0.235475 0.110420
vt 0.234577 0.115263
vt 0.384415 0.610352
vt 0.399228 0.617398
vt 0.396435 0.622449
vt 0.414145 0.623325
vt 0.412021 0.627615
vt 0.409902 0.632396
vt 0.393721 0.627915
vt 0.408089 0.637197
vt 0.391197 0.634124
vt 0.407096 0.642629
vt 0.389366 0.641798
vt 0.407449 0.648067
vt 0.388880 0.649560
vt 0.408496 0.653144
vt 0.389339 0.656055
vt 0.409820 0.658279
vt 0.390302 0.662037
vt 0.411290 0.663151
vt 0.391384 0.667783
vt 0.412872 0.667294
vt 0.392580 0.672478
vt 0.371512 0.675016
vt 0.279862 0.193465
vt 0.279393 0.214932
vt 0.274559 0.214879
vt 0.274592 0.193775
vt 0.274157 0.172949
vt 0.280134 0.172126
vt 0.369424 0.439940
vt 0.376543 0.420393
vt 0.381929 0.422066
vt 0.375633 0.441119
vt 0.371690 0.460885
vt 0.365210 0.460388
vt 0.382016 0.442459
vt 0.378275 0.461528
vt 0.390041 0.444070
vt 0.387581 0.462397
vt 0.402363 0.445589
vt 0.401971 0.463215
vt 0.416407 0.445901
vt 0.417785 0.463156
vt 0.425948 0.445281
vt 0.415683 0.428785
vt 0.424081 0.428490
vt 0.430479 0.427887
vt 0.423084 0.411613
vt 0.429151 0.411342
vt 0.434995 0.411146
vt 0.429297 0.395141
vt 0.434488 0.395180
vt 0.438590 0.395639
vt 0.440064 0.411293
vt 0.435009 0.379822
vt 0.438171 0.380429
vt 0.250936 0.110727
vt 0.266147 0.110864
vt 0.265991 0.114061
vt 0.250383 0.114964
vt 0.280383 0.110615
vt 0.280486 0.112661
vt 0.429119 0.628193
vt 0.443348 0.630906
vt 0.442972 0.633199
vt 0.427788 0.631602
vt 0.442830 0.635537
vt 0.426776 0.635075
vt 0.442933 0.637813
vt 0.425860 0.638841
vt 0.443222 0.639734
vt 0.425600 0.642014
vt 0.443623 0.641897
vt 0.425881 0.645331
vt 0.444143 0.644094
vt 0.426713 0.649035
vt 0.444939 0.646296
vt 0.428155 0.652936
vt 0.446239 0.648538
vt 0.429672 0.656517
vt 0.447668 0.650767
vt 0.431076 0.659482
vt 0.276189 0.255723
vt 0.273945 0.273888
vt 0.271905 0.273515
vt 0.273397 0.255389
vt 0.273819 0.235803
vt 0.278228 0.236134
vt 0.030462 0.000632
vt 0.030640 0.018255
vt 0.026672 0.018081
vt 0.025303 0.000870
vt 0.396402 0.384094
vt 0.400211 0.386412
vt 0.390158 0.403542
vt 0.385417 0.401543
vt 0.404272 0.388903
vt 0.395289 0.405810
vt 0.387687 0.423932
vt 0.400857 0.408121
vt 0.394438 0.425868
vt 0.408215 0.410334
vt 0.404318 0.427815
vt 0.416134 0.411464
vt 0.413371 0.393616
vt 0.418619 0.394693
vt 0.424141 0.395118
vt 0.423835 0.378151
vt 0.427198 0.378927
vt 0.431225 0.379449
vt 0.433099 0.364220
vt 0.435268 0.365122
vt 0.437539 0.365807
vt 0.439894 0.354497
vt 0.441104 0.355361
vt 0.442256 0.356186
vt 0.439605 0.366512
vt 0.443032 0.350211
vt 0.443760 0.350709
vt 0.291343 0.110599
vt 0.297085 0.110204
vt 0.297065 0.111169
vt 0.291287 0.111933
vt 0.454075 0.631119
vt 0.459835 0.631820
vt 0.459954 0.632456
vt 0.454174 0.632369
vt 0.460215 0.633468
vt 0.454444 0.633980
vt 0.460647 0.634495
vt 0.454859 0.635356
vt 0.461124 0.635530
vt 0.455274 0.636773
vt 0.461531 0.636523
vt 0.455798 0.638201
vt 0.462008 0.637459
vt 0.456436 0.639543
vt 0.462642 0.638284
vt 0.457088 0.640653
vt 0.462688 0.639123
vt 0.457492 0.642021
vt 0.463806 0.637078
vt 0.464337 0.637884
vt 0.057894 0.001436
vt 0.058361 0.002918
vt 0.057101 0.002712
vt 0.057101 0.001363
vt 0.020817 0.035017
vt 0.020817 0.028539
vt 0.021885 0.028976
vt 0.021722 0.034012
vt 0.001183 0.045379
vt 0.001459 0.046299
vt 0.000401 0.046689
vt 0.000401 0.044504
vt 0.023887 0.052525
vt 0.022882 0.051759
vt 0.022795 0.046270
vt 0.024217 0.046456
vt 0.023253 0.034150
vt 0.025737 0.034406
vt 0.434857 0.350327
vt 0.438777 0.345627
vt 0.439290 0.346589
vt 0.435743 0.351130
vt 0.427565 0.361242
vt 0.425761 0.359976
vt 0.417674 0.375448
vt 0.414530 0.373355
vt 0.436696 0.351959
vt 0.429303 0.362222
vt 0.420529 0.376919
vt 0.408460 0.391410
vt 0.431316 0.363323
vt 0.437805 0.352826
vt 0.438909 0.353692
vt 0.440640 0.348182
vt 0.441397 0.348911
vt 0.442170 0.349615
vt 0.442553 0.346543
vt 0.443259 0.347035
vt 0.443930 0.347468
vt 0.444061 0.345303
vt 0.444694 0.345603
vt 0.445111 0.345968
vt 0.444564 0.347904
vt 0.444670 0.344206
vt 0.445105 0.344611
vt 0.302282 0.109627
vt 0.303479 0.110069
vt 0.060862 0.018048
vt 0.061279 0.018075
vt 0.061279 0.018967
vt 0.060789 0.018558
vt 0.466258 0.632853
vt 0.466559 0.633169
vt 0.465601 0.633366
vt 0.465701 0.632640
vt 0.464563 0.633466
vt 0.466512 0.633988
vt 0.465602 0.634110
vt 0.464600 0.634226
vt 0.463099 0.634355
vt 0.462897 0.633478
vt 0.465871 0.634970
vt 0.464809 0.635098
vt 0.463319 0.635282
vt 0.465041 0.635992
vt 0.463478 0.636208
vt 0.465376 0.636887
vt 0.054667 0.000348
vt 0.055443 0.000411
vt 0.055443 0.001459
vt 0.054769 0.001163
vt 0.027722 0.055006
vt 0.027359 0.055445
vt 0.026794 0.053885
vt 0.027722 0.053927
vt 0.024804 0.061279
vt 0.023677 0.061279
vt 0.023900 0.060185
vt 0.024665 0.059912
vt 0.025971 0.051834
vt 0.027051 0.051896
vt 0.026561 0.055491
vt 0.025883 0.054002
vt 0.440618 0.344504
vt 0.441195 0.345221
vt 0.439924 0.347423
vt 0.441851 0.345967
vt 0.024944 0.054197
vt 0.025704 0.055633
vt 0.442683 0.344376
vt 0.443404 0.344911
vt 0.024994 0.056049
vt 0.026236 0.056715
vt 0.025548 0.057045
vt 0.443962 0.343903
vt 0.026661 0.057662
vt 0.025893 0.057768
vt 0.025547 0.058361
vt 0.025060 0.057584
vt 0.027073 0.056700
vt 0.026838 0.057245
vt 0.466973 0.634902
vt 0.467124 0.633909
vt 0.467447 0.634566
vt 0.466791 0.635447
vt 0.466256 0.635854
vt 0.025634 0.049607
vt 0.025634 0.048321
vt 0.026263 0.048726
vt 0.026205 0.049296
vt 0.467188 0.633229
vt 0.411721 0.371350
vt 0.022795 0.018199
vt 0.028578 0.034848
vt 0.025946 0.046759
vt 0.272523 0.283006
vt 0.270893 0.285970
vt 0.455667 0.644819
vt 0.658842 0.397291
vt 0.664855 0.401692
vt 0.110173 0.102466
vt 0.113804 0.101273
vt 0.113804 0.106509
vt 0.108690 0.106177
vt 0.129962 0.132307
vt 0.129450 0.137031
vt 0.122000 0.136392
vt 0.122286 0.131835
vt 0.654429 0.395887
vt 0.657939 0.389195
vt 0.662811 0.391376
vt 0.135552 0.134046
vt 0.136129 0.137149
vt 0.393268 0.047725
vt 0.386637 0.052202
vt 0.387019 0.046939
vt 0.140550 0.131688
vt 0.142985 0.134929
vt 0.400232 0.046168
vt 0.386883 0.057979
vt 0.379907 0.057474
vt 0.379856 0.051620
vt 0.380238 0.045890
vt 0.372059 0.057499
vt 0.371778 0.051644
vt 0.371493 0.045855
vt 0.360554 0.052965
vt 0.359986 0.047376
vt 0.112542 0.136502
vt 0.099544 0.136259
vt 0.099415 0.131261
vt 0.112768 0.131832
vt 0.663295 0.381414
vt 0.671670 0.370591
vt 0.676048 0.373722
vt 0.667890 0.383831
vt 0.680574 0.377765
vt 0.673062 0.387174
vt 0.668360 0.394783
vt 0.678042 0.391116
vt 0.674109 0.398819
vt 0.671566 0.405714
vt 0.681372 0.402514
vt 0.679728 0.408887
vt 0.677997 0.414852
vt 0.691247 0.412231
vt 0.689898 0.418068
vt 0.688381 0.423581
vt 0.676265 0.420142
vt 0.064790 0.060588
vt 0.077577 0.060252
vt 0.077657 0.065118
vt 0.064977 0.065346
vt 0.056468 0.065656
vt 0.056161 0.061622
vt 0.397422 0.074325
vt 0.395830 0.086236
vt 0.390172 0.085174
vt 0.391688 0.073662
vt 0.384367 0.083904
vt 0.385963 0.072912
vt 0.386775 0.064786
vt 0.380068 0.071679
vt 0.380312 0.063955
vt 0.733056 0.005990
vt 0.738843 0.011064
vt 0.728088 0.011491
vt 0.372963 0.063638
vt 0.722592 0.020059
vt 0.716981 0.018058
vt 0.722683 0.008744
vt 0.717351 0.032826
vt 0.711263 0.031416
vt 0.705526 0.030233
vt 0.711465 0.016256
vt 0.717746 0.006358
vt 0.707732 0.045805
vt 0.701659 0.045227
vt 0.696169 0.045013
vt 0.700237 0.029534
vt 0.706369 0.015034
vt 0.349891 0.005001
vt 0.335219 0.006527
vt 0.335422 0.001712
vt 0.350168 0.000394
vt 0.084358 0.137149
vt 0.084404 0.132573
vt 0.683229 0.359754
vt 0.696315 0.350169
vt 0.699692 0.354374
vt 0.687066 0.363459
vt 0.703279 0.359371
vt 0.691120 0.367856
vt 0.706924 0.365125
vt 0.695248 0.372740
vt 0.685097 0.381939
vt 0.710819 0.372308
vt 0.719687 0.358760
vt 0.723257 0.366622
vt 0.728731 0.380562
vt 0.716166 0.384674
vt 0.733712 0.396882
vt 0.720234 0.399614
vt 0.735965 0.406914
vt 0.721488 0.408831
vt 0.706620 0.408599
vt 0.721855 0.415926
vt 0.706013 0.415106
vt 0.692276 0.406102
vt 0.721654 0.422510
vt 0.705188 0.421320
vt 0.721083 0.428330
vt 0.703925 0.426889
vt 0.093752 0.060035
vt 0.111099 0.060018
vt 0.111037 0.065166
vt 0.093773 0.065388
vt 0.392845 0.101204
vt 0.387843 0.116257
vt 0.382181 0.114022
vt 0.387144 0.099619
vt 0.376408 0.111132
vt 0.381357 0.097562
vt 0.759086 0.028628
vt 0.765988 0.042617
vt 0.759573 0.044091
vt 0.753642 0.030883
vt 0.375480 0.095163
vt 0.378494 0.082481
vt 0.746148 0.019099
vt 0.751250 0.045548
vt 0.763842 0.058079
vt 0.754393 0.058787
vt 0.738009 0.060045
vt 0.737013 0.047303
vt 0.722474 0.060683
vt 0.723005 0.047306
vt 0.713444 0.060695
vt 0.714474 0.046674
vt 0.706401 0.060617
vt 0.713618 0.074885
vt 0.706545 0.075490
vt 0.700097 0.076116
vt 0.699951 0.060603
vt 0.694371 0.076972
vt 0.694003 0.060802
vt 0.319654 0.008331
vt 0.303373 0.008733
vt 0.303477 0.003786
vt 0.319752 0.002922
vt 0.710500 0.342158
vt 0.725608 0.336469
vt 0.727959 0.341199
vt 0.713444 0.346920
vt 0.730448 0.347040
vt 0.716455 0.352527
vt 0.733160 0.353506
vt 0.745673 0.342553
vt 0.747807 0.349188
vt 0.750382 0.357503
vt 0.736322 0.361741
vt 0.754835 0.371501
vt 0.741574 0.376193
vt 0.760032 0.387137
vt 0.747015 0.392707
vt 0.763161 0.396431
vt 0.749878 0.402627
vt 0.765746 0.403177
vt 0.751993 0.410004
vt 0.737285 0.414420
vt 0.754114 0.416601
vt 0.738256 0.421264
vt 0.755955 0.422539
vt 0.738748 0.427273
vt 0.266011 0.256790
vt 0.266011 0.239535
vt 0.271380 0.239647
vt 0.271373 0.256661
vt 0.128395 0.060335
vt 0.128357 0.065656
vt 0.380391 0.130629
vt 0.369904 0.142985
vt 0.365173 0.138990
vt 0.374938 0.127592
vt 0.359986 0.134467
vt 0.369302 0.123789
vt 0.770870 0.057396
vt 0.772858 0.072421
vt 0.765650 0.072328
vt 0.771863 0.087356
vt 0.765074 0.086745
vt 0.755740 0.086470
vt 0.755854 0.072474
vt 0.739386 0.086968
vt 0.738805 0.073209
vt 0.723942 0.088360
vt 0.722832 0.074264
vt 0.714937 0.089484
vt 0.726286 0.103048
vt 0.717588 0.104721
vt 0.710797 0.106451
vt 0.707902 0.090645
vt 0.704616 0.108231
vt 0.701460 0.091922
vt 0.699272 0.110252
vt 0.695613 0.093405
vt 0.286482 0.009581
vt 0.268715 0.009666
vt 0.268597 0.004385
vt 0.286407 0.003829
vt 0.741748 0.331359
vt 0.758722 0.328382
vt 0.760170 0.333521
vt 0.743733 0.336516
vt 0.761563 0.339512
vt 0.776690 0.331901
vt 0.777455 0.337906
vt 0.778320 0.344236
vt 0.763080 0.346073
vt 0.779516 0.351919
vt 0.764926 0.354076
vt 0.781987 0.363148
vt 0.768370 0.366993
vt 0.785523 0.375141
vt 0.772948 0.381049
vt 0.788366 0.382887
vt 0.776005 0.389432
vt 0.791047 0.389051
vt 0.778720 0.395795
vt 0.793377 0.394547
vt 0.781222 0.401495
vt 0.768219 0.409166
vt 0.783460 0.406691
vt 0.770720 0.414679
vt 0.266128 0.222368
vt 0.266156 0.206833
vt 0.271304 0.206909
vt 0.271363 0.222471
vt 0.783396 0.090298
vt 0.781012 0.105060
vt 0.775824 0.103510
vt 0.778036 0.088599
vt 0.779297 0.072901
vt 0.784959 0.073735
vt 0.770012 0.102235
vt 0.773999 0.117564
vt 0.768273 0.116445
vt 0.761913 0.115625
vt 0.763379 0.101398
vt 0.754113 0.115158
vt 0.754942 0.100951
vt 0.741564 0.115728
vt 0.740240 0.101235
vt 0.729515 0.117750
vt 0.743451 0.129851
vt 0.733668 0.132075
vt 0.726733 0.134434
vt 0.721670 0.119764
vt 0.720965 0.137014
vt 0.715240 0.121934
vt 0.715589 0.139549
vt 0.709253 0.124136
vt 0.710868 0.142232
vt 0.704025 0.126589
vt 0.251042 0.010213
vt 0.233810 0.009488
vt 0.233779 0.004503
vt 0.250947 0.004418
vt 0.775784 0.326549
vt 0.792643 0.327323
vt 0.793055 0.332158
vt 0.809242 0.328936
vt 0.809160 0.333492
vt 0.808873 0.338732
vt 0.793291 0.337785
vt 0.808583 0.344284
vt 0.793573 0.343759
vt 0.808444 0.350619
vt 0.794124 0.350853
vt 0.809099 0.358248
vt 0.795630 0.360272
vt 0.810618 0.365982
vt 0.797973 0.369912
vt 0.812622 0.372250
vt 0.800508 0.377068
vt 0.814808 0.377670
vt 0.802980 0.382937
vt 0.816846 0.382719
vt 0.805291 0.388267
vt 0.818420 0.387280
vt 0.807134 0.393070
vt 0.795640 0.399689
vt 0.266262 0.192350
vt 0.266633 0.178603
vt 0.271192 0.178691
vt 0.271356 0.192389
vt 0.779220 0.118916
vt 0.777484 0.132040
vt 0.772517 0.130785
vt 0.776134 0.144685
vt 0.771577 0.143680
vt 0.766327 0.142965
vt 0.766986 0.129834
vt 0.760694 0.142497
vt 0.760893 0.129117
vt 0.754195 0.142569
vt 0.753751 0.128915
vt 0.746306 0.143730
vt 0.756203 0.155765
vt 0.750232 0.157034
vt 0.744587 0.159419
vt 0.738796 0.146036
vt 0.739876 0.162113
vt 0.732735 0.148608
vt 0.735518 0.164999
vt 0.727681 0.151394
vt 0.731376 0.167906
vt 0.722855 0.154229
vt 0.727639 0.170862
vt 0.718421 0.157164
vt 0.217057 0.008907
vt 0.201209 0.007810
vt 0.201306 0.003724
vt 0.217128 0.003927
vt 0.186441 0.006797
vt 0.186602 0.002883
vt 0.825140 0.332378
vt 0.840238 0.337167
vt 0.839384 0.340630
vt 0.824639 0.336429
vt 0.838338 0.344519
vt 0.823883 0.341075
vt 0.837358 0.348554
vt 0.823144 0.345918
vt 0.836351 0.352797
vt 0.822451 0.351136
vt 0.836028 0.357082
vt 0.822450 0.357265
vt 0.836755 0.361646
vt 0.823543 0.363278
vt 0.837925 0.365926
vt 0.825167 0.368490
vt 0.839278 0.370166
vt 0.826935 0.373428
vt 0.840534 0.374127
vt 0.828662 0.378079
vt 0.841254 0.377610
vt 0.829801 0.382172
vt 0.266792 0.152969
vt 0.266898 0.140590
vt 0.270588 0.140571
vt 0.270939 0.152970
vt 0.270950 0.165606
vt 0.266738 0.165610
vt 0.775704 0.157061
vt 0.775459 0.169356
vt 0.771976 0.168782
vt 0.771465 0.156310
vt 0.767907 0.168548
vt 0.766612 0.155900
vt 0.763605 0.168513
vt 0.761573 0.155615
vt 0.759175 0.168762
vt 0.767104 0.182215
vt 0.763936 0.182851
vt 0.761348 0.183841
vt 0.754924 0.169761
vt 0.758736 0.185234
vt 0.751104 0.171883
vt 0.756025 0.187297
vt 0.747405 0.174666
vt 0.753488 0.189811
vt 0.743959 0.177457
vt 0.751017 0.192339
vt 0.740631 0.180295
vt 0.748932 0.194580
vt 0.737599 0.183249
vt 0.762701 0.203564
vt 0.761418 0.205262
vt 0.172572 0.004905
vt 0.158956 0.003331
vt 0.159259 0.001437
vt 0.172742 0.002362
vt 0.854606 0.343547
vt 0.868849 0.351303
vt 0.867902 0.353112
vt 0.853673 0.346235
vt 0.866824 0.355327
vt 0.852663 0.349106
vt 0.866389 0.357142
vt 0.851681 0.352281
vt 0.866003 0.359169
vt 0.850984 0.355392
vt 0.865604 0.361165
vt 0.850671 0.358201
vt 0.865248 0.363092
vt 0.850726 0.361257
vt 0.865080 0.365184
vt 0.851249 0.364703
vt 0.865208 0.367223
vt 0.851952 0.367883
vt 0.865319 0.369419
vt 0.852781 0.370995
vt 0.865292 0.371340
vt 0.853202 0.373751
vt 0.267269 0.128159
vt 0.267369 0.116571
vt 0.269290 0.116340
vt 0.270207 0.128043
vt 0.210101 0.117972
vt 0.209085 0.128951
vt 0.207072 0.129248
vt 0.207042 0.117788
vt 0.776312 0.182081
vt 0.773586 0.181930
vt 0.776915 0.194750
vt 0.774824 0.195240
vt 0.770461 0.181990
vt 0.773001 0.195849
vt 0.779469 0.203586
vt 0.778135 0.204150
vt 0.776808 0.204894
vt 0.771295 0.196666
vt 0.775468 0.205761
vt 0.769548 0.197653
vt 0.774137 0.206682
vt 0.767758 0.198768
vt 0.773024 0.207657
vt 0.765934 0.200058
vt 0.771999 0.208858
vt 0.764240 0.201674
vt 0.776823 0.211562
vt 0.776109 0.212687
vt 0.778310 0.213644
vt 0.777465 0.214814
vt 0.776627 0.215165
vt 0.779433 0.215651
vt 0.778425 0.215901
vt 0.021203 0.037016
vt 0.021885 0.036498
vt 0.021885 0.037659
vt 0.021004 0.037935
vt 0.883418 0.362529
vt 0.884806 0.363145
vt 0.884785 0.364202
vt 0.883159 0.363500
vt 0.880938 0.362234
vt 0.881537 0.361262
vt 0.882217 0.360581
vt 0.883465 0.361748
vt 0.876345 0.359665
vt 0.876858 0.358530
vt 0.877599 0.357404
vt 0.880407 0.363375
vt 0.875932 0.361118
vt 0.879970 0.364621
vt 0.875547 0.362624
vt 0.879585 0.365912
vt 0.875219 0.364143
vt 0.879242 0.367171
vt 0.874892 0.365679
vt 0.879129 0.368498
vt 0.874771 0.367035
vt 0.879439 0.369912
vt 0.874631 0.368513
vt 0.879272 0.371289
vt 0.874375 0.370113
vt 0.880707 0.370545
vt 0.001459 0.055062
vt 0.000388 0.055443
vt 0.000388 0.053892
vt 0.001456 0.054076
vt 0.054984 0.017299
vt 0.055443 0.018953
vt 0.054101 0.018967
vt 0.054101 0.016733
vt 0.017508 0.055443
vt 0.016174 0.055156
vt 0.015873 0.050915
vt 0.017508 0.051231
vt 0.004552 0.014400
vt 0.003182 0.009497
vt 0.780873 0.203148
vt 0.208888 0.137149
vt 0.210101 0.136567
vt 0.040853 0.016471
vt 0.039487 0.016000
vt 0.782090 0.207787
vt 0.780872 0.208167
vt 0.782525 0.210454
vt 0.781493 0.211194
vt 0.779691 0.208784
vt 0.780416 0.211937
vt 0.778584 0.209581
vt 0.779309 0.212731
vt 0.777566 0.210529
vt 0.781759 0.213737
vt 0.780582 0.214591
vt 0.782980 0.215369
vt 0.781659 0.216584
vt 0.780466 0.216690
vt 0.004191 0.026263
vt 0.003699 0.025167
vt 0.003699 0.024148
vt 0.004377 0.024991
vt 0.886286 0.364757
vt 0.886331 0.365958
vt 0.884583 0.365331
vt 0.015286 0.027325
vt 0.016049 0.028056
vt 0.015786 0.029181
vt 0.015286 0.028257
vt 0.885955 0.367331
vt 0.884155 0.366589
vt 0.882327 0.365757
vt 0.882751 0.364591
vt 0.883694 0.367876
vt 0.881853 0.366989
vt 0.885551 0.368768
vt 0.884926 0.369984
vt 0.887268 0.367860
vt 0.887029 0.369329
vt 0.001459 0.051523
vt 0.001451 0.052525
vt 0.000608 0.051822
vt 0.000608 0.050604
vt 0.784431 0.214506
vt 0.784959 0.215732
vt 0.783773 0.216373
vt 0.782893 0.212955
vt 0.783913 0.212077
vt 0.784785 0.213542
vt 0.887772 0.366623
vt 0.782740 0.217396
vt 0.003182 0.000880
vt 0.005117 0.000745
vt 0.872129 0.371013
vt 0.150644 0.001675
vt 0.151235 0.000394
vt 0.957780 0.999787
vt 0.533339 0.000196
vt 0.181514 0.119570
vt 0.159035 0.136809
vt 0.043771 0.001724
vt 0.043771 0.002918
vt 0.043060 0.001985
vt 0.043103 0.000527
vt 0.008183 0.000704
vt 0.008687 0.000197
vt 0.008754 0.000950
vt 0.008183 0.001459
vt 0.000802 0.048799
vt 0.000802 0.047771
vt 0.001459 0.048549
vt 0.001396 0.049607
vt 0.607238 0.881514
vt 0.017286 0.008754
vt 0.017017 0.007806
vt 0.017017 0.006750
vt 0.017508 0.007649
vt 0.062290 0.051237
vt 0.064197 0.055443
vt 0.060300 0.055443
vt 0.772779 0.999796
vt 0.765397 0.988885
vt 0.763124 0.999714
s 1
usemtl tripo_mat_2b5860b3-e9a3-4323-b465-c91d457ca179
f 1/1 70/2 71/3 72/4
f 1/1 73/5 74/6 75/7
f 1/1 75/7 76/8 77/9
f 1/1 77/9 78/10 70/2
f 1/1 72/4 79/11 73/5
f 30/12 80/13 81/14 82/15
f 2/16 83/17 84/18 85/19
f 2/20 85/21 86/22 87/23
f 2/24 87/25 88/26 83/27
f 3/28 89/29 25/30 90/31
f 3/32 91/33 92/34 89/35
f 3/36 90/37 29/38 91/39
f 4/40 93/41 94/42 95/43
f 4/44 96/45 97/46 93/47
f 4/48 95/49 98/50 99/51
f 4/44 27/52 100/53 96/45
f 4/48 99/51 101/54 27/55
f 102/56 103/57 104/58 105/59
f 5/60 110/61 111/62 112/63
f 114/64 115/65 110/61 5/60
f 5/60 112/63 113/66 114/64
f 6/67 116/68 117/69 118/70
f 6/67 119/71 120/72 121/73
f 6/67 115/65 122/74 119/71
f 6/67 118/70 110/61 115/65
f 7/75 123/76 124/77 125/78
f 127/79 128/80 123/76 7/75
f 7/75 125/78 126/81 127/79
f 8/82 129/83 130/84 131/85
f 133/86 134/87 129/83 8/82
f 8/82 131/85 132/88 133/86
f 9/89 10/90 139/91 140/92
f 9/93 140/94 141/95 21/96
f 9/97 21/98 142/99 10/100
f 10/90 142/101 143/102 139/91
f 11/103 144/104 145/105 146/106
f 12/107 147/108 148/109 149/110
f 11/111 12/112 149/113 150/114
f 11/115 151/116 147/108 12/107
f 11/117 146/118 152/119 151/120
f 13/121 15/122 20/123 153/124
f 13/125 153/126 154/127 14/128
f 14/129 155/130 156/131 157/132
f 13/125 14/128 157/133 15/134
f 14/129 158/135 159/136 155/130
f 14/129 160/137 161/138 158/135
f 15/122 157/139 162/140 20/123
f 163/141 164/142 165/143 166/144
f 16/145 17/146 167/147 168/148
f 16/145 169/149 170/150 17/146
f 16/151 168/152 171/153 169/154
f 17/146 170/150 172/155 173/156
f 17/146 173/156 174/157 175/158
f 17/146 175/158 176/159 167/147
f 18/160 176/161 177/162 178/163
f 18/164 178/165 179/166 19/167
f 18/168 19/169 167/147 176/159
f 19/170 179/171 168/152 167/172
f 180/173 157/174 156/175 181/176
f 20/177 162/178 182/179 183/180
f 20/181 183/182 165/143 164/142
f 21/98 184/183 185/184 142/99
f 21/185 186/186 187/187 184/188
f 21/189 141/190 188/191 186/192
f 22/193 189/194 190/195 191/196
f 22/197 191/198 192/199 193/200
f 22/197 193/200 194/201 189/202
f 23/203 195/204 196/205 197/206
f 23/207 197/208 198/209 199/210
f 23/207 199/210 200/211 195/212
f 201/213 202/214 203/215 204/216
f 24/217 205/218 206/219 207/220
f 24/217 207/220 208/221 209/222
f 24/217 209/222 210/223 211/224
f 24/217 211/224 212/225 213/226
f 24/217 213/226 214/227 205/218
f 25/228 215/229 216/230 90/231
f 25/232 89/35 217/233 218/234
f 26/235 219/236 220/237 221/238
f 26/239 222/240 223/241 219/242
f 26/243 221/244 225/245 224/246
f 27/247 101/248 227/249 100/250
f 28/251 228/252 229/253 230/254
f 28/255 231/256 232/257 228/258
f 28/259 230/260 233/261 231/262
f 29/263 81/264 234/265 91/33
f 29/266 235/267 82/268 81/269
f 30/270 236/271 237/272 80/273
f 30/274 82/275 238/276 236/277
f 31/278 240/279 241/280 242/281
f 31/282 243/283 244/284 240/285
f 31/278 242/281 245/286 243/287
f 32/288 246/289 247/290 248/291
f 32/288 248/291 249/292 250/293
f 32/294 250/295 251/296 252/297
f 32/294 252/297 253/298 254/299
f 32/300 254/301 255/302 246/303
f 256/304 257/305 258/306 259/307
f 33/308 260/309 261/310 262/311
f 33/308 263/312 264/313 260/309
f 33/308 262/311 265/314 266/315
f 34/316 267/317 268/318 269/319
f 271/320 272/321 267/317 34/316
f 34/316 269/319 270/322 271/320
f 35/323 273/324 274/325 275/326
f 277/327 278/328 273/324 35/323
f 35/323 275/326 276/329 277/327
f 36/330 279/331 280/332 281/333
f 36/330 282/334 283/335 284/336
f 36/330 284/336 285/337 279/331
f 37/338 286/339 287/340 288/341
f 37/338 288/341 289/342 290/343
f 37/338 290/343 291/344 286/339
f 38/345 292/346 293/347 294/348
f 38/345 295/349 296/350 297/351
f 38/345 298/352 299/353 295/349
f 38/354 294/355 300/356 298/357
f 38/345 297/351 301/358 292/346
f 39/359 302/360 303/361 287/340
f 39/359 287/340 286/339 304/362
f 39/359 305/363 306/364 302/360
f 39/359 307/365 308/366 305/363
f 39/359 304/362 309/367 307/365
f 40/368 310/369 311/370 312/371
f 40/368 312/371 313/372 314/373
f 40/368 314/373 315/374 316/375
f 41/376 317/377 318/378 319/379
f 41/376 319/379 320/380 321/381
f 41/376 321/381 322/382 317/377
f 42/383 311/370 310/369 323/384
f 42/383 324/385 291/344 311/370
f 42/383 323/384 325/386 324/385
f 43/387 326/388 327/389 328/390
f 43/387 309/367 325/386 326/388
f 43/391 328/392 307/393 309/394
f 44/395 329/396 330/397 331/398
f 44/399 331/400 332/401 333/402
f 44/395 334/403 335/404 329/396
f 44/399 333/402 336/405 334/406
f 45/407 337/408 338/409 339/410
f 45/407 339/410 340/411 341/412
f 45/407 341/412 342/413 337/408
f 343/414 344/415 345/416 346/417
f 46/418 347/419 348/420 349/421
f 46/422 349/423 350/424 351/425
f 46/426 352/427 353/428 347/429
f 46/430 351/431 354/432 352/433
f 47/434 355/435 356/436 357/437
f 47/438 357/439 358/440 359/441
f 47/442 359/443 360/444 355/445
f 48/446 365/447 366/448 367/449
f 48/446 368/450 369/451 365/447
f 48/446 367/449 370/452 368/450
f 49/453 50/454 371/455 372/456
f 49/453 372/456 373/457 374/458
f 49/453 374/458 375/459 376/460
f 49/461 376/462 377/463 378/464
f 49/465 378/466 379/467 50/468
f 50/469 380/470 381/471 371/472
f 50/469 382/473 383/474 380/470
f 50/469 384/475 385/476 382/473
f 51/477 386/478 53/479 387/480
f 389/481 390/482 386/478 51/477
f 51/477 387/480 388/483 389/481
f 52/484 57/485 391/486 53/479
f 56/487 52/488 53/489 386/490
f 386/491 392/492 393/493 394/494
f 386/495 394/496 55/497 56/498
f 52/484 56/499 55/500 57/485
f 54/501 395/502 396/503 397/504
f 54/505 55/506 394/494 395/507
f 54/508 397/509 398/510 55/511
f 55/512 398/513 399/514 400/515
f 57/516 401/517 402/518 391/519
f 57/516 55/512 400/515 403/520
f 57/516 403/520 404/521 401/517
f 58/522 405/523 406/524 407/525
f 58/522 407/525 408/526 409/527
f 58/522 409/527 410/528 405/523
f 411/529 412/530 413/531 414/532
f 59/533 419/534 420/535 421/536
f 59/537 421/538 422/539 423/540
f 59/537 423/540 424/541 419/542
f 60/543 425/544 426/545 427/546
f 60/543 427/546 428/547 429/548
f 60/543 429/548 430/549 425/544
f 61/550 431/551 432/552 433/553
f 61/550 433/553 434/554 435/555
f 61/556 435/557 436/558 437/559
f 61/550 437/560 438/561 439/562
f 61/550 439/562 440/563 431/551
f 441/564 442/565 443/566 436/567
f 62/568 444/569 445/570 446/571
f 62/568 446/571 447/572 448/573
f 62/568 448/573 449/574 444/569
f 63/575 450/576 451/577 452/578
f 63/575 452/578 453/579 454/580
f 63/575 454/580 455/581 456/582
f 63/583 456/584 457/585 458/586
f 63/583 458/586 459/587 450/588
f 64/589 292/346 301/358 460/590
f 64/589 460/590 461/591 462/592
f 64/589 462/592 463/593 464/594
f 64/589 464/594 293/347 292/346
f 65/595 465/596 466/597 467/598
f 65/595 468/599 469/600 465/596
f 65/595 470/601 471/602 468/599
f 65/595 467/598 472/603 68/604
f 65/595 68/604 473/605 470/601
f 66/606 474/607 470/601 473/605
f 476/608 477/609 474/607 66/606
f 66/606 473/605 475/610 476/608
f 67/611 478/612 479/613 480/614
f 67/611 481/615 482/616 478/612
f 67/617 480/618 483/619 481/620
f 68/604 472/603 484/621 473/605
f 69/622 475/610 473/605 484/621
f 69/622 443/566 442/565 475/610
f 69/622 484/621 485/623 443/566
f 485/623 484/621 472/603 486/624
f 485/623 486/624 438/561 437/560
f 485/623 437/560 436/567 443/566
f 486/624 472/603 467/598 487/625
f 486/624 487/625 488/626 438/561
f 488/626 487/625 489/627 490/628
f 488/626 490/628 447/572 491/629
f 488/626 491/629 439/562 438/561
f 491/629 447/572 446/571 492/630
f 491/629 492/630 440/563 439/562
f 492/630 446/571 445/570 493/631
f 492/630 493/631 494/632 440/563
f 494/632 493/631 495/633 496/634
f 494/632 496/634 497/635 498/636
f 494/632 498/636 431/551 440/563
f 498/636 497/635 499/637 500/638
f 498/636 500/638 432/552 431/551
f 500/638 499/637 501/639 502/640
f 500/638 502/640 503/641 432/552
f 503/641 502/640 504/642 505/643
f 503/641 505/643 506/644 507/645
f 503/641 507/645 433/553 432/552
f 507/645 506/644 508/646 509/647
f 507/645 509/647 434/554 433/553
f 509/647 508/646 510/648 511/649
f 509/647 511/649 512/650 434/554
f 512/650 513/651 435/555 434/554
f 512/650 511/649 514/652 515/653
f 512/650 515/653 516/654 513/651
f 516/654 442/565 441/564 513/651
f 516/654 515/653 517/655 476/608
f 516/654 476/608 475/610 442/565
f 517/655 515/653 514/652 518/656
f 517/655 518/656 519/657 520/658
f 517/655 520/658 477/609 476/608
f 520/658 519/657 521/659 522/660
f 520/658 522/660 523/661 477/609
f 523/661 524/662 525/663 526/664
f 523/661 526/664 474/607 477/609
f 523/661 522/660 527/665 524/662
f 527/666 528/667 529/668 524/669
f 527/665 522/660 521/659 530/670
f 527/666 530/671 531/672 528/667
f 531/672 532/673 533/674 528/667
f 531/672 530/671 534/675 479/613
f 531/672 479/613 478/612 532/673
f 534/676 530/670 521/659 535/677
f 534/676 535/677 536/678 537/679
f 534/675 537/680 480/614 479/613
f 537/681 536/682 538/683 539/684
f 537/681 539/684 483/619 480/618
f 539/684 538/683 540/685 541/686
f 539/684 541/686 542/687 483/619
f 542/687 543/688 544/689 545/690
f 542/687 545/690 481/620 483/619
f 542/687 541/686 322/382 543/688
f 545/691 544/692 546/693 547/694
f 545/691 547/694 482/616 481/615
f 547/694 546/693 548/695 549/696
f 547/694 549/696 550/697 482/616
f 550/697 549/696 551/698 552/699
f 550/697 552/699 533/674 532/673
f 550/697 532/673 478/612 482/616
f 552/699 551/698 553/700 554/701
f 552/699 554/701 555/702 533/674
f 555/702 554/701 556/703 557/704
f 555/702 557/704 558/705 529/668
f 555/702 529/668 528/667 533/674
f 558/705 557/704 559/706 560/707
f 558/705 560/707 561/708 525/709
f 558/705 525/709 524/669 529/668
f 561/708 560/707 562/710 563/711
f 561/712 563/713 468/599 471/602
f 561/712 471/602 526/664 525/663
f 563/711 562/710 564/714 565/715
f 563/713 565/716 469/600 468/599
f 565/715 564/714 566/717 567/718
f 565/716 567/719 568/720 469/600
f 568/720 567/719 569/721 570/722
f 568/720 570/722 571/723 572/724
f 568/720 572/724 465/596 469/600
f 572/724 571/723 573/725 574/726
f 572/724 574/726 466/597 465/596
f 574/726 573/725 575/727 576/728
f 574/726 576/728 489/627 466/597
f 576/728 575/727 577/729 578/730
f 576/728 578/730 490/628 489/627
f 578/730 577/729 449/574 448/573
f 578/730 448/573 447/572 490/628
f 577/729 575/727 579/731 580/732
f 577/729 580/732 581/733 449/574
f 581/733 580/732 582/734 583/735
f 581/733 583/735 584/736 585/737
f 581/733 585/737 444/569 449/574
f 585/737 584/736 586/738 587/739
f 585/737 587/739 445/570 444/569
f 587/739 586/738 588/740 495/633
f 587/739 495/633 493/631 445/570
f 588/740 586/738 589/741 590/742
f 588/740 590/742 591/743 592/744
f 588/740 592/744 496/634 495/633
f 592/744 591/743 389/481 388/483
f 592/744 388/483 497/635 496/634
f 591/743 590/742 593/745 594/746
f 595/747 596/748 597/749 598/750
f 595/747 598/750 599/751 600/752
f 595/747 600/752 403/753 400/754
f 600/755 599/756 601/757 602/758
f 600/755 602/758 404/521 403/520
f 602/758 601/757 603/759 604/760
f 602/758 604/760 605/761 404/521
f 605/761 604/760 606/762 607/763
f 605/761 607/763 608/764 609/765
f 605/761 609/765 401/517 404/521
f 609/765 608/764 610/766 611/767
f 609/765 611/767 402/518 401/517
f 611/767 610/766 612/768 613/769
f 611/767 613/769 614/770 402/518
f 614/770 615/771 391/519 402/518
f 614/770 613/769 616/772 617/773
f 614/774 617/775 501/639 615/776
f 617/773 616/772 618/777 504/778
f 617/775 504/642 502/640 501/639
f 618/777 616/772 619/779 620/780
f 618/777 620/780 621/781 622/782
f 618/777 622/782 505/783 504/778
f 622/782 621/781 623/784 624/785
f 622/782 624/785 506/786 505/783
f 624/785 623/784 625/787 626/788
f 624/785 626/788 508/789 506/786
f 626/788 625/787 627/790 628/791
f 626/792 628/793 510/648 508/646
f 628/791 627/790 629/794 630/795
f 628/793 630/796 631/797 510/648
f 631/797 514/652 511/649 510/648
f 631/798 630/799 632/800 633/801
f 631/797 633/802 518/656 514/652
f 633/802 632/803 634/804 635/805
f 633/802 635/805 519/657 518/656
f 635/805 634/804 536/678 535/677
f 635/805 535/677 521/659 519/657
f 634/806 632/807 636/808 637/809
f 634/810 637/811 538/683 536/682
f 637/809 636/808 638/812 639/813
f 637/811 639/814 540/685 538/683
f 639/813 638/812 640/815 318/816
f 639/814 318/378 317/377 540/685
f 640/815 638/812 641/817 642/818
f 640/815 642/818 643/819 644/820
f 640/815 644/820 319/821 318/816
f 644/820 643/819 645/822 646/823
f 644/820 646/823 320/824 319/821
f 646/825 645/826 330/827 329/828
f 646/823 329/396 335/404 320/824
f 645/822 643/819 647/829 648/830
f 645/826 648/831 649/832 330/827
f 649/832 648/831 650/833 651/834
f 649/832 651/834 652/835 653/836
f 649/832 653/836 331/400 330/827
f 653/836 652/835 654/837 655/838
f 653/836 655/838 332/401 331/400
f 655/838 654/837 656/839 657/840
f 655/838 657/840 658/841 332/401
f 658/841 657/840 659/842 660/843
f 658/841 660/843 661/844 662/845
f 658/841 662/845 333/402 332/401
f 662/845 661/844 663/846 664/847
f 662/845 664/847 336/405 333/402
f 664/847 663/846 665/848 666/849
f 664/847 666/849 667/850 336/405
f 667/850 666/849 548/851 546/852
f 667/850 546/852 544/853 668/854
f 667/850 668/854 334/406 336/405
f 668/855 544/689 543/688 669/856
f 668/854 669/857 335/858 334/406
f 669/856 543/688 322/382 321/381
f 669/856 321/381 320/380 335/859
f 666/849 665/848 670/860 548/851
f 670/860 665/848 671/861 672/862
f 670/863 672/864 553/700 551/698
f 670/863 551/698 549/696 548/695
f 672/862 671/861 673/865 674/866
f 672/864 674/867 675/868 553/700
f 675/868 674/867 676/869 677/870
f 675/868 677/870 678/871 556/703
f 675/868 556/703 554/701 553/700
f 678/871 677/870 679/872 680/873
f 678/871 680/873 681/874 559/706
f 678/871 559/706 557/704 556/703
f 681/874 680/873 682/875 683/876
f 681/874 683/876 564/714 562/710
f 681/874 562/710 560/707 559/706
f 683/876 682/875 684/877 685/878
f 683/876 685/878 566/717 564/714
f 685/878 684/877 686/879 687/880
f 685/878 687/880 688/881 566/717
f 688/881 687/880 689/882 690/883
f 688/881 690/883 691/884 569/885
f 688/881 569/885 567/718 566/717
f 691/884 690/883 692/886 693/887
f 691/888 693/889 694/890 695/891
f 691/888 695/891 570/722 569/721
f 695/891 694/890 696/892 697/893
f 695/891 697/893 571/723 570/722
f 697/893 696/892 698/894 699/895
f 697/893 699/895 573/725 571/723
f 699/895 698/894 700/896 579/731
f 699/895 579/731 575/727 573/725
f 700/896 698/894 701/897 702/898
f 700/896 702/898 703/899 582/734
f 700/896 582/734 580/732 579/731
f 703/899 702/898 704/900 705/901
f 703/899 705/901 706/902 707/903
f 703/899 707/903 583/735 582/734
f 707/903 706/902 708/904 709/905
f 707/903 709/905 584/736 583/735
f 709/905 708/904 710/906 589/741
f 709/905 589/741 586/738 584/736
f 710/906 708/904 711/907 712/908
f 710/906 712/908 713/909 593/745
f 710/906 593/745 590/742 589/741
f 713/909 712/908 714/910 715/911
f 713/909 715/911 716/912 717/913
f 713/909 717/913 594/746 593/745
f 717/913 716/912 718/914 597/749
f 717/913 597/749 596/748 594/746
f 718/914 716/912 719/915 720/916
f 718/914 720/916 721/917 722/918
f 718/914 722/918 598/750 597/749
f 722/918 721/917 723/919 724/920
f 722/918 724/920 599/751 598/750
f 724/921 723/922 725/923 726/924
f 724/921 726/924 601/757 599/756
f 726/924 725/923 727/925 728/926
f 726/924 728/926 603/759 601/757
f 728/926 727/925 729/927 730/928
f 728/926 730/928 731/929 603/759
f 731/929 730/928 732/930 733/931
f 731/929 733/931 734/932 606/762
f 731/929 606/762 604/760 603/759
f 734/933 733/934 735/935 736/936
f 734/933 736/936 737/937 738/938
f 734/932 738/939 607/763 606/762
f 738/938 737/937 739/940 740/941
f 738/939 740/942 608/764 607/763
f 740/941 739/940 741/943 742/944
f 740/941 742/944 610/945 608/946
f 742/944 741/943 743/947 744/948
f 742/944 744/948 612/949 610/945
f 744/948 743/947 745/950 746/951
f 744/948 746/951 619/952 612/949
f 746/951 745/950 747/953 748/954
f 746/951 748/954 620/955 619/952
f 748/954 747/953 749/956 750/957
f 748/954 750/957 621/958 620/955
f 750/957 749/956 751/959 752/960
f 750/957 752/960 623/961 621/958
f 752/960 751/959 753/962 754/963
f 752/960 754/963 625/964 623/961
f 754/963 753/962 755/965 756/966
f 754/963 756/966 627/967 625/964
f 756/966 755/965 642/818 641/817
f 756/966 641/817 629/968 627/967
f 755/965 753/962 757/969 647/829
f 755/965 647/829 643/819 642/818
f 757/969 753/962 751/959 758/970
f 757/969 758/970 759/971 650/972
f 757/969 650/972 648/830 647/829
f 759/971 758/970 760/973 761/974
f 759/975 761/976 762/977 763/978
f 759/975 763/978 651/834 650/833
f 763/978 762/977 764/979 765/980
f 763/978 765/980 652/835 651/834
f 765/980 764/979 766/981 767/982
f 765/980 767/982 654/837 652/835
f 767/982 766/981 768/983 769/984
f 767/982 769/984 656/839 654/837
f 769/984 768/983 305/363 308/366
f 769/984 308/366 770/985 656/839
f 770/985 308/366 307/365 328/390
f 770/985 328/390 327/389 659/842
f 770/985 659/842 657/840 656/839
f 768/983 766/981 771/986 772/987
f 768/983 772/987 306/364 305/363
f 772/987 771/986 773/988 774/989
f 772/987 774/989 775/990 306/364
f 775/990 774/989 776/991 777/992
f 775/990 777/992 778/993 779/994
f 775/990 779/994 302/360 306/364
f 779/994 778/993 780/995 781/996
f 779/994 781/996 303/361 302/360
f 781/996 780/995 782/997 783/998
f 781/996 783/998 784/999 303/361
f 784/999 783/998 785/1000 786/1001
f 784/999 786/1001 289/342 288/341
f 784/999 288/341 287/340 303/361
f 786/1001 785/1000 787/1002 788/1003
f 786/1001 788/1003 313/372 289/342
f 788/1003 787/1002 789/1004 790/1005
f 788/1003 790/1005 314/373 313/372
f 790/1005 789/1004 791/1006 792/1007
f 790/1005 792/1007 315/374 314/373
f 792/1007 791/1006 793/1008 794/1009
f 792/1007 794/1009 795/1010 315/374
f 795/1011 794/1012 796/1013 679/872
f 795/1011 679/872 677/870 676/869
f 795/1010 676/1014 316/375 315/374
f 796/1013 794/1012 793/1015 797/1016
f 796/1013 797/1016 684/877 682/875
f 796/1013 682/875 680/873 679/872
f 797/1017 793/1008 798/1018 799/1019
f 797/1016 799/1020 686/879 684/877
f 799/1019 798/1018 800/1021 801/1022
f 799/1020 801/1023 802/1024 686/879
f 802/1024 801/1023 803/1025 804/1026
f 802/1024 804/1026 805/1027 689/882
f 802/1024 689/882 687/880 686/879
f 805/1027 804/1026 806/1028 807/1029
f 805/1027 807/1029 808/1030 692/886
f 805/1027 692/886 690/883 689/882
f 808/1030 807/1029 464/594 463/593
f 808/1030 463/593 451/577 809/1031
f 808/1030 809/1031 693/887 692/886
f 809/1031 451/577 450/576 810/1032
f 809/1033 810/1034 694/890 693/889
f 810/1034 450/588 459/587 811/1035
f 810/1034 811/1035 696/892 694/890
f 811/1035 459/587 812/1036 701/897
f 811/1035 701/897 698/894 696/892
f 812/1036 459/587 458/586 813/1037
f 812/1036 813/1037 814/1038 704/900
f 812/1036 704/900 702/898 701/897
f 814/1038 813/1037 815/1039 816/1040
f 814/1038 816/1040 817/1041 818/1042
f 814/1038 818/1042 705/901 704/900
f 818/1042 817/1041 819/1043 820/1044
f 818/1042 820/1044 706/902 705/901
f 820/1044 819/1043 821/1045 711/907
f 820/1044 711/907 708/904 706/902
f 821/1045 819/1043 822/1046 823/1047
f 821/1045 823/1047 824/1048 714/910
f 821/1045 714/910 712/908 711/907
f 824/1048 823/1047 825/1049 826/1050
f 824/1048 826/1050 827/1051 828/1052
f 824/1048 828/1052 715/911 714/910
f 828/1052 827/1051 829/1053 719/915
f 828/1052 719/915 716/912 715/911
f 829/1053 827/1051 830/1054 831/1055
f 829/1053 831/1055 832/1056 833/1057
f 829/1053 833/1057 720/916 719/915
f 833/1057 832/1056 834/1058 835/1059
f 833/1057 835/1059 721/917 720/916
f 835/1059 834/1058 836/1060 837/1061
f 835/1059 837/1061 723/919 721/917
f 837/1062 836/1063 838/1064 839/1065
f 837/1062 839/1065 725/923 723/922
f 839/1065 838/1064 840/1066 841/1067
f 839/1065 841/1067 727/925 725/923
f 841/1067 840/1066 842/1068 843/1069
f 841/1067 843/1069 729/927 727/925
f 843/1069 842/1068 844/1070 845/1071
f 843/1069 845/1071 846/1072 729/927
f 846/1073 845/1074 847/1075 848/1076
f 846/1077 848/1078 849/1079 732/1080
f 846/1072 732/930 730/928 729/927
f 849/1081 848/1076 850/1082 851/1083
f 849/1081 851/1083 852/1084 735/1085
f 849/1079 735/935 733/934 732/1080
f 852/1084 851/1083 853/1086 854/1087
f 852/1084 854/1087 855/1088 856/1089
f 852/1084 856/1089 736/1090 735/1085
f 856/1089 855/1088 857/1091 858/1092
f 856/1089 858/1092 737/1093 736/1090
f 858/1092 857/1091 859/1094 860/1095
f 858/1096 860/1097 739/940 737/937
f 860/1095 859/1094 861/1098 862/1099
f 860/1097 862/1100 741/943 739/940
f 862/1099 861/1098 863/1101 864/1102
f 862/1100 864/1103 743/947 741/943
f 864/1102 863/1101 865/1104 866/1105
f 864/1103 866/1106 745/950 743/947
f 866/1106 865/1107 867/1108 868/1109
f 866/1106 868/1109 747/953 745/950
f 868/1109 867/1108 761/974 760/973
f 868/1109 760/973 749/956 747/953
f 867/1110 865/1111 869/1112 870/1113
f 867/1110 870/1113 762/977 761/976
f 870/1113 869/1112 871/1114 872/1115
f 870/1113 872/1115 764/979 762/977
f 872/1115 871/1114 773/988 771/986
f 872/1115 771/986 766/981 764/979
f 871/1114 869/1112 873/1116 874/1117
f 871/1114 874/1117 875/1118 773/988
f 875/1118 874/1117 876/1119 877/1120
f 875/1118 877/1120 878/1121 776/991
f 875/1118 776/991 774/989 773/988
f 878/1121 877/1120 879/1122 880/1123
f 878/1121 880/1123 881/1124 882/1125
f 878/1121 882/1125 777/992 776/991
f 882/1125 881/1124 883/1126 884/1127
f 882/1125 884/1127 778/993 777/992
f 884/1127 883/1126 885/1128 886/1129
f 884/1127 886/1129 780/995 778/993
f 886/1129 885/1128 887/1130 888/1131
f 886/1129 888/1131 782/997 780/995
f 888/1131 887/1130 889/1132 890/1133
f 888/1131 890/1133 891/1134 782/997
f 891/1134 890/1133 892/1135 893/1136
f 891/1134 893/1136 787/1002 785/1000
f 891/1134 785/1000 783/998 782/997
f 893/1136 892/1135 894/1137 895/1138
f 893/1136 895/1138 789/1004 787/1002
f 895/1138 894/1137 896/1139 897/1140
f 895/1138 897/1140 791/1006 789/1004
f 897/1140 896/1139 800/1021 798/1018
f 897/1140 798/1018 793/1008 791/1006
f 896/1139 894/1137 898/1141 899/1142
f 896/1139 899/1142 900/1143 800/1021
f 900/1143 899/1142 901/1144 902/1145
f 900/1143 902/1145 903/1146 803/1147
f 900/1143 803/1147 801/1022 800/1021
f 903/1146 902/1145 300/356 294/355
f 903/1148 294/348 293/347 806/1028
f 903/1148 806/1028 804/1026 803/1025
f 902/1145 901/1144 904/1149 300/356
f 904/1149 905/1150 906/1151 907/1152
f 904/1149 907/1152 298/357 300/356
f 904/1149 901/1144 908/1153 905/1150
f 908/1153 909/1154 910/1155 905/1150
f 908/1153 901/1144 899/1142 898/1141
f 908/1153 898/1141 911/1156 909/1154
f 911/1156 889/1132 912/1157 909/1154
f 911/1156 898/1141 894/1137 892/1135
f 911/1156 892/1135 890/1133 889/1132
f 912/1157 913/1158 914/1159 915/1160
f 912/1157 915/1160 910/1155 909/1154
f 912/1157 889/1132 887/1130 913/1158
f 915/1160 914/1159 916/1161 917/1162
f 915/1160 917/1162 918/1163 910/1155
f 918/1163 917/1162 919/1164 920/1165
f 918/1163 920/1165 921/1166 906/1151
f 918/1163 906/1151 905/1150 910/1155
f 921/1166 920/1165 922/1167 923/1168
f 921/1166 923/1168 924/1169 925/1170
f 921/1166 925/1170 907/1152 906/1151
f 925/1170 924/1169 926/1171 299/1172
f 925/1170 299/1172 298/357 907/1152
f 926/1171 924/1169 927/1173 928/1174
f 926/1171 928/1174 929/1175 930/1176
f 926/1171 930/1176 295/1177 299/1172
f 930/1176 929/1175 931/1178 932/1179
f 930/1176 932/1179 296/1180 295/1177
f 932/1179 931/1178 933/1181 934/1182
f 932/1179 934/1182 935/1183 296/1180
f 935/1183 934/1182 936/1184 937/1185
f 935/1183 937/1185 938/1186 939/1187
f 935/1183 939/1187 297/1188 296/1180
f 939/1187 938/1186 940/1189 941/1190
f 939/1187 941/1190 301/1191 297/1188
f 941/1190 940/1189 942/1192 943/1193
f 941/1190 943/1193 460/1194 301/1191
f 943/1195 942/1196 944/1197 945/1198
f 943/1199 945/1200 461/1201 460/1202
f 945/1200 944/1203 946/1204 947/1205
f 945/1200 947/1205 453/1206 461/1201
f 947/1205 946/1204 948/1207 949/1208
f 947/1205 949/1208 454/1209 453/1206
f 949/1208 948/1207 950/1210 951/1211
f 949/1208 951/1211 455/1212 454/1209
f 951/1211 950/1210 952/1213 953/1214
f 951/1211 953/1214 954/1215 455/1212
f 954/1215 953/1214 955/1216 956/1217
f 954/1215 956/1217 957/1218 958/1219
f 954/1215 958/1219 456/584 455/1212
f 958/1219 957/1218 959/1220 960/1221
f 958/1219 960/1221 457/585 456/584
f 960/1221 959/1220 961/1222 962/1223
f 960/1221 962/1223 815/1039 457/585
f 962/1223 961/1222 963/1224 964/1225
f 962/1223 964/1225 816/1040 815/1039
f 964/1225 963/1224 965/1226 966/1227
f 964/1225 966/1227 817/1041 816/1040
f 966/1227 965/1226 967/1228 822/1046
f 966/1227 822/1046 819/1043 817/1041
f 967/1228 965/1226 968/1229 969/1230
f 967/1228 969/1230 970/1231 825/1049
f 967/1228 825/1049 823/1047 822/1046
f 970/1231 969/1230 971/1232 972/1233
f 970/1231 972/1233 973/1234 974/1235
f 970/1231 974/1235 826/1050 825/1049
f 974/1235 973/1234 975/1236 830/1054
f 974/1235 830/1054 827/1051 826/1050
f 975/1236 973/1234 976/1237 977/1238
f 975/1236 977/1238 978/1239 979/1240
f 975/1236 979/1240 831/1055 830/1054
f 979/1240 978/1239 980/1241 981/1242
f 979/1240 981/1242 832/1056 831/1055
f 981/1242 980/1241 982/1243 983/1244
f 981/1242 983/1244 834/1058 832/1056
f 983/1245 982/1246 984/1247 985/1248
f 983/1244 985/1249 836/1060 834/1058
f 985/1248 984/1247 986/1250 987/1251
f 985/1248 987/1251 838/1064 836/1063
f 987/1251 986/1250 988/1252 989/1253
f 987/1251 989/1253 840/1066 838/1064
f 989/1253 988/1252 990/1254 991/1255
f 989/1253 991/1255 842/1068 840/1066
f 991/1255 990/1254 992/1256 993/1257
f 991/1255 993/1257 844/1070 842/1068
f 993/1258 992/1259 994/1260 995/1261
f 993/1258 995/1261 996/1262 844/1263
f 996/1262 995/1261 997/1264 998/1265
f 996/1262 998/1265 999/1266 847/1075
f 996/1262 847/1075 845/1074 844/1263
f 999/1266 998/1265 1000/1267 1001/1268
f 999/1266 1001/1268 1002/1269 850/1082
f 999/1266 850/1082 848/1076 847/1075
f 1002/1269 1001/1268 1003/1270 1004/1271
f 1002/1269 1004/1271 1005/1272 853/1086
f 1002/1269 853/1086 851/1083 850/1082
f 1005/1273 1004/1274 1006/1275 1007/1276
f 1005/1273 1007/1276 1008/1277 1009/1278
f 1005/1272 1009/1279 854/1087 853/1086
f 1009/1278 1008/1277 379/1280 1010/1281
f 1009/1279 1010/1282 855/1088 854/1087
f 1010/1281 379/1280 378/464 1011/1283
f 1010/1281 1011/1283 857/1284 855/1285
f 1011/1283 378/464 377/463 1012/1286
f 1011/1283 1012/1286 859/1287 857/1284
f 1012/1286 377/463 876/1119 1013/1288
f 1012/1286 1013/1288 861/1289 859/1287
f 1013/1288 876/1119 874/1117 873/1116
f 1013/1288 873/1116 863/1290 861/1289
f 1008/1277 1007/1276 1014/1291 1015/1292
f 1008/1277 1015/1292 50/469 379/1280
f 1015/1292 1014/1291 1016/1293 1017/1294
f 1015/1292 1017/1294 384/475 50/469
f 1017/1294 1016/1293 1018/1295 1019/1296
f 1017/1294 1019/1296 1020/1297 384/475
f 1020/1297 1019/1296 1021/1298 1022/1299
f 1020/1297 1022/1299 1023/1300 1024/1301
f 1020/1297 1024/1301 385/476 384/475
f 1024/1301 1023/1300 883/1126 881/1124
f 1024/1301 881/1124 880/1123 385/476
f 1023/1300 1022/1299 1025/1302 1026/1303
f 1023/1300 1026/1303 885/1128 883/1126
f 1026/1303 1025/1302 914/1159 913/1158
f 1026/1303 913/1158 887/1130 885/1128
f 1025/1302 1022/1299 1021/1298 1027/1304
f 1025/1302 1027/1304 916/1161 914/1159
f 1027/1304 1021/1298 1028/1305 1029/1306
f 1027/1304 1029/1306 1030/1307 916/1161
f 1030/1307 1029/1306 1031/1308 1032/1309
f 1030/1307 1032/1309 1033/1310 919/1164
f 1030/1307 919/1164 917/1162 916/1161
f 1033/1310 1032/1309 1034/1311 1035/1312
f 1033/1310 1035/1312 1036/1313 922/1167
f 1033/1310 922/1167 920/1165 919/1164
f 1036/1313 1035/1312 1037/1314 1038/1315
f 1036/1313 1038/1315 1039/1316 1040/1317
f 1036/1313 1040/1317 923/1168 922/1167
f 1040/1317 1039/1316 1041/1318 927/1173
f 1040/1317 927/1173 924/1169 923/1168
f 1041/1318 1039/1316 1042/1319 1043/1320
f 1041/1318 1043/1320 1044/1321 1045/1322
f 1041/1318 1045/1322 928/1174 927/1173
f 1045/1322 1044/1321 1046/1323 1047/1324
f 1045/1322 1047/1324 929/1175 928/1174
f 1047/1324 1046/1323 1048/1325 1049/1326
f 1047/1324 1049/1326 931/1178 929/1175
f 1049/1326 1048/1325 1050/1327 1051/1328
f 1049/1326 1051/1328 933/1181 931/1178
f 1051/1328 1050/1327 1052/1329 1053/1330
f 1051/1328 1053/1330 1054/1331 933/1181
f 1054/1331 1053/1330 1055/1332 1056/1333
f 1054/1331 1056/1333 1057/1334 936/1184
f 1054/1331 936/1184 934/1182 933/1181
f 1057/1334 1056/1333 1058/1335 1059/1336
f 1057/1334 1059/1336 1060/1337 1061/1338
f 1057/1334 1061/1338 937/1185 936/1184
f 1061/1338 1060/1337 1062/1339 1063/1340
f 1061/1338 1063/1340 938/1186 937/1185
f 1063/1340 1062/1339 1064/1341 1065/1342
f 1063/1340 1065/1342 940/1189 938/1186
f 1065/1342 1064/1341 1066/1343 1067/1344
f 1065/1342 1067/1344 942/1192 940/1189
f 1067/1345 1066/1346 1068/1347 1069/1348
f 1067/1345 1069/1348 944/1197 942/1196
f 1069/1349 1068/1350 1070/1351 1071/1352
f 1069/1349 1071/1352 946/1204 944/1203
f 1071/1352 1070/1351 1072/1353 1073/1354
f 1071/1352 1073/1354 948/1207 946/1204
f 1073/1354 1072/1353 1074/1355 1075/1356
f 1073/1354 1075/1356 950/1210 948/1207
f 1075/1356 1074/1355 1076/1357 1077/1358
f 1075/1356 1077/1358 952/1213 950/1210
f 1077/1358 1076/1357 1078/1359 1079/1360
f 1077/1358 1079/1360 1080/1361 952/1213
f 1080/1361 1079/1360 1081/1362 1082/1363
f 1080/1361 1082/1363 1083/1364 955/1216
f 1080/1361 955/1216 953/1214 952/1213
f 1083/1364 1082/1363 1084/1365 1085/1366
f 1083/1364 1085/1366 1086/1367 1087/1368
f 1083/1364 1087/1368 956/1217 955/1216
f 1087/1368 1086/1367 1088/1369 1089/1370
f 1087/1368 1089/1370 957/1218 956/1217
f 1089/1370 1088/1369 1090/1371 1091/1372
f 1089/1370 1091/1372 959/1220 957/1218
f 1091/1372 1090/1371 1092/1373 1093/1374
f 1091/1372 1093/1374 961/1222 959/1220
f 1093/1374 1092/1373 1094/1375 1095/1376
f 1093/1374 1095/1376 963/1224 961/1222
f 1095/1376 1094/1375 1096/1377 968/1229
f 1095/1376 968/1229 965/1226 963/1224
f 1096/1377 1094/1375 1097/1378 1098/1379
f 1096/1377 1098/1379 1099/1380 971/1232
f 1096/1377 971/1232 969/1230 968/1229
f 1099/1380 1098/1379 1100/1381 1101/1382
f 1099/1380 1101/1382 1102/1383 1103/1384
f 1099/1380 1103/1384 972/1233 971/1232
f 1103/1384 1102/1383 1104/1385 976/1237
f 1103/1384 976/1237 973/1234 972/1233
f 1104/1385 1102/1383 1105/1386 1106/1387
f 1104/1385 1106/1387 1107/1388 1108/1389
f 1104/1385 1108/1389 977/1238 976/1237
f 1108/1389 1107/1388 1109/1390 1110/1391
f 1108/1389 1110/1391 978/1239 977/1238
f 1110/1391 1109/1390 1111/1392 1112/1393
f 1110/1391 1112/1393 980/1241 978/1239
f 1112/1393 1111/1392 1113/1394 1114/1395
f 1112/1393 1114/1395 982/1243 980/1241
f 1114/1396 1113/1397 1115/1398 1116/1399
f 1114/1396 1116/1399 984/1247 982/1246
f 1116/1399 1115/1398 1117/1400 1118/1401
f 1116/1399 1118/1401 986/1250 984/1247
f 1118/1401 1117/1400 1119/1402 1120/1403
f 1118/1401 1120/1403 988/1252 986/1250
f 1120/1403 1119/1402 1121/1404 1122/1405
f 1120/1403 1122/1405 990/1254 988/1252
f 1122/1406 1121/1407 1123/1408 1124/1409
f 1122/1405 1124/1410 992/1256 990/1254
f 1124/1411 1123/1412 1125/1413 1126/1414
f 1124/1411 1126/1414 994/1260 992/1259
f 1126/1414 1125/1413 1127/1415 1128/1416
f 1126/1414 1128/1416 1129/1417 994/1260
f 1129/1417 1128/1416 1130/1418 1131/1419
f 1129/1417 1131/1419 1132/1420 997/1264
f 1129/1417 997/1264 995/1261 994/1260
f 1132/1420 1131/1419 1133/1421 1134/1422
f 1132/1420 1134/1422 1135/1423 1000/1267
f 1132/1420 1000/1267 998/1265 997/1264
f 1135/1423 1134/1422 1136/1424 1137/1425
f 1135/1423 1137/1425 1138/1426 1003/1270
f 1135/1423 1003/1270 1001/1268 1000/1267
f 1138/1427 1137/1428 1139/1429 1140/1430
f 1138/1427 1140/1430 1141/1431 1006/1275
f 1138/1426 1006/1432 1004/1271 1003/1270
f 1141/1431 1140/1430 1142/1433 1143/1434
f 1141/1431 1143/1434 1016/1293 1014/1291
f 1141/1431 1014/1291 1007/1276 1006/1275
f 1143/1434 1142/1433 1144/1435 1145/1436
f 1143/1434 1145/1436 1018/1295 1016/1293
f 1145/1436 1144/1435 1146/1437 1147/1438
f 1145/1436 1147/1438 1028/1305 1018/1295
f 1147/1438 1146/1437 1148/1439 1031/1308
f 1147/1438 1031/1308 1029/1306 1028/1305
f 1148/1439 1146/1437 1149/1440 1150/1441
f 1148/1439 1150/1441 1151/1442 1034/1311
f 1148/1439 1034/1311 1032/1309 1031/1308
f 1151/1442 1150/1441 1152/1443 1153/1444
f 1151/1442 1153/1444 1154/1445 1037/1314
f 1151/1442 1037/1314 1035/1312 1034/1311
f 1154/1445 1153/1444 1155/1446 1156/1447
f 1154/1445 1156/1447 1157/1448 1158/1449
f 1154/1445 1158/1449 1038/1315 1037/1314
f 1158/1449 1157/1448 1159/1450 1042/1319
f 1158/1449 1042/1319 1039/1316 1038/1315
f 1159/1450 1157/1448 1160/1451 1161/1452
f 1159/1450 1161/1452 269/1453 1162/1454
f 1159/1450 1162/1454 1043/1320 1042/1319
f 1162/1454 269/1453 268/1455 1163/1456
f 1162/1454 1163/1456 1044/1321 1043/1320
f 1163/1457 268/318 1164/1458 1165/1459
f 1163/1456 1165/1460 1046/1323 1044/1321
f 1165/1459 1164/1458 1166/1461 1167/1462
f 1165/1460 1167/1463 1048/1325 1046/1323
f 1167/1463 1166/1464 1168/1465 1169/1466
f 1167/1463 1169/1466 1050/1327 1048/1325
f 1169/1466 1168/1465 1170/1467 1171/1468
f 1169/1466 1171/1468 1052/1329 1050/1327
f 1171/1468 1170/1467 1172/1469 1173/1470
f 1171/1468 1173/1470 1174/1471 1052/1329
f 1174/1471 1173/1470 1175/1472 1176/1473
f 1174/1471 1176/1473 1177/1474 1055/1332
f 1174/1471 1055/1332 1053/1330 1052/1329
f 1177/1474 1176/1473 280/332 279/331
f 1177/1474 279/331 285/337 1058/1335
f 1177/1474 1058/1335 1056/1333 1055/1332
f 1176/1473 1175/1472 1178/1475 280/332
f 1178/1475 1175/1472 1179/1476 1180/1477
f 1178/1475 1180/1477 1181/1478 1182/1479
f 1178/1475 1182/1479 281/333 280/332
f 1182/1479 1181/1478 1183/1480 1184/1481
f 1182/1479 1184/1481 1185/1482 281/333
f 1185/1482 1184/1481 1186/1483 1187/1484
f 1185/1482 1187/1484 1188/1485 1189/1486
f 1185/1482 1189/1486 36/330 281/333
f 1189/1486 1188/1485 1190/1487 1191/1488
f 1189/1486 1191/1488 282/334 36/330
f 1191/1488 1190/1487 278/328 277/327
f 1191/1488 277/327 1192/1489 282/334
f 1192/1489 1193/1490 1194/1491 1195/1492
f 1192/1489 1195/1492 283/335 282/334
f 1192/1489 277/327 276/329 1193/1490
f 1195/1492 1194/1491 1196/1493 1197/1494
f 1195/1492 1197/1494 1198/1495 283/335
f 1198/1495 1197/1494 1199/1496 1200/1497
f 1198/1495 1200/1497 1201/1498 1202/1499
f 1198/1495 1202/1499 284/336 283/335
f 1202/1499 1201/1498 1203/1500 1204/1501
f 1202/1499 1204/1501 285/337 284/336
f 1204/1501 1203/1500 1060/1337 1059/1336
f 1204/1501 1059/1336 1058/1335 285/337
f 1203/1500 1201/1498 1205/1502 1206/1503
f 1203/1500 1206/1503 1062/1339 1060/1337
f 1206/1503 1205/1502 1207/1504 1208/1505
f 1206/1503 1208/1505 1064/1341 1062/1339
f 1208/1505 1207/1504 1209/1506 1210/1507
f 1208/1505 1210/1507 1066/1343 1064/1341
f 1210/1508 1209/1509 1211/1510 1212/1511
f 1210/1512 1212/1513 1068/1347 1066/1346
f 1212/1511 1211/1510 1213/1514 1214/1515
f 1212/1511 1214/1515 1070/1351 1068/1350
f 1214/1515 1213/1514 1215/1516 1216/1517
f 1214/1515 1216/1517 1072/1353 1070/1351
f 1216/1517 1215/1516 1217/1518 1218/1519
f 1216/1517 1218/1519 1074/1355 1072/1353
f 1218/1519 1217/1518 121/73 1219/1520
f 1218/1519 1219/1520 1076/1357 1074/1355
f 1219/1520 121/73 120/72 1220/1521
f 1219/1520 1220/1521 1078/1359 1076/1357
f 1220/1521 120/72 1221/1522 1222/1523
f 1220/1521 1222/1523 1223/1524 1078/1359
f 1223/1524 1222/1523 1224/1525 1225/1526
f 1223/1524 1225/1526 1226/1527 1081/1362
f 1223/1524 1081/1362 1079/1360 1078/1359
f 1226/1527 1225/1526 1227/1528 1228/1529
f 1226/1527 1228/1529 1229/1530 1084/1365
f 1226/1527 1084/1365 1082/1363 1081/1362
f 1229/1530 1228/1529 1230/1531 1231/1532
f 1229/1530 1231/1532 1232/1533 1233/1534
f 1229/1530 1233/1534 1085/1366 1084/1365
f 1233/1534 1232/1533 1234/1535 1235/1536
f 1233/1534 1235/1536 1086/1367 1085/1366
f 1235/1537 1234/1538 128/80 1236/1539
f 1235/1536 1236/1540 1088/1369 1086/1367
f 1236/1540 128/1541 127/1542 1237/1543
f 1236/1540 1237/1543 1090/1371 1088/1369
f 1237/1543 127/1542 1238/1544 1239/1545
f 1237/1543 1239/1545 1092/1373 1090/1371
f 1239/1545 1238/1544 1240/1546 1097/1378
f 1239/1545 1097/1378 1094/1375 1092/1373
f 1240/1546 1238/1544 1241/1547 1242/1548
f 1240/1546 1242/1548 1243/1549 1100/1381
f 1240/1546 1100/1381 1098/1379 1097/1378
f 1243/1549 1242/1548 1244/1550 1245/1551
f 1243/1549 1245/1551 1246/1552 1247/1553
f 1243/1549 1247/1553 1101/1382 1100/1381
f 1247/1553 1246/1552 1248/1554 1105/1386
f 1247/1553 1105/1386 1102/1383 1101/1382
f 1248/1554 1246/1552 1249/1555 1250/1556
f 1248/1554 1250/1556 1251/1557 1252/1558
f 1248/1554 1252/1558 1106/1387 1105/1386
f 1252/1558 1251/1557 1253/1559 1254/1560
f 1252/1558 1254/1560 1107/1388 1106/1387
f 1254/1560 1253/1559 1255/1561 1256/1562
f 1254/1560 1256/1562 1109/1390 1107/1388
f 1256/1562 1255/1561 1257/1563 1258/1564
f 1256/1562 1258/1564 1111/1392 1109/1390
f 1258/1564 1257/1563 1259/1565 1260/1566
f 1258/1564 1260/1566 1113/1394 1111/1392
f 1260/1567 1259/1568 1261/1569 1262/1570
f 1260/1567 1262/1570 1115/1398 1113/1397
f 1262/1570 1261/1569 1263/1571 1264/1572
f 1262/1570 1264/1572 1117/1400 1115/1398
f 1264/1572 1263/1571 1265/1573 1266/1574
f 1264/1572 1266/1574 1119/1402 1117/1400
f 1266/1575 1265/1576 145/1577 144/1578
f 1266/1574 144/1579 1121/1404 1119/1402
f 1265/1573 1263/1571 1267/1580 1268/1581
f 1265/1573 1268/1581 1269/1582 145/1583
f 1269/1584 1270/1585 146/118 145/1586
f 1269/1582 1268/1581 1271/1587 1272/1588
f 1269/1584 1272/1589 1273/1590 1270/1585
f 1273/1590 1274/1591 1275/1592 1270/1585
f 1273/1590 1272/1589 1276/1593 1277/1594
f 1273/1590 1277/1594 1278/1595 1274/1591
f 1278/1595 1279/1596 1280/1597 1274/1591
f 1278/1595 1277/1594 1281/1598 1282/1599
f 1278/1595 1282/1599 1283/1600 1279/1596
f 1283/1600 1284/1601 1285/1602 1279/1596
f 1283/1600 1282/1599 1286/1603 1287/1604
f 1283/1600 1287/1604 1288/1605 1284/1601
f 1288/1605 1289/1606 1290/1607 1284/1601
f 1288/1605 1287/1604 1291/1608 1292/1609
f 1288/1605 1292/1609 1293/1610 1289/1606
f 1293/1610 1294/1611 1295/1612 1289/1606
f 1293/1610 1292/1609 1296/1613 1297/1614
f 1293/1610 1297/1614 1298/1615 1294/1611
f 1298/1615 1299/1616 1300/1617 1294/1611
f 1298/1615 1297/1614 1301/1618 1302/1619
f 1298/1615 1302/1619 1303/1620 1299/1616
f 1303/1620 1304/1621 1305/1622 1299/1616
f 1303/1623 1302/1624 1306/1625 1307/1626
f 1303/1623 1307/1626 1308/1627 1304/1628
f 1308/1627 1309/1629 1310/1630 1304/1628
f 1308/1631 1307/1632 1311/1633 1312/1634
f 1308/1631 1312/1634 1313/1635 1309/1636
f 1313/1635 1314/1637 1315/1638 1309/1636
f 1313/1635 1312/1634 1316/1639 1317/1640
f 1313/1635 1317/1640 1318/1641 1314/1637
f 1318/1641 1319/1642 1320/1643 1314/1637
f 1318/1641 1317/1640 1321/1644 1322/1645
f 1318/1641 1322/1645 1323/1646 1319/1642
f 1323/1646 1324/1647 1325/1648 1319/1642
f 1323/1646 1322/1645 1326/1649 1327/1650
f 1323/1646 1327/1650 1328/1651 1324/1647
f 1328/1651 1329/1652 1330/1653 1324/1647
f 1328/1651 1327/1650 1331/1654 1332/1655
f 1328/1651 1332/1655 1333/1656 1329/1652
f 1333/1656 1334/1657 1335/1658 1329/1652
f 1333/1656 1332/1655 1336/1659 1337/1660
f 1333/1656 1337/1660 1338/1661 1334/1657
f 1338/1661 1339/1662 1340/1663 1334/1657
f 1338/1661 1337/1660 1341/1664 1342/1665
f 1338/1661 1342/1665 1343/1666 1339/1662
f 1343/1666 1344/1667 1345/1668 1339/1662
f 1343/1666 1342/1665 1346/1669 1347/1670
f 1343/1666 1347/1670 1348/1671 1344/1667
f 1348/1671 1349/1672 1350/1673 1344/1667
f 1348/1671 1347/1670 1351/1674 1352/1675
f 1348/1671 1352/1675 1353/1676 1349/1672
f 1353/1676 1354/1677 1355/1678 1349/1672
f 1353/1679 1352/1680 1356/1681 1357/1682
f 1353/1679 1357/1682 1358/1683 1354/1684
f 1358/1683 1359/1685 1360/1686 1354/1684
f 1358/1687 1357/1688 1361/1689 1362/1690
f 1358/1683 1362/1691 1363/1692 1359/1685
f 1363/1692 1364/1693 1365/1694 1359/1685
f 1363/1695 1362/1690 1366/1696 1367/1697
f 1363/1695 1367/1697 1368/1698 1364/1699
f 1368/1698 1369/1700 196/1701 1364/1699
f 1368/1698 1367/1697 1370/1702 1371/1703
f 1368/1698 1371/1703 1372/1704 1369/1700
f 1372/1704 143/102 1373/1705 1369/1700
f 1372/1704 1371/1703 1374/1706 1375/1707
f 1372/1704 1375/1707 139/91 143/102
f 1375/1707 1374/1706 1376/1708 1377/1709
f 1375/1707 1377/1709 140/92 139/91
f 1377/1709 1376/1708 1378/1710 1379/1711
f 1377/1709 1379/1711 141/1712 140/92
f 1379/1711 1378/1710 1380/1713 1381/1714
f 1379/1711 1381/1714 188/1715 141/1712
f 1381/1716 1380/1717 204/216 203/215
f 1381/1716 203/215 1382/1718 188/1719
f 1382/1720 203/1721 202/1722 1383/1723
f 1382/1720 1383/1723 1384/1724 1385/1725
f 1382/1720 1385/1725 186/186 188/1726
f 1385/1725 1384/1724 1386/1727 1387/1728
f 1385/1725 1387/1728 187/187 186/186
f 1387/1728 1386/1727 1388/1729 1389/1730
f 1387/1728 1389/1730 1390/1731 187/187
f 1390/1732 1391/1733 184/183 187/1734
f 1390/1731 1389/1730 191/198 190/1735
f 1390/1732 190/195 1392/1736 1391/1733
f 1392/1736 199/210 198/209 1391/1733
f 1392/1736 190/195 189/194 1393/1737
f 1392/1736 1393/1737 200/211 199/210
f 1393/1737 189/194 194/1738 1394/1739
f 1393/1737 1394/1739 1395/1740 200/211
f 1395/1740 1394/1739 1396/1741 1360/1742
f 1395/1743 1360/1686 1359/1685 1365/1694
f 1395/1743 1365/1694 195/204 200/1744
f 1396/1741 1394/1739 194/1738 1397/1745
f 1396/1746 1397/1747 1398/1748 1355/1678
f 1396/1741 1355/1749 1354/1750 1360/1742
f 1398/1748 1397/1747 1399/1751 1400/1752
f 1398/1748 1400/1752 1401/1753 1350/1673
f 1398/1748 1350/1673 1349/1672 1355/1678
f 1401/1753 1400/1752 1402/1754 1403/1755
f 1401/1753 1403/1755 1404/1756 1345/1668
f 1401/1753 1345/1668 1344/1667 1350/1673
f 1404/1756 1403/1755 1405/1757 1406/1758
f 1404/1756 1406/1758 1407/1759 1340/1663
f 1404/1756 1340/1663 1339/1662 1345/1668
f 1407/1759 1406/1758 1408/1760 1409/1761
f 1407/1759 1409/1761 1410/1762 1335/1658
f 1407/1759 1335/1658 1334/1657 1340/1663
f 1410/1762 1409/1761 1411/1763 1412/1764
f 1410/1762 1412/1764 1413/1765 1330/1653
f 1410/1762 1330/1653 1329/1652 1335/1658
f 1413/1765 1412/1764 1414/1766 1415/1767
f 1413/1765 1415/1767 1416/1768 1325/1648
f 1413/1765 1325/1648 1324/1647 1330/1653
f 1416/1768 1415/1767 1417/1769 1418/1770
f 1416/1768 1418/1770 1419/1771 1320/1643
f 1416/1768 1320/1643 1319/1642 1325/1648
f 1419/1772 1418/1773 1420/1774 1421/1775
f 1419/1772 1421/1775 1422/1776 1315/1777
f 1419/1771 1315/1638 1314/1637 1320/1643
f 1422/1778 1421/1779 1423/1780 1424/1781
f 1422/1778 1424/1781 1425/1782 1310/1783
f 1422/1776 1310/1784 1309/1785 1315/1777
f 1425/1782 1424/1781 1426/1786 1427/1787
f 1425/1782 1427/1787 1428/1788 1305/1622
f 1425/1782 1305/1622 1304/1621 1310/1783
f 1428/1788 1427/1787 1429/1789 1430/1790
f 1428/1788 1430/1790 1431/1791 1300/1617
f 1428/1788 1300/1617 1299/1616 1305/1622
f 1431/1791 1430/1790 1432/1792 1433/1793
f 1431/1791 1433/1793 1434/1794 1295/1612
f 1431/1791 1295/1612 1294/1611 1300/1617
f 1434/1794 1433/1793 1435/1795 1436/1796
f 1434/1794 1436/1796 1437/1797 1290/1607
f 1434/1794 1290/1607 1289/1606 1295/1612
f 1437/1797 1436/1796 1438/1798 1439/1799
f 1437/1797 1439/1799 1440/1800 1285/1602
f 1437/1797 1285/1602 1284/1601 1290/1607
f 1440/1800 1439/1799 1441/1801 1442/1802
f 1440/1800 1442/1802 1443/1803 1280/1597
f 1440/1800 1280/1597 1279/1596 1285/1602
f 1443/1803 1442/1802 1444/1804 1445/1805
f 1443/1803 1445/1805 152/119 1275/1592
f 1443/1803 1275/1592 1274/1591 1280/1597
f 1445/1805 1444/1804 1446/1806 1447/1807
f 1445/1805 1447/1807 151/120 152/119
f 1447/1808 1446/1809 1448/1810 1449/1811
f 1447/1808 1449/1811 147/1812 151/1813
f 1449/1814 1448/1815 1450/1816 1451/1817
f 1449/1814 1451/1817 148/109 147/108
f 1451/1817 1450/1816 1452/1818 1453/1819
f 1451/1817 1453/1819 1454/1820 148/109
f 1454/1820 1453/1819 1455/1821 1456/1822
f 1454/1820 1456/1822 1457/1823 1458/1824
f 1454/1820 1458/1824 149/110 148/109
f 1458/1824 1457/1823 1459/1825 1460/1826
f 1458/1824 1460/1826 1461/1827 149/110
f 1461/1828 1460/1829 1462/1830 1463/1831
f 1461/1828 1463/1831 1464/1832 1465/1833
f 1461/1828 1465/1833 150/1834 149/1835
f 1465/1833 1464/1832 1466/1836 1127/1415
f 1465/1833 1127/1415 1125/1413 150/1834
f 1466/1836 1464/1832 1467/1837 1468/1838
f 1466/1836 1468/1838 1469/1839 1130/1418
f 1466/1836 1130/1418 1128/1416 1127/1415
f 1469/1839 1468/1838 1470/1840 1471/1841
f 1469/1839 1471/1841 1472/1842 1133/1421
f 1469/1839 1133/1421 1131/1419 1130/1418
f 1472/1843 1471/1844 1473/1845 1474/1846
f 1472/1843 1474/1846 1475/1847 1136/1848
f 1472/1842 1136/1424 1134/1422 1133/1421
f 1475/1847 1474/1846 1476/1849 1477/1850
f 1475/1847 1477/1850 1478/1851 1139/1429
f 1475/1847 1139/1429 1137/1428 1136/1848
f 1478/1851 1477/1850 1479/1852 1480/1853
f 1478/1851 1480/1853 1144/1435 1142/1433
f 1478/1851 1142/1433 1140/1430 1139/1429
f 1480/1853 1479/1852 1481/1854 1149/1440
f 1480/1853 1149/1440 1146/1437 1144/1435
f 1481/1854 1479/1852 1482/1855 1483/1856
f 1481/1854 1483/1856 1484/1857 1152/1443
f 1481/1854 1152/1443 1150/1441 1149/1440
f 1484/1857 1483/1856 1485/1858 1486/1859
f 1484/1857 1486/1859 1487/1860 1155/1446
f 1484/1857 1155/1446 1153/1444 1152/1443
f 1487/1860 1486/1859 1488/1861 1489/1862
f 1487/1860 1489/1862 1490/1863 1491/1864
f 1487/1860 1491/1864 1156/1447 1155/1446
f 1491/1864 1490/1863 1492/1865 1160/1451
f 1491/1864 1160/1451 1157/1448 1156/1447
f 1492/1865 1490/1863 1493/1866 1494/1867
f 1492/1865 1494/1867 1495/1868 1496/1869
f 1492/1865 1496/1869 1161/1452 1160/1451
f 1496/1869 1495/1868 1497/1870 270/1871
f 1496/1869 270/1871 269/1453 1161/1452
f 1497/1870 1495/1868 1498/1872 1499/1873
f 1497/1874 1499/1875 1500/1876 1501/1877
f 1497/1874 1501/1877 271/320 270/322
f 1501/1877 1500/1876 1502/1878 1503/1879
f 1501/1877 1503/1879 1504/1880 271/320
f 1504/1880 1503/1879 1505/1881 125/78
f 1504/1880 125/78 124/77 1506/1882
f 1504/1880 1506/1882 272/321 271/320
f 1506/1883 1507/1884 1508/1885 272/1886
f 1506/1887 124/1888 1509/1889 1507/1890
f 1509/1889 1510/1891 1511/1892 1507/1890
f 1509/1889 124/1888 123/1893 1512/1894
f 1509/1889 1512/1894 1513/1895 1510/1891
f 1513/1895 1514/1896 1515/1897 1510/1891
f 1513/1895 1512/1894 1234/1535 1232/1533
f 1513/1895 1232/1533 1231/1532 1514/1896
f 1515/1897 1516/1898 1517/1899 1518/1900
f 1515/1897 1518/1900 1511/1892 1510/1891
f 1515/1897 1514/1896 1519/1901 1516/1898
f 1519/1901 1520/1902 1521/1903 1516/1898
f 1519/1901 1514/1896 1231/1532 1230/1531
f 1519/1901 1230/1531 1522/1904 1520/1902
f 1522/1904 1523/1905 1524/1906 1520/1902
f 1522/1904 1230/1531 1228/1529 1227/1528
f 1522/1904 1227/1528 1525/1907 1523/1905
f 1525/1907 1526/1908 1527/1909 1523/1905
f 1525/1907 1227/1528 1225/1526 1224/1525
f 1525/1907 1224/1525 1528/1910 1526/1908
f 1528/1910 1529/1911 1530/1912 1526/1908
f 1528/1910 1224/1525 1222/1523 1221/1522
f 1528/1910 1221/1522 1531/1913 1529/1911
f 1531/1913 1532/1914 1533/1915 1529/1911
f 1531/1913 1221/1522 120/72 119/71
f 1531/1913 119/71 122/74 1532/1914
f 1533/1915 1534/1916 1535/1917 1536/1918
f 1533/1915 1536/1918 1530/1912 1529/1911
f 1533/1915 1532/1914 1537/1919 1534/1916
f 1537/1919 1538/1920 1539/1921 1534/1916
f 1537/1919 1532/1914 122/74 1540/1922
f 1537/1919 1540/1922 1541/1923 1538/1920
f 1541/1923 1542/1924 1543/1925 1538/1920
f 1541/1923 1540/1922 114/64 1544/1926
f 1541/1923 1544/1926 1545/1927 1542/1924
f 1545/1927 1546/1928 1547/1929 1542/1924
f 1545/1927 1544/1926 1548/1930 1549/1931
f 1545/1927 1549/1931 1550/1932 1546/1928
f 1550/1932 1551/1933 1552/1934 1546/1928
f 1550/1932 1549/1931 1553/1935 1554/1936
f 1550/1932 1554/1936 1555/1937 1551/1933
f 1555/1938 1556/1939 1557/1940 1551/1941
f 1555/1937 1554/1936 1558/1942 109/1943
f 1555/1938 109/1944 108/1945 1556/1939
f 1558/1946 1559/1947 1560/1948 1561/1949
f 1558/1950 1561/1951 106/1952 109/1944
f 1558/1942 1554/1936 1553/1935 1559/1953
f 1561/1954 1560/1955 1562/1956 1563/1957
f 1561/1954 1563/1957 107/1958 106/1959
f 1563/1957 1562/1956 1564/1960 1565/1961
f 1563/1957 1565/1961 1566/1962 107/1958
f 1566/1962 1565/1961 1567/1963 1568/1964
f 1566/1965 1568/1966 1557/1967 1556/1968
f 1566/1965 1556/1968 108/1969 107/1970
f 1568/1964 1567/1963 1569/1971 1570/1972
f 1568/1966 1570/1973 1571/1974 1557/1967
f 1571/1974 1570/1973 1572/1975 1573/1976
f 1571/1977 1573/1978 1574/1979 1552/1980
f 1571/1977 1552/1980 1551/1941 1557/1940
f 1574/1979 1573/1978 1575/1981 1576/1982
f 1574/1983 1576/1984 1577/1985 1547/1929
f 1574/1983 1547/1929 1546/1928 1552/1934
f 1577/1985 1576/1984 1578/1986 1579/1987
f 1577/1985 1579/1987 1580/1988 1543/1925
f 1577/1985 1543/1925 1542/1924 1547/1929
f 1580/1988 1579/1987 76/8 75/7
f 1580/1988 75/7 74/6 1539/1921
f 1580/1988 1539/1921 1538/1920 1543/1925
f 1579/1987 1578/1986 1581/1989 76/8
f 1581/1989 1582/1990 1583/1991 1584/1992
f 1581/1989 1584/1992 77/9 76/8
f 1581/1989 1578/1986 1585/1993 1582/1990
f 1585/1994 1586/1995 1587/1996 1582/1997
f 1585/1994 1578/1998 1576/1999 1575/2000
f 1585/1994 1575/2000 1588/2001 1586/1995
f 1588/2002 1589/2003 1590/2004 1586/2005
f 1588/2006 1575/2007 1573/1976 1572/1975
f 1588/2002 1572/2008 1591/2009 1589/2003
f 1591/2009 1592/2010 1593/2011 1589/2003
f 1591/2009 1572/2008 1570/1972 1569/1971
f 1591/2009 1569/1971 1594/2012 1592/2010
f 1594/2012 1595/2013 1596/2014 1592/2010
f 1594/2012 1569/1971 1567/1963 1597/2015
f 1594/2012 1597/2015 1598/2016 1595/2013
f 1598/2016 273/324 278/328 1595/2013
f 1598/2016 1597/2015 1564/1960 1599/2017
f 1598/2016 1599/2017 274/325 273/324
f 1599/2017 1564/1960 1562/1956 1600/2018
f 1599/2017 1600/2018 1601/2019 274/325
f 1601/2019 1602/2020 275/326 274/325
f 1601/2019 1600/2018 1603/2021 1604/2022
f 1601/2023 1604/2024 1605/2025 1602/2026
f 1605/2025 1606/2027 1607/2028 1602/2026
f 1605/2025 1604/2024 1608/2029 1609/2030
f 1605/2025 1609/2030 1610/2031 1606/2027
f 1610/2032 1611/2033 1612/2034 1606/2035
f 1610/2036 1609/2037 1613/2038 1614/2039
f 1610/2036 1614/2039 1615/2040 1611/2041
f 1615/2040 1616/2042 1617/2043 1611/2041
f 1615/2040 1614/2039 1618/2044 1619/2045
f 1615/2040 1619/2045 1620/2046 1616/2042
f 1620/2046 1621/2047 1622/2048 1616/2042
f 1620/2046 1619/2045 1623/2049 1624/2050
f 1620/2046 1624/2050 1625/2051 1621/2047
f 1625/2051 1626/2052 1627/2053 1621/2047
f 1625/2051 1624/2050 1628/2054 1629/2055
f 1625/2051 1629/2055 1630/2056 1626/2052
f 1630/2056 1631/2057 1632/2058 1626/2052
f 1630/2056 1629/2055 1633/2059 1634/2060
f 1630/2056 1634/2060 1635/2061 1631/2057
f 1635/2061 1636/2062 1637/2063 1631/2057
f 1635/2061 1634/2060 1638/2064 1639/2065
f 1635/2061 1639/2065 1640/2066 1636/2062
f 1640/2066 1641/2067 1642/2068 1636/2062
f 1640/2066 1639/2065 1643/2069 1644/2070
f 1640/2066 1644/2070 1645/2071 1641/2067
f 1645/2071 1646/2072 1647/2073 1641/2067
f 1645/2071 1644/2070 1648/2074 1649/2075
f 1645/2071 1649/2075 1650/2076 1646/2072
f 1650/2076 105/2077 1651/2078 1646/2072
f 1650/2079 1649/2080 1652/2081 1653/2082
f 1650/2079 1653/2082 102/56 105/59
f 1653/2082 1652/2081 1654/2083 1655/2084
f 1653/2082 1655/2084 103/57 102/56
f 1655/2085 1654/2086 1656/2087 1657/2088
f 1655/2085 1657/2088 1658/2089 103/2090
f 1658/2089 1659/2091 104/2092 103/2090
f 1658/2089 1657/2088 1660/2093 1661/2094
f 1658/2089 1661/2094 1662/2095 1659/2091
f 1662/2095 95/49 94/2096 1659/2091
f 1662/2095 1661/2094 1663/2097 1664/2098
f 1662/2095 1664/2098 98/50 95/49
f 1664/2098 1663/2097 1665/2099 1666/2100
f 1664/2098 1666/2100 1667/2101 98/50
f 1667/2101 1668/2102 99/51 98/50
f 1667/2101 1666/2100 1669/2103 1670/2104
f 1667/2101 1670/2104 1671/2105 1668/2102
f 1671/2105 1672/2106 1673/2107 1668/2102
f 1671/2105 1670/2104 1674/2108 1675/2109
f 1671/2105 1675/2109 1676/2110 1672/2106
f 1676/2110 219/242 223/241 1672/2106
f 1676/2110 1675/2109 1677/2111 1678/2112
f 1676/2110 1678/2112 220/2113 219/242
f 1678/2112 1677/2111 230/260 229/2114
f 1678/2115 229/2116 1679/2117 220/2118
f 1679/2119 229/2120 228/258 1680/2121
f 1679/2119 1680/2121 1681/2122 1682/2123
f 1679/2119 1682/2123 221/244 220/2124
f 1682/2123 1681/2122 1683/2125 1684/2126
f 1682/2123 1684/2126 225/245 221/244
f 1684/2126 1683/2125 1685/2127 1686/2128
f 1684/2126 1686/2128 1687/2129 225/245
f 1687/2129 226/2130 224/246 225/245
f 1687/2129 1686/2128 100/53 227/2131
f 1687/2132 227/2133 1688/2134 226/2135
f 1688/2134 227/2133 101/54 1673/2107
f 1688/2134 1673/2107 1672/2106 223/241
f 1688/2134 223/241 222/240 226/2135
f 1686/2128 1685/2127 96/45 100/53
f 1685/2127 1683/2125 1689/2136 1690/2137
f 1685/2127 1690/2137 97/46 96/45
f 1690/2137 1689/2136 1691/2138 1692/2139
f 1690/2137 1692/2139 1693/2140 97/46
f 1693/2140 1692/2139 1694/2141 1695/2142
f 1693/2140 1695/2142 1696/2143 1697/2144
f 1693/2140 1697/2144 93/47 97/46
f 1697/2144 1696/2143 1651/2078 1698/2145
f 1697/2144 1698/2145 94/2146 93/47
f 1698/2145 1651/2078 105/2077 104/2147
f 1698/2148 104/2149 1659/2150 94/2151
f 1696/2143 1695/2142 1699/2152 1647/2073
f 1696/2143 1647/2073 1646/2072 1651/2078
f 1699/2152 1695/2142 1694/2141 1700/2153
f 1699/2152 1700/2153 1701/2154 1642/2068
f 1699/2152 1642/2068 1641/2067 1647/2073
f 1701/2154 1700/2153 1702/2155 1703/2156
f 1701/2154 1703/2156 1704/2157 1637/2063
f 1701/2154 1637/2063 1636/2062 1642/2068
f 1704/2157 1703/2156 1705/2158 1706/2159
f 1704/2157 1706/2159 1707/2160 1632/2058
f 1704/2157 1632/2058 1631/2057 1637/2063
f 1707/2160 1706/2159 1708/2161 1709/2162
f 1707/2160 1709/2162 1710/2163 1627/2053
f 1707/2160 1627/2053 1626/2052 1632/2058
f 1710/2163 1709/2162 1711/2164 1712/2165
f 1710/2163 1712/2165 1713/2166 1622/2048
f 1710/2163 1622/2048 1621/2047 1627/2053
f 1713/2167 1712/2168 1714/2169 1715/2170
f 1713/2167 1715/2170 1716/2171 1617/2172
f 1713/2166 1617/2043 1616/2042 1622/2048
f 1716/2173 1715/2174 1717/2175 1718/2176
f 1716/2173 1718/2176 1719/2177 1612/2178
f 1716/2171 1612/2034 1611/2033 1617/2172
f 1719/2179 1718/2180 1720/2181 1721/2182
f 1719/2179 1721/2182 1722/2183 1607/2184
f 1719/2185 1607/2028 1606/2027 1612/2186
f 1722/2183 1721/2182 1723/2187 1724/2188
f 1722/2183 1724/2188 276/329 275/326
f 1722/2183 275/326 1602/2020 1607/2184
f 1724/2188 1723/2187 1725/2189 1726/2190
f 1724/2188 1726/2190 1193/1490 276/329
f 1726/2190 1725/2189 1727/2191 1728/2192
f 1726/2190 1728/2192 1194/1491 1193/1490
f 1728/2192 1727/2191 1729/2193 1730/2194
f 1728/2192 1730/2194 1196/1493 1194/1491
f 1730/2194 1729/2193 1731/2195 1732/2196
f 1730/2194 1732/2196 1733/2197 1196/1493
f 1733/2197 1732/2196 1734/2198 1735/2199
f 1733/2197 1735/2199 1736/2200 1199/1496
f 1733/2197 1199/1496 1197/1494 1196/1493
f 1736/2200 1735/2199 1737/2201 1738/2202
f 1736/2200 1738/2202 1739/2203 1740/2204
f 1736/2200 1740/2204 1200/1497 1199/1496
f 1740/2204 1739/2203 1207/1504 1205/1502
f 1740/2204 1205/1502 1201/1498 1200/1497
f 1739/2203 1738/2202 1741/2205 1742/2206
f 1739/2203 1742/2206 1209/1506 1207/1504
f 1742/2207 1741/2208 1743/2209 1744/2210
f 1742/2207 1744/2210 1211/1510 1209/1509
f 1744/2210 1743/2209 1745/2211 1746/2212
f 1744/2210 1746/2212 1213/1514 1211/1510
f 1746/2212 1745/2211 1747/2213 1748/2214
f 1746/2212 1748/2214 1215/1516 1213/1514
f 1748/2214 1747/2213 117/69 116/68
f 1748/2214 116/68 1217/1518 1215/1516
f 1747/2213 1749/2215 1750/2216 117/69
f 1747/2213 1745/2211 1751/2217 1749/2215
f 1751/2217 1752/2218 1753/2219 1749/2215
f 1751/2217 1745/2211 1743/2209 1754/2220
f 1751/2217 1754/2220 1755/2221 1752/2218
f 1755/2221 1756/2222 1757/2223 1752/2218
f 1755/2221 1754/2220 1758/2224 1759/2225
f 1755/2221 1759/2225 1760/2226 1756/2222
f 1760/2226 1761/2227 1762/2228 1756/2222
f 1760/2229 1759/2230 1763/2231 1764/2232
f 1760/2229 1764/2232 1765/2233 1761/2234
f 1765/2233 1766/2235 1767/2236 1761/2234
f 1765/2233 1764/2232 1768/2237 1769/2238
f 1765/2233 1769/2238 1770/2239 1766/2235
f 1770/2239 1771/2240 1772/2241 1766/2235
f 1770/2239 1769/2238 1773/2242 1774/2243
f 1770/2239 1774/2243 1775/2244 1771/2240
f 1775/2244 1776/2245 1777/2246 1771/2240
f 1775/2244 1774/2243 1778/2247 1779/2248
f 1775/2244 1779/2248 1780/2249 1776/2245
f 1780/2249 1781/2250 1782/2251 1776/2245
f 1780/2249 1779/2248 1783/2252 1784/2253
f 1780/2249 1784/2253 1785/2254 1781/2250
f 1785/2254 1786/2255 1787/2256 1781/2250
f 1785/2254 1784/2253 1788/2257 1789/2258
f 1785/2254 1789/2258 1790/2259 1786/2255
f 1790/2259 1791/2260 1792/2261 1786/2255
f 1790/2259 1789/2258 1793/2262 1794/2263
f 1790/2259 1794/2263 1795/2264 1791/2260
f 1795/2264 1796/2265 1797/2266 1791/2260
f 1795/2264 1794/2263 1798/2267 1799/2268
f 1795/2264 1799/2268 1800/2269 1796/2265
f 1800/2269 1801/2270 1802/2271 1796/2265
f 1800/2272 1799/2273 1803/2274 1804/2275
f 1800/2272 1804/2275 1805/2276 1801/2277
f 1805/2276 233/2278 1806/2279 1801/2277
f 1805/2276 1804/2275 1807/2280 1808/2281
f 1805/2276 1808/2281 231/2282 233/2278
f 1808/2283 1807/2284 1809/2285 1810/2286
f 1808/2283 1810/2286 232/2287 231/2288
f 1810/2286 1809/2285 1811/2289 1812/2290
f 1810/2286 1812/2290 1813/2291 232/2287
f 1813/2292 1680/2121 228/258 232/257
f 1813/2292 1812/2293 1814/2294 1815/2295
f 1813/2292 1815/2295 1681/2122 1680/2121
f 1815/2295 1814/2294 1691/2138 1689/2136
f 1815/2295 1689/2136 1683/2125 1681/2122
f 1814/2294 1812/2293 1811/2296 1816/2297
f 1814/2294 1816/2297 1817/2298 1691/2138
f 1817/2298 1816/2297 1818/2299 1702/2155
f 1817/2298 1702/2155 1700/2153 1694/2141
f 1817/2298 1694/2141 1692/2139 1691/2138
f 1818/2299 1816/2297 1811/2296 1819/2300
f 1818/2299 1819/2300 1820/2301 1705/2158
f 1818/2299 1705/2158 1703/2156 1702/2155
f 1820/2301 1819/2300 1821/2302 1822/2303
f 1820/2301 1822/2303 1823/2304 1708/2161
f 1820/2301 1708/2161 1706/2159 1705/2158
f 1823/2305 1822/2306 1824/2307 1825/2308
f 1823/2305 1825/2308 1826/2309 1711/2310
f 1823/2304 1711/2164 1709/2162 1708/2161
f 1826/2311 1825/2312 1827/2313 1828/2314
f 1826/2311 1828/2314 1829/2315 1714/2316
f 1826/2309 1714/2169 1712/2168 1711/2310
f 1829/2317 1828/2318 1830/2319 1831/2320
f 1829/2317 1831/2320 1832/2321 1717/2322
f 1829/2315 1717/2175 1715/2174 1714/2316
f 1832/2321 1831/2320 1833/2323 1834/2324
f 1832/2321 1834/2324 1835/2325 1720/2181
f 1832/2321 1720/2181 1718/2180 1717/2322
f 1835/2325 1834/2324 1836/2326 1837/2327
f 1835/2325 1837/2327 1725/2189 1723/2187
f 1835/2325 1723/2187 1721/2182 1720/2181
f 1837/2327 1836/2326 1838/2328 1839/2329
f 1837/2327 1839/2329 1727/2191 1725/2189
f 1839/2329 1838/2328 1778/2247 1840/2330
f 1839/2329 1840/2330 1729/2193 1727/2191
f 1840/2330 1778/2247 1774/2243 1773/2242
f 1840/2330 1773/2242 1731/2195 1729/2193
f 1838/2328 1783/2252 1779/2248 1778/2247
f 1838/2328 1836/2326 1841/2331 1783/2252
f 1841/2331 1788/2257 1784/2253 1783/2252
f 1841/2331 1836/2326 1834/2324 1833/2323
f 1841/2331 1833/2323 1842/2332 1788/2257
f 1842/2332 1793/2262 1789/2258 1788/2257
f 1842/2332 1833/2323 1831/2320 1830/2319
f 1842/2332 1830/2319 1843/2333 1793/2262
f 1843/2333 1798/2267 1794/2263 1793/2262
f 1843/2333 1830/2319 1828/2318 1827/2334
f 1843/2335 1827/2313 1844/2336 1798/2337
f 1844/2336 1803/2274 1799/2273 1798/2337
f 1844/2336 1827/2313 1825/2312 1824/2338
f 1844/2336 1824/2338 1845/2339 1803/2274
f 1845/2339 1807/2280 1804/2275 1803/2274
f 1845/2340 1824/2341 1822/2342 1821/2343
f 1845/2340 1821/2343 1809/2285 1807/2284
f 1821/2302 1819/2300 1811/2296 1809/2344
f 1806/2345 1677/2111 1675/2109 1674/2108
f 1806/2345 1674/2108 1802/2271 1801/2270
f 1806/2345 233/261 230/260 1677/2111
f 1802/2271 1674/2108 1670/2104 1669/2103
f 1802/2271 1669/2103 1797/2266 1796/2265
f 1797/2266 1669/2103 1666/2100 1665/2099
f 1797/2266 1665/2099 1792/2261 1791/2260
f 1792/2261 1665/2099 1663/2097 1846/2346
f 1792/2261 1846/2346 1787/2256 1786/2255
f 1846/2346 1663/2097 1661/2094 1660/2093
f 1846/2346 1660/2093 1847/2347 1787/2256
f 1847/2347 1660/2093 1657/2088 1656/2087
f 1847/2347 1656/2087 1848/2348 1782/2251
f 1847/2347 1782/2251 1781/2250 1787/2256
f 1848/2348 1656/2087 1654/2086 1849/2349
f 1848/2348 1849/2349 1850/2350 1777/2246
f 1848/2348 1777/2246 1776/2245 1782/2251
f 1850/2351 1849/2352 1851/2353 1852/2354
f 1850/2350 1852/2355 1853/2356 1772/2241
f 1850/2350 1772/2241 1771/2240 1777/2246
f 1853/2357 1852/2358 1854/2359 1855/2360
f 1853/2357 1855/2360 1856/2361 1767/2362
f 1853/2356 1767/2236 1766/2235 1772/2241
f 1856/2361 1855/2360 1857/2363 1858/2364
f 1856/2361 1858/2364 1859/2365 1762/2228
f 1856/2361 1762/2228 1761/2227 1767/2362
f 1859/2365 1858/2364 1860/2366 1861/2367
f 1859/2365 1861/2367 1862/2368 1757/2223
f 1859/2365 1757/2223 1756/2222 1762/2228
f 1862/2368 1861/2367 1863/2369 1864/2370
f 1862/2368 1864/2370 1865/2371 1753/2219
f 1862/2368 1753/2219 1752/2218 1757/2223
f 1865/2371 1864/2370 1866/2372 1867/2373
f 1865/2371 1867/2373 1868/2374 1750/2216
f 1865/2371 1750/2216 1749/2215 1753/2219
f 1868/2374 1867/2373 1869/2375 111/62
f 1868/2374 111/62 110/61 118/70
f 1868/2374 118/70 117/69 1750/2216
f 1869/2375 1623/2049 1619/2045 1618/2044
f 1869/2375 1618/2044 112/63 111/62
f 1869/2375 1867/2373 1866/2372 1623/2049
f 1866/2372 1628/2054 1624/2050 1623/2049
f 1866/2372 1864/2370 1863/2369 1628/2054
f 1863/2369 1633/2059 1629/2055 1628/2054
f 1863/2369 1861/2367 1860/2366 1633/2059
f 1860/2366 1638/2064 1634/2060 1633/2059
f 1860/2366 1858/2364 1857/2363 1638/2064
f 1857/2363 1643/2069 1639/2065 1638/2064
f 1857/2363 1855/2360 1854/2359 1643/2069
f 1854/2359 1648/2074 1644/2070 1643/2069
f 1854/2359 1852/2358 1851/2376 1648/2074
f 1851/2353 1652/2081 1649/2080 1648/2377
f 1851/2353 1849/2352 1654/2083 1652/2081
f 1773/2242 1769/2238 1768/2237 1731/2195
f 1768/2237 1764/2232 1763/2231 1734/2198
f 1768/2237 1734/2198 1732/2196 1731/2195
f 1763/2231 1759/2230 1758/2378 1737/2201
f 1763/2231 1737/2201 1735/2199 1734/2198
f 1758/2224 1754/2220 1743/2209 1741/2208
f 1758/2378 1741/2205 1738/2202 1737/2201
f 1673/2107 101/54 99/51 1668/2102
f 1618/2044 1614/2039 1613/2038 112/63
f 1613/2038 1609/2037 1608/2379 1870/2380
f 1613/2038 1870/2380 113/66 112/63
f 1870/2380 1608/2379 1871/2381 1872/2382
f 1870/2380 1872/2382 1548/1930 113/66
f 1872/2382 1871/2381 1559/1953 1553/1935
f 1872/2382 1553/1935 1549/1931 1548/1930
f 1871/2381 1608/2379 1604/2383 1603/2384
f 1871/2385 1603/2386 1560/1948 1559/1947
f 1603/2021 1600/2018 1562/1956 1560/1955
f 1597/2015 1567/1963 1565/1961 1564/1960
f 1596/2014 1190/1487 1188/1485 1873/2387
f 1596/2014 1873/2387 1593/2011 1592/2010
f 1596/2014 1595/2013 278/328 1190/1487
f 1873/2387 1188/1485 1187/1484 1874/2388
f 1873/2387 1874/2388 1875/2389 1593/2011
f 1875/2389 1874/2388 261/310 260/309
f 1875/2389 260/309 264/313 1590/2004
f 1875/2389 1590/2004 1589/2003 1593/2011
f 1874/2388 1187/1484 1186/1483 261/310
f 1590/2004 264/313 1587/2390 1586/2005
f 1587/2390 264/313 263/312 1876/2391
f 1587/2390 1876/2391 1583/2392 1582/2393
f 1876/2391 1877/2394 1878/2395 1583/2392
f 1876/2391 263/312 1879/2396 1877/2394
f 1879/2396 1880/2397 1881/2398 1877/2394
f 1879/2396 263/312 33/308 1882/2399
f 1879/2396 1882/2399 1883/2400 1880/2397
f 1883/2400 1884/2401 1885/2402 1880/2397
f 1883/2400 1882/2399 1886/2403 1887/2404
f 1883/2400 1887/2404 235/2405 1884/2401
f 1887/2404 1886/2403 1888/2406 238/2407
f 1887/2404 238/2407 82/2408 235/2405
f 1888/2406 1886/2403 266/315 1889/2409
f 1888/2410 1889/2411 1890/2412 1891/2413
f 1888/2410 1891/2413 236/277 238/276
f 1891/2414 1890/2415 1892/2416 1893/2417
f 1891/2418 1893/2419 237/272 236/271
f 1893/2419 1892/2420 72/4 71/3
f 1893/2419 71/3 1894/2421 237/272
f 1894/2421 1895/2422 80/273 237/272
f 1894/2421 71/3 70/2 1896/2423
f 1894/2421 1896/2423 1897/2424 1895/2422
f 1897/2424 1898/2425 234/265 1895/2422
f 1897/2424 1896/2423 1899/2426 1900/2427
f 1897/2424 1900/2427 1901/2428 1898/2425
f 1901/2428 1902/2429 92/34 1898/2425
f 1901/2428 1900/2427 1903/2430 84/18
f 1901/2428 84/18 83/17 1902/2429
f 1903/2430 1900/2427 1899/2426 1904/2431
f 1903/2430 1904/2431 1905/2432 1906/2433
f 1903/2430 1906/2433 85/19 84/18
f 1906/2434 1905/2435 1881/2398 1907/2436
f 1906/2434 1907/2436 86/22 85/21
f 1907/2436 1881/2398 1880/2397 1885/2402
f 1907/2436 1885/2402 1908/2437 86/22
f 1908/2437 1909/2438 87/23 86/22
f 1908/2437 1885/2402 1884/2401 1910/2439
f 1908/2437 1910/2439 216/230 1909/2438
f 1910/2439 1884/2401 235/2405 29/2440
f 1910/2439 29/2440 90/231 216/230
f 1909/2438 239/2441 88/2442 87/23
f 1909/2438 216/230 215/229 239/2441
f 1905/2432 1904/2431 1911/2443 1878/2444
f 1905/2435 1878/2395 1877/2394 1881/2398
f 1911/2443 1904/2431 1899/2426 78/10
f 1911/2443 78/10 77/9 1584/1992
f 1911/2443 1584/1992 1583/1991 1878/2444
f 1902/2429 217/233 89/35 92/34
f 1902/2429 83/17 88/2445 217/233
f 1899/2426 1896/2423 70/2 78/10
f 1898/2425 92/34 91/33 234/265
f 1895/2422 234/265 81/264 80/273
f 1892/2416 1890/2415 1912/2446 1913/2447
f 1892/2420 1913/2448 79/11 72/4
f 1913/2447 1912/2446 1914/2449 1915/2450
f 1913/2448 1915/2451 1916/2452 79/11
f 1916/2452 1915/2451 1917/2453 1918/2454
f 1916/2452 1918/2454 1919/2455 1920/2456
f 1916/2452 1920/2456 73/5 79/11
f 1920/2456 1919/2455 1536/1918 1535/1917
f 1920/2456 1535/1917 74/6 73/5
f 1919/2455 1918/2454 1921/2457 1922/2458
f 1919/2455 1922/2458 1530/1912 1536/1918
f 1922/2458 1921/2457 1923/2459 1527/1909
f 1922/2458 1527/1909 1526/1908 1530/1912
f 1923/2459 1921/2457 1924/2460 1925/2461
f 1923/2459 1925/2461 1926/2462 1524/1906
f 1923/2459 1524/1906 1523/1905 1527/1909
f 1926/2463 1925/2464 1927/2465 1928/2466
f 1926/2462 1928/2467 1929/2468 1521/1903
f 1926/2462 1521/1903 1520/1902 1524/1906
f 1929/2469 1928/2470 1930/2471 1931/2472
f 1929/2469 1931/2472 1932/2473 1517/2474
f 1929/2468 1517/1899 1516/1898 1521/1903
f 1932/2473 1933/2475 1518/2476 1517/2474
f 1932/2477 1931/2478 1934/2479 1935/2480
f 1932/2477 1935/2480 1936/2481 1933/2482
f 1936/2481 1937/2483 1938/2484 1933/2482
f 1936/2481 1935/2480 1170/1467 1168/1465
f 1936/2481 1168/1465 1166/1464 1937/2483
f 1938/2484 1937/2483 1939/2485 1508/2486
f 1938/2487 1508/1885 1507/1884 1511/2488
f 1938/2487 1511/2488 1518/2489 1933/2490
f 1939/2485 267/2491 272/2492 1508/2486
f 1939/2485 1937/2483 1166/1464 1164/2493
f 1939/2494 1164/1458 268/318 267/317
f 1935/2480 1934/2479 1172/1469 1170/1467
f 1934/2479 1931/2478 1930/2495 1940/2496
f 1934/2479 1940/2496 1179/1476 1172/1469
f 1940/2496 1930/2495 1941/2497 1942/2498
f 1940/2496 1942/2498 1180/1477 1179/1476
f 1942/2498 1941/2497 1943/2499 1944/2500
f 1942/2498 1944/2500 1181/1478 1180/1477
f 1944/2500 1943/2499 1945/2501 1946/2502
f 1944/2500 1946/2502 1183/1480 1181/1478
f 1946/2502 1945/2501 1947/2503 1948/2504
f 1946/2502 1948/2504 1949/2505 1183/1480
f 1949/2505 1948/2504 265/314 262/311
f 1949/2505 262/311 261/310 1186/1483
f 1949/2505 1186/1483 1184/1481 1183/1480
f 1948/2504 1947/2503 1950/2506 265/314
f 1950/2506 1889/2409 266/315 265/314
f 1950/2507 1947/2508 1914/2509 1912/2510
f 1950/2507 1912/2510 1890/2412 1889/2411
f 1947/2508 1945/2511 1951/2512 1914/2509
f 1951/2512 1945/2511 1943/2513 1952/2514
f 1951/2515 1952/2516 1924/2517 1917/2518
f 1951/2515 1917/2518 1915/2450 1914/2449
f 1952/2514 1943/2513 1941/2519 1927/2520
f 1952/2516 1927/2521 1925/2522 1924/2517
f 1941/2519 1930/2471 1928/2470 1927/2520
f 1924/2460 1921/2457 1918/2454 1917/2453
f 1886/2403 1882/2399 33/308 266/315
f 1548/1930 1544/1926 114/64 113/66
f 1540/1922 122/74 115/65 114/64
f 1539/1921 74/6 1535/1917 1534/1916
f 1512/2523 123/76 128/80 1234/1538
f 1505/1881 1503/1879 1502/1878 1953/2524
f 1505/1881 1953/2524 1954/2525 1955/2526
f 1505/1881 1955/2526 126/81 125/78
f 1955/2527 1954/2528 1956/2529 1957/2530
f 1955/2527 1957/2530 1241/1547 126/2531
f 1957/2530 1956/2529 1958/2532 1244/1550
f 1957/2530 1244/1550 1242/1548 1241/1547
f 1958/2532 1956/2529 1959/2533 1960/2534
f 1958/2532 1960/2534 1961/2535 1962/2536
f 1958/2532 1962/2536 1245/1551 1244/1550
f 1962/2536 1961/2535 1963/2537 1249/1555
f 1962/2536 1249/1555 1246/1552 1245/1551
f 1963/2537 1961/2535 1964/2538 1965/2539
f 1963/2537 1965/2539 1966/2540 1967/2541
f 1963/2537 1967/2541 1250/1556 1249/1555
f 1967/2541 1966/2540 1968/2542 1969/2543
f 1967/2541 1969/2543 1251/1557 1250/1556
f 1969/2543 1968/2542 1970/2544 1971/2545
f 1969/2543 1971/2545 1253/1559 1251/1557
f 1971/2545 1970/2544 1972/2546 1973/2547
f 1971/2545 1973/2547 1255/1561 1253/1559
f 1973/2547 1972/2546 1974/2548 1975/2549
f 1973/2547 1975/2549 1257/1563 1255/1561
f 1975/2550 1974/2551 1976/2552 1977/2553
f 1975/2550 1977/2553 1259/1568 1257/2554
f 1977/2553 1976/2552 1978/2555 1979/2556
f 1977/2553 1979/2556 1261/1569 1259/1568
f 1979/2556 1978/2555 1980/2557 1267/1580
f 1979/2556 1267/1580 1263/1571 1261/1569
f 1980/2557 1978/2555 1981/2558 1982/2559
f 1980/2557 1982/2559 1983/2560 1271/1587
f 1980/2557 1271/1587 1268/1581 1267/1580
f 1983/2561 1276/1593 1272/1589 1271/2562
f 1983/2561 1982/2563 1984/2564 1985/2565
f 1983/2561 1985/2565 1986/2566 1276/1593
f 1986/2566 1281/1598 1277/1594 1276/1593
f 1986/2566 1985/2565 1987/2567 1988/2568
f 1986/2566 1988/2568 1989/2569 1281/1598
f 1989/2569 1286/1603 1282/1599 1281/1598
f 1989/2569 1988/2568 166/144 1990/2570
f 1989/2569 1990/2570 1991/2571 1286/1603
f 1991/2571 1291/1608 1287/1604 1286/1603
f 1991/2571 1990/2570 1992/2572 1993/2573
f 1991/2571 1993/2573 1994/2574 1291/1608
f 1994/2574 1296/1613 1292/1609 1291/1608
f 1994/2574 1993/2573 1995/2575 1996/2576
f 1994/2574 1996/2576 1997/2577 1296/1613
f 1997/2577 1301/1618 1297/1614 1296/1613
f 1997/2578 1996/2579 1998/2580 1999/2581
f 1997/2578 1999/2581 2000/2582 1301/2583
f 2000/2582 1306/1625 1302/1624 1301/2583
f 2000/2584 1999/2585 2001/2586 2002/2587
f 2000/2584 2002/2587 2003/2588 1306/2589
f 2003/2588 1311/1633 1307/1632 1306/2589
f 2003/2588 2002/2587 2004/2590 2005/2591
f 2003/2588 2005/2591 2006/2592 1311/1633
f 2006/2592 1316/1639 1312/1634 1311/1633
f 2006/2592 2005/2591 2007/2593 2008/2594
f 2006/2592 2008/2594 2009/2595 1316/1639
f 2009/2595 1321/1644 1317/1640 1316/1639
f 2009/2595 2008/2594 2010/2596 2011/2597
f 2009/2595 2011/2597 2012/2598 1321/1644
f 2012/2598 1326/1649 1322/1645 1321/1644
f 2012/2598 2011/2597 2013/2599 2014/2600
f 2012/2598 2014/2600 2015/2601 1326/1649
f 2015/2601 1331/1654 1327/1650 1326/1649
f 2015/2601 2014/2600 2016/2602 2017/2603
f 2015/2601 2017/2603 2018/2604 1331/1654
f 2018/2604 1336/1659 1332/1655 1331/1654
f 2018/2604 2017/2603 2019/2605 2020/2606
f 2018/2604 2020/2606 2021/2607 1336/1659
f 2021/2607 1341/1664 1337/1660 1336/1659
f 2021/2607 2020/2606 2022/2608 2023/2609
f 2021/2607 2023/2609 2024/2610 1341/1664
f 2024/2610 1346/1669 1342/1665 1341/1664
f 2024/2610 2023/2609 2025/2611 2026/2612
f 2024/2610 2026/2612 2027/2613 1346/1669
f 2027/2613 1351/1674 1347/1670 1346/1669
f 2027/2614 2026/2615 2028/2616 2029/2617
f 2027/2614 2029/2617 2030/2618 1351/2619
f 2030/2618 1356/2620 1352/2621 1351/2619
f 2030/2622 2029/2623 2031/2624 2032/2625
f 2030/2622 2032/2625 2033/2626 1356/2627
f 2033/2626 1361/1689 1357/1688 1356/2627
f 2033/2626 2032/2625 2034/2628 2035/2629
f 2033/2626 2035/2629 2036/2630 1361/1689
f 2036/2630 1366/1696 1362/1690 1361/1689
f 2036/2630 2035/2629 2037/2631 2038/2632
f 2036/2630 2038/2632 2039/2633 1366/1696
f 2039/2633 1370/1702 1367/1697 1366/1696
f 2039/2633 2038/2632 2040/2634 2041/2635
f 2039/2633 2041/2635 2042/2636 1370/1702
f 2042/2636 1374/1706 1371/1703 1370/1702
f 2042/2636 2041/2635 2043/2637 2044/2638
f 2042/2636 2044/2638 1376/1708 1374/1706
f 2044/2638 2043/2637 2045/2639 2046/2640
f 2044/2638 2046/2640 1378/1710 1376/1708
f 2046/2640 2045/2639 2047/2641 2048/2642
f 2046/2640 2048/2642 1380/1713 1378/1710
f 2048/2642 2047/2641 2049/2643 2050/2644
f 2048/2642 2050/2644 204/2645 1380/1713
f 2050/2646 2049/2647 2051/2648 2052/2649
f 2050/2646 2052/2649 201/213 204/216
f 2052/2649 2051/2648 2053/2650 2054/2651
f 2052/2649 2054/2651 202/214 201/213
f 2054/2652 2053/2653 2055/2654 2056/2655
f 2054/2652 2056/2655 1383/1723 202/1722
f 2056/2655 2055/2654 2057/2656 2058/2657
f 2056/2655 2058/2657 1384/1724 1383/1723
f 2058/2657 2057/2656 2059/2658 2060/2659
f 2058/2657 2060/2659 1386/1727 1384/1724
f 2060/2659 2059/2658 2061/2660 2062/2661
f 2060/2659 2062/2661 1388/1729 1386/1727
f 2062/2661 2061/2660 1402/1754 2063/2662
f 2062/2661 2063/2662 192/199 1388/1729
f 2063/2662 1402/1754 1400/1752 1399/1751
f 2063/2662 1399/1751 193/200 192/199
f 2061/2660 2059/2658 2064/2663 1405/1757
f 2061/2660 1405/1757 1403/1755 1402/1754
f 2064/2663 2059/2658 2057/2656 2065/2664
f 2064/2663 2065/2664 2066/2665 1408/1760
f 2064/2663 1408/1760 1406/1758 1405/1757
f 2066/2665 2065/2664 2067/2666 2068/2667
f 2066/2665 2068/2667 2069/2668 1411/1763
f 2066/2665 1411/1763 1409/1761 1408/1760
f 2069/2668 2068/2667 2070/2669 2071/2670
f 2069/2668 2071/2670 2072/2671 1414/1766
f 2069/2668 1414/1766 1412/1764 1411/1763
f 2072/2672 2071/2673 2073/2674 2074/2675
f 2072/2672 2074/2675 2075/2676 1417/2677
f 2072/2671 1417/1769 1415/1767 1414/1766
f 2075/2678 2074/2679 2076/2680 2077/2681
f 2075/2678 2077/2681 2078/2682 1420/2683
f 2075/2684 1420/1774 1418/1773 1417/2685
f 2078/2682 2077/2681 2079/2686 2080/2687
f 2078/2682 2080/2687 2081/2688 1423/1780
f 2078/2682 1423/1780 1421/1779 1420/2683
f 2081/2688 2080/2687 2082/2689 2083/2690
f 2081/2688 2083/2690 2084/2691 1426/1786
f 2081/2688 1426/1786 1424/1781 1423/1780
f 2084/2691 2083/2690 2085/2692 2086/2693
f 2084/2691 2086/2693 2087/2694 1429/1789
f 2084/2691 1429/1789 1427/1787 1426/1786
f 2087/2694 2086/2693 2088/2695 2089/2696
f 2087/2694 2089/2696 2090/2697 1432/1792
f 2087/2694 1432/1792 1430/1790 1429/1789
f 2090/2697 2089/2696 2091/2698 2092/2699
f 2090/2697 2092/2699 2093/2700 1435/1795
f 2090/2697 1435/1795 1433/1793 1432/1792
f 2093/2700 2092/2699 2094/2701 2095/2702
f 2093/2700 2095/2702 2096/2703 1438/1798
f 2093/2700 1438/1798 1436/1796 1435/1795
f 2096/2703 2095/2702 2097/2704 2098/2705
f 2096/2703 2098/2705 2099/2706 1441/1801
f 2096/2703 1441/1801 1439/1799 1438/1798
f 2099/2706 2098/2705 2100/2707 2101/2708
f 2099/2706 2101/2708 1446/1806 1444/1804
f 2099/2706 1444/1804 1442/1802 1441/1801
f 2101/2709 2100/2710 2102/2711 2103/2712
f 2101/2709 2103/2712 1448/1810 1446/1809
f 2103/2713 2102/2714 2104/2715 2105/2716
f 2103/2713 2105/2716 1450/1816 1448/1815
f 2105/2716 2104/2715 2106/2717 2107/2718
f 2105/2716 2107/2718 1452/1818 1450/1816
f 2107/2718 2106/2717 2108/2719 2109/2720
f 2107/2718 2109/2720 2110/2721 1452/1818
f 2110/2721 2109/2720 2111/2722 2112/2723
f 2110/2721 2112/2723 2113/2724 1455/1821
f 2110/2721 1455/1821 1453/1819 1452/1818
f 2113/2724 2112/2723 2114/2725 2115/2726
f 2113/2724 2115/2726 2116/2727 2117/2728
f 2113/2724 2117/2728 1456/1822 1455/1821
f 2117/2728 2116/2727 2118/2729 2119/2730
f 2117/2728 2119/2730 1457/1823 1456/1822
f 2119/2730 2118/2729 2120/2731 2121/2732
f 2119/2730 2121/2732 1459/1825 1457/1823
f 2121/2732 2120/2731 2122/2733 2123/2734
f 2121/2732 2123/2734 2124/2735 1459/1825
f 2124/2736 2123/2737 2125/2738 2126/2739
f 2124/2736 2126/2739 2127/2740 1462/1830
f 2124/2736 1462/1830 1460/1829 1459/2741
f 2127/2740 2126/2739 2128/2742 2129/2743
f 2127/2740 2129/2743 2130/2744 2131/2745
f 2127/2740 2131/2745 1463/1831 1462/1830
f 2131/2745 2130/2744 2132/2746 1467/1837
f 2131/2745 1467/1837 1464/1832 1463/1831
f 2132/2746 2130/2744 2133/2747 2134/2748
f 2132/2749 2134/2750 2135/2751 1470/2752
f 2132/2746 1470/1840 1468/1838 1467/1837
f 2135/2751 2134/2750 2136/2753 2137/2754
f 2135/2751 2137/2754 2138/2755 1473/1845
f 2135/2751 1473/1845 1471/1844 1470/2752
f 2138/2755 2137/2754 2139/2756 2140/2757
f 2138/2755 2140/2757 1482/1855 1476/1849
f 2138/2755 1476/1849 1474/1846 1473/1845
f 2140/2757 2139/2756 2141/2758 1485/1858
f 2140/2757 1485/1858 1483/1856 1482/1855
f 2141/2758 2139/2756 2142/2759 2143/2760
f 2141/2758 2143/2760 2144/2761 1488/1861
f 2141/2758 1488/1861 1486/1859 1485/1858
f 2144/2761 2143/2760 2145/2762 2146/2763
f 2144/2761 2146/2763 2147/2764 2148/2765
f 2144/2761 2148/2765 1489/1862 1488/1861
f 2148/2765 2147/2764 2149/2766 1493/1866
f 2148/2765 1493/1866 1490/1863 1489/1862
f 2149/2766 2147/2764 2150/2767 2151/2768
f 2149/2766 2151/2768 2152/2769 2153/2770
f 2149/2766 2153/2770 1494/1867 1493/1866
f 2153/2770 2152/2769 2154/2771 1498/1872
f 2153/2770 1498/1872 1495/1868 1494/1867
f 2154/2771 2152/2769 2155/2772 2156/2773
f 2154/2771 2156/2773 2157/2774 2158/2775
f 2154/2771 2158/2775 1499/1873 1498/1872
f 2158/2776 2157/2777 2159/2778 2160/2779
f 2158/2776 2160/2779 1500/1876 1499/1875
f 2160/2779 2159/2778 2161/2780 2162/2781
f 2160/2779 2162/2781 1502/1878 1500/1876
f 2162/2781 2161/2780 2163/2782 2164/2783
f 2162/2781 2164/2783 1953/2524 1502/1878
f 2164/2783 2163/2782 2165/2784 2166/2785
f 2164/2783 2166/2785 1954/2525 1953/2524
f 2166/2786 2165/2787 2167/2788 1959/2533
f 2166/2786 1959/2533 1956/2529 1954/2528
f 2167/2789 2165/2784 2168/2790 2169/2791
f 2167/2788 2169/2792 2170/2793 2171/2794
f 2167/2788 2171/2794 1960/2534 1959/2533
f 2171/2794 2170/2793 2172/2795 1964/2538
f 2171/2794 1964/2538 1961/2535 1960/2534
f 2172/2795 2170/2793 2173/2796 2174/2797
f 2172/2795 2174/2797 2175/2798 2176/2799
f 2172/2795 2176/2799 1965/2539 1964/2538
f 2176/2799 2175/2798 2177/2800 2178/2801
f 2176/2799 2178/2801 1966/2540 1965/2539
f 2178/2801 2177/2800 2179/2802 2180/2803
f 2178/2801 2180/2803 1968/2542 1966/2540
f 2180/2803 2179/2802 2181/2804 2182/2805
f 2180/2803 2182/2805 1970/2544 1968/2542
f 2182/2805 2181/2804 2183/2806 2184/2807
f 2182/2805 2184/2807 1972/2546 1970/2544
f 2184/2807 2183/2806 2185/2808 2186/2809
f 2184/2807 2186/2809 1974/2548 1972/2546
f 2186/2810 2185/2811 2187/2812 2188/2813
f 2186/2810 2188/2813 1976/2552 1974/2551
f 2188/2813 2187/2812 2189/2814 1981/2558
f 2188/2813 1981/2558 1978/2555 1976/2552
f 2189/2815 2187/2816 2190/2817 2191/2818
f 2189/2814 2191/2819 2192/2820 1984/2821
f 2189/2814 1984/2821 1982/2559 1981/2558
f 2192/2822 2191/2818 20/123 164/2823
f 2192/2824 164/142 163/141 1987/2567
f 2192/2824 1987/2567 1985/2565 1984/2564
f 2191/2818 2190/2817 153/124 20/123
f 2190/2817 2193/2825 154/2826 153/124
f 2190/2817 2187/2816 2185/2827 2193/2825
f 2193/2825 2194/2828 2195/2829 154/2826
f 2193/2830 2185/2831 2183/2832 2194/2833
f 2195/2834 2196/2835 2197/2836 2198/2837
f 2195/2838 2198/2839 14/128 154/127
f 2195/2829 2194/2828 2199/2840 2196/2841
f 2199/2840 2200/2842 2201/2843 2196/2841
f 2199/2844 2194/2845 2183/2806 2181/2804
f 2199/2844 2181/2804 2179/2802 2200/2846
f 2201/2847 2202/2848 2203/2849 2204/2850
f 2201/2847 2204/2850 2197/2836 2196/2835
f 2201/2847 2200/2846 2205/2851 2202/2848
f 2205/2851 2206/2852 2207/2853 2202/2848
f 2205/2851 2200/2846 2179/2802 2177/2800
f 2205/2851 2177/2800 2175/2798 2206/2852
f 2207/2853 2208/2854 2209/2855 2210/2856
f 2207/2853 2210/2856 2203/2849 2202/2848
f 2207/2853 2206/2852 2211/2857 2208/2854
f 2211/2857 2212/2858 2213/2859 2208/2854
f 2211/2857 2206/2852 2175/2798 2174/2797
f 2211/2857 2174/2797 2173/2796 2212/2858
f 2213/2859 2214/2860 2215/2861 2216/2862
f 2213/2859 2216/2862 2209/2855 2208/2854
f 2213/2859 2212/2858 2217/2863 2214/2860
f 2217/2864 2218/2865 2219/2866 2214/2867
f 2217/2863 2212/2858 2173/2796 2220/2868
f 2217/2864 2220/2869 2221/2870 2218/2865
f 2221/2870 2222/2871 2223/2872 2218/2865
f 2221/2870 2220/2869 2169/2791 2168/2790
f 2221/2870 2168/2790 2224/2873 2222/2871
f 2224/2873 2225/2874 2226/2875 2222/2871
f 2224/2873 2168/2790 2165/2784 2163/2782
f 2224/2873 2163/2782 2161/2780 2225/2874
f 2226/2875 2227/2876 2228/2877 2229/2878
f 2226/2875 2229/2878 2223/2872 2222/2871
f 2226/2875 2225/2874 2230/2879 2227/2876
f 2230/2879 2231/2880 2232/2881 2227/2876
f 2230/2879 2225/2874 2161/2780 2159/2778
f 2230/2879 2159/2778 2157/2777 2231/2880
f 2232/2882 2233/2883 2234/2884 2235/2885
f 2232/2881 2235/2886 2228/2877 2227/2876
f 2232/2882 2231/2887 2236/2888 2233/2883
f 2236/2888 2237/2889 2238/2890 2233/2883
f 2236/2888 2231/2887 2157/2774 2156/2773
f 2236/2888 2156/2773 2155/2772 2237/2889
f 2238/2890 2239/2891 2240/2892 2241/2893
f 2238/2890 2241/2893 2234/2884 2233/2883
f 2238/2890 2237/2889 2242/2894 2239/2891
f 2242/2894 2243/2895 2244/2896 2239/2891
f 2242/2894 2237/2889 2155/2772 2245/2897
f 2242/2894 2245/2897 2246/2898 2243/2895
f 2246/2898 2247/2899 2248/2900 2243/2895
f 2246/2898 2245/2897 2151/2768 2150/2767
f 2246/2898 2150/2767 2249/2901 2247/2899
f 2249/2901 2250/2902 2251/2903 2247/2899
f 2249/2901 2150/2767 2147/2764 2146/2763
f 2249/2901 2146/2763 2145/2762 2250/2902
f 2251/2903 2252/2904 2253/2905 2254/2906
f 2251/2903 2254/2906 2248/2900 2247/2899
f 2251/2903 2250/2902 2255/2907 2252/2904
f 2255/2907 2256/2908 2257/2909 2252/2904
f 2255/2907 2250/2902 2145/2762 2258/2910
f 2255/2907 2258/2910 2259/2911 2256/2908
f 2259/2911 2133/2912 2260/2913 2256/2908
f 2259/2911 2258/2910 2142/2759 2136/2753
f 2259/2911 2136/2753 2134/2750 2133/2912
f 2260/2914 2129/2743 2128/2742 2261/2915
f 2260/2913 2261/2916 2257/2909 2256/2908
f 2260/2914 2133/2747 2130/2744 2129/2743
f 2261/2915 2128/2742 2262/2917 2263/2918
f 2261/2915 2263/2918 2264/2919 2257/2920
f 2264/2919 2263/2918 2265/2921 2266/2922
f 2264/2923 2266/2924 2267/2925 2253/2905
f 2264/2923 2253/2905 2252/2904 2257/2909
f 2267/2926 2266/2922 2268/2927 2269/2928
f 2267/2925 2269/2929 2270/2930 2271/2931
f 2267/2925 2271/2931 2254/2906 2253/2905
f 2271/2931 2270/2930 2272/2932 2273/2933
f 2271/2931 2273/2933 2248/2900 2254/2906
f 2273/2933 2272/2932 2274/2934 2244/2896
f 2273/2933 2244/2896 2243/2895 2248/2900
f 2274/2934 2272/2932 2275/2935 2276/2936
f 2274/2934 2276/2936 2277/2937 2240/2892
f 2274/2934 2240/2892 2239/2891 2244/2896
f 2277/2937 2276/2936 2278/2938 2279/2939
f 2277/2937 2279/2939 2280/2940 2281/2941
f 2277/2937 2281/2941 2241/2893 2240/2892
f 2281/2941 2280/2940 2282/2942 2283/2943
f 2281/2941 2283/2943 2234/2884 2241/2893
f 2283/2943 2282/2942 2284/2944 2285/2945
f 2283/2943 2285/2945 2235/2885 2234/2884
f 2285/2945 2284/2944 2286/2946 2287/2947
f 2285/2948 2287/2949 2228/2877 2235/2886
f 2287/2950 2286/2951 2288/2952 2289/2953
f 2287/2949 2289/2954 2229/2878 2228/2877
f 2289/2953 2288/2952 2290/2955 2291/2956
f 2289/2954 2291/2957 2223/2872 2229/2878
f 2291/2958 2290/2959 2292/2960 2219/2961
f 2291/2957 2219/2866 2218/2865 2223/2872
f 2292/2960 2290/2959 2293/2962 2294/2963
f 2292/2960 2294/2963 2295/2964 2215/2861
f 2292/2960 2215/2861 2214/2860 2219/2961
f 2295/2964 2294/2963 2296/2965 2297/2966
f 2295/2964 2297/2966 131/85 130/84
f 2295/2964 130/84 2216/2862 2215/2861
f 2297/2966 2296/2965 2298/2967 2299/2968
f 2297/2966 2299/2968 2300/2969 131/85
f 2300/2969 2299/2968 2301/2970 2302/2971
f 2300/2969 2302/2971 2303/2972 2304/2973
f 2300/2969 2304/2973 132/88 131/85
f 2304/2973 2303/2972 2305/2974 2306/2975
f 2304/2973 2306/2975 2307/2976 132/88
f 2307/2976 2306/2975 2308/2977 2309/2978
f 2307/2976 2309/2978 2310/2979 2311/2980
f 2307/2976 2311/2980 133/86 132/88
f 2311/2980 2310/2979 2312/2981 2313/2982
f 2311/2980 2313/2982 2314/2983 133/86
f 2314/2983 2315/2984 134/87 133/86
f 2314/2983 2313/2982 2316/2985 2317/2986
f 2314/2983 2317/2986 2318/2987 2315/2984
f 2318/2987 2204/2850 2203/2849 2315/2984
f 2318/2987 2317/2986 2319/2988 2320/2989
f 2318/2987 2320/2989 2197/2836 2204/2850
f 2320/2989 2319/2988 2321/2990 2322/2991
f 2320/2989 2322/2991 2198/2837 2197/2836
f 2322/2991 2321/2990 2323/2992 160/2993
f 2322/2991 160/2993 14/2994 2198/2837
f 2323/2995 2321/2996 2324/2997 2325/2998
f 2323/2999 2325/3000 2326/3001 2327/3002
f 2323/2999 2327/3002 161/138 160/137
f 2327/3003 2326/3004 2328/3005 2329/3006
f 2327/3003 2329/3006 2330/3007 161/3008
f 2330/3007 2331/3009 158/3010 161/3008
f 2330/3007 2329/3006 2332/3011 2333/3012
f 2330/3007 2333/3012 2334/3013 2331/3009
f 2334/3013 2333/3012 2335/3014 2336/3015
f 2334/3013 2336/3015 2275/2935 2337/3016
f 2334/3013 2337/3016 2338/3017 2331/3009
f 2338/3018 159/136 158/135 2331/3019
f 2338/3018 2337/3020 2270/3021 2269/2928
f 2338/3018 2269/2928 2268/2927 159/136
f 2337/3016 2275/2935 2272/2932 2270/2930
f 2336/3015 2335/3014 212/225 2278/2938
f 2336/3015 2278/2938 2276/2936 2275/2935
f 2335/3014 2333/3012 2332/3011 2339/3022
f 2335/3014 2339/3022 213/226 212/225
f 2339/3022 2332/3011 2340/3023 2341/3024
f 2339/3022 2341/3024 214/227 213/226
f 2341/3024 2340/3023 2342/3025 2343/3026
f 2341/3024 2343/3026 2344/3027 214/227
f 2344/3027 2343/3026 2345/3028 2346/3029
f 2344/3027 2346/3029 2347/3030 2348/3031
f 2344/3027 2348/3031 205/218 214/227
f 2348/3031 2347/3030 2349/3032 2350/3033
f 2348/3031 2350/3033 206/219 205/218
f 2350/3033 2349/3032 2351/3034 2352/3035
f 2350/3033 2352/3035 2353/3036 206/219
f 2353/3036 2352/3035 2354/3037 2355/3038
f 2353/3036 2355/3038 2356/3039 2357/3040
f 2353/3036 2357/3040 207/220 206/219
f 2357/3040 2356/3039 2358/3041 2359/3042
f 2357/3040 2359/3042 208/221 207/220
f 2359/3042 2358/3041 2360/3043 2361/3044
f 2359/3042 2361/3044 2362/3045 208/221
f 2362/3045 2361/3044 2363/3046 2364/3047
f 2362/3045 2364/3047 2365/3048 2366/3049
f 2362/3045 2366/3049 209/222 208/221
f 2366/3049 2365/3048 2367/3050 2368/3051
f 2366/3049 2368/3051 210/223 209/222
f 2368/3051 2367/3050 2284/2944 2282/2942
f 2368/3051 2282/2942 2280/2940 210/223
f 2367/3050 2365/3048 2369/3052 2370/3053
f 2367/3050 2370/3053 2286/2946 2284/2944
f 2370/3053 2369/3052 2371/3054 2372/3055
f 2370/3056 2372/3057 2288/2952 2286/2951
f 2372/3057 2371/3058 2373/3059 2293/3060
f 2372/3057 2293/3060 2290/2955 2288/2952
f 2373/3059 2371/3058 2374/3061 2375/3062
f 2373/3063 2375/3064 2298/2967 2296/2965
f 2373/3063 2296/2965 2294/2963 2293/2962
f 2375/3064 2374/3065 2376/3066 2377/3067
f 2375/3064 2377/3067 2378/3068 2298/2967
f 2378/3068 2377/3067 2379/3069 2380/3070
f 2378/3068 2380/3070 2381/3071 2301/2970
f 2378/3068 2301/2970 2299/2968 2298/2967
f 2381/3071 2380/3070 2382/3072 2383/3073
f 2381/3071 2383/3073 2384/3074 2385/3075
f 2381/3071 2385/3075 2302/2971 2301/2970
f 2385/3075 2384/3074 2386/3076 2387/3077
f 2385/3075 2387/3077 2303/2972 2302/2971
f 2387/3077 2386/3076 2388/3078 2389/3079
f 2387/3077 2389/3079 2305/2974 2303/2972
f 2389/3079 2388/3078 2390/3080 2391/3081
f 2389/3079 2391/3081 2392/3082 2305/2974
f 2392/3082 2391/3081 2393/3083 2394/3084
f 2392/3082 2394/3084 2395/3085 2308/2977
f 2392/3082 2308/2977 2306/2975 2305/2974
f 2395/3085 2394/3084 2396/3086 2397/3087
f 2395/3085 2397/3087 2398/3088 2399/3089
f 2395/3085 2399/3089 2309/2978 2308/2977
f 2399/3089 2398/3088 2400/3090 2401/3091
f 2399/3089 2401/3091 2310/2979 2309/2978
f 2401/3091 2400/3090 2402/3092 2403/3093
f 2401/3091 2403/3093 2312/2981 2310/2979
f 2403/3093 2402/3092 2404/3094 2405/3095
f 2403/3093 2405/3095 2406/3096 2312/2981
f 2406/3096 2316/2985 2313/2982 2312/2981
f 2406/3096 2405/3095 2407/3097 2408/3098
f 2406/3096 2408/3098 2409/3099 2316/2985
f 2409/3099 2319/2988 2317/2986 2316/2985
f 2409/3099 2408/3098 2410/3100 2324/3101
f 2409/3099 2324/3101 2321/2990 2319/2988
f 2410/3100 2408/3098 2407/3097 2411/3102
f 2410/3103 2411/3104 2412/3105 2413/3106
f 2410/3100 2413/3107 2325/3108 2324/3101
f 2413/3109 2412/3110 2414/3111 2415/3112
f 2413/3113 2415/3114 2326/3115 2325/3116
f 2415/3112 2414/3111 2416/3117 2417/3118
f 2415/3112 2417/3118 2328/3005 2326/3004
f 2417/3118 2416/3117 2418/3119 2342/3025
f 2417/3118 2342/3025 2340/3023 2328/3005
f 2418/3119 2416/3117 2419/3120 2420/3121
f 2418/3119 2420/3121 2421/3122 2345/3028
f 2418/3119 2345/3028 2343/3026 2342/3025
f 2421/3122 2420/3121 2422/3123 2423/3124
f 2421/3122 2423/3124 2424/3125 2425/3126
f 2421/3122 2425/3126 2346/3029 2345/3028
f 2425/3126 2424/3125 2426/3127 2427/3128
f 2425/3126 2427/3128 2347/3030 2346/3029
f 2427/3128 2426/3127 2428/3129 2429/3130
f 2427/3128 2429/3130 2349/3032 2347/3030
f 2429/3130 2428/3129 2430/3131 2431/3132
f 2429/3130 2431/3132 2351/3034 2349/3032
f 2431/3132 2430/3131 2432/3133 2433/3134
f 2431/3132 2433/3134 2434/3135 2351/3034
f 2434/3135 2433/3134 2435/3136 2436/3137
f 2434/3135 2436/3137 2437/3138 2354/3037
f 2434/3135 2354/3037 2352/3035 2351/3034
f 2437/3138 2436/3137 2438/3139 2439/3140
f 2437/3138 2439/3140 2440/3141 2441/3142
f 2437/3138 2441/3142 2355/3038 2354/3037
f 2441/3142 2440/3141 2442/3143 2443/3144
f 2441/3142 2443/3144 2356/3039 2355/3038
f 2443/3144 2442/3143 2444/3145 2445/3146
f 2443/3144 2445/3146 2358/3041 2356/3039
f 2445/3146 2444/3145 2446/3147 2447/3148
f 2445/3146 2447/3148 2360/3043 2358/3041
f 2447/3148 2446/3147 2448/3149 2449/3150
f 2447/3148 2449/3150 2450/3151 2360/3043
f 2450/3151 2449/3150 2451/3152 2452/3153
f 2450/3151 2452/3153 2453/3154 2363/3046
f 2450/3151 2363/3046 2361/3044 2360/3043
f 2453/3154 2452/3153 2454/3155 2376/3156
f 2453/3154 2376/3156 2374/3157 2455/3158
f 2453/3154 2455/3158 2364/3047 2363/3046
f 2455/3158 2374/3157 2371/3054 2369/3052
f 2455/3158 2369/3052 2365/3048 2364/3047
f 2454/3155 2452/3153 2451/3152 2456/3159
f 2454/3160 2456/3161 2457/3162 2379/3069
f 2454/3160 2379/3069 2377/3067 2376/3066
f 2457/3162 2456/3161 2458/3163 2459/3164
f 2457/3162 2459/3164 2460/3165 2382/3072
f 2457/3162 2382/3072 2380/3070 2379/3069
f 2460/3165 2459/3164 2461/3166 2462/3167
f 2460/3165 2462/3167 2463/3168 2464/3169
f 2460/3165 2464/3169 2383/3073 2382/3072
f 2464/3169 2463/3168 2465/3170 2466/3171
f 2464/3169 2466/3171 2384/3074 2383/3073
f 2466/3171 2465/3170 2467/3172 2468/3173
f 2466/3171 2468/3173 2386/3076 2384/3074
f 2468/3173 2467/3172 2469/3174 2470/3175
f 2468/3173 2470/3175 2388/3078 2386/3076
f 2470/3175 2469/3174 2471/3176 2472/3177
f 2470/3175 2472/3177 2390/3080 2388/3078
f 2472/3177 2471/3176 2473/3178 2474/3179
f 2472/3177 2474/3179 2475/3180 2390/3080
f 2475/3180 2474/3179 2476/3181 2477/3182
f 2475/3180 2477/3182 2478/3183 2393/3083
f 2475/3180 2393/3083 2391/3081 2390/3080
f 2478/3183 2477/3182 2479/3184 2480/3185
f 2478/3183 2480/3185 2481/3186 2396/3086
f 2478/3183 2396/3086 2394/3084 2393/3083
f 2481/3186 2480/3185 2482/3187 2483/3188
f 2481/3186 2483/3188 2484/3189 2485/3190
f 2481/3186 2485/3190 2397/3087 2396/3086
f 2485/3190 2484/3189 2486/3191 2487/3192
f 2485/3190 2487/3192 2398/3088 2397/3087
f 2487/3192 2486/3191 2488/3193 2489/3194
f 2487/3192 2489/3194 2400/3090 2398/3088
f 2489/3194 2488/3193 172/155 2490/3195
f 2489/3194 2490/3195 2402/3092 2400/3090
f 2490/3195 172/155 170/150 2491/3196
f 2490/3195 2491/3196 2404/3094 2402/3092
f 2491/3196 170/150 169/149 2492/3197
f 2491/3196 2492/3197 2493/3198 2404/3094
f 2493/3198 2407/3097 2405/3095 2404/3094
f 2493/3199 2492/3200 2494/3201 2495/3202
f 2493/3199 2495/3202 2411/3104 2407/3203
f 2495/3202 2494/3201 2496/3204 2497/3205
f 2495/3202 2497/3205 2412/3105 2411/3104
f 2497/3206 2496/3207 2498/3208 2499/3209
f 2497/3206 2499/3209 2414/3111 2412/3110
f 2499/3209 2498/3208 2500/3210 2419/3120
f 2499/3209 2419/3120 2416/3117 2414/3111
f 2500/3210 2498/3208 2501/3211 2502/3212
f 2500/3210 2502/3212 2503/3213 2422/3123
f 2500/3210 2422/3123 2420/3121 2419/3120
f 2503/3213 2502/3212 177/162 2504/3214
f 2503/3213 2504/3214 2505/3215 2506/3216
f 2503/3213 2506/3216 2423/3124 2422/3123
f 2506/3216 2505/3215 2507/3217 2508/3218
f 2506/3216 2508/3218 2424/3125 2423/3124
f 2508/3218 2507/3217 2509/3219 2510/3220
f 2508/3218 2510/3220 2426/3127 2424/3125
f 2510/3220 2509/3219 2511/3221 2512/3222
f 2510/3220 2512/3222 2428/3129 2426/3127
f 2512/3222 2511/3221 2513/3223 2514/3224
f 2512/3222 2514/3224 2430/3131 2428/3129
f 2514/3224 2513/3223 2515/3225 2516/3226
f 2514/3224 2516/3226 2432/3133 2430/3131
f 2516/3226 2515/3225 2517/3227 2518/3228
f 2516/3226 2518/3228 2519/3229 2432/3133
f 2519/3229 2518/3228 2520/3230 2521/3231
f 2519/3229 2521/3231 2522/3232 2435/3136
f 2519/3229 2435/3136 2433/3134 2432/3133
f 2522/3232 2521/3231 2523/3233 2524/3234
f 2522/3232 2524/3234 2525/3235 2438/3139
f 2522/3232 2438/3139 2436/3137 2435/3136
f 2525/3235 2524/3234 2526/3236 2527/3237
f 2525/3235 2527/3237 2528/3238 2529/3239
f 2525/3235 2529/3239 2439/3140 2438/3139
f 2529/3239 2528/3238 2530/3240 2531/3241
f 2529/3239 2531/3241 2440/3141 2439/3140
f 2531/3241 2530/3240 2532/3242 2533/3243
f 2531/3241 2533/3243 2442/3143 2440/3141
f 2533/3243 2532/3242 2534/3244 2535/3245
f 2533/3243 2535/3245 2444/3145 2442/3143
f 2535/3245 2534/3244 2536/3246 2537/3247
f 2535/3245 2537/3247 2446/3147 2444/3145
f 2537/3247 2536/3246 2538/3248 2539/3249
f 2537/3247 2539/3249 2448/3149 2446/3147
f 2539/3249 2538/3248 2540/3250 2541/3251
f 2539/3249 2541/3251 2542/3252 2448/3149
f 2542/3252 2541/3251 2543/3253 2458/3254
f 2542/3252 2458/3254 2456/3159 2451/3152
f 2542/3252 2451/3152 2449/3150 2448/3149
f 2543/3253 2541/3251 2540/3250 2544/3255
f 2543/3256 2544/3257 2545/3258 2461/3166
f 2543/3256 2461/3166 2459/3164 2458/3163
f 2545/3258 2544/3257 2546/3259 2547/3260
f 2545/3258 2547/3260 2548/3261 2549/3262
f 2545/3258 2549/3262 2462/3167 2461/3166
f 2549/3262 2548/3261 2550/3263 2551/3264
f 2549/3262 2551/3264 2463/3168 2462/3167
f 2551/3264 2550/3263 2552/3265 2553/3266
f 2551/3264 2553/3266 2465/3170 2463/3168
f 2553/3266 2552/3265 2554/3267 2555/3268
f 2553/3266 2555/3268 2467/3172 2465/3170
f 2555/3268 2554/3267 2556/3269 2557/3270
f 2555/3268 2557/3270 2469/3174 2467/3172
f 2557/3270 2556/3269 2558/3271 2559/3272
f 2557/3270 2559/3272 2471/3176 2469/3174
f 2559/3272 2558/3271 2560/3273 2561/3274
f 2559/3272 2561/3274 2473/3178 2471/3176
f 2561/3274 2560/3273 2562/3275 2563/3276
f 2561/3274 2563/3276 2564/3277 2473/3178
f 2564/3277 2563/3276 2565/3278 2566/3279
f 2564/3277 2566/3279 2567/3280 2476/3181
f 2564/3277 2476/3181 2474/3179 2473/3178
f 2567/3280 2566/3279 2568/3281 2569/3282
f 2567/3280 2569/3282 2570/3283 2479/3184
f 2567/3280 2479/3184 2477/3182 2476/3181
f 2570/3283 2569/3282 2571/3284 2572/3285
f 2570/3283 2572/3285 2573/3286 2482/3187
f 2570/3283 2482/3187 2480/3185 2479/3184
f 2573/3287 2572/3288 2574/3289 2575/3290
f 2573/3287 2575/3290 2576/3291 2577/3292
f 2573/3286 2577/3293 2483/3188 2482/3187
f 2577/3293 2576/3294 2578/3295 2579/3296
f 2577/3293 2579/3296 2484/3189 2483/3188
f 2579/3296 2578/3295 2580/3297 2581/3298
f 2579/3296 2581/3298 2486/3191 2484/3189
f 2581/3298 2580/3297 2582/3299 2583/3300
f 2581/3298 2583/3300 2488/3193 2486/3191
f 2583/3300 2582/3299 174/157 173/156
f 2583/3300 173/156 172/155 2488/3193
f 2582/3301 2580/3302 2509/3303 2507/3304
f 2582/3305 2507/3217 2505/3215 174/3306
f 2580/3302 2578/3307 2511/3308 2509/3303
f 2578/3307 2576/3309 2513/3310 2511/3308
f 2576/3311 2575/3312 2515/3313 2513/3314
f 2575/3312 2574/3315 2517/3316 2515/3313
f 2574/3317 2572/3318 2571/3319 2584/3320
f 2574/3315 2584/3321 2585/3322 2517/3316
f 2585/3322 2584/3321 2586/3323 2587/3324
f 2585/3325 2587/3326 2588/3327 2520/3230
f 2585/3325 2520/3230 2518/3228 2517/3227
f 2588/3327 2587/3326 2589/3328 2590/3329
f 2588/3327 2590/3329 2591/3330 2523/3233
f 2588/3327 2523/3233 2521/3231 2520/3230
f 2591/3330 2590/3329 2592/3331 2593/3332
f 2591/3330 2593/3332 2594/3333 2526/3236
f 2591/3330 2526/3236 2524/3234 2523/3233
f 2594/3333 2593/3332 2595/3334 2596/3335
f 2594/3333 2596/3335 2597/3336 2598/3337
f 2594/3333 2598/3337 2527/3237 2526/3236
f 2598/3337 2597/3336 2599/3338 2600/3339
f 2598/3337 2600/3339 2528/3238 2527/3237
f 2600/3339 2599/3338 2601/3340 2602/3341
f 2600/3339 2602/3341 2530/3240 2528/3238
f 2602/3341 2601/3340 2603/3342 2604/3343
f 2602/3341 2604/3343 2532/3242 2530/3240
f 2604/3343 2603/3342 2605/3344 2606/3345
f 2604/3343 2606/3345 2534/3244 2532/3242
f 2606/3345 2605/3344 2607/3346 2608/3347
f 2606/3345 2608/3347 2536/3246 2534/3244
f 2608/3347 2607/3346 2609/3348 2610/3349
f 2608/3347 2610/3349 2538/3248 2536/3246
f 2610/3349 2609/3348 2611/3350 2612/3351
f 2610/3349 2612/3351 2540/3250 2538/3248
f 2612/3351 2611/3350 2613/3352 2546/3353
f 2612/3351 2546/3353 2544/3255 2540/3250
f 2613/3352 2611/3350 2614/3354 2615/3355
f 2613/3356 2615/3357 2616/3358 2617/3359
f 2613/3356 2617/3359 2547/3260 2546/3259
f 2617/3359 2616/3358 2618/3360 2619/3361
f 2617/3359 2619/3361 2548/3261 2547/3260
f 2619/3361 2618/3360 2620/3362 2621/3363
f 2619/3361 2621/3363 2550/3263 2548/3261
f 2621/3363 2620/3362 2622/3364 2623/3365
f 2621/3363 2623/3365 2552/3265 2550/3263
f 2623/3365 2622/3364 2624/3366 2625/3367
f 2623/3365 2625/3367 2554/3267 2552/3265
f 2625/3367 2624/3366 2626/3368 2627/3369
f 2625/3367 2627/3369 2556/3269 2554/3267
f 2627/3369 2626/3368 2628/3370 2629/3371
f 2627/3369 2629/3371 2558/3271 2556/3269
f 2629/3371 2628/3370 2630/3372 2631/3373
f 2629/3371 2631/3373 2560/3273 2558/3271
f 2631/3373 2630/3372 2632/3374 2633/3375
f 2631/3373 2633/3375 2562/3275 2560/3273
f 2633/3375 2632/3374 2634/3376 2635/3377
f 2633/3375 2635/3377 2636/3378 2562/3275
f 2636/3378 2635/3377 2637/3379 2638/3380
f 2636/3378 2638/3380 2639/3381 2565/3278
f 2636/3378 2565/3278 2563/3276 2562/3275
f 2639/3381 2638/3380 2640/3382 2641/3383
f 2639/3381 2641/3383 2642/3384 2568/3281
f 2639/3381 2568/3281 2566/3279 2565/3278
f 2642/3385 2641/3386 2643/3387 2586/3388
f 2642/3385 2586/3388 2584/3320 2571/3319
f 2642/3384 2571/3284 2569/3282 2568/3281
f 2643/3387 2641/3386 2640/3389 2644/3390
f 2643/3391 2644/3392 2645/3393 2589/3394
f 2643/3391 2589/3394 2587/3324 2586/3323
f 2645/3393 2644/3392 2646/3395 2647/3396
f 2645/3397 2647/3398 2648/3399 2592/3331
f 2645/3397 2592/3331 2590/3329 2589/3328
f 2648/3399 2647/3398 2649/3400 2650/3401
f 2648/3399 2650/3401 2651/3402 2595/3334
f 2648/3399 2595/3334 2593/3332 2592/3331
f 2651/3402 2650/3401 2652/3403 2653/3404
f 2651/3402 2653/3404 2654/3405 2655/3406
f 2651/3402 2655/3406 2596/3335 2595/3334
f 2655/3406 2654/3405 2656/3407 2657/3408
f 2655/3406 2657/3408 2597/3336 2596/3335
f 2657/3408 2656/3407 2658/3409 2659/3410
f 2657/3408 2659/3410 2599/3338 2597/3336
f 2659/3410 2658/3409 2660/3411 2661/3412
f 2659/3410 2661/3412 2601/3340 2599/3338
f 2661/3412 2660/3411 2662/3413 2663/3414
f 2661/3412 2663/3414 2603/3342 2601/3340
f 2663/3414 2662/3413 2664/3415 2665/3416
f 2663/3414 2665/3416 2605/3344 2603/3342
f 2665/3416 2664/3415 2666/3417 2667/3418
f 2665/3416 2667/3418 2607/3346 2605/3344
f 2667/3418 2666/3417 2668/3419 2669/3420
f 2667/3418 2669/3420 2609/3348 2607/3346
f 2669/3420 2668/3419 2670/3421 2614/3354
f 2669/3420 2614/3354 2611/3350 2609/3348
f 2670/3421 2668/3419 2671/3422 2672/3423
f 2670/3421 2672/3423 2673/3424 2674/3425
f 2670/3421 2674/3425 2615/3355 2614/3354
f 2674/3426 2673/3427 2675/3428 2676/3429
f 2674/3426 2676/3429 2616/3358 2615/3357
f 2676/3429 2675/3428 2677/3430 2678/3431
f 2676/3429 2678/3431 2618/3360 2616/3358
f 2678/3431 2677/3430 2679/3432 2680/3433
f 2678/3431 2680/3433 2620/3362 2618/3360
f 2680/3433 2679/3432 2681/3434 2682/3435
f 2680/3433 2682/3435 2622/3364 2620/3362
f 2682/3435 2681/3434 2683/3436 2684/3437
f 2682/3435 2684/3437 2624/3366 2622/3364
f 2684/3437 2683/3436 2685/3438 2686/3439
f 2684/3437 2686/3439 2626/3368 2624/3366
f 2686/3439 2685/3438 2687/3440 2688/3441
f 2686/3439 2688/3441 2628/3370 2626/3368
f 2688/3441 2687/3440 2689/3442 2690/3443
f 2688/3441 2690/3443 2630/3372 2628/3370
f 2690/3443 2689/3442 2691/3444 2692/3445
f 2690/3443 2692/3445 2632/3374 2630/3372
f 2692/3445 2691/3444 2693/3446 2694/3447
f 2692/3445 2694/3447 2634/3376 2632/3374
f 2694/3447 2693/3446 2695/3448 2696/3449
f 2694/3447 2696/3449 2697/3450 2634/3376
f 2697/3450 2696/3449 2698/3451 2699/3452
f 2697/3450 2699/3452 2700/3453 2637/3379
f 2697/3450 2637/3379 2635/3377 2634/3376
f 2700/3454 2699/3455 2701/3456 2646/3457
f 2700/3454 2646/3457 2644/3390 2640/3389
f 2700/3453 2640/3382 2638/3380 2637/3379
f 2701/3456 2699/3455 2698/3458 2702/3459
f 2701/3460 2702/3461 2703/3462 2649/3463
f 2701/3460 2649/3463 2647/3396 2646/3395
f 2703/3462 2702/3461 2704/3464 2705/3465
f 2703/3466 2705/3467 2706/3468 2652/3403
f 2703/3466 2652/3403 2650/3401 2649/3400
f 2706/3468 2705/3467 2707/3469 2708/3470
f 2706/3468 2708/3470 2709/3471 2710/3472
f 2706/3468 2710/3472 2653/3404 2652/3403
f 2710/3472 2709/3471 2711/3473 2712/3474
f 2710/3472 2712/3474 2654/3405 2653/3404
f 2712/3474 2711/3473 2713/3475 2714/3476
f 2712/3474 2714/3476 2656/3407 2654/3405
f 2714/3476 2713/3475 2715/3477 2716/3478
f 2714/3476 2716/3478 2658/3409 2656/3407
f 2716/3478 2715/3477 2717/3479 2718/3480
f 2716/3478 2718/3480 2660/3411 2658/3409
f 2718/3480 2717/3479 2719/3481 2720/3482
f 2718/3480 2720/3482 2662/3413 2660/3411
f 2720/3482 2719/3481 2721/3483 2722/3484
f 2720/3482 2722/3484 2664/3415 2662/3413
f 2722/3484 2721/3483 2723/3485 2724/3486
f 2722/3484 2724/3486 2666/3417 2664/3415
f 2724/3486 2723/3485 2725/3487 2671/3422
f 2724/3486 2671/3422 2668/3419 2666/3417
f 2725/3487 2723/3485 2726/3488 2727/3489
f 2725/3487 2727/3489 2728/3490 2729/3491
f 2725/3487 2729/3491 2672/3423 2671/3422
f 2729/3491 2728/3490 2730/3492 2731/3493
f 2729/3491 2731/3493 2673/3424 2672/3423
f 2731/3494 2730/3495 2732/3496 2733/3497
f 2731/3494 2733/3497 2675/3498 2673/3499
f 2733/3500 2732/3501 2734/3502 2735/3503
f 2733/3500 2735/3503 2677/3430 2675/3428
f 2735/3503 2734/3502 2736/3504 2737/3505
f 2735/3503 2737/3505 2679/3432 2677/3430
f 2737/3505 2736/3504 2738/3506 2739/3507
f 2737/3505 2739/3507 2681/3434 2679/3432
f 2739/3507 2738/3506 2740/3508 2741/3509
f 2739/3507 2741/3509 2683/3436 2681/3434
f 2741/3509 2740/3508 2742/3510 2743/3511
f 2741/3509 2743/3511 2685/3438 2683/3436
f 2743/3511 2742/3510 2744/3512 2745/3513
f 2743/3511 2745/3513 2687/3440 2685/3438
f 2745/3513 2744/3512 2746/3514 2747/3515
f 2745/3513 2747/3515 2689/3442 2687/3440
f 2747/3515 2746/3514 2748/3516 2749/3517
f 2747/3515 2749/3517 2691/3444 2689/3442
f 2749/3517 2748/3516 2750/3518 2751/3519
f 2749/3517 2751/3519 2693/3446 2691/3444
f 2751/3519 2750/3518 2752/3520 2753/3521
f 2751/3519 2753/3521 2695/3448 2693/3446
f 2753/3521 2752/3520 2754/3522 2755/3523
f 2753/3521 2755/3523 2756/3524 2695/3448
f 2756/3525 2755/3526 2757/3527 2704/3528
f 2756/3525 2704/3528 2702/3459 2698/3458
f 2756/3524 2698/3451 2696/3449 2695/3448
f 2757/3529 2755/3523 2754/3522 2758/3530
f 2757/3531 2758/3532 2759/3533 2707/3534
f 2757/3531 2707/3534 2705/3465 2704/3464
f 2759/3533 2758/3532 2760/3535 2761/3536
f 2759/3537 2761/3538 2762/3539 2763/3540
f 2759/3537 2763/3540 2708/3470 2707/3469
f 2763/3540 2762/3539 2764/3541 2765/3542
f 2763/3540 2765/3542 2709/3471 2708/3470
f 2765/3542 2764/3541 2766/3543 2767/3544
f 2765/3542 2767/3544 2711/3473 2709/3471
f 2767/3544 2766/3543 2768/3545 2769/3546
f 2767/3544 2769/3546 2713/3475 2711/3473
f 2769/3546 2768/3545 2770/3547 2771/3548
f 2769/3546 2771/3548 2715/3477 2713/3475
f 2771/3548 2770/3547 2772/3549 2773/3550
f 2771/3548 2773/3550 2717/3479 2715/3477
f 2773/3550 2772/3549 2774/3551 2775/3552
f 2773/3550 2775/3552 2719/3481 2717/3479
f 2775/3552 2774/3551 2776/3553 2777/3554
f 2775/3552 2777/3554 2721/3483 2719/3481
f 2777/3554 2776/3553 2778/3555 2726/3488
f 2777/3554 2726/3488 2723/3485 2721/3483
f 2778/3555 2776/3553 2779/3556 2780/3557
f 2778/3555 2780/3557 2781/3558 2782/3559
f 2778/3555 2782/3559 2727/3489 2726/3488
f 2782/3559 2781/3558 241/3560 2783/3561
f 2782/3559 2783/3561 2728/3490 2727/3489
f 2783/3561 241/3560 240/3562 2784/3563
f 2783/3561 2784/3563 2730/3492 2728/3490
f 2784/3564 240/285 244/284 2785/3565
f 2784/3564 2785/3565 2732/3501 2730/3566
f 2785/3565 244/284 2786/3567 2787/3568
f 2785/3565 2787/3568 2734/3502 2732/3501
f 2787/3568 2786/3567 2788/3569 2789/3570
f 2787/3568 2789/3570 2736/3504 2734/3502
f 2789/3570 2788/3569 2790/3571 2791/3572
f 2789/3570 2791/3572 2738/3506 2736/3504
f 2791/3572 2790/3571 2792/3573 2793/3574
f 2791/3572 2793/3574 2740/3508 2738/3506
f 2793/3574 2792/3573 2794/3575 2795/3576
f 2793/3574 2795/3576 2742/3510 2740/3508
f 2795/3576 2794/3575 2796/3577 2797/3578
f 2795/3576 2797/3578 2744/3512 2742/3510
f 2797/3578 2796/3577 2798/3579 2799/3580
f 2797/3578 2799/3580 2746/3514 2744/3512
f 2799/3580 2798/3579 2800/3581 2801/3582
f 2799/3580 2801/3582 2748/3516 2746/3514
f 2801/3582 2800/3581 2802/3583 2803/3584
f 2801/3582 2803/3584 2750/3518 2748/3516
f 2803/3584 2802/3583 2804/3585 2805/3586
f 2803/3584 2805/3586 2752/3520 2750/3518
f 2805/3586 2804/3585 257/3587 2806/3588
f 2805/3586 2806/3588 2754/3522 2752/3520
f 2806/3588 257/3587 256/3589 2760/3590
f 2806/3588 2760/3590 2758/3530 2754/3522
f 2804/3585 2802/3583 2807/3591 2808/3592
f 2804/3585 2808/3592 258/3593 257/3587
f 2808/3592 2807/3591 2809/3594 2810/3595
f 2808/3596 2810/3597 2811/3598 258/3599
f 2811/3600 2810/3601 2812/3602 2813/3603
f 2811/3600 2813/3603 2814/3604 2815/3605
f 2811/3600 2815/3605 259/3606 258/3607
f 2815/3605 2814/3604 2764/3541 2762/3539
f 2815/3605 2762/3539 2761/3538 259/3606
f 2814/3604 2813/3603 2816/3608 2817/3609
f 2814/3604 2817/3609 2766/3543 2764/3541
f 2817/3609 2816/3608 2818/3610 2819/3611
f 2817/3609 2819/3611 2768/3545 2766/3543
f 2819/3611 2818/3610 2820/3612 2821/3613
f 2819/3611 2821/3613 2770/3547 2768/3545
f 2821/3613 2820/3612 2822/3614 2823/3615
f 2821/3613 2823/3615 2772/3549 2770/3547
f 2823/3615 2822/3614 2824/3616 2825/3617
f 2823/3615 2825/3617 2774/3551 2772/3549
f 2825/3617 2824/3616 2826/3618 2779/3556
f 2825/3617 2779/3556 2776/3553 2774/3551
f 2826/3618 2824/3616 2827/3619 2828/3620
f 2826/3618 2828/3620 2829/3621 2830/3622
f 2826/3618 2830/3622 2780/3557 2779/3556
f 2830/3622 2829/3621 2831/3623 2832/3624
f 2830/3622 2832/3624 2781/3558 2780/3557
f 2832/3624 2831/3623 245/3625 242/3626
f 2832/3624 242/3626 241/3560 2781/3558
f 2831/3623 2829/3621 2833/3627 2834/3628
f 2831/3629 2834/3630 2835/3631 245/3632
f 2835/3633 2834/3634 2836/3635 2837/3636
f 2835/3633 2837/3636 2838/3637 2839/3638
f 2835/3633 2839/3638 243/283 245/3639
f 2839/3638 2838/3637 2788/3569 2786/3567
f 2839/3638 2786/3567 244/284 243/283
f 2838/3637 2837/3636 2840/3640 2841/3641
f 2838/3637 2841/3641 2790/3571 2788/3569
f 2841/3641 2840/3640 2842/3642 2843/3643
f 2841/3641 2843/3643 2792/3573 2790/3571
f 2843/3643 2842/3642 2844/3644 2845/3645
f 2843/3643 2845/3645 2794/3575 2792/3573
f 2845/3645 2844/3644 2846/3646 2847/3647
f 2845/3645 2847/3647 2796/3577 2794/3575
f 2847/3647 2846/3646 2848/3648 2849/3649
f 2847/3647 2849/3649 2798/3579 2796/3577
f 2849/3649 2848/3648 2850/3650 2851/3651
f 2849/3649 2851/3651 2800/3581 2798/3579
f 2851/3651 2850/3650 2809/3594 2807/3591
f 2851/3651 2807/3591 2802/3583 2800/3581
f 2850/3650 2848/3648 2852/3652 2853/3653
f 2850/3650 2853/3653 2854/3654 2809/3594
f 2854/3655 2853/3656 255/3657 2855/3658
f 2854/3655 2855/3658 2856/3659 2812/3602
f 2854/3660 2812/3661 2810/3662 2809/3663
f 2856/3659 2855/3658 2857/3664 2858/3665
f 2856/3659 2858/3665 2818/3610 2816/3608
f 2856/3659 2816/3608 2813/3603 2812/3602
f 2858/3665 2857/3664 2859/3666 2860/3667
f 2858/3665 2860/3667 2820/3612 2818/3610
f 2860/3667 2859/3666 2861/3668 2862/3669
f 2860/3667 2862/3669 2822/3614 2820/3612
f 2862/3669 2861/3668 2863/3670 2827/3619
f 2862/3669 2827/3619 2824/3616 2822/3614
f 2863/3670 2861/3668 2864/3671 2865/3672
f 2863/3670 2865/3672 2866/3673 2867/3674
f 2863/3670 2867/3674 2828/3620 2827/3619
f 2867/3674 2866/3673 2868/3675 2833/3627
f 2867/3674 2833/3627 2829/3621 2828/3620
f 2868/3676 2866/3677 2869/3678 2870/3679
f 2868/3676 2870/3679 2871/3680 2836/3635
f 2868/3681 2836/3682 2834/3683 2833/3684
f 2871/3680 2870/3679 2872/3685 2873/3686
f 2871/3680 2873/3686 2842/3642 2840/3640
f 2871/3680 2840/3640 2837/3636 2836/3635
f 2873/3686 2872/3685 2874/3687 2875/3688
f 2873/3686 2875/3688 2844/3644 2842/3642
f 2875/3688 2874/3687 247/290 2876/3689
f 2875/3688 2876/3689 2846/3646 2844/3644
f 2876/3689 247/290 246/289 2852/3652
f 2876/3689 2852/3652 2848/3648 2846/3646
f 2874/3687 2872/3685 2877/3690 2878/3691
f 2874/3687 2878/3691 248/291 247/290
f 2878/3691 2877/3690 2879/3692 2880/3693
f 2878/3691 2880/3693 249/292 248/291
f 2880/3694 2879/3695 2881/3696 136/3697
f 2880/3693 136/3698 135/3699 249/292
f 2881/3700 2882/3701 252/297 251/296
f 2881/3700 251/296 137/3702 136/3703
f 2881/3700 2879/3704 2883/3705 2882/3701
f 2883/3705 2865/3672 2864/3671 2882/3701
f 2883/3706 2879/3707 2877/3708 2869/3709
f 2883/3705 2869/3710 2866/3673 2865/3672
f 2882/3701 2864/3671 253/298 252/297
f 2877/3690 2872/3685 2870/3679 2869/3678
f 2864/3671 2861/3668 2859/3666 253/298
f 2859/3666 2857/3664 254/299 253/298
f 2857/3664 2855/3658 255/3657 254/299
f 2853/3653 2852/3652 246/289 255/3711
f 2761/3538 2760/3712 256/3713 259/3606
f 2505/3215 2504/3214 175/3714 174/3306
f 2504/3214 177/162 176/161 175/3714
f 2502/3212 2501/3211 178/163 177/162
f 2501/3715 2498/3716 2496/3717 2884/3718
f 2501/3715 2884/3718 179/166 178/165
f 2884/3719 2496/3204 2494/3201 171/153
f 2884/3719 171/153 168/152 179/171
f 2494/3201 2492/3200 169/154 171/153
f 2340/3023 2332/3011 2329/3006 2328/3005
f 2315/2984 2203/2849 2210/2856 134/87
f 2280/2940 2279/2939 211/224 210/223
f 2279/2939 2278/2938 212/225 211/224
f 2268/2927 2885/3720 155/130 159/136
f 2268/2927 2266/2922 2265/2921 2885/3720
f 2885/3720 2886/3721 156/131 155/130
f 2885/3720 2265/2921 2887/3722 2886/3721
f 2887/3722 2888/3723 2889/3724 2886/3721
f 2887/3722 2265/2921 2263/2918 2262/2917
f 2887/3722 2262/2917 2125/2738 2888/3723
f 2889/3725 2890/3726 2891/3727 181/176
f 2889/3724 181/3728 156/131 2886/3721
f 2889/3725 2888/3729 2122/2733 2890/3726
f 2891/3727 2892/3730 2893/3731 2894/3732
f 2891/3727 2894/3732 180/173 181/176
f 2891/3727 2890/3726 2895/3733 2892/3730
f 2895/3733 2896/3734 2897/3735 2892/3730
f 2895/3733 2890/3726 2122/2733 2120/2731
f 2895/3733 2120/2731 2118/2729 2896/3734
f 2897/3735 2898/3736 2899/3737 2900/3738
f 2897/3735 2900/3738 2893/3731 2892/3730
f 2897/3735 2896/3734 2901/3739 2898/3736
f 2901/3739 2902/3740 2903/3741 2898/3736
f 2901/3739 2896/3734 2118/2729 2116/2727
f 2901/3739 2116/2727 2115/2726 2902/3740
f 2903/3741 2904/3742 2001/2586 2905/3743
f 2903/3741 2905/3743 2899/3737 2898/3736
f 2903/3741 2902/3740 2906/3744 2904/3742
f 2906/3744 2907/3745 2004/2590 2904/3742
f 2906/3744 2902/3740 2115/2726 2114/2725
f 2906/3744 2114/2725 2908/3746 2907/3745
f 2908/3746 2909/3747 2007/2593 2907/3745
f 2908/3746 2114/2725 2112/2723 2111/2722
f 2908/3746 2111/2722 2910/3748 2909/3747
f 2910/3748 2911/3749 2010/2596 2909/3747
f 2910/3748 2111/2722 2109/2720 2108/2719
f 2910/3748 2108/2719 2912/3750 2911/3749
f 2912/3750 2913/3751 2013/2599 2911/3749
f 2912/3750 2108/2719 2106/2717 2914/3752
f 2912/3750 2914/3752 2915/3753 2913/3751
f 2915/3753 2916/3754 2016/2602 2913/3751
f 2915/3753 2914/3752 2917/3755 2918/3756
f 2915/3753 2918/3756 2919/3757 2916/3754
f 2919/3757 2920/3758 2019/2605 2916/3754
f 2919/3757 2918/3756 2921/3759 2922/3760
f 2919/3757 2922/3760 2923/3761 2920/3758
f 2923/3761 2924/3762 2022/2608 2920/3758
f 2923/3763 2922/3764 2925/3765 2926/3766
f 2923/3767 2926/3768 2927/3769 2924/3770
f 2927/3769 2928/3771 2025/3772 2924/3770
f 2927/3773 2926/3774 2929/3775 2930/3776
f 2927/3773 2930/3776 2931/3777 2928/3778
f 2931/3777 2932/3779 2028/3780 2928/3778
f 2931/3777 2930/3776 2933/3781 2934/3782
f 2931/3777 2934/3782 2935/3783 2932/3779
f 2935/3783 2936/3784 2031/2624 2932/3779
f 2935/3783 2934/3782 2937/3785 2938/3786
f 2935/3783 2938/3786 2939/3787 2936/3784
f 2939/3787 2940/3788 2034/2628 2936/3784
f 2939/3787 2938/3786 2941/3789 2942/3790
f 2939/3787 2942/3790 2943/3791 2940/3788
f 2943/3791 2944/3792 2037/2631 2940/3788
f 2943/3791 2942/3790 2945/3793 2946/3794
f 2943/3791 2946/3794 2947/3795 2944/3792
f 2947/3795 2948/3796 2040/2634 2944/3792
f 2947/3795 2946/3794 2949/3797 2950/3798
f 2947/3795 2950/3798 2951/3799 2948/3796
f 2951/3799 2045/2639 2043/2637 2948/3796
f 2951/3799 2950/3798 2952/3800 2953/3801
f 2951/3799 2953/3801 2047/2641 2045/2639
f 2953/3801 2952/3800 2954/3802 2955/3803
f 2953/3801 2955/3803 2049/2643 2047/2641
f 2955/3803 2954/3802 2956/3804 2957/3805
f 2955/3803 2957/3805 2051/3806 2049/2643
f 2957/3807 2956/3808 2070/3809 2958/3810
f 2957/3807 2958/3810 2053/2650 2051/2648
f 2958/3811 2070/2669 2068/2667 2067/2666
f 2958/3811 2067/2666 2055/2654 2053/2653
f 2956/3804 2954/3802 2959/3812 2073/3813
f 2956/3808 2073/2674 2071/2673 2070/3809
f 2959/3812 2954/3802 2952/3800 2960/3814
f 2959/3812 2960/3814 2961/3815 2076/2680
f 2959/3812 2076/2680 2074/2679 2073/3813
f 2961/3815 2960/3814 2949/3797 2962/3816
f 2961/3815 2962/3816 2963/3817 2079/2686
f 2961/3815 2079/2686 2077/2681 2076/2680
f 2963/3817 2962/3816 2945/3793 2964/3818
f 2963/3817 2964/3818 2965/3819 2082/2689
f 2963/3817 2082/2689 2080/2687 2079/2686
f 2965/3819 2964/3818 2941/3789 2966/3820
f 2965/3819 2966/3820 2967/3821 2085/2692
f 2965/3819 2085/2692 2083/2690 2082/2689
f 2967/3821 2966/3820 2937/3785 2968/3822
f 2967/3821 2968/3822 2969/3823 2088/2695
f 2967/3821 2088/2695 2086/2693 2085/2692
f 2969/3823 2968/3822 2933/3781 2970/3824
f 2969/3823 2970/3824 2971/3825 2091/2698
f 2969/3823 2091/2698 2089/2696 2088/2695
f 2971/3825 2970/3824 2929/3775 2972/3826
f 2971/3825 2972/3826 2973/3827 2094/2701
f 2971/3825 2094/2701 2092/2699 2091/2698
f 2973/3827 2972/3826 2925/3828 2974/3829
f 2973/3827 2974/3829 2975/3830 2097/2704
f 2973/3827 2097/2704 2095/2702 2094/2701
f 2975/3831 2974/3832 2921/3833 2976/3834
f 2975/3831 2976/3834 2102/2711 2100/2710
f 2975/3830 2100/2707 2098/2705 2097/2704
f 2976/3835 2921/3759 2918/3756 2917/3755
f 2976/3835 2917/3755 2104/2715 2102/2714
f 2974/3832 2925/3765 2922/3764 2921/3833
f 2972/3826 2929/3775 2926/3774 2925/3828
f 2970/3824 2933/3781 2930/3776 2929/3775
f 2968/3822 2937/3785 2934/3782 2933/3781
f 2966/3820 2941/3789 2938/3786 2937/3785
f 2964/3818 2945/3793 2942/3790 2941/3789
f 2962/3816 2949/3797 2946/3794 2945/3793
f 2960/3814 2952/3800 2950/3798 2949/3797
f 2948/3796 2043/2637 2041/2635 2040/2634
f 2944/3792 2040/2634 2038/2632 2037/2631
f 2940/3788 2037/2631 2035/2629 2034/2628
f 2936/3784 2034/2628 2032/2625 2031/2624
f 2932/3779 2031/2624 2029/2623 2028/3780
f 2928/3771 2028/2616 2026/2615 2025/3772
f 2924/3762 2025/2611 2023/2609 2022/2608
f 2920/3758 2022/2608 2020/2606 2019/2605
f 2917/3755 2914/3752 2106/2717 2104/2715
f 2916/3754 2019/2605 2017/2603 2016/2602
f 2913/3751 2016/2602 2014/2600 2013/2599
f 2911/3749 2013/2599 2011/2597 2010/2596
f 2909/3747 2010/2596 2008/2594 2007/2593
f 2907/3745 2007/2593 2005/2591 2004/2590
f 2905/3743 2001/2586 1999/2585 1998/3836
f 2905/3743 1998/3836 2977/3837 2899/3737
f 2977/3838 1998/2580 1996/2579 1995/3839
f 2977/3838 1995/3839 2978/3840 2979/3841
f 2977/3837 2979/3842 2900/3738 2899/3737
f 2979/3841 2978/3840 183/180 182/179
f 2979/3842 182/3843 2893/3731 2900/3738
f 2978/3844 1995/2575 1993/2573 1992/2572
f 2978/3844 1992/2572 165/143 183/182
f 2904/3742 2004/2590 2002/2587 2001/2586
f 2894/3732 2893/3731 182/3843 162/3845
f 2894/3732 162/3845 157/174 180/173
f 2888/3723 2125/2738 2123/2737 2122/3846
f 2262/2917 2128/2742 2126/2739 2125/2738
f 2258/2910 2145/2762 2143/2760 2142/2759
f 2245/2897 2155/2772 2152/2769 2151/2768
f 2220/2868 2173/2796 2170/2793 2169/2792
f 2216/2862 130/84 129/83 2209/2855
f 2210/2856 2209/2855 129/83 134/87
f 2142/2759 2139/2756 2137/2754 2136/2753
f 2067/2666 2065/2664 2057/2656 2055/2654
f 1992/2572 1990/2570 166/144 165/143
f 1988/2568 1987/2567 163/141 166/144
f 1482/1855 1479/1852 1477/1850 1476/1849
f 1399/1751 1397/1747 194/201 193/200
f 1391/1733 198/209 185/184 184/183
f 1389/1730 1388/1729 192/199 191/198
f 1373/3847 185/3848 198/3849 197/3850
f 1373/1705 197/3851 196/1701 1369/1700
f 1373/1705 143/102 142/101 185/3852
f 1365/1694 1364/1693 196/205 195/204
f 1275/1592 152/119 146/118 1270/1585
f 1241/1547 1238/1544 127/1542 126/2531
f 1217/1518 116/68 6/67 121/73
f 1179/1476 1175/1472 1173/1470 1172/1469
f 1125/1413 1123/1412 11/3853 150/1834
f 1123/1408 1121/1407 144/3854 11/3855
f 1028/1305 1021/1298 1019/1296 1018/1295
f 880/1123 879/1122 382/473 385/476
f 873/1116 869/1112 865/1111 863/1290
f 815/1039 813/1037 458/586 457/585
f 807/1029 806/1028 293/347 464/594
f 760/973 758/970 751/959 749/956
f 676/1014 674/866 673/865 316/375
f 673/865 2980/3856 40/368 316/375
f 673/865 671/861 2981/3857 2980/3856
f 2981/3857 2982/3858 2983/3859 2980/3856
f 2981/3857 671/861 665/848 663/846
f 2981/3857 663/846 661/844 2982/3858
f 2983/3859 2984/3860 323/384 310/369
f 2983/3859 310/369 40/368 2980/3856
f 2983/3859 2982/3858 2985/3861 2984/3860
f 2985/3861 327/389 326/388 2984/3860
f 2985/3861 2982/3858 661/844 660/843
f 2985/3861 660/843 659/842 327/389
f 2984/3860 326/388 325/386 323/384
f 641/817 638/812 636/808 629/968
f 636/808 632/807 630/3862 629/968
f 619/779 616/772 613/769 612/768
f 615/776 387/480 53/479 391/486
f 615/776 501/639 499/637 387/480
f 541/686 540/685 317/377 322/382
f 526/664 471/602 470/601 474/607
f 513/3863 441/3864 436/558 435/557
f 499/637 497/635 388/483 387/480
f 489/627 487/625 467/598 466/597
f 463/593 462/592 452/578 451/577
f 462/592 461/591 453/579 452/578
f 430/549 429/548 2986/3865 2987/3866
f 430/549 2987/3866 2988/3867 2989/3868
f 430/549 2989/3868 2990/3869 425/544
f 2990/3869 2989/3868 2991/3870 2992/3871
f 2990/3869 2992/3871 2993/3872 2994/3873
f 2990/3869 2994/3873 426/545 425/544
f 2994/3873 2993/3872 2995/3874 2996/3875
f 2994/3873 2996/3875 2997/3876 426/545
f 2997/3876 2998/3877 427/546 426/545
f 2997/3876 2996/3875 2999/3878 3000/3879
f 2997/3876 3000/3879 3001/3880 2998/3877
f 3001/3880 3002/3881 3003/3882 2998/3877
f 3001/3880 3000/3879 3004/3883 3005/3884
f 3001/3880 3005/3884 3006/3885 3002/3881
f 3006/3885 3007/3886 3008/3887 3002/3881
f 3006/3885 3005/3884 3009/3888 3010/3889
f 3006/3885 3010/3889 392/3890 3007/3886
f 3010/3891 3009/3892 3011/3893 3012/3894
f 3010/3891 3012/3894 393/493 392/492
f 3012/3894 3011/3893 3013/3895 3014/3896
f 3012/3894 3014/3896 3015/3897 393/493
f 3015/3897 3016/3898 394/494 393/493
f 3015/3897 3014/3896 3017/3899 3018/3900
f 3015/3897 3018/3900 3019/3901 3016/3898
f 3019/3901 3018/3900 3020/3902 3021/3903
f 3019/3901 3021/3903 3022/3904 3023/3905
f 3019/3901 3023/3905 3024/3906 3016/3898
f 3024/3906 395/507 394/494 3016/3898
f 3024/3907 3023/3908 3025/3909 3026/3910
f 3024/3907 3026/3910 396/503 395/502
f 3026/3911 3025/3912 3027/3913 3028/3914
f 3026/3911 3028/3914 3029/3915 396/3916
f 3029/3915 3028/3914 3030/3917 3008/3887
f 3029/3915 3008/3887 3007/3886 390/482
f 3029/3915 390/482 389/481 396/3916
f 3030/3917 3028/3914 3027/3913 3031/3918
f 3030/3917 3031/3918 428/547 3003/3882
f 3030/3917 3003/3882 3002/3881 3008/3887
f 3031/3918 3027/3913 3032/3919 2986/3865
f 3031/3918 2986/3865 429/548 428/547
f 3032/3919 3027/3913 3025/3912 3033/3920
f 3032/3919 3033/3920 3034/3921 3035/3922
f 3032/3919 3035/3922 2987/3866 2986/3865
f 3035/3922 3034/3921 3036/3923 3037/3924
f 3035/3922 3037/3924 2988/3867 2987/3866
f 3037/3924 3036/3923 3038/3925 3039/3926
f 3037/3924 3039/3926 3040/3927 2988/3867
f 3040/3927 3039/3926 3041/3928 3042/3929
f 3040/3927 3042/3929 3043/3930 2991/3870
f 3040/3927 2991/3870 2989/3868 2988/3867
f 3043/3930 3042/3929 3044/3931 3045/3932
f 3043/3930 3045/3932 3046/3933 3047/3934
f 3043/3930 3047/3934 2992/3871 2991/3870
f 3047/3934 3046/3933 3048/3935 3049/3936
f 3047/3934 3049/3936 2993/3872 2992/3871
f 3049/3936 3048/3935 3050/3937 3051/3938
f 3049/3936 3051/3938 2995/3874 2993/3872
f 3051/3938 3050/3937 3052/3939 3053/3940
f 3051/3938 3053/3940 3054/3941 2995/3874
f 3054/3941 2999/3878 2996/3875 2995/3874
f 3054/3941 3053/3940 3055/3942 3056/3943
f 3054/3941 3056/3943 3057/3944 2999/3878
f 3057/3944 3004/3883 3000/3879 2999/3878
f 3057/3944 3056/3943 3058/3945 3059/3946
f 3057/3944 3059/3946 3060/3947 3004/3883
f 3060/3948 3009/3949 3005/3950 3004/3951
f 3060/3952 3059/3953 3061/3954 3062/3955
f 3060/3952 3062/3955 3011/3893 3009/3892
f 3062/3955 3061/3954 3063/3956 3064/3957
f 3062/3955 3064/3957 3013/3895 3011/3893
f 3064/3957 3063/3956 3065/3958 3066/3959
f 3064/3957 3066/3959 3067/3960 3013/3895
f 3067/3960 3017/3899 3014/3896 3013/3895
f 3067/3960 3066/3959 405/523 410/528
f 3067/3960 410/528 3068/3961 3017/3899
f 3068/3961 410/528 409/527 3069/3962
f 3068/3961 3069/3962 3070/3963 3020/3902
f 3068/3961 3020/3902 3018/3900 3017/3899
f 3070/3963 3069/3962 3071/3964 3072/3965
f 3070/3963 3072/3965 3073/3966 3074/3967
f 3070/3963 3074/3967 3021/3903 3020/3902
f 3074/3967 3073/3966 3075/3968 3076/3969
f 3074/3967 3076/3969 3022/3904 3021/3903
f 3076/3970 3075/3971 3036/3972 3034/3973
f 3076/3970 3034/3973 3033/3974 3022/3975
f 3075/3968 3073/3966 3077/3976 3078/3977
f 3075/3971 3078/3978 3038/3979 3036/3972
f 3078/3977 3077/3976 3079/3980 3080/3981
f 3078/3978 3080/3982 3081/3983 3038/3979
f 3081/3983 3080/3982 3082/3984 3083/3985
f 3081/3986 3083/3987 3084/3988 3041/3928
f 3081/3986 3041/3928 3039/3926 3038/3925
f 3084/3988 3083/3987 3085/3989 3086/3990
f 3084/3988 3086/3990 3087/3991 3044/3931
f 3084/3988 3044/3931 3042/3929 3041/3928
f 3087/3991 3086/3990 3088/3992 3089/3993
f 3087/3991 3089/3993 3090/3994 3091/3995
f 3087/3991 3091/3995 3045/3932 3044/3931
f 3091/3995 3090/3994 3092/3996 3093/3997
f 3091/3995 3093/3997 3046/3933 3045/3932
f 3093/3997 3092/3996 3094/3998 3095/3999
f 3093/3997 3095/3999 3048/3935 3046/3933
f 3095/3999 3094/3998 3096/4000 3097/4001
f 3095/3999 3097/4001 3050/3937 3048/3935
f 3097/4001 3096/4000 3098/4002 3099/4003
f 3097/4001 3099/4003 3052/3939 3050/3937
f 3099/4003 3098/4002 3100/4004 3101/4005
f 3099/4003 3101/4005 3102/4006 3052/3939
f 3102/4006 3055/3942 3053/3940 3052/3939
f 3102/4006 3101/4005 3103/4007 3104/4008
f 3102/4006 3104/4008 3105/4009 3055/3942
f 3105/4009 3058/3945 3056/3943 3055/3942
f 3105/4010 3104/4011 3106/4012 3107/4013
f 3105/4010 3107/4013 3108/4014 3058/4015
f 3108/4016 3061/4017 3059/4018 3058/4019
f 3108/4020 3107/4021 3109/4022 3110/4023
f 3108/4020 3110/4023 3063/3956 3061/3954
f 3110/4023 3109/4022 3111/4024 3112/4025
f 3110/4023 3112/4025 3065/3958 3063/3956
f 3112/4025 3111/4024 3113/4026 3114/4027
f 3112/4025 3114/4027 406/524 3065/3958
f 3114/4027 3113/4026 3115/4028 3116/4029
f 3114/4027 3116/4029 407/525 406/524
f 3116/4029 3115/4028 3117/4030 3118/4031
f 3116/4029 3118/4031 408/526 407/525
f 3118/4031 3117/4030 3119/4032 3120/4033
f 3118/4031 3120/4033 3071/3964 408/526
f 3120/4033 3119/4032 3121/4034 3122/4035
f 3120/4033 3122/4035 3072/3965 3071/3964
f 3122/4035 3121/4034 3079/3980 3077/3976
f 3122/4035 3077/3976 3073/3966 3072/3965
f 3121/4034 3119/4032 3123/4036 3124/4037
f 3121/4034 3124/4037 3125/4038 3079/3980
f 3125/4038 3124/4037 3126/4039 3127/4040
f 3125/4038 3127/4040 3128/4041 3082/4042
f 3125/4038 3082/4042 3080/3981 3079/3980
f 3128/4041 3127/4040 3129/4043 3130/4044
f 3128/4045 3130/4046 3131/4047 3085/4048
f 3128/4045 3085/4048 3083/3985 3082/3984
f 3131/4047 3130/4046 3132/4049 3133/4050
f 3131/4051 3133/4052 3134/4053 3088/3992
f 3131/4051 3088/3992 3086/3990 3085/3989
f 3134/4053 3133/4052 3135/4054 3136/4055
f 3134/4053 3136/4055 3137/4056 3138/4057
f 3134/4053 3138/4057 3089/3993 3088/3992
f 3138/4057 3137/4056 3139/4058 3140/4059
f 3138/4057 3140/4059 3090/3994 3089/3993
f 3140/4059 3139/4058 3141/4060 3142/4061
f 3140/4059 3142/4061 3092/3996 3090/3994
f 3142/4061 3141/4060 3143/4062 3144/4063
f 3142/4061 3144/4063 3094/3998 3092/3996
f 3144/4063 3143/4062 3145/4064 3146/4065
f 3144/4063 3146/4065 3096/4000 3094/3998
f 3146/4065 3145/4064 3147/4066 3148/4067
f 3146/4065 3148/4067 3098/4002 3096/4000
f 3148/4067 3147/4066 3149/4068 3150/4069
f 3148/4067 3150/4069 3100/4004 3098/4002
f 3150/4069 3149/4068 3151/4070 3152/4071
f 3150/4069 3152/4071 3153/4072 3100/4004
f 3153/4072 3103/4007 3101/4005 3100/4004
f 3153/4073 3152/4074 3154/4075 3155/4076
f 3153/4073 3155/4076 3156/4077 3103/4078
f 3156/4077 3106/4012 3104/4011 3103/4078
f 3156/4079 3155/4080 3157/4081 3158/4082
f 3156/4079 3158/4082 3159/4083 3106/4084
f 3159/4083 3109/4022 3107/4021 3106/4084
f 3159/4083 3158/4082 3160/4085 3161/4086
f 3159/4083 3161/4086 3111/4024 3109/4022
f 3161/4086 3160/4085 3162/4087 3163/4088
f 3161/4086 3163/4088 3113/4026 3111/4024
f 3163/4088 3162/4087 3164/4089 3165/4090
f 3163/4088 3165/4090 3115/4028 3113/4026
f 3165/4090 3164/4089 3166/4091 3167/4092
f 3165/4090 3167/4092 3117/4030 3115/4028
f 3167/4092 3166/4091 3168/4093 3123/4036
f 3167/4092 3123/4036 3119/4032 3117/4030
f 3168/4093 3166/4091 3169/4094 3170/4095
f 3168/4093 3170/4095 3171/4096 3126/4039
f 3168/4093 3126/4039 3124/4037 3123/4036
f 3171/4096 3170/4095 3172/4097 3173/4098
f 3171/4096 3173/4098 3174/4099 3129/4043
f 3171/4096 3129/4043 3127/4040 3126/4039
f 3174/4099 3173/4098 3175/4100 3176/4101
f 3174/4099 3176/4101 3177/4102 3132/4103
f 3174/4099 3132/4103 3130/4044 3129/4043
f 3177/4102 3176/4101 3178/4104 3179/4105
f 3177/4106 3179/4107 3180/4108 3135/4109
f 3177/4106 3135/4109 3133/4050 3132/4049
f 3180/4108 3179/4107 3181/4110 3182/4111
f 3180/4112 3182/4113 3183/4114 3184/4115
f 3180/4112 3184/4115 3136/4055 3135/4054
f 3184/4115 3183/4114 3185/4116 3186/4117
f 3184/4115 3186/4117 3137/4056 3136/4055
f 3186/4117 3185/4116 3187/4118 3188/4119
f 3186/4117 3188/4119 3139/4058 3137/4056
f 3188/4119 3187/4118 3189/4120 3190/4121
f 3188/4119 3190/4121 3141/4060 3139/4058
f 3190/4121 3189/4120 3191/4122 3192/4123
f 3190/4121 3192/4123 3143/4062 3141/4060
f 3192/4123 3191/4122 3193/4124 3194/4125
f 3192/4123 3194/4125 3145/4064 3143/4062
f 3194/4125 3193/4124 3195/4126 3196/4127
f 3194/4125 3196/4127 3147/4066 3145/4064
f 3196/4127 3195/4126 3197/4128 3198/4129
f 3196/4127 3198/4129 3149/4068 3147/4066
f 3198/4129 3197/4128 3199/4130 3200/4131
f 3198/4129 3200/4131 3151/4070 3149/4068
f 3200/4132 3199/4133 3201/4134 3202/4135
f 3200/4132 3202/4135 3203/4136 3151/4137
f 3203/4136 3154/4075 3152/4074 3151/4137
f 3203/4138 3202/4139 3204/4140 3205/4141
f 3203/4142 3205/4143 3206/4144 3154/4145
f 3206/4144 3157/4081 3155/4080 3154/4145
f 3206/4144 3205/4143 3207/4146 3208/4147
f 3206/4144 3208/4147 3209/4148 3157/4081
f 3209/4148 3160/4085 3158/4082 3157/4081
f 3209/4148 3208/4147 3210/4149 3211/4150
f 3209/4148 3211/4150 3162/4087 3160/4085
f 3211/4150 3210/4149 3212/4151 3213/4152
f 3211/4150 3213/4152 3164/4089 3162/4087
f 3213/4152 3212/4151 3214/4153 3169/4094
f 3213/4152 3169/4094 3166/4091 3164/4089
f 3214/4153 3212/4151 3215/4154 3216/4155
f 3214/4153 3216/4155 3217/4156 3172/4097
f 3214/4153 3172/4097 3170/4095 3169/4094
f 3217/4156 3216/4155 3218/4157 3219/4158
f 3217/4156 3219/4158 3220/4159 3175/4100
f 3217/4156 3175/4100 3173/4098 3172/4097
f 3220/4159 3219/4158 3221/4160 3222/4161
f 3220/4159 3222/4161 3223/4162 3178/4104
f 3220/4159 3178/4104 3176/4101 3175/4100
f 3223/4162 3222/4161 3224/4163 3225/4164
f 3223/4162 3225/4164 3226/4165 3181/4166
f 3223/4162 3181/4166 3179/4105 3178/4104
f 3226/4165 3225/4164 3227/4167 3228/4168
f 3226/4169 3228/4170 3229/4171 3230/4172
f 3226/4169 3230/4172 3182/4111 3181/4110
f 3230/4173 3229/4174 3231/4175 3232/4176
f 3230/4173 3232/4176 3183/4114 3182/4113
f 3232/4176 3231/4175 3233/4177 3234/4178
f 3232/4176 3234/4178 3185/4116 3183/4114
f 3234/4178 3233/4177 3235/4179 3236/4180
f 3234/4178 3236/4180 3187/4118 3185/4116
f 3236/4180 3235/4179 3237/4181 3238/4182
f 3236/4180 3238/4182 3189/4120 3187/4118
f 3238/4182 3237/4181 3239/4183 3240/4184
f 3238/4182 3240/4184 3191/4122 3189/4120
f 3240/4184 3239/4183 3241/4185 3242/4186
f 3240/4184 3242/4186 3193/4124 3191/4122
f 3242/4186 3241/4185 3243/4187 3244/4188
f 3242/4186 3244/4188 3195/4126 3193/4124
f 3244/4188 3243/4187 413/4189 412/4190
f 3244/4188 412/4190 3197/4128 3195/4126
f 3243/4187 3241/4185 3245/4191 3246/4192
f 3243/4193 3246/4194 3247/4195 413/4196
f 3247/4197 3248/4198 414/4199 413/4200
f 3247/4201 3246/4202 3249/4203 3250/4204
f 3247/4205 3250/4206 3251/4207 3248/4208
f 3251/4207 3252/4209 3253/4210 3248/4208
f 3251/4211 3250/4212 3254/4213 3255/4214
f 3251/4211 3255/4214 3256/4215 3252/4216
f 3256/4215 3257/4217 3258/4218 3252/4216
f 3256/4215 3255/4214 3259/4219 3260/4220
f 3256/4215 3260/4220 3261/4221 3257/4217
f 3261/4221 3215/4154 3262/4222 3257/4217
f 3261/4221 3260/4220 3263/4223 3218/4157
f 3261/4221 3218/4157 3216/4155 3215/4154
f 3263/4223 3260/4220 3259/4219 3264/4224
f 3263/4223 3264/4224 3265/4225 3221/4160
f 3263/4223 3221/4160 3219/4158 3218/4157
f 3265/4225 3264/4224 3266/4226 3267/4227
f 3265/4225 3267/4227 3268/4228 3224/4163
f 3265/4225 3224/4163 3222/4161 3221/4160
f 3268/4228 3267/4227 3269/4229 3270/4230
f 3268/4228 3270/4230 3271/4231 3227/4167
f 3268/4228 3227/4167 3225/4164 3224/4163
f 3271/4231 3270/4230 3272/4232 3273/4233
f 3271/4231 3273/4233 423/4234 422/4235
f 3271/4231 422/4235 3228/4168 3227/4167
f 3273/4233 3272/4232 3274/4236 3275/4237
f 3273/4238 3275/4239 424/541 423/540
f 3275/4240 3274/4241 416/4242 3276/4243
f 3275/4244 3276/4245 3277/4246 424/4247
f 3277/4246 3278/4248 419/534 424/4247
f 3277/4246 3276/4245 3279/4249 3280/4250
f 3277/4246 3280/4250 3281/4251 3278/4248
f 3281/4251 3282/4252 3283/4253 3278/4248
f 3281/4251 3280/4250 3284/4254 3285/4255
f 3281/4251 3285/4255 3286/4256 3282/4252
f 3286/4256 3237/4181 3235/4179 3282/4252
f 3286/4256 3285/4255 3287/4257 3288/4258
f 3286/4256 3288/4258 3239/4183 3237/4181
f 3288/4258 3287/4257 3289/4259 3245/4191
f 3288/4258 3245/4191 3241/4185 3239/4183
f 3289/4260 3287/4261 3290/4262 3291/4263
f 3289/4264 3291/4265 3292/4266 3249/4267
f 3289/4268 3249/4269 3246/4270 3245/4271
f 3292/4266 3254/4272 3250/4273 3249/4267
f 3292/4266 3291/4265 3293/4274 3294/4275
f 3292/4276 3294/4277 3295/4278 3254/4213
f 3295/4278 3259/4219 3255/4214 3254/4213
f 3295/4278 3294/4277 3296/4279 3266/4226
f 3295/4278 3266/4226 3264/4224 3259/4219
f 3296/4280 3294/4275 3293/4274 3297/4281
f 3296/4279 3297/4282 3298/4283 3269/4229
f 3296/4279 3269/4229 3267/4227 3266/4226
f 3298/4284 3297/4281 3299/4285 3300/4286
f 3298/4283 3300/4287 3274/4236 3272/4232
f 3298/4283 3272/4232 3270/4230 3269/4229
f 3300/4286 3299/4285 418/4288 417/4289
f 3300/4286 417/4289 416/4290 3274/4291
f 3299/4285 3297/4281 3293/4274 3301/4292
f 3299/4285 3301/4292 3302/4293 418/4288
f 3302/4294 3284/4254 3280/4250 3279/4249
f 3302/4294 3279/4249 415/4295 418/4296
f 3302/4294 3301/4297 3290/4298 3284/4254
f 3301/4299 3293/4300 3291/4301 3290/4302
f 3290/4298 3287/4257 3285/4255 3284/4254
f 3283/4253 3233/4177 3231/4175 420/535
f 3283/4253 420/535 419/534 3278/4248
f 3283/4253 3282/4252 3235/4179 3233/4177
f 3279/4249 3276/4245 416/4303 415/4295
f 3262/4222 3210/4149 3208/4147 3207/4146
f 3262/4222 3207/4146 3258/4218 3257/4217
f 3262/4222 3215/4154 3212/4151 3210/4149
f 3258/4218 3207/4146 3205/4143 3204/4304
f 3258/4305 3204/4140 3253/4210 3252/4209
f 3253/4210 3204/4140 3202/4139 3201/4306
f 3253/4210 3201/4306 414/4307 3248/4208
f 3231/4175 3229/4174 421/536 420/535
f 3229/4171 3228/4170 422/539 421/538
f 3201/4134 3199/4133 411/4308 414/4309
f 3199/4130 3197/4128 412/4190 411/4310
f 3071/3964 3069/3962 409/527 408/526
f 3066/3959 3065/3958 406/524 405/523
f 3033/3974 3025/3909 3023/3908 3022/3975
f 3007/3886 392/3890 386/478 390/482
f 3003/3882 428/547 427/546 2998/3877
f 383/474 3303/4311 3304/4312 380/470
f 383/4313 3305/4314 3306/4315 3303/4316
f 3306/4317 3307/4318 3308/4319 3309/4320
f 3306/4321 3309/4322 3310/4323 3303/4311
f 3306/4317 3305/4324 3311/4325 3307/4318
f 3311/4326 375/459 3312/4327 3307/4328
f 3311/4325 3305/4324 3313/4329 3314/4330
f 3311/4326 3314/4331 376/460 375/459
f 3312/4327 3315/4332 3316/4333 3317/4334
f 3312/4327 3317/4334 3308/4335 3307/4328
f 3312/4327 375/459 374/458 3315/4332
f 3317/4334 3316/4333 3318/4336 3319/4337
f 3317/4334 3319/4337 3320/4338 3308/4335
f 3320/4338 3319/4337 3321/4339 3322/4340
f 3320/4341 3322/4342 3323/4343 3324/4344
f 3320/4341 3324/4344 3309/4320 3308/4319
f 3324/4345 3323/4346 3325/4347 3326/4348
f 3324/4345 3326/4348 3310/4323 3309/4322
f 3326/4348 3325/4347 3327/4349 3328/4350
f 3326/4348 3328/4350 3329/4351 3310/4323
f 3329/4351 3328/4350 3330/4352 3331/4353
f 3329/4351 3331/4353 3332/4354 3304/4312
f 3329/4351 3304/4312 3303/4311 3310/4323
f 3332/4354 3331/4353 3333/4355 3334/4356
f 3332/4354 3334/4356 3335/4357 381/471
f 3332/4354 381/471 380/470 3304/4312
f 3335/4357 3334/4356 3336/4358 3337/4359
f 3335/4357 3337/4359 3338/4360 3339/4361
f 3335/4357 3339/4361 371/472 381/471
f 3339/4362 3338/4363 3340/4364 3341/4365
f 3339/4362 3341/4365 372/4366 371/4367
f 3341/4368 3340/4369 3342/4370 3343/4371
f 3341/4368 3343/4371 373/457 372/456
f 3343/4371 3342/4370 3344/4372 3345/4373
f 3343/4371 3345/4373 3346/4374 373/457
f 3346/4374 3345/4373 3347/4375 3348/4376
f 3346/4374 3348/4376 3316/4333 3315/4332
f 3346/4374 3315/4332 374/458 373/457
f 3348/4377 3347/4378 340/411 3349/4379
f 3348/4376 3349/4380 3318/4336 3316/4333
f 3349/4379 340/411 339/410 3350/4381
f 3349/4379 3350/4381 3351/4382 3318/4383
f 3351/4382 3350/4381 3352/4384 3353/4385
f 3351/4382 3353/4385 3354/4386 3321/4387
f 3351/4382 3321/4387 3319/4388 3318/4383
f 3354/4386 3353/4385 3355/4389 3356/4390
f 3354/4386 3356/4390 3357/4391 3358/4392
f 3354/4386 3358/4392 3322/4393 3321/4387
f 3358/4394 3357/4395 3359/4396 3360/4397
f 3358/4398 3360/4399 3323/4343 3322/4342
f 3360/4400 3359/4401 3361/4402 3362/4403
f 3360/4400 3362/4403 3325/4347 3323/4346
f 3362/4403 3361/4402 3363/4404 3364/4405
f 3362/4403 3364/4405 3327/4349 3325/4347
f 3364/4405 3363/4404 3365/4406 3366/4407
f 3364/4405 3366/4407 3367/4408 3327/4349
f 3367/4408 3366/4407 366/448 365/447
f 3367/4408 365/447 369/451 3330/4352
f 3367/4408 3330/4352 3328/4350 3327/4349
f 3366/4407 3365/4406 3368/4409 366/448
f 3368/4409 3365/4406 3369/4410 3370/4411
f 3368/4409 3370/4411 3371/4412 3372/4413
f 3368/4409 3372/4413 367/449 366/448
f 3372/4413 3371/4412 3373/4414 3374/4415
f 3372/4413 3374/4415 370/452 367/449
f 3374/4415 3373/4414 3375/4416 3376/4417
f 3374/4415 3376/4417 3377/4418 370/452
f 3377/4418 3376/4417 3378/4419 3379/4420
f 3377/4418 3379/4420 3336/4358 3380/4421
f 3377/4418 3380/4421 368/450 370/452
f 3380/4421 3336/4358 3334/4356 3333/4355
f 3380/4421 3333/4355 369/451 368/450
f 3379/4420 3378/4419 3381/4422 3382/4423
f 3379/4420 3382/4423 3337/4359 3336/4358
f 3382/4423 3381/4422 3383/4424 3384/4425
f 3382/4423 3384/4425 3338/4360 3337/4359
f 3384/4426 3383/4427 3385/4428 3386/4429
f 3384/4426 3386/4429 3340/4364 3338/4363
f 3386/4430 3385/4431 3387/4432 3388/4433
f 3386/4430 3388/4433 3342/4370 3340/4369
f 3388/4433 3387/4432 3389/4434 3390/4435
f 3388/4433 3390/4435 3344/4372 3342/4370
f 3390/4436 3389/4437 3391/4438 3392/4439
f 3390/4435 3392/4440 3393/4441 3344/4372
f 3393/4442 3392/4439 342/413 341/412
f 3393/4442 341/412 340/411 3347/4378
f 3393/4441 3347/4375 3345/4373 3344/4372
f 3392/4439 3391/4438 3394/4443 342/413
f 3394/4443 3391/4438 3395/4444 3396/4445
f 3394/4443 3396/4445 3397/4446 3398/4447
f 3394/4443 3398/4447 337/408 342/413
f 3398/4447 3397/4446 3399/4448 3400/4449
f 3398/4447 3400/4449 338/409 337/408
f 3400/4449 3399/4448 3401/4450 3402/4451
f 3400/4449 3402/4451 3352/4384 338/409
f 3402/4451 3401/4450 3403/4452 3355/4389
f 3402/4451 3355/4389 3353/4385 3352/4384
f 3403/4452 3401/4450 3404/4453 3405/4454
f 3403/4452 3405/4454 3406/4455 3407/4456
f 3403/4452 3407/4456 3356/4390 3355/4389
f 3407/4456 3406/4455 3408/4457 3409/4458
f 3407/4456 3409/4458 3357/4391 3356/4390
f 3409/4459 3408/4460 3410/4461 3411/4462
f 3409/4459 3411/4462 3359/4396 3357/4395
f 3411/4463 3410/4464 3412/4465 3413/4466
f 3411/4463 3413/4466 3361/4402 3359/4401
f 3413/4466 3412/4465 3414/4467 3415/4468
f 3413/4466 3415/4468 3363/4404 3361/4402
f 3415/4468 3414/4467 3416/4469 3369/4410
f 3415/4468 3369/4410 3365/4406 3363/4404
f 3416/4469 3414/4467 3417/4470 3418/4471
f 3416/4469 3418/4471 3419/4472 3420/4473
f 3416/4469 3420/4473 3370/4411 3369/4410
f 3420/4473 3419/4472 3421/4474 3422/4475
f 3420/4473 3422/4475 3371/4412 3370/4411
f 3422/4475 3421/4474 3423/4476 3424/4477
f 3422/4475 3424/4477 3373/4414 3371/4412
f 3424/4477 3423/4476 3425/4478 3426/4479
f 3424/4477 3426/4479 3375/4416 3373/4414
f 3426/4479 3425/4478 3427/4480 3428/4481
f 3426/4479 3428/4481 3429/4482 3375/4416
f 3429/4482 3428/4481 3430/4483 3431/4484
f 3429/4482 3431/4484 3381/4422 3378/4419
f 3429/4482 3378/4419 3376/4417 3375/4416
f 3431/4484 3430/4483 3432/4485 3433/4486
f 3431/4484 3433/4486 3383/4424 3381/4422
f 3433/4487 3432/4488 3434/4489 3435/4490
f 3433/4491 3435/4492 3385/4428 3383/4427
f 3435/4493 3434/4494 3436/4495 3437/4496
f 3435/4493 3437/4496 3387/4432 3385/4431
f 3437/4496 3436/4495 3438/4497 3439/4498
f 3437/4496 3439/4498 3389/4434 3387/4432
f 3439/4499 3438/4500 3440/4501 3395/4444
f 3439/4499 3395/4444 3391/4438 3389/4437
f 3440/4501 3438/4500 3441/4502 3442/4503
f 3440/4501 3442/4503 3443/4504 3444/4505
f 3440/4501 3444/4505 3396/4445 3395/4444
f 3444/4505 3443/4504 3445/4506 3446/4507
f 3444/4505 3446/4507 3397/4446 3396/4445
f 3446/4507 3445/4506 3447/4508 3448/4509
f 3446/4507 3448/4509 3399/4448 3397/4446
f 3448/4509 3447/4508 3449/4510 3404/4453
f 3448/4509 3404/4453 3401/4450 3399/4448
f 3449/4510 3447/4508 3450/4511 3451/4512
f 3449/4510 3451/4512 3452/4513 3453/4514
f 3449/4510 3453/4514 3405/4454 3404/4453
f 3453/4514 3452/4513 3454/4515 3455/4516
f 3453/4514 3455/4516 3406/4455 3405/4454
f 3455/4516 3454/4515 3456/4517 3457/4518
f 3455/4516 3457/4518 3408/4457 3406/4455
f 3457/4519 3456/4520 3458/4521 3459/4522
f 3457/4519 3459/4522 3410/4461 3408/4460
f 3459/4523 3458/4524 3460/4525 3461/4526
f 3459/4523 3461/4526 3412/4465 3410/4464
f 3461/4526 3460/4525 3462/4527 3417/4470
f 3461/4526 3417/4470 3414/4467 3412/4465
f 3462/4527 3460/4525 3463/4528 3464/4529
f 3462/4527 3464/4529 3465/4530 3466/4531
f 3462/4527 3466/4531 3418/4471 3417/4470
f 3466/4531 3465/4530 3467/4532 3468/4533
f 3466/4531 3468/4533 3419/4472 3418/4471
f 3468/4533 3467/4532 3469/4534 3470/4535
f 3468/4533 3470/4535 3421/4474 3419/4472
f 3470/4535 3469/4534 3471/4536 3472/4537
f 3470/4535 3472/4537 3423/4476 3421/4474
f 3472/4537 3471/4536 3473/4538 3474/4539
f 3472/4537 3474/4539 3425/4478 3423/4476
f 3474/4539 3473/4538 3475/4540 3476/4541
f 3474/4539 3476/4541 3427/4480 3425/4478
f 3476/4541 3475/4540 3477/4542 3478/4543
f 3476/4541 3478/4543 3479/4544 3427/4480
f 3479/4544 3478/4543 3480/4545 3481/4546
f 3479/4544 3481/4546 3432/4485 3430/4483
f 3479/4544 3430/4483 3428/4481 3427/4480
f 3481/4547 3480/4548 3482/4549 3483/4550
f 3481/4547 3483/4550 3434/4489 3432/4488
f 3483/4551 3482/4552 3484/4553 3485/4554
f 3483/4551 3485/4554 3436/4555 3434/4556
f 3485/4554 3484/4553 3486/4557 3441/4502
f 3485/4554 3441/4502 3438/4500 3436/4555
f 3486/4557 3484/4553 3487/4558 3488/4559
f 3486/4557 3488/4559 3489/4560 3490/4561
f 3486/4557 3490/4561 3442/4503 3441/4502
f 3490/4561 3489/4560 3491/4562 3492/4563
f 3490/4561 3492/4563 3443/4504 3442/4503
f 3492/4563 3491/4562 3493/4564 3494/4565
f 3492/4563 3494/4565 3445/4506 3443/4504
f 3494/4565 3493/4564 3495/4566 3450/4511
f 3494/4565 3450/4511 3447/4508 3445/4506
f 3495/4566 3493/4564 3496/4567 3497/4568
f 3495/4566 3497/4568 3498/4569 3499/4570
f 3495/4566 3499/4570 3451/4512 3450/4511
f 3499/4570 3498/4569 3500/4571 3501/4572
f 3499/4570 3501/4572 3452/4513 3451/4512
f 3501/4572 3500/4571 3502/4573 3503/4574
f 3501/4572 3503/4574 3454/4515 3452/4513
f 3503/4574 3502/4573 3504/4575 3505/4576
f 3503/4574 3505/4576 3456/4517 3454/4515
f 3505/4577 3504/4578 3506/4579 3507/4580
f 3505/4577 3507/4580 3458/4521 3456/4520
f 3507/4581 3506/4582 3508/4583 3463/4528
f 3507/4581 3463/4528 3460/4525 3458/4524
f 3508/4583 3506/4582 3509/4584 3510/4585
f 3508/4583 3510/4585 3511/4586 3512/4587
f 3508/4583 3512/4587 3464/4529 3463/4528
f 3512/4587 3511/4586 3513/4588 3514/4589
f 3512/4587 3514/4589 3465/4530 3464/4529
f 3514/4589 3513/4588 3515/4590 3516/4591
f 3514/4589 3516/4591 3467/4532 3465/4530
f 3516/4591 3515/4590 3517/4592 3518/4593
f 3516/4591 3518/4593 3469/4534 3467/4532
f 3518/4593 3517/4592 3519/4594 3520/4595
f 3518/4593 3520/4595 3471/4536 3469/4534
f 3520/4595 3519/4594 3521/4596 3522/4597
f 3520/4595 3522/4597 3473/4538 3471/4536
f 3522/4597 3521/4596 3523/4598 3524/4599
f 3522/4597 3524/4599 3475/4540 3473/4538
f 3524/4599 3523/4598 3525/4600 3526/4601
f 3524/4599 3526/4601 3477/4542 3475/4540
f 3526/4601 3525/4600 3527/4602 3528/4603
f 3526/4601 3528/4603 3529/4604 3477/4542
f 3529/4605 3528/4606 3530/4607 3531/4608
f 3529/4605 3531/4608 3482/4549 3480/4548
f 3529/4604 3480/4545 3478/4543 3477/4542
f 3531/4609 3530/4610 3532/4611 3487/4558
f 3531/4609 3487/4558 3484/4553 3482/4552
f 3532/4611 3530/4610 3533/4612 3534/4613
f 3532/4611 3534/4613 3535/4614 3536/4615
f 3532/4611 3536/4615 3488/4559 3487/4558
f 3536/4615 3535/4614 3537/4616 3538/4617
f 3536/4615 3538/4617 3489/4560 3488/4559
f 3538/4617 3537/4616 3539/4618 3540/4619
f 3538/4617 3540/4619 3491/4562 3489/4560
f 3540/4619 3539/4618 3541/4620 3496/4567
f 3540/4619 3496/4567 3493/4564 3491/4562
f 3541/4620 3539/4618 3542/4621 3543/4622
f 3541/4620 3543/4622 3544/4623 3545/4624
f 3541/4620 3545/4624 3497/4568 3496/4567
f 3545/4624 3544/4623 3546/4625 3547/4626
f 3545/4624 3547/4626 3498/4569 3497/4568
f 3547/4626 3546/4625 3548/4627 3549/4628
f 3547/4626 3549/4628 3500/4571 3498/4569
f 3549/4628 3548/4627 3550/4629 3551/4630
f 3549/4628 3551/4630 3502/4573 3500/4571
f 3551/4630 3550/4629 3552/4631 3553/4632
f 3551/4630 3553/4632 3504/4575 3502/4573
f 3553/4633 3552/4634 3554/4635 3509/4636
f 3553/4633 3509/4636 3506/4579 3504/4578
f 3554/4635 3552/4634 3555/4637 3556/4638
f 3554/4639 3556/4640 3557/4641 3558/4642
f 3554/4639 3558/4642 3510/4585 3509/4584
f 3558/4642 3557/4641 3559/4643 3560/4644
f 3558/4642 3560/4644 3511/4586 3510/4585
f 3560/4644 3559/4643 3561/4645 3562/4646
f 3560/4644 3562/4646 3513/4588 3511/4586
f 3562/4646 3561/4645 3563/4647 3564/4648
f 3562/4646 3564/4648 3515/4590 3513/4588
f 3564/4648 3563/4647 3565/4649 3566/4650
f 3564/4648 3566/4650 3517/4592 3515/4590
f 3566/4650 3565/4649 3567/4651 3568/4652
f 3566/4650 3568/4652 3519/4594 3517/4592
f 3568/4652 3567/4651 3569/4653 3570/4654
f 3568/4652 3570/4654 3521/4596 3519/4594
f 3570/4654 3569/4653 3571/4655 3572/4656
f 3570/4654 3572/4656 3523/4598 3521/4596
f 3572/4656 3571/4655 3573/4657 3574/4658
f 3572/4656 3574/4658 3525/4600 3523/4598
f 3574/4658 3573/4657 3575/4659 3576/4660
f 3574/4658 3576/4660 3527/4602 3525/4600
f 3576/4661 3575/4662 3577/4663 3578/4664
f 3576/4661 3578/4664 3533/4665 3527/4666
f 3578/4667 3577/4668 3579/4669 3580/4670
f 3578/4667 3580/4670 3534/4613 3533/4612
f 3580/4670 3579/4669 3581/4671 3582/4672
f 3580/4670 3582/4672 3535/4614 3534/4613
f 3582/4672 3581/4671 3583/4673 3584/4674
f 3582/4672 3584/4674 3537/4616 3535/4614
f 3584/4674 3583/4673 3585/4675 3542/4621
f 3584/4674 3542/4621 3539/4618 3537/4616
f 3585/4675 3583/4673 3586/4676 3587/4677
f 3585/4675 3587/4677 3588/4678 3589/4679
f 3585/4675 3589/4679 3543/4622 3542/4621
f 3589/4679 3588/4678 3590/4680 3591/4681
f 3589/4679 3591/4681 3544/4623 3543/4622
f 3591/4681 3590/4680 3592/4682 3593/4683
f 3591/4681 3593/4683 3546/4625 3544/4623
f 3593/4683 3592/4682 3594/4684 3595/4685
f 3593/4683 3595/4685 3548/4627 3546/4625
f 3595/4685 3594/4684 3596/4686 3597/4687
f 3595/4685 3597/4687 3550/4629 3548/4627
f 3597/4687 3596/4686 3598/4688 3555/4689
f 3597/4687 3555/4689 3552/4631 3550/4629
f 3598/4688 3596/4686 3599/4690 3600/4691
f 3598/4692 3600/4693 3601/4694 3602/4695
f 3598/4692 3602/4695 3556/4638 3555/4637
f 3602/4696 3601/4697 3603/4698 3604/4699
f 3602/4696 3604/4699 3557/4641 3556/4640
f 3604/4699 3603/4698 3605/4700 3606/4701
f 3604/4699 3606/4701 3559/4643 3557/4641
f 3606/4701 3605/4700 3607/4702 3608/4703
f 3606/4701 3608/4703 3561/4645 3559/4643
f 3608/4703 3607/4702 3609/4704 3610/4705
f 3608/4703 3610/4705 3563/4647 3561/4645
f 3610/4705 3609/4704 3611/4706 3612/4707
f 3610/4705 3612/4707 3565/4649 3563/4647
f 3612/4707 3611/4706 3613/4708 3614/4709
f 3612/4707 3614/4709 3567/4651 3565/4649
f 3614/4709 3613/4708 3615/4710 3616/4711
f 3614/4709 3616/4711 3569/4653 3567/4651
f 3616/4711 3615/4710 3617/4712 3618/4713
f 3616/4711 3618/4713 3571/4655 3569/4653
f 3618/4713 3617/4712 3619/4714 3620/4715
f 3618/4713 3620/4715 3573/4657 3571/4655
f 3620/4715 3619/4714 3621/4716 3622/4717
f 3620/4715 3622/4717 3575/4659 3573/4657
f 3622/4718 3621/4719 3623/4720 3624/4721
f 3622/4718 3624/4721 3577/4663 3575/4662
f 3624/4722 3623/4723 3625/4724 3626/4725
f 3624/4726 3626/4727 3579/4669 3577/4668
f 3626/4727 3625/4728 3627/4729 3628/4730
f 3626/4727 3628/4730 3581/4671 3579/4669
f 3628/4730 3627/4729 3629/4731 3586/4676
f 3628/4730 3586/4676 3583/4673 3581/4671
f 3629/4731 3627/4729 3630/4732 3631/4733
f 3629/4731 3631/4733 3632/4734 3633/4735
f 3629/4731 3633/4735 3587/4677 3586/4676
f 3633/4735 3632/4734 3634/4736 3635/4737
f 3633/4735 3635/4737 3588/4678 3587/4677
f 3635/4737 3634/4736 3636/4738 3637/4739
f 3635/4737 3637/4739 3590/4680 3588/4678
f 3637/4739 3636/4738 3638/4740 3639/4741
f 3637/4739 3639/4741 3592/4682 3590/4680
f 3639/4741 3638/4740 3640/4742 3641/4743
f 3639/4741 3641/4743 3594/4684 3592/4682
f 3641/4743 3640/4742 358/440 3599/4690
f 3641/4743 3599/4690 3596/4686 3594/4684
f 3640/4742 3638/4740 3642/4744 3643/4745
f 3640/4742 3643/4745 359/441 358/440
f 3643/4745 3642/4744 3644/4746 3645/4747
f 3643/4745 3645/4747 360/4748 359/441
f 3645/4747 3644/4746 3646/4749 3647/4750
f 3645/4751 3647/4752 3648/4753 360/4754
f 3648/4755 3647/4756 3649/4757 3650/4758
f 3648/4755 3650/4758 3651/4759 3652/4760
f 3648/4755 3652/4760 355/4761 360/4762
f 3652/4760 3651/4759 3653/4763 3654/4764
f 3652/4760 3654/4764 356/4765 355/4761
f 3654/4764 3653/4763 3605/4700 3603/4698
f 3654/4764 3603/4698 3601/4697 356/4765
f 3653/4763 3651/4759 3655/4766 3656/4767
f 3653/4763 3656/4767 3607/4702 3605/4700
f 3656/4767 3655/4766 3657/4768 3658/4769
f 3656/4767 3658/4769 3609/4704 3607/4702
f 3658/4769 3657/4768 3659/4770 3660/4771
f 3658/4769 3660/4771 3611/4706 3609/4704
f 3660/4771 3659/4770 3661/4772 3662/4773
f 3660/4771 3662/4773 3613/4708 3611/4706
f 3662/4773 3661/4772 3663/4774 3664/4775
f 3662/4773 3664/4775 3615/4710 3613/4708
f 3664/4775 3663/4774 3665/4776 3666/4777
f 3664/4775 3666/4777 3617/4712 3615/4710
f 3666/4777 3665/4776 345/4778 344/4779
f 3666/4777 344/4779 3619/4714 3617/4712
f 3665/4776 3663/4774 347/419 353/4780
f 3665/4781 353/4782 3667/4783 345/4784
f 3667/4785 353/4786 352/4787 3668/4788
f 3667/4789 3668/4790 3630/4791 3669/4792
f 3667/4793 3669/4794 346/417 345/416
f 3669/4795 3630/4732 3627/4729 3625/4728
f 3669/4796 3625/4724 3623/4723 346/4797
f 3668/4798 352/433 354/432 3670/4799
f 3668/4800 3670/4801 3631/4733 3630/4732
f 3670/4801 354/4802 3671/4803 3672/4804
f 3670/4801 3672/4804 3632/4734 3631/4733
f 3672/4804 3671/4803 3673/4805 3674/4806
f 3672/4804 3674/4806 3634/4736 3632/4734
f 3674/4806 3673/4805 3675/4807 3676/4808
f 3674/4806 3676/4808 3636/4738 3634/4736
f 3676/4808 3675/4807 3644/4746 3642/4744
f 3676/4808 3642/4744 3638/4740 3636/4738
f 3675/4807 3673/4805 3677/4809 3678/4810
f 3675/4807 3678/4810 3646/4749 3644/4746
f 3678/4810 3677/4809 3679/4811 3680/4812
f 3678/4810 3680/4812 3681/4813 3646/4749
f 3681/4814 3680/4815 362/4816 3682/4817
f 3681/4818 3682/4819 3683/4820 3649/4757
f 3681/4821 3649/4822 3647/4823 3646/4824
f 3683/4820 3682/4819 3684/4825 3685/4826
f 3683/4820 3685/4826 3686/4827 3687/4828
f 3683/4820 3687/4828 3650/4758 3649/4757
f 3687/4828 3686/4827 3657/4768 3655/4766
f 3687/4828 3655/4766 3651/4759 3650/4758
f 3686/4827 3685/4826 3688/4829 3689/4830
f 3686/4827 3689/4830 3659/4770 3657/4768
f 3689/4830 3688/4829 349/421 348/420
f 3689/4830 348/420 3661/4772 3659/4770
f 3688/4829 3685/4826 3684/4825 3690/4831
f 3688/4829 3690/4831 350/4832 349/421
f 3690/4831 3684/4825 361/4833 364/4834
f 3690/4835 364/4836 3691/4837 350/4838
f 3691/4839 364/4840 363/4841 3679/4811
f 3691/4839 3679/4811 3677/4809 3692/4842
f 3691/4839 3692/4842 351/4843 350/4844
f 3692/4842 3677/4809 3673/4805 3671/4803
f 3692/4842 3671/4803 354/4802 351/4843
f 3684/4825 3682/4819 362/4845 361/4833
f 3680/4812 3679/4811 363/4841 362/4846
f 3663/4774 3661/4772 348/420 347/419
f 3623/4847 3621/4848 343/414 346/417
f 3621/4716 3619/4714 344/4779 343/4849
f 3601/4694 3600/4693 357/4850 356/4851
f 3600/4691 3599/4690 358/440 357/439
f 3533/4665 3530/4607 3528/4606 3527/4666
f 3352/4384 3350/4381 339/410 338/409
f 3333/4355 3331/4353 3330/4352 369/451
f 325/386 309/367 304/362 324/385
f 324/385 304/362 286/339 291/344
f 313/372 312/371 290/343 289/342
f 312/371 311/370 291/344 290/343
f 251/296 250/295 138/4852 137/3702
f 250/293 249/292 135/3699 138/4853
f 239/4854 218/234 217/233 88/2445
f 106/1952 107/4855 108/1945 109/1944
f 361/4856 362/4857 363/4858 364/4859
f 415/4860 416/4861 417/4862 418/4863
f 135/4864 136/4865 137/4866 138/4867
f 25/228 218/4868 239/2441 215/229
f 26/4869 224/4870 226/4871 222/4872
f 3313/4873 3305/4874 383/4875
f 879/1122 377/463 376/462
f 879/1122 877/1120 876/1119 377/463
f 396/4876 595/4877 400/515 399/514
f 396/3916 389/481 591/743
f 396/3916 591/743 594/746
f 396/3916 594/746 596/748
f 396/4876 596/4878 595/4877
