# Blender 4.5.0
# www.blender.org
mtllib tripo_convert_6c14b7b4-af05-4c8c-af32-d22b4469474c.mtl
o tripo_node_6c14b7b4-af05-4c8c-af32-d22b4469474c
v 0.174291 0.926400 0.047019
v 0.128768 0.945166 0.046332
v 0.120399 0.957104 0.035765
v 0.090144 0.936804 0.031341
v 0.110583 0.945436 0.034188
v 0.038142 0.950780 0.051169
v 0.039668 0.958746 0.037664
v 0.084829 0.973180 0.008245
v 0.104778 0.947366 0.022933
v 0.110603 0.716021 -0.062168
v 0.125306 0.766274 -0.056409
v 0.151650 0.907334 0.025754
v 0.147036 0.799033 -0.036900
v 0.137437 0.846010 -0.026511
v 0.039514 0.242054 -0.017347
v 0.037908 0.002396 -0.016728
v 0.042882 0.605559 0.022391
v 0.148006 0.778014 0.118251
v 0.146008 0.771138 0.116726
v 0.131438 0.740517 0.124988
v 0.216059 0.523131 0.206126
v 0.218940 0.521343 0.211151
v 0.220056 0.521410 0.210348
v 0.219634 0.520674 0.199253
v 0.220364 0.521183 0.198013
v 0.217587 0.521549 0.202031
v 0.212937 0.523258 0.206484
v 0.207301 0.522393 0.207477
v 0.210005 0.522228 0.207085
v 0.210623 0.521793 0.209279
v 0.116354 0.757216 0.145996
v 0.140350 0.764635 0.145339
v 0.130830 0.743441 0.134826
v 0.117448 0.696510 0.130126
v 0.146540 0.775454 0.130760
v 0.143947 0.769632 0.139100
v 0.133976 0.748182 0.144999
v 0.144548 0.770517 0.142536
v 0.142552 0.767581 0.143310
v 0.157782 0.845514 0.117703
v 0.180414 0.908206 0.111282
v 0.172527 0.919844 0.096328
v 0.146562 0.924448 0.072101
v 0.148414 0.937413 0.063641
v 0.145027 0.940467 0.063288
v 0.130600 0.899584 0.093853
v 0.164998 0.867423 0.107992
v 0.153402 0.907631 0.062011
v 0.037878 0.955155 0.069187
v 0.117319 0.933516 0.059339
v 0.080368 0.957902 0.056363
v 0.074499 0.960715 0.064341
v 0.119035 0.905402 0.188443
v 0.095845 0.926647 0.195680
v 0.096142 0.926248 0.195511
v 0.105342 0.924651 0.194658
v 0.094220 0.928996 0.195486
v 0.092246 0.922666 0.195316
v 0.035643 0.936057 0.190894
v 0.090990 0.909424 0.203146
v 0.041713 0.848424 0.170153
v 0.054574 0.844239 0.173931
v 0.047040 0.833649 0.173593
v -0.012461 0.833789 0.141687
v -0.002664 0.857807 0.158307
v -0.002452 0.858577 0.161226
v 0.023893 0.900880 0.194995
v 0.010485 0.960595 0.055629
v 0.026642 0.925694 0.088210
v 0.000992 0.927488 0.071973
v -0.010487 0.930976 0.077422
v -0.050966 0.738408 0.104895
v -0.050761 0.734963 0.105549
v -0.020462 0.955049 0.068264
v -0.018438 0.926006 0.097900
v -0.021316 0.907238 0.106007
v -0.031851 0.860364 0.114072
v -0.036315 0.792341 0.134570
v -0.044103 0.782386 0.131289
v -0.054448 0.741511 0.117091
v -0.066728 0.672733 0.055824
v -0.043538 0.652318 0.086621
v 0.014241 0.612203 0.026616
v 0.017820 0.263479 0.004399
v -0.003209 0.167316 -0.017173
v 0.017871 0.000654 -0.007144
v 0.014386 0.002039 -0.006757
v 0.020947 0.001639 -0.005497
v 0.024122 0.000915 -0.006343
v 0.030423 -0.000000 -0.007593
v 0.038252 0.290132 -0.008559
v 0.021712 0.289426 -0.002707
v -0.000624 0.631003 -0.009406
v 0.021619 0.214555 -0.037014
v 0.030005 0.197702 -0.035554
v 0.026693 0.000116 -0.030161
v 0.006845 0.210920 -0.017165
v 0.006513 0.002815 -0.031069
v -0.023083 0.649297 -0.020297
v -0.217939 0.841703 -0.200288
v -0.218788 0.849549 -0.211973
v -0.220223 0.849213 -0.209964
v 0.220435 0.521605 0.203487
v 0.155120 0.899768 0.067612
v -0.048774 0.765707 0.125546
v -0.055896 0.733679 0.114522
v 0.171270 0.930777 0.043297
v 0.175413 0.934705 0.059550
v 0.177476 0.927862 0.059084
v 0.174301 0.919405 0.041338
v 0.169343 0.922383 0.032820
v 0.179903 0.917903 0.056987
v 0.122435 0.945692 0.046875
v 0.122992 0.940432 0.049507
v 0.128169 0.939414 0.049125
v 0.126048 0.950150 0.042286
v 0.121392 0.950081 0.044413
v 0.134272 0.938782 0.052289
v 0.135887 0.943186 0.050429
v 0.133678 0.943275 0.041292
v 0.129357 0.947345 0.037683
v 0.138829 0.941046 0.046851
v 0.117488 0.958270 0.038729
v 0.119734 0.954745 0.041800
v 0.123488 0.953932 0.038833
v 0.120719 0.954196 0.032810
v 0.115499 0.954880 0.036212
v 0.125472 0.951042 0.034593
v 0.081484 0.937299 0.029011
v 0.074874 0.944282 0.035847
v 0.084712 0.943985 0.038916
v 0.113716 0.943614 0.030113
v 0.110106 0.937879 0.028656
v 0.105020 0.943243 0.037489
v 0.105189 0.949542 0.043488
v 0.110089 0.950199 0.038665
v 0.054217 0.955511 0.053985
v 0.055355 0.945668 0.036665
v 0.041988 0.946962 0.042827
v 0.036656 0.953491 0.061786
v 0.051327 0.958023 0.065416
v 0.032225 0.947802 0.051376
v 0.032003 0.951468 0.059911
v 0.021264 0.963462 0.045215
v 0.020177 0.958728 0.045053
v 0.035310 0.951819 0.039268
v 0.042680 0.950641 0.036889
v 0.054714 0.949777 0.032536
v 0.058271 0.960174 0.031159
v 0.039453 0.949993 0.037906
v 0.071475 0.978122 0.010288
v 0.074507 0.985139 0.016913
v 0.091907 0.975999 0.012873
v 0.086870 0.962901 0.001268
v 0.067432 0.965817 -0.000133
v 0.099240 0.961919 0.004425
v 0.105121 0.939309 0.023014
v 0.111018 0.940592 0.022407
v 0.109687 0.949059 0.022668
v 0.095549 0.959339 0.018846
v 0.093701 0.953332 0.021579
v 0.093110 0.945469 0.023001
v 0.112539 0.711403 -0.066767
v 0.120517 0.738006 -0.066082
v 0.114451 0.738178 -0.062066
v 0.109504 0.714031 -0.054428
v 0.104648 0.699119 -0.062973
v 0.125466 0.771287 -0.052612
v 0.123334 0.767287 -0.052090
v 0.118141 0.753926 -0.055471
v 0.129892 0.797634 -0.050332
v 0.131445 0.798095 -0.042983
v 0.150654 0.897799 0.031667
v 0.153442 0.903706 0.037740
v 0.154010 0.910711 0.033326
v 0.160340 0.802220 -0.017886
v 0.153608 0.779293 -0.027953
v 0.141911 0.781462 -0.043867
v 0.141056 0.786599 -0.045012
v 0.144806 0.794193 -0.040156
v 0.138740 0.871983 -0.021392
v 0.137949 0.870082 -0.016126
v 0.135256 0.847479 -0.021010
v 0.136026 0.822870 -0.037753
v 0.132633 0.824351 -0.041874
v 0.134418 0.848951 -0.033033
v 0.134921 0.873192 -0.024070
v 0.135491 0.840838 -0.024592
v 0.134671 0.822704 -0.034559
v 0.134103 0.844292 -0.020424
v 0.056697 0.256265 -0.019139
v 0.052003 0.240077 -0.020517
v 0.041389 0.238274 -0.019844
v 0.035653 0.239449 -0.026469
v 0.037492 0.257920 -0.022271
v 0.038224 0.010041 -0.018171
v 0.037078 0.009971 -0.014875
v 0.036045 0.002101 -0.015419
v 0.038705 0.002255 -0.020768
v 0.038931 0.010027 -0.022638
v 0.035171 0.000282 -0.019263
v 0.041397 0.598531 0.018867
v 0.045869 0.600080 0.011599
v 0.052552 0.611141 0.015210
v 0.049870 0.609977 0.033824
v 0.027678 0.610285 0.035122
v 0.030021 0.599423 0.024650
v 0.148110 0.779053 0.113890
v 0.146129 0.772138 0.113345
v 0.147206 0.774713 0.119639
v 0.147742 0.778125 0.126055
v 0.148517 0.780694 0.122073
v 0.149077 0.782651 0.116391
v 0.145273 0.770800 0.111314
v 0.145348 0.769859 0.114617
v 0.146190 0.771564 0.121584
v 0.126257 0.745441 0.125658
v 0.124834 0.744032 0.129161
v 0.130738 0.741495 0.130430
v 0.134702 0.742978 0.122286
v 0.128802 0.747661 0.122655
v 0.136024 0.744378 0.128746
v 0.200824 0.522351 0.203959
v 0.201649 0.519928 0.203805
v 0.211475 0.521909 0.208793
v 0.215528 0.521721 0.208516
v 0.209960 0.524560 0.195817
v 0.207799 0.524671 0.197433
v 0.213655 0.522434 0.207053
v 0.217118 0.523047 0.203952
v 0.218603 0.521789 0.210749
v 0.217004 0.521046 0.210874
v 0.217707 0.520772 0.209272
v 0.220198 0.521860 0.209135
v 0.218723 0.520714 0.207841
v 0.219883 0.520839 0.206302
v 0.220488 0.521007 0.204866
v 0.219172 0.520413 0.201969
v 0.214542 0.518524 0.194113
v 0.216700 0.519360 0.194024
v 0.217694 0.521829 0.192442
v 0.215665 0.522937 0.192050
v 0.214310 0.523529 0.192915
v 0.218348 0.522228 0.202382
v 0.212092 0.522048 0.206295
v 0.218922 0.521625 0.205415
v 0.206015 0.524512 0.198939
v 0.202149 0.523412 0.202217
v 0.203870 0.523900 0.201242
v 0.203360 0.518912 0.202579
v 0.205266 0.518234 0.201225
v 0.213787 0.520511 0.209432
v 0.215881 0.521701 0.210969
v 0.109806 0.765221 0.151308
v 0.115194 0.767829 0.154353
v 0.121432 0.756603 0.145791
v 0.116448 0.753751 0.142249
v 0.105774 0.763575 0.146497
v 0.122487 0.751432 0.141555
v 0.133159 0.774440 0.154786
v 0.136076 0.776922 0.155432
v 0.144001 0.768885 0.136249
v 0.135180 0.760763 0.146581
v 0.128765 0.772775 0.154968
v 0.141594 0.759344 0.133455
v 0.138881 0.753600 0.136412
v 0.127455 0.744776 0.136407
v 0.127358 0.750516 0.140600
v 0.133456 0.749890 0.138476
v 0.127380 0.745475 0.135156
v 0.106513 0.691545 0.135235
v 0.108773 0.672859 0.120701
v 0.122369 0.685654 0.117950
v 0.132403 0.701663 0.118383
v 0.122671 0.708687 0.133629
v 0.109814 0.708465 0.143802
v 0.125194 0.745379 0.134049
v 0.144057 0.766716 0.130404
v 0.145418 0.773513 0.136030
v 0.144651 0.766541 0.123009
v 0.148749 0.791469 0.138723
v 0.149729 0.793487 0.134947
v 0.147612 0.789117 0.143469
v 0.144765 0.772695 0.140265
v 0.129024 0.725088 0.137504
v 0.139574 0.720364 0.122272
v 0.144884 0.740714 0.127930
v 0.125949 0.768703 0.161046
v 0.116795 0.766709 0.166114
v 0.118392 0.745757 0.156077
v 0.141266 0.759620 0.142687
v 0.130833 0.770578 0.158511
v 0.149108 0.753149 0.129517
v 0.153135 0.766760 0.131307
v 0.135621 0.775576 0.157500
v 0.157932 0.786580 0.133950
v 0.152758 0.787106 0.141270
v 0.158957 0.857327 0.102550
v 0.155998 0.844824 0.112666
v 0.154981 0.842599 0.111680
v 0.156164 0.839559 0.114891
v 0.155108 0.829107 0.114434
v 0.156620 0.830031 0.123650
v 0.182931 0.913269 0.099281
v 0.180670 0.922902 0.101838
v 0.177556 0.913728 0.117127
v 0.176250 0.896289 0.124379
v 0.180935 0.894993 0.113643
v 0.185515 0.896082 0.095807
v 0.172260 0.925930 0.100745
v 0.172165 0.931078 0.084662
v 0.172054 0.922320 0.084663
v 0.171991 0.910804 0.084670
v 0.172254 0.910970 0.100834
v 0.170800 0.914862 0.111190
v 0.141815 0.921139 0.077947
v 0.147462 0.912108 0.076655
v 0.151364 0.914212 0.070719
v 0.139822 0.928762 0.070453
v 0.136871 0.926030 0.075271
v 0.152451 0.913799 0.063140
v 0.150946 0.923951 0.064697
v 0.146382 0.933121 0.068438
v 0.141309 0.933155 0.065652
v 0.145137 0.938474 0.065442
v 0.149861 0.932518 0.064390
v 0.149552 0.932493 0.059612
v 0.147952 0.938543 0.061132
v 0.146457 0.939202 0.056913
v 0.143139 0.941341 0.059954
v 0.141723 0.937779 0.062339
v 0.145618 0.873512 0.084693
v 0.148541 0.878968 0.081385
v 0.141287 0.900791 0.083684
v 0.137772 0.912156 0.083025
v 0.126366 0.912479 0.092364
v 0.128089 0.892045 0.099431
v 0.143512 0.870260 0.087160
v 0.110257 0.910220 0.110994
v 0.110167 0.903434 0.114373
v 0.108702 0.918003 0.108339
v 0.170236 0.892468 0.104932
v 0.169967 0.891852 0.083660
v 0.167512 0.869388 0.090716
v 0.160371 0.858282 0.093766
v 0.158498 0.849793 0.130745
v 0.163289 0.874904 0.124542
v 0.167888 0.896388 0.118482
v 0.153504 0.904377 0.055749
v 0.151833 0.913316 0.056712
v 0.153571 0.906849 0.069471
v 0.152533 0.901173 0.074639
v 0.153733 0.903903 0.071849
v 0.152327 0.908049 0.072560
v 0.029042 0.951049 0.063873
v 0.034161 0.953641 0.073029
v 0.048068 0.958193 0.079817
v 0.049367 0.958563 0.073410
v 0.118550 0.937557 0.056366
v 0.115883 0.939165 0.060235
v 0.114854 0.933187 0.062444
v 0.120900 0.930411 0.057562
v 0.122725 0.935305 0.053355
v 0.117013 0.927700 0.061659
v 0.067429 0.957467 0.054936
v 0.064665 0.960126 0.066118
v 0.076590 0.961405 0.070272
v 0.086169 0.960226 0.064021
v 0.096100 0.956937 0.058895
v 0.092081 0.953329 0.054657
v 0.091326 0.948837 0.048431
v 0.082074 0.950289 0.046696
v 0.071265 0.948877 0.041406
v 0.063513 0.960526 0.074305
v 0.110691 0.915627 0.191642
v 0.108997 0.916220 0.194492
v 0.117884 0.901223 0.191458
v 0.116742 0.902895 0.188053
v 0.109472 0.915523 0.191229
v 0.080865 0.931556 0.200098
v 0.080452 0.926781 0.202056
v 0.096733 0.921220 0.199361
v 0.090699 0.928953 0.195978
v 0.080699 0.930717 0.197244
v 0.127450 0.881960 0.185272
v 0.124440 0.881259 0.183213
v 0.123860 0.880185 0.187927
v 0.103607 0.921699 0.193051
v 0.107130 0.912721 0.196433
v 0.096380 0.923075 0.194578
v 0.093036 0.925724 0.195359
v 0.089153 0.926094 0.195986
v 0.094165 0.920187 0.194831
v 0.088795 0.922066 0.195909
v 0.089523 0.918094 0.195577
v 0.100900 0.918265 0.193372
v 0.034608 0.929983 0.193386
v 0.058386 0.929425 0.200843
v 0.059833 0.934137 0.198841
v 0.060784 0.931872 0.196970
v 0.035646 0.930511 0.189372
v 0.011758 0.919321 0.177442
v 0.010995 0.922832 0.177275
v 0.011416 0.922025 0.181862
v 0.094708 0.904082 0.202485
v 0.100350 0.906341 0.200433
v 0.094799 0.912910 0.201640
v 0.079240 0.911373 0.204998
v 0.079214 0.904557 0.205380
v 0.079397 0.916841 0.204270
v 0.048065 0.861256 0.169637
v 0.033539 0.857933 0.167686
v 0.034895 0.841026 0.169862
v 0.023189 0.852287 0.168289
v 0.062823 0.819122 0.169831
v 0.069640 0.827011 0.171862
v 0.078782 0.833843 0.172482
v 0.069229 0.851376 0.175127
v 0.064833 0.866397 0.171706
v 0.042655 0.824550 0.170850
v 0.058657 0.812376 0.167241
v 0.029617 0.835055 0.170427
v -0.018589 0.838137 0.125724
v -0.028147 0.823044 0.123279
v -0.025836 0.810943 0.133340
v -0.007507 0.843958 0.136781
v -0.015757 0.846871 0.123633
v 0.002008 0.856350 0.162948
v 0.005967 0.860890 0.164348
v 0.003657 0.863978 0.159298
v 0.004048 0.864130 0.152430
v -0.002624 0.855496 0.151763
v -0.006509 0.856563 0.159076
v -0.000902 0.867434 0.164624
v 0.004300 0.863546 0.165018
v 0.000923 0.855604 0.161386
v 0.017110 0.887851 0.192962
v 0.033085 0.882596 0.200502
v 0.035957 0.900364 0.200255
v 0.036612 0.909984 0.199235
v 0.020320 0.908039 0.191964
v 0.008291 0.891969 0.186946
v 0.022195 0.972832 0.045928
v 0.008468 0.967833 0.060317
v 0.025266 0.924042 0.080181
v 0.011112 0.920712 0.080303
v 0.023605 0.925395 0.096091
v 0.005124 0.922453 0.072826
v 0.010909 0.932270 0.068562
v 0.001642 0.932955 0.071379
v -0.005736 0.926829 0.071425
v 0.006876 0.946970 0.063483
v -0.000977 0.951210 0.072339
v -0.048987 0.743660 0.107880
v -0.051476 0.745156 0.104068
v -0.052858 0.738795 0.101426
v -0.053165 0.734114 0.100817
v -0.047774 0.735362 0.111591
v -0.054294 0.727527 0.098265
v -0.052019 0.729039 0.103757
v -0.027235 0.943029 0.066527
v -0.027928 0.943173 0.085044
v -0.018442 0.959749 0.078106
v -0.006063 0.971875 0.057892
v -0.011123 0.962339 0.051566
v -0.018433 0.946835 0.042540
v -0.013832 0.937810 0.090339
v -0.014250 0.942632 0.100256
v -0.020568 0.923177 0.107430
v -0.017556 0.920200 0.091916
v -0.016806 0.900455 0.098959
v -0.013790 0.916640 0.083118
v -0.024586 0.884176 0.108881
v -0.019019 0.885337 0.101476
v -0.021191 0.924062 0.114478
v -0.025399 0.904306 0.116562
v -0.028593 0.857409 0.109229
v -0.024495 0.863637 0.105856
v -0.024579 0.870093 0.106260
v -0.029086 0.881629 0.115879
v -0.033017 0.879325 0.123692
v -0.038802 0.855565 0.123474
v -0.040669 0.788481 0.133238
v -0.038583 0.805436 0.139163
v -0.030672 0.804750 0.139606
v -0.035219 0.784754 0.132248
v -0.041050 0.782620 0.131542
v -0.039371 0.776229 0.129617
v -0.046529 0.762222 0.124237
v -0.053534 0.760037 0.122894
v -0.047703 0.780658 0.136434
v -0.067235 0.672378 0.042345
v -0.049385 0.648403 0.044911
v -0.039700 0.642430 0.070684
v -0.049230 0.651971 0.070533
v -0.060042 0.663080 0.061593
v -0.065884 0.682363 0.083436
v -0.071299 0.686281 0.066174
v -0.075533 0.693463 0.048744
v -0.034194 0.646165 0.091080
v -0.033253 0.661004 0.111339
v -0.047339 0.670420 0.104441
v -0.059141 0.684730 0.099956
v -0.047419 0.653479 0.080807
v 0.018519 0.602798 0.021932
v 0.002322 0.617409 0.036947
v 0.000393 0.620255 0.020730
v 0.012634 0.606249 0.015033
v 0.018953 0.259739 0.012432
v 0.021739 0.278437 0.016861
v 0.015357 0.277825 0.015450
v 0.017059 0.280059 0.008612
v 0.021788 0.274155 0.001641
v 0.016647 0.275815 -0.004200
v 0.015645 0.261532 -0.004755
v -0.009566 0.181358 -0.016681
v -0.013948 0.179132 -0.020667
v -0.009435 0.160093 -0.019954
v 0.004397 0.163522 -0.014224
v 0.006796 0.180205 -0.014103
v 0.000835 0.180411 -0.020285
v -0.005856 0.185733 -0.019304
v 0.010858 0.001360 -0.009841
v 0.014631 0.000202 -0.012064
v 0.018490 0.000133 -0.014306
v 0.021319 0.000187 -0.009982
v 0.017119 0.009174 -0.005810
v 0.013308 0.009304 -0.007036
v 0.020853 0.009147 -0.005272
v 0.009245 0.009306 -0.009811
v 0.024535 0.009297 -0.005477
v 0.025019 0.000141 -0.012880
v 0.031613 0.001719 -0.011209
v 0.032313 0.009606 -0.008971
v 0.029000 0.009492 -0.006879
v 0.028499 0.000174 -0.015416
v 0.038677 0.304033 -0.005085
v 0.046633 0.303358 -0.009077
v 0.042840 0.282170 -0.012174
v 0.037575 0.281737 -0.015777
v 0.036844 0.296865 -0.013524
v 0.033821 0.295587 -0.008125
v 0.033803 0.291036 -0.004556
v 0.032408 0.302786 -0.000010
v 0.014923 0.292835 -0.004886
v 0.022069 0.285347 0.004733
v 0.026233 0.287814 0.001842
v 0.026569 0.291497 -0.003372
v 0.011970 0.628965 -0.015741
v 0.016497 0.611599 -0.006592
v 0.012839 0.610273 -0.001731
v -0.008747 0.644232 -0.026247
v 0.005424 0.641408 -0.031982
v 0.010683 0.608704 0.006465
v -0.002049 0.625558 0.006077
v 0.031526 0.189657 -0.039950
v 0.027681 0.209597 -0.041433
v 0.023091 0.217936 -0.036139
v 0.030778 0.213624 -0.034287
v 0.015543 0.217006 -0.037385
v 0.017320 0.218670 -0.035489
v 0.020517 0.225969 -0.042085
v 0.015180 0.226107 -0.039634
v 0.027714 0.224150 -0.045040
v 0.037001 0.208072 -0.027495
v 0.037158 0.187380 -0.028305
v 0.023160 0.000153 -0.029768
v 0.022806 0.000381 -0.034628
v 0.027969 0.000111 -0.033782
v 0.028187 0.000096 -0.027597
v 0.024005 0.000124 -0.026065
v 0.031743 0.000059 -0.031020
v 0.006258 0.193864 -0.018714
v 0.008305 0.197403 -0.012240
v 0.011569 0.215358 -0.008375
v 0.012050 0.238118 -0.007586
v 0.008164 0.236360 -0.012556
v 0.006863 0.212926 -0.021494
v 0.008316 0.205179 -0.026808
v 0.004182 0.200394 -0.027013
v -0.000306 0.191891 -0.023128
v 0.008953 0.002266 -0.033252
v 0.009943 0.000494 -0.029492
v 0.006082 0.002033 -0.028043
v 0.006185 0.009936 -0.031455
v 0.009023 0.010063 -0.034734
v 0.004418 0.009820 -0.027738
v -0.024600 0.644259 -0.009191
v -0.042858 0.663062 -0.015055
v -0.032160 0.663647 -0.029660
v -0.016424 0.662122 -0.042378
v -0.207809 0.841140 -0.211287
v -0.211861 0.843229 -0.212172
v -0.214535 0.846825 -0.212301
v -0.210881 0.844019 -0.210943
v -0.213056 0.832131 -0.191156
v -0.210620 0.832428 -0.192220
v -0.217833 0.844240 -0.203106
v -0.219578 0.846379 -0.205751
v -0.219509 0.843662 -0.203819
v -0.214538 0.830237 -0.192730
v -0.219327 0.849685 -0.211652
v -0.218360 0.849220 -0.211046
v -0.217976 0.849208 -0.211694
v -0.217568 0.848523 -0.212516
v -0.218281 0.848173 -0.211923
v -0.218922 0.848163 -0.211404
v -0.219938 0.849517 -0.210746
v -0.219695 0.848043 -0.210317
v -0.220073 0.847934 -0.209609
v -0.219722 0.848916 -0.209232
v -0.219202 0.849100 -0.209846
v -0.220286 0.848182 -0.208706
v 0.219794 0.521772 0.207473
v 0.155256 0.899817 0.069367
v 0.156139 0.897105 0.068000
v 0.155129 0.899279 0.065637
v -0.050019 0.754839 0.121505
v -0.057982 0.730129 0.113344
v -0.052565 0.738445 0.125201
v -0.055925 0.740437 0.120822
v -0.052516 0.736139 0.114481
v -0.057086 0.725689 0.111095
v -0.045693 0.734733 0.131688
v -0.039676 0.752751 0.141494
v -0.045886 0.755851 0.135828
v -0.051307 0.757336 0.129349
v -0.052928 0.715817 0.119741
v -0.035421 0.708370 0.133552
v -0.032813 0.728000 0.141087
v -0.012617 0.719199 0.151362
v -0.011234 0.740386 0.158799
v -0.029398 0.747876 0.148966
v -0.013547 0.697438 0.143598
v 0.008094 0.689113 0.148965
v 0.009698 0.711551 0.158011
v -0.033925 0.683766 0.125753
v -0.014654 0.673744 0.133024
v 0.006448 0.665289 0.137053
v 0.028745 0.659474 0.138053
v 0.030464 0.683399 0.150981
v -0.015490 0.651451 0.116220
v 0.005122 0.642925 0.118451
v 0.027501 0.637163 0.118539
v 0.051029 0.634872 0.116293
v 0.051589 0.656711 0.136163
v 0.003714 0.625650 0.093623
v 0.026434 0.620214 0.092769
v 0.050186 0.618675 0.090259
v 0.074809 0.621475 0.086148
v 0.074701 0.636825 0.111900
v 0.026088 0.612660 0.063573
v 0.049208 0.611533 0.061438
v 0.074260 0.614395 0.057601
v 0.100529 0.623928 0.055048
v 0.098958 0.629602 0.081786
v 0.074275 0.614279 0.030531
v 0.100711 0.624206 0.029023
v 0.125371 0.641267 0.029283
v 0.123651 0.640709 0.054587
v 0.073125 0.617957 0.010212
v 0.099316 0.628302 0.005716
v 0.124463 0.645092 0.003877
v 0.141906 0.668054 0.005394
v 0.142799 0.663742 0.031212
v 0.094569 0.634435 -0.016254
v 0.118467 0.651812 -0.021715
v 0.136272 0.675908 -0.021344
v 0.146447 0.700130 -0.017869
v 0.152287 0.691481 0.009132
v 0.104884 0.660625 -0.046002
v 0.124005 0.685801 -0.045485
v 0.134206 0.713170 -0.043251
v 0.142769 0.729973 -0.035750
v 0.154007 0.719115 -0.010769
v 0.111598 0.689037 -0.059172
v 0.119385 0.711369 -0.059921
v 0.130260 0.739273 -0.054939
v 0.132217 0.741733 -0.052141
v 0.140499 0.749665 -0.042984
v 0.150535 0.743490 -0.026863
v 0.157474 0.759477 -0.018296
v 0.166052 0.754914 0.003588
v 0.160330 0.736764 -0.003875
v 0.147769 0.764517 -0.035148
v 0.163612 0.777232 -0.009782
v 0.134887 0.749926 -0.050015
v 0.138803 0.768243 -0.047511
v 0.169730 0.800465 -0.000432
v 0.176864 0.796494 0.019883
v 0.171611 0.774515 0.011566
v 0.181065 0.792596 0.042527
v 0.176383 0.771530 0.034869
v 0.171276 0.751406 0.027441
v 0.177273 0.769038 0.059018
v 0.172684 0.749002 0.051739
v 0.167435 0.729043 0.045105
v 0.165829 0.731946 0.020568
v 0.161226 0.708529 0.039270
v 0.159717 0.712343 0.014395
v 0.153410 0.686915 0.034467
v 0.158911 0.707755 0.063123
v 0.150962 0.685891 0.058696
v 0.140426 0.662955 0.056072
v 0.146299 0.688064 0.081115
v 0.135925 0.665986 0.079279
v 0.120378 0.645147 0.079655
v 0.129401 0.673408 0.100295
v 0.114706 0.656466 0.102487
v 0.095844 0.644032 0.105702
v 0.092897 0.663545 0.125932
v 0.073547 0.657514 0.132106
v 0.091444 0.684884 0.140844
v 0.073446 0.680870 0.146567
v 0.052666 0.680494 0.150094
v 0.075543 0.703333 0.157061
v 0.054700 0.703545 0.160215
v 0.032447 0.706216 0.160866
v 0.057261 0.724801 0.169014
v 0.034409 0.727808 0.169551
v 0.011241 0.733084 0.166204
v 0.036606 0.748956 0.177292
v 0.013106 0.754528 0.173848
v -0.009092 0.761997 0.166220
v 0.015405 0.776078 0.181007
v -0.006398 0.783695 0.173279
v -0.021821 0.790791 0.164160
v -0.025609 0.769347 0.156924
v -0.029700 0.795087 0.158162
v -0.034277 0.773965 0.150532
v -0.034444 0.798033 0.153952
v -0.039680 0.777166 0.145998
v -0.038562 0.800780 0.149777
v -0.044301 0.780034 0.141481
v -0.042129 0.803357 0.145314
v -0.033095 0.820891 0.156582
v -0.036636 0.823244 0.152289
v -0.039121 0.825516 0.147843
v -0.043976 0.805046 0.140090
v -0.034819 0.825276 0.145778
v -0.033649 0.845408 0.154439
v -0.030077 0.845206 0.152266
v -0.024386 0.843700 0.152729
v -0.029004 0.823703 0.145944
v -0.020151 0.841874 0.152900
v -0.021791 0.821920 0.145819
v -0.026427 0.805503 0.139724
v -0.008544 0.843196 0.147024
v -0.001077 0.855138 0.144710
v -0.000769 0.855269 0.135588
v -0.011562 0.835470 0.149438
v 0.007036 0.865096 0.137600
v 0.004195 0.868711 0.130808
v -0.005847 0.858269 0.126643
v 0.005832 0.864031 0.145315
v 0.012161 0.870896 0.146705
v 0.013231 0.872321 0.140484
v 0.010562 0.870339 0.153017
v 0.021746 0.878479 0.153284
v 0.022040 0.878532 0.147206
v 0.010250 0.869419 0.159630
v 0.022441 0.877174 0.159441
v 0.037420 0.881717 0.160187
v 0.036657 0.882478 0.153735
v 0.012585 0.866094 0.164479
v 0.024752 0.872598 0.164094
v 0.039634 0.877403 0.165083
v 0.056769 0.882973 0.167878
v 0.054598 0.887053 0.163021
v 0.028115 0.865973 0.165927
v 0.043328 0.870761 0.167348
v 0.060170 0.876247 0.169518
v 0.075394 0.880233 0.170391
v 0.073547 0.886719 0.168111
v 0.077572 0.870484 0.172219
v 0.087562 0.872230 0.167268
v 0.088224 0.881758 0.164389
v 0.079995 0.855427 0.174911
v 0.088566 0.858377 0.169479
v 0.101201 0.863171 0.160467
v 0.102234 0.874964 0.157530
v 0.087861 0.837729 0.172854
v 0.094932 0.842484 0.169189
v 0.103143 0.846776 0.161353
v 0.115984 0.850564 0.149715
v 0.117678 0.864464 0.147056
v 0.104608 0.818097 0.161385
v 0.109251 0.820849 0.156562
v 0.117496 0.825066 0.148346
v 0.130112 0.829999 0.133558
v 0.130459 0.848697 0.133071
v 0.118830 0.792991 0.144713
v 0.126548 0.797724 0.136343
v 0.136654 0.813171 0.124287
v 0.143044 0.780839 0.112378
v 0.146405 0.794961 0.110532
v 0.148884 0.814487 0.109334
v 0.142345 0.818747 0.116943
v 0.132401 0.775427 0.125403
v 0.124511 0.771745 0.135124
v 0.131375 0.764211 0.124181
v 0.142222 0.770647 0.112585
v 0.135185 0.759816 0.118139
v 0.143694 0.768612 0.111788
v 0.138961 0.756744 0.115887
v 0.143463 0.765402 0.113931
v 0.129588 0.755929 0.124050
v 0.133023 0.751243 0.118879
v 0.137648 0.748466 0.120223
v 0.141476 0.756424 0.118871
v 0.138922 0.749874 0.127021
v 0.141751 0.756958 0.125196
v 0.125919 0.753367 0.128829
v 0.126150 0.761217 0.130788
v 0.122669 0.759359 0.135161
v 0.120668 0.757167 0.138174
v 0.123508 0.751652 0.132120
v 0.119108 0.755220 0.140685
v 0.121990 0.749890 0.135165
v 0.119662 0.755069 0.142622
v 0.123630 0.749257 0.138008
v 0.118124 0.753219 0.141496
v 0.124003 0.748118 0.138732
v 0.115091 0.752635 0.140020
v 0.121715 0.747309 0.138397
v 0.107287 0.763176 0.144034
v 0.103840 0.762756 0.141958
v 0.092824 0.778879 0.149345
v 0.088004 0.777485 0.144674
v 0.091116 0.777182 0.152476
v 0.070767 0.792607 0.147991
v 0.074109 0.791733 0.157048
v 0.079697 0.793873 0.163574
v 0.096339 0.779362 0.158113
v 0.086162 0.798809 0.166934
v 0.102407 0.783427 0.161872
v 0.093374 0.805048 0.169077
v 0.108346 0.788386 0.163338
v 0.119939 0.770050 0.155239
v 0.114258 0.791514 0.164308
v 0.124670 0.771710 0.155374
v 0.130833 0.759227 0.146543
v 0.125977 0.758076 0.146565
v 0.119978 0.792973 0.164322
v 0.102322 0.811069 0.169157
v 0.111509 0.813973 0.170187
v 0.118050 0.814767 0.169905
v 0.124773 0.793494 0.163694
v 0.124227 0.815177 0.169202
v 0.129618 0.794190 0.163078
v 0.131011 0.815715 0.168441
v 0.134542 0.794717 0.162607
v 0.137791 0.781179 0.158298
v 0.134382 0.815443 0.170144
v 0.134708 0.793939 0.164722
v 0.136373 0.780384 0.159002
v 0.130766 0.814452 0.172817
v 0.130544 0.792803 0.167108
v 0.125744 0.813268 0.175939
v 0.126171 0.791575 0.169472
v 0.120710 0.812152 0.178931
v 0.121317 0.790305 0.172078
v 0.115160 0.811071 0.182010
v 0.115131 0.788930 0.175319
v 0.107157 0.809851 0.186075
v 0.106042 0.787519 0.179822
v 0.104598 0.765128 0.172348
v 0.089221 0.786573 0.185789
v 0.085936 0.764691 0.179229
v 0.082389 0.743858 0.172713
v 0.102027 0.743998 0.165534
v 0.078842 0.723750 0.165582
v 0.098244 0.724480 0.159112
v 0.114938 0.725791 0.149793
v 0.094056 0.705524 0.151377
v 0.060035 0.745508 0.176618
v 0.062956 0.766383 0.183625
v 0.039059 0.770164 0.184453
v 0.066166 0.787773 0.190184
v 0.042010 0.791564 0.190766
v 0.018340 0.797729 0.187072
v 0.045306 0.813020 0.196458
v 0.021764 0.819208 0.192280
v 0.000995 0.826897 0.184121
v -0.003068 0.805359 0.179350
v -0.012635 0.833106 0.175719
v -0.017558 0.812013 0.170422
v -0.019484 0.836511 0.170560
v -0.024863 0.815851 0.164839
v -0.023777 0.838773 0.166691
v -0.029213 0.818416 0.160840
v -0.027736 0.840958 0.162813
v -0.017476 0.859032 0.171276
v -0.021202 0.861201 0.167360
v -0.024384 0.863530 0.163059
v -0.031105 0.843192 0.158475
v -0.026449 0.865646 0.158807
v -0.016769 0.880853 0.166605
v -0.018950 0.881741 0.162105
v -0.015798 0.879273 0.160880
v -0.023329 0.864375 0.157044
v -0.010783 0.875647 0.162340
v -0.017997 0.861519 0.157850
v -0.006023 0.872264 0.163867
v -0.013037 0.859123 0.158642
v -0.012873 0.839081 0.152799
v -0.001696 0.893300 0.168590
v 0.002078 0.888642 0.170302
v 0.005840 0.883960 0.171895
v 0.016134 0.908909 0.179703
v 0.018881 0.903402 0.181144
v 0.022774 0.895471 0.182842
v 0.009956 0.878163 0.173481
v 0.026986 0.886151 0.184177
v 0.014320 0.870354 0.174634
v 0.008734 0.857252 0.167219
v 0.006635 0.850417 0.160279
v 0.023001 0.857467 0.177697
v 0.015912 0.846534 0.169870
v 0.015345 0.842529 0.158543
v 0.013993 0.845109 0.163545
v 0.006210 0.852093 0.164359
v 0.028891 0.833852 0.170548
v 0.027376 0.831806 0.155976
v 0.028165 0.834225 0.163677
v 0.016859 0.847789 0.168815
v 0.039640 0.820670 0.153963
v 0.041815 0.824295 0.161061
v 0.054084 0.807550 0.151262
v 0.057475 0.812289 0.157563
v 0.075920 0.797002 0.155565
v 0.077554 0.797391 0.161954
v 0.081391 0.802261 0.165024
v 0.097259 0.780995 0.154733
v 0.100125 0.782175 0.158476
v 0.103560 0.784499 0.159203
v 0.086383 0.807905 0.166070
v 0.111579 0.764224 0.147770
v 0.114180 0.765234 0.148083
v 0.115208 0.765888 0.146243
v 0.117608 0.768082 0.143219
v 0.107421 0.787158 0.156880
v 0.110254 0.789130 0.153959
v 0.099764 0.815490 0.165406
v 0.092664 0.812153 0.166509
v 0.120436 0.769999 0.140012
v 0.113929 0.791056 0.149972
v 0.042809 0.821041 0.167130
v 0.057552 0.807136 0.161845
v 0.048980 0.825183 0.176116
v 0.062982 0.809554 0.169895
v 0.058047 0.832694 0.179882
v 0.070589 0.815757 0.173287
v 0.070554 0.840193 0.183051
v 0.080346 0.823234 0.174495
v 0.085352 0.847303 0.185200
v 0.092125 0.829980 0.173629
v 0.098555 0.852747 0.184194
v 0.103717 0.833568 0.175649
v 0.108517 0.855541 0.182429
v 0.112442 0.835113 0.175972
v 0.115769 0.856670 0.180927
v 0.119310 0.835842 0.175045
v 0.122394 0.857573 0.179592
v 0.126184 0.836404 0.174204
v 0.128995 0.858556 0.178460
v 0.132016 0.836943 0.173600
v 0.130760 0.858326 0.180898
v 0.131556 0.836201 0.176787
v 0.125921 0.857135 0.184458
v 0.126132 0.834913 0.180539
v 0.120700 0.856001 0.187889
v 0.120879 0.833868 0.183957
v 0.115169 0.854999 0.191293
v 0.115427 0.832965 0.187238
v 0.108093 0.854002 0.194935
v 0.107951 0.831973 0.191068
v 0.096301 0.853052 0.199711
v 0.094465 0.830950 0.196464
v 0.092021 0.808730 0.191742
v 0.072718 0.831365 0.201120
v 0.069478 0.809436 0.196206
v 0.048694 0.834584 0.201255
v 0.075763 0.853382 0.204224
v 0.051968 0.856270 0.204591
v 0.029232 0.861569 0.199214
v 0.025428 0.840439 0.196443
v 0.010654 0.867944 0.190652
v 0.005574 0.847839 0.187725
v 0.000265 0.872471 0.183608
v -0.006530 0.853464 0.179863
v -0.005551 0.875277 0.178893
v -0.013119 0.856732 0.175092
v -0.009766 0.877404 0.175042
v 0.003636 0.894275 0.183145
v -0.000194 0.896429 0.179576
v -0.003214 0.898547 0.175636
v -0.013534 0.879245 0.170972
v -0.006208 0.900474 0.171377
v 0.013373 0.918206 0.184834
v -0.008418 0.901315 0.166388
v -0.005227 0.897592 0.166691
v 0.013794 0.914154 0.178458
v 0.036287 0.925197 0.189772
v 0.037376 0.919798 0.190271
v 0.061094 0.926521 0.196684
v 0.061409 0.921161 0.196503
v 0.061798 0.915622 0.196483
v 0.038489 0.913931 0.190690
v 0.062917 0.909042 0.196271
v 0.040559 0.905692 0.191287
v 0.065265 0.900486 0.195897
v 0.044042 0.895953 0.191896
v 0.070358 0.887016 0.194538
v 0.051219 0.879719 0.191830
v 0.035252 0.869534 0.185573
v 0.061131 0.859378 0.189902
v 0.046153 0.849829 0.185198
v 0.035140 0.840636 0.179709
v 0.078398 0.867509 0.191172
v 0.088179 0.891896 0.193610
v 0.093779 0.873440 0.189599
v 0.099082 0.895350 0.191745
v 0.104298 0.876589 0.187561
v 0.106383 0.898220 0.190251
v 0.111721 0.878296 0.185906
v 0.111875 0.900428 0.189051
v 0.117963 0.879686 0.184504
v 0.101082 0.909223 0.192780
v 0.105639 0.912420 0.191919
v 0.096965 0.915616 0.194057
v 0.091268 0.913481 0.194997
v 0.094646 0.906138 0.193919
v 0.084202 0.903241 0.195414
v 0.081669 0.911123 0.196282
v 0.080591 0.916175 0.196686
v 0.080175 0.921177 0.196922
v 0.080273 0.926105 0.196986
v 0.015443 0.914776 0.187371
v 0.035991 0.921147 0.196890
v 0.035161 0.925672 0.195250
v 0.058621 0.924557 0.202329
v 0.058397 0.919562 0.203367
v 0.079812 0.921821 0.203454
v 0.036490 0.916366 0.198131
v 0.058042 0.914022 0.204196
v 0.057579 0.907096 0.204865
v 0.056798 0.896158 0.205423
v 0.079006 0.893377 0.205663
v 0.096039 0.893386 0.202356
v 0.054933 0.877792 0.205593
v 0.078047 0.874840 0.205577
v 0.096817 0.874477 0.201617
v 0.106740 0.875351 0.197808
v 0.104235 0.894606 0.199316
v 0.109549 0.895950 0.196713
v 0.104443 0.909336 0.198343
v 0.112959 0.876645 0.194644
v 0.118735 0.878374 0.191290
v 0.114539 0.898150 0.193856
v 0.096102 0.916862 0.200639
v 0.017734 0.911471 0.189657
v 0.016790 0.860668 0.166830
v 0.010194 0.856063 0.167144
v 0.146722 0.841883 0.112101
v 0.147732 0.844454 0.110574
v 0.132748 0.858249 0.129783
v 0.145248 0.828431 0.114048
v 0.148082 0.848152 0.109641
v 0.134504 0.863471 0.127217
v 0.119088 0.873891 0.144825
v 0.135911 0.867400 0.124906
v 0.120150 0.880301 0.142822
v 0.102815 0.882996 0.154850
v 0.120919 0.886008 0.139868
v 0.102705 0.889938 0.151867
v 0.088030 0.888384 0.161744
v 0.101415 0.894920 0.147631
v 0.086329 0.892947 0.157771
v 0.071798 0.890117 0.163311
v 0.083627 0.894473 0.151633
v 0.070007 0.889742 0.155600
v 0.053783 0.886678 0.156025
v 0.068006 0.892384 0.148257
v 0.052361 0.888356 0.148415
v 0.036229 0.882841 0.146981
v 0.050107 0.889770 0.140330
v 0.034604 0.882433 0.141011
v 0.022046 0.878553 0.142118
v 0.031494 0.882621 0.135040
v 0.020426 0.880465 0.137219
v 0.012150 0.875849 0.134851
v 0.017117 0.885518 0.133132
v 0.009597 0.881478 0.129093
v -0.001117 0.873775 0.122954
v 0.006120 0.889655 0.118759
v -0.009242 0.879256 0.107523
v -0.013939 0.863399 0.114571
v 0.004897 0.902531 0.104015
v -0.007667 0.889490 0.098567
v 0.004802 0.912019 0.090223
v 0.000240 0.908432 0.081820
v 0.005203 0.915844 0.080880
v 0.002932 0.915288 0.076796
v 0.013207 0.915480 0.100540
v 0.012022 0.920345 0.091592
v 0.024485 0.922657 0.103032
v 0.008003 0.918908 0.077111
v 0.025255 0.917176 0.109763
v 0.039704 0.918084 0.114930
v 0.038440 0.924957 0.109833
v 0.014714 0.906528 0.112761
v 0.024913 0.907635 0.118566
v 0.040431 0.908772 0.119978
v 0.061388 0.915288 0.121490
v 0.058813 0.923134 0.117436
v 0.024649 0.895661 0.127522
v 0.041600 0.899244 0.124511
v 0.063344 0.907227 0.125338
v 0.079943 0.910950 0.126043
v 0.078184 0.919642 0.122401
v 0.044597 0.893059 0.127653
v 0.064948 0.900928 0.128354
v 0.080856 0.903963 0.128762
v 0.095374 0.905647 0.125374
v 0.094462 0.912754 0.122606
v 0.066009 0.895503 0.132824
v 0.081423 0.898111 0.132057
v 0.095759 0.900526 0.127980
v 0.110177 0.897969 0.118034
v 0.081367 0.895559 0.138010
v 0.096594 0.897319 0.132381
v 0.111384 0.894673 0.121693
v 0.127040 0.882281 0.107333
v 0.126716 0.886476 0.103285
v 0.097457 0.896408 0.137542
v 0.114045 0.893193 0.125732
v 0.129470 0.879681 0.112101
v 0.142302 0.865541 0.101392
v 0.142755 0.864600 0.093666
v 0.117595 0.892437 0.130216
v 0.132883 0.877058 0.115460
v 0.149454 0.856451 0.101724
v 0.135362 0.874700 0.118743
v 0.149522 0.855710 0.104011
v 0.136587 0.871461 0.122215
v 0.149775 0.853206 0.105504
v 0.149549 0.850664 0.107198
v 0.120286 0.889983 0.135603
v 0.099307 0.896358 0.142794
v 0.081858 0.895754 0.145009
v 0.066758 0.893889 0.139960
v 0.047886 0.889940 0.132488
v 0.027658 0.887331 0.131445
v 0.015045 0.893972 0.125433
v 0.150503 0.854636 0.090988
v 0.149417 0.853274 0.083948
v 0.142356 0.866672 0.090257
v 0.151693 0.854846 0.080075
v 0.154055 0.861112 0.077560
v 0.156760 0.873638 0.074042
v 0.092821 0.920876 0.119353
v 0.107583 0.924415 0.105721
v 0.091621 0.928168 0.116388
v 0.076094 0.927115 0.119079
v 0.090844 0.933931 0.113200
v 0.073961 0.932803 0.115999
v 0.056704 0.929062 0.113581
v 0.072232 0.936861 0.111831
v 0.055605 0.933277 0.109379
v 0.038515 0.929496 0.104467
v 0.057411 0.935098 0.103016
v 0.040353 0.930316 0.097192
v 0.057313 0.934065 0.099187
v 0.043085 0.929343 0.091881
v 0.067575 0.936321 0.100899
v 0.083846 0.937275 0.098307
v 0.081881 0.938901 0.093548
v 0.063344 0.937822 0.096392
v 0.070644 0.937785 0.106202
v 0.086559 0.938463 0.103187
v 0.100686 0.934904 0.093395
v 0.096566 0.934016 0.089395
v 0.089213 0.938150 0.108519
v 0.104414 0.934231 0.098258
v 0.117677 0.929722 0.085489
v 0.113091 0.929865 0.081188
v 0.106613 0.930135 0.102478
v 0.121045 0.925836 0.089106
v 0.130660 0.924768 0.080533
v 0.126173 0.927302 0.076832
v 0.123530 0.919746 0.091078
v 0.134274 0.919257 0.082502
v 0.131818 0.927247 0.070370
v 0.126999 0.926101 0.066361
v 0.121258 0.926600 0.073119
v 0.122181 0.924979 0.063042
v 0.116347 0.925328 0.069668
v 0.108428 0.928569 0.077055
v 0.112774 0.927422 0.066678
v 0.105537 0.929711 0.074115
v 0.093502 0.935031 0.085505
v 0.105758 0.935063 0.072890
v 0.094062 0.940070 0.082774
v 0.081461 0.943268 0.091040
v 0.094677 0.945269 0.080854
v 0.081787 0.948012 0.089438
v 0.065517 0.947873 0.095493
v 0.063850 0.942264 0.095984
v 0.050534 0.945130 0.092140
v 0.052497 0.941045 0.092835
v 0.055557 0.936908 0.093928
v 0.054734 0.939067 0.093640
v 0.044440 0.932676 0.089252
v 0.045660 0.931130 0.089856
v 0.042417 0.935238 0.088251
v 0.038527 0.938833 0.085707
v 0.029583 0.927754 0.078759
v 0.026114 0.937180 0.073211
v 0.020658 0.933959 0.066083
v 0.020725 0.929406 0.067610
v 0.025675 0.942547 0.071542
v 0.020566 0.938527 0.064116
v 0.025702 0.946542 0.069139
v 0.021144 0.942725 0.062274
v 0.020935 0.945091 0.058656
v 0.033636 0.951946 0.077363
v 0.034328 0.948392 0.080716
v 0.047501 0.953979 0.089275
v 0.047336 0.956858 0.085593
v 0.036006 0.943928 0.083210
v 0.048696 0.949566 0.091135
v 0.065355 0.952845 0.094359
v 0.064630 0.957173 0.091483
v 0.080937 0.957608 0.085812
v 0.079469 0.960814 0.081809
v 0.063821 0.959503 0.087470
v 0.081709 0.952810 0.087994
v 0.094643 0.950546 0.078973
v 0.094051 0.955564 0.076963
v 0.104643 0.952187 0.067022
v 0.102995 0.956825 0.065306
v 0.092404 0.959667 0.073899
v 0.105820 0.947152 0.068914
v 0.112664 0.945345 0.061860
v 0.111129 0.949768 0.059224
v 0.106205 0.941589 0.071091
v 0.112964 0.940101 0.064170
v 0.116214 0.943794 0.056935
v 0.112181 0.933454 0.066011
v 0.119051 0.942023 0.052573
v 0.118548 0.946631 0.049823
v 0.115224 0.948069 0.053904
v 0.117555 0.951170 0.047509
v 0.113971 0.952777 0.051739
v 0.109685 0.954499 0.057444
v 0.112320 0.957478 0.049983
v 0.107451 0.958801 0.055840
v 0.099940 0.959078 0.062337
v 0.103732 0.957247 0.053224
v 0.089565 0.961025 0.069297
v 0.077766 0.961677 0.076252
v 0.063245 0.960436 0.081119
v 0.109131 0.957884 0.047558
v 0.106941 0.953978 0.045807
v 0.100981 0.952973 0.051063
v 0.099295 0.948819 0.047588
v 0.100028 0.942131 0.039803
v 0.092409 0.941343 0.038242
v 0.104439 0.933965 0.028180
v 0.097998 0.933308 0.027805
v 0.111212 0.954536 0.040951
v 0.113561 0.958243 0.042771
v 0.116192 0.955992 0.045309
v 0.114474 0.949804 0.033704
v 0.125735 0.928923 0.058168
v 0.130283 0.928658 0.060881
v 0.132678 0.933035 0.055903
v 0.127816 0.933709 0.053396
v 0.134956 0.928923 0.065030
v 0.136918 0.932957 0.060378
v 0.138234 0.938114 0.057316
v 0.140194 0.942160 0.055334
v 0.143322 0.940093 0.052093
v 0.143861 0.933988 0.049953
v 0.139270 0.935275 0.044455
v 0.147231 0.933117 0.055036
v 0.147950 0.925042 0.052811
v 0.144209 0.925478 0.047011
v 0.150464 0.924346 0.058251
v 0.149261 0.911968 0.049704
v 0.144695 0.910595 0.041907
v 0.151605 0.903566 0.048687
v 0.144494 0.903503 0.038275
v 0.139712 0.898775 0.031774
v 0.139115 0.914397 0.036550
v 0.139349 0.927638 0.041538
v 0.133306 0.917746 0.031967
v 0.133653 0.930251 0.036148
v 0.133874 0.937794 0.039117
v 0.127259 0.934296 0.031797
v 0.128748 0.941884 0.034818
v 0.121240 0.941356 0.029358
v 0.124086 0.946520 0.031893
v 0.118615 0.945507 0.028902
v 0.119783 0.949741 0.030918
v 0.117462 0.947131 0.029204
v 0.125816 0.919887 0.027479
v 0.116338 0.922133 0.022447
v 0.128162 0.901608 0.023233
v 0.122819 0.902656 0.018401
v 0.130076 0.890373 0.019978
v 0.127536 0.891968 0.016234
v 0.134368 0.900623 0.027579
v 0.138146 0.889925 0.024697
v 0.138350 0.886058 0.020038
v 0.133465 0.886817 0.018550
v 0.143076 0.893389 0.030922
v 0.139911 0.693449 0.101105
v 0.147482 0.714355 0.104976
v 0.154102 0.709796 0.085273
v 0.159548 0.730217 0.090846
v 0.152666 0.734207 0.110503
v 0.164788 0.728547 0.068796
v 0.169824 0.748100 0.075449
v 0.163908 0.748524 0.097478
v 0.167300 0.766518 0.104611
v 0.159869 0.766193 0.120149
v 0.156413 0.750007 0.115521
v 0.174053 0.767391 0.082913
v 0.177488 0.787494 0.090808
v 0.169846 0.786639 0.112556
v 0.181530 0.789473 0.066551
v 0.184597 0.810344 0.073918
v 0.180055 0.808220 0.098294
v 0.184768 0.813984 0.049935
v 0.187073 0.835252 0.056824
v 0.186659 0.831409 0.080676
v 0.180913 0.818870 0.027633
v 0.183319 0.840598 0.034541
v 0.184297 0.861680 0.040660
v 0.188205 0.856373 0.063023
v 0.173927 0.824552 0.007807
v 0.176067 0.846947 0.014808
v 0.176779 0.868181 0.020994
v 0.176070 0.887915 0.026569
v 0.183984 0.882103 0.046424
v 0.166419 0.853633 -0.001940
v 0.167065 0.875190 0.005466
v 0.167024 0.893481 0.012685
v 0.168474 0.908525 0.022485
v 0.175136 0.905426 0.033770
v 0.154370 0.884203 -0.007584
v 0.157713 0.898887 0.001959
v 0.162202 0.911188 0.013944
v 0.157138 0.911983 0.007657
v 0.160637 0.927861 0.021788
v 0.165077 0.925198 0.027016
v 0.165143 0.939967 0.038490
v 0.168310 0.935363 0.040780
v 0.171068 0.945621 0.059513
v 0.173263 0.940411 0.059503
v 0.175352 0.946373 0.083872
v 0.177337 0.940737 0.083072
v 0.179141 0.934880 0.082158
v 0.176644 0.935346 0.106383
v 0.178523 0.930056 0.104298
v 0.181192 0.927254 0.080809
v 0.183562 0.916696 0.078557
v 0.186299 0.898717 0.074195
v 0.182380 0.901739 0.052279
v 0.188017 0.877516 0.068729
v 0.187334 0.874394 0.091626
v 0.187633 0.852733 0.086589
v 0.181988 0.873305 0.112693
v 0.182279 0.851098 0.109440
v 0.181685 0.829330 0.104564
v 0.174824 0.851199 0.125970
v 0.173506 0.829063 0.123157
v 0.171961 0.807698 0.118737
v 0.167757 0.829397 0.133310
v 0.165636 0.807913 0.130284
v 0.163019 0.786359 0.125745
v 0.161242 0.808293 0.137299
v 0.163552 0.829802 0.139684
v 0.159456 0.830193 0.145257
v 0.157043 0.808729 0.143277
v 0.154819 0.830547 0.150699
v 0.152561 0.809222 0.148662
v 0.149710 0.787368 0.144839
v 0.151423 0.831023 0.151069
v 0.149330 0.810475 0.148874
v 0.152750 0.831263 0.145474
v 0.150634 0.812121 0.144035
v 0.154298 0.831338 0.139276
v 0.152122 0.813799 0.138664
v 0.155728 0.831081 0.133115
v 0.153520 0.815574 0.133372
v 0.150628 0.795398 0.131165
v 0.154799 0.817677 0.126212
v 0.151615 0.797956 0.126057
v 0.154676 0.820176 0.113971
v 0.152286 0.799623 0.120395
v 0.149434 0.784292 0.114993
v 0.152839 0.801605 0.116817
v 0.149758 0.785778 0.113727
v 0.153555 0.804661 0.113658
v 0.151089 0.792736 0.113925
v 0.154184 0.817019 0.109921
v 0.157168 0.851878 0.137967
v 0.160917 0.877199 0.133848
v 0.155592 0.852635 0.144428
v 0.158746 0.878025 0.140553
v 0.163142 0.901899 0.133514
v 0.165332 0.899561 0.127075
v 0.153847 0.853235 0.150667
v 0.156483 0.879107 0.147247
v 0.160955 0.904314 0.139971
v 0.166053 0.926910 0.127896
v 0.167843 0.922618 0.122631
v 0.158413 0.879274 0.149691
v 0.161784 0.905282 0.143178
v 0.166649 0.928555 0.130782
v 0.172141 0.944736 0.110389
v 0.170646 0.942526 0.108796
v 0.165513 0.903080 0.139890
v 0.169607 0.925346 0.128154
v 0.174429 0.940552 0.108550
v 0.172588 0.921468 0.124663
v 0.173228 0.951038 0.084672
v 0.171519 0.948791 0.084825
v 0.168659 0.950366 0.059935
v 0.166815 0.948813 0.060763
v 0.166931 0.942967 0.061574
v 0.171770 0.942954 0.084720
v 0.161936 0.944018 0.036459
v 0.159061 0.942209 0.037799
v 0.159400 0.936522 0.040295
v 0.159707 0.931712 0.042191
v 0.167312 0.937467 0.062561
v 0.153825 0.925369 0.020469
v 0.153327 0.918069 0.024647
v 0.153258 0.914632 0.026758
v 0.155171 0.916672 0.033551
v 0.160263 0.926431 0.044417
v 0.149163 0.905937 0.011324
v 0.147583 0.903939 0.012226
v 0.157210 0.929294 0.018140
v 0.150070 0.906363 0.009625
v 0.153434 0.900601 -0.001943
v 0.151106 0.897397 0.004198
v 0.152260 0.881008 -0.007207
v 0.151536 0.880705 -0.001813
v 0.160462 0.918676 0.046547
v 0.167966 0.922565 0.064935
v 0.167679 0.931742 0.063676
v 0.171973 0.937184 0.084660
v 0.171791 0.931370 0.103516
v 0.171261 0.936732 0.106083
v 0.169327 0.918800 0.117522
v 0.168100 0.912172 0.066010
v 0.158682 0.906461 0.047690
v 0.159055 0.902316 0.050643
v 0.166722 0.897936 0.069219
v 0.169228 0.900686 0.135490
v 0.172752 0.898344 0.130595
v 0.175132 0.917702 0.121113
v 0.166862 0.876447 0.140162
v 0.170830 0.875238 0.134474
v 0.175552 0.874081 0.126729
v 0.169406 0.851678 0.134955
v 0.165320 0.852126 0.140847
v 0.162727 0.877802 0.145273
v 0.161200 0.852662 0.146277
v 0.156514 0.853206 0.151370
v 0.154566 0.859839 -0.015559
v 0.164296 0.829486 -0.009508
v 0.148306 0.827041 -0.030781
v 0.083191 0.641650 -0.037641
v 0.070908 0.623082 -0.006984
v 0.063730 0.627984 -0.021643
v 0.054751 0.631406 -0.030150
v 0.070298 0.646597 -0.049311
v 0.054772 0.649758 -0.054641
v 0.068928 0.665794 -0.067361
v 0.089311 0.666958 -0.064152
v 0.094577 0.680305 -0.069476
v 0.082882 0.705063 -0.080038
v 0.093955 0.696162 -0.074975
v 0.102129 0.683221 -0.067364
v 0.101211 0.691846 -0.071323
v 0.105194 0.691667 -0.066780
v 0.106069 0.716393 -0.073666
v 0.111804 0.712361 -0.070887
v 0.110786 0.744637 -0.071300
v 0.116485 0.741192 -0.068650
v 0.098571 0.721726 -0.076982
v 0.102837 0.748694 -0.074475
v 0.106087 0.777083 -0.068063
v 0.113950 0.774014 -0.065187
v 0.083689 0.729110 -0.082050
v 0.087309 0.755144 -0.079090
v 0.090442 0.782265 -0.072334
v 0.093385 0.808603 -0.064233
v 0.109755 0.804576 -0.059672
v 0.062692 0.763298 -0.082201
v 0.065936 0.788709 -0.075499
v 0.068979 0.813622 -0.067783
v 0.071922 0.837580 -0.059970
v 0.096194 0.833442 -0.056054
v 0.038493 0.794338 -0.073793
v 0.041740 0.818008 -0.066310
v 0.044915 0.841238 -0.059021
v 0.048284 0.864069 -0.051643
v 0.074892 0.860781 -0.052135
v 0.014008 0.821329 -0.058839
v 0.017517 0.844036 -0.051850
v 0.021333 0.866532 -0.044706
v 0.025450 0.888708 -0.037238
v 0.052004 0.886649 -0.043861
v -0.008410 0.845691 -0.038453
v -0.004218 0.867891 -0.031483
v 0.000325 0.889580 -0.023985
v 0.005276 0.910471 -0.015646
v 0.030001 0.909908 -0.028377
v -0.026617 0.867856 -0.012649
v -0.021647 0.889259 -0.005267
v -0.016239 0.910012 0.002689
v -0.010333 0.930171 0.011321
v 0.010684 0.930648 -0.006402
v -0.038307 0.887668 0.018187
v -0.032451 0.908395 0.025643
v -0.025844 0.928230 0.033648
v -0.003493 0.949320 0.021067
v -0.042085 0.906212 0.051601
v -0.034831 0.925589 0.058986
v -0.044929 0.904404 0.077514
v -0.036591 0.924434 0.083086
v -0.043114 0.903459 0.096365
v -0.034661 0.924781 0.098126
v -0.025872 0.945030 0.095222
v -0.015129 0.964640 0.083506
v -0.032083 0.925245 0.107294
v -0.023345 0.947106 0.101496
v -0.012647 0.967866 0.087028
v -0.010169 0.970639 0.090770
v 0.002326 0.984839 0.068197
v -0.000101 0.981577 0.065394
v -0.002690 0.977687 0.062273
v -0.020617 0.949281 0.106426
v -0.017387 0.951212 0.111743
v -0.007241 0.973529 0.095005
v -0.029583 0.925723 0.113826
v -0.026756 0.926380 0.119823
v -0.038103 0.902709 0.114618
v -0.035287 0.902541 0.121321
v -0.032072 0.902569 0.127073
v -0.023699 0.926849 0.124892
v -0.013736 0.951389 0.114679
v -0.013604 0.948761 0.111003
v -0.003362 0.970909 0.094201
v -0.003210 0.974352 0.097642
v -0.021541 0.925596 0.121293
v -0.027871 0.902816 0.124171
v -0.013935 0.945798 0.105546
v -0.004263 0.962602 0.085896
v -0.003762 0.967057 0.090093
v 0.007697 0.977275 0.066084
v 0.008003 0.981900 0.068768
v 0.008810 0.986418 0.071715
v 0.021985 0.986577 0.049346
v 0.022873 0.990780 0.051337
v 0.022836 0.992147 0.051968
v 0.008190 0.990778 0.073659
v 0.020115 0.990909 0.049524
v 0.005130 0.988128 0.071145
v 0.017385 0.988601 0.046846
v 0.034607 0.994262 0.038629
v 0.033224 0.991757 0.034577
v 0.031893 0.988655 0.030929
v 0.014718 0.985557 0.044299
v 0.030327 0.984994 0.027411
v 0.011978 0.981891 0.041700
v 0.027689 0.979199 0.022477
v 0.008809 0.976616 0.038009
v 0.023019 0.967608 0.014319
v 0.003617 0.966062 0.031071
v 0.016631 0.950100 0.003705
v 0.045106 0.967709 0.004048
v 0.039688 0.949603 -0.007702
v 0.034707 0.930165 -0.018459
v 0.063639 0.947788 -0.011978
v 0.059967 0.928734 -0.023899
v 0.056020 0.908349 -0.034544
v 0.084140 0.926400 -0.022941
v 0.081254 0.905758 -0.034237
v 0.078008 0.883588 -0.043779
v 0.102886 0.902829 -0.029383
v 0.101028 0.880247 -0.039233
v 0.098767 0.857071 -0.047862
v 0.115628 0.877638 -0.033943
v 0.114409 0.854094 -0.042717
v 0.112519 0.830037 -0.051075
v 0.122763 0.852214 -0.039153
v 0.120780 0.827994 -0.047809
v 0.117541 0.802070 -0.056823
v 0.127059 0.826234 -0.044907
v 0.124095 0.799683 -0.054086
v 0.120418 0.771073 -0.062281
v 0.129047 0.850562 -0.035967
v 0.129696 0.874615 -0.027129
v 0.123616 0.876008 -0.030283
v 0.123899 0.899526 -0.020357
v 0.129704 0.898637 -0.017182
v 0.116370 0.900754 -0.024115
v 0.115642 0.922105 -0.013840
v 0.122572 0.920849 -0.010356
v 0.104002 0.924085 -0.018666
v 0.103046 0.944122 -0.006807
v 0.112865 0.942942 -0.002643
v 0.086131 0.945382 -0.010301
v 0.106858 0.961830 0.007970
v 0.112031 0.961903 0.011306
v 0.118981 0.942130 0.000666
v 0.116753 0.961940 0.014678
v 0.124220 0.941488 0.003753
v 0.128134 0.919686 -0.007201
v 0.129256 0.940944 0.007029
v 0.133193 0.918298 -0.004084
v 0.134715 0.897936 -0.013828
v 0.137919 0.916268 -0.000671
v 0.138955 0.897611 -0.009972
v 0.140377 0.897498 -0.006496
v 0.136028 0.907511 0.006720
v 0.126935 0.935310 0.015986
v 0.121210 0.932992 0.017491
v 0.126492 0.901519 0.010344
v 0.138845 0.911488 0.003320
v 0.132044 0.937450 0.014569
v 0.121531 0.957864 0.022880
v 0.117356 0.955209 0.022402
v 0.133696 0.940282 0.010721
v 0.124595 0.961455 0.021009
v 0.106725 0.978697 0.028623
v 0.104309 0.975706 0.025543
v 0.121232 0.961857 0.018177
v 0.106293 0.980715 0.027479
v 0.103259 0.980102 0.023271
v 0.081273 0.993529 0.028853
v 0.083301 0.994696 0.032907
v 0.083442 0.992120 0.032464
v 0.082396 0.987493 0.028670
v 0.057125 0.999477 0.037028
v 0.058001 0.996012 0.036736
v 0.058519 0.990829 0.033493
v 0.059329 0.985402 0.031386
v 0.080375 0.981351 0.024706
v 0.037007 0.993152 0.041803
v 0.037474 0.988739 0.039161
v 0.038118 0.984245 0.037747
v 0.038856 0.979597 0.036804
v 0.059384 0.979133 0.029944
v 0.022029 0.982372 0.048024
v 0.022188 0.978106 0.046921
v 0.039337 0.972761 0.036283
v 0.007756 0.973584 0.063918
v -0.004158 0.957075 0.080519
v 0.058546 0.970885 0.029599
v 0.076353 0.957457 0.024171
v 0.075426 0.966041 0.020351
v 0.077454 0.974305 0.021013
v 0.097450 0.966306 0.018684
v 0.100495 0.972076 0.021730
v 0.111882 0.950081 0.022559
v 0.078191 0.942780 0.024320
v 0.080312 0.937747 0.022114
v 0.092999 0.939802 0.022330
v 0.101122 0.940166 0.023346
v 0.036037 0.995422 0.042428
v 0.055568 0.997526 0.033007
v 0.079046 0.991387 0.024910
v 0.054132 0.994802 0.028499
v 0.076786 0.988610 0.020994
v 0.053075 0.991310 0.024266
v 0.051732 0.987100 0.019838
v 0.049407 0.980440 0.013743
v 0.099627 0.978919 0.019502
v 0.095884 0.977523 0.016041
v 0.114266 0.933846 0.020208
v 0.121238 0.913642 0.015391
v -0.039180 0.879061 0.125703
v -0.042550 0.879342 0.119451
v -0.049477 0.855205 0.116310
v -0.046072 0.854835 0.122947
v -0.056903 0.829803 0.111552
v -0.053754 0.828563 0.118035
v -0.049279 0.827854 0.122829
v -0.060211 0.804469 0.111444
v -0.057296 0.803149 0.116440
v -0.052152 0.802168 0.117649
v -0.042440 0.828895 0.118785
v -0.048012 0.802361 0.114924
v -0.038954 0.828694 0.115244
v -0.060123 0.781048 0.114466
v -0.054568 0.784197 0.113767
v -0.064221 0.754566 0.109442
v -0.061261 0.754958 0.109832
v -0.057961 0.754620 0.106567
v -0.052915 0.780797 0.109821
v -0.064198 0.728257 0.101286
v -0.061572 0.728792 0.096220
v -0.065862 0.708315 0.095105
v -0.064461 0.709231 0.092474
v -0.066261 0.702254 0.093785
v -0.065325 0.700903 0.091402
v -0.067516 0.705047 0.097091
v -0.067344 0.701297 0.095720
v -0.065856 0.727711 0.104252
v -0.066593 0.754898 0.105576
v -0.068669 0.728103 0.102621
v -0.068296 0.704600 0.098759
v -0.070688 0.728941 0.097672
v -0.068509 0.704476 0.098475
v -0.072375 0.729804 0.093121
v -0.069982 0.703605 0.094070
v -0.073827 0.730905 0.088907
v -0.070523 0.702245 0.091253
v -0.075103 0.708024 0.077204
v -0.076665 0.733754 0.079387
v -0.080277 0.738284 0.062214
v -0.079604 0.714971 0.057267
v -0.080790 0.745048 0.036359
v -0.080363 0.722443 0.031040
v -0.076330 0.700340 0.025683
v -0.075009 0.728366 0.004035
v -0.071700 0.705541 0.000846
v -0.063859 0.682091 -0.000268
v -0.067765 0.677084 0.021359
v -0.048739 0.658974 0.001936
v -0.050201 0.652875 0.020243
v -0.026062 0.639462 0.004720
v -0.025078 0.633921 0.020487
v -0.022524 0.628682 0.039341
v 0.003111 0.617517 0.063478
v -0.019776 0.627407 0.065696
v -0.017124 0.634988 0.093287
v -0.054579 0.685417 -0.021279
v -0.060953 0.708654 -0.023519
v -0.044550 0.709270 -0.045129
v -0.040463 0.685623 -0.040430
v -0.023793 0.707661 -0.062112
v -0.021792 0.684121 -0.055124
v -0.000380 0.703241 -0.074328
v -0.001258 0.680677 -0.065330
v 0.000760 0.659450 -0.050718
v 0.020703 0.676087 -0.071000
v 0.018620 0.656387 -0.055454
v 0.018521 0.639194 -0.035214
v 0.036735 0.653150 -0.056734
v 0.031264 0.636857 -0.036133
v 0.029446 0.627284 -0.019298
v 0.020559 0.628280 -0.018399
v 0.027715 0.611302 -0.011396
v 0.021603 0.611686 -0.009895
v 0.026288 0.588697 -0.013164
v 0.020171 0.588719 -0.011206
v 0.014996 0.588293 -0.007408
v 0.018747 0.565603 -0.013513
v 0.013719 0.565215 -0.009341
v 0.010908 0.564421 -0.003461
v 0.011795 0.587351 -0.001661
v 0.011202 0.563313 0.003197
v 0.011162 0.585909 0.005439
v 0.014572 0.562105 0.009234
v 0.014118 0.584161 0.012434
v 0.020575 0.561052 0.013266
v 0.020302 0.582426 0.017499
v 0.028104 0.560417 0.014394
v 0.029389 0.581309 0.019148
v 0.035263 0.560502 0.011933
v 0.038059 0.581416 0.015752
v 0.040275 0.561200 0.006779
v 0.042849 0.582587 0.009638
v 0.042141 0.562276 0.000210
v 0.044234 0.584260 0.002497
v 0.046394 0.602619 0.003753
v 0.053314 0.616025 0.002047
v 0.042431 0.585949 -0.004219
v 0.043952 0.605732 -0.003044
v 0.050732 0.620202 -0.007627
v 0.039403 0.608590 -0.008015
v 0.045045 0.623327 -0.014351
v 0.033845 0.610417 -0.010790
v 0.037805 0.625573 -0.018098
v 0.043559 0.634189 -0.034413
v 0.038325 0.587335 -0.009451
v 0.032658 0.588204 -0.012368
v 0.037027 0.564397 -0.011519
v 0.031424 0.565145 -0.014698
v 0.024977 0.565565 -0.015359
v 0.030305 0.542590 -0.017319
v 0.023884 0.542956 -0.017993
v 0.017748 0.542950 -0.015967
v 0.022887 0.520390 -0.020453
v 0.016844 0.520365 -0.018389
v 0.012131 0.520030 -0.014120
v 0.012873 0.542585 -0.011682
v 0.009695 0.519430 -0.008218
v 0.010250 0.541889 -0.005771
v 0.010487 0.518692 -0.001909
v 0.011005 0.540988 0.000567
v 0.014117 0.517972 0.003389
v 0.014549 0.540078 0.006080
v 0.019725 0.517436 0.006457
v 0.020316 0.539360 0.009441
v 0.026124 0.517115 0.007222
v 0.027054 0.538930 0.010318
v 0.032327 0.517091 0.005355
v 0.033573 0.538909 0.008333
v 0.036980 0.517402 0.000885
v 0.038434 0.539346 0.003689
v 0.039157 0.517988 -0.005091
v 0.040551 0.540115 -0.002469
v 0.038332 0.518734 -0.011350
v 0.039564 0.541034 -0.008817
v 0.040942 0.563405 -0.006323
v 0.035829 0.541909 -0.014054
v 0.034677 0.519481 -0.016517
v 0.029200 0.520069 -0.019698
v 0.033707 0.497076 -0.018658
v 0.028323 0.497540 -0.021887
v 0.022110 0.497787 -0.022680
v 0.027751 0.475057 -0.023895
v 0.021518 0.475230 -0.024553
v 0.015647 0.475156 -0.022367
v 0.016185 0.497740 -0.020553
v 0.011162 0.474879 -0.017955
v 0.011641 0.497441 -0.016208
v 0.008898 0.474460 -0.012071
v 0.009345 0.496941 -0.010356
v 0.009810 0.473974 -0.005920
v 0.009990 0.496344 -0.004129
v 0.013271 0.473508 -0.000705
v 0.013757 0.495786 0.000946
v 0.018742 0.473154 0.002516
v 0.019168 0.495355 0.004234
v 0.025073 0.472972 0.003143
v 0.025477 0.495114 0.004956
v 0.031112 0.472984 0.001127
v 0.031524 0.495121 0.002910
v 0.035575 0.473225 -0.003362
v 0.036136 0.495377 -0.001427
v 0.037757 0.473652 -0.009293
v 0.038337 0.495860 -0.007347
v 0.036753 0.474177 -0.015484
v 0.037227 0.496478 -0.013510
v 0.033197 0.474680 -0.020660
v 0.036473 0.451823 -0.017292
v 0.032771 0.452258 -0.022484
v 0.027396 0.452594 -0.025954
v 0.032536 0.429807 -0.024049
v 0.027018 0.430057 -0.027402
v 0.020646 0.430147 -0.028002
v 0.021063 0.452718 -0.026496
v 0.014734 0.430069 -0.025515
v 0.015110 0.452629 -0.024149
v 0.010321 0.429863 -0.020880
v 0.010678 0.452380 -0.019574
v 0.008150 0.429565 -0.014854
v 0.008480 0.452012 -0.013596
v 0.008943 0.429220 -0.008521
v 0.009229 0.451593 -0.007308
v 0.012567 0.428895 -0.003246
v 0.012925 0.451211 -0.002130
v 0.018087 0.428655 -0.000031
v 0.018403 0.450919 0.001185
v 0.024489 0.428540 0.000497
v 0.024784 0.450768 0.001758
v 0.030574 0.428576 -0.001625
v 0.030746 0.450791 -0.000492
v 0.034989 0.428778 -0.006297
v 0.035301 0.450996 -0.004963
v 0.037000 0.429097 -0.012434
v 0.037351 0.451364 -0.010994
v 0.036215 0.429467 -0.018804
v 0.037008 0.406810 -0.013595
v 0.035973 0.407098 -0.019968
v 0.032351 0.407342 -0.025323
v 0.036087 0.384692 -0.021044
v 0.032248 0.384897 -0.026342
v 0.026586 0.385029 -0.029535
v 0.026810 0.407522 -0.028674
v 0.020130 0.385071 -0.029993
v 0.020380 0.407587 -0.029120
v 0.014126 0.385006 -0.027535
v 0.014464 0.407530 -0.026566
v 0.009605 0.384878 -0.022810
v 0.009936 0.407370 -0.021970
v 0.007403 0.384685 -0.016679
v 0.007726 0.407123 -0.015879
v 0.008344 0.384432 -0.010276
v 0.008568 0.406823 -0.009504
v 0.012278 0.384205 -0.005126
v 0.012328 0.406544 -0.004236
v 0.017880 0.384039 -0.001868
v 0.017970 0.406344 -0.001079
v 0.024305 0.383981 -0.001358
v 0.024384 0.406266 -0.000437
v 0.030421 0.384040 -0.003652
v 0.030426 0.406337 -0.002773
v 0.034915 0.384210 -0.008451
v 0.034827 0.406539 -0.007507
v 0.037030 0.384443 -0.014571
v 0.034802 0.361889 -0.009184
v 0.037095 0.362086 -0.015354
v 0.036137 0.362300 -0.021841
v 0.037247 0.339705 -0.015632
v 0.036325 0.339887 -0.022285
v 0.032381 0.340041 -0.027811
v 0.032301 0.362456 -0.027227
v 0.026416 0.340136 -0.031060
v 0.026488 0.362553 -0.030458
v 0.019669 0.340152 -0.031401
v 0.019866 0.362567 -0.030888
v 0.013486 0.340088 -0.028777
v 0.013770 0.362502 -0.028325
v 0.009156 0.339955 -0.023700
v 0.009303 0.362372 -0.023427
v 0.007000 0.339774 -0.017483
v 0.007142 0.362200 -0.017258
v 0.008311 0.339578 -0.011101
v 0.008233 0.362011 -0.010835
v 0.012360 0.339413 -0.005980
v 0.012165 0.361846 -0.005596
v 0.018041 0.339314 -0.002701
v 0.017822 0.361730 -0.002362
v 0.024310 0.339301 -0.002186
v 0.024278 0.361696 -0.001866
v 0.030069 0.339382 -0.004901
v 0.030273 0.361758 -0.004415
v 0.034679 0.339523 -0.009474
v 0.029572 0.315459 -0.004745
v 0.034360 0.316550 -0.008848
v 0.037212 0.317181 -0.015200
v 0.036944 0.297802 -0.022495
v 0.036651 0.317612 -0.022425
v 0.032200 0.298130 -0.028902
v 0.032435 0.317985 -0.028266
v 0.025545 0.298243 -0.032265
v 0.026213 0.318222 -0.031643
v 0.018374 0.298136 -0.032154
v 0.019276 0.318288 -0.031706
v 0.012222 0.297809 -0.028816
v 0.012983 0.318196 -0.029005
v 0.008214 0.297285 -0.023175
v 0.008673 0.317944 -0.023717
v 0.006770 0.296589 -0.016473
v 0.006914 0.317585 -0.017233
v 0.009260 0.295498 -0.009948
v 0.008727 0.317166 -0.010909
v 0.013068 0.316502 -0.005923
v 0.019109 0.314938 -0.002777
v 0.024527 0.314672 -0.002682
v 0.029810 0.293826 -0.004889
v 0.030155 0.289386 -0.001076
v 0.027345 0.301414 0.004142
v 0.021922 0.300163 0.008527
v 0.020696 0.324043 0.015802
v 0.026540 0.324289 0.010918
v 0.016684 0.298942 0.013033
v 0.015278 0.323699 0.020770
v 0.016223 0.349117 0.029179
v 0.021977 0.349968 0.024018
v 0.010930 0.297846 0.019089
v 0.010154 0.323851 0.025921
v 0.014491 0.347716 0.034752
v 0.017790 0.370842 0.043036
v 0.018702 0.372528 0.037801
v 0.017677 0.323019 0.027831
v 0.021424 0.346752 0.035593
v 0.024906 0.369575 0.043240
v 0.030198 0.392478 0.052151
v 0.023277 0.394640 0.051946
v 0.029241 0.345794 0.035721
v 0.032773 0.368256 0.043151
v 0.037938 0.390337 0.051757
v 0.045075 0.411684 0.061224
v 0.037539 0.414320 0.061921
v 0.041402 0.366897 0.042343
v 0.046428 0.388295 0.050633
v 0.053370 0.409112 0.059773
v 0.061722 0.429454 0.068559
v 0.053751 0.432448 0.070486
v 0.058635 0.385862 0.047559
v 0.065046 0.406190 0.056312
v 0.072983 0.425884 0.064998
v 0.082289 0.444067 0.074738
v 0.072084 0.447833 0.078626
v 0.082459 0.403058 0.048365
v 0.089674 0.422207 0.057233
v 0.097690 0.440213 0.067095
v 0.106628 0.457182 0.077900
v 0.093154 0.460583 0.085505
v 0.103402 0.420720 0.048310
v 0.111063 0.438910 0.058183
v 0.118931 0.456110 0.069067
v 0.127394 0.472319 0.080794
v 0.116612 0.473178 0.089220
v 0.118884 0.439218 0.051505
v 0.126577 0.456551 0.062389
v 0.134741 0.472643 0.074375
v 0.144639 0.485550 0.088556
v 0.137736 0.485337 0.094491
v 0.132056 0.457612 0.056725
v 0.140313 0.473778 0.068694
v 0.150246 0.486580 0.083277
v 0.161744 0.495818 0.099724
v 0.155859 0.494883 0.104629
v 0.145853 0.475338 0.062604
v 0.155591 0.488235 0.077907
v 0.167150 0.497505 0.094771
v 0.178902 0.503635 0.113506
v 0.173169 0.501873 0.117851
v 0.159801 0.490528 0.073035
v 0.171612 0.500113 0.090154
v 0.183921 0.506583 0.109594
v 0.194507 0.511032 0.129700
v 0.189459 0.508089 0.133245
v 0.168101 0.505023 0.090117
v 0.181636 0.511878 0.109350
v 0.193230 0.515006 0.129467
v 0.203485 0.516915 0.150027
v 0.204242 0.514821 0.150047
v 0.175395 0.515179 0.111838
v 0.187671 0.518829 0.131728
v 0.199119 0.520577 0.151849
v 0.208915 0.521984 0.173326
v 0.212502 0.518352 0.172483
v 0.181796 0.521197 0.134601
v 0.193534 0.523103 0.154817
v 0.204999 0.523835 0.175181
v 0.188438 0.524472 0.157873
v 0.201548 0.524771 0.177673
v 0.212251 0.524147 0.194367
v 0.198687 0.525149 0.179854
v 0.184044 0.525071 0.161359
v 0.180367 0.525213 0.165030
v 0.195990 0.525272 0.182650
v 0.176883 0.525062 0.168886
v 0.193488 0.525079 0.185406
v 0.173647 0.524360 0.172942
v 0.191044 0.524614 0.188311
v 0.170606 0.523191 0.177031
v 0.188793 0.523491 0.191275
v 0.167962 0.521142 0.180820
v 0.186992 0.521675 0.193943
v 0.168167 0.516968 0.180976
v 0.187217 0.518500 0.193911
v 0.170971 0.514205 0.177513
v 0.189178 0.516535 0.191400
v 0.174047 0.512260 0.173899
v 0.191306 0.515295 0.188812
v 0.177326 0.510865 0.170199
v 0.193639 0.514388 0.186065
v 0.207137 0.517808 0.199733
v 0.214715 0.520125 0.207746
v 0.196006 0.513827 0.183319
v 0.209046 0.517596 0.198160
v 0.215524 0.519894 0.206053
v 0.210943 0.517741 0.196738
v 0.216643 0.519894 0.204609
v 0.212522 0.517982 0.195326
v 0.217921 0.520044 0.203324
v 0.198497 0.513656 0.180664
v 0.201555 0.513900 0.178790
v 0.204980 0.514606 0.176822
v 0.189417 0.509578 0.159474
v 0.194338 0.510509 0.156339
v 0.199207 0.512011 0.153177
v 0.208826 0.515754 0.174603
v 0.212884 0.518057 0.172777
v 0.183993 0.506104 0.137013
v 0.178219 0.505214 0.140914
v 0.167032 0.501083 0.122246
v 0.172179 0.505226 0.145058
v 0.160503 0.501285 0.126771
v 0.148930 0.494918 0.110049
v 0.153634 0.502196 0.131937
v 0.140997 0.496309 0.115984
v 0.128289 0.486552 0.101748
v 0.132932 0.499010 0.121795
v 0.118666 0.489224 0.108384
v 0.105516 0.475883 0.096540
v 0.111013 0.492182 0.113159
v 0.097622 0.479036 0.100925
v 0.084318 0.464146 0.089589
v 0.091023 0.482463 0.104322
v 0.077460 0.467792 0.092371
v 0.064680 0.451342 0.080996
v 0.070716 0.472105 0.094560
v 0.057715 0.455144 0.082764
v 0.046367 0.435489 0.071924
v 0.051594 0.458993 0.083644
v 0.039720 0.438530 0.072626
v 0.030717 0.416961 0.061921
v 0.040441 0.441496 0.066233
v 0.030933 0.419665 0.055738
v 0.023558 0.396621 0.046670
v 0.036226 0.420293 0.049638
v 0.028972 0.397256 0.040761
v 0.024320 0.373420 0.032389
v 0.034864 0.397542 0.035438
v 0.030153 0.374073 0.027453
v 0.027747 0.350598 0.019315
v 0.037247 0.374611 0.021769
v 0.034441 0.351190 0.013915
v 0.033015 0.325159 0.005756
v 0.045112 0.351646 0.006010
v 0.041665 0.326481 -0.000483
v 0.059723 0.350669 -0.000396
v 0.052673 0.326953 -0.005422
v 0.070692 0.348624 -0.002722
v 0.062746 0.326150 -0.007659
v 0.055972 0.304343 -0.011462
v 0.070883 0.324578 -0.008770
v 0.064400 0.303225 -0.012584
v 0.056529 0.280228 -0.015800
v 0.051908 0.288921 -0.013563
v 0.071822 0.301485 -0.013229
v 0.065418 0.280727 -0.016411
v 0.078781 0.299710 -0.013608
v 0.072409 0.278889 -0.016795
v 0.065578 0.258236 -0.019225
v 0.074745 0.277575 -0.012422
v 0.068935 0.257313 -0.015024
v 0.064033 0.237654 -0.017447
v 0.060217 0.238735 -0.021039
v 0.059810 0.218194 -0.019261
v 0.055873 0.219909 -0.022801
v 0.048069 0.222062 -0.022010
v 0.052560 0.200744 -0.024693
v 0.045349 0.204037 -0.024171
v 0.039368 0.223175 -0.023680
v 0.033472 0.224253 -0.030503
v 0.027274 0.224874 -0.034344
v 0.030747 0.239393 -0.031803
v 0.033983 0.260152 -0.028509
v 0.020138 0.225158 -0.034818
v 0.024384 0.239154 -0.034097
v 0.028174 0.260130 -0.032564
v 0.031019 0.280489 -0.030491
v 0.036504 0.281711 -0.024419
v 0.018326 0.238849 -0.033609
v 0.021433 0.259917 -0.033715
v 0.023995 0.279855 -0.033208
v 0.015068 0.259741 -0.031839
v 0.016906 0.279409 -0.032337
v 0.010292 0.259688 -0.027700
v 0.011189 0.279021 -0.028385
v 0.007185 0.259827 -0.022207
v 0.007587 0.278657 -0.022477
v 0.006714 0.260125 -0.015698
v 0.006821 0.278234 -0.015442
v 0.010077 0.260717 -0.009363
v 0.010301 0.277653 -0.008980
v 0.006499 0.236715 -0.018190
v 0.007338 0.237184 -0.023033
v 0.008815 0.218448 -0.027509
v 0.007699 0.215685 -0.024608
v 0.010156 0.212088 -0.030475
v 0.009236 0.208889 -0.028678
v 0.004115 0.210771 -0.029452
v 0.001233 0.207153 -0.027351
v 0.006627 0.213841 -0.031224
v 0.000967 0.221910 -0.030146
v -0.003081 0.219797 -0.027249
v 0.011221 0.214590 -0.031979
v 0.008875 0.215959 -0.032950
v 0.005013 0.223338 -0.032366
v 0.000067 0.240984 -0.033246
v -0.005221 0.240047 -0.029676
v 0.010981 0.217208 -0.034581
v 0.008452 0.224906 -0.034529
v 0.005514 0.241608 -0.036885
v 0.003889 0.265485 -0.040887
v -0.003989 0.264827 -0.035528
v 0.011662 0.225795 -0.037084
v 0.011133 0.242217 -0.040372
v 0.011572 0.265722 -0.045214
v 0.010737 0.288975 -0.049910
v 0.001988 0.288754 -0.045051
v 0.016732 0.242504 -0.043225
v 0.018281 0.265504 -0.048407
v 0.017837 0.288901 -0.053162
v 0.016164 0.312231 -0.057495
v 0.008888 0.312218 -0.053982
v 0.024643 0.265255 -0.051070
v 0.024184 0.288718 -0.055961
v 0.022553 0.312121 -0.060501
v 0.020435 0.335562 -0.064965
v 0.014091 0.335644 -0.061712
v 0.030653 0.288496 -0.058953
v 0.028950 0.311978 -0.063687
v 0.026779 0.335385 -0.068573
v 0.024307 0.358967 -0.073364
v 0.018028 0.359042 -0.069450
v 0.029022 0.311199 -0.067397
v 0.027025 0.334515 -0.072559
v 0.024911 0.358210 -0.077291
v 0.022158 0.382256 -0.082246
v 0.020937 0.383014 -0.077874
v 0.020315 0.333704 -0.073063
v 0.018382 0.357309 -0.077617
v 0.015755 0.381186 -0.082501
v 0.012321 0.404286 -0.087438
v 0.018856 0.405349 -0.087299
v 0.011239 0.356368 -0.077680
v 0.008643 0.380069 -0.082405
v 0.005066 0.403165 -0.087192
v 0.001461 0.426094 -0.091682
v 0.008796 0.427096 -0.091942
v 0.001242 0.378911 -0.082084
v -0.002266 0.402017 -0.086814
v -0.006432 0.424956 -0.091241
v -0.010168 0.447775 -0.095584
v -0.001971 0.449013 -0.095945
v -0.013213 0.400404 -0.085086
v -0.017631 0.423314 -0.089437
v -0.022065 0.445835 -0.093806
v -0.026798 0.467960 -0.098884
v -0.013808 0.470420 -0.100927
v -0.036998 0.420607 -0.081584
v -0.042213 0.442809 -0.085732
v -0.047731 0.464523 -0.090704
v -0.053803 0.485894 -0.096245
v -0.032400 0.489775 -0.104507
v -0.062126 0.440987 -0.069367
v -0.067757 0.462997 -0.074104
v -0.073748 0.484244 -0.079234
v -0.080467 0.505088 -0.084877
v -0.060465 0.507066 -0.101677
v -0.079046 0.463719 -0.055873
v -0.085448 0.485188 -0.060533
v -0.092293 0.506218 -0.066135
v -0.099438 0.527183 -0.072600
v -0.087777 0.526075 -0.090806
v -0.089760 0.486547 -0.048955
v -0.096594 0.508105 -0.054494
v -0.103610 0.529121 -0.061225
v -0.111005 0.549785 -0.068796
v -0.106970 0.548234 -0.079312
v -0.098369 0.509922 -0.045842
v -0.105554 0.531303 -0.052319
v -0.113213 0.552036 -0.059956
v -0.121466 0.572799 -0.067665
v -0.119086 0.570772 -0.076005
v -0.106064 0.533792 -0.044213
v -0.114143 0.554667 -0.051807
v -0.122648 0.575388 -0.059486
v -0.130840 0.596456 -0.067259
v -0.129384 0.593904 -0.075439
v -0.113658 0.557448 -0.044684
v -0.122414 0.578234 -0.052068
v -0.130419 0.599503 -0.059780
v -0.138140 0.620776 -0.067808
v -0.138576 0.617650 -0.075310
v -0.115219 0.580960 -0.051946
v -0.123080 0.602358 -0.059062
v -0.130863 0.623911 -0.066621
v -0.138839 0.645204 -0.075296
v -0.145855 0.642178 -0.076598
v -0.116023 0.603059 -0.063954
v -0.123721 0.624689 -0.071373
v -0.131789 0.645782 -0.079793
v -0.139851 0.666871 -0.088724
v -0.146925 0.666375 -0.084621
v -0.116866 0.625046 -0.076871
v -0.124835 0.646076 -0.085114
v -0.133304 0.666727 -0.093853
v -0.141388 0.686811 -0.103102
v -0.147676 0.687222 -0.098438
v -0.117318 0.646303 -0.091545
v -0.125333 0.666618 -0.100592
v -0.133776 0.686376 -0.109383
v -0.142289 0.706646 -0.118296
v -0.148969 0.707089 -0.112930
v -0.112820 0.667032 -0.111907
v -0.122621 0.686765 -0.119713
v -0.132755 0.706950 -0.127350
v -0.142789 0.726966 -0.135657
v -0.150670 0.726935 -0.128282
v -0.109969 0.688910 -0.133122
v -0.122178 0.708517 -0.139019
v -0.134001 0.727954 -0.145363
v -0.145695 0.746794 -0.152695
v -0.152806 0.746277 -0.144947
v -0.114644 0.710241 -0.148242
v -0.127130 0.729235 -0.153964
v -0.139602 0.747729 -0.160230
v -0.152151 0.765921 -0.167081
v -0.157250 0.765302 -0.160776
v -0.121960 0.730444 -0.160843
v -0.134987 0.748856 -0.166575
v -0.148236 0.766818 -0.172669
v -0.161010 0.784342 -0.179212
v -0.164362 0.783539 -0.174421
v -0.131111 0.749938 -0.172243
v -0.144734 0.767758 -0.178076
v -0.157994 0.785108 -0.184152
v -0.171266 0.801571 -0.190867
v -0.173806 0.800940 -0.186607
v -0.141430 0.768563 -0.183604
v -0.155250 0.785642 -0.189299
v -0.169161 0.801908 -0.195196
v -0.183738 0.817563 -0.201244
v -0.185294 0.817330 -0.197791
v -0.154523 0.784592 -0.194465
v -0.168613 0.800937 -0.199710
v -0.183208 0.816927 -0.204723
v -0.198224 0.832219 -0.209393
v -0.198651 0.832640 -0.206663
v -0.171795 0.798004 -0.200662
v -0.185509 0.814606 -0.205443
v -0.199841 0.830599 -0.209821
v -0.188340 0.812686 -0.203761
v -0.201824 0.829337 -0.208264
v -0.212896 0.842998 -0.211638
v -0.215781 0.847042 -0.212631
v -0.203458 0.828418 -0.206684
v -0.213781 0.842551 -0.210776
v -0.216499 0.846446 -0.211947
v -0.216619 0.848397 -0.212282
v -0.214479 0.842248 -0.210020
v -0.217086 0.846137 -0.211285
v -0.215233 0.841897 -0.209127
v -0.217724 0.846003 -0.210677
v -0.216016 0.841808 -0.208151
v -0.218245 0.845883 -0.209963
v -0.219343 0.848088 -0.210923
v -0.219656 0.849595 -0.211232
v -0.218801 0.845881 -0.209272
v -0.216760 0.841771 -0.207159
v -0.217547 0.841989 -0.206263
v -0.219306 0.845910 -0.208553
v -0.218326 0.842307 -0.205469
v -0.219838 0.846183 -0.207844
v -0.219033 0.842976 -0.204669
v -0.220225 0.846578 -0.206961
v -0.219812 0.847885 -0.207682
v -0.218657 0.846839 -0.206286
v -0.217791 0.847034 -0.206947
v -0.218910 0.848168 -0.208216
v -0.217017 0.847037 -0.207654
v -0.218314 0.848300 -0.208900
v -0.216307 0.847080 -0.208438
v -0.217740 0.848396 -0.209608
v -0.218744 0.849188 -0.210414
v -0.217266 0.848410 -0.210351
v -0.215796 0.847171 -0.209356
v -0.215334 0.847268 -0.210306
v -0.216802 0.848418 -0.211142
v -0.214934 0.847231 -0.211319
v -0.212016 0.844261 -0.208599
v -0.211568 0.844368 -0.209764
v -0.200911 0.832420 -0.202050
v -0.199699 0.832478 -0.204145
v -0.187154 0.816896 -0.194161
v -0.202275 0.832385 -0.200319
v -0.189197 0.816540 -0.191113
v -0.176571 0.800251 -0.182404
v -0.191250 0.816401 -0.188560
v -0.179565 0.799851 -0.178606
v -0.168466 0.783078 -0.169404
v -0.183192 0.799902 -0.175014
v -0.173026 0.783023 -0.164658
v -0.162931 0.765055 -0.154573
v -0.177702 0.783300 -0.160644
v -0.168453 0.765281 -0.149619
v -0.159364 0.746341 -0.138847
v -0.173512 0.765577 -0.145620
v -0.164944 0.746646 -0.134434
v -0.156806 0.727320 -0.123414
v -0.170634 0.746806 -0.130537
v -0.162896 0.727445 -0.119457
v -0.155152 0.707478 -0.108588
v -0.169273 0.726979 -0.116374
v -0.161850 0.707056 -0.105386
v -0.154448 0.687042 -0.094678
v -0.167517 0.703945 -0.107722
v -0.160458 0.684017 -0.096829
v -0.153320 0.663350 -0.086445
v -0.160821 0.680569 -0.103541
v -0.153727 0.660002 -0.093508
v -0.146453 0.638828 -0.084115
v -0.152261 0.657081 -0.101235
v -0.144795 0.636080 -0.092189
v -0.137086 0.614978 -0.083492
v -0.141799 0.633824 -0.100555
v -0.134268 0.612859 -0.091886
v -0.126894 0.591859 -0.083722
v -0.129807 0.611316 -0.101373
v -0.122559 0.590213 -0.093643
v -0.114901 0.569137 -0.086347
v -0.111517 0.589056 -0.110109
v -0.103565 0.568061 -0.103501
v -0.095673 0.547109 -0.096971
v -0.083936 0.570049 -0.120098
v -0.075667 0.549178 -0.113766
v -0.067676 0.528248 -0.107378
v -0.055015 0.553748 -0.123423
v -0.046693 0.532593 -0.116709
v -0.039080 0.511174 -0.110501
v -0.033197 0.536370 -0.119541
v -0.025180 0.514735 -0.112993
v -0.018636 0.492897 -0.106673
v -0.016358 0.517549 -0.113119
v -0.009626 0.495167 -0.106801
v -0.005277 0.472027 -0.101098
v -0.001709 0.497309 -0.106159
v 0.002658 0.473479 -0.100685
v 0.005672 0.450082 -0.095962
v 0.009616 0.474715 -0.100101
v 0.012486 0.450972 -0.095766
v 0.015354 0.428053 -0.091757
v 0.010528 0.451723 -0.090586
v 0.013592 0.428868 -0.086302
v 0.017136 0.406195 -0.081992
v 0.007163 0.428922 -0.081437
v 0.010728 0.406101 -0.077456
v 0.014708 0.382961 -0.073706
v 0.004256 0.405915 -0.073150
v 0.008387 0.382761 -0.069929
v 0.011762 0.359029 -0.065957
v 0.000573 0.382351 -0.065213
v 0.004016 0.358904 -0.061644
v 0.006624 0.335589 -0.057854
v -0.007217 0.358329 -0.054900
v -0.003836 0.335103 -0.051774
v -0.000636 0.311849 -0.048625
v -0.017086 0.333849 -0.041862
v -0.012625 0.310826 -0.039983
v -0.008282 0.287934 -0.038045
v -0.021280 0.309586 -0.032688
v -0.016061 0.286849 -0.031726
v -0.010660 0.263853 -0.030467
v -0.021861 0.285727 -0.026394
v -0.015969 0.262865 -0.026096
v -0.009762 0.239061 -0.026138
v -0.020527 0.261846 -0.022135
v -0.013980 0.238048 -0.022694
v -0.007190 0.217753 -0.024191
v -0.018383 0.237317 -0.019084
v -0.011578 0.216341 -0.020830
v -0.002955 0.203556 -0.024191
v -0.016407 0.215440 -0.017110
v -0.008171 0.199606 -0.020077
v -0.021290 0.215527 -0.015938
v -0.013174 0.196536 -0.016390
v -0.022015 0.216712 -0.020584
v -0.017442 0.196748 -0.018001
v -0.021405 0.217660 -0.026926
v -0.017752 0.197690 -0.023925
v -0.019577 0.218693 -0.033550
v -0.016431 0.198587 -0.030408
v -0.013294 0.179181 -0.027471
v -0.013409 0.199373 -0.037497
v -0.010876 0.179651 -0.034556
v -0.007084 0.157450 -0.032293
v -0.008663 0.157567 -0.026100
v -0.002597 0.133514 -0.030529
v -0.003853 0.133533 -0.025242
v -0.003492 0.134242 -0.019571
v 0.000400 0.110587 -0.024332
v 0.000973 0.111038 -0.019228
v 0.003084 0.111546 -0.014980
v 0.000130 0.137703 -0.015620
v 0.006108 0.111946 -0.011240
v 0.004836 0.136602 -0.012584
v 0.009791 0.112225 -0.007964
v 0.008587 0.136684 -0.008717
v 0.008982 0.161218 -0.008863
v 0.010966 0.180615 -0.007374
v 0.013215 0.136740 -0.005189
v 0.013939 0.159724 -0.003757
v 0.016123 0.179879 -0.001638
v 0.018711 0.198150 0.001126
v 0.012899 0.198494 -0.004743
v 0.020547 0.158688 -0.001324
v 0.023049 0.179083 0.000616
v 0.026430 0.198077 0.002802
v 0.029850 0.217622 0.005431
v 0.021415 0.216839 0.004612
v 0.030750 0.178581 0.000245
v 0.034779 0.198149 0.001710
v 0.039097 0.218069 0.003465
v 0.043205 0.238746 0.006074
v 0.032682 0.238510 0.008909
v 0.043107 0.198137 -0.002145
v 0.047630 0.218061 -0.001024
v 0.051779 0.238280 0.000887
v 0.056046 0.258562 0.003470
v 0.047437 0.259275 0.008972
v 0.053667 0.217882 -0.006662
v 0.057630 0.237812 -0.004782
v 0.061806 0.257927 -0.002216
v 0.066703 0.278140 0.000435
v 0.060648 0.278863 0.006195
v 0.061676 0.237548 -0.010896
v 0.066125 0.257437 -0.008378
v 0.071374 0.277710 -0.005736
v 0.076577 0.298445 -0.002385
v 0.071646 0.298737 0.003671
v 0.080598 0.298410 -0.008851
v 0.086323 0.319418 -0.004243
v 0.081974 0.319484 0.002089
v 0.085109 0.320801 -0.009580
v 0.092256 0.341913 -0.004636
v 0.092931 0.340452 0.000631
v 0.078236 0.322729 -0.009394
v 0.085573 0.344161 -0.004458
v 0.092951 0.365686 0.001230
v 0.099788 0.363360 0.001015
v 0.078421 0.346446 -0.003820
v 0.085641 0.368046 0.001864
v 0.092229 0.389296 0.008715
v 0.099698 0.386871 0.007854
v 0.077689 0.370416 0.002968
v 0.084048 0.391804 0.010010
v 0.091341 0.412539 0.018209
v 0.099655 0.409826 0.016622
v 0.065946 0.373092 0.005688
v 0.071795 0.394835 0.013219
v 0.079005 0.415927 0.021728
v 0.087551 0.436143 0.031098
v 0.099651 0.432410 0.027508
v 0.054638 0.397256 0.021134
v 0.061484 0.419181 0.029881
v 0.070016 0.440252 0.039450
v 0.080698 0.460050 0.049739
v 0.097094 0.455360 0.041613
v 0.049059 0.420321 0.038157
v 0.057981 0.441938 0.047938
v 0.069311 0.462256 0.058278
v 0.082957 0.480620 0.069659
v 0.093833 0.478290 0.060962
v 0.050931 0.442360 0.054150
v 0.062616 0.462881 0.064826
v 0.076543 0.481189 0.076255
v 0.091946 0.496765 0.089347
v 0.098311 0.496428 0.082719
v 0.057592 0.462694 0.070860
v 0.071582 0.480949 0.082320
v 0.087048 0.496144 0.095339
v 0.103832 0.508059 0.110057
v 0.108646 0.508638 0.104235
v 0.067131 0.479829 0.088957
v 0.082819 0.494758 0.101357
v 0.099550 0.506526 0.115881
v 0.116404 0.514302 0.131367
v 0.121127 0.515982 0.125494
v 0.079646 0.492377 0.107200
v 0.096267 0.503794 0.120967
v 0.113351 0.510677 0.136440
v 0.131280 0.515925 0.151167
v 0.134585 0.519003 0.146390
v 0.099032 0.499050 0.120254
v 0.115750 0.507773 0.135067
v 0.132437 0.512591 0.150819
v 0.149625 0.515098 0.166201
v 0.149141 0.519334 0.165993
v 0.120683 0.504840 0.131136
v 0.137019 0.509379 0.146502
v 0.153476 0.512019 0.162107
v 0.141798 0.506571 0.141970
v 0.157412 0.509517 0.157915
v 0.147152 0.504102 0.137162
v 0.161591 0.507474 0.153544
v 0.166453 0.506011 0.149219
v 0.180616 0.509980 0.166739
v 0.184441 0.509466 0.163177
v 0.126020 0.502023 0.126901
v 0.104680 0.495275 0.116712
v 0.084298 0.486898 0.107230
v 0.064869 0.476689 0.095632
v 0.052919 0.461949 0.077420
v 0.045400 0.442272 0.059833
v 0.041938 0.420435 0.044196
v 0.042275 0.397672 0.029518
v 0.049194 0.374770 0.013534
v 0.152417 0.521750 0.161562
v 0.156178 0.523178 0.156795
v 0.138827 0.520853 0.140994
v 0.160328 0.524148 0.151799
v 0.143671 0.521754 0.135380
v 0.126224 0.516812 0.119725
v 0.149234 0.521909 0.129518
v 0.132492 0.516804 0.113249
v 0.115090 0.508509 0.097443
v 0.140524 0.515536 0.106079
v 0.124518 0.506628 0.089207
v 0.108521 0.494113 0.074205
v 0.134214 0.503260 0.082546
v 0.120373 0.489901 0.066882
v 0.107921 0.473626 0.053346
v 0.128905 0.486408 0.063042
v 0.117912 0.470022 0.049483
v 0.108451 0.451709 0.037794
v 0.125516 0.467385 0.047294
v 0.116653 0.449096 0.035808
v 0.108013 0.429656 0.025645
v 0.124109 0.446716 0.034254
v 0.115543 0.427098 0.024161
v 0.107154 0.407232 0.015396
v 0.122241 0.424766 0.023213
v 0.114158 0.404709 0.014671
v 0.106655 0.384488 0.007554
v 0.114123 0.402344 0.020603
v 0.106942 0.382349 0.013221
v 0.100167 0.361668 0.006418
v 0.101899 0.381824 0.019573
v 0.095123 0.361443 0.012714
v 0.088201 0.340551 0.006976
v 0.089720 0.361470 0.018640
v 0.082950 0.340863 0.012975
v 0.076802 0.319813 0.008084
v 0.076407 0.341370 0.018993
v 0.070481 0.320311 0.013916
v 0.065372 0.299298 0.009324
v 0.061219 0.320909 0.020036
v 0.056687 0.299951 0.015245
v 0.052106 0.279623 0.012000
v 0.043724 0.300416 0.020458
v 0.040448 0.279978 0.016379
v 0.036114 0.259797 0.012768
v 0.029468 0.279305 0.017687
v 0.026183 0.259201 0.013260
v 0.023410 0.237408 0.008644
v 0.015393 0.237147 0.005451
v 0.014832 0.216455 -0.000483
v 0.017166 0.239173 -0.001341
v 0.031748 0.300130 0.022270
v 0.023268 0.299321 0.021923
v 0.025364 0.322498 0.028345
v 0.016158 0.298484 0.020762
v 0.034195 0.322099 0.028186
v 0.037840 0.344857 0.035216
v 0.046813 0.321629 0.025954
v 0.049984 0.343662 0.032683
v 0.053667 0.365079 0.039661
v 0.065445 0.342286 0.026237
v 0.070365 0.362997 0.032782
v 0.075957 0.383220 0.040202
v 0.082622 0.361862 0.024855
v 0.088990 0.381941 0.031814
v 0.096005 0.401648 0.039563
v 0.096411 0.381644 0.025454
v 0.103456 0.401422 0.033159
v 0.111081 0.420781 0.041627
v 0.109098 0.401669 0.027100
v 0.116765 0.421358 0.035463
v 0.124601 0.440126 0.045526
v 0.121844 0.422343 0.028912
v 0.129757 0.441540 0.039081
v 0.137238 0.459176 0.050474
v 0.130661 0.444491 0.033196
v 0.139298 0.462254 0.044458
v 0.148573 0.478463 0.057033
v 0.132765 0.464834 0.045576
v 0.142796 0.481007 0.058467
v 0.154867 0.494612 0.073324
v 0.135879 0.483713 0.060560
v 0.148022 0.497586 0.075839
v 0.161697 0.508060 0.092946
v 0.141504 0.500342 0.078595
v 0.155413 0.510663 0.096078
v 0.169096 0.517535 0.114783
v 0.148577 0.513239 0.100165
v 0.162587 0.519548 0.118610
v 0.176067 0.522760 0.137865
v 0.155728 0.521110 0.123646
v 0.170177 0.523917 0.142083
v 0.164961 0.524350 0.146760
v 0.057660 0.217818 -0.012775
v 0.049395 0.198084 -0.007619
v 0.053504 0.198189 -0.013817
v 0.055705 0.198814 -0.020370
v 0.048933 0.177818 -0.013769
v 0.051224 0.177996 -0.020395
v 0.050085 0.178950 -0.026023
v 0.046525 0.156568 -0.018841
v 0.047474 0.156675 -0.023765
v 0.043939 0.158060 -0.027410
v 0.044382 0.181927 -0.026309
v 0.039090 0.160192 -0.029555
v 0.042703 0.134535 -0.027614
v 0.039087 0.135443 -0.029984
v 0.035485 0.135947 -0.033301
v 0.034016 0.164324 -0.033928
v 0.032328 0.136219 -0.036697
v 0.031971 0.161214 -0.037656
v 0.028187 0.135986 -0.040320
v 0.028414 0.159689 -0.042802
v 0.029289 0.183649 -0.044344
v 0.032275 0.205818 -0.045966
v 0.022846 0.159165 -0.045080
v 0.023503 0.182350 -0.047526
v 0.025708 0.203981 -0.049441
v 0.026177 0.222504 -0.051719
v 0.031915 0.222881 -0.049693
v 0.017269 0.181883 -0.048717
v 0.018531 0.203304 -0.051201
v 0.018916 0.222464 -0.053583
v 0.018872 0.242358 -0.056165
v 0.026154 0.242127 -0.054727
v 0.010966 0.202665 -0.051492
v 0.011261 0.222370 -0.054052
v 0.010812 0.242461 -0.056681
v 0.010016 0.263931 -0.059987
v 0.018058 0.264109 -0.059598
v 0.001789 0.221705 -0.052494
v 0.001332 0.242147 -0.055322
v 0.000356 0.263611 -0.058534
v -0.001081 0.285632 -0.062874
v 0.008611 0.286079 -0.064202
v -0.010145 0.241318 -0.050316
v -0.012067 0.262904 -0.053558
v -0.014330 0.285083 -0.057446
v -0.017105 0.307645 -0.061354
v -0.002909 0.308345 -0.067190
v -0.022162 0.262086 -0.045026
v -0.026128 0.284360 -0.047741
v -0.030325 0.306726 -0.050455
v -0.035151 0.329207 -0.052714
v -0.020163 0.330442 -0.065127
v -0.031737 0.283755 -0.039784
v -0.036494 0.306096 -0.041772
v -0.041657 0.328502 -0.043278
v -0.047724 0.351160 -0.044309
v -0.040490 0.351789 -0.054859
v -0.039750 0.305605 -0.034478
v -0.045161 0.327935 -0.035713
v -0.051214 0.350637 -0.036385
v -0.057684 0.373520 -0.037007
v -0.053985 0.373900 -0.045346
v -0.047228 0.327528 -0.028543
v -0.053364 0.350131 -0.029153
v -0.059879 0.373065 -0.029844
v -0.066061 0.396009 -0.030625
v -0.064070 0.396196 -0.037706
v -0.054811 0.349777 -0.022068
v -0.061294 0.372789 -0.022494
v -0.067486 0.395917 -0.023426
v -0.073617 0.419248 -0.024720
v -0.072264 0.419011 -0.031900
v -0.061574 0.372804 -0.015683
v -0.068052 0.396016 -0.017250
v -0.074214 0.419568 -0.018786
v -0.080411 0.443185 -0.020666
v -0.079905 0.442675 -0.026836
v -0.062546 0.397364 -0.019333
v -0.068984 0.420832 -0.020501
v -0.074998 0.444436 -0.022518
v -0.080800 0.467932 -0.024791
v -0.086427 0.466676 -0.022798
v -0.063410 0.421929 -0.026141
v -0.069269 0.445375 -0.028244
v -0.075188 0.468777 -0.030586
v -0.080942 0.492206 -0.033864
v -0.086874 0.491699 -0.027847
v -0.063851 0.446207 -0.033906
v -0.069718 0.469506 -0.036386
v -0.075117 0.492659 -0.039901
v -0.080766 0.515545 -0.044624
v -0.086865 0.515342 -0.038373
v -0.062086 0.470355 -0.044163
v -0.067699 0.493207 -0.047395
v -0.073372 0.515890 -0.051982
v -0.079973 0.538148 -0.057315
v -0.087470 0.537874 -0.050004
v -0.053270 0.494430 -0.060449
v -0.059076 0.516893 -0.064980
v -0.065662 0.539041 -0.070574
v -0.072953 0.560946 -0.076317
v -0.087245 0.560099 -0.063254
v -0.039117 0.518786 -0.080939
v -0.045638 0.541089 -0.086823
v -0.052819 0.563059 -0.093178
v -0.060709 0.584565 -0.099440
v -0.080299 0.582602 -0.082438
v -0.032922 0.542736 -0.096204
v -0.040375 0.564858 -0.102951
v -0.048541 0.586502 -0.109600
v -0.057642 0.607862 -0.115678
v -0.069466 0.606009 -0.105387
v -0.032541 0.566213 -0.109139
v -0.040969 0.588087 -0.116141
v -0.050167 0.609648 -0.122543
v -0.060201 0.631039 -0.128886
v -0.067103 0.629195 -0.121859
v -0.034479 0.589475 -0.121951
v -0.044203 0.611203 -0.128394
v -0.054900 0.632562 -0.134901
v -0.066504 0.653062 -0.141645
v -0.071470 0.651609 -0.135869
v -0.038824 0.612397 -0.134481
v -0.049897 0.633784 -0.141084
v -0.061797 0.654192 -0.147791
v -0.074245 0.674254 -0.154414
v -0.078711 0.673344 -0.148304
v -0.050927 0.631257 -0.147452
v -0.063204 0.651362 -0.154231
v -0.075824 0.671232 -0.160593
v -0.088416 0.691208 -0.166994
v -0.087277 0.694068 -0.160774
v -0.069753 0.647198 -0.154747
v -0.082048 0.666989 -0.161339
v -0.094535 0.686977 -0.167588
v -0.106918 0.706669 -0.173583
v -0.101113 0.710797 -0.173059
v -0.088915 0.662981 -0.160391
v -0.101211 0.683078 -0.166334
v -0.113359 0.702837 -0.172244
v -0.125485 0.722400 -0.178159
v -0.119270 0.726256 -0.179566
v -0.108279 0.679568 -0.163855
v -0.120221 0.699335 -0.169633
v -0.131877 0.719157 -0.175316
v -0.143496 0.738720 -0.180493
v -0.137823 0.741786 -0.183287
v -0.127758 0.696482 -0.165626
v -0.138782 0.716562 -0.171174
v -0.149614 0.736110 -0.176518
v -0.160868 0.755285 -0.181851
v -0.155538 0.757557 -0.185608
v -0.147108 0.714455 -0.164926
v -0.156750 0.734187 -0.170979
v -0.166600 0.753642 -0.177120
v -0.176580 0.772521 -0.183356
v -0.171943 0.773787 -0.187451
v -0.165289 0.733234 -0.163016
v -0.173409 0.752967 -0.170510
v -0.181953 0.771932 -0.178086
v -0.190016 0.790195 -0.186026
v -0.186334 0.790649 -0.189621
v -0.179222 0.753450 -0.163910
v -0.186559 0.772289 -0.173034
v -0.193693 0.790723 -0.182443
v -0.201032 0.809292 -0.191395
v -0.198419 0.809201 -0.194208
v -0.190485 0.773296 -0.168305
v -0.197081 0.791711 -0.178812
v -0.203452 0.809866 -0.188955
v -0.210765 0.827819 -0.198498
v -0.209402 0.827608 -0.200271
v -0.199994 0.793057 -0.175148
v -0.205799 0.810947 -0.185980
v -0.212195 0.828277 -0.196681
v -0.207498 0.812346 -0.183085
v -0.213490 0.829119 -0.194775
v -0.207540 0.814313 -0.180452
v -0.202193 0.794977 -0.171219
v -0.202770 0.797671 -0.167174
v -0.199517 0.800337 -0.165195
v -0.205682 0.816208 -0.178842
v -0.194998 0.800860 -0.166762
v -0.202558 0.816935 -0.179600
v -0.190868 0.800682 -0.169184
v -0.199377 0.816886 -0.181498
v -0.208457 0.832313 -0.193705
v -0.216549 0.844304 -0.203668
v -0.196230 0.816581 -0.183877
v -0.206638 0.832284 -0.195322
v -0.215432 0.844159 -0.204260
v -0.204993 0.832407 -0.196971
v -0.214466 0.844165 -0.205229
v -0.203671 0.832400 -0.198567
v -0.213579 0.844265 -0.206296
v -0.212770 0.844291 -0.207431
v -0.193593 0.816391 -0.186121
v -0.186862 0.800241 -0.172051
v -0.182360 0.783623 -0.157245
v -0.187248 0.783809 -0.154113
v -0.178852 0.765706 -0.141940
v -0.192408 0.783238 -0.151986
v -0.184575 0.765073 -0.139296
v -0.176799 0.746211 -0.127777
v -0.188913 0.761872 -0.141744
v -0.181469 0.743007 -0.130367
v -0.174765 0.723754 -0.118687
v -0.182049 0.739510 -0.136107
v -0.175065 0.720177 -0.125022
v -0.167854 0.700478 -0.114131
v -0.173376 0.717227 -0.131623
v -0.166313 0.697484 -0.121010
v -0.159348 0.677548 -0.110804
v -0.163284 0.695106 -0.128329
v -0.156189 0.675053 -0.118549
v -0.149142 0.654635 -0.109383
v -0.150928 0.673252 -0.127482
v -0.144051 0.652838 -0.118393
v -0.137087 0.632213 -0.109586
v -0.133935 0.651808 -0.131620
v -0.126422 0.631287 -0.123771
v -0.118952 0.610365 -0.116717
v -0.108829 0.632714 -0.140014
v -0.100352 0.611983 -0.133162
v -0.092246 0.590968 -0.126432
v -0.083490 0.615678 -0.142341
v -0.073281 0.595273 -0.135984
v -0.063796 0.574651 -0.129781
v -0.061508 0.599224 -0.139497
v -0.050815 0.578862 -0.133213
v -0.041502 0.557840 -0.126536
v -0.042237 0.582386 -0.134139
v -0.032874 0.560918 -0.127207
v -0.024524 0.539306 -0.120008
v -0.025140 0.563993 -0.126934
v -0.016787 0.542233 -0.119603
v -0.008545 0.520352 -0.112557
v -0.010003 0.544977 -0.118628
v -0.001655 0.522972 -0.111620
v 0.005308 0.499190 -0.105376
v -0.003436 0.523869 -0.105842
v 0.003324 0.499941 -0.100132
v 0.007726 0.475491 -0.095109
v -0.003788 0.499255 -0.095579
v 0.000708 0.475337 -0.090715
v 0.003792 0.451788 -0.085964
v -0.006332 0.475092 -0.086346
v -0.002891 0.451736 -0.081554
v 0.000585 0.428815 -0.076914
v -0.010477 0.451527 -0.076553
v -0.007319 0.428476 -0.071680
v -0.003318 0.405543 -0.068252
v -0.019001 0.427670 -0.063828
v -0.014813 0.404686 -0.060758
v -0.010983 0.381551 -0.057892
v -0.033613 0.402661 -0.047496
v -0.028279 0.379606 -0.045513
v -0.022501 0.356789 -0.043643
v -0.039042 0.377945 -0.035759
v -0.032603 0.355184 -0.034557
v -0.026592 0.332372 -0.033588
v -0.039049 0.353876 -0.028121
v -0.032935 0.331107 -0.027569
v -0.027389 0.308424 -0.026969
v -0.037892 0.329951 -0.022734
v -0.032318 0.307380 -0.022227
v -0.026580 0.284658 -0.021907
v -0.037593 0.306228 -0.017242
v -0.031427 0.283538 -0.017541
v -0.025092 0.260815 -0.018093
v -0.035769 0.282552 -0.014077
v -0.029583 0.259838 -0.014636
v -0.023055 0.236925 -0.015526
v -0.032134 0.259529 -0.018076
v -0.026578 0.237179 -0.017020
v -0.031317 0.260118 -0.024785
v -0.026442 0.237886 -0.023139
v -0.029859 0.260792 -0.031184
v -0.025276 0.238704 -0.029472
v -0.027072 0.261464 -0.037841
v -0.022870 0.239547 -0.035834
v -0.018662 0.240404 -0.042705
v -0.015808 0.219634 -0.040249
v -0.008665 0.220630 -0.047279
v -0.007348 0.200349 -0.044254
v 0.001816 0.201599 -0.049474
v 0.002105 0.180591 -0.046203
v -0.005676 0.179928 -0.041145
v 0.003147 0.157902 -0.042675
v -0.002992 0.157600 -0.038156
v 0.005271 0.134149 -0.039396
v 0.000597 0.133757 -0.035421
v 0.007823 0.110822 -0.037023
v 0.004023 0.110597 -0.033531
v 0.001376 0.110450 -0.029184
v 0.006031 0.087135 -0.032506
v 0.003766 0.087091 -0.028342
v 0.002582 0.087135 -0.023720
v 0.004207 0.063078 -0.028173
v 0.003216 0.063075 -0.023617
v 0.003667 0.063085 -0.019000
v 0.002826 0.087245 -0.018930
v 0.005144 0.063110 -0.014692
v 0.004486 0.087404 -0.014654
v 0.007705 0.063142 -0.010862
v 0.007208 0.087541 -0.010894
v 0.011207 0.063175 -0.007922
v 0.010699 0.087651 -0.007801
v 0.015229 0.063200 -0.005726
v 0.014876 0.087717 -0.005533
v 0.013939 0.112361 -0.005288
v 0.019448 0.087727 -0.004345
v 0.019325 0.112252 -0.003672
v 0.019482 0.136153 -0.002805
v 0.024884 0.111996 -0.003593
v 0.025859 0.135603 -0.002673
v 0.027636 0.158071 -0.001260
v 0.031908 0.135159 -0.004472
v 0.034548 0.157529 -0.003498
v 0.038495 0.178253 -0.002766
v 0.040423 0.157058 -0.007845
v 0.044854 0.177968 -0.007812
v 0.044351 0.156727 -0.013140
v 0.036900 0.134794 -0.008032
v 0.040397 0.134493 -0.012572
v 0.042641 0.134328 -0.017351
v 0.037712 0.111416 -0.012162
v 0.039791 0.111338 -0.016603
v 0.040717 0.111350 -0.021242
v 0.043569 0.134345 -0.022520
v 0.040495 0.111537 -0.025654
v 0.039151 0.087689 -0.020640
v 0.039004 0.087758 -0.025200
v 0.037586 0.087808 -0.029287
v 0.038397 0.111822 -0.029761
v 0.035003 0.087837 -0.032995
v 0.035349 0.111979 -0.033032
v 0.031619 0.087827 -0.036148
v 0.032026 0.112057 -0.036334
v 0.027507 0.087780 -0.038335
v 0.028000 0.112039 -0.038866
v 0.022946 0.087678 -0.039558
v 0.022934 0.111789 -0.040497
v 0.022761 0.135428 -0.042474
v 0.017564 0.111444 -0.040618
v 0.016812 0.134994 -0.043004
v 0.016760 0.158695 -0.045855
v 0.010844 0.134579 -0.041960
v 0.010093 0.158292 -0.045201
v 0.010307 0.181313 -0.048567
v 0.012485 0.111125 -0.039362
v 0.018106 0.087529 -0.039545
v 0.013484 0.087364 -0.038251
v 0.009270 0.087216 -0.035944
v 0.013711 0.063190 -0.038061
v 0.009664 0.063143 -0.035654
v 0.006375 0.063101 -0.032332
v 0.009686 0.039229 -0.035463
v 0.006474 0.039210 -0.032124
v 0.004369 0.039189 -0.028026
v 0.006290 0.020928 -0.031858
v 0.004411 0.020911 -0.027834
v 0.003631 0.020950 -0.023309
v 0.003410 0.039187 -0.023509
v 0.004037 0.021016 -0.018675
v 0.003837 0.039196 -0.018897
v 0.005674 0.021067 -0.014214
v 0.005398 0.039196 -0.014555
v 0.008538 0.021116 -0.010442
v 0.008105 0.039214 -0.010802
v 0.012139 0.021111 -0.007553
v 0.011579 0.039260 -0.007822
v 0.016191 0.021174 -0.005857
v 0.015626 0.039318 -0.005876
v 0.020368 0.021219 -0.005021
v 0.019981 0.039385 -0.004893
v 0.019686 0.063223 -0.004747
v 0.024431 0.039442 -0.005158
v 0.024281 0.063247 -0.004889
v 0.024326 0.087693 -0.004429
v 0.028658 0.063263 -0.006186
v 0.028980 0.087639 -0.005823
v 0.030047 0.111758 -0.005286
v 0.032849 0.087608 -0.008599
v 0.034405 0.111564 -0.008230
v 0.035971 0.087607 -0.012114
v 0.032465 0.063286 -0.008680
v 0.035618 0.063315 -0.011934
v 0.037698 0.063337 -0.015902
v 0.038142 0.087632 -0.016202
v 0.038819 0.063363 -0.020255
v 0.037607 0.039546 -0.015574
v 0.038801 0.039535 -0.019812
v 0.038824 0.039512 -0.024279
v 0.038766 0.063380 -0.024745
v 0.037724 0.039485 -0.028682
v 0.037487 0.063390 -0.029073
v 0.035410 0.039446 -0.032654
v 0.035036 0.063391 -0.032925
v 0.032072 0.039398 -0.035954
v 0.031625 0.063376 -0.036027
v 0.027865 0.039341 -0.038165
v 0.027494 0.063345 -0.038141
v 0.023148 0.039309 -0.039326
v 0.022976 0.063300 -0.039308
v 0.018309 0.039282 -0.039309
v 0.018259 0.063246 -0.039272
v 0.013714 0.039252 -0.037981
v 0.018202 0.021284 -0.039162
v 0.013490 0.021147 -0.037663
v 0.009463 0.021022 -0.035140
v 0.012791 0.010168 -0.037420
v 0.017603 0.010226 -0.039222
v 0.017208 0.002937 -0.037855
v 0.012572 0.002457 -0.035911
v 0.017717 0.000445 -0.033504
v 0.013663 0.000348 -0.031458
v 0.018624 0.000163 -0.028648
v 0.014471 0.000168 -0.026968
v 0.010294 0.000256 -0.025381
v 0.005378 0.001683 -0.024160
v 0.015219 0.000143 -0.022613
v 0.010594 0.000231 -0.020872
v 0.005805 0.001839 -0.019498
v 0.004116 0.009508 -0.018729
v 0.003689 0.009644 -0.023399
v 0.011503 0.000204 -0.016363
v 0.007256 0.001476 -0.014273
v 0.005990 0.009381 -0.013878
v 0.016423 0.000134 -0.018478
v 0.019561 0.000135 -0.024490
v 0.020760 0.000127 -0.020621
v 0.022473 0.000121 -0.016704
v 0.025052 0.000118 -0.022691
v 0.026497 0.000119 -0.019133
v 0.029339 0.000095 -0.024782
v 0.030456 0.000122 -0.021421
v 0.031860 0.000300 -0.017625
v 0.034675 0.000071 -0.023555
v 0.033914 0.002172 -0.013496
v 0.035104 0.009809 -0.011627
v 0.035284 0.021322 -0.011543
v 0.032346 0.021328 -0.008626
v 0.037501 0.021320 -0.015127
v 0.035461 0.039544 -0.011766
v 0.038707 0.021329 -0.019227
v 0.038913 0.021283 -0.023562
v 0.038453 0.010112 -0.026961
v 0.038184 0.021250 -0.028035
v 0.036546 0.010167 -0.031248
v 0.035990 0.021272 -0.032114
v 0.033382 0.010193 -0.035026
v 0.032693 0.021323 -0.035591
v 0.028933 0.010160 -0.037920
v 0.028395 0.021387 -0.038099
v 0.023416 0.010159 -0.039387
v 0.023405 0.021364 -0.039352
v 0.029104 0.002864 -0.037551
v 0.023137 0.002794 -0.038831
v 0.033774 0.002555 -0.034218
v 0.037025 0.002574 -0.030239
v 0.033727 0.000020 -0.027663
v 0.038596 0.002300 -0.025677
v 0.032439 0.039524 -0.008677
v 0.028681 0.039491 -0.006338
v 0.028741 0.021303 -0.006460
v 0.024601 0.021255 -0.005241
v -0.034802 0.283265 -0.032767
v -0.036541 0.282766 -0.025960
v -0.041743 0.305228 -0.027361
v -0.037506 0.282314 -0.018882
v -0.042905 0.305019 -0.020413
v -0.048541 0.327270 -0.021405
v -0.043093 0.305026 -0.014836
v -0.048216 0.327370 -0.015107
v -0.055137 0.349719 -0.015515
v -0.043005 0.328751 -0.017776
v -0.049366 0.351288 -0.017852
v -0.055797 0.374264 -0.018505
v -0.044032 0.352652 -0.022966
v -0.050693 0.375461 -0.023768
v -0.057151 0.398570 -0.024835
v -0.045700 0.376608 -0.028987
v -0.052022 0.399660 -0.030181
v -0.058083 0.422921 -0.031729
v -0.045134 0.400949 -0.037200
v -0.050835 0.424091 -0.039107
v -0.056557 0.447224 -0.041320
v -0.038185 0.425798 -0.050225
v -0.043276 0.448825 -0.053107
v -0.048264 0.471747 -0.056651
v -0.023332 0.450718 -0.067815
v -0.028165 0.473609 -0.071873
v -0.033282 0.496278 -0.076106
v -0.013869 0.474653 -0.081550
v -0.019175 0.497663 -0.085826
v -0.025649 0.520359 -0.090385
v -0.011089 0.498490 -0.090998
v -0.017611 0.521453 -0.095874
v -0.025003 0.543953 -0.101978
v -0.010335 0.522674 -0.100910
v -0.018009 0.545177 -0.107234
v -0.025714 0.567365 -0.114694
v -0.011421 0.546208 -0.112589
v -0.019318 0.568195 -0.120381
v -0.028494 0.590607 -0.127792
v -0.018348 0.566782 -0.126317
v -0.027931 0.589230 -0.133410
v -0.038989 0.610607 -0.140336
v -0.034721 0.585902 -0.133975
v -0.045672 0.606839 -0.140934
v -0.057538 0.627176 -0.148024
v -0.053166 0.602927 -0.140819
v -0.065005 0.623016 -0.147368
v -0.076919 0.643117 -0.153939
v -0.073251 0.619107 -0.145792
v -0.084671 0.639329 -0.152090
v -0.096369 0.659372 -0.158192
v -0.094414 0.635936 -0.148391
v -0.105275 0.656265 -0.154302
v -0.116304 0.676548 -0.159954
v -0.117556 0.653332 -0.146708
v -0.126780 0.673916 -0.153009
v -0.137010 0.694179 -0.159220
v -0.141537 0.672318 -0.139641
v -0.149106 0.692828 -0.147961
v -0.157127 0.713236 -0.155580
v -0.158084 0.693469 -0.136833
v -0.165158 0.713567 -0.146110
v -0.172210 0.733681 -0.154967
v -0.170161 0.714987 -0.138410
v -0.176867 0.734909 -0.148355
v -0.183525 0.754587 -0.158080
v -0.180095 0.736864 -0.142204
v -0.186645 0.756297 -0.152702
v -0.193589 0.774887 -0.163752
v -0.188671 0.758721 -0.147183
v -0.195661 0.777173 -0.158924
v -0.196117 0.780238 -0.154116
v -0.208065 0.827579 -0.201885
v -0.206582 0.827681 -0.203499
v -0.196267 0.809369 -0.196417
v -0.205034 0.827923 -0.204996
v -0.193733 0.809993 -0.198945
v -0.182729 0.791926 -0.193220
v -0.191062 0.811124 -0.201711
v -0.179293 0.793514 -0.196198
v -0.167482 0.775708 -0.190864
v -0.175666 0.795501 -0.198774
v -0.163066 0.778218 -0.193507
v -0.150430 0.760347 -0.188415
v -0.158467 0.781218 -0.195261
v -0.145226 0.763700 -0.190071
v -0.132133 0.745345 -0.184943
v -0.140652 0.767443 -0.189204
v -0.127055 0.749348 -0.184131
v -0.113541 0.730409 -0.179047
v -0.127444 0.750845 -0.178101
v -0.113732 0.732329 -0.172658
v -0.100351 0.713419 -0.166860
v -0.117735 0.731486 -0.166672
v -0.104658 0.712569 -0.160898
v -0.091575 0.693315 -0.154796
v -0.109149 0.711546 -0.155124
v -0.096274 0.692224 -0.149056
v -0.083452 0.672148 -0.142582
v -0.101934 0.690841 -0.142358
v -0.089351 0.670635 -0.135843
v -0.077822 0.649912 -0.128894
v -0.097826 0.668770 -0.126674
v -0.087137 0.648142 -0.119442
v -0.077845 0.627293 -0.111986
v -0.103728 0.646756 -0.103774
v -0.095468 0.625813 -0.095935
v -0.087745 0.604311 -0.089045
v -0.109585 0.625289 -0.083191
v -0.101701 0.603643 -0.076319
v -0.094305 0.581891 -0.069824
v -0.109307 0.603354 -0.069630
v -0.101901 0.581674 -0.063049
v -0.094406 0.559870 -0.056485
v -0.108507 0.581449 -0.057232
v -0.100826 0.559797 -0.050513
v -0.093598 0.537830 -0.044005
v -0.107149 0.559642 -0.045013
v -0.099769 0.537823 -0.038077
v -0.092881 0.515129 -0.032184
v -0.105820 0.536180 -0.037187
v -0.099013 0.513641 -0.030962
v -0.092642 0.490439 -0.026043
v -0.099040 0.511836 -0.037887
v -0.092597 0.489132 -0.032791
v -0.086112 0.465924 -0.029358
v -0.091666 0.487790 -0.040630
v -0.084999 0.465192 -0.036963
v -0.078735 0.442199 -0.034164
v -0.083073 0.464542 -0.044856
v -0.076836 0.441804 -0.041633
v -0.070359 0.418861 -0.039125
v -0.072996 0.441328 -0.051859
v -0.066651 0.418709 -0.048682
v -0.060344 0.396368 -0.046757
v -0.056431 0.418719 -0.065187
v -0.051040 0.396565 -0.061271
v -0.045918 0.374209 -0.057590
v -0.032092 0.398010 -0.077437
v -0.027678 0.375472 -0.072937
v -0.023720 0.353087 -0.068699
v -0.009564 0.377397 -0.080380
v -0.006883 0.354442 -0.075602
v -0.004872 0.331415 -0.071475
v 0.003821 0.355473 -0.077417
v 0.005438 0.332128 -0.073083
v 0.006908 0.308879 -0.068662
v 0.013224 0.332882 -0.073312
v 0.014873 0.309580 -0.068746
v 0.016625 0.286602 -0.064149
v 0.022164 0.310362 -0.068294
v 0.023943 0.287227 -0.063262
v 0.025400 0.264300 -0.058543
v 0.030823 0.287838 -0.062263
v 0.032079 0.264482 -0.057289
v 0.032467 0.241827 -0.053222
v 0.031229 0.264938 -0.053982
v 0.030188 0.242276 -0.049241
v 0.023166 0.242638 -0.046163
v 0.013122 0.217632 -0.036140
v 0.012599 0.216634 -0.033300
v 0.014589 0.218043 -0.034446
v 0.015228 0.224602 -0.033907
v 0.012152 0.223107 -0.032135
v 0.013208 0.238476 -0.031297
v 0.010314 0.220970 -0.029950
v 0.009687 0.237853 -0.027511
v 0.043339 0.671614 -0.072034
v 0.052971 0.690824 -0.080883
v 0.024068 0.697751 -0.080712
v 0.028010 0.721365 -0.084703
v 0.055472 0.713973 -0.085446
v 0.001813 0.727008 -0.077652
v 0.004326 0.751271 -0.076885
v 0.031657 0.745711 -0.084253
v -0.023396 0.731180 -0.064433
v -0.021844 0.754921 -0.063004
v -0.019082 0.778080 -0.058291
v 0.007340 0.775108 -0.072368
v -0.045962 0.732925 -0.045887
v -0.045062 0.756294 -0.043498
v -0.042396 0.778912 -0.038537
v -0.039020 0.801219 -0.032559
v -0.015782 0.800718 -0.052008
v -0.063100 0.754940 -0.018971
v -0.060579 0.777326 -0.013992
v -0.056901 0.799644 -0.008237
v -0.052651 0.821978 -0.001985
v -0.035228 0.823609 -0.026151
v -0.072691 0.773614 0.013285
v -0.068705 0.796235 0.018840
v -0.064066 0.818775 0.024862
v -0.059785 0.841491 0.031023
v -0.048270 0.844225 0.004513
v -0.074090 0.791589 0.046208
v -0.069556 0.814799 0.051795
v -0.064817 0.838043 0.057787
v -0.058927 0.860863 0.064209
v -0.054362 0.863694 0.037596
v -0.069516 0.810799 0.075868
v -0.064420 0.834624 0.081547
v -0.058144 0.858245 0.087218
v -0.050961 0.881246 0.092352
v -0.052235 0.883055 0.070886
v -0.061880 0.832413 0.096243
v -0.055346 0.856727 0.100921
v -0.048189 0.880291 0.104601
v -0.040579 0.902998 0.107180
v -0.052538 0.855919 0.109282
v -0.045573 0.879774 0.112468
v -0.059449 0.831043 0.104772
v -0.066967 0.808189 0.091031
v -0.064755 0.806772 0.099411
v -0.062691 0.805648 0.105710
v -0.069071 0.782760 0.094586
v -0.067031 0.782011 0.100363
v -0.064896 0.781427 0.105660
v -0.070646 0.756436 0.095891
v -0.068680 0.755504 0.100839
v -0.062680 0.780829 0.110422
v -0.072681 0.757488 0.090374
v -0.071460 0.784097 0.086208
v -0.075176 0.759177 0.082072
v -0.074094 0.786962 0.070673
v -0.078001 0.762679 0.066216
v -0.078189 0.768288 0.041144
v -0.075046 0.751018 0.008336
v -0.063453 0.732049 -0.022326
v -0.048476 0.885367 0.044452
v -0.043485 0.866175 0.011194
v -0.031086 0.845876 -0.019493
v -0.012311 0.823288 -0.045326
v 0.010646 0.798414 -0.065901
v 0.035145 0.770166 -0.080411
v 0.058946 0.738108 -0.085584
v -0.049812 0.690466 0.114484
v 0.217716 0.521765 0.209520
v -0.054296 0.749816 0.119911
v -0.044496 0.777785 0.114477
v -0.041624 0.782471 0.117757
v -0.044039 0.782436 0.113959
v -0.046429 0.780369 0.110993
v -0.045654 0.766113 0.114449
v -0.048931 0.763909 0.108466
v -0.050652 0.756187 0.106022
v -0.048221 0.754905 0.109932
v -0.046439 0.753182 0.113010
v -0.044173 0.762085 0.117616
v -0.034680 0.788563 0.126102
v -0.036221 0.794018 0.122653
v -0.039561 0.801878 0.115531
v -0.043343 0.793625 0.112955
v -0.031560 0.807205 0.125664
v -0.034539 0.813417 0.118573
v -0.039148 0.807585 0.114150
v -0.028613 0.798629 0.133956
v -0.030890 0.790459 0.132019
v -0.032513 0.827845 0.115661
v -0.036450 0.817419 0.114214
v -0.027100 0.841822 0.113537
v -0.026753 0.804643 0.135271
v -0.020662 0.876093 0.102057
v -0.016775 0.886428 0.099230
v -0.013695 0.895475 0.095573
v -0.053023 0.718765 0.098356
v -0.052035 0.721971 0.102266
v -0.056402 0.726580 0.095538
v -0.057096 0.718358 0.092088
v -0.057556 0.701604 0.088358
v -0.055753 0.701024 0.090513
v -0.009169 0.910020 0.077651
v 0.011861 0.940668 0.062441
v 0.014384 0.929738 0.066566
v 0.014177 0.937080 0.062944
v 0.162670 0.872388 0.074449
v 0.158675 0.856001 0.084546
v 0.155009 0.838178 0.113146
v 0.153771 0.833142 0.110812
v 0.154137 0.840751 0.110862
v 0.131179 0.801256 -0.037257
v 0.117842 0.754123 -0.056505
v 0.120440 0.755765 -0.052394
v 0.112897 0.740618 -0.057027
v 0.120282 0.746593 -0.050739
v 0.113770 0.734612 -0.054489
v 0.124592 0.747557 -0.046385
v 0.118690 0.736255 -0.049059
v 0.016605 0.950458 0.047399
v -0.007574 0.847095 0.152981
v 0.139231 0.904110 -0.002668
v 0.139142 0.903347 -0.001021
v 0.139966 0.847630 -0.013233
v 0.137474 0.848899 -0.014575
v 0.137092 0.848531 -0.014920
v 0.143007 0.847334 -0.011476
v 0.142389 0.855086 -0.010154
v 0.137966 0.855010 -0.013061
v 0.139003 0.859526 -0.011550
v 0.142282 0.859047 -0.009212
v 0.144783 0.859638 -0.007215
v 0.146083 0.854080 -0.008237
v 0.146111 0.847047 -0.010884
v 0.142852 0.862607 -0.007836
v 0.150330 0.869843 -0.002585
v 0.142721 0.865481 -0.007238
v 0.148608 0.870782 -0.001633
v 0.142292 0.868177 -0.006927
v 0.147009 0.872408 -0.001924
v 0.141257 0.871037 -0.007166
v 0.146027 0.874395 -0.002098
v 0.139284 0.866087 -0.010182
v 0.139024 0.867800 -0.010165
v 0.139569 0.864204 -0.010200
v 0.139427 0.862203 -0.010681
v -0.064928 0.696652 0.089897
v -0.064392 0.697511 0.088971
v -0.064361 0.697377 0.088888
v -0.064213 0.695949 0.088376
v -0.065100 0.695276 0.089946
v -0.064195 0.694388 0.088118
v -0.064951 0.694059 0.089414
v -0.064179 0.692978 0.087885
v -0.065270 0.693195 0.089864
v -0.063980 0.691374 0.087363
v -0.064272 0.691228 0.087977
v -0.063870 0.691076 0.087162
v -0.064922 0.696928 0.089946
v -0.064989 0.694809 0.089723
v -0.056775 0.712026 0.105155
v -0.058581 0.712730 0.106641
v -0.054689 0.719209 0.106785
v -0.056403 0.721331 0.108895
v -0.057317 0.712237 0.105601
v -0.056106 0.715978 0.106313
v -0.055451 0.715876 0.105831
v -0.058423 0.716364 0.108061
v -0.057371 0.716269 0.107292
v -0.058312 0.712625 0.106420
v -0.055136 0.719762 0.107334
v -0.056087 0.720940 0.108506
v -0.055590 0.720325 0.107894
v -0.056738 0.716134 0.106803
v -0.057842 0.712442 0.106033
vt 0.865231 0.656655
vt 0.860923 0.652199
vt 0.876462 0.647595
vt 0.876952 0.654622
vt 0.860564 0.663918
vt 0.851668 0.660838
vt 0.876255 0.664868
vt 0.541224 0.503839
vt 0.547424 0.504286
vt 0.546436 0.509866
vt 0.541334 0.509986
vt 0.544405 0.497766
vt 0.548831 0.499512
vt 0.535120 0.511936
vt 0.533886 0.507310
vt 0.226565 0.099955
vt 0.220691 0.099650
vt 0.220799 0.093438
vt 0.226565 0.093183
vt 0.270989 0.269347
vt 0.268678 0.277217
vt 0.263863 0.276865
vt 0.263863 0.269348
vt 0.194370 0.591754
vt 0.197448 0.588872
vt 0.200079 0.591633
vt 0.197011 0.595288
vt 0.313193 0.302278
vt 0.311961 0.305812
vt 0.308260 0.302451
vt 0.311468 0.299193
vt 0.226179 0.082781
vt 0.226345 0.087703
vt 0.221040 0.087915
vt 0.222165 0.083351
vt 0.090309 0.043167
vt 0.090309 0.034344
vt 0.099555 0.029207
vt 0.099955 0.039310
vt 0.271315 0.197000
vt 0.276438 0.196124
vt 0.277653 0.202131
vt 0.266979 0.202104
vt 0.298811 0.306779
vt 0.292917 0.304237
vt 0.296243 0.296956
vt 0.300916 0.301335
vt 0.210840 0.513020
vt 0.213644 0.528157
vt 0.195764 0.529932
vt 0.202234 0.516964
vt 0.221516 0.511599
vt 0.225132 0.525425
vt 0.299424 0.202433
vt 0.293456 0.203810
vt 0.293065 0.194753
vt 0.296923 0.191904
vt 0.668969 0.665216
vt 0.651664 0.674001
vt 0.649884 0.669635
vt 0.663188 0.659565
vt 0.669897 0.656816
vt 0.681363 0.653278
vt 0.687176 0.662424
vt 0.666715 0.656902
vt 0.088440 0.771137
vt 0.084172 0.784345
vt 0.075010 0.781424
vt 0.083540 0.764030
vt 0.100291 0.768762
vt 0.099665 0.788052
vt 0.098998 0.756249
vt 0.160079 0.140528
vt 0.154003 0.144828
vt 0.151085 0.139918
vt 0.158149 0.136011
vt 0.064415 0.080059
vt 0.061839 0.084406
vt 0.055271 0.068512
vt 0.061803 0.068233
vt 0.171215 0.145761
vt 0.166115 0.150228
vt 0.248120 0.587084
vt 0.243110 0.590804
vt 0.242006 0.564037
vt 0.249058 0.565120
vt 0.253220 0.589981
vt 0.249279 0.604173
vt 0.248970 0.537042
vt 0.251969 0.532569
vt 0.253220 0.536788
vt 0.252875 0.550070
vt 0.109355 0.099955
vt 0.104352 0.071643
vt 0.111061 0.068927
vt 0.111061 0.094225
vt 0.054338 0.733442
vt 0.059431 0.743020
vt 0.051202 0.744424
vt 0.047573 0.737283
vt 0.923357 0.183798
vt 0.903010 0.194353
vt 0.906510 0.170388
vt 0.925433 0.165520
vt 0.928472 0.169505
vt 0.925379 0.178268
vt 0.064633 0.404263
vt 0.060209 0.380125
vt 0.065580 0.379594
vt 0.068858 0.400343
vt 0.079964 0.316611
vt 0.077583 0.338454
vt 0.072184 0.338927
vt 0.072398 0.315820
vt 0.072184 0.293572
vt 0.076570 0.292787
vt 0.260060 0.152021
vt 0.263884 0.156308
vt 0.262991 0.174912
vt 0.260060 0.175477
vt 0.264575 0.149403
vt 0.266547 0.152140
vt 0.237110 0.321549
vt 0.237110 0.301019
vt 0.246556 0.314359
vt 0.241849 0.322078
vt 0.257662 0.328616
vt 0.256271 0.333184
vt 0.249245 0.332064
vt 0.249245 0.314748
vt 0.115051 0.138913
vt 0.115446 0.146504
vt 0.112585 0.146160
vt 0.112853 0.138411
vt 0.058026 0.528348
vt 0.054053 0.528651
vt 0.052344 0.521392
vt 0.056735 0.521241
vt 0.339004 0.148426
vt 0.338241 0.146401
vt 0.342330 0.146614
vt 0.342657 0.150082
vt 0.012939 0.129329
vt 0.012138 0.136262
vt 0.004241 0.134937
vt 0.000961 0.124140
vt 0.679695 0.718808
vt 0.666102 0.717452
vt 0.663189 0.707028
vt 0.670851 0.705371
vt 0.960427 0.560467
vt 0.960737 0.571276
vt 0.946897 0.559740
vt 0.957480 0.540681
vt 0.479886 0.321543
vt 0.480248 0.317354
vt 0.486616 0.318095
vt 0.482393 0.323387
vt 0.131965 0.439282
vt 0.132207 0.435985
vt 0.139035 0.436366
vt 0.136220 0.440042
vt 0.131715 0.443888
vt 0.128411 0.441890
vt 0.486501 0.321373
vt 0.488655 0.316589
vt 0.488399 0.319730
vt 0.484768 0.325800
vt 0.150015 0.068858
vt 0.144630 0.066708
vt 0.144121 0.063241
vt 0.150309 0.063398
vt 0.585106 0.540435
vt 0.587846 0.536473
vt 0.592061 0.541623
vt 0.589586 0.545227
vt 0.515324 0.336349
vt 0.513567 0.341535
vt 0.508727 0.338095
vt 0.512291 0.332613
vt 0.084407 0.133098
vt 0.084407 0.139937
vt 0.081994 0.139473
vt 0.083641 0.128921
vt 0.231512 0.250456
vt 0.232612 0.252901
vt 0.229321 0.250087
vt 0.227415 0.246593
vt 0.229116 0.245141
vt 0.240888 0.245009
vt 0.240684 0.247637
vt 0.230465 0.247906
vt 0.068068 0.024518
vt 0.068058 0.021876
vt 0.068858 0.022125
vt 0.068058 0.026655
vt 0.447666 0.201878
vt 0.448154 0.201842
vt 0.449220 0.200777
vt 0.449860 0.202396
vt 0.014874 0.039982
vt 0.014715 0.038773
vt 0.015549 0.038046
vt 0.015549 0.039923
vt 0.450151 0.204080
vt 0.447444 0.203182
vt 0.450405 0.205904
vt 0.448161 0.204028
vt 0.045651 0.057752
vt 0.045651 0.053993
vt 0.046532 0.052954
vt 0.046646 0.056005
vt 0.455476 0.210542
vt 0.453929 0.208424
vt 0.462704 0.210871
vt 0.461219 0.212283
vt 0.066637 0.031097
vt 0.065074 0.031097
vt 0.066308 0.029728
vt 0.066104 0.028301
vt 0.231714 0.241508
vt 0.232944 0.238247
vt 0.239619 0.236480
vt 0.241012 0.238117
vt 0.038889 0.048599
vt 0.038889 0.038599
vt 0.039982 0.039249
vt 0.039363 0.048867
vt 0.004442 0.117399
vt 0.003679 0.117725
vt 0.003954 0.110589
vt 0.004442 0.108445
vt 0.228201 0.242184
vt 0.229005 0.239939
vt 0.240375 0.249856
vt 0.229615 0.247481
vt 0.239692 0.254552
vt 0.238946 0.256373
vt 0.231069 0.248306
vt 0.239593 0.252713
vt 0.454716 0.197320
vt 0.464577 0.197329
vt 0.464232 0.199680
vt 0.452487 0.199621
vt 0.083836 0.129668
vt 0.082154 0.126764
vt 0.083356 0.124337
vt 0.080382 0.138172
vt 0.016881 0.979344
vt 0.026003 0.973147
vt 0.029701 0.978589
vt 0.016389 0.984250
vt 0.012287 0.979131
vt 0.022512 0.968581
vt 0.010092 0.985057
vt 0.211367 0.064415
vt 0.209044 0.049725
vt 0.212161 0.049013
vt 0.215459 0.064081
vt 0.486915 0.350332
vt 0.483991 0.347499
vt 0.482795 0.342966
vt 0.484075 0.340365
vt 0.205167 0.064319
vt 0.205167 0.048768
vt 0.493214 0.339389
vt 0.498229 0.343502
vt 0.492523 0.353417
vt 0.000474 0.992719
vt 0.002206 0.989620
vt 0.009025 0.989662
vt 0.007794 0.995201
vt 0.147576 0.057799
vt 0.147975 0.056691
vt 0.151043 0.058981
vt 0.510911 0.345417
vt 0.503651 0.347415
vt 0.773634 0.204831
vt 0.761614 0.201185
vt 0.770167 0.181811
vt 0.783629 0.193046
vt 0.792760 0.207915
vt 0.776813 0.216536
vt 0.760757 0.218005
vt 0.145277 0.058468
vt 0.479252 0.333871
vt 0.487195 0.335111
vt 0.479916 0.339299
vt 0.488962 0.328064
vt 0.142549 0.432400
vt 0.154858 0.442947
vt 0.151991 0.446018
vt 0.477857 0.328877
vt 0.146810 0.428838
vt 0.158508 0.439232
vt 0.479762 0.343516
vt 0.782771 0.254960
vt 0.781076 0.232304
vt 0.797882 0.225867
vt 0.800675 0.245694
vt 0.769047 0.276694
vt 0.758733 0.275806
vt 0.763839 0.254553
vt 0.790963 0.265408
vt 0.774533 0.277971
vt 0.804261 0.257612
vt 0.794708 0.275789
vt 0.807694 0.270710
vt 0.779349 0.282406
vt 0.811848 0.289871
vt 0.803512 0.291266
vt 0.165747 0.339118
vt 0.164710 0.315433
vt 0.174237 0.323873
vt 0.170713 0.338535
vt 0.172458 0.340435
vt 0.169861 0.344093
vt 0.172649 0.353913
vt 0.164710 0.355396
vt 0.930392 0.666871
vt 0.918184 0.664471
vt 0.919376 0.654515
vt 0.935272 0.660135
vt 0.944445 0.675030
vt 0.934357 0.679007
vt 0.917049 0.681673
vt 0.157299 0.568034
vt 0.163451 0.571710
vt 0.150909 0.582577
vt 0.147843 0.574886
vt 0.143799 0.564755
vt 0.158253 0.558503
vt 0.169188 0.558145
vt 0.391996 0.799505
vt 0.396200 0.792798
vt 0.404299 0.799119
vt 0.401350 0.805390
vt 0.327449 0.293422
vt 0.335335 0.293479
vt 0.334920 0.299299
vt 0.327904 0.301115
vt 0.132588 0.613881
vt 0.131387 0.624913
vt 0.123951 0.625719
vt 0.125358 0.615727
vt 0.332467 0.286094
vt 0.337626 0.287399
vt 0.196385 0.344485
vt 0.200074 0.343668
vt 0.200590 0.348975
vt 0.195418 0.349248
vt 0.124150 0.602362
vt 0.124954 0.607371
vt 0.120253 0.607367
vt 0.121666 0.601200
vt 0.123735 0.598509
vt 0.125876 0.600384
vt 0.270947 0.292588
vt 0.267163 0.293202
vt 0.265360 0.289216
vt 0.270057 0.288933
vt 0.199659 0.167271
vt 0.199329 0.163437
vt 0.203073 0.165075
vt 0.201517 0.169345
vt 0.419688 0.777535
vt 0.442758 0.798044
vt 0.436862 0.801543
vt 0.416552 0.791676
vt 0.405795 0.787850
vt 0.407448 0.773449
vt 0.427756 0.773273
vt 0.446350 0.795383
vt 0.412874 0.750216
vt 0.419773 0.749031
vt 0.405237 0.749570
vt 0.150799 0.518751
vt 0.155809 0.540992
vt 0.136631 0.548854
vt 0.135524 0.526778
vt 0.189964 0.064415
vt 0.189964 0.047302
vt 0.202077 0.052153
vt 0.202131 0.060886
vt 0.153254 0.497043
vt 0.166273 0.495550
vt 0.168590 0.519170
vt 0.169795 0.539578
vt 0.122916 0.631803
vt 0.116794 0.634971
vt 0.117629 0.626077
vt 0.130262 0.632488
vt 0.296548 0.184425
vt 0.289588 0.191536
vt 0.291889 0.181758
vt 0.228883 0.512837
vt 0.232595 0.509554
vt 0.239322 0.522747
vt 0.233053 0.523733
vt 0.028776 0.615910
vt 0.024545 0.618248
vt 0.023415 0.613704
vt 0.029479 0.612174
vt 0.031426 0.620051
vt 0.026240 0.623504
vt 0.034631 0.614856
vt 0.215564 0.553401
vt 0.214437 0.540804
vt 0.225692 0.538166
vt 0.223771 0.547603
vt 0.229590 0.549762
vt 0.223134 0.559022
vt 0.217578 0.568941
vt 0.213197 0.565347
vt 0.328741 0.114966
vt 0.327834 0.127211
vt 0.321200 0.127823
vt 0.318800 0.118769
vt 0.205366 0.555712
vt 0.200317 0.545179
vt 0.233770 0.537287
vt 0.761314 0.412676
vt 0.754004 0.423557
vt 0.751046 0.424454
vt 0.758185 0.408873
vt 0.167133 0.973466
vt 0.164658 0.971466
vt 0.177081 0.963684
vt 0.177371 0.964919
vt 0.256672 0.606679
vt 0.258175 0.592097
vt 0.263031 0.592493
vt 0.262855 0.608615
vt 0.010938 0.077256
vt 0.011106 0.077743
vt 0.009530 0.075097
vt 0.011106 0.072509
vt 0.113722 0.208795
vt 0.113954 0.203460
vt 0.114854 0.193441
vt 0.117725 0.193383
vt 0.145006 0.983527
vt 0.143480 0.980339
vt 0.762754 0.387589
vt 0.767302 0.388866
vt 0.188057 0.950491
vt 0.188475 0.950192
vt 0.186537 0.959345
vt 0.183198 0.957709
vt 0.748992 0.433008
vt 0.741253 0.435796
vt 0.739169 0.430648
vt 0.748078 0.421306
vt 0.190469 0.948341
vt 0.184838 0.950896
vt 0.187439 0.947537
vt 0.187911 0.943882
vt 0.190527 0.945053
vt 0.613853 0.418793
vt 0.615446 0.416149
vt 0.617506 0.419592
vt 0.614736 0.421662
vt 0.610730 0.418370
vt 0.612302 0.414717
vt 0.610134 0.422294
vt 0.180156 0.955542
vt 0.256672 0.546656
vt 0.262933 0.546665
vt 0.263968 0.570652
vt 0.258961 0.571260
vt 0.193393 0.890483
vt 0.195468 0.915366
vt 0.192716 0.916186
vt 0.187798 0.890814
vt 0.172356 0.866928
vt 0.175431 0.865782
vt 0.462015 0.838627
vt 0.438062 0.855926
vt 0.438404 0.851908
vt 0.456741 0.834894
vt 0.731250 0.419817
vt 0.733967 0.414249
vt 0.739787 0.415870
vt 0.735452 0.422822
vt 0.549864 0.828945
vt 0.548321 0.817463
vt 0.554442 0.818249
vt 0.554711 0.833112
vt 0.722389 0.428084
vt 0.721269 0.422795
vt 0.562721 0.408890
vt 0.551461 0.401592
vt 0.566823 0.396616
vt 0.574475 0.409209
vt 0.562478 0.418298
vt 0.549566 0.413523
vt 0.578023 0.419612
vt 0.528157 0.413245
vt 0.528993 0.402962
vt 0.527275 0.392229
vt 0.546169 0.386739
vt 0.558840 0.381311
vt 0.546102 0.423155
vt 0.526147 0.421186
vt 0.562247 0.425479
vt 0.606450 0.327059
vt 0.622748 0.322503
vt 0.629764 0.338570
vt 0.620052 0.350722
vt 0.607732 0.315883
vt 0.623035 0.313379
vt 0.186560 0.064416
vt 0.180549 0.061846
vt 0.180367 0.055894
vt 0.186583 0.056179
vt 0.042051 0.565721
vt 0.042051 0.557001
vt 0.048742 0.557310
vt 0.048458 0.568026
vt 0.022212 0.048672
vt 0.019939 0.051577
vt 0.020644 0.053309
vt 0.019939 0.046823
vt 0.120228 0.858101
vt 0.117026 0.863592
vt 0.108349 0.860556
vt 0.110870 0.856961
vt 0.109019 0.856312
vt 0.108096 0.852894
vt 0.565592 0.763927
vt 0.578759 0.758634
vt 0.579760 0.775451
vt 0.563331 0.776193
vt 0.427214 0.827690
vt 0.432510 0.817613
vt 0.441044 0.821769
vt 0.431533 0.834492
vt 0.411689 0.837997
vt 0.412685 0.827534
vt 0.636751 0.674571
vt 0.654034 0.682909
vt 0.634079 0.682499
vt 0.275805 0.173222
vt 0.275639 0.165122
vt 0.288759 0.162677
vt 0.279900 0.180322
vt 0.612588 0.646760
vt 0.614089 0.641326
vt 0.623156 0.649131
vt 0.614646 0.651801
vt 0.117871 0.144913
vt 0.122167 0.150637
vt 0.119368 0.156666
vt 0.114657 0.155479
vt 0.601482 0.652863
vt 0.626369 0.663227
vt 0.616166 0.669879
vt 0.172141 0.237277
vt 0.170787 0.231326
vt 0.175491 0.231620
vt 0.175882 0.238268
vt 0.174793 0.242654
vt 0.170281 0.240146
vt 0.164311 0.237583
vt 0.174907 0.249392
vt 0.170117 0.246209
vt 0.556188 0.871245
vt 0.542809 0.870708
vt 0.546147 0.852966
vt 0.562840 0.862600
vt 0.575465 0.885403
vt 0.564068 0.889752
vt 0.546360 0.895862
vt 0.137095 0.214896
vt 0.131138 0.204227
vt 0.141449 0.200981
vt 0.146074 0.218211
vt 0.130467 0.219731
vt 0.117538 0.209784
vt 0.142600 0.232614
vt 0.134682 0.239265
vt 0.121298 0.222929
vt 0.110997 0.040322
vt 0.133881 0.043315
vt 0.130060 0.051317
vt 0.114923 0.049769
vt 0.153076 0.218172
vt 0.152631 0.235598
vt 0.158866 0.042262
vt 0.159931 0.048349
vt 0.152487 0.051403
vt 0.146549 0.049134
vt 0.138664 0.036759
vt 0.143235 0.030081
vt 0.166797 0.033207
vt 0.039775 0.826824
vt 0.035654 0.822822
vt 0.053316 0.824052
vt 0.053092 0.831805
vt 0.032059 0.828282
vt 0.029697 0.822787
vt 0.029302 0.819835
vt 0.023229 0.824747
vt 0.008297 0.818424
vt 0.011889 0.816125
vt 0.144380 0.337258
vt 0.144380 0.353991
vt 0.142275 0.359838
vt 0.138568 0.338987
vt 0.802950 0.932571
vt 0.785796 0.956142
vt 0.778777 0.940493
vt 0.791518 0.928711
vt 0.817527 0.913689
vt 0.828517 0.936814
vt 0.817137 0.938799
vt 0.790180 0.915686
vt 0.768945 0.924776
vt 0.836230 0.716941
vt 0.839623 0.727134
vt 0.818921 0.728183
vt 0.813738 0.712786
vt 0.820058 0.953614
vt 0.804060 0.972896
vt 0.787116 0.971388
vt 0.817337 0.948624
vt 0.678766 0.733004
vt 0.668446 0.729105
vt 0.982784 0.523944
vt 0.982359 0.539104
vt 0.973891 0.540977
vt 0.971393 0.533618
vt 0.968653 0.517699
vt 0.135495 0.375253
vt 0.127613 0.377608
vt 0.127613 0.359028
vt 0.131958 0.361795
vt 0.508303 0.359838
vt 0.516477 0.344060
vt 0.521013 0.349570
vt 0.517994 0.358993
vt 0.373631 0.444155
vt 0.382572 0.451017
vt 0.378956 0.457908
vt 0.367531 0.450064
vt 0.289596 0.125554
vt 0.292207 0.111024
vt 0.297644 0.112922
vt 0.297644 0.131052
vt 0.282585 0.408822
vt 0.284730 0.401730
vt 0.298493 0.410804
vt 0.293241 0.417354
vt 0.208795 0.039982
vt 0.199541 0.029717
vt 0.203097 0.022772
vt 0.208795 0.025215
vt 0.334853 0.127457
vt 0.335108 0.123896
vt 0.338940 0.121288
vt 0.340321 0.125497
vt 0.341551 0.129668
vt 0.336797 0.131413
vt 0.332603 0.133204
vt 0.332443 0.129914
vt 0.006884 0.559749
vt 0.009404 0.551765
vt 0.013142 0.552796
vt 0.010505 0.559020
vt 0.004073 0.557705
vt 0.005796 0.550901
vt 0.171658 0.295815
vt 0.176450 0.300771
vt 0.173323 0.304165
vt 0.168173 0.298816
vt 0.000917 0.558061
vt 0.002313 0.550151
vt 0.338681 0.135572
vt 0.332443 0.139581
vt 0.104002 0.135485
vt 0.106934 0.137466
vt 0.105389 0.145109
vt 0.101582 0.144631
vt 0.340263 0.139435
vt 0.335347 0.141306
vt 0.097308 0.144028
vt 0.098296 0.135843
vt 0.467566 0.318544
vt 0.453705 0.319580
vt 0.454702 0.310987
vt 0.475657 0.313176
vt 0.308942 0.000904
vt 0.317988 0.003814
vt 0.317111 0.007463
vt 0.302570 0.006248
vt 0.005685 0.439802
vt 0.003612 0.433230
vt 0.009249 0.434345
vt 0.011532 0.438766
vt 0.466377 0.324351
vt 0.454540 0.327551
vt 0.392296 0.463215
vt 0.390573 0.469247
vt 0.533094 0.356899
vt 0.526320 0.352016
vt 0.219901 0.035293
vt 0.213730 0.039982
vt 0.213904 0.034489
vt 0.218330 0.030351
vt 0.921735 0.896445
vt 0.908632 0.901392
vt 0.899527 0.883902
vt 0.903159 0.879081
vt 0.930838 0.915748
vt 0.916156 0.919997
vt 0.036019 0.674156
vt 0.058960 0.681531
vt 0.059611 0.689852
vt 0.040300 0.689753
vt 0.581911 0.502403
vt 0.581961 0.520737
vt 0.577032 0.528380
vt 0.577113 0.508481
vt 0.718131 0.016388
vt 0.716641 0.019704
vt 0.708732 0.016081
vt 0.709229 0.001211
vt 0.724119 0.018796
vt 0.722062 0.020926
vt 0.123080 0.099955
vt 0.123080 0.088066
vt 0.128401 0.089031
vt 0.128831 0.097350
vt 0.167088 0.387231
vt 0.166668 0.378401
vt 0.180094 0.383826
vt 0.177864 0.391074
vt 0.870497 0.305589
vt 0.871527 0.290739
vt 0.880700 0.295467
vt 0.880712 0.314607
vt 0.354632 0.140937
vt 0.355078 0.137483
vt 0.359724 0.138180
vt 0.357758 0.142942
vt 0.351863 0.141802
vt 0.351384 0.137483
vt 0.354275 0.145939
vt 0.320351 0.431363
vt 0.306673 0.422382
vt 0.312865 0.419317
vt 0.329466 0.426268
vt 0.347071 0.439241
vt 0.341865 0.443018
vt 0.320189 0.435535
vt 0.268752 0.154800
vt 0.272499 0.156769
vt 0.273211 0.164477
vt 0.268752 0.168813
vt 0.307307 0.432767
vt 0.300167 0.426628
vt 0.228250 0.164034
vt 0.228802 0.167153
vt 0.225094 0.166809
vt 0.225920 0.162568
vt 0.233877 0.087752
vt 0.240811 0.088476
vt 0.240438 0.092617
vt 0.232978 0.090878
vt 0.000449 0.016023
vt 0.001086 0.012997
vt 0.008346 0.015907
vt 0.006489 0.019277
vt 0.946601 0.912872
vt 0.948098 0.901576
vt 0.970466 0.915603
vt 0.958453 0.927693
vt 0.941549 0.937854
vt 0.709964 0.521584
vt 0.714411 0.520837
vt 0.718504 0.522193
vt 0.714030 0.522423
vt 0.706349 0.072560
vt 0.705534 0.086375
vt 0.702993 0.086221
vt 0.705181 0.069063
vt 0.024089 0.388308
vt 0.024053 0.391838
vt 0.022806 0.395378
vt 0.022356 0.392172
vt 0.023672 0.374412
vt 0.026481 0.374652
vt 0.118800 0.275793
vt 0.119258 0.275359
vt 0.119523 0.276481
vt 0.118812 0.276668
vt 0.025972 0.051776
vt 0.026655 0.052341
vt 0.026495 0.053309
vt 0.025972 0.053144
vt 0.048565 0.018637
vt 0.048867 0.019991
vt 0.048057 0.019956
vt 0.047958 0.018475
vt 0.043181 0.018690
vt 0.043927 0.018317
vt 0.043795 0.019836
vt 0.043074 0.019991
vt 0.121021 0.275024
vt 0.121545 0.275724
vt 0.120856 0.276028
vt 0.120248 0.275049
vt 0.002221 0.025275
vt 0.002221 0.026577
vt 0.001646 0.026655
vt 0.001469 0.025804
vt 0.226033 0.242562
vt 0.227832 0.240517
vt 0.016542 0.002189
vt 0.017770 0.003403
vt 0.014839 0.004442
vt 0.014839 0.001145
vt 0.000474 0.815381
vt 0.005606 0.811691
vt 0.233078 0.863694
vt 0.228904 0.864243
vt 0.240648 0.855750
vt 0.240237 0.861492
vt 0.024373 0.158841
vt 0.026655 0.155944
vt 0.026655 0.166592
vt 0.023974 0.162538
vt 0.241329 0.846030
vt 0.261456 0.842538
vt 0.260654 0.851074
vt 0.258582 0.859227
vt 0.219519 0.851404
vt 0.222499 0.829487
vt 0.242269 0.830005
vt 0.747128 0.723646
vt 0.750114 0.745220
vt 0.728000 0.744818
vt 0.725908 0.725410
vt 0.262640 0.829964
vt 0.767941 0.722670
vt 0.772836 0.746099
vt 0.776977 0.768582
vt 0.753141 0.768397
vt 0.793098 0.726231
vt 0.798316 0.746774
vt 0.803081 0.768627
vt 0.806385 0.791066
vt 0.779830 0.791173
vt 0.824651 0.746990
vt 0.830141 0.768212
vt 0.833706 0.790643
vt 0.834809 0.813586
vt 0.807849 0.813429
vt 0.886201 0.493890
vt 0.897513 0.474554
vt 0.920370 0.488685
vt 0.909625 0.508734
vt 0.899337 0.529889
vt 0.875884 0.514840
vt 0.889503 0.551920
vt 0.866863 0.536357
vt 0.934614 0.524492
vt 0.924309 0.544870
vt 0.914018 0.567106
vt 0.901398 0.588678
vt 0.879625 0.572876
vt 0.936361 0.580945
vt 0.922755 0.602062
vt 0.907952 0.619722
vt 0.888027 0.605477
vt 0.953390 0.589799
vt 0.942339 0.612174
vt 0.835225 0.017263
vt 0.855632 0.017930
vt 0.850541 0.043564
vt 0.828806 0.043123
vt 0.848605 0.071484
vt 0.826390 0.070652
vt 0.877292 0.019013
vt 0.875855 0.044249
vt 0.875026 0.073206
vt 0.875488 0.099185
vt 0.848492 0.096887
vt 0.904515 0.043514
vt 0.903296 0.074012
vt 0.905778 0.102623
vt 0.901360 0.121812
vt 0.872603 0.119791
vt 0.921167 0.069976
vt 0.925478 0.092832
vt 0.925646 0.122479
vt 0.923321 0.125767
vt 0.914759 0.137261
vt 0.895133 0.137919
vt 0.890388 0.155779
vt 0.867468 0.157759
vt 0.870030 0.138662
vt 0.910049 0.154207
vt 0.886664 0.174819
vt 0.923101 0.134305
vt 0.925375 0.152258
vt 0.884130 0.198708
vt 0.863343 0.200408
vt 0.865066 0.178099
vt 0.842166 0.201096
vt 0.843400 0.179901
vt 0.844974 0.159361
vt 0.867737 0.821232
vt 0.872709 0.802998
vt 0.896592 0.802386
vt 0.891777 0.820668
vt 0.887551 0.838602
vt 0.863207 0.838676
vt 0.846499 0.139302
vt 0.825421 0.139889
vt 0.826143 0.118675
vt 0.847746 0.118892
vt 0.826461 0.095888
vt 0.881774 0.875162
vt 0.884128 0.856670
vt 0.907363 0.853572
vt 0.905401 0.872208
vt 0.808217 0.096281
vt 0.807691 0.071346
vt 0.832400 0.165480
vt 0.841315 0.187221
vt 0.824473 0.191137
vt 0.815298 0.170272
vt 0.800929 0.151180
vt 0.818057 0.144994
vt 0.809519 0.044352
vt 0.798402 0.179386
vt 0.784001 0.164148
vt 0.766233 0.153725
vt 0.781518 0.137852
vt 0.868645 0.589306
vt 0.753813 0.174322
vt 0.826692 0.855171
vt 0.802007 0.851902
vt 0.806861 0.834328
vt 0.832752 0.835990
vt 0.860169 0.555903
vt 0.734550 0.170386
vt 0.745929 0.196250
vt 0.728188 0.194148
vt 0.780434 0.832868
vt 0.781126 0.813018
vt 0.756036 0.833291
vt 0.756322 0.813279
vt 0.755327 0.791389
vt 0.733582 0.814137
vt 0.732364 0.791616
vt 0.730434 0.768179
vt 0.710118 0.792037
vt 0.707975 0.768234
vt 0.705443 0.745104
vt 0.685554 0.768656
vt 0.682891 0.745884
vt 0.680708 0.729251
vt 0.703170 0.727362
vt 0.284577 0.830292
vt 0.306350 0.831163
vt 0.305883 0.841223
vt 0.284007 0.841161
vt 0.305802 0.847876
vt 0.283830 0.848479
vt 0.305799 0.854120
vt 0.283670 0.855276
vt 0.305807 0.860253
vt 0.281909 0.861024
vt 0.326974 0.853993
vt 0.326827 0.859896
vt 0.326993 0.865373
vt 0.305559 0.865790
vt 0.185665 0.337239
vt 0.191025 0.336987
vt 0.191025 0.359838
vt 0.185637 0.358604
vt 0.132917 0.359838
vt 0.131667 0.339332
vt 0.136283 0.339395
vt 0.137716 0.359204
vt 0.053181 0.819083
vt 0.131596 0.319387
vt 0.135696 0.319451
vt 0.073895 0.826704
vt 0.094531 0.830263
vt 0.093515 0.835977
vt 0.072705 0.832491
vt 0.092055 0.840273
vt 0.071249 0.839589
vt 0.053934 0.835821
vt 0.052386 0.581334
vt 0.055566 0.567974
vt 0.064415 0.568573
vt 0.062430 0.581106
vt 0.057157 0.591281
vt 0.049787 0.588707
vt 0.605093 0.303631
vt 0.599256 0.292911
vt 0.606398 0.289322
vt 0.615226 0.300848
vt 0.055944 0.556920
vt 0.063570 0.556115
vt 0.055534 0.547648
vt 0.061680 0.546520
vt 0.049166 0.548476
vt 0.050706 0.535224
vt 0.056621 0.535590
vt 0.042765 0.548703
vt 0.044951 0.535122
vt 0.577518 0.455784
vt 0.564352 0.460670
vt 0.563543 0.454402
vt 0.576802 0.449840
vt 0.225841 0.228786
vt 0.212420 0.227520
vt 0.212585 0.221505
vt 0.225671 0.222011
vt 0.240473 0.219550
vt 0.240709 0.226249
vt 0.257173 0.215774
vt 0.257374 0.222268
vt 0.226487 0.215068
vt 0.241495 0.212225
vt 0.582908 0.393579
vt 0.576192 0.394548
vt 0.568405 0.378942
vt 0.575067 0.377518
vt 0.258036 0.208860
vt 0.272944 0.205767
vt 0.273575 0.212337
vt 0.552737 0.369913
vt 0.560547 0.365804
vt 0.706988 0.620604
vt 0.709544 0.610028
vt 0.719063 0.608520
vt 0.716500 0.621943
vt 0.211464 0.379006
vt 0.224344 0.379006
vt 0.223167 0.393157
vt 0.212098 0.392317
vt 0.692246 0.619185
vt 0.695919 0.609511
vt 0.701819 0.594680
vt 0.713583 0.593025
vt 0.675472 0.610491
vt 0.680739 0.603182
vt 0.685821 0.592443
vt 0.690872 0.575793
vt 0.704729 0.573958
vt 0.657793 0.589109
vt 0.661003 0.582827
vt 0.666031 0.571827
vt 0.672342 0.553544
vt 0.690717 0.554428
vt 0.634841 0.566126
vt 0.640350 0.555481
vt 0.656685 0.541598
vt 0.625945 0.526983
vt 0.640083 0.524364
vt 0.659433 0.523234
vt 0.662849 0.533205
vt 0.619369 0.542641
vt 0.614815 0.554313
vt 0.608370 0.541831
vt 0.615893 0.526955
vt 0.604581 0.534905
vt 0.614026 0.525179
vt 0.601906 0.530390
vt 0.610762 0.526399
vt 0.600148 0.542494
vt 0.596010 0.536360
vt 0.223495 0.051996
vt 0.225529 0.060167
vt 0.220125 0.060445
vt 0.220272 0.052558
vt 0.004442 0.301549
vt 0.000636 0.302087
vt 0.000636 0.287958
vt 0.002612 0.292339
vt 0.499348 0.326122
vt 0.507079 0.329287
vt 0.503448 0.335096
vt 0.497084 0.331877
vt 0.226565 0.066637
vt 0.219918 0.066637
vt 0.597184 0.548012
vt 0.604801 0.549620
vt 0.602559 0.554803
vt 0.600143 0.557995
vt 0.595199 0.551726
vt 0.598020 0.560563
vt 0.593234 0.554597
vt 0.587951 0.548329
vt 0.050524 0.053541
vt 0.050514 0.045568
vt 0.052119 0.044492
vt 0.053309 0.052418
vt 0.053249 0.058070
vt 0.050514 0.062194
vt 0.016109 0.050412
vt 0.016109 0.042222
vt 0.017770 0.043124
vt 0.017014 0.051088
vt 0.144121 0.053947
vt 0.144751 0.053449
vt 0.432782 0.426832
vt 0.440754 0.426690
vt 0.442264 0.429596
vt 0.433791 0.429005
vt 0.085265 0.032338
vt 0.086628 0.031218
vt 0.086628 0.037399
vt 0.085718 0.037761
vt 0.005113 0.984192
vt 0.010365 0.977546
vt 0.455436 0.426908
vt 0.457255 0.430186
vt 0.002935 0.528034
vt 0.002694 0.515437
vt 0.007519 0.516129
vt 0.005438 0.528651
vt 0.476945 0.425044
vt 0.478678 0.430713
vt 0.002370 0.497637
vt 0.010522 0.498883
vt 0.002311 0.478318
vt 0.011684 0.479587
vt 0.036717 0.954106
vt 0.051151 0.937017
vt 0.055805 0.943334
vt 0.041047 0.959907
vt 0.061755 0.949615
vt 0.046357 0.965974
vt 0.068417 0.956250
vt 0.051565 0.971403
vt 0.032182 0.983065
vt 0.054929 0.976916
vt 0.033861 0.987452
vt 0.019309 0.993128
vt 0.018147 0.988594
vt 0.153292 0.150361
vt 0.157024 0.151040
vt 0.159928 0.162149
vt 0.153292 0.161949
vt 0.034773 0.991194
vt 0.020827 0.997143
vt 0.056406 0.982252
vt 0.074118 0.964201
vt 0.077394 0.972893
vt 0.078179 0.979038
vt 0.056761 0.986686
vt 0.036323 0.995200
vt 0.078443 0.984798
vt 0.057279 0.991151
vt 0.038894 0.997848
vt 0.078815 0.991115
vt 0.057704 0.995737
vt 0.043904 0.999551
vt 0.255744 0.281382
vt 0.254409 0.263635
vt 0.257662 0.262714
vt 0.257662 0.282095
vt 0.777418 0.301536
vt 0.776195 0.300894
vt 0.779522 0.287141
vt 0.781121 0.287759
vt 0.774898 0.322294
vt 0.770400 0.321787
vt 0.771431 0.300272
vt 0.764526 0.321234
vt 0.766510 0.299575
vt 0.758729 0.320741
vt 0.761067 0.298892
vt 0.752485 0.320328
vt 0.754204 0.298255
vt 0.743741 0.320042
vt 0.744339 0.297897
vt 0.745411 0.275645
vt 0.727675 0.298716
vt 0.726829 0.277169
vt 0.725863 0.256671
vt 0.745347 0.254759
vt 0.713799 0.855171
vt 0.712923 0.836735
vt 0.734106 0.834937
vt 0.734213 0.853140
vt 0.744277 0.235574
vt 0.762895 0.234911
vt 0.743741 0.216887
vt 0.754597 0.850533
vt 0.777376 0.849399
vt 0.711745 0.815157
vt 0.691288 0.838394
vt 0.689948 0.816247
vt 0.687998 0.792648
vt 0.667813 0.817519
vt 0.665958 0.793645
vt 0.663371 0.769587
vt 0.644057 0.794915
vt 0.641607 0.770934
vt 0.638950 0.749121
vt 0.660666 0.747198
vt 0.329477 0.816045
vt 0.350964 0.818701
vt 0.349461 0.834127
vt 0.327927 0.832461
vt 0.307915 0.813977
vt 0.348775 0.842703
vt 0.327361 0.841750
vt 0.348334 0.848613
vt 0.327140 0.847903
vt 0.347957 0.854339
vt 0.369538 0.849833
vt 0.369229 0.855467
vt 0.369200 0.861193
vt 0.347763 0.860147
vt 0.369431 0.866257
vt 0.347936 0.865317
vt 0.388131 0.861439
vt 0.387187 0.866278
vt 0.115616 0.832706
vt 0.131618 0.838751
vt 0.129000 0.841825
vt 0.113864 0.835521
vt 0.134183 0.299062
vt 0.137716 0.300189
vt 0.126450 0.847301
vt 0.111757 0.841098
vt 0.124137 0.852519
vt 0.110049 0.846267
vt 0.089702 0.847550
vt 0.145062 0.855238
vt 0.141647 0.859680
vt 0.138163 0.864093
vt 0.163993 0.872676
vt 0.159679 0.876177
vt 0.153315 0.881089
vt 0.133683 0.868966
vt 0.145565 0.886392
vt 0.127226 0.874219
vt 0.112349 0.868936
vt 0.103400 0.866406
vt 0.117069 0.884517
vt 0.103941 0.877479
vt 0.405020 0.250455
vt 0.409716 0.261979
vt 0.399357 0.267449
vt 0.399276 0.257356
vt 0.043898 0.492064
vt 0.039250 0.489187
vt 0.039694 0.480814
vt 0.043615 0.482472
vt 0.413148 0.277320
vt 0.399276 0.281258
vt 0.044424 0.505337
vt 0.036686 0.503795
vt 0.029867 0.503315
vt 0.033180 0.490199
vt 0.044424 0.518735
vt 0.036710 0.518510
vt 0.027292 0.516735
vt 0.545036 0.427063
vt 0.543047 0.433139
vt 0.523684 0.432531
vt 0.525451 0.425183
vt 0.037282 0.535592
vt 0.027896 0.534188
vt 0.501439 0.431746
vt 0.501931 0.423008
vt 0.036124 0.555301
vt 0.029650 0.555138
vt 0.502016 0.419579
vt 0.503067 0.412894
vt 0.039713 0.574993
vt 0.033178 0.577518
vt 0.476075 0.418947
vt 0.475428 0.415040
vt 0.474693 0.411001
vt 0.503523 0.405591
vt 0.453698 0.422120
vt 0.452601 0.419614
vt 0.622442 0.588048
vt 0.607184 0.569605
vt 0.607976 0.567752
vt 0.624894 0.586008
vt 0.610418 0.564245
vt 0.627847 0.581827
vt 0.630092 0.578029
vt 0.654750 0.595077
vt 0.650993 0.600976
vt 0.646467 0.605243
vt 0.612622 0.560274
vt 0.632394 0.572935
vt 0.502045 0.398496
vt 0.499146 0.391922
vt 0.523581 0.383486
vt 0.606051 0.571351
vt 0.597813 0.561289
vt 0.441091 0.424109
vt 0.002330 0.459561
vt 0.002229 0.443322
vt 0.015549 0.443322
vt 0.013211 0.460538
vt 0.066454 0.920307
vt 0.080650 0.905593
vt 0.088094 0.912699
vt 0.071955 0.926720
vt 0.096593 0.921271
vt 0.079089 0.933966
vt 0.104943 0.933040
vt 0.086569 0.942739
vt 0.112602 0.946865
vt 0.092629 0.953158
vt 0.117474 0.958769
vt 0.096977 0.964265
vt 0.119571 0.967711
vt 0.098738 0.972535
vt 0.120196 0.974279
vt 0.099219 0.978883
vt 0.120667 0.980300
vt 0.099584 0.985271
vt 0.121287 0.986327
vt 0.099993 0.990703
vt 0.079335 0.994691
vt 0.001265 0.339847
vt 0.001265 0.318133
vt 0.003776 0.318314
vt 0.004442 0.339703
vt 0.773208 0.343731
vt 0.770862 0.343244
vt 0.770054 0.365207
vt 0.764058 0.364659
vt 0.764290 0.342661
vt 0.757851 0.364191
vt 0.758074 0.342282
vt 0.751434 0.363875
vt 0.751803 0.342049
vt 0.743682 0.363705
vt 0.743629 0.341928
vt 0.731614 0.364035
vt 0.729874 0.342364
vt 0.728539 0.320533
vt 0.646099 0.840414
vt 0.623896 0.840680
vt 0.623544 0.819902
vt 0.645606 0.818811
vt 0.668696 0.839683
vt 0.622360 0.796181
vt 0.602044 0.820631
vt 0.601064 0.797191
vt 0.599784 0.773988
vt 0.620413 0.772450
vt 0.598307 0.754419
vt 0.618145 0.751509
vt 0.371904 0.821769
vt 0.392171 0.824787
vt 0.390720 0.836955
vt 0.370589 0.835815
vt 0.389998 0.844461
vt 0.369960 0.843917
vt 0.389473 0.850268
vt 0.411158 0.844047
vt 0.410862 0.849462
vt 0.410780 0.854753
vt 0.388829 0.855914
vt 0.410480 0.860201
vt 0.436382 0.847219
vt 0.409389 0.865408
vt 0.151225 0.847508
vt 0.148080 0.851034
vt 0.168161 0.869631
vt 0.183189 0.892082
vt 0.178554 0.893807
vt 0.187794 0.917016
vt 0.182905 0.917870
vt 0.177919 0.918844
vt 0.173467 0.895592
vt 0.171942 0.920598
vt 0.166340 0.898587
vt 0.164155 0.923718
vt 0.157908 0.903104
vt 0.151631 0.929831
vt 0.143461 0.911754
vt 0.131380 0.896396
vt 0.124659 0.923142
vt 0.113790 0.908946
vt 0.103043 0.898375
vt 0.093148 0.891450
vt 0.132960 0.939068
vt 0.156153 0.946245
vt 0.138107 0.952906
vt 0.601653 0.465981
vt 0.601435 0.446632
vt 0.611816 0.446526
vt 0.611737 0.466104
vt 0.610648 0.487772
vt 0.601250 0.487522
vt 0.619085 0.445997
vt 0.618795 0.466716
vt 0.617304 0.488843
vt 0.624610 0.445572
vt 0.624722 0.467276
vt 0.623320 0.489929
vt 0.629641 0.444708
vt 0.630828 0.467698
vt 0.629239 0.490891
vt 0.617399 0.433953
vt 0.622366 0.432307
vt 0.626665 0.430532
vt 0.615739 0.426747
vt 0.619959 0.425416
vt 0.623320 0.422975
vt 0.610223 0.427116
vt 0.610902 0.434973
vt 0.601250 0.434762
vt 0.601501 0.426661
vt 0.174340 0.938381
vt 0.179019 0.936868
vt 0.602156 0.421637
vt 0.166970 0.941515
vt 0.183605 0.935967
vt 0.184244 0.943963
vt 0.180557 0.945036
vt 0.188070 0.935534
vt 0.192337 0.935487
vt 0.434664 0.842958
vt 0.450178 0.828151
vt 0.453522 0.831545
vt 0.267222 0.547932
vt 0.268496 0.571631
vt 0.271490 0.549465
vt 0.272923 0.572129
vt 0.272032 0.592910
vt 0.267721 0.592626
vt 0.275759 0.550662
vt 0.277653 0.572540
vt 0.542949 0.796108
vt 0.547770 0.796471
vt 0.543546 0.816925
vt 0.549350 0.774694
vt 0.554811 0.775641
vt 0.553926 0.796871
vt 0.563824 0.797410
vt 0.564615 0.819349
vt 0.718838 0.405256
vt 0.733972 0.403671
vt 0.720318 0.416155
vt 0.580752 0.797709
vt 0.581720 0.820524
vt 0.716243 0.387199
vt 0.733071 0.385067
vt 0.743108 0.384875
vt 0.742249 0.404006
vt 0.582008 0.838464
vt 0.602360 0.840236
vt 0.748053 0.404725
vt 0.744509 0.418334
vt 0.749942 0.385436
vt 0.756592 0.386447
vt 0.753846 0.406291
vt 0.737466 0.426517
vt 0.725556 0.437581
vt 0.723712 0.432869
vt 0.446403 0.825124
vt 0.433094 0.838830
vt 0.122091 0.988489
vt 0.412685 0.293748
vt 0.399811 0.295423
vt 0.579514 0.426587
vt 0.587927 0.419115
vt 0.589500 0.426406
vt 0.589200 0.432528
vt 0.578922 0.431940
vt 0.206980 0.213708
vt 0.214403 0.214807
vt 0.205067 0.220252
vt 0.595288 0.427122
vt 0.594797 0.433139
vt 0.217585 0.205767
vt 0.228808 0.206439
vt 0.041599 0.476715
vt 0.043457 0.476188
vt 0.686028 0.528692
vt 0.688683 0.527191
vt 0.700378 0.551417
vt 0.672658 0.529965
vt 0.692374 0.526644
vt 0.705727 0.548917
vt 0.714164 0.572252
vt 0.709774 0.546741
vt 0.720608 0.570720
vt 0.721621 0.591583
vt 0.726391 0.568789
vt 0.728562 0.590409
vt 0.725673 0.607590
vt 0.288688 0.212109
vt 0.304694 0.213792
vt 0.305826 0.220247
vt 0.289269 0.218260
vt 0.273957 0.218167
vt 0.286423 0.205813
vt 0.534187 0.473121
vt 0.519582 0.471859
vt 0.520787 0.465412
vt 0.533848 0.465335
vt 0.548704 0.461299
vt 0.549775 0.468151
vt 0.534259 0.457988
vt 0.548358 0.453806
vt 0.562283 0.447917
vt 0.368349 0.401229
vt 0.365072 0.386860
vt 0.372399 0.385701
vt 0.374149 0.401336
vt 0.562226 0.441820
vt 0.573694 0.439360
vt 0.574989 0.444171
vt 0.563653 0.435359
vt 0.574258 0.434390
vt 0.587312 0.277584
vt 0.592181 0.275581
vt 0.598779 0.281352
vt 0.593594 0.285079
vt 0.061528 0.536071
vt 0.597541 0.270961
vt 0.605018 0.275875
vt 0.615896 0.284708
vt 0.615485 0.267683
vt 0.633011 0.279493
vt 0.629680 0.296289
vt 0.628242 0.254128
vt 0.639473 0.268503
vt 0.639451 0.243703
vt 0.648598 0.247199
vt 0.125199 0.164371
vt 0.125528 0.154598
vt 0.132822 0.160189
vt 0.133273 0.164371
vt 0.646667 0.239051
vt 0.626515 0.239784
vt 0.634406 0.234474
vt 0.215551 0.169179
vt 0.217045 0.155255
vt 0.222122 0.159255
vt 0.222122 0.177744
vt 0.221358 0.182140
vt 0.215888 0.181901
vt 0.612199 0.236765
vt 0.618133 0.230998
vt 0.771442 0.082306
vt 0.767266 0.068417
vt 0.775758 0.068666
vt 0.779841 0.082110
vt 0.777265 0.093681
vt 0.762757 0.093831
vt 0.758823 0.084113
vt 0.757025 0.068931
vt 0.758601 0.047913
vt 0.767331 0.049409
vt 0.744264 0.086093
vt 0.746892 0.069004
vt 0.749909 0.047031
vt 0.750378 0.030496
vt 0.759397 0.031137
vt 0.739933 0.066877
vt 0.743102 0.046269
vt 0.743316 0.030458
vt 0.745024 0.015909
vt 0.752207 0.015931
vt 0.736115 0.046037
vt 0.736792 0.030681
vt 0.739500 0.016195
vt 0.425240 0.730199
vt 0.425398 0.747578
vt 0.420078 0.730778
vt 0.731180 0.031347
vt 0.734255 0.015963
vt 0.737194 0.001133
vt 0.742088 0.001766
vt 0.645657 0.037947
vt 0.645557 0.059399
vt 0.639914 0.058927
vt 0.640680 0.037675
vt 0.487176 0.444437
vt 0.504165 0.450766
vt 0.504530 0.455833
vt 0.485483 0.448889
vt 0.465498 0.439416
vt 0.466959 0.434390
vt 0.651175 0.058731
vt 0.654315 0.078477
vt 0.649212 0.084196
vt 0.483179 0.454033
vt 0.462752 0.443370
vt 0.655949 0.059195
vt 0.661504 0.086311
vt 0.660321 0.059316
vt 0.663677 0.085390
vt 0.665127 0.059670
vt 0.666367 0.086276
vt 0.697630 0.523234
vt 0.713926 0.544912
vt 0.695043 0.524232
vt 0.660637 0.034324
vt 0.666367 0.034568
vt 0.654594 0.035436
vt 0.481653 0.459722
vt 0.504122 0.461288
vt 0.503157 0.466351
vt 0.324299 0.217120
vt 0.322843 0.211591
vt 0.520956 0.458741
vt 0.519608 0.451980
vt 0.533549 0.449882
vt 0.518430 0.446488
vt 0.532682 0.443012
vt 0.548746 0.437634
vt 0.548631 0.445631
vt 0.734203 0.064265
vt 0.735200 0.084214
vt 0.728978 0.081149
vt 0.379829 0.385420
vt 0.379829 0.402042
vt 0.745386 0.095513
vt 0.733994 0.094788
vt 0.727267 0.092303
vt 0.605123 0.262492
vt 0.615715 0.249275
vt 0.654805 0.094711
vt 0.650169 0.099955
vt 0.645326 0.084813
vt 0.450222 0.793120
vt 0.462015 0.804113
vt 0.459926 0.807971
vt 0.433644 0.770655
vt 0.453365 0.810455
vt 0.440587 0.812968
vt 0.413022 0.730784
vt 0.405014 0.730384
vt 0.760540 0.016536
vt 0.398892 0.749420
vt 0.397792 0.730262
vt 0.768018 0.016810
vt 0.767334 0.032239
vt 0.774434 0.016807
vt 0.773780 0.033575
vt 0.774436 0.050651
vt 0.779626 0.034611
vt 0.780349 0.051054
vt 0.782502 0.067821
vt 0.267486 0.191161
vt 0.252393 0.198991
vt 0.249939 0.193253
vt 0.264712 0.184482
vt 0.786313 0.082280
vt 0.249288 0.189468
vt 0.261123 0.179737
vt 0.240032 0.192972
vt 0.224148 0.193228
vt 0.225535 0.188403
vt 0.243614 0.188006
vt 0.238122 0.198704
vt 0.222475 0.198474
vt 0.206873 0.191121
vt 0.210077 0.186512
vt 0.237336 0.204353
vt 0.220708 0.204052
vt 0.203949 0.196401
vt 0.188576 0.185965
vt 0.192333 0.181053
vt 0.782374 0.002621
vt 0.780706 0.017700
vt 0.776414 0.001133
vt 0.201895 0.200586
vt 0.185336 0.189774
vt 0.174619 0.183010
vt 0.178722 0.178849
vt 0.394726 0.769524
vt 0.393154 0.749850
vt 0.400560 0.771067
vt 0.399201 0.784525
vt 0.394050 0.782189
vt 0.331695 0.308750
vt 0.337626 0.306178
vt 0.172292 0.173532
vt 0.176129 0.168781
vt 0.182762 0.174396
vt 0.168024 0.179034
vt 0.180076 0.164700
vt 0.186756 0.170162
vt 0.195979 0.176198
vt 0.190028 0.166810
vt 0.198464 0.172947
vt 0.212564 0.182305
vt 0.030744 0.581647
vt 0.034317 0.598311
vt 0.028989 0.598688
vt 0.025603 0.583222
vt 0.023960 0.568208
vt 0.028353 0.567457
vt 0.020352 0.584336
vt 0.019196 0.568953
vt 0.020968 0.552765
vt 0.026616 0.551738
vt 0.206574 0.370035
vt 0.205202 0.387670
vt 0.201681 0.388714
vt 0.201681 0.370328
vt 0.308545 0.181015
vt 0.312507 0.177669
vt 0.315563 0.192697
vt 0.311437 0.192248
vt 0.306911 0.190751
vt 0.309022 0.190779
vt 0.306746 0.203232
vt 0.305072 0.202555
vt 0.309518 0.204353
vt 0.597185 0.061924
vt 0.599142 0.050377
vt 0.603214 0.050375
vt 0.601856 0.064511
vt 0.596243 0.079040
vt 0.607283 0.080949
vt 0.608225 0.090253
vt 0.603574 0.091070
vt 0.612745 0.080123
vt 0.613087 0.089731
vt 0.617289 0.080043
vt 0.617500 0.088865
vt 0.279371 0.196560
vt 0.282797 0.188530
vt 0.281883 0.199110
vt 0.289101 0.178394
vt 0.612842 0.066454
vt 0.617500 0.067614
vt 0.612512 0.050507
vt 0.616675 0.051832
vt 0.607668 0.065615
vt 0.607717 0.050357
vt 0.559552 0.544014
vt 0.556596 0.527821
vt 0.561715 0.527450
vt 0.564210 0.544200
vt 0.319856 0.192989
vt 0.316524 0.176324
vt 0.562166 0.511026
vt 0.567295 0.511425
vt 0.566067 0.527362
vt 0.568633 0.543440
vt 0.557112 0.511349
vt 0.014419 0.569286
vt 0.015076 0.584918
vt 0.010091 0.585172
vt 0.009651 0.569526
vt 0.016047 0.552830
vt 0.011964 0.599659
vt 0.007449 0.598958
vt 0.006018 0.585336
vt 0.563376 0.497715
vt 0.568633 0.498246
vt 0.016914 0.599929
vt 0.017718 0.609631
vt 0.013349 0.609592
vt 0.022459 0.599468
vt 0.022967 0.608993
vt 0.018659 0.615485
vt 0.029644 0.607940
vt 0.035540 0.608594
vt 0.380807 0.289659
vt 0.375891 0.290222
vt 0.375219 0.285042
vt 0.379810 0.284521
vt 0.385703 0.284058
vt 0.386227 0.289314
vt 0.382060 0.294850
vt 0.377668 0.295423
vt 0.374968 0.279960
vt 0.379786 0.279283
vt 0.386056 0.278901
vt 0.380172 0.274105
vt 0.386493 0.273968
vt 0.137365 0.056230
vt 0.142158 0.056166
vt 0.142158 0.064415
vt 0.137600 0.063403
vt 0.008725 0.609079
vt 0.221052 0.572525
vt 0.214487 0.579643
vt 0.211873 0.576130
vt 0.228290 0.562415
vt 0.232603 0.565524
vt 0.223679 0.575902
vt 0.235440 0.551088
vt 0.240760 0.553060
vt 0.240438 0.537283
vt 0.246556 0.538195
vt 0.244872 0.522417
vt 0.298736 0.285783
vt 0.303891 0.290965
vt 0.300048 0.293626
vt 0.294336 0.288931
vt 0.287881 0.285502
vt 0.292293 0.280534
vt 0.208515 0.584348
vt 0.206255 0.581101
vt 0.290987 0.293289
vt 0.328741 0.135232
vt 0.323284 0.135030
vt 0.288338 0.302358
vt 0.314618 0.137716
vt 0.310941 0.130985
vt 0.294323 0.313933
vt 0.287881 0.315414
vt 0.233229 0.306568
vt 0.220795 0.310971
vt 0.220795 0.304764
vt 0.232138 0.299138
vt 0.304233 0.298068
vt 0.308034 0.295389
vt 0.201496 0.585196
vt 0.203712 0.588145
vt 0.374968 0.274580
vt 0.006018 0.621247
vt 0.010763 0.621454
vt 0.011341 0.626385
vt 0.006748 0.626215
vt 0.170735 0.049543
vt 0.171034 0.055699
vt 0.165928 0.056364
vt 0.166359 0.049999
vt 0.015268 0.621280
vt 0.015705 0.626146
vt 0.019905 0.620472
vt 0.020968 0.625515
vt 0.298951 0.167866
vt 0.302087 0.172657
vt 0.185220 0.162677
vt 0.545570 0.530054
vt 0.542600 0.523752
vt 0.547455 0.522635
vt 0.550864 0.527546
vt 0.540697 0.530873
vt 0.537959 0.525269
vt 0.536154 0.518668
vt 0.541113 0.516992
vt 0.172501 0.164190
vt 0.168697 0.168996
vt 0.533131 0.527265
vt 0.531713 0.521161
vt 0.208906 0.161565
vt 0.203675 0.159086
vt 0.204085 0.152774
vt 0.209947 0.155623
vt 0.213238 0.164754
vt 0.212109 0.171811
vt 0.207561 0.168180
vt 0.199329 0.157998
vt 0.199491 0.151529
vt 0.268987 0.283652
vt 0.264292 0.283661
vt 0.150723 0.093806
vt 0.148265 0.098534
vt 0.141668 0.095816
vt 0.144300 0.091476
vt 0.112714 0.598510
vt 0.117496 0.600200
vt 0.115722 0.606163
vt 0.110681 0.604428
vt 0.113628 0.613985
vt 0.107882 0.612557
vt 0.119010 0.615300
vt 0.110725 0.626683
vt 0.146923 0.117954
vt 0.138154 0.116823
vt 0.144605 0.105177
vt 0.151043 0.107312
vt 0.109840 0.635270
vt 0.133950 0.121979
vt 0.125244 0.124389
vt 0.131548 0.111963
vt 0.138036 0.101700
vt 0.125244 0.107818
vt 0.131080 0.097922
vt 0.134923 0.092113
vt 0.666367 0.253180
vt 0.663975 0.260782
vt 0.657504 0.256842
vt 0.661088 0.249525
vt 0.129421 0.087330
vt 0.133001 0.083340
vt 0.137496 0.087933
vt 0.652466 0.249710
vt 0.656737 0.245072
vt 0.125307 0.082503
vt 0.129076 0.079233
vt 0.650635 0.245451
vt 0.653044 0.241355
vt 0.655240 0.237038
vt 0.659597 0.240561
vt 0.165928 0.062194
vt 0.170401 0.061819
vt 0.649944 0.243597
vt 0.648980 0.238976
vt 0.652391 0.270656
vt 0.642563 0.267702
vt 0.650119 0.288916
vt 0.643952 0.288081
vt 0.110201 0.213882
vt 0.115504 0.215001
vt 0.115504 0.226565
vt 0.111332 0.225438
vt 0.648968 0.300473
vt 0.656948 0.290083
vt 0.657719 0.301546
vt 0.655862 0.306529
vt 0.651052 0.305009
vt 0.662789 0.291833
vt 0.664701 0.297809
vt 0.660245 0.273154
vt 0.666367 0.276243
vt 0.164843 0.175039
vt 0.546188 0.516165
vt 0.391996 0.730803
vt 0.541316 0.376939
vt 0.583421 0.408363
vt 0.180367 0.048569
vt 0.186576 0.048611
vt 0.808089 0.198183
vt 0.813757 0.218257
vt 0.830233 0.212019
vt 0.833190 0.231900
vt 0.816481 0.237600
vt 0.928477 0.847358
vt 0.926767 0.865878
vt 0.910579 0.835171
vt 0.931620 0.829190
vt 0.914865 0.817550
vt 0.936009 0.812537
vt 0.834454 0.249868
vt 0.834638 0.267640
vt 0.819536 0.268905
vt 0.817983 0.253064
vt 0.919936 0.799833
vt 0.940881 0.795829
vt 0.925290 0.781074
vt 0.946242 0.776790
vt 0.901591 0.783603
vt 0.906318 0.764093
vt 0.930130 0.761537
vt 0.877770 0.783735
vt 0.882504 0.763921
vt 0.886682 0.743884
vt 0.910383 0.744192
vt 0.855029 0.781883
vt 0.859988 0.761205
vt 0.864132 0.740766
vt 0.867523 0.720620
vt 0.890152 0.723736
vt 0.839645 0.756516
vt 0.843784 0.735367
vt 0.847209 0.714994
vt 0.850161 0.695686
vt 0.870591 0.700761
vt 0.886547 0.262971
vt 0.884644 0.243538
vt 0.904748 0.243436
vt 0.905829 0.263241
vt 0.830766 0.707714
vt 0.835528 0.689726
vt 0.843277 0.674849
vt 0.854962 0.678169
vt 0.906296 0.279874
vt 0.925275 0.264176
vt 0.921064 0.279397
vt 0.823980 0.683420
vt 0.834337 0.671686
vt 0.827882 0.670313
vt 0.839841 0.654681
vt 0.845468 0.657752
vt 0.854819 0.642511
vt 0.857766 0.647408
vt 0.874874 0.636185
vt 0.875610 0.641669
vt 0.898713 0.633506
vt 0.898723 0.639432
vt 0.898642 0.645525
vt 0.922078 0.641170
vt 0.920788 0.646912
vt 0.898368 0.653393
vt 0.897591 0.664201
vt 0.895697 0.682301
vt 0.873786 0.681249
vt 0.893080 0.703251
vt 0.915749 0.702935
vt 0.913543 0.723846
vt 0.936170 0.699621
vt 0.935771 0.720803
vt 0.933694 0.741534
vt 0.852229 0.327899
vt 0.851998 0.349447
vt 0.836325 0.351194
vt 0.834721 0.329474
vt 0.833986 0.308426
vt 0.852566 0.306991
vt 0.824219 0.330908
vt 0.822190 0.309878
vt 0.820680 0.288724
vt 0.833901 0.287612
vt 0.852950 0.286457
vt 0.814623 0.311048
vt 0.817186 0.332047
vt 0.810718 0.333114
vt 0.807837 0.312193
vt 0.803907 0.334180
vt 0.801193 0.313378
vt 0.799041 0.291996
vt 0.076706 0.102809
vt 0.076594 0.082373
vt 0.079915 0.082037
vt 0.079964 0.101804
vt 0.079860 0.123399
vt 0.077504 0.124389
vt 0.170518 0.455584
vt 0.179295 0.472411
vt 0.174101 0.474563
vt 0.166501 0.458681
vt 0.168264 0.476763
vt 0.161982 0.461980
vt 0.162367 0.478679
vt 0.157586 0.465350
vt 0.149096 0.449011
vt 0.151661 0.469766
vt 0.145227 0.453078
vt 0.141625 0.476798
vt 0.140614 0.456640
vt 0.130969 0.445812
vt 0.137999 0.459683
vt 0.130294 0.447556
vt 0.136104 0.463476
vt 0.132649 0.453347
vt 0.136993 0.475703
vt 0.153350 0.481298
vt 0.145099 0.484396
vt 0.173743 0.494808
vt 0.178214 0.517997
vt 0.180114 0.493243
vt 0.184952 0.516512
vt 0.186166 0.539447
vt 0.179129 0.539493
vt 0.186267 0.491659
vt 0.191789 0.515273
vt 0.193246 0.539462
vt 0.189363 0.563113
vt 0.182768 0.561054
vt 0.159155 0.303697
vt 0.159726 0.329754
vt 0.156669 0.330003
vt 0.156100 0.303452
vt 0.159394 0.278015
vt 0.162149 0.278961
vt 0.127833 0.394565
vt 0.142038 0.375048
vt 0.144243 0.377161
vt 0.131046 0.395378
vt 0.835081 0.427818
vt 0.821486 0.406233
vt 0.826113 0.403568
vt 0.838613 0.424273
vt 0.946242 0.641380
vt 0.944214 0.645568
vt 0.923442 0.635399
vt 0.924610 0.630601
vt 0.941429 0.650501
vt 0.898816 0.628445
vt 0.164306 0.363867
vt 0.164893 0.366570
vt 0.874586 0.631017
vt 0.187941 0.361434
vt 0.187701 0.363924
vt 0.136916 0.608615
vt 0.135554 0.603126
vt 0.155233 0.593088
vt 0.157440 0.598236
vt 0.212135 0.364579
vt 0.211538 0.368061
vt 0.001930 0.736594
vt 0.020092 0.722473
vt 0.023067 0.727817
vt 0.005821 0.740822
vt 0.025659 0.732199
vt 0.009250 0.745046
vt 0.042159 0.719411
vt 0.046064 0.726602
vt 0.047758 0.730142
vt 0.042519 0.734132
vt 0.028334 0.737185
vt 0.231136 0.384994
vt 0.232924 0.378739
vt 0.247349 0.392749
vt 0.247155 0.395378
vt 0.233814 0.373251
vt 0.248777 0.391440
vt 0.008737 0.062194
vt 0.008737 0.037281
vt 0.012672 0.036071
vt 0.013327 0.056463
vt 0.221200 0.025703
vt 0.228786 0.020803
vt 0.228786 0.035540
vt 0.221859 0.034308
vt 0.146513 0.239744
vt 0.153264 0.238869
vt 0.153264 0.257662
vt 0.148033 0.256503
vt 0.835952 0.652839
vt 0.852191 0.638083
vt 0.033043 0.743521
vt 0.018857 0.756156
vt 0.012799 0.749491
vt 0.133317 0.592272
vt 0.131145 0.583640
vt 0.153102 0.587992
vt 0.134417 0.597822
vt 0.167945 0.575503
vt 0.172242 0.579319
vt 0.176545 0.559411
vt 0.176840 0.583475
vt 0.128411 0.574040
vt 0.042440 0.751271
vt 0.025960 0.763398
vt 0.044083 0.755975
vt 0.035789 0.773942
vt 0.842612 0.420018
vt 0.831377 0.400648
vt 0.836797 0.397763
vt 0.846320 0.415904
vt 0.938553 0.655209
vt 0.843019 0.395076
vt 0.850177 0.411569
vt 0.824252 0.377429
vt 0.830606 0.375565
vt 0.838785 0.373561
vt 0.826796 0.352669
vt 0.852103 0.371395
vt 0.852950 0.392752
vt 0.820148 0.353810
vt 0.818129 0.379412
vt 0.813762 0.355011
vt 0.812298 0.381480
vt 0.807142 0.356245
vt 0.159973 0.355368
vt 0.162149 0.355396
vt 0.077300 0.061222
vt 0.079964 0.061619
vt 0.923292 0.242242
vt 0.903639 0.220702
vt 0.927314 0.209378
vt 0.883685 0.222378
vt 0.862781 0.222473
vt 0.902064 0.018149
vt 0.985354 0.618925
vt 0.962393 0.618521
vt 0.968267 0.595958
vt 0.983682 0.596754
vt 0.846914 0.936564
vt 0.861672 0.913087
vt 0.869249 0.919802
vt 0.857914 0.945858
vt 0.871751 0.949171
vt 0.863235 0.971192
vt 0.846445 0.973092
vt 0.559197 0.088738
vt 0.559197 0.061682
vt 0.564265 0.073165
vt 0.566688 0.088849
vt 0.573416 0.083135
vt 0.568563 0.079719
vt 0.583391 0.060123
vt 0.586403 0.065718
vt 0.349512 0.725262
vt 0.322956 0.724633
vt 0.324556 0.718221
vt 0.351582 0.718706
vt 0.370877 0.725819
vt 0.369016 0.734018
vt 0.346624 0.733792
vt 0.321185 0.733379
vt 0.292978 0.733518
vt 0.293992 0.725053
vt 0.343144 0.749991
vt 0.318405 0.749982
vt 0.291202 0.749985
vt 0.264172 0.749833
vt 0.264745 0.732799
vt 0.314159 0.775305
vt 0.288499 0.774952
vt 0.262892 0.774550
vt 0.238106 0.774085
vt 0.238461 0.749570
vt 0.284780 0.801816
vt 0.260362 0.801068
vt 0.236421 0.800357
vt 0.212788 0.799383
vt 0.213986 0.773476
vt 0.256407 0.826921
vt 0.233031 0.825859
vt 0.209759 0.824444
vt 0.186620 0.822641
vt 0.189190 0.797970
vt 0.759997 0.612761
vt 0.761476 0.590309
vt 0.789472 0.594996
vt 0.787630 0.617117
vt 0.785872 0.638771
vt 0.758503 0.634915
vt 0.784363 0.659710
vt 0.757575 0.656236
vt 0.816148 0.620497
vt 0.814017 0.641834
vt 0.811944 0.662567
vt 0.809932 0.682761
vt 0.783094 0.680017
vt 0.512925 0.932846
vt 0.492786 0.938229
vt 0.485818 0.911655
vt 0.506120 0.906860
vt 0.526349 0.901702
vt 0.533075 0.926927
vt 0.553295 0.920150
vt 0.503623 0.879684
vt 0.523801 0.875263
vt 0.505651 0.854301
vt 0.526627 0.851902
vt 0.509833 0.836843
vt 0.531071 0.838137
vt 0.550811 0.843905
vt 0.569564 0.858508
vt 0.600773 0.181500
vt 0.579410 0.179102
vt 0.581293 0.170624
vt 0.603936 0.175707
vt 0.555157 0.838676
vt 0.574176 0.855922
vt 0.578500 0.853110
vt 0.592246 0.878259
vt 0.587784 0.880175
vt 0.582698 0.882328
vt 0.559435 0.834777
vt 0.563926 0.830630
vt 0.583288 0.849949
vt 0.607157 0.170885
vt 0.582979 0.164259
vt 0.584895 0.158180
vt 0.610335 0.165428
vt 0.558976 0.162709
vt 0.560171 0.155882
vt 0.561605 0.149634
vt 0.586641 0.152659
vt 0.611843 0.161191
vt 0.156638 0.194964
vt 0.152706 0.196942
vt 0.138927 0.177032
vt 0.142729 0.174347
vt 0.635270 0.174391
vt 0.633064 0.178445
vt 0.069535 0.027428
vt 0.096795 0.021725
vt 0.096769 0.025766
vt 0.071267 0.030439
vt 0.121918 0.021725
vt 0.120129 0.026414
vt 0.159928 0.217577
vt 0.159928 0.237306
vt 0.147010 0.198854
vt 0.129769 0.183355
vt 0.134430 0.179934
vt 0.607143 0.687973
vt 0.608242 0.683220
vt 0.632206 0.692467
vt 0.631888 0.697210
vt 0.115225 0.166637
vt 0.118667 0.163075
vt 0.631770 0.701798
vt 0.654925 0.696580
vt 0.655360 0.700721
vt 0.655265 0.702123
vt 0.631128 0.706349
vt 0.604743 0.695894
vt 0.605886 0.692153
vt 0.601348 0.874800
vt 0.607239 0.899177
vt 0.604143 0.900754
vt 0.596994 0.876303
vt 0.586940 0.848509
vt 0.600213 0.902510
vt 0.613527 0.914924
vt 0.610025 0.918320
vt 0.606200 0.921324
vt 0.595810 0.904130
vt 0.601845 0.924124
vt 0.590897 0.905758
vt 0.594976 0.927912
vt 0.584322 0.908250
vt 0.581959 0.934021
vt 0.571976 0.913108
vt 0.563050 0.941799
vt 0.781976 0.699672
vt 0.781021 0.717455
vt 0.757655 0.715056
vt 0.757259 0.696507
vt 0.757238 0.676736
vt 0.807935 0.702025
vt 0.141311 0.816990
vt 0.119235 0.813409
vt 0.120832 0.790886
vt 0.142938 0.793461
vt 0.165740 0.795890
vt 0.163761 0.820047
vt 0.142877 0.769795
vt 0.166094 0.771275
vt 0.189998 0.772582
vt 0.165184 0.749318
vt 0.189479 0.749284
vt 0.213844 0.749347
vt 0.188620 0.734042
vt 0.213296 0.733075
vt 0.238312 0.732605
vt 0.212934 0.724206
vt 0.238223 0.723850
vt 0.265271 0.724497
vt 0.238172 0.717096
vt 0.265828 0.717412
vt 0.294981 0.717939
vt 0.127101 0.502749
vt 0.128718 0.475385
vt 0.135255 0.474932
vt 0.135495 0.505108
vt 0.132034 0.532613
vt 0.127101 0.531338
vt 0.238229 0.710978
vt 0.265726 0.710937
vt 0.212671 0.717418
vt 0.212540 0.711551
vt 0.187555 0.718997
vt 0.187216 0.713279
vt 0.188023 0.725547
vt 0.162974 0.727219
vt 0.162069 0.721006
vt 0.163936 0.735229
vt 0.140759 0.737485
vt 0.139976 0.730089
vt 0.141780 0.749721
vt 0.119157 0.751739
vt 0.117821 0.741476
vt 0.120669 0.768703
vt 0.097096 0.748361
vt 0.095311 0.742873
vt 0.116770 0.734956
vt 0.093577 0.737807
vt 0.115719 0.729337
vt 0.139341 0.724071
vt 0.114521 0.723897
vt 0.138959 0.718507
vt 0.160980 0.715554
vt 0.139057 0.713117
vt 0.159410 0.710815
vt 0.186942 0.709002
vt 0.061510 0.353638
vt 0.064877 0.352816
vt 0.636225 0.210513
vt 0.635596 0.180395
vt 0.641405 0.180093
vt 0.647428 0.211597
vt 0.630699 0.208859
vt 0.630341 0.180621
vt 0.134028 0.128551
vt 0.157088 0.122169
vt 0.157716 0.126918
vt 0.135969 0.133113
vt 0.068858 0.307981
vt 0.068653 0.336575
vt 0.063215 0.333666
vt 0.064546 0.307402
vt 0.164052 0.266547
vt 0.159514 0.266137
vt 0.159514 0.241442
vt 0.164371 0.242534
vt 0.157422 0.118436
vt 0.182713 0.119523
vt 0.181508 0.123963
vt 0.090891 0.729190
vt 0.113304 0.718942
vt 0.091916 0.732934
vt 0.004442 0.164371
vt 0.001330 0.164181
vt 0.001330 0.140306
vt 0.003138 0.141748
vt 0.072397 0.748584
vt 0.074859 0.752083
vt 0.155486 0.359838
vt 0.150642 0.358250
vt 0.150298 0.334173
vt 0.154738 0.334782
vt 0.082489 0.119161
vt 0.082489 0.093957
vt 0.084407 0.095655
vt 0.084347 0.119946
vt 0.207973 0.127954
vt 0.204577 0.132531
vt 0.210020 0.126458
vt 0.230867 0.141857
vt 0.227733 0.143268
vt 0.223038 0.146832
vt 0.218187 0.149966
vt 0.200665 0.138742
vt 0.239892 0.158879
vt 0.235900 0.161857
vt 0.231959 0.164371
vt 0.673425 0.689925
vt 0.673503 0.685214
vt 0.692953 0.680223
vt 0.693459 0.686435
vt 0.673107 0.694536
vt 0.654800 0.692363
vt 0.654619 0.688098
vt 0.672651 0.678510
vt 0.632703 0.688625
vt 0.610255 0.677173
vt 0.123796 0.187788
vt 0.592875 0.661762
vt 0.690686 0.672422
vt 0.704351 0.655688
vt 0.707808 0.663552
vt 0.710792 0.671201
vt 0.196714 0.146052
vt 0.191858 0.152455
vt 0.173925 0.141822
vt 0.177769 0.136505
vt 0.180593 0.130029
vt 0.213320 0.153934
vt 0.157481 0.133839
vt 0.138185 0.138206
vt 0.055977 0.048389
vt 0.064415 0.051381
vt 0.185703 0.155467
vt 0.173864 0.162400
vt 0.702385 0.641326
vt 0.168449 0.164371
vt 0.161933 0.153739
vt 0.157226 0.147201
vt 0.672182 0.699206
vt 0.691669 0.697562
vt 0.691607 0.701075
vt 0.671586 0.701636
vt 0.150386 0.288004
vt 0.151444 0.308520
vt 0.147132 0.308461
vt 0.146354 0.287883
vt 0.152361 0.271915
vt 0.155486 0.273597
vt 0.145862 0.333498
vt 0.142360 0.308767
vt 0.142037 0.288080
vt 0.063190 0.800518
vt 0.065873 0.776720
vt 0.070096 0.779102
vt 0.068094 0.801692
vt 0.624164 0.929548
vt 0.620109 0.933162
vt 0.073738 0.803062
vt 0.615312 0.936861
vt 0.082317 0.805274
vt 0.607778 0.941799
vt 0.097918 0.809046
vt 0.095485 0.828517
vt 0.081497 0.824469
vt 0.077699 0.755997
vt 0.080613 0.759935
vt 0.062207 0.774269
vt 0.647352 0.176253
vt 0.648597 0.197758
vt 0.145347 0.024460
vt 0.116708 0.032149
vt 0.537429 0.148897
vt 0.536199 0.155695
vt 0.511368 0.156097
vt 0.512554 0.148956
vt 0.186583 0.228977
vt 0.186464 0.253040
vt 0.179793 0.250404
vt 0.180895 0.227933
vt 0.485091 0.157734
vt 0.485377 0.150643
vt 0.186583 0.279874
vt 0.182036 0.277677
vt 0.486449 0.144286
vt 0.460487 0.153507
vt 0.460520 0.147691
vt 0.324299 0.284908
vt 0.323424 0.310971
vt 0.318337 0.309777
vt 0.318337 0.283324
vt 0.195103 0.034328
vt 0.191719 0.041374
vt 0.218829 0.043040
vt 0.217137 0.047599
vt 0.190400 0.046040
vt 0.239892 0.045448
vt 0.235478 0.048983
vt 0.093165 0.112191
vt 0.097734 0.115841
vt 0.095925 0.142158
vt 0.093165 0.141095
vt 0.114216 0.277815
vt 0.117874 0.306473
vt 0.113352 0.306938
vt 0.110650 0.281265
vt 0.115760 0.332803
vt 0.110650 0.332425
vt 0.113893 0.352476
vt 0.111192 0.351653
vt 0.113581 0.358448
vt 0.111455 0.359838
vt 0.116470 0.355615
vt 0.115616 0.359330
vt 0.118854 0.333249
vt 0.386818 0.143720
vt 0.412676 0.145231
vt 0.411973 0.149628
vt 0.386192 0.146617
vt 0.152553 0.094327
vt 0.155486 0.094705
vt 0.153108 0.117608
vt 0.152553 0.117725
vt 0.119946 0.306798
vt 0.364171 0.143785
vt 0.385993 0.151796
vt 0.363969 0.144093
vt 0.385948 0.156489
vt 0.362388 0.148138
vt 0.765931 0.968752
vt 0.740471 0.970288
vt 0.738588 0.966498
vt 0.766761 0.965988
vt 0.758557 0.953486
vt 0.734104 0.957902
vt 0.726960 0.942133
vt 0.748593 0.935358
vt 0.717470 0.917681
vt 0.738330 0.910639
vt 0.759598 0.903084
vt 0.730946 0.884167
vt 0.752968 0.878760
vt 0.776934 0.874668
vt 0.783190 0.895792
vt 0.802757 0.872780
vt 0.810265 0.890247
vt 0.979759 0.883315
vt 0.977323 0.900245
vt 0.950193 0.888543
vt 0.950208 0.874125
vt 0.949570 0.858062
vt 0.982091 0.863535
vt 0.978696 0.494218
vt 0.946331 0.504802
vt 0.955620 0.483240
vt 0.960579 0.461934
vt 0.986386 0.466163
vt 0.995108 0.500926
vt 0.930740 0.470204
vt 0.940496 0.455513
vt 0.909404 0.457350
vt 0.921885 0.443697
vt 0.923845 0.881898
vt 0.922458 0.868639
vt 0.773659 0.853237
vt 0.798387 0.855794
vt 0.854059 0.443387
vt 0.855171 0.466235
vt 0.829736 0.463517
vt 0.831890 0.440674
vt 0.988445 0.933379
vt 0.972392 0.948861
vt 0.749870 0.853851
vt 0.803766 0.458832
vt 0.808869 0.436467
vt 0.952534 0.960858
vt 0.962308 0.981540
vt 0.937610 0.990599
vt 0.931146 0.968755
vt 0.923773 0.944470
vt 0.908937 0.972998
vt 0.905954 0.948468
vt 0.903149 0.922787
vt 0.888520 0.950029
vt 0.890858 0.923856
vt 0.891932 0.905476
vt 0.900302 0.904117
vt 0.888625 0.888782
vt 0.894435 0.887038
vt 0.478617 0.703998
vt 0.478200 0.709708
vt 0.455900 0.709015
vt 0.455986 0.703026
vt 0.455734 0.696704
vt 0.478674 0.698027
vt 0.433155 0.702633
vt 0.432962 0.696212
vt 0.432476 0.690548
vt 0.455093 0.690803
vt 0.477605 0.692269
vt 0.080378 0.683133
vt 0.101906 0.682894
vt 0.102820 0.689429
vt 0.081349 0.690217
vt 0.612289 0.639820
vt 0.594509 0.627753
vt 0.597644 0.621649
vt 0.615181 0.632884
vt 0.083562 0.696844
vt 0.062178 0.698162
vt 0.601451 0.616049
vt 0.618968 0.626099
vt 0.635048 0.635963
vt 0.631987 0.644929
vt 0.648110 0.727269
vt 0.626935 0.726850
vt 0.626636 0.719349
vt 0.647523 0.718171
vt 0.022053 0.152951
vt 0.020698 0.173537
vt 0.013656 0.173631
vt 0.013272 0.153068
vt 0.024433 0.135073
vt 0.006638 0.173122
vt 0.005835 0.152104
vt 0.035070 0.001783
vt 0.054553 0.003277
vt 0.054545 0.009741
vt 0.034403 0.008857
vt 0.017748 0.008751
vt 0.019429 0.000905
vt 0.138831 0.276403
vt 0.141019 0.261760
vt 0.151043 0.268532
vt 0.144747 0.280113
vt 0.137415 0.293924
vt 0.131027 0.291813
vt 0.131930 0.273125
vt 0.131743 0.257087
vt 0.979690 0.580041
vt 0.970739 0.577877
vt 0.125201 0.270934
vt 0.122956 0.254689
vt 0.987939 0.578292
vt 0.995108 0.593148
vt 0.119629 0.270315
vt 0.115600 0.253986
vt 0.877638 0.901887
vt 0.884151 0.904826
vt 0.879343 0.922825
vt 0.883014 0.888747
vt 0.713597 0.384480
vt 0.707611 0.383572
vt 0.708265 0.363821
vt 0.714354 0.363811
vt 0.720651 0.364301
vt 0.719635 0.385382
vt 0.709210 0.342316
vt 0.715291 0.342095
vt 0.721631 0.342573
vt 0.716196 0.320720
vt 0.722511 0.321143
vt 0.433060 0.708646
vt 0.410712 0.708720
vt 0.410773 0.702675
vt 0.388416 0.708770
vt 0.388461 0.702777
vt 0.388327 0.696551
vt 0.410611 0.696311
vt 0.123359 0.676023
vt 0.144592 0.675123
vt 0.144326 0.681174
vt 0.123135 0.682108
vt 0.102087 0.676812
vt 0.145033 0.687295
vt 0.123985 0.688271
vt 0.576663 0.616202
vt 0.558735 0.604680
vt 0.562081 0.599282
vt 0.579905 0.610573
vt 0.605212 0.732945
vt 0.583889 0.733004
vt 0.584359 0.727146
vt 0.605611 0.726891
vt 0.583585 0.605722
vt 0.584241 0.720801
vt 0.605425 0.720198
vt 0.019586 0.194702
vt 0.018981 0.216177
vt 0.013041 0.216351
vt 0.013330 0.194881
vt 0.006724 0.216204
vt 0.006744 0.194617
vt 0.074702 0.004950
vt 0.095029 0.006325
vt 0.095530 0.012167
vt 0.075027 0.010983
vt 0.095027 0.018376
vt 0.074321 0.017296
vt 0.053593 0.016254
vt 0.032764 0.015603
vt 0.129547 0.312924
vt 0.127822 0.333787
vt 0.121466 0.333184
vt 0.123110 0.312269
vt 0.124429 0.290834
vt 0.126151 0.354536
vt 0.119904 0.354042
vt 0.710176 0.321038
vt 0.711083 0.299840
vt 0.717036 0.299466
vt 0.711746 0.278773
vt 0.717618 0.278265
vt 0.723756 0.278523
vt 0.723265 0.299812
vt 0.717870 0.257156
vt 0.723995 0.257400
vt 0.366097 0.708858
vt 0.343844 0.708889
vt 0.343848 0.702960
vt 0.366125 0.702922
vt 0.343781 0.696833
vt 0.366032 0.696786
vt 0.165911 0.674540
vt 0.187197 0.674288
vt 0.186806 0.680292
vt 0.165590 0.680522
vt 0.187312 0.686229
vt 0.166126 0.686569
vt 0.540877 0.592944
vt 0.523329 0.580784
vt 0.526748 0.575657
vt 0.544328 0.587746
vt 0.530497 0.571229
vt 0.548014 0.583248
vt 0.562575 0.732960
vt 0.563219 0.727270
vt 0.542135 0.727203
vt 0.542100 0.720946
vt 0.563161 0.721021
vt 0.018661 0.237827
vt 0.018430 0.259615
vt 0.012528 0.259752
vt 0.012734 0.237970
vt 0.006348 0.259671
vt 0.006531 0.237875
vt 0.115575 0.007196
vt 0.136296 0.007682
vt 0.136944 0.013468
vt 0.116176 0.012975
vt 0.136590 0.019602
vt 0.115702 0.019091
vt 0.124844 0.375268
vt 0.124062 0.395897
vt 0.117879 0.395603
vt 0.118700 0.374879
vt 0.123528 0.416551
vt 0.117248 0.416356
vt 0.711940 0.257743
vt 0.712014 0.236752
vt 0.717924 0.236035
vt 0.711848 0.215822
vt 0.717868 0.215079
vt 0.724111 0.215277
vt 0.724119 0.236284
vt 0.321632 0.709070
vt 0.299385 0.709025
vt 0.299402 0.702889
vt 0.321630 0.702982
vt 0.299416 0.696692
vt 0.321599 0.696803
vt 0.208419 0.674156
vt 0.229680 0.674318
vt 0.229195 0.680444
vt 0.207993 0.680242
vt 0.229528 0.686563
vt 0.208387 0.686327
vt 0.505727 0.568487
vt 0.488347 0.555968
vt 0.491977 0.550823
vt 0.509314 0.563350
vt 0.495833 0.546452
vt 0.513148 0.558892
vt 0.521150 0.727003
vt 0.500177 0.726766
vt 0.500170 0.720453
vt 0.521126 0.720705
vt 0.018371 0.281458
vt 0.018390 0.303324
vt 0.012387 0.303441
vt 0.012385 0.281588
vt 0.006135 0.303400
vt 0.006147 0.281544
vt 0.157150 0.007826
vt 0.177963 0.007712
vt 0.178678 0.013697
vt 0.157822 0.013711
vt 0.178545 0.019991
vt 0.157575 0.019943
vt 0.199637 0.013399
vt 0.199509 0.019697
vt 0.123238 0.437244
vt 0.123229 0.457998
vt 0.116879 0.457936
vt 0.116934 0.437124
vt 0.123503 0.478704
vt 0.117069 0.478746
vt 0.711571 0.194987
vt 0.711162 0.174260
vt 0.717282 0.173479
vt 0.717610 0.194182
vt 0.723574 0.173692
vt 0.723877 0.194418
vt 0.277171 0.708876
vt 0.255013 0.708598
vt 0.255040 0.702406
vt 0.277211 0.702699
vt 0.255135 0.696073
vt 0.277268 0.696434
vt 0.250905 0.674693
vt 0.272135 0.675306
vt 0.271539 0.681530
vt 0.250359 0.680883
vt 0.271822 0.687696
vt 0.250662 0.687035
vt 0.470993 0.543307
vt 0.453801 0.530452
vt 0.457614 0.525340
vt 0.474724 0.538147
vt 0.461584 0.520952
vt 0.478649 0.533793
vt 0.479215 0.726312
vt 0.458345 0.725801
vt 0.458384 0.719470
vt 0.479280 0.719976
vt 0.018462 0.325234
vt 0.018520 0.347154
vt 0.012389 0.347252
vt 0.012361 0.325319
vt 0.006000 0.347246
vt 0.006083 0.325278
vt 0.198831 0.007469
vt 0.219838 0.006954
vt 0.220663 0.012915
vt 0.240765 0.006237
vt 0.241678 0.012240
vt 0.241649 0.018642
vt 0.220604 0.019306
vt 0.262706 0.011066
vt 0.262730 0.017628
vt 0.123956 0.499457
vt 0.124767 0.520246
vt 0.118095 0.520329
vt 0.117457 0.499530
vt 0.710575 0.153581
vt 0.709898 0.133037
vt 0.716318 0.132217
vt 0.716846 0.152761
vt 0.722864 0.132466
vt 0.723291 0.152968
vt 0.232866 0.708322
vt 0.210826 0.707881
vt 0.210862 0.701451
vt 0.232898 0.701997
vt 0.210972 0.695064
vt 0.233000 0.695606
vt 0.293379 0.676134
vt 0.314569 0.677275
vt 0.313970 0.683578
vt 0.292772 0.682390
vt 0.314298 0.689683
vt 0.293034 0.688556
vt 0.436727 0.517390
vt 0.419853 0.504050
vt 0.423758 0.498953
vt 0.440619 0.512254
vt 0.427826 0.494563
vt 0.444645 0.507893
vt 0.437570 0.725223
vt 0.416745 0.724353
vt 0.416829 0.718175
vt 0.437626 0.718864
vt 0.018788 0.369070
vt 0.019127 0.391092
vt 0.013018 0.391167
vt 0.012597 0.369167
vt 0.006676 0.391189
vt 0.006200 0.369199
vt 0.014092 0.414674
vt 0.007873 0.413758
vt 0.001810 0.413290
vt 0.000961 0.391154
vt 0.261700 0.005083
vt 0.283764 0.009191
vt 0.302346 0.015105
vt 0.283699 0.016321
vt 0.125891 0.540915
vt 0.126935 0.559304
vt 0.119090 0.559307
vt 0.118801 0.540818
vt 0.709229 0.112869
vt 0.708948 0.094643
vt 0.716056 0.093833
vt 0.715929 0.112143
vt 0.722908 0.094163
vt 0.722599 0.112552
vt 0.189338 0.707177
vt 0.169519 0.706197
vt 0.169335 0.699370
vt 0.189349 0.700615
vt 0.169093 0.692901
vt 0.189354 0.694118
vt 0.335277 0.678678
vt 0.354693 0.680538
vt 0.354756 0.687272
vt 0.334943 0.685210
vt 0.400293 0.495543
vt 0.384780 0.482444
vt 0.387746 0.476397
vt 0.403342 0.490286
vt 0.335617 0.691219
vt 0.406969 0.484874
vt 0.394647 0.728884
vt 0.373110 0.726212
vt 0.370611 0.719220
vt 0.394188 0.722562
vt 0.410070 0.479562
vt 0.372240 0.714627
vt 0.393907 0.717256
vt 0.019272 0.415317
vt 0.017847 0.438152
vt 0.014359 0.435949
vt 0.218346 0.026160
vt 0.213730 0.029613
vt 0.214048 0.024683
vt 0.218379 0.020998
vt 0.467736 0.329337
vt 0.455569 0.334036
vt 0.469052 0.334211
vt 0.456460 0.340937
vt 0.432544 0.345025
vt 0.432676 0.337548
vt 0.471245 0.339303
vt 0.457316 0.347759
vt 0.432509 0.352218
vt 0.407031 0.355171
vt 0.406585 0.347577
vt 0.457944 0.355883
vt 0.431977 0.359260
vt 0.408028 0.359838
vt 0.001006 0.074509
vt 0.001213 0.052314
vt 0.006637 0.052734
vt 0.006664 0.075522
vt 0.084024 0.233857
vt 0.083391 0.259231
vt 0.075911 0.257894
vt 0.077133 0.233128
vt 0.078416 0.209270
vt 0.085517 0.209536
vt 0.077921 0.184554
vt 0.085031 0.183980
vt 0.069433 0.232482
vt 0.070600 0.209016
vt 0.070061 0.185170
vt 0.067431 0.161309
vt 0.075188 0.160103
vt 0.062081 0.208910
vt 0.061542 0.185816
vt 0.058998 0.162583
vt 0.055019 0.139638
vt 0.063210 0.137756
vt 0.049474 0.186808
vt 0.047351 0.164251
vt 0.043631 0.142002
vt 0.038218 0.120480
vt 0.048620 0.117627
vt 0.030389 0.166627
vt 0.027232 0.144937
vt 0.023009 0.123772
vt 0.017629 0.103031
vt 0.030896 0.099799
vt 0.069737 0.567077
vt 0.071163 0.549428
vt 0.087274 0.549504
vt 0.085548 0.567306
vt 0.010363 0.125602
vt 0.006054 0.104826
vt 0.000917 0.084529
vt 0.011009 0.082786
vt 0.083468 0.584095
vt 0.095577 0.568572
vt 0.093349 0.585479
vt 0.090939 0.601142
vt 0.081434 0.599911
vt 0.603877 0.244668
vt 0.586411 0.239711
vt 0.587102 0.230946
vt 0.604547 0.235288
vt 0.100887 0.587251
vt 0.098553 0.602994
vt 0.603881 0.252184
vt 0.586117 0.246995
vt 0.566181 0.242227
vt 0.566922 0.234989
vt 0.604166 0.259883
vt 0.586032 0.254055
vt 0.565763 0.249041
vt 0.544246 0.243422
vt 0.545317 0.236808
vt 0.586353 0.259883
vt 0.565713 0.254818
vt 0.543300 0.249048
vt 0.521740 0.241978
vt 0.522960 0.236580
vt 0.412894 0.680805
vt 0.395390 0.670835
vt 0.398369 0.665834
vt 0.416480 0.676766
vt 0.039982 0.324252
vt 0.034337 0.324299
vt 0.035485 0.304465
vt 0.039595 0.304379
vt 0.037400 0.284232
vt 0.039587 0.284288
vt 0.304813 0.222708
vt 0.327631 0.221254
vt 0.328848 0.228188
vt 0.305857 0.229049
vt 0.283114 0.230404
vt 0.282333 0.225295
vt 0.260118 0.233764
vt 0.258934 0.229807
vt 0.306564 0.235734
vt 0.283589 0.236926
vt 0.260637 0.238232
vt 0.241007 0.239770
vt 0.283734 0.242910
vt 0.260385 0.242504
vt 0.240885 0.242311
vt 0.230363 0.243130
vt 0.231021 0.241175
vt 0.260081 0.246043
vt 0.283154 0.248417
vt 0.282044 0.253361
vt 0.259181 0.249726
vt 0.280678 0.258196
vt 0.258212 0.253178
vt 0.279018 0.262844
vt 0.257088 0.256616
vt 0.277227 0.267274
vt 0.255816 0.259822
vt 0.109758 0.260543
vt 0.108675 0.240548
vt 0.113282 0.239669
vt 0.113242 0.260084
vt 0.113282 0.274962
vt 0.111040 0.275432
vt 0.089839 0.128022
vt 0.090853 0.149751
vt 0.086861 0.150057
vt 0.086842 0.128326
vt 0.087060 0.111756
vt 0.089264 0.111831
vt 0.481828 0.192114
vt 0.504123 0.187973
vt 0.504739 0.192728
vt 0.482323 0.195506
vt 0.464856 0.195142
vt 0.505223 0.197637
vt 0.482712 0.198943
vt 0.505593 0.202651
vt 0.483050 0.202573
vt 0.463993 0.202058
vt 0.453035 0.201471
vt 0.483343 0.206168
vt 0.463769 0.204481
vt 0.453661 0.203218
vt 0.463430 0.206733
vt 0.453885 0.204971
vt 0.463299 0.208743
vt 0.453879 0.206702
vt 0.450970 0.207269
vt 0.483464 0.209721
vt 0.482625 0.213065
vt 0.481570 0.216650
vt 0.504708 0.218506
vt 0.503410 0.223878
vt 0.502133 0.229136
vt 0.480370 0.220622
vt 0.500642 0.234267
vt 0.478683 0.224277
vt 0.455800 0.211802
vt 0.039860 0.261871
vt 0.039461 0.262147
vt 0.038404 0.242431
vt 0.039982 0.236989
vt 0.524259 0.230579
vt 0.525616 0.224090
vt 0.546579 0.229716
vt 0.526937 0.217100
vt 0.547963 0.222097
vt 0.567974 0.226513
vt 0.549098 0.213687
vt 0.569286 0.216765
vt 0.588560 0.219284
vt 0.570700 0.206789
vt 0.590485 0.207676
vt 0.608616 0.208872
vt 0.606143 0.221970
vt 0.021861 0.079836
vt 0.011603 0.061197
vt 0.019340 0.058278
vt 0.029892 0.076925
vt 0.039934 0.096803
vt 0.036791 0.073876
vt 0.047159 0.093824
vt 0.056360 0.115019
vt 0.054452 0.090436
vt 0.063773 0.112280
vt 0.070873 0.135895
vt 0.070433 0.109656
vt 0.077869 0.134159
vt 0.082298 0.159006
vt 0.372715 0.360886
vt 0.397231 0.362452
vt 0.396292 0.368888
vt 0.371456 0.366843
vt 0.347604 0.364251
vt 0.348850 0.359218
vt 0.371379 0.374455
vt 0.347692 0.371763
vt 0.359355 0.357302
vt 0.359167 0.349554
vt 0.383053 0.349490
vt 0.383524 0.357124
vt 0.006664 0.029937
vt 0.001117 0.029945
vt 0.359287 0.341783
vt 0.382789 0.341973
vt 0.406328 0.340246
vt 0.382697 0.333027
vt 0.406161 0.331780
vt 0.432219 0.329381
vt 0.406328 0.318714
vt 0.431408 0.318843
vt 0.407842 0.303457
vt 0.431371 0.307227
vt 0.174160 0.620532
vt 0.198156 0.618537
vt 0.198825 0.629138
vt 0.175622 0.629866
vt 0.432400 0.297978
vt 0.453980 0.302151
vt 0.153820 0.631483
vt 0.176337 0.637786
vt 0.154997 0.639500
vt 0.132124 0.640590
vt 0.138879 0.633323
vt 0.469209 0.304867
vt 0.155554 0.646859
vt 0.135002 0.648464
vt 0.110863 0.649347
vt 0.094574 0.639026
vt 0.156054 0.653825
vt 0.135458 0.655481
vt 0.115186 0.656703
vt 0.726523 0.470648
vt 0.729779 0.491745
vt 0.724799 0.492432
vt 0.721374 0.472128
vt 0.717641 0.452794
vt 0.722586 0.451323
vt 0.096586 0.658876
vt 0.095403 0.650936
vt 0.713207 0.434049
vt 0.718417 0.433064
vt 0.078880 0.661731
vt 0.078611 0.653881
vt 0.061153 0.665641
vt 0.061897 0.657897
vt 0.061252 0.648620
vt 0.076147 0.645454
vt 0.090940 0.641974
vt 0.884692 0.281401
vt 0.875810 0.280761
vt 0.879856 0.266694
vt 0.888490 0.267433
vt 0.705680 0.027000
vt 0.712469 0.026447
vt 0.869070 0.281130
vt 0.872757 0.267109
vt 0.876720 0.247451
vt 0.883736 0.249686
vt 0.709063 0.040380
vt 0.719425 0.026908
vt 0.715650 0.039639
vt 0.712365 0.059029
vt 0.705924 0.060267
vt 0.115600 0.595288
vt 0.117968 0.575841
vt 0.125923 0.574140
vt 0.122233 0.594310
vt 0.721347 0.039873
vt 0.719071 0.058765
vt 0.717150 0.076892
vt 0.709851 0.078115
vt 0.151549 0.710792
vt 0.131927 0.708535
vt 0.131812 0.702392
vt 0.151110 0.704651
vt 0.723749 0.077197
vt 0.131948 0.696199
vt 0.150902 0.697811
vt 0.132355 0.690548
vt 0.150834 0.691514
vt 0.372138 0.682442
vt 0.389848 0.683918
vt 0.389232 0.690301
vt 0.372111 0.689413
vt 0.371450 0.470678
vt 0.357726 0.460000
vt 0.362321 0.454776
vt 0.375274 0.464618
vt 0.339110 0.447708
vt 0.411416 0.689346
vt 0.411348 0.684503
vt 0.429618 0.681145
vt 0.431845 0.684265
vt 0.434136 0.687562
vt 0.412012 0.694692
vt 0.436088 0.678506
vt 0.438816 0.680555
vt 0.442024 0.682706
vt 0.101405 0.042593
vt 0.106619 0.043909
vt 0.106619 0.048867
vt 0.099869 0.046385
vt 0.102694 0.039157
vt 0.106562 0.039669
vt 0.158747 0.399877
vt 0.162989 0.408270
vt 0.158701 0.411410
vt 0.154609 0.400929
vt 0.103462 0.036226
vt 0.106294 0.036200
vt 0.161963 0.398547
vt 0.166486 0.405137
vt 0.179710 0.416853
vt 0.175716 0.421761
vt 0.164358 0.396924
vt 0.169845 0.402509
vt 0.183522 0.411645
vt 0.204293 0.422659
vt 0.198956 0.430364
vt 0.172659 0.399489
vt 0.187343 0.406394
vt 0.208878 0.415408
vt 0.229650 0.425221
vt 0.224491 0.433467
vt 0.190689 0.401322
vt 0.212343 0.409166
vt 0.233409 0.418760
vt 0.253801 0.429359
vt 0.249818 0.436029
vt 0.215479 0.403415
vt 0.236637 0.412982
vt 0.257172 0.423482
vt 0.277522 0.434366
vt 0.274069 0.440327
vt 0.239940 0.407002
vt 0.260574 0.417490
vt 0.281003 0.428173
vt 0.301433 0.439194
vt 0.297796 0.445451
vt 0.188021 0.294189
vt 0.169590 0.280246
vt 0.171852 0.277285
vt 0.190397 0.290946
vt 0.208881 0.305181
vt 0.206548 0.308381
vt 0.227870 0.319658
vt 0.225330 0.323280
vt 0.268680 0.330179
vt 0.254760 0.315582
vt 0.259937 0.311581
vt 0.273662 0.326274
vt 0.288101 0.340698
vt 0.283309 0.344639
vt 0.302810 0.354139
vt 0.297901 0.358087
vt 0.279144 0.322162
vt 0.293469 0.336539
vt 0.308299 0.349973
vt 0.323074 0.363399
vt 0.317456 0.367507
vt 0.193558 0.083545
vt 0.171799 0.081681
vt 0.173636 0.075464
vt 0.195351 0.077351
vt 0.217060 0.078526
vt 0.215067 0.085204
vt 0.329093 0.359003
vt 0.343923 0.372348
vt 0.337704 0.376997
vt 0.197603 0.067458
vt 0.219355 0.068386
vt 0.240812 0.069277
vt 0.238469 0.079988
vt 0.262380 0.070291
vt 0.260136 0.082074
vt 0.661841 0.148523
vt 0.640029 0.147115
vt 0.639316 0.126993
vt 0.660884 0.127623
vt 0.242795 0.048312
vt 0.264297 0.048601
vt 0.285992 0.048735
vt 0.284278 0.070888
vt 0.242050 0.022980
vt 0.263729 0.023071
vt 0.285116 0.023029
vt 0.306690 0.022656
vt 0.307712 0.048318
vt 0.416631 0.255847
vt 0.398743 0.242572
vt 0.409707 0.226572
vt 0.428086 0.239518
vt 0.445847 0.253127
vt 0.434181 0.269418
vt 0.463300 0.267483
vt 0.451910 0.283303
vt 0.435007 0.229721
vt 0.453241 0.243489
vt 0.470597 0.258103
vt 0.487431 0.273326
vt 0.480840 0.282094
vt 0.458688 0.236493
vt 0.476503 0.251030
vt 0.493445 0.266339
vt 0.510554 0.281726
vt 0.504878 0.288356
vt 0.481952 0.244795
vt 0.499151 0.260125
vt 0.516308 0.275468
vt 0.533634 0.291037
vt 0.527834 0.297310
vt 0.504182 0.254888
vt 0.521580 0.269994
vt 0.539050 0.285590
vt 0.556318 0.301471
vt 0.550831 0.306905
vt 0.704166 0.357455
vt 0.702885 0.379792
vt 0.695508 0.379957
vt 0.696725 0.357926
vt 0.697757 0.335540
vt 0.705124 0.335008
vt 0.698840 0.312617
vt 0.705917 0.312013
vt 0.461702 0.679428
vt 0.444239 0.667320
vt 0.449143 0.660427
vt 0.466662 0.672589
vt 0.690051 0.334179
vt 0.691311 0.311528
vt 0.692478 0.288575
vt 0.699945 0.289362
vt 0.483889 0.684208
vt 0.471382 0.665343
vt 0.488541 0.676956
vt 0.505335 0.688454
vt 0.501274 0.695556
vt 0.521958 0.699146
vt 0.518371 0.705968
vt 0.493702 0.668718
vt 0.510487 0.679586
vt 0.526551 0.690590
vt 0.543059 0.701838
vt 0.539126 0.709300
vt 0.519297 0.665575
vt 0.534498 0.677985
vt 0.549896 0.690931
vt 0.565398 0.703379
vt 0.559967 0.712447
vt 0.545473 0.663666
vt 0.559022 0.678609
vt 0.572719 0.692977
vt 0.586268 0.706447
vt 0.580615 0.714950
vt 0.566319 0.669664
vt 0.579185 0.684575
vt 0.591803 0.698943
vt 0.661306 0.187184
vt 0.667720 0.166288
vt 0.673732 0.169051
vt 0.668536 0.190628
vt 0.584383 0.678164
vt 0.596547 0.693138
vt 0.655624 0.183889
vt 0.662878 0.163413
vt 0.669710 0.143120
vt 0.673865 0.145612
vt 0.650762 0.180821
vt 0.658445 0.160496
vt 0.665855 0.140470
vt 0.673373 0.120701
vt 0.676633 0.122983
vt 0.586382 0.579059
vt 0.568607 0.567783
vt 0.572556 0.564075
vt 0.589991 0.575524
vt 0.607095 0.586287
vt 0.604088 0.589295
vt 0.624066 0.596663
vt 0.621666 0.599061
vt 0.593039 0.571290
vt 0.609742 0.582568
vt 0.626154 0.593853
vt 0.641965 0.604955
vt 0.640281 0.607107
vt 0.677026 0.518047
vt 0.656670 0.515224
vt 0.657789 0.511119
vt 0.677730 0.514916
vt 0.697883 0.518142
vt 0.697380 0.520301
vt 0.665182 0.025945
vt 0.645022 0.033563
vt 0.643880 0.030178
vt 0.664284 0.023368
vt 0.680888 0.017593
vt 0.680898 0.018744
vt 0.685647 0.016195
vt 0.684846 0.016990
vt 0.663511 0.021089
vt 0.680508 0.016359
vt 0.685160 0.015182
vt 0.029969 0.013327
vt 0.030549 0.011355
vt 0.031032 0.011747
vt 0.031097 0.013327
vt 0.680213 0.015348
vt 0.684859 0.014312
vt 0.687214 0.013893
vt 0.687469 0.014829
vt 0.679843 0.014210
vt 0.684739 0.013446
vt 0.687232 0.013086
vt 0.679656 0.013025
vt 0.684538 0.012617
vt 0.687129 0.012471
vt 0.047441 0.019991
vt 0.047450 0.018529
vt 0.684455 0.011783
vt 0.686969 0.011844
vt 0.044424 0.019756
vt 0.044424 0.018214
vt 0.679488 0.011867
vt 0.679580 0.010752
vt 0.684364 0.010975
vt 0.686723 0.011133
vt 0.679793 0.009709
vt 0.684481 0.010174
vt 0.717093 0.519433
vt 0.717756 0.518911
vt 0.719257 0.520499
vt 0.718630 0.521205
vt 0.714936 0.515201
vt 0.716023 0.514760
vt 0.718550 0.518283
vt 0.719269 0.519462
vt 0.705416 0.063109
vt 0.706231 0.064370
vt 0.705875 0.065426
vt 0.704811 0.065036
vt 0.703839 0.064747
vt 0.704412 0.062843
vt 0.704829 0.061459
vt 0.705619 0.062144
vt 0.702989 0.064544
vt 0.703704 0.062509
vt 0.704192 0.061107
vt 0.702178 0.064247
vt 0.703021 0.062180
vt 0.121421 0.277202
vt 0.120618 0.277540
vt 0.120213 0.276295
vt 0.119727 0.275174
vt 0.119798 0.277782
vt 0.121192 0.279342
vt 0.120207 0.279563
vt 0.119205 0.279730
vt 0.118934 0.278003
vt 0.118144 0.279836
vt 0.117812 0.277869
vt 0.117852 0.276901
vt 0.119596 0.283626
vt 0.118397 0.283720
vt 0.117068 0.284083
vt 0.117068 0.279988
vt 0.117105 0.278705
vt 0.121476 0.297078
vt 0.119199 0.297644
vt 0.652326 0.616234
vt 0.638518 0.608842
vt 0.652852 0.615077
vt 0.637166 0.610415
vt 0.619069 0.601497
vt 0.684198 0.103056
vt 0.692189 0.083123
vt 0.693775 0.083795
vt 0.686721 0.104554
vt 0.680110 0.125207
vt 0.601036 0.592145
vt 0.689118 0.105595
vt 0.683665 0.126914
vt 0.678686 0.147775
vt 0.687676 0.127988
vt 0.683796 0.149350
vt 0.680189 0.171317
vt 0.688812 0.150212
vt 0.686173 0.172537
vt 0.683854 0.195332
vt 0.676663 0.193604
vt 0.691543 0.173266
vt 0.689783 0.196152
vt 0.688490 0.219102
vt 0.681980 0.218226
vt 0.673306 0.216046
vt 0.695760 0.196738
vt 0.694863 0.219634
vt 0.694064 0.242845
vt 0.687600 0.242299
vt 0.556354 0.719260
vt 0.701492 0.219987
vt 0.701006 0.243145
vt 0.700512 0.266194
vt 0.693461 0.265755
vt 0.535659 0.715873
vt 0.030712 0.194827
vt 0.031953 0.218009
vt 0.025593 0.218201
vt 0.024302 0.195057
vt 0.022356 0.171613
vt 0.028811 0.171481
vt 0.589796 0.335550
vt 0.605458 0.353290
vt 0.599983 0.357886
vt 0.584282 0.340502
vt 0.567758 0.323441
vt 0.573399 0.318085
vt 0.706349 0.288623
vt 0.578340 0.346219
vt 0.561775 0.329540
vt 0.544918 0.313132
vt 0.555717 0.336100
vt 0.539017 0.319772
vt 0.522133 0.303882
vt 0.532714 0.327623
vt 0.515609 0.312079
vt 0.498240 0.296934
vt 0.371500 0.001527
vt 0.394340 0.001350
vt 0.396237 0.019363
vt 0.373643 0.020170
vt 0.351142 0.020975
vt 0.348804 0.002085
vt 0.374732 0.045419
vt 0.352232 0.046645
vt 0.329771 0.047613
vt 0.328732 0.021982
vt 0.469753 0.297419
vt 0.351961 0.069041
vt 0.329051 0.070071
vt 0.306427 0.070792
vt 0.327993 0.082819
vt 0.304894 0.083655
vt 0.282309 0.083419
vt 0.303729 0.091048
vt 0.280640 0.090917
vt 0.258149 0.089153
vt 0.352257 0.390340
vt 0.367733 0.403045
vt 0.362240 0.408669
vt 0.346385 0.395360
vt 0.331868 0.381407
vt 0.236403 0.086874
vt 0.341224 0.399831
vt 0.326639 0.385383
vt 0.312474 0.371408
vt 0.264398 0.347521
vt 0.282016 0.361833
vt 0.279016 0.366131
vt 0.261195 0.351999
vt 0.243372 0.337910
vt 0.246455 0.333514
vt 0.341168 0.463249
vt 0.360256 0.474778
vt 0.356247 0.481617
vt 0.337145 0.469830
vt 0.318009 0.457485
vt 0.321813 0.451194
vt 0.333090 0.476289
vt 0.314165 0.463561
vt 0.294220 0.451437
vt 0.309261 0.471015
vt 0.289709 0.458779
vt 0.269868 0.447283
vt 0.282683 0.469483
vt 0.263429 0.457170
vt 0.244073 0.444976
vt 0.254050 0.470521
vt 0.235781 0.456944
vt 0.217558 0.443541
vt 0.229046 0.465879
vt 0.211603 0.451464
vt 0.193922 0.436951
vt 0.206706 0.457535
vt 0.189631 0.442264
vt 0.171988 0.426131
vt 0.185737 0.446847
vt 0.168395 0.430222
vt 0.154399 0.414711
vt 0.164915 0.434665
vt 0.150426 0.418671
vt 0.144081 0.404747
vt 0.149759 0.402122
vt 0.146599 0.423370
vt 0.137402 0.408374
vt 0.134945 0.397666
vt 0.145112 0.396931
vt 0.150733 0.396687
vt 0.144374 0.427279
vt 0.131683 0.412082
vt 0.126357 0.400256
vt 0.000664 0.242113
vt 0.000916 0.224666
vt 0.004442 0.222105
vt 0.004442 0.241459
vt 0.020539 0.281242
vt 0.024433 0.279249
vt 0.024433 0.295423
vt 0.020118 0.294383
vt 0.178422 0.083574
vt 0.195806 0.094044
vt 0.193961 0.100104
vt 0.176999 0.089258
vt 0.157953 0.373266
vt 0.162149 0.370445
vt 0.162149 0.388714
vt 0.155994 0.387960
vt 0.191734 0.106450
vt 0.174854 0.095422
vt 0.158496 0.084865
vt 0.161302 0.078759
vt 0.171893 0.102081
vt 0.155438 0.091392
vt 0.136237 0.080295
vt 0.139209 0.074804
vt 0.143996 0.070339
vt 0.115156 0.068935
vt 0.117598 0.064215
vt 0.120321 0.059430
vt 0.097098 0.054023
vt 0.099319 0.049640
vt 0.256729 0.390677
vt 0.241732 0.374850
vt 0.244824 0.371466
vt 0.262684 0.388721
vt 0.272947 0.408666
vt 0.248100 0.368032
vt 0.265414 0.384251
vt 0.284317 0.305677
vt 0.279397 0.306529
vt 0.276942 0.282288
vt 0.284317 0.278450
vt 0.251439 0.364603
vt 0.268868 0.380273
vt 0.287397 0.394986
vt 0.303513 0.404904
vt 0.272617 0.376190
vt 0.290760 0.388766
vt 0.307789 0.398635
vt 0.323859 0.406781
vt 0.318907 0.413144
vt 0.047524 0.397176
vt 0.045308 0.416436
vt 0.038633 0.415268
vt 0.040607 0.395797
vt 0.041419 0.377333
vt 0.048909 0.379305
vt 0.042294 0.358210
vt 0.050239 0.360781
vt 0.033142 0.394940
vt 0.033496 0.376095
vt 0.033636 0.356777
vt 0.034100 0.336516
vt 0.043983 0.337690
vt 0.083580 0.348961
vt 0.083170 0.329243
vt 0.091923 0.330071
vt 0.092872 0.349844
vt 0.093031 0.369833
vt 0.083244 0.369356
vt 0.092870 0.389854
vt 0.082844 0.389597
vt 0.100942 0.350441
vt 0.101003 0.370136
vt 0.100798 0.389987
vt 0.101090 0.409983
vt 0.092880 0.409911
vt 0.107829 0.370530
vt 0.107885 0.390184
vt 0.108449 0.410265
vt 0.108507 0.430754
vt 0.101029 0.430325
vt 0.114064 0.390655
vt 0.115086 0.410769
vt 0.115504 0.431391
vt 0.115185 0.452113
vt 0.108012 0.451490
vt 0.727679 0.513392
vt 0.732718 0.512882
vt 0.735130 0.534356
vt 0.729878 0.534597
vt 0.736469 0.556382
vt 0.731484 0.556289
vt 0.177221 0.652078
vt 0.176792 0.645123
vt 0.198943 0.644223
vt 0.199052 0.651122
vt 0.221507 0.643370
vt 0.221582 0.650436
vt 0.198917 0.636910
vt 0.221494 0.635885
vt 0.244088 0.634482
vt 0.243998 0.642122
vt 0.221495 0.627840
vt 0.244215 0.626188
vt 0.267177 0.625696
vt 0.266796 0.634167
vt 0.221281 0.616325
vt 0.244349 0.614108
vt 0.267716 0.613426
vt 0.291137 0.614333
vt 0.290208 0.626509
vt 0.342557 0.297978
vt 0.363737 0.299737
vt 0.360684 0.317822
vt 0.338669 0.316451
vt 0.268545 0.596758
vt 0.292756 0.597350
vt 0.316881 0.600408
vt 0.314526 0.616582
vt 0.317454 0.314257
vt 0.336895 0.331050
vt 0.315135 0.328645
vt 0.294636 0.324714
vt 0.297463 0.310835
vt 0.420576 0.394632
vt 0.445604 0.396841
vt 0.444991 0.408284
vt 0.420382 0.406215
vt 0.395927 0.392063
vt 0.395889 0.383859
vt 0.421025 0.386373
vt 0.446181 0.388655
vt 0.471094 0.389457
vt 0.470633 0.397713
vt 0.421498 0.379066
vt 0.446665 0.381336
vt 0.471316 0.382116
vt 0.495295 0.381156
vt 0.495090 0.388306
vt 0.447108 0.373526
vt 0.471372 0.374839
vt 0.495126 0.373971
vt 0.516752 0.371215
vt 0.517215 0.378685
vt 0.471196 0.367901
vt 0.494269 0.367503
vt 0.515402 0.364605
vt 0.535475 0.362233
vt 0.536735 0.368558
vt 0.019993 0.032977
vt 0.035613 0.047838
vt 0.031962 0.051834
vt 0.017129 0.035623
vt 0.001424 0.022591
vt 0.003244 0.019690
vt 0.086842 0.195454
vt 0.087028 0.172905
vt 0.091070 0.172802
vt 0.089840 0.195468
vt 0.550118 0.184460
vt 0.572918 0.184420
vt 0.572389 0.190994
vt 0.550117 0.191100
vt 0.527706 0.191450
vt 0.527362 0.185488
vt 0.550105 0.197955
vt 0.528026 0.197439
vt 0.549865 0.205337
vt 0.528274 0.203639
vt 0.527983 0.210184
vt 0.505759 0.207423
vt 0.505602 0.212571
vt 0.571784 0.198034
vt 0.594071 0.191330
vt 0.592316 0.198643
vt 0.595316 0.184382
vt 0.025905 0.055425
vt 0.044057 0.070119
vt 0.049712 0.066080
vt 0.061001 0.087032
vt 0.447306 0.366102
vt 0.422042 0.371327
vt 0.422599 0.364754
vt 0.395994 0.376636
vt 0.371525 0.381578
vt 0.336324 0.340192
vt 0.314251 0.337818
vt 0.359614 0.332468
vt 0.336056 0.347883
vt 0.383188 0.318771
vt 0.385504 0.301013
vt 0.297712 0.278512
vt 0.275479 0.271083
vt 0.299660 0.273909
vt 0.554328 0.359218
vt 0.555306 0.365054
vt 0.301633 0.268578
vt 0.323900 0.274213
vt 0.321660 0.280198
vt 0.303592 0.262735
vt 0.326007 0.267469
vt 0.348210 0.272841
vt 0.346108 0.279883
vt 0.343723 0.286538
vt 0.327943 0.259889
vt 0.350284 0.264338
vt 0.372594 0.269058
vt 0.370350 0.277889
vt 0.368055 0.284767
vt 0.352007 0.253827
vt 0.374467 0.256751
vt 0.395378 0.260066
vt 0.393685 0.273227
vt 0.494724 0.396793
vt 0.374895 0.244806
vt 0.395221 0.245875
vt 0.364194 0.614665
vt 0.361187 0.626572
vt 0.338045 0.620419
vt 0.340867 0.606327
vt 0.469790 0.408705
vt 0.359256 0.635398
vt 0.336460 0.630612
vt 0.313340 0.628037
vt 0.335665 0.638375
vt 0.312836 0.636348
vt 0.289689 0.635025
vt 0.312481 0.643919
vt 0.289239 0.642732
vt 0.266417 0.641876
vt 0.288953 0.649631
vt 0.266163 0.649137
vt 0.244027 0.649313
vt 0.737446 0.601139
vt 0.736578 0.622921
vt 0.731036 0.621827
vt 0.732054 0.600350
vt 0.732168 0.578577
vt 0.737217 0.578986
vt 0.115504 0.493881
vt 0.114706 0.514233
vt 0.107040 0.512978
vt 0.107843 0.492922
vt 0.107906 0.472291
vt 0.115385 0.472911
vt 0.100103 0.492207
vt 0.100213 0.471861
vt 0.100380 0.451083
vt 0.091493 0.471525
vt 0.091944 0.450765
vt 0.092730 0.430083
vt 0.081053 0.450312
vt 0.082400 0.429737
vt 0.082721 0.409687
vt 0.069208 0.428932
vt 0.071048 0.408919
vt 0.071764 0.389052
vt 0.045166 0.316563
vt 0.045255 0.296350
vt 0.055556 0.298543
vt 0.054519 0.318781
vt 0.052632 0.340506
vt 0.073433 0.368182
vt 0.061600 0.319943
vt 0.060409 0.343372
vt 0.056711 0.364162
vt 0.241707 0.184739
vt 0.241180 0.164620
vt 0.248227 0.164768
vt 0.248777 0.186583
vt 0.334992 0.420315
vt 0.340580 0.414638
vt 0.352865 0.433715
vt 0.240276 0.143368
vt 0.248777 0.141408
vt 0.062807 0.301061
vt 0.057704 0.277790
vt 0.065663 0.280226
vt 0.046390 0.275938
vt 0.068411 0.256743
vt 0.072345 0.282718
vt 0.068853 0.303304
vt 0.059876 0.255507
vt 0.061019 0.231896
vt 0.047804 0.254362
vt 0.049257 0.231597
vt 0.050073 0.209201
vt 0.062634 0.471023
vt 0.066298 0.449609
vt 0.078583 0.471192
vt 0.034474 0.232228
vt 0.033971 0.210389
vt 0.032676 0.188551
vt 0.076505 0.491452
vt 0.090846 0.491706
vt 0.089697 0.511430
vt 0.074465 0.511233
vt 0.088607 0.530793
vt 0.072718 0.530662
vt 0.099282 0.512056
vt 0.098235 0.531492
vt 0.097217 0.550517
vt 0.106214 0.532502
vt 0.105261 0.551859
vt 0.103502 0.570230
vt 0.113938 0.533910
vt 0.113030 0.553578
vt 0.111228 0.572368
vt 0.108503 0.589527
vt 0.725217 0.665297
vt 0.729052 0.643711
vt 0.734275 0.645063
vt 0.730566 0.667309
vt 0.724982 0.688201
vt 0.720002 0.685548
vt 0.717471 0.708288
vt 0.713115 0.705211
vt 0.334419 0.652640
vt 0.312191 0.650639
vt 0.335035 0.645810
vt 0.357071 0.649760
vt 0.356117 0.655869
vt 0.378450 0.656624
vt 0.376452 0.662599
vt 0.358094 0.642591
vt 0.379898 0.649448
vt 0.400139 0.659055
vt 0.381370 0.642663
vt 0.373197 0.229100
vt 0.374339 0.236314
vt 0.352474 0.235650
vt 0.351766 0.228457
vt 0.329719 0.235256
vt 0.352678 0.243787
vt 0.329967 0.242900
vt 0.306870 0.242374
vt 0.329398 0.251388
vt 0.306469 0.249577
vt 0.305334 0.256352
vt 0.383252 0.635186
vt 0.350747 0.221254
vt 0.704763 0.726340
vt 0.701952 0.723145
vt 0.106348 0.605284
vt 0.077294 0.284862
vt 0.531963 0.331589
vt 0.533094 0.332178
vt 0.113578 0.371187
vt 0.107709 0.351028
vt 0.581961 0.262096
vt 0.581052 0.279528
vt 0.574714 0.280170
vt 0.575578 0.263056
vt 0.100076 0.330801
vt 0.106967 0.331566
vt 0.580956 0.296776
vt 0.574542 0.297204
vt 0.581961 0.314537
vt 0.575499 0.315414
vt 0.708203 0.415538
vt 0.701952 0.395800
vt 0.707226 0.395187
vt 0.713752 0.414992
vt 0.051859 0.366023
vt 0.057379 0.367338
vt 0.058540 0.386104
vt 0.053702 0.386205
vt 0.041745 0.671312
vt 0.023439 0.677245
vt 0.021935 0.673305
vt 0.042342 0.665009
vt 0.021293 0.667982
vt 0.043789 0.656313
vt 0.001956 0.680805
vt 0.000579 0.677041
vt 0.881625 0.339280
vt 0.881942 0.362314
vt 0.877180 0.362211
vt 0.875059 0.335990
vt 0.872632 0.362197
vt 0.871015 0.338791
vt 0.581024 0.553272
vt 0.577171 0.555306
vt 0.867327 0.362869
vt 0.864915 0.340260
vt 0.863617 0.317403
vt 0.868219 0.311962
vt 0.572315 0.533019
vt 0.572315 0.513018
vt 0.859798 0.341802
vt 0.857689 0.319571
vt 0.856966 0.298481
vt 0.863581 0.295659
vt 0.854996 0.280681
vt 0.860024 0.279190
vt 0.188846 0.227745
vt 0.179538 0.211418
vt 0.184478 0.207600
vt 0.194451 0.223078
vt 0.203991 0.236500
vt 0.197988 0.240777
vt 0.214264 0.250178
vt 0.208092 0.254080
vt 0.200437 0.218892
vt 0.210329 0.232600
vt 0.221041 0.246214
vt 0.232742 0.260396
vt 0.226121 0.264507
vt 0.465055 0.131476
vt 0.445675 0.128174
vt 0.445739 0.119715
vt 0.465442 0.123162
vt 0.486135 0.126529
vt 0.485734 0.135039
vt 0.507286 0.130238
vt 0.507019 0.138716
vt 0.465812 0.111119
vt 0.486677 0.113766
vt 0.508076 0.116580
vt 0.529877 0.119040
vt 0.529138 0.133698
vt 0.487331 0.100793
vt 0.509042 0.101596
vt 0.530855 0.102225
vt 0.552864 0.102106
vt 0.551937 0.121224
vt 0.509582 0.092524
vt 0.531478 0.092290
vt 0.553508 0.091465
vt 0.575887 0.089679
vt 0.575013 0.101528
vt 0.288227 0.160030
vt 0.268164 0.149525
vt 0.271524 0.142803
vt 0.291699 0.153035
vt 0.312594 0.162916
vt 0.308949 0.170214
vt 0.333784 0.172827
vt 0.329794 0.180438
vt 0.294744 0.146457
vt 0.315603 0.156243
vt 0.336822 0.166236
vt 0.357920 0.176314
vt 0.354742 0.182722
vt 0.318484 0.149762
vt 0.339864 0.159550
vt 0.361063 0.169838
vt 0.382277 0.180532
vt 0.378879 0.186857
vt 0.342622 0.153463
vt 0.363725 0.164354
vt 0.385043 0.175355
vt 0.406290 0.186691
vt 0.403296 0.192002
vt 0.296699 0.563709
vt 0.278765 0.548552
vt 0.282732 0.544476
vt 0.300372 0.559965
vt 0.318558 0.574800
vt 0.314781 0.578742
vt 0.336816 0.589305
vt 0.332906 0.593461
vt 0.305254 0.553872
vt 0.323394 0.568479
vt 0.341547 0.582980
vt 0.360077 0.596898
vt 0.355437 0.603723
vt 0.327996 0.562345
vt 0.346126 0.576688
vt 0.364637 0.590108
vt 0.383197 0.602933
vt 0.378674 0.610144
vt 0.352273 0.567988
vt 0.370359 0.581546
vt 0.388696 0.594357
vt 0.406536 0.607184
vt 0.401070 0.615842
vt 0.381150 0.565762
vt 0.399231 0.578579
vt 0.417065 0.591207
vt 0.434459 0.604105
vt 0.424038 0.619991
vt 0.413680 0.557935
vt 0.431760 0.570447
vt 0.449443 0.582987
vt 0.466423 0.595815
vt 0.451739 0.616719
vt 0.441096 0.557925
vt 0.458920 0.570519
vt 0.476027 0.583401
vt 0.492346 0.597058
vt 0.482910 0.609353
vt 0.465085 0.562765
vt 0.482392 0.575752
vt 0.498942 0.589407
vt 0.515000 0.603565
vt 0.508532 0.610889
vt 0.487935 0.569106
vt 0.504431 0.583175
vt 0.520249 0.597674
vt 0.535055 0.612223
vt 0.530071 0.617802
vt 0.509455 0.577028
vt 0.525177 0.591743
vt 0.539775 0.606462
vt 0.553839 0.621417
vt 0.549410 0.627109
vt 0.460064 0.488694
vt 0.440211 0.475949
vt 0.443589 0.470271
vt 0.463384 0.482836
vt 0.482793 0.495579
vt 0.479751 0.501368
vt 0.502290 0.508365
vt 0.499205 0.514161
vt 0.512912 0.479519
vt 0.492231 0.473454
vt 0.495537 0.467026
vt 0.515900 0.473087
vt 0.536534 0.479352
vt 0.533623 0.485659
vt 0.556933 0.485556
vt 0.554231 0.491607
vt 0.492021 0.073954
vt 0.468609 0.078689
vt 0.467708 0.072294
vt 0.490999 0.067551
vt 0.513951 0.062879
vt 0.515048 0.069136
vt 0.536741 0.058209
vt 0.537975 0.064324
vt 0.489909 0.060179
vt 0.512730 0.055599
vt 0.535441 0.051198
vt 0.557713 0.046520
vt 0.559133 0.052912
vt 0.511680 0.047049
vt 0.534291 0.043102
vt 0.556317 0.039148
vt 0.578207 0.034816
vt 0.579549 0.041404
vt 0.533172 0.032726
vt 0.555184 0.030140
vt 0.577098 0.027414
vt 0.598647 0.024586
vt 0.599610 0.030719
vt 0.554320 0.018731
vt 0.576362 0.018177
vt 0.597999 0.017261
vt 0.619048 0.016873
vt 0.619525 0.021889
vt 0.576160 0.009847
vt 0.597894 0.010758
vt 0.619353 0.011957
vt 0.640799 0.012746
vt 0.640924 0.016415
vt 0.598180 0.005039
vt 0.619887 0.007285
vt 0.641143 0.009484
vt 0.662348 0.010572
vt 0.662416 0.012643
vt 0.689391 0.487159
vt 0.676003 0.470662
vt 0.679419 0.467938
vt 0.692148 0.484942
vt 0.641628 0.006024
vt 0.662483 0.008444
vt 0.704618 0.501601
vt 0.694962 0.482926
vt 0.706453 0.500242
vt 0.697688 0.481374
vt 0.708510 0.498870
vt 0.717079 0.514280
vt 0.683225 0.465210
vt 0.687279 0.462693
vt 0.025392 0.353593
vt 0.025955 0.332157
vt 0.030459 0.332365
vt 0.028441 0.353730
vt 0.704391 0.107415
vt 0.704600 0.128869
vt 0.699962 0.128849
vt 0.701155 0.107331
vt 0.695706 0.128713
vt 0.697852 0.107143
vt 0.700732 0.086037
vt 0.703863 0.069048
vt 0.694558 0.106842
vt 0.698753 0.085610
vt 0.702746 0.069120
vt 0.696897 0.085005
vt 0.701670 0.068812
vt 0.695383 0.084433
vt 0.700631 0.068354
vt 0.699671 0.067888
vt 0.122167 0.282781
vt 0.120893 0.283230
vt 0.698770 0.067426
vt 0.691740 0.106392
vt 0.691553 0.128465
vt 0.693697 0.150677
vt 0.698784 0.151015
vt 0.697162 0.173844
vt 0.704131 0.151222
vt 0.703141 0.174244
vt 0.702166 0.197052
vt 0.033318 0.264283
vt 0.033239 0.287118
vt 0.027539 0.287004
vt 0.027346 0.264322
vt 0.026666 0.241336
vt 0.032978 0.241284
vt 0.634998 0.389092
vt 0.648819 0.407413
vt 0.643743 0.411120
vt 0.629542 0.393298
vt 0.614886 0.375501
vt 0.620266 0.371183
vt 0.623953 0.397996
vt 0.609192 0.380430
vt 0.594135 0.363148
vt 0.603431 0.386002
vt 0.588070 0.369054
vt 0.572170 0.352506
vt 0.581535 0.376303
vt 0.565657 0.359826
vt 0.549464 0.343514
vt 0.440177 0.002376
vt 0.463043 0.003567
vt 0.463999 0.019026
vt 0.441416 0.018824
vt 0.418877 0.018999
vt 0.417229 0.001749
vt 0.442702 0.042192
vt 0.420007 0.043306
vt 0.397285 0.044165
vt 0.420317 0.062316
vt 0.397418 0.065125
vt 0.374696 0.067421
vt 0.397466 0.076891
vt 0.374444 0.080133
vt 0.351268 0.081990
vt 0.374283 0.087844
vt 0.350624 0.089558
vt 0.327131 0.090296
vt 0.402717 0.423142
vt 0.420710 0.432165
vt 0.415844 0.438238
vt 0.397775 0.429163
vt 0.379728 0.419823
vt 0.384794 0.413790
vt 0.393548 0.434844
vt 0.375349 0.425444
vt 0.357368 0.413734
vt 0.320178 0.391433
vt 0.340790 0.405804
vt 0.337401 0.410552
vt 0.317136 0.395778
vt 0.297523 0.380700
vt 0.300382 0.376520
vt 0.400053 0.497565
vt 0.420522 0.510189
vt 0.415714 0.516951
vt 0.395781 0.504449
vt 0.375634 0.493016
vt 0.379679 0.486091
vt 0.391431 0.511289
vt 0.371576 0.499735
vt 0.352150 0.488299
vt 0.366845 0.507286
vt 0.347111 0.496117
vt 0.328257 0.483694
vt 0.339368 0.507579
vt 0.320657 0.494821
vt 0.301739 0.482120
vt 0.307389 0.513225
vt 0.289408 0.499102
vt 0.271839 0.484745
vt 0.280720 0.510508
vt 0.263667 0.495391
vt 0.246474 0.480414
vt 0.258016 0.502373
vt 0.241028 0.487132
vt 0.223873 0.472338
vt 0.236590 0.492366
vt 0.219570 0.477561
vt 0.202544 0.462474
vt 0.214963 0.483088
vt 0.198326 0.467409
vt 0.181806 0.451471
vt 0.194700 0.471608
vt 0.178130 0.455770
vt 0.161630 0.439431
vt 0.067448 0.097734
vt 0.066887 0.076666
vt 0.071079 0.076182
vt 0.070705 0.097288
vt 0.020229 0.244931
vt 0.023734 0.243977
vt 0.024433 0.264551
vt 0.020229 0.266547
vt 0.216021 0.099221
vt 0.236325 0.109301
vt 0.233971 0.115543
vt 0.214194 0.104983
vt 0.196402 0.089403
vt 0.231630 0.121541
vt 0.212085 0.110982
vt 0.228808 0.127767
vt 0.209632 0.117015
vt 0.466289 0.092546
vt 0.487737 0.092716
vt 0.466187 0.099912
vt 0.206480 0.123506
vt 0.188846 0.112822
vt 0.445985 0.098539
vt 0.445830 0.108334
vt 0.426253 0.105471
vt 0.426336 0.096691
vt 0.426409 0.115853
vt 0.406207 0.111957
vt 0.406526 0.102826
vt 0.407226 0.094898
vt 0.384345 0.108331
vt 0.384867 0.100846
vt 0.385552 0.094226
vt 0.361356 0.105589
vt 0.361649 0.099567
vt 0.362093 0.094204
vt 0.338667 0.103752
vt 0.339022 0.098716
vt 0.339473 0.094110
vt 0.094805 0.058307
vt 0.092477 0.062252
vt 0.072218 0.051750
vt 0.074454 0.048009
vt 0.076637 0.043894
vt 0.053835 0.038049
vt 0.055897 0.033973
vt 0.057585 0.029847
vt 0.078536 0.039654
vt 0.224954 0.359656
vt 0.207248 0.344863
vt 0.209680 0.341380
vt 0.227567 0.356208
vt 0.212481 0.337833
vt 0.230501 0.352713
vt 0.215415 0.334552
vt 0.233546 0.349377
vt 0.218317 0.331587
vt 0.236586 0.346331
vt 0.254675 0.361329
vt 0.035015 0.459511
vt 0.028734 0.481554
vt 0.024300 0.480269
vt 0.029753 0.458029
vt 0.034793 0.436229
vt 0.041040 0.437718
vt 0.024371 0.457191
vt 0.028561 0.435484
vt 0.031707 0.414474
vt 0.083200 0.289653
vt 0.084786 0.267609
vt 0.090583 0.267726
vt 0.089937 0.289763
vt 0.090600 0.310300
vt 0.082775 0.309875
vt 0.097133 0.289989
vt 0.098573 0.310784
vt 0.103382 0.290261
vt 0.105319 0.311283
vt 0.096614 0.267943
vt 0.102073 0.268171
vt 0.106695 0.268451
vt 0.108504 0.290596
vt 0.111056 0.312010
vt 0.101919 0.245358
vt 0.106203 0.245692
vt 0.059627 0.405869
vt 0.059973 0.426629
vt 0.055413 0.426817
vt 0.054546 0.406045
vt 0.051078 0.426508
vt 0.049539 0.405534
vt 0.182140 0.350953
vt 0.177635 0.350300
vt 0.177108 0.328056
vt 0.182140 0.328871
vt 0.055607 0.448580
vt 0.051125 0.448402
vt 0.886780 0.385003
vt 0.886857 0.407666
vt 0.882830 0.407292
vt 0.882320 0.384583
vt 0.885989 0.362629
vt 0.878393 0.407304
vt 0.877938 0.384669
vt 0.873903 0.407652
vt 0.873367 0.384894
vt 0.869724 0.408388
vt 0.868972 0.385522
vt 0.139591 0.164928
vt 0.127458 0.146854
vt 0.131189 0.144088
vt 0.143657 0.161634
vt 0.155991 0.178305
vt 0.151796 0.182224
vt 0.168144 0.194896
vt 0.163816 0.198912
vt 0.147964 0.158781
vt 0.160725 0.174933
vt 0.172969 0.191327
vt 0.383999 0.121011
vt 0.361139 0.116882
vt 0.361191 0.111517
vt 0.384064 0.115319
vt 0.178349 0.188152
vt 0.190006 0.203942
vt 0.406191 0.119881
vt 0.426708 0.124364
vt 0.338339 0.113589
vt 0.338453 0.108816
vt 0.315063 0.110846
vt 0.315304 0.106429
vt 0.315640 0.101754
vt 0.291705 0.103916
vt 0.292139 0.099326
vt 0.292625 0.094812
vt 0.316097 0.097209
vt 0.268805 0.096678
vt 0.269312 0.092217
vt 0.051611 0.041777
vt 0.031209 0.031832
vt 0.033393 0.028161
vt 0.015712 0.024127
vt 0.017807 0.020523
vt 0.019832 0.016492
vt 0.035432 0.024120
vt 0.021588 0.012372
vt 0.037123 0.019997
vt 0.189471 0.330361
vt 0.176035 0.319201
vt 0.178627 0.315569
vt 0.191941 0.326809
vt 0.181571 0.311960
vt 0.194775 0.323252
vt 0.184506 0.308656
vt 0.197720 0.319962
vt 0.021395 0.526496
vt 0.016871 0.542595
vt 0.012921 0.541180
vt 0.017436 0.524998
vt 0.023037 0.503573
vt 0.026992 0.505125
vt 0.008890 0.540061
vt 0.013232 0.523775
vt 0.018727 0.502371
vt 0.008997 0.522986
vt 0.014339 0.501541
vt 0.019626 0.479417
vt 0.089156 0.220697
vt 0.091693 0.196789
vt 0.095853 0.197204
vt 0.093594 0.221069
vt 0.091831 0.244728
vt 0.086802 0.244481
vt 0.098255 0.221485
vt 0.096987 0.245030
vt 0.102780 0.221918
vt 0.100291 0.197652
vt 0.104680 0.198102
vt 0.108671 0.198506
vt 0.106913 0.222340
vt 0.059968 0.448408
vt 0.059856 0.471090
vt 0.055578 0.471326
vt 0.059781 0.493403
vt 0.055616 0.493696
vt 0.051223 0.493656
vt 0.051164 0.471225
vt 0.046891 0.493292
vt 0.046906 0.470774
vt 0.047104 0.447877
vt 0.883578 0.430152
vt 0.884654 0.452475
vt 0.880177 0.452435
vt 0.879110 0.430131
vt 0.875602 0.452784
vt 0.874645 0.430500
vt 0.111439 0.131627
vt 0.098656 0.114009
vt 0.102090 0.111016
vt 0.114826 0.128731
vt 0.124099 0.149785
vt 0.105988 0.108254
vt 0.118551 0.126051
vt 0.110019 0.105949
vt 0.122466 0.123793
vt 0.135158 0.141689
vt 0.291370 0.108215
vt 0.267963 0.105714
vt 0.268337 0.101313
vt 0.250408 0.103621
vt 0.250703 0.099019
vt 0.251072 0.094370
vt 0.240048 0.097152
vt 0.251497 0.089964
vt 0.239640 0.102001
vt 0.232684 0.100124
vt 0.232683 0.095288
vt 0.230064 0.171385
vt 0.231007 0.176182
vt 0.226451 0.175292
vt 0.225675 0.170906
vt 0.358862 0.128787
vt 0.359838 0.133082
vt 0.355074 0.132919
vt 0.354454 0.128598
vt 0.353914 0.124265
vt 0.357850 0.124799
vt 0.353709 0.119154
vt 0.357168 0.120632
vt 0.350166 0.128363
vt 0.349585 0.123570
vt 0.349180 0.118528
vt 0.004343 0.005274
vt 0.011690 0.007721
vt 0.010101 0.011954
vt 0.002507 0.009381
vt 0.345114 0.123456
vt 0.343952 0.118811
vt 0.005664 0.000449
vt 0.012947 0.003327
vt 0.170160 0.308194
vt 0.167430 0.312287
vt 0.164723 0.303246
vt 0.345977 0.128609
vt 0.350930 0.132907
vt 0.346993 0.133207
vt 0.342892 0.133984
vt 0.347952 0.137746
vt 0.344251 0.138345
vt 0.348932 0.142286
vt 0.345492 0.142614
vt 0.341550 0.143103
vt 0.346532 0.147102
vt 0.336910 0.143944
vt 0.110043 0.138212
vt 0.109123 0.145668
vt 0.108130 0.156946
vt 0.104106 0.156566
vt 0.111998 0.157316
vt 0.110637 0.175191
vt 0.106690 0.174810
vt 0.059915 0.510488
vt 0.059973 0.521023
vt 0.055886 0.510769
vt 0.051623 0.510806
vt 0.048094 0.521106
vt 0.047224 0.510554
vt 0.885913 0.469491
vt 0.887202 0.480002
vt 0.882724 0.479716
vt 0.881424 0.469346
vt 0.877882 0.479869
vt 0.876734 0.469560
vt 0.872950 0.480558
vt 0.872191 0.470185
vt 0.088789 0.100997
vt 0.092355 0.097922
vt 0.086098 0.089892
vt 0.090674 0.086642
vt 0.096484 0.094998
vt 0.095571 0.084010
vt 0.100796 0.092555
vt 0.082187 0.084698
vt 0.087108 0.081264
vt 0.239216 0.106687
vt 0.232097 0.105359
vt 0.230739 0.181834
vt 0.229311 0.186583
vt 0.225094 0.184515
vt 0.226435 0.180249
vt 0.873531 0.487388
vt 0.878946 0.487036
vt 0.880265 0.490433
vt 0.875841 0.490891
vt 0.883996 0.486853
vt 0.884068 0.490526
vt 0.350644 0.147100
vt 0.351958 0.150511
vt 0.347317 0.151043
vt 0.049226 0.528502
vt 0.888490 0.487477
vt 0.102501 0.174388
vt 0.098194 0.173943
vt 0.100022 0.156150
vt 0.094205 0.173513
vt 0.096094 0.155726
vt 0.004857 0.539316
vt 0.251658 0.132142
vt 0.248460 0.138616
vt 0.254389 0.125850
vt 0.274553 0.136285
vt 0.257047 0.119335
vt 0.277423 0.129985
vt 0.297689 0.139968
vt 0.279664 0.124999
vt 0.300147 0.134374
vt 0.321091 0.143876
vt 0.244225 0.517556
vt 0.227957 0.501913
vt 0.232016 0.497746
vt 0.248563 0.513283
vt 0.265631 0.528788
vt 0.261233 0.533371
vt 0.253412 0.507757
vt 0.270293 0.523254
vt 0.287591 0.538628
vt 0.274856 0.517792
vt 0.292200 0.532981
vt 0.309932 0.547918
vt 0.298190 0.525392
vt 0.316076 0.539843
vt 0.334040 0.554144
vt 0.325973 0.526493
vt 0.344304 0.539973
vt 0.362792 0.552988
vt 0.358361 0.519988
vt 0.377043 0.532617
vt 0.395480 0.545234
vt 0.386587 0.518584
vt 0.405250 0.531476
vt 0.423272 0.544841
vt 0.410755 0.523813
vt 0.429081 0.537181
vt 0.447050 0.550259
vt 0.434556 0.530328
vt 0.452484 0.543481
vt 0.470484 0.555906
vt 0.457623 0.536826
vt 0.475479 0.549107
vt 0.493071 0.562651
vt 0.399615 0.449221
vt 0.378543 0.436096
vt 0.381892 0.431054
vt 0.402830 0.444498
vt 0.423276 0.457609
vt 0.419996 0.462619
vt 0.451228 0.460590
vt 0.431086 0.452907
vt 0.435025 0.446967
vt 0.454849 0.454358
vt 0.475124 0.460813
vt 0.471724 0.467233
vt 0.421741 0.087338
vt 0.397931 0.091070
vt 0.397711 0.084650
vt 0.421081 0.080614
vt 0.444498 0.076531
vt 0.445279 0.083092
vt 0.420525 0.072770
vt 0.443727 0.068940
vt 0.466811 0.064762
vt 0.443246 0.058747
vt 0.466146 0.055158
vt 0.488965 0.051284
vt 0.465337 0.040780
vt 0.487968 0.038744
vt 0.510700 0.035824
vt 0.486683 0.019252
vt 0.509483 0.019673
vt 0.532076 0.019328
vt 0.508682 0.006272
vt 0.531378 0.007592
vt 0.553894 0.008694
vt 0.628574 0.425599
vt 0.612812 0.409451
vt 0.618464 0.403149
vt 0.633537 0.420191
vt 0.553825 0.001350
vt 0.576218 0.003218
vt 0.648474 0.436936
vt 0.638536 0.415491
vt 0.652931 0.432827
vt 0.666499 0.450314
vt 0.662472 0.453734
vt 0.657742 0.428883
vt 0.670935 0.446931
vt 0.662637 0.425304
vt 0.675570 0.443883
vt 0.027041 0.309809
vt 0.032085 0.310088
vt 0.597222 0.392934
vt 0.485829 0.004966
vt 0.459090 0.447944
vt 0.439482 0.440716
vt 0.411626 0.443800
vt 0.357701 0.423795
vt 0.361149 0.418720
vt 0.439826 0.523768
vt 0.211022 0.487400
vt 0.258636 0.115132
vt 0.071079 0.054722
vt 0.066394 0.055680
vt 0.662569 0.014621
vt 0.662769 0.016726
vt 0.641172 0.019399
vt 0.663004 0.018831
vt 0.641771 0.022907
vt 0.620686 0.026916
vt 0.642819 0.026704
vt 0.621889 0.031486
vt 0.600865 0.036385
vt 0.623160 0.036019
vt 0.602271 0.041634
vt 0.580977 0.047325
vt 0.603609 0.046573
vt 0.582316 0.052726
vt 0.560445 0.058720
vt 0.597757 0.497496
vt 0.618078 0.502743
vt 0.616213 0.508074
vt 0.595603 0.503235
vt 0.574626 0.497733
vt 0.577253 0.491701
vt 0.540255 0.533875
vt 0.558319 0.546974
vt 0.554839 0.552010
vt 0.536729 0.539400
vt 0.518179 0.526811
vt 0.521321 0.521116
vt 0.580427 0.652066
vt 0.592892 0.667492
vt 0.588742 0.672845
vt 0.576158 0.657606
vt 0.563190 0.642363
vt 0.567380 0.636773
vt 0.571727 0.663083
vt 0.558630 0.647927
vt 0.544750 0.632639
vt 0.553147 0.654484
vt 0.539049 0.639310
vt 0.523962 0.624806
vt 0.531277 0.648784
vt 0.515850 0.635034
vt 0.499612 0.622222
vt 0.503255 0.653535
vt 0.486410 0.641562
vt 0.469174 0.629173
vt 0.476429 0.657328
vt 0.459139 0.644751
vt 0.441683 0.632249
vt 0.453811 0.653150
vt 0.436393 0.640723
vt 0.418911 0.628165
vt 0.431785 0.648035
vt 0.414457 0.635510
vt 0.396748 0.623020
vt 0.410118 0.642505
vt 0.392463 0.630209
vt 0.374195 0.617261
vt 0.693138 0.445926
vt 0.693347 0.423969
vt 0.699571 0.423954
vt 0.699458 0.445975
vt 0.699686 0.467568
vt 0.693663 0.467230
vt 0.448125 0.210816
vt 0.467878 0.224702
vt 0.463630 0.230160
vt 0.444353 0.216320
vt 0.423981 0.203761
vt 0.427281 0.198200
vt 0.351526 0.607873
vt 0.439871 0.222783
vt 0.420061 0.210264
vt 0.399688 0.198361
vt 0.415868 0.217058
vt 0.395887 0.204880
vt 0.375381 0.193257
vt 0.390385 0.213829
vt 0.370457 0.201740
vt 0.350288 0.190885
vt 0.361099 0.216497
vt 0.342131 0.203938
vt 0.322973 0.191508
vt 0.596950 0.101198
vt 0.618711 0.101650
vt 0.617379 0.126078
vt 0.595564 0.124577
vt 0.573900 0.122882
vt 0.598355 0.087752
vt 0.595630 0.143388
vt 0.573537 0.140312
vt 0.551350 0.137071
vt 0.573732 0.149933
vt 0.551277 0.146228
vt 0.528933 0.142367
vt 0.258397 0.288645
vt 0.271555 0.303350
vt 0.265432 0.307501
vt 0.252101 0.292904
vt 0.238853 0.278610
vt 0.245279 0.274401
vt 0.246423 0.297136
vt 0.233081 0.282927
vt 0.220109 0.268585
vt 0.227670 0.287074
vt 0.214650 0.272428
vt 0.202697 0.257499
vt 0.118041 0.236416
vt 0.135052 0.249965
vt 0.133044 0.252606
vt 0.115809 0.239795
vt 0.199448 0.385298
vt 0.197693 0.389110
vt 0.182126 0.377971
vt 0.193435 0.244654
vt 0.218724 0.397351
vt 0.194262 0.395573
vt 0.175106 0.395976
vt 0.153337 0.263616
vt 0.151317 0.266255
vt 0.241146 0.301398
vt 0.284887 0.318095
vt 0.299063 0.332309
vt 0.152048 0.072837
vt 0.154629 0.063141
vt 0.175922 0.065706
vt 0.617836 0.145662
vt 0.640266 0.102001
vt 0.661925 0.102277
vt 0.380150 0.229339
vt 0.486676 0.239485
vt 0.694045 0.401879
vt 0.700731 0.401796
vt 0.427075 0.655009
vt 0.600750 0.688155
vt 0.604782 0.683125
vt 0.550653 0.555938
vt 0.575873 0.559499
vt 0.638089 0.507270
vt 0.636558 0.511996
vt 0.624447 0.040406
vt 0.166698 0.371084
vt 0.718669 0.517118
vt 0.650735 0.612145
vt 0.166047 0.394900
vt 0.166863 0.392324
vt 0.050823 0.021267
vt 0.051207 0.018795
vt 0.053048 0.019711
vt 0.052972 0.021714
vt 0.053309 0.024433
vt 0.050823 0.024009
vt 0.090725 0.702440
vt 0.097197 0.702804
vt 0.097727 0.707242
vt 0.091303 0.705228
vt 0.089388 0.700159
vt 0.095803 0.699296
vt 0.110947 0.700048
vt 0.111224 0.705460
vt 0.087442 0.698246
vt 0.093809 0.696514
vt 0.110512 0.695040
vt 0.091452 0.693842
vt 0.110078 0.690559
vt 0.085058 0.696462
vt 0.723921 0.027012
vt 0.103713 0.033498
vt 0.105732 0.033405
vt 0.317424 0.015967
vt 0.339847 0.012300
vt 0.337169 0.018657
vt 0.449897 0.199825
vt 0.476135 0.345768
vt 0.887091 0.974268
vt 0.884568 0.995108
vt 0.846104 0.986781
vt 0.912722 0.995108
vt 0.756381 0.444133
vt 0.748289 0.466502
vt 0.726990 0.457443
vt 0.734217 0.435496
vt 0.778749 0.451732
vt 0.772406 0.474432
vt 0.768099 0.498025
vt 0.742895 0.490068
vt 0.799446 0.481510
vt 0.796338 0.504725
vt 0.794223 0.527637
vt 0.765595 0.521562
vt 0.827728 0.486609
vt 0.825728 0.509602
vt 0.823892 0.532019
vt 0.822115 0.554193
vt 0.792643 0.550171
vt 0.854212 0.512012
vt 0.852529 0.534213
vt 0.850382 0.556355
vt 0.848068 0.578527
vt 0.820244 0.576466
vt 0.404575 0.928651
vt 0.384813 0.932328
vt 0.379905 0.903210
vt 0.400042 0.899813
vt 0.420621 0.896135
vt 0.424805 0.924648
vt 0.441133 0.892241
vt 0.445103 0.920442
vt 0.398689 0.872292
vt 0.419607 0.869026
vt 0.650577 0.910094
vt 0.656079 0.936673
vt 0.635964 0.943681
vt 0.630867 0.917289
vt 0.440757 0.865430
vt 0.462406 0.861704
vt 0.462067 0.888229
vt 0.662636 0.959686
vt 0.642023 0.966388
vt 0.621893 0.972896
vt 0.616581 0.950908
vt 0.465542 0.839972
vt 0.487878 0.837806
vt 0.484149 0.857916
vt 0.509437 0.184352
vt 0.485110 0.186512
vt 0.484886 0.173072
vt 0.509867 0.171719
vt 0.534274 0.170631
vt 0.533432 0.181975
vt 0.557947 0.169955
vt 0.556821 0.179926
vt 0.510582 0.163442
vt 0.535165 0.162916
vt 0.484972 0.164732
vt 0.460399 0.174082
vt 0.460363 0.165966
vt 0.460406 0.159635
vt 0.436342 0.166306
vt 0.436689 0.160488
vt 0.437186 0.155033
vt 0.411457 0.159795
vt 0.411552 0.154622
vt 0.437656 0.149953
vt 0.438942 0.145448
vt 0.461293 0.143720
vt 0.411411 0.165479
vt 0.386222 0.160848
vt 0.436248 0.174496
vt 0.411618 0.173752
vt 0.387314 0.170542
vt 0.436993 0.188804
vt 0.412872 0.188568
vt 0.710749 0.962345
vt 0.704922 0.947656
vt 0.683443 0.953379
vt 0.676260 0.930030
vt 0.696694 0.923824
vt 0.670049 0.903098
vt 0.689811 0.896456
vt 0.710020 0.890170
vt 0.686148 0.868577
vt 0.706114 0.862302
vt 0.727279 0.857252
vt 0.855171 0.489348
vt 0.460959 0.187990
vt 0.482961 0.884047
vt 0.465474 0.916155
vt 0.843352 0.622441
vt 0.840824 0.643811
vt 0.818256 0.598622
vt 0.845800 0.600633
vt 0.791163 0.572669
vt 0.762825 0.567648
vt 0.764039 0.544766
vt 0.279989 0.827824
vt 0.309305 0.802442
vt 0.303676 0.828517
vt 0.338322 0.775631
vt 0.332977 0.802708
vt 0.739559 0.514107
vt 0.363900 0.746797
vt 0.360106 0.775284
vt 0.355198 0.802590
vt 0.380940 0.730127
vt 0.379156 0.773434
vt 0.133622 0.559749
vt 0.129735 0.559220
vt 0.792058 0.708998
vt 0.225428 0.245329
vt 0.223940 0.245244
vt 0.224439 0.243109
vt 0.055011 0.021715
vt 0.055531 0.020162
vt 0.055531 0.023083
vt 0.055132 0.024433
vt 0.225192 0.247575
vt 0.024433 0.031304
vt 0.024227 0.033318
vt 0.023406 0.032469
vt 0.023406 0.030764
vt 0.163267 0.099970
vt 0.164371 0.108840
vt 0.157015 0.108476
vt 0.157015 0.097716
vt 0.045497 0.704128
vt 0.114185 0.077447
vt 0.119946 0.075520
vt 0.119946 0.113282
vt 0.112547 0.099006
vt 0.102176 0.072333
vt 0.100946 0.080457
vt 0.097218 0.079330
vt 0.097218 0.062822
vt 0.644623 0.384272
vt 0.640530 0.379545
vt 0.644936 0.379669
vt 0.648598 0.381820
vt 0.172288 0.208933
vt 0.177698 0.213200
vt 0.177609 0.221153
vt 0.172937 0.220674
vt 0.169063 0.220982
vt 0.167655 0.211389
vt 0.630108 0.373187
vt 0.633933 0.367908
vt 0.641795 0.360305
vt 0.645740 0.368697
vt 0.629316 0.354654
vt 0.636874 0.348569
vt 0.642850 0.354614
vt 0.620746 0.363132
vt 0.623299 0.371220
vt 0.638504 0.334050
vt 0.641575 0.344667
vt 0.637486 0.319400
vt 0.618843 0.357131
vt 0.139206 0.052600
vt 0.128077 0.053928
vt 0.118190 0.055531
vt 0.171012 0.256680
vt 0.168691 0.252762
vt 0.177698 0.251520
vt 0.177690 0.259704
vt 0.174669 0.275432
vt 0.171911 0.274878
vt 0.130617 0.244335
vt 0.114937 0.229677
vt 0.629347 0.656172
vt 0.626393 0.645822
vt 0.630003 0.652396
vt 0.113722 0.173913
vt 0.115692 0.172608
vt 0.197112 0.558827
vt 0.194370 0.549095
vt 0.206711 0.564976
vt 0.196027 0.566645
vt 0.407405 0.805853
vt 0.408189 0.808817
vt 0.414254 0.805685
vt 0.058126 0.812968
vt 0.047549 0.806507
vt 0.054459 0.791952
vt 0.064415 0.807566
vt 0.206262 0.173256
vt 0.202131 0.357617
vt 0.194242 0.357617
vt 0.172111 0.345001
vt 0.175477 0.349214
vt 0.173907 0.342012
vt 0.001207 0.262104
vt 0.001686 0.246360
vt 0.004442 0.246037
vt 0.004442 0.262098
vt 0.480860 0.345899
vt 0.310971 0.345370
vt 0.310459 0.346511
vt 0.308086 0.330166
vt 0.310971 0.329549
vt 0.164371 0.211365
vt 0.164371 0.220683
vt 0.163769 0.222122
vt 0.161692 0.212255
vt 0.003007 0.115763
vt 0.002447 0.111395
vt 0.078891 0.362644
vt 0.072458 0.364281
vt 0.212904 0.279552
vt 0.215895 0.278592
vt 0.217680 0.297818
vt 0.212904 0.302087
vt 0.149324 0.378599
vt 0.153264 0.377339
vt 0.150092 0.389821
vt 0.145503 0.393136
vt 0.300459 0.112131
vt 0.305750 0.119412
vt 0.305453 0.133274
vt 0.300459 0.129287
vt 0.310485 0.115584
vt 0.310971 0.128366
vt 0.643962 0.662661
vt 0.547330 0.492960
vt 0.550864 0.494485
vt 0.411238 0.807912
vt 0.515324 0.314662
vt 0.477928 0.300305
vt 0.302087 0.211016
vt 0.063562 0.617500
vt 0.122167 0.162149
vt 0.003901 0.288844
vt 0.099528 0.633388
vt 0.103027 0.626741
vt 0.026443 0.031897
vt 0.026655 0.033581
vt 0.026443 0.035540
vt 0.477857 0.359871
vt 0.478551 0.362060
vt 0.781081 0.283555
vt 0.305072 0.182942
vt 0.046673 0.577268
vt 0.046158 0.586590
vt 0.232002 0.039982
vt 0.232002 0.022342
vt 0.235384 0.020771
vt 0.235450 0.031658
vt 0.248960 0.864999
vt 0.258839 0.866278
vt 0.046646 0.046680
vt 0.043255 0.048867
vt 0.043255 0.040447
vt 0.100811 0.086628
vt 0.022212 0.337626
vt 0.021018 0.331609
vt 0.022212 0.323288
vt 0.197395 0.844166
vt 0.199907 0.825265
vt 0.185873 0.857592
vt 0.178766 0.842934
vt 0.948517 0.449124
vt 0.371383 0.136172
vt 0.372016 0.127826
vt 0.387087 0.130600
vt 0.388714 0.139937
vt 0.388714 0.121801
vt 0.643284 0.160472
vt 0.647899 0.168603
vt 0.631650 0.217304
vt 0.630364 0.217097
vt 0.630341 0.224344
vt 0.065875 0.345331
vt 0.067633 0.345353
vt 0.197689 0.288759
vt 0.190130 0.287018
vt 0.190801 0.267351
vt 0.197689 0.253816
vt 0.083609 0.079964
vt 0.083609 0.062025
vt 0.087317 0.064006
vt 0.088849 0.073812
vt 0.073300 0.113282
vt 0.070907 0.105076
vt 0.073300 0.097634
vt 0.928472 0.040334
vt 0.919155 0.015587
vt 0.251827 0.163903
vt 0.256645 0.162548
vt 0.257662 0.179919
vt 0.252236 0.149201
vt 0.257662 0.145840
vt 0.064415 0.724990
vt 0.032703 0.788622
vt 0.017375 0.778218
vt 0.132632 0.635270
vt 0.133273 0.630957
vt 0.271980 0.191515
vt 0.277653 0.191309
vt 0.304542 0.306114
vt 0.096920 0.046646
vt 0.225112 0.296967
vt 0.223463 0.288302
vt 0.326603 0.196404
vt 0.337626 0.208617
vt 0.333945 0.214685
vt 0.326603 0.215459
vt 0.153264 0.395378
vt 0.035022 0.041252
vt 0.035540 0.038611
vt 0.035110 0.038161
vt 0.035540 0.044424
vt 0.205787 0.294815
vt 0.201229 0.296749
vt 0.201402 0.291997
vt 0.204925 0.290958
vt 0.207426 0.289237
vt 0.209765 0.294352
vt 0.211016 0.301628
vt 0.207930 0.302087
vt 0.204851 0.287172
vt 0.211016 0.277515
vt 0.204163 0.284417
vt 0.209296 0.276553
vt 0.203195 0.281982
vt 0.207379 0.275483
vt 0.201545 0.279722
vt 0.205981 0.273955
vt 0.017369 0.128131
vt 0.019968 0.128127
vt 0.020561 0.132898
vt 0.019058 0.132557
vt 0.022212 0.128842
vt 0.022212 0.133273
vt 0.201072 0.287239
vt 0.201322 0.289219
vt 0.048330 0.043027
vt 0.048867 0.045712
vt 0.048330 0.048867
vt 0.029790 0.034401
vt 0.030928 0.033896
vt 0.031097 0.035363
vt 0.029399 0.035707
vt 0.030999 0.036911
vt 0.029615 0.036974
vt 0.030910 0.038310
vt 0.028966 0.037715
vt 0.031097 0.039954
vt 0.030495 0.039982
vt 0.017770 0.039702
vt 0.017528 0.039982
vt 0.017528 0.039109
vt 0.066537 0.021099
vt 0.066320 0.022444
vt 0.065981 0.022824
vt 0.066637 0.020844
vt 0.026655 0.012590
vt 0.026154 0.013327
vt 0.026371 0.011870
vt 0.026154 0.011399
vt 0.065834 0.024433
vt 0.065834 0.020017
vt 0.019991 0.044424
vt 0.019741 0.044342
vt 0.019834 0.043236
vt 0.019991 0.043224
vt 0.062194 0.028876
vt 0.061479 0.028785
vt 0.061389 0.025012
vt 0.062194 0.024977
vt 0.059813 0.028574
vt 0.058512 0.025117
vt 0.059790 0.024993
vt 0.060168 0.028619
vt 0.061682 0.021685
vt 0.060925 0.021254
vt 0.058776 0.020033
vt 0.059312 0.020337
vt 0.060155 0.020817
vt 0.060588 0.024992
vt 0.060788 0.028698
s 1
usemtl tripo_mat_6c14b7b4-af05-4c8c-af32-d22b4469474c
f 1/1 107/2 108/3 109/4
f 1/1 110/5 111/6 107/2
f 1/1 109/4 112/7 110/5
f 2/8 113/9 114/10 115/11
f 2/8 116/12 117/13 113/9
f 2/8 115/11 118/14 119/15
f 2/16 120/17 121/18 116/19
f 2/20 119/21 122/22 120/23
f 3/24 123/25 124/26 125/27
f 3/28 126/29 127/30 123/31
f 3/32 125/33 128/34 126/35
f 4/36 129/37 130/38 131/39
f 5/40 132/41 133/42 134/43
f 5/44 134/45 135/46 136/47
f 6/48 137/49 138/50 139/51
f 6/48 140/52 141/53 137/49
f 6/54 142/55 143/56 140/57
f 7/58 144/59 145/60 146/61
f 7/58 147/62 148/63 149/64
f 7/58 146/61 150/65 147/62
f 8/66 151/67 152/68 153/69
f 8/66 154/70 155/71 151/67
f 8/66 153/69 156/72 154/70
f 9/73 157/74 158/75 159/76
f 9/77 159/78 160/79 161/80
f 9/73 161/81 162/82 157/74
f 10/83 163/84 164/85 165/86
f 10/83 166/87 167/88 163/84
f 11/89 168/90 169/91 170/92
f 11/93 171/94 172/95 168/96
f 12/97 173/98 174/99 175/100
f 13/101 176/102 177/103 178/104
f 13/101 178/104 179/105 180/106
f 14/107 181/108 182/109 183/110
f 14/111 184/112 185/113 186/114
f 14/111 186/114 187/115 181/116
f 14/117 188/118 189/119 184/120
f 14/117 183/121 190/122 188/118
f 15/123 191/124 192/125 193/126
f 15/127 193/128 194/129 195/130
f 16/131 196/132 197/133 198/134
f 16/135 199/136 200/137 196/138
f 16/139 198/140 201/141 199/142
f 17/143 202/144 203/145 204/146
f 206/147 207/148 202/149 17/150
f 17/151 204/152 205/153 206/154
f 18/155 208/156 209/157 210/158
f 18/159 210/160 211/161 212/162
f 18/159 212/162 213/163 208/164
f 19/165 209/157 214/166 215/167
f 19/165 216/168 210/158 209/157
f 20/169 217/170 218/171 219/172
f 20/173 220/174 221/175 217/176
f 20/177 219/178 222/179 220/180
f 28/181 223/182 224/183 225/184
f 29/185 28/186 225/187 226/188
f 21/189 227/190 228/191 27/192
f 21/193 27/194 229/195 230/196
f 22/197 231/198 232/199 233/200
f 22/201 23/202 234/203 231/204
f 22/197 233/200 235/205 23/206
f 23/206 235/205 236/207 234/208
f 24/209 103/210 237/211 238/212
f 24/213 238/214 239/215 240/216
f 24/217 240/218 25/219 241/220
f 26/221 24/222 241/223 242/224
f 26/225 242/226 243/227 244/228
f 26/229 244/230 245/231 29/232
f 26/221 246/233 103/234 24/222
f 27/192 228/191 247/235 229/236
f 28/186 29/185 248/237 223/238
f 29/185 245/239 249/240 248/237
f 30/241 250/242 251/243 252/244
f 30/245 252/246 253/247 225/184
f 30/245 225/184 224/183 250/248
f 31/249 254/250 255/251 256/252
f 31/249 257/253 258/254 254/250
f 31/249 256/252 259/255 257/253
f 32/256 260/257 261/258 39/259
f 32/260 39/261 36/262 262/263
f 32/256 263/264 264/265 260/257
f 32/260 265/266 266/267 263/268
f 33/269 267/270 268/271 269/272
f 219/172 270/273 267/274 33/275
f 33/276 269/277 222/179 219/178
f 34/278 271/279 272/280 273/281
f 34/278 273/281 274/282 275/283
f 34/278 275/283 276/284 271/279
f 277/285 270/273 219/172 218/171
f 35/286 278/287 262/263 279/288
f 35/286 216/168 280/289 278/287
f 35/290 281/291 282/292 211/161
f 35/286 211/293 210/158 216/168
f 35/290 279/294 283/295 281/291
f 36/262 284/296 279/288 262/263
f 37/297 285/298 286/299 287/300
f 37/297 288/301 289/302 290/303
f 37/297 291/304 292/305 288/301
f 37/297 287/300 293/306 291/304
f 38/307 291/304 293/306 294/308
f 38/307 295/309 292/305 291/304
f 38/307 294/308 296/310 297/311
f 40/312 47/313 298/314 299/315
f 40/312 299/315 300/316 301/317
f 40/312 301/317 302/318 303/319
f 41/320 304/321 305/322 306/323
f 41/320 306/323 307/324 308/325
f 41/320 308/325 309/326 304/321
f 42/327 310/328 311/329 312/330
f 42/327 312/330 313/331 314/332
f 42/327 314/332 315/333 310/328
f 43/334 316/335 317/336 318/337
f 43/338 319/339 320/340 316/341
f 43/342 318/343 321/344 322/345
f 43/338 323/346 324/347 319/339
f 44/348 325/349 323/350 326/351
f 44/352 326/353 327/354 328/355
f 44/352 328/355 45/356 325/357
f 45/358 328/359 329/360 330/361
f 45/362 330/363 331/364 325/365
f 46/366 332/367 333/368 334/369
f 46/366 334/369 335/370 336/371
f 46/366 337/372 338/373 332/367
f 46/366 339/374 340/375 337/372
f 46/366 336/371 341/376 339/374
f 47/377 342/378 343/379 344/380
f 47/381 344/382 345/383 298/384
f 47/377 40/385 346/386 347/387
f 47/377 347/387 348/388 342/378
f 48/389 349/390 350/391 321/344
f 48/389 321/344 318/343 351/392
f 49/393 140/57 355/394 356/395
f 49/396 356/397 357/398 358/399
f 50/400 359/401 360/402 361/403
f 50/400 362/404 363/405 359/401
f 50/400 361/403 364/406 362/404
f 51/407 365/408 366/409 52/410
f 51/407 52/410 367/411 368/412
f 51/407 368/412 369/413 370/414
f 51/415 370/416 371/417 372/418
f 51/407 372/419 373/420 365/408
f 52/410 366/409 374/421 367/411
f 53/422 375/423 376/424 377/425
f 53/426 378/427 379/428 375/429
f 54/430 380/431 381/432 382/433
f 54/434 55/435 57/436 383/437
f 54/438 383/439 384/440 380/441
f 53/426 385/442 386/443 378/427
f 53/422 377/425 387/444 385/445
f 55/446 54/447 56/448 388/449
f 56/448 375/429 379/428 388/449
f 56/450 54/451 376/424 375/423
f 54/451 382/452 389/453 376/424
f 57/454 55/446 390/455 391/456
f 57/454 391/456 392/457 383/458
f 58/459 391/460 390/461 393/462
f 58/459 394/463 392/464 391/460
f 58/459 393/462 395/465 394/463
f 55/446 388/449 396/466 390/455
f 59/467 397/468 398/469 399/470
f 59/471 399/472 400/473 401/474
f 59/471 401/474 402/475 403/476
f 59/477 403/478 404/479 397/480
f 60/481 405/482 406/483 407/484
f 60/485 408/486 409/487 405/488
f 60/481 407/484 410/489 408/490
f 61/491 62/492 411/493 412/494
f 61/491 413/495 63/496 62/492
f 61/491 412/494 414/497 413/495
f 62/492 63/496 415/498 416/499
f 62/492 416/499 417/500 418/501
f 62/492 418/501 419/502 411/493
f 63/496 420/503 421/504 415/498
f 63/496 413/495 422/505 420/503
f 64/506 423/507 424/508 425/509
f 64/506 426/510 427/511 423/507
f 65/512 428/513 429/514 430/515
f 65/516 430/517 431/518 432/519
f 66/520 436/521 428/522 65/523
f 434/524 435/525 436/526 66/527
f 65/528 433/529 434/524 66/527
f 67/530 437/531 438/532 439/533
f 67/534 439/535 440/536 441/537
f 67/534 441/537 442/538 437/539
f 68/540 144/59 443/541 444/542
f 69/543 445/544 446/545 447/546
f 70/547 448/548 449/549 450/550
f 71/551 451/552 70/553 450/554
f 71/555 450/550 452/556 453/557
f 72/558 454/559 455/560 456/561
f 72/558 456/561 457/562 73/563
f 72/558 73/563 458/564 454/559
f 73/563 457/562 459/565 460/566
f 74/567 461/568 462/569 463/570
f 74/567 463/570 464/571 465/572
f 74/567 465/572 466/573 461/568
f 75/574 467/575 468/576 469/577
f 75/574 470/578 71/579 467/575
f 75/574 469/577 76/580 470/578
f 76/580 471/581 472/582 470/578
f 76/583 473/584 474/585 471/586
f 76/580 469/577 475/587 476/588
f 77/589 477/590 478/591 479/592
f 77/589 479/592 473/584 480/593
f 77/589 480/593 481/594 482/595
f 78/596 483/597 484/598 485/599
f 78/596 486/600 487/601 483/597
f 79/602 488/603 489/604 105/605
f 79/606 105/607 490/608 491/609
f 496/610 497/611 498/612 81/613
f 493/614 494/615 495/616 496/610
f 81/613 492/617 493/614 496/610
f 81/613 498/612 499/618 492/617
f 82/619 500/620 501/621 502/622
f 82/623 502/624 503/625 504/626
f 83/627 505/628 207/148 206/147
f 507/629 508/630 505/631 83/632
f 83/632 206/154 506/633 507/629
f 84/634 509/635 510/636 511/637
f 84/638 511/639 512/640 513/641
f 84/642 513/643 514/644 515/645
f 85/646 516/647 517/648 518/649
f 85/650 519/651 520/652 521/653
f 85/654 521/655 522/656 516/657
f 86/658 87/659 523/660 524/661
f 86/658 524/661 525/662 526/663
f 86/658 526/663 89/664 88/665
f 86/666 527/667 528/668 87/669
f 86/666 88/670 529/671 527/667
f 87/672 528/673 530/674 523/675
f 88/670 89/676 531/677 529/671
f 89/664 526/663 532/678 90/679
f 90/680 533/681 534/682 535/683
f 90/679 532/678 536/684 533/685
f 90/680 535/683 531/686 89/687
f 91/688 537/689 538/690 539/691
f 91/692 539/693 540/694 541/695
f 91/696 541/697 542/698 543/699
f 91/688 543/700 544/701 537/689
f 92/702 545/703 514/644 513/643
f 92/704 513/641 512/640 546/705
f 92/706 546/707 547/708 548/709
f 93/710 549/711 550/712 551/713
f 93/710 552/714 553/715 549/711
f 93/716 551/717 554/718 555/719
f 94/720 95/721 556/722 557/723
f 94/724 558/725 559/726 95/727
f 94/724 560/728 561/729 558/725
f 94/730 562/731 563/732 560/733
f 94/734 557/735 564/736 562/737
f 95/738 559/739 565/740 566/741
f 96/742 567/743 568/744 569/745
f 96/742 570/746 571/747 567/743
f 96/742 569/745 572/748 570/746
f 97/749 573/750 574/751 575/752
f 97/749 576/753 577/754 578/755
f 97/756 578/757 579/758 580/759
f 97/749 580/760 581/761 573/750
f 98/762 582/763 583/764 584/765
f 98/766 585/767 586/768 582/769
f 98/770 584/771 587/772 585/773
f 99/774 588/775 589/776 590/777
f 99/774 590/777 591/778 552/714
f 99/774 552/714 93/710 588/775
f 592/779 593/780 594/781 595/782
f 100/783 596/784 597/785 598/786
f 100/787 598/788 599/789 600/790
f 100/787 600/790 601/791 596/792
f 101/793 602/794 603/795 604/796
f 101/797 604/798 605/799 606/800
f 101/801 606/802 607/803 602/804
f 102/805 608/806 609/807 610/808
f 102/809 611/810 612/811 608/812
f 102/813 610/814 613/815 611/816
f 103/234 246/233 614/817 237/818
f 104/819 615/820 616/821 617/822
f 105/605 489/604 618/823 490/824
f 106/825 619/826 620/827 621/828
f 106/829 622/830 623/831 619/832
f 620/827 624/833 625/834 626/835
f 620/827 626/835 627/836 621/828
f 628/837 629/838 630/839 624/833
f 630/840 631/841 632/842 633/843
f 630/839 633/844 625/834 624/833
f 630/840 629/845 634/846 631/841
f 634/846 635/847 636/848 631/841
f 634/846 629/845 637/849 638/850
f 634/846 638/850 639/851 635/847
f 639/851 640/852 641/853 635/847
f 639/851 638/850 642/854 643/855
f 639/851 643/855 644/856 640/852
f 644/856 645/857 646/858 640/852
f 644/859 643/860 647/861 648/862
f 644/859 648/862 649/863 645/864
f 649/863 650/865 651/866 645/864
f 649/863 648/862 652/867 653/868
f 649/863 653/868 654/869 650/865
f 654/869 655/870 656/871 650/865
f 654/869 653/868 205/153 657/872
f 654/869 657/872 658/873 655/870
f 658/873 659/874 660/875 655/870
f 658/873 657/872 661/876 662/877
f 658/878 662/879 663/880 659/881
f 663/880 664/882 665/883 659/881
f 663/880 662/879 666/884 667/885
f 663/880 667/885 668/886 664/882
f 668/886 669/887 670/888 664/882
f 668/886 667/885 671/889 672/890
f 668/886 672/890 673/891 669/887
f 673/891 674/892 675/893 669/887
f 673/891 672/890 676/894 677/895
f 673/891 678/896 679/897 674/892
f 679/897 680/898 681/899 674/892
f 681/899 682/900 683/901 684/902
f 681/899 684/902 675/893 674/892
f 681/899 680/898 685/903 682/900
f 685/903 177/103 686/904 682/900
f 685/903 680/898 687/905 688/906
f 685/903 688/906 178/104 177/103
f 686/904 689/907 690/908 691/909
f 686/904 691/909 683/901 682/900
f 686/904 177/103 176/102 689/907
f 691/909 690/908 692/910 693/911
f 691/909 693/911 694/912 683/901
f 694/913 693/914 695/915 696/916
f 694/913 696/916 697/917 698/918
f 694/912 698/919 684/902 683/901
f 698/919 697/920 699/921 700/922
f 698/919 700/922 675/893 684/902
f 700/922 699/921 701/923 670/888
f 700/922 670/888 669/887 675/893
f 701/924 699/925 702/926 703/927
f 701/923 703/928 704/929 665/883
f 701/923 665/883 664/882 670/888
f 704/930 703/931 705/932 706/933
f 704/930 706/933 707/934 660/935
f 704/929 660/936 659/881 665/883
f 707/934 706/933 708/937 709/938
f 707/934 709/938 710/939 656/940
f 707/941 656/871 655/870 660/875
f 710/939 709/938 272/280 711/942
f 710/943 711/944 712/945 651/946
f 710/947 651/866 650/865 656/871
f 712/948 711/942 713/949 714/950
f 712/945 714/951 715/952 646/858
f 712/945 646/858 645/857 651/946
f 715/952 714/951 716/953 717/954
f 715/952 717/954 718/955 641/853
f 715/952 641/853 640/852 646/858
f 718/955 717/954 719/956 720/957
f 718/955 720/957 721/958 636/848
f 718/955 636/848 635/847 641/853
f 721/958 720/957 722/959 723/960
f 721/958 723/960 724/961 632/842
f 721/958 632/842 631/841 636/848
f 724/961 723/960 725/962 726/963
f 724/961 726/963 727/964 728/965
f 724/961 728/965 633/843 632/842
f 728/966 727/967 729/968 730/969
f 728/966 730/969 625/834 633/844
f 730/969 729/968 731/970 732/971
f 730/969 732/971 626/835 625/834
f 732/971 731/970 733/972 734/973
f 732/971 734/973 627/836 626/835
f 734/973 733/972 735/974 491/975
f 735/974 733/972 736/976 737/977
f 735/974 737/977 738/978 739/979
f 735/980 739/981 79/982 491/983
f 739/984 738/985 740/986 484/987
f 739/988 484/598 483/597 79/602
f 740/986 738/985 741/989 742/990
f 740/991 742/992 743/993 744/994
f 740/991 744/994 485/599 484/598
f 744/994 743/993 745/995 746/996
f 744/994 746/996 747/997 485/599
f 748/998 749/999 750/1000 426/1001
f 748/998 426/1001 64/1002 751/1003
f 750/1004 752/1005 753/1006 754/1007
f 750/1004 754/1007 427/511 426/510
f 750/1000 749/999 755/1008 752/1009
f 755/1008 756/1010 757/1011 752/1009
f 755/1008 749/999 432/519 431/518
f 755/1008 431/518 758/1012 756/1010
f 758/1012 759/1013 760/1014 756/1010
f 758/1012 431/518 430/517 761/1015
f 758/1012 761/1015 762/1016 759/1013
f 762/1017 763/1018 764/1019 759/1020
f 762/1021 761/1022 765/1023 766/1024
f 762/1021 766/1024 767/1025 763/1026
f 767/1025 768/1027 769/1028 763/1026
f 767/1025 766/1024 770/1029 771/1030
f 767/1031 771/1032 772/1033 768/1034
f 772/1035 773/1036 774/1037 768/1027
f 772/1033 771/1032 411/493 419/502
f 772/1033 419/502 775/1038 773/1039
f 775/1040 776/1041 777/1042 773/1043
f 775/1044 419/1045 418/1046 778/1047
f 775/1040 778/1048 779/1049 776/1041
f 779/1049 780/1050 781/1051 776/1041
f 779/1049 778/1048 782/1052 783/1053
f 779/1049 783/1053 784/1054 780/1050
f 784/1054 785/1055 786/1056 780/1050
f 784/1054 783/1053 787/1057 788/1058
f 784/1054 788/1058 789/1059 785/1055
f 789/1059 790/1060 791/1061 785/1055
f 789/1059 788/1058 792/1062 793/1063
f 789/1059 793/1063 794/1064 790/1060
f 794/1064 793/1063 795/1065 796/1066
f 794/1064 796/1066 797/1067 798/1068
f 795/1065 793/1063 792/1062 799/1069
f 799/1069 800/1070 801/1071 802/1072
f 802/1072 801/1071 803/1073 804/1074
f 804/1074 803/1073 805/1075 806/1076
f 805/1075 803/1073 807/1077 808/1078
f 805/1079 808/1080 809/1081 810/1082
f 805/1083 810/1084 215/1085 806/1086
f 810/1087 809/1088 811/1089 812/1090
f 810/1087 812/1090 280/289 215/167
f 812/1090 811/1089 266/267 265/266
f 812/1090 265/266 278/287 280/289
f 811/1089 809/1088 220/180 222/179
f 811/1089 222/179 269/277 266/267
f 809/1081 808/1080 221/1091 220/1092
f 808/1078 807/1077 813/1093 221/175
f 813/1093 807/1077 814/1094 815/1095
f 813/1093 815/1095 816/1096 817/1097
f 813/1093 817/1097 217/176 221/175
f 817/1097 816/1096 818/1098 819/1099
f 817/1097 819/1099 218/1100 217/176
f 819/1101 818/1102 820/1103 821/1104
f 819/1101 821/1104 277/1105 218/1106
f 821/1107 820/1108 822/1109 823/1110
f 821/1111 823/1112 270/273 277/285
f 823/1113 822/1114 824/1115 825/1116
f 823/1117 825/1118 267/1119 270/1120
f 825/1121 824/1122 257/253 259/255
f 825/1121 259/255 268/271 267/270
f 824/1115 822/1114 826/1123 827/1124
f 824/1125 827/1126 258/1127 257/1128
f 827/1124 826/1123 828/1129 829/1130
f 827/1126 829/1131 830/1132 258/1127
f 830/1132 829/1131 831/1133 832/1134
f 830/1135 832/1136 833/1137 834/1138
f 830/1135 834/1138 254/250 258/254
f 834/1138 833/1137 835/1139 836/1140
f 834/1138 836/1140 255/251 254/250
f 836/1140 835/1139 837/1141 838/1142
f 836/1140 838/1142 839/1143 255/251
f 839/1143 838/1142 840/1144 841/1145
f 839/1143 841/1145 842/1146 843/1147
f 839/1143 843/1147 256/252 255/251
f 843/1147 842/1146 269/272 268/271
f 843/1147 268/271 259/255 256/252
f 842/1148 263/1149 266/1150 269/1151
f 842/1146 841/1145 264/1152 263/1153
f 841/1145 840/1144 844/1154 264/1152
f 844/1154 840/1144 845/1155 846/1156
f 844/1154 846/1156 847/1157 848/1158
f 844/1154 848/1158 260/1159 264/1152
f 848/1158 847/1157 849/1160 850/1161
f 848/1158 850/1161 261/1162 260/1159
f 850/1161 849/1160 851/1163 852/1164
f 850/1161 852/1164 853/1165 261/1162
f 852/1166 851/1167 854/1168 855/1169
f 852/1170 855/1171 856/1172 853/1173
f 855/1171 854/1174 857/1175 858/1176
f 855/1171 858/1176 295/309 856/1172
f 858/1176 857/1175 859/1177 860/1178
f 858/1176 860/1178 292/305 295/309
f 860/1178 859/1177 861/1179 862/1180
f 860/1178 862/1180 288/301 292/305
f 862/1180 861/1179 863/1181 864/1182
f 862/1180 864/1182 289/302 288/301
f 864/1182 863/1181 865/1183 866/1184
f 864/1182 866/1184 867/1185 289/302
f 867/1185 866/1184 868/1186 869/1187
f 867/1185 869/1187 870/1188 871/1189
f 867/1185 871/1189 290/303 289/302
f 871/1190 870/1191 872/1192 873/1193
f 871/1189 873/1194 874/1195 290/303
f 874/1195 285/298 37/297 290/303
f 874/1195 873/1194 875/1196 276/284
f 874/1195 276/284 275/283 285/298
f 875/1197 873/1193 872/1192 716/953
f 875/1197 716/953 714/951 713/1198
f 875/1196 713/949 271/279 276/284
f 872/1192 870/1191 876/1199 719/956
f 872/1192 719/956 717/954 716/953
f 876/1199 870/1191 869/1200 877/1201
f 876/1199 877/1201 878/1202 722/959
f 876/1199 722/959 720/957 719/956
f 878/1202 877/1201 879/1203 880/1204
f 878/1202 880/1204 881/1205 725/962
f 878/1202 725/962 723/960 722/959
f 881/1205 880/1204 882/1206 883/1207
f 881/1205 883/1207 884/1208 885/1209
f 881/1205 885/1209 726/963 725/962
f 885/1210 884/1211 886/1212 887/1213
f 885/1210 887/1213 727/967 726/1214
f 887/1213 886/1212 888/1215 889/1216
f 887/1213 889/1216 729/968 727/967
f 889/1216 888/1215 890/1217 891/1218
f 889/1216 891/1218 731/970 729/968
f 891/1218 890/1217 892/1219 736/976
f 891/1218 736/976 733/972 731/970
f 892/1219 890/1217 893/1220 894/1221
f 892/1219 894/1221 895/1222 896/1223
f 892/1219 896/1223 737/977 736/976
f 896/1223 895/1222 897/1224 741/1225
f 896/1223 741/1225 738/978 737/977
f 897/1224 895/1222 898/1226 899/1227
f 897/1228 899/1229 900/1230 901/1231
f 897/1232 901/1233 742/990 741/989
f 901/1231 900/1230 902/1234 903/1235
f 901/1231 903/1235 743/993 742/992
f 903/1235 902/1234 904/1236 905/1237
f 903/1235 905/1237 745/995 743/993
f 905/1237 904/1236 434/524 433/529
f 905/1237 433/529 906/1238 745/995
f 904/1236 902/1234 907/1239 908/1240
f 904/1236 908/1240 909/1241 434/524
f 909/1241 908/1240 910/1242 911/1243
f 909/1241 911/1243 912/1244 913/1245
f 909/1241 913/1245 435/525 434/524
f 913/1245 912/1244 914/1246 915/1247
f 913/1245 915/1247 916/1248 435/525
f 916/1248 917/1249 436/526 435/525
f 916/1248 915/1247 918/1250 919/1251
f 916/1252 919/1253 920/1254 917/1255
f 920/1256 921/1257 922/1258 917/1259
f 920/1254 919/1253 923/1260 924/1261
f 920/1256 924/1262 925/1263 921/1257
f 925/1263 422/1264 926/1265 921/1257
f 925/1263 924/1262 927/1266 928/1267
f 925/1263 928/1267 420/1268 422/1264
f 928/1269 927/1270 929/1271 930/1272
f 928/1267 930/1273 421/1274 420/1268
f 930/1272 929/1271 831/1275 931/1276
f 930/1273 931/1277 932/1278 421/1274
f 932/1279 933/1280 415/498 421/504
f 932/1278 931/1277 828/1281 934/1282
f 932/1279 934/1283 935/1284 933/1280
f 935/1284 936/1285 937/1286 933/1280
f 935/1284 934/1283 938/1287 939/1288
f 935/1289 939/1290 940/1291 936/1292
f 940/1291 941/1293 942/1294 936/1292
f 940/1291 939/1290 818/1098 816/1096
f 940/1291 816/1096 815/1095 941/1293
f 942/1294 943/1295 944/1296 945/1297
f 942/1294 945/1297 937/1298 936/1292
f 942/1294 941/1293 946/1299 943/1295
f 946/1299 800/1070 947/1300 943/1295
f 946/1299 941/1293 815/1095 814/1094
f 946/1299 814/1094 801/1071 800/1070
f 947/1300 792/1062 788/1058 787/1057
f 947/1300 787/1057 944/1296 943/1295
f 947/1300 800/1070 799/1069 792/1062
f 945/1301 944/1302 782/1303 417/500
f 945/1301 417/500 416/499 937/1286
f 944/1296 787/1057 783/1053 782/1052
f 939/1290 938/1304 820/1305 818/1098
f 938/1287 934/1283 828/1129 826/1123
f 938/1287 826/1123 822/1114 820/1306
f 937/1286 416/499 415/498 933/1280
f 931/1276 831/1275 829/1130 828/1129
f 929/1307 927/1308 948/1309 949/1310
f 929/1307 949/1310 832/1134 831/1133
f 949/1311 948/1312 950/1313 951/1314
f 949/1311 951/1314 833/1137 832/1136
f 951/1314 950/1313 952/1315 953/1316
f 951/1314 953/1316 835/1139 833/1137
f 953/1316 952/1315 954/1317 955/1318
f 953/1316 955/1318 837/1141 835/1139
f 955/1318 954/1317 956/1319 957/1320
f 955/1318 957/1320 845/1155 837/1141
f 957/1320 956/1319 958/1321 959/1322
f 957/1320 959/1322 846/1156 845/1155
f 959/1322 958/1321 960/1323 961/1324
f 959/1322 961/1324 847/1157 846/1156
f 961/1324 960/1323 962/1325 963/1326
f 961/1324 963/1326 849/1160 847/1157
f 963/1326 962/1325 964/1327 965/1328
f 963/1326 965/1328 851/1163 849/1160
f 965/1328 964/1327 966/1329 967/1330
f 965/1328 967/1330 854/1331 851/1163
f 967/1332 966/1333 968/1334 969/1335
f 967/1336 969/1337 857/1175 854/1174
f 969/1337 968/1338 970/1339 971/1340
f 969/1337 971/1340 859/1177 857/1175
f 971/1340 970/1339 972/1341 973/1342
f 971/1340 973/1342 861/1179 859/1177
f 973/1342 972/1341 974/1343 975/1344
f 973/1342 975/1344 863/1181 861/1179
f 975/1344 974/1343 976/1345 977/1346
f 975/1344 977/1346 865/1183 863/1181
f 977/1346 976/1345 978/1347 979/1348
f 977/1346 979/1348 980/1349 865/1183
f 980/1350 979/1351 981/1352 982/1353
f 980/1350 982/1353 879/1203 868/1354
f 980/1349 868/1186 866/1184 865/1183
f 982/1353 981/1352 983/1355 882/1206
f 982/1353 882/1206 880/1204 879/1203
f 983/1355 981/1352 984/1356 985/1357
f 983/1355 985/1357 986/1358 987/1359
f 983/1355 987/1359 883/1207 882/1206
f 987/1359 986/1358 988/1360 989/1361
f 987/1359 989/1361 884/1208 883/1207
f 989/1362 988/1363 990/1364 991/1365
f 989/1362 991/1365 886/1212 884/1211
f 991/1365 990/1364 992/1366 993/1367
f 991/1365 993/1367 888/1215 886/1212
f 993/1367 992/1366 994/1368 893/1220
f 993/1367 893/1220 890/1217 888/1215
f 994/1368 992/1366 995/1369 996/1370
f 994/1368 996/1370 997/1371 998/1372
f 994/1368 998/1372 894/1221 893/1220
f 998/1372 997/1371 999/1373 898/1226
f 998/1372 898/1226 895/1222 894/1221
f 999/1373 997/1371 1000/1374 404/479
f 999/1373 404/479 403/478 1001/1375
f 999/1373 1001/1375 899/1227 898/1226
f 1001/1376 403/476 402/475 1002/1377
f 1001/1376 1002/1377 900/1230 899/1229
f 1002/1377 402/475 1003/1378 907/1239
f 1002/1377 907/1239 902/1234 900/1230
f 1003/1378 402/475 401/474 1004/1379
f 1003/1378 1004/1379 1005/1380 910/1242
f 1003/1378 910/1242 908/1240 907/1239
f 1005/1380 1004/1379 1006/1381 1007/1382
f 1005/1380 1007/1382 1008/1383 1009/1384
f 1005/1380 1009/1384 911/1243 910/1242
f 1009/1384 1008/1383 1010/1385 1011/1386
f 1009/1384 1011/1386 912/1244 911/1243
f 1011/1386 1010/1385 1012/1387 1013/1388
f 1011/1386 1013/1388 914/1246 912/1244
f 1013/1388 1012/1387 1014/1389 1015/1390
f 1013/1388 1015/1390 1016/1391 914/1246
f 1016/1391 918/1250 915/1247 914/1246
f 1016/1391 1015/1390 1017/1392 1018/1393
f 1016/1391 1018/1393 1019/1394 918/1250
f 1019/1394 923/1395 919/1251 918/1250
f 1019/1394 1018/1393 952/1315 950/1313
f 1019/1394 950/1313 948/1312 923/1395
f 1018/1393 1017/1392 954/1317 952/1315
f 1017/1392 1015/1390 1014/1389 1020/1396
f 1017/1392 1020/1396 956/1319 954/1317
f 1020/1396 1014/1389 1021/1397 1022/1398
f 1020/1396 1022/1398 958/1321 956/1319
f 1022/1399 1021/1400 1023/1401 1024/1402
f 1022/1399 1024/1402 960/1403 958/1404
f 1024/1402 1023/1401 1025/1405 1026/1406
f 1024/1402 1026/1406 962/1407 960/1403
f 1026/1406 1025/1405 1027/1408 1028/1409
f 1026/1406 1028/1409 964/1410 962/1407
f 1028/1409 1027/1408 378/1411 386/1412
f 1028/1409 386/1412 966/1413 964/1410
f 1027/1408 1025/1405 1029/1414 1030/1415
f 1027/1408 1030/1415 379/1416 378/1411
f 1030/1415 1029/1414 1031/1417 396/1418
f 1030/1415 396/1418 388/1419 379/1416
f 1031/1417 1032/1420 395/465 393/462
f 1031/1417 393/462 390/461 396/1418
f 1031/1417 1029/1414 1033/1421 1032/1420
f 1033/1421 1034/1422 1035/1423 1032/1420
f 1033/1421 1029/1414 1025/1405 1023/1401
f 1033/1421 1023/1401 1021/1400 1034/1422
f 1035/1424 1010/1385 1008/1383 1036/1425
f 1035/1423 1036/1426 395/465 1032/1420
f 1035/1424 1034/1427 1012/1387 1010/1385
f 1036/1425 1008/1383 1007/1382 1037/1428
f 1036/1425 1037/1428 394/1429 395/1430
f 1037/1428 1007/1382 1006/1381 1038/1431
f 1037/1428 1038/1431 392/457 394/1429
f 1038/1431 1006/1381 400/473 384/1432
f 1038/1431 384/1432 383/458 392/457
f 1034/1427 1021/1397 1014/1389 1012/1387
f 1006/1381 1004/1379 401/474 400/473
f 1000/1374 997/1371 996/1370 1039/1433
f 1000/1374 1039/1433 1040/1434 1041/1435
f 1000/1374 1041/1435 397/480 404/479
f 1041/1436 1042/1437 398/469 397/468
f 1041/1436 1040/1438 1043/1439 1042/1437
f 1043/1439 410/1440 1044/1441 1042/1437
f 1043/1439 1040/1438 1045/1442 1046/1443
f 1043/1444 1046/1445 408/486 410/1446
f 1046/1445 1045/1447 440/1448 1047/1449
f 1046/1445 1047/1449 409/487 408/486
f 1047/1449 440/1448 439/533 1048/1450
f 1047/1449 1048/1450 1049/1451 409/487
f 1049/1452 1050/1453 405/482 409/1454
f 1049/1451 1048/1450 1051/1455 1052/1456
f 1049/1452 1052/1457 1053/1458 1050/1453
f 1053/1458 1054/1459 1055/1460 1050/1453
f 1053/1461 1052/1456 984/1356 978/1462
f 1053/1458 978/1347 976/1345 1054/1459
f 1055/1460 1056/1463 1057/1464 406/483
f 1055/1460 406/483 405/482 1050/1453
f 1055/1460 1054/1459 1058/1465 1056/1463
f 1058/1465 1059/1466 1060/1467 1056/1463
f 1058/1465 1054/1459 976/1345 974/1343
f 1058/1465 974/1343 972/1341 1059/1466
f 1060/1467 377/425 376/424 389/453
f 1060/1467 389/453 1057/1464 1056/1463
f 1060/1467 1059/1466 387/444 377/425
f 1059/1466 972/1341 970/1339 387/444
f 1057/1464 389/453 382/452 1061/1468
f 1057/1464 1061/1468 407/484 406/483
f 1061/1468 382/452 381/1469 1044/1470
f 1061/1468 1044/1470 410/489 407/484
f 1052/1456 1051/1455 985/1357 984/1356
f 1051/1455 1048/1450 439/533 438/532
f 1051/1455 438/532 986/1358 985/1357
f 1045/1471 1040/1434 1039/1433 1062/1472
f 1045/1471 1062/1472 441/537 440/536
f 1062/1472 995/1369 442/538 441/537
f 1062/1472 1039/1433 996/1370 995/1369
f 1044/1441 381/432 398/469 1042/1437
f 995/1369 992/1366 990/1364 442/538
f 990/1364 988/1363 437/539 442/538
f 988/1360 986/1358 438/532 437/531
f 984/1356 981/1352 979/1351 978/1462
f 970/1339 968/1338 385/445 387/444
f 968/1473 966/1329 386/443 385/442
f 948/1474 927/1475 924/1261 923/1260
f 926/1476 414/497 1063/1477 1064/1478
f 926/1476 1064/1478 922/1479 921/1480
f 926/1476 422/505 413/495 414/497
f 1064/1481 1063/1482 765/1023 429/1483
f 1064/1478 429/1484 428/1485 922/1479
f 1063/1482 770/1029 766/1024 765/1023
f 1063/1482 414/1486 412/1487 770/1029
f 922/1258 428/1488 436/1489 917/1259
f 879/1203 877/1201 869/1200 868/1354
f 845/1155 840/1144 838/1142 837/1141
f 814/1094 807/1077 803/1073 801/1071
f 791/1061 1065/1490 1066/1491 1067/1492
f 791/1061 1067/1492 786/1056 785/1055
f 791/1061 790/1060 1068/1493 1065/1490
f 1067/1492 1066/1491 1069/1494 1070/1495
f 1067/1492 1070/1495 1071/1496 786/1056
f 1071/1496 1070/1495 1072/1497 1073/1498
f 1071/1496 1073/1498 1074/1499 781/1051
f 1071/1496 781/1051 780/1050 786/1056
f 1074/1499 1073/1498 1075/1500 1076/1501
f 1074/1499 1076/1501 1077/1502 777/1042
f 1074/1499 777/1042 776/1041 781/1051
f 1077/1503 1076/1504 1078/1505 1079/1506
f 1077/1503 1079/1506 1080/1507 774/1037
f 1077/1503 774/1037 773/1036 777/1508
f 1080/1509 1079/1510 1081/1511 1082/1512
f 1080/1509 1082/1512 1083/1513 769/1514
f 1080/1507 769/1028 768/1027 774/1037
f 1083/1513 1082/1512 1084/1515 1085/1516
f 1083/1513 1085/1516 1086/1517 764/1019
f 1083/1513 764/1019 763/1018 769/1514
f 1086/1518 1085/1519 1087/1520 1088/1521
f 1086/1517 1088/1522 1089/1523 760/1524
f 1086/1517 760/1524 759/1020 764/1019
f 1089/1523 1088/1522 1090/1525 1091/1526
f 1089/1527 1091/1528 1092/1529 757/1530
f 1089/1531 757/1011 756/1010 760/1014
f 1092/1529 1091/1528 1093/1532 1094/1533
f 1092/1529 1094/1533 1095/1534 753/1006
f 1092/1529 753/1006 752/1005 757/1530
f 1095/1534 1094/1533 1096/1535 1097/1536
f 1095/1534 1098/1537 754/1007 753/1006
f 1097/1536 1096/1535 1099/1538 1100/1539
f 1100/1539 1099/1538 1101/1540 1102/1541
f 1102/1542 1101/1543 1103/1544 1104/1545
f 1103/1546 1101/1540 1105/1547 1106/1548
f 1106/1549 1107/1550 447/1551 446/1552
f 1106/1549 446/1552 1108/1553 1103/1554
f 1106/1548 1105/1547 1109/1555 1107/1556
f 1109/1557 1110/1558 1111/1559 1107/1560
f 1109/1557 1105/1561 1112/1562 1113/1563
f 1109/1557 1113/1563 1114/1564 1110/1558
f 1114/1564 1115/1565 1116/1566 1110/1558
f 1114/1564 1113/1563 1117/1567 1118/1568
f 1114/1564 1118/1568 1119/1569 1115/1565
f 1119/1569 1120/1570 1121/1571 1115/1565
f 1119/1569 1118/1568 1122/1572 1123/1573
f 1119/1569 1123/1573 1124/1574 1120/1570
f 1124/1574 1125/1575 1126/1576 1120/1570
f 1124/1574 1123/1573 1127/1577 1128/1578
f 1124/1574 1128/1578 1129/1579 1125/1575
f 1129/1580 1130/1581 340/375 1125/1582
f 1129/1579 1128/1578 1131/1583 1132/1584
f 1129/1579 1132/1584 1133/1585 1130/1586
f 1133/1587 1134/1588 1135/1589 1130/1590
f 1133/1591 1132/1592 1136/1593 1137/1594
f 1133/1591 1137/1594 1138/1595 1134/1596
f 1138/1597 1139/1598 1140/1599 1134/1588
f 1138/1595 1137/1594 1141/1600 1142/1601
f 1139/1598 1138/1597 1142/1602 1143/1603
f 1143/1603 1142/1602 1144/1604 1145/1605
f 1145/1605 1144/1604 1146/1606 1147/1607
f 1147/1608 1146/1609 1072/1497 1148/1610
f 1148/1610 1072/1497 1070/1495 1069/1494
f 1146/1606 1144/1604 1149/1611 1075/1612
f 1146/1609 1075/1500 1073/1498 1072/1497
f 1149/1611 1144/1604 1142/1602 1141/1613
f 1149/1614 1141/1600 1150/1615 1078/1616
f 1149/1617 1078/1505 1076/1504 1075/1618
f 1150/1615 1141/1600 1137/1594 1136/1593
f 1150/1615 1136/1593 1151/1619 1081/1511
f 1150/1615 1081/1511 1079/1510 1078/1616
f 1151/1619 1136/1593 1132/1592 1131/1620
f 1151/1619 1131/1620 1152/1621 1084/1515
f 1151/1619 1084/1515 1082/1512 1081/1511
f 1152/1621 1131/1620 1128/1622 1127/1623
f 1152/1621 1127/1623 1153/1624 1087/1625
f 1152/1621 1087/1625 1085/1516 1084/1515
f 1153/1626 1127/1577 1123/1573 1122/1572
f 1153/1626 1122/1572 1154/1627 1090/1628
f 1153/1629 1090/1630 1088/1521 1087/1520
f 1154/1627 1122/1572 1118/1568 1117/1567
f 1154/1627 1117/1567 1155/1631 1093/1632
f 1154/1627 1093/1632 1091/1633 1090/1628
f 1155/1631 1117/1567 1113/1563 1112/1562
f 1155/1634 1112/1635 1099/1538 1096/1535
f 1155/1634 1096/1535 1094/1533 1093/1532
f 1140/1599 1156/1636 1157/1637 1158/1638
f 1140/1599 1158/1638 1135/1589 1134/1588
f 1158/1639 1157/1640 1159/1641 338/373
f 1158/1639 338/373 337/372 1135/1642
f 1159/1641 1160/1643 332/367 338/373
f 333/368 332/367 1160/1643 1161/1644
f 1135/1642 337/372 340/375 1130/1581
f 1126/1645 339/374 341/376 1162/1646
f 1126/1576 1162/1647 1121/1571 1120/1570
f 1126/1645 1125/1582 340/375 339/374
f 1162/1646 341/376 1163/1648 1164/1649
f 1162/1647 1164/1650 1165/1651 1121/1571
f 1165/1651 1164/1650 1166/1652 1167/1653
f 1165/1651 1167/1653 1168/1654 1116/1566
f 1165/1651 1116/1566 1115/1565 1121/1571
f 1168/1654 1167/1653 1169/1655 1170/1656
f 1168/1654 1170/1656 1171/1657 1111/1559
f 1168/1654 1111/1559 1110/1558 1116/1566
f 1171/1658 1170/1659 1172/1660 1173/1661
f 1171/1658 1173/1661 69/543 447/546
f 1171/1657 447/1662 1107/1560 1111/1559
f 1173/1661 1172/1660 1174/1663 1175/1664
f 1173/1661 1175/1664 445/544 69/543
f 1176/1665 1177/1666 1178/1667 1179/1668
f 1176/1665 1180/1669 1181/1670 1177/1666
f 1181/1670 1182/1671 1183/1672 1177/1666
f 1181/1670 1180/1669 1169/1673 1184/1674
f 1181/1670 1184/1674 1185/1675 1182/1671
f 1185/1675 1186/1676 1187/1677 1182/1671
f 1185/1678 1184/1679 1166/1652 1188/1680
f 1185/1675 1188/1681 1189/1682 1186/1676
f 1189/1682 1190/1683 1191/1684 1186/1676
f 1189/1685 1188/1686 1163/1648 1192/1687
f 1189/1685 1192/1687 1193/1688 1190/1689
f 1193/1690 316/341 320/340 1190/1691
f 1193/1688 1192/1687 336/371 335/370
f 1193/1688 335/370 317/336 316/335
f 1192/1687 1163/1648 341/376 336/371
f 1191/1684 1194/1692 1195/1693 1196/1694
f 1191/1684 1196/1694 1187/1677 1186/1676
f 1191/1684 1190/1683 320/1695 1194/1692
f 1196/1694 1195/1693 1197/1696 1198/1697
f 1196/1694 1198/1697 1199/1698 1187/1677
f 1199/1698 1198/1697 1200/1699 1201/1700
f 1199/1698 1201/1700 1202/1701 1183/1672
f 1199/1698 1183/1672 1182/1671 1187/1677
f 1202/1702 1201/1703 1203/1704 1204/1705
f 1202/1702 1204/1705 1205/1706 1178/1707
f 1202/1701 1178/1667 1177/1666 1183/1672
f 1205/1706 1204/1705 1206/1708 1207/1709
f 1205/1706 1207/1709 1208/1710 1209/1711
f 1205/1712 1209/1713 1179/1714 1178/1715
f 1209/1716 1208/1717 1210/1718 1211/1719
f 1212/1720 1213/1721 1214/1722 1215/1723
f 1214/1722 1213/1721 1211/1719 1216/1724
f 1216/1725 1211/1726 1210/1727 1217/1728
f 1218/1729 1219/1730 1220/1731 1221/1732
f 1220/1731 1219/1730 1222/1733 1223/1734
f 1223/1734 1222/1733 1224/1735 1225/1736
f 1225/1737 1224/1738 355/394 1226/1739
f 1224/1738 1227/1740 356/395 355/394
f 1224/1735 1222/1733 1228/1741 1227/1742
f 1228/1741 1229/1743 1230/1744 1227/1742
f 1228/1741 1222/1733 1219/1730 1231/1745
f 1228/1741 1231/1745 1232/1746 1229/1743
f 1232/1747 1233/1748 1234/1749 1229/1750
f 1232/1746 1231/1745 1217/1728 1210/1727
f 1232/1751 1210/1718 1208/1717 1233/1752
f 1234/1749 1235/1753 1236/1754 1237/1755
f 1234/1749 1237/1755 1230/1756 1229/1750
f 1234/1749 1233/1748 1238/1757 1235/1753
f 1238/1758 1239/1759 1240/1760 1235/1761
f 1238/1758 1233/1762 1208/1710 1207/1709
f 1238/1758 1207/1709 1206/1708 1239/1759
f 1240/1760 1241/1763 1242/1764 1243/1765
f 1240/1766 1243/1767 1236/1754 1235/1753
f 1240/1760 1239/1759 1244/1768 1241/1763
f 1244/1768 1245/1769 1246/1770 1241/1763
f 1244/1768 1239/1759 1206/1708 1247/1771
f 1244/1768 1247/1771 1248/1772 1245/1769
f 1248/1772 360/402 1249/1773 1245/1769
f 1248/1772 1247/1771 1203/1704 1250/1774
f 1248/1772 1250/1774 361/403 360/402
f 1250/1774 1203/1704 1201/1703 1200/1775
f 1250/1774 1200/1775 364/406 361/403
f 1249/1776 1251/1777 1252/1778 1253/1779
f 1249/1776 1253/1779 1246/1780 1245/1781
f 1249/1776 360/1782 359/1783 1251/1777
f 1253/1779 1252/1778 1254/1784 1255/1785
f 1253/1779 1255/1785 1256/1786 1246/1780
f 1256/1786 1255/1785 1257/1787 1258/1788
f 1256/1789 1258/1790 1259/1791 1242/1792
f 1256/1793 1242/1764 1241/1763 1246/1770
f 1259/1794 1258/1795 1260/1796 369/413
f 1259/1794 369/413 368/412 1261/1797
f 1259/1794 1261/1797 1243/1798 1242/1799
f 1261/1797 368/412 367/411 1262/1800
f 1261/1797 1262/1800 1236/1801 1243/1798
f 1262/1800 367/411 374/421 1263/1802
f 1262/1800 1263/1802 1237/1803 1236/1801
f 1263/1802 374/421 358/399 357/398
f 1263/1802 357/398 1230/1804 1237/1803
f 1260/1805 1264/1806 1265/1807 1266/1808
f 1260/1805 1266/1808 370/1809 369/1810
f 1260/1796 1258/1795 1257/1811 1264/1812
f 1266/1808 1265/1807 135/46 1267/1813
f 1266/1814 1267/1815 371/417 370/416
f 1267/1813 135/46 134/45 1268/1816
f 1267/1815 1268/1817 1269/1818 371/417
f 1268/1816 134/45 133/1819 1270/1820
f 1268/1821 1270/1822 1271/1823 1269/1824
f 1265/1807 1272/1825 136/47 135/46
f 1265/1807 1264/1806 1273/1826 1272/1825
f 1273/1826 123/31 127/30 1272/1825
f 1273/1827 1264/1812 1257/1811 1274/1828
f 1273/1827 1274/1828 124/26 123/25
f 1274/1829 1257/1787 1255/1785 1254/1784
f 1274/1830 1254/1831 117/1832 124/1833
f 1272/1834 127/1835 1275/1836 136/1837
f 1254/1831 1252/1838 113/1839 117/1832
f 1252/1838 1251/1840 114/1841 113/1839
f 1251/1840 359/401 363/405 114/1841
f 1247/1771 1206/1708 1204/1705 1203/1704
f 1231/1745 1219/1730 1218/1729 1217/1728
f 1230/1842 357/1843 356/395 1227/1740
f 1200/1699 1198/1697 1197/1696 364/1844
f 1197/1845 1276/1846 362/1847 364/1848
f 1197/1845 1195/1849 1277/1850 1276/1846
f 1277/1850 1278/1851 1279/1852 1276/1846
f 1277/1853 1195/1693 1194/1692 1280/1854
f 1277/1850 1280/1855 1281/1856 1278/1851
f 1281/1857 1282/1858 118/1859 1278/1860
f 1281/1857 1280/1861 319/1862 324/1863
f 1281/1857 324/1863 331/364 1282/1858
f 1282/1858 1283/1864 119/1865 118/1859
f 1282/1858 331/364 330/363 1283/1864
f 1283/1866 1284/1867 122/22 119/21
f 1283/1866 330/361 329/360 1284/1867
f 1284/1868 1285/1869 1286/1870 122/1871
f 1284/1872 329/1873 1287/1874 1285/1875
f 1287/1874 1288/1876 1289/1877 1285/1875
f 1287/1874 329/1873 328/355 327/354
f 1287/1874 327/354 1290/1878 1288/1876
f 1290/1878 350/391 1291/1879 1288/1876
f 1290/1878 327/354 326/353 322/345
f 1290/1878 322/345 321/344 350/391
f 1291/1880 1292/1881 1289/1882 1288/1883
f 1291/1879 350/391 349/390 1293/1884
f 1292/1881 1294/1885 1295/1886 1296/1887
f 1292/1881 1296/1887 1297/1888 1289/1882
f 1297/1888 1296/1887 1298/1889 1299/1890
f 1297/1888 1299/1890 1300/1891 1286/1870
f 1297/1888 1286/1870 1285/1869 1289/1882
f 1300/1892 1299/1893 1301/1894 1302/1895
f 1300/1891 1302/1896 121/1897 120/1898
f 1300/1891 120/1898 122/1871 1286/1870
f 1302/1895 1301/1894 1303/1899 1304/1900
f 1302/1896 1304/1901 128/1902 121/1897
f 1304/1900 1303/1899 1305/1903 1306/1904
f 1304/1900 1306/1904 126/1905 128/1906
f 1306/1907 1275/1836 127/1835 126/1908
f 1307/1909 1275/1910 1306/1904 1305/1903
f 1303/1899 1301/1894 1308/1911 1309/1912
f 1309/1912 1308/1911 1310/1913 1311/1914
f 1311/1915 1310/1916 1312/1917 1313/1918
f 1312/1919 1310/1913 1314/1920 1315/1921
f 1312/1919 1315/1921 1316/1922 1317/1923
f 1315/1921 1314/1920 1295/1924 1318/1925
f 1314/1920 1310/1913 1308/1911 1298/1926
f 1314/1920 1298/1926 1296/1927 1295/1924
f 1308/1911 1301/1894 1299/1893 1298/1926
f 1280/1854 1194/1692 320/1695 319/1928
f 1279/1852 115/11 114/10 363/1929
f 1279/1852 363/1929 362/1847 1276/1846
f 1279/1852 1278/1851 118/14 115/11
f 1188/1686 1166/1930 1164/1649 1163/1648
f 1184/1679 1169/1655 1167/1653 1166/1652
f 1180/1669 1172/1660 1170/1659 1169/1673
f 1112/1635 1105/1547 1101/1540 1099/1538
f 782/1303 778/1931 418/501 417/500
f 771/1032 770/1932 412/494 411/493
f 765/1933 761/1934 430/515 429/514
f 713/949 711/942 272/280 271/279
f 709/938 708/937 273/281 272/280
f 708/937 1319/1935 274/282 273/281
f 708/937 706/933 705/932 1319/1935
f 1319/1935 1320/1936 286/299 274/282
f 1319/1935 705/932 1321/1937 1320/1936
f 1321/1937 1322/1938 1323/1939 1320/1936
f 1321/1940 705/1941 703/927 702/926
f 1321/1940 702/926 1324/1942 1322/1943
f 1324/1942 1325/1944 1326/1945 1322/1943
f 1324/1942 702/926 699/925 697/917
f 1324/1942 697/917 696/916 1325/1944
f 1326/1946 1327/1947 1328/1948 1329/1949
f 1326/1946 1329/1949 1323/1939 1322/1938
f 1326/1945 1325/1944 1330/1950 1327/1951
f 1330/1950 1331/1952 1332/1953 1327/1951
f 1330/1950 1325/1944 696/916 695/915
f 1330/1950 695/915 1333/1954 1331/1952
f 1333/1954 1334/1955 1335/1956 1331/1952
f 1333/1954 695/915 693/914 692/1957
f 1333/1954 692/1957 1336/1958 1334/1955
f 1336/1958 1337/1959 1338/1960 1334/1955
f 1336/1958 692/1957 690/1961 1339/1962
f 1336/1958 1339/1962 1340/1963 1337/1959
f 1340/1963 1341/1964 1342/1965 1337/1959
f 1340/1963 1339/1962 1343/1966 1344/1967
f 1340/1963 1344/1967 1345/1968 1341/1964
f 1345/1968 1346/1969 1347/1970 1341/1964
f 1345/1971 1344/1972 1348/1973 1349/1974
f 1345/1968 1349/1975 1350/1976 1346/1969
f 1350/1976 1351/1977 1352/1978 1346/1969
f 1350/1979 1349/1974 1353/1980 1354/1981
f 1350/1976 1354/1982 1355/1983 1351/1977
f 1355/1983 1356/1984 1357/1985 1358/1986
f 1355/1983 1358/1986 111/6 1351/1977
f 1358/1986 1357/1985 1359/1987 1360/1988
f 1358/1986 1360/1988 107/2 111/6
f 1360/1988 1359/1987 1361/1989 1362/1990
f 1360/1988 1362/1990 108/3 107/2
f 1362/1990 1361/1989 1363/1991 1364/1992
f 1362/1990 1364/1992 1365/1993 108/3
f 1365/1993 1364/1992 1366/1994 1367/1995
f 1365/1993 1367/1995 305/322 1368/1996
f 1365/1993 1368/1996 109/4 108/3
f 1368/1996 305/322 304/321 1369/1997
f 1368/1996 1369/1997 112/7 109/4
f 1369/1997 304/321 309/326 1370/1998
f 1369/1997 1370/1998 1371/1999 112/7
f 1371/1999 1370/1998 1372/2000 1347/1970
f 1371/1999 1347/1970 1346/1969 1352/1978
f 1371/1999 1352/1978 110/5 112/7
f 1372/2000 1370/1998 309/326 1373/2001
f 1372/2000 1373/2001 1374/2002 1342/1965
f 1372/2000 1342/1965 1341/1964 1347/1970
f 1374/2002 1373/2001 1375/2003 1376/2004
f 1374/2002 1376/2004 1377/2005 1338/1960
f 1374/2002 1338/1960 1337/1959 1342/1965
f 1377/2006 1376/2007 1378/2008 1379/2009
f 1377/2006 1379/2009 1380/2010 1335/2011
f 1377/2005 1335/1956 1334/1955 1338/1960
f 1380/2010 1379/2009 1381/2012 1382/2013
f 1380/2010 1382/2013 1383/2014 1332/2015
f 1380/2010 1332/2015 1331/2016 1335/2011
f 1383/2014 1382/2013 1384/2017 296/310
f 1383/2014 296/310 294/308 1328/1948
f 1383/2014 1328/1948 1327/1947 1332/2015
f 1384/2017 1385/2018 1386/2019 1387/2020
f 1384/2017 1387/2020 297/311 296/310
f 1384/2017 1382/2013 1381/2012 1385/2018
f 1387/2020 1386/2019 1388/2021 1389/2022
f 1387/2020 1389/2022 1390/2023 297/311
f 1389/2024 1388/2025 1391/2026 1392/2027
f 1389/2024 1392/2027 283/2028 1390/2029
f 1392/2030 1391/2031 1393/2032 1394/2033
f 1392/2030 1394/2033 281/291 283/295
f 1394/2033 1393/2032 1395/2034 1396/2035
f 1394/2033 1396/2035 282/292 281/291
f 1396/2035 1395/2034 1397/2036 1398/2037
f 1396/2035 1398/2037 1399/2038 282/292
f 1399/2038 1398/2037 1400/2039 1401/2040
f 1399/2038 1401/2040 213/163 212/162
f 1399/2038 212/162 211/161 282/292
f 1401/2040 1400/2039 1402/2041 1403/2042
f 1401/2040 1403/2042 1404/2043 213/163
f 1404/2043 1403/2042 1405/2044 1406/2045
f 1406/2045 1405/2044 1407/2046 1408/2047
f 1405/2044 1403/2042 1402/2041 1409/2048
f 1402/2041 1400/2039 303/2049 302/2050
f 1400/2039 1398/2037 1397/2036 303/2049
f 1397/2036 346/386 40/385 303/2049
f 1397/2036 1395/2034 1410/2051 346/386
f 1410/2051 1411/2052 347/387 346/386
f 1410/2051 1395/2034 1393/2032 1412/2053
f 1410/2051 1412/2053 1413/2054 1411/2052
f 1413/2054 1414/2055 1415/2056 1411/2052
f 1413/2054 1412/2053 1416/2057 1417/2058
f 1413/2054 1417/2058 1418/2059 1414/2055
f 1418/2059 1419/2060 1420/2061 1414/2055
f 1418/2062 1417/2063 1421/2064 1422/2065
f 1418/2062 1422/2065 1423/2066 1419/2067
f 1423/2068 1424/2069 1425/2070 1419/2071
f 1423/2072 1422/2073 1426/2074 1427/2075
f 1423/2076 1427/2077 1428/2078 1424/2079
f 1428/2078 1427/2077 1429/2080 1366/1994
f 1428/2078 1366/1994 1364/1992 1363/1991
f 1428/2078 1363/1991 1430/2081 1424/2079
f 1430/2082 1431/2083 1425/2070 1424/2069
f 1430/2081 1363/1991 1361/1989 1432/2084
f 1430/2082 1432/2085 1433/2086 1431/2083
f 1433/2087 1434/2088 1435/2089 1431/2090
f 1433/2086 1432/2085 1436/2091 1437/2092
f 1433/2093 1437/2094 1438/2095 1434/2096
f 1438/2095 1439/2097 1440/2098 1434/2096
f 1438/2095 1437/2094 1441/2099 1442/2100
f 1438/2095 1442/2100 1443/2101 1439/2097
f 1443/2101 1444/2102 1445/2103 1439/2097
f 1442/2104 1441/2105 1446/2106 1447/2107
f 1446/2106 1441/2105 1448/2108 1449/2109
f 1449/2110 1448/2111 1357/2112 1356/2113
f 1449/2114 1356/2115 1450/2116 1451/2117
f 1451/2118 1450/2119 1452/2120 1453/2121
f 1448/2108 1441/2105 1437/2092 1436/2091
f 1448/2122 1436/2123 1359/1987 1357/1985
f 1445/2103 1454/2124 1455/2125 1456/2126
f 1445/2103 1456/2126 1440/2098 1439/2097
f 1445/2103 1444/2102 175/100 1454/2124
f 1456/2127 1455/2128 312/330 311/329
f 1456/2127 311/329 1457/2129 1440/2130
f 1457/2129 311/329 310/328 1458/2131
f 1457/2129 1458/2131 1459/2132 1435/2089
f 1457/2129 1435/2089 1434/2088 1440/2130
f 1459/2132 1458/2131 1460/2133 1420/2061
f 1459/2132 1420/2061 1419/2060 1425/2134
f 1459/2132 1425/2134 1431/2090 1435/2089
f 1460/2133 1458/2131 310/328 315/333
f 1460/2133 315/333 348/388 1415/2056
f 1460/2133 1415/2056 1414/2055 1420/2061
f 1455/2128 1461/2135 313/331 312/330
f 1455/2125 1454/2124 1462/2136 1461/2137
f 1462/2136 1463/2138 1464/2139 1461/2137
f 1462/2136 1454/2124 175/100 174/99
f 1436/2123 1432/2084 1361/1989 1359/1987
f 1429/2140 1427/2075 1426/2074 1465/2141
f 1429/2140 1465/2141 1466/2142 1467/2143
f 1429/2080 1467/2144 1367/1995 1366/1994
f 1467/2143 1466/2142 307/2145 306/2146
f 1467/2144 306/323 305/322 1367/1995
f 1466/2142 1465/2141 1468/2147 1469/2148
f 1466/2142 1469/2148 1470/2149 307/2145
f 1470/2149 1469/2148 1471/2150 1378/2008
f 1470/2149 1378/2008 1376/2007 1375/2151
f 1470/2149 1375/2151 308/2152 307/2145
f 1471/2150 1469/2148 1468/2147 1472/2153
f 1471/2150 1472/2153 1385/2018 1381/2012
f 1471/2150 1381/2012 1379/2009 1378/2008
f 1472/2153 1468/2147 1473/2154 1474/2155
f 1472/2153 1474/2155 1386/2019 1385/2018
f 1474/2155 1473/2154 1421/2156 1475/2157
f 1474/2155 1475/2157 1388/2021 1386/2019
f 1475/2158 1421/2064 1417/2063 1416/2159
f 1475/2160 1416/2161 1391/2026 1388/2025
f 1473/2154 1426/2074 1422/2073 1421/2156
f 1473/2154 1468/2147 1465/2141 1426/2074
f 1416/2057 1412/2053 1393/2032 1391/2031
f 1415/2056 348/388 347/387 1411/2052
f 1375/2003 1373/2001 309/326 308/325
f 1353/1980 1349/1974 1348/1973 1476/2162
f 1476/2162 1348/1973 1477/2163 1478/2164
f 1478/2164 1477/2163 176/102 13/101
f 1477/2163 1348/1973 1344/1972 1343/2165
f 1477/2163 1343/2165 689/907 176/102
f 1352/1978 1351/1977 111/6 110/5
f 1343/2165 1339/2166 690/908 689/907
f 1329/1949 1328/1948 294/308 293/306
f 1329/1949 293/306 287/300 1323/1939
f 1323/1939 287/300 286/299 1320/1936
f 671/889 667/885 666/884 1479/2167
f 1479/2168 666/2169 1480/2170 1481/2171
f 1479/2172 1481/2173 1482/2174 1483/2175
f 1483/2175 1484/2176 1485/2177 1486/2178
f 1487/2179 1488/2180 1489/2181 1490/2182
f 1492/2183 1491/2184 1493/2185 1494/2186
f 1493/2187 1495/2188 1496/2189 1494/2190
f 1493/2187 1491/2191 1489/2192 1497/2193
f 1493/2187 1497/2193 1498/2194 1495/2188
f 1498/2194 1499/2195 1500/2196 1495/2188
f 1498/2194 1497/2193 1501/2197 1502/2198
f 1498/2194 1502/2198 1503/2199 1499/2195
f 1503/2199 1504/2200 1505/2201 1499/2195
f 1503/2199 1502/2198 1506/2202 1507/2203
f 1503/2199 1507/2203 1508/2204 1504/2200
f 1508/2204 1509/2205 1510/2206 1504/2200
f 1508/2204 1507/2203 1511/2207 1512/2208
f 1508/2204 1512/2208 1513/2209 1509/2205
f 1513/2209 1514/2210 1515/2211 1509/2205
f 1513/2209 1512/2208 1516/2212 1517/2213
f 1513/2209 1517/2213 1518/2214 1514/2210
f 1518/2214 1519/2215 1520/2216 1514/2210
f 1518/2217 1517/2218 1521/2219 1522/2220
f 1518/2217 1522/2220 1523/2221 1519/2222
f 1523/2221 1524/2223 1525/2224 1519/2222
f 1523/2221 1522/2220 1526/2225 1527/2226
f 1523/2221 1527/2226 1528/2227 1524/2223
f 1528/2227 1529/2228 1530/2229 1524/2223
f 1528/2230 1527/2231 1531/2232 1532/2233
f 1528/2230 1532/2233 1533/2234 1529/2235
f 1533/2234 466/573 1534/2236 1529/2235
f 1533/2234 1532/2233 1535/2237 1536/2238
f 1533/2234 1536/2238 461/568 466/573
f 1536/2238 1535/2237 1537/2239 1538/2240
f 1536/2238 1538/2240 462/569 461/568
f 1538/2240 1537/2239 1539/2241 1540/2242
f 1538/2240 1540/2242 1541/2243 462/569
f 1541/2243 1542/2244 463/570 462/569
f 1541/2245 1540/2246 1543/2247 1544/2248
f 1541/2243 1544/2249 1545/2250 1542/2244
f 1545/2250 1546/2251 1547/2252 1548/2253
f 1545/2250 1548/2253 1549/2254 1542/2244
f 1545/2250 1544/2249 1550/2255 1546/2251
f 1550/2255 1551/2256 1552/2257 1546/2251
f 1550/2258 1544/2248 1543/2247 1553/2259
f 1550/2258 1553/2259 1554/2260 1551/2261
f 1554/2260 1553/2259 1555/2262 1556/2263
f 1554/2260 1556/2263 1557/2264 1558/2265
f 1554/2260 1558/2265 1559/2266 1551/2261
f 1559/2267 1560/2268 1561/2269 1562/2270
f 1559/2266 1562/2271 1552/2272 1551/2261
f 1559/2273 1558/2274 1563/2275 1560/2276
f 1563/2275 1558/2274 1557/2277 1564/2278
f 1563/2279 1564/2280 476/588 475/587
f 1563/2279 475/587 1565/2281 1560/2268
f 1565/2281 468/576 1566/2282 1567/2283
f 1565/2281 1567/2283 1561/2269 1560/2268
f 1565/2281 475/587 469/577 468/576
f 1567/2284 1566/2285 1568/2286 1569/2287
f 1567/2283 1569/2288 1570/2289 1561/2269
f 1570/2290 1569/2287 1571/2291 1572/2292
f 1570/2290 1572/2292 1573/2293 1574/2294
f 1570/2290 1574/2294 1562/2295 1561/2296
f 1574/2297 1573/2298 1575/2299 1576/2300
f 1574/2297 1576/2300 1552/2257 1562/2301
f 1576/2300 1575/2299 1577/2302 1547/2252
f 1576/2300 1547/2252 1546/2251 1552/2257
f 1577/2302 1575/2299 1578/2303 1579/2304
f 1577/2302 1579/2304 1580/2305 1581/2306
f 1577/2302 1581/2306 1548/2253 1547/2252
f 1581/2306 1580/2305 1582/2307 1583/2308
f 1581/2306 1583/2308 1549/2254 1548/2253
f 1583/2308 1582/2307 1584/2309 1585/2310
f 1583/2308 1585/2310 464/571 1549/2254
f 1585/2310 1584/2309 1586/2311 1587/2312
f 1585/2310 1587/2312 465/572 464/571
f 1587/2312 1586/2311 1588/2313 1534/2236
f 1587/2312 1534/2236 466/573 465/572
f 1588/2314 1586/2315 1589/2316 1590/2317
f 1588/2314 1590/2317 1591/2318 1530/2229
f 1588/2314 1530/2229 1529/2228 1534/2319
f 1591/2320 1590/2321 1592/2322 1593/2323
f 1591/2320 1593/2323 1594/2324 1525/2325
f 1591/2318 1525/2224 1524/2223 1530/2229
f 1594/2324 1593/2323 1595/2326 1596/2327
f 1594/2324 1596/2327 1597/2328 1520/2216
f 1594/2324 1520/2216 1519/2215 1525/2325
f 1597/2328 1596/2327 1598/2329 1599/2330
f 1597/2328 1599/2330 1600/2331 1515/2211
f 1597/2328 1515/2211 1514/2210 1520/2216
f 1600/2331 1599/2330 1601/2332 1602/2333
f 1600/2331 1602/2333 1603/2334 1510/2206
f 1600/2331 1510/2206 1509/2205 1515/2211
f 1603/2334 1602/2333 1604/2335 1605/2336
f 1603/2334 1605/2336 1606/2337 1505/2201
f 1603/2334 1505/2201 1504/2200 1510/2206
f 1606/2337 1605/2336 1607/2338 1608/2339
f 1606/2337 1608/2339 1609/2340 1500/2196
f 1606/2337 1500/2196 1499/2195 1505/2201
f 1609/2341 1608/2342 171/2343 11/2344
f 1609/2341 11/2344 164/2345 1496/2346
f 1609/2340 1496/2189 1495/2188 1500/2196
f 1608/2339 1607/2338 185/2347 171/2348
f 1607/2338 1610/2349 186/2350 185/2347
f 1607/2338 1605/2336 1604/2335 1610/2349
f 1610/2349 1611/2351 187/2352 186/2350
f 1610/2349 1604/2335 1612/2353 1611/2351
f 1612/2353 1613/2354 1614/2355 1611/2351
f 1612/2353 1604/2335 1602/2333 1601/2332
f 1612/2353 1601/2332 1615/2356 1613/2354
f 1615/2356 1616/2357 1617/2358 1613/2354
f 1615/2356 1601/2332 1599/2330 1598/2329
f 1615/2356 1598/2329 1618/2359 1616/2357
f 1618/2359 1619/2360 1620/2361 1616/2357
f 1618/2359 1598/2329 1596/2327 1595/2326
f 1618/2359 1595/2326 1621/2362 1619/2360
f 1621/2362 154/70 156/72 1619/2360
f 1621/2362 1595/2326 1593/2323 1592/2322
f 1621/2362 1592/2322 155/71 154/70
f 1620/2361 1622/2363 1623/2364 1624/2365
f 1620/2361 1624/2365 1617/2358 1616/2357
f 1620/2361 1619/2360 156/72 1622/2363
f 1624/2365 1623/2364 1625/2366 1626/2367
f 1624/2365 1626/2367 1627/2368 1617/2358
f 1627/2368 1626/2367 1628/2369 1629/2370
f 1627/2368 1629/2370 1630/2371 1614/2355
f 1627/2368 1614/2355 1613/2354 1617/2358
f 1630/2371 1629/2370 1631/2372 1632/2373
f 1630/2371 1632/2373 181/2374 187/2352
f 1630/2371 187/2352 1611/2351 1614/2355
f 1632/2375 1633/2376 182/109 181/108
f 1634/2377 1635/2378 1636/2379 1637/2380
f 1634/2377 1638/2381 1639/2382 1635/2378
f 1639/2383 1640/2384 1641/2385 1635/2386
f 1639/2387 1638/2388 1631/2389 1642/2390
f 1639/2391 1642/2392 1643/2393 1640/2394
f 1643/2395 1644/2396 1645/2397 1640/2384
f 1643/2398 1642/2399 1628/2369 1646/2400
f 1643/2401 1646/2402 1647/2403 1644/2404
f 1647/2405 1646/2400 1625/2366 1648/2406
f 1647/2407 1648/2408 1649/2409 1650/2410
f 1647/2411 1650/2412 1651/2413 1644/2414
f 1651/2415 1652/2416 1645/2397 1644/2396
f 1651/2415 1650/2417 1653/2418 1654/2419
f 1651/2415 1654/2419 1655/2420 1652/2416
f 1655/2420 1656/2421 1657/2422 1652/2416
f 1655/2420 1654/2419 1658/2423 1659/2424
f 1655/2420 1659/2424 1660/2425 1656/2421
f 1660/2426 1661/2427 1662/2428 1656/2429
f 1660/2426 1659/2430 1571/2291 1663/2431
f 1660/2426 1663/2431 1664/2432 1661/2427
f 1664/2432 443/541 1665/2433 1661/2427
f 1664/2432 1663/2431 1568/2286 1666/2434
f 1664/2432 1666/2434 444/542 443/541
f 1666/2434 1568/2286 1566/2285 1667/2435
f 1666/2434 1667/2435 453/557 444/542
f 1667/2436 1566/2282 468/576 467/575
f 1667/2435 467/2437 71/555 453/557
f 1665/2433 7/58 149/64 1668/2438
f 1665/2433 1668/2438 1662/2428 1661/2427
f 1665/2433 443/541 144/59 7/58
f 1668/2438 149/64 1669/2439 1670/2440
f 1668/2438 1670/2440 1671/2441 1662/2428
f 1671/2442 1670/2443 160/2444 1672/2445
f 1671/2442 1672/2445 1673/2446 1657/2422
f 1671/2442 1657/2422 1656/2421 1662/2447
f 1673/2446 1672/2445 1674/2448 1641/2385
f 1673/2446 1641/2385 1640/2384 1645/2397
f 1673/2446 1645/2397 1652/2416 1657/2422
f 1674/2448 1636/2449 1635/2386 1641/2385
f 1674/2448 1672/2445 160/2444 159/76
f 1670/2450 1669/2451 161/80 160/79
f 1669/2452 1675/2453 162/82 161/81
f 1669/2439 149/64 148/63 1675/2454
f 1675/2453 1676/2455 1677/2456 162/82
f 1677/2456 1678/2457 157/74 162/82
f 1663/2431 1571/2291 1569/2287 1568/2286
f 1659/2430 1658/2458 1572/2292 1571/2291
f 1658/2458 1654/2459 1653/2460 1679/2461
f 1658/2458 1679/2461 1573/2293 1572/2292
f 1679/2462 1653/2463 1680/2464 1578/2465
f 1679/2462 1578/2465 1575/2466 1573/2467
f 1680/2464 1653/2463 1650/2410 1649/2409
f 1680/2464 1649/2409 1681/2468 1682/2469
f 1680/2464 1682/2469 1579/2470 1578/2465
f 1682/2471 1681/2472 1683/2473 1684/2474
f 1682/2475 1684/2476 1580/2305 1579/2304
f 1684/2474 1683/2473 152/68 1685/2477
f 1684/2476 1685/2478 1582/2307 1580/2305
f 1685/2477 152/68 151/67 1686/2479
f 1685/2478 1686/2480 1584/2309 1582/2307
f 1686/2479 151/67 155/71 1589/2481
f 1686/2479 1589/2481 1586/2482 1584/2483
f 1683/2473 1681/2472 1687/2484 1688/2485
f 1683/2473 1688/2485 153/69 152/68
f 1688/2485 1687/2484 1623/2364 1622/2363
f 1688/2485 1622/2363 156/72 153/69
f 1687/2484 1648/2406 1625/2366 1623/2364
f 1687/2484 1681/2472 1649/2486 1648/2406
f 1646/2400 1628/2369 1626/2367 1625/2366
f 1642/2399 1631/2372 1629/2370 1628/2369
f 1637/2380 1636/2379 1689/2487 1690/2488
f 1592/2322 1590/2321 1589/2481 155/71
f 1564/2278 1557/2277 1691/2489 481/594
f 1564/2278 481/594 480/593 476/2490
f 1691/2491 1557/2264 1556/2263 1692/2492
f 1691/2491 1692/2492 1693/2493 1694/2494
f 1691/2495 1694/2496 482/2497 481/2498
f 1694/2494 1693/2493 1695/2499 1696/2500
f 1694/2496 1696/2501 1697/2502 482/2497
f 1697/2503 1696/2500 1698/2504 1699/2505
f 1697/2506 1699/2507 1700/2508 1701/2509
f 1697/2510 1701/2511 77/589 482/595
f 1701/2511 1700/2512 1702/2513 1703/2514
f 1702/2513 1700/2512 1704/2515 1705/2516
f 1705/2517 1704/2518 1706/2519 1707/2520
f 1705/2521 1707/2522 1708/2523 1709/2524
f 1708/2523 1707/2522 1710/2525 1711/2526
f 1711/2526 1710/2525 1712/2527 1713/2528
f 1713/2528 1712/2527 1714/2529 1715/2530
f 1714/2529 1712/2527 1716/2531 1717/2532
f 1716/2531 1712/2527 1710/2525 1718/2533
f 1718/2534 1706/2535 1719/2536 1720/2537
f 1718/2538 1720/2539 1721/2540 1716/2541
f 1718/2533 1710/2525 1707/2522 1706/2542
f 1721/2543 1720/2537 1722/2544 1723/2545
f 1723/2545 1722/2544 1724/2546 1725/2547
f 1725/2548 1724/2549 1726/2550 1727/2551
f 1727/2551 1728/2552 498/612 497/611
f 1728/2552 1729/2553 1730/2554 1731/2555
f 1728/2552 1731/2555 499/618 498/612
f 1728/2552 1727/2551 1726/2550 1729/2553
f 1731/2555 1730/2554 1732/2556 1733/2557
f 1731/2555 1733/2557 1734/2558 499/618
f 1734/2558 1733/2557 1735/2559 1736/2560
f 1734/2558 1736/2560 1737/2561 1738/2562
f 1734/2558 1738/2562 492/617 499/618
f 1738/2562 1737/2561 1739/2563 1740/2564
f 1738/2562 1740/2564 493/614 492/617
f 1740/2565 1739/2566 1741/2567 1742/2568
f 1740/2565 1742/2568 1743/2569 493/2570
f 1743/2571 506/633 1744/2572 1745/2573
f 1743/2571 1745/2573 494/2574 493/2575
f 1743/2571 1742/2576 507/629 506/633
f 1745/2573 1744/2572 647/861 1746/2577
f 1745/2573 1746/2577 500/2578 494/2574
f 1746/2577 647/861 643/860 642/2579
f 1746/2577 642/2579 501/2580 500/2578
f 1744/2572 652/867 648/862 647/861
f 1744/2572 506/633 206/154 652/867
f 1742/2568 1741/2567 555/2581 507/2582
f 1741/2567 1739/2566 589/776 588/775
f 1741/2567 588/775 93/710 555/2581
f 1739/2563 1737/2561 1747/2583 589/2584
f 1747/2585 1748/2586 1749/2587 1750/2588
f 1747/2589 1750/2590 590/777 589/776
f 1747/2583 1737/2561 1736/2560 1748/2591
f 1750/2588 1749/2587 1751/2592 1752/2593
f 1750/2590 1752/2594 591/778 590/777
f 1752/2594 1751/2595 1753/2596 1754/2597
f 1752/2594 1754/2597 1755/2598 591/778
f 1755/2598 1754/2597 1756/2599 1757/2600
f 1755/2598 1757/2600 1758/2601 553/715
f 1755/2598 553/715 552/714 591/778
f 1758/2601 1757/2600 1759/2602 1760/2603
f 1758/2601 1760/2603 1761/2604 1762/2605
f 1758/2601 1762/2605 549/711 553/715
f 1762/2605 1761/2604 1763/2606 1764/2607
f 1762/2605 1764/2607 550/712 549/711
f 1764/2608 1763/2609 1765/2610 1766/2611
f 1764/2608 1766/2611 1767/2612 550/2613
f 1767/2612 1766/2611 1768/2614 1769/2615
f 1767/2612 1769/2615 1770/2616 1771/2617
f 1767/2612 1771/2617 551/2618 550/2613
f 1771/2619 1770/2620 1772/2621 1773/2622
f 1771/2619 1773/2622 554/718 551/717
f 1773/2623 1772/2624 1774/2625 1775/2626
f 1773/2622 1775/2627 508/2628 554/718
f 1775/2626 1774/2625 1776/2629 1777/2630
f 1775/2626 1777/2630 505/2631 508/2632
f 1777/2633 1776/2634 1778/2635 1779/2636
f 1777/2633 1779/2636 207/148 505/628
f 1779/2637 1778/2638 1780/2639 1781/2640
f 1779/2637 1781/2640 202/144 207/2641
f 1781/2640 1780/2639 1782/2642 1783/2643
f 1781/2640 1783/2643 203/145 202/144
f 1783/2644 1782/2645 1784/2646 1785/2647
f 1783/2644 1785/2647 1786/2648 203/2649
f 1786/2650 1787/2651 204/2652 203/2653
f 1786/2650 1785/2654 1788/2655 1789/2656
f 1786/2650 1789/2656 1790/2657 1787/2651
f 1790/2658 1481/2171 1480/2170 1787/2659
f 1790/2657 1789/2656 1791/2660 1792/2661
f 1790/2658 1792/2662 1482/2663 1481/2171
f 1792/2661 1791/2660 1793/2664 1794/2665
f 1792/2666 1794/2667 1795/2668 1482/2174
f 1795/2668 1484/2176 1483/2175 1482/2174
f 1795/2668 1794/2667 1761/2604 1760/2603
f 1795/2668 1760/2603 1759/2602 1484/2176
f 1794/2667 1793/2669 1763/2606 1761/2604
f 1793/2670 1791/2671 1796/2672 1797/2673
f 1793/2670 1797/2673 1765/2674 1763/2675
f 1797/2673 1796/2672 1798/2676 1799/2677
f 1797/2673 1799/2677 1800/2678 1765/2674
f 1800/2678 1799/2677 1801/2679 1802/2680
f 1800/2681 1802/2682 1803/2683 1768/2614
f 1800/2681 1768/2614 1766/2611 1765/2610
f 1803/2683 1802/2682 1804/2684 1805/2685
f 1803/2683 1805/2685 1806/2686 1807/2687
f 1803/2683 1807/2687 1769/2615 1768/2614
f 1807/2688 1806/2689 1808/2690 1809/2691
f 1807/2688 1809/2691 1770/2620 1769/2692
f 1809/2691 1808/2690 1810/2693 1811/2694
f 1809/2691 1811/2694 1772/2621 1770/2620
f 1811/2695 1810/2696 1812/2697 1813/2698
f 1811/2695 1813/2698 1774/2625 1772/2624
f 1813/2699 1812/2700 1814/2701 1815/2702
f 1813/2698 1815/2703 1776/2629 1774/2625
f 1815/2702 1814/2701 1816/2704 1817/2705
f 1815/2702 1817/2705 1778/2635 1776/2634
f 1817/2706 1816/2707 1818/2708 1819/2709
f 1817/2706 1819/2709 1780/2639 1778/2638
f 1819/2709 1818/2708 1820/2710 1821/2711
f 1819/2709 1821/2711 1782/2642 1780/2639
f 1821/2712 1820/2713 1822/2714 1823/2715
f 1821/2712 1823/2715 1784/2646 1782/2645
f 1823/2715 1822/2714 1824/2716 1825/2717
f 1823/2715 1825/2717 1826/2718 1784/2646
f 1826/2718 1788/2719 1785/2647 1784/2646
f 1826/2720 1825/2721 1827/2722 1798/2723
f 1826/2720 1798/2723 1796/2724 1788/2655
f 1827/2722 1825/2721 1824/2725 1828/2726
f 1827/2727 1828/2728 1829/2729 1801/2679
f 1827/2727 1801/2679 1799/2677 1798/2676
f 1829/2729 1828/2728 1830/2730 1831/2731
f 1829/2729 1831/2731 1832/2732 1804/2733
f 1829/2729 1804/2733 1802/2680 1801/2679
f 1832/2732 1831/2731 1833/2734 1834/2735
f 1832/2736 1834/2737 1835/2738 1836/2739
f 1832/2736 1836/2739 1805/2685 1804/2684
f 1836/2739 1835/2738 1837/2740 1838/2741
f 1836/2739 1838/2741 1806/2686 1805/2685
f 1838/2742 1837/2743 1839/2744 1840/2745
f 1838/2742 1840/2745 1808/2690 1806/2689
f 1840/2745 1839/2744 1841/2746 1842/2747
f 1840/2745 1842/2747 1810/2693 1808/2690
f 1842/2748 1841/2749 1843/2750 1844/2751
f 1842/2748 1844/2751 1812/2697 1810/2696
f 1844/2751 1843/2750 1845/2752 1846/2753
f 1844/2754 1846/2755 1814/2701 1812/2700
f 1846/2755 1845/2756 1847/2757 1848/2758
f 1846/2755 1848/2758 1816/2704 1814/2701
f 1848/2759 1847/2760 1849/2761 1850/2762
f 1848/2759 1850/2762 1818/2708 1816/2707
f 1850/2762 1849/2761 1851/2763 1852/2764
f 1850/2762 1852/2764 1820/2710 1818/2708
f 1852/2765 1851/2766 1853/2767 1854/2768
f 1852/2765 1854/2768 1822/2714 1820/2713
f 1854/2768 1853/2767 1855/2769 1856/2770
f 1854/2768 1856/2770 1824/2716 1822/2714
f 1856/2771 1855/2772 1857/2773 1830/2774
f 1856/2771 1830/2774 1828/2726 1824/2725
f 1857/2773 1855/2772 1858/2775 1859/2776
f 1857/2777 1859/2778 1860/2779 1833/2734
f 1857/2777 1833/2734 1831/2731 1830/2730
f 1860/2779 1859/2778 1861/2780 1862/2781
f 1860/2779 1862/2781 1863/2782 1864/2783
f 1860/2779 1864/2783 1834/2735 1833/2734
f 1864/2784 1863/2785 1865/2786 1866/2787
f 1864/2784 1866/2787 1835/2738 1834/2737
f 1866/2787 1865/2786 1867/2788 1868/2789
f 1866/2787 1868/2789 1837/2740 1835/2738
f 1868/2790 1867/2791 1869/2792 1870/2793
f 1868/2790 1870/2793 1839/2744 1837/2743
f 1870/2793 1869/2792 1871/2794 1872/2795
f 1870/2793 1872/2795 1841/2746 1839/2744
f 1872/2796 1871/2797 1873/2798 1874/2799
f 1872/2796 1874/2799 1843/2750 1841/2749
f 1874/2799 1873/2798 1875/2800 1876/2801
f 1874/2799 1876/2801 1845/2752 1843/2750
f 1876/2802 1875/2803 1877/2804 1878/2805
f 1876/2802 1878/2805 1847/2757 1845/2756
f 1878/2806 1877/2807 1879/2808 1880/2809
f 1878/2806 1880/2809 1849/2761 1847/2760
f 1880/2809 1879/2808 1881/2810 1882/2811
f 1880/2809 1882/2811 1851/2763 1849/2761
f 1882/2812 1881/2813 1883/2814 1884/2815
f 1882/2812 1884/2815 1853/2767 1851/2766
f 1884/2815 1883/2814 1885/2816 1858/2817
f 1884/2815 1858/2817 1855/2769 1853/2767
f 1885/2816 1883/2814 1886/2818 1887/2819
f 1885/2820 1887/2821 1888/2822 1861/2823
f 1885/2820 1861/2823 1859/2776 1858/2775
f 1888/2822 1887/2821 1889/2824 1890/2825
f 1888/2826 1890/2827 1891/2828 1892/2829
f 1888/2826 1892/2829 1862/2781 1861/2780
f 1892/2829 1891/2828 1893/2830 1894/2831
f 1892/2829 1894/2831 1863/2782 1862/2781
f 1894/2832 1893/2833 1895/2834 1896/2835
f 1894/2832 1896/2835 1865/2786 1863/2785
f 1896/2835 1895/2834 1897/2836 1898/2837
f 1896/2835 1898/2837 1867/2788 1865/2786
f 1898/2838 1897/2839 1899/2840 1900/2841
f 1898/2838 1900/2841 1869/2792 1867/2791
f 1900/2841 1899/2840 1901/2842 1902/2843
f 1900/2841 1902/2843 1871/2794 1869/2792
f 1902/2844 1901/2845 1903/2846 1904/2847
f 1902/2844 1904/2847 1873/2798 1871/2797
f 1904/2847 1903/2846 1905/2848 1906/2849
f 1904/2847 1906/2849 1875/2800 1873/2798
f 1906/2850 1905/2851 1907/2852 1908/2853
f 1906/2850 1908/2853 1877/2804 1875/2803
f 1908/2854 1907/2855 1909/2856 1910/2857
f 1908/2854 1910/2857 1879/2808 1877/2807
f 1910/2857 1909/2856 1911/2858 1912/2859
f 1910/2857 1912/2859 1881/2810 1879/2808
f 1912/2860 1911/2861 1913/2862 1886/2818
f 1912/2860 1886/2818 1883/2814 1881/2813
f 1913/2862 1911/2861 1914/2863 1915/2864
f 1913/2862 1915/2864 1916/2865 1889/2866
f 1913/2862 1889/2866 1887/2819 1886/2818
f 1916/2865 1915/2864 1917/2867 1918/2868
f 1916/2869 1918/2870 1919/2871 1920/2872
f 1916/2869 1920/2872 1890/2825 1889/2824
f 1920/2873 1919/2874 1921/2875 1922/2876
f 1920/2873 1922/2876 1891/2828 1890/2827
f 1922/2876 1921/2875 1923/2877 1924/2878
f 1922/2876 1924/2878 1893/2830 1891/2828
f 1924/2879 1923/2880 1925/2881 1926/2882
f 1924/2879 1926/2882 1895/2834 1893/2833
f 1926/2882 1925/2881 1927/2883 1928/2884
f 1926/2882 1928/2884 1897/2836 1895/2834
f 1928/2885 1927/2886 1929/2887 1930/2888
f 1928/2885 1930/2888 1899/2840 1897/2839
f 1930/2888 1929/2887 1931/2889 1932/2890
f 1930/2888 1932/2890 1901/2842 1899/2840
f 1932/2891 1931/2892 1933/2893 1934/2894
f 1932/2891 1934/2894 1903/2846 1901/2845
f 1934/2894 1933/2893 1935/2895 1936/2896
f 1934/2894 1936/2896 1905/2848 1903/2846
f 1936/2897 1935/2898 1937/2899 1938/2900
f 1936/2897 1938/2900 1907/2852 1905/2851
f 1938/2901 1937/2902 1939/2903 1940/2904
f 1938/2901 1940/2904 1909/2856 1907/2855
f 1940/2904 1939/2903 1941/2905 1914/2906
f 1940/2904 1914/2906 1911/2858 1909/2856
f 1941/2905 1939/2903 1942/2907 1943/2908
f 1941/2905 1943/2908 1944/2909 1917/2910
f 1941/2911 1917/2867 1915/2864 1914/2863
f 1944/2909 1943/2908 542/698 541/697
f 1944/2912 541/695 1945/2913 1946/2914
f 1944/2912 1946/2914 1918/2868 1917/2867
f 1946/2915 1945/2916 1947/2917 1948/2918
f 1946/2915 1948/2918 1919/2871 1918/2870
f 1948/2919 1947/2920 1949/2921 1950/2922
f 1948/2919 1950/2922 1921/2875 1919/2874
f 1950/2922 1949/2921 1951/2923 1952/2924
f 1950/2922 1952/2924 1923/2877 1921/2875
f 1952/2925 1951/2926 1953/2927 1954/2928
f 1952/2925 1954/2928 1925/2881 1923/2880
f 1954/2928 1953/2927 1955/2929 1956/2930
f 1954/2928 1956/2930 1927/2883 1925/2881
f 1956/2931 1955/2932 1957/2933 1958/2934
f 1956/2931 1958/2934 1929/2887 1927/2886
f 1958/2935 1957/2936 1959/2937 1960/2938
f 1958/2934 1960/2939 1931/2889 1929/2887
f 1960/2938 1959/2937 545/703 1961/2940
f 1960/2938 1961/2940 1933/2893 1931/2892
f 1961/2941 545/2942 92/2943 1962/2944
f 1961/2940 1962/2945 1935/2895 1933/2893
f 1962/2944 92/2943 548/2946 1963/2947
f 1962/2944 1963/2947 1937/2899 1935/2898
f 1963/2948 548/2949 1964/2950 1942/2907
f 1963/2948 1942/2907 1939/2903 1937/2902
f 1964/2951 548/709 547/708 1965/2952
f 1964/2951 1965/2952 543/2953 542/2954
f 1964/2950 542/698 1943/2908 1942/2907
f 1965/2955 1966/2956 544/701 543/700
f 1965/2955 547/2957 1967/2958 1966/2956
f 1967/2958 1968/2959 1969/2960 1966/2956
f 1967/2958 547/2957 546/2961 1970/2962
f 1967/2958 1970/2962 1971/2963 1968/2959
f 1971/2963 1972/2964 1973/2965 1968/2959
f 1971/2963 1970/2962 1974/2966 1975/2967
f 1971/2963 1975/2967 1976/2968 1972/2964
f 1976/2969 1977/2970 1978/2971 1972/2972
f 1976/2973 1975/2974 1979/2975 1980/2976
f 1976/2973 1980/2976 1981/2977 1977/2978
f 1981/2977 1982/2979 1983/2980 1977/2978
f 1981/2977 1980/2976 1984/2981 1985/2982
f 1981/2977 1985/2982 1986/2983 1982/2979
f 1986/2983 1987/2984 1988/2985 1982/2979
f 1986/2983 1985/2982 1989/2986 1990/2987
f 1986/2983 1990/2987 1991/2988 1987/2984
f 1991/2988 1992/2989 1993/2990 1987/2984
f 1991/2988 1990/2987 1994/2991 1995/2992
f 1991/2988 1995/2992 1996/2993 1992/2989
f 1996/2993 1997/2994 1998/2995 1992/2989
f 1996/2993 1995/2992 1999/2996 2000/2997
f 1996/2993 2000/2997 2001/2998 1997/2994
f 2001/2998 2002/2999 2003/3000 1997/2994
f 2001/3001 2000/3002 2004/3003 2005/3004
f 2001/2998 2005/3005 2006/3006 2002/2999
f 2006/3006 2007/3007 2008/3008 2002/2999
f 2006/3009 2005/3004 2009/3010 2010/3011
f 2006/3009 2010/3011 2011/3012 2007/3013
f 2011/3014 2012/3015 2013/3016 2007/3017
f 2011/3012 2010/3011 2014/3018 2015/3019
f 2011/3014 2015/3020 2016/3021 2012/3015
f 2016/3021 2017/3022 2018/3023 2012/3015
f 2016/3021 2015/3020 2019/3024 2020/3025
f 2016/3021 2020/3025 2021/3026 2017/3022
f 2021/3026 2022/3027 2023/3028 2017/3022
f 2021/3026 2020/3025 2024/3029 2025/3030
f 2021/3026 2025/3030 2026/3031 2022/3027
f 2026/3031 2027/3032 2028/3033 2022/3027
f 2026/3034 2025/3035 2029/3036 2030/3037
f 2026/3038 2030/3039 2031/3040 2027/3041
f 2031/3040 2032/3042 2033/3043 2027/3041
f 2031/3044 2030/3045 2034/3046 2035/3047
f 2031/3044 2035/3047 2036/3048 2032/3049
f 2036/3048 2037/3050 2038/3051 2032/3049
f 2036/3048 2035/3047 2039/3052 2040/3053
f 2036/3048 2040/3053 2041/3054 2037/3050
f 2041/3054 243/3055 242/224 2037/3050
f 2041/3054 2040/3053 2042/3056 2043/3057
f 2041/3054 2043/3057 2044/3058 243/3055
f 2044/3058 230/3059 244/3060 243/3055
f 2044/3058 2043/3057 2045/3061 227/190
f 2044/3058 227/190 21/189 230/3059
f 2045/3061 2043/3057 2042/3056 2046/3062
f 2045/3061 2046/3062 2047/3063 2048/3064
f 2045/3061 2048/3064 228/191 227/190
f 2048/3064 2047/3063 2049/3065 2050/3066
f 2048/3064 2050/3066 247/235 228/191
f 2050/3066 2049/3065 2051/3067 2052/3068
f 2050/3066 2052/3068 249/240 247/235
f 2052/3068 2051/3067 2053/3069 2054/3070
f 2052/3068 2054/3070 248/237 249/240
f 2054/3071 2053/3072 2055/3073 2056/3074
f 2054/3071 2056/3074 223/3075 248/3076
f 2056/3077 2055/3078 2057/3079 2058/3080
f 2056/3077 2058/3080 224/3081 223/3082
f 2058/3083 2057/3084 2059/3085 2060/3086
f 2058/3083 2060/3086 250/242 224/3087
f 2060/3086 2059/3085 2061/3088 2062/3089
f 2060/3086 2062/3089 251/243 250/242
f 2062/3089 2061/3088 2063/3090 2064/3091
f 2062/3089 2064/3091 2065/3092 251/243
f 2065/3092 2066/3093 252/244 251/243
f 2065/3092 2064/3091 2067/3094 2068/3095
f 2065/3092 2068/3095 2069/3096 2066/3093
f 2069/3096 233/200 232/199 2066/3093
f 2069/3096 2068/3095 2070/3097 2071/3098
f 2069/3096 2071/3098 235/205 233/200
f 2071/3098 2070/3097 2072/3099 2073/3100
f 2071/3098 2073/3100 236/207 235/205
f 2073/3100 2072/3099 239/215 238/214
f 2073/3100 238/214 237/3101 236/207
f 2072/3099 2070/3097 2074/3102 2075/3103
f 2072/3099 2075/3103 2076/3104 239/215
f 2076/3104 2075/3103 2077/3105 2078/3106
f 2076/3104 2078/3106 2079/3107 2080/3108
f 2076/3104 2080/3108 240/216 239/215
f 2080/3108 2079/3107 2033/3109 2081/3110
f 2080/3108 2081/3110 25/3111 240/216
f 2081/3112 2033/3043 2032/3042 2038/3113
f 2081/3112 2038/3113 241/3114 25/3115
f 2079/3107 2078/3106 2082/3116 2028/3033
f 2079/3107 2028/3033 2027/3032 2033/3109
f 2082/3116 2078/3106 2077/3105 2083/3117
f 2082/3116 2083/3117 2084/3118 2023/3028
f 2082/3116 2023/3028 2022/3027 2028/3033
f 2084/3118 2083/3117 2085/3119 2086/3120
f 2084/3118 2086/3120 2087/3121 2018/3023
f 2084/3118 2018/3023 2017/3022 2023/3028
f 2087/3121 2086/3120 2088/3122 2089/3123
f 2087/3121 2089/3123 2090/3124 2013/3016
f 2087/3121 2013/3016 2012/3015 2018/3023
f 2090/3124 2089/3123 2091/3125 2092/3126
f 2090/3124 2092/3126 2093/3127 2008/3128
f 2090/3124 2008/3128 2007/3017 2013/3016
f 2093/3129 2092/3130 2094/3131 2095/3132
f 2093/3129 2095/3132 2096/3133 2003/3000
f 2093/3129 2003/3000 2002/2999 2008/3008
f 2096/3133 2095/3132 2097/3134 2098/3135
f 2096/3133 2098/3135 2099/3136 1998/2995
f 2096/3133 1998/2995 1997/2994 2003/3000
f 2099/3136 2098/3135 2100/3137 2101/3138
f 2099/3136 2101/3138 2102/3139 1993/2990
f 2099/3136 1993/2990 1992/2989 1998/2995
f 2102/3139 2101/3138 2103/3140 2104/3141
f 2102/3139 2104/3141 2105/3142 1988/2985
f 2102/3139 1988/2985 1987/2984 1993/2990
f 2105/3143 2104/3144 2106/3145 2107/3146
f 2105/3143 2107/3146 2108/3147 1983/3148
f 2105/3142 1983/2980 1982/2979 1988/2985
f 2108/3147 2107/3146 2109/3149 2110/3150
f 2108/3151 2110/3152 2111/3153 1978/3154
f 2108/3155 1978/2971 1977/2970 1983/3156
f 2111/3153 2110/3152 2112/3157 2113/3158
f 2111/3153 2113/3158 2114/3159 1973/2965
f 2111/3153 1973/2965 1972/2964 1978/3154
f 2114/3159 2113/3158 2115/3160 2116/3161
f 2114/3159 2116/3161 2117/3162 1969/2960
f 2114/3159 1969/2960 1968/2959 1973/2965
f 2117/3162 2116/3161 2118/3163 2119/3164
f 2117/3162 2119/3164 537/689 544/701
f 2117/3162 544/701 1966/2956 1969/2960
f 2119/3164 2118/3163 2120/3165 2121/3166
f 2119/3164 2121/3166 538/690 537/689
f 2121/3167 2120/3168 2122/3169 2123/3170
f 2121/3166 2123/3171 2124/3172 538/690
f 2124/3173 2123/3170 2125/3174 2126/3175
f 2124/3173 2126/3175 2127/3176 2128/3177
f 2124/3172 2128/3178 539/691 538/690
f 2127/3176 2126/3175 2129/3179 2130/3180
f 2127/3176 2130/3180 191/3181 15/3182
f 2130/3180 2129/3179 2131/3183 2132/3184
f 2130/3180 2132/3184 2133/3185 191/3181
f 2133/3186 2132/3187 2134/3188 2135/3189
f 2133/3186 2135/3189 2136/3190 2137/3191
f 2133/3185 2137/3192 192/3193 191/3181
f 2137/3191 2136/3190 2138/3194 2139/3195
f 2137/3192 2139/3196 2140/3197 192/3193
f 2140/3197 2139/3196 2141/3198 2142/3199
f 2140/3197 2142/3199 565/3200 2143/3201
f 2140/3197 2143/3201 193/3202 192/3193
f 2143/3203 565/740 559/739 2144/3204
f 2143/3203 2144/3204 194/3205 193/3206
f 2144/3207 559/726 558/725 2145/3208
f 2144/3204 2145/3209 2146/3210 194/3205
f 2146/3210 2147/3211 195/3212 194/3205
f 2146/3213 2145/3208 2148/3214 2149/3215
f 2146/3213 2149/3215 2150/3216 2147/3217
f 2150/3218 2151/3219 2152/3220 2147/3221
f 2150/3216 2149/3215 2153/3222 2154/3223
f 2150/3216 2154/3223 2155/3224 2151/3225
f 2155/3224 1949/2921 1947/2920 2151/3225
f 2155/3226 2154/3227 2156/3228 2157/3229
f 2155/3224 2157/3230 1951/2923 1949/2921
f 2157/3229 2156/3228 2158/3231 2159/3232
f 2157/3229 2159/3232 1953/2927 1951/2926
f 2159/3232 2158/3231 2160/3233 2161/3234
f 2159/3232 2161/3234 1955/2929 1953/2927
f 2161/3235 2160/3236 2162/3237 2163/3238
f 2161/3235 2163/3238 1957/2933 1955/2932
f 2163/3239 2162/3240 2164/3241 2165/3242
f 2163/3239 2165/3242 1959/2937 1957/2936
f 2165/3242 2164/3241 515/645 514/644
f 2165/3242 514/644 545/703 1959/2937
f 2164/3241 2162/3240 2166/3243 577/754
f 2164/3241 577/754 576/753 515/645
f 2166/3244 2162/3237 2160/3236 2167/3245
f 2166/3244 2167/3245 2168/3246 2169/3247
f 2166/3244 2169/3247 578/3248 577/3249
f 2169/3247 2168/3246 2170/3250 2171/3251
f 2169/3247 2171/3251 579/3252 578/3248
f 2171/3253 2172/3254 2173/3255 579/3256
f 2171/3253 2170/3257 2174/3258 2172/3254
f 2174/3259 2175/3260 2176/3261 2172/3262
f 2174/3258 2170/3257 2177/3263 2178/3264
f 2174/3259 2178/3265 2179/3266 2175/3260
f 2179/3266 2180/3267 2181/3268 2175/3260
f 2179/3266 2178/3265 2182/3269 2183/3270
f 2179/3266 2183/3270 2184/3271 2180/3267
f 2184/3271 2185/3272 2186/3273 2180/3267
f 2184/3271 2183/3270 2187/3274 2188/3275
f 2184/3271 2188/3275 2189/3276 2185/3272
f 2189/3276 2190/3277 2191/3278 2185/3272
f 2189/3276 2188/3275 2192/3279 2193/3280
f 2189/3276 2193/3280 2194/3281 2190/3277
f 2194/3281 2195/3282 2196/3283 2190/3277
f 2194/3281 2193/3280 2197/3284 2198/3285
f 2194/3281 2198/3285 2199/3286 2195/3282
f 2199/3286 2200/3287 2201/3288 2195/3282
f 2199/3286 2198/3285 2202/3289 2203/3290
f 2199/3286 2203/3290 2204/3291 2200/3287
f 2204/3291 2205/3292 2206/3293 2200/3287
f 2204/3294 2203/3295 2207/3296 2208/3297
f 2204/3294 2208/3297 2209/3298 2205/3299
f 2209/3298 2210/3300 2211/3301 2205/3299
f 2209/3302 2208/3303 2212/3304 2213/3305
f 2209/3302 2213/3305 2214/3306 2210/3307
f 2214/3306 2215/3308 2216/3309 2210/3307
f 2214/3306 2213/3305 2217/3310 2218/3311
f 2214/3306 2218/3311 2219/3312 2215/3308
f 2219/3312 2220/3313 2221/3314 2215/3308
f 2219/3315 2218/3316 2222/3317 2223/3318
f 2219/3315 2223/3318 2224/3319 2220/3320
f 2224/3321 2225/3322 2226/3323 2220/3313
f 2224/3319 2223/3318 2227/3324 2228/3325
f 2224/3319 2228/3325 2229/3326 2225/3327
f 2229/3326 2230/3328 2231/3329 2225/3327
f 2229/3330 2228/3331 2232/3332 2233/3333
f 2229/3326 2233/3334 2234/3335 2230/3328
f 2234/3335 2235/3336 2236/3337 2230/3328
f 2234/3335 2233/3334 2237/3338 2238/3339
f 2234/3335 2238/3339 2239/3340 2235/3336
f 2239/3340 2240/3341 2241/3342 2235/3336
f 2239/3343 2238/3344 2242/3345 2243/3346
f 2239/3343 2243/3346 2244/3347 2240/3348
f 2244/3347 2245/3349 2246/3350 2240/3348
f 2244/3347 2243/3346 2247/3351 2248/3352
f 2244/3347 2248/3352 2249/3353 2245/3349
f 2249/3353 2250/3354 2251/3355 2245/3349
f 2249/3353 2248/3352 2252/3356 2253/3357
f 2249/3353 2253/3357 2254/3358 2250/3354
f 2254/3358 2255/3359 2256/3360 2250/3354
f 2254/3358 2253/3357 2257/3361 2258/3362
f 2254/3358 2258/3362 2259/3363 2255/3359
f 2259/3363 2260/3364 2261/3365 2255/3359
f 2259/3363 2258/3362 2262/3366 2263/3367
f 2259/3363 2263/3367 2264/3368 2260/3364
f 2264/3368 2265/3369 2266/3370 2260/3364
f 2264/3371 2263/3372 2267/3373 2268/3374
f 2264/3371 2268/3374 2269/3375 2265/3376
f 2269/3375 2270/3377 2271/3378 2265/3376
f 2269/3379 2268/3380 2272/3381 2273/3382
f 2269/3375 2273/3383 2274/3384 2270/3377
f 2274/3384 2275/3385 2276/3386 2270/3377
f 2274/3387 2273/3382 2277/3388 2278/3389
f 2274/3387 2278/3389 2279/3390 2275/3391
f 2279/3390 2280/3392 2281/3393 2275/3391
f 2279/3390 2278/3389 2282/3394 2283/3395
f 2279/3390 2283/3395 2284/3396 2280/3392
f 2284/3396 2285/3397 2286/3398 2280/3392
f 2284/3396 2283/3395 2287/3399 2288/3400
f 2284/3396 2288/3400 2289/3401 2285/3397
f 2289/3401 2290/3402 2291/3403 2285/3397
f 2289/3401 2288/3400 2292/3404 2293/3405
f 2289/3401 2293/3405 2294/3406 2290/3402
f 2294/3406 2295/3407 2296/3408 2290/3402
f 2294/3406 2293/3405 2297/3409 2298/3410
f 2294/3406 2298/3410 2299/3411 2295/3407
f 2299/3412 2300/3413 2301/3414 2295/3415
f 2299/3411 2298/3410 2302/3416 2303/3417
f 2299/3412 2303/3418 2304/3419 2300/3413
f 2304/3419 2305/3420 2306/3421 2300/3413
f 2304/3419 2303/3418 2307/3422 2308/3423
f 2304/3419 2308/3423 2309/3424 2305/3420
f 2309/3424 2310/3425 2311/3426 2305/3420
f 2309/3427 2308/3428 2312/3429 2313/3430
f 2309/3427 2313/3430 2314/3431 2310/3432
f 2314/3431 2315/3433 2316/3434 2310/3432
f 2314/3431 2313/3430 2317/3435 2318/3436
f 2314/3431 2318/3436 2319/3437 2315/3433
f 2319/3437 2320/3438 2321/3439 2315/3433
f 2319/3440 2318/3441 2322/3442 2323/3443
f 2319/3440 2323/3443 2324/3444 2320/3445
f 2324/3444 593/780 592/779 2320/3445
f 2324/3446 2323/3447 2325/3448 2326/3449
f 2324/3446 2326/3449 2327/3450 593/3451
f 2327/3450 2328/3452 594/3453 593/3451
f 2327/3450 2326/3449 2329/3454 2330/3455
f 2327/3450 2330/3455 2331/3456 2328/3452
f 2331/3457 605/3458 2332/3459 2328/3460
f 2331/3456 2330/3455 2333/3461 2334/3462
f 2331/3456 2334/3462 606/3463 605/3464
f 2334/3462 2333/3461 2335/3465 2336/3466
f 2334/3462 2336/3466 607/3467 606/3463
f 2336/3466 2335/3465 2337/3468 2338/3469
f 2336/3466 2338/3469 2339/3470 607/3467
f 2339/3471 2340/3472 602/804 607/803
f 2339/3470 2338/3469 2341/3473 609/3474
f 2339/3475 609/807 608/806 2340/3476
f 2341/3473 2338/3469 2337/3468 2342/3477
f 2341/3473 2342/3477 2343/3478 2344/3479
f 2341/3473 2344/3479 610/3480 609/3474
f 2344/3479 2343/3478 2345/3481 2346/3482
f 2344/3483 2346/3484 613/3485 610/3486
f 2346/3484 2345/3487 2347/3488 2348/3489
f 2346/3484 2348/3489 2349/3490 613/3485
f 2349/3491 2348/3492 599/3493 2350/3494
f 2349/3491 2350/3494 2351/3495 2352/3496
f 2349/3491 2352/3496 611/3497 613/3498
f 2352/3496 2351/3495 2353/3499 2354/3500
f 2352/3496 2354/3500 612/3501 611/3497
f 2354/3500 2353/3499 2355/3502 2356/3503
f 2354/3504 2356/3505 2357/3506 612/811
f 2357/3506 2340/3507 608/812 612/811
f 2357/3506 2356/3505 2358/3508 603/795
f 2357/3506 603/795 602/794 2340/3507
f 2358/3508 2356/3505 2355/3509 2359/3510
f 2358/3508 2359/3510 2360/3511 2361/3512
f 2358/3508 2361/3512 604/796 603/795
f 2361/3512 2360/3511 2362/3513 2332/3514
f 2361/3512 2332/3514 605/3515 604/796
f 2362/3513 2360/3511 2363/3516 2364/3517
f 2362/3513 2364/3517 595/3518 594/3519
f 2362/3513 594/3519 2328/3520 2332/3514
f 2364/3517 2363/3516 2365/3521 2366/3522
f 2364/3523 2366/3524 2321/3439 595/3525
f 2366/3524 2365/3526 2367/3527 2316/3434
f 2366/3524 2316/3434 2315/3433 2321/3439
f 2367/3528 2365/3529 2368/3530 2369/3531
f 2367/3528 2369/3531 2370/3532 2311/3426
f 2367/3527 2311/3533 2310/3432 2316/3434
f 2370/3532 2369/3531 2371/3534 2372/3535
f 2370/3532 2372/3535 2373/3536 2306/3421
f 2370/3532 2306/3421 2305/3420 2311/3426
f 2373/3536 2372/3535 2374/3537 2375/3538
f 2373/3536 2375/3538 2376/3539 2301/3414
f 2373/3536 2301/3414 2300/3413 2306/3421
f 2376/3539 2375/3538 2377/3540 2378/3541
f 2376/3539 2378/3541 2379/3542 2296/3543
f 2376/3539 2296/3543 2295/3415 2301/3414
f 2379/3542 2378/3541 2380/3544 2381/3545
f 2379/3542 2381/3545 2382/3546 2291/3547
f 2379/3542 2291/3547 2290/3548 2296/3543
f 2382/3546 2381/3545 2383/3549 2384/3550
f 2382/3546 2384/3550 2385/3551 2286/3552
f 2382/3553 2286/3398 2285/3397 2291/3403
f 2385/3551 2384/3550 2386/3554 2387/3555
f 2385/3551 2387/3555 2388/3556 2281/3557
f 2385/3558 2281/3393 2280/3392 2286/3398
f 2388/3559 2387/3560 2389/3561 2390/3562
f 2388/3559 2390/3562 2391/3563 2276/3564
f 2388/3556 2276/3386 2275/3385 2281/3557
f 2391/3565 2390/3566 2392/3567 2393/3568
f 2391/3565 2393/3568 2394/3569 2271/3570
f 2391/3571 2271/3378 2270/3377 2276/3386
f 2394/3569 2393/3568 2395/3572 2396/3573
f 2394/3569 2396/3573 2397/3574 2266/3370
f 2394/3569 2266/3370 2265/3369 2271/3570
f 2397/3574 2396/3573 2398/3575 2399/3576
f 2397/3574 2399/3576 2400/3577 2261/3365
f 2397/3574 2261/3365 2260/3364 2266/3370
f 2400/3577 2399/3576 2401/3578 2402/3579
f 2400/3577 2402/3579 2403/3580 2256/3360
f 2400/3577 2256/3360 2255/3359 2261/3365
f 2403/3581 2402/3582 2404/3583 2405/3584
f 2403/3581 2405/3584 2406/3585 2251/3586
f 2403/3580 2251/3355 2250/3354 2256/3360
f 2406/3585 2405/3584 2407/3587 2408/3588
f 2406/3585 2408/3588 2409/3589 2246/3590
f 2406/3591 2246/3350 2245/3349 2251/3355
f 2409/3589 2408/3588 2410/3592 2411/3593
f 2409/3589 2411/3593 2412/3594 2241/3342
f 2409/3589 2241/3342 2240/3341 2246/3590
f 2412/3594 2411/3593 2413/3595 2414/3596
f 2412/3594 2414/3596 2415/3597 2236/3337
f 2412/3594 2236/3337 2235/3336 2241/3342
f 2415/3597 2414/3596 2416/3598 2417/3599
f 2415/3597 2417/3599 2418/3600 2231/3329
f 2415/3597 2231/3329 2230/3328 2236/3337
f 2418/3601 2417/3602 2419/3603 2420/3604
f 2418/3601 2420/3604 2421/3605 2226/3323
f 2418/3600 2226/3606 2225/3327 2231/3329
f 2421/3605 2420/3604 2422/3607 2423/3608
f 2421/3605 2423/3608 2424/3609 2221/3314
f 2421/3605 2221/3314 2220/3313 2226/3323
f 2424/3610 2423/3611 2425/3612 2426/3613
f 2424/3610 2426/3613 2427/3614 2216/3615
f 2424/3609 2216/3309 2215/3308 2221/3314
f 2427/3616 2426/3617 2428/3618 2429/3619
f 2427/3616 2429/3619 2430/3620 2211/3621
f 2427/3614 2211/3301 2210/3300 2216/3615
f 2430/3620 2429/3619 2431/3622 2432/3623
f 2430/3620 2432/3623 2433/3624 2206/3293
f 2430/3620 2206/3293 2205/3292 2211/3621
f 2433/3624 2432/3623 2434/3625 2435/3626
f 2433/3624 2435/3626 2436/3627 2201/3288
f 2433/3624 2201/3288 2200/3287 2206/3293
f 2436/3627 2435/3626 2437/3628 2438/3629
f 2436/3627 2438/3629 2439/3630 2196/3283
f 2436/3627 2196/3283 2195/3282 2201/3288
f 2439/3630 2438/3629 2440/3631 2441/3632
f 2439/3630 2441/3632 2442/3633 2191/3278
f 2439/3630 2191/3278 2190/3277 2196/3283
f 2442/3633 2441/3632 2443/3634 2444/3635
f 2442/3633 2444/3635 2445/3636 2186/3273
f 2442/3633 2186/3273 2185/3272 2191/3278
f 2445/3636 2444/3635 2446/3637 2447/3638
f 2445/3636 2447/3638 2448/3639 2181/3268
f 2445/3636 2181/3268 2180/3267 2186/3273
f 2448/3639 2447/3638 2449/3640 2450/3641
f 2448/3639 2450/3641 2451/3642 2176/3261
f 2448/3639 2176/3261 2175/3260 2181/3268
f 2451/3642 2450/3641 2452/3643 2453/3644
f 2451/3642 2453/3644 2454/3645 2173/3646
f 2451/3642 2173/3646 2172/3262 2176/3261
f 2454/3645 2453/3644 2455/3647 2456/3648
f 2454/3645 2456/3648 581/3649 580/3650
f 2454/3645 580/3650 579/3651 2173/3646
f 2456/3648 2455/3647 2457/3652 2458/3653
f 2456/3648 2458/3653 522/3654 581/3649
f 2458/3655 2457/3656 2459/3657 2460/3658
f 2458/3659 2460/3660 516/3661 522/3662
f 2460/3663 2459/3664 2461/3665 2462/3666
f 2460/3667 2462/3668 517/3669 516/3670
f 2462/3666 2461/3665 2463/3671 2464/3672
f 2462/3666 2464/3672 2465/3673 517/3674
f 2465/3673 2464/3672 2466/3675 2467/3676
f 2465/3673 2467/3676 2468/3677 2469/3678
f 2465/3673 2469/3678 518/3679 517/3674
f 2469/3678 2468/3677 2470/3680 2471/3681
f 2469/3678 2471/3681 2472/3682 518/3679
f 2472/3682 2471/3681 2473/3683 2474/3684
f 2472/3685 2474/3686 2475/3687 2476/3688
f 2472/3685 2476/3688 85/650 518/3689
f 2476/3688 2475/3687 2477/3690 2478/3691
f 2476/3692 2478/3693 519/3694 85/3695
f 2478/3691 2477/3690 2479/3696 2480/3697
f 2478/3691 2480/3697 2481/3698 519/651
f 2481/3698 2482/3699 520/652 519/651
f 2481/3698 2480/3697 2483/3700 2484/3701
f 2481/3698 2484/3701 2485/3702 2482/3699
f 2485/3702 2486/3703 2487/3704 2482/3699
f 2485/3705 2484/3706 2488/3707 2489/3708
f 2485/3705 2489/3708 2490/3709 2486/3710
f 2490/3709 2491/3711 2492/3712 2486/3710
f 2490/3709 2489/3708 2493/3713 2494/3714
f 2490/3709 2494/3714 2495/3715 2491/3711
f 2495/3715 2496/3716 2497/3717 2491/3711
f 2495/3718 2494/3719 2498/3720 2499/3721
f 2495/3718 2499/3721 2500/3722 2496/3723
f 2500/3722 2501/3724 2502/3725 2496/3723
f 2500/3722 2499/3721 2503/3726 2504/3727
f 2500/3722 2504/3727 2505/3728 2501/3724
f 2505/3728 2506/3729 2507/3730 2501/3724
f 2505/3728 2504/3727 2508/3731 2509/3732
f 2505/3728 2509/3732 2510/3733 2506/3729
f 2510/3733 2511/3734 2512/3735 2506/3729
f 2510/3733 2509/3732 2135/3736 2134/3737
f 2510/3733 2134/3737 2513/3738 2511/3734
f 2513/3738 2514/3739 2515/3740 2511/3734
f 2513/3741 2134/3188 2132/3187 2131/3742
f 2513/3741 2131/3742 2516/3743 2514/3744
f 2516/3743 2517/3745 2518/3746 2514/3744
f 2516/3747 2131/3183 2129/3179 2519/3748
f 2516/3747 2519/3748 2520/3749 2517/3750
f 2520/3749 2521/3751 2522/3752 2517/3750
f 2520/3749 2519/3748 2125/3174 2523/3753
f 2520/3749 2523/3753 2524/3754 2521/3751
f 2524/3754 2525/3755 2526/3756 2521/3751
f 2524/3754 2523/3753 2122/3169 2527/3757
f 2524/3754 2527/3757 2528/3758 2525/3755
f 2528/3758 2529/3759 2530/3760 2525/3755
f 2528/3758 2527/3757 2531/3761 2532/3762
f 2528/3758 2532/3762 2533/3763 2529/3759
f 2533/3763 2534/3764 2535/3765 2529/3759
f 2533/3766 2532/3767 2536/3768 2537/3769
f 2533/3763 2537/3770 2538/3771 2534/3764
f 2538/3771 2539/3772 2540/3773 2534/3764
f 2538/3774 2537/3769 2541/3775 2542/3776
f 2538/3774 2542/3776 2543/3777 2539/3778
f 2543/3779 2544/3780 2545/3781 2539/3782
f 2543/3779 2542/3783 2546/3784 2547/3785
f 2543/3779 2547/3785 2548/3786 2544/3780
f 2548/3786 2549/3787 2550/3788 2544/3780
f 2548/3786 2547/3785 2551/3789 2552/3790
f 2548/3786 2552/3790 2553/3791 2549/3787
f 2553/3791 2554/3792 2555/3793 2549/3787
f 2553/3791 2552/3790 2556/3794 2557/3795
f 2553/3791 2557/3795 2558/3796 2554/3792
f 2558/3796 2559/3797 2560/3798 2554/3792
f 2558/3796 2557/3795 2561/3799 2562/3800
f 2558/3796 2562/3800 2563/3801 2559/3797
f 2563/3801 2564/3802 2565/3803 2559/3797
f 2563/3804 2562/3805 2566/3806 2567/3807
f 2563/3804 2567/3807 2568/3808 2564/3809
f 2568/3810 2569/3811 2570/3812 2564/3813
f 2568/3814 2567/3815 2571/3816 2572/3817
f 2568/3814 2572/3817 2573/3818 2569/3819
f 2573/3818 2059/3085 2057/3084 2569/3819
f 2573/3818 2572/3817 2574/3820 2575/3821
f 2573/3818 2575/3821 2061/3088 2059/3085
f 2575/3821 2574/3820 2576/3822 2577/3823
f 2575/3821 2577/3823 2063/3090 2061/3088
f 2577/3823 2576/3822 2088/3122 2578/3824
f 2577/3823 2578/3824 2579/3825 2063/3090
f 2579/3825 2067/3094 2064/3091 2063/3090
f 2579/3825 2578/3824 2085/3119 2580/3826
f 2579/3825 2580/3826 2074/3102 2067/3094
f 2580/3826 2085/3119 2083/3117 2077/3105
f 2580/3826 2077/3105 2075/3103 2074/3102
f 2578/3824 2088/3122 2086/3120 2085/3119
f 2576/3822 2574/3820 2581/3827 2091/3125
f 2576/3822 2091/3125 2089/3123 2088/3122
f 2581/3827 2574/3820 2572/3817 2571/3816
f 2581/3827 2571/3816 2582/3828 2094/3829
f 2581/3827 2094/3829 2092/3126 2091/3125
f 2582/3828 2571/3816 2567/3815 2566/3830
f 2582/3831 2566/3806 2583/3832 2097/3134
f 2582/3831 2097/3134 2095/3132 2094/3131
f 2583/3832 2566/3806 2562/3805 2561/3833
f 2583/3832 2561/3833 2584/3834 2100/3137
f 2583/3832 2100/3137 2098/3135 2097/3134
f 2584/3835 2561/3799 2557/3795 2556/3794
f 2584/3835 2556/3794 2585/3836 2103/3837
f 2584/3834 2103/3140 2101/3138 2100/3137
f 2585/3836 2556/3794 2552/3790 2551/3789
f 2585/3836 2551/3789 2586/3838 2106/3145
f 2585/3836 2106/3145 2104/3144 2103/3837
f 2586/3838 2551/3789 2547/3785 2546/3784
f 2586/3838 2546/3784 2587/3839 2109/3149
f 2586/3838 2109/3149 2107/3146 2106/3145
f 2587/3840 2546/3841 2542/3776 2541/3775
f 2587/3840 2541/3775 2588/3842 2112/3157
f 2587/3840 2112/3157 2110/3152 2109/3843
f 2588/3842 2541/3775 2537/3769 2536/3768
f 2588/3842 2536/3768 2589/3844 2115/3160
f 2588/3842 2115/3160 2113/3158 2112/3157
f 2589/3844 2536/3768 2532/3767 2531/3845
f 2589/3844 2531/3845 2120/3165 2118/3163
f 2589/3844 2118/3163 2116/3161 2115/3160
f 2570/3846 2055/3847 2053/3069 2590/3848
f 2570/3849 2590/3850 2565/3803 2564/3802
f 2570/3812 2569/3811 2057/3079 2055/3078
f 2590/3848 2053/3069 2051/3067 2591/3851
f 2590/3848 2591/3851 2592/3852 2565/3853
f 2592/3852 2591/3851 2593/3854 2594/3855
f 2592/3852 2594/3855 2595/3856 2560/3857
f 2592/3852 2560/3857 2559/3858 2565/3853
f 2595/3856 2594/3855 2596/3859 2597/3860
f 2595/3856 2597/3860 2598/3861 2555/3862
f 2595/3856 2555/3862 2554/3863 2560/3857
f 2598/3861 2597/3860 2599/3864 2600/3865
f 2598/3861 2600/3865 2601/3866 2550/3867
f 2598/3868 2550/3788 2549/3787 2555/3793
f 2601/3866 2600/3865 2602/3869 2603/3870
f 2601/3871 2603/3872 2604/3873 2545/3874
f 2601/3875 2545/3781 2544/3780 2550/3788
f 2604/3873 2603/3872 2605/3876 2606/3877
f 2604/3873 2606/3877 2607/3878 2540/3773
f 2604/3873 2540/3773 2539/3772 2545/3874
f 2607/3878 2606/3877 2608/3879 2609/3880
f 2607/3878 2609/3880 2610/3881 2535/3765
f 2607/3878 2535/3765 2534/3764 2540/3773
f 2610/3881 2609/3880 2611/3882 2612/3883
f 2610/3881 2612/3883 2613/3884 2530/3760
f 2610/3881 2530/3760 2529/3759 2535/3765
f 2613/3884 2612/3883 2614/3885 2615/3886
f 2613/3884 2615/3886 2616/3887 2526/3756
f 2613/3884 2526/3756 2525/3755 2530/3760
f 2616/3888 2615/3889 2617/3890 2618/3891
f 2616/3888 2618/3891 2619/3892 2522/3893
f 2616/3887 2522/3752 2521/3751 2526/3756
f 2619/3894 2618/3895 2620/3896 2621/3897
f 2619/3894 2621/3897 2622/3898 2518/3899
f 2619/3892 2518/3746 2517/3745 2522/3893
f 2622/3898 2621/3897 2623/3900 2624/3901
f 2622/3898 2624/3901 2625/3902 2515/3740
f 2622/3898 2515/3740 2514/3739 2518/3899
f 2625/3902 2624/3901 2626/3903 2627/3904
f 2625/3902 2627/3904 2628/3905 2512/3735
f 2625/3902 2512/3735 2511/3734 2515/3740
f 2628/3905 2627/3904 2629/3906 2630/3907
f 2628/3905 2630/3907 2631/3908 2507/3730
f 2628/3905 2507/3730 2506/3729 2512/3735
f 2631/3908 2630/3907 2632/3909 2633/3910
f 2631/3908 2633/3910 2634/3911 2502/3725
f 2631/3908 2502/3725 2501/3724 2507/3730
f 2634/3912 2633/3913 2635/3914 2636/3915
f 2634/3912 2636/3915 2637/3916 2497/3717
f 2634/3911 2497/3917 2496/3723 2502/3725
f 2637/3916 2636/3915 509/3918 2638/3919
f 2637/3916 2638/3919 2639/3920 2492/3712
f 2637/3916 2492/3712 2491/3711 2497/3717
f 2639/3921 2638/3922 2640/3923 575/3924
f 2639/3925 575/752 574/751 2487/3704
f 2639/3925 2487/3704 2486/3703 2492/3926
f 2640/3927 84/642 515/645 576/753
f 2640/3927 576/753 97/749 575/752
f 2640/3923 2638/3922 509/3928 84/3929
f 2636/3915 2635/3914 510/3930 509/3918
f 2635/3914 2641/3931 2642/3932 510/3930
f 2635/3914 2633/3913 2632/3933 2641/3931
f 2642/3932 2643/3934 1979/2975 2644/3935
f 2642/3932 2644/3935 511/3936 510/3930
f 2642/3932 2641/3931 2645/3937 2643/3934
f 2645/3937 2646/3938 1984/2981 2643/3934
f 2645/3937 2641/3931 2632/3933 2647/3939
f 2645/3937 2647/3939 2648/3940 2646/3938
f 2648/3940 2649/3941 1989/2986 2646/3938
f 2648/3942 2647/3943 2629/3906 2650/3944
f 2648/3940 2650/3945 2651/3946 2649/3941
f 2651/3946 2652/3947 1994/2991 2649/3941
f 2651/3948 2650/3944 2626/3903 2653/3949
f 2651/3948 2653/3949 2654/3950 2652/3951
f 2654/3950 2655/3952 1999/3953 2652/3951
f 2654/3950 2653/3949 2623/3900 2656/3954
f 2654/3950 2656/3954 2657/3955 2655/3952
f 2657/3955 2658/3956 2004/3003 2655/3952
f 2657/3955 2656/3954 2620/3896 2659/3957
f 2657/3955 2659/3957 2660/3958 2658/3956
f 2660/3958 2661/3959 2009/3010 2658/3956
f 2660/3958 2659/3957 2617/3960 2662/3961
f 2660/3958 2662/3961 2663/3962 2661/3959
f 2663/3962 2664/3963 2014/3018 2661/3959
f 2663/3964 2662/3965 2614/3966 2665/3967
f 2663/3964 2665/3967 2666/3968 2664/3969
f 2666/3968 2667/3970 2019/3971 2664/3969
f 2666/3972 2665/3973 2611/3882 2668/3974
f 2666/3972 2668/3974 2669/3975 2667/3976
f 2669/3975 2670/3977 2024/3978 2667/3976
f 2669/3975 2668/3974 2608/3879 2671/3979
f 2669/3975 2671/3979 2672/3980 2670/3977
f 2672/3980 2673/3981 2029/3036 2670/3977
f 2672/3980 2671/3979 2605/3876 2674/3982
f 2672/3983 2674/3984 2675/3985 2673/3986
f 2675/3985 2676/3987 2034/3046 2673/3986
f 2675/3985 2674/3984 2602/3869 2677/3988
f 2675/3985 2677/3988 2678/3989 2676/3987
f 2678/3989 2679/3990 2039/3052 2676/3987
f 2678/3989 2677/3988 2599/3864 2680/3991
f 2678/3989 2680/3991 2681/3992 2679/3990
f 2681/3992 2046/3062 2042/3056 2679/3990
f 2681/3992 2680/3991 2596/3859 2682/3993
f 2681/3992 2682/3993 2047/3063 2046/3062
f 2682/3993 2596/3859 2594/3855 2593/3854
f 2682/3993 2593/3854 2049/3065 2047/3063
f 2680/3991 2599/3864 2597/3860 2596/3859
f 2679/3990 2042/3056 2040/3053 2039/3052
f 2677/3988 2602/3869 2600/3865 2599/3864
f 2676/3987 2039/3052 2035/3047 2034/3046
f 2674/3982 2605/3876 2603/3872 2602/3994
f 2673/3986 2034/3046 2030/3045 2029/3995
f 2671/3979 2608/3879 2606/3877 2605/3876
f 2670/3977 2029/3036 2025/3035 2024/3978
f 2668/3974 2611/3882 2609/3880 2608/3879
f 2667/3970 2024/3996 2020/3997 2019/3971
f 2665/3973 2614/3885 2612/3883 2611/3882
f 2664/3963 2019/3998 2015/3019 2014/3018
f 2662/3965 2617/3890 2615/3889 2614/3966
f 2661/3959 2014/3018 2010/3011 2009/3010
f 2659/3957 2620/3896 2618/3895 2617/3960
f 2658/3956 2009/3010 2005/3004 2004/3003
f 2656/3954 2623/3900 2621/3897 2620/3896
f 2655/3952 2004/3003 2000/3002 1999/3953
f 2653/3949 2626/3903 2624/3901 2623/3900
f 2652/3947 1999/2996 1995/2992 1994/2991
f 2650/3944 2629/3906 2627/3904 2626/3903
f 2649/3941 1994/2991 1990/2987 1989/2986
f 2647/3943 2632/3909 2630/3907 2629/3906
f 2646/3938 1989/2986 1985/2982 1984/2981
f 2644/3935 1979/2975 1975/2974 1974/3999
f 2644/4000 1974/4001 512/640 511/639
f 2643/3934 1984/2981 1980/2976 1979/2975
f 2593/3854 2591/3851 2051/3067 2049/3065
f 2531/3761 2527/3757 2122/3169 2120/3168
f 2523/3753 2125/3174 2123/3170 2122/3169
f 2519/3748 2129/3179 2126/3175 2125/3174
f 2509/3732 2508/3731 2136/4002 2135/3736
f 2508/3731 2504/3727 2503/3726 2683/4003
f 2508/4004 2683/4005 2138/4006 2136/4007
f 2683/4003 2503/3726 2684/4008 2685/4009
f 2683/4005 2685/4010 2686/4011 2138/4006
f 2686/4011 2685/4010 2687/4012 2688/4013
f 2686/4014 2688/4015 2689/4016 2141/4017
f 2686/4014 2141/4017 2139/3195 2138/3194
f 2689/4018 2688/4019 2690/4020 2691/4021
f 2689/4022 2691/4023 2692/4024 2693/4025
f 2689/4022 2693/4025 2142/3199 2141/3198
f 2693/4025 2692/4024 2694/4026 566/4027
f 2693/4025 566/4027 565/3200 2142/3199
f 2694/4026 2692/4024 2695/4028 2696/4029
f 2694/4030 2696/4031 2697/4032 2698/4033
f 2694/4030 2698/4033 95/738 566/741
f 2698/4033 2697/4032 2699/4034 2700/4035
f 2698/4036 2700/4037 556/722 95/721
f 2700/4035 2699/4034 2701/4038 2702/4039
f 2700/4035 2702/4039 2703/4040 556/4041
f 2703/4042 2704/4043 557/723 556/722
f 2703/4040 2702/4039 2705/4044 2706/4045
f 2703/4040 2706/4045 2707/4046 2704/4047
f 2707/4046 2708/4048 2709/4049 2704/4047
f 2707/4050 2706/4051 2710/4052 2711/4053
f 2707/4050 2711/4053 2712/4054 2708/4055
f 2712/4054 2713/4056 2714/4057 2708/4055
f 2712/4054 2711/4053 2715/4058 2716/4059
f 2712/4054 2716/4059 2717/4060 2713/4056
f 2717/4060 2718/4061 2719/4062 2713/4056
f 2717/4063 2716/4064 2720/4065 2721/4066
f 2717/4063 2721/4066 2722/4067 2718/4068
f 2722/4067 2723/4069 2724/4070 2718/4068
f 2722/4067 2721/4066 2725/4071 2726/4072
f 2722/4067 2726/4072 2727/4073 2723/4069
f 2727/4073 2728/4074 2729/4075 2723/4069
f 2727/4073 2726/4072 2730/4076 2731/4077
f 2727/4073 2731/4077 2732/4078 2728/4074
f 2732/4078 2733/4079 2734/4080 2728/4074
f 2732/4078 2731/4077 2735/4081 2736/4082
f 2732/4078 2736/4082 2737/4083 2733/4079
f 2737/4083 2738/4084 2739/4085 2733/4079
f 2737/4086 2736/4087 2740/4088 2741/4089
f 2737/4086 2741/4089 2742/4090 2738/4091
f 2742/4090 2743/4092 2744/4093 2738/4091
f 2742/4090 2741/4089 2745/4094 2746/4095
f 2742/4090 2746/4095 2747/4096 2743/4092
f 2747/4096 2748/4097 2749/4098 2743/4092
f 2747/4096 2746/4095 2750/4099 2751/4100
f 2747/4096 2751/4100 2752/4101 2748/4097
f 2752/4101 2753/4102 2754/4103 2748/4097
f 2752/4101 2751/4100 2755/4104 2756/4105
f 2752/4101 2756/4105 2757/4106 2753/4102
f 2757/4106 2758/4107 2759/4108 2753/4102
f 2757/4109 2756/4110 2760/4111 2761/4112
f 2757/4109 2761/4112 2762/4113 2758/4114
f 2762/4113 2763/4115 2764/4116 2758/4114
f 2762/4113 2761/4112 2765/4117 2766/4118
f 2762/4113 2766/4118 2767/4119 2763/4115
f 2767/4119 2768/4120 2769/4121 2763/4115
f 2767/4119 2766/4118 2770/4122 2771/4123
f 2767/4119 2771/4123 2772/4124 2768/4120
f 2772/4124 2773/4125 2774/4126 2768/4120
f 2772/4124 2771/4123 2775/4127 2776/4128
f 2772/4124 2776/4128 2777/4129 2773/4125
f 2777/4129 2778/4130 2779/4131 2773/4125
f 2777/4129 2776/4128 2780/4132 2781/4133
f 2777/4129 2781/4133 2782/4134 2778/4130
f 2782/4134 2783/4135 2784/4136 2778/4130
f 2782/4134 2781/4133 2785/4137 2786/4138
f 2782/4134 2786/4138 2787/4139 2783/4135
f 2787/4139 2788/4140 2789/4141 2783/4135
f 2787/4139 2786/4138 2790/4142 2791/4143
f 2787/4139 2791/4143 2792/4144 2788/4140
f 2792/4144 2793/4145 2794/4146 2788/4140
f 2792/4144 2791/4143 2795/4147 2796/4148
f 2792/4144 2796/4148 2797/4149 2793/4145
f 2797/4149 2798/4150 2799/4151 2793/4145
f 2797/4149 2796/4148 2800/4152 2801/4153
f 2797/4149 2801/4153 2802/4154 2798/4150
f 2802/4154 2803/4155 2804/4156 2798/4150
f 2802/4154 2801/4153 2805/4157 2806/4158
f 2802/4154 2806/4158 2807/4159 2803/4155
f 2807/4159 2808/4160 2809/4161 2803/4155
f 2807/4162 2806/4163 2810/4164 2811/4165
f 2807/4162 2811/4165 2812/4166 2808/4167
f 2812/4166 2813/4168 2814/4169 2808/4167
f 2812/4170 2811/4171 2815/4172 2816/4173
f 2812/4170 2816/4173 2817/4174 2813/4175
f 2817/4174 2818/4176 2819/4177 2813/4175
f 2817/4178 2816/4179 2820/4180 2821/4181
f 2817/4178 2821/4181 2822/4182 2818/4183
f 2822/4182 2823/4184 2824/4185 2818/4183
f 2822/4182 2821/4181 2825/4186 2826/4187
f 2822/4182 2826/4187 2827/4188 2823/4184
f 2827/4188 2828/4189 2829/4190 2823/4184
f 2827/4188 2826/4187 2830/4191 2831/4192
f 2827/4188 2831/4192 2832/4193 2828/4189
f 2832/4193 2833/4194 2834/4195 2828/4189
f 2832/4193 2831/4192 2835/4196 2836/4197
f 2832/4193 2836/4197 2837/4198 2833/4194
f 2837/4198 2838/4199 2839/4200 2833/4194
f 2837/4198 2836/4197 2840/4201 2841/4202
f 2837/4198 2841/4202 2842/4203 2838/4199
f 2842/4203 2843/4204 2844/4205 2838/4199
f 2842/4203 2841/4202 2845/4206 2846/4207
f 2842/4203 2846/4207 2847/4208 2843/4204
f 2847/4208 2848/4209 2849/4210 2843/4204
f 2847/4208 2846/4207 2850/4211 2851/4212
f 2847/4208 2851/4212 2852/4213 2848/4209
f 2852/4213 2853/4214 2854/4215 2848/4209
f 2852/4216 2851/4217 2855/4218 2856/4219
f 2852/4213 2856/4220 2857/4221 2853/4214
f 2857/4221 2345/3481 2343/3478 2853/4214
f 2857/4222 2856/4219 2858/4223 2859/4224
f 2857/4222 2859/4224 2347/3488 2345/3487
f 2859/4224 2858/4223 2860/4225 601/4226
f 2859/4224 601/4226 600/4227 2347/3488
f 2860/4225 2858/4223 2861/4228 2862/4229
f 2860/4230 2862/4231 2863/4232 2864/4233
f 2860/4230 2864/4233 596/792 601/791
f 2864/4234 2863/4235 2865/4236 2866/4237
f 2864/4234 2866/4237 597/785 596/784
f 2866/4237 2865/4236 2867/4238 2868/4239
f 2866/4237 2868/4239 2869/4240 597/785
f 2869/4240 2870/4241 598/786 597/785
f 2869/4240 2868/4239 2871/4242 2872/4243
f 2869/4240 2872/4243 2873/4244 2870/4241
f 2873/4244 2351/3495 2350/3494 2870/4241
f 2873/4244 2872/4243 2874/4245 2875/4246
f 2873/4244 2875/4246 2353/3499 2351/3495
f 2875/4246 2874/4245 2876/4247 2877/4248
f 2875/4246 2877/4248 2355/3502 2353/3499
f 2877/4248 2876/4247 2368/3530 2878/4249
f 2877/4250 2878/4251 2359/3510 2355/3509
f 2878/4249 2368/3530 2365/3529 2363/4252
f 2878/4251 2363/3516 2360/3511 2359/3510
f 2876/4247 2874/4245 2879/4253 2371/3534
f 2876/4247 2371/3534 2369/3531 2368/3530
f 2879/4253 2874/4245 2872/4243 2871/4242
f 2879/4253 2871/4242 2880/4254 2374/3537
f 2879/4253 2374/3537 2372/3535 2371/3534
f 2880/4254 2871/4242 2868/4239 2867/4238
f 2880/4254 2867/4238 2881/4255 2377/3540
f 2880/4254 2377/3540 2375/3538 2374/3537
f 2881/4255 2867/4238 2865/4236 2882/4256
f 2881/4255 2882/4256 2883/4257 2380/3544
f 2881/4255 2380/3544 2378/3541 2377/3540
f 2883/4257 2882/4256 2884/4258 2885/4259
f 2883/4257 2885/4259 2886/4260 2383/3549
f 2883/4257 2383/3549 2381/3545 2380/3544
f 2886/4261 2885/4262 2887/4263 2888/4264
f 2886/4261 2888/4264 2889/4265 2386/4266
f 2886/4260 2386/3554 2384/3550 2383/3549
f 2889/4267 2888/4268 2890/4269 2891/4270
f 2889/4267 2891/4270 2892/4271 2389/4272
f 2889/4265 2389/3561 2387/3560 2386/4266
f 2892/4271 2891/4270 2893/4273 2894/4274
f 2892/4271 2894/4274 2895/4275 2392/3567
f 2892/4271 2392/3567 2390/3566 2389/4272
f 2895/4275 2894/4274 2896/4276 2897/4277
f 2895/4275 2897/4277 2898/4278 2395/3572
f 2895/4275 2395/3572 2393/3568 2392/3567
f 2898/4278 2897/4277 2899/4279 2900/4280
f 2898/4278 2900/4280 2901/4281 2398/3575
f 2898/4278 2398/3575 2396/3573 2395/3572
f 2901/4282 2900/4283 2902/4284 2903/4285
f 2901/4282 2903/4285 2904/4286 2401/4287
f 2901/4281 2401/3578 2399/3576 2398/3575
f 2904/4286 2903/4285 2905/4288 2906/4289
f 2904/4286 2906/4289 2907/4290 2404/3583
f 2904/4286 2404/3583 2402/3582 2401/4287
f 2907/4290 2906/4289 2908/4291 2909/4292
f 2907/4290 2909/4292 2910/4293 2407/3587
f 2907/4290 2407/3587 2405/3584 2404/3583
f 2910/4293 2909/4292 2911/4294 2912/4295
f 2910/4293 2912/4295 2913/4296 2410/3592
f 2910/4293 2410/3592 2408/3588 2407/3587
f 2913/4296 2912/4295 2914/4297 2915/4298
f 2913/4296 2915/4298 2916/4299 2413/3595
f 2913/4296 2413/3595 2411/3593 2410/3592
f 2916/4300 2915/4301 2917/4302 2918/4303
f 2916/4300 2918/4303 2919/4304 2416/4305
f 2916/4299 2416/3598 2414/3596 2413/3595
f 2919/4304 2918/4303 2920/4306 2921/4307
f 2919/4304 2921/4307 2922/4308 2419/3603
f 2919/4304 2419/3603 2417/3602 2416/4305
f 2922/4309 2921/4310 2923/4311 2924/4312
f 2922/4309 2924/4312 2925/4313 2422/4314
f 2922/4308 2422/3607 2420/3604 2419/3603
f 2925/4315 2924/4316 2926/4317 2927/4318
f 2925/4315 2927/4318 2928/4319 2425/4320
f 2925/4313 2425/3612 2423/3611 2422/4314
f 2928/4319 2927/4318 2929/4321 2930/4322
f 2928/4319 2930/4322 2931/4323 2428/3618
f 2928/4319 2428/3618 2426/3617 2425/4320
f 2931/4323 2930/4322 2932/4324 2933/4325
f 2931/4323 2933/4325 2934/4326 2431/3622
f 2931/4323 2431/3622 2429/3619 2428/3618
f 2934/4326 2933/4325 2935/4327 2936/4328
f 2934/4326 2936/4328 2937/4329 2434/3625
f 2934/4326 2434/3625 2432/3623 2431/3622
f 2937/4329 2936/4328 2938/4330 2939/4331
f 2937/4329 2939/4331 2940/4332 2437/3628
f 2937/4329 2437/3628 2435/3626 2434/3625
f 2940/4332 2939/4331 2941/4333 2942/4334
f 2940/4332 2942/4334 2943/4335 2440/3631
f 2940/4332 2440/3631 2438/3629 2437/3628
f 2943/4335 2942/4334 2944/4336 2945/4337
f 2943/4335 2945/4337 2946/4338 2443/3634
f 2943/4335 2443/3634 2441/3632 2440/3631
f 2946/4338 2945/4337 2947/4339 2948/4340
f 2946/4338 2948/4340 2949/4341 2446/3637
f 2946/4338 2446/3637 2444/3635 2443/3634
f 2949/4341 2948/4340 2950/4342 2951/4343
f 2949/4341 2951/4343 2952/4344 2449/3640
f 2949/4341 2449/3640 2447/3638 2446/3637
f 2952/4344 2951/4343 2953/4345 2954/4346
f 2952/4344 2954/4346 2955/4347 2452/3643
f 2952/4344 2452/3643 2450/3641 2449/3640
f 2955/4348 2954/4349 2956/4350 2957/4351
f 2955/4352 2957/4353 2457/4354 2455/4355
f 2955/4347 2455/3647 2453/3644 2452/3643
f 2957/4356 2956/4357 2958/4358 2959/4359
f 2957/4356 2959/4359 2459/3664 2457/4360
f 2959/4359 2958/4358 2960/4361 2961/4362
f 2959/4359 2961/4362 2461/3665 2459/3664
f 2961/4362 2960/4361 2962/4363 2963/4364
f 2961/4362 2963/4364 2463/3671 2461/3665
f 2963/4365 2962/4366 2730/4076 2964/4367
f 2963/4364 2964/4368 2965/4369 2463/3671
f 2965/4370 2964/4367 2725/4071 2966/4371
f 2965/4370 2966/4371 2967/4372 2466/4373
f 2965/4369 2466/3675 2464/3672 2463/3671
f 2967/4372 2966/4371 2720/4065 2968/4374
f 2967/4372 2968/4374 2969/4375 2970/4376
f 2967/4372 2970/4376 2467/4377 2466/4373
f 2970/4376 2969/4375 2971/4378 2972/4379
f 2970/4376 2972/4379 2468/4380 2467/4377
f 2972/4379 2971/4378 2973/4381 2974/4382
f 2972/4379 2974/4382 2470/4383 2468/4380
f 2974/4382 2973/4381 2975/4384 2976/4385
f 2974/4382 2976/4385 2977/4386 2470/4383
f 2977/4387 2976/4388 2978/4389 2979/4390
f 2977/4387 2979/4390 2980/4391 2473/3683
f 2977/4387 2473/3683 2471/3681 2470/3680
f 2980/4391 2979/4390 2981/4392 2982/4393
f 2980/4391 2982/4393 2983/4394 2984/4395
f 2980/4391 2984/4395 2474/3684 2473/3683
f 2984/4396 2983/4397 2985/4398 2986/4399
f 2984/4396 2986/4399 2475/3687 2474/3686
f 2986/4399 2985/4398 2987/4400 2988/4401
f 2986/4399 2988/4401 2477/3690 2475/3687
f 2988/4401 2987/4400 2989/4402 2990/4403
f 2988/4401 2990/4403 2479/3696 2477/3690
f 2990/4403 2989/4402 2991/4404 2992/4405
f 2990/4403 2992/4405 2993/4406 2479/3696
f 2993/4406 2483/3700 2480/3697 2479/3696
f 2993/4407 2992/4408 2994/4409 2995/4410
f 2993/4407 2995/4410 2996/4411 2483/4412
f 2996/4411 2488/3707 2484/3706 2483/4412
f 2996/4411 2995/4410 2997/4413 2998/4414
f 2996/4411 2998/4414 2999/4415 2488/3707
f 2999/4415 2493/3713 2489/3708 2488/3707
f 2999/4416 2998/4417 3000/4418 3001/4419
f 2999/4416 3001/4419 3002/4420 2493/4421
f 3002/4420 2498/3720 2494/3719 2493/4421
f 3002/4420 3001/4419 3003/4422 3004/4423
f 3002/4420 3004/4423 2684/4008 2498/3720
f 3004/4423 3003/4422 3005/4424 2687/4425
f 3004/4423 2687/4425 2685/4009 2684/4008
f 3005/4424 3003/4422 3006/4426 3007/4427
f 3005/4424 3007/4427 3008/4428 2690/4429
f 3005/4424 2690/4429 2688/4430 2687/4425
f 3008/4428 3007/4427 3009/4431 3010/4432
f 3008/4433 3010/4434 3011/4435 3012/4436
f 3008/4433 3012/4436 2691/4021 2690/4020
f 3012/4436 3011/4435 3013/4437 2695/4438
f 3012/4439 2695/4440 2692/4441 2691/4442
f 3013/4437 3011/4435 3014/4443 3015/4444
f 3013/4445 3015/4446 3016/4447 3017/4448
f 3013/4445 3017/4448 2696/4031 2695/4449
f 3017/4448 3016/4447 3018/4450 3019/4451
f 3017/4448 3019/4451 2697/4032 2696/4031
f 3019/4451 3018/4450 3020/4452 3021/4453
f 3019/4451 3021/4453 2699/4034 2697/4032
f 3021/4453 3020/4452 3022/4454 3023/4455
f 3021/4453 3023/4455 2701/4038 2699/4034
f 3023/4456 3022/4457 3024/4458 3025/4459
f 3023/4456 3025/4459 3026/4460 2701/4461
f 3026/4460 2705/4462 2702/4463 2701/4461
f 3026/4460 3025/4459 3027/4464 3028/4465
f 3026/4460 3028/4465 3029/4466 2705/4462
f 3029/4466 2710/4052 2706/4051 2705/4462
f 3029/4467 3028/4468 3030/4469 3031/4470
f 3029/4466 3031/4471 3032/4472 2710/4052
f 3032/4472 2715/4058 2711/4053 2710/4052
f 3032/4473 3031/4470 2971/4378 2969/4375
f 3032/4473 2969/4375 2968/4374 2715/4474
f 3031/4470 3030/4469 2973/4381 2971/4378
f 3030/4469 3028/4468 3027/4475 3033/4476
f 3030/4469 3033/4476 2975/4384 2973/4381
f 3033/4476 3027/4475 3034/4477 3035/4478
f 3033/4476 3035/4478 3036/4479 2975/4384
f 3036/4479 3035/4478 3037/4480 3038/4481
f 3036/4479 3038/4481 3039/4482 2978/4483
f 3036/4479 2978/4483 2976/4385 2975/4384
f 3039/4482 3038/4481 3040/4484 3041/4485
f 3039/4486 3041/4487 3042/4488 2981/4392
f 3039/4486 2981/4392 2979/4390 2978/4389
f 3042/4488 3041/4487 3043/4489 3044/4490
f 3042/4488 3044/4490 3045/4491 3046/4492
f 3042/4488 3046/4492 2982/4393 2981/4392
f 3046/4492 3045/4491 3047/4493 3048/4494
f 3046/4492 3048/4494 2983/4394 2982/4393
f 3048/4495 3047/4496 3049/4497 3050/4498
f 3048/4495 3050/4498 2985/4398 2983/4397
f 3050/4498 3049/4497 3051/4499 3052/4500
f 3050/4498 3052/4500 2987/4400 2985/4398
f 3052/4500 3051/4499 3053/4501 3054/4502
f 3052/4500 3054/4502 2989/4402 2987/4400
f 3054/4503 3053/4504 3055/4505 3056/4506
f 3054/4503 3056/4506 2991/4507 2989/4508
f 3056/4506 3055/4505 3057/4509 3058/4510
f 3056/4506 3058/4510 3059/4511 2991/4507
f 3059/4511 2994/4409 2992/4408 2991/4507
f 3059/4511 3058/4510 3060/4512 3061/4513
f 3059/4511 3061/4513 3062/4514 2994/4409
f 3062/4514 2997/4413 2995/4410 2994/4409
f 3062/4515 3061/4516 3063/4517 3064/4518
f 3062/4515 3064/4518 3065/4519 2997/4520
f 3065/4519 3000/4418 2998/4417 2997/4520
f 3065/4519 3064/4518 3066/4521 3067/4522
f 3065/4519 3067/4522 3006/4426 3000/4418
f 3067/4522 3066/4521 3068/4523 3009/4431
f 3067/4522 3009/4431 3007/4427 3006/4426
f 3068/4523 3066/4521 3069/4524 3070/4525
f 3068/4523 3070/4525 3071/4526 3072/4527
f 3068/4523 3072/4527 3010/4432 3009/4431
f 3072/4528 3071/4529 3073/4530 3014/4443
f 3072/4528 3014/4443 3011/4435 3010/4434
f 3073/4530 3071/4529 3074/4531 3075/4532
f 3073/4530 3075/4532 3076/4533 3077/4534
f 3073/4530 3077/4534 3015/4444 3014/4443
f 3077/4534 3076/4533 3078/4535 3079/4536
f 3077/4534 3079/4536 3016/4537 3015/4444
f 3079/4538 3078/4539 3080/4540 3081/4541
f 3079/4538 3081/4541 3018/4450 3016/4447
f 3081/4541 3080/4540 3082/4542 3083/4543
f 3081/4541 3083/4543 3020/4452 3018/4450
f 3083/4544 3082/4545 3084/4546 3085/4547
f 3083/4544 3085/4547 3022/4457 3020/4548
f 3085/4547 3084/4546 3086/4549 3087/4550
f 3085/4547 3087/4550 3024/4458 3022/4457
f 3087/4550 3086/4549 3088/4551 3089/4552
f 3087/4550 3089/4552 3034/4553 3024/4458
f 3089/4554 3088/4555 3090/4556 3037/4480
f 3089/4554 3037/4480 3035/4478 3034/4477
f 3090/4556 3088/4555 3091/4557 3092/4558
f 3090/4556 3092/4558 3093/4559 3040/4484
f 3090/4556 3040/4484 3038/4481 3037/4480
f 3093/4559 3092/4558 3094/4560 586/768
f 3093/4559 586/768 585/767 3043/4561
f 3093/4559 3043/4561 3041/4485 3040/4484
f 3094/4560 3092/4558 3091/4557 3095/4562
f 3094/4560 3095/4562 3096/4563 3097/4564
f 3094/4560 3097/4564 582/769 586/768
f 3097/4565 3096/4566 3098/4567 3099/4568
f 3097/4565 3099/4568 583/764 582/763
f 3099/4569 3098/4570 3100/4571 3101/4572
f 3099/4569 3101/4572 3102/4573 583/4574
f 3102/4573 3103/4575 584/4576 583/4574
f 3102/4573 3101/4572 3104/4577 3105/4578
f 3102/4573 3105/4578 3106/4579 3103/4575
f 3106/4580 3107/4581 3108/4582 3103/4583
f 3106/4579 3105/4578 3109/4584 3110/4585
f 3106/4580 3110/4586 3111/4587 3107/4581
f 3111/4588 3049/4497 3047/4496 3107/4589
f 3111/4588 3110/4590 523/675 530/674
f 3111/4588 530/674 3051/4499 3049/4497
f 3110/4585 3109/4584 524/661 523/660
f 3109/4584 3105/4578 3104/4577 3112/4591
f 3109/4584 3112/4591 525/662 524/661
f 3112/4591 3104/4577 3113/4592 3114/4593
f 3112/4591 3114/4593 3115/4594 525/662
f 3115/4594 3114/4593 3116/4595 3117/4596
f 3115/4594 3117/4596 536/684 532/678
f 3115/4594 532/678 526/663 525/662
f 3117/4596 3116/4595 3118/4597 3119/4598
f 3117/4596 3119/4598 3120/4599 536/684
f 3120/4599 3119/4598 3121/4600 201/141
f 3120/4599 201/141 198/140 3122/4601
f 3120/4599 3122/4601 533/685 536/684
f 3122/4602 3123/4603 534/682 533/681
f 3122/4602 198/134 197/133 3123/4603
f 3123/4603 3124/4604 3125/4605 534/682
f 3123/4603 197/133 3126/4606 3124/4604
f 3126/4606 3074/4607 3127/4608 3124/4604
f 3126/4609 197/4610 196/138 3128/4611
f 3126/4609 3128/4611 3075/4532 3074/4531
f 3128/4611 196/138 200/137 3129/4612
f 3128/4611 3129/4612 3076/4533 3075/4532
f 3129/4612 200/137 3130/4613 3131/4614
f 3129/4612 3131/4614 3078/4535 3076/4533
f 3131/4615 3130/4616 3132/4617 3133/4618
f 3131/4615 3133/4618 3080/4540 3078/4539
f 3133/4618 3132/4617 3134/4619 3135/4620
f 3133/4618 3135/4620 3082/4542 3080/4540
f 3135/4620 3134/4619 3136/4621 3137/4622
f 3135/4623 3137/4624 3084/4546 3082/4545
f 3137/4624 3136/4625 3138/4626 3139/4627
f 3137/4624 3139/4627 3086/4549 3084/4546
f 3139/4627 3138/4626 3095/4628 3091/4629
f 3139/4627 3091/4629 3088/4551 3086/4549
f 3138/4626 3136/4625 3140/4630 3141/4631
f 3138/4632 3141/4633 3096/4563 3095/4562
f 3141/4634 3140/4635 569/4636 568/4637
f 3141/4634 568/4637 3098/4567 3096/4566
f 3140/4638 3136/4621 3134/4619 3142/4639
f 3140/4638 3142/4639 572/4640 569/4641
f 3142/4639 3134/4619 3132/4617 3143/4642
f 3142/4639 3143/4642 3144/4643 572/4640
f 3144/4644 3143/4645 3145/4646 3121/4600
f 3144/4644 3121/4600 3119/4598 3118/4597
f 3144/4644 3118/4597 570/746 572/748
f 3145/4647 3130/4613 200/137 199/136
f 3145/4646 199/142 201/141 3121/4600
f 3145/4648 3143/4642 3132/4617 3130/4616
f 3127/4608 3070/4525 3069/4524 3146/4649
f 3127/4608 3146/4649 3125/4605 3124/4604
f 3127/4608 3074/4607 3071/4526 3070/4525
f 3146/4649 3069/4524 3063/4517 3147/4650
f 3146/4649 3147/4650 3148/4651 3125/4605
f 3148/4651 3147/4650 3060/4652 3149/4653
f 3148/4651 3149/4653 531/686 535/683
f 3148/4651 535/683 534/682 3125/4605
f 3149/4654 3060/4512 3058/4510 3057/4509
f 3149/4654 3057/4509 529/671 531/677
f 3147/4650 3063/4517 3061/4516 3060/4652
f 3118/4597 3116/4595 571/747 570/746
f 3116/4595 3114/4593 3113/4592 571/747
f 3113/4592 3104/4577 3101/4572 3100/4571
f 3113/4592 3100/4571 567/743 571/747
f 3108/4582 3045/4491 3044/4490 587/772
f 3108/4582 587/772 584/771 3103/4583
f 3108/4582 3107/4581 3047/4493 3045/4491
f 3100/4571 3098/4570 568/744 567/743
f 3069/4524 3066/4521 3064/4518 3063/4517
f 3057/4509 3055/4505 527/667 529/671
f 3055/4505 3053/4504 528/668 527/667
f 3053/4501 3051/4499 530/674 528/673
f 3044/4490 3043/4489 585/773 587/772
f 3034/4553 3027/4464 3025/4459 3024/4458
f 3006/4426 3003/4422 3001/4419 3000/4418
f 2968/4374 2720/4065 2716/4064 2715/4474
f 2966/4371 2725/4071 2721/4066 2720/4065
f 2964/4367 2730/4076 2726/4072 2725/4071
f 2962/4366 2735/4081 2731/4077 2730/4076
f 2962/4363 2960/4361 3150/4655 2735/4656
f 3150/4655 2740/4088 2736/4087 2735/4656
f 3150/4655 2960/4361 2958/4358 3151/4657
f 3150/4655 3151/4657 3152/4658 2740/4088
f 3152/4658 2745/4094 2741/4089 2740/4088
f 3152/4658 3151/4657 3153/4659 3154/4660
f 3152/4658 3154/4660 3155/4661 2745/4094
f 3155/4661 2750/4099 2746/4095 2745/4094
f 3155/4661 3154/4660 3156/4662 3157/4663
f 3155/4661 3157/4663 3158/4664 2750/4099
f 3158/4664 2755/4104 2751/4100 2750/4099
f 3158/4665 3157/4666 3159/4667 3160/4668
f 3158/4665 3160/4668 3161/4669 2755/4670
f 3161/4669 2760/4111 2756/4110 2755/4670
f 3161/4669 3160/4668 3162/4671 3163/4672
f 3161/4669 3163/4672 3164/4673 2760/4111
f 3164/4673 2765/4117 2761/4112 2760/4111
f 3164/4673 3163/4672 3165/4674 3166/4675
f 3164/4673 3166/4675 3167/4676 2765/4117
f 3167/4676 2770/4122 2766/4118 2765/4117
f 3167/4676 3166/4675 3168/4677 3169/4678
f 3167/4676 3169/4678 3170/4679 2770/4122
f 3170/4679 2775/4127 2771/4123 2770/4122
f 3170/4679 3169/4678 3171/4680 3172/4681
f 3170/4679 3172/4681 3173/4682 2775/4127
f 3173/4682 2780/4132 2776/4128 2775/4127
f 3173/4682 3172/4681 3174/4683 3175/4684
f 3173/4682 3175/4684 3176/4685 2780/4132
f 3176/4685 2785/4137 2781/4133 2780/4132
f 3176/4685 3175/4684 3177/4686 3178/4687
f 3176/4685 3178/4687 3179/4688 2785/4137
f 3179/4688 2790/4142 2786/4138 2785/4137
f 3179/4688 3178/4687 3180/4689 3181/4690
f 3179/4688 3181/4690 3182/4691 2790/4142
f 3182/4691 2795/4147 2791/4143 2790/4142
f 3182/4691 3181/4690 3183/4692 3184/4693
f 3182/4691 3184/4693 3185/4694 2795/4147
f 3185/4694 2800/4152 2796/4148 2795/4147
f 3185/4694 3184/4693 3186/4695 3187/4696
f 3185/4694 3187/4696 3188/4697 2800/4152
f 3188/4697 2805/4157 2801/4153 2800/4152
f 3188/4698 3187/4699 3189/4700 3190/4701
f 3188/4698 3190/4701 3191/4702 2805/4703
f 3191/4702 2810/4164 2806/4163 2805/4703
f 3191/4704 3190/4705 3192/4706 3193/4707
f 3191/4704 3193/4707 3194/4708 2810/4709
f 3194/4708 2815/4172 2811/4171 2810/4709
f 3194/4710 3193/4711 3195/4712 3196/4713
f 3194/4710 3196/4713 3197/4714 2815/4715
f 3197/4714 2820/4180 2816/4179 2815/4715
f 3197/4714 3196/4713 3198/4716 3199/4717
f 3197/4714 3199/4717 3200/4718 2820/4180
f 3200/4718 2825/4186 2821/4181 2820/4180
f 3200/4718 3199/4717 3201/4719 3202/4720
f 3200/4718 3202/4720 3203/4721 2825/4186
f 3203/4721 2830/4191 2826/4187 2825/4186
f 3203/4721 3202/4720 3204/4722 3205/4723
f 3203/4721 3205/4723 3206/4724 2830/4191
f 3206/4724 2835/4196 2831/4192 2830/4191
f 3206/4724 3205/4723 3207/4725 3208/4726
f 3206/4724 3208/4726 3209/4727 2835/4196
f 3209/4727 2840/4201 2836/4197 2835/4196
f 3209/4727 3208/4726 3210/4728 3211/4729
f 3209/4727 3211/4729 3212/4730 2840/4201
f 3212/4730 2845/4206 2841/4202 2840/4201
f 3212/4731 3211/4732 3213/4733 3214/4734
f 3212/4730 3214/4735 3215/4736 2845/4206
f 3215/4736 2850/4211 2846/4207 2845/4206
f 3215/4737 3214/4734 3216/4738 3217/4739
f 3215/4737 3217/4739 3218/4740 2850/4741
f 3218/4740 2855/4218 2851/4217 2850/4741
f 3218/4740 3217/4739 3219/4742 3220/4743
f 3218/4740 3220/4743 2861/4228 2855/4218
f 3220/4743 3219/4742 2887/4744 3221/4745
f 3220/4743 3221/4745 2862/4229 2861/4228
f 3221/4746 2887/4263 2885/4262 2884/4747
f 3221/4746 2884/4747 2863/4232 2862/4231
f 3219/4742 3217/4739 3216/4738 2890/4269
f 3219/4742 2890/4269 2888/4268 2887/4744
f 3216/4738 3214/4734 3213/4733 2893/4273
f 3216/4738 2893/4273 2891/4270 2890/4269
f 3213/4733 3211/4732 3210/4748 2896/4276
f 3213/4733 2896/4276 2894/4274 2893/4273
f 3210/4728 3208/4726 3207/4725 2899/4749
f 3210/4748 2899/4279 2897/4277 2896/4276
f 3207/4725 3205/4723 3204/4722 2902/4284
f 3207/4725 2902/4284 2900/4283 2899/4749
f 3204/4722 3202/4720 3201/4719 2905/4288
f 3204/4722 2905/4288 2903/4285 2902/4284
f 3201/4719 3199/4717 3198/4716 2908/4291
f 3201/4719 2908/4291 2906/4289 2905/4288
f 3198/4716 3196/4713 3195/4712 2911/4294
f 3198/4716 2911/4294 2909/4292 2908/4291
f 3195/4750 3193/4707 3192/4706 2914/4751
f 3195/4712 2914/4297 2912/4295 2911/4294
f 3192/4706 3190/4705 3189/4752 2917/4302
f 3192/4706 2917/4302 2915/4301 2914/4751
f 3189/4700 3187/4699 3186/4753 2920/4754
f 3189/4752 2920/4306 2918/4303 2917/4302
f 3186/4695 3184/4693 3183/4692 2923/4755
f 3186/4753 2923/4311 2921/4310 2920/4754
f 3183/4692 3181/4690 3180/4689 2926/4317
f 3183/4692 2926/4317 2924/4316 2923/4755
f 3180/4689 3178/4687 3177/4686 2929/4321
f 3180/4689 2929/4321 2927/4318 2926/4317
f 3177/4686 3175/4684 3174/4683 2932/4324
f 3177/4686 2932/4324 2930/4322 2929/4321
f 3174/4683 3172/4681 3171/4680 2935/4327
f 3174/4683 2935/4327 2933/4325 2932/4324
f 3171/4680 3169/4678 3168/4677 2938/4330
f 3171/4680 2938/4330 2936/4328 2935/4327
f 3168/4677 3166/4675 3165/4674 2941/4333
f 3168/4677 2941/4333 2939/4331 2938/4330
f 3165/4674 3163/4672 3162/4671 2944/4336
f 3165/4674 2944/4336 2942/4334 2941/4333
f 3162/4671 3160/4668 3159/4667 2947/4339
f 3162/4671 2947/4339 2945/4337 2944/4336
f 3159/4667 3157/4666 3156/4756 2950/4342
f 3159/4667 2950/4342 2948/4340 2947/4339
f 3156/4662 3154/4660 3153/4659 2953/4757
f 3156/4756 2953/4345 2951/4343 2950/4342
f 3153/4659 3151/4657 2958/4358 2956/4357
f 3153/4758 2956/4350 2954/4349 2953/4759
f 2884/4258 2882/4256 2865/4236 2863/4235
f 2870/4241 2350/3494 599/3493 598/786
f 2861/4228 2858/4223 2856/4219 2855/4218
f 2854/4215 2342/3477 2337/3468 3222/4760
f 2854/4215 3222/4760 2849/4210 2848/4209
f 2854/4215 2853/4214 2343/3478 2342/3477
f 3222/4760 2337/3468 2335/3465 3223/4761
f 3222/4760 3223/4761 3224/4762 2849/4210
f 3224/4762 3223/4761 3225/4763 3226/4764
f 3224/4762 3226/4764 3227/4765 2844/4205
f 3224/4762 2844/4205 2843/4204 2849/4210
f 3227/4765 3226/4764 3228/4766 3229/4767
f 3227/4765 3229/4767 3230/4768 2839/4200
f 3227/4765 2839/4200 2838/4199 2844/4205
f 3230/4768 3229/4767 3231/4769 3232/4770
f 3230/4768 3232/4770 3233/4771 2834/4195
f 3230/4768 2834/4195 2833/4194 2839/4200
f 3233/4771 3232/4770 3234/4772 3235/4773
f 3233/4771 3235/4773 3236/4774 2829/4190
f 3233/4771 2829/4190 2828/4189 2834/4195
f 3236/4775 3235/4776 3237/4777 3238/4778
f 3236/4775 3238/4778 3239/4779 2824/4780
f 3236/4774 2824/4185 2823/4184 2829/4190
f 3239/4781 3238/4782 3240/4783 3241/4784
f 3239/4781 3241/4784 3242/4785 2819/4786
f 3239/4779 2819/4177 2818/4176 2824/4780
f 3242/4787 3241/4788 3243/4789 3244/4790
f 3242/4787 3244/4790 3245/4791 2814/4792
f 3242/4785 2814/4169 2813/4168 2819/4786
f 3245/4791 3244/4790 3246/4793 3247/4794
f 3245/4791 3247/4794 3248/4795 2809/4161
f 3245/4791 2809/4161 2808/4160 2814/4792
f 3248/4795 3247/4794 3249/4796 3250/4797
f 3248/4795 3250/4797 3251/4798 2804/4156
f 3248/4795 2804/4156 2803/4155 2809/4161
f 3251/4798 3250/4797 3252/4799 3253/4800
f 3251/4798 3253/4800 3254/4801 2799/4151
f 3251/4798 2799/4151 2798/4150 2804/4156
f 3254/4801 3253/4800 3255/4802 3256/4803
f 3254/4801 3256/4803 3257/4804 2794/4146
f 3254/4801 2794/4146 2793/4145 2799/4151
f 3257/4804 3256/4803 3258/4805 3259/4806
f 3257/4804 3259/4806 3260/4807 2789/4141
f 3257/4804 2789/4141 2788/4140 2794/4146
f 3260/4807 3259/4806 3261/4808 3262/4809
f 3260/4807 3262/4809 3263/4810 2784/4136
f 3260/4807 2784/4136 2783/4135 2789/4141
f 3263/4810 3262/4809 3264/4811 3265/4812
f 3263/4810 3265/4812 3266/4813 2779/4131
f 3263/4810 2779/4131 2778/4130 2784/4136
f 3266/4813 3265/4812 3267/4814 3268/4815
f 3266/4813 3268/4815 3269/4816 2774/4126
f 3266/4813 2774/4126 2773/4125 2779/4131
f 3269/4817 3268/4818 3270/4819 3271/4820
f 3269/4817 3271/4820 3272/4821 2769/4822
f 3269/4816 2769/4121 2768/4120 2774/4126
f 3272/4823 3271/4824 3273/4825 3274/4826
f 3272/4823 3274/4826 3275/4827 2764/4828
f 3272/4829 2764/4116 2763/4115 2769/4121
f 3275/4827 3274/4826 3276/4830 3277/4831
f 3275/4827 3277/4831 3278/4832 2759/4108
f 3275/4827 2759/4108 2758/4107 2764/4828
f 3278/4832 3277/4831 3279/4833 3280/4834
f 3278/4832 3280/4834 3281/4835 2754/4103
f 3278/4832 2754/4103 2753/4102 2759/4108
f 3281/4835 3280/4834 3282/4836 3283/4837
f 3281/4835 3283/4837 3284/4838 2749/4098
f 3281/4835 2749/4098 2748/4097 2754/4103
f 3284/4838 3283/4837 3285/4839 3286/4840
f 3284/4838 3286/4840 3287/4841 2744/4093
f 3284/4838 2744/4093 2743/4092 2749/4098
f 3287/4842 3286/4843 3288/4844 3289/4845
f 3287/4842 3289/4845 3290/4846 2739/4085
f 3287/4842 2739/4085 2738/4084 2744/4847
f 3290/4846 3289/4845 3291/4848 3292/4849
f 3290/4846 3292/4849 3293/4850 2734/4080
f 3290/4846 2734/4080 2733/4079 2739/4085
f 3293/4850 3292/4849 3294/4851 3295/4852
f 3293/4850 3295/4852 3296/4853 2729/4075
f 3293/4850 2729/4075 2728/4074 2734/4080
f 3296/4854 3295/4855 3297/4856 3298/4857
f 3296/4854 3298/4857 3299/4858 2724/4859
f 3296/4853 2724/4070 2723/4069 2729/4075
f 3299/4858 3298/4857 3300/4860 3301/4861
f 3299/4858 3301/4861 3302/4862 2719/4062
f 3299/4858 2719/4062 2718/4061 2724/4859
f 3302/4862 3301/4861 3303/4863 3304/4864
f 3302/4862 3304/4864 3305/4865 2714/4057
f 3302/4862 2714/4057 2713/4056 2719/4062
f 3305/4866 3304/4867 3306/4868 3307/4869
f 3305/4870 3307/4871 564/736 2709/4872
f 3305/4865 2709/4873 2708/4055 2714/4057
f 3307/4871 3306/4874 2197/3284 3308/4875
f 3307/4871 3308/4875 562/737 564/736
f 3308/4875 2197/3284 2193/3280 2192/3279
f 3308/4875 2192/3279 563/4876 562/737
f 3306/4874 2202/3289 2198/3285 2197/3284
f 3306/4868 3304/4867 3303/4877 2202/4878
f 3303/4877 2207/3296 2203/3295 2202/4878
f 3303/4863 3301/4861 3300/4860 2207/4879
f 3300/4860 2212/3304 2208/3303 2207/4879
f 3300/4860 3298/4857 3297/4856 2212/3304
f 3297/4856 2217/3310 2213/3305 2212/3304
f 3297/4856 3295/4855 3294/4880 2217/3310
f 3294/4880 2222/4881 2218/3311 2217/3310
f 3294/4882 3292/4883 3291/4884 2222/3317
f 3291/4884 2227/3324 2223/3318 2222/3317
f 3291/4848 3289/4845 3288/4844 2227/4885
f 3288/4844 2232/3332 2228/3331 2227/4885
f 3288/4844 3286/4843 3285/4886 2232/3332
f 3285/4886 2237/4887 2233/3333 2232/3332
f 3285/4839 3283/4837 3282/4836 2237/4888
f 3282/4836 2242/3345 2238/3344 2237/4888
f 3282/4836 3280/4834 3279/4833 2242/3345
f 3279/4833 2247/3351 2243/3346 2242/3345
f 3279/4833 3277/4831 3276/4830 2247/3351
f 3276/4830 2252/3356 2248/3352 2247/3351
f 3276/4830 3274/4826 3273/4825 2252/3356
f 3273/4825 2257/3361 2253/3357 2252/3356
f 3273/4825 3271/4824 3270/4889 2257/3361
f 3270/4889 2262/3366 2258/3362 2257/3361
f 3270/4819 3268/4818 3267/4890 2262/4891
f 3267/4890 2267/3373 2263/3372 2262/4891
f 3267/4814 3265/4812 3264/4811 2267/4892
f 3264/4811 2272/3381 2268/3380 2267/4892
f 3264/4811 3262/4809 3261/4808 2272/3381
f 3261/4808 2277/3388 2273/3382 2272/3381
f 3261/4808 3259/4806 3258/4805 2277/3388
f 3258/4805 2282/3394 2278/3389 2277/3388
f 3258/4805 3256/4803 3255/4802 2282/3394
f 3255/4802 2287/3399 2283/3395 2282/3394
f 3255/4802 3253/4800 3252/4799 2287/3399
f 3252/4799 2292/3404 2288/3400 2287/3399
f 3252/4799 3250/4797 3249/4796 2292/3404
f 3249/4796 2297/3409 2293/3405 2292/3404
f 3249/4796 3247/4794 3246/4793 2297/3409
f 3246/4793 2302/3416 2298/3410 2297/3409
f 3246/4793 3244/4790 3243/4789 2302/3416
f 3243/4789 2307/4893 2303/3417 2302/3416
f 3243/4789 3241/4788 3240/4894 2307/4893
f 3240/4783 2312/3429 2308/3428 2307/4895
f 3240/4783 3238/4782 3237/4896 2312/3429
f 3237/4896 2317/3435 2313/3430 2312/3429
f 3237/4777 3235/4776 3234/4897 2317/4898
f 3234/4897 2322/3442 2318/3441 2317/4898
f 3234/4772 3232/4770 3231/4769 2322/4899
f 3231/4769 2325/3448 2323/3447 2322/4899
f 3231/4769 3229/4767 3228/4766 2325/3448
f 3228/4766 2329/3454 2326/3449 2325/3448
f 3228/4766 3226/4764 3225/4763 2329/3454
f 3225/4763 2333/3461 2330/3455 2329/3454
f 3225/4763 3223/4761 2335/3465 2333/3461
f 2709/4872 564/736 557/735 2704/4900
f 2684/4008 2503/3726 2499/3721 2498/3720
f 2487/3704 574/751 520/652 2482/3699
f 2348/3489 2347/3488 600/4227 599/4901
f 2321/3439 2320/3438 592/4902 595/3525
f 2192/3279 2188/3275 2187/3274 563/4876
f 2187/3274 2183/3270 2182/3269 3309/4903
f 2187/3274 3309/4903 560/4904 563/4876
f 3309/4905 2182/4906 3310/4907 3311/4908
f 3309/4905 3311/4908 561/4909 560/4910
f 3311/4911 3312/4912 2148/4913 561/4914
f 3311/4911 3310/4915 3313/4916 3312/4912
f 3313/4916 3314/4917 2153/4918 3312/4912
f 3313/4916 3310/4915 2177/4919 3315/4920
f 3313/4916 3315/4920 3316/4921 3314/4917
f 3316/4921 2158/3231 2156/3228 3314/4917
f 3316/4921 3315/4920 2168/4922 2167/4923
f 3316/4921 2167/4923 2160/3233 2158/3231
f 3315/4920 2177/4919 2170/4924 2168/4922
f 3314/4917 2156/3228 2154/3227 2153/4918
f 3312/4925 2153/3222 2149/3215 2148/3214
f 3310/4926 2182/4927 2178/3264 2177/3263
f 2152/4928 1945/2913 541/695 540/694
f 2152/4928 540/694 195/4929 2147/4930
f 2152/3220 2151/3219 1947/2917 1945/2916
f 2148/3214 2145/3208 558/725 561/729
f 2074/3102 2070/3097 2068/3095 2067/3094
f 2066/3093 232/199 253/4931 252/244
f 2038/3051 2037/3050 242/224 241/223
f 1974/2966 1970/2962 546/2961 512/4932
f 1796/2724 1791/2660 1789/2656 1788/2655
f 1787/2659 1480/2170 661/876 204/152
f 1759/2602 3317/4933 1485/2177 1484/2176
f 1759/2602 1757/2600 1756/2599 3317/4933
f 3317/4933 3318/4934 1487/4935 1485/2177
f 3317/4933 1756/2599 3319/4936 3318/4934
f 3319/4937 3320/4938 3321/4939 3318/4940
f 3319/4936 1756/2599 1754/2597 1753/2596
f 3319/4937 1753/4941 3322/4942 3320/4938
f 3322/4942 3323/4943 3324/4944 3320/4938
f 3322/4942 1753/4941 1751/2592 3325/4945
f 3322/4942 3325/4945 3326/4946 3323/4943
f 3326/4946 3327/4947 3328/4948 3323/4943
f 3326/4946 3325/4945 3329/4949 3330/4950
f 3326/4946 3330/4950 3331/4951 3327/4947
f 3331/4951 3332/4952 3333/4953 3327/4947
f 3331/4951 3330/4950 3334/4954 3335/4955
f 3331/4951 3335/4955 3336/4956 3332/4952
f 3336/4956 3337/4957 3338/4958 3332/4952
f 3336/4959 3335/4960 3339/4961 3340/4962
f 3336/4959 3340/4962 3341/4963 3337/4964
f 3341/4963 3342/4965 3343/4966 3337/4964
f 3341/4963 3340/4962 3344/4967 3345/4968
f 3341/4969 3345/4970 3346/4971 3342/4972
f 3346/4973 3347/4974 3348/4975 3342/4965
f 3346/4971 3345/4970 3349/4976 3350/4977
f 3346/4971 3350/4977 3351/4978 3347/4979
f 3351/4980 3352/4981 3353/4982 3347/4974
f 3351/4983 3350/4984 3354/4985 3355/4986
f 3351/4983 3355/4986 3356/4987 3352/4988
f 3356/4987 3357/4989 1539/4990 3352/4988
f 3356/4987 3355/4986 3358/4991 3359/4992
f 3356/4987 3359/4992 1555/2262 3357/4989
f 3359/4992 3358/4991 1693/2493 1692/2492
f 3359/4992 1692/2492 1556/2263 1555/2262
f 3358/4991 3355/4986 3354/4985 3360/4993
f 3358/4991 3360/4993 1695/2499 1693/2493
f 3360/4993 3354/4985 3361/4994 3362/4995
f 3360/4993 3362/4995 3363/4996 1695/2499
f 3363/4996 3362/4995 3364/4997 3365/4998
f 3363/4996 3365/4998 3366/4999 1698/2504
f 3363/4996 1698/2504 1696/2500 1695/2499
f 3366/4999 3365/4998 3367/5000 3368/5001
f 3366/4999 3368/5001 1719/2536 3369/5002
f 3366/4999 3369/5002 1699/2505 1698/2504
f 3369/5002 1719/2536 1706/2535 1704/5003
f 3369/5002 1704/5003 1700/5004 1699/2505
f 3368/5001 3367/5000 1724/2546 1722/2544
f 3368/5001 1722/2544 1720/2537 1719/2536
f 3367/5000 3365/4998 3364/4997 3370/5005
f 3367/5000 3370/5005 1726/5006 1724/2546
f 3370/5005 3364/4997 3371/5007 3372/5008
f 3370/5005 3372/5008 1729/5009 1726/5006
f 3372/5008 3371/5007 3373/5010 3374/5011
f 3372/5012 3374/5013 1730/2554 1729/2553
f 3374/5013 3373/5014 3344/5015 3375/5016
f 3374/5013 3375/5016 1732/2556 1730/2554
f 3375/5016 3344/5015 3340/5017 3339/5018
f 3375/5016 3339/5018 3376/5019 1732/2556
f 3376/5019 3339/5018 3335/5020 3334/5021
f 3376/5019 3334/5021 3377/5022 1735/2559
f 3376/5019 1735/2559 1733/2557 1732/2556
f 3377/5023 3334/4954 3330/4950 3329/4949
f 3377/5023 3329/4949 1749/2587 1748/2586
f 3377/5022 1748/2591 1736/2560 1735/2559
f 3373/5014 3349/4976 3345/4970 3344/5015
f 3373/5010 3371/5007 3361/4994 3349/5024
f 3371/5007 3364/4997 3362/4995 3361/4994
f 3361/4994 3354/4985 3350/4984 3349/5024
f 3357/4989 1543/2247 1540/2246 1539/4990
f 3357/4989 1555/2262 1553/2259 1543/2247
f 3353/4982 1537/2239 1535/2237 3378/5025
f 3353/4982 3378/5025 3348/4975 3347/4974
f 3353/4982 3352/4981 1539/2241 1537/2239
f 3378/5025 1535/2237 1532/2233 1531/2232
f 3378/5025 1531/2232 3379/5026 3348/4975
f 3379/5027 1531/5028 1527/2226 1526/2225
f 3379/5027 1526/2225 3380/5029 3343/5030
f 3379/5026 3343/4966 3342/4965 3348/4975
f 3380/5029 1526/2225 1522/2220 1521/2219
f 3380/5029 1521/2219 3381/5031 3338/4958
f 3380/5029 3338/4958 3337/4957 3343/5030
f 3381/5031 1521/2219 1517/2218 1516/5032
f 3381/5031 1516/5032 3382/5033 3333/4953
f 3381/5031 3333/4953 3332/4952 3338/4958
f 3382/5034 1516/2212 1512/2208 1511/2207
f 3382/5034 1511/2207 3383/5035 3328/5036
f 3382/5033 3328/4948 3327/4947 3333/4953
f 3383/5035 1511/2207 1507/2203 1506/2202
f 3383/5035 1506/2202 3384/5037 3324/5038
f 3383/5039 3324/4944 3323/4943 3328/4948
f 3384/5037 1506/2202 1502/2198 1501/2197
f 3384/5037 1501/2197 1488/5040 3321/5041
f 3384/5037 3321/5041 3320/5042 3324/5038
f 3329/4949 3325/4945 1751/2592 1749/2587
f 3321/5041 1488/5040 1487/5043 3318/5044
f 1549/2254 464/571 463/570 1542/2244
f 1501/2197 1497/2193 1489/2192 1488/5040
f 1496/2346 164/2345 163/5045 1494/5046
f 1480/2170 666/2169 662/877 661/876
f 661/876 657/872 205/153 204/152
f 653/868 652/867 206/154 205/153
f 642/854 638/850 637/849 501/621
f 637/849 3385/5047 502/622 501/621
f 614/817 246/233 226/188 3386/5048
f 614/817 3386/5048 231/5049 234/5050
f 614/5051 234/5052 236/5053 237/5054
f 3386/5048 226/188 225/187 253/5055
f 3386/5056 253/5057 232/5058 231/5059
f 581/5060 522/5061 521/5062 573/5063
f 574/751 573/750 521/653 520/652
f 555/719 554/718 508/2628 507/5064
f 540/5065 539/5066 15/5067 195/5068
f 3387/5069 80/5070 621/5071 627/5072
f 3388/5073 3389/5074 3390/5075 3391/5076
f 3392/5077 3393/5078 3394/5079 3395/5080
f 3392/5077 3395/5080 3396/5081 3397/5082
f 3395/5080 3394/5079 455/560 454/559
f 3390/5075 3389/5074 3398/5083 3399/5084
f 3390/5075 3399/5084 3400/5085 3401/5086
f 3400/5085 3402/5087 3403/5088 3404/5089
f 3400/5085 3399/5084 3405/5090 3402/5087
f 3405/5090 3399/5084 3398/5083 3406/5091
f 3403/5088 424/508 3407/5092 3408/5093
f 3403/5088 3402/5087 425/509 424/508
f 3407/5092 424/508 423/507 3409/5094
f 3402/5087 3405/5090 3410/5095 425/509
f 480/593 473/584 76/583 476/2490
f 479/592 3411/5096 474/585 473/584
f 474/585 3412/5097 3413/5098 471/586
f 460/566 459/565 3414/5099 3415/5100
f 3414/5099 459/565 3416/5101 3417/5102
f 3414/5099 3417/5102 3418/5103 3419/5104
f 472/582 471/581 3413/5105 3420/5106
f 3421/5107 449/549 3422/5108 3423/5109
f 452/556 450/550 449/549 3421/5107
f 400/5110 399/5111 380/441 384/440
f 399/470 398/469 381/432 380/431
f 374/421 366/409 141/53 358/399
f 373/420 372/419 131/5112 130/5113
f 372/419 371/5114 1269/5115 131/5112
f 366/409 365/408 137/49 141/53
f 49/396 358/399 141/53 140/52
f 354/5116 351/5117 318/337 317/336
f 352/5118 317/336 335/370 334/369
f 348/388 315/333 314/332 342/378
f 345/5119 344/5120 3424/5121 3425/5122
f 343/379 342/378 314/332 313/331
f 331/364 324/1863 323/5123 325/365
f 326/351 323/350 43/5124 322/5125
f 302/318 301/317 3426/5126 3427/5127
f 3426/5126 301/317 300/316 3428/5128
f 286/299 285/298 275/283 274/282
f 284/5129 1390/5130 283/5131 279/5132
f 284/296 36/262 39/261 38/5133
f 284/5134 38/5135 297/5136 1390/5137
f 278/287 265/266 32/260 262/263
f 249/5138 245/5139 229/5140 247/5141
f 246/233 26/221 29/185 226/188
f 245/231 244/230 230/5142 229/5143
f 215/167 280/289 216/168 19/165
f 185/113 184/112 172/5144 171/5145
f 184/5146 189/5147 3429/5148 172/5149
f 3430/5150 3431/5151 3432/5152 165/5153
f 3431/5154 3433/5155 3434/5156 3432/5157
f 3434/5156 3433/5155 3435/5158 3436/5159
f 145/60 144/59 68/540 3437/5160
f 128/34 125/33 116/19 121/18
f 125/5161 124/5162 117/13 116/12
f 317/336 352/5118 353/5163 354/5116
f 15/5164 539/691 2128/3178 2127/5165
f 138/50 137/49 365/408 373/420
f 142/55 6/54 139/5166
f 355/394 140/57 143/56
f 1216/1725 1217/1728 1218/1729
f 3398/5083 3389/5074 3388/5073
f 751/1003 64/1002 425/5167
f 746/996 745/995 906/1238
f 486/600 78/596 485/599
f 488/603 79/602 483/597 487/601
f 1725/2548 1727/2551 497/611
f 477/590 77/589 1701/2511 1703/2514
f 448/5168 70/553 451/552
f 1486/2178 1485/2177 1487/4935
f 678/896 673/891 677/895
f 687/905 680/898 679/897
f 1478/2164 13/101 180/106
f 1407/2046 1405/2044 1409/2048
f 804/5169 806/1086 215/1085
f 795/1065 799/1069 802/1072
f 1156/1636 1140/1599 1139/1598 1143/1603
f 352/5118 334/369 333/368 1161/1644
f 1294/5170 1292/5171 1291/1879 1293/1884
f 3396/5081 3395/5080 454/559 458/564
f 458/564 73/563 460/566
f 615/5172 104/5173 617/5174
f 3435/5158 3433/5155 3431/5154
f 39/261 261/5175 295/5176 38/5133
f 261/5177 853/1173 856/1172 295/309
f 1179/5178 1209/1716 1213/1721 1212/1720
f 1209/1716 1211/1719 1213/1721
f 1174/1663 1172/1660 1176/1665 1179/1668
f 1172/1660 1180/1669 1176/1665
f 3409/5094 1098/1537 1097/1536 1100/1539
f 1098/1537 1095/1534 1097/1536
f 3409/5094 427/511 754/1007 1098/1537
f 3409/5094 423/507 427/511
f 432/519 749/999 748/998 3438/5179
f 748/998 751/1003 906/5180 3438/5179
f 906/5181 433/5182 65/5183 3438/5184
f 65/516 432/519 3438/5179
f 3387/5185 627/836 490/5186
f 627/836 734/973 491/975 490/5186
f 622/5187 106/5188 621/5189
f 622/5190 621/5071 80/5070
f 622/5191 80/5192 3387/5193
f 628/837 624/833 620/827 619/826
f 3385/5194 637/5195 629/838 628/837
f 503/5196 3385/5194 628/837 619/826
f 503/5196 502/5197 3385/5194
f 495/616 494/615 82/623 504/626
f 494/2574 500/2578 82/5198
f 451/5199 71/5200 472/5201 3420/5202
f 71/5200 470/5203 472/5201
f 3437/5160 68/540 452/556 3421/5107
f 68/540 444/542 453/557 452/556
f 1689/2487 1636/2379 1674/5204 158/5205
f 1674/2448 159/76 158/75
f 1638/2381 1634/2377 3440/5206 3439/5207
f 1637/2380 1633/5208 3440/5206 1634/2377
f 3439/5209 3440/5210 1633/2376 1632/2375
f 1631/2389 1638/2388 3439/5209 1632/2375
f 166/5211 10/5212 165/5213 170/5214
f 165/86 164/85 11/89 170/92
f 1492/5215 1494/5216 163/5217 167/5218
f 1490/2182 1489/2181 1491/2184
f 1490/2182 1491/2184 1492/2183
f 1490/5219 1492/5220 167/5221
f 676/894 672/890 671/889 1486/5222
f 1486/5222 671/889 1479/2167 1483/5223
f 1450/5224 1354/5225 1353/5226
f 1450/5224 1356/5227 1355/5228 1354/5225
f 12/97 175/100 1444/2102 1443/2101
f 12/97 1443/2101 1442/2100
f 12/97 1442/2100 1447/5229
f 12/97 1447/5229 173/98
f 3424/5121 344/5120 343/5230 1464/2139
f 1464/2139 343/5230 313/5231 1461/2137
f 1068/1493 790/1060 794/1064
f 1068/1493 794/1064 798/1068
f 1068/1493 798/1068 797/1067
f 349/390 48/389 351/392 353/5232
f 351/392 354/5233 353/5232
f 132/41 5/40 1275/5234 1307/5235
f 5/44 136/47 1275/5236
f 4/36 131/39 1269/5237
f 4/5238 1269/1824 1271/1823
f 4/5238 1271/1823 129/5239
f 3430/5240 165/5241 3434/5242 3436/5243
f 165/5153 3432/5152 3434/5244
f 3441/5245 3442/5246 3443/5247 3444/5248
f 3445/5249 3446/5250 3447/5251 3448/5252
f 3445/5249 3448/5252 3449/5253 3450/5254
f 3445/5249 3450/5254 3451/5255 3444/5256
f 3449/5253 3448/5252 3452/5257 3453/5258
f 3453/5258 3452/5257 3454/5259 3455/5260
f 3455/5260 3454/5259 3456/5261 3457/5262
f 3457/5262 3456/5261 3458/5263 3459/5264
f 3458/5265 3456/5266 3460/5267 3461/5268
f 3460/5267 3456/5266 3454/5269 3462/5270
f 3462/5271 3454/5259 3452/5257 3463/5272
f 3463/5272 3452/5257 3448/5252 3447/5251
f 3442/5273 3441/5274 3444/5275
f 3446/5250 3445/5249 3444/5256
f 3464/5276 3466/5277 3467/5278 3468/5279
f 3468/5279 3467/5278 3469/5280 3470/5281
f 3469/5280 3471/5282 3472/5283 3470/5281
f 3472/5283 3471/5282 3473/5284 3474/5285
f 3473/5286 3475/5287 3474/5288
f 3464/5289 3468/5290 3477/5291 3476/5292
f 3470/5293 3472/5294 3477/5295 3468/5296
f 3476/5292 3477/5291 3472/5297 3465/5298
f 3464/5299 3476/5300 3465/5301 3466/5302
f 3478/5303 3482/5304 3483/5305 3484/5306
f 3479/5307 3485/5308 3486/5309 3487/5310
f 3480/5311 3484/5306 3483/5305 3488/5312
f 3481/5313 3489/5314 3486/5309 3485/5308
f 3489/5314 3490/5315 3491/5316 3486/5309
f 3491/5316 3490/5315 3488/5312 3483/5305
f 3491/5316 3483/5305 3482/5304 3492/5317
f 3491/5316 3492/5317 3487/5310 3486/5309
