# Blender 4.5.0
# www.blender.org
mtllib tripo_convert_52cb7016-bd94-4118-a070-d7bdfb4ec321.mtl
o tripo_node_52cb7016-bd94-4118-a070-d7bdfb4ec321
v 0.392849 0.076719 -0.007038
v 0.377482 0.080028 -0.006520
v 0.395645 0.078839 -0.006965
v 0.391137 0.078576 -0.006044
v 0.494142 0.079415 -0.006184
v 0.472022 0.078024 -0.002839
v 0.475547 0.080006 0.002416
v 0.262079 0.078955 0.002066
v 0.314664 0.080266 -0.002802
v 0.327995 0.069600 -0.007695
v 0.262918 0.074031 0.000185
v 0.133912 0.076950 -0.002368
v 0.132397 0.060823 0.006250
v 0.135189 0.078085 0.002721
v 0.266066 0.002888 -0.007389
v 0.497139 0.003625 -0.006950
v 0.132095 0.003332 -0.003519
v 0.258116 0.000000 0.003132
v 0.262783 0.002904 -0.001159
v 0.262784 0.005523 -0.004017
v 0.448174 0.004400 0.004313
v 0.315624 0.002449 0.004674
v 0.339569 0.001385 0.005239
v 0.013924 0.003294 0.005371
v 0.006552 0.000978 0.002871
v 0.133097 0.007265 0.004518
v 0.290532 0.003472 0.004835
v 0.034859 0.004216 0.004067
v 0.285696 0.000862 0.004060
v 0.497636 0.005529 0.004744
v 0.310067 0.003964 0.005584
v 0.366365 0.003158 0.004272
v 0.335766 0.000318 0.002909
v 0.211788 0.002496 0.009338
v 0.203242 0.007176 0.012163
v 0.133944 0.001606 0.005338
v 0.260591 0.075678 0.016638
v 0.418600 0.073247 0.007489
v 0.497954 0.075308 0.005917
v 0.392730 0.077183 0.003385
v 0.469131 0.079465 0.003702
v 0.429765 0.080148 0.001805
v 0.390600 0.071846 0.000012
v 0.422386 0.066953 0.002671
v 0.361284 0.077595 0.006186
v 0.365425 0.074247 -0.001163
v 0.314875 0.075258 0.007195
v 0.316385 0.069776 0.004699
v 0.289272 0.077680 0.007436
v 0.342380 0.078753 -0.001359
v 0.340378 0.075892 0.003051
v 0.343772 0.069588 0.005548
v 0.317613 0.072016 -0.001071
v 0.291428 0.063820 0.001247
v 0.291572 0.067063 0.000954
v 0.292169 0.073056 0.001774
v 0.133130 0.061569 0.004907
v 0.133411 0.073000 0.001790
v 0.071071 0.076349 0.012658
v 0.008480 0.069849 0.000413
v 0.104524 0.070911 0.002911
v 0.103260 0.072012 0.007021
v 0.060610 0.077872 0.009512
v 0.066298 0.078350 0.005532
v 0.034703 0.072296 0.003031
v 0.008808 0.061661 0.002783
v 0.010690 0.077765 0.012336
v 0.032178 0.077295 0.008273
v 0.105229 0.077870 -0.001583
v 0.040413 0.079040 0.002538
v 0.045525 0.078621 0.006857
v 0.136894 0.079023 0.014006
v 0.165198 0.079340 0.005200
v 0.207243 0.076901 0.016585
v 0.112467 0.075644 0.007602
v 0.101808 0.077188 0.012908
v -0.101950 0.077597 0.013957
v -0.018669 0.077516 0.012765
v -0.078456 0.077800 0.013410
v -0.075759 0.079127 0.004911
v -0.220467 0.078800 0.003890
v -0.242722 0.078110 0.006987
v -0.160896 0.077610 0.004430
v -0.216092 0.078853 0.005481
v 0.006714 0.077699 0.012500
v -0.051844 0.080489 -0.003190
v -0.049288 0.076862 0.000830
v -0.013492 0.077793 -0.002572
v -0.054593 0.078142 0.007017
v -0.140359 0.079040 0.005375
v -0.163018 0.073622 -0.001205
v -0.194304 0.070832 0.003973
v -0.194399 0.065820 0.004778
v -0.134185 0.057222 0.004998
v -0.135863 0.067611 0.001233
v -0.162367 0.062924 0.003950
v -0.162676 0.057548 0.004094
v -0.366351 0.074786 -0.002018
v -0.337930 0.069709 0.002184
v -0.283919 0.069495 0.000878
v -0.339624 0.073057 0.001215
v -0.285655 0.066123 0.006556
v -0.246893 0.077113 -0.001965
v -0.284167 0.075058 0.001531
v -0.365082 0.079461 -0.002896
v -0.309717 0.078254 -0.004056
v -0.315859 0.080122 0.001952
v -0.364612 0.077642 0.003015
v -0.286205 0.079792 0.001422
v -0.373471 0.078663 0.006050
v -0.400346 0.077408 0.006131
v -0.341973 0.077870 0.006941
v -0.045306 0.004790 0.005720
v -0.107419 0.002172 0.005536
v -0.051929 0.001410 0.005226
v -0.055083 0.001100 0.003925
v -0.108977 0.001286 0.004287
v -0.106310 0.003021 0.004388
v -0.222223 0.002784 0.005443
v -0.103703 0.002111 0.005594
v -0.102873 0.002186 0.009712
v -0.400667 0.007156 0.004916
v -0.241173 0.000894 0.002264
v -0.048287 0.002956 0.004738
v -0.076042 0.002393 -0.000905
v -0.218640 0.007073 0.005624
v -0.217608 0.004277 0.004100
v -0.214547 0.003295 -0.007027
v -0.400169 0.003637 -0.007079
v -0.105004 0.006091 -0.004062
v -0.051011 0.004264 -0.005524
v -0.074117 0.005172 -0.006350
v -0.104428 0.004140 -0.004017
v -0.106428 0.003573 -0.006390
v -0.075510 0.001939 0.003161
v -0.241646 0.001591 0.000791
v -0.109683 0.006142 -0.008336
v -0.282264 0.005128 -0.007858
v -0.241846 0.005304 -0.008721
v -0.243936 0.005047 -0.016761
v -0.076462 0.077312 -0.003127
v -0.248128 0.067259 -0.006945
v -0.215423 0.079571 -0.004296
v -0.278100 0.078319 -0.012381
v -0.251428 0.076721 -0.013666
v -0.071856 0.079693 -0.006797
v -0.247301 0.078751 -0.005202
v -0.399839 0.078547 -0.006449
v 0.400505 0.078157 -0.007472
v 0.407287 0.073785 -0.007688
v 0.388534 0.067819 -0.007464
v 0.366114 0.067947 -0.006740
v 0.367272 0.073486 -0.007216
v 0.401120 0.080348 -0.006083
v 0.486640 0.079194 -0.006959
v 0.485860 0.080591 -0.002513
v 0.494984 0.080417 -0.002290
v 0.499589 0.075836 -0.003264
v 0.495217 0.075191 -0.007546
v 0.486961 0.074584 -0.007654
v 0.474324 0.077610 -0.006594
v 0.459123 0.078174 -0.007387
v 0.458140 0.080518 -0.001796
v 0.485645 0.080034 0.002938
v 0.456923 0.079690 0.004635
v 0.468230 0.073777 0.006768
v 0.473057 0.073380 0.001509
v 0.476481 0.075270 0.007047
v 0.485695 0.075952 0.007440
v 0.262562 0.074491 0.004211
v 0.262612 0.077420 -0.001926
v 0.262031 0.078901 -0.000843
v 0.258665 0.078085 0.000643
v 0.258527 0.079755 0.003627
v 0.321503 0.079888 0.000903
v 0.332128 0.080256 0.000974
v 0.333379 0.080555 -0.002416
v 0.318389 0.076351 -0.006298
v 0.268349 0.080408 -0.001477
v 0.268127 0.072058 -0.007608
v 0.263126 0.070601 -0.004014
v 0.262587 0.069989 -0.001387
v 0.134973 0.075042 0.001733
v 0.134732 0.069320 -0.000267
v 0.131896 0.070151 -0.006869
v 0.133228 0.065033 0.006143
v 0.133415 0.068645 0.005361
v 0.129612 0.065430 0.008116
v 0.127446 0.049816 0.009184
v 0.133096 0.049009 0.006631
v 0.141386 0.078744 0.003813
v 0.140846 0.074357 0.002851
v 0.135768 0.079413 0.009768
v 0.141761 0.079382 0.008671
v 0.133511 0.074342 0.006194
v 0.133666 0.075817 0.011326
v 0.123439 0.004808 -0.008495
v 0.125401 0.008362 -0.008609
v 0.131772 0.006631 -0.006044
v 0.126134 0.002301 -0.005769
v 0.271231 0.003564 -0.007999
v 0.271758 0.001945 -0.004615
v 0.265958 0.002492 -0.004355
v 0.264443 0.006415 -0.007918
v 0.270358 0.007469 -0.008652
v 0.498093 0.006752 -0.007815
v 0.499642 0.006086 -0.004371
v 0.497311 0.002458 -0.004242
v 0.492562 0.003327 -0.007562
v 0.492956 0.007016 -0.008628
v 0.492152 0.001763 -0.004026
v 0.125966 0.001291 -0.002443
v 0.136167 0.006037 -0.004478
v 0.135505 0.001791 -0.001015
v 0.125565 0.000175 0.001907
v 0.256561 0.001853 -0.002261
v 0.263774 0.001641 0.002756
v 0.262853 0.003912 0.002948
v 0.261191 0.002525 0.007045
v 0.254713 0.000943 0.007779
v 0.264585 0.004180 0.004355
v 0.256268 0.005816 -0.004514
v 0.266594 0.001167 -0.000976
v 0.267148 0.000691 0.003186
v 0.256916 0.012534 -0.003952
v 0.262695 0.012667 -0.003959
v 0.432849 0.001676 0.004905
v 0.434649 0.000408 0.000490
v 0.454009 0.000556 0.000008
v 0.441355 0.007220 0.005740
v 0.430832 0.006338 0.005683
v 0.331736 0.003435 0.005502
v 0.329774 0.008772 0.005771
v 0.318362 0.008797 0.004004
v 0.310426 0.008779 0.005748
v 0.314350 0.000889 -0.000335
v 0.341309 0.003660 0.003713
v 0.343064 0.008935 0.004282
v 0.338162 0.008771 0.005811
v 0.028110 0.000836 0.004068
v 0.026652 0.005675 0.005666
v 0.002751 0.002092 -0.002649
v 0.025627 0.001656 -0.001854
v 0.133041 0.013454 0.004961
v 0.129100 0.014090 0.006274
v 0.130320 0.008261 0.005531
v 0.133725 0.006946 0.009780
v 0.133278 0.013425 0.008794
v 0.138911 0.001023 0.007913
v 0.296170 0.003243 0.005369
v 0.295644 0.008593 0.005534
v 0.290310 0.007826 0.005341
v 0.283816 0.006774 0.005725
v 0.295530 0.000707 0.003247
v 0.034143 0.007620 0.004724
v 0.045891 0.000134 0.002838
v 0.046207 0.003442 0.005519
v 0.046212 0.008304 0.005760
v 0.283025 0.000867 -0.001085
v 0.294663 0.001180 -0.001150
v 0.499100 0.004592 0.002486
v 0.499509 0.010999 0.002620
v 0.497065 0.010906 0.005054
v 0.493576 0.010874 0.005743
v 0.494867 0.004525 0.005516
v 0.496054 0.000865 0.002923
v 0.373737 0.004552 0.005631
v 0.373592 0.009405 0.005785
v 0.366463 0.008967 0.004446
v 0.356004 0.008774 0.005763
v 0.355463 0.002978 0.005483
v 0.376550 0.000920 0.004239
v 0.354593 0.000157 0.001632
v 0.371129 0.000420 0.000712
v 0.333239 0.001574 -0.003442
v 0.353595 0.001539 -0.003370
v 0.260501 0.009848 0.010306
v 0.257706 0.007049 0.011779
v 0.261798 0.008395 0.006600
v 0.212276 0.015578 0.009948
v 0.202836 0.016473 0.012940
v 0.227045 0.005284 0.011937
v 0.226811 0.014897 0.012815
v 0.210199 0.000839 0.005881
v 0.227159 0.000951 0.007753
v 0.189301 0.003840 0.010199
v 0.189530 0.001181 0.006358
v 0.188719 0.008986 0.010545
v 0.123069 0.008961 0.006174
v 0.124498 0.003398 0.005588
v 0.141703 0.004434 0.011827
v 0.134999 0.015558 0.012444
v 0.138397 0.012551 0.012660
v 0.258542 0.075094 0.016630
v 0.261972 0.076594 0.010306
v 0.259208 0.079860 0.010096
v 0.251173 0.079577 0.014290
v 0.250269 0.076958 0.016642
v 0.415632 0.078871 0.005641
v 0.400636 0.078663 0.006210
v 0.401336 0.072555 0.007426
v 0.401140 0.064471 0.007073
v 0.414432 0.064098 0.006969
v 0.498754 0.068532 0.005065
v 0.499973 0.068648 0.000161
v 0.499743 0.076249 0.001556
v 0.494014 0.080004 0.002609
v 0.493455 0.076277 0.007183
v 0.493980 0.068450 0.007066
v 0.389756 0.078537 0.000534
v 0.379552 0.080462 -0.001129
v 0.375935 0.076546 0.007422
v 0.456871 0.073545 0.007465
v 0.427805 0.077336 0.006841
v 0.443338 0.078381 0.004360
v 0.440798 0.080268 0.000304
v 0.430555 0.070287 0.007301
v 0.389712 0.064432 0.003950
v 0.376186 0.065559 0.007112
v 0.422120 0.062382 0.004064
v 0.431093 0.064127 0.007014
v 0.350921 0.078144 0.006867
v 0.358587 0.071350 0.007382
v 0.365165 0.078124 -0.001293
v 0.358316 0.080466 -0.001408
v 0.365656 0.078202 -0.001088
v 0.364500 0.076691 -0.002949
v 0.365164 0.073938 -0.002424
v 0.365399 0.064267 0.000820
v 0.365363 0.078706 -0.006144
v 0.365235 0.079147 -0.006007
v 0.303780 0.074786 0.007457
v 0.303481 0.069439 0.007298
v 0.316049 0.076927 0.003278
v 0.304442 0.079384 0.005333
v 0.319036 0.069578 0.003593
v 0.318895 0.073918 0.001545
v 0.312514 0.060455 0.006721
v 0.318781 0.060557 0.004670
v 0.288079 0.069274 0.007337
v 0.290869 0.071716 0.001234
v 0.291263 0.078381 -0.001222
v 0.279020 0.080566 -0.002352
v 0.279304 0.078905 0.006032
v 0.279454 0.071241 0.007386
v 0.336542 0.068068 0.007282
v 0.336206 0.060523 0.006902
v 0.344573 0.060995 0.006279
v 0.317951 0.076847 -0.002277
v 0.317956 0.075242 -0.003711
v 0.357603 0.063006 0.007000
v 0.287002 0.059164 0.006843
v 0.292506 0.058778 0.005149
v 0.292769 0.067942 0.004631
v 0.292350 0.077091 0.000871
v 0.290447 0.075201 -0.003512
v 0.291349 0.073875 -0.002101
v 0.152006 0.079214 0.007234
v 0.153445 0.079677 0.011992
v 0.168249 0.079696 0.010421
v 0.133565 0.078260 0.002484
v 0.130188 0.078327 0.002879
v 0.130260 0.074131 0.006598
v 0.133330 0.070918 0.008161
v 0.066522 0.067641 0.007919
v 0.072239 0.067254 0.010817
v 0.084578 0.068053 0.011447
v 0.084114 0.077864 0.012671
v 0.085463 0.078891 0.005047
v 0.006647 0.066754 0.008813
v 0.000329 0.055541 0.006864
v 0.103361 0.078345 0.006056
v 0.110728 0.069619 0.008529
v 0.111268 0.078812 0.002541
v 0.111152 0.079593 -0.002143
v 0.101997 0.066757 0.011294
v 0.102280 0.051573 0.009362
v 0.109845 0.051396 0.009369
v 0.057156 0.067788 0.010464
v 0.043379 0.072779 0.011246
v 0.086105 0.079596 -0.000485
v 0.064905 0.079319 -0.000351
v 0.033742 0.066290 0.006929
v 0.041721 0.066135 0.009376
v 0.018229 0.055601 0.006803
v 0.022247 0.066645 0.009642
v 0.012662 0.067058 0.009174
v 0.013365 0.072756 0.010907
v 0.022901 0.072614 0.011352
v 0.021605 0.078118 0.010942
v 0.009790 0.077819 0.006048
v 0.009559 0.073879 0.004846
v 0.019096 0.078858 0.005289
v 0.034775 0.077237 0.002441
v 0.111073 0.076239 -0.005637
v 0.103283 0.075822 -0.002743
v 0.086898 0.076490 -0.002679
v 0.065361 0.076300 -0.002676
v 0.039671 0.076589 -0.002667
v 0.136262 0.076349 0.015603
v 0.143160 0.077202 0.016522
v 0.142223 0.079726 0.013470
v 0.187848 0.079400 0.004862
v 0.187940 0.076858 0.003096
v 0.164995 0.077277 0.002536
v 0.150895 0.077794 0.003516
v 0.212290 0.077251 0.014051
v 0.210099 0.079332 0.012591
v 0.188362 0.078859 0.013131
v 0.187466 0.075521 0.013923
v 0.212008 0.074008 0.013940
v 0.119950 0.068097 0.008631
v 0.121271 0.075158 0.007847
v 0.122088 0.078723 0.003084
v -0.100927 0.075025 0.013159
v -0.094229 0.074804 0.013730
v -0.094488 0.078250 0.013270
v -0.101255 0.079452 0.009467
v -0.103840 0.076271 0.008993
v -0.094683 0.079822 0.009671
v -0.020020 0.066124 0.008137
v -0.009702 0.066768 0.009674
v -0.008533 0.077761 0.012768
v -0.008708 0.079065 0.003702
v -0.019962 0.078620 0.004231
v -0.022887 0.068190 0.005950
v -0.078895 0.074218 0.013729
v -0.075907 0.074466 0.010147
v -0.077223 0.078513 0.010375
v -0.085741 0.078192 0.013274
v -0.085889 0.074527 0.013719
v -0.085611 0.079790 0.009992
v -0.076390 0.078993 0.006507
v -0.075515 0.074936 0.005062
v -0.073299 0.074882 0.006919
v -0.085529 0.079899 0.002782
v -0.085515 0.079891 0.006102
v -0.068382 0.074964 0.007463
v -0.069363 0.078926 0.005897
v -0.070418 0.080154 0.001710
v -0.076035 0.079518 0.000377
v -0.224219 0.079412 0.005070
v -0.224566 0.074733 0.007390
v -0.218786 0.074371 0.002882
v -0.217725 0.078215 -0.000993
v -0.222362 0.080199 0.000281
v -0.242661 0.074076 0.007407
v -0.233764 0.074544 0.007490
v -0.234041 0.078924 0.006039
v -0.234183 0.080246 0.001037
v -0.245249 0.078481 0.002308
v -0.245878 0.073744 0.003329
v -0.159108 0.070328 0.006801
v -0.149522 0.072783 0.007440
v -0.153436 0.079247 0.005463
v -0.204998 0.078052 0.006990
v -0.207660 0.080271 0.000872
v -0.214644 0.070425 0.006662
v -0.203229 0.070425 0.007345
v 0.008869 0.078071 0.000756
v -0.048689 0.078521 -0.001588
v -0.047924 0.072922 -0.002821
v -0.050358 0.073217 -0.004115
v -0.051483 0.073459 -0.006801
v -0.056359 0.078973 -0.007266
v -0.054043 0.080235 0.000376
v -0.049566 0.078817 -0.000998
v -0.021073 0.078520 -0.001480
v -0.033313 0.078306 -0.001589
v -0.032984 0.079683 0.003336
v -0.008877 0.071939 -0.002859
v -0.031237 0.072230 -0.002826
v -0.029621 0.056896 0.006729
v -0.022588 0.054777 0.005354
v -0.011673 0.054448 0.006714
v -0.053498 0.075055 0.007548
v -0.051090 0.077006 0.002331
v -0.054070 0.079571 0.003320
v -0.061812 0.078354 0.006533
v -0.061177 0.074815 0.007478
v -0.136908 0.074500 0.003941
v -0.141103 0.080176 0.001076
v -0.152898 0.080208 0.001390
v -0.166151 0.075586 0.006059
v -0.171473 0.068750 0.007253
v -0.164500 0.066761 0.004186
v -0.200638 0.058443 0.006799
v -0.206856 0.036592 0.006304
v -0.197238 0.035505 0.006266
v -0.190164 0.058184 0.005939
v -0.180540 0.075057 0.007532
v -0.179297 0.079923 0.003363
v -0.121822 0.052437 0.006618
v -0.120089 0.068396 0.007256
v -0.131917 0.068814 0.006767
v -0.147543 0.066332 0.007159
v -0.134566 0.070443 0.001671
v -0.135346 0.073606 -0.002473
v -0.157181 0.064451 0.006963
v -0.167897 0.056458 0.006593
v -0.153712 0.055047 0.006676
v -0.357291 0.080111 0.002392
v -0.368130 0.078143 0.001415
v -0.367868 0.072556 0.003450
v -0.365019 0.073176 0.004242
v -0.338639 0.055516 0.003830
v -0.330054 0.055650 0.006678
v -0.329657 0.070345 0.007321
v -0.310094 0.072972 -0.002750
v -0.309817 0.067558 -0.000548
v -0.300307 0.067616 0.007187
v -0.302360 0.074584 0.007317
v -0.338852 0.078252 -0.001780
v -0.344976 0.070044 0.007333
v -0.248558 0.073985 0.003703
v -0.233407 0.080622 -0.003297
v -0.233421 0.079035 -0.007239
v -0.293236 0.080021 0.003026
v -0.290415 0.073899 0.007380
v -0.363879 0.076036 -0.007405
v -0.383157 0.076936 -0.007379
v -0.383201 0.080406 -0.003695
v -0.382720 0.080242 0.001087
v -0.315466 0.075781 0.007162
v -0.303142 0.080024 0.002748
v -0.294076 0.080575 -0.003590
v -0.328263 0.080582 -0.003329
v -0.327686 0.080176 0.001881
v -0.326135 0.076939 0.007388
v -0.355871 0.075584 0.007447
v -0.338378 0.078370 -0.001413
v -0.374307 0.072701 0.007422
v -0.384094 0.078207 0.006372
v -0.385292 0.072705 0.007405
v -0.401696 0.072771 0.006284
v -0.395211 0.072724 0.007376
v -0.394721 0.077837 0.006406
v -0.394490 0.080114 0.001921
v -0.401564 0.079034 0.002043
v -0.403510 0.073158 0.001306
v -0.357439 0.067560 0.007197
v -0.044140 0.010407 0.005835
v -0.047955 0.009925 0.005423
v -0.040940 0.001287 0.004628
v -0.039605 0.005150 0.005649
v -0.106299 0.006624 0.005347
v -0.109893 0.007494 0.005764
v -0.113881 0.000857 0.004179
v -0.112820 0.000529 0.000027
v -0.106297 0.000924 0.001293
v -0.104263 0.005386 0.003101
v -0.049822 0.003579 0.002678
v -0.049781 0.009602 0.002830
v -0.052980 0.009131 0.005775
v -0.057529 0.008782 0.005769
v -0.050833 0.001403 0.001649
v -0.056235 0.001247 -0.002337
v -0.051321 0.002203 -0.002056
v -0.078371 0.011146 0.011324
v -0.083033 0.008451 0.011880
v -0.080344 0.001480 0.008843
v -0.075650 0.008024 0.007224
v -0.115225 0.003671 0.005508
v -0.232776 0.005822 0.005685
v -0.234387 0.000363 0.003181
v -0.220182 0.000475 0.002482
v -0.215052 0.003713 0.004508
v -0.216207 0.008802 0.002914
v -0.102563 0.001141 0.000706
v -0.091919 0.000286 0.004939
v -0.092123 0.001961 0.010230
v -0.091792 0.000846 0.000044
v -0.100486 0.010790 0.011522
v -0.104185 0.011573 0.007536
v -0.092431 0.009241 0.011939
v -0.402595 0.005749 0.002563
v -0.398906 0.001091 0.003260
v -0.396959 0.005912 0.005587
v -0.394114 0.014470 0.005867
v -0.399020 0.014422 0.005617
v -0.402539 0.014566 0.003473
v -0.234823 0.000827 -0.000840
v -0.239801 0.006417 0.005477
v -0.242026 0.006500 0.002900
v -0.047739 0.001122 0.000847
v -0.072206 0.001521 -0.001715
v -0.071708 0.001232 0.003972
v -0.078646 0.005280 -0.004451
v -0.213140 0.009280 0.005682
v -0.224153 0.002770 -0.006674
v -0.226356 0.007128 -0.008646
v -0.215083 0.007752 -0.008447
v -0.211197 0.001202 -0.002043
v -0.222264 0.001190 -0.002079
v -0.400161 0.002111 -0.004126
v -0.403233 0.007059 -0.004354
v -0.400984 0.007716 -0.008133
v -0.394579 0.008459 -0.008601
v -0.393988 0.003794 -0.007649
v -0.393311 0.001742 -0.004012
v -0.105470 0.013295 -0.005033
v -0.101107 0.013340 -0.004325
v -0.101417 0.006360 -0.004339
v -0.110524 0.013338 -0.008203
v -0.101612 0.002557 -0.003055
v -0.106313 0.002120 -0.003036
v -0.056877 0.003229 -0.007365
v -0.047528 0.004951 -0.004387
v -0.047501 0.002373 -0.002229
v -0.051691 0.009373 -0.006596
v -0.048102 0.009597 -0.004310
v -0.057467 0.009020 -0.008544
v -0.080398 0.009152 -0.004484
v -0.075034 0.009798 -0.005837
v -0.074385 0.011102 -0.008405
v -0.111922 0.001797 -0.004174
v -0.075233 0.008047 0.003359
v -0.071374 0.008003 0.005783
v -0.091593 0.002690 -0.003942
v -0.247120 0.000453 0.003136
v -0.247547 0.000762 -0.002720
v -0.242513 0.002729 -0.003678
v -0.247314 0.006373 0.005620
v -0.235394 0.002213 -0.005488
v -0.064976 0.003543 -0.008030
v -0.064996 0.001181 -0.002161
v -0.071389 0.009810 -0.008637
v -0.064791 0.009030 -0.008620
v -0.283724 0.003218 -0.006320
v -0.291997 0.002698 -0.006876
v -0.291359 0.006541 -0.008654
v -0.281132 0.004763 -0.010871
v -0.280624 0.002768 -0.007241
v -0.282459 0.011379 -0.007681
v -0.280853 0.010686 -0.012773
v -0.290979 0.012278 -0.008566
v -0.248234 0.001646 -0.007875
v -0.248654 0.002558 -0.012879
v -0.243566 0.005607 -0.012754
v -0.243654 0.012019 -0.012223
v -0.241879 0.011836 -0.007966
v -0.235776 0.006079 -0.008646
v -0.236603 0.012583 -0.008541
v -0.249172 0.005385 -0.016459
v -0.250086 0.011625 -0.016819
v -0.244974 0.012061 -0.016492
v -0.281740 0.076086 -0.009932
v -0.282028 0.070048 -0.010509
v -0.284971 0.070123 -0.007278
v -0.292950 0.070837 -0.007697
v -0.293753 0.077605 -0.007536
v -0.283202 0.078770 -0.004261
v -0.283925 0.078294 -0.001422
v -0.278727 0.079985 0.001882
v -0.278646 0.080559 -0.003204
v -0.308010 0.076252 -0.006899
v -0.327965 0.076582 -0.007641
v -0.071598 0.080506 -0.002208
v -0.084909 0.076496 -0.002672
v -0.085277 0.079817 -0.001147
v -0.072664 0.076745 -0.007706
v -0.072969 0.071465 -0.007649
v -0.077149 0.071261 -0.002901
v -0.246377 0.059457 -0.007791
v -0.248118 0.059782 -0.012343
v -0.249525 0.069446 -0.011859
v -0.248703 0.074981 -0.008351
v -0.244446 0.074412 -0.007476
v -0.242515 0.068218 -0.007588
v -0.241057 0.059866 -0.007654
v -0.250496 0.076254 -0.011460
v -0.278844 0.075311 -0.014033
v -0.278595 0.079742 -0.008809
v -0.271077 0.080497 -0.007237
v -0.271403 0.078969 -0.011971
v -0.271602 0.075558 -0.014093
v -0.255357 0.076833 -0.014014
v -0.254291 0.079238 -0.011208
v -0.251534 0.070565 -0.014883
v -0.255683 0.070612 -0.014891
v -0.063596 0.080599 -0.004857
v -0.064943 0.077608 -0.007582
v -0.062939 0.080426 -0.000750
v -0.055502 0.070761 -0.007719
v -0.059226 0.072772 -0.007701
v -0.251950 0.079860 -0.008032
v -0.393984 0.078123 -0.006954
v -0.393637 0.072482 -0.007680
v -0.400213 0.073234 -0.007382
v -0.403594 0.073547 -0.003669
v -0.401512 0.079748 -0.002712
v -0.394320 0.080469 -0.002863
v -0.399488 0.065154 -0.007596
v -0.403984 0.065422 -0.004921
v -0.403902 0.065350 0.000271
v -0.403556 0.049214 -0.006985
v -0.404288 0.049412 -0.001841
v -0.403676 0.049752 0.003719
v -0.402323 0.065308 0.005657
v -0.398779 0.050305 0.006476
v -0.396362 0.065464 0.007074
v -0.392055 0.051129 0.006588
v -0.387862 0.065664 0.007127
v -0.384273 0.052027 0.006615
v -0.377848 0.065699 0.007126
v -0.376168 0.052783 0.006610
v -0.370538 0.065470 0.007095
v -0.369613 0.053099 0.005947
v -0.365061 0.066426 0.005190
v -0.366718 0.054270 0.003919
v -0.372232 0.029834 0.006101
v -0.365917 0.030398 0.003221
v -0.347599 0.055895 0.006720
v -0.353147 0.030693 0.006194
v -0.340549 0.031150 0.006130
v -0.365633 0.015893 0.002918
v -0.356991 0.016369 0.005907
v -0.343061 0.017201 0.005857
v -0.324708 0.017719 0.005948
v -0.327114 0.031339 0.006201
v -0.357920 0.008726 0.005744
v -0.344251 0.009916 0.005733
v -0.324761 0.010576 0.005810
v -0.309348 0.010476 0.003324
v -0.310325 0.017605 0.004415
v -0.344211 0.003808 0.005568
v -0.324960 0.004604 0.005588
v -0.308456 0.004364 0.003504
v -0.294445 0.003503 0.005488
v -0.295999 0.009340 0.005786
v -0.325079 0.000111 0.002881
v -0.307817 0.001204 0.002315
v -0.293493 0.000203 0.002141
v -0.285550 0.000655 0.001162
v -0.286046 0.002604 0.004999
v -0.307118 0.002062 -0.002233
v -0.292798 0.001288 -0.002532
v -0.284798 0.001787 -0.002806
v -0.280715 0.001970 -0.003249
v -0.281321 0.001487 0.000633
v -0.277004 0.000215 0.000422
v -0.277516 0.001872 0.004923
v -0.282177 0.002786 0.002739
v -0.276591 0.001026 -0.004167
v -0.268592 0.001155 -0.005404
v -0.268669 0.000221 0.000064
v -0.276575 0.001879 -0.009033
v -0.268804 0.002154 -0.010945
v -0.256679 0.002417 -0.012350
v -0.256454 0.001393 -0.006757
v -0.277065 0.003359 -0.014542
v -0.269071 0.004509 -0.015994
v -0.257068 0.005191 -0.016460
v -0.269067 0.010780 -0.016250
v -0.257805 0.011442 -0.016578
v -0.269144 0.021189 -0.016219
v -0.259143 0.021298 -0.016565
v -0.252101 0.021954 -0.016774
v -0.246961 0.022366 -0.016963
v -0.261032 0.040697 -0.016402
v -0.254248 0.041005 -0.016727
v -0.248838 0.041216 -0.016913
v -0.246305 0.041153 -0.013074
v -0.244588 0.022500 -0.012549
v -0.255612 0.060052 -0.016106
v -0.250762 0.060130 -0.016224
v -0.262486 0.059963 -0.015793
v -0.262461 0.070495 -0.014903
v -0.270722 0.059845 -0.015307
v -0.271579 0.070307 -0.014728
v -0.261972 0.076047 -0.014096
v -0.261221 0.079476 -0.011159
v -0.260390 0.080631 -0.006436
v -0.270829 0.080539 -0.001876
v -0.259458 0.080537 -0.001877
v -0.270550 0.079920 0.003617
v -0.258407 0.079993 0.003007
v -0.269839 0.076012 0.007484
v -0.257943 0.075634 0.007439
v -0.269526 0.069295 0.007295
v -0.258052 0.068737 0.007266
v -0.248774 0.068237 0.005581
v -0.245760 0.067943 0.004378
v -0.258792 0.057614 0.006774
v -0.250219 0.056991 0.006391
v -0.245303 0.057193 0.005047
v -0.240222 0.057492 0.006764
v -0.241330 0.068223 0.007275
v -0.250088 0.033925 0.006122
v -0.244266 0.034003 0.003345
v -0.239631 0.034400 0.006338
v -0.232713 0.035123 0.006284
v -0.232422 0.057762 0.006786
v -0.242893 0.015960 0.003006
v -0.239128 0.016179 0.005942
v -0.232854 0.016391 0.005930
v -0.225032 0.016099 0.005930
v -0.224888 0.035684 0.006290
v -0.218719 0.035982 0.005776
v -0.217367 0.058382 0.003229
v -0.224222 0.058043 0.006786
v -0.219883 0.017010 0.006021
v -0.216326 0.017662 0.003129
v -0.216713 0.036161 0.003476
v -0.211898 0.058533 0.006689
v -0.210953 0.018299 0.005891
v -0.202426 0.018954 0.005969
v -0.205090 0.010108 0.005802
v -0.190247 0.011600 0.004180
v -0.188537 0.020352 0.005638
v -0.207218 0.003986 0.005605
v -0.191730 0.005030 0.003464
v -0.172871 0.005835 0.005674
v -0.172130 0.011845 0.005827
v -0.209155 0.000033 0.002485
v -0.192511 0.001228 0.003052
v -0.173677 0.000603 0.003768
v -0.157382 0.000674 0.003639
v -0.157652 0.005652 0.005540
v -0.193587 0.001739 -0.001414
v -0.174416 0.000957 -0.001416
v -0.157116 0.001046 -0.001505
v -0.139661 0.001133 -0.001571
v -0.140120 0.000539 0.003402
v -0.175028 0.002632 -0.006720
v -0.156904 0.002638 -0.006565
v -0.138938 0.002702 -0.006444
v -0.123303 0.002325 -0.005921
v -0.124474 0.000862 -0.001101
v -0.156677 0.007385 -0.008639
v -0.138053 0.007361 -0.008475
v -0.121701 0.006923 -0.008611
v -0.136886 0.013606 -0.008167
v -0.119960 0.013340 -0.008384
v -0.135571 0.022223 -0.007605
v -0.118627 0.022848 -0.008003
v -0.110963 0.023282 -0.007883
v -0.105772 0.023422 -0.005510
v -0.118365 0.042334 -0.007400
v -0.110807 0.042507 -0.007182
v -0.105923 0.042750 -0.005724
v -0.101221 0.042767 -0.003815
v -0.101210 0.023663 -0.004166
v -0.112155 0.060600 -0.006974
v -0.106375 0.060843 -0.005696
v -0.101364 0.061099 -0.003318
v -0.093582 0.061416 -0.003295
v -0.092992 0.042841 -0.003834
v -0.106340 0.069423 -0.005974
v -0.101467 0.069620 -0.002968
v -0.093917 0.070254 -0.002929
v -0.084416 0.070969 -0.002899
v -0.083603 0.061795 -0.003280
v -0.101633 0.074502 -0.002757
v -0.094289 0.075236 -0.002725
v -0.101638 0.077858 -0.002607
v -0.094365 0.078742 -0.002571
v -0.101104 0.079678 0.000831
v -0.094585 0.079890 0.001350
v -0.100947 0.079694 0.004567
v -0.094700 0.079892 0.005496
v -0.104380 0.078798 0.000562
v -0.104475 0.077808 0.002861
v -0.106268 0.078649 -0.004138
v -0.106034 0.074880 -0.005950
v -0.113591 0.074754 -0.007486
v -0.114413 0.079396 -0.006999
v -0.116389 0.080634 -0.003148
v -0.106657 0.079815 -0.001667
v -0.128405 0.078439 -0.007375
v -0.133146 0.079745 -0.005330
v -0.135915 0.075750 -0.003253
v -0.117794 0.080110 0.002236
v -0.106585 0.079715 0.001445
v -0.134404 0.074666 0.001146
v -0.118694 0.075998 0.007427
v -0.104610 0.073638 0.000018
v -0.104357 0.065603 0.001501
v -0.104180 0.064440 0.007948
v -0.104228 0.072049 0.008228
v -0.100391 0.070965 0.013151
v -0.099790 0.063417 0.012838
v -0.093192 0.062479 0.013167
v -0.093738 0.070304 0.013521
v -0.103892 0.046977 0.009141
v -0.099290 0.045690 0.012464
v -0.092796 0.044554 0.012634
v -0.086019 0.043360 0.012622
v -0.086192 0.061429 0.013131
v -0.099419 0.023342 0.012066
v -0.092705 0.022488 0.012212
v -0.085451 0.021461 0.012182
v -0.079498 0.021012 0.011859
v -0.079971 0.042156 0.012641
v -0.075631 0.041275 0.008764
v -0.075704 0.060425 0.009249
v -0.079835 0.060585 0.013084
v -0.075729 0.020350 0.007827
v -0.075227 0.019950 0.003573
v -0.075369 0.040581 0.003795
v -0.071635 0.039462 0.006337
v -0.071937 0.059924 0.006808
v -0.075391 0.060135 0.004351
v -0.071307 0.019568 0.005871
v -0.065498 0.018776 0.005967
v -0.066007 0.039165 0.006359
v -0.064903 0.008015 0.005749
v -0.059015 0.018663 0.005976
v -0.064699 0.001025 0.004351
v -0.053649 0.018835 0.006018
v -0.053771 0.038607 0.006432
v -0.059648 0.038906 0.006355
v -0.053565 0.059428 0.006782
v -0.059726 0.059489 0.006849
v -0.066307 0.059792 0.006857
v -0.060294 0.069663 0.007313
v -0.067323 0.069533 0.007287
v -0.072249 0.069476 0.006930
v -0.075526 0.069587 0.004788
v -0.075775 0.069130 0.010038
v -0.079444 0.069261 0.013449
v -0.086193 0.069724 0.013504
v -0.052021 0.070325 0.006611
v -0.049903 0.059288 0.003014
v -0.042006 0.071233 0.007387
v -0.049838 0.038200 0.003329
v -0.043789 0.036806 0.006332
v -0.038274 0.058313 0.006805
v -0.049732 0.019129 0.003036
v -0.046310 0.019240 0.006040
v -0.041131 0.019417 0.005996
v -0.036555 0.035531 0.006289
v -0.027282 0.034555 0.006177
v -0.033302 0.019566 0.005986
v -0.023678 0.019841 0.005398
v -0.017671 0.033662 0.005844
v -0.037546 0.011267 0.005830
v -0.027100 0.012626 0.005788
v -0.015319 0.013159 0.005797
v -0.013241 0.020041 0.005941
v -0.029234 0.006831 0.005698
v -0.016033 0.007542 0.005574
v 0.001433 0.006857 0.005726
v 0.000719 0.012546 0.005856
v -0.030599 0.001891 0.005097
v -0.016871 0.002751 0.004813
v -0.001874 0.003060 0.005469
v -0.031493 0.000412 0.001179
v -0.016797 0.000529 0.001345
v -0.032315 0.002106 -0.002858
v -0.018286 0.002724 -0.002575
v -0.033516 0.005679 -0.004592
v -0.019501 0.006161 -0.004250
v 0.000874 0.005954 -0.004581
v 0.024333 0.005457 -0.004597
v -0.020995 0.011010 -0.003810
v -0.000084 0.011065 -0.004478
v 0.023452 0.010694 -0.004500
v 0.045427 0.010464 -0.004506
v 0.045687 0.005190 -0.004603
v -0.000900 0.016489 -0.004373
v 0.022645 0.016190 -0.004388
v 0.045091 0.016064 -0.004390
v 0.066715 0.016064 -0.004034
v 0.066313 0.010569 -0.004230
v 0.021727 0.024888 -0.004208
v 0.044736 0.024697 -0.004209
v 0.067121 0.024657 -0.003821
v 0.090052 0.024813 -0.004209
v 0.088419 0.016007 -0.004393
v 0.044037 0.046230 -0.003762
v 0.067356 0.045350 -0.003588
v 0.090508 0.044592 -0.003796
v 0.101998 0.044033 -0.003700
v 0.101125 0.024724 -0.004107
v 0.067047 0.063507 -0.003210
v 0.089163 0.063234 -0.003221
v 0.102668 0.062590 -0.003296
v 0.111795 0.061945 -0.006544
v 0.110123 0.043378 -0.006726
v 0.087696 0.070944 -0.002901
v 0.102771 0.070778 -0.002936
v 0.111497 0.070707 -0.006141
v 0.122751 0.070857 -0.007693
v 0.121918 0.061354 -0.007693
v 0.122156 0.076940 -0.007465
v 0.122147 0.079745 -0.002094
v 0.131264 0.079133 -0.000461
v 0.129617 0.060800 -0.007181
v 0.127452 0.042465 -0.007886
v 0.119633 0.042877 -0.007933
v 0.125887 0.023349 -0.008302
v 0.117208 0.023851 -0.008320
v 0.108024 0.024446 -0.006979
v 0.116031 0.014517 -0.008516
v 0.107236 0.015298 -0.006470
v 0.100448 0.015804 -0.004329
v 0.106799 0.009990 -0.005971
v 0.099617 0.010428 -0.004441
v 0.086936 0.010587 -0.004504
v 0.098827 0.005839 -0.004523
v 0.085738 0.005649 -0.004593
v 0.065942 0.005498 -0.004367
v 0.084805 0.001889 -0.002369
v 0.065542 0.002072 -0.001864
v 0.045882 0.001675 -0.001902
v 0.065304 0.000472 0.002415
v 0.084126 0.000245 0.001878
v 0.083650 0.002861 0.005488
v 0.064934 0.003590 0.005360
v 0.083333 0.007918 0.006093
v 0.064532 0.008668 0.005772
v 0.083072 0.013162 0.006506
v 0.064102 0.014084 0.006168
v 0.046224 0.013605 0.005868
v 0.063786 0.021850 0.006701
v 0.046445 0.020829 0.006008
v 0.034369 0.020216 0.004572
v 0.034104 0.013178 0.004825
v 0.026699 0.019723 0.005992
v 0.026555 0.012323 0.005850
v 0.013268 0.019565 0.005664
v 0.012093 0.010777 0.005430
v 0.027051 0.033509 0.006256
v 0.015476 0.033844 0.006178
v 0.006658 0.035244 0.006205
v 0.001810 0.019909 0.005989
v -0.006154 0.033560 0.006252
v 0.029129 0.054003 0.006696
v 0.039267 0.053893 0.006497
v 0.036492 0.033645 0.004287
v 0.048232 0.033317 0.006327
v 0.053284 0.053236 0.008170
v 0.065057 0.051948 0.008698
v 0.063942 0.033759 0.007657
v 0.080162 0.031632 0.007895
v 0.075498 0.051159 0.009285
v 0.082461 0.019900 0.007014
v 0.097062 0.018169 0.006833
v 0.094854 0.029276 0.007705
v 0.097986 0.011908 0.006362
v 0.106361 0.011216 0.004134
v 0.104634 0.017342 0.004476
v 0.098267 0.006837 0.005977
v 0.106654 0.006184 0.004070
v 0.114096 0.004763 0.005806
v 0.113148 0.010172 0.006235
v 0.098299 0.001785 0.005100
v 0.106576 0.002157 0.003374
v 0.114813 0.000656 0.003793
v 0.106455 0.001724 0.000699
v 0.115216 0.000830 -0.000937
v 0.106452 0.003291 -0.003188
v 0.115183 0.002067 -0.005071
v 0.106485 0.005685 -0.005140
v 0.115066 0.004928 -0.008534
v 0.115516 0.009273 -0.008619
v 0.125471 0.013749 -0.008508
v 0.131973 0.013133 -0.005890
v 0.132056 0.022842 -0.005663
v 0.137543 0.022133 -0.003351
v 0.137170 0.012669 -0.004003
v 0.132861 0.041695 -0.004268
v 0.138425 0.040834 -0.001673
v 0.146347 0.040107 -0.001690
v 0.145921 0.021421 -0.003247
v 0.134188 0.059907 -0.002157
v 0.139788 0.059279 0.000333
v 0.147559 0.059188 0.000329
v 0.164455 0.059262 0.000859
v 0.164139 0.039240 -0.001100
v 0.140517 0.068571 0.001880
v 0.148644 0.068114 0.001804
v 0.165456 0.067368 0.001348
v 0.187651 0.067531 0.002193
v 0.187369 0.059451 0.001010
v 0.149688 0.073517 0.002712
v 0.165228 0.072983 0.001831
v 0.187622 0.072725 0.001547
v 0.209710 0.072569 0.000853
v 0.209384 0.067429 0.000415
v 0.209812 0.076990 0.001509
v 0.228618 0.076920 0.000598
v 0.229281 0.072763 0.000287
v 0.210256 0.079539 0.004144
v 0.228233 0.079826 0.003881
v 0.242972 0.079828 0.004049
v 0.243625 0.077528 0.001110
v 0.209896 0.079549 0.008177
v 0.227847 0.079896 0.007924
v 0.242263 0.079809 0.008324
v 0.252042 0.079898 0.009184
v 0.252511 0.079808 0.004272
v 0.227530 0.079862 0.011933
v 0.241031 0.079483 0.012336
v 0.226586 0.078786 0.015509
v 0.239384 0.077687 0.014616
v 0.226219 0.074557 0.016752
v 0.237816 0.074499 0.013877
v 0.249132 0.073291 0.016718
v 0.257577 0.072196 0.016677
v 0.237819 0.069127 0.013647
v 0.248212 0.068484 0.016509
v 0.256466 0.067858 0.016501
v 0.261431 0.068017 0.012542
v 0.261743 0.072769 0.011287
v 0.247231 0.058365 0.016029
v 0.255327 0.057910 0.016014
v 0.261002 0.057811 0.013726
v 0.262308 0.058283 0.007678
v 0.262531 0.068945 0.005849
v 0.254464 0.034631 0.014333
v 0.259798 0.034829 0.014169
v 0.262114 0.035120 0.007063
v 0.262591 0.036822 0.000794
v 0.262590 0.058730 -0.000685
v 0.259918 0.017107 0.011628
v 0.261854 0.017948 0.007026
v 0.262580 0.018644 0.002056
v 0.264640 0.018883 0.005624
v 0.264312 0.037258 0.005612
v 0.262651 0.009045 0.002768
v 0.264987 0.009657 0.004913
v 0.268791 0.010390 0.005701
v 0.269461 0.019655 0.006004
v 0.267832 0.004342 0.005461
v 0.273484 0.005174 0.005649
v 0.274278 0.011430 0.005827
v 0.272829 0.000624 0.003853
v 0.272238 0.000765 -0.000716
v 0.281486 0.002068 -0.005081
v 0.294203 0.002530 -0.005178
v 0.280330 0.004305 -0.008417
v 0.293404 0.004887 -0.008172
v 0.311201 0.004564 -0.008470
v 0.311859 0.002084 -0.004928
v 0.278819 0.008670 -0.008640
v 0.292356 0.009387 -0.008171
v 0.310671 0.009251 -0.008614
v 0.331369 0.008560 -0.008638
v 0.331978 0.003730 -0.008150
v 0.290694 0.014477 -0.007980
v 0.310215 0.014433 -0.008508
v 0.330928 0.014002 -0.008538
v 0.351046 0.013767 -0.008542
v 0.351810 0.008342 -0.008641
v 0.309792 0.022124 -0.008360
v 0.330463 0.021565 -0.008382
v 0.350348 0.021137 -0.008386
v 0.368780 0.020898 -0.008296
v 0.369312 0.013788 -0.008498
v 0.329461 0.041192 -0.007974
v 0.349505 0.040421 -0.007974
v 0.368169 0.039654 -0.007814
v 0.387048 0.038852 -0.007916
v 0.387212 0.020750 -0.008248
v 0.347885 0.060591 -0.007675
v 0.367280 0.059908 -0.007199
v 0.387617 0.059658 -0.007516
v 0.405629 0.058984 -0.007716
v 0.405233 0.038174 -0.008041
v 0.406839 0.067791 -0.007707
v 0.423171 0.037682 -0.007560
v 0.422700 0.020187 -0.007749
v 0.405169 0.020508 -0.008409
v 0.423331 0.058805 -0.007129
v 0.441564 0.058854 -0.007638
v 0.441745 0.037111 -0.008038
v 0.423152 0.067907 -0.006911
v 0.441248 0.067829 -0.007644
v 0.461558 0.067644 -0.007705
v 0.462652 0.058440 -0.007715
v 0.422137 0.072781 -0.006232
v 0.440883 0.073663 -0.007662
v 0.460333 0.073317 -0.007686
v 0.475803 0.073670 -0.007561
v 0.477264 0.067715 -0.007598
v 0.440560 0.078511 -0.007477
v 0.446621 0.077828 -0.002214
v 0.446384 0.079096 -0.003036
v 0.422468 0.078777 -0.000733
v 0.447785 0.076573 0.002023
v 0.442478 0.071495 0.006719
v 0.448001 0.072192 0.004526
v 0.441954 0.064185 0.006413
v 0.448282 0.064642 0.005873
v 0.457866 0.065741 0.007128
v 0.451119 0.049743 0.006336
v 0.461700 0.050733 0.006584
v 0.470664 0.052382 0.005854
v 0.468153 0.066230 0.006775
v 0.478011 0.053250 0.006546
v 0.473447 0.067184 0.004258
v 0.484473 0.053809 0.006649
v 0.479546 0.067712 0.007166
v 0.490647 0.054149 0.006638
v 0.487197 0.068209 0.007242
v 0.496161 0.054461 0.006257
v 0.493912 0.034929 0.006141
v 0.498170 0.035398 0.004700
v 0.499908 0.035818 0.000844
v 0.499682 0.054829 0.003039
v 0.499873 0.036164 -0.003781
v 0.499984 0.055247 -0.001968
v 0.497631 0.036391 -0.007431
v 0.498702 0.055794 -0.006716
v 0.499501 0.068753 -0.004893
v 0.493474 0.056471 -0.007690
v 0.494355 0.068551 -0.007577
v 0.487115 0.057324 -0.007721
v 0.487124 0.068227 -0.007701
v 0.478562 0.057990 -0.007670
v 0.486994 0.036441 -0.008075
v 0.479122 0.036340 -0.008040
v 0.462753 0.036495 -0.008074
v 0.478419 0.019832 -0.008398
v 0.461391 0.019686 -0.008426
v 0.440882 0.019794 -0.008373
v 0.460018 0.013204 -0.008560
v 0.439991 0.013409 -0.008529
v 0.421964 0.013611 -0.007850
v 0.438842 0.008328 -0.008645
v 0.421399 0.008396 -0.008028
v 0.404831 0.008572 -0.008641
v 0.404953 0.013746 -0.008549
v 0.387617 0.008581 -0.008529
v 0.387443 0.013856 -0.008413
v 0.369888 0.008429 -0.008628
v 0.387816 0.003933 -0.007872
v 0.370538 0.003655 -0.008022
v 0.352676 0.003398 -0.007925
v 0.371154 0.001784 -0.003920
v 0.387923 0.002167 -0.004043
v 0.388145 0.000999 0.000250
v 0.404652 0.000518 0.000119
v 0.404584 0.001024 0.004402
v 0.388407 0.001543 0.003802
v 0.404695 0.001779 -0.004177
v 0.420317 0.002624 -0.004017
v 0.420028 0.001184 0.000403
v 0.404703 0.003975 -0.008280
v 0.420915 0.004163 -0.007685
v 0.437660 0.003819 -0.008204
v 0.436222 0.001801 -0.004236
v 0.456620 0.001644 -0.003713
v 0.457732 0.003555 -0.008066
v 0.475240 0.003748 -0.007373
v 0.474382 0.002092 -0.003505
v 0.458817 0.008091 -0.008641
v 0.476232 0.007829 -0.008586
v 0.486686 0.007322 -0.008637
v 0.486189 0.003352 -0.007618
v 0.477333 0.012932 -0.008533
v 0.487016 0.012180 -0.008577
v 0.492948 0.011822 -0.008549
v 0.486967 0.019874 -0.008421
v 0.492613 0.019877 -0.008391
v 0.497280 0.019792 -0.007973
v 0.497641 0.011690 -0.008009
v 0.492715 0.036486 -0.008039
v 0.499886 0.011434 -0.004693
v 0.499813 0.019754 -0.004714
v 0.499954 0.019689 -0.000551
v 0.499971 0.011190 -0.000899
v 0.499785 0.005285 -0.000892
v 0.499105 0.019561 0.003233
v 0.496048 0.019438 0.005554
v 0.491839 0.019351 0.005924
v 0.489026 0.034350 0.006252
v 0.483885 0.033681 0.006245
v 0.487392 0.019379 0.005977
v 0.480668 0.019658 0.005956
v 0.482877 0.012148 0.005835
v 0.489422 0.011164 0.005809
v 0.476919 0.033051 0.006026
v 0.466830 0.031682 0.006238
v 0.470298 0.020678 0.005776
v 0.455144 0.019839 0.005957
v 0.455047 0.012757 0.005830
v 0.470863 0.013186 0.004824
v 0.454389 0.031024 0.006158
v 0.444701 0.029761 0.005653
v 0.444616 0.018859 0.005589
v 0.443174 0.048938 0.006055
v 0.431923 0.047919 0.006507
v 0.432838 0.028487 0.006143
v 0.422640 0.047677 0.004794
v 0.424118 0.027467 0.004960
v 0.426305 0.017057 0.005605
v 0.436236 0.017856 0.005956
v 0.428705 0.011305 0.005758
v 0.438795 0.011701 0.005840
v 0.444617 0.012222 0.005636
v 0.445021 0.008363 0.004968
v 0.453168 0.007945 0.005697
v 0.418144 0.016405 0.005620
v 0.419353 0.010889 0.005177
v 0.419639 0.005985 0.004955
v 0.404401 0.010455 0.005807
v 0.404445 0.005688 0.005656
v 0.419844 0.001799 0.004026
v 0.389003 0.010162 0.005164
v 0.388721 0.005379 0.005070
v 0.404197 0.015700 0.005911
v 0.389225 0.015420 0.004989
v 0.374560 0.014873 0.005897
v 0.389545 0.024566 0.004834
v 0.376188 0.024696 0.006086
v 0.365360 0.024558 0.003092
v 0.366020 0.014631 0.004254
v 0.357593 0.024014 0.006090
v 0.356478 0.014493 0.005876
v 0.345845 0.023616 0.005693
v 0.344128 0.014666 0.005059
v 0.336875 0.023207 0.006082
v 0.337569 0.014589 0.005913
v 0.327039 0.023030 0.006029
v 0.328802 0.014323 0.005877
v 0.318079 0.022756 0.003071
v 0.318672 0.014247 0.004331
v 0.309469 0.022334 0.006016
v 0.309450 0.014232 0.005862
v 0.297061 0.022683 0.005932
v 0.296051 0.014411 0.005683
v 0.290313 0.023223 0.005675
v 0.290400 0.014619 0.005496
v 0.283470 0.022171 0.006043
v 0.283293 0.013466 0.005876
v 0.275658 0.020691 0.006010
v 0.284799 0.038732 0.006366
v 0.277270 0.037946 0.006335
v 0.269959 0.037615 0.006332
v 0.278817 0.059907 0.006867
v 0.270222 0.059444 0.006852
v 0.263209 0.058984 0.004591
v 0.270388 0.071802 0.007347
v 0.290492 0.038975 0.005484
v 0.298885 0.039167 0.006317
v 0.302000 0.060703 0.006890
v 0.310104 0.039772 0.006337
v 0.318318 0.040611 0.003513
v 0.325673 0.041571 0.006361
v 0.326246 0.060672 0.006867
v 0.325616 0.069578 0.007238
v 0.335781 0.042296 0.006408
v 0.346519 0.042972 0.006175
v 0.358186 0.043673 0.006446
v 0.365705 0.044658 0.003601
v 0.376338 0.045686 0.006479
v 0.389699 0.046602 0.005181
v 0.401488 0.047065 0.006505
v 0.402841 0.025038 0.006086
v 0.415872 0.026352 0.006036
v 0.413837 0.047340 0.006458
v 0.325073 0.075887 0.007409
v 0.471244 0.007461 0.004156
v 0.483993 0.006368 0.005683
v 0.471461 0.003391 0.003539
v 0.484760 0.001288 0.004317
v 0.491209 0.000817 0.003594
v 0.490507 0.005338 0.005630
v 0.485135 0.000524 0.000310
v 0.491727 0.000666 -0.000359
v 0.496743 0.001273 -0.000825
v 0.485627 0.001670 -0.003805
v 0.473488 0.001605 0.000585
v 0.420468 0.076444 -0.005711
v 0.422198 0.072828 -0.006278
v 0.421903 0.078770 -0.005759
v 0.412491 0.080148 0.001874
v 0.399993 0.080173 0.001660
v 0.345834 0.069126 -0.007583
v 0.326407 0.061702 -0.007692
v 0.343840 0.073957 -0.007355
v 0.325809 0.078018 -0.007513
v 0.342448 0.078251 -0.006104
v 0.365616 0.073899 -0.006190
v 0.309275 0.041843 -0.007955
v 0.308720 0.061675 -0.007697
v 0.288905 0.022452 -0.008156
v 0.287201 0.042131 -0.007872
v 0.287758 0.061274 -0.007569
v 0.274048 0.042111 -0.007962
v 0.275127 0.061177 -0.007711
v 0.276704 0.072708 -0.007696
v 0.290770 0.072019 -0.006700
v 0.307918 0.071375 -0.007698
v 0.294580 0.077249 -0.007502
v 0.309364 0.076834 -0.007629
v 0.291530 0.078463 -0.001914
v 0.291758 0.078254 -0.001534
v 0.306606 0.080345 0.000057
v 0.289476 0.076628 -0.005031
v 0.268336 0.060880 -0.007727
v 0.268163 0.042044 -0.007983
v 0.263901 0.041874 -0.006537
v 0.263722 0.060552 -0.005638
v 0.261533 0.041760 -0.002100
v 0.260449 0.060143 -0.001183
v 0.259890 0.069690 -0.000424
v 0.254830 0.059953 -0.000303
v 0.254043 0.069158 0.000090
v 0.253386 0.074361 0.000341
v 0.259088 0.075160 0.000129
v 0.252914 0.078011 0.000897
v 0.244440 0.073468 0.000459
v 0.245512 0.068399 0.000166
v 0.230103 0.067759 0.000082
v 0.247115 0.059713 -0.000277
v 0.231012 0.059547 -0.000258
v 0.209445 0.059473 -0.000062
v 0.231897 0.038926 -0.001756
v 0.209521 0.038423 -0.001596
v 0.187467 0.038593 -0.000908
v 0.209702 0.020621 -0.003077
v 0.187658 0.020690 -0.002634
v 0.164817 0.020759 -0.002596
v 0.188015 0.013055 -0.003215
v 0.165578 0.012839 -0.003490
v 0.146858 0.012416 -0.003996
v 0.166417 0.006916 -0.004163
v 0.148394 0.006187 -0.004493
v 0.167034 0.002516 -0.002579
v 0.149848 0.001780 -0.002158
v 0.167702 0.000428 0.002264
v 0.150855 0.000065 0.003082
v 0.168192 0.001071 0.007607
v 0.151935 0.000976 0.008077
v 0.168825 0.004824 0.011551
v 0.153871 0.004672 0.012041
v 0.169859 0.010878 0.012427
v 0.156537 0.011373 0.012496
v 0.144825 0.011494 0.012564
v 0.159958 0.021218 0.012786
v 0.149397 0.022469 0.013407
v 0.141664 0.023451 0.013490
v 0.151500 0.043000 0.014977
v 0.143247 0.044218 0.015057
v 0.137135 0.045392 0.014564
v 0.136292 0.024238 0.013568
v 0.133679 0.046859 0.011408
v 0.133270 0.025098 0.010027
v 0.133181 0.025842 0.004869
v 0.128282 0.026327 0.007319
v 0.118653 0.050828 0.009344
v 0.119434 0.026671 0.007526
v 0.121316 0.015182 0.006657
v 0.110660 0.027848 0.007416
v 0.111983 0.016305 0.006642
v 0.103702 0.028836 0.006121
v 0.088968 0.051106 0.009388
v 0.136101 0.060430 0.015195
v 0.133388 0.060873 0.011313
v 0.134468 0.067710 0.014261
v 0.133222 0.067081 0.009925
v 0.133536 0.072245 0.012745
v 0.137520 0.072753 0.016288
v 0.139624 0.067951 0.016352
v 0.147949 0.068033 0.016505
v 0.145744 0.073136 0.016711
v 0.142054 0.060146 0.016102
v 0.150165 0.059934 0.016127
v 0.161359 0.059770 0.015006
v 0.160369 0.068122 0.015913
v 0.161988 0.041590 0.013433
v 0.175076 0.039453 0.014712
v 0.175584 0.059568 0.016115
v 0.171273 0.019814 0.013221
v 0.187757 0.018466 0.011783
v 0.187382 0.037558 0.011678
v 0.201169 0.036293 0.014466
v 0.201498 0.058823 0.016078
v 0.187449 0.059665 0.013187
v 0.203378 0.069259 0.016574
v 0.187451 0.069679 0.013677
v 0.173948 0.068876 0.016537
v 0.171998 0.074703 0.016758
v 0.158243 0.073608 0.016543
v 0.170757 0.078943 0.015050
v 0.155719 0.078192 0.015982
v 0.188097 0.079305 0.009136
v 0.211975 0.069019 0.013726
v 0.211954 0.058327 0.013253
v 0.226250 0.058713 0.016072
v 0.226167 0.069248 0.016554
v 0.212060 0.035232 0.011558
v 0.226743 0.034501 0.014321
v 0.237884 0.034573 0.011316
v 0.237825 0.058923 0.013122
v 0.238084 0.015945 0.009940
v 0.248122 0.015882 0.012880
v 0.246985 0.034437 0.014290
v 0.240162 0.006329 0.010976
v 0.250912 0.006294 0.012046
v 0.255294 0.016506 0.012875
v 0.242004 0.001151 0.007855
v 0.227907 0.000098 0.002143
v 0.243060 0.000164 0.002745
v 0.228571 0.002098 -0.002810
v 0.244082 0.001966 -0.002406
v 0.229369 0.006989 -0.004433
v 0.245537 0.006508 -0.004462
v 0.230397 0.012884 -0.003930
v 0.247326 0.012603 -0.003966
v 0.231440 0.020747 -0.003258
v 0.248905 0.021701 -0.003214
v 0.256980 0.022269 -0.003130
v 0.262267 0.022700 -0.003213
v 0.249262 0.040270 -0.001670
v 0.256127 0.041101 -0.001629
v 0.264137 0.022925 -0.007227
v 0.264228 0.012933 -0.007717
v 0.269548 0.013313 -0.008557
v 0.268712 0.022808 -0.008366
v 0.275155 0.022650 -0.008366
v 0.277138 0.013954 -0.008546
v 0.209690 0.013109 -0.003701
v 0.209739 0.007448 -0.004126
v 0.188287 0.007191 -0.003850
v 0.209780 0.002991 -0.002891
v 0.188557 0.003231 -0.002930
v 0.209888 0.000958 0.001138
v 0.188891 0.001202 0.001411
v 0.098141 0.002143 -0.002858
v 0.097949 0.000462 0.001141
v 0.066273 0.071059 -0.002895
v 0.043318 0.064115 -0.003184
v 0.042425 0.071613 -0.002873
v 0.019116 0.064980 -0.003149
v 0.017451 0.072157 -0.002851
v 0.013557 0.076381 -0.002677
v 0.035723 0.078349 -0.000273
v -0.005889 0.064998 -0.003148
v 0.020509 0.046993 -0.003746
v -0.003626 0.047255 -0.003739
v -0.028258 0.046924 -0.003738
v -0.030376 0.063847 -0.003195
v -0.041305 0.046320 -0.003760
v -0.042257 0.063499 -0.003210
v -0.043295 0.072545 -0.002817
v -0.047249 0.063307 -0.003234
v -0.045229 0.078536 -0.001575
v -0.046799 0.045806 -0.003786
v -0.050619 0.045417 -0.005330
v -0.050490 0.063302 -0.004817
v -0.053651 0.045133 -0.007755
v -0.052749 0.063266 -0.007722
v -0.058407 0.044981 -0.007891
v -0.056767 0.063141 -0.007711
v -0.063682 0.044845 -0.007904
v -0.061690 0.062923 -0.007709
v -0.069357 0.044617 -0.007918
v -0.067867 0.062679 -0.007704
v -0.066294 0.072022 -0.007699
v -0.073551 0.062351 -0.007694
v -0.074618 0.044243 -0.007104
v -0.077304 0.043805 -0.003655
v -0.077374 0.062017 -0.003300
v -0.083157 0.043254 -0.003817
v -0.076919 0.025746 -0.003796
v -0.082404 0.025021 -0.004191
v -0.092388 0.024106 -0.004224
v -0.081443 0.014823 -0.004398
v -0.091609 0.013778 -0.004438
v -0.091230 0.007648 -0.004561
v -0.075326 0.015264 -0.004514
v -0.074588 0.015372 -0.007876
v -0.074705 0.026237 -0.007256
v -0.070031 0.026468 -0.008299
v -0.070443 0.015451 -0.008522
v -0.064620 0.015603 -0.008511
v -0.064547 0.026501 -0.008285
v -0.058878 0.026520 -0.008253
v -0.058119 0.015722 -0.008470
v -0.052672 0.015854 -0.007542
v -0.053803 0.026516 -0.007674
v -0.050541 0.026514 -0.004799
v -0.049108 0.015847 -0.004023
v -0.044501 0.015836 -0.004379
v -0.043225 0.009851 -0.004510
v -0.046047 0.026312 -0.004147
v -0.039769 0.025907 -0.004185
v -0.037480 0.016072 -0.004391
v -0.022858 0.016601 -0.004114
v -0.035276 0.010422 -0.004507
v -0.025001 0.025597 -0.004117
v -0.001824 0.025216 -0.004199
v -0.042338 0.005237 -0.004595
v -0.041576 0.002016 -0.002665
v -0.041298 0.000491 0.000927
v -0.029714 0.070037 0.007329
v -0.104087 0.024030 0.008996
v -0.104337 0.048287 0.003869
v -0.104238 0.024510 0.003383
v -0.104206 0.012031 0.003335
v -0.108571 0.024775 0.006063
v -0.107257 0.012585 0.005887
v -0.116964 0.026056 0.006110
v -0.112462 0.013116 0.005871
v -0.127557 0.032753 0.006191
v -0.120316 0.014903 0.005897
v -0.116892 0.008200 0.005756
v -0.131634 0.015987 0.005374
v -0.128517 0.009516 0.005620
v -0.126731 0.004334 0.005586
v -0.141507 0.010608 0.005765
v -0.140574 0.005010 0.005590
v -0.125496 0.000480 0.003640
v -0.158051 0.011561 0.005788
v -0.144672 0.017076 0.005926
v -0.158301 0.018345 0.005748
v -0.170179 0.019239 0.005952
v -0.160456 0.033424 0.005120
v -0.169749 0.033809 0.006210
v -0.183183 0.034773 0.006244
v -0.177665 0.055946 0.006719
v -0.183406 0.068432 0.007234
v -0.149390 0.031244 0.006204
v -0.137395 0.030238 0.005240
v -0.142611 0.054333 0.006664
v -0.109680 0.049681 0.006568
v -0.109558 0.066853 0.007140
v -0.106598 0.075723 0.005165
v -0.159069 0.080419 -0.004067
v -0.135099 0.076159 -0.006428
v -0.157988 0.077516 -0.007547
v -0.178554 0.077897 -0.007568
v -0.177880 0.080659 -0.004796
v -0.162918 0.078209 -0.002085
v -0.157144 0.073113 -0.007646
v -0.179223 0.073338 -0.007692
v -0.196690 0.073002 -0.007634
v -0.195270 0.077131 -0.007219
v -0.192659 0.078801 -0.004581
v -0.216662 0.073198 -0.006543
v -0.216105 0.076703 -0.006511
v -0.233562 0.074690 -0.007680
v -0.218084 0.068345 -0.006777
v -0.233747 0.068950 -0.007705
v -0.219121 0.060387 -0.007419
v -0.233776 0.060252 -0.007711
v -0.219810 0.041675 -0.007748
v -0.232372 0.041463 -0.007970
v -0.239018 0.041187 -0.007925
v -0.230231 0.022210 -0.008373
v -0.237538 0.022327 -0.008336
v -0.242832 0.022596 -0.007891
v -0.244401 0.040857 -0.007809
v -0.228291 0.013064 -0.008560
v -0.215722 0.013274 -0.008174
v -0.217664 0.021925 -0.007799
v -0.197111 0.021685 -0.008347
v -0.196392 0.013549 -0.008451
v -0.197528 0.041639 -0.007917
v -0.177499 0.041653 -0.007969
v -0.176542 0.021588 -0.008387
v -0.197632 0.060430 -0.007657
v -0.178865 0.060619 -0.007710
v -0.156824 0.060659 -0.007667
v -0.156438 0.041810 -0.007954
v -0.197205 0.068134 -0.007632
v -0.179443 0.068283 -0.007705
v -0.157014 0.068280 -0.007638
v -0.136124 0.068163 -0.006883
v -0.135204 0.060554 -0.007048
v -0.135440 0.072614 -0.006595
v -0.125859 0.073666 -0.007527
v -0.123498 0.068643 -0.007402
v -0.112968 0.069245 -0.007273
v -0.120616 0.060497 -0.007245
v -0.134436 0.042062 -0.007345
v -0.156346 0.021622 -0.008365
v -0.156504 0.013522 -0.008534
v -0.175976 0.013550 -0.008552
v -0.175497 0.007480 -0.008654
v -0.195433 0.007596 -0.008538
v -0.194412 0.003135 -0.006680
v -0.217628 0.069197 -0.001114
v -0.224438 0.068962 0.007237
v -0.233187 0.068613 0.007266
v -0.248319 0.015591 0.005762
v -0.258206 0.033072 0.006241
v -0.256769 0.015303 0.005905
v -0.256394 0.006844 0.005710
v -0.269041 0.015294 0.005905
v -0.268985 0.007391 0.005739
v -0.268869 0.001606 0.005026
v -0.256317 0.001040 0.004370
v -0.256315 0.000445 -0.001242
v -0.277374 0.007759 0.005639
v -0.277208 0.015634 0.005819
v -0.282267 0.016058 0.003012
v -0.282150 0.008087 0.002837
v -0.289177 0.016413 0.005858
v -0.287138 0.008461 0.005631
v -0.299087 0.016916 0.005923
v -0.293248 0.032706 0.006221
v -0.304760 0.032282 0.005985
v -0.314093 0.031917 0.006002
v -0.309896 0.055627 0.003696
v -0.318289 0.055487 0.006656
v -0.318055 0.069007 0.007276
v -0.297534 0.055824 0.006709
v -0.282870 0.037801 0.003425
v -0.283365 0.057117 0.003586
v -0.277282 0.033454 0.006144
v -0.277252 0.057214 0.006666
v -0.283225 0.057023 0.003812
v -0.277673 0.069463 0.007161
v -0.278771 0.076594 0.007162
v -0.282919 0.075037 0.000572
v -0.269364 0.057483 0.006770
v -0.269177 0.032931 0.006239
v -0.277604 0.060032 -0.014877
v -0.278494 0.070197 -0.014390
v -0.281892 0.060208 -0.011457
v -0.276692 0.041296 -0.015427
v -0.281383 0.041710 -0.012809
v -0.282940 0.042173 -0.006983
v -0.284916 0.060497 -0.007332
v -0.291300 0.042826 -0.007934
v -0.291986 0.061268 -0.007695
v -0.304702 0.043908 -0.007878
v -0.305707 0.062244 -0.007585
v -0.306691 0.070524 -0.007466
v -0.325042 0.062995 -0.007707
v -0.325519 0.070546 -0.007704
v -0.343966 0.063235 -0.007636
v -0.343636 0.070721 -0.007645
v -0.342411 0.076155 -0.007597
v -0.364375 0.070685 -0.007254
v -0.338360 0.078932 -0.004022
v -0.365581 0.063385 -0.006717
v -0.383298 0.064075 -0.007708
v -0.383119 0.071410 -0.007693
v -0.393050 0.064688 -0.007701
v -0.382748 0.049044 -0.007823
v -0.391824 0.049013 -0.007820
v -0.398222 0.049045 -0.007767
v -0.389799 0.027063 -0.008273
v -0.396323 0.027762 -0.008234
v -0.401920 0.028364 -0.007896
v -0.395122 0.015092 -0.008501
v -0.400978 0.014793 -0.008095
v -0.403496 0.014690 -0.004700
v -0.403889 0.028807 -0.004028
v -0.403549 0.014674 -0.000412
v -0.403744 0.029090 0.001169
v -0.401319 0.029228 0.005302
v -0.395831 0.029368 0.006127
v -0.389796 0.029314 0.006170
v -0.386183 0.014645 0.005894
v -0.381971 0.029332 0.006172
v -0.374641 0.015504 0.005891
v -0.389565 0.006980 0.005710
v -0.376902 0.007559 0.005722
v -0.365619 0.008341 0.002901
v -0.379527 0.002061 0.004856
v -0.365352 0.003017 0.002657
v -0.358886 0.003010 0.005289
v -0.369218 0.000898 0.000110
v -0.359820 0.000354 0.000791
v -0.344083 0.000162 0.001901
v -0.360646 0.001790 -0.004069
v -0.344124 0.001555 -0.003285
v -0.325041 0.001289 -0.002548
v -0.344224 0.003554 -0.007975
v -0.325057 0.003083 -0.007617
v -0.306945 0.003421 -0.006940
v -0.324992 0.008213 -0.008650
v -0.306394 0.007624 -0.008555
v -0.324863 0.014128 -0.008541
v -0.305763 0.013399 -0.008479
v -0.324783 0.022872 -0.008360
v -0.305089 0.022003 -0.008324
v -0.290918 0.021541 -0.008380
v -0.282548 0.021448 -0.007567
v -0.281017 0.021348 -0.013242
v -0.276428 0.021297 -0.015858
v -0.276723 0.010363 -0.015959
v -0.269351 0.040951 -0.015894
v -0.324763 0.045555 -0.007888
v -0.344934 0.023956 -0.008319
v -0.344788 0.047067 -0.007818
v -0.365149 0.025103 -0.007648
v -0.366495 0.048391 -0.007130
v -0.380438 0.026200 -0.008291
v -0.363506 0.014950 -0.008296
v -0.377631 0.015396 -0.008513
v -0.388029 0.015425 -0.008514
v -0.375426 0.009535 -0.008622
v -0.386901 0.009153 -0.008619
v -0.373629 0.004400 -0.008368
v -0.385799 0.004183 -0.008224
v -0.371878 0.001882 -0.004432
v -0.384472 0.001825 -0.004295
v -0.382641 0.000489 0.000337
v -0.392681 0.000573 0.000074
v -0.391689 0.001332 0.004324
v -0.399366 0.001114 -0.000774
v -0.403317 0.006430 -0.000839
v -0.361413 0.004182 -0.008197
v -0.362258 0.009274 -0.008613
v -0.344498 0.008773 -0.008614
v -0.344786 0.014635 -0.008496
v -0.062335 0.079992 0.002938
v -0.284060 0.076585 -0.003503
v -0.283343 0.072938 -0.002682
v -0.283506 0.078790 -0.002454
v -0.283018 0.074174 -0.002197
v -0.192661 0.077819 -0.002105
v -0.193961 0.075700 0.002165
v -0.192981 0.071989 -0.001256
v -0.192433 0.074966 -0.002194
v -0.163096 0.073051 -0.002353
v -0.162249 0.076922 -0.000152
v -0.165790 0.076517 -0.005182
v -0.165776 0.074878 -0.005595
v -0.167836 0.076283 -0.008089
v 0.009382 0.067812 0.004846
v 0.133888 0.078323 -0.001212
v 0.365224 0.078936 -0.006022
v 0.365537 0.078944 -0.005410
v 0.365503 0.078929 -0.005645
v 0.365149 0.079381 -0.005886
v 0.363828 0.079740 -0.004001
v 0.271153 0.077862 0.006730
v 0.317733 0.078846 -0.001997
v 0.365443 0.078428 -0.006230
v 0.381068 0.080661 -0.004775
v 0.365520 0.078166 -0.006312
v 0.365554 0.078047 -0.006349
v 0.390710 0.079115 -0.002152
v 0.390824 0.073269 -0.002745
v 0.318323 0.073636 -0.005685
v 0.008111 0.006392 0.004529
v 0.422243 0.078345 0.003488
v -0.162077 0.079194 -0.001830
v -0.285375 0.070883 0.002359
v 0.365268 0.076680 -0.004495
v 0.365420 0.078855 -0.004296
v 0.365325 0.077373 -0.003957
v 0.365292 0.077108 -0.004637
v 0.446399 0.075442 -0.003248
v 0.446432 0.076090 -0.003751
v 0.446444 0.076225 -0.003099
v 0.446463 0.076695 -0.004220
v 0.446487 0.076998 -0.002951
v 0.446529 0.077743 -0.002809
v 0.446505 0.077408 -0.003844
v 0.446565 0.078265 -0.003895
v 0.446566 0.078365 -0.002934
v 0.446622 0.078964 -0.003939
v 0.446596 0.078886 -0.003108
v 0.446582 0.078239 -0.004720
v 0.446651 0.079050 -0.004869
v 0.446511 0.077407 -0.004568
v 0.421771 0.075907 -0.003376
v 0.421781 0.076080 -0.003227
v 0.421815 0.076928 -0.002941
v 0.421808 0.076752 -0.002832
v 0.421759 0.075528 -0.003352
v 0.421764 0.075663 -0.003462
v 0.421787 0.076336 -0.003568
v 0.421769 0.075957 -0.004109
v 0.421754 0.075513 -0.003818
v 0.421813 0.076898 -0.002766
v 0.421875 0.077756 -0.002226
v 0.421872 0.077679 -0.001912
v 0.421948 0.078691 -0.001570
v 0.421960 0.078776 -0.000786
v 0.421879 0.077853 -0.002627
v 0.421936 0.078611 -0.002309
v 0.421886 0.077938 -0.002959
v 0.421935 0.078596 -0.002816
v 0.421894 0.078023 -0.003300
v 0.421947 0.078667 -0.003229
v 0.421906 0.078097 -0.003684
v 0.421959 0.078736 -0.003635
v 0.421922 0.078208 -0.004074
v 0.421970 0.078804 -0.004035
v 0.421939 0.078345 -0.004466
v 0.421984 0.078884 -0.004501
v 0.421877 0.077678 -0.004059
v 0.421894 0.077817 -0.004432
v 0.421829 0.077105 -0.004061
v 0.421839 0.077163 -0.004389
v 0.421804 0.076696 -0.004297
v 0.421811 0.076852 -0.003775
v 0.421791 0.076355 -0.004021
v 0.421800 0.076568 -0.003510
v 0.421780 0.076085 -0.003803
v 0.421858 0.077512 -0.003703
v 0.421840 0.077287 -0.003393
v 0.421826 0.077102 -0.003110
v 0.421789 0.076302 -0.003314
v 0.421773 0.075884 -0.003640
v 0.421759 0.075526 -0.003350
v 0.390926 0.076004 -0.003402
v 0.390997 0.076940 -0.003509
v 0.391054 0.077833 -0.003140
v 0.391125 0.078635 -0.002580
v 0.391058 0.078020 -0.003572
v 0.391129 0.078849 -0.003363
v 0.391090 0.078465 -0.004496
v 0.391145 0.079113 -0.004360
v 0.391012 0.077363 -0.003859
v 0.391038 0.077863 -0.004622
v 0.390968 0.076780 -0.004368
v 0.390981 0.077199 -0.004762
v 0.390956 0.076382 -0.003994
v 0.390941 0.075906 -0.003621
v 0.390922 0.075790 -0.003349
v 0.318004 0.076646 -0.004404
v 0.317956 0.075521 -0.003130
v 0.318126 0.078762 -0.004411
v 0.318109 0.078971 -0.002081
v 0.318044 0.077329 -0.004406
v 0.318028 0.077211 -0.003537
v 0.317979 0.076053 -0.003732
v 0.318016 0.077060 -0.002875
v 0.318118 0.078860 -0.003325
v 0.318075 0.078086 -0.003406
v 0.318085 0.078049 -0.004408
v 0.318064 0.078047 -0.002465
v 0.341576 0.075022 -0.003168
v 0.341609 0.075924 -0.003688
v 0.341620 0.076501 -0.003771
v 0.291359 0.077092 -0.004581
v 0.291457 0.078757 -0.004424
v 0.291539 0.078504 -0.000863
v 0.291338 0.076549 -0.004132
v 0.291375 0.077373 -0.004577
v 0.291374 0.077152 -0.004189
v 0.291354 0.076875 -0.004456
v 0.291435 0.078702 -0.003836
v 0.291420 0.078459 -0.003852
v 0.291448 0.078594 -0.004442
v 0.291514 0.078257 -0.001275
v 0.291507 0.078131 -0.001375
v 0.291508 0.078520 -0.001201
v 0.291335 0.076038 -0.003780
v 0.291356 0.076421 -0.003584
v 0.291360 0.076771 -0.003761
v 0.291382 0.076732 -0.003219
v 0.291385 0.077014 -0.003355
v 0.291333 0.075718 -0.003560
v 0.291353 0.076093 -0.003386
v 0.291378 0.076428 -0.003074
v 0.291403 0.076756 -0.002736
v 0.291407 0.077004 -0.002833
v 0.291356 0.076133 -0.003423
v 0.291382 0.076490 -0.003101
v 0.291406 0.076834 -0.002783
v 0.291429 0.077149 -0.002503
v 0.291427 0.077075 -0.002409
v 0.291386 0.076752 -0.003301
v 0.291409 0.077082 -0.003018
v 0.291427 0.077357 -0.002820
v 0.291444 0.077618 -0.002632
v 0.291448 0.077497 -0.002352
v 0.291410 0.077285 -0.003265
v 0.291426 0.077531 -0.003087
v 0.291434 0.077779 -0.002945
v 0.291414 0.078066 -0.002842
v 0.291455 0.077980 -0.002468
v 0.291401 0.077684 -0.003441
v 0.291387 0.077901 -0.003350
v 0.291384 0.078168 -0.003297
v 0.291399 0.078415 -0.003279
v 0.291392 0.078346 -0.002769
v 0.291393 0.078011 -0.003877
v 0.291406 0.078224 -0.003854
v 0.291426 0.078229 -0.004483
v 0.291435 0.078381 -0.004466
v 0.291382 0.077815 -0.003918
v 0.291414 0.078024 -0.004505
v 0.291371 0.077616 -0.003968
v 0.291401 0.077816 -0.004528
v 0.291377 0.077401 -0.004058
v 0.291388 0.077595 -0.004552
v 0.291408 0.077467 -0.003549
v 0.291393 0.077222 -0.003712
v 0.291372 0.076920 -0.003971
v 0.291391 0.077003 -0.003490
v 0.291367 0.076670 -0.003790
v 0.291343 0.076355 -0.004133
v 0.291349 0.076624 -0.004300
v 0.291361 0.076404 -0.003617
v 0.291336 0.076085 -0.003965
v 0.291329 0.075753 -0.003759
v 0.291393 0.078599 -0.002722
v 0.291410 0.078571 -0.002289
v 0.291432 0.078286 -0.002375
v 0.291414 0.078649 -0.003263
v 0.291443 0.078554 -0.001923
v 0.291465 0.078257 -0.002015
v 0.291472 0.077895 -0.002149
v 0.291499 0.078212 -0.001675
v 0.291475 0.077757 -0.001855
v 0.291451 0.077379 -0.002109
v 0.291483 0.077817 -0.001654
v 0.291458 0.077511 -0.002016
v 0.291432 0.077252 -0.002430
v 0.291461 0.077751 -0.002122
v 0.291436 0.077505 -0.002533
v 0.291411 0.077261 -0.002942
v 0.291487 0.077997 -0.001710
v 0.291475 0.078537 -0.001569
v 0.035393 0.076417 -0.001634
v 0.035344 0.077082 0.002095
v 0.035513 0.078674 -0.001716
v 0.035513 0.078740 0.000646
v 0.035358 0.075709 -0.001158
v 0.035352 0.076389 0.000389
v 0.035368 0.076756 0.000266
v 0.035368 0.077319 0.001888
v 0.035513 0.078705 -0.000617
v 0.035478 0.078145 -0.000375
v 0.035446 0.077594 -0.001680
v 0.035504 0.078651 0.000724
v 0.035481 0.078431 0.000916
v 0.035445 0.077666 -0.000214
v 0.035459 0.078212 0.001107
v 0.035411 0.077295 -0.000078
v 0.035377 0.076477 -0.001643
v 0.035401 0.076857 -0.001655
v 0.035378 0.076940 0.000097
v 0.035351 0.075857 -0.001306
v 0.035352 0.076576 0.000276
v 0.035337 0.075461 -0.001021
v 0.035339 0.076182 0.000469
v 0.035326 0.075167 -0.000809
v 0.035341 0.076151 0.000505
v 0.035337 0.075284 -0.000871
v 0.035391 0.077549 0.001687
v 0.035376 0.077394 0.001822
v 0.035414 0.077774 0.001490
v 0.035437 0.077996 0.001296
v 0.008561 0.074010 -0.000070
v 0.008776 0.078693 -0.001329
v 0.008542 0.078883 0.001398
v 0.008642 0.076482 -0.000314
v 0.008627 0.076169 -0.001176
v 0.008671 0.078778 -0.000105
v 0.008636 0.077621 -0.000387
v 0.008723 0.077532 -0.001405
v 0.008597 0.077566 0.000458
v 0.008596 0.075146 -0.000652
v 0.008606 0.075445 -0.000619
v 0.008657 0.076350 -0.000766
v 0.008601 0.075171 -0.000523
v 0.008659 0.076217 -0.001256
v -0.162967 0.077227 -0.002707
v -0.162974 0.076966 -0.003336
v -0.162962 0.076538 -0.002880
v -0.162953 0.077052 -0.002455
v -0.162955 0.077595 -0.002576
v -0.162955 0.077458 -0.003495
v -0.162946 0.077445 -0.002131
v -0.162939 0.077803 -0.001835
v -0.162941 0.077985 -0.002527
v -0.162935 0.077938 -0.003580
v -0.162932 0.078167 -0.001535
v -0.162929 0.078347 -0.002436
v -0.162906 0.078410 -0.003571
v -0.162851 0.078408 -0.004735
v -0.162907 0.077762 -0.004757
v -0.162918 0.078679 -0.002346
v -0.162870 0.078849 -0.003501
v -0.162789 0.079115 -0.004710
v -0.162924 0.078621 -0.001160
v -0.162950 0.077207 -0.004697
v -0.162980 0.076554 -0.004282
v -0.162990 0.076066 -0.003022
v -0.104554 0.077389 -0.000352
v -0.104534 0.077874 -0.000067
v -0.104445 0.078072 -0.000793
v -0.104459 0.077707 -0.000873
v -0.104583 0.077704 -0.000177
v -0.104629 0.077860 0.000376
v -0.104545 0.077188 -0.000541
v -0.104544 0.077601 -0.000695
v -0.104471 0.077349 -0.001009
v -0.104529 0.077000 -0.000570
v -0.104557 0.076671 -0.000313
v -0.104537 0.076468 -0.000727
v -0.104524 0.076971 -0.000976
v -0.104497 0.076631 -0.000979
v -0.104523 0.076318 -0.000746
v -0.104548 0.075978 -0.000523
v -0.104531 0.075663 -0.000891
v -0.104516 0.076265 -0.001180
v -0.104488 0.075958 -0.001190
v -0.104513 0.075639 -0.000960
v -0.104540 0.075315 -0.000725
v -0.104462 0.076273 -0.001418
v -0.104465 0.076940 -0.001281
v -0.104437 0.076589 -0.001646
v -0.104399 0.077240 -0.001845
v -0.104414 0.076872 -0.001840
v -0.104386 0.077571 -0.001826
v -0.104372 0.077931 -0.001806
v -0.104362 0.078185 -0.001791
v -0.104431 0.078426 -0.000776
v -0.104349 0.078518 -0.001773
v -0.104417 0.078776 -0.000754
v -0.104336 0.078856 -0.001753
v -0.104512 0.078279 0.000026
v -0.104485 0.078705 0.000074
v -0.104565 0.078207 0.000634
v -0.104545 0.078610 0.000752
v -0.104680 0.078218 0.000936
v -0.104601 0.078520 0.001387
v -0.104644 0.078104 0.000350
v -0.104602 0.078009 -0.000210
v -0.104561 0.077916 -0.000763
v -0.104512 0.077445 -0.001195
v -0.104520 0.077822 -0.001322
v -0.104491 0.077243 -0.001647
v -0.104478 0.077728 -0.001880
v -0.104503 0.076762 -0.001417
v -0.135171 0.076515 -0.003474
v -0.135291 0.076430 -0.004070
v -0.135204 0.077256 -0.004337
v -0.135249 0.077113 -0.004071
v -0.135197 0.077905 -0.004313
v -0.135224 0.077554 -0.003905
v -0.135196 0.077956 -0.004188
v -0.135213 0.077774 -0.003686
v -0.135192 0.078084 -0.003878
v -0.135208 0.077912 -0.003388
v -0.135188 0.078212 -0.003565
v -0.135203 0.078066 -0.003074
v -0.135184 0.078342 -0.003250
v -0.135195 0.078233 -0.002820
v -0.135179 0.078480 -0.002915
v -0.135216 0.078316 -0.002858
v -0.135192 0.078539 -0.002559
v -0.135174 0.078630 -0.002550
v -0.135171 0.078736 -0.002293
v -0.135225 0.077966 -0.003032
v -0.135240 0.078096 -0.003154
v -0.135249 0.077761 -0.003328
v -0.135263 0.077880 -0.003444
v -0.135264 0.077484 -0.003547
v -0.135286 0.077666 -0.003731
v -0.135289 0.077259 -0.003859
v -0.135310 0.077443 -0.004031
v -0.135312 0.077037 -0.004147
v -0.135333 0.077227 -0.004322
v -0.135334 0.076807 -0.004428
v -0.135357 0.077006 -0.004618
v -0.135297 0.076930 -0.004021
v -0.135313 0.076623 -0.004253
v -0.135279 0.077205 -0.003773
v -0.135235 0.077450 -0.003515
v -0.135222 0.077685 -0.003356
v -0.192833 0.075677 -0.003736
v -0.192604 0.078882 -0.004480
v -0.192632 0.078165 -0.001333
v -0.192920 0.075711 -0.003149
v -0.192904 0.075847 -0.003048
v -0.192819 0.076157 -0.004077
v -0.192622 0.078706 -0.004503
v -0.192696 0.077624 -0.001733
v -0.192655 0.078390 -0.004544
v -0.192730 0.077328 -0.001952
v -0.192688 0.078078 -0.004584
v -0.192761 0.077068 -0.002145
v -0.192720 0.077766 -0.004624
v -0.192791 0.076811 -0.002335
v -0.192753 0.077456 -0.004664
v -0.192821 0.076557 -0.002522
v -0.192789 0.077081 -0.004685
v -0.192851 0.076302 -0.002711
v -0.192806 0.076625 -0.004410
v -0.192878 0.076065 -0.002887
v -0.338739 0.077164 -0.002891
v -0.338729 0.077510 -0.002754
v -0.338719 0.077706 -0.002891
v -0.338723 0.077461 -0.003101
v -0.338722 0.077337 -0.003376
v -0.338731 0.077115 -0.003321
v -0.338738 0.076939 -0.003327
v -0.338736 0.077094 -0.003221
v -0.338723 0.077543 -0.003279
v -0.338723 0.077678 -0.002994
v -0.338722 0.077833 -0.002666
v -0.338722 0.077937 -0.002445
v -0.338723 0.077803 -0.002519
v -0.338718 0.078072 -0.002291
v -0.338682 0.078247 -0.002436
v -0.338712 0.078000 -0.002682
v -0.338722 0.078064 -0.002177
v -0.338721 0.078188 -0.001915
v -0.338683 0.078325 -0.002047
v -0.338644 0.078469 -0.002185
v -0.338605 0.078609 -0.002319
v -0.338642 0.078393 -0.002570
v -0.338567 0.078749 -0.002453
v -0.338603 0.078535 -0.002703
v -0.338635 0.078340 -0.002958
v -0.338679 0.078176 -0.002822
v -0.338656 0.078194 -0.003219
v -0.338706 0.077951 -0.003065
v -0.338675 0.078061 -0.003444
v -0.338708 0.077772 -0.003278
v -0.338694 0.077925 -0.003663
v -0.338709 0.077630 -0.003482
v -0.338694 0.077792 -0.003883
v -0.338707 0.077518 -0.003790
v -0.338715 0.077303 -0.003743
v -0.338700 0.077476 -0.004158
v -0.338709 0.077269 -0.004126
v -0.338717 0.077065 -0.004094
v -0.338724 0.077097 -0.003707
v -0.338725 0.076861 -0.004063
v -0.338732 0.076895 -0.003679
v -0.338733 0.076657 -0.004031
v -0.338740 0.076689 -0.003659
v -0.338743 0.076791 -0.003430
v -0.338736 0.077018 -0.003468
v -0.338745 0.076535 -0.003689
v -0.338743 0.076682 -0.003648
v -0.338735 0.076937 -0.003737
v -0.338723 0.077289 -0.003817
v -0.338723 0.077417 -0.003546
v -0.338741 0.076617 -0.003932
v -0.338734 0.076840 -0.004031
v -0.338724 0.077159 -0.004093
v -0.338730 0.076858 -0.004262
v -0.338724 0.077021 -0.004386
v -0.338737 0.076642 -0.004099
v -0.338749 0.076388 -0.003848
v -0.338744 0.076422 -0.003933
v -0.338748 0.076289 -0.003974
v -0.338741 0.076464 -0.004001
v -0.338692 0.077678 -0.004189
v -0.338642 0.078121 -0.004101
v -0.338664 0.078019 -0.004341
v -0.338581 0.078605 -0.004447
v -0.338602 0.078516 -0.004703
v -0.338518 0.079111 -0.004818
v -0.338529 0.079102 -0.005130
v -0.338565 0.078665 -0.004172
v -0.338508 0.079119 -0.004496
v -0.338549 0.078712 -0.003879
v -0.338497 0.079128 -0.004174
v -0.338620 0.078226 -0.003860
v -0.338604 0.078335 -0.003621
v -0.338594 0.078433 -0.003370
v -0.338535 0.078750 -0.003574
v -0.338520 0.078792 -0.003267
v -0.338475 0.079145 -0.003522
v -0.338486 0.079137 -0.003848
v -0.338584 0.078534 -0.003100
v -0.338562 0.078687 -0.002838
v -0.338513 0.078873 -0.002986
v -0.338488 0.079035 -0.002727
v -0.338453 0.079163 -0.002850
v -0.338464 0.079154 -0.003192
v -0.338528 0.078890 -0.002588
v -0.283188 0.078801 -0.004448
v -0.283257 0.078765 -0.002445
v -0.283320 0.077962 -0.001773
v -0.283285 0.076660 -0.003935
v -0.283205 0.078193 -0.004358
v -0.283213 0.078312 -0.004045
v -0.283195 0.078797 -0.004231
v -0.283248 0.078770 -0.002708
v -0.283267 0.078468 -0.002510
v -0.283271 0.078581 -0.002291
v -0.283303 0.078179 -0.001954
v -0.283299 0.078049 -0.002188
v -0.283316 0.077805 -0.002033
v -0.283290 0.076849 -0.003621
v -0.283245 0.077266 -0.003813
v -0.283236 0.077064 -0.004191
v -0.283229 0.077789 -0.003926
v -0.283221 0.077622 -0.004273
v -0.283253 0.077406 -0.003483
v -0.283238 0.077880 -0.003601
v -0.283222 0.078347 -0.003763
v -0.283246 0.077924 -0.003326
v -0.283230 0.078351 -0.003507
v -0.283213 0.078788 -0.003722
v -0.283204 0.078793 -0.003973
v -0.283239 0.078353 -0.003256
v -0.283222 0.078784 -0.003471
v -0.283247 0.078369 -0.003006
v -0.283230 0.078779 -0.003219
v -0.283255 0.078389 -0.002744
v -0.283239 0.078774 -0.002964
v -0.283278 0.078146 -0.002581
v -0.283283 0.078256 -0.002347
v -0.283272 0.078045 -0.002818
v -0.283288 0.077813 -0.002676
v -0.283293 0.077933 -0.002431
v -0.283254 0.077961 -0.003067
v -0.283284 0.077672 -0.002929
v -0.283303 0.077341 -0.002804
v -0.283307 0.077503 -0.002535
v -0.283278 0.077538 -0.003196
v -0.283299 0.077180 -0.003071
v -0.283294 0.077020 -0.003337
v -0.283311 0.077655 -0.002282
v -0.283287 0.078381 -0.002124
v -0.408173 0.078286 0.004971
v -0.425546 0.078377 0.006204
v -0.426620 0.077942 0.001984
v -0.497582 0.077175 0.005836
v -0.454982 0.074343 0.007583
v -0.431230 0.077477 0.006207
v -0.454092 0.078099 0.005788
v -0.446054 0.075182 0.007315
v -0.407164 0.001766 0.004191
v -0.498035 0.004538 0.004226
v -0.404470 0.007911 -0.007095
v -0.496322 0.003039 -0.006909
v -0.497744 0.078054 -0.005971
v -0.431075 0.080433 -0.002851
v -0.408510 0.077839 -0.006941
v -0.413059 0.078854 0.006006
v -0.412515 0.073352 0.007375
v -0.407438 0.073769 0.005715
v -0.406317 0.073744 0.001004
v -0.407852 0.079267 0.001158
v -0.413254 0.080173 0.001562
v -0.426933 0.072056 0.002511
v -0.424116 0.072612 0.007460
v -0.418539 0.073112 0.007454
v -0.419506 0.078461 0.006419
v -0.419781 0.080156 0.001957
v -0.420044 0.080463 -0.003539
v -0.435313 0.080239 0.001021
v -0.429488 0.077055 0.002162
v -0.498415 0.078365 0.002918
v -0.499675 0.071186 0.003402
v -0.496970 0.070689 0.006630
v -0.491212 0.070143 0.007328
v -0.491885 0.076654 0.007257
v -0.492257 0.079871 0.003717
v -0.454927 0.068449 0.007267
v -0.452778 0.068517 0.004296
v -0.453036 0.074662 0.004690
v -0.458547 0.074931 0.007525
v -0.460880 0.068670 0.007288
v -0.440809 0.079145 0.005743
v -0.434041 0.073684 0.007473
v -0.429122 0.072531 0.002804
v -0.470392 0.079431 0.005287
v -0.470680 0.075243 0.007449
v -0.451831 0.079719 0.000375
v -0.470320 0.080305 0.000266
v -0.444465 0.067791 0.007189
v -0.410766 0.001777 0.004697
v -0.410163 0.000387 0.000999
v -0.406065 0.001645 0.001353
v -0.405092 0.006876 0.003245
v -0.408018 0.006930 0.005496
v -0.411885 0.007035 0.005717
v -0.497246 0.010428 0.005034
v -0.499832 0.010973 0.001376
v -0.499689 0.004234 0.000728
v -0.495274 0.000505 0.000857
v -0.494038 0.002973 0.005144
v -0.491951 0.009750 0.005757
v -0.404675 0.014386 -0.005807
v -0.404664 0.014417 -0.002018
v -0.404617 0.006969 -0.003833
v -0.406170 0.003536 -0.005368
v -0.406370 0.006842 -0.008158
v -0.406179 0.014342 -0.008181
v -0.496078 0.001920 -0.003469
v -0.499606 0.005188 -0.003493
v -0.498098 0.006227 -0.007983
v -0.491613 0.003031 -0.007214
v -0.490475 0.001482 -0.003179
v -0.492748 0.006796 -0.008644
v -0.498182 0.078956 -0.003117
v -0.492394 0.080488 -0.003648
v -0.492362 0.077698 -0.007308
v -0.492210 0.071381 -0.007667
v -0.497403 0.071602 -0.006988
v -0.499819 0.071686 -0.003800
v -0.420197 0.077468 -0.007404
v -0.431147 0.076800 -0.007589
v -0.407742 0.079447 -0.003202
v -0.406297 0.073666 -0.003551
v -0.408333 0.073384 -0.007350
v -0.413606 0.072973 -0.007680
v -0.413577 0.078181 -0.007362
v -0.413369 0.080551 -0.003390
v -0.420040 0.072389 -0.007666
v -0.413647 0.065139 -0.007692
v -0.419319 0.064850 -0.007683
v -0.429365 0.064610 -0.007573
v -0.430905 0.072162 -0.007599
v -0.449013 0.064310 -0.007477
v -0.449550 0.071716 -0.007400
v -0.450171 0.076947 -0.007131
v -0.450964 0.080010 -0.004254
v -0.471620 0.071240 -0.007519
v -0.470989 0.076635 -0.007517
v -0.470592 0.080657 -0.004701
v -0.484760 0.076976 -0.007449
v -0.484407 0.080440 -0.004390
v -0.484058 0.080349 0.000144
v -0.483693 0.079678 0.004745
v -0.492366 0.080338 0.000041
v -0.498401 0.078724 -0.000061
v -0.499976 0.071405 -0.000226
v -0.499966 0.060447 -0.004717
v -0.499984 0.059928 -0.000438
v -0.499349 0.059478 0.003904
v -0.499980 0.040427 -0.001113
v -0.499227 0.039717 0.003544
v -0.495169 0.039018 0.006181
v -0.495621 0.059115 0.006549
v -0.489279 0.038302 0.006340
v -0.489844 0.058800 0.006838
v -0.481869 0.037585 0.006226
v -0.482058 0.058395 0.006789
v -0.482614 0.069435 0.007289
v -0.483210 0.075580 0.007444
v -0.472432 0.057599 0.006411
v -0.471248 0.068891 0.007087
v -0.462871 0.056612 0.006754
v -0.475110 0.036947 0.003425
v -0.465545 0.035354 0.006284
v -0.456023 0.033823 0.006305
v -0.455283 0.055677 0.006700
v -0.450467 0.032568 0.005101
v -0.452747 0.055545 0.003700
v -0.440920 0.031324 0.006204
v -0.443080 0.055118 0.006679
v -0.430757 0.030876 0.006000
v -0.433939 0.054361 0.006647
v -0.434328 0.067165 0.007165
v -0.428392 0.052906 0.005316
v -0.428982 0.065511 0.004035
v -0.424579 0.052387 0.006639
v -0.426815 0.065108 0.003930
v -0.419302 0.051738 0.006605
v -0.422615 0.065872 0.007157
v -0.413756 0.051074 0.006578
v -0.416887 0.065500 0.007118
v -0.408754 0.050439 0.006234
v -0.411144 0.065439 0.007043
v -0.405579 0.049970 0.003173
v -0.406781 0.065510 0.005084
v -0.405352 0.049627 -0.001423
v -0.405898 0.065546 0.000462
v -0.405312 0.049386 -0.005372
v -0.405972 0.065609 -0.004292
v -0.408638 0.049020 -0.007696
v -0.408681 0.065464 -0.007500
v -0.413248 0.048417 -0.007819
v -0.409139 0.027073 -0.008222
v -0.413278 0.026384 -0.008279
v -0.417871 0.025348 -0.008302
v -0.418091 0.048108 -0.007833
v -0.427167 0.023906 -0.007671
v -0.426618 0.047713 -0.006988
v -0.448932 0.022527 -0.008301
v -0.448795 0.046271 -0.007796
v -0.470228 0.022101 -0.008349
v -0.472354 0.044613 -0.007828
v -0.472359 0.063178 -0.007460
v -0.484684 0.043405 -0.007928
v -0.485225 0.062116 -0.007706
v -0.484990 0.071093 -0.007690
v -0.491671 0.061467 -0.007690
v -0.490752 0.042382 -0.007945
v -0.495802 0.041792 -0.007835
v -0.496836 0.061008 -0.007330
v -0.499518 0.041121 -0.005635
v -0.494662 0.022008 -0.008324
v -0.499194 0.021849 -0.006935
v -0.499979 0.021478 -0.002395
v -0.498536 0.011798 -0.007768
v -0.499980 0.011355 -0.003257
v -0.499612 0.020951 0.002448
v -0.495916 0.020271 0.005738
v -0.490025 0.019604 0.005981
v -0.484297 0.009215 0.005771
v -0.482514 0.018948 0.005952
v -0.474532 0.008996 0.002883
v -0.474571 0.018236 0.003059
v -0.469190 0.008647 0.005708
v -0.466710 0.017767 0.005947
v -0.459579 0.008606 0.005753
v -0.456777 0.017085 0.005915
v -0.450017 0.008886 0.004574
v -0.449219 0.016460 0.005192
v -0.436223 0.008862 0.005768
v -0.438149 0.015799 0.005913
v -0.424826 0.008493 0.004792
v -0.427804 0.015298 0.004824
v -0.417080 0.007501 0.005734
v -0.419976 0.014928 0.005870
v -0.425475 0.030766 0.005712
v -0.414876 0.014606 0.005883
v -0.420079 0.030058 0.006167
v -0.410399 0.014497 0.005788
v -0.414522 0.029719 0.006167
v -0.406417 0.014398 0.004826
v -0.409642 0.029478 0.006049
v -0.404785 0.014434 0.001683
v -0.405803 0.029219 0.004246
v -0.404975 0.028837 0.000286
v -0.404918 0.028377 -0.003889
v -0.405547 0.027851 -0.007554
v -0.409665 0.014239 -0.008487
v -0.409687 0.007021 -0.008552
v -0.413881 0.007273 -0.008623
v -0.413646 0.014099 -0.008532
v -0.419671 0.007634 -0.008635
v -0.418840 0.013886 -0.008533
v -0.430941 0.007765 -0.008648
v -0.429130 0.013485 -0.008456
v -0.449131 0.007730 -0.008523
v -0.448948 0.013044 -0.008491
v -0.466674 0.007630 -0.008635
v -0.468177 0.012843 -0.008555
v -0.479165 0.007619 -0.008616
v -0.480878 0.012818 -0.008530
v -0.482948 0.022027 -0.008363
v -0.488123 0.012473 -0.008568
v -0.489557 0.022159 -0.008371
v -0.493622 0.012127 -0.008553
v -0.486936 0.007293 -0.008625
v -0.477449 0.003509 -0.007312
v -0.485459 0.003069 -0.007469
v -0.475663 0.002452 -0.003278
v -0.483453 0.001574 -0.003468
v -0.472884 0.000911 0.001285
v -0.480357 0.000522 0.000645
v -0.489049 0.000402 0.001231
v -0.476079 0.003354 0.004132
v -0.486201 0.003029 0.005207
v -0.471341 0.003080 0.005174
v -0.463518 0.000149 0.001822
v -0.461622 0.003155 0.005449
v -0.449745 0.000876 0.001760
v -0.450089 0.003669 0.004228
v -0.434127 0.000119 0.001897
v -0.435055 0.003585 0.005502
v -0.422467 0.000428 0.001503
v -0.423601 0.002994 0.005002
v -0.415194 0.000280 0.001286
v -0.415828 0.002278 0.005096
v -0.414695 0.001380 -0.002830
v -0.409860 0.001421 -0.002576
v -0.421345 0.001470 -0.002892
v -0.420428 0.003060 -0.007039
v -0.414218 0.002810 -0.006863
v -0.433259 0.001392 -0.002847
v -0.432221 0.002994 -0.007402
v -0.449448 0.001970 -0.002714
v -0.449375 0.003449 -0.007080
v -0.464630 0.001432 -0.003013
v -0.465551 0.002993 -0.007511
v -0.409651 0.002684 -0.006212
v -0.406157 0.002464 -0.001833
v -0.404603 0.006951 -0.000281
v -0.135094 0.078104 -0.005928
v -0.135077 0.077960 -0.005753
v -0.135087 0.078329 -0.005701
v -0.135134 0.078661 -0.005925
v -0.135137 0.078628 -0.005960
v -0.135027 0.078013 -0.005878
v -0.134989 0.077803 -0.005850
vt 0.575958 0.836162
vt 0.580719 0.836081
vt 0.585487 0.840728
vt 0.589406 0.850952
vt 0.564099 0.842452
vt 0.539664 0.824337
vt 0.545365 0.819209
vt 0.205790 0.324376
vt 0.206305 0.320214
vt 0.208258 0.329741
vt 0.204847 0.329741
vt 0.002427 0.283432
vt 0.001458 0.273247
vt 0.007363 0.272242
vt 0.007605 0.284619
vt 0.155232 0.395908
vt 0.159681 0.392848
vt 0.163589 0.400796
vt 0.155382 0.401943
vt 0.689017 0.914366
vt 0.686795 0.919870
vt 0.677269 0.913920
vt 0.680619 0.908607
vt 0.007257 0.253440
vt 0.002190 0.256525
vt 0.001192 0.235902
vt 0.008566 0.234642
vt 0.014171 0.258288
vt 0.014793 0.271993
vt 0.017355 0.233039
vt 0.016012 0.249591
vt 0.287916 0.409573
vt 0.290473 0.401700
vt 0.298832 0.399627
vt 0.296548 0.408787
vt 0.409573 0.237260
vt 0.408354 0.245902
vt 0.400390 0.248998
vt 0.401611 0.240010
vt 0.386717 0.036724
vt 0.395690 0.037170
vt 0.395690 0.047845
vt 0.387559 0.048631
vt 0.037885 0.004351
vt 0.037839 0.000416
vt 0.042471 0.002367
vt 0.042750 0.006258
vt 0.189821 0.326099
vt 0.184710 0.316857
vt 0.184547 0.302438
vt 0.189152 0.300710
vt 0.315542 0.408413
vt 0.322799 0.402462
vt 0.322799 0.416515
vt 0.317397 0.415517
vt 0.008280 0.076982
vt 0.001683 0.076043
vt 0.003536 0.074437
vt 0.013626 0.074487
vt 0.396382 0.147164
vt 0.402408 0.148210
vt 0.401798 0.156414
vt 0.392903 0.157682
vt 0.326917 0.738775
vt 0.321658 0.736298
vt 0.317590 0.733619
vt 0.324069 0.731975
vt 0.013884 0.045122
vt 0.012066 0.028021
vt 0.013884 0.023373
vt 0.013865 0.029101
vt 0.342820 0.742141
vt 0.339237 0.749032
vt 0.500349 0.505621
vt 0.493014 0.501411
vt 0.497118 0.497017
vt 0.503026 0.502442
vt 0.209993 0.000416
vt 0.209458 0.009862
vt 0.201289 0.008611
vt 0.201623 0.002076
vt 0.359451 0.260750
vt 0.354936 0.266149
vt 0.347898 0.264426
vt 0.349830 0.259297
vt 0.571852 0.434478
vt 0.566864 0.436809
vt 0.561229 0.429858
vt 0.570867 0.429613
vt 0.255638 0.192501
vt 0.249363 0.189239
vt 0.251614 0.184827
vt 0.258158 0.189204
vt 0.378004 0.815394
vt 0.379047 0.810240
vt 0.386359 0.813836
vt 0.384193 0.818801
vt 0.372857 0.093407
vt 0.368716 0.093716
vt 0.368430 0.089857
vt 0.373814 0.088815
vt 0.350835 0.099471
vt 0.349388 0.095294
vt 0.354086 0.095878
vt 0.354597 0.100819
vt 0.631564 0.999742
vt 0.626309 0.996409
vt 0.629683 0.992700
vt 0.635104 0.997095
vt 0.000258 0.010694
vt 0.002317 0.007383
vt 0.008284 0.011065
vt 0.004886 0.014897
vt 0.406780 0.293584
vt 0.414663 0.296832
vt 0.411768 0.300518
vt 0.404745 0.297227
vt 0.405150 0.287882
vt 0.418621 0.292192
vt 0.563481 0.426014
vt 0.556865 0.425718
vt 0.560944 0.421636
vt 0.272959 0.186727
vt 0.270259 0.194180
vt 0.264091 0.188296
vt 0.266191 0.183010
vt 0.267060 0.183963
vt 0.272253 0.180538
vt 0.280197 0.184520
vt 0.215200 0.300238
vt 0.212021 0.292908
vt 0.214036 0.289829
vt 0.215200 0.291910
vt 0.420442 0.321248
vt 0.428117 0.325047
vt 0.425300 0.329597
vt 0.418380 0.324081
vt 0.261530 0.191915
vt 0.260246 0.184768
vt 0.262918 0.179708
vt 0.419220 0.336457
vt 0.412775 0.331989
vt 0.363770 0.213651
vt 0.365499 0.197959
vt 0.371393 0.199092
vt 0.371393 0.221032
vt 0.591948 0.837328
vt 0.601715 0.839644
vt 0.612543 0.849026
vt 0.606585 0.852546
vt 0.735676 0.945436
vt 0.718828 0.931446
vt 0.725251 0.927160
vt 0.737728 0.936316
vt 0.746462 0.942622
vt 0.743002 0.948190
vt 0.389248 0.070657
vt 0.395690 0.067276
vt 0.395690 0.093716
vt 0.389781 0.088969
vt 0.708598 0.927438
vt 0.708465 0.923605
vt 0.710773 0.916404
vt 0.716059 0.920452
vt 0.174218 0.174696
vt 0.174218 0.164061
vt 0.177019 0.169509
vt 0.176818 0.177019
vt 0.485114 0.655711
vt 0.493660 0.649594
vt 0.476420 0.673216
vt 0.472258 0.667685
vt 0.550919 0.384764
vt 0.550703 0.393978
vt 0.526070 0.375061
vt 0.528016 0.366503
vt 0.384870 0.782677
vt 0.378146 0.777625
vt 0.380580 0.772773
vt 0.385985 0.778815
vt 0.360980 0.356838
vt 0.353873 0.357509
vt 0.354840 0.348726
vt 0.360030 0.348495
vt 0.390338 0.788133
vt 0.386890 0.793952
vt 0.763999 0.964374
vt 0.757652 0.960099
vt 0.762508 0.954653
vt 0.767736 0.959764
vt 0.774023 0.966096
vt 0.767192 0.971125
vt 0.756267 0.963459
vt 0.467297 0.677866
vt 0.464137 0.674327
vt 0.462913 0.693232
vt 0.458958 0.690841
vt 0.453640 0.686928
vt 0.243053 0.164222
vt 0.242025 0.171925
vt 0.229058 0.162916
vt 0.231566 0.157355
vt 0.382682 0.209439
vt 0.379373 0.209993
vt 0.378338 0.203138
vt 0.382965 0.203313
vt 0.538652 0.796528
vt 0.543583 0.791084
vt 0.547401 0.793887
vt 0.540907 0.799817
vt 0.536608 0.802964
vt 0.536235 0.796460
vt 0.680619 0.904102
vt 0.673691 0.896636
vt 0.677732 0.891430
vt 0.685158 0.897654
vt 0.696503 0.906185
vt 0.692458 0.912977
vt 0.396177 0.184981
vt 0.394151 0.173181
vt 0.400549 0.171854
vt 0.402631 0.190203
vt 0.711848 0.931725
vt 0.691048 0.916891
vt 0.186845 0.126049
vt 0.184557 0.135193
vt 0.162100 0.119122
vt 0.165051 0.112623
vt 0.316663 0.235919
vt 0.320637 0.234144
vt 0.326270 0.240999
vt 0.318273 0.241080
vt 0.151553 0.182588
vt 0.152169 0.200355
vt 0.139349 0.201666
vt 0.139934 0.189027
vt 0.172234 0.186534
vt 0.171881 0.199607
vt 0.096637 0.140805
vt 0.094368 0.135675
vt 0.114542 0.137772
vt 0.113570 0.145780
vt 0.070385 0.142911
vt 0.070639 0.136571
vt 0.120230 0.191361
vt 0.121038 0.184369
vt 0.391038 0.770316
vt 0.395979 0.776368
vt 0.411818 0.282152
vt 0.422225 0.289645
vt 0.001494 0.139467
vt 0.013276 0.138433
vt 0.016073 0.145417
vt 0.004580 0.145099
vt 0.194374 0.410442
vt 0.194156 0.416566
vt 0.188244 0.418251
vt 0.188244 0.410080
vt 0.228122 0.221443
vt 0.228951 0.221483
vt 0.226290 0.229947
vt 0.221903 0.229908
vt 0.211622 0.137103
vt 0.208547 0.124202
vt 0.213464 0.124202
vt 0.212754 0.135078
vt 0.679466 0.785447
vt 0.687160 0.781721
vt 0.703446 0.793920
vt 0.697833 0.800011
vt 0.691578 0.809035
vt 0.676708 0.798820
vt 0.362211 0.001318
vt 0.361616 0.010549
vt 0.354950 0.010785
vt 0.356202 0.000380
vt 0.395618 0.063638
vt 0.391024 0.067684
vt 0.387672 0.058904
vt 0.395459 0.057222
vt 0.594096 0.719793
vt 0.599837 0.722285
vt 0.593003 0.730444
vt 0.587780 0.726603
vt 0.710848 0.801956
vt 0.708824 0.809619
vt 0.336819 0.406096
vt 0.332617 0.394057
vt 0.343625 0.386433
vt 0.343625 0.409573
vt 0.287916 0.386632
vt 0.296816 0.385792
vt 0.161354 0.149999
vt 0.158586 0.142970
vt 0.179707 0.146168
vt 0.176346 0.151863
vt 0.267264 0.414780
vt 0.255983 0.413399
vt 0.258243 0.398728
vt 0.267264 0.397118
vt 0.728861 0.815948
vt 0.719798 0.827794
vt 0.703984 0.818319
vt 0.670151 0.789476
vt 0.666829 0.794649
vt 0.658472 0.785464
vt 0.663992 0.779137
vt 0.745722 0.826555
vt 0.757538 0.834216
vt 0.758499 0.849349
vt 0.743722 0.835513
vt 0.350410 0.209421
vt 0.360530 0.204054
vt 0.360980 0.213318
vt 0.349676 0.223482
vt 0.016622 0.044650
vt 0.016622 0.039274
vt 0.019090 0.041464
vt 0.018321 0.045122
vt 0.034503 0.410076
vt 0.021906 0.410841
vt 0.021906 0.393936
vt 0.033919 0.391430
vt 0.043027 0.413044
vt 0.043387 0.412973
vt 0.794749 0.866189
vt 0.806538 0.875569
vt 0.802589 0.881670
vt 0.788641 0.871070
vt 0.314122 0.421722
vt 0.305969 0.421512
vt 0.305692 0.413098
vt 0.314122 0.415925
vt 0.414031 0.033815
vt 0.408909 0.036445
vt 0.408127 0.020484
vt 0.414780 0.020484
vt 0.404766 0.270095
vt 0.405985 0.268092
vt 0.412293 0.268559
vt 0.411850 0.272470
vt 0.785493 0.884309
vt 0.778648 0.879254
vt 0.785548 0.869204
vt 0.072890 0.394193
vt 0.072890 0.405619
vt 0.064541 0.402344
vt 0.061111 0.393331
vt 0.266470 0.370337
vt 0.278350 0.368101
vt 0.279412 0.384742
vt 0.267941 0.383915
vt 0.824752 0.883999
vt 0.836615 0.890674
vt 0.830365 0.898904
vt 0.819338 0.894165
vt 0.360980 0.234956
vt 0.354789 0.237761
vt 0.767186 0.845241
vt 0.765258 0.856739
vt 0.759587 0.865285
vt 0.750776 0.858099
vt 0.112806 0.024145
vt 0.108373 0.024297
vt 0.109924 0.018019
vt 0.112806 0.018473
vt 0.288090 0.397794
vt 0.284493 0.412647
vt 0.276024 0.414780
vt 0.276024 0.401175
vt 0.064663 0.413044
vt 0.064218 0.408646
vt 0.177190 0.315857
vt 0.177190 0.303408
vt 0.182225 0.304418
vt 0.182077 0.308837
vt 0.326047 0.411227
vt 0.334948 0.409274
vt 0.333725 0.419799
vt 0.326047 0.419986
vt 0.180660 0.296328
vt 0.181483 0.298209
vt 0.304161 0.230819
vt 0.299720 0.227385
vt 0.304695 0.223178
vt 0.305445 0.225628
vt 0.169376 0.004822
vt 0.187343 0.007076
vt 0.185566 0.013530
vt 0.165431 0.011974
vt 0.121897 0.404952
vt 0.119310 0.400212
vt 0.122120 0.396957
vt 0.128203 0.401514
vt 0.135367 0.409344
vt 0.127981 0.409573
vt 0.360980 0.267729
vt 0.356386 0.273819
vt 0.352461 0.270907
vt 0.140102 0.412982
vt 0.150987 0.408131
vt 0.149889 0.421722
vt 0.141475 0.421722
vt 0.359127 0.659133
vt 0.368175 0.667778
vt 0.357349 0.680593
vt 0.346973 0.672158
vt 0.046997 0.180280
vt 0.029287 0.180144
vt 0.027466 0.169730
vt 0.053470 0.170469
vt 0.240115 0.185277
vt 0.249909 0.192512
vt 0.243189 0.206522
vt 0.240115 0.196833
vt 0.383354 0.100797
vt 0.381353 0.089723
vt 0.391176 0.093153
vt 0.389082 0.101589
vt 0.109335 0.403946
vt 0.102390 0.413044
vt 0.095894 0.407888
vt 0.095894 0.399690
vt 0.096598 0.394194
vt 0.104096 0.393985
vt 0.399161 0.098209
vt 0.391696 0.110426
vt 0.381353 0.128426
vt 0.361156 0.713241
vt 0.355259 0.721644
vt 0.334685 0.707972
vt 0.338455 0.700317
vt 0.365990 0.646574
vt 0.379746 0.650889
vt 0.372451 0.661307
vt 0.361022 0.652513
vt 0.061181 0.175909
vt 0.081644 0.172277
vt 0.084606 0.178728
vt 0.026601 0.162179
vt 0.055365 0.162422
vt 0.088586 0.166403
vt 0.091980 0.403286
vt 0.091136 0.413044
vt 0.080637 0.412509
vt 0.075971 0.405842
vt 0.075971 0.395567
vt 0.084839 0.393633
vt 0.425610 0.603239
vt 0.424507 0.618288
vt 0.409123 0.613710
vt 0.416404 0.602925
vt 0.406200 0.592067
vt 0.409562 0.599058
vt 0.402025 0.609573
vt 0.397074 0.603742
vt 0.315823 0.380684
vt 0.322799 0.385571
vt 0.321065 0.390892
vt 0.313685 0.387191
vt 0.128898 0.179833
vt 0.114090 0.177896
vt 0.117501 0.170182
vt 0.130135 0.171317
vt 0.389550 0.616025
vt 0.393147 0.622953
vt 0.099762 0.174334
vt 0.096254 0.166438
vt 0.533432 0.529246
vt 0.525565 0.526399
vt 0.528367 0.522737
vt 0.537213 0.528537
vt 0.554653 0.542350
vt 0.553020 0.546419
vt 0.000678 0.160805
vt 0.003187 0.171110
vt 0.054782 0.159535
vt 0.089631 0.159569
vt 0.167154 0.413779
vt 0.170077 0.418390
vt 0.164268 0.419986
vt 0.162847 0.413614
vt 0.165480 0.405361
vt 0.170077 0.408418
vt 0.208096 0.015674
vt 0.200840 0.015094
vt 0.216935 0.329412
vt 0.216499 0.353433
vt 0.212387 0.354038
vt 0.212387 0.328896
vt 0.169577 0.001385
vt 0.188729 0.002123
vt 0.280402 0.371434
vt 0.286354 0.369113
vt 0.286354 0.393303
vt 0.282319 0.395690
vt 0.326740 0.705049
vt 0.328919 0.719263
vt 0.320175 0.715047
vt 0.204101 0.395299
vt 0.201748 0.383589
vt 0.208220 0.381338
vt 0.211393 0.395689
vt 0.005289 0.180490
vt 0.333458 0.692016
vt 0.344746 0.700661
vt 0.239496 0.018414
vt 0.238063 0.021918
vt 0.228977 0.022082
vt 0.229382 0.017434
vt 0.202447 0.050765
vt 0.204787 0.056958
vt 0.200243 0.057398
vt 0.199012 0.051738
vt 0.292453 0.360291
vt 0.302629 0.360451
vt 0.302786 0.365463
vt 0.293916 0.366432
vt 0.430092 0.560194
vt 0.443767 0.568016
vt 0.434707 0.578722
vt 0.421665 0.571066
vt 0.168729 0.180490
vt 0.154976 0.180455
vt 0.155221 0.168067
vt 0.170492 0.168843
vt 0.404875 0.211173
vt 0.416515 0.211173
vt 0.412458 0.225159
vt 0.409250 0.227348
vt 0.002117 0.148584
vt 0.006944 0.147821
vt 0.006882 0.152733
vt 0.001407 0.152774
vt 0.207626 0.017775
vt 0.217515 0.017369
vt 0.217657 0.022321
vt 0.208165 0.022624
vt 0.324284 0.358455
vt 0.326295 0.362476
vt 0.315017 0.364027
vt 0.314455 0.359476
vt 0.474553 0.496779
vt 0.475155 0.496152
vt 0.478927 0.500413
vt 0.477140 0.502823
vt 0.328883 0.369741
vt 0.315919 0.373757
vt 0.315575 0.369275
vt 0.327853 0.367645
vt 0.473074 0.508111
vt 0.469590 0.503897
vt 0.337421 0.367687
vt 0.336473 0.373558
vt 0.329012 0.375922
vt 0.380274 0.095121
vt 0.381806 0.100245
vt 0.375235 0.102393
vt 0.375235 0.092478
vt 0.038586 0.112283
vt 0.035600 0.105364
vt 0.041666 0.107580
vt 0.043474 0.114364
vt 0.741007 0.688940
vt 0.737726 0.693294
vt 0.728355 0.685661
vt 0.732119 0.681135
vt 0.068154 0.119748
vt 0.056582 0.117139
vt 0.057501 0.110312
vt 0.072243 0.113785
vt 0.300401 0.386524
vt 0.306879 0.383809
vt 0.307532 0.390060
vt 0.300691 0.391344
vt 0.650883 0.624108
vt 0.643167 0.630573
vt 0.634645 0.620195
vt 0.644046 0.616312
vt 0.032454 0.113784
vt 0.017271 0.114273
vt 0.021750 0.106233
vt 0.712382 0.666871
vt 0.704089 0.674903
vt 0.691602 0.665748
vt 0.699629 0.658822
vt 0.134292 0.180069
vt 0.131394 0.164133
vt 0.409468 0.587774
vt 0.421590 0.596611
vt 0.232554 0.009189
vt 0.229705 0.013884
vt 0.222384 0.013884
vt 0.223193 0.010310
vt 0.222446 0.006614
vt 0.230779 0.001103
vt 0.362130 0.378150
vt 0.358762 0.373559
vt 0.364941 0.374798
vt 0.366186 0.375473
vt 0.161741 0.159691
vt 0.172016 0.161121
vt 0.188623 0.161014
vt 0.188149 0.167563
vt 0.663733 0.623923
vt 0.663347 0.613814
vt 0.687642 0.631984
vt 0.685055 0.640323
vt 0.443893 0.563285
vt 0.461616 0.564995
vt 0.458313 0.574419
vt 0.449840 0.586565
vt 0.210652 0.398988
vt 0.214406 0.401171
vt 0.207995 0.405977
vt 0.206024 0.400947
vt 0.458519 0.520625
vt 0.464115 0.512585
vt 0.467436 0.516099
vt 0.460989 0.524289
vt 0.629551 0.606079
vt 0.622099 0.608338
vt 0.226399 0.206522
vt 0.220672 0.204719
vt 0.223291 0.188928
vt 0.228936 0.188966
vt 0.117941 0.405991
vt 0.125305 0.411257
vt 0.128426 0.419986
vt 0.117941 0.417944
vt 0.268436 0.196284
vt 0.268999 0.208258
vt 0.259879 0.205827
vt 0.260711 0.196284
vt 0.679167 0.676816
vt 0.668495 0.705737
vt 0.657086 0.699233
vt 0.667461 0.668748
vt 0.678173 0.663812
vt 0.682053 0.658274
vt 0.605330 0.625047
vt 0.588005 0.620342
vt 0.598884 0.601456
vt 0.612165 0.610478
vt 0.615369 0.615136
vt 0.627312 0.625685
vt 0.409573 0.230398
vt 0.405822 0.229304
vt 0.400829 0.234290
vt 0.400829 0.225488
vt 0.640737 0.641385
vt 0.636361 0.635463
vt 0.646149 0.638880
vt 0.641701 0.652801
vt 0.636782 0.647514
vt 0.625033 0.642996
vt 0.232103 0.411309
vt 0.230726 0.404951
vt 0.234043 0.395982
vt 0.237761 0.408188
vt 0.021808 0.037085
vt 0.027239 0.033551
vt 0.027768 0.039697
vt 0.021808 0.045122
vt 0.224973 0.410752
vt 0.225007 0.406797
vt 0.838469 0.774472
vt 0.827945 0.790528
vt 0.818726 0.783418
vt 0.830059 0.766986
vt 0.010379 0.413044
vt 0.002910 0.411666
vt 0.001435 0.395118
vt 0.008508 0.396183
vt 0.088595 0.175402
vt 0.095451 0.170993
vt 0.095451 0.182878
vt 0.084821 0.183961
vt 0.312386 0.383037
vt 0.310032 0.390937
vt 0.075086 0.108391
vt 0.057086 0.104333
vt 0.057680 0.099166
vt 0.076106 0.103950
vt 0.195498 0.409573
vt 0.190258 0.405527
vt 0.190999 0.396141
vt 0.201316 0.399428
vt 0.370584 0.300174
vt 0.362949 0.301004
vt 0.363705 0.279828
vt 0.370570 0.279743
vt 0.287321 0.178155
vt 0.311920 0.178069
vt 0.310982 0.184523
vt 0.291203 0.184281
vt 0.391860 0.313946
vt 0.393703 0.302614
vt 0.402631 0.301204
vt 0.398599 0.314122
vt 0.386958 0.187432
vt 0.378153 0.178238
vt 0.378153 0.164795
vt 0.387124 0.166185
vt 0.402631 0.196994
vt 0.402631 0.222142
vt 0.395521 0.221581
vt 0.394921 0.205548
vt 0.391860 0.288469
vt 0.399992 0.287985
vt 0.224973 0.393500
vt 0.141919 0.409573
vt 0.146811 0.390318
vt 0.152722 0.391927
vt 0.152722 0.403887
vt 0.079506 0.035618
vt 0.086774 0.033891
vt 0.086774 0.044156
vt 0.079068 0.045122
vt 0.298160 0.190823
vt 0.312541 0.191930
vt 0.884679 0.792972
vt 0.895962 0.801960
vt 0.892904 0.808909
vt 0.880866 0.800125
vt 0.913122 0.815845
vt 0.910898 0.821998
vt 0.903787 0.816825
vt 0.907311 0.810865
vt 0.334587 0.192638
vt 0.326945 0.192638
vt 0.326885 0.186361
vt 0.336472 0.187040
vt 0.018181 0.185981
vt 0.023735 0.183951
vt 0.024609 0.192085
vt 0.017877 0.192370
vt 0.849558 0.768611
vt 0.862972 0.782216
vt 0.858269 0.792266
vt 0.846603 0.779571
vt 0.224773 0.128898
vt 0.236432 0.124187
vt 0.231967 0.149383
vt 0.224662 0.147796
vt 0.531151 0.589817
vt 0.524077 0.586568
vt 0.527688 0.582802
vt 0.535585 0.588064
vt 0.531496 0.597433
vt 0.526170 0.595754
vt 0.532004 0.663903
vt 0.531435 0.662124
vt 0.534330 0.658137
vt 0.538976 0.660046
vt 0.201939 0.376599
vt 0.201939 0.370043
vt 0.204185 0.367380
vt 0.204787 0.372402
vt 0.679777 0.474011
vt 0.685175 0.477898
vt 0.680831 0.481523
vt 0.674542 0.475098
vt 0.678903 0.471600
vt 0.676676 0.472143
vt 0.326270 0.170974
vt 0.323130 0.175283
vt 0.316492 0.175252
vt 0.317514 0.169422
vt 0.540187 0.585318
vt 0.532588 0.577943
vt 0.536631 0.573256
vt 0.543108 0.582160
vt 0.617379 0.428210
vt 0.619901 0.432045
vt 0.613399 0.431244
vt 0.612788 0.429750
vt 0.616309 0.439798
vt 0.610964 0.435818
vt 0.206410 0.108237
vt 0.212693 0.111944
vt 0.208919 0.121484
vt 0.202653 0.112605
vt 0.532967 0.666161
vt 0.541754 0.668508
vt 0.537994 0.670557
vt 0.658276 0.755085
vt 0.672274 0.760192
vt 0.669603 0.767543
vt 0.654110 0.756080
vt 0.651135 0.748362
vt 0.654375 0.749803
vt 0.656425 0.743765
vt 0.657784 0.747515
vt 0.011695 0.115267
vt 0.015305 0.115612
vt 0.015619 0.121061
vt 0.011695 0.121484
vt 0.674845 0.468606
vt 0.661544 0.459712
vt 0.665644 0.454432
vt 0.677106 0.463483
vt 0.669929 0.472846
vt 0.657540 0.465051
vt 0.100113 0.052750
vt 0.112048 0.050765
vt 0.112595 0.056145
vt 0.099734 0.058315
vt 0.239496 0.120861
vt 0.224911 0.120966
vt 0.225455 0.111026
vt 0.236406 0.109077
vt 0.417200 0.072673
vt 0.417498 0.077048
vt 0.409747 0.076046
vt 0.412461 0.070352
vt 0.857270 0.893079
vt 0.852231 0.891452
vt 0.855965 0.879795
vt 0.861295 0.883781
vt 0.216457 0.374937
vt 0.214981 0.366021
vt 0.220406 0.366940
vt 0.220406 0.376599
vt 0.824504 0.579958
vt 0.823794 0.582070
vt 0.815085 0.578339
vt 0.817777 0.573528
vt 0.677437 0.772422
vt 0.680441 0.765169
vt 0.197517 0.349536
vt 0.197517 0.341696
vt 0.201316 0.344322
vt 0.199135 0.350567
vt 0.127573 0.305445
vt 0.127911 0.297630
vt 0.132077 0.298201
vt 0.131124 0.304961
vt 0.206050 0.167531
vt 0.208298 0.164859
vt 0.211128 0.164996
vt 0.211729 0.168514
vt 0.639177 0.454016
vt 0.634423 0.451717
vt 0.638312 0.445076
vt 0.641797 0.449081
vt 0.638931 0.460482
vt 0.632465 0.458973
vt 0.187887 0.123219
vt 0.185101 0.122226
vt 0.183556 0.115077
vt 0.188922 0.116790
vt 0.943792 0.702654
vt 0.954744 0.709752
vt 0.953703 0.716265
vt 0.940838 0.707952
vt 0.787539 0.569632
vt 0.787968 0.561168
vt 0.800184 0.569897
vt 0.798508 0.576690
vt 0.034898 0.286075
vt 0.030866 0.288090
vt 0.031210 0.281653
vt 0.036381 0.280639
vt 0.343774 0.161613
vt 0.338256 0.162708
vt 0.337276 0.154017
vt 0.343590 0.153228
vt 0.992796 0.715533
vt 0.985496 0.711330
vt 0.987834 0.706440
vt 0.995276 0.712015
vt 0.821366 0.618312
vt 0.816138 0.626573
vt 0.811309 0.623148
vt 0.817220 0.615740
vt 0.169919 0.030436
vt 0.161576 0.028485
vt 0.162332 0.019948
vt 0.169771 0.022541
vt 0.170077 0.032974
vt 0.165813 0.032974
vt 0.665778 0.476470
vt 0.671051 0.480057
vt 0.668389 0.484081
vt 0.667938 0.480036
vt 0.820456 0.611741
vt 0.822291 0.615712
vt 0.607664 0.439750
vt 0.612865 0.446163
vt 0.604601 0.435910
vt 0.606582 0.433040
vt 0.763614 0.573185
vt 0.760293 0.579318
vt 0.756152 0.576729
vt 0.759233 0.571174
vt 0.770895 0.576709
vt 0.766932 0.583515
vt 0.788244 0.592617
vt 0.793105 0.596376
vt 0.791936 0.602020
vt 0.785552 0.598429
vt 0.676417 0.485640
vt 0.670144 0.489255
vt 0.105677 0.155620
vt 0.097386 0.155911
vt 0.097074 0.150672
vt 0.105864 0.147821
vt 0.558663 0.559200
vt 0.556346 0.563898
vt 0.548627 0.558764
vt 0.551766 0.554583
vt 0.653990 0.469594
vt 0.831816 0.583594
vt 0.827715 0.590368
vt 0.821144 0.587838
vt 0.678472 0.772085
vt 0.682872 0.766944
vt 0.688642 0.771223
vt 0.683625 0.777634
vt 0.811935 0.584118
vt 0.621269 0.453308
vt 0.626146 0.446474
vt 0.781575 0.595495
vt 0.774959 0.589373
vt 0.779536 0.583510
vt 0.342109 0.001652
vt 0.344670 0.003636
vt 0.345361 0.014862
vt 0.340180 0.013988
vt 0.861564 0.624074
vt 0.858028 0.626395
vt 0.860541 0.621657
vt 0.864622 0.623176
vt 0.103526 0.093716
vt 0.095078 0.093545
vt 0.096224 0.086661
vt 0.104129 0.089638
vt 0.332397 0.013454
vt 0.333627 0.001897
vt 0.816161 0.593306
vt 0.824367 0.596693
vt 0.820836 0.602650
vt 0.814901 0.599107
vt 0.290962 0.355952
vt 0.290688 0.361408
vt 0.281979 0.360856
vt 0.282082 0.355100
vt 0.809402 0.588607
vt 0.972152 0.726628
vt 0.966966 0.733830
vt 0.960588 0.730429
vt 0.964874 0.722634
vt 0.180490 0.388748
vt 0.173420 0.387929
vt 0.172603 0.379419
vt 0.179560 0.379170
vt 0.812283 0.603655
vt 0.818264 0.607502
vt 0.291561 0.366823
vt 0.282059 0.366630
vt 0.003767 0.093716
vt 0.007658 0.086184
vt 0.015886 0.085809
vt 0.015814 0.090235
vt 0.242145 0.002706
vt 0.253922 0.005134
vt 0.252938 0.015957
vt 0.243751 0.017028
vt 0.124393 0.110434
vt 0.124955 0.114403
vt 0.117459 0.117947
vt 0.118091 0.111039
vt 0.392219 0.165924
vt 0.390696 0.185244
vt 0.368616 0.359538
vt 0.363953 0.360980
vt 0.363415 0.338991
vt 0.371393 0.338668
vt 0.328780 0.380510
vt 0.335312 0.379007
vt 0.313975 0.204795
vt 0.314591 0.196522
vt 0.319328 0.195506
vt 0.319328 0.206522
vt 0.038872 0.193252
vt 0.045122 0.193878
vt 0.044842 0.201048
vt 0.038327 0.201491
vt 0.037828 0.188485
vt 0.044015 0.189784
vt 0.206997 0.355100
vt 0.217570 0.356064
vt 0.217282 0.362224
vt 0.204186 0.361804
vt 0.929569 0.799623
vt 0.924050 0.808533
vt 0.919827 0.804522
vt 0.922653 0.796185
vt 0.927721 0.785860
vt 0.933885 0.789656
vt 0.194959 0.361431
vt 0.196571 0.357203
vt 0.032975 0.100466
vt 0.004499 0.082652
vt 0.008740 0.080627
vt 0.002376 0.087405
vt 0.118695 0.098803
vt 0.118840 0.103558
vt 0.108469 0.104516
vt 0.109601 0.098323
vt 0.139182 0.287080
vt 0.148302 0.286647
vt 0.147797 0.291291
vt 0.137967 0.291132
vt 0.141341 0.129282
vt 0.142398 0.124929
vt 0.146826 0.127598
vt 0.142283 0.132217
vt 0.175211 0.291078
vt 0.174647 0.299432
vt 0.169029 0.299087
vt 0.169895 0.290666
vt 0.194402 0.364424
vt 0.202785 0.365910
vt 0.726283 0.672544
vt 0.716478 0.666969
vt 0.720373 0.664727
vt 0.729533 0.669942
vt 0.335451 0.385158
vt 0.346859 0.376076
vt 0.346424 0.381706
vt 0.715484 0.649678
vt 0.717963 0.654858
vt 0.709864 0.659377
vt 0.708912 0.649442
vt 0.148853 0.139910
vt 0.141574 0.142309
vt 0.142808 0.137039
vt 0.149251 0.132443
vt 0.242145 0.160947
vt 0.242746 0.153005
vt 0.250412 0.152551
vt 0.249367 0.161471
vt 0.035271 0.184613
vt 0.036445 0.191854
vt 0.031363 0.191650
vt 0.030197 0.183063
vt 0.334647 0.175495
vt 0.336683 0.180544
vt 0.326940 0.179850
vt 0.326745 0.174500
vt 0.371393 0.268270
vt 0.365167 0.267750
vt 0.248869 0.166052
vt 0.260334 0.160510
vt 0.259912 0.166606
vt 0.032922 0.202706
vt 0.025879 0.202707
vt 0.035464 0.224650
vt 0.028478 0.224354
vt 0.020951 0.223747
vt 0.018596 0.202537
vt 0.905602 0.830693
vt 0.894592 0.848877
vt 0.889745 0.844262
vt 0.899235 0.825707
vt 0.883040 0.837975
vt 0.890083 0.818686
vt 0.875233 0.830766
vt 0.879139 0.810636
vt 0.866957 0.823453
vt 0.870946 0.805039
vt 0.873583 0.795263
vt 0.860009 0.817885
vt 0.865655 0.799673
vt 0.870980 0.792278
vt 0.857716 0.814354
vt 0.844281 0.845453
vt 0.837731 0.839881
vt 0.838147 0.797185
vt 0.824060 0.829241
vt 0.810620 0.818664
vt 0.825814 0.855549
vt 0.816810 0.848013
vt 0.802211 0.835959
vt 0.782521 0.820705
vt 0.796053 0.807705
vt 0.811712 0.857131
vt 0.797688 0.844893
vt 0.776863 0.828575
vt 0.759826 0.816435
vt 0.766627 0.809374
vt 0.792755 0.851556
vt 0.772300 0.835281
vt 0.753966 0.822411
vt 0.737982 0.812078
vt 0.744361 0.806918
vt 0.768762 0.840388
vt 0.750706 0.825399
vt 0.232424 0.180405
vt 0.236025 0.182785
vt 0.235845 0.199779
vt 0.229697 0.197668
vt 0.236025 0.208258
vt 0.230261 0.207705
vt 0.882379 0.621049
vt 0.898226 0.632303
vt 0.893819 0.636872
vt 0.877848 0.625802
vt 0.868720 0.619915
vt 0.872774 0.615964
vt 0.863837 0.617226
vt 0.867577 0.613380
vt 0.873414 0.630177
vt 0.056294 0.174817
vt 0.057271 0.180490
vt 0.050957 0.180490
vt 0.052981 0.173781
vt 0.869981 0.612010
vt 0.876035 0.612552
vt 0.858689 0.614804
vt 0.862805 0.609973
vt 0.848865 0.609894
vt 0.853307 0.603819
vt 0.854792 0.620256
vt 0.844678 0.616289
vt 0.830143 0.608348
vt 0.834359 0.601882
vt 0.850873 0.626929
vt 0.840754 0.622454
vt 0.827025 0.613667
vt 0.162706 0.387656
vt 0.146398 0.387756
vt 0.146828 0.379265
vt 0.162132 0.379139
vt 0.147430 0.365156
vt 0.160989 0.365693
vt 0.170575 0.365287
vt 0.177566 0.365081
vt 0.159746 0.339280
vt 0.168959 0.339329
vt 0.176304 0.339414
vt 0.242597 0.367922
vt 0.242535 0.362746
vt 0.267789 0.361563
vt 0.268131 0.367516
vt 0.168406 0.313420
vt 0.174982 0.313646
vt 0.385900 0.354038
vt 0.385900 0.331535
vt 0.392219 0.331756
vt 0.392092 0.353893
vt 0.387151 0.318851
vt 0.391988 0.319931
vt 0.159086 0.313068
vt 0.159837 0.298784
vt 0.147920 0.312660
vt 0.147470 0.298417
vt 0.160877 0.291282
vt 0.162134 0.286637
vt 0.143534 0.118323
vt 0.149251 0.120458
vt 0.095749 0.097893
vt 0.093937 0.104029
vt 0.082787 0.100720
vt 0.086409 0.096839
vt 0.107354 0.111693
vt 0.092017 0.110039
vt 0.106178 0.119100
vt 0.089888 0.116507
vt 0.373420 0.345297
vt 0.373917 0.330370
vt 0.381347 0.330857
vt 0.381806 0.345383
vt 0.380424 0.359159
vt 0.372295 0.362715
vt 0.755717 0.703814
vt 0.769054 0.712916
vt 0.763336 0.720028
vt 0.750316 0.711460
vt 0.739705 0.704641
vt 0.744011 0.698236
vt 0.736133 0.702592
vt 0.740871 0.696369
vt 0.742220 0.724251
vt 0.732318 0.718086
vt 0.727056 0.713978
vt 0.721776 0.709527
vt 0.731584 0.698645
vt 0.713725 0.743251
vt 0.707329 0.738601
vt 0.702653 0.734358
vt 0.695650 0.728033
vt 0.713446 0.702990
vt 0.691390 0.757274
vt 0.687522 0.753923
vt 0.680818 0.748672
vt 0.672014 0.742734
vt 0.687525 0.721158
vt 0.680990 0.715913
vt 0.697347 0.690386
vt 0.704687 0.696122
vt 0.667103 0.737613
vt 0.392219 0.210680
vt 0.385996 0.209818
vt 0.385996 0.189130
vt 0.390013 0.189813
vt 0.390901 0.222142
vt 0.386033 0.219667
vt 0.678870 0.714190
vt 0.691573 0.685729
vt 0.663646 0.734150
vt 0.658345 0.729062
vt 0.649529 0.721520
vt 0.183556 0.103550
vt 0.190903 0.107032
vt 0.653525 0.740696
vt 0.645370 0.733344
vt 0.630255 0.719889
vt 0.635419 0.708888
vt 0.642800 0.741758
vt 0.626606 0.728295
vt 0.606649 0.712252
vt 0.610646 0.705072
vt 0.641675 0.747741
vt 0.624410 0.733098
vt 0.603295 0.718690
vt 0.585495 0.705580
vt 0.589824 0.700280
vt 0.751040 0.525257
vt 0.771237 0.540949
vt 0.768903 0.546757
vt 0.747798 0.531552
vt 0.728578 0.518080
vt 0.732905 0.512614
vt 0.709206 0.504460
vt 0.713643 0.499289
vt 0.744148 0.538134
vt 0.724217 0.523733
vt 0.704427 0.509504
vt 0.687585 0.496582
vt 0.692806 0.491969
vt 0.861321 0.641653
vt 0.881081 0.655923
vt 0.877065 0.660921
vt 0.856653 0.646030
vt 0.839067 0.632494
vt 0.844465 0.628764
vt 0.826505 0.622047
vt 0.832384 0.619123
vt 0.850385 0.651952
vt 0.832033 0.638145
vt 0.821682 0.630612
vt 0.842058 0.660361
vt 0.822977 0.647515
vt 0.814222 0.641875
vt 0.808390 0.637915
vt 0.807128 0.668687
vt 0.798697 0.662846
vt 0.793130 0.659232
vt 0.787938 0.655523
vt 0.803180 0.634555
vt 0.785731 0.683770
vt 0.779183 0.679439
vt 0.773457 0.675752
vt 0.764666 0.669887
vt 0.778852 0.649035
vt 0.772299 0.688819
vt 0.766764 0.685185
vt 0.757976 0.679854
vt 0.746982 0.673053
vt 0.753417 0.662337
vt 0.763046 0.690675
vt 0.754404 0.685618
vt 0.743109 0.679512
vt 0.760372 0.694362
vt 0.751687 0.689526
vt 0.740845 0.683469
vt 0.304537 0.381856
vt 0.294691 0.382633
vt 0.295069 0.378088
vt 0.303831 0.376687
vt 0.316688 0.379025
vt 0.294873 0.373031
vt 0.303222 0.371105
vt 0.290654 0.378738
vt 0.290256 0.375561
vt 0.166362 0.105477
vt 0.171813 0.103221
vt 0.171813 0.111071
vt 0.166278 0.110662
vt 0.185696 0.168600
vt 0.183997 0.174727
vt 0.180230 0.175284
vt 0.180230 0.167961
vt 0.764835 0.698906
vt 0.767608 0.694561
vt 0.776014 0.700434
vt 0.773205 0.706189
vt 0.381587 0.211437
vt 0.385277 0.222567
vt 0.380111 0.225116
vt 0.378331 0.211878
vt 0.385277 0.241563
vt 0.382479 0.247919
vt 0.379236 0.251645
vt 0.372735 0.226859
vt 0.374113 0.211685
vt 0.329741 0.194780
vt 0.329741 0.220406
vt 0.324782 0.216622
vt 0.320914 0.194694
vt 0.196159 0.069419
vt 0.185383 0.067013
vt 0.184151 0.058219
vt 0.194458 0.058217
vt 0.193563 0.051555
vt 0.218160 0.209658
vt 0.226688 0.209504
vt 0.228269 0.218387
vt 0.220106 0.218021
vt 0.236330 0.037652
vt 0.227365 0.038802
vt 0.228235 0.028185
vt 0.237270 0.027415
vt 0.247146 0.211015
vt 0.248089 0.218671
vt 0.235360 0.061696
vt 0.226531 0.063122
vt 0.217319 0.064629
vt 0.217852 0.040110
vt 0.235166 0.092017
vt 0.226044 0.093057
vt 0.216187 0.094331
vt 0.208103 0.094857
vt 0.209094 0.066161
vt 0.157511 0.068425
vt 0.158075 0.076226
vt 0.136885 0.076361
vt 0.137197 0.068804
vt 0.209214 0.041152
vt 0.180935 0.068902
vt 0.180899 0.076190
vt 0.080337 0.150972
vt 0.081256 0.156700
vt 0.053313 0.158267
vt 0.051927 0.151601
vt 0.192169 0.070270
vt 0.194374 0.076361
vt 0.406102 0.023523
vt 0.400033 0.024297
vt 0.400033 0.001302
vt 0.405740 0.001473
vt 0.026797 0.159287
vt 0.025965 0.152679
vt 0.516349 0.528248
vt 0.538762 0.545007
vt 0.535947 0.549529
vt 0.514481 0.533153
vt 0.532132 0.556507
vt 0.510273 0.539537
vt 0.543406 0.565822
vt 0.527036 0.563678
vt 0.550918 0.571708
vt 0.630879 0.439118
vt 0.522527 0.569398
vt 0.501029 0.553346
vt 0.505438 0.546690
vt 0.478126 0.536810
vt 0.483017 0.530031
vt 0.487984 0.522600
vt 0.472355 0.521212
vt 0.478155 0.513642
vt 0.482195 0.508319
vt 0.492374 0.516348
vt 0.484783 0.504712
vt 0.495006 0.512476
vt 0.013966 0.159551
vt 0.006701 0.159664
vt 0.014112 0.152399
vt 0.127586 0.075946
vt 0.121615 0.075879
vt 0.122746 0.069782
vt 0.127878 0.069230
vt 0.208827 0.029366
vt 0.217991 0.028847
vt 0.464995 0.529735
vt 0.475457 0.541029
vt 0.455916 0.539917
vt 0.261525 0.168314
vt 0.284552 0.168217
vt 0.284729 0.174989
vt 0.260866 0.175283
vt 0.498412 0.558057
vt 0.494964 0.565699
vt 0.467033 0.554405
vt 0.306504 0.168544
vt 0.305965 0.175211
vt 0.519152 0.573523
vt 0.516176 0.577086
vt 0.511815 0.582600
vt 0.490533 0.574624
vt 0.127573 0.286288
vt 0.133632 0.287504
vt 0.484137 0.585540
vt 0.505350 0.591030
vt 0.497322 0.601335
vt 0.477386 0.596763
vt 0.517830 0.593077
vt 0.507940 0.603391
vt 0.497874 0.615828
vt 0.488684 0.612556
vt 0.515985 0.605726
vt 0.504586 0.619574
vt 0.491269 0.639193
vt 0.485629 0.633833
vt 0.522496 0.608227
vt 0.510515 0.622534
vt 0.498084 0.638643
vt 0.372754 0.290609
vt 0.372483 0.275480
vt 0.377927 0.273514
vt 0.378335 0.290377
vt 0.377381 0.317593
vt 0.372483 0.307930
vt 0.575627 0.404677
vt 0.591771 0.416375
vt 0.589331 0.421746
vt 0.573949 0.410540
vt 0.728915 0.545411
vt 0.744799 0.555928
vt 0.743283 0.560783
vt 0.727522 0.550129
vt 0.705340 0.533632
vt 0.706343 0.527923
vt 0.680004 0.514358
vt 0.681589 0.509193
vt 0.725286 0.556645
vt 0.702310 0.540003
vt 0.676789 0.520807
vt 0.652868 0.503013
vt 0.656794 0.497019
vt 0.698874 0.546606
vt 0.673287 0.527481
vt 0.648765 0.509424
vt 0.625041 0.492167
vt 0.629871 0.486458
vt 0.667348 0.537757
vt 0.642262 0.519179
vt 0.617734 0.501271
vt 0.592460 0.483130
vt 0.601282 0.474773
vt 0.625835 0.543362
vt 0.600956 0.523784
vt 0.576167 0.504466
vt 0.564008 0.494682
vt 0.580384 0.474195
vt 0.586798 0.543950
vt 0.562755 0.525996
vt 0.548456 0.514507
vt 0.538995 0.506470
vt 0.555651 0.487438
vt 0.558206 0.535627
vt 0.541804 0.523410
vt 0.532323 0.516324
vt 0.519876 0.507485
vt 0.528375 0.497726
vt 0.515670 0.514633
vt 0.502711 0.505327
vt 0.510399 0.499420
vt 0.222142 0.378924
vt 0.222142 0.394179
vt 0.217738 0.394774
vt 0.215206 0.380073
vt 0.405938 0.304771
vt 0.413044 0.308510
vt 0.410611 0.319356
vt 0.405938 0.321064
vt 0.206635 0.370466
vt 0.210919 0.368257
vt 0.520366 0.490979
vt 0.537384 0.472588
vt 0.545634 0.479280
vt 0.554364 0.452863
vt 0.563484 0.460342
vt 0.573070 0.468344
vt 0.572229 0.451042
vt 0.581230 0.458946
vt 0.588250 0.464948
vt 0.585941 0.453479
vt 0.593452 0.459714
vt 0.607237 0.470010
vt 0.597984 0.455309
vt 0.612494 0.465548
vt 0.634327 0.481189
vt 0.616495 0.462200
vt 0.637474 0.477785
vt 0.659356 0.493043
vt 0.503623 0.359210
vt 0.481851 0.343807
vt 0.485639 0.339023
vt 0.507487 0.353743
vt 0.242569 0.064335
vt 0.242742 0.085868
vt 0.236715 0.085066
vt 0.236915 0.063094
vt 0.237448 0.041760
vt 0.242967 0.042429
vt 0.460176 0.329192
vt 0.464431 0.324782
vt 0.443727 0.711176
vt 0.429451 0.732196
vt 0.424166 0.727765
vt 0.438494 0.706640
vt 0.418639 0.723249
vt 0.432915 0.701801
vt 0.447840 0.682673
vt 0.424676 0.695194
vt 0.439773 0.677098
vt 0.450211 0.664444
vt 0.458098 0.669811
vt 0.456877 0.656425
vt 0.465074 0.662226
vt 0.467872 0.641895
vt 0.478418 0.647689
vt 0.441537 0.645711
vt 0.450492 0.632804
vt 0.456062 0.622047
vt 0.476710 0.629097
vt 0.468212 0.609411
vt 0.438980 0.598787
vt 0.417480 0.631480
vt 0.409445 0.642644
vt 0.394011 0.635394
vt 0.400347 0.626625
vt 0.433854 0.655967
vt 0.424693 0.668994
vt 0.398823 0.658433
vt 0.390734 0.672309
vt 0.411519 0.685755
vt 0.400776 0.705173
vt 0.383170 0.684330
vt 0.411760 0.717147
vt 0.401901 0.734488
vt 0.391526 0.723118
vt 0.408006 0.740548
vt 0.402094 0.750313
vt 0.396786 0.743490
vt 0.413328 0.744945
vt 0.407352 0.754684
vt 0.402855 0.763905
vt 0.397700 0.758506
vt 0.418846 0.749071
vt 0.411834 0.757858
vt 0.406828 0.768049
vt 0.398760 0.780231
vt 0.431913 0.298675
vt 0.440501 0.305892
vt 0.438621 0.308816
vt 0.427782 0.303544
vt 0.435409 0.313356
vt 0.424454 0.308312
vt 0.433544 0.315919
vt 0.421524 0.312730
vt 0.412307 0.306089
vt 0.580941 0.441293
vt 0.589713 0.449019
vt 0.576981 0.445699
vt 0.562486 0.442663
vt 0.555817 0.436831
vt 0.547974 0.447417
vt 0.542496 0.442290
vt 0.550466 0.432198
vt 0.532026 0.467472
vt 0.526583 0.462120
vt 0.518473 0.454999
vt 0.533873 0.434823
vt 0.516011 0.486417
vt 0.510342 0.481290
vt 0.501890 0.474986
vt 0.483291 0.461587
vt 0.499642 0.439851
vt 0.502108 0.490920
vt 0.493559 0.483931
vt 0.475717 0.469685
vt 0.451232 0.452157
vt 0.458004 0.443504
vt 0.488091 0.489035
vt 0.471480 0.476033
vt 0.447125 0.457868
vt 0.423028 0.440055
vt 0.427493 0.434671
vt 0.468301 0.480937
vt 0.443461 0.462168
vt 0.419380 0.444832
vt 0.398816 0.429730
vt 0.401412 0.424636
vt 0.441512 0.465053
vt 0.416830 0.447307
vt 0.383777 0.280206
vt 0.388748 0.280665
vt 0.388660 0.299589
vt 0.382713 0.299860
vt 0.388748 0.315467
vt 0.383704 0.315857
vt 0.083839 0.005426
vt 0.108232 0.005114
vt 0.108872 0.010557
vt 0.084516 0.010878
vt 0.064982 0.011982
vt 0.063858 0.006222
vt 0.051753 0.013515
vt 0.050932 0.006894
vt 0.085097 0.016294
vt 0.066809 0.017393
vt 0.053127 0.020420
vt 0.086526 0.021190
vt 0.069151 0.020569
vt 0.157125 0.139933
vt 0.153058 0.140574
vt 0.153058 0.127370
vt 0.157929 0.127350
vt 0.188721 0.284871
vt 0.171352 0.286354
vt 0.170864 0.280673
vt 0.186607 0.280509
vt 0.201953 0.279034
vt 0.203484 0.284007
vt 0.213414 0.277577
vt 0.214715 0.281508
vt 0.186629 0.273215
vt 0.200722 0.272505
vt 0.211922 0.271684
vt 0.337735 0.175284
vt 0.337735 0.166681
vt 0.343625 0.164970
vt 0.341927 0.173862
vt 0.199427 0.258759
vt 0.210412 0.258170
vt 0.218119 0.257956
vt 0.218671 0.271743
vt 0.252038 0.226992
vt 0.250833 0.235151
vt 0.236233 0.236674
vt 0.238110 0.227684
vt 0.209325 0.226527
vt 0.216562 0.226808
vt 0.283208 0.228441
vt 0.282135 0.238060
vt 0.279260 0.246399
vt 0.249474 0.246435
vt 0.306967 0.233472
vt 0.305380 0.239647
vt 0.303979 0.246322
vt 0.083303 0.074455
vt 0.083129 0.079289
vt 0.058332 0.080955
vt 0.058630 0.074409
vt 0.317034 0.246219
vt 0.116277 0.394082
vt 0.116272 0.405430
vt 0.111933 0.405007
vt 0.110998 0.395051
vt 0.796941 0.978019
vt 0.793380 0.974149
vt 0.800058 0.963454
vt 0.804713 0.968166
vt 0.116277 0.411309
vt 0.113236 0.411097
vt 0.792989 0.984360
vt 0.789590 0.981549
vt 0.784066 0.976113
vt 0.788200 0.968618
vt 0.000630 0.057112
vt 0.004815 0.058117
vt 0.005206 0.061833
vt 0.000630 0.062477
vt 0.787359 0.986171
vt 0.781098 0.981680
vt 0.257159 0.174506
vt 0.254257 0.179975
vt 0.240475 0.177719
vt 0.226271 0.167926
vt 0.238875 0.182692
vt 0.224526 0.172271
vt 0.204649 0.158557
vt 0.206992 0.153701
vt 0.409524 0.835122
vt 0.394743 0.825287
vt 0.396584 0.819300
vt 0.411983 0.829357
vt 0.431919 0.844188
vt 0.428746 0.849740
vt 0.454024 0.861529
vt 0.450827 0.867299
vt 0.414243 0.822451
vt 0.435573 0.838148
vt 0.457903 0.855218
vt 0.479738 0.871596
vt 0.476228 0.878148
vt 0.441274 0.829389
vt 0.463456 0.846564
vt 0.484882 0.862966
vt 0.504869 0.877997
vt 0.499753 0.886209
vt 0.478089 0.824270
vt 0.499414 0.841176
vt 0.519233 0.856969
vt 0.539257 0.872976
vt 0.524930 0.892928
vt 0.513804 0.817795
vt 0.534495 0.834078
vt 0.556555 0.850652
vt 0.575731 0.865825
vt 0.558621 0.888292
vt 0.584113 0.857154
vt 0.577869 0.903199
vt 0.563335 0.921975
vt 0.544392 0.907585
vt 0.594973 0.880198
vt 0.614968 0.894762
vt 0.597740 0.918713
vt 0.602073 0.870088
vt 0.621813 0.884684
vt 0.643898 0.901161
vt 0.637721 0.912113
vt 0.604874 0.863931
vt 0.626088 0.878005
vt 0.647102 0.893970
vt 0.664322 0.905978
vt 0.661150 0.913668
vt 0.629620 0.872437
vt 0.649673 0.887679
vt 0.665871 0.900466
vt 0.001192 0.210722
vt 0.008328 0.218985
vt 0.183961 0.156193
vt 0.151479 0.153434
vt 0.014164 0.220588
vt 0.407589 0.088218
vt 0.414780 0.087914
vt 0.414780 0.097187
vt 0.407197 0.095002
vt 0.218216 0.013884
vt 0.211483 0.013729
vt 0.211483 0.001375
vt 0.220406 0.000742
vt 0.646315 0.763193
vt 0.651874 0.768299
vt 0.646598 0.776736
vt 0.640012 0.771195
vt 0.630422 0.762286
vt 0.637758 0.754521
vt 0.625011 0.785233
vt 0.614212 0.775680
vt 0.605684 0.766730
vt 0.619528 0.753537
vt 0.625474 0.745208
vt 0.598345 0.759881
vt 0.614417 0.748342
vt 0.307180 0.400814
vt 0.305552 0.408531
vt 0.591712 0.754099
vt 0.608236 0.742791
vt 0.409573 0.254682
vt 0.400836 0.256851
vt 0.585216 0.748791
vt 0.600249 0.736126
vt 0.608089 0.728838
vt 0.617632 0.736965
vt 0.579412 0.744053
vt 0.566267 0.767252
vt 0.561933 0.763382
vt 0.364451 0.029545
vt 0.363920 0.055452
vt 0.358640 0.055178
vt 0.360014 0.029257
vt 0.575756 0.740941
vt 0.352349 0.055100
vt 0.353195 0.029108
vt 0.347418 0.055140
vt 0.346738 0.028791
vt 0.348104 0.011078
vt 0.686354 0.930315
vt 0.675077 0.943884
vt 0.669887 0.938967
vt 0.680531 0.926448
vt 0.162678 0.409573
vt 0.155232 0.408871
vt 0.349712 0.001349
vt 0.663608 0.932937
vt 0.672354 0.921010
vt 0.654778 0.925355
vt 0.646739 0.955706
vt 0.638041 0.949508
vt 0.620244 0.936222
vt 0.624041 0.967020
vt 0.605282 0.953535
vt 0.582917 0.936983
vt 0.598584 0.959533
vt 0.576824 0.943260
vt 0.557258 0.928585
vt 0.571494 0.947903
vt 0.552460 0.933842
vt 0.534456 0.920382
vt 0.538736 0.914815
vt 0.515620 0.906577
vt 0.519657 0.900662
vt 0.496088 0.892539
vt 0.512121 0.911816
vt 0.492981 0.898277
vt 0.473222 0.884245
vt 0.159343 0.125164
vt 0.139475 0.111293
vt 0.142216 0.105978
vt 0.182023 0.141728
vt 0.123521 0.093017
vt 0.126753 0.087941
vt 0.146010 0.100689
vt 0.120441 0.097614
vt 0.108455 0.075026
vt 0.111778 0.070512
vt 0.129141 0.083971
vt 0.142679 0.092687
vt 0.104914 0.079916
vt 0.087644 0.067637
vt 0.091576 0.062770
vt 0.101438 0.084803
vt 0.083939 0.071460
vt 0.065059 0.058808
vt 0.069989 0.055224
vt 0.548542 0.938084
vt 0.530637 0.925308
vt 0.566592 0.951885
vt 0.047850 0.038606
vt 0.053763 0.036392
vt 0.075572 0.051044
vt 0.042997 0.042843
vt 0.024140 0.028376
vt 0.028302 0.024517
vt 0.588356 0.968257
vt 0.593172 0.964168
vt 0.612027 0.978409
vt 0.607684 0.982065
vt 0.623065 0.987341
vt 0.619350 0.991276
vt 0.617321 0.973705
vt 0.627320 0.982288
vt 0.633526 0.987432
vt 0.633431 0.973823
vt 0.639615 0.978344
vt 0.644661 0.982171
vt 0.638564 0.991330
vt 0.653039 0.960241
vt 0.658351 0.964275
vt 0.348716 0.088632
vt 0.353196 0.088660
vt 0.010237 0.211729
vt 0.009647 0.202518
vt 0.015229 0.202180
vt 0.015619 0.211441
vt 0.352468 0.077399
vt 0.358108 0.077133
vt 0.358352 0.088669
vt 0.009906 0.183997
vt 0.015619 0.183492
vt 0.363139 0.088639
vt 0.363503 0.097331
vt 0.358862 0.096667
vt 0.363255 0.077001
vt 0.378338 0.193717
vt 0.383541 0.193535
vt 0.548212 0.780032
vt 0.551530 0.782534
vt 0.556084 0.785983
vt 0.571161 0.771789
vt 0.576261 0.776633
vt 0.560981 0.789506
vt 0.568573 0.794577
vt 0.560148 0.801042
vt 0.552188 0.796889
vt 0.583387 0.782900
vt 0.593356 0.792460
vt 0.580749 0.801757
vt 0.596693 0.814786
vt 0.591137 0.822627
vt 0.574117 0.809545
vt 0.606463 0.803131
vt 0.616058 0.812278
vt 0.607438 0.824290
vt 0.633067 0.792476
vt 0.644597 0.802573
vt 0.628056 0.823141
vt 0.654530 0.810318
vt 0.636765 0.831271
vt 0.626067 0.840906
vt 0.615831 0.832077
vt 0.618845 0.845282
vt 0.608105 0.836778
vt 0.602135 0.831559
vt 0.598589 0.835486
vt 0.589347 0.829406
vt 0.634492 0.848144
vt 0.628747 0.853236
vt 0.624507 0.858386
vt 0.644805 0.865645
vt 0.640942 0.870837
vt 0.637029 0.875876
vt 0.620913 0.862839
vt 0.094504 0.059088
vt 0.080813 0.047893
vt 0.661429 0.878299
vt 0.657913 0.883767
vt 0.655157 0.888263
vt 0.667667 0.898412
vt 0.649222 0.860058
vt 0.665382 0.872368
vt 0.681043 0.884661
vt 0.672336 0.862097
vt 0.687114 0.872593
vt 0.698786 0.881501
vt 0.690164 0.891811
vt 0.706949 0.888207
vt 0.700557 0.899536
vt 0.719496 0.898050
vt 0.714208 0.909249
vt 0.729011 0.905657
vt 0.721359 0.914549
vt 0.739648 0.913718
vt 0.730755 0.921852
vt 0.749167 0.921281
vt 0.741752 0.930086
vt 0.758350 0.928529
vt 0.751891 0.937425
vt 0.772225 0.938070
vt 0.766714 0.947948
vt 0.780045 0.942883
vt 0.773070 0.952246
vt 0.786715 0.949495
vt 0.779948 0.959178
vt 0.794093 0.957364
vt 0.798501 0.930278
vt 0.806124 0.937161
vt 0.813872 0.943369
vt 0.821992 0.911848
vt 0.831042 0.919227
vt 0.838297 0.925415
vt 0.819756 0.948300
vt 0.255487 0.402631
vt 0.246472 0.399628
vt 0.246219 0.385671
vt 0.260322 0.383317
vt 0.028982 0.081568
vt 0.028900 0.074409
vt 0.840748 0.905540
vt 0.812427 0.906118
vt 0.792430 0.925490
vt 0.806038 0.902196
vt 0.783409 0.918542
vt 0.797219 0.892438
vt 0.813057 0.891964
vt 0.771597 0.908907
vt 0.763185 0.901515
vt 0.755971 0.894487
vt 0.770620 0.873087
vt 0.778439 0.863821
vt 0.745474 0.885609
vt 0.734237 0.876291
vt 0.722018 0.866185
vt 0.738122 0.845454
vt 0.714485 0.859188
vt 0.730411 0.838045
vt 0.703734 0.849465
vt 0.689785 0.837822
vt 0.677271 0.827844
vt 0.658175 0.850907
vt 0.644941 0.839050
vt 0.663955 0.817671
vt 0.784080 0.857339
vt 0.404766 0.258160
vt 0.411502 0.256836
vt 0.355773 0.388672
vt 0.355773 0.409573
vt 0.347596 0.400214
vt 0.345647 0.387712
vt 0.419986 0.264504
vt 0.418183 0.271641
vt 0.569104 0.815534
vt 0.554302 0.806487
vt 0.565598 0.819840
vt 0.549364 0.811484
vt 0.541898 0.806867
vt 0.546338 0.802408
vt 0.015352 0.003322
vt 0.022983 0.007691
vt 0.019568 0.011613
vt 0.011738 0.007192
vt 0.005749 0.003878
vt 0.009467 0.000258
vt 0.359332 0.102146
vt 0.364451 0.102393
vt 0.015686 0.015930
vt 0.032521 0.020670
vt 0.011890 0.019967
vt 0.036814 0.019390
vt 0.369519 0.242967
vt 0.364887 0.240691
vt 0.656367 0.760147
vt 0.672626 0.773628
vt 0.605988 0.858576
vt 0.604979 0.863928
vt 0.609422 0.857181
vt 0.137920 0.150184
vt 0.120971 0.150678
vt 0.121755 0.144378
vt 0.142108 0.144923
vt 0.518399 0.806808
vt 0.491181 0.799369
vt 0.499249 0.791995
vt 0.494157 0.776890
vt 0.520089 0.799918
vt 0.503602 0.781026
vt 0.522019 0.794085
vt 0.543895 0.817415
vt 0.456512 0.807383
vt 0.471798 0.785226
vt 0.418673 0.812290
vt 0.432579 0.789378
vt 0.448530 0.768866
vt 0.418162 0.778863
vt 0.434623 0.758853
vt 0.445588 0.747494
vt 0.460445 0.759506
vt 0.478692 0.773964
vt 0.468798 0.756845
vt 0.484649 0.769147
vt 0.188676 0.357509
vt 0.196109 0.333285
vt 0.196109 0.353338
vt 0.188142 0.357205
vt 0.186032 0.337054
vt 0.299720 0.223792
vt 0.303888 0.220541
vt 0.184781 0.356435
vt 0.178825 0.340044
vt 0.426950 0.753737
vt 0.435679 0.741331
vt 0.442679 0.732288
vt 0.454478 0.740677
vt 0.411665 0.774220
vt 0.406879 0.770971
vt 0.421659 0.750371
vt 0.429076 0.738871
vt 0.374864 0.015513
vt 0.374652 0.040818
vt 0.368590 0.040825
vt 0.368736 0.015993
vt 0.368430 0.003075
vt 0.373423 0.001851
vt 0.370296 0.396821
vt 0.377312 0.385893
vt 0.383618 0.390182
vt 0.377129 0.400912
vt 0.373694 0.407147
vt 0.366803 0.403468
vt 0.363503 0.399173
vt 0.366058 0.395190
vt 0.371291 0.411534
vt 0.364926 0.407021
vt 0.360599 0.405209
vt 0.384218 0.413311
vt 0.381865 0.418423
vt 0.050280 0.002496
vt 0.062892 0.002468
vt 0.387092 0.406890
vt 0.404506 0.418489
vt 0.392272 0.396078
vt 0.410067 0.408752
vt 0.433783 0.425890
vt 0.425574 0.385407
vt 0.450518 0.402720
vt 0.474567 0.420522
vt 0.464545 0.383030
vt 0.488667 0.400710
vt 0.513667 0.419020
vt 0.494377 0.392043
vt 0.519163 0.409713
vt 0.540042 0.424187
vt 0.522979 0.402537
vt 0.543334 0.416122
vt 0.525796 0.397240
vt 0.545232 0.410158
vt 0.388399 0.277860
vt 0.368964 0.264964
vt 0.372251 0.258761
vt 0.391569 0.271030
vt 0.375760 0.252680
vt 0.394121 0.264917
vt 0.408394 0.275334
vt 0.028320 0.138517
vt 0.046730 0.137986
vt 0.046859 0.145277
vt 0.029987 0.145780
vt 0.072963 0.185454
vt 0.093252 0.185691
vt 0.094631 0.193943
vt 0.076556 0.194570
vt 0.060665 0.194696
vt 0.056456 0.185081
vt 0.081163 0.207944
vt 0.066828 0.209631
vt 0.056334 0.210940
vt 0.051942 0.196112
vt 0.045631 0.188370
vt 0.069608 0.237546
vt 0.058407 0.239172
vt 0.050112 0.240722
vt 0.049044 0.211992
vt 0.047322 0.200168
vt 0.378967 0.088509
vt 0.377986 0.064399
vt 0.384386 0.062931
vt 0.385277 0.087312
vt 0.347791 0.334107
vt 0.352510 0.333004
vt 0.349789 0.345897
vt 0.349417 0.303606
vt 0.355765 0.300481
vt 0.359459 0.331718
vt 0.364514 0.767814
vt 0.367847 0.762004
vt 0.348789 0.731719
vt 0.374588 0.752059
vt 0.385642 0.763382
vt 0.380370 0.741534
vt 0.391930 0.752287
vt 0.384936 0.733178
vt 0.372381 0.699078
vt 0.378968 0.048077
vt 0.385277 0.047020
vt 0.348755 0.284666
vt 0.343547 0.285251
vt 0.344385 0.275488
vt 0.350285 0.276204
vt 0.355527 0.278765
vt 0.357396 0.283391
vt 0.346175 0.269348
vt 0.159233 0.419594
vt 0.158740 0.412350
vt 0.045145 0.277041
vt 0.046419 0.270962
vt 0.053407 0.271397
vt 0.050536 0.277898
vt 0.064701 0.271544
vt 0.061692 0.278465
vt 0.048657 0.261136
vt 0.056731 0.260812
vt 0.067736 0.260554
vt 0.082926 0.260321
vt 0.081552 0.271682
vt 0.083846 0.235603
vt 0.101605 0.232807
vt 0.102223 0.260145
vt 0.096517 0.206099
vt 0.118889 0.204265
vt 0.118317 0.230148
vt 0.137015 0.228602
vt 0.137381 0.259223
vt 0.118327 0.260190
vt 0.139895 0.273402
vt 0.118296 0.273790
vt 0.099970 0.272779
vt 0.118296 0.281722
vt 0.097303 0.280682
vt 0.078648 0.279141
vt 0.095612 0.286354
vt 0.075210 0.285323
vt 0.058173 0.283962
vt 0.182653 0.019147
vt 0.162215 0.018401
vt 0.199718 0.019478
vt 0.138270 0.016490
vt 0.138473 0.011035
vt 0.119502 0.286217
vt 0.138647 0.005232
vt 0.108767 0.016557
vt 0.145112 0.283779
vt 0.151568 0.272982
vt 0.151596 0.279757
vt 0.151578 0.258463
vt 0.170962 0.259159
vt 0.170812 0.273465
vt 0.151805 0.227074
vt 0.171718 0.226254
vt 0.186842 0.226260
vt 0.186674 0.259357
vt 0.187181 0.200942
vt 0.200789 0.201019
vt 0.199180 0.226237
vt 0.190029 0.187954
vt 0.204609 0.187992
vt 0.213825 0.189027
vt 0.210517 0.201889
vt 0.192555 0.180804
vt 0.209798 0.180563
vt 0.218583 0.182699
vt 0.172416 0.180477
vt 0.294287 0.194458
vt 0.310657 0.206189
vt 0.305600 0.211547
vt 0.289294 0.199004
vt 0.300765 0.216807
vt 0.283937 0.204160
vt 0.441717 0.335131
vt 0.458631 0.347652
vt 0.453869 0.352359
vt 0.436518 0.338925
vt 0.448030 0.358011
vt 0.429685 0.344188
vt 0.440602 0.365812
vt 0.420682 0.352917
vt 0.411370 0.347094
vt 0.405228 0.343345
vt 0.405451 0.373020
vt 0.397258 0.368452
vt 0.390806 0.364852
vt 0.368649 0.066617
vt 0.374137 0.066468
vt 0.374037 0.080007
vt 0.368898 0.080203
vt 0.384036 0.802930
vt 0.390155 0.806788
vt 0.391948 0.791912
vt 0.396850 0.795722
vt 0.403777 0.801058
vt 0.398979 0.812168
vt 0.470562 0.374791
vt 0.475032 0.368538
vt 0.498766 0.385385
vt 0.478531 0.363632
vt 0.501621 0.380838
vt 0.344789 0.248582
vt 0.321372 0.231825
vt 0.324641 0.226959
vt 0.348048 0.243200
vt 0.327985 0.221526
vt 0.351173 0.237305
vt 0.216793 0.202667
vt 0.217612 0.192769
vt 0.048820 0.282741
vt 0.207950 0.146511
vt 0.323995 0.246438
vt 0.234171 0.246375
vt 0.224064 0.246438
vt 0.228579 0.238394
vt 0.231559 0.228960
vt 0.222354 0.240891
vt 0.232896 0.221668
vt 0.151967 0.284160
vt 0.105877 0.018797
vt 0.042070 0.015029
vt 0.040496 0.024297
vt 0.483344 0.492774
vt 0.507880 0.496331
vt 0.409573 0.098948
vt 0.409573 0.119748
vt 0.400804 0.118990
vt 0.400306 0.099363
vt 0.402631 0.169420
vt 0.395811 0.170077
vt 0.591639 0.446446
vt 0.601668 0.451824
vt 0.445009 0.319301
vt 0.448541 0.314771
vt 0.451043 0.310439
vt 0.242967 0.101315
vt 0.237489 0.102393
vt 0.581615 0.552856
vt 0.578428 0.559336
vt 0.612341 0.563561
vt 0.607332 0.572502
vt 0.606378 0.580161
vt 0.638198 0.583830
vt 0.634292 0.593036
vt 0.635190 0.600780
vt 0.125060 0.159622
vt 0.094962 0.162665
vt 0.665612 0.603812
vt 0.651033 0.562982
vt 0.677299 0.582536
vt 0.704584 0.601837
vt 0.693392 0.622098
vt 0.719377 0.611590
vt 0.706703 0.631200
vt 0.700616 0.641956
vt 0.712332 0.634974
vt 0.705392 0.646065
vt 0.701749 0.652833
vt 0.697942 0.650088
vt 0.725814 0.615411
vt 0.730332 0.618014
vt 0.715908 0.637534
vt 0.707842 0.648314
vt 0.143969 0.086078
vt 0.163967 0.087592
vt 0.163532 0.092765
vt 0.143966 0.091066
vt 0.062477 0.416095
vt 0.058586 0.416515
vt 0.058646 0.402610
vt 0.062289 0.402610
vt 0.718447 0.639260
vt 0.733911 0.620090
vt 0.739251 0.623719
vt 0.722953 0.642331
vt 0.745145 0.627780
vt 0.728528 0.646022
vt 0.751553 0.632061
vt 0.735499 0.650686
vt 0.726315 0.659677
vt 0.741995 0.654864
vt 0.734081 0.664396
vt 0.757613 0.635861
vt 0.044550 0.213434
vt 0.043049 0.238010
vt 0.038311 0.238695
vt 0.038515 0.214037
vt 0.746408 0.657608
vt 0.760872 0.637571
vt 0.767734 0.641637
vt 0.738778 0.667572
vt 0.774867 0.617454
vt 0.781467 0.621032
vt 0.793149 0.627997
vt 0.788555 0.609076
vt 0.800541 0.616044
vt 0.805020 0.609016
vt 0.809368 0.603877
vt 0.781494 0.604675
vt 0.038431 0.277193
vt 0.043006 0.277115
vt 0.043566 0.282899
vt 0.040024 0.284619
vt 0.037828 0.263112
vt 0.042574 0.262395
vt 0.772084 0.616179
vt 0.766784 0.612687
vt 0.776033 0.600929
vt 0.780635 0.604160
vt 0.769524 0.596447
vt 0.783827 0.599306
vt 0.760742 0.608345
vt 0.754507 0.603841
vt 0.762297 0.591389
vt 0.756207 0.587197
vt 0.748938 0.599792
vt 0.184048 0.093716
vt 0.184732 0.087888
vt 0.197092 0.086353
vt 0.196517 0.093113
vt 0.752264 0.584392
vt 0.747223 0.580697
vt 0.750602 0.573112
vt 0.204787 0.086078
vt 0.203872 0.091589
vt 0.745329 0.597224
vt 0.740554 0.593425
vt 0.733992 0.587967
vt 0.739334 0.575350
vt 0.722869 0.564261
vt 0.741427 0.567392
vt 0.718038 0.575839
vt 0.692920 0.556918
vt 0.753314 0.567341
vt 0.755027 0.563225
vt 0.761238 0.568353
vt 0.599736 0.428792
vt 0.602413 0.424366
vt 0.609392 0.429634
vt 0.593620 0.411692
vt 0.604776 0.420208
vt 0.210965 0.176289
vt 0.206050 0.177019
vt 0.447327 0.554305
vt 0.177019 0.409573
vt 0.171515 0.407406
vt 0.170603 0.393078
vt 0.177019 0.390861
vt 0.191904 0.125225
vt 0.192990 0.105262
vt 0.204787 0.118036
vt 0.204787 0.133632
vt 0.273495 0.218338
vt 0.273403 0.210854
vt 0.286918 0.209504
vt 0.288090 0.216865
vt 0.129533 0.054788
vt 0.160607 0.055737
vt 0.162075 0.062942
vt 0.129885 0.062418
vt 0.112999 0.061862
vt 0.399246 0.065616
vt 0.399198 0.051645
vt 0.406102 0.051166
vt 0.404606 0.065286
vt 0.403176 0.072040
vt 0.399198 0.072890
vt 0.103992 0.061848
vt 0.540162 0.652358
vt 0.551353 0.640053
vt 0.561575 0.645363
vt 0.546288 0.655940
vt 0.578538 0.646502
vt 0.556323 0.660266
vt 0.547208 0.664872
vt 0.569576 0.668151
vt 0.560994 0.672737
vt 0.554893 0.676984
vt 0.576104 0.681929
vt 0.570600 0.687319
vt 0.566467 0.691925
vt 0.550403 0.680282
vt 0.697657 0.487534
vt 0.594993 0.694120
vt 0.584748 0.677372
vt 0.600690 0.686892
vt 0.614425 0.695410
vt 0.615090 0.672123
vt 0.625610 0.679100
vt 0.641101 0.688792
vt 0.651998 0.661173
vt 0.655467 0.642179
vt 0.668286 0.652075
vt 0.601253 0.665621
vt 0.587279 0.657158
vt 0.612300 0.634896
vt 0.572496 0.613647
vt 0.055410 0.411625
vt 0.047198 0.413044
vt 0.047198 0.392045
vt 0.057271 0.392884
vt 0.586109 0.594725
vt 0.546318 0.636966
vt 0.565451 0.610989
vt 0.589901 0.582708
vt 0.603438 0.592010
vt 0.619409 0.606246
vt 0.346413 0.352017
vt 0.350567 0.349012
vt 0.350567 0.356030
vt 0.348020 0.362715
vt 0.821341 0.742999
vt 0.793457 0.721549
vt 0.798474 0.719161
vt 0.822510 0.738906
vt 0.406102 0.047570
vt 0.399980 0.048593
vt 0.399980 0.026328
vt 0.405295 0.026876
vt 0.393796 0.341890
vt 0.393796 0.318655
vt 0.402224 0.316000
vt 0.402631 0.333957
vt 0.844766 0.755741
vt 0.825100 0.733402
vt 0.849141 0.751273
vt 0.868568 0.764849
vt 0.863710 0.768250
vt 0.010413 0.022430
vt 0.010386 0.045123
vt 0.006879 0.041639
vt 0.006879 0.021565
vt 0.890308 0.781022
vt 0.886899 0.784422
vt 0.907667 0.796135
vt 0.904039 0.800794
vt 0.341646 0.227348
vt 0.341646 0.206925
vt 0.347096 0.207843
vt 0.346508 0.227258
vt 0.895744 0.776831
vt 0.912453 0.789987
vt 0.919470 0.811591
vt 0.903241 0.768922
vt 0.919427 0.780470
vt 0.918936 0.748943
vt 0.932887 0.758737
vt 0.940398 0.763740
vt 0.945912 0.735904
vt 0.953833 0.741867
vt 0.959421 0.746394
vt 0.946566 0.767677
vt 0.242763 0.355621
vt 0.267504 0.355270
vt 0.951087 0.724322
vt 0.937127 0.714523
vt 0.932348 0.725568
vt 0.910000 0.708889
vt 0.915707 0.699390
vt 0.894525 0.731115
vt 0.872544 0.715139
vt 0.887515 0.692362
vt 0.879637 0.751811
vt 0.858901 0.737037
vt 0.834691 0.719486
vt 0.849316 0.698499
vt 0.873019 0.759921
vt 0.853417 0.745904
vt 0.828815 0.727997
vt 0.805986 0.711201
vt 0.811052 0.702119
vt 0.801679 0.715541
vt 0.790340 0.709035
vt 0.791758 0.701641
vt 0.779726 0.693898
vt 0.795098 0.690409
vt 0.824973 0.681219
vt 0.865335 0.676276
vt 0.871975 0.667517
vt 0.893313 0.683091
vt 0.897633 0.676049
vt 0.919408 0.692093
vt 0.900969 0.670383
vt 0.921830 0.686410
vt 0.765555 0.553411
vt 0.789321 0.716304
vt 0.733196 0.673658
vt 0.789369 0.554407
vt 0.801507 0.563156
vt 0.406944 0.069419
vt 0.406944 0.056851
vt 0.416515 0.053341
vt 0.415596 0.068495
vt 0.030352 0.035436
vt 0.037554 0.040598
vt 0.038181 0.046766
vt 0.030352 0.046858
vt 0.239306 0.408617
vt 0.253380 0.410649
vt 0.253380 0.422706
vt 0.242987 0.423457
vt 0.713667 0.684322
vt 0.718425 0.678099
vt 0.722975 0.691703
vt 0.189630 0.021843
vt 0.196109 0.021887
vt 0.196109 0.032249
vt 0.191564 0.032974
vt 0.697117 0.761927
vt 0.721940 0.750677
vt 0.706148 0.768998
vt 0.698969 0.777968
vt 0.719588 0.778825
vt 0.713203 0.787441
vt 0.708430 0.793709
vt 0.694207 0.784307
vt 0.842868 0.589587
vt 0.857187 0.598839
vt 0.838599 0.595583
vt 0.722686 0.793754
vt 0.718114 0.800339
vt 0.866637 0.605794
vt 0.728805 0.784990
vt 0.734608 0.788667
vt 0.728102 0.797310
vt 0.723890 0.803138
vt 0.742543 0.793712
vt 0.733945 0.800798
vt 0.728047 0.806359
vt 0.753806 0.801087
vt 0.760041 0.779113
vt 0.772309 0.788796
vt 0.782244 0.796662
vt 0.796537 0.767415
vt 0.805705 0.774184
vt 0.417938 0.206846
vt 0.406217 0.208258
vt 0.403070 0.192188
vt 0.418251 0.192188
vt 0.816276 0.759171
vt 0.418251 0.040315
vt 0.417163 0.051132
vt 0.409295 0.052064
vt 0.409295 0.038049
vt 0.818852 0.749685
vt 0.831473 0.756944
vt 0.783235 0.757208
vt 0.795715 0.746497
vt 0.805871 0.754427
vt 0.752666 0.765324
vt 0.768657 0.744560
vt 0.743143 0.765523
vt 0.762124 0.739461
vt 0.768434 0.744544
vt 0.398685 0.253380
vt 0.389942 0.253360
vt 0.387422 0.240066
vt 0.399160 0.237523
vt 0.772393 0.726367
vt 0.779297 0.719436
vt 0.387101 0.232382
vt 0.397166 0.230780
vt 0.753700 0.732852
vt 0.733849 0.759608
vt 0.380383 0.320006
vt 0.372295 0.321317
vt 0.390573 0.224872
vt 0.399160 0.226030
vt 0.300401 0.397425
vt 0.307550 0.397280
vt 0.138608 0.311933
vt 0.138093 0.298091
vt 0.132816 0.311344
vt 0.133302 0.297986
vt 0.015651 0.080476
vt 0.138571 0.337388
vt 0.132247 0.336465
vt 0.029247 0.085175
vt 0.054313 0.084562
vt 0.053424 0.092454
vt 0.028831 0.090800
vt 0.266982 0.005087
vt 0.291839 0.002460
vt 0.290946 0.013801
vt 0.265921 0.014677
vt 0.289438 0.031980
vt 0.264556 0.033289
vt 0.253318 0.034601
vt 0.263483 0.059519
vt 0.253237 0.060144
vt 0.245041 0.063445
vt 0.245534 0.036373
vt 0.263100 0.085191
vt 0.252946 0.084722
vt 0.245577 0.083044
vt 0.252928 0.112857
vt 0.245673 0.112170
vt 0.362985 0.323810
vt 0.369122 0.328473
vt 0.262817 0.114515
vt 0.261847 0.138549
vt 0.251896 0.138285
vt 0.244395 0.138320
vt 0.260987 0.151777
vt 0.282240 0.137847
vt 0.282257 0.150160
vt 0.282194 0.158840
vt 0.312047 0.147477
vt 0.311078 0.156326
vt 0.310240 0.163918
vt 0.281935 0.166076
vt 0.328274 0.154734
vt 0.328655 0.162679
vt 0.036383 0.252758
vt 0.036445 0.271056
vt 0.031800 0.271350
vt 0.031114 0.252257
vt 0.025983 0.271301
vt 0.024071 0.251772
vt 0.020727 0.271296
vt 0.018503 0.251309
vt 0.330629 0.406102
vt 0.324355 0.406066
vt 0.324355 0.381083
vt 0.331477 0.383703
vt 0.875643 0.869415
vt 0.865205 0.886510
vt 0.869765 0.864843
vt 0.863111 0.860073
vt 0.847415 0.873257
vt 0.854552 0.853793
vt 0.835457 0.863082
vt 0.844988 0.884363
vt 0.831577 0.873597
vt 0.819760 0.863808
vt 0.830032 0.881748
vt 0.815203 0.869433
vt 0.808187 0.864180
vt 0.040713 0.048544
vt 0.049357 0.051034
vt 0.053800 0.055281
vt 0.042408 0.055535
vt 0.023745 0.055422
vt 0.024206 0.048488
vt 0.001478 0.055535
vt 0.002573 0.048994
vt 0.938163 0.661033
vt 0.954688 0.674638
vt 0.951649 0.680858
vt 0.934009 0.666983
vt 0.913505 0.651142
vt 0.917906 0.645031
vt 0.930225 0.672556
vt 0.909362 0.657023
vt 0.889804 0.642127
vt 0.344337 0.035140
vt 0.344754 0.059714
vt 0.337814 0.059611
vt 0.338665 0.034382
vt 0.329788 0.059419
vt 0.330831 0.033509
vt 0.317923 0.059284
vt 0.319159 0.032568
vt 0.319829 0.013345
vt 0.319965 0.001989
vt 0.081460 0.093032
vt 0.081849 0.085322
vt 0.131360 0.364083
vt 0.137569 0.364509
vt 0.136427 0.379306
vt 0.130859 0.378533
vt 0.135491 0.388748
vt 0.130082 0.386506
vt 0.148493 0.338362
vt 0.287144 0.059191
vt 0.316393 0.086619
vt 0.285033 0.086354
vt 0.314767 0.114041
vt 0.283163 0.115798
vt 0.313244 0.134781
vt 0.328555 0.111842
vt 0.327913 0.131003
vt 0.327843 0.145110
vt 0.335872 0.128029
vt 0.336356 0.143599
vt 0.342839 0.125606
vt 0.343096 0.142117
vt 0.975941 0.705600
vt 0.962337 0.696241
vt 0.963781 0.690092
vt 0.977826 0.699823
vt 0.964485 0.682865
vt 0.979564 0.693080
vt 0.990455 0.701269
vt 0.979409 0.686016
vt 0.992548 0.696008
vt 0.999739 0.702787
vt 0.997123 0.707547
vt 0.409544 0.081045
vt 0.418251 0.081186
vt 0.418124 0.085039
vt 0.410662 0.085039
vt 0.026430 0.282451
vt 0.021816 0.283253
vt 0.842760 0.892294
vt 0.850444 0.898368
vt 0.961899 0.677465
vt 0.948985 0.686419
vt 0.343167 0.109034
vt 0.336265 0.110166
vt 0.336997 0.086073
vt 0.344065 0.085716
vt 0.329042 0.086447
vt 0.347266 0.370996
vt 0.358391 0.369533
vt 0.347551 0.365947
vt 0.357255 0.364480
vt 0.344849 0.385277
vt 0.356444 0.384021
vt 0.173754 0.020667
vt 0.177019 0.022316
vt 0.177019 0.027316
vt 0.172084 0.025478
vt 0.123251 0.102821
vt 0.967506 0.718130
vt 0.651604 0.446600
vt 0.385834 0.151821
vt 0.380572 0.155323
vt 0.190258 0.384337
vt 0.199924 0.384815
vt 0.778450 0.736431
vt 0.789906 0.731695
vt 0.803540 0.740503
vt 0.176006 0.025800
vt 0.173339 0.032974
vt 0.017355 0.400085
vt 0.017355 0.412997
vt 0.137967 0.389921
vt 0.134066 0.399034
vt 0.001956 0.100258
vt 0.002312 0.096839
vt 0.003090 0.106379
vt 0.200294 0.069609
vt 0.206522 0.067784
vt 0.206522 0.074626
vt 0.202830 0.072528
vt 0.178662 0.413044
vt 0.178662 0.396402
vt 0.187432 0.400496
vt 0.185356 0.412998
vt 0.386394 0.361494
vt 0.387012 0.365464
vt 0.378446 0.376599
vt 0.378446 0.362627
vt 0.670452 0.642516
vt 0.655066 0.630474
vt 0.136849 0.132485
vt 0.140574 0.135926
vt 0.135804 0.142309
vt 0.128502 0.141907
vt 0.203305 0.408821
vt 0.202829 0.402213
vt 0.206933 0.408956
vt 0.218671 0.405151
vt 0.203246 0.414445
vt 0.218671 0.416515
vt 0.204787 0.161035
vt 0.200468 0.173794
vt 0.174624 0.108377
vt 0.178754 0.104826
vt 0.178754 0.113182
vt 0.176959 0.113823
vt 0.178754 0.118013
vt 0.721721 0.672775
vt 0.001094 0.158065
vt 0.127997 0.388824
vt 0.135367 0.392072
vt 0.314101 0.725725
vt 0.576494 0.563042
vt 0.316347 0.397636
vt 0.311148 0.394905
vt 0.385364 0.631806
vt 0.322799 0.398879
vt 0.313834 0.406102
vt 0.206395 0.365862
vt 0.211262 0.364599
vt 0.411392 0.160642
vt 0.406217 0.161400
vt 0.406217 0.143947
vt 0.413044 0.143394
vt 0.059981 0.399453
vt 0.065239 0.400495
vt 0.817721 0.886937
vt 0.008677 0.020010
vt 0.008320 0.020826
vt 0.008384 0.020568
vt 0.008320 0.019827
vt 0.017355 0.264768
vt 0.017355 0.275941
vt 0.016154 0.267804
vt 0.016429 0.264865
vt 0.372688 0.366049
vt 0.376599 0.381636
vt 0.367243 0.392219
vt 0.367243 0.364511
vt 0.844736 0.898310
vt 0.277644 0.399161
vt 0.266470 0.394935
vt 0.181288 0.324308
vt 0.188580 0.321957
vt 0.188258 0.361368
vt 0.201316 0.380837
vt 0.188448 0.381749
vt 0.188137 0.361439
vt 0.183098 0.382130
vt 0.188022 0.361506
vt 0.182453 0.376777
vt 0.187970 0.361537
vt 0.186361 0.395626
vt 0.182453 0.395689
vt 0.108521 0.156193
vt 0.111057 0.148201
vt 0.163531 0.389835
vt 0.168342 0.397478
vt 0.014282 0.283342
vt 0.038372 0.015702
vt 0.210211 0.140357
vt 0.246219 0.378030
vt 0.256696 0.372354
vt 0.491915 0.779800
vt 0.195903 0.310964
vt 0.222168 0.244833
vt 0.398811 0.197845
vt 0.394151 0.193324
vt 0.187432 0.156193
vt 0.180412 0.151973
vt 0.183169 0.149892
vt 0.187432 0.148761
vt 0.032974 0.008181
vt 0.032859 0.013884
vt 0.032859 0.008154
vt 0.003926 0.183460
vt 0.000277 0.014055
vt 0.003471 0.029926
vt 0.002068 0.035068
vt 0.000277 0.048593
vt 0.252148 0.206522
vt 0.252148 0.193151
vt 0.256851 0.201533
vt 0.313714 0.408290
vt 0.308307 0.408075
vt 0.015971 0.038181
vt 0.015971 0.026449
vt 0.019090 0.036274
vt 0.239496 0.123388
vt 0.239496 0.159664
vt 0.388290 0.151479
vt 0.201958 0.065775
vt 0.087005 0.077234
vt 0.088510 0.082390
vt 0.087005 0.083303
vt 0.181282 0.291313
vt 0.185696 0.022435
vt 0.185696 0.034710
vt 0.178795 0.031527
vt 0.187482 0.288527
vt 0.193863 0.288401
vt 0.486439 0.646894
vt 0.330462 0.366186
vt 0.329174 0.357326
vt 0.334948 0.357326
vt 0.332515 0.365898
vt 0.017207 0.214595
vt 0.340154 0.223877
vt 0.332997 0.209993
vt 0.335947 0.193297
vt 0.340154 0.180294
vt 0.168342 0.142309
vt 0.159453 0.141233
vt 0.159453 0.130280
vt 0.165422 0.133469
vt 0.151104 0.147686
vt 0.180253 0.358323
vt 0.183961 0.358833
vt 0.183961 0.367922
vt 0.180077 0.366290
vt 0.341678 0.180170
vt 0.345361 0.172297
vt 0.345361 0.182225
vt 0.207393 0.339791
vt 0.202487 0.341677
vt 0.206609 0.333293
vt 0.209993 0.349681
vt 0.202487 0.354038
vt 0.018827 0.026467
vt 0.019090 0.026638
vt 0.018827 0.029503
vt 0.575583 0.832745
vt 0.207153 0.285603
vt 0.209993 0.284256
vt 0.209993 0.298011
vt 0.209789 0.333212
vt 0.047836 0.097187
vt 0.007225 0.094528
vt 0.072890 0.094528
vt 0.273733 0.202212
vt 0.275941 0.202756
vt 0.271806 0.208258
vt 0.271806 0.197922
vt 0.378335 0.015619
vt 0.376103 0.011771
vt 0.378335 0.000614
vt 0.359745 0.260639
vt 0.062787 0.026032
vt 0.062787 0.021357
vt 0.064213 0.024802
vt 0.397416 0.144959
vt 0.402631 0.143872
vt 0.205698 0.363747
vt 0.296767 0.219607
vt 0.296767 0.227348
vt 0.291386 0.222042
vt 0.294291 0.213794
vt 0.202069 0.077299
vt 0.204787 0.083303
vt 0.172629 0.082631
vt 0.168435 0.079384
vt 0.150169 0.083303
vt 0.132975 0.081009
vt 0.008996 0.149251
vt 0.086748 0.144828
vt 0.088510 0.149251
vt 0.079832 0.072890
vt 0.000426 0.072890
vt 0.003075 0.067081
vt 0.069419 0.064213
vt 0.001921 0.064213
vt 0.033474 0.060379
vt 0.128502 0.109477
vt 0.135392 0.120097
vt 0.031239 0.000486
vt 0.031239 0.012148
vt 0.025691 0.003552
vt 0.334948 0.247195
vt 0.329226 0.249909
vt 0.329226 0.240467
vt 0.220672 0.174817
vt 0.229083 0.178751
vt 0.385277 0.043118
vt 0.380021 0.043387
vt 0.378414 0.022740
vt 0.385277 0.001472
vt 0.215200 0.319328
vt 0.211618 0.319328
vt 0.214513 0.305606
vt 0.387832 0.122296
vt 0.384789 0.129733
vt 0.380348 0.132481
vt 0.387435 0.122325
vt 0.388748 0.140807
vt 0.380348 0.152722
vt 0.039723 0.393084
vt 0.045122 0.392330
vt 0.044580 0.398694
vt 0.039414 0.399340
vt 0.042913 0.406102
vt 0.045122 0.404466
vt 0.200579 0.409139
vt 0.222141 0.122698
vt 0.222141 0.133228
vt 0.219471 0.145780
vt 0.215757 0.127443
vt 0.128391 0.371085
vt 0.128426 0.371393
vt 0.125771 0.355407
vt 0.128426 0.353971
vt 0.005206 0.019009
vt 0.005206 0.045122
vt 0.004901 0.019122
vt 0.002060 0.108853
vt 0.006942 0.114871
vt 0.001258 0.119748
vt 0.001258 0.108341
vt 0.410427 0.017355
vt 0.409112 0.001358
vt 0.421722 0.001358
vt 0.421721 0.016465
vt 0.412843 0.168105
vt 0.413044 0.180490
vt 0.405164 0.180490
vt 0.405414 0.169414
vt 0.036445 0.111367
vt 0.036445 0.118013
vt 0.034204 0.115276
vt 0.288612 0.385277
vt 0.400834 0.138869
vt 0.400834 0.124802
vt 0.409573 0.122675
vt 0.408217 0.138497
vt 0.375295 0.208729
vt 0.401104 0.142309
vt 0.407559 0.162706
vt 0.397509 0.095451
vt 0.397509 0.075850
vt 0.406102 0.073920
vt 0.403989 0.093272
vt 0.076361 0.043906
vt 0.072232 0.046858
vt 0.072233 0.043679
vt 0.072232 0.035369
vt 0.016818 0.027768
vt 0.016517 0.027234
vt 0.016517 0.024817
vt 0.017355 0.026705
vt 0.003471 0.019090
vt 0.002829 0.018085
vt 0.003471 0.016120
vt 0.021414 0.034710
vt 0.020901 0.033721
vt 0.021804 0.033701
vt 0.020423 0.032799
vt 0.022190 0.032704
vt 0.022561 0.031744
vt 0.021098 0.031938
vt 0.021240 0.030782
vt 0.022547 0.030883
vt 0.021352 0.029837
vt 0.022441 0.030144
vt 0.020132 0.030614
vt 0.020132 0.029494
vt 0.020132 0.031762
vt 0.048250 0.029119
vt 0.048262 0.028810
vt 0.047854 0.027667
vt 0.048118 0.027762
vt 0.048593 0.029503
vt 0.048363 0.029451
vt 0.035819 0.011350
vt 0.036445 0.011230
vt 0.036445 0.012126
vt 0.035725 0.012148
vt 0.036335 0.010087
vt 0.036445 0.009900
vt 0.048066 0.027551
vt 0.047919 0.026183
vt 0.048318 0.026001
vt 0.047830 0.024635
vt 0.048593 0.023886
vt 0.047410 0.026417
vt 0.047111 0.025342
vt 0.046985 0.026605
vt 0.046583 0.025784
vt 0.046551 0.026801
vt 0.046084 0.026056
vt 0.046080 0.027045
vt 0.045593 0.026323
vt 0.045570 0.027254
vt 0.045109 0.026587
vt 0.045038 0.027438
vt 0.044547 0.026893
vt 0.046032 0.027806
vt 0.045519 0.027972
vt 0.046512 0.028419
vt 0.046114 0.028633
vt 0.046606 0.029053
vt 0.047030 0.028449
vt 0.047186 0.029184
vt 0.047551 0.028528
vt 0.047646 0.029288
vt 0.046551 0.027685
vt 0.047070 0.027664
vt 0.047528 0.027623
vt 0.047984 0.028647
vt 0.047988 0.029366
vt 0.035376 0.011619
vt 0.035380 0.011619
vt 0.114542 0.065418
vt 0.114093 0.066668
vt 0.113460 0.066576
vt 0.113441 0.065415
vt 0.112093 0.066318
vt 0.112042 0.065421
vt 0.113317 0.067538
vt 0.112140 0.067152
vt 0.112856 0.068482
vt 0.112193 0.068072
vt 0.113925 0.067969
vt 0.113487 0.068872
vt 0.114396 0.069158
vt 0.114143 0.069364
vt 0.114542 0.069419
vt 0.072528 0.099699
vt 0.072255 0.098812
vt 0.073430 0.098624
vt 0.073633 0.100204
vt 0.074626 0.100658
vt 0.074349 0.098558
vt 0.071683 0.096952
vt 0.073054 0.096399
vt 0.073254 0.097436
vt 0.071968 0.097879
vt 0.074626 0.095764
vt 0.074492 0.097115
vt 0.012148 0.043387
vt 0.011957 0.041986
vt 0.012148 0.041219
vt 0.063680 0.036757
vt 0.064060 0.036736
vt 0.063798 0.037281
vt 0.063397 0.036947
vt 0.065948 0.036809
vt 0.065931 0.037611
vt 0.065599 0.037612
vt 0.065727 0.036800
vt 0.065948 0.041652
vt 0.065574 0.041117
vt 0.065395 0.040995
vt 0.065937 0.041193
vt 0.001735 0.083303
vt 0.000895 0.083303
vt 0.001171 0.082788
vt 0.001698 0.082717
vt 0.001239 0.082141
vt 0.001658 0.082075
vt 0.000369 0.083303
vt 0.000654 0.082819
vt 0.000789 0.082213
vt 0.000895 0.081583
vt 0.001246 0.081500
vt 0.062926 0.038859
vt 0.062442 0.038470
vt 0.062492 0.038416
vt 0.063007 0.038817
vt 0.063502 0.039214
vt 0.063401 0.039285
vt 0.063957 0.039563
vt 0.063866 0.039697
vt 0.063342 0.038522
vt 0.063816 0.038872
vt 0.064207 0.039114
vt 0.064579 0.039343
vt 0.064441 0.039734
vt 0.064067 0.038519
vt 0.064418 0.038735
vt 0.064766 0.038905
vt 0.065165 0.039017
vt 0.065085 0.039531
vt 0.064590 0.038243
vt 0.064892 0.038345
vt 0.065259 0.038391
vt 0.065595 0.038392
vt 0.065550 0.039089
vt 0.064990 0.037621
vt 0.065281 0.037633
vt 0.065229 0.036781
vt 0.065435 0.036789
vt 0.064721 0.037585
vt 0.064949 0.036770
vt 0.064447 0.037536
vt 0.064664 0.036759
vt 0.064148 0.037436
vt 0.064363 0.036748
vt 0.064287 0.038117
vt 0.063939 0.037920
vt 0.063505 0.037599
vt 0.063664 0.038241
vt 0.063183 0.037867
vt 0.062725 0.037434
vt 0.063072 0.037182
vt 0.062840 0.038127
vt 0.062375 0.037687
vt 0.061946 0.037998
vt 0.061918 0.038271
vt 0.065897 0.039129
vt 0.065900 0.039717
vt 0.065507 0.039627
vt 0.065913 0.038391
vt 0.065913 0.040213
vt 0.065503 0.040117
vt 0.065000 0.039970
vt 0.065475 0.040581
vt 0.064842 0.040381
vt 0.064306 0.040074
vt 0.064943 0.040647
vt 0.064493 0.040187
vt 0.001110 0.080400
vt 0.001186 0.080195
vt 0.001214 0.080857
vt 0.001001 0.080970
vt 0.001535 0.080128
vt 0.001576 0.080777
vt 0.001617 0.081423
vt 0.001250 0.079554
vt 0.001494 0.079479
vt 0.001386 0.079000
vt 0.001450 0.078792
vt 0.065925 0.040693
vt 0.093716 0.085039
vt 0.092558 0.085028
vt 0.092172 0.082769
vt 0.092680 0.082634
vt 0.091683 0.080320
vt 0.092107 0.080377
vt 0.073547 0.114410
vt 0.074408 0.113191
vt 0.075212 0.113383
vt 0.074750 0.115248
vt 0.075397 0.111791
vt 0.075556 0.111779
vt 0.075951 0.111749
vt 0.075865 0.113599
vt 0.076345 0.111719
vt 0.076379 0.113752
vt 0.075995 0.116116
vt 0.075572 0.115821
vt 0.076907 0.113851
vt 0.076943 0.116254
vt 0.077448 0.113952
vt 0.077605 0.116268
vt 0.078033 0.114063
vt 0.078097 0.116277
vt 0.091683 0.085038
vt 0.091878 0.082833
vt 0.091815 0.082816
vt 0.091862 0.085021
vt 0.078097 0.114050
vt 0.077539 0.111629
vt 0.077817 0.111608
vt 0.092240 0.080395
vt 0.077134 0.111660
vt 0.076735 0.111690
vt 0.033274 0.003201
vt 0.034698 0.002335
vt 0.035081 0.003905
vt 0.033908 0.004647
vt 0.036445 0.001273
vt 0.036134 0.003445
vt 0.003471 0.041889
vt 0.003185 0.043421
vt 0.003026 0.043046
vt 0.002867 0.041809
vt 0.035878 0.005233
vt 0.035035 0.006148
vt 0.035416 0.005673
vt 0.036159 0.006673
vt 0.036445 0.006942
vt 0.034909 0.006139
vt 0.002867 0.045122
vt 0.003006 0.043438
vt 0.040033 0.117934
vt 0.040503 0.117139
vt 0.040989 0.117831
vt 0.040219 0.118304
vt 0.039515 0.118040
vt 0.039872 0.116831
vt 0.039630 0.118666
vt 0.039093 0.118995
vt 0.038981 0.118033
vt 0.039243 0.116627
vt 0.038547 0.119331
vt 0.038477 0.118085
vt 0.038606 0.116549
vt 0.038825 0.114985
vt 0.039700 0.115078
vt 0.038014 0.118144
vt 0.038001 0.116559
vt 0.037867 0.114883
vt 0.037867 0.119748
vt 0.040436 0.115264
vt 0.041235 0.115945
vt 0.041651 0.117731
vt 0.058049 0.058120
vt 0.058089 0.057357
vt 0.059064 0.057672
vt 0.058881 0.058144
vt 0.058084 0.057635
vt 0.057572 0.057048
vt 0.051267 0.068319
vt 0.051040 0.068021
vt 0.051628 0.067908
vt 0.051649 0.068624
vt 0.058767 0.058652
vt 0.058007 0.058721
vt 0.057469 0.058903
vt 0.058113 0.058489
vt 0.050298 0.068210
vt 0.050119 0.067611
vt 0.050847 0.067390
vt 0.058196 0.059442
vt 0.057697 0.059623
vt 0.049923 0.067551
vt 0.049417 0.067773
vt 0.049078 0.067211
vt 0.049950 0.066959
vt 0.057190 0.059843
vt 0.057933 0.060360
vt 0.057433 0.060549
vt 0.056923 0.060742
vt 0.057372 0.060473
vt 0.058427 0.060173
vt 0.058770 0.059317
vt 0.058923 0.059986
vt 0.059636 0.059396
vt 0.059354 0.059810
vt 0.059863 0.059008
vt 0.060109 0.058585
vt 0.060283 0.058287
vt 0.059310 0.057258
vt 0.060511 0.057895
vt 0.059547 0.056845
vt 0.060742 0.057499
vt 0.058287 0.056829
vt 0.058553 0.056310
vt 0.057543 0.056459
vt 0.057712 0.055915
vt 0.057204 0.056227
vt 0.056923 0.055544
vt 0.034684 0.015042
vt 0.034710 0.015619
vt 0.034520 0.015428
vt 0.034710 0.014732
vt 0.052064 0.069419
vt 0.051732 0.069399
vt 0.052064 0.068648
vt 0.052064 0.067887
vt 0.051532 0.067203
vt 0.052064 0.067117
vt 0.051362 0.066552
vt 0.052064 0.066350
vt 0.050667 0.066753
vt 0.000324 0.005206
vt 0.000854 0.004445
vt 0.001735 0.003747
vt 0.001262 0.004487
vt 0.001009 0.003824
vt 0.001636 0.003593
vt 0.000935 0.003409
vt 0.001389 0.003211
vt 0.000709 0.003025
vt 0.001140 0.002826
vt 0.000478 0.002610
vt 0.000888 0.002438
vt 0.000324 0.002227
vt 0.000621 0.002025
vt 0.011921 0.024297
vt 0.011921 0.023791
vt 0.012015 0.023707
vt 0.012148 0.024225
vt 0.039916 0.044788
vt 0.039916 0.045122
vt 0.039881 0.045012
vt 0.011921 0.023341
vt 0.027048 0.042167
vt 0.027165 0.042207
vt 0.027229 0.042665
vt 0.026988 0.042664
vt 0.027155 0.043149
vt 0.026929 0.043150
vt 0.027222 0.043623
vt 0.026871 0.043633
vt 0.027151 0.044141
vt 0.026810 0.044137
vt 0.027100 0.044631
vt 0.026751 0.044625
vt 0.027064 0.045123
vt 0.026690 0.045123
vt 0.027323 0.044607
vt 0.027408 0.045123
vt 0.027284 0.044106
vt 0.000654 0.004613
vt 0.000590 0.004113
vt 0.027285 0.043623
vt 0.000493 0.003639
vt 0.038181 0.020826
vt 0.038111 0.020822
vt 0.038111 0.020348
vt 0.038163 0.020449
vt 0.000498 0.003253
vt 0.000523 0.003149
vt 0.000353 0.002690
vt 0.027095 0.044485
vt 0.027768 0.045123
vt 0.065948 0.003471
vt 0.065197 0.003154
vt 0.065466 0.002006
vt 0.065948 0.001269
vt 0.024297 0.002781
vt 0.024083 0.003550
vt 0.023871 0.003643
vt 0.023765 0.002185
vt 0.020272 0.000827
vt 0.020513 0.000851
vt 0.021112 0.004841
vt 0.020272 0.005206
vt 0.020944 0.000893
vt 0.021572 0.004642
vt 0.021372 0.000935
vt 0.021976 0.004466
vt 0.021798 0.000976
vt 0.022374 0.004293
vt 0.022222 0.001018
vt 0.022768 0.004122
vt 0.022727 0.001104
vt 0.023165 0.003949
vt 0.023246 0.001604
vt 0.023533 0.003789
vt 0.072817 0.070615
vt 0.072466 0.070252
vt 0.072537 0.069934
vt 0.072927 0.070134
vt 0.073336 0.070148
vt 0.073382 0.070454
vt 0.073480 0.070673
vt 0.073267 0.070533
vt 0.044676 0.046677
vt 0.044571 0.047122
vt 0.043986 0.046933
vt 0.043986 0.046506
vt 0.043986 0.046013
vt 0.044332 0.046308
vt 0.043986 0.045681
vt 0.044108 0.045851
vt 0.072021 0.070005
vt 0.071596 0.069785
vt 0.071688 0.069488
vt 0.072124 0.069674
vt 0.071858 0.069875
vt 0.071457 0.069854
vt 0.071065 0.069834
vt 0.071159 0.069590
vt 0.071257 0.069336
vt 0.071353 0.069088
vt 0.071779 0.069233
vt 0.071448 0.068841
vt 0.071873 0.068983
vt 0.072294 0.069099
vt 0.072208 0.069378
vt 0.072696 0.069149
vt 0.072630 0.069537
vt 0.073048 0.069202
vt 0.072988 0.069652
vt 0.073392 0.069261
vt 0.073319 0.069725
vt 0.073738 0.069314
vt 0.073763 0.069706
vt 0.073814 0.070002
vt 0.074246 0.069569
vt 0.074312 0.069845
vt 0.074377 0.070118
vt 0.073875 0.070278
vt 0.074442 0.070390
vt 0.073944 0.070546
vt 0.074508 0.070663
vt 0.074026 0.070815
vt 0.073685 0.070805
vt 0.044821 0.047554
vt 0.044521 0.047470
vt 0.044700 0.047342
vt 0.074141 0.070993
vt 0.074014 0.070830
vt 0.044829 0.047884
vt 0.044464 0.047846
vt 0.043986 0.047741
vt 0.043986 0.047334
vt 0.044744 0.048271
vt 0.044413 0.048262
vt 0.043986 0.048154
vt 0.044257 0.048536
vt 0.043986 0.048593
vt 0.044617 0.048461
vt 0.045073 0.048301
vt 0.044983 0.048384
vt 0.074626 0.071155
vt 0.074418 0.071095
vt 0.074570 0.070921
vt 0.044986 0.048020
vt 0.074181 0.069300
vt 0.073841 0.068786
vt 0.074194 0.068792
vt 0.074025 0.067996
vt 0.074392 0.067977
vt 0.074229 0.067167
vt 0.074626 0.067017
vt 0.073649 0.068062
vt 0.073820 0.067321
vt 0.073257 0.068152
vt 0.073412 0.067475
vt 0.073484 0.068776
vt 0.073127 0.068761
vt 0.072762 0.068767
vt 0.072855 0.068260
vt 0.072446 0.068364
vt 0.072584 0.067787
vt 0.072998 0.067631
vt 0.072371 0.068779
vt 0.071963 0.068720
vt 0.072052 0.068407
vt 0.071643 0.068336
vt 0.071731 0.068108
vt 0.072165 0.067945
vt 0.071544 0.068592
vt 0.045122 0.048512
vt 0.071155 0.039003
vt 0.070385 0.039322
vt 0.070304 0.038875
vt 0.070998 0.038753
vt 0.069710 0.036699
vt 0.069900 0.037002
vt 0.069410 0.036982
vt 0.069387 0.036649
vt 0.068303 0.036479
vt 0.068683 0.036539
vt 0.068696 0.036901
vt 0.068303 0.036892
vt 0.068303 0.039901
vt 0.068303 0.039405
vt 0.068926 0.039336
vt 0.068955 0.039916
vt 0.069613 0.039102
vt 0.069661 0.039623
vt 0.068857 0.038854
vt 0.069491 0.038661
vt 0.070147 0.038523
vt 0.069349 0.038311
vt 0.069973 0.038223
vt 0.070631 0.038167
vt 0.070812 0.038456
vt 0.069798 0.037930
vt 0.070450 0.037879
vt 0.069642 0.037628
vt 0.070268 0.037589
vt 0.069482 0.037309
vt 0.070084 0.037296
vt 0.069085 0.037291
vt 0.069048 0.036941
vt 0.069133 0.037636
vt 0.068763 0.037633
vt 0.068732 0.037264
vt 0.069211 0.037983
vt 0.068776 0.038026
vt 0.068303 0.038112
vt 0.068303 0.037685
vt 0.068807 0.038429
vt 0.068303 0.038535
vt 0.068303 0.038955
vt 0.068303 0.037285
vt 0.069038 0.036594
vt 0.004578 0.288420
vt 0.011205 0.287564
vt 0.010517 0.294969
vt 0.003622 0.294518
vt 0.090384 0.035450
vt 0.096482 0.034362
vt 0.096589 0.040766
vt 0.089122 0.040645
vt 0.225217 0.365438
vt 0.230421 0.364641
vt 0.230449 0.371975
vt 0.224316 0.372137
vt 0.118739 0.134461
vt 0.124486 0.134294
vt 0.124955 0.142309
vt 0.118207 0.142309
vt 0.028150 0.288098
vt 0.026261 0.295872
vt 0.018692 0.295241
vt 0.019956 0.288025
vt 0.225155 0.389064
vt 0.224316 0.380908
vt 0.230514 0.380846
vt 0.230916 0.390141
vt 0.237989 0.380696
vt 0.238070 0.395690
vt 0.405314 0.331477
vt 0.405314 0.323596
vt 0.413044 0.323095
vt 0.408617 0.330769
vt 0.395442 0.122008
vt 0.399160 0.119810
vt 0.399160 0.128938
vt 0.393432 0.129399
vt 0.125886 0.289147
vt 0.125112 0.297911
vt 0.117308 0.298670
vt 0.118166 0.289839
vt 0.388598 0.119939
vt 0.392682 0.114882
vt 0.350567 0.059357
vt 0.350514 0.067363
vt 0.346455 0.067422
vt 0.346600 0.059076
vt 0.203787 0.333279
vt 0.200721 0.336683
vt 0.198282 0.333356
vt 0.203436 0.328736
vt 0.068122 0.293264
vt 0.072953 0.292439
vt 0.076170 0.300919
vt 0.068096 0.301270
vt 0.365830 0.104616
vt 0.371421 0.102643
vt 0.372689 0.110621
vt 0.365698 0.117615
vt 0.129411 0.152398
vt 0.134800 0.151389
vt 0.135367 0.157929
vt 0.129176 0.157929
vt 0.035869 0.289272
vt 0.048848 0.286950
vt 0.056002 0.292212
vt 0.039718 0.294335
vt 0.197855 0.313317
vt 0.204076 0.314014
vt 0.364293 0.135592
vt 0.371958 0.133038
vt 0.370411 0.158069
vt 0.363547 0.157694
vt 0.065470 0.292974
vt 0.065171 0.301325
vt 0.053908 0.302253
vt 0.005222 0.120753
vt 0.010076 0.119880
vt 0.009438 0.124527
vt 0.003881 0.124574
vt 0.194173 0.035023
vt 0.194374 0.038884
vt 0.187224 0.036432
vt 0.187158 0.033342
vt 0.003850 0.392219
vt 0.004967 0.385153
vt 0.010213 0.384969
vt 0.008736 0.392152
vt 0.344393 0.204178
vt 0.343402 0.196123
vt 0.348334 0.195665
vt 0.349109 0.204787
vt 0.057981 0.034710
vt 0.054568 0.030776
vt 0.061720 0.027587
vt 0.063853 0.034151
vt 0.127105 0.387705
vt 0.121699 0.389820
vt 0.118812 0.380622
vt 0.125988 0.379689
vt 0.186013 0.050486
vt 0.177209 0.048864
vt 0.177090 0.043725
vt 0.187229 0.046042
vt 0.191943 0.048036
vt 0.187518 0.051883
vt 0.129177 0.351630
vt 0.126403 0.352303
vt 0.126403 0.344098
vt 0.130161 0.343639
vt 0.055402 0.021236
vt 0.057946 0.024068
vt 0.052113 0.026935
vt 0.051113 0.022762
vt 0.126690 0.130966
vt 0.120323 0.131632
vt 0.118543 0.125943
vt 0.126160 0.126126
vt 0.222140 0.354038
vt 0.219714 0.349741
vt 0.226968 0.348951
vt 0.228529 0.354028
vt 0.376053 0.195784
vt 0.372235 0.196103
vt 0.373632 0.188312
vt 0.378335 0.188628
vt 0.219806 0.252267
vt 0.227108 0.252745
vt 0.227348 0.261319
vt 0.220302 0.261035
vt 0.359392 0.104787
vt 0.360674 0.113510
vt 0.356315 0.113547
vt 0.355529 0.103555
vt 0.161250 0.102393
vt 0.149882 0.101317
vt 0.150680 0.094740
vt 0.162129 0.094361
vt 0.091231 0.051596
vt 0.088962 0.046564
vt 0.096785 0.046943
vt 0.097278 0.052064
vt 0.340866 0.252093
vt 0.341130 0.258142
vt 0.333978 0.258734
vt 0.333990 0.251664
vt 0.234103 0.007347
vt 0.233285 0.001530
vt 0.239496 0.001823
vt 0.239496 0.008677
vt 0.237181 0.371673
vt 0.236316 0.364092
vt 0.242364 0.371632
vt 0.242967 0.380600
vt 0.325252 0.259561
vt 0.325013 0.252668
vt 0.333966 0.269362
vt 0.326272 0.269784
vt 0.312645 0.270163
vt 0.310514 0.259926
vt 0.310160 0.253636
vt 0.285990 0.270674
vt 0.285221 0.260629
vt 0.284351 0.253531
vt 0.182290 0.095702
vt 0.183142 0.101428
vt 0.255283 0.261396
vt 0.256109 0.254074
vt 0.204622 0.095861
vt 0.204787 0.102393
vt 0.377126 0.158906
vt 0.378316 0.132302
vt 0.256628 0.248568
vt 0.237426 0.253685
vt 0.237888 0.248932
vt 0.375383 0.177573
vt 0.369284 0.176672
vt 0.363046 0.175745
vt 0.368639 0.187926
vt 0.363644 0.187431
vt 0.368067 0.196109
vt 0.364011 0.195848
vt 0.351376 0.103836
vt 0.351460 0.113881
vt 0.346540 0.114091
vt 0.347329 0.104273
vt 0.357379 0.128791
vt 0.351566 0.129425
vt 0.345679 0.129907
vt 0.352173 0.155838
vt 0.345857 0.156659
vt 0.128426 0.313212
vt 0.128426 0.340024
vt 0.122933 0.340891
vt 0.123379 0.313621
vt 0.397169 0.142309
vt 0.391040 0.141760
vt 0.114949 0.341903
vt 0.115545 0.314082
vt 0.104903 0.342943
vt 0.104985 0.314698
vt 0.105649 0.299703
vt 0.106406 0.291358
vt 0.091933 0.315874
vt 0.090233 0.300543
vt 0.089410 0.291919
vt 0.078970 0.317277
vt 0.095730 0.343985
vt 0.082776 0.346100
vt 0.069870 0.348254
vt 0.068685 0.318610
vt 0.062340 0.350054
vt 0.065236 0.318941
vt 0.350567 0.084711
vt 0.346476 0.085039
vt 0.049402 0.351772
vt 0.052134 0.319470
vt 0.035618 0.352472
vt 0.039739 0.320574
vt 0.040160 0.303186
vt 0.032221 0.322650
vt 0.032914 0.305610
vt 0.076721 0.411443
vt 0.078097 0.419986
vt 0.069351 0.419986
vt 0.069750 0.410925
vt 0.027057 0.323328
vt 0.029977 0.306178
vt 0.030073 0.296819
vt 0.033041 0.296143
vt 0.019904 0.324253
vt 0.024282 0.305036
vt 0.345361 0.364451
vt 0.338101 0.364417
vt 0.338208 0.357506
vt 0.345361 0.355686
vt 0.012385 0.325201
vt 0.016514 0.305590
vt 0.005603 0.326119
vt 0.008723 0.305724
vt 0.001292 0.326914
vt 0.002797 0.305749
vt 0.107685 0.035064
vt 0.128780 0.037368
vt 0.129332 0.043598
vt 0.107712 0.041346
vt 0.129736 0.048950
vt 0.107723 0.047795
vt 0.204648 0.029634
vt 0.204787 0.048593
vt 0.199429 0.048435
vt 0.198963 0.030057
vt 0.199134 0.021379
vt 0.204787 0.020107
vt 0.340700 0.268891
vt 0.340848 0.291202
vt 0.334597 0.292046
vt 0.340286 0.320985
vt 0.334675 0.321943
vt 0.328450 0.323374
vt 0.328029 0.292491
vt 0.315846 0.325369
vt 0.316463 0.293059
vt 0.286326 0.327369
vt 0.286384 0.295149
vt 0.257437 0.328062
vt 0.254431 0.297526
vt 0.254324 0.272335
vt 0.237710 0.299234
vt 0.236875 0.273851
vt 0.237145 0.261671
vt 0.228133 0.274766
vt 0.229483 0.300654
vt 0.222636 0.301481
vt 0.221129 0.275409
vt 0.217599 0.302373
vt 0.216888 0.276142
vt 0.360980 0.127812
vt 0.224289 0.328320
vt 0.218143 0.328536
vt 0.358326 0.154936
vt 0.359789 0.181023
vt 0.353612 0.181516
vt 0.360769 0.194591
vt 0.354623 0.195237
vt 0.347040 0.182118
vt 0.395374 0.022875
vt 0.395689 0.033876
vt 0.389663 0.034710
vt 0.388624 0.023057
vt 0.389216 0.001468
vt 0.395689 0.001774
vt 0.124103 0.366324
vt 0.116117 0.367267
vt 0.108432 0.381409
vt 0.105932 0.368219
vt 0.095179 0.381913
vt 0.095155 0.369377
vt 0.087942 0.382308
vt 0.084503 0.369952
vt 0.074904 0.382441
vt 0.071033 0.370961
vt 0.061927 0.382192
vt 0.060782 0.371902
vt 0.043217 0.382288
vt 0.045771 0.372859
vt 0.027755 0.382924
vt 0.031738 0.373672
vt 0.017257 0.384293
vt 0.021125 0.374192
vt 0.028451 0.352678
vt 0.014209 0.374670
vt 0.021138 0.353663
vt 0.008136 0.374859
vt 0.013603 0.354169
vt 0.002732 0.375069
vt 0.006984 0.354541
vt 0.244703 0.386296
vt 0.244703 0.404367
vt 0.240296 0.404117
vt 0.239388 0.388471
vt 0.001773 0.355003
vt 0.156910 0.035503
vt 0.176996 0.038704
vt 0.157491 0.040878
vt 0.128141 0.033183
vt 0.158197 0.046533
vt 0.177342 0.052064
vt 0.158994 0.051486
vt 0.345156 0.319898
vt 0.344371 0.338239
vt 0.339643 0.338402
vt 0.345361 0.290646
vt 0.344154 0.348414
vt 0.339652 0.348196
vt 0.333960 0.347878
vt 0.334242 0.338615
vt 0.326104 0.347419
vt 0.327197 0.338932
vt 0.310814 0.347302
vt 0.313239 0.339530
vt 0.286136 0.347446
vt 0.286355 0.340236
vt 0.262337 0.347678
vt 0.260270 0.340614
vt 0.245391 0.347761
vt 0.243039 0.340716
vt 0.240181 0.328232
vt 0.233212 0.341224
vt 0.231214 0.328089
vt 0.225754 0.341723
vt 0.234850 0.348246
vt 0.219089 0.342183
vt 0.247742 0.353304
vt 0.236878 0.353947
vt 0.111995 0.132319
vt 0.101134 0.132652
vt 0.098483 0.127117
vt 0.109041 0.126738
vt 0.094451 0.120817
vt 0.104610 0.121170
vt 0.116359 0.119880
vt 0.069087 0.027443
vt 0.078694 0.026246
vt 0.083728 0.032002
vt 0.072829 0.033674
vt 0.124820 0.120062
vt 0.111066 0.389807
vt 0.097328 0.389496
vt 0.090906 0.389862
vt 0.087350 0.026693
vt 0.089805 0.032560
vt 0.098749 0.025960
vt 0.101028 0.032189
vt 0.077720 0.389828
vt 0.114098 0.025441
vt 0.113368 0.030402
vt 0.062067 0.389281
vt 0.132464 0.023805
vt 0.131246 0.030592
vt 0.041676 0.389463
vt 0.145461 0.022745
vt 0.144447 0.028708
vt 0.026140 0.390382
vt 0.153767 0.021842
vt 0.153785 0.027650
vt 0.015602 0.391414
vt 0.159333 0.021236
vt 0.159664 0.026431
vt 0.016241 0.123842
vt 0.015800 0.129623
vt 0.009233 0.129558
vt 0.026090 0.123187
vt 0.024819 0.129360
vt 0.023819 0.135319
vt 0.015389 0.135367
vt 0.041871 0.121946
vt 0.040965 0.128627
vt 0.039823 0.135140
vt 0.309104 0.353760
vt 0.325103 0.353601
vt 0.062911 0.127693
vt 0.063066 0.133873
vt 0.285829 0.353231
vt 0.083500 0.127132
vt 0.085010 0.133452
vt 0.263886 0.353944
vt 0.063060 0.121447
vt 0.081717 0.120437
vt 0.333529 0.353903
vt 0.339726 0.354038
vt 0.009161 0.134720
vt 0.344445 0.352849
vt 0.004408 0.133984
vt 0.004187 0.129014
vt 0.193327 0.043220
vt 0.187183 0.041223
vt 0.177013 0.034418
vt 0.000992 0.385349
vt 0.360980 0.202101
vt 0.354850 0.203560
vt 0.204787 0.298770
vt 0.198244 0.297412
vt 0.197855 0.287440
vt 0.204258 0.287902
vt 0.364451 0.393384
vt 0.358234 0.393954
vt 0.358234 0.385418
vt 0.364451 0.385190
vt 0.378335 0.105251
vt 0.029599 0.288863
vt 0.033497 0.290034
vt 0.066877 0.288257
vt 0.017355 0.001337
vt 0.017117 0.001529
vt 0.017048 0.001030
vt 0.017355 0.000586
vt 0.003400 0.038045
vt 0.003471 0.037291
vt 0.003459 0.037334
vt 0.003471 0.038181
vt 0.017287 0.001454
vt 0.017248 0.001735
s 1
usemtl tripo_mat_52cb7016-bd94-4118-a070-d7bdfb4ec321
f 1/1 3/2 149/3 150/4
f 1/1 151/5 152/6 153/7
f 3/8 4/9 154/10 149/11
f 5/12 155/13 156/14 157/15
f 5/16 157/17 158/18 159/19
f 5/20 159/21 160/22 155/23
f 6/24 161/25 162/26 163/27
f 6/24 156/14 155/13 161/25
f 6/24 7/28 164/29 156/14
f 6/24 163/27 165/30 41/31
f 6/32 41/33 166/34 167/35
f 6/36 167/37 168/38 7/39
f 7/40 168/41 169/42 164/43
f 8/44 172/45 173/46 174/47
f 9/48 175/49 176/50 177/51
f 11/52 179/53 180/54 181/55
f 11/56 172/57 171/58 182/59
f 12/60 183/61 184/62 185/63
f 13/64 186/65 187/66 188/67
f 190/68 57/69 186/70 13/71
f 13/64 188/67 189/72 190/73
f 14/74 191/75 192/76 183/77
f 14/78 193/79 194/80 191/81
f 14/82 195/83 196/84 193/85
f 197/86 198/87 199/88 200/89
f 15/90 201/91 202/92 203/93
f 15/94 204/95 205/96 201/97
f 15/98 203/99 20/100 204/101
f 16/102 206/103 207/104 208/105
f 16/106 209/107 210/108 206/109
f 16/110 208/111 211/112 209/113
f 17/114 212/115 200/116 199/117
f 214/118 215/119 212/115 17/114
f 17/120 199/88 213/121 214/122
f 18/123 216/124 19/125 217/126
f 18/123 218/127 219/128 220/129
f 18/130 217/131 221/132 218/133
f 19/134 216/135 222/136 20/137
f 19/125 20/138 203/93 223/139
f 19/125 223/139 224/140 217/126
f 20/137 222/136 225/141 226/142
f 21/143 227/144 228/145 229/146
f 21/147 230/148 231/149 227/150
f 22/151 232/152 233/153 234/154
f 22/151 234/154 235/155 31/156
f 22/157 236/158 33/159 232/160
f 23/161 237/162 238/163 239/164
f 23/165 232/166 33/167 237/168
f 24/169 25/170 240/171 241/172
f 25/173 242/174 243/175 240/176
f 26/177 244/178 245/179 246/180
f 26/181 247/182 248/183 244/184
f 26/177 246/180 36/185 249/186
f 27/187 250/188 251/189 252/190
f 27/187 252/190 253/191 29/192
f 27/187 29/192 254/193 250/188
f 28/194 255/195 241/172 240/171
f 28/194 240/171 256/196 257/197
f 28/194 257/197 258/198 255/195
f 29/199 259/200 260/201 254/202
f 30/203 261/204 262/205 263/206
f 30/207 263/208 264/209 265/210
f 30/207 265/210 266/211 261/212
f 32/213 267/214 268/215 269/216
f 32/213 269/216 270/217 271/218
f 32/219 271/220 273/221 274/222
f 33/223 273/224 271/218 237/162
f 33/225 275/226 276/227 273/228
f 277/229 278/230 219/231 279/232
f 34/233 280/234 281/235 35/236
f 34/233 282/237 283/238 280/234
f 34/239 284/240 285/241 282/242
f 34/239 286/243 287/244 284/240
f 34/233 35/236 288/245 286/246
f 36/185 246/180 289/247 290/248
f 36/249 290/250 215/119 214/118
f 26/251 249/252 291/253 247/254
f 292/255 248/256 247/257 293/258
f 37/259 294/260 295/261 296/262
f 37/263 297/264 298/265 294/266
f 38/267 299/268 300/269 301/270
f 38/267 301/270 302/271 303/272
f 39/273 304/274 305/275 306/276
f 39/277 306/278 307/279 308/280
f 39/281 308/282 309/283 304/284
f 40/285 43/286 301/270 300/269
f 310/287 311/288 312/289 43/290
f 41/33 165/291 313/292 166/34
f 42/293 314/294 315/295 316/296
f 43/297 318/298 302/299 301/300
f 43/286 312/301 319/302 318/303
f 44/304 320/305 321/306 317/307
f 45/308 322/309 52/310 323/311
f 45/312 324/313 325/314 322/315
f 46/316 326/317 327/318 328/319
f 46/320 329/321 319/322 312/323
f 46/320 312/323 330/324 331/325
f 47/326 332/327 333/328 48/329
f 47/330 48/331 53/332 334/333
f 47/334 334/335 335/336 332/337
f 48/338 336/339 337/340 53/341
f 48/329 338/342 339/343 336/344
f 49/345 340/346 341/347 342/348
f 49/349 342/350 343/351 344/352
f 49/353 344/354 345/355 340/356
f 50/357 51/358 322/315 325/314
f 51/359 346/360 52/310 322/309
f 52/310 346/360 347/361 348/362
f 53/363 337/364 349/365 350/366
f 46/367 323/368 351/369 329/370
f 54/371 55/372 341/347 340/346
f 353/373 354/374 55/375 54/376
f 54/377 340/378 352/379 353/380
f 55/375 354/374 56/381 341/382
f 56/383 355/384 356/385 357/386
f 73/387 358/388 359/389 360/390
f 58/391 361/392 362/393 363/394
f 58/391 363/394 188/395 187/396
f 58/397 187/398 364/399 195/83
f 59/400 64/401 365/402 366/403
f 59/404 366/405 367/406 368/407
f 59/408 368/409 369/410 64/411
f 60/412 370/413 371/414 66/415
f 61/416 69/417 372/418 62/419
f 61/420 373/421 75/422 374/423
f 61/420 374/423 375/424 69/425
f 62/419 372/418 76/426 376/427
f 62/419 376/427 377/428 61/416
f 377/429 378/430 373/431 61/432
f 63/433 379/434 365/435 64/436
f 63/437 64/411 71/438 380/439
f 64/411 369/410 381/440 382/441
f 64/411 382/441 70/442 71/438
f 65/443 383/444 384/445 380/446
f 65/443 380/446 71/447 70/448
f 66/449 385/450 386/451 387/452
f 67/453 388/454 389/455 390/456
f 67/457 391/458 392/459 388/460
f 67/461 390/462 393/463 391/464
f 68/465 390/456 389/455 65/466
f 68/467 394/468 393/463 390/462
f 69/469 375/470 395/471 396/472
f 69/469 396/472 397/473 381/474
f 69/475 381/440 369/410 372/476
f 70/442 382/441 398/477 399/478
f 72/479 193/480 196/481 400/482
f 72/479 400/482 401/483 402/484
f 72/485 402/486 194/80 193/79
f 73/487 403/488 404/489 405/490
f 73/387 405/491 406/492 358/388
f 74/493 408/494 409/495 410/496
f 75/497 373/431 412/498 413/499
f 75/500 413/501 414/502 374/503
f 76/504 372/476 369/410 368/409
f 76/505 368/407 367/406 376/506
f 77/507 415/508 416/509 417/510
f 77/511 418/512 419/513 415/514
f 77/515 417/516 420/517 418/518
f 78/519 421/520 422/521 423/522
f 78/523 423/524 424/525 425/526
f 78/527 425/528 426/529 421/530
f 79/531 427/532 428/533 429/534
f 79/535 430/536 431/537 427/538
f 79/539 429/540 432/541 430/542
f 80/543 433/544 434/545 435/546
f 80/547 436/548 437/549 433/550
f 80/543 435/546 438/551 439/552
f 80/547 439/553 440/554 441/555
f 81/556 442/557 443/558 444/559
f 81/560 445/561 446/562 442/563
f 82/564 447/565 448/566 449/567
f 82/568 449/569 450/570 451/571
f 82/572 451/573 452/574 447/575
f 83/576 453/577 454/578 455/579
f 84/580 456/581 457/582 445/561
f 84/583 458/584 459/585 456/586
f 85/587 460/588 424/525 423/524
f 85/589 423/522 422/521 370/590
f 86/591 461/592 462/593 463/594
f 86/591 463/594 464/595 465/596
f 86/597 466/598 467/599 461/600
f 88/601 468/602 425/526 424/525
f 88/601 469/603 470/604 468/602
f 88/605 471/606 472/607 469/608
f 421/520 426/609 473/610 474/611
f 421/520 474/611 475/612 422/521
f 89/613 476/614 477/615 478/616
f 89/617 479/618 480/619 476/620
f 90/621 455/579 454/578 481/622
f 90/623 482/624 483/625 455/626
f 91/627 484/628 485/629 486/630
f 91/631 486/632 453/633 83/634
f 487/635 488/636 489/637 490/638
f 93/639 92/640 459/585 487/635
f 94/641 493/642 494/643 495/644
f 95/645 481/622 454/578 496/646
f 95/647 497/648 498/649 481/650
f 96/651 499/652 453/577 486/653
f 96/651 486/653 500/654 97/655
f 96/651 97/655 501/656 499/652
f 98/657 108/658 502/659 105/660
f 98/661 105/662 503/663 504/664
f 98/657 504/665 505/666 108/658
f 99/667 506/668 507/669 508/670
f 509/671 510/672 511/673 512/674
f 101/675 513/676 112/677 514/678
f 103/679 515/680 452/574 451/573
f 103/681 451/571 450/570 516/682
f 103/681 516/682 517/683 147/684
f 104/685 109/686 518/687 519/688
f 105/689 520/690 521/691 522/692
f 105/693 522/694 523/695 503/696
f 106/697 107/698 524/699 509/700
f 106/701 525/702 518/703 526/704
f 106/705 527/706 528/707 107/708
f 107/698 528/709 529/710 524/699
f 108/658 505/666 530/711 502/659
f 99/712 528/713 527/714 531/715
f 110/716 532/717 504/718 503/719
f 110/720 503/696 523/695 533/721
f 110/722 533/723 534/724 532/725
f 111/726 535/727 536/728 537/729
f 111/730 537/731 538/732 539/733
f 111/734 539/735 540/736 535/737
f 112/738 530/739 541/740 514/741
f 112/742 513/743 502/744 530/745
f 113/746 542/747 543/748 124/749
f 113/746 124/749 544/750 545/751
f 114/752 118/753 546/754 547/755
f 550/756 551/757 546/758 118/759
f 117/760 548/761 549/762 550/763
f 114/764 117/760 550/763 118/765
f 115/766 552/767 553/768 554/769
f 115/770 554/771 555/772 116/773
f 115/774 116/775 556/776 552/777
f 116/775 557/778 558/779 556/776
f 559/780 560/781 561/782 562/783
f 117/784 114/752 563/785 548/786
f 119/787 564/788 565/789 566/790
f 119/787 566/790 567/791 127/792
f 119/787 127/792 568/793 126/794
f 120/795 551/796 550/797 569/798
f 120/799 570/800 571/801 121/802
f 120/799 569/803 572/804 570/800
f 121/805 573/806 574/807 120/808
f 121/809 571/810 575/811 573/812
f 122/813 576/814 577/815 578/816
f 122/817 578/818 579/819 580/820
f 122/821 580/822 581/823 576/824
f 123/825 136/826 582/827 565/828
f 123/829 565/789 564/788 583/830
f 123/831 583/832 584/833 136/834
f 124/835 543/836 553/837 552/838
f 124/839 552/840 556/841 585/842
f 125/843 586/844 587/845 135/846
f 125/843 588/847 132/848 586/844
f 127/849 567/850 589/851 568/852
f 128/853 590/854 591/855 592/856
f 128/857 593/858 594/859 590/860
f 129/861 595/862 596/863 597/864
f 129/865 597/866 598/867 599/868
f 129/869 599/870 600/871 595/872
f 130/873 601/874 602/875 603/876
f 130/877 137/878 604/879 601/880
f 130/877 133/881 134/882 137/878
f 605/883 606/884 134/885 133/886
f 130/873 603/876 605/887 133/888
f 131/889 558/779 557/778 607/890
f 131/889 608/891 609/892 558/779
f 131/893 610/894 611/895 608/896
f 131/893 607/897 612/898 610/894
f 132/899 588/900 613/901 614/902
f 134/885 606/884 616/903 137/904
f 135/905 617/906 562/907 561/908
f 135/909 587/910 618/911 617/912
f 125/843 572/804 619/913 588/847
f 136/826 620/914 621/915 622/916
f 136/917 584/918 623/919 620/920
f 136/826 622/916 624/921 582/827
f 132/848 625/922 626/923 586/844
f 132/899 627/924 628/925 625/926
f 138/927 629/928 630/929 631/930
f 138/931 632/932 633/933 629/934
f 138/935 634/936 635/937 632/938
f 138/927 631/930 636/939 634/940
f 139/941 637/942 638/943 639/944
f 139/945 639/946 640/947 641/948
f 139/941 642/949 624/921 622/916
f 139/950 641/951 643/952 642/953
f 140/954 644/955 645/956 646/957
f 140/958 639/944 638/943 644/959
f 140/960 646/961 640/947 639/946
f 652/962 647/963 648/964 649/965
f 652/966 649/967 650/968 651/969
f 652/970 653/971 654/972 655/973
f 106/701 526/704 651/974 656/975
f 106/976 656/977 657/978 527/979
f 141/980 441/555 440/554 658/981
f 141/982 659/983 660/984 441/985
f 141/986 661/987 662/988 663/989
f 141/986 658/990 146/991 661/987
f 142/992 664/993 665/994 666/995
f 142/996 667/997 668/998 669/999
f 142/996 669/999 670/1000 664/1001
f 142/992 666/995 671/1002 667/1003
f 143/1004 446/562 445/561 457/582
f 144/1005 672/1006 647/963 673/1007
f 144/1008 673/1009 674/1010 675/1011
f 144/1012 675/1013 676/1014 672/1015
f 145/1016 677/1017 678/1018 671/1019
f 145/1020 679/1021 680/1022 677/1023
f 145/1024 671/1002 666/995 679/1025
f 146/1026 681/1027 682/1028 661/1029
f 146/1030 658/981 683/1031 681/1032
f 684/1033 685/1034 465/1035 464/1036
f 147/1037 668/1038 667/1039 686/1040
f 148/1041 687/1042 688/1043 689/1044
f 148/1045 689/1046 690/1047 691/1048
f 148/1049 691/1050 692/1051 687/1052
f 692/1053 522/692 521/691 687/1054
f 692/1051 691/1050 539/733 538/732
f 692/1051 538/732 523/695 522/694
f 691/1048 690/1047 540/736 539/735
f 690/1055 689/1044 693/1056 694/1057
f 690/1047 694/1058 695/1059 540/736
f 695/1059 694/1058 696/1060 697/1061
f 695/1059 697/1061 698/1062 699/1063
f 695/1059 699/1063 535/737 540/736
f 699/1064 698/1065 700/1066 701/1067
f 699/1064 701/1067 536/728 535/727
f 701/1067 700/1066 702/1068 703/1069
f 701/1067 703/1069 534/724 536/728
f 703/1069 702/1068 704/1070 705/1071
f 703/1069 705/1071 532/725 534/724
f 705/1071 704/1070 706/1072 707/1073
f 705/1071 707/1073 504/1074 532/725
f 707/1073 706/1072 708/1075 709/1076
f 707/1073 709/1076 505/1077 504/1074
f 709/1076 541/740 530/739 505/1077
f 710/1078 708/1075 711/1079 712/1080
f 710/1078 541/740 709/1076 708/1075
f 710/1078 713/1081 514/741 541/740
f 710/1078 712/1080 714/1082 713/1081
f 714/1082 715/1083 506/668 713/1081
f 714/1082 712/1080 716/1084 717/1085
f 714/1082 717/1085 718/1086 715/1083
f 718/1086 719/1087 720/1088 715/1083
f 718/1086 717/1085 721/1089 722/1090
f 718/1086 722/1090 723/1091 719/1087
f 723/1091 724/1092 725/1093 719/1087
f 723/1091 722/1090 726/1094 727/1095
f 723/1091 727/1095 728/1096 724/1092
f 728/1096 729/1097 730/1098 724/1092
f 728/1096 727/1095 731/1099 732/1100
f 728/1101 732/1102 733/1103 729/1104
f 733/1103 734/1105 735/1106 729/1104
f 733/1107 732/1108 736/1109 737/1110
f 733/1107 737/1110 738/1111 734/1112
f 738/1111 739/1113 740/1114 734/1112
f 738/1111 737/1110 630/1115 629/934
f 738/1111 629/934 633/933 739/1113
f 740/1116 741/1117 742/1118 743/1119
f 740/1114 743/1120 735/1121 734/1112
f 740/1114 739/1113 744/1122 741/1123
f 744/1122 745/1124 746/1125 741/1123
f 744/1122 739/1113 633/933 747/1126
f 744/1122 747/1126 748/1127 745/1124
f 748/1127 749/1128 750/1129 745/1124
f 748/1127 747/1126 751/1130 752/1131
f 748/1127 752/1131 753/1132 749/1128
f 753/1132 644/959 638/943 749/1128
f 753/1133 752/1134 754/1135 755/1136
f 753/1133 755/1136 645/956 644/955
f 755/1136 754/1135 756/1137 757/1138
f 755/1136 757/1138 758/1139 645/956
f 758/1139 759/1140 646/957 645/956
f 758/1139 757/1138 760/1141 761/1142
f 758/1139 761/1142 762/1143 759/1140
f 762/1144 763/1145 764/1146 759/1147
f 762/1143 761/1142 765/1148 766/1149
f 762/1150 766/1151 665/1152 763/1153
f 766/1149 765/1148 680/1022 679/1021
f 766/1151 679/1154 666/1155 665/1152
f 765/1148 761/1142 760/1141 767/1156
f 765/1148 767/1156 768/1157 680/1022
f 768/1157 767/1156 769/1158 770/1159
f 768/1157 770/1159 676/1014 771/1160
f 768/1157 771/1160 677/1023 680/1022
f 771/1160 676/1014 675/1013 772/1161
f 771/1162 772/1163 678/1018 677/1017
f 772/1164 675/1011 674/1010 773/1165
f 772/1164 773/1165 686/1166 678/1167
f 773/1165 674/1010 774/1168 775/1169
f 773/1165 775/1169 147/684 686/1166
f 775/1169 774/1168 776/1170 777/1171
f 775/1169 777/1171 103/681 147/684
f 777/1172 776/1173 778/1174 779/1175
f 777/1172 779/1175 515/1176 103/1177
f 779/1178 778/1179 780/1180 781/1181
f 779/1178 781/1181 782/1182 515/1183
f 782/1182 783/1184 452/1185 515/1183
f 782/1182 781/1181 784/1186 785/1187
f 782/1182 785/1187 786/1188 783/1184
f 786/1188 787/1189 788/1190 783/1184
f 786/1188 785/1187 789/1191 790/1192
f 786/1188 790/1192 791/1193 787/1189
f 791/1193 792/1194 793/1195 787/1189
f 791/1193 790/1192 794/1196 795/1197
f 791/1193 795/1197 796/1198 792/1194
f 796/1198 797/1199 798/1200 792/1194
f 796/1198 795/1197 583/830 564/788
f 796/1198 564/788 119/787 797/1199
f 798/1200 799/1201 800/1202 801/1203
f 798/1200 801/1203 793/1195 792/1194
f 798/1200 797/1199 802/1204 799/1201
f 802/1205 803/1206 804/1207 799/1208
f 802/1204 797/1199 119/787 126/794
f 802/1205 126/1209 568/1210 803/1206
f 804/1211 805/1212 800/1202 799/1201
f 804/1211 803/1213 806/1214 488/636
f 806/1214 807/1215 489/637 488/636
f 806/1216 803/1217 568/852 589/851
f 806/1214 589/1218 808/1219 807/1215
f 808/1219 809/1220 810/1221 807/1215
f 808/1219 589/1218 567/791 811/1222
f 808/1219 811/1222 812/1223 809/1220
f 812/1223 813/1224 814/1225 809/1220
f 812/1223 811/1222 815/1226 816/1227
f 812/1223 816/1227 817/1228 813/1224
f 817/1228 818/1229 819/1230 813/1224
f 817/1231 816/1232 820/1233 821/1234
f 817/1231 821/1234 822/1235 818/1236
f 822/1235 823/1237 824/1238 818/1236
f 822/1235 821/1234 825/1239 826/1240
f 822/1235 826/1240 827/1241 823/1237
f 827/1241 828/1242 829/1243 823/1237
f 827/1244 826/1245 830/1246 831/1247
f 827/1244 831/1247 832/1248 828/1249
f 832/1248 137/1250 616/1251 828/1249
f 832/1248 831/1247 833/1252 834/1253
f 832/1248 834/1253 604/1254 137/1250
f 834/1253 833/1252 835/1255 836/1256
f 834/1253 836/1256 837/1257 604/1254
f 837/1257 838/1258 601/874 604/1254
f 837/1257 836/1256 839/1259 840/1260
f 837/1257 840/1260 841/1261 838/1258
f 841/1261 842/1262 843/1263 838/1258
f 841/1261 840/1260 844/1264 845/1265
f 841/1261 845/1265 846/1266 842/1262
f 846/1266 847/1267 848/1268 842/1262
f 846/1266 845/1265 849/1269 850/1270
f 846/1266 850/1270 851/1271 847/1267
f 851/1271 852/1272 853/1273 847/1267
f 851/1271 850/1270 854/1274 855/1275
f 851/1271 855/1275 659/1276 852/1272
f 855/1275 854/1274 856/1277 857/1278
f 855/1275 857/1278 660/1279 659/1276
f 857/1280 856/1281 858/1282 859/1283
f 857/1280 859/1283 436/548 660/1284
f 859/1283 858/1282 860/1285 861/1286
f 859/1283 861/1286 437/549 436/548
f 861/1286 860/1285 418/518 420/517
f 861/1286 420/517 432/541 437/549
f 860/1285 858/1282 862/1287 863/1288
f 860/1289 863/1290 419/1291 418/1292
f 864/1293 856/1294 854/1295 865/1296
f 864/1297 865/1298 866/1299 867/1300
f 864/1301 867/1302 868/1303 869/1304
f 868/1303 867/1302 870/1305 871/1306
f 868/1303 871/1306 872/1307 873/1308
f 868/1303 873/1308 874/1309 869/1304
f 873/1310 872/1311 875/1312 876/1313
f 877/1314 878/1315 879/1316 880/1317
f 880/1317 881/1318 415/514 419/513
f 880/1319 879/1320 882/1321 881/1322
f 882/1323 883/1324 884/1325 881/1326
f 882/1321 879/1320 885/1327 886/1328
f 882/1323 886/1329 887/1330 883/1324
f 887/1330 888/1331 889/1332 883/1324
f 887/1330 886/1329 890/1333 891/1334
f 887/1330 891/1334 892/1335 888/1331
f 892/1335 893/1336 894/1337 888/1331
f 892/1335 891/1334 575/811 560/781
f 892/1335 560/781 559/780 893/1336
f 894/1338 895/1339 896/1340 897/1341
f 894/1337 897/1342 889/1332 888/1331
f 894/1338 893/1343 898/1344 895/1339
f 898/1345 899/1346 900/1347 895/1348
f 898/1344 893/1343 559/1349 562/1350
f 898/1345 562/907 617/906 899/1346
f 900/1351 901/1352 902/1353 903/1354
f 900/1347 903/1355 896/1356 895/1348
f 900/1357 899/1358 904/1359 901/1360
f 904/1359 905/1361 906/1362 901/1360
f 904/1359 899/1358 617/912 618/911
f 904/1359 618/911 907/1363 905/1361
f 907/1363 555/772 908/1364 905/1361
f 907/1363 618/911 587/910 909/1365
f 907/1363 909/1365 116/773 555/772
f 909/1366 587/845 586/844 626/923
f 909/1366 626/923 557/778 116/775
f 908/1364 910/1367 911/1368 912/1369
f 908/1364 912/1369 906/1362 905/1361
f 908/1364 555/772 554/771 910/1367
f 912/1369 911/1368 913/1370 914/1371
f 912/1369 914/1371 915/1372 906/1362
f 915/1372 914/1371 916/1373 917/1374
f 915/1372 917/1374 918/1375 902/1376
f 915/1372 902/1376 901/1360 906/1362
f 918/1375 917/1374 438/551 435/546
f 918/1375 435/546 434/545 919/1377
f 918/1375 919/1377 903/1378 902/1376
f 919/1379 434/1380 428/533 920/1381
f 919/1379 920/1381 896/1356 903/1355
f 920/1382 428/1383 427/1384 921/1385
f 920/1382 921/1385 897/1341 896/1340
f 921/1386 427/538 431/537 922/1387
f 921/1386 922/1387 889/1332 897/1342
f 922/1387 431/537 416/509 884/1325
f 922/1387 884/1325 883/1324 889/1332
f 917/1374 916/1373 480/619 438/551
f 916/1373 923/1388 476/620 480/619
f 916/1373 914/1371 913/1370 923/1388
f 913/1370 924/1389 925/1390 923/1388
f 913/1391 911/1392 926/1393 924/1394
f 926/1395 927/1396 928/1397 924/1389
f 926/1393 911/1392 910/1398 929/1399
f 926/1395 929/1400 930/1401 927/1396
f 930/1401 931/1402 932/1403 927/1396
f 930/1404 929/1405 553/837 543/836
f 930/1401 543/748 542/747 931/1402
f 932/1403 933/1406 474/611 473/610
f 932/1403 473/610 928/1397 927/1396
f 932/1403 931/1402 934/1407 933/1406
f 934/1407 935/1408 936/1409 933/1406
f 934/1407 931/1402 542/747 937/1410
f 934/1407 937/1410 938/1411 935/1408
f 938/1411 939/1412 940/1413 935/1408
f 938/1411 937/1410 545/751 941/1414
f 938/1411 941/1414 942/1415 939/1412
f 942/1415 943/1416 944/1417 939/1412
f 942/1415 941/1414 945/1418 946/1419
f 942/1415 946/1419 947/1420 943/1416
f 946/1421 945/1422 948/1423 949/1424
f 946/1421 949/1424 25/1425 947/1426
f 949/1427 948/1428 950/1429 951/1430
f 949/1427 951/1430 242/174 25/173
f 951/1431 950/1432 952/1433 953/1434
f 951/1431 953/1434 954/1435 242/1436
f 954/1435 955/1437 243/1438 242/1436
f 954/1435 953/1434 956/1439 957/1440
f 954/1435 957/1440 958/1441 955/1437
f 958/1441 959/1442 960/1443 955/1437
f 958/1441 957/1440 961/1444 962/1445
f 958/1441 962/1445 963/1446 959/1442
f 963/1446 964/1447 965/1448 959/1442
f 963/1446 962/1445 966/1449 967/1450
f 963/1446 967/1450 968/1451 964/1447
f 968/1451 969/1452 970/1453 964/1447
f 968/1451 967/1450 971/1454 972/1455
f 968/1451 972/1455 973/1456 969/1452
f 973/1456 974/1457 975/1458 969/1452
f 973/1456 972/1455 976/1459 977/1460
f 973/1456 977/1460 978/1461 974/1457
f 978/1461 979/1462 980/1463 974/1457
f 978/1461 977/1460 981/1464 982/1465
f 978/1461 982/1465 983/1466 979/1462
f 983/1466 984/1467 985/1468 979/1462
f 983/1466 982/1465 396/472 395/471
f 983/1466 395/471 986/1469 984/1467
f 986/1469 12/1470 185/1471 984/1467
f 986/1472 395/1473 375/1474 987/1475
f 986/1476 987/1477 988/1478 12/1479
f 987/1475 375/1474 374/503 414/502
f 987/1475 414/502 362/1480 988/1481
f 985/1468 989/1482 990/1483 991/1484
f 985/1468 991/1484 980/1463 979/1462
f 985/1468 984/1467 185/1471 989/1482
f 991/1484 990/1483 992/1485 993/1486
f 991/1484 993/1486 994/1487 980/1463
f 994/1487 993/1486 995/1488 996/1489
f 994/1487 996/1489 997/1490 975/1458
f 994/1487 975/1458 974/1457 980/1463
f 997/1490 996/1489 998/1491 999/1492
f 997/1490 999/1492 1000/1493 970/1453
f 997/1490 970/1453 969/1452 975/1458
f 1000/1493 999/1492 1001/1494 1002/1495
f 1000/1493 1002/1495 1003/1496 965/1448
f 1000/1493 965/1448 964/1447 970/1453
f 1003/1496 1002/1495 1004/1497 1005/1498
f 1003/1496 1005/1498 1006/1499 960/1443
f 1003/1496 960/1443 959/1442 965/1448
f 1006/1500 1005/1501 1007/1502 256/1503
f 1006/1500 256/1503 240/176 243/175
f 1006/1499 243/1438 955/1437 960/1443
f 1007/1504 1008/1505 1009/1506 1010/1507
f 1007/1504 1010/1507 257/1508 256/1509
f 1007/1502 1005/1501 1004/1510 1008/1511
f 1010/1512 1009/1513 1011/1514 1012/1515
f 1010/1512 1012/1515 258/198 257/197
f 1012/1515 1011/1514 1013/1516 1014/1517
f 1012/1515 1014/1517 1015/1518 258/198
f 1015/1518 1014/1517 1016/1519 1017/1520
f 1015/1518 1017/1520 1018/1521 1019/1522
f 1015/1518 1019/1522 255/195 258/198
f 1019/1522 1018/1521 1020/1523 1021/1524
f 1019/1522 1021/1524 241/172 255/195
f 1021/1524 1020/1523 1022/1525 1023/1526
f 1021/1524 1023/1526 24/169 241/172
f 1022/1525 1020/1523 1024/1527 1025/1528
f 1022/1525 1025/1528 1026/1529 1027/1530
f 1022/1525 1027/1530 944/1417 1023/1526
f 1027/1530 1026/1529 1028/1531 940/1413
f 1027/1530 940/1413 939/1412 944/1417
f 1028/1531 1026/1529 66/449 371/1532
f 1028/1531 371/1532 475/612 936/1409
f 1028/1531 936/1409 935/1408 940/1413
f 1026/1529 1025/1528 385/450 66/449
f 1025/1528 1024/1527 1029/1533 385/450
f 1029/1533 1030/1534 384/1535 383/1536
f 1029/1533 383/1536 386/451 385/450
f 1029/1533 1024/1527 1031/1537 1030/1534
f 1031/1537 1032/1538 1033/1539 1030/1534
f 1031/1537 1024/1527 1020/1523 1018/1521
f 1031/1537 1018/1521 1017/1520 1032/1538
f 1033/1539 1034/1540 365/435 379/434
f 1033/1539 379/434 384/1535 1030/1534
f 1033/1539 1032/1538 1035/1541 1034/1540
f 1035/1541 1036/1542 1037/1543 1034/1540
f 1035/1541 1032/1538 1017/1520 1016/1519
f 1035/1541 1016/1519 1038/1544 1036/1542
f 1038/1544 1039/1545 1040/1546 1036/1542
f 1038/1544 1016/1519 1014/1517 1013/1516
f 1038/1544 1013/1516 1041/1547 1039/1545
f 1041/1547 1042/1548 1043/1549 1039/1545
f 1041/1547 1013/1516 1011/1514 1044/1550
f 1041/1547 1044/1550 1045/1551 1042/1548
f 1045/1551 1046/1552 1047/1553 1042/1548
f 1045/1551 1044/1550 1048/1554 1049/1555
f 1045/1551 1049/1555 1050/1556 1046/1552
f 1050/1556 215/1557 290/248 1046/1552
f 1050/1558 1049/1559 1051/1560 1052/1561
f 1050/1558 1052/1561 212/115 215/119
f 1052/1561 1051/1560 1053/1562 1054/1563
f 1052/1561 1054/1563 200/116 212/115
f 1054/1563 1053/1562 1055/1564 1056/1565
f 1054/1563 1056/1565 197/1566 200/116
f 1056/1567 1055/1568 998/1491 1057/1569
f 1056/1567 1057/1569 198/87 197/86
f 1057/1569 998/1491 996/1489 995/1488
f 1057/1569 995/1488 1058/1570 198/87
f 1058/1570 1059/1571 199/88 198/87
f 1058/1570 995/1488 993/1486 992/1485
f 1058/1570 992/1485 1060/1572 1059/1571
f 1060/1572 1061/1573 1062/1574 1059/1571
f 1060/1572 992/1485 990/1483 1063/1575
f 1060/1572 1063/1575 1064/1576 1061/1573
f 1064/1576 1065/1577 1066/1578 1061/1573
f 1064/1576 1063/1575 1067/1579 1068/1580
f 1064/1576 1068/1580 1069/1581 1065/1577
f 1069/1581 1070/1582 1071/1583 1065/1577
f 1069/1581 1068/1580 1072/1584 1073/1585
f 1069/1581 1073/1585 1074/1586 1070/1582
f 1074/1586 1075/1587 1076/1588 1070/1582
f 1074/1586 1073/1585 1077/1589 1078/1590
f 1074/1586 1078/1590 1079/1591 1075/1587
f 1079/1591 1080/1592 1081/1593 1075/1587
f 1079/1591 1078/1590 405/1594 404/1595
f 1079/1591 404/1595 1082/1596 1080/1592
f 1082/1596 1083/1597 1084/1598 1080/1592
f 1082/1596 404/1595 403/1599 1085/1600
f 1082/1601 1085/1602 1086/1603 1083/1604
f 1086/1603 1087/1605 1088/1606 1083/1604
f 1086/1607 1085/1608 1089/1609 1090/1610
f 1086/1607 1090/1610 1091/1611 1087/1612
f 1091/1611 1092/1613 1093/1614 1087/1612
f 1091/1611 1090/1610 1094/1615 1095/1616
f 1091/1611 1095/1616 297/1617 1092/1613
f 1095/1616 1094/1615 1096/1618 1097/1619
f 1095/1620 1097/1621 298/1622 297/1623
f 1097/1624 1096/1625 1098/1626 1099/1627
f 1097/1624 1099/1627 1100/1628 298/1629
f 1100/1628 1101/1630 294/1631 298/1629
f 1100/1628 1099/1627 1102/1632 1103/1633
f 1100/1628 1103/1633 1104/1634 1101/1630
f 1104/1635 1105/1636 1106/1637 1101/1638
f 1104/1634 1103/1633 1107/1639 1108/1640
f 1104/1634 1108/1640 1109/1641 1105/1642
f 1109/1643 1110/1644 1111/1645 1105/1646
f 1109/1641 1108/1640 1112/1647 1113/1648
f 1109/1643 1113/1649 1114/1650 1110/1644
f 1114/1650 1115/1651 1116/1652 1110/1644
f 1114/1650 1113/1649 1117/1653 1118/1654
f 1114/1650 1118/1654 1119/1655 1115/1651
f 1119/1656 1120/1657 1121/1658 1115/1659
f 1119/1655 1118/1654 279/232 1122/1660
f 1119/1661 1122/1662 1123/1663 1120/1664
f 1123/1665 1124/1666 1125/1667 1120/1668
f 1123/1663 1122/1662 218/1669 221/1670
f 1123/1665 221/1671 1126/1672 1124/1666
f 1126/1672 1127/1673 1128/1674 1124/1666
f 1126/1675 221/1676 217/1677 224/1678
f 1126/1672 224/1679 1129/1680 1127/1673
f 1129/1680 29/192 253/191 1127/1673
f 1129/1681 224/140 223/139 1130/1682
f 1129/1681 1130/1682 259/200 29/199
f 1130/1682 223/139 203/93 202/92
f 1130/1682 202/92 1131/1683 259/200
f 1131/1683 1132/1684 260/201 259/200
f 1131/1683 202/92 201/91 1133/1685
f 1131/1683 1133/1685 1134/1686 1132/1684
f 1134/1686 1135/1687 1136/1688 1132/1684
f 1134/1689 1133/1690 1137/1691 1138/1692
f 1134/1689 1138/1692 1139/1693 1135/1694
f 1139/1693 1140/1695 1141/1696 1135/1694
f 1139/1693 1138/1692 1142/1697 1143/1698
f 1139/1693 1143/1698 1144/1699 1140/1695
f 1144/1699 1145/1700 1146/1701 1140/1695
f 1144/1699 1143/1698 1147/1702 1148/1703
f 1144/1699 1148/1703 1149/1704 1145/1700
f 1149/1704 1150/1705 1151/1706 1145/1700
f 1149/1704 1148/1703 1152/1707 1153/1708
f 1149/1704 1153/1708 1154/1709 1150/1705
f 1154/1709 1155/1710 1156/1711 1150/1705
f 1154/1709 1153/1708 1157/1712 1158/1713
f 1154/1709 1158/1713 1159/1714 1155/1710
f 1159/1714 1160/1715 1161/1716 1155/1710
f 1159/1714 1158/1713 152/6 151/5
f 1159/1714 151/5 1162/1717 1160/1715
f 1161/1716 1163/1718 1164/1719 1165/1720
f 1161/1716 1165/1720 1156/1711 1155/1710
f 1161/1716 1160/1715 1166/1721 1163/1718
f 1166/1721 1167/1722 1168/1723 1163/1718
f 1166/1721 1160/1715 1162/1717 1169/1724
f 1166/1721 1169/1724 1170/1725 1167/1722
f 1170/1725 1171/1726 1172/1727 1167/1722
f 1170/1725 1169/1724 1173/1728 1174/1729
f 1170/1725 1174/1729 1175/1730 1171/1726
f 1175/1730 1176/1731 1177/1732 1171/1726
f 1175/1730 1174/1729 1178/1733 162/1734
f 1175/1730 162/1734 161/1735 1176/1731
f 1178/1736 1179/1737 163/27 162/26
f 1180/1738 1181/1739 42/293 316/296
f 1179/1737 1182/1740 165/30 163/27
f 1182/1741 315/1742 1183/1743 1184/1744
f 1182/1745 1184/1746 313/1747 165/1748
f 1184/1749 1183/1750 1185/1751 1186/1752
f 1184/1749 1186/1752 1187/1753 313/1754
f 1187/1753 1186/1752 1188/1755 1189/1756
f 1187/1753 1189/1756 1190/1757 1191/1758
f 1187/1753 1191/1758 166/1759 313/1754
f 1191/1758 1190/1757 1192/1760 1193/1761
f 1191/1762 1193/1763 167/35 166/34
f 1193/1761 1192/1760 1194/1764 1195/1765
f 1193/1766 1195/1767 168/38 167/37
f 1195/1765 1194/1764 1196/1768 1197/1769
f 1195/1765 1197/1769 169/1770 168/1771
f 1197/1769 1196/1768 1198/1772 309/283
f 1197/1769 309/283 308/282 169/1770
f 1198/1772 1196/1768 1199/1773 1200/1774
f 1198/1775 1200/1776 1201/1777 1202/1778
f 1198/1772 1202/1779 304/284 309/283
f 1202/1778 1201/1777 1203/1780 1204/1781
f 1202/1778 1204/1781 305/275 304/274
f 1204/1781 1203/1780 1205/1782 1206/1783
f 1204/1781 1206/1783 1207/1784 305/275
f 1207/1785 1206/1786 1208/1787 1209/1788
f 1207/1789 1209/1790 159/19 158/18
f 1207/1784 158/1791 306/276 305/275
f 1209/1788 1208/1787 1210/1792 1211/1793
f 1209/1788 1211/1793 160/22 159/21
f 1211/1793 1210/1792 1212/1794 1177/1732
f 1211/1793 1177/1732 1176/1731 160/22
f 1212/1794 1210/1792 1213/1795 1214/1796
f 1212/1794 1214/1796 1215/1797 1172/1727
f 1212/1794 1172/1727 1171/1726 1177/1732
f 1215/1797 1214/1796 1216/1798 1217/1799
f 1215/1797 1217/1799 1218/1800 1168/1723
f 1215/1797 1168/1723 1167/1722 1172/1727
f 1218/1800 1217/1799 1219/1801 1220/1802
f 1218/1800 1220/1802 1221/1803 1164/1719
f 1218/1800 1164/1719 1163/1718 1168/1723
f 1221/1803 1220/1802 1222/1804 1223/1805
f 1221/1803 1223/1805 1224/1806 1225/1807
f 1221/1803 1225/1807 1165/1720 1164/1719
f 1225/1807 1224/1806 1226/1808 1227/1809
f 1225/1807 1227/1809 1156/1711 1165/1720
f 1227/1809 1226/1808 1228/1810 1151/1706
f 1227/1809 1151/1706 1150/1705 1156/1711
f 1228/1810 1226/1808 1229/1811 1230/1812
f 1228/1810 1230/1812 1231/1813 1146/1701
f 1228/1810 1146/1701 1145/1700 1151/1706
f 1231/1814 1230/1815 1232/1816 276/227
f 1231/1814 276/227 275/226 1141/1817
f 1231/1813 1141/1696 1140/1695 1146/1701
f 1232/1816 1233/1818 1234/1819 274/1820
f 1232/1816 274/1820 273/228 276/227
f 1232/1816 1230/1815 1229/1821 1233/1818
f 1234/1819 1235/1822 1236/1823 1237/1824
f 1234/1819 1237/1824 272/1825 274/1820
f 1234/1819 1233/1818 1238/1826 1235/1822
f 1238/1826 1239/1827 1240/1828 1235/1822
f 1238/1826 1233/1818 1229/1821 1241/1829
f 1238/1826 1241/1829 1242/1830 1239/1827
f 1242/1830 1243/1831 1244/1832 1239/1827
f 1242/1833 1241/1834 1224/1806 1223/1805
f 1242/1833 1223/1805 1222/1804 1243/1835
f 1244/1832 1245/1836 229/1837 228/1838
f 1244/1832 228/1838 1240/1828 1239/1827
f 1244/1832 1243/1831 1246/1839 1245/1836
f 1246/1839 1247/1840 1248/1841 1245/1836
f 1246/1842 1243/1835 1222/1804 1249/1843
f 1246/1842 1249/1843 1250/1844 1247/1845
f 1250/1844 1251/1846 1252/1847 1247/1845
f 1250/1844 1249/1843 1219/1801 1253/1848
f 1250/1844 1253/1848 1254/1849 1251/1846
f 1254/1849 1255/1850 210/108 1251/1846
f 1254/1849 1253/1848 1216/1798 1256/1851
f 1254/1849 1256/1851 1257/1852 1255/1850
f 1257/1852 1258/1853 1259/1854 1255/1850
f 1257/1852 1256/1851 1213/1795 1260/1855
f 1257/1852 1260/1855 1205/1856 1258/1853
f 1260/1855 1213/1795 1210/1792 1208/1787
f 1260/1855 1208/1787 1206/1786 1205/1856
f 1259/1857 1261/1858 207/104 206/103
f 1259/1854 206/109 210/108 1255/1850
f 1259/1859 1258/1860 1262/1861 1261/1862
f 1262/1863 1263/1864 1264/1865 1261/1858
f 1262/1861 1258/1860 1205/1866 1203/1867
f 1262/1863 1203/1780 1201/1777 1263/1864
f 1264/1865 262/1868 261/1869 1265/1870
f 1264/1865 1265/1870 207/104 1261/1858
f 1264/1865 1263/1864 1266/1871 262/1868
f 1266/1872 1267/1873 263/206 262/205
f 1266/1871 1263/1864 1201/1777 1200/1776
f 1266/1874 1200/1774 1199/1773 1267/1875
f 1267/1875 1268/1876 264/209 263/208
f 1267/1875 1199/1773 1269/1877 1268/1876
f 1269/1877 1270/1878 1271/1879 1268/1876
f 1269/1877 1199/1773 1196/1768 1194/1764
f 1269/1877 1194/1764 1192/1760 1270/1878
f 1271/1879 1272/1880 1273/1881 1274/1882
f 1271/1879 1274/1882 264/209 1268/1876
f 1271/1879 1270/1878 1275/1883 1272/1880
f 1275/1883 1276/1884 1277/1885 1272/1880
f 1275/1883 1270/1878 1192/1760 1190/1757
f 1275/1883 1190/1757 1189/1756 1276/1884
f 1277/1885 1278/1886 1279/1887 1280/1888
f 1277/1885 1280/1888 1273/1881 1272/1880
f 1277/1885 1276/1884 1281/1889 1278/1886
f 1281/1889 1282/1890 1283/1891 1278/1886
f 1281/1889 1276/1884 1189/1756 1188/1755
f 1281/1889 1188/1755 1284/1892 1282/1890
f 1284/1892 1285/1893 1286/1894 1282/1890
f 1284/1892 1188/1755 1186/1752 1185/1751
f 1284/1892 1185/1751 321/306 1285/1893
f 1286/1894 1285/1893 1287/1895 1288/1896
f 1286/1894 1288/1896 1289/1897 1290/1898
f 1286/1894 1290/1898 1283/1891 1282/1890
f 1290/1898 1289/1897 1291/1899 1292/1900
f 1290/1898 1292/1900 1293/1901 1283/1891
f 1293/1901 1292/1900 230/148 1294/1902
f 1293/1901 1294/1902 1295/1903 1279/1887
f 1293/1901 1279/1887 1278/1886 1283/1891
f 1292/1900 1291/1899 231/149 230/148
f 1291/1899 1289/1897 1296/1904 1297/1905
f 1291/1899 1297/1905 1298/1906 231/149
f 1298/1906 1297/1905 1299/1907 1300/1908
f 1298/1906 1300/1908 1236/1909 1301/1910
f 1298/1906 1301/1910 227/150 231/149
f 1301/1911 1236/1823 1235/1822 1240/1828
f 1301/1911 1240/1828 228/1838 227/1912
f 1300/1908 1299/1907 1302/1913 1303/1914
f 1300/1908 1303/1914 1237/1915 1236/1909
f 1303/1914 1302/1913 268/215 267/214
f 1303/1914 267/214 272/1916 1237/1915
f 1302/1913 1299/1907 1304/1917 1305/1918
f 1302/1913 1305/1918 1306/1919 268/215
f 1306/1919 1305/1918 1307/1920 1308/1921
f 1306/1919 1308/1921 1309/1922 1310/1923
f 1306/1919 1310/1923 269/216 268/215
f 1310/1923 1309/1922 1311/1924 1312/1925
f 1310/1923 1312/1925 270/217 269/216
f 1312/1925 1311/1924 1313/1926 1314/1927
f 1312/1925 1314/1927 238/163 270/217
f 1314/1927 1313/1926 1315/1928 1316/1929
f 1314/1927 1316/1929 239/164 238/163
f 1316/1929 1315/1928 1317/1930 1318/1931
f 1316/1929 1318/1931 233/153 239/164
f 1318/1931 1317/1930 1319/1932 1320/1933
f 1318/1931 1320/1933 234/154 233/153
f 1320/1933 1319/1932 1321/1934 1322/1935
f 1320/1933 1322/1935 235/155 234/154
f 1322/1935 1321/1934 1323/1936 1324/1937
f 1322/1935 1324/1937 251/189 235/155
f 1324/1937 1323/1936 1325/1938 1326/1939
f 1324/1937 1326/1939 252/190 251/189
f 1326/1939 1325/1938 1327/1940 1328/1941
f 1326/1939 1328/1941 253/191 252/190
f 1328/1941 1327/1940 1329/1942 1128/1674
f 1328/1941 1128/1674 1127/1673 253/191
f 1329/1942 1327/1940 1330/1943 1331/1944
f 1329/1942 1331/1944 1332/1945 1125/1667
f 1329/1942 1125/1667 1124/1666 1128/1674
f 1332/1945 1331/1944 1333/1946 1334/1947
f 1332/1945 1334/1947 1335/1948 1121/1949
f 1332/1945 1121/1949 1120/1668 1125/1667
f 1335/1950 1334/1951 1336/1952 11/1953
f 1335/1954 11/56 182/59 1116/1955
f 1335/1954 1116/1955 1115/1659 1121/1658
f 1334/1947 1333/1946 345/355 1336/1956
f 1333/1946 352/1957 340/356 345/355
f 1333/1946 1331/1944 1330/1943 352/1957
f 1330/1943 1337/1958 353/1959 352/1957
f 1330/1943 1327/1940 1325/1938 1337/1958
f 1337/1958 1338/1960 1339/1961 353/1959
f 1337/1958 1325/1938 1323/1936 1338/1960
f 1339/1961 338/342 48/329 333/328
f 1339/1961 333/328 354/1962 353/1959
f 1339/1961 1338/1960 1340/1963 338/342
f 1340/1963 1341/1964 339/343 338/342
f 1340/1963 1338/1960 1323/1936 1321/1934
f 1340/1963 1321/1934 1319/1932 1341/1964
f 1341/1964 1342/1965 1343/1966 339/343
f 1341/1964 1319/1932 1317/1930 1342/1965
f 1343/1966 347/361 346/360 1344/1967
f 1343/1966 1344/1967 336/344 339/343
f 1343/1966 1342/1965 1345/1968 347/361
f 1345/1968 1346/1969 348/362 347/361
f 1345/1968 1342/1965 1317/1930 1315/1928
f 1345/1968 1315/1928 1313/1926 1346/1969
f 1346/1969 1347/1970 351/1971 348/362
f 1346/1969 1313/1926 1311/1924 1347/1970
f 1347/1970 1348/1972 329/1973 351/1971
f 1347/1970 1311/1924 1309/1922 1348/1972
f 1348/1972 1349/1974 319/302 329/1973
f 1348/1972 1309/1922 1308/1921 1349/1974
f 1349/1974 1350/1975 318/303 319/302
f 1349/1974 1308/1921 1307/1920 1350/1975
f 1350/1975 1351/1976 302/271 318/303
f 1350/1975 1307/1920 1352/1977 1351/1976
f 1352/1977 1353/1978 1354/1979 1351/1976
f 1352/1977 1307/1920 1305/1918 1304/1917
f 1352/1977 1304/1917 1296/1904 1353/1978
f 1354/1979 1287/1895 320/305 303/272
f 1354/1979 303/272 302/271 1351/1976
f 1354/1979 1353/1978 1288/1896 1287/1895
f 1353/1978 1296/1904 1289/1897 1288/1896
f 1344/1967 346/360 51/359 1355/1980
f 1344/1981 1355/1982 337/340 336/339
f 1355/1983 51/1984 176/1985 175/1986
f 1355/1982 175/1987 349/1988 337/340
f 1304/1917 1299/1907 1297/1905 1296/1904
f 1287/1895 1285/1893 321/306 320/305
f 1280/1888 1279/1887 1295/1903 1356/1989
f 1280/1888 1356/1989 1357/1990 1273/1881
f 1357/1990 1356/1989 1358/1991 1359/1992
f 1357/1990 1359/1992 1360/1993 1361/1994
f 1357/1990 1361/1994 1274/1882 1273/1881
f 1361/1994 1360/1993 266/211 265/210
f 1361/1994 265/210 264/209 1274/1882
f 1360/1995 1359/1996 1362/1997 1363/1998
f 1360/1995 1363/1998 1364/1999 266/2000
f 1364/2001 1265/1870 261/1869 266/2002
f 1364/1999 1363/1998 211/112 208/111
f 1364/2001 208/105 207/104 1265/1870
f 1363/1998 1362/1997 1365/2003 211/112
f 1365/2003 1362/1997 1366/2004 1248/1841
f 1365/2003 1248/1841 1247/1840 1252/2005
f 1365/2003 1252/2005 209/113 211/112
f 1366/2004 1362/1997 1359/1996 1358/2006
f 1366/2007 1358/2008 21/143 229/146
f 1366/2004 229/1837 1245/1836 1248/1841
f 1358/1991 1356/1989 1295/1903 21/147
f 1256/1851 1216/1798 1214/1796 1213/1795
f 1253/1848 1219/1801 1217/1799 1216/1798
f 1252/1847 1251/1846 210/108 209/107
f 1249/1843 1222/1804 1220/1802 1219/1801
f 1241/1834 1229/1811 1226/1808 1224/1806
f 1185/1751 1183/1750 317/307 321/306
f 1183/1750 315/2009 314/2010 317/307
f 1178/1733 1174/1729 1173/1728 1367/2011
f 1176/1731 161/1735 155/23 160/22
f 1368/2012 1169/1724 1162/1717 150/4
f 1368/2012 150/4 149/3 1369/2013
f 1370/2014 1371/2015 300/2016 299/2017
f 1158/1713 1157/1712 1372/2018 152/6
f 1372/2018 1157/1712 1373/2019 10/2020
f 1372/2018 10/2020 178/2021 1374/2022
f 1372/2018 1374/2022 153/7 152/6
f 1374/2022 178/2021 1375/2023 1376/2024
f 1374/2022 1376/2024 1377/2025 153/7
f 1157/1712 1153/1708 1152/1707 1373/2019
f 1152/1707 1148/1703 1147/1702 1378/2026
f 1152/1707 1378/2026 1379/2027 1373/2019
f 1378/2026 1147/1702 1380/2028 1381/2029
f 1378/2026 1381/2029 1382/2030 1379/2027
f 1382/2030 1381/2029 1383/2031 1384/2032
f 1382/2030 1384/2032 1385/2033 1386/2034
f 1382/2030 1386/2034 1387/2035 1379/2027
f 1386/2034 1388/2036 1389/2037 1387/2035
f 1390/2038 9/48 1389/2039 1388/2040
f 1390/2038 1391/2041 1392/2042 9/48
f 1391/2043 1393/2044 356/385 355/384
f 1391/2041 355/2045 335/2046 1392/2042
f 1385/2033 1384/2032 1394/2047 180/2048
f 1385/2033 180/2048 179/2049 343/2050
f 1394/2047 1384/2032 1383/2031 1395/2051
f 1394/2047 1395/2051 1396/2052 1397/2053
f 1394/2047 1397/2053 181/2054 180/2048
f 1397/2055 1396/2056 1398/2057 1399/2058
f 1397/2055 1399/2058 1400/2059 181/2060
f 1400/2061 1399/2062 1401/2063 1402/2064
f 1400/2061 1402/2064 1403/2065 1404/2066
f 1400/2061 1404/2066 11/2067 181/2068
f 1404/2066 1403/2065 1405/2069 173/2070
f 1404/2066 173/2070 172/2071 11/2067
f 1405/2069 1403/2065 1406/2072 1088/2073
f 1405/2074 1088/2075 1087/1612 1093/1614
f 1405/2074 1093/1614 174/47 173/46
f 1406/2072 1403/2065 1402/2064 1407/2076
f 1406/2072 1407/2076 1408/2077 1084/1598
f 1406/2072 1084/1598 1083/1597 1088/2073
f 1408/2077 1407/2076 1409/2078 1410/2079
f 1408/2077 1410/2079 1411/2080 1081/1593
f 1408/2077 1081/1593 1080/1592 1084/1598
f 1411/2080 1410/2079 1412/2081 1413/2082
f 1411/2080 1413/2082 1414/2083 1076/1588
f 1411/2080 1076/1588 1075/1587 1081/1593
f 1414/2083 1413/2082 1415/2084 1416/2085
f 1414/2083 1416/2085 1417/2086 1071/1583
f 1414/2083 1071/1583 1070/1582 1076/1588
f 1417/2086 1416/2085 1418/2087 1419/2088
f 1417/2086 1419/2088 1420/2089 1066/1578
f 1417/2086 1066/1578 1065/1577 1071/1583
f 1420/2089 1419/2088 1421/2090 1422/2091
f 1420/2089 1422/2091 213/121 1062/1574
f 1420/2089 1062/1574 1061/1573 1066/1578
f 1422/2091 1421/2090 1423/2092 1424/2093
f 1422/2091 1424/2093 214/122 213/121
f 1424/2094 1423/2095 1425/2096 1426/2097
f 1424/2094 1426/2097 36/249 214/118
f 1426/2097 1425/2096 1427/2098 1428/2099
f 1426/2097 1428/2099 249/2100 36/249
f 1428/2101 1427/2102 1429/2103 1430/2104
f 1428/2101 1430/2104 291/253 249/252
f 1430/2105 1429/2106 1431/2107 1432/2108
f 1430/2105 1432/2108 1433/2109 291/2110
f 1433/2109 1432/2108 1434/2111 1435/2112
f 1433/2109 1435/2112 1436/2113 293/2114
f 1433/2109 293/2114 247/2115 291/2110
f 1436/2113 1435/2112 1437/2116 1438/2117
f 1436/2113 1438/2117 1439/2118 1440/2119
f 1436/2113 1440/2119 292/2120 293/2114
f 1440/2121 1439/2122 1441/2123 1442/2124
f 1440/2125 1442/2126 248/183 292/2127
f 1442/2126 1441/2128 190/2129 1443/2130
f 1442/2126 1443/2130 244/184 248/183
f 1443/2131 190/73 189/72 1444/2132
f 1443/2131 1444/2132 245/179 244/178
f 1444/2132 189/72 1445/2133 1446/2134
f 1444/2132 1446/2134 1447/2135 245/179
f 1447/2135 1446/2134 1448/2136 1449/2137
f 1447/2135 1449/2137 1047/1553 289/247
f 1447/2135 289/247 246/180 245/179
f 1449/2137 1448/2136 1450/2138 1043/1549
f 1449/2137 1043/1549 1042/1548 1047/1553
f 1450/2138 1448/2136 378/430 377/429
f 1450/2138 377/429 1451/2139 1040/1546
f 1450/2138 1040/1546 1039/1545 1043/1549
f 1451/2139 367/406 366/405 1037/1543
f 1451/2139 1037/1543 1036/1542 1040/1546
f 1448/2136 1446/2134 1445/2133 378/430
f 1445/2133 189/72 188/67 412/498
f 1445/2133 412/498 373/431 378/430
f 1441/2123 1439/2122 1452/2140 1453/2141
f 1453/2142 1452/2143 1454/2144 1455/2145
f 1453/2142 1455/2145 186/2146 57/2147
f 1455/2145 1454/2144 1456/2148 364/399
f 1455/2145 364/399 187/398 186/2146
f 1456/2149 1457/2150 400/482 196/481
f 1456/2148 196/84 195/83 364/399
f 1456/2151 1454/2152 1458/2153 1457/2154
f 1458/2153 1459/2155 1460/2156 1457/2154
f 1458/2153 1454/2152 1452/2157 1461/2158
f 1458/2153 1461/2158 1462/2159 1459/2155
f 1462/2159 1463/2160 1464/2161 1459/2155
f 1462/2159 1461/2158 1438/2117 1437/2116
f 1462/2159 1437/2116 1465/2162 1463/2160
f 1465/2162 1466/2163 1467/2164 1463/2160
f 1465/2162 1437/2116 1435/2112 1434/2111
f 1465/2162 1434/2111 1468/2165 1466/2163
f 1468/2165 1469/2166 1470/2167 1466/2163
f 1468/2165 1434/2111 1432/2108 1431/2107
f 1468/2165 1431/2107 288/245 1469/2166
f 1470/2167 1471/2168 1472/2169 1473/2170
f 1470/2167 1473/2170 1467/2164 1466/2163
f 1470/2167 1469/2166 281/235 1471/2168
f 1473/2170 1472/2169 1474/2171 1475/2172
f 1473/2170 1475/2172 1476/2173 1467/2164
f 1476/2173 1475/2172 410/2174 1477/2175
f 1476/2173 1477/2175 1478/2176 1464/2161
f 1476/2173 1464/2161 1463/2160 1467/2164
f 1478/2176 1477/2175 1479/2177 1480/2178
f 1478/2176 1480/2178 401/2179 1460/2156
f 1478/2176 1460/2156 1459/2155 1464/2161
f 1480/2180 1479/2181 360/390 359/389
f 1480/2180 359/389 402/486 401/2182
f 1479/2181 409/2183 1481/2184 360/390
f 1479/2177 1477/2175 410/2174 409/2185
f 1481/2184 1089/1609 1085/1608 403/2186
f 1481/2184 403/2186 73/387 360/390
f 1481/2184 409/2183 408/2187 1089/1609
f 1475/2172 1474/2171 74/2188 410/2174
f 1474/2171 1482/2189 411/2190 74/2188
f 1474/2171 1472/2169 1483/2191 1482/2189
f 1483/2191 1484/2192 1485/2193 1482/2189
f 1483/2191 1472/2169 1471/2168 1486/2194
f 1483/2191 1486/2194 1487/2195 1484/2192
f 1487/2195 1488/2196 1489/2197 1484/2192
f 1487/2195 1486/2194 280/234 283/238
f 1487/2195 283/238 1490/2198 1488/2196
f 1490/2198 1491/2199 1492/2200 1488/2196
f 1490/2198 283/238 282/237 1493/2201
f 1490/2198 1493/2201 1494/2202 1491/2199
f 1494/2202 278/2203 1495/2204 1491/2199
f 1494/2202 1493/2201 1496/2205 220/2206
f 1494/2202 220/2206 219/2207 278/2203
f 1496/2205 1493/2201 282/237 285/2208
f 1496/2209 285/2210 1497/2211 1498/2212
f 1496/2209 1498/2212 18/123 220/129
f 1498/2212 1497/2211 1499/2213 1500/2214
f 1498/2212 1500/2214 216/124 18/123
f 1500/2215 1499/2216 1501/2217 1502/2218
f 1500/2215 1502/2218 222/136 216/135
f 1502/2218 1501/2217 1503/2219 1504/2220
f 1502/2218 1504/2220 225/141 222/136
f 1504/2220 1503/2219 1505/2221 1506/2222
f 1504/2220 1506/2222 1507/2223 225/141
f 1507/2223 1508/2224 226/142 225/141
f 1507/2223 1506/2222 1509/2225 1510/2226
f 1507/2223 1510/2226 1398/2227 1508/2224
f 1510/2226 1509/2225 1409/2078 1401/2063
f 1510/2226 1401/2063 1399/2062 1398/2227
f 1509/2225 1506/2222 1505/2221 1412/2081
f 1509/2225 1412/2081 1410/2079 1409/2078
f 1508/2228 1511/2229 1512/2230 226/2231
f 1508/2228 1398/2057 1396/2056 1511/2229
f 1512/2232 1513/2233 205/96 204/95
f 1512/2230 204/101 20/100 226/2231
f 1512/2232 1511/2234 1514/2235 1513/2233
f 1514/2235 1515/2236 1516/2237 1513/2233
f 1514/2235 1511/2234 1396/2052 1395/2051
f 1514/2235 1395/2051 1383/2031 1515/2236
f 1516/2237 1142/1697 1138/1692 1137/1691
f 1516/2237 1137/1691 205/96 1513/2233
f 1516/2237 1515/2236 1380/2028 1142/1697
f 1515/2236 1383/2031 1381/2029 1380/2028
f 1505/2221 1503/2219 1517/2238 1415/2084
f 1505/2221 1415/2084 1413/2082 1412/2081
f 1517/2238 1503/2219 1501/2217 1518/2239
f 1517/2238 1518/2239 1519/2240 1418/2087
f 1517/2238 1418/2087 1416/2085 1415/2084
f 1519/2240 1518/2239 1520/2241 1521/2242
f 1519/2240 1521/2242 1423/2092 1421/2090
f 1519/2240 1421/2090 1419/2088 1418/2087
f 1521/2243 1520/2244 1522/2245 1523/2246
f 1521/2243 1523/2246 1425/2096 1423/2095
f 1523/2246 1522/2245 284/2247 287/2248
f 1523/2246 287/2248 1427/2098 1425/2096
f 1522/2245 1497/2211 285/2210 284/2247
f 1522/2245 1520/2244 1499/2213 1497/2211
f 1520/2241 1518/2239 1501/2217 1499/2216
f 1495/2204 1117/2249 1113/1648 1112/1647
f 1495/2204 1112/1647 1492/2200 1491/2199
f 1495/2204 278/2203 277/2250 1117/2249
f 1492/2200 1112/1647 1108/1640 1107/1639
f 1492/2200 1107/1639 1489/2197 1488/2196
f 1489/2197 1107/1639 1103/1633 1102/1632
f 1489/2197 1102/1632 1485/2193 1484/2192
f 1486/2194 1471/2168 281/235 280/234
f 1485/2193 1102/1632 1099/1627 1098/1626
f 1485/2193 1098/1626 411/2190 1482/2189
f 1469/2166 288/245 35/236 281/235
f 1461/2158 1452/2157 1439/2118 1438/2117
f 1460/2156 401/2179 400/2251 1457/2154
f 1431/2107 1429/2106 286/246 288/245
f 1429/2103 1427/2102 287/244 286/243
f 1409/2078 1407/2076 1402/2064 1401/2063
f 1380/2028 1147/1702 1143/1698 1142/1697
f 1141/1817 275/226 1136/1688 1135/1687
f 1137/1691 1133/1690 201/97 205/96
f 1136/1688 275/226 33/225 236/2252
f 1136/1688 236/2252 260/201 1132/1684
f 1122/1660 279/232 219/231 218/2253
f 1118/1654 1117/1653 277/229 279/232
f 1116/1652 182/2254 1111/1645 1110/1644
f 1111/1645 182/2254 171/2255 170/2256
f 1111/1645 170/2256 1106/2257 1105/1646
f 1106/2257 170/2256 8/2258 295/261
f 1106/2257 295/261 294/260 1101/2259
f 1098/1626 1096/1625 407/2260 411/2190
f 1096/1618 1094/1615 408/2187 407/2261
f 1094/1615 1090/1610 1089/1609 408/2187
f 1093/1614 1092/1613 296/2262 174/47
f 1092/1613 297/1617 37/2263 296/2262
f 1078/1590 1077/1589 406/2264 405/1594
f 1077/1589 1073/1585 1072/1584 192/76
f 1077/1589 192/76 191/75 406/2264
f 1072/1584 1068/1580 1067/1579 184/2265
f 1072/1584 184/2265 183/77 192/76
f 1067/2266 1063/2267 990/2268 989/2269
f 1067/2270 989/2271 185/63 184/62
f 1062/1574 213/121 199/88 1059/1571
f 1055/1568 1053/2272 1524/2273 1001/1494
f 1055/1568 1001/1494 999/1492 998/1491
f 1524/2274 1053/1562 1051/1560 1525/2275
f 1524/2274 1525/2275 1008/1511 1004/1510
f 1524/2273 1004/1497 1002/1495 1001/1494
f 1525/2275 1051/1560 1049/1559 1048/2276
f 1525/2277 1048/2278 1009/1506 1008/1505
f 1048/1554 1044/1550 1011/1514 1009/1513
f 1047/1553 1046/1552 290/248 289/247
f 1037/1543 366/405 365/435 1034/1540
f 982/1465 981/1464 397/473 396/472
f 981/1464 977/1460 976/1459 1526/2279
f 981/1464 1526/2279 398/2280 397/473
f 1526/2279 976/1459 1527/2281 1528/2282
f 1526/2279 1528/2282 399/2283 398/2280
f 1528/2282 1527/2281 1529/2284 1530/2285
f 1528/2282 1530/2285 1531/2286 399/2283
f 1531/2286 1530/2285 471/606 88/605
f 1531/2287 88/601 424/525 460/588
f 1531/2287 460/588 1532/2288 399/478
f 1532/2288 460/588 393/463 394/468
f 1530/2285 1529/2284 1533/2289 471/606
f 1533/2289 1529/2284 1534/2290 1535/2291
f 1533/2289 1535/2291 1536/2292 1537/2293
f 1533/2289 1537/2293 472/607 471/606
f 1537/2293 1536/2292 1538/2294 1539/2295
f 1537/2293 1539/2295 1540/2296 472/607
f 1540/2296 1539/2295 1541/2297 462/2298
f 1540/2296 462/2298 461/2299 1542/2300
f 1540/2296 1542/2300 469/608 472/607
f 1541/2297 1539/2295 1538/2294 1543/2301
f 1541/2297 1543/2301 1544/2302 1545/2303
f 1541/2297 1545/2303 463/2304 462/2298
f 1545/2305 1544/2306 1546/2307 1547/2308
f 1545/2309 1547/2310 464/2311 463/2312
f 1547/2313 1546/2314 1548/2315 1549/2316
f 1547/2313 1549/2316 684/1033 464/1036
f 1549/2316 1548/2315 1550/2317 1551/2318
f 1549/2316 1551/2318 685/1034 684/1033
f 1551/2318 1550/2317 1552/2319 1553/2320
f 1551/2318 1553/2320 1554/2321 685/1034
f 1554/2321 1553/2320 1555/2322 662/2323
f 1554/2321 662/2323 661/1029 682/1028
f 1554/2321 682/1028 465/1035 685/1034
f 1555/2322 1553/2320 1552/2319 1556/2324
f 1555/2325 1556/2326 1557/2327 1558/2328
f 1555/2325 1558/2328 663/989 662/988
f 1558/2329 1557/2330 1559/2331 853/1273
f 1558/2329 853/1273 852/1272 663/2332
f 1559/2331 1557/2330 1560/2333 1561/2334
f 1559/2331 1561/2334 1562/2335 848/1268
f 1559/2331 848/1268 847/1267 853/1273
f 1562/2335 1561/2334 1563/2336 1564/2337
f 1562/2335 1564/2337 602/875 843/1263
f 1562/2335 843/1263 842/1262 848/1268
f 1564/2337 1563/2336 613/901 1565/2338
f 1564/2337 1565/2338 603/876 602/875
f 1565/2338 613/901 588/900 619/2339
f 1565/2338 619/2339 605/887 603/876
f 1563/2336 1566/2340 614/902 613/901
f 1563/2336 1561/2334 1560/2333 1566/2340
f 1566/2341 1567/2342 615/2343 614/2344
f 1566/2341 1560/2345 1568/2346 1567/2342
f 1568/2347 1569/2348 1570/2349 1567/2350
f 1568/2346 1560/2345 1557/2327 1556/2326
f 1568/2347 1556/2324 1552/2319 1569/2348
f 1570/2349 1571/2351 628/925 627/924
f 1570/2349 627/924 615/2352 1567/2350
f 1570/2349 1569/2348 1572/2353 1571/2351
f 1572/2353 1573/2354 1574/2355 1571/2351
f 1572/2353 1569/2348 1552/2319 1550/2317
f 1572/2353 1550/2317 1548/2315 1573/2354
f 1574/2355 1575/2356 610/894 612/898
f 1574/2355 612/898 628/925 1571/2351
f 1574/2355 1573/2354 1576/2357 1575/2356
f 1576/2358 1577/2359 1578/2360 1575/2361
f 1576/2357 1573/2354 1548/2315 1546/2314
f 1576/2358 1546/2307 1544/2306 1577/2359
f 1578/2362 1579/2363 1580/2364 611/895
f 1578/2360 611/2365 610/2366 1575/2361
f 1578/2362 1577/2367 1581/2368 1579/2363
f 1581/2368 1582/2369 1583/2370 1579/2363
f 1581/2368 1577/2367 1544/2302 1543/2301
f 1581/2368 1543/2301 1538/2294 1582/2369
f 1583/2370 1584/2371 956/1439 1585/2372
f 1583/2370 1585/2372 1580/2364 1579/2363
f 1583/2370 1582/2369 1586/2373 1584/2371
f 1586/2373 1587/2374 961/1444 1584/2371
f 1586/2373 1582/2369 1538/2294 1536/2292
f 1586/2373 1536/2292 1535/2291 1587/2374
f 1587/2374 966/1449 962/1445 961/1444
f 1587/2374 1535/2291 1534/2290 966/1449
f 1585/2372 956/1439 953/1434 952/1433
f 1585/2372 952/1433 1588/2375 1580/2364
f 1588/2375 952/1433 950/1432 1589/2376
f 1588/2375 1589/2376 609/2377 608/896
f 1588/2375 608/896 611/895 1580/2364
f 1589/2378 950/1429 948/1428 1590/2379
f 1589/2378 1590/2379 585/2380 609/892
f 1590/2379 948/1428 945/2381 544/2382
f 1590/2383 544/2384 124/839 585/842
f 1584/2371 961/1444 957/1440 956/1439
f 1534/2290 971/1454 967/1450 966/1449
f 1534/2290 1529/2284 1527/2281 971/1454
f 1527/2281 976/1459 972/1455 971/1454
f 945/1418 941/1414 545/751 544/750
f 937/1410 542/747 113/746 545/751
f 936/1409 475/612 474/611 933/1406
f 929/1399 910/1398 554/769 553/768
f 928/1397 473/610 426/609 1591/2385
f 928/1397 1591/2385 925/1390 924/1389
f 1591/2386 426/2387 425/2388 468/2389
f 1591/2390 468/2391 470/2392 925/2393
f 891/1334 890/1333 573/812 575/811
f 890/2394 886/1328 885/1327 1592/2395
f 890/2394 1592/2395 574/2396 573/2397
f 1592/2398 885/2399 1593/2400 1594/2401
f 1592/2398 1594/2401 1595/2402 574/807
f 1595/2403 1594/2404 1596/2405 1597/2406
f 1595/2403 1597/2406 546/2407 551/2408
f 1595/2402 551/2409 120/808 574/807
f 1597/2410 1596/2411 1598/2412 1599/2413
f 1597/2410 1599/2413 547/755 546/754
f 1599/2413 1598/2412 1600/2414 1601/2415
f 1599/2413 1601/2415 1602/2416 547/755
f 1602/2416 1601/2415 1603/2417 1604/2418
f 1602/2416 1604/2418 1605/2419 563/785
f 1602/2416 563/785 114/752 547/755
f 1605/2419 1604/2418 1606/2420 1607/2421
f 1605/2419 1607/2421 824/2422 1608/2423
f 1605/2419 1608/2423 548/786 563/785
f 1608/2424 824/1238 823/1237 829/1243
f 1608/2424 829/1243 549/762 548/761
f 1607/2421 1606/2420 1609/2425 819/1230
f 1607/2421 819/1230 818/1229 824/2422
f 1609/2425 1606/2420 1610/2426 1611/2427
f 1609/2425 1611/2427 1612/2428 814/1225
f 1609/2425 814/1225 813/1224 819/1230
f 1612/2428 1611/2427 1613/2429 1614/2430
f 1612/2428 1614/2430 1615/2431 810/1221
f 1612/2428 810/1221 809/1220 814/1225
f 1615/2431 1614/2430 500/654 1616/2432
f 1615/2431 1616/2432 490/638 489/637
f 1615/2431 489/637 807/1215 810/1221
f 1616/2432 500/654 486/653 485/2433
f 1616/2432 485/2433 1617/2434 490/638
f 1614/2430 1613/2429 97/655 500/654
f 1613/2429 1618/2435 501/656 97/655
f 1613/2429 1611/2427 1610/2426 1618/2435
f 1618/2435 1619/2436 1620/2437 501/656
f 1618/2435 1610/2426 1603/2417 1619/2436
f 1619/2436 1600/2414 94/641 1620/2437
f 1619/2436 1603/2417 1601/2415 1600/2414
f 1610/2426 1606/2420 1604/2418 1603/2417
f 1600/2414 1598/2412 493/642 94/641
f 1598/2412 1596/2411 1621/2438 493/642
f 1621/2439 1593/2440 878/2441 1622/2442
f 1621/2438 1622/2443 494/643 493/642
f 1621/2438 1596/2411 1594/2444 1593/2445
f 1593/2400 885/2399 879/1316 878/1315
f 884/1325 416/509 415/508 881/1326
f 1622/2443 1623/2446 876/2447 494/643
f 876/2447 875/2448 495/644 494/643
f 875/2449 498/2450 497/2451 495/2452
f 1624/2453 871/2454 1625/2455 1626/2456
f 1624/2457 1626/2458 1627/2459 1628/2460
f 1629/2461 492/2462 491/2463 484/2464
f 1627/2465 1626/2456 1630/2466 1631/2467
f 1627/2465 1631/2467 1632/2468 1633/2469
f 1627/2470 1633/2471 1634/2472 1628/2473
f 1633/2469 1632/2468 1635/2474 1636/2475
f 1636/2475 1635/2474 1637/2476 517/2477
f 1636/2478 517/2479 516/2480 143/2481
f 1637/2476 1635/2474 1638/2482 1639/2483
f 1637/2476 1639/2483 669/999 668/998
f 1637/2476 668/998 147/2484 517/2477
f 1639/2483 1638/2482 1640/2485 1641/2486
f 1639/2483 1641/2486 670/1000 669/999
f 1641/2486 1640/2485 1642/2487 1643/2488
f 1641/2486 1643/2488 1644/2489 670/1000
f 1644/2489 1643/2488 1645/2490 1646/2491
f 1644/2489 1646/2491 1647/2492 1648/2493
f 1644/2489 1648/2493 664/1001 670/1000
f 1648/2494 1647/2495 764/1146 763/1145
f 1648/2494 763/1145 665/994 664/993
f 1647/2492 1646/2491 643/952 641/951
f 1647/2495 641/948 640/947 764/1146
f 1646/2491 1645/2490 1649/2496 643/952
f 1649/2496 1650/2497 592/856 591/855
f 1649/2496 591/855 642/953 643/952
f 1649/2496 1645/2490 1651/2498 1650/2497
f 1651/2498 1652/2499 1653/2500 1650/2497
f 1651/2498 1645/2490 1643/2488 1642/2487
f 1651/2498 1642/2487 1654/2501 1652/2499
f 1654/2501 1655/2502 1656/2503 1652/2499
f 1654/2501 1642/2487 1640/2485 1657/2504
f 1654/2501 1657/2504 1658/2505 1655/2502
f 1658/2505 1659/2506 1660/2507 1655/2502
f 1658/2505 1657/2504 1661/2508 1662/2509
f 1658/2505 1662/2509 1663/2510 1659/2506
f 1663/2510 1664/2511 1665/2512 1659/2506
f 1663/2510 1662/2509 1631/2467 1630/2466
f 1663/2510 1630/2466 1666/2513 1664/2511
f 1666/2513 1667/2514 1668/2515 1664/2511
f 1666/2513 1630/2466 1626/2456 1625/2455
f 1668/2515 1669/2516 844/1264 1670/2517
f 1668/2515 1670/2517 1665/2512 1664/2511
f 1668/2515 1667/2514 866/1299 1669/2516
f 1670/2517 844/1264 840/1260 839/1259
f 1670/2517 839/1259 1671/2518 1665/2512
f 1671/2518 839/1259 836/1256 835/1255
f 1671/2518 835/1255 1672/2519 1660/2507
f 1671/2518 1660/2507 1659/2506 1665/2512
f 1672/2519 835/1255 833/1252 1673/2520
f 1672/2519 1673/2520 1674/2521 1656/2503
f 1672/2519 1656/2503 1655/2502 1660/2507
f 1674/2521 1673/2520 830/1246 1675/2522
f 1674/2521 1675/2522 1676/2523 1653/2500
f 1674/2521 1653/2500 1652/2499 1656/2503
f 1676/2523 1675/2522 825/2524 1677/2525
f 1676/2523 1677/2525 128/853 592/856
f 1676/2523 592/856 1650/2497 1653/2500
f 1677/2526 825/1239 821/1234 820/1233
f 1677/2526 820/1233 593/858 128/857
f 1675/2522 830/1246 826/1245 825/2524
f 1673/2520 833/1252 831/1247 830/1246
f 1669/2516 849/1269 845/1265 844/1264
f 1669/2516 866/1299 865/1298 849/1269
f 1667/2514 870/2527 867/1300 866/1299
f 1662/2509 1661/2508 1632/2468 1631/2467
f 1661/2508 1657/2504 1640/2485 1638/2482
f 1661/2508 1638/2482 1635/2474 1632/2468
f 865/1298 854/1274 850/1270 849/1269
f 852/1272 659/1276 141/2528 663/2332
f 843/1263 602/875 601/874 838/1258
f 829/1243 828/1242 616/903 549/762
f 820/1233 816/1232 815/2529 593/858
f 815/1226 811/1222 567/791 566/790
f 815/2529 566/2530 594/859 593/858
f 805/1212 487/635 459/585 458/584
f 805/2531 458/2532 1678/2533 800/2534
f 805/1212 804/1211 488/636 487/635
f 1678/2535 444/2536 443/2537 1679/2538
f 1678/2539 1679/2540 801/2541 800/2542
f 1679/2543 443/2544 448/566 1680/2545
f 1679/2543 1680/2545 793/1195 801/1203
f 1680/2545 448/566 447/565 788/1190
f 1680/2545 788/1190 787/1189 793/1195
f 795/2546 794/2547 584/2548 583/2549
f 794/1196 790/1192 789/1191 1681/2550
f 794/1196 1681/2550 623/919 584/918
f 1681/2550 789/1191 1682/2551 1683/2552
f 1681/2550 1683/2552 1684/2553 623/919
f 1684/2553 1683/2552 1685/2554 1686/2555
f 1684/2553 1686/2555 1687/2556 1688/2557
f 1684/2553 1688/2557 620/920 623/919
f 1688/2558 1687/2559 746/1125 1689/2560
f 1688/2558 1689/2560 621/915 620/914
f 1689/2560 746/1125 745/1124 750/1129
f 1689/2560 750/1129 637/942 621/915
f 1687/2556 1686/2555 1690/2561 742/2562
f 1687/2559 742/2563 741/1123 746/1125
f 1690/2561 1686/2555 1685/2554 1691/2564
f 1690/2561 1691/2564 1692/2565 1693/2566
f 1690/2561 1693/2566 743/2567 742/2562
f 1693/2566 1692/2565 1694/2568 1695/2569
f 1693/2566 1695/2569 735/2570 743/2567
f 1695/2569 1694/2568 1696/2571 730/1098
f 1695/2569 730/1098 729/1097 735/2570
f 1696/2571 1694/2568 1697/2572 1698/2573
f 1696/2571 1698/2573 1699/2574 725/1093
f 1696/2571 725/1093 724/1092 730/1098
f 1699/2574 1698/2573 1700/2575 1701/2576
f 1699/2574 1701/2576 507/669 720/1088
f 1699/2574 720/1088 719/1087 725/1093
f 1701/2577 1700/2578 510/2579 1702/2580
f 1701/2576 1702/2581 508/670 507/669
f 1702/2582 510/2583 509/2584 524/2585
f 1702/2581 524/2586 529/2587 508/670
f 1700/2575 1703/2588 511/2589 510/2590
f 1700/2575 1698/2573 1697/2572 1703/2588
f 1697/2572 1704/2591 1705/2592 1703/2588
f 1697/2572 1694/2568 1692/2565 1704/2591
f 1704/2591 1706/2593 1707/2594 1708/2595
f 1704/2591 1692/2565 1691/2564 1706/2593
f 1708/2596 1707/2597 1709/2598 100/2599
f 1709/2600 780/1180 778/1179 1710/2601
f 1709/2598 1710/2602 1711/2603 100/2599
f 1709/2600 1707/2594 1712/2604 780/1180
f 1712/2604 784/1186 781/1181 780/1180
f 1712/2604 1707/2594 1706/2593 1713/2605
f 1712/2604 1713/2605 1682/2551 784/1186
f 1713/2605 1706/2593 1691/2564 1685/2554
f 1713/2605 1685/2554 1683/2552 1682/2551
f 1710/2606 778/1174 776/1173 654/2607
f 1710/2602 654/2608 653/2609 1711/2603
f 1682/2551 789/1191 785/1187 784/1186
f 788/2610 447/575 452/574 783/2611
f 776/1170 774/1168 655/973 654/972
f 774/1168 674/1010 673/1009 655/973
f 770/1159 769/1158 1714/2612 1715/2613
f 770/1159 1715/2613 672/1015 676/1014
f 1715/2613 1714/2612 1716/2614 648/2615
f 1715/2616 648/964 647/963 672/1006
f 1716/2614 1714/2612 1717/2617 1718/2618
f 1716/2619 1718/2620 1719/2621 1720/2622
f 1716/2619 1720/2622 649/965 648/964
f 1720/2623 1719/2624 1721/2625 1722/2626
f 1720/2623 1722/2626 650/968 649/967
f 1722/2626 1721/2625 1723/2627 1724/2628
f 1722/2626 1724/2628 1725/2629 650/968
f 1725/2629 1724/2628 1726/2630 1727/2631
f 1725/2629 1727/2631 657/2632 656/2633
f 1725/2629 656/2633 651/969 650/968
f 1727/2631 1726/2630 1728/2634 1729/2635
f 1727/2631 1729/2635 1730/2636 657/2632
f 1730/2636 1729/2635 1731/2637 520/2638
f 1730/2639 520/690 105/689 1732/2640
f 1731/2637 1729/2635 1728/2634 1733/2641
f 1731/2637 1733/2641 1734/2642 1735/2643
f 1731/2637 1735/2643 521/2644 520/2638
f 1735/2643 1734/2642 1736/2645 688/1043
f 1735/2643 688/1043 687/1042 521/2644
f 1736/2645 1734/2642 1737/2646 1738/2647
f 1736/2645 1738/2647 1739/2648 693/1056
f 1736/2645 693/1056 689/1044 688/1043
f 1739/2648 1738/2647 1740/2649 1741/2650
f 1739/2648 1741/2650 1742/2651 696/2652
f 1739/2648 696/2652 694/1057 693/1056
f 1742/2651 1741/2650 1743/2653 1744/2654
f 1742/2655 1744/2656 1745/2657 1746/2658
f 1742/2655 1746/2658 697/1061 696/1060
f 1746/2658 1745/2657 1747/2659 1748/2660
f 1746/2658 1748/2660 698/1062 697/1061
f 1748/2660 1747/2659 581/2661 1749/2662
f 1748/2663 1749/2664 700/2665 698/2666
f 1749/2667 581/2668 580/820 1750/2669
f 1749/2667 1750/2669 702/1068 700/1066
f 1750/2669 580/820 579/819 1751/2670
f 1750/2669 1751/2670 704/1070 702/1068
f 1751/2670 579/819 1752/2671 1753/2672
f 1751/2670 1753/2672 706/1072 704/1070
f 1753/2672 1752/2671 1754/2673 711/1079
f 1753/2672 711/1079 708/1075 706/1072
f 1754/2673 716/1084 712/1080 711/1079
f 1754/2673 1752/2671 1755/2674 1756/2675
f 1754/2673 1756/2675 1757/2676 716/1084
f 1757/2676 721/1089 717/1085 716/1084
f 1757/2676 1756/2675 1758/2677 1759/2678
f 1757/2676 1759/2678 1760/2679 721/1089
f 1760/2679 726/1094 722/1090 721/1089
f 1760/2680 1759/2681 1761/2682 1762/2683
f 1760/2680 1762/2683 1763/2684 726/2685
f 1763/2684 731/2686 727/2687 726/2685
f 1763/2688 1762/2689 1764/2690 1765/2691
f 1763/2688 1765/2691 1766/2692 731/2693
f 1766/2692 736/1109 732/1108 731/2693
f 1766/2692 1765/2691 1767/2694 1768/2695
f 1766/2692 1768/2695 1769/2696 736/1109
f 1769/2696 630/1115 737/1110 736/1109
f 1769/2697 1768/2698 1770/2699 1771/2700
f 1769/2697 1771/2700 631/930 630/929
f 1771/2700 1770/2699 1772/2701 1773/2702
f 1771/2700 1773/2702 636/939 631/930
f 1773/2702 1772/2701 1774/2703 1775/2704
f 1773/2702 1775/2704 1776/2705 636/939
f 1776/2705 1777/2706 634/940 636/939
f 1776/2705 1775/2704 1723/2627 1721/2625
f 1776/2705 1721/2625 1719/2624 1777/2706
f 1777/2707 1778/2708 635/937 634/936
f 1777/2707 1719/2621 1718/2620 1778/2708
f 1778/2709 1779/2710 1780/2711 635/2712
f 1778/2709 1718/2618 1717/2617 1779/2710
f 1780/2711 754/1135 752/1134 751/2713
f 1780/2711 751/2713 632/2714 635/2712
f 1780/2711 1779/2710 756/1137 754/1135
f 1779/2710 1717/2617 1781/2715 756/1137
f 1781/2715 760/1141 757/1138 756/1137
f 1781/2715 1717/2617 1714/2612 769/1158
f 1781/2715 769/1158 767/1156 760/1141
f 1775/2704 1774/2703 1782/2716 1723/2627
f 1782/2716 1774/2703 1783/2717 1784/2718
f 1782/2716 1784/2718 1728/2634 1726/2630
f 1782/2716 1726/2630 1724/2628 1723/2627
f 1784/2718 1783/2717 1785/2719 1786/2720
f 1784/2718 1786/2720 1733/2641 1728/2634
f 1786/2720 1785/2719 1787/2721 1737/2646
f 1786/2720 1737/2646 1734/2642 1733/2641
f 1787/2721 1785/2719 1788/2722 1789/2723
f 1787/2721 1789/2723 1790/2724 1740/2649
f 1787/2721 1740/2649 1738/2647 1737/2646
f 1790/2724 1789/2723 1791/2725 1792/2726
f 1790/2724 1792/2726 598/867 1743/2653
f 1790/2724 1743/2653 1741/2650 1740/2649
f 1792/2726 1791/2725 1793/2727 1794/2728
f 1792/2726 1794/2728 599/868 598/867
f 1794/2729 1793/2730 1795/2731 1796/2732
f 1794/2729 1796/2732 600/871 599/870
f 1796/2732 1795/2731 1761/2733 1797/2734
f 1796/2732 1797/2734 1798/2735 600/871
f 1798/2735 1797/2734 1758/2736 1799/2737
f 1798/2735 1799/2737 577/2738 1800/2739
f 1798/2735 1800/2739 595/872 600/871
f 1800/2740 577/815 576/814 1801/2741
f 1800/2740 1801/2741 596/2742 595/2743
f 1801/2744 576/2745 581/2661 1747/2659
f 1801/2744 1747/2659 1745/2657 596/863
f 1799/2746 1758/2677 1756/2675 1755/2674
f 1799/2746 1755/2674 578/818 577/2747
f 1797/2734 1761/2733 1759/2748 1758/2736
f 1795/2731 1764/2690 1762/2689 1761/2733
f 1795/2731 1793/2730 1802/2749 1764/2690
f 1802/2749 1767/2694 1765/2691 1764/2690
f 1802/2750 1793/2727 1791/2725 1803/2751
f 1802/2750 1803/2751 1804/2752 1767/2753
f 1804/2752 1770/2699 1768/2698 1767/2753
f 1804/2752 1803/2751 1788/2722 1805/2754
f 1804/2752 1805/2754 1772/2701 1770/2699
f 1805/2754 1788/2722 1785/2719 1783/2717
f 1805/2754 1783/2717 1774/2703 1772/2701
f 1803/2751 1791/2725 1789/2723 1788/2722
f 1755/2674 1752/2671 579/819 578/818
f 1745/2657 1744/2656 597/864 596/863
f 1744/2654 1743/2653 598/867 597/866
f 764/1146 640/947 646/961 759/1147
f 751/1130 747/1126 633/933 632/932
f 750/1129 749/1128 638/943 637/942
f 720/1088 507/669 506/668 715/1083
f 686/1040 667/1039 671/1019 678/1018
f 683/1031 466/598 86/597 681/1032
f 683/1031 658/981 440/554 1806/2755
f 683/1031 1806/2755 478/2756 466/598
f 1806/2755 440/554 439/553 479/2757
f 1806/2755 479/2757 89/2758 478/2756
f 682/2759 681/1032 86/597 465/2760
f 660/1284 436/548 80/547 441/555
f 653/2761 1807/2762 1808/2763 1711/2764
f 655/973 673/1009 647/2765 652/970
f 642/953 591/855 590/854 624/2766
f 637/942 139/941 622/916 621/915
f 628/925 612/898 607/897 625/926
f 626/923 625/922 607/890 557/778
f 624/921 590/860 594/859 582/827
f 619/913 572/804 569/803 605/883
f 616/903 606/884 550/763 549/762
f 609/892 585/2380 556/776 558/779
f 606/884 605/883 569/803 550/763
f 594/859 566/2530 565/828 582/827
f 125/843 135/846 570/800 572/804
f 135/846 561/2767 571/801 570/800
f 575/811 571/810 561/782 560/781
f 538/732 537/731 533/721 523/695
f 537/729 536/728 534/724 533/723
f 1809/2768 526/704 518/703 109/2769
f 518/687 525/2770 512/2771 519/688
f 516/682 450/570 446/562 143/1004
f 102/2772 519/2773 512/2774 511/2589
f 1808/2763 1810/2775 100/2776 1711/2764
f 525/2777 106/2778 509/671 512/674
f 529/2779 528/713 99/712 508/2780
f 1811/2781 1634/2782 143/1004 457/582
f 1811/2781 457/582 456/581 1812/2783
f 1811/2784 1812/2785 1813/2786 1814/2787
f 1812/2788 456/2789 459/2790 92/2791
f 501/656 1620/2437 496/646 499/652
f 499/652 496/646 454/578 453/577
f 95/645 496/646 1620/2437 94/641
f 497/2792 95/2793 94/2794 495/2795
f 491/2796 1617/2434 485/2433 484/2797
f 1617/2434 491/2796 92/640 93/639
f 482/2798 90/2799 481/2800 498/2801
f 480/619 479/618 439/552 438/551
f 478/616 477/615 467/2802 466/2803
f 475/612 371/1532 370/590 422/521
f 87/2804 477/615 476/614 923/2805
f 1542/2806 87/2804 923/2805 925/2807
f 470/604 469/603 1542/2808 925/2809
f 1815/2810 1816/2811 1817/2812 1818/2813
f 1819/2814 1818/2813 1817/2812
f 450/570 449/569 442/563 446/562
f 449/567 448/566 443/2544 442/2815
f 437/549 432/541 429/540 433/550
f 434/1380 433/2816 429/534 428/533
f 432/541 420/517 417/516 430/542
f 431/537 430/536 417/510 416/509
f 414/2817 413/2818 363/394 362/393
f 413/499 412/498 188/67 363/2819
f 406/492 191/81 194/80 358/388
f 402/486 359/389 358/388 194/80
f 398/2280 382/2820 381/474 397/473
f 389/455 388/454 387/452 386/451
f 389/455 386/451 383/1536 65/466
f 388/460 392/459 1820/2821 387/2822
f 384/1535 379/434 63/433 380/2823
f 1820/2821 60/2824 66/2825 387/2822
f 362/1480 361/2826 1821/2827 988/1481
f 355/2828 56/2829 332/2830 335/2831
f 357/2832 342/348 341/347 56/2833
f 56/2834 354/1962 333/328 332/327
f 351/1971 323/311 52/310 348/362
f 1822/2835 1823/2836 1824/2837 1825/2838
f 1822/2839 325/2840 1826/2841 1823/2842
f 50/2843 325/2844 1377/2845 1376/2846
f 345/355 344/354 1827/2847 1336/1956
f 344/352 343/351 179/2848 1827/2849
f 335/2046 334/2850 1828/2851 1392/2042
f 330/2852 312/2853 311/2854 1829/2855
f 1829/2855 311/2854 1830/2856 1831/2857
f 1831/2857 1830/2856 2/2858 1832/2859
f 311/2854 310/2860 1833/2861 1830/2856
f 1834/2862 40/2863 300/2016 1371/2015
f 308/280 307/279 164/43 169/42
f 307/2864 306/2865 158/18 157/17
f 307/2866 157/15 156/14 164/29
f 296/2262 295/2867 8/44 174/47
f 271/218 270/217 238/163 237/162
f 260/201 236/2252 22/2868 254/202
f 254/193 22/151 31/156 250/188
f 251/189 250/188 31/156 235/155
f 23/161 239/164 233/153 232/152
f 1294/1902 230/148 21/147 1295/1903
f 1827/2869 179/2870 11/1953 1336/1952
f 1389/2037 1375/2023 1835/2871 1387/2035
f 1389/2039 9/48 177/51 1375/2872
f 1/1 150/4 1162/1717 151/5
f 8/2258 170/2256 171/2255 172/2873
f 32/219 274/222 272/2874 267/2875
f 74/2876 411/2877 407/2878 408/2879
f 93/639 487/635 490/638 1617/2434
f 132/899 614/902 615/2352 627/924
f 1441/2128 1453/2142 57/2147 190/2129
f 1451/2139 377/429 376/506 367/406
f 1173/2880 1169/2881 1368/2882
f 1179/1737 1178/1736 1367/2883
f 1832/2884 2/2885 1830/2886 1833/2887
f 1377/2888 325/2889 1822/2890
f 1828/2891 334/333 53/332 350/2892
f 1835/2893 1375/2894 178/2895
f 1732/2896 105/2897 502/744 513/743
f 652/2898 651/974 526/704 1809/2768
f 877/1314 880/1317 419/513 863/2899
f 326/2900 46/2901 328/2902
f 177/51 176/50 51/2903
f 177/2904 51/2905 50/2906
f 177/51 50/2907 1376/2908
f 177/51 1376/2908 1375/2872
f 25/170 24/169 1023/1526 1836/2909
f 1023/1526 944/1417 943/1416 1836/2909
f 943/1416 947/1420 25/170 1836/2909
f 1180/2910 316/2911 315/2912 1179/2913
f 315/2914 1182/1740 1179/1737
f 1834/2915 1371/2916 1370/2917 1181/2918
f 38/267 303/272 320/305 44/304
f 299/2919 38/2920 314/2921 1837/2922
f 314/294 42/293 1181/1739 1837/2923
f 1181/1739 1370/2014 299/2017 1837/2923
f 1833/2924 310/2925 43/2926 1834/2927
f 43/2928 40/2929 1834/2930
f 324/2931 46/2932 331/2933
f 324/2931 45/2934 323/2935 46/2932
f 1824/2936 1823/2937 1826/2938
f 4/2939 3/2 1/1 153/7 1377/2025
f 149/2940 154/2941 4/2942
f 149/2940 4/2942 1377/2943
f 149/2944 1377/2945 1369/2946
f 1828/2947 349/2948 175/2949
f 1828/2947 175/2949 9/2950
f 1828/2951 9/2952 1392/2953
f 178/2021 10/2020 1373/2019 1835/2871
f 1373/2019 1379/2027 1387/2035 1835/2871
f 361/2954 58/397 195/83 14/82
f 12/2955 988/2956 1821/2957
f 12/60 1821/2958 14/2959
f 12/60 14/2959 183/61
f 14/2960 1821/2827 361/2826
f 394/468 70/442 399/478 1532/2288
f 394/2961 68/2962 65/2963 70/2964
f 872/2965 871/2966 1624/2967 1838/2968
f 1624/2967 1628/2969 1634/2970 1838/2968
f 1634/2971 498/2972 875/2973
f 1634/2974 875/2975 872/2976
f 1634/2977 872/2978 1838/2979
f 1629/2980 483/2981 482/2798 498/2801
f 1629/2982 484/2983 91/2984
f 1629/2985 91/2986 83/2987
f 1629/2988 83/2989 455/626
f 1629/2988 455/626 483/625
f 1813/2990 1812/2991 492/2992 1629/2993
f 1732/2994 531/2995 527/2996
f 1732/2640 527/979 657/978
f 1732/2640 657/978 1730/2639
f 513/2997 101/2998 99/2999 531/3000
f 101/2998 514/3001 713/3002 99/2999
f 713/1081 506/668 99/667
f 102/2772 511/2589 1703/2588 1705/2592
f 1809/3003 109/3004 104/3005 1810/3006
f 100/3007 1810/3006 104/3005 1839/3008
f 104/685 519/688 1839/3009
f 519/3010 102/3011 1705/3012 1839/3013
f 1705/3014 1708/3015 100/3016 1839/3017
f 1705/3018 1704/3019 1708/3020
f 1390/3021 1388/3022 1386/3023 342/3024
f 1386/3025 1385/3026 343/3027 342/3028
f 1623/3029 1622/3030 878/3031 877/3032
f 862/3033 864/3034 869/3035
f 862/1287 858/1282 856/1281 864/3036
f 874/3037 873/3038 876/3039 1623/3040
f 862/3041 869/1304 874/1309
f 862/3042 874/3037 1623/3040
f 862/3043 1623/3029 877/3032
f 38/267 44/304 317/307 314/2010
f 92/3044 491/3045 492/3046 1812/3047
f 324/3048 1824/3049 1826/3050 325/3051
f 1840/3052 1843/3053 1841/3054 1842/3055
f 1840/3056 1842/3057 1841/3058
f 1844/3059 1845/3060 1846/3061
f 1845/3060 1847/3062 1848/3063 1846/3061
f 1849/3064 1850/3065 1851/3066 1852/3067
f 1852/3067 1851/3066 1853/3068 1854/3069
f 1853/3068 1851/3066 1855/3070 1856/3071
f 1855/3070 1851/3066 1850/3065 1857/3072
f 1850/3065 1849/3064 1848/3063 1847/3062
f 1850/3065 1847/3062 1857/3072
f 1858/3073 1859/3074 1860/3075 1861/3076
f 1858/3073 1862/3077 1863/3078 1859/3074
f 1858/3079 1864/3080 1865/3081 1866/3082
f 1864/3080 1858/3079 1861/3083 1867/3084
f 1867/3085 1861/3076 1868/3086 1869/3087
f 1869/3087 1868/3086 1870/3088 1871/3089
f 1870/3088 1868/3086 1872/3090 1873/3091
f 1873/3091 1872/3090 1874/3092 1875/3093
f 1875/3093 1874/3092 1876/3094 1877/3095
f 1877/3095 1876/3094 1878/3096 1879/3097
f 1879/3097 1878/3096 1880/3098 1881/3099
f 1881/3099 1880/3098 1882/3100 1883/3101
f 1882/3100 1880/3098 1884/3102 1885/3103
f 1885/3103 1884/3102 1886/3104 1887/3105
f 1888/3106 1886/3104 1889/3107 1890/3108
f 1889/3107 1891/3109 1892/3110 1890/3108
f 1889/3107 1886/3104 1884/3102 1893/3111
f 1889/3107 1893/3111 1894/3112 1891/3109
f 1894/3112 1895/3113 1896/3114 1891/3109
f 1894/3112 1893/3111 1878/3096 1876/3094
f 1894/3112 1876/3094 1874/3092 1895/3113
f 1896/3114 1859/3074 1863/3078 1897/3115
f 1896/3114 1897/3115 1892/3110 1891/3109
f 1896/3114 1895/3113 1860/3075 1859/3074
f 1895/3113 1874/3092 1872/3090 1860/3075
f 1893/3111 1884/3102 1880/3098 1878/3096
f 1872/3090 1868/3086 1861/3076 1860/3075
f 1898/3116 1862/3117 1858/3079 1866/3082
f 1887/3105 1886/3104 1888/3106
f 1902/3118 1901/3119 1903/3120 1904/3121
f 1904/3121 1903/3120 1905/3122 1906/3123
f 1905/3122 1903/3120 1907/3124 1908/3125
f 1908/3125 1907/3124 1909/3126 1910/3127
f 1909/3126 1907/3124 1900/3128 1911/3129
f 1911/3129 1900/3128 1899/3130 1912/3131
f 1912/3131 1899/3130 1913/3132
f 1907/3124 1903/3120 1901/3119 1900/3128
f 1899/3130 1900/3128 1901/3119 1902/3118
f 1914/3133 1918/3134 1919/3135 1920/3136
f 1915/3137 1920/3136 1919/3135 1921/3138
f 1916/3139 1922/3140 1923/3141 1924/3142
f 1917/3143 1925/3144 1923/3141 1922/3140
f 1925/3144 1921/3138 1919/3135 1923/3141
f 1923/3141 1919/3135 1918/3134 1924/3142
f 1926/3145 1927/3146 1928/3147
f 1929/3148 1933/3149 1934/3150 1935/3151
f 1930/3152 1936/3153 1937/3154 1938/3155
f 1931/3156 1939/3157 1940/3158 1941/3159
f 1932/3160 1942/3161 1943/3162 1944/3163
f 1943/3162 1945/3164 1946/3165 1944/3163
f 1943/3162 1942/3161 1947/3166 1948/3167
f 1943/3162 1948/3167 1949/3168 1945/3164
f 1949/3168 1950/3169 1951/3170 1945/3164
f 1949/3171 1948/3172 1952/3173 1953/3174
f 1949/3171 1953/3174 1954/3175 1950/3176
f 1954/3175 1955/3177 1956/3178 1950/3176
f 1954/3175 1953/3174 1957/3179 1958/3180
f 1954/3175 1958/3180 1959/3181 1955/3177
f 1959/3181 1960/3182 1961/3183 1955/3177
f 1959/3181 1958/3180 1962/3184 1963/3185
f 1959/3181 1963/3185 1964/3186 1960/3182
f 1964/3186 1965/3187 1966/3188 1960/3182
f 1964/3186 1963/3185 1967/3189 1968/3190
f 1964/3186 1968/3190 1969/3191 1965/3187
f 1969/3191 1970/3192 1971/3193 1965/3187
f 1969/3191 1968/3190 1972/3194 1973/3195
f 1969/3191 1973/3195 1937/3154 1970/3192
f 1973/3195 1972/3194 1974/3196 1975/3197
f 1973/3195 1975/3197 1938/3155 1937/3154
f 1974/3196 1972/3194 1976/3198 1977/3199
f 1977/3199 1976/3198 1978/3200 1979/3201
f 1979/3201 1978/3200 1980/3202 1981/3203
f 1981/3203 1980/3202 1934/3150 1933/3149
f 1980/3202 1978/3200 1982/3204 1983/3205
f 1980/3202 1983/3205 1984/3206 1934/3150
f 1984/3206 1983/3205 1985/3207 1986/3208
f 1984/3206 1986/3208 1987/3209 1988/3210
f 1984/3206 1988/3210 1935/3151 1934/3150
f 1987/3209 1986/3208 1989/3211 1990/3212
f 1990/3212 1989/3211 1952/3173 1991/3213
f 1991/3213 1952/3173 1948/3172 1947/3214
f 1989/3211 1957/3179 1953/3174 1952/3173
f 1989/3211 1986/3208 1985/3207 1957/3179
f 1985/3207 1962/3184 1958/3180 1957/3179
f 1985/3207 1983/3205 1982/3204 1962/3184
f 1982/3204 1967/3189 1963/3185 1962/3184
f 1982/3204 1978/3200 1976/3198 1967/3189
f 1976/3198 1972/3194 1968/3190 1967/3189
f 1971/3193 1992/3215 1993/3216 1994/3217
f 1971/3193 1994/3217 1966/3188 1965/3187
f 1971/3193 1970/3192 1995/3218 1992/3215
f 1995/3218 1970/3192 1937/3154 1936/3153
f 1994/3217 1993/3216 1996/3219 1997/3220
f 1994/3217 1997/3220 1998/3221 1966/3188
f 1998/3221 1997/3220 1999/3222 2000/3223
f 1998/3221 2000/3223 2001/3224 1961/3183
f 1998/3221 1961/3183 1960/3182 1966/3188
f 2001/3224 2000/3223 2002/3225 2003/3226
f 2001/3227 2003/3228 2004/3229 1956/3230
f 2001/3224 1956/3178 1955/3177 1961/3183
f 2004/3229 2003/3228 2005/3231 2006/3232
f 2004/3229 2006/3232 2007/3233 1951/3170
f 2004/3229 1951/3170 1950/3169 1956/3230
f 2007/3233 1946/3165 1945/3164 1951/3170
f 2005/3231 2003/3228 2002/3234 2008/3235
f 2008/3235 2002/3234 1940/3236 1939/3237
f 2002/3225 2000/3223 1999/3222 1940/3158
f 1999/3222 2009/3238 1941/3159 1940/3158
f 1999/3222 1997/3220 1996/3219 2009/3238
f 2010/3239 2014/3240 2015/3241 2016/3242
f 2011/3243 2016/3242 2015/3241 2017/3244
f 2012/3245 2018/3246 2019/3247 2020/3248
f 2013/3249 2021/3250 2019/3247 2018/3246
f 2021/3250 2022/3251 2023/3252 2019/3247
f 2023/3252 2022/3251 2024/3253 2025/3254
f 2023/3252 2025/3254 2026/3255 2027/3256
f 2023/3252 2027/3256 2020/3248 2019/3247
f 2026/3255 2025/3254 2028/3257 2029/3258
f 2029/3258 2028/3257 2030/3259 2031/3260
f 2031/3260 2030/3259 2032/3261 2033/3262
f 2033/3263 2032/3264 2034/3265 2035/3266
f 2035/3266 2034/3265 2015/3241 2014/3240
f 2034/3267 2032/3261 2036/3268 2037/3269
f 2034/3265 2037/3270 2017/3244 2015/3241
f 2036/3268 2032/3261 2030/3259 2038/3271
f 2038/3271 2030/3259 2028/3257 2039/3272
f 2039/3272 2028/3257 2025/3254 2024/3253
f 2041/3273 2045/3274 2046/3275 2047/3276
f 2042/3277 2048/3278 2046/3275 2045/3274
f 2044/3279 2049/3280 2050/3281 2051/3282
f 2043/3283 2044/3284 2051/3285
f 2043/3283 2051/3285 2046/3275 2048/3278
f 2051/3285 2050/3286 2052/3287 2053/3288
f 2051/3285 2053/3288 2047/3276 2046/3275
f 2050/3281 2049/3280 2040/3289 2052/3290
f 2054/3291 2055/3292 2056/3293 2057/3294
f 2054/3291 2058/3295 2059/3296 2055/3292
f 2054/3291 2057/3294 2060/3297 2058/3295
f 2060/3297 2061/3298 2062/3299 2058/3295
f 2062/3299 2063/3300 2059/3296 2058/3295
f 2062/3299 2061/3298 2064/3301 2065/3302
f 2062/3299 2065/3302 2066/3303 2063/3300
f 2066/3303 2067/3304 2068/3305 2063/3300
f 2066/3303 2065/3302 2069/3306 2070/3307
f 2066/3303 2070/3307 2071/3308 2067/3304
f 2069/3306 2065/3302 2064/3301 2072/3309
f 2068/3305 2073/3310 2059/3296 2063/3300
f 2073/3310 2074/3311 2055/3292 2059/3296
f 2075/3312 2056/3293 2055/3292 2074/3311
f 2076/3313 2077/3314 2078/3315 2079/3316
f 2076/3313 2080/3317 2081/3318 2077/3314
f 2076/3319 2082/3320 2083/3321 2080/3322
f 2076/3313 2079/3316 2084/3323 2085/3324
f 2076/3313 2085/3324 2086/3325 2082/3326
f 2086/3327 2087/3328 2088/3329 2082/3320
f 2086/3325 2085/3324 2089/3330 2090/3331
f 2086/3327 2090/3332 2091/3333 2087/3328
f 2091/3333 2092/3334 2093/3335 2087/3328
f 2091/3336 2090/3331 2094/3337 2095/3338
f 2091/3336 2095/3338 2096/3339 2092/3340
f 2094/3337 2090/3331 2089/3330 2097/3341
f 2097/3341 2089/3330 2098/3342 2099/3343
f 2099/3343 2098/3342 2100/3344 2101/3345
f 2100/3344 2098/3342 2084/3323 2102/3346
f 2102/3346 2084/3323 2079/3316 2103/3347
f 2103/3347 2079/3316 2078/3315 2104/3348
f 2104/3348 2078/3315 2105/3349 2106/3350
f 2106/3350 2105/3349 2107/3351 2108/3352
f 2107/3351 2105/3349 2109/3353 2110/3354
f 2110/3354 2109/3353 2111/3355 2112/3356
f 2111/3355 2113/3357 2114/3358 2112/3356
f 2111/3355 2109/3353 2077/3314 2081/3318
f 2111/3359 2081/3360 2115/3361 2113/3362
f 2115/3363 2081/3364 2080/3322 2116/3365
f 2116/3365 2080/3322 2083/3321 2117/3366
f 2117/3366 2083/3321 2118/3367 2119/3368
f 2118/3367 2120/3369 2121/3370 2119/3368
f 2118/3367 2083/3321 2082/3320 2088/3329
f 2118/3367 2088/3329 2122/3371 2120/3369
f 2122/3371 2088/3329 2087/3328 2093/3335
f 2109/3353 2105/3349 2078/3315 2077/3314
f 2098/3342 2089/3330 2085/3324 2084/3323
f 2124/3372 2126/3373 2127/3374 2125/3375
f 2127/3374 2126/3373 2128/3376 2129/3377
f 2129/3377 2128/3376 2130/3378 2131/3379
f 2131/3379 2130/3378 2132/3380 2133/3381
f 2133/3381 2132/3380 2134/3382 2135/3383
f 2135/3383 2134/3382 2136/3384 2137/3385
f 2138/3386 2139/3387 2140/3388 2137/3389
f 2137/3390 2136/3391 2138/3392
f 2141/3393 2140/3388 2139/3387
f 2138/3394 2136/3395 2142/3396 2143/3397
f 2143/3397 2142/3396 2144/3398 2145/3399
f 2145/3399 2144/3398 2146/3400 2147/3401
f 2147/3401 2146/3400 2148/3402 2149/3403
f 2149/3403 2148/3402 2150/3404 2151/3405
f 2151/3405 2150/3404 2152/3406 2153/3407
f 2152/3406 2150/3404 2154/3408 2155/3409
f 2154/3408 2150/3404 2148/3402 2156/3410
f 2154/3411 2156/3412 2128/3376 2126/3373
f 2156/3410 2148/3402 2146/3400 2157/3413
f 2156/3412 2157/3414 2130/3378 2128/3376
f 2157/3415 2146/3416 2144/3417 2158/3418
f 2157/3414 2158/3419 2132/3380 2130/3378
f 2144/3420 2142/3421 2134/3382 2132/3380
f 2158/3419 2144/3420 2132/3380
f 2142/3421 2136/3384 2134/3382
f 2155/3409 2154/3408 2126/3422 2124/3423
f 2123/3424 2124/3425 2125/3426 2127/3427
f 2159/3428 2162/3429 2163/3430 2164/3431
f 2160/3432 2165/3433 2166/3434 2161/3435
f 2166/3434 2165/3433 2167/3436 2168/3437
f 2168/3437 2167/3436 2169/3438 2170/3439
f 2170/3439 2169/3438 2171/3440 2172/3441
f 2172/3441 2171/3440 2173/3442 2174/3443
f 2174/3443 2173/3442 2175/3444 2176/3445
f 2176/3445 2175/3444 2177/3446 2178/3447
f 2178/3447 2177/3446 2164/3431 2163/3430
f 2179/3448 2180/3449 2181/3450 2182/3451
f 2179/3448 2182/3451 2183/3452 2184/3453
f 2179/3448 2184/3453 2185/3454 2186/3455
f 2179/3456 2186/3457 2187/3458 2188/3459
f 2179/3456 2188/3459 2189/3460 2180/3461
f 2189/3460 2190/3462 2191/3463 2180/3461
f 2191/3464 2192/3465 2193/3466 2194/3467
f 2191/3464 2194/3467 2181/3450 2180/3449
f 2191/3464 2190/3468 2195/3469 2192/3465
f 2195/3469 2196/3470 2197/3471 2192/3465
f 2197/3471 2198/3472 2193/3466 2192/3465
f 2198/3472 2199/3473 2200/3474 2193/3466
f 2200/3474 2199/3473 2201/3475 2202/3476
f 2200/3474 2202/3476 2203/3477 2204/3478
f 2200/3474 2204/3478 2194/3467 2193/3466
f 2204/3478 2203/3477 2205/3479 2206/3480
f 2204/3478 2206/3480 2181/3450 2194/3467
f 2206/3480 2205/3479 2207/3481 2208/3482
f 2206/3480 2208/3482 2182/3451 2181/3450
f 2208/3482 2207/3481 2209/3483 2210/3484
f 2208/3482 2210/3484 2183/3452 2182/3451
f 2210/3484 2209/3483 2211/3485 2212/3486
f 2210/3484 2212/3486 2213/3487 2183/3452
f 2213/3487 2212/3486 2214/3488 2215/3489
f 2213/3487 2215/3489 2216/3490 2217/3491
f 2213/3487 2217/3491 2184/3453 2183/3452
f 2217/3491 2216/3490 2218/3492 2219/3493
f 2217/3491 2219/3493 2185/3454 2184/3453
f 2219/3493 2218/3492 2220/3494 2221/3495
f 2219/3493 2221/3495 2222/3496 2185/3454
f 2222/3497 2223/3498 2186/3457 2185/3499
f 2222/3496 2221/3495 2224/3500 2225/3501
f 2222/3497 2225/3502 2226/3503 2223/3498
f 2226/3503 2227/3504 2228/3505 2223/3498
f 2226/3503 2225/3502 2229/3506 2230/3507
f 2226/3503 2230/3507 2231/3508 2227/3504
f 2231/3508 2230/3507 2232/3509 2233/3510
f 2232/3509 2230/3507 2229/3506 2234/3511
f 2234/3511 2229/3506 2235/3512 2236/3513
f 2237/3514 2235/3515 2224/3500 2238/3516
f 2238/3516 2224/3500 2221/3495 2220/3494
f 2235/3512 2229/3506 2225/3502 2224/3517
f 2228/3505 2187/3458 2186/3457 2223/3498
f 2214/3488 2212/3486 2211/3485 2239/3518
f 2239/3518 2211/3485 2240/3519 2241/3520
f 2241/3520 2240/3519 2242/3521 2243/3522
f 2243/3522 2242/3521 2244/3523 2245/3524
f 2244/3523 2242/3521 2246/3525 2247/3526
f 2246/3525 2248/3527 2249/3528 2247/3526
f 2246/3525 2242/3521 2240/3519 2250/3529
f 2246/3525 2250/3529 2251/3530 2248/3527
f 2251/3530 2252/3531 2253/3532 2248/3527
f 2251/3530 2250/3529 2209/3483 2207/3481
f 2251/3530 2207/3481 2205/3479 2252/3531
f 2253/3532 2254/3533 2255/3534 2256/3535
f 2253/3532 2256/3535 2249/3528 2248/3527
f 2253/3532 2252/3531 2257/3536 2254/3533
f 2257/3536 2258/3537 2259/3538 2254/3533
f 2257/3536 2252/3531 2205/3479 2203/3477
f 2257/3536 2203/3477 2202/3476 2258/3537
f 2259/3538 2260/3539 2261/3540 2262/3541
f 2259/3538 2262/3541 2255/3534 2254/3533
f 2259/3538 2258/3537 2263/3542 2260/3539
f 2263/3542 2258/3537 2202/3476 2201/3475
f 2250/3529 2240/3519 2211/3485 2209/3483
f 2236/3513 2235/3512 2237/3543
f 2264/3544 2268/3545 2269/3546 2270/3547
f 2265/3548 2271/3549 2272/3550 2273/3551
f 2266/3552 2274/3553 2275/3554 2276/3555
f 2267/3556 2277/3557 2278/3558 2279/3559
f 2279/3559 2278/3558 2280/3560 2281/3561
f 2281/3561 2280/3560 2269/3546 2268/3545
f 2280/3560 2278/3558 2282/3562 2283/3563
f 2280/3560 2283/3563 2284/3564 2269/3546
f 2284/3564 2283/3563 2285/3565 2286/3566
f 2284/3564 2286/3566 2287/3567 2288/3568
f 2284/3564 2288/3568 2270/3547 2269/3546
f 2287/3567 2286/3566 2289/3569 2290/3570
f 2290/3570 2289/3569 2291/3571 2292/3572
f 2292/3572 2291/3571 2293/3573 2294/3574
f 2294/3574 2293/3573 2272/3550 2271/3549
f 2293/3573 2295/3575 2296/3576 2272/3550
f 2293/3573 2291/3571 2297/3577 2295/3575
f 2297/3577 2298/3578 2299/3579 2295/3575
f 2297/3577 2291/3571 2289/3569 2300/3580
f 2297/3577 2300/3580 2301/3581 2298/3578
f 2301/3581 2302/3582 2303/3583 2298/3578
f 2301/3581 2300/3580 2285/3565 2304/3584
f 2301/3581 2304/3584 2305/3585 2302/3582
f 2305/3585 2304/3584 2282/3562 2306/3586
f 2306/3586 2282/3562 2278/3558 2277/3557
f 2304/3584 2285/3565 2283/3563 2282/3562
f 2303/3583 2307/3587 2299/3579 2298/3578
f 2307/3587 2276/3555 2275/3554 2299/3579
f 2300/3580 2289/3569 2286/3566 2285/3565
f 2299/3579 2275/3554 2296/3576 2295/3575
f 2296/3576 2275/3554 2274/3553 2308/3588
f 2296/3576 2308/3588 2273/3551 2272/3550
f 2309/3589 2324/3590 2325/3591 2326/3592
f 2309/3593 2326/3594 2327/3595 2328/3596
f 2309/3597 2328/3598 2329/3599 2324/3600
f 2310/3601 2311/3602 2330/3603 2331/3604
f 2310/3605 2331/3606 2332/3607 2333/3608
f 2310/3609 2333/3610 2334/3611 2311/3612
f 2311/3612 2334/3611 2335/3613 2322/3614
f 2311/3615 2322/3616 2336/3617 2337/3618
f 2312/3619 2338/3620 2339/3621 2340/3622
f 2312/3623 2340/3624 2341/3625 2342/3626
f 2312/3619 2342/3627 2343/3628 2338/3620
f 2313/3629 2344/3630 2345/3631 2346/3632
f 2313/3633 2346/3634 2315/3635 2347/3636
f 2313/3637 2347/3638 2348/3639 2344/3640
f 2314/3641 2337/3642 2336/3643 2349/3644
f 2314/3645 2350/3646 2351/3647 2337/3648
f 2314/3649 2349/3650 2316/3651 2350/3652
f 2315/3635 2352/3653 2353/3654 2347/3636
f 2315/3655 2354/3656 2355/3657 2352/3658
f 2316/3651 2346/3659 2345/3660 2356/3661
f 2317/3662 2357/3663 2358/3664 2359/3665
f 2317/3666 2359/3667 2360/3668 2361/3669
f 2317/3670 2361/3671 2362/3672 2357/3673
f 2318/3674 2363/3675 2364/3676 2365/3677
f 2318/3678 2365/3679 2366/3680 2367/3681
f 2318/3682 2367/3683 2368/3684 2363/3685
f 2319/3686 2369/3687 2370/3688 2371/3689
f 2319/3686 2371/3689 2372/3690 2373/3691
f 2319/3692 2373/3693 2374/3694 2369/3695
f 2320/3696 2375/3697 2376/3698 2377/3699
f 2320/3700 2378/3701 2379/3702 2375/3703
f 2320/3704 2377/3705 2380/3706 2378/3707
f 2321/3708 2381/3709 2382/3710 2383/3711
f 2321/3712 2383/3713 2384/3714 2385/3715
f 2321/3716 2385/3717 2386/3718 2381/3719
f 2322/3720 2335/3721 2387/3722 2388/3723
f 2323/3724 2389/3725 2390/3726 2391/3727
f 2323/3728 2391/3729 2392/3730 2393/3731
f 2323/3732 2393/3733 2394/3734 2389/3735
f 2394/3736 2329/3599 2328/3598 2389/3737
f 2394/3736 2393/3738 2387/3739 2335/3613
f 2394/3736 2335/3613 2334/3611 2329/3599
f 2393/3731 2392/3730 2395/3740 2387/3741
f 2395/3740 2392/3730 2396/3742 2397/3743
f 2395/3740 2397/3743 2398/3744 2399/3745
f 2395/3740 2399/3745 2388/3746 2387/3741
f 2399/3745 2398/3744 2400/3747 2401/3748
f 2399/3745 2401/3748 2402/3749 2388/3746
f 2402/3750 2403/3751 2322/3720 2388/3723
f 2402/3749 2401/3748 2404/3752 2405/3753
f 2402/3750 2405/3754 2406/3755 2403/3751
f 2406/3756 2355/3657 2354/3656 2403/3757
f 2406/3758 2405/3753 2407/3759 2408/3760
f 2406/3756 2408/3761 2409/3762 2355/3657
f 2409/3762 2410/3763 2352/3658 2355/3657
f 2409/3762 2408/3761 2382/3710 2411/3764
f 2409/3762 2411/3764 2343/3765 2410/3763
f 2411/3764 2382/3710 2381/3709 2412/3766
f 2411/3764 2412/3766 2338/3767 2343/3765
f 2412/3768 2381/3719 2386/3718 2413/3769
f 2412/3768 2413/3769 2339/3770 2338/3771
f 2413/3769 2386/3718 2414/3772 2415/3773
f 2413/3769 2415/3773 2416/3774 2339/3770
f 2416/3774 2415/3773 2417/3775 2418/3776
f 2416/3777 2418/3778 2419/3779 2420/3780
f 2416/3781 2420/3782 2340/3622 2339/3621
f 2420/3780 2419/3779 2421/3783 2422/3784
f 2420/3780 2422/3784 2341/3625 2340/3624
f 2422/3784 2421/3783 2423/3785 2424/3786
f 2422/3784 2424/3786 2425/3787 2341/3625
f 2425/3787 2426/3788 2342/3626 2341/3625
f 2425/3787 2424/3786 2427/3789 2428/3790
f 2425/3787 2428/3790 2353/3791 2426/3788
f 2428/3790 2427/3789 2429/3792 2348/3639
f 2428/3790 2348/3639 2347/3638 2353/3791
f 2429/3792 2427/3789 2430/3793 2431/3794
f 2429/3792 2431/3794 2432/3795 2433/3796
f 2429/3792 2433/3796 2344/3640 2348/3639
f 2433/3796 2432/3795 2434/3797 2435/3798
f 2433/3799 2435/3800 2345/3631 2344/3630
f 2435/3798 2434/3797 2436/3801 2437/3802
f 2435/3798 2437/3802 2356/3661 2345/3660
f 2437/3802 2436/3801 2438/3803 2439/3804
f 2437/3802 2439/3804 2440/3805 2356/3661
f 2440/3805 2439/3804 2441/3806 2442/3807
f 2440/3808 2442/3809 2351/3810 2350/3811
f 2440/3805 2350/3652 2316/3651 2356/3661
f 2442/3807 2441/3806 2443/3812 2444/3813
f 2442/3807 2444/3813 2330/3814 2351/3815
f 2444/3813 2443/3812 2445/3816 2446/3817
f 2444/3818 2446/3819 2331/3820 2330/3821
f 2446/3817 2445/3816 2447/3822 2448/3823
f 2446/3817 2448/3823 2332/3607 2331/3606
f 2448/3823 2447/3822 2449/3824 2450/3825
f 2448/3823 2450/3825 2325/3591 2332/3607
f 2450/3825 2449/3824 2451/3826 2452/3827
f 2450/3825 2452/3827 2326/3592 2325/3591
f 2452/3828 2451/3829 2453/3830 2454/3831
f 2452/3828 2454/3831 2327/3595 2326/3594
f 2454/3831 2453/3830 2455/3832 2456/3833
f 2454/3831 2456/3833 2390/3726 2327/3595
f 2456/3834 2455/3835 2457/3836 2458/3837
f 2456/3834 2458/3837 2391/3838 2390/3839
f 2458/3840 2457/3841 2459/3842 2396/3742
f 2458/3840 2396/3742 2392/3730 2391/3729
f 2459/3842 2457/3841 2460/3843 2461/3844
f 2459/3842 2461/3844 2462/3845 2463/3846
f 2459/3842 2463/3846 2397/3743 2396/3742
f 2463/3846 2462/3845 2464/3847 2465/3848
f 2463/3846 2465/3848 2398/3744 2397/3743
f 2465/3848 2464/3847 2466/3849 2467/3850
f 2465/3848 2467/3850 2400/3747 2398/3744
f 2467/3850 2466/3849 2468/3851 2469/3852
f 2467/3850 2469/3852 2470/3853 2400/3747
f 2470/3853 2404/3752 2401/3748 2400/3747
f 2470/3853 2469/3852 2471/3854 2472/3855
f 2470/3853 2472/3855 2473/3856 2404/3752
f 2473/3856 2407/3759 2405/3753 2404/3752
f 2473/3856 2472/3855 2474/3857 2384/3714
f 2473/3856 2384/3714 2383/3713 2407/3759
f 2474/3857 2472/3855 2471/3854 2475/3858
f 2474/3857 2475/3858 2476/3859 2477/3860
f 2474/3857 2477/3860 2385/3715 2384/3714
f 2477/3860 2476/3859 2478/3861 2414/3862
f 2477/3863 2414/3772 2386/3718 2385/3717
f 2478/3861 2476/3859 2479/3864 2480/3865
f 2478/3866 2480/3867 2481/3868 2417/3775
f 2478/3866 2417/3775 2415/3773 2414/3772
f 2481/3868 2480/3867 2482/3869 2483/3870
f 2481/3868 2483/3870 2364/3676 2484/3871
f 2481/3868 2484/3871 2418/3776 2417/3775
f 2484/3872 2364/3873 2363/3874 2485/3875
f 2484/3872 2485/3875 2419/3876 2418/3877
f 2485/3878 2363/3685 2368/3684 2486/3879
f 2485/3878 2486/3879 2421/3783 2419/3779
f 2486/3879 2368/3684 2487/3880 2488/3881
f 2486/3879 2488/3881 2423/3785 2421/3783
f 2488/3881 2487/3880 2489/3882 2490/3883
f 2488/3881 2490/3883 2430/3793 2423/3785
f 2490/3883 2489/3882 2491/3884 2492/3885
f 2490/3883 2492/3885 2431/3794 2430/3793
f 2492/3885 2491/3884 2493/3886 2494/3887
f 2492/3885 2494/3887 2432/3795 2431/3794
f 2494/3887 2493/3886 2495/3888 2496/3889
f 2494/3887 2496/3889 2434/3797 2432/3795
f 2496/3889 2495/3888 2497/3890 2498/3891
f 2496/3889 2498/3891 2436/3801 2434/3797
f 2498/3891 2497/3890 2499/3892 2500/3893
f 2498/3891 2500/3893 2438/3803 2436/3801
f 2500/3893 2499/3892 2501/3894 2502/3895
f 2500/3893 2502/3895 2503/3896 2438/3803
f 2503/3896 2502/3895 2504/3897 2505/3898
f 2503/3896 2505/3898 2443/3812 2441/3806
f 2503/3896 2441/3806 2439/3804 2438/3803
f 2505/3898 2504/3897 2506/3899 2507/3900
f 2505/3898 2507/3900 2445/3816 2443/3812
f 2507/3900 2506/3899 2508/3901 2509/3902
f 2507/3900 2509/3902 2447/3822 2445/3816
f 2509/3903 2508/3904 2510/3905 2511/3906
f 2509/3902 2511/3907 2449/3824 2447/3822
f 2511/3908 2510/3909 2370/3688 2512/3910
f 2511/3908 2512/3910 2451/3829 2449/3911
f 2512/3910 2370/3688 2369/3687 2513/3912
f 2512/3910 2513/3912 2453/3830 2451/3829
f 2513/3912 2369/3687 2374/3913 2514/3914
f 2513/3912 2514/3914 2455/3832 2453/3830
f 2514/3915 2374/3916 2515/3917 2460/3843
f 2514/3915 2460/3843 2457/3841 2455/3918
f 2515/3917 2374/3916 2373/3919 2516/3920
f 2515/3917 2516/3920 2517/3921 2518/3922
f 2515/3917 2518/3922 2461/3844 2460/3843
f 2518/3922 2517/3921 2519/3923 2520/3924
f 2518/3922 2520/3924 2462/3845 2461/3844
f 2520/3924 2519/3923 2521/3925 2522/3926
f 2520/3924 2522/3926 2464/3847 2462/3845
f 2522/3926 2521/3925 2523/3927 2524/3928
f 2522/3926 2524/3928 2466/3849 2464/3847
f 2524/3928 2523/3927 2525/3929 2526/3930
f 2524/3928 2526/3930 2468/3851 2466/3849
f 2526/3930 2525/3929 2527/3931 2528/3932
f 2526/3930 2528/3932 2529/3933 2468/3851
f 2529/3933 2471/3854 2469/3852 2468/3851
f 2529/3933 2528/3932 2530/3934 2531/3935
f 2529/3933 2531/3935 2475/3858 2471/3854
f 2531/3935 2530/3934 2532/3936 2479/3864
f 2531/3935 2479/3864 2476/3859 2475/3858
f 2532/3936 2530/3934 2533/3937 2380/3706
f 2532/3936 2380/3706 2377/3705 2482/3938
f 2532/3936 2482/3938 2480/3865 2479/3864
f 2533/3937 2530/3934 2528/3932 2527/3931
f 2533/3937 2527/3931 2534/3939 2535/3940
f 2533/3937 2535/3940 2378/3707 2380/3706
f 2535/3941 2534/3942 2536/3943 2537/3944
f 2535/3941 2537/3944 2379/3702 2378/3701
f 2537/3944 2536/3943 2538/3945 2539/3946
f 2537/3944 2539/3946 2540/3947 2379/3702
f 2540/3948 2539/3949 2541/3950 2542/3951
f 2540/3948 2542/3951 2367/3681 2366/3680
f 2540/3947 2366/3952 2375/3703 2379/3702
f 2542/3953 2541/3954 2489/3882 2487/3880
f 2542/3953 2487/3880 2368/3684 2367/3683
f 2543/3955 2491/3884 2489/3882 2541/3954
f 2541/3950 2539/3949 2538/3956 2543/3957
f 2543/3957 2538/3956 2544/3958 2545/3959
f 2543/3955 2545/3960 2493/3886 2491/3884
f 2545/3959 2544/3958 2546/3961 2547/3962
f 2545/3960 2547/3963 2495/3888 2493/3886
f 2547/3962 2546/3961 2548/3964 2549/3965
f 2547/3963 2549/3966 2497/3890 2495/3888
f 2549/3965 2548/3964 2550/3967 2551/3968
f 2549/3966 2551/3969 2499/3892 2497/3890
f 2551/3968 2550/3967 2552/3970 2553/3971
f 2551/3969 2553/3972 2501/3894 2499/3892
f 2553/3971 2552/3970 2358/3973 2357/3974
f 2553/3972 2357/3673 2362/3672 2501/3894
f 2552/3975 2554/3976 2555/3977 2358/3664
f 2552/3975 2550/3978 2556/3979 2554/3976
f 2556/3979 2557/3980 2558/3981 2554/3976
f 2556/3979 2550/3978 2548/3982 2559/3983
f 2556/3979 2559/3983 2560/3984 2557/3980
f 2560/3985 2521/3925 2519/3923 2557/3986
f 2560/3984 2559/3983 2561/3987 2562/3988
f 2560/3985 2562/3989 2523/3927 2521/3925
f 2562/3988 2561/3987 2563/3990 2564/3991
f 2562/3989 2564/3992 2525/3929 2523/3927
f 2564/3991 2563/3990 2536/3943 2534/3942
f 2564/3992 2534/3939 2527/3931 2525/3929
f 2563/3990 2561/3987 2546/3993 2544/3994
f 2563/3990 2544/3994 2538/3945 2536/3943
f 2561/3987 2559/3983 2548/3982 2546/3993
f 2558/3995 2517/3921 2516/3920 2565/3996
f 2558/3981 2565/3997 2555/3977 2554/3976
f 2558/3995 2557/3986 2519/3923 2517/3921
f 2565/3996 2516/3920 2373/3919 2372/3998
f 2565/3997 2372/3999 2566/4000 2555/3977
f 2566/4001 2372/3690 2371/3689 2567/4002
f 2566/4001 2567/4002 2360/3668 2359/3667
f 2566/4000 2359/3665 2358/3664 2555/3977
f 2567/4002 2371/3689 2370/3688 2510/3909
f 2567/4002 2510/3909 2508/4003 2360/3668
f 2508/3901 2506/3899 2361/3671 2360/4004
f 2506/3899 2504/3897 2362/3672 2361/3671
f 2504/3897 2502/3895 2501/3894 2362/3672
f 2483/3870 2482/3869 2377/4005 2376/4006
f 2483/3870 2376/4006 2365/3677 2364/3676
f 2430/3793 2427/3789 2424/3786 2423/3785
f 2426/4007 2410/4008 2343/4009 2342/4010
f 2426/4007 2353/3654 2352/3653 2410/4008
f 2408/4011 2407/4012 2383/4013 2382/4014
f 2403/3757 2354/3656 2336/3643 2322/4015
f 2390/3726 2389/3725 2328/3596 2327/3595
f 2376/3698 2375/3697 2366/3680 2365/3679
f 2354/3656 2315/3655 2349/3644 2336/3643
f 2351/3815 2330/3814 2311/4016 2337/4017
f 2334/3611 2333/3610 2324/3600 2329/3599
f 2333/3608 2332/3607 2325/3591 2324/3590
f 2316/3651 2349/3650 2315/4018 2346/3659
f 2568/4019 2569/4020 2570/4021 2571/4022
f 2568/4023 2571/4024 2572/4025 2573/4026
f 2568/4019 2573/4027 2574/4028 2569/4020
