# Blender 4.5.0
# www.blender.org
mtllib tripo_convert_9417ff90-a727-4a1b-ac49-c3e5c4d44c3d.mtl
o tripo_node_9417ff90-a727-4a1b-ac49-c3e5c4d44c3d
v 0.091405 0.654399 -0.124288
v 0.000928 0.695319 -0.214547
v 0.063524 0.694595 -0.143766
v 0.181844 0.566512 -0.227493
v 0.096498 0.523037 0.143288
v 0.071328 0.561112 0.164583
v 0.044540 0.447394 0.187191
v 0.069911 0.395529 0.174951
v 0.106888 0.379130 0.284646
v 0.094168 0.345196 0.245728
v 0.069528 0.450925 0.296455
v -0.083708 0.673248 0.200889
v -0.038434 0.669474 0.157262
v -0.051940 0.703330 0.171312
v -0.048235 0.636649 0.077762
v -0.171976 0.643228 0.185441
v -0.188850 0.659219 0.109638
v -0.150557 0.633617 0.231478
v -0.193459 0.517339 0.213767
v -0.043494 0.580125 0.181414
v -0.031651 0.354173 0.155910
v -0.061135 0.396447 0.222543
v -0.033598 0.418270 0.118066
v -0.242521 0.580604 0.075079
v -0.283143 0.534672 0.055267
v -0.231337 0.458431 -0.190357
v -0.205993 0.516718 -0.236240
v -0.156772 0.637150 -0.233732
v -0.177255 0.681928 -0.088402
v -0.171040 0.647116 -0.073116
v -0.113106 0.570624 -0.096313
v -0.098617 0.755260 -0.113761
v -0.116161 0.739209 -0.183613
v 0.089808 0.650487 -0.117001
v 0.105854 0.647004 -0.114117
v 0.117975 0.651396 -0.131609
v 0.089038 0.647366 -0.147353
v 0.076631 0.687316 -0.120511
v 0.074896 0.672634 -0.099723
v 0.023046 0.708730 -0.177099
v 0.068708 0.668836 -0.167614
v 0.064991 0.655516 -0.195432
v 0.070418 0.641006 -0.227925
v 0.004167 0.664544 -0.257554
v -0.060565 0.742356 -0.192594
v -0.040225 0.749545 -0.164442
v 0.022888 0.715549 -0.137479
v 0.022754 0.710933 -0.102591
v 0.176815 0.614426 -0.194958
v 0.214522 0.602033 -0.153728
v 0.238077 0.567977 -0.177531
v 0.246853 0.534766 -0.185844
v 0.208636 0.514900 -0.223664
v 0.116208 0.599350 -0.237061
v 0.121815 0.627559 -0.217131
v 0.139447 0.524952 -0.263825
v 0.090182 0.556999 -0.253495
v 0.173833 0.484846 -0.258071
v 0.103296 0.483221 -0.280744
v 0.114294 0.449150 -0.279054
v 0.048331 0.447418 -0.280509
v 0.057615 0.497139 -0.274094
v 0.088763 0.487473 0.185773
v 0.067139 0.501441 0.204835
v 0.064409 0.530487 0.179523
v 0.122380 0.467558 0.132242
v 0.099085 0.449482 0.172499
v 0.093576 0.572727 0.137054
v 0.054837 0.537048 0.201841
v 0.070751 0.575201 0.177508
v 0.095442 0.605334 0.139078
v 0.049901 0.432378 0.174819
v 0.032770 0.451224 0.158358
v 0.032955 0.467085 0.188375
v 0.069119 0.460518 0.202200
v 0.080247 0.432562 0.193246
v 0.055562 0.398886 0.150162
v 0.056270 0.414861 0.161268
v 0.084143 0.410998 0.181931
v 0.093380 0.397501 0.179737
v 0.072471 0.378324 0.180861
v 0.047099 0.378217 0.148766
v 0.110614 0.365505 0.276630
v 0.124370 0.394300 0.266456
v 0.112563 0.407746 0.279059
v 0.089965 0.377499 0.291579
v 0.090543 0.357960 0.283828
v 0.095038 0.427980 0.290015
v 0.094345 0.345920 0.258805
v 0.065714 0.341343 0.250944
v 0.076128 0.343196 0.233169
v 0.086732 0.352133 0.216786
v 0.105446 0.351448 0.238197
v 0.111439 0.353524 0.253868
v 0.130746 0.513078 0.273752
v 0.109452 0.533891 0.264061
v 0.061398 0.479010 0.285468
v 0.139425 0.481906 0.276638
v 0.000336 0.448704 0.283681
v 0.002513 0.421654 0.281264
v -0.100400 0.688210 0.190757
v -0.122808 0.656341 0.218962
v -0.095549 0.648807 0.223057
v -0.067693 0.639255 0.220035
v -0.063515 0.677689 0.192417
v -0.071621 0.704625 0.179822
v -0.041551 0.682942 0.111636
v -0.063247 0.705361 0.115564
v -0.051846 0.706664 0.151835
v -0.036147 0.624653 0.195868
v -0.031762 0.618278 0.182516
v -0.035150 0.650290 0.151041
v -0.047455 0.676502 0.181160
v -0.047551 0.630755 0.210619
v -0.038674 0.660820 0.114725
v -0.080619 0.711021 0.158822
v -0.043478 0.636520 0.114063
v -0.073659 0.604171 0.103279
v -0.075558 0.611077 0.068586
v -0.051491 0.657251 0.070196
v -0.089539 0.632558 0.049089
v -0.177159 0.658301 0.142879
v -0.215153 0.615108 0.154719
v -0.215444 0.582631 0.183492
v -0.146530 0.655930 0.208900
v -0.118506 0.694638 0.177361
v -0.136509 0.693414 0.159699
v -0.155658 0.688294 0.129710
v -0.174638 0.677665 0.092578
v -0.190958 0.639663 0.077452
v -0.205668 0.629635 0.102156
v -0.135942 0.628997 0.243112
v -0.170322 0.615130 0.226114
v -0.158679 0.591185 0.242206
v -0.247837 0.474627 0.177274
v -0.237064 0.453887 0.181557
v -0.183902 0.507868 0.223595
v -0.209043 0.552364 0.205517
v -0.251390 0.493019 0.169681
v -0.140153 0.576553 0.245645
v -0.041671 0.606279 0.167286
v -0.036068 0.583605 0.199797
v -0.072773 0.557278 0.182525
v -0.074628 0.575453 0.164623
v -0.078869 0.553047 0.202304
v -0.024463 0.360967 0.140307
v -0.006037 0.351233 0.148445
v -0.023078 0.345441 0.167726
v -0.040568 0.350764 0.181139
v -0.044832 0.361465 0.160377
v -0.040985 0.373138 0.141814
v -0.047825 0.404112 0.252096
v -0.047057 0.428077 0.249266
v -0.061715 0.409585 0.209942
v -0.062326 0.379938 0.208519
v -0.047143 0.376337 0.247023
v -0.062473 0.392965 0.185865
v -0.017697 0.416213 0.111814
v -0.025252 0.396894 0.116568
v -0.041401 0.408346 0.124358
v -0.049165 0.431762 0.139973
v -0.034776 0.440061 0.129342
v -0.013479 0.442703 0.123305
v -0.214729 0.611964 0.053113
v -0.255760 0.545340 0.132980
v -0.239727 0.612836 0.002952
v -0.254406 0.583633 0.005976
v -0.301692 0.500927 0.071060
v -0.282899 0.537453 -0.000382
v -0.299791 0.492608 -0.012494
v -0.157454 0.465572 -0.246832
v -0.159956 0.433484 -0.227659
v -0.225198 0.421913 -0.175252
v -0.279560 0.412527 -0.100347
v -0.283462 0.438733 -0.102453
v -0.286268 0.462594 -0.096699
v -0.251472 0.486118 -0.169098
v -0.215471 0.543591 -0.226575
v -0.145902 0.577058 -0.262168
v -0.146537 0.534074 -0.266849
v -0.168755 0.638201 -0.200733
v -0.145400 0.664303 -0.190905
v -0.131883 0.671600 -0.215801
v -0.077692 0.652689 -0.261747
v -0.074077 0.630788 -0.283884
v -0.150967 0.604902 -0.252306
v -0.079630 0.682871 -0.235336
v -0.184721 0.668837 -0.090876
v -0.170157 0.662815 -0.070001
v -0.163440 0.679212 -0.075185
v -0.173169 0.694366 -0.100174
v -0.182637 0.681184 -0.111732
v -0.154401 0.696641 -0.084504
v -0.157856 0.628644 -0.076708
v -0.148156 0.650736 -0.061101
v -0.177393 0.651702 -0.094619
v -0.122595 0.569234 -0.096095
v -0.122199 0.524325 -0.118207
v -0.088719 0.531595 -0.116264
v -0.088301 0.584590 -0.086151
v -0.125998 0.603012 -0.077863
v -0.136905 0.595027 -0.090701
v -0.076967 0.756767 -0.116888
v -0.084067 0.757065 -0.144172
v -0.109204 0.754767 -0.128903
v -0.109178 0.746731 -0.095729
v -0.079843 0.742160 -0.087753
v -0.129228 0.746255 -0.111204
v -0.135487 0.733413 -0.173171
v -0.123938 0.748636 -0.150545
v -0.100403 0.751510 -0.167531
v -0.104620 0.725374 -0.205249
v -0.135665 0.709996 -0.194892
v -0.149057 0.693373 -0.174632
v -0.152741 0.720412 -0.155788
v -0.164432 0.674012 -0.143448
v -0.169069 0.699407 -0.132961
v -0.161026 0.714514 -0.114279
v -0.145103 0.738102 -0.133618
v -0.145646 0.722476 -0.093148
v -0.129457 0.696727 -0.068588
v -0.122305 0.724308 -0.075857
v -0.095613 0.693234 -0.053649
v -0.087648 0.720584 -0.064938
v -0.045034 0.683920 -0.049247
v -0.038472 0.708247 -0.064146
v -0.033752 0.729203 -0.090391
v 0.020542 0.690803 -0.079984
v -0.031770 0.746392 -0.126224
v 0.017714 0.669181 -0.066134
v 0.068661 0.652361 -0.091303
v 0.009465 0.644903 -0.067100
v 0.062685 0.629707 -0.089459
v 0.082410 0.624306 -0.106094
v 0.086358 0.640875 -0.108766
v 0.099807 0.620747 -0.106145
v 0.101813 0.637063 -0.107311
v 0.110200 0.618454 -0.087373
v 0.115823 0.640926 -0.084765
v 0.132550 0.654362 -0.090979
v 0.135414 0.636471 -0.046530
v 0.161040 0.651995 -0.050831
v 0.193093 0.653360 -0.064105
v 0.155727 0.655939 -0.105301
v 0.225116 0.641424 -0.084555
v 0.185113 0.644090 -0.128777
v 0.149545 0.642649 -0.161310
v 0.108416 0.644284 -0.183262
v 0.256167 0.606513 -0.105005
v 0.252809 0.635839 -0.020542
v 0.282802 0.606709 -0.029480
v 0.303609 0.579254 -0.032072
v 0.279510 0.572866 -0.116496
v 0.313399 0.555401 -0.034155
v 0.287676 0.546779 -0.123684
v 0.312634 0.525775 -0.033420
v 0.281227 0.512541 -0.127022
v 0.252754 0.486767 -0.185171
v 0.314796 0.554580 0.061081
v 0.309237 0.515288 0.057920
v 0.299977 0.470123 0.049125
v 0.303863 0.481784 -0.033150
v 0.267638 0.463550 -0.131420
v 0.287711 0.436470 0.041784
v 0.285556 0.446325 -0.031621
v 0.252491 0.432301 -0.114869
v 0.192343 0.396936 -0.192670
v 0.206591 0.425748 -0.209109
v 0.259078 0.425243 -0.029941
v 0.232744 0.411595 -0.101081
v 0.178699 0.388076 -0.177325
v 0.110653 0.386764 -0.222890
v 0.118799 0.392643 -0.237775
v 0.212470 0.400438 -0.090716
v 0.164592 0.385873 -0.162688
v 0.101828 0.386154 -0.205772
v 0.046224 0.397965 -0.223276
v 0.047518 0.398599 -0.239658
v 0.151005 0.390037 -0.149221
v 0.093431 0.391767 -0.189653
v 0.046206 0.403299 -0.209407
v 0.005947 0.412557 -0.212492
v 0.003836 0.408628 -0.225704
v 0.085833 0.402986 -0.176906
v 0.045975 0.414698 -0.197350
v 0.008812 0.421333 -0.199540
v -0.032266 0.418371 -0.189684
v -0.035078 0.406975 -0.206157
v 0.046972 0.430574 -0.190007
v 0.012482 0.436029 -0.187671
v -0.030364 0.437016 -0.175485
v -0.081077 0.431859 -0.158535
v -0.080019 0.414134 -0.173305
v 0.018715 0.466514 -0.178407
v -0.031220 0.470590 -0.160554
v -0.086417 0.465012 -0.142645
v -0.128533 0.462242 -0.133387
v -0.122491 0.427174 -0.140201
v -0.026662 0.521944 -0.130767
v 0.030289 0.517515 -0.156288
v 0.042151 0.566090 -0.121247
v -0.018975 0.574004 -0.102185
v 0.054162 0.603561 -0.095597
v -0.002014 0.617717 -0.080396
v -0.071475 0.623945 -0.063093
v -0.116843 0.636152 -0.058119
v -0.053809 0.656850 -0.052478
v -0.102735 0.667300 -0.055456
v -0.137605 0.673835 -0.064456
v 0.069996 0.565503 -0.132486
v 0.077318 0.601402 -0.110314
v 0.091846 0.558099 -0.129841
v 0.096505 0.597520 -0.109844
v 0.103976 0.551440 -0.110912
v 0.106158 0.593387 -0.093157
v 0.115516 0.550245 -0.069508
v 0.112734 0.588056 -0.055375
v 0.118998 0.613842 -0.049164
v 0.127078 0.583313 0.004892
v 0.131400 0.612065 0.005583
v 0.151710 0.631931 0.001140
v 0.142098 0.612637 0.042716
v 0.157133 0.633172 0.045521
v 0.182960 0.646896 0.050729
v 0.180994 0.647866 -0.002677
v 0.220210 0.647922 0.057868
v 0.217497 0.649360 -0.010392
v 0.257676 0.636430 0.060490
v 0.195198 0.646710 0.120319
v 0.234344 0.633565 0.136663
v 0.259928 0.611428 0.145921
v 0.284867 0.610405 0.061743
v 0.279758 0.579630 0.151480
v 0.305989 0.582733 0.061400
v 0.292259 0.538646 0.153922
v 0.232771 0.587596 0.215438
v 0.246535 0.542048 0.227006
v 0.251616 0.495432 0.222714
v 0.293631 0.492085 0.142855
v 0.254983 0.459483 0.215754
v 0.291719 0.451363 0.129903
v 0.245643 0.430904 0.204297
v 0.282411 0.424321 0.122067
v 0.228605 0.408283 0.187068
v 0.262321 0.408691 0.113994
v 0.268140 0.416895 0.038076
v 0.234442 0.401991 0.104483
v 0.242252 0.407190 0.035086
v 0.232032 0.417231 -0.025538
v 0.216853 0.400989 0.031621
v 0.210049 0.413923 -0.022099
v 0.191879 0.397475 -0.083325
v 0.192852 0.418096 -0.019558
v 0.172532 0.404643 -0.079481
v 0.138183 0.400782 -0.138784
v 0.159364 0.421642 -0.078249
v 0.129137 0.418532 -0.132989
v 0.081602 0.420445 -0.169513
v 0.122950 0.444007 -0.131570
v 0.080626 0.450561 -0.165949
v 0.047974 0.459856 -0.184025
v 0.084972 0.501417 -0.158474
v 0.058709 0.512925 -0.169610
v 0.112853 0.494653 -0.130432
v 0.152767 0.447175 -0.079600
v 0.135466 0.501499 -0.082306
v 0.166350 0.452445 -0.016053
v 0.147295 0.502302 -0.009842
v 0.127405 0.546577 -0.001628
v 0.158987 0.494222 0.039031
v 0.135818 0.544654 0.042855
v 0.137579 0.583347 0.041739
v 0.126250 0.542608 0.079335
v 0.119840 0.586507 0.075384
v 0.122507 0.616741 0.078547
v 0.106236 0.627973 0.145059
v 0.135179 0.639974 0.087502
v 0.128255 0.641744 0.155543
v 0.159731 0.648875 0.103059
v 0.161799 0.642880 0.171388
v 0.088101 0.609937 0.201254
v 0.109947 0.617739 0.214443
v 0.133370 0.613421 0.227801
v 0.194885 0.631105 0.192425
v 0.153572 0.602912 0.235723
v 0.219051 0.614273 0.208082
v 0.173567 0.581604 0.242991
v 0.091946 0.544140 0.254253
v 0.199847 0.546472 0.259068
v 0.211281 0.498387 0.268608
v 0.146887 0.450258 0.268452
v 0.206708 0.465693 0.260615
v 0.148892 0.427686 0.251885
v 0.201036 0.434268 0.244749
v 0.145302 0.410045 0.233552
v 0.186916 0.413080 0.218978
v 0.138212 0.397620 0.217159
v 0.169021 0.403082 0.194764
v 0.205028 0.397520 0.163986
v 0.150975 0.396462 0.177542
v 0.179784 0.392101 0.143892
v 0.205585 0.398695 0.092049
v 0.155704 0.394645 0.130197
v 0.181622 0.401917 0.079926
v 0.192707 0.405888 0.027088
v 0.164327 0.415807 0.071656
v 0.178227 0.423853 0.025456
v 0.177513 0.430119 -0.017532
v 0.168225 0.446791 0.027638
v 0.156545 0.438276 0.069471
v 0.151910 0.482187 0.075510
v 0.127336 0.431820 0.121998
v 0.135294 0.408415 0.121371
v 0.114093 0.405883 0.158340
v 0.105588 0.424052 0.162330
v 0.132301 0.396149 0.164681
v 0.111886 0.389470 0.188329
v 0.127390 0.390680 0.202075
v 0.114271 0.369203 0.222979
v 0.095398 0.370704 0.204868
v 0.060173 0.355175 0.190615
v 0.045157 0.343725 0.206346
v 0.016119 0.344608 0.170956
v 0.032691 0.359216 0.156166
v 0.008527 0.365471 0.133061
v 0.022184 0.385012 0.122902
v -0.013984 0.373545 0.125119
v -0.003195 0.390890 0.113816
v 0.006249 0.414544 0.110898
v 0.033049 0.407932 0.122185
v 0.010762 0.439472 0.124242
v 0.036590 0.431026 0.134874
v 0.009583 0.461811 0.153545
v 0.016455 0.481779 0.191902
v -0.011585 0.466655 0.154337
v -0.000560 0.488197 0.198564
v 0.019622 0.494498 0.221137
v 0.032015 0.488942 0.212337
v -0.031320 0.464641 0.160670
v -0.017280 0.488082 0.207556
v 0.008426 0.496338 0.235143
v 0.041666 0.512467 0.241048
v 0.045462 0.509681 0.229398
v -0.031890 0.480040 0.217952
v 0.001513 0.493793 0.249764
v 0.042213 0.512646 0.254715
v 0.070975 0.553452 0.241167
v 0.061385 0.551329 0.231612
v -0.000272 0.484569 0.262933
v 0.045720 0.505917 0.265664
v 0.079880 0.551211 0.246937
v 0.052476 0.494558 0.274961
v -0.000577 0.469099 0.276665
v -0.042615 0.468103 0.229129
v -0.048772 0.449832 0.241267
v -0.055269 0.443200 0.183057
v -0.059977 0.427412 0.196960
v -0.056568 0.420601 0.153485
v -0.059649 0.407666 0.168792
v -0.048928 0.399836 0.136436
v -0.054284 0.389165 0.151372
v -0.057543 0.375935 0.169682
v -0.055233 0.362740 0.194383
v -0.038255 0.355306 0.231510
v -0.022964 0.343590 0.212805
v 0.012012 0.344644 0.249234
v 0.001442 0.357894 0.268858
v -0.004251 0.338962 0.192203
v 0.027513 0.340751 0.226911
v 0.058603 0.344201 0.269716
v 0.092280 0.348927 0.271414
v 0.055143 0.356641 0.288123
v 0.056989 0.388863 0.293298
v -0.001007 0.383513 0.280591
v 0.112701 0.358048 0.266406
v 0.128836 0.383661 0.252670
v 0.125482 0.374199 0.238409
v -0.033529 0.384047 0.126914
v -0.046466 0.456195 0.170607
v 0.076652 0.593106 0.189705
v 0.054850 0.544479 0.217581
v 0.054062 0.506315 0.218747
v 0.047261 0.479547 0.207995
v -0.154057 0.425040 -0.111575
v -0.156599 0.406488 -0.111332
v -0.121612 0.408411 -0.147314
v -0.155101 0.464721 -0.115756
v -0.161375 0.468869 -0.085684
v -0.167388 0.429981 -0.078008
v -0.141006 0.523417 -0.104810
v -0.145161 0.522565 -0.080162
v -0.144548 0.523607 -0.043693
v -0.161135 0.473583 -0.035442
v -0.133266 0.561365 -0.090950
v -0.136124 0.556515 -0.075350
v -0.133849 0.555235 -0.044223
v -0.140590 0.558410 0.005048
v -0.143059 0.533974 0.012942
v -0.149037 0.581263 -0.074773
v -0.147200 0.581773 -0.046394
v -0.150288 0.579912 -0.001996
v -0.143240 0.587551 0.027611
v -0.133532 0.569480 0.035756
v -0.163861 0.605516 -0.049566
v -0.164996 0.600451 -0.005013
v -0.158110 0.602047 0.026397
v -0.140380 0.622991 0.038812
v -0.125592 0.605261 0.043323
v -0.187007 0.616062 -0.004500
v -0.176527 0.612497 0.029453
v -0.157039 0.634270 0.043609
v -0.121532 0.673296 0.052939
v -0.102563 0.656268 0.042572
v -0.195828 0.615610 0.039211
v -0.176754 0.641096 0.056791
v -0.147232 0.679738 0.072482
v -0.118536 0.701304 0.101860
v -0.086581 0.696637 0.079494
v -0.063306 0.676431 0.069778
v -0.095378 0.709269 0.132011
v -0.213912 0.618957 -0.001874
v -0.186992 0.620158 -0.051730
v -0.212233 0.617438 -0.056801
v -0.234210 0.603707 -0.059776
v -0.195112 0.611258 -0.102641
v -0.217871 0.596244 -0.121137
v -0.239540 0.576537 -0.132831
v -0.252683 0.581965 -0.062015
v -0.254068 0.551886 -0.139734
v -0.273994 0.549345 -0.069981
v -0.259348 0.518683 -0.150132
v -0.282599 0.500183 -0.085646
v -0.309966 0.468042 -0.015323
v -0.309923 0.478667 0.079107
v -0.303264 0.446989 -0.014519
v -0.308194 0.454921 0.085973
v -0.256395 0.519667 0.154145
v -0.292546 0.426293 -0.012776
v -0.300324 0.435570 0.089273
v -0.281041 0.411193 -0.011088
v -0.286229 0.415023 0.089402
v -0.266634 0.402632 -0.009243
v -0.266104 0.403413 0.086434
v -0.223275 0.439256 0.179116
v -0.169606 0.497800 0.232362
v -0.245194 0.403916 0.080927
v -0.208941 0.431826 0.173020
v -0.155021 0.489934 0.221762
v -0.101351 0.557850 0.231062
v -0.117112 0.565750 0.242192
v -0.191950 0.430740 0.160886
v -0.145580 0.489422 0.209209
v -0.088102 0.554730 0.217592
v -0.042735 0.590411 0.217352
v -0.056957 0.600319 0.234265
v -0.130997 0.491899 0.193968
v -0.177939 0.440298 0.148877
v -0.167706 0.454200 0.134948
v -0.120936 0.497374 0.173744
v -0.155508 0.476543 0.114218
v -0.116767 0.514081 0.149367
v -0.141805 0.512573 0.082879
v -0.117655 0.545531 0.117631
v -0.080533 0.596892 0.140322
v -0.047779 0.628618 0.147126
v -0.113110 0.571431 0.077331
v -0.133402 0.550888 0.050214
v -0.116195 0.586641 0.056149
v -0.156204 0.487352 0.032079
v -0.166364 0.450465 0.049565
v -0.169339 0.436379 -0.023590
v -0.180376 0.428706 0.059387
v -0.180828 0.415619 -0.015720
v -0.175042 0.410064 -0.074491
v -0.197820 0.402254 -0.011082
v -0.189506 0.397545 -0.075513
v -0.165795 0.395572 -0.118305
v -0.208123 0.391283 -0.079218
v -0.179401 0.390836 -0.129834
v -0.134982 0.390546 -0.171703
v -0.126792 0.395384 -0.157773
v -0.085122 0.396536 -0.206362
v -0.082000 0.401688 -0.189733
v -0.037776 0.401106 -0.223426
v -0.090060 0.397245 -0.224124
v -0.039990 0.400019 -0.240835
v 0.002461 0.408944 -0.239299
v -0.042206 0.406361 -0.258405
v 0.001884 0.415100 -0.252221
v 0.049267 0.404870 -0.254475
v 0.001957 0.425768 -0.261848
v 0.049604 0.414743 -0.265705
v 0.126172 0.408233 -0.249656
v 0.049387 0.427546 -0.273977
v 0.125611 0.424250 -0.262072
v 0.191586 0.446914 -0.230681
v 0.002492 0.441125 -0.268025
v 0.004617 0.464362 -0.270820
v -0.039428 0.470944 -0.284432
v -0.013804 0.529839 -0.287954
v 0.024751 0.512976 -0.266995
v -0.044558 0.439463 -0.280754
v -0.101562 0.434893 -0.269447
v -0.097945 0.469999 -0.285665
v -0.044012 0.418683 -0.271326
v -0.099492 0.415441 -0.254169
v -0.156429 0.410616 -0.214056
v -0.095331 0.403352 -0.240440
v -0.150572 0.396832 -0.201069
v -0.204097 0.394587 -0.157083
v -0.215789 0.405371 -0.167609
v -0.142698 0.391160 -0.185967
v -0.192635 0.390118 -0.143105
v -0.230032 0.388476 -0.085136
v -0.250162 0.389796 -0.090556
v -0.266616 0.396643 -0.096354
v -0.245854 0.399461 -0.010221
v -0.221777 0.397102 -0.009795
v -0.221763 0.408639 0.072877
v -0.199732 0.415105 0.065980
v -0.077914 0.539864 -0.293255
v -0.070437 0.597404 -0.293162
v 0.005241 0.596889 -0.279967
v 0.007115 0.635919 -0.278933
v 0.067399 0.618861 -0.246523
v 0.053985 0.576801 -0.254602
v -0.081438 0.609969 0.244507
v -0.112798 0.620489 0.246663
v -0.217328 0.579212 -0.197928
v -0.219217 0.563777 -0.213579
v -0.210357 0.591550 -0.180324
v -0.195663 0.604568 -0.154239
v -0.169812 0.628579 -0.163671
v -0.180185 0.613051 -0.116504
v -0.168254 0.622969 -0.121324
v -0.166306 0.639708 -0.118684
v -0.157444 0.650453 -0.153645
v -0.174452 0.660463 -0.115016
v -0.168404 0.633753 -0.096705
v -0.167207 0.623148 -0.100397
v -0.172125 0.617537 -0.098417
v -0.179247 0.617116 -0.087977
v -0.165425 0.606641 -0.079719
v -0.163462 0.610034 -0.091192
v -0.160100 0.617008 -0.091500
v -0.145385 0.584975 -0.089120
v 0.223469 0.472076 -0.203360
v 0.226212 0.452014 -0.194406
v 0.250234 0.468070 -0.172076
v 0.131763 0.930097 -0.002194
v 0.202616 0.791413 0.054301
v 0.230996 0.818635 0.049653
v 0.078099 0.878611 0.034107
v 0.122783 0.969648 0.114333
v 0.130325 0.831138 0.052660
v 0.062287 0.906165 0.093855
v 0.037740 0.865089 0.160084
v 0.071053 0.813594 0.200800
v 0.016357 0.845185 0.196518
v 0.104780 0.916554 -0.015805
v 0.080751 0.964278 0.017196
v 0.122429 0.957869 0.020491
v 0.187250 0.909737 0.036190
v 0.187596 0.894724 0.016390
v 0.214315 0.795049 0.045654
v 0.231565 0.792873 0.077147
v 0.211234 0.788724 0.078489
v 0.185164 0.807625 0.049662
v 0.195026 0.816967 0.035823
v 0.182444 0.801381 0.071213
v 0.246574 0.826268 0.073566
v 0.242514 0.805462 0.073756
v 0.223541 0.804853 0.043956
v 0.220442 0.837541 0.047399
v 0.231653 0.851869 0.070715
v 0.208171 0.826002 0.035233
v 0.073859 0.874269 0.017252
v 0.104223 0.854935 0.054834
v 0.085421 0.892327 0.064390
v 0.058708 0.903775 0.050621
v 0.045344 0.918318 0.037220
v 0.089716 0.973886 0.129115
v 0.118286 0.939243 0.174783
v 0.154855 0.939912 0.144868
v 0.178087 0.927298 0.083695
v 0.121124 0.971789 0.071865
v 0.074227 0.978497 0.076128
v 0.147339 0.840171 0.026723
v 0.184985 0.807227 0.119622
v 0.135138 0.822000 0.098722
v 0.108007 0.836516 0.086812
v 0.039968 0.920447 0.095797
v 0.095481 0.869251 0.087847
v 0.077157 0.898853 0.115534
v 0.058585 0.916405 0.135634
v 0.026957 0.874933 0.171179
v 0.051360 0.893215 0.161586
v 0.058732 0.871206 0.150805
v 0.034874 0.850247 0.162699
v 0.017510 0.856523 0.174849
v 0.063371 0.849879 0.148492
v 0.102166 0.811976 0.193678
v 0.111830 0.812013 0.220613
v 0.064178 0.815289 0.218357
v 0.049331 0.824036 0.186377
v 0.082655 0.822804 0.168828
v 0.035279 0.828348 0.199747
v 0.029459 0.839133 0.210841
v 0.031159 0.856530 0.215172
v 0.015839 0.860130 0.194191
v 0.020646 0.838483 0.183917
v 0.037739 0.835382 0.171188
v 0.069545 0.833944 0.155575
v 0.086287 0.855238 0.123800
v 0.095652 0.837506 0.126785
v 0.115645 0.827807 0.137681
v 0.152840 0.820531 0.166854
v 0.215665 0.796808 0.131722
v 0.176822 0.814261 0.192215
v 0.236274 0.803854 0.138085
v 0.192730 0.825455 0.204180
v 0.117650 0.825397 0.240309
v 0.202973 0.845780 0.208338
v 0.121849 0.846032 0.247144
v 0.062184 0.848662 0.241548
v 0.059253 0.826496 0.235590
v 0.123535 0.871150 0.242520
v 0.067791 0.874856 0.238904
v 0.037906 0.879167 0.214975
v 0.081425 0.903746 0.218479
v 0.058087 0.904477 0.201167
v 0.049815 0.904019 0.181467
v 0.025032 0.881023 0.191237
v 0.074475 0.927195 0.173331
v 0.066755 0.917382 0.163805
v 0.066825 0.904971 0.152460
v 0.051371 0.933401 0.146364
v 0.079884 0.882520 0.133562
v 0.053834 0.951671 0.148638
v 0.030140 0.958156 0.086984
v 0.029288 0.937561 0.092188
v 0.046661 0.935277 0.024448
v 0.046689 0.972022 0.081650
v 0.058078 0.951307 0.016208
v 0.089595 0.900200 -0.020313
v 0.074426 0.881426 -0.011266
v 0.160931 0.853091 0.012399
v 0.175337 0.870186 0.007172
v 0.066902 0.967110 0.141031
v 0.091442 0.935333 0.179333
v 0.125554 0.896304 0.221142
v 0.205833 0.868928 0.205186
v 0.191137 0.888974 0.183837
v 0.247151 0.846020 0.132911
v 0.225036 0.867102 0.117607
v 0.250263 0.824661 0.139469
v 0.018491 0.036411 0.017144
v 0.017692 0.275093 0.025293
v 0.019802 0.310507 0.017981
v 0.040450 0.299886 0.022794
v 0.047888 0.316137 0.027624
v 0.017154 0.315488 0.026258
v 0.025150 0.309202 0.005519
v 0.091079 0.344588 0.060223
v 0.085909 0.344793 0.054178
v 0.061925 0.329144 0.052699
v 0.134949 0.365789 0.069603
v 0.135019 0.713282 0.073856
v 0.126331 0.716961 0.070574
v 0.139617 0.713422 0.064787
v 0.130330 0.717749 0.059764
v 0.071546 0.789593 0.082009
v 0.072329 0.794817 0.064844
v 0.065214 0.794420 0.071911
v -0.077738 0.343873 0.041601
v 0.002358 0.037563 0.026768
v -0.007884 0.272640 0.028723
v -0.010141 0.305261 0.030090
v -0.013455 0.316637 0.022212
v -0.001604 0.359314 -0.000078
v -0.012844 0.338731 -0.003048
v -0.004083 0.317292 -0.013336
v 0.004571 0.345602 -0.005110
v 0.012195 0.281930 0.001964
v 0.002231 0.037554 -0.001204
v -0.017962 0.311753 0.012664
v 0.042187 0.309425 0.015533
v 0.003090 0.017668 -0.008575
v 0.025001 0.015739 0.013519
v 0.000832 0.017952 0.034619
v 0.025541 0.308787 0.033803
v 0.019448 0.350127 0.015042
v 0.010652 0.351627 0.030905
v 0.055164 0.327063 0.041736
v 0.014070 0.318510 0.003720
v 0.085505 0.340058 0.045794
v 0.067852 0.366367 0.054142
v 0.081471 0.367363 0.059515
v 0.066774 0.307822 0.042646
v 0.097114 0.326019 0.056569
v 0.079572 0.362929 0.070459
v 0.064312 0.361218 0.069281
v 0.113325 0.347386 0.053303
v 0.114999 0.355349 0.070218
v 0.116874 0.339803 0.064070
v 0.124987 0.679959 0.066730
v 0.129729 0.680846 0.055709
v 0.114504 0.683856 0.063119
v 0.119253 0.684955 0.051141
v 0.061629 0.751599 0.071928
v 0.073885 0.751778 0.062827
v 0.080138 0.789876 0.075075
v 0.054329 0.756742 0.061337
v 0.063776 0.757005 0.052284
v -0.064461 0.332901 0.040836
v -0.051897 0.333151 0.029455
v -0.062836 0.316986 0.029147
v -0.066399 0.334798 0.022566
v -0.012953 0.037110 0.011770
v -0.019897 0.019653 0.013447
v -0.008883 0.281584 0.002145
v -0.012261 0.215642 0.005061
v -0.006150 0.215452 0.028834
v 0.017116 0.215617 0.023122
v -0.011906 0.355137 0.017164
v -0.007219 0.355460 -0.031521
v -0.015170 0.358436 -0.014564
v -0.006778 0.414980 0.020566
v 0.005888 0.405989 0.003026
v 0.000749 0.340076 -0.020044
v 0.020695 0.411819 0.015393
v -0.025941 0.295709 0.025177
v 0.033613 0.479489 0.022954
v 0.023289 0.481169 0.037810
v 0.010081 0.413009 0.031510
v 0.020756 0.484549 0.012216
v 0.044123 0.550267 0.018186
v 0.057116 0.545119 0.028989
v 0.009191 0.486579 0.026892
v 0.033442 0.553137 0.031154
v 0.039416 0.617127 0.033314
v 0.051418 0.619583 0.021060
v 0.046008 0.548297 0.042271
v 0.051670 0.617656 0.045128
v 0.047956 0.685722 0.054475
v 0.036106 0.688795 0.043364
v 0.063211 0.619957 0.033468
v 0.058658 0.687158 0.043640
v 0.048934 0.690330 0.032153
v -0.003226 0.144842 0.029176
v 0.018647 0.144996 0.019699
v 0.008811 0.145224 -0.002475
v 0.011369 0.215830 -0.000085
v -0.013845 0.144988 0.007113
v 0.005952 0.074257 -0.003690
v -0.014552 0.074257 0.009433
v -0.000328 0.074047 0.029738
v -0.022353 0.028190 0.011589
v 0.001610 0.027275 0.036875
v 0.026524 0.026265 0.014115
v 0.019988 0.074185 0.015730
v 0.004349 0.026532 -0.010779
v 0.036070 0.006400 0.014989
v 0.002699 0.008646 -0.020454
v -0.033301 0.010581 0.013236
v 0.002646 0.002543 -0.018545
v -0.031450 0.004267 0.013152
v -0.000198 0.003057 0.044654
v 0.000099 0.008984 0.046348
v 0.034170 0.000000 0.014539
v 0.111881 0.615105 0.046604
v 0.099783 0.618277 0.042004
v 0.095855 0.619286 0.054840
v 0.082766 0.550163 0.052649
v 0.080071 0.554832 0.065460
v 0.092730 0.553200 0.068852
v 0.107114 0.616236 0.058897
v 0.095474 0.548783 0.056540
v 0.082180 0.490235 0.092695
v 0.085040 0.485144 0.079399
v 0.071334 0.485955 0.076653
v 0.078708 0.422899 0.082177
v 0.065952 0.423687 0.079273
v 0.061883 0.419354 0.093264
v 0.068997 0.490792 0.089248
v 0.076823 0.418562 0.095066
v -0.036883 0.845163 0.169665
v -0.047176 0.862772 0.134927
v -0.026198 0.871374 0.169151
v -0.069667 0.888459 0.061400
v -0.070981 0.927044 -0.045844
v -0.042005 0.918935 -0.012691
v -0.035755 0.943107 0.024722
v -0.112214 0.875687 -0.031628
v -0.150501 0.878988 -0.066152
v -0.142346 0.857680 -0.065071
v -0.031289 0.852036 0.178380
v -0.061529 0.846018 0.187437
v -0.059068 0.838753 0.169284
v -0.052280 0.843897 0.149766
v -0.030478 0.850468 0.157254
v -0.022302 0.859545 0.161840
v -0.089137 0.849062 0.125377
v -0.059021 0.881140 0.107089
v -0.040749 0.899167 0.104267
v -0.034766 0.869536 0.141458
v -0.033979 0.867857 0.183340
v -0.033450 0.892405 0.162134
v -0.045164 0.899099 0.178499
v -0.030355 0.881637 0.149328
v -0.109002 0.846668 0.091048
v -0.129993 0.844460 0.020405
v -0.096320 0.877554 0.002359
v -0.045842 0.912017 0.039973
v -0.065993 0.989932 0.059862
v -0.041320 0.982004 0.038394
v -0.069026 0.988496 -0.006577
v -0.093935 0.993305 0.034807
v -0.057283 0.894817 -0.011912
v -0.052682 0.921050 -0.035294
v -0.069907 0.893834 -0.038448
v -0.086618 0.912156 -0.051566
v -0.085183 0.955998 -0.039882
v -0.054668 0.959959 -0.021540
v -0.109028 0.938442 -0.042202
v -0.139875 0.846432 -0.024968
v -0.151051 0.844637 -0.049456
v -0.130130 0.860348 -0.056696
v -0.130271 0.877485 -0.059957
v -0.117023 0.892351 -0.045698
v -0.185218 0.902493 -0.016426
v -0.202384 0.887826 -0.023960
v -0.204506 0.892098 0.049065
v -0.174413 0.918593 0.011291
v -0.167029 0.836295 -0.009747
v -0.186810 0.839878 -0.020943
v -0.142650 0.887837 -0.057493
v -0.143600 0.867772 -0.070650
v -0.169080 0.880036 -0.057081
v -0.162996 0.894251 -0.045264
v -0.169109 0.863737 -0.061732
v -0.162579 0.851236 -0.059056
v -0.200261 0.850774 -0.027277
v -0.206729 0.869313 -0.030597
v -0.210977 0.857571 0.045497
v -0.213465 0.875981 0.049760
v -0.192118 0.857615 0.133336
v -0.187630 0.884250 0.133174
v -0.181071 0.926300 0.099942
v -0.165251 0.950899 0.018824
v -0.137387 0.907806 0.183414
v -0.152454 0.958900 0.123570
v -0.137361 0.982479 0.025412
v -0.107307 0.981511 -0.024780
v -0.136425 0.950009 -0.032478
v -0.100855 0.964769 0.131278
v -0.075957 0.903999 0.191550
v -0.069836 0.958824 0.128807
v -0.046608 0.943506 0.117760
v -0.034138 0.919848 0.105967
v -0.130838 0.869368 0.192839
v -0.064223 0.866627 0.196115
v -0.123587 0.847769 0.180672
v -0.179764 0.840106 0.126352
v -0.153201 0.833725 0.113415
v -0.112820 0.837122 0.154663
v -0.196568 0.841149 0.037593
v -0.168032 0.833922 0.031265
v -0.129030 0.906161 -0.040309
v -0.146658 0.914523 -0.028662
v -0.068185 0.751340 0.025529
v -0.077695 0.748525 0.026975
v -0.103494 0.364586 -0.038460
v -0.099810 0.363115 -0.035323
v -0.100167 0.363197 -0.044459
v -0.097210 0.357236 -0.040321
v -0.068001 0.749794 0.016761
v -0.078445 0.747319 0.017371
v -0.063279 0.733614 0.027924
v -0.063380 0.733692 0.015776
v -0.075114 0.731163 0.028076
v -0.075550 0.731188 0.015538
v -0.103475 0.382965 -0.036077
v -0.098253 0.383656 -0.043919
v -0.096382 0.381531 -0.031072
v -0.090578 0.382140 -0.038607
v -0.083329 0.438052 -0.029806
v -0.089653 0.436429 -0.019616
v -0.093413 0.440480 -0.035967
v -0.089154 0.502232 -0.021710
v -0.075886 0.499638 -0.016399
v -0.099427 0.438710 -0.025287
v -0.095155 0.499478 -0.008608
v -0.085333 0.561921 0.007020
v -0.080627 0.563579 -0.009108
v -0.081936 0.496955 -0.003632
v -0.070524 0.557371 0.010246
v -0.053732 0.617781 0.021477
v -0.069002 0.621067 0.018850
v -0.066446 0.559064 -0.004348
v -0.050842 0.620260 0.005731
v -0.052559 0.684404 0.014478
v -0.053312 0.683773 0.028523
v -0.066873 0.623709 0.003632
v -0.066614 0.682537 0.012670
v -0.067669 0.681712 0.027278
vt 0.117190 0.464612
vt 0.122286 0.463042
vt 0.124883 0.474186
vt 0.112905 0.483627
vt 0.929651 0.900974
vt 0.946346 0.904221
vt 0.939125 0.925456
vt 0.933544 0.925411
vt 0.930724 0.940484
vt 0.918668 0.931846
vt 0.858544 0.877762
vt 0.883547 0.874738
vt 0.899763 0.914808
vt 0.882580 0.924664
vt 0.862965 0.940153
vt 0.834274 0.902402
vt 0.861780 0.821369
vt 0.881304 0.822303
vt 0.911539 0.895098
vt 0.909713 0.864444
vt 0.934541 0.860856
vt 0.428235 0.356430
vt 0.391168 0.351554
vt 0.393299 0.311930
vt 0.418716 0.304008
vt 0.442529 0.298668
vt 0.462683 0.333830
vt 0.409570 0.401980
vt 0.387228 0.393803
vt 0.463658 0.391150
vt 0.442471 0.419190
vt 0.489429 0.364573
vt 0.506180 0.010300
vt 0.529478 0.003687
vt 0.521500 0.047079
vt 0.493601 0.042240
vt 0.491200 0.646893
vt 0.521552 0.628467
vt 0.535819 0.645084
vt 0.517982 0.663648
vt 0.482360 0.604164
vt 0.511650 0.602352
vt 0.095698 0.546074
vt 0.065018 0.548668
vt 0.073694 0.525683
vt 0.095698 0.512619
vt 0.507253 0.678975
vt 0.534184 0.670946
vt 0.516529 0.687169
vt 0.287708 0.231325
vt 0.274133 0.231801
vt 0.274133 0.201946
vt 0.293474 0.208802
vt 0.535908 0.431072
vt 0.532630 0.444220
vt 0.514515 0.432526
vt 0.529805 0.416240
vt 0.523393 0.936169
vt 0.514812 0.915412
vt 0.535621 0.913188
vt 0.534846 0.938431
vt 0.562080 0.927497
vt 0.559926 0.945944
vt 0.548176 0.940642
vt 0.551597 0.916010
vt 0.574187 0.923951
vt 0.574187 0.951891
vt 0.561768 0.911812
vt 0.335441 0.745752
vt 0.325391 0.751284
vt 0.325745 0.727502
vt 0.340259 0.725197
vt 0.720521 0.107929
vt 0.725558 0.119378
vt 0.711558 0.124572
vt 0.709303 0.109411
vt 0.735659 0.096299
vt 0.755362 0.101976
vt 0.354016 0.898841
vt 0.347866 0.892018
vt 0.367305 0.883221
vt 0.369642 0.897153
vt 0.844575 0.098008
vt 0.842205 0.083111
vt 0.856925 0.080039
vt 0.854674 0.099661
vt 0.851307 0.111151
vt 0.839525 0.105383
vt 0.812369 0.502736
vt 0.796687 0.560691
vt 0.774755 0.556545
vt 0.791306 0.508393
vt 0.777960 0.112198
vt 0.774163 0.058009
vt 0.795356 0.055035
vt 0.795356 0.109846
vt 0.792589 0.158373
vt 0.774601 0.164537
vt 0.416038 0.930647
vt 0.427617 0.917612
vt 0.444155 0.947622
vt 0.425069 0.953947
vt 0.404487 0.958374
vt 0.401268 0.924693
vt 0.407558 0.903874
vt 0.930725 0.435318
vt 0.928084 0.401481
vt 0.949991 0.396858
vt 0.954005 0.422121
vt 0.836060 0.157370
vt 0.827000 0.120647
vt 0.837987 0.120700
vt 0.846394 0.147417
vt 0.943938 0.448811
vt 0.928199 0.478489
vt 0.916519 0.471184
vt 0.918242 0.435685
vt 0.916519 0.408678
vt 0.956979 0.435885
vt 0.672000 0.885858
vt 0.679709 0.897379
vt 0.659956 0.904179
vt 0.656987 0.888326
vt 0.392658 0.901163
vt 0.388547 0.920705
vt 0.750697 0.706067
vt 0.730925 0.722497
vt 0.718707 0.693061
vt 0.740671 0.680735
vt 0.053574 0.176771
vt 0.067110 0.172339
vt 0.074432 0.196628
vt 0.056866 0.198457
vt 0.912551 0.469200
vt 0.914446 0.495576
vt 0.892928 0.499331
vt 0.898149 0.464379
vt 0.671395 0.048877
vt 0.692583 0.073088
vt 0.653591 0.087755
vt 0.625607 0.075530
vt 0.677924 0.023422
vt 0.718122 0.024516
vt 0.718243 0.042244
vt 0.719932 0.067761
vt 0.899627 0.067333
vt 0.908037 0.053061
vt 0.919767 0.082093
vt 0.904951 0.091424
vt 0.700853 0.096515
vt 0.681900 0.111259
vt 0.720924 0.097795
vt 0.656693 0.015112
vt 0.654319 0.002854
vt 0.681468 0.007542
vt 0.642483 0.028703
vt 0.626874 0.017420
vt 0.584822 0.056544
vt 0.557545 0.105106
vt 0.547422 0.100405
vt 0.578887 0.048018
vt 0.602986 0.063921
vt 0.569464 0.108795
vt 0.438455 0.121622
vt 0.431095 0.120582
vt 0.445760 0.062413
vt 0.461255 0.064801
vt 0.671642 0.731876
vt 0.689748 0.735064
vt 0.687590 0.749633
vt 0.664008 0.743861
vt 0.656324 0.710281
vt 0.672859 0.707750
vt 0.642161 0.713466
vt 0.976517 0.284425
vt 0.976077 0.272323
vt 0.991005 0.271936
vt 0.985986 0.289220
vt 0.110627 0.936266
vt 0.114837 0.947513
vt 0.101361 0.951995
vt 0.100473 0.935155
vt 0.966388 0.288712
vt 0.961678 0.274794
vt 0.080951 0.111693
vt 0.091097 0.090934
vt 0.104512 0.097114
vt 0.087901 0.122467
vt 0.057145 0.963524
vt 0.069574 0.958593
vt 0.065496 0.986751
vt 0.049199 0.982685
vt 0.053899 0.951893
vt 0.069606 0.940583
vt 0.942774 0.243459
vt 0.951767 0.235150
vt 0.957152 0.248217
vt 0.943719 0.253361
vt 0.521552 0.529440
vt 0.525017 0.537446
vt 0.505255 0.543226
vt 0.504287 0.530054
vt 0.504486 0.514260
vt 0.524761 0.517761
vt 0.652841 0.147731
vt 0.699888 0.117521
vt 0.685645 0.144427
vt 0.609987 0.125209
vt 0.695773 0.183012
vt 0.674149 0.190947
vt 0.622066 0.181442
vt 0.592553 0.184457
vt 0.642170 0.211970
vt 0.616107 0.231035
vt 0.506505 0.256036
vt 0.493893 0.192247
vt 0.519692 0.199134
vt 0.534924 0.256162
vt 0.557292 0.311823
vt 0.539712 0.313676
vt 0.000711 0.590927
vt 0.064364 0.601820
vt 0.067975 0.616942
vt 0.015483 0.615562
vt 0.681386 0.304534
vt 0.700011 0.311545
vt 0.672149 0.363920
vt 0.653001 0.344284
vt 0.458873 0.226845
vt 0.446126 0.179299
vt 0.493236 0.274740
vt 0.443854 0.235462
vt 0.713468 0.385567
vt 0.733821 0.380477
vt 0.740798 0.405403
vt 0.727110 0.415331
vt 0.678772 0.435504
vt 0.658208 0.427029
vt 0.689720 0.373824
vt 0.704096 0.448740
vt 0.979181 0.862110
vt 0.986278 0.869962
vt 0.969968 0.878294
vt 0.966528 0.865753
vt 0.981043 0.849702
vt 0.993722 0.854437
vt 0.963938 0.850480
vt 0.277084 0.825128
vt 0.263045 0.816984
vt 0.280751 0.809296
vt 0.288352 0.823505
vt 0.693972 0.612391
vt 0.684975 0.611780
vt 0.680121 0.594985
vt 0.693310 0.596253
vt 0.217042 0.788615
vt 0.216673 0.795439
vt 0.181544 0.797338
vt 0.185016 0.773226
vt 0.243599 0.796288
vt 0.236124 0.803932
vt 0.227252 0.770566
vt 0.130430 0.972089
vt 0.123059 0.958307
vt 0.141706 0.950846
vt 0.143599 0.971780
vt 0.124793 0.986029
vt 0.108002 0.972722
vt 0.142139 0.991005
vt 0.178435 0.953154
vt 0.180763 0.968827
vt 0.162426 0.971281
vt 0.162176 0.950523
vt 0.763969 0.455231
vt 0.744103 0.454767
vt 0.753720 0.431013
vt 0.773370 0.442258
vt 0.771076 0.470002
vt 0.741597 0.487236
vt 0.761432 0.416849
vt 0.782495 0.427463
vt 0.773963 0.400730
vt 0.790708 0.409803
vt 0.995258 0.808725
vt 0.994974 0.832970
vt 0.978966 0.830338
vt 0.977188 0.806160
vt 0.797482 0.440322
vt 0.786232 0.456208
vt 0.959609 0.830941
vt 0.956911 0.807058
vt 0.161953 0.990898
vt 0.944246 0.851164
vt 0.939639 0.831579
vt 0.939639 0.808454
vt 0.761330 0.865968
vt 0.760860 0.885048
vt 0.737557 0.888927
vt 0.737289 0.868065
vt 0.735571 0.845188
vt 0.756250 0.843214
vt 0.701295 0.888927
vt 0.701250 0.868274
vt 0.701395 0.844626
vt 0.656898 0.862452
vt 0.658710 0.841219
vt 0.936216 0.823247
vt 0.908740 0.821369
vt 0.702321 0.819104
vt 0.735588 0.823922
vt 0.109710 0.928776
vt 0.135117 0.917384
vt 0.654908 0.880665
vt 0.615874 0.871456
vt 0.615449 0.855923
vt 0.616542 0.838500
vt 0.263480 0.654306
vt 0.282973 0.690383
vt 0.266728 0.697959
vt 0.248795 0.660298
vt 0.346639 0.332674
vt 0.342004 0.348766
vt 0.325846 0.343515
vt 0.328542 0.331529
vt 0.325846 0.322702
vt 0.346538 0.316444
vt 0.251069 0.641743
vt 0.240578 0.645895
vt 0.237176 0.633853
vt 0.247914 0.631170
vt 0.131850 0.237215
vt 0.131596 0.248499
vt 0.122601 0.248814
vt 0.122499 0.237215
vt 0.881030 0.704083
vt 0.891280 0.705690
vt 0.890514 0.721045
vt 0.875713 0.722393
vt 0.860429 0.722360
vt 0.872900 0.700089
vt 0.874681 0.753165
vt 0.854762 0.756896
vt 0.142378 0.492635
vt 0.171960 0.511315
vt 0.163673 0.534633
vt 0.133029 0.509693
vt 0.150157 0.557609
vt 0.117266 0.530910
vt 0.092816 0.506757
vt 0.075728 0.478403
vt 0.100623 0.463462
vt 0.514163 0.589484
vt 0.527488 0.566534
vt 0.565566 0.579872
vt 0.544539 0.610340
vt 0.069589 0.526125
vt 0.051949 0.488425
vt 0.895679 0.948472
vt 0.042541 0.452884
vt 0.065607 0.448480
vt 0.544170 0.534911
vt 0.578857 0.545774
vt 0.555133 0.489072
vt 0.585355 0.492385
vt 0.609906 0.491419
vt 0.608580 0.550466
vt 0.596557 0.593214
vt 0.627353 0.490489
vt 0.626855 0.552924
vt 0.406284 0.256200
vt 0.425000 0.251523
vt 0.407510 0.202000
vt 0.428262 0.199024
vt 0.449737 0.252988
vt 0.475850 0.289886
vt 0.396570 0.717897
vt 0.396780 0.697032
vt 0.457586 0.695092
vt 0.456035 0.723425
vt 0.451810 0.756473
vt 0.398062 0.749838
vt 0.163962 0.502945
vt 0.164817 0.477747
vt 0.238948 0.467560
vt 0.233911 0.496758
vt 0.110559 0.456243
vt 0.117633 0.435435
vt 0.167425 0.451510
vt 0.230853 0.442342
vt 0.296825 0.408458
vt 0.305006 0.432053
vt 0.172340 0.427866
vt 0.226021 0.420223
vt 0.289744 0.394745
vt 0.337050 0.367373
vt 0.345113 0.376815
vt 0.223854 0.402915
vt 0.283425 0.384051
vt 0.047183 0.070472
vt 0.057439 0.080050
vt 0.029829 0.126168
vt 0.017773 0.120447
vt 0.021595 0.166224
vt 0.010314 0.165840
vt 0.067924 0.089236
vt 0.042211 0.131555
vt 0.032084 0.165723
vt 0.032879 0.194399
vt 0.023152 0.196380
vt 0.053163 0.136431
vt 0.042333 0.165376
vt 0.043205 0.191843
vt 0.050958 0.220791
vt 0.037758 0.223452
vt 0.087371 0.708121
vt 0.081235 0.682444
vt 0.093492 0.680944
vt 0.099612 0.705051
vt 0.105201 0.735901
vt 0.089694 0.737894
vt 0.108038 0.773013
vt 0.092873 0.772814
vt 0.121905 0.698869
vt 0.131163 0.734795
vt 0.134163 0.775158
vt 0.136551 0.805619
vt 0.110963 0.803585
vt 0.171983 0.729311
vt 0.160507 0.688056
vt 0.200117 0.677882
vt 0.212860 0.721501
vt 0.230227 0.667939
vt 0.246137 0.707399
vt 0.257837 0.756946
vt 0.269702 0.788382
vt 0.281415 0.742570
vt 0.290639 0.776244
vt 0.295171 0.799958
vt 0.299996 0.734534
vt 0.308246 0.769387
vt 0.309423 0.792295
vt 0.163045 0.035347
vt 0.163045 0.016530
vt 0.175134 0.017774
vt 0.178636 0.036153
vt 0.950064 0.867160
vt 0.195835 0.657658
vt 0.224419 0.650970
vt 0.190127 0.642889
vt 0.220804 0.637712
vt 0.311198 0.695404
vt 0.296945 0.674723
vt 0.310043 0.665493
vt 0.322782 0.688707
vt 0.905423 0.704428
vt 0.905763 0.718395
vt 0.339186 0.659242
vt 0.349477 0.682148
vt 0.910547 0.744956
vt 0.894022 0.748495
vt 0.914446 0.788167
vt 0.896382 0.787326
vt 0.876170 0.788938
vt 0.896029 0.814204
vt 0.878470 0.818748
vt 0.208441 0.501918
vt 0.240240 0.504211
vt 0.244998 0.522973
vt 0.206917 0.523561
vt 0.854566 0.794063
vt 0.251426 0.549226
vt 0.202749 0.549845
vt 0.254533 0.575251
vt 0.196670 0.574714
vt 0.294974 0.529130
vt 0.307895 0.555776
vt 0.550831 0.431913
vt 0.535581 0.377943
vt 0.558612 0.369121
vt 0.577303 0.428351
vt 0.584392 0.361974
vt 0.601942 0.425774
vt 0.611888 0.356142
vt 0.621086 0.423176
vt 0.523699 0.706757
vt 0.527218 0.679594
vt 0.582966 0.678203
vt 0.584790 0.708189
vt 0.579033 0.740382
vt 0.514720 0.739534
vt 0.572414 0.765366
vt 0.505712 0.768663
vt 0.567014 0.786850
vt 0.502679 0.788976
vt 0.449795 0.781776
vt 0.065044 0.413323
vt 0.019471 0.383724
vt 0.034619 0.367373
vt 0.075022 0.397151
vt 0.124466 0.416925
vt 0.088130 0.381473
vt 0.132647 0.399730
vt 0.175919 0.409618
vt 0.141116 0.384514
vt 0.179005 0.396318
vt 0.155268 0.027168
vt 0.157860 0.042737
vt 0.113368 0.057870
vt 0.108030 0.043426
vt 0.160908 0.054856
vt 0.117889 0.071448
vt 0.077379 0.097913
vt 0.288615 0.564187
vt 0.329851 0.551186
vt 0.331182 0.566466
vt 0.293076 0.578125
vt 0.078734 0.621273
vt 0.092506 0.626657
vt 0.088909 0.658255
vt 0.075273 0.656172
vt 0.110465 0.629225
vt 0.110175 0.656905
vt 0.114580 0.678382
vt 0.146052 0.650463
vt 0.153041 0.667614
vt 0.104204 0.458579
vt 0.075793 0.467856
vt 0.075793 0.431065
vt 0.101285 0.431349
vt 0.276542 0.645055
vt 0.295665 0.629134
vt 0.294365 0.595486
vt 0.330511 0.584084
vt 0.329299 0.622903
vt 0.375388 0.580322
vt 0.380562 0.617075
vt 0.387166 0.650874
vt 0.414994 0.606596
vt 0.418592 0.645416
vt 0.417891 0.667282
vt 0.391958 0.672301
vt 0.444848 0.647409
vt 0.442388 0.675714
vt 0.023953 0.586947
vt 0.023953 0.562325
vt 0.042073 0.554742
vt 0.041971 0.581494
vt 0.914446 0.814852
vt 0.444676 0.692190
vt 0.487034 0.677193
vt 0.488543 0.695404
vt 0.034856 0.517097
vt 0.052811 0.514183
vt 0.061672 0.551287
vt 0.060041 0.582628
vt 0.269398 0.487382
vt 0.309224 0.464198
vt 0.317601 0.480065
vt 0.281434 0.504650
vt 0.330095 0.503373
vt 0.348415 0.448480
vt 0.358658 0.463864
vt 0.368968 0.479833
vt 0.346152 0.525602
vt 0.735709 0.653457
vt 0.731659 0.601559
vt 0.747251 0.608110
vt 0.758401 0.658189
vt 0.514163 0.338479
vt 0.533209 0.325671
vt 0.768236 0.612208
vt 0.779813 0.657341
vt 0.553268 0.317784
vt 0.759784 0.552136
vt 0.801459 0.613692
vt 0.812369 0.650623
vt 0.794372 0.000619
vt 0.763291 0.006411
vt 0.619820 0.710033
vt 0.620973 0.742135
vt 0.750647 0.062077
vt 0.742421 0.018660
vt 0.616217 0.765837
vt 0.732492 0.067312
vt 0.720967 0.031391
vt 0.606772 0.788976
vt 0.346303 0.040083
vt 0.351956 0.077035
vt 0.336457 0.080373
vt 0.325431 0.051199
vt 0.301099 0.022625
vt 0.316193 0.009701
vt 0.323290 0.086087
vt 0.307625 0.064843
vt 0.284147 0.040284
vt 0.242674 0.021277
vt 0.249407 0.001046
vt 0.295227 0.078329
vt 0.270208 0.058978
vt 0.234517 0.042268
vt 0.192670 0.036232
vt 0.195220 0.017973
vt 0.261982 0.076553
vt 0.227487 0.059701
vt 0.191181 0.053527
vt 0.405160 0.541515
vt 0.443103 0.542678
vt 0.437777 0.558025
vt 0.404493 0.557953
vt 0.373921 0.562762
vt 0.371980 0.549510
vt 0.406429 0.575381
vt 0.436535 0.574358
vt 0.441139 0.601743
vt 0.474783 0.581498
vt 0.474013 0.564603
vt 0.500959 0.571065
vt 0.504120 0.585063
vt 0.061672 0.044799
vt 0.059937 0.057684
vt 0.038946 0.053091
vt 0.039249 0.041961
vt 0.948941 0.684771
vt 0.932190 0.672689
vt 0.940413 0.657551
vt 0.957448 0.667741
vt 0.479645 0.548039
vt 0.504901 0.557806
vt 0.061672 0.072305
vt 0.040579 0.067229
vt 0.302887 0.105869
vt 0.286917 0.092055
vt 0.312068 0.094361
vt 0.894682 0.081017
vt 0.895267 0.095362
vt 0.872164 0.097865
vt 0.873347 0.080117
vt 0.878191 0.058370
vt 0.894943 0.069687
vt 0.859287 0.054833
vt 0.842082 0.055271
vt 0.846397 0.023604
vt 0.865191 0.024844
vt 0.882059 0.029918
vt 0.850464 0.002851
vt 0.868594 0.002851
vt 0.886569 0.006174
vt 0.988389 0.235876
vt 0.991005 0.253761
vt 0.974699 0.256620
vt 0.971512 0.240381
vt 0.569060 0.976865
vt 0.563873 0.995258
vt 0.547725 0.990442
vt 0.553420 0.970335
vt 0.529738 0.981814
vt 0.536709 0.962581
vt 0.512627 0.970023
vt 0.521209 0.954759
vt 0.505177 0.450724
vt 0.529393 0.459350
vt 0.505177 0.418653
vt 0.525785 0.400919
vt 0.480158 0.504051
vt 0.505138 0.499055
vt 0.477751 0.517453
vt 0.390340 0.751482
vt 0.376260 0.756229
vt 0.373137 0.723514
vt 0.385895 0.723764
vt 0.381034 0.703219
vt 0.391298 0.706048
vt 0.361453 0.757076
vt 0.359729 0.721783
vt 0.370092 0.696704
vt 0.932190 0.586885
vt 0.957970 0.589899
vt 0.958232 0.597906
vt 0.936817 0.598334
vt 0.347057 0.718756
vt 0.361670 0.688786
vt 0.388181 0.674726
vt 0.391298 0.683966
vt 0.191599 0.088964
vt 0.227118 0.098808
vt 0.221599 0.106806
vt 0.191320 0.097907
vt 0.162635 0.097997
vt 0.156724 0.088140
vt 0.189493 0.079795
vt 0.229966 0.092595
vt 0.288543 0.104395
vt 0.280186 0.119262
vt 0.749301 0.549288
vt 0.765385 0.512381
vt 0.776654 0.510460
vt 0.758097 0.481555
vt 0.770101 0.473057
vt 0.783196 0.466378
vt 0.148091 0.076398
vt 0.128452 0.116686
vt 0.115609 0.106796
vt 0.137371 0.067794
vt 0.109307 0.144736
vt 0.098474 0.133838
vt 0.096556 0.159917
vt 0.088018 0.148274
vt 0.049199 0.939165
vt 0.068192 0.926204
vt 0.067261 0.913464
vt 0.086173 0.909094
vt 0.085175 0.920645
vt 0.085280 0.935369
vt 0.101480 0.920767
vt 0.085532 0.955086
vt 0.084553 0.983638
vt 0.102142 0.977061
vt 0.431993 0.861128
vt 0.396493 0.858454
vt 0.391719 0.841613
vt 0.430339 0.842736
vt 0.455097 0.868467
vt 0.452445 0.884342
vt 0.431894 0.881239
vt 0.398819 0.877860
vt 0.362222 0.869739
vt 0.430061 0.901191
vt 0.398432 0.896507
vt 0.342878 0.884102
vt 0.337134 0.875695
vt 0.354285 0.856976
vt 0.721231 0.148087
vt 0.741945 0.137800
vt 0.751603 0.177508
vt 0.732453 0.183232
vt 0.771075 0.202873
vt 0.752475 0.210259
vt 0.733642 0.210535
vt 0.333213 0.895184
vt 0.328832 0.887949
vt 0.340119 0.901687
vt 0.316424 0.752823
vt 0.313094 0.729541
vt 0.307801 0.752766
vt 0.302297 0.732619
vt 0.872133 0.111906
vt 0.896098 0.109355
vt 0.897433 0.123344
vt 0.871650 0.122665
vt 0.306756 0.704337
vt 0.322595 0.697153
vt 0.451482 0.901687
vt 0.947731 0.277566
vt 0.944542 0.264894
vt 0.959496 0.261160
vt 0.525275 0.546510
vt 0.506463 0.552921
vt 0.120496 0.153221
vt 0.106107 0.169066
vt 0.348526 0.754501
vt 0.478376 0.545729
vt 0.477011 0.532213
vt 0.139942 0.123703
vt 0.265955 0.131367
vt 0.251583 0.138309
vt 0.214935 0.116105
vt 0.191609 0.104049
vt 0.239182 0.144187
vt 0.210963 0.124898
vt 0.545422 0.674958
vt 0.546132 0.653001
vt 0.553984 0.658271
vt 0.960901 0.607403
vt 0.965177 0.620663
vt 0.944490 0.620403
vt 0.940645 0.609172
vt 0.969738 0.642991
vt 0.947489 0.638447
vt 0.499878 0.925376
vt 0.508740 0.942018
vt 0.497268 0.949880
vt 0.492201 0.932286
vt 0.284405 0.166978
vt 0.267144 0.169066
vt 0.301980 0.157712
vt 0.525275 0.502081
vt 0.965219 0.225471
vt 0.340259 0.687812
vt 0.831584 0.847638
vt 0.836912 0.819760
vt 0.850242 0.819715
vt 0.844686 0.853373
vt 0.096686 0.803982
vt 0.807729 0.839759
vt 0.809280 0.820252
vt 0.806903 0.798801
vt 0.834865 0.793886
vt 0.143370 0.825128
vt 0.184750 0.811391
vt 0.766209 0.814687
vt 0.767112 0.797606
vt 0.765957 0.774270
vt 0.803092 0.766312
vt 0.738477 0.806308
vt 0.742100 0.795633
vt 0.742405 0.776348
vt 0.740590 0.742445
vt 0.757961 0.737776
vt 0.242435 0.941126
vt 0.238100 0.962815
vt 0.218857 0.960515
vt 0.221793 0.940678
vt 0.225110 0.909100
vt 0.241766 0.905623
vt 0.226661 0.888760
vt 0.241555 0.884427
vt 0.201073 0.940665
vt 0.207028 0.909252
vt 0.211929 0.887766
vt 0.878842 0.550794
vt 0.876510 0.529494
vt 0.893123 0.529083
vt 0.892987 0.550115
vt 0.188584 0.906287
vt 0.198131 0.883494
vt 0.969738 0.091297
vt 0.956925 0.094560
vt 0.952126 0.072360
vt 0.965232 0.070577
vt 0.951227 0.034179
vt 0.969738 0.034855
vt 0.942908 0.101194
vt 0.935174 0.076904
vt 0.928803 0.041073
vt 0.921061 0.012718
vt 0.946999 0.002217
vt 0.652541 0.982498
vt 0.628314 0.981116
vt 0.625631 0.951250
vt 0.659031 0.953197
vt 0.947754 0.372037
vt 0.924867 0.372474
vt 0.968102 0.002344
vt 0.686631 0.954381
vt 0.661460 0.925975
vt 0.686898 0.923526
vt 0.625631 0.925758
vt 0.629591 0.908200
vt 0.882720 0.461399
vt 0.896162 0.434127
vt 0.910342 0.441365
vt 0.873220 0.497084
vt 0.929262 0.110584
vt 0.553497 0.802674
vt 0.560275 0.788975
vt 0.584555 0.795908
vt 0.582940 0.814949
vt 0.579814 0.833635
vt 0.543811 0.816430
vt 0.618187 0.795208
vt 0.622082 0.813229
vt 0.624531 0.829435
vt 0.654622 0.800827
vt 0.668151 0.817479
vt 0.295600 0.281273
vt 0.295600 0.319430
vt 0.273921 0.323246
vt 0.275355 0.282621
vt 0.712972 0.216539
vt 0.696248 0.228200
vt 0.720361 0.262518
vt 0.704646 0.275397
vt 0.674480 0.245493
vt 0.797482 0.286810
vt 0.758236 0.296685
vt 0.741870 0.278628
vt 0.773395 0.259628
vt 0.649479 0.263443
vt 0.074987 0.637467
vt 0.028375 0.637986
vt 0.630873 0.275397
vt 0.600308 0.239760
vt 0.574995 0.186036
vt 0.126101 0.630752
vt 0.127056 0.615742
vt 0.198530 0.623514
vt 0.193141 0.637986
vt 0.559780 0.184141
vt 0.588277 0.116599
vt 0.128626 0.599303
vt 0.201213 0.609045
vt 0.549954 0.181084
vt 0.130025 0.585801
vt 0.201590 0.591288
vt 0.265827 0.594798
vt 0.262448 0.611257
vt 0.131360 0.574921
vt 0.199498 0.576231
vt 0.252417 0.392361
vt 0.247737 0.378244
vt 0.316376 0.344319
vt 0.320973 0.353913
vt 0.409993 0.178636
vt 0.420881 0.117554
vt 0.424242 0.178084
vt 0.243285 0.363535
vt 0.310425 0.334389
vt 0.398163 0.175688
vt 0.407860 0.115121
vt 0.414767 0.053551
vt 0.428492 0.056507
vt 0.351956 0.293811
vt 0.301256 0.322706
vt 0.342852 0.287512
vt 0.824684 0.001687
vt 0.834587 0.006447
vt 0.823087 0.059270
vt 0.810953 0.055063
vt 0.404100 0.049709
vt 0.398163 0.009208
vt 0.413169 0.009847
vt 0.846394 0.014917
vt 0.834941 0.063869
vt 0.837130 0.093769
vt 0.822953 0.092491
vt 0.613233 0.665040
vt 0.600495 0.662552
vt 0.596555 0.602465
vt 0.609935 0.607976
vt 0.625207 0.612045
vt 0.628957 0.664123
vt 0.647897 0.617001
vt 0.649937 0.661820
vt 0.682020 0.622674
vt 0.679479 0.658362
vt 0.693388 0.701593
vt 0.708201 0.730660
vt 0.713028 0.652822
vt 0.716609 0.625735
vt 0.731699 0.625555
vt 0.730081 0.647514
vt 0.909878 0.528473
vt 0.908582 0.550794
vt 0.744499 0.715907
vt 0.772133 0.694158
vt 0.792162 0.723693
vt 0.731623 0.724291
vt 0.798868 0.671550
vt 0.819168 0.711114
vt 0.830120 0.757967
vt 0.836146 0.701584
vt 0.846088 0.750409
vt 0.849785 0.790251
vt 0.727026 0.514609
vt 0.694259 0.535842
vt 0.683049 0.524816
vt 0.719902 0.502974
vt 0.748690 0.498323
vt 0.750697 0.509023
vt 0.101213 0.313711
vt 0.131988 0.329150
vt 0.129027 0.342589
vt 0.092915 0.323827
vt 0.062341 0.293597
vt 0.072506 0.287255
vt 0.859154 0.821937
vt 0.854588 0.859154
vt 0.037614 0.259192
vt 0.049875 0.256365
vt 0.063247 0.254287
vt 0.081731 0.283092
vt 0.024920 0.226004
vt 0.025606 0.263291
vt 0.012764 0.228170
vt 0.013840 0.197808
vt 0.581601 0.205505
vt 0.586947 0.232883
vt 0.573969 0.236055
vt 0.571529 0.206698
vt 0.552578 0.088528
vt 0.544582 0.085497
vt 0.556457 0.053549
vt 0.564820 0.058617
vt 0.534881 0.082863
vt 0.546784 0.050327
vt 0.565901 0.003764
vt 0.578440 0.011864
vt 0.001036 0.165027
vt 0.008162 0.115085
vt 0.536136 0.048223
vt 0.551891 0.000784
vt 0.351617 0.389921
vt 0.360462 0.399293
vt 0.323689 0.438081
vt 0.534845 0.387885
vt 0.519859 0.403839
vt 0.512060 0.339368
vt 0.523391 0.080788
vt 0.508239 0.078484
vt 0.513766 0.466176
vt 0.512905 0.497954
vt 0.470672 0.490623
vt 0.478195 0.458054
vt 0.713060 0.246688
vt 0.718308 0.211192
vt 0.742060 0.212963
vt 0.744317 0.246688
vt 0.529869 0.463853
vt 0.534845 0.496164
vt 0.514287 0.108693
vt 0.513272 0.149489
vt 0.486658 0.142612
vt 0.494088 0.104107
vt 0.530336 0.110937
vt 0.530531 0.152238
vt 0.538752 0.200503
vt 0.542355 0.113196
vt 0.542964 0.153144
vt 0.552235 0.200102
vt 0.560506 0.247096
vt 0.548915 0.252030
vt 0.043593 0.305612
vt 0.015506 0.267527
vt 0.052835 0.299559
vt 0.084065 0.333698
vt 0.075527 0.342280
vt 0.125222 0.358412
vt 0.122385 0.372912
vt 0.073523 0.559770
vt 0.069433 0.570447
vt 0.578440 0.295035
vt 0.570182 0.304390
vt 0.179461 0.367079
vt 0.181384 0.381811
vt 0.178531 0.349946
vt 0.237684 0.347074
vt 0.177667 0.332881
vt 0.233220 0.331555
vt 0.632318 0.546492
vt 0.643351 0.557260
vt 0.656269 0.568840
vt 0.066391 0.584970
vt 0.001729 0.230271
vt 0.562207 0.235650
vt 0.562207 0.205053
vt 0.443139 0.126848
vt 0.459448 0.085772
vt 0.618825 0.384124
vt 0.639203 0.413887
vt 0.467461 0.531183
vt 0.426683 0.532864
vt 0.421742 0.483437
vt 0.402381 0.534845
vt 0.394133 0.486060
vt 0.399402 0.436262
vt 0.430517 0.442839
vt 0.488463 0.440016
vt 0.371766 0.482345
vt 0.381598 0.429482
vt 0.634382 0.474611
vt 0.657032 0.486424
vt 0.672900 0.578774
vt 0.716655 0.745134
vt 0.053574 0.221168
vt 0.070308 0.219030
vt 0.395569 0.986751
vt 0.388547 0.959380
vt 0.414732 0.985400
vt 0.431910 0.016406
vt 0.806461 0.091565
vt 0.813620 0.118464
vt 0.437723 0.980015
vt 0.452956 0.026761
vt 0.454096 0.973411
vt 0.467856 0.034520
vt 0.728544 0.327322
vt 0.715570 0.318880
vt 0.717088 0.267882
vt 0.766307 0.315961
vt 0.739448 0.337276
vt 0.710291 0.811702
vt 0.676855 0.833635
vt 0.691452 0.800957
vt 0.687686 0.986751
vt 0.692347 0.964752
vt 0.716926 0.958157
vt 0.733315 0.978659
vt 0.691345 0.935952
vt 0.702155 0.933256
vt 0.711602 0.929837
vt 0.730496 0.945868
vt 0.752823 0.961740
vt 0.714047 0.558214
vt 0.709310 0.583109
vt 0.693804 0.581055
vt 0.696105 0.560228
vt 0.697878 0.537016
vt 0.718797 0.531512
vt 0.707272 0.598966
vt 0.678379 0.578742
vt 0.678022 0.562345
vt 0.718363 0.584123
vt 0.714388 0.598476
vt 0.691307 0.921861
vt 0.696633 0.920645
vt 0.186707 0.973992
vt 0.184564 0.965916
vt 0.197228 0.961743
vt 0.195324 0.969953
vt 0.687686 0.914622
vt 0.692826 0.912979
vt 0.651327 0.784244
vt 0.664334 0.789980
vt 0.643963 0.789441
vt 0.217310 0.970916
vt 0.247710 0.821578
vt 0.230091 0.810751
vt 0.252199 0.818671
vt 0.235470 0.973992
vt 0.212984 0.803829
vt 0.182420 0.939498
vt 0.763253 0.828959
vt 0.731623 0.812476
vt 0.690974 0.499756
vt 0.160075 0.917384
vt 0.718797 0.606368
vt 0.710201 0.614593
vt 0.785224 0.195718
vt 0.635009 0.893382
vt 0.439049 0.908021
vt 0.459350 0.943295
vt 0.630855 0.540161
vt 0.630855 0.489522
vt 0.667758 0.493451
vt 0.661319 0.534010
vt 0.496688 0.414525
vt 0.489697 0.312616
vt 0.487618 0.284198
vt 0.502627 0.305352
vt 0.270534 0.467794
vt 0.279136 0.480107
vt 0.290996 0.451860
vt 0.523718 0.319841
vt 0.646327 0.335530
vt 0.625391 0.340957
vt 0.628397 0.296988
vt 0.650746 0.309529
vt 0.843713 0.564595
vt 0.867079 0.556446
vt 0.845643 0.609289
vt 0.829836 0.609113
vt 0.312371 0.815150
vt 0.303253 0.811202
vt 0.314279 0.789065
vt 0.322535 0.800988
vt 0.186449 0.903998
vt 0.169314 0.901918
vt 0.169843 0.888366
vt 0.190819 0.894313
vt 0.174383 0.074694
vt 0.158542 0.082938
vt 0.159656 0.063186
vt 0.174383 0.057781
vt 0.326006 0.864299
vt 0.338357 0.848786
vt 0.344512 0.862232
vt 0.325853 0.876167
vt 0.312534 0.856799
vt 0.319858 0.838759
vt 0.307047 0.870490
vt 0.881023 0.346574
vt 0.874621 0.356610
vt 0.844153 0.311689
vt 0.866534 0.321992
vt 0.895623 0.330318
vt 0.906532 0.347098
vt 0.914215 0.362130
vt 0.777948 0.845993
vt 0.803391 0.843988
vt 0.795476 0.886335
vt 0.764151 0.880177
vt 0.926344 0.586463
vt 0.927912 0.624065
vt 0.881277 0.615492
vt 0.901853 0.568748
vt 0.387045 0.916177
vt 0.386307 0.946443
vt 0.353204 0.943721
vt 0.363585 0.905867
vt 0.128696 0.914446
vt 0.132697 0.893311
vt 0.171704 0.914446
vt 0.345513 0.854901
vt 0.331480 0.819664
vt 0.359187 0.798983
vt 0.368908 0.835182
vt 0.853531 0.279373
vt 0.866781 0.295960
vt 0.921221 0.320130
vt 0.937322 0.327121
vt 0.888288 0.307118
vt 0.919472 0.301759
vt 0.942061 0.297677
vt 0.467960 0.956619
vt 0.475451 0.945952
vt 0.487935 0.964246
vt 0.472615 0.972837
vt 0.459412 0.954135
vt 0.463835 0.939039
vt 0.576168 0.955795
vt 0.576168 0.938922
vt 0.589857 0.938641
vt 0.584991 0.960723
vt 0.451986 0.834677
vt 0.435336 0.819129
vt 0.447043 0.803034
vt 0.465064 0.831837
vt 0.453707 0.852121
vt 0.430223 0.839238
vt 0.467573 0.854901
vt 0.884773 0.249086
vt 0.874549 0.258204
vt 0.866439 0.251965
vt 0.881144 0.240768
vt 0.367954 0.500909
vt 0.363919 0.492738
vt 0.376492 0.486479
vt 0.378513 0.499867
vt 0.377040 0.516111
vt 0.365498 0.514105
vt 0.593250 0.978245
vt 0.579208 0.974382
vt 0.596891 0.964067
vt 0.391298 0.501087
vt 0.389797 0.516666
vt 0.603003 0.939660
vt 0.616720 0.937704
vt 0.610771 0.963709
vt 0.587106 0.915648
vt 0.601251 0.913646
vt 0.615476 0.906470
vt 0.876981 0.260253
vt 0.885514 0.273510
vt 0.399887 0.831201
vt 0.400977 0.798613
vt 0.352582 0.777121
vt 0.405240 0.775229
vt 0.349056 0.761797
vt 0.407376 0.760147
vt 0.457932 0.790750
vt 0.949533 0.742021
vt 0.952725 0.798099
vt 0.937492 0.804398
vt 0.933874 0.743816
vt 0.936258 0.701985
vt 0.952725 0.701062
vt 0.478489 0.827074
vt 0.853959 0.274334
vt 0.843069 0.266541
vt 0.363919 0.540161
vt 0.378820 0.539398
vt 0.917536 0.744637
vt 0.918593 0.705387
vt 0.832857 0.252099
vt 0.855845 0.240391
vt 0.824588 0.226376
vt 0.842853 0.219210
vt 0.854797 0.209964
vt 0.870936 0.228369
vt 0.485451 0.937819
vt 0.500765 0.956347
vt 0.879663 0.220682
vt 0.888927 0.232288
vt 0.838032 0.192334
vt 0.848764 0.192804
vt 0.506135 0.972793
vt 0.494924 0.976877
vt 0.939008 0.282339
vt 0.949189 0.278877
vt 0.956979 0.297229
vt 0.916386 0.285243
vt 0.477729 0.991803
vt 0.896901 0.282237
vt 0.459412 0.999511
vt 0.460011 0.976818
vt 0.858154 0.177506
vt 0.850172 0.169708
vt 0.883905 0.136775
vt 0.888927 0.149422
vt 0.948667 0.336296
vt 0.956979 0.345392
vt 0.917927 0.374811
vt 0.596568 0.297578
vt 0.593516 0.252830
vt 0.608944 0.253507
vt 0.609855 0.297279
vt 0.610134 0.346484
vt 0.593516 0.346639
vt 0.868265 0.376412
vt 0.072100 0.888590
vt 0.076433 0.903496
vt 0.071541 0.870795
vt 0.133644 0.876540
vt 0.265344 0.874404
vt 0.200487 0.876167
vt 0.203186 0.860841
vt 0.264329 0.861493
vt 0.133612 0.861324
vt 0.172978 0.879033
vt 0.215807 0.841281
vt 0.263799 0.840908
vt 0.341011 0.986751
vt 0.333283 0.940046
vt 0.357704 0.985777
vt 0.346959 0.897601
vt 0.873146 0.125818
vt 0.841549 0.157141
vt 0.821730 0.848842
vt 0.814815 0.886013
vt 0.824518 0.189970
vt 0.831481 0.917814
vt 0.802490 0.930265
vt 0.809588 0.952725
vt 0.745794 0.952725
vt 0.750239 0.930503
vt 0.846394 0.940167
vt 0.927951 0.676566
vt 0.931459 0.699658
vt 0.870338 0.698465
vt 0.872859 0.674438
vt 0.829836 0.685247
vt 0.838916 0.666415
vt 0.917225 0.541637
vt 0.931900 0.541948
vt 0.939590 0.584820
vt 0.924653 0.582531
vt 0.916571 0.480464
vt 0.933193 0.481599
vt 0.318993 0.178636
vt 0.302500 0.174136
vt 0.306948 0.132714
vt 0.318993 0.133311
vt 0.948472 0.484868
vt 0.948472 0.542506
vt 0.922151 0.805989
vt 0.387045 0.983151
vt 0.191396 0.885735
vt 0.263893 0.826784
vt 0.315118 0.108548
vt 0.305574 0.107273
vt 0.196392 0.074782
vt 0.196457 0.060035
vt 0.209309 0.061681
vt 0.210354 0.080050
vt 0.336540 0.428419
vt 0.349640 0.424595
vt 0.349578 0.446217
vt 0.335421 0.441577
vt 0.210533 0.177678
vt 0.189283 0.187738
vt 0.185353 0.174406
vt 0.197035 0.151932
vt 0.263701 0.299853
vt 0.246134 0.297886
vt 0.248335 0.278586
vt 0.263701 0.275975
vt 0.379295 0.388108
vt 0.376314 0.360577
vt 0.389171 0.359082
vt 0.385262 0.384196
vt 0.023350 0.097824
vt 0.017095 0.094826
vt 0.026153 0.069576
vt 0.031574 0.081064
vt 0.173875 0.215738
vt 0.182889 0.196357
vt 0.182889 0.219186
vt 0.178597 0.225422
vt 0.187142 0.150990
vt 0.179688 0.147854
vt 0.174288 0.115898
vt 0.180432 0.122833
vt 0.142613 0.176228
vt 0.143814 0.155199
vt 0.153117 0.159240
vt 0.148623 0.182889
vt 0.346315 0.021196
vt 0.351980 0.000876
vt 0.371723 0.022744
vt 0.354592 0.026798
vt 0.036153 0.048818
vt 0.017095 0.040663
vt 0.588045 0.346639
vt 0.578715 0.327885
vt 0.588726 0.326131
vt 0.591200 0.342419
vt 0.141635 0.206665
vt 0.160067 0.191645
vt 0.174362 0.200869
vt 0.152790 0.215223
vt 0.053165 0.202029
vt 0.048428 0.201454
vt 0.045232 0.187213
vt 0.053165 0.185210
vt 0.130879 0.193638
vt 0.135938 0.184016
vt 0.132330 0.171640
vt 0.129742 0.166610
vt 0.140357 0.153727
vt 0.137698 0.174383
vt 0.176223 0.096792
vt 0.187142 0.096265
vt 0.135659 0.134287
vt 0.129742 0.147699
vt 0.118951 0.168003
vt 0.118209 0.160793
vt 0.125471 0.159781
vt 0.125399 0.168003
vt 0.328782 0.281234
vt 0.304172 0.277303
vt 0.305580 0.268858
vt 0.329626 0.274036
vt 0.333079 0.084649
vt 0.339233 0.084615
vt 0.340259 0.110200
vt 0.332891 0.109943
vt 0.365103 0.326838
vt 0.371661 0.327755
vt 0.373790 0.352574
vt 0.366376 0.351794
vt 0.003053 0.027389
vt 0.027907 0.030903
vt 0.026889 0.039397
vt 0.001828 0.035409
vt 0.389171 0.041787
vt 0.387026 0.070214
vt 0.377345 0.069652
vt 0.382026 0.041329
vt 0.401931 0.285342
vt 0.393044 0.286030
vt 0.388180 0.260931
vt 0.397693 0.260449
vt 0.353849 0.371095
vt 0.344685 0.369367
vt 0.348566 0.340835
vt 0.359226 0.342582
vt 0.014936 0.577162
vt 0.013313 0.548721
vt 0.022362 0.549063
vt 0.021831 0.577377
vt 0.246688 0.086456
vt 0.233346 0.089318
vt 0.233346 0.068545
vt 0.245520 0.071421
vt 0.026137 0.327517
vt 0.044659 0.320389
vt 0.044659 0.357571
vt 0.028091 0.361525
vt 0.217846 0.160740
vt 0.254461 0.174369
vt 0.249578 0.190574
vt 0.142613 0.125389
vt 0.149304 0.116286
vt 0.090452 0.180678
vt 0.097824 0.182702
vt 0.097248 0.216915
vt 0.090452 0.207820
vt 0.247406 0.233928
vt 0.239708 0.211229
vt 0.253484 0.210832
vt 0.255194 0.232939
vt 0.493376 0.069129
vt 0.471986 0.070178
vt 0.474889 0.044357
vt 0.489894 0.043978
vt 0.010462 0.280219
vt 0.022798 0.280556
vt 0.024456 0.318430
vt 0.009794 0.310748
vt 0.114389 0.302873
vt 0.124078 0.318993
vt 0.102982 0.311106
vt 0.098692 0.297606
vt 0.374285 0.038171
vt 0.366850 0.044089
vt 0.350806 0.050629
vt 0.344685 0.023289
vt 0.370138 0.087408
vt 0.357353 0.093912
vt 0.199902 0.225422
vt 0.184432 0.223582
vt 0.187946 0.193319
vt 0.199902 0.186633
vt 0.374252 0.317138
vt 0.372932 0.267804
vt 0.385622 0.266411
vt 0.387854 0.316013
vt 0.367304 0.144415
vt 0.354986 0.142980
vt 0.359245 0.192574
vt 0.346812 0.191095
vt 0.008746 0.363907
vt 0.021278 0.366834
vt 0.012005 0.413619
vt 0.000586 0.410505
vt 0.012938 0.453779
vt 0.001291 0.454374
vt 0.389745 0.139811
vt 0.389038 0.092256
vt 0.400680 0.094549
vt 0.401015 0.141745
vt 0.395301 0.182910
vt 0.384375 0.178148
vt 0.391337 0.218814
vt 0.380501 0.216198
vt 0.377160 0.167327
vt 0.379249 0.216771
vt 0.367363 0.219014
vt 0.366006 0.165552
vt 0.371875 0.118007
vt 0.382212 0.119161
vt 0.357215 0.292345
vt 0.350492 0.244378
vt 0.362193 0.241875
vt 0.367776 0.292564
vt 0.011043 0.499252
vt 0.022866 0.498681
vt 0.389960 0.045613
vt 0.401931 0.051032
vt 0.471986 0.002369
vt 0.483196 0.002669
vt 0.076558 0.248013
vt 0.063620 0.250941
vt 0.063658 0.235921
vt 0.076558 0.233267
vt 0.299442 0.191689
vt 0.295535 0.207472
vt 0.054616 0.830123
vt 0.104970 0.828705
vt 0.106185 0.843469
vt 0.055974 0.842912
vt 0.233666 0.229797
vt 0.220607 0.231801
vt 0.220607 0.185162
vt 0.233928 0.187826
vt 0.184156 0.297466
vt 0.227259 0.299454
vt 0.227302 0.316987
vt 0.182648 0.314471
vt 0.140920 0.310602
vt 0.143530 0.296594
vt 0.270914 0.301956
vt 0.272207 0.318993
vt 0.090145 0.866087
vt 0.048663 0.864031
vt 0.049627 0.846416
vt 0.089465 0.848693
vt 0.129141 0.850841
vt 0.131850 0.867661
vt 0.018820 0.864944
vt 0.021938 0.840746
vt 0.392863 0.001008
vt 0.399804 0.032765
vt 0.377482 0.034026
vt 0.377482 0.000854
vt 0.344512 0.209003
vt 0.341753 0.224358
vt 0.155493 0.827615
vt 0.189693 0.823148
vt 0.190885 0.846240
vt 0.156567 0.843715
vt 0.203866 0.816669
vt 0.204212 0.850648
vt 0.684305 0.286168
vt 0.689025 0.299853
vt 0.654549 0.299853
vt 0.659731 0.286766
vt 0.660217 0.258015
vt 0.677370 0.255679
vt 0.172212 0.178636
vt 0.172212 0.145647
vt 0.176500 0.146846
vt 0.176509 0.178037
vt 0.004322 0.867661
vt 0.001380 0.866966
vt 0.005738 0.836313
vt 0.008916 0.835239
vt 0.068052 0.157370
vt 0.063753 0.156438
vt 0.063330 0.126441
vt 0.068052 0.126070
vt 0.258234 0.229675
vt 0.258234 0.198184
vt 0.272207 0.201462
vt 0.271405 0.223664
vt 0.361525 0.420058
vt 0.361525 0.450843
vt 0.221168 0.087191
vt 0.220243 0.060035
vt 0.208409 0.817790
vt 0.208409 0.849739
vt 0.297727 0.107741
vt 0.297727 0.138230
vt 0.286251 0.131462
vt 0.286763 0.111195
vt 0.099711 0.216915
vt 0.099711 0.185973
vt 0.111076 0.191926
vt 0.111700 0.213188
vt 0.026956 0.306529
vt 0.035702 0.299726
vt 0.207930 0.144162
vt 0.190703 0.108323
vt 0.202560 0.114439
vt 0.124540 0.209605
vt 0.125471 0.196534
vt 0.170130 0.212161
vt 0.170130 0.221168
vt 0.163053 0.220121
vt 0.162266 0.211808
vt 0.076444 0.033255
vt 0.076250 0.042532
vt 0.376412 0.399922
vt 0.368799 0.397434
vt 0.372551 0.442337
vt 0.365103 0.437328
vt 0.340045 0.158090
vt 0.340259 0.202029
vt 0.331804 0.199860
vt 0.332362 0.157034
vt 0.257227 0.273123
vt 0.211048 0.279398
vt 0.208484 0.270346
vt 0.257243 0.263710
vt 0.165295 0.293473
vt 0.162288 0.283705
vt 0.009884 0.177842
vt 0.010633 0.225422
vt 0.001702 0.224874
vt 0.001702 0.176449
vt 0.122346 0.027389
vt 0.123344 0.036435
vt 0.579084 0.241197
vt 0.588261 0.240985
vt 0.591200 0.284765
vt 0.582518 0.284976
vt 0.031988 0.440712
vt 0.030472 0.474889
vt 0.020413 0.476111
vt 0.022903 0.437260
vt 0.039662 0.403834
vt 0.048912 0.407329
vt 0.047498 0.156171
vt 0.094875 0.166504
vt 0.091412 0.176376
vt 0.044042 0.164604
vt 0.214789 0.228766
vt 0.205840 0.229675
vt 0.206040 0.183431
vt 0.214789 0.181913
vt 0.114428 0.291569
vt 0.076210 0.271008
vt 0.079700 0.263710
vt 0.117869 0.283016
vt 0.048912 0.508444
vt 0.038061 0.510389
vt 0.137749 0.224358
vt 0.127114 0.218895
vt 0.011532 0.039351
vt 0.014563 0.056484
vt 0.001166 0.062971
vt 0.004464 0.043391
vt 0.017013 0.082927
vt 0.004994 0.096492
vt 0.006569 0.106127
vt 0.013151 0.106788
vt 0.241691 0.199472
vt 0.255194 0.195709
vt 0.222524 0.060512
vt 0.231801 0.068313
vt 0.231195 0.078685
vt 0.222524 0.077564
vt 0.004051 0.272016
vt 0.000586 0.263186
vt 0.001166 0.119091
vt 0.212606 0.129335
vt 0.221168 0.137087
vt 0.219245 0.148863
vt 0.212606 0.145915
vt 0.193522 0.056618
vt 0.193522 0.073506
vt 0.181091 0.076558
vt 0.184329 0.064110
vt 0.095698 0.235330
vt 0.095698 0.253068
vt 0.081102 0.251674
vt 0.085032 0.238873
vt 0.224175 0.143760
vt 0.237280 0.146529
vt 0.238181 0.161623
vt 0.224175 0.160820
vt 0.001373 0.640020
vt 0.001245 0.631801
vt 0.022749 0.637338
vt 0.014693 0.648668
vt 0.858631 0.501515
vt 0.843364 0.502034
vt 0.847229 0.487846
vt 0.863124 0.492116
vt 0.872065 0.493529
vt 0.865637 0.506135
vt 0.856438 0.473894
vt 0.825929 0.469206
vt 0.854444 0.450766
vt 0.872044 0.445510
vt 0.867008 0.477229
vt 0.189885 0.020193
vt 0.191396 0.031899
vt 0.179608 0.031899
vt 0.180099 0.017464
vt 0.824099 0.159036
vt 0.813498 0.170658
vt 0.800000 0.164211
vt 0.817739 0.150402
vt 0.833635 0.159642
vt 0.823978 0.175171
vt 0.846520 0.417862
vt 0.809951 0.445844
vt 0.789445 0.397710
vt 0.820422 0.379312
vt 0.867551 0.398924
vt 0.896484 0.175459
vt 0.884987 0.155461
vt 0.913493 0.131197
vt 0.920821 0.164746
vt 0.848172 0.366968
vt 0.929447 0.948560
vt 0.936870 0.962309
vt 0.915479 0.967466
vt 0.914062 0.947622
vt 0.940558 0.929356
vt 0.960231 0.945514
vt 0.323162 0.885866
vt 0.323246 0.901706
vt 0.300866 0.897628
vt 0.305249 0.876941
vt 0.052523 0.373710
vt 0.046678 0.344757
vt 0.072305 0.344757
vt 0.071206 0.378538
vt 0.947237 0.973807
vt 0.973992 0.973992
vt 0.866872 0.361736
vt 0.837729 0.348796
vt 0.859263 0.345636
vt 0.833635 0.272201
vt 0.832629 0.309413
vt 0.808336 0.310486
vt 0.808792 0.275526
vt 0.806946 0.356174
vt 0.779736 0.366171
vt 0.769992 0.349602
vt 0.787629 0.341898
vt 0.608213 0.002479
vt 0.607238 0.026168
vt 0.596273 0.021099
vt 0.594142 0.003882
vt 0.063799 0.446590
vt 0.048985 0.442024
vt 0.044677 0.418272
vt 0.063799 0.415570
vt 0.484052 0.840943
vt 0.483014 0.824008
vt 0.526594 0.838730
vt 0.496575 0.859130
vt 0.023656 0.794725
vt 0.032691 0.807696
vt 0.001245 0.812369
vt 0.002387 0.793385
vt 0.587500 0.032553
vt 0.586249 0.022257
vt 0.595858 0.035103
vt 0.311177 0.951050
vt 0.298288 0.958191
vt 0.291282 0.946463
vt 0.308048 0.941650
vt 0.319758 0.954121
vt 0.305349 0.967197
vt 0.778693 0.336448
vt 0.765213 0.341377
vt 0.603325 0.036153
vt 0.274825 0.574032
vt 0.277129 0.589251
vt 0.267398 0.592169
vt 0.266649 0.572803
vt 0.286100 0.584727
vt 0.291347 0.616326
vt 0.280331 0.622817
vt 0.266649 0.625226
vt 0.272313 0.978245
vt 0.265614 0.965791
vt 0.813857 0.504938
vt 0.826803 0.509388
vt 0.810843 0.559534
vt 0.798796 0.560611
vt 0.484904 0.811977
vt 0.531824 0.826851
vt 0.535710 0.818788
vt 0.591638 0.845016
vt 0.582760 0.859592
vt 0.548281 0.876095
vt 0.490899 0.880162
vt 0.609907 0.905529
vt 0.554067 0.910193
vt 0.486423 0.910193
vt 0.243556 0.879783
vt 0.280582 0.872392
vt 0.280517 0.903459
vt 0.243556 0.910164
vt 0.952725 0.168207
vt 0.941943 0.238181
vt 0.905116 0.231784
vt 0.943730 0.127516
vt 0.022571 0.880273
vt 0.055034 0.868741
vt 0.065925 0.923029
vt 0.028124 0.942487
vt 0.005050 0.947678
vt 0.002195 0.889973
vt 0.884987 0.223202
vt 0.777779 0.216709
vt 0.798544 0.215395
vt 0.787434 0.268411
vt 0.818732 0.214022
vt 0.884674 0.442467
vt 0.875456 0.480139
vt 0.884674 0.382240
vt 0.596455 0.629066
vt 0.597580 0.672012
vt 0.573199 0.668866
vt 0.571804 0.621893
vt 0.025472 0.968044
vt 0.002195 0.969738
vt 0.555954 0.663399
vt 0.555954 0.619870
vt 0.558149 0.597680
vt 0.569973 0.599560
vt 0.837888 0.659505
vt 0.821230 0.665632
vt 0.809248 0.622234
vt 0.825092 0.619574
vt 0.059657 0.662107
vt 0.076558 0.715328
vt 0.055137 0.715226
vt 0.043547 0.675937
vt 0.810731 0.491038
vt 0.781992 0.462649
vt 0.019989 0.684089
vt 0.004427 0.657545
vt 0.058105 0.775042
vt 0.037545 0.770364
vt 0.010898 0.762636
vt 0.021033 0.712097
vt 0.826998 0.556207
vt 0.837888 0.515505
vt 0.629479 0.892851
vt 0.300723 0.923534
vt 0.284863 0.926125
vt 0.252663 0.932130
vt 0.265449 0.949105
vt 0.582643 0.002479
vt 0.312802 0.925627
vt 0.949853 0.910679
vt 0.973992 0.928728
vt 0.119091 0.237706
vt 0.118390 0.255882
vt 0.109285 0.257321
vt 0.109285 0.241655
vt 0.077425 0.109607
vt 0.079401 0.121507
vt 0.070778 0.121264
vt 0.071237 0.110418
vt 0.125603 0.024761
vt 0.131850 0.024348
vt 0.131850 0.031899
vt 0.124975 0.031697
vt 0.067755 0.257702
vt 0.069961 0.250964
vt 0.081446 0.253346
vt 0.079097 0.261633
vt 0.163400 0.100220
vt 0.170130 0.101356
vt 0.170121 0.112012
vt 0.161227 0.111230
vt 0.063242 0.048089
vt 0.068052 0.047615
vt 0.068052 0.053165
vt 0.062662 0.051260
vt 0.138027 0.021797
vt 0.126218 0.022454
vt 0.127612 0.016563
vt 0.140357 0.017725
vt 0.346468 0.252645
vt 0.346639 0.255040
vt 0.333028 0.256414
vt 0.333451 0.251768
vt 0.235836 0.008124
vt 0.240308 0.011731
vt 0.222173 0.014423
vt 0.222204 0.007753
vt 0.060362 0.225465
vt 0.074889 0.224778
vt 0.074745 0.231516
vt 0.056756 0.229422
vt 0.340259 0.230390
vt 0.329038 0.234286
vt 0.326710 0.227333
vt 0.338122 0.224778
vt 0.181503 0.014886
vt 0.181983 0.006300
vt 0.115921 0.225152
vt 0.115336 0.233724
vt 0.161079 0.227203
vt 0.160427 0.237312
vt 0.090059 0.015767
vt 0.088463 0.023102
vt 0.045623 0.025519
vt 0.047476 0.017387
vt 0.001175 0.024072
vt 0.004960 0.015767
vt 0.248021 0.250964
vt 0.293034 0.251629
vt 0.292899 0.258146
vt 0.247981 0.259983
vt 0.203331 0.264614
vt 0.201738 0.254247
vt 0.158883 0.273271
vt 0.158064 0.262575
vt 0.092508 0.001546
vt 0.137234 0.002669
vt 0.136327 0.012871
vt 0.092656 0.012210
vt 0.047484 0.014886
vt 0.047659 0.003821
vt 0.001775 0.013065
vt 0.000681 0.003884
vt 0.248756 0.248814
vt 0.203940 0.241743
vt 0.205963 0.231128
vt 0.250238 0.238281
vt 0.292593 0.236213
vt 0.294728 0.244953
vt 0.168204 0.144025
vt 0.170130 0.178636
vt 0.159207 0.178108
vt 0.157824 0.142934
vt 0.114924 0.260532
vt 0.112418 0.270498
vt 0.087191 0.179034
vt 0.087191 0.218036
vt 0.077515 0.221168
vt 0.077325 0.181513
vt 0.080812 0.153117
vt 0.070778 0.152946
s 1
usemtl tripo_mat_9417ff90-a727-4a1b-ac49-c3e5c4d44c3d
f 1/1 34/2 35/3 36/4
f 38/5 39/6 34/7 1/8
f 1/8 36/9 37/10 38/5
f 2/11 40/12 41/13 42/14
f 2/11 42/14 43/15 44/16
f 2/11 45/17 46/18 40/12
f 3/19 41/13 40/12 47/20
f 3/19 38/5 37/10 41/13
f 3/19 47/20 48/21 38/5
f 4/22 49/23 50/24 51/25
f 4/22 51/25 52/26 53/27
f 4/22 54/28 55/29 49/23
f 4/22 56/30 57/31 54/28
f 4/22 53/27 58/32 56/30
f 59/33 60/34 61/35 62/36
f 5/37 63/38 64/39 65/40
f 5/37 66/41 67/42 63/38
f 5/43 65/44 6/45 68/46
f 6/47 65/40 69/48 70/49
f 6/50 70/51 71/52 68/53
f 7/54 72/55 73/56 74/57
f 7/58 75/59 76/60 72/61
f 8/62 77/63 78/64 79/65
f 81/66 82/67 77/63 8/62
f 8/62 79/65 80/68 81/66
f 9/69 83/70 84/71 85/72
f 9/73 86/74 87/75 83/76
f 9/73 85/77 88/78 86/74
f 10/79 89/80 90/81 91/82
f 10/83 91/84 92/85 93/86
f 10/83 93/86 94/87 89/88
f 11/89 95/90 96/91 97/92
f 11/93 88/78 98/94 95/95
f 11/93 97/96 99/97 100/98
f 12/99 101/100 102/101 103/102
f 12/99 103/102 104/103 105/104
f 12/99 105/104 106/105 101/100
f 13/106 107/107 108/108 109/109
f 13/110 110/111 111/112 112/113
f 13/106 113/114 114/115 110/116
f 13/106 112/117 115/118 107/107
f 13/106 109/109 14/119 113/114
f 14/120 109/121 116/122 106/123
f 14/124 106/105 105/104 113/125
f 15/126 117/127 118/128 119/129
f 15/130 120/131 115/132 117/133
f 15/134 119/135 121/136 120/137
f 16/138 122/139 123/140 124/141
f 16/138 125/142 126/143 127/144
f 16/138 127/144 128/145 122/139
f 17/146 129/147 130/148 131/149
f 17/150 131/151 123/140 122/139
f 17/150 122/139 128/145 129/152
f 18/153 132/154 102/155 125/142
f 18/153 125/142 16/138 133/156
f 18/153 133/156 134/157 132/154
f 19/158 135/159 136/160 137/161
f 19/158 138/162 139/163 135/159
f 19/164 137/165 140/166 134/167
f 20/168 141/169 111/170 142/171
f 20/168 143/172 144/173 141/169
f 20/168 142/171 145/174 143/172
f 21/175 146/176 147/177 148/178
f 21/179 148/180 149/181 150/182
f 21/175 150/183 151/184 146/176
f 22/185 152/186 153/187 154/188
f 22/189 155/190 156/191 152/192
f 22/189 154/193 157/194 155/190
f 23/195 158/196 159/197 160/198
f 23/199 160/200 161/201 162/202
f 23/199 162/202 163/203 158/204
f 24/205 131/151 130/206 164/207
f 24/205 165/208 123/140 131/151
f 24/205 164/207 166/209 167/210
f 25/211 168/212 165/208 24/205
f 25/211 169/213 170/214 168/212
f 25/211 24/205 167/210 169/213
f 26/215 171/216 172/217 173/218
f 26/215 173/218 174/219 175/220
f 26/221 175/222 176/223 177/224
f 27/225 178/226 179/227 180/228
f 27/229 180/230 171/216 26/215
f 27/229 26/215 177/231 178/232
f 28/233 181/234 182/235 183/236
f 28/233 184/237 185/238 186/239
f 28/233 183/236 187/240 184/237
f 29/241 188/242 189/243 190/244
f 29/241 191/245 192/246 188/242
f 29/241 190/244 193/247 191/245
f 30/248 194/249 195/250 189/251
f 30/252 189/253 188/254 196/255
f 31/256 197/257 198/258 199/259
f 201/260 202/261 197/257 31/256
f 31/256 199/259 200/262 201/260
f 32/263 203/264 204/265 205/266
f 32/263 206/267 207/268 203/264
f 32/263 205/266 208/269 206/267
f 33/270 209/271 210/272 211/273
f 33/274 212/275 213/276 209/277
f 33/274 211/278 45/279 212/275
f 213/276 214/280 215/281 209/277
f 213/276 212/275 187/240 183/236
f 213/276 183/236 182/235 214/280
f 215/281 214/280 216/282 217/283
f 215/284 217/285 218/286 219/287
f 215/281 219/288 210/289 209/277
f 219/287 218/286 220/290 208/291
f 219/292 208/269 205/266 210/272
f 220/290 218/286 191/245 193/247
f 220/290 193/247 221/293 222/294
f 220/290 222/294 206/295 208/291
f 222/296 221/297 223/298 224/299
f 222/296 224/299 207/300 206/301
f 224/299 223/298 225/302 226/303
f 224/299 226/303 227/304 207/300
f 227/304 226/303 228/305 48/306
f 227/307 48/21 47/20 229/308
f 227/304 229/309 203/310 207/300
f 229/308 47/20 40/12 46/18
f 229/311 46/312 204/265 203/264
f 228/305 226/303 225/302 230/313
f 228/305 230/313 231/314 39/315
f 228/305 39/315 38/316 48/306
f 231/317 230/318 232/319 233/320
f 231/321 233/322 234/323 235/324
f 231/321 235/324 34/325 39/326
f 235/327 234/328 236/329 237/330
f 235/331 237/332 35/333 34/334
f 237/335 236/336 238/337 239/338
f 237/335 239/338 240/339 35/340
f 240/339 239/338 241/341 242/342
f 240/343 242/344 243/345 244/346
f 240/343 244/346 36/4 35/3
f 244/346 243/345 245/347 246/348
f 244/346 246/348 247/349 36/4
f 247/349 248/350 37/351 36/4
f 247/352 246/353 50/354 49/355
f 247/349 49/356 55/357 248/350
f 248/358 42/14 41/13 37/10
f 248/350 55/357 43/359 42/360
f 246/353 245/361 249/362 50/354
f 249/362 245/361 250/363 251/364
f 249/362 251/364 252/365 253/366
f 249/362 253/366 51/367 50/354
f 253/366 252/365 254/368 255/369
f 253/370 255/371 52/26 51/25
f 255/371 254/372 256/373 257/374
f 255/371 257/374 258/375 52/26
f 256/376 254/377 259/378 260/379
f 256/376 260/379 261/380 262/381
f 256/382 262/383 263/384 257/385
f 262/383 261/386 264/387 265/388
f 262/383 265/388 266/389 263/384
f 266/389 267/390 268/391 263/384
f 266/389 265/388 269/392 270/393
f 266/389 270/393 271/394 267/390
f 271/394 272/395 273/396 267/390
f 271/394 270/393 274/397 275/398
f 271/399 275/400 276/401 272/402
f 276/401 277/403 278/404 272/402
f 276/401 275/400 279/405 280/406
f 276/401 280/406 281/407 277/403
f 281/407 282/408 283/409 277/403
f 281/407 280/406 284/410 285/411
f 281/407 285/411 286/412 282/408
f 286/412 287/413 288/414 282/408
f 286/415 285/416 289/417 290/418
f 286/415 290/418 291/419 287/420
f 291/419 292/421 293/422 287/420
f 291/419 290/418 294/423 295/424
f 291/419 295/424 296/425 292/421
f 296/425 297/426 298/427 292/421
f 296/425 295/424 299/428 199/259
f 296/425 199/259 198/258 297/426
f 299/428 295/424 294/423 300/429
f 299/428 300/429 301/430 302/431
f 299/428 302/431 200/262 199/259
f 302/431 301/430 303/432 304/433
f 302/431 304/433 305/434 200/262
f 305/434 306/435 201/260 200/262
f 305/434 304/433 232/319 307/436
f 305/434 307/436 308/437 306/435
f 308/437 309/438 195/250 306/435
f 308/437 307/436 225/439 223/440
f 308/437 223/440 221/441 309/438
f 309/442 190/443 189/444 195/445
f 309/446 221/293 193/247 190/244
f 307/436 232/319 230/318 225/439
f 306/435 195/250 194/249 201/260
f 304/433 303/432 233/320 232/319
f 303/432 301/430 310/447 311/448
f 303/432 311/448 234/328 233/320
f 311/448 310/447 312/449 313/450
f 311/448 313/450 236/329 234/328
f 313/451 312/452 314/453 315/454
f 313/455 315/456 238/337 236/336
f 315/454 314/453 316/457 317/458
f 315/456 317/459 318/460 238/337
f 318/460 317/459 319/461 320/462
f 318/460 320/462 321/463 241/341
f 318/460 241/341 239/338 238/337
f 321/463 320/462 322/464 323/465
f 321/466 323/467 324/468 325/469
f 321/463 325/470 242/342 241/341
f 325/469 324/468 326/471 327/472
f 325/469 327/472 243/345 242/344
f 327/472 326/471 328/473 250/474
f 327/472 250/474 245/347 243/345
f 328/473 326/471 329/475 330/476
f 328/477 330/478 331/479 332/480
f 328/477 332/480 251/364 250/363
f 332/480 331/479 333/481 334/482
f 332/480 334/482 252/365 251/364
f 334/482 333/481 335/483 259/484
f 334/482 259/484 254/368 252/365
f 335/485 333/486 336/487 337/488
f 335/485 337/488 338/489 339/490
f 335/485 339/490 260/379 259/378
f 339/490 338/489 340/491 341/492
f 339/490 341/492 261/380 260/379
f 341/492 340/491 342/493 343/494
f 341/492 343/494 264/495 261/380
f 343/496 342/497 344/498 345/499
f 343/496 345/499 346/500 264/387
f 346/500 269/392 265/388 264/387
f 346/500 345/499 347/501 348/502
f 346/500 348/502 349/503 269/392
f 349/503 274/397 270/393 269/392
f 349/503 348/502 350/504 351/505
f 349/506 351/507 352/508 274/509
f 352/508 279/405 275/400 274/509
f 352/508 351/507 353/510 354/511
f 352/508 354/511 355/512 279/405
f 355/512 284/410 280/406 279/405
f 355/513 354/514 356/515 357/516
f 355/517 357/518 358/519 284/520
f 358/519 289/417 285/416 284/520
f 358/519 357/518 359/521 360/522
f 358/519 360/522 361/523 289/417
f 361/523 294/423 290/418 289/417
f 361/523 360/522 362/524 363/525
f 361/523 363/525 300/429 294/423
f 363/525 362/524 312/449 310/447
f 363/525 310/447 301/430 300/429
f 362/526 360/527 359/528 364/529
f 362/530 364/531 314/453 312/452
f 364/531 359/532 365/533 366/534
f 364/531 366/534 316/457 314/453
f 366/534 365/533 367/535 368/536
f 366/534 368/536 369/537 316/457
f 369/537 368/536 370/538 371/539
f 369/537 371/539 372/540 319/541
f 369/537 319/541 317/458 316/457
f 372/540 371/539 373/542 374/543
f 372/544 374/545 375/546 322/547
f 372/548 322/464 320/462 319/461
f 375/549 374/543 68/550 71/551
f 375/546 71/552 376/553 377/554
f 375/546 377/554 323/555 322/547
f 377/556 376/557 378/558 379/559
f 377/556 379/559 324/468 323/467
f 379/559 378/558 380/560 329/475
f 379/559 329/475 326/471 324/468
f 380/560 378/558 381/561 382/562
f 380/560 382/562 383/563 384/564
f 380/560 384/564 330/476 329/475
f 384/565 383/566 385/567 386/568
f 384/569 386/570 331/479 330/478
f 386/568 385/567 387/571 336/572
f 386/570 336/573 333/481 331/479
f 387/571 385/567 388/574 96/91
f 387/571 96/91 95/90 389/575
f 387/571 389/575 337/576 336/572
f 389/577 95/95 98/94 390/578
f 389/579 390/580 338/489 337/488
f 390/578 98/94 391/581 392/582
f 390/580 392/583 340/491 338/489
f 392/582 391/581 393/584 394/585
f 392/583 394/586 342/493 340/491
f 394/587 393/588 395/589 396/590
f 394/587 396/590 344/591 342/592
f 396/590 395/589 397/593 398/594
f 396/590 398/594 399/595 344/591
f 399/595 347/596 345/597 344/591
f 399/595 398/594 400/598 401/599
f 399/595 401/599 402/600 347/596
f 402/600 350/601 348/602 347/596
f 402/600 401/599 403/603 404/604
f 402/600 404/604 405/605 350/601
f 405/605 353/510 351/507 350/601
f 405/606 404/607 406/608 407/609
f 405/606 407/609 408/610 353/611
f 408/610 356/515 354/514 353/611
f 408/610 407/609 409/612 367/535
f 408/610 367/535 365/533 356/515
f 409/612 407/609 406/608 410/613
f 409/612 410/613 411/614 370/538
f 409/612 370/538 368/536 367/535
f 411/614 410/613 412/615 66/41
f 411/614 66/41 5/37 373/542
f 411/614 373/542 371/539 370/538
f 412/615 410/613 406/608 413/616
f 412/615 413/616 414/617 415/618
f 412/615 415/618 67/42 66/41
f 415/619 414/620 80/621 79/622
f 415/623 79/624 76/625 67/626
f 414/617 413/616 403/627 416/628
f 414/620 416/629 417/630 80/621
f 417/631 416/632 400/598 418/633
f 417/634 418/635 419/636 420/637
f 417/634 420/637 81/638 80/639
f 420/637 419/636 93/86 92/85
f 420/637 92/85 421/640 81/638
f 421/640 92/85 91/84 422/641
f 421/640 422/641 423/642 424/643
f 421/640 424/643 82/644 81/638
f 424/643 423/642 147/645 425/646
f 424/643 425/646 426/647 82/644
f 426/648 425/649 427/650 428/651
f 426/652 428/653 429/654 430/655
f 426/652 430/655 77/63 82/67
f 430/655 429/654 431/656 432/657
f 430/655 432/657 78/64 77/63
f 432/657 431/656 433/658 73/659
f 432/660 73/56 72/55 78/661
f 433/662 434/663 74/57 73/56
f 433/664 431/665 163/203 435/666
f 433/667 435/668 436/669 434/670
f 436/669 437/671 438/672 434/670
f 436/669 435/668 439/673 440/674
f 436/669 440/674 441/675 437/671
f 441/676 442/677 443/678 437/679
f 441/675 440/674 444/680 445/681
f 441/675 445/681 446/682 442/683
f 446/684 447/685 448/686 442/687
f 446/684 445/688 449/689 450/690
f 446/684 450/690 451/691 447/685
f 451/691 383/692 382/693 447/685
f 451/694 450/695 452/696 388/574
f 451/694 388/574 385/567 383/566
f 452/696 450/695 449/697 453/698
f 452/696 453/698 99/699 97/92
f 452/696 97/92 96/91 388/574
f 453/700 449/689 454/701 455/702
f 453/700 455/702 153/187 99/703
f 455/702 454/701 456/704 457/705
f 455/702 457/705 154/188 153/187
f 457/705 456/704 458/706 459/707
f 457/708 459/709 157/194 154/193
f 459/709 458/710 460/711 461/712
f 459/709 461/712 462/713 157/194
f 462/713 461/712 151/714 150/182
f 462/713 150/182 149/181 463/715
f 462/713 463/715 155/190 157/194
f 463/715 464/716 156/191 155/190
f 463/715 149/181 465/717 464/716
f 465/718 466/719 467/720 464/721
f 465/718 149/722 148/723 468/724
f 465/718 468/724 469/725 466/719
f 469/725 90/81 470/726 466/719
f 469/725 468/724 423/727 422/728
f 469/725 422/728 91/82 90/81
f 470/726 471/729 87/730 472/731
f 470/726 472/731 467/720 466/719
f 470/726 90/81 89/80 471/729
f 472/732 87/75 86/74 473/733
f 472/732 473/733 474/734 467/735
f 474/734 473/733 11/93 100/98
f 474/734 100/98 152/736 156/737
f 474/734 156/737 464/738 467/735
f 473/733 86/74 88/78 11/93
f 471/729 475/739 83/740 87/730
f 471/729 89/80 94/741 475/739
f 475/742 476/743 84/71 83/70
f 475/742 94/744 477/745 476/743
f 477/746 397/747 395/748 476/749
f 477/746 94/87 93/86 419/636
f 477/746 419/636 418/635 397/747
f 476/743 395/750 393/751 84/71
f 468/724 148/723 147/752 423/727
f 461/753 460/754 478/755 151/184
f 478/755 427/650 146/176 151/184
f 478/755 460/754 160/198 159/197
f 478/755 159/197 428/651 427/650
f 460/756 458/757 161/201 160/200
f 458/706 456/704 479/758 161/759
f 479/760 444/680 440/674 439/673
f 479/761 439/762 162/202 161/201
f 479/758 456/704 454/701 444/763
f 454/701 449/689 445/688 444/763
f 448/686 381/764 480/765 481/766
f 448/686 481/766 443/767 442/687
f 448/686 447/685 382/693 381/764
f 481/766 480/765 70/768 69/769
f 481/770 69/48 482/771 443/772
f 482/771 69/48 65/40 64/39
f 482/773 64/774 483/775 438/776
f 482/773 438/776 437/679 443/678
f 483/775 64/774 63/777 75/778
f 483/779 75/59 7/58 74/780
f 483/779 74/780 434/781 438/782
f 480/765 376/783 71/784 70/768
f 480/765 381/764 378/785 376/783
f 439/762 435/666 163/203 162/202
f 431/665 429/786 158/204 163/203
f 429/787 428/651 159/197 158/196
f 427/650 425/649 147/177 146/176
f 418/633 400/598 398/594 397/593
f 416/632 403/603 401/599 400/598
f 413/616 406/608 404/607 403/627
f 393/751 391/788 85/72 84/71
f 391/581 98/94 88/78 85/77
f 374/543 373/542 5/37 68/550
f 365/533 359/532 357/516 356/515
f 298/789 484/790 485/791 486/792
f 298/427 486/793 293/422 292/421
f 298/789 297/794 487/795 484/790
f 487/795 488/796 489/797 484/790
f 487/798 297/426 198/258 490/799
f 487/795 490/800 491/801 488/796
f 491/801 492/802 493/803 488/796
f 491/801 490/800 494/804 495/805
f 491/801 495/805 496/806 492/802
f 496/806 497/807 498/808 492/802
f 496/809 495/810 499/811 500/812
f 496/809 500/812 501/813 497/814
f 501/813 502/815 503/816 497/814
f 501/813 500/812 504/817 505/818
f 501/813 505/818 506/819 502/815
f 506/820 507/821 508/822 502/823
f 506/819 505/818 509/824 510/825
f 506/826 510/827 511/828 507/829
f 511/828 512/830 513/831 507/829
f 511/828 510/827 514/832 515/833
f 511/828 515/833 516/834 512/830
f 516/834 517/835 518/836 512/830
f 516/834 515/833 130/148 129/147
f 516/837 129/838 128/839 517/840
f 518/841 108/108 107/107 519/842
f 518/836 519/843 513/831 512/830
f 518/844 517/840 520/845 108/846
f 520/845 116/122 109/121 108/846
f 520/845 517/840 128/839 127/847
f 520/845 127/847 126/848 116/122
f 519/849 107/850 115/851 120/137
f 519/849 120/137 121/136 513/852
f 515/833 514/832 164/853 130/148
f 514/854 510/855 509/856 521/857
f 514/854 521/857 166/858 164/859
f 521/857 509/856 522/860 523/861
f 521/857 523/861 524/862 166/858
f 524/862 523/861 525/863 526/864
f 524/865 526/866 527/867 528/868
f 524/869 528/870 167/210 166/209
f 528/870 527/871 529/872 530/873
f 528/870 530/873 169/213 167/210
f 530/874 529/875 531/876 532/877
f 530/873 532/878 170/214 169/213
f 532/879 531/880 177/224 176/223
f 532/878 176/881 533/882 170/214
f 533/882 534/883 168/212 170/214
f 533/884 176/223 175/222 535/885
f 533/884 535/885 536/886 534/887
f 536/888 139/163 537/889 534/883
f 536/886 535/885 538/890 539/891
f 536/888 539/892 135/159 139/163
f 539/891 538/890 540/893 541/894
f 539/891 541/894 136/895 135/896
f 541/894 540/893 542/897 543/898
f 541/899 543/900 544/901 136/902
f 544/903 545/904 137/165 136/905
f 544/901 543/900 546/906 547/907
f 544/903 547/908 548/909 545/904
f 548/909 549/910 550/911 545/904
f 548/912 547/907 551/913 552/914
f 548/915 552/916 553/917 549/918
f 553/919 554/920 555/921 549/910
f 553/917 552/916 556/922 145/923
f 553/917 145/923 142/924 554/925
f 556/926 552/927 551/928 557/929
f 556/926 557/929 558/930 559/931
f 556/926 559/931 143/172 145/174
f 559/931 558/930 560/932 561/933
f 559/931 561/933 144/173 143/172
f 561/933 560/932 562/934 563/935
f 561/933 563/935 564/936 144/173
f 564/936 565/937 141/169 144/173
f 564/936 563/935 566/938 118/128
f 564/936 118/128 117/127 565/937
f 566/938 563/935 562/934 567/939
f 566/938 567/939 503/940 568/941
f 566/938 568/941 119/129 118/128
f 568/942 503/943 502/823 508/822
f 568/942 508/822 121/136 119/135
f 567/944 562/945 569/946 498/808
f 567/944 498/808 497/807 503/947
f 569/946 562/945 560/948 570/949
f 569/946 570/949 571/950 493/803
f 569/946 493/803 492/802 498/808
f 571/950 570/949 572/951 573/952
f 571/950 573/952 574/953 489/797
f 571/950 489/797 488/796 493/803
f 574/954 573/955 575/956 576/957
f 574/954 576/957 577/958 485/959
f 574/953 485/791 484/790 489/797
f 577/960 576/961 578/962 579/963
f 577/960 579/963 580/964 581/965
f 577/966 581/967 486/792 485/791
f 581/965 580/964 582/968 583/969
f 581/965 583/969 293/970 486/971
f 583/969 582/968 584/972 288/414
f 583/969 288/414 287/413 293/970
f 584/972 582/968 585/973 586/974
f 584/972 586/974 587/975 283/409
f 584/972 283/409 282/408 288/414
f 587/976 586/977 588/978 589/979
f 587/980 589/981 590/982 278/983
f 587/975 278/404 277/403 283/409
f 590/982 589/981 591/984 592/985
f 590/982 592/985 593/986 273/987
f 590/988 273/989 272/402 278/404
f 593/986 592/985 594/990 595/991
f 593/992 595/993 596/994 268/391
f 593/992 268/391 267/390 273/396
f 595/991 594/990 61/35 60/34
f 595/995 60/996 58/32 596/997
f 594/990 597/998 598/999 61/35
f 594/990 592/985 591/984 597/998
f 598/1000 599/1001 600/1002 601/1003
f 598/1004 601/1005 62/1006 61/1007
f 598/1000 597/1008 602/1009 599/1001
f 602/1010 603/1011 604/1012 599/1013
f 602/1010 597/998 591/984 605/1014
f 602/1010 605/1014 606/1015 603/1011
f 606/1015 607/1016 172/217 603/1011
f 606/1015 605/1014 588/1017 608/1018
f 606/1015 608/1018 609/1019 607/1016
f 609/1019 610/1020 611/1021 607/1016
f 609/1022 608/1023 585/973 612/1024
f 609/1022 612/1024 613/1025 610/1026
f 613/1025 614/1027 615/1028 610/1026
f 613/1025 612/1024 580/964 579/963
f 613/1025 579/963 578/962 614/1027
f 615/1029 542/897 540/893 616/1030
f 615/1031 616/1032 611/1021 610/1020
f 615/1028 614/1027 617/1033 542/1034
f 617/1033 546/906 543/900 542/1034
f 617/1033 614/1027 578/962 618/1035
f 617/1033 618/1035 619/1036 546/906
f 619/1036 551/913 547/907 546/906
f 619/1036 618/1035 575/1037 620/1038
f 619/1039 620/1040 557/929 551/928
f 620/1040 575/956 573/955 572/1041
f 620/1040 572/1041 558/930 557/929
f 618/1035 578/962 576/961 575/1037
f 616/1030 540/893 538/890 174/1042
f 616/1032 174/219 173/218 611/1021
f 612/1024 585/973 582/968 580/964
f 611/1021 173/218 172/217 607/1016
f 608/1023 588/1043 586/974 585/973
f 605/1044 591/1045 589/979 588/978
f 604/1012 171/216 180/230 621/1046
f 604/1012 621/1046 600/1047 599/1013
f 604/1012 603/1011 172/217 171/216
f 621/1048 180/228 179/227 622/1049
f 621/1050 622/1051 623/1052 600/1002
f 623/1052 622/1051 185/1053 624/1054
f 623/1052 624/1054 625/1055 626/1056
f 623/1052 626/1056 601/1003 600/1002
f 626/1056 625/1055 54/28 57/31
f 626/1056 57/31 62/1057 601/1003
f 625/1055 624/1054 44/1058 43/1059
f 625/1055 43/1059 55/29 54/28
f 624/1060 185/238 184/237 44/1061
f 622/1049 179/227 186/239 185/238
f 572/1041 570/1062 560/932 558/930
f 565/937 112/1063 111/170 141/169
f 565/1064 117/133 115/132 112/1065
f 555/1066 114/1067 104/103 627/1068
f 555/921 627/1069 550/911 549/910
f 555/1070 554/925 110/111 114/1071
f 627/1068 104/103 103/102 628/1072
f 627/1069 628/1073 140/166 550/911
f 628/1072 103/102 102/101 132/1074
f 628/1073 132/1075 134/167 140/166
f 554/925 142/924 111/112 110/111
f 550/911 140/166 137/165 545/904
f 538/890 535/885 175/222 174/1042
f 537/889 124/141 123/140 165/208
f 537/889 165/208 168/212 534/883
f 537/889 139/163 138/162 124/141
f 531/876 529/875 629/1076 630/1077
f 531/876 630/1077 178/226 177/1078
f 630/1077 629/1076 28/233 186/239
f 630/1077 186/239 179/227 178/226
f 629/1076 529/875 527/1079 631/1080
f 629/1076 631/1080 181/234 28/233
f 631/1081 527/1082 526/864 632/1083
f 631/1084 632/1085 633/1086 181/1087
f 633/1086 632/1085 634/1088 635/1089
f 633/1086 635/1089 636/1090 637/1091
f 633/1086 637/1091 182/1092 181/1087
f 637/1093 636/1094 638/1095 216/1096
f 637/1093 216/1096 214/1097 182/1098
f 638/1095 636/1094 639/1099 196/255
f 638/1095 196/255 188/254 192/1100
f 638/1095 192/1100 217/1101 216/1096
f 636/1094 635/1102 640/1103 639/1099
f 635/1089 634/1088 641/1104 640/1105
f 641/1106 642/1107 643/1108 644/1109
f 641/1104 644/1110 645/1111 640/1105
f 641/1112 634/1113 525/863 642/1114
f 644/1109 643/1108 499/811 646/1115
f 644/1116 646/1117 202/261 645/1118
f 646/1115 499/811 495/810 494/1119
f 646/1117 494/1120 197/257 202/261
f 643/1108 504/817 500/812 499/811
f 643/1108 642/1107 522/1121 504/817
f 642/1114 525/863 523/861 522/860
f 634/1113 632/1083 526/864 525/863
f 522/1121 509/824 505/818 504/817
f 513/852 121/136 508/822 507/821
f 494/804 490/800 198/1122 197/1123
f 218/286 217/285 192/246 191/245
f 212/275 45/279 2/1124 187/240
f 211/273 210/272 205/266 204/265
f 211/273 204/265 46/312 45/1125
f 202/261 201/260 194/249 645/1118
f 639/1099 640/1103 645/1126 194/1127
f 639/1099 194/1127 30/252 196/255
f 187/240 2/1124 44/1061 184/237
f 153/1128 152/736 100/98 99/97
f 138/162 133/156 16/138 124/141
f 138/162 19/158 134/157 133/156
f 126/848 101/1129 106/123 116/122
f 126/1130 125/1131 102/101 101/100
f 114/1067 113/125 105/104 104/103
f 79/65 78/64 72/61 76/60
f 76/625 75/778 63/777 67/626
f 62/1132 57/1133 56/1134 59/1135
f 60/996 59/1136 56/30 58/32
f 647/1137 596/997 58/32 53/27
f 647/1137 53/27 52/26 258/375
f 647/1137 258/375 649/1138 648/1139
f 257/385 263/384 649/1140 258/1141
f 648/1142 649/1140 263/384 268/391
f 596/997 647/1137 648/1139 268/1143
f 650/1144 660/1145 661/1146 662/1147
f 650/1148 662/1149 663/1150 664/1151
f 651/1152 665/1153 666/1154 667/1155
f 651/1156 668/1157 669/1158 665/1159
f 651/1160 667/1161 670/1162 668/1163
f 652/1164 671/1165 672/1166 673/1167
f 652/1164 674/1168 675/1169 671/1165
f 652/1164 673/1167 676/1170 674/1168
f 653/1171 677/1172 655/1173 678/1174
f 653/1171 678/1174 679/1175 680/1176
f 653/1171 680/1176 681/1177 677/1172
f 654/1178 682/1179 683/1180 684/1181
f 654/1182 684/1183 685/1184 686/1185
f 654/1186 686/1187 687/1188 682/1189
f 655/1190 688/1191 668/1157 670/1192
f 655/1193 670/1194 689/1195 690/1196
f 655/1173 690/1197 691/1198 678/1174
f 656/1199 692/1200 680/1176 679/1175
f 656/1199 679/1175 693/1201 694/1202
f 656/1199 694/1202 695/1203 692/1200
f 657/1204 696/1205 697/1206 698/1207
f 657/1204 699/1208 700/1209 696/1205
f 657/1210 698/1211 701/1212 699/1213
f 658/1214 702/1215 703/1216 704/1217
f 658/1214 705/1218 706/1219 702/1215
f 658/1214 704/1217 707/1220 705/1218
f 659/1221 708/1222 709/1223 710/1224
f 659/1225 710/1226 700/1227 711/1228
f 659/1225 711/1228 707/1229 708/1230
f 711/1231 700/1232 699/1213 712/1233
f 711/1228 712/1234 705/1235 707/1229
f 712/1233 699/1213 701/1212 713/1236
f 712/1233 713/1236 706/1237 705/1238
f 713/1236 701/1212 714/1239 715/1240
f 713/1236 715/1240 716/1241 706/1237
f 716/1242 715/1243 691/1198 690/1197
f 716/1244 690/1196 689/1195 717/1245
f 716/1244 717/1245 702/1215 706/1219
f 717/1245 689/1195 718/1246 719/1247
f 717/1245 719/1247 703/1216 702/1215
f 719/1247 718/1246 720/1248 721/1249
f 719/1247 721/1249 722/1250 703/1216
f 722/1251 721/1252 723/1253 724/1254
f 722/1251 724/1254 725/1255 726/1256
f 722/1250 726/1257 704/1217 703/1216
f 726/1258 725/1259 709/1223 708/1222
f 726/1260 708/1230 707/1229 704/1261
f 725/1255 724/1254 727/1262 728/1263
f 725/1259 728/1264 729/1265 709/1223
f 729/1265 728/1264 730/1266 731/1267
f 729/1265 731/1267 732/1268 733/1269
f 729/1265 733/1269 710/1224 709/1223
f 733/1270 732/1271 697/1206 696/1205
f 733/1269 696/1272 700/1273 710/1224
f 732/1268 731/1267 734/1274 735/1275
f 732/1271 735/1276 736/1277 697/1206
f 736/1278 735/1279 737/1280 695/1203
f 736/1278 695/1203 694/1202 738/1281
f 736/1277 738/1282 698/1207 697/1206
f 738/1281 694/1202 693/1201 714/1283
f 738/1282 714/1284 701/1285 698/1207
f 737/1286 735/1275 734/1274 739/1287
f 737/1286 739/1287 740/1288 741/1289
f 737/1280 741/1290 692/1200 695/1203
f 741/1290 740/1291 742/1292 681/1177
f 741/1290 681/1177 680/1176 692/1200
f 742/1293 740/1294 743/1295 744/1296
f 742/1293 744/1296 745/1297 746/1298
f 742/1292 746/1299 677/1172 681/1177
f 746/1300 688/1191 655/1190 677/1301
f 746/1300 745/1302 747/1303 688/1191
f 747/1303 669/1158 668/1157 688/1191
f 747/1304 745/1305 660/1306 748/1307
f 747/1303 748/1308 676/1309 669/1158
f 748/1307 660/1306 650/1310 664/1311
f 748/1307 664/1311 674/1168 676/1170
f 745/1297 744/1296 661/1146 660/1145
f 744/1312 743/1313 687/1188 661/1314
f 743/1313 749/1315 682/1189 687/1188
f 743/1316 740/1288 739/1287 749/1317
f 749/1318 750/1319 683/1180 682/1179
f 749/1317 739/1287 734/1274 750/1320
f 750/1319 730/1321 751/1322 683/1180
f 750/1320 734/1274 731/1267 730/1266
f 751/1322 727/1323 752/1324 753/1325
f 751/1322 753/1325 684/1181 683/1180
f 751/1322 730/1321 728/1326 727/1323
f 753/1327 752/1328 754/1329 755/1330
f 753/1327 755/1330 685/1184 684/1183
f 755/1330 754/1329 671/1331 675/1332
f 755/1330 675/1332 663/1150 685/1184
f 754/1333 756/1334 672/1335 671/1336
f 754/1333 752/1337 723/1338 756/1334
f 756/1339 720/1340 666/1341 672/1342
f 756/1334 723/1338 721/1343 720/1344
f 752/1345 727/1262 724/1254 723/1253
f 720/1248 718/1246 667/1155 666/1154
f 718/1246 689/1195 670/1194 667/1155
f 715/1243 714/1283 693/1201 691/1198
f 693/1201 679/1175 678/1174 691/1198
f 687/1188 686/1187 662/1346 661/1314
f 686/1185 685/1184 663/1150 662/1149
f 676/1309 673/1347 665/1159 669/1158
f 675/1169 674/1168 664/1311 663/1348
f 673/1349 672/1342 666/1341 665/1350
f 757/1351 785/1352 788/1353 789/1354
f 757/1355 789/1356 790/1357 776/1358
f 758/1359 760/1360 791/1361 778/1362
f 758/1363 784/1364 763/1365 760/1366
f 759/1367 792/1368 793/1369 762/1370
f 759/1371 762/1372 794/1373 761/1374
f 759/1375 761/1376 763/1377 795/1378
f 762/1379 791/1380 766/1381 794/1382
f 762/1383 779/1384 778/1385 791/1386
f 763/1387 784/1388 782/1389 795/1390
f 796/1391 761/1374 794/1373 797/1392
f 796/1393 797/1394 798/1395 765/1396
f 764/1397 766/1398 799/1399 800/1400
f 764/1401 765/1402 798/1403 801/1404
f 764/1397 801/1405 802/1406 766/1398
f 765/1407 764/1408 803/1409 796/1410
f 766/1381 802/1411 797/1412 794/1382
f 767/1413 803/1409 764/1408 804/1414
f 768/1415 770/1416 771/1417 769/1418
f 768/1419 806/1420 807/1421 770/1422
f 768/1423 769/1424 808/1425 806/1426
f 769/1427 771/1428 809/1429 808/1430
f 770/1431 807/1432 809/1433 771/1434
f 772/1435 810/1436 811/1437 812/1438
f 772/1439 774/1440 813/1441 810/1442
f 773/1443 812/1444 811/1445 814/1446
f 773/1447 814/1448 813/1449 774/1450
f 776/1451 790/1452 820/1453 819/1454
f 777/1455 821/1456 822/1457 823/1458
f 777/1459 823/1460 824/1461 758/1359
f 779/1384 816/1462 815/1463 778/1385
f 779/1464 786/1465 818/1466 816/1467
f 779/1468 825/1469 781/1470 786/1471
f 779/1472 762/1473 793/1474 825/1475
f 780/1476 825/1477 828/1478 829/1479
f 782/1480 786/1481 781/1482 830/1483
f 782/1389 830/1484 783/1485 795/1390
f 783/1485 792/1486 759/1487 795/1390
f 783/1485 829/1488 831/1489 792/1486
f 786/1490 832/1491 817/1492 818/1493
f 831/1494 833/1495 834/1496 835/1497
f 831/1494 835/1497 793/1369 792/1368
f 831/1489 829/1488 836/1498 833/1499
f 836/1498 837/1500 838/1501 833/1499
f 836/1502 829/1479 828/1478 839/1503
f 836/1502 839/1503 840/1504 837/1505
f 840/1504 841/1506 842/1507 837/1505
f 840/1508 839/1509 834/1510 843/1511
f 840/1508 843/1511 844/1512 841/1513
f 844/1512 845/1514 846/1515 841/1513
f 844/1516 843/1517 838/1518 847/1519
f 844/1516 847/1519 848/1520 845/1521
f 848/1520 811/1437 810/1436 845/1521
f 848/1522 847/1523 842/1524 849/1525
f 848/1522 849/1525 814/1446 811/1445
f 849/1526 842/1507 841/1506 846/1527
f 849/1526 846/1527 813/1449 814/1448
f 847/1523 838/1501 837/1500 842/1524
f 846/1515 845/1514 810/1442 813/1441
f 843/1517 834/1496 833/1495 838/1518
f 839/1509 828/1528 835/1529 834/1510
f 835/1530 828/1531 825/1475 793/1474
f 830/1532 781/1533 827/1534 826/1535
f 824/1461 823/1460 850/1536 851/1537
f 824/1538 851/1539 852/1540 853/1541
f 824/1542 853/1543 784/1544 758/1545
f 853/1546 852/1547 854/1548 822/1549
f 853/1546 822/1549 821/1550 784/1551
f 854/1548 852/1547 855/1552 856/1553
f 854/1554 856/1555 857/1556 850/1557
f 854/1554 850/1557 823/1558 822/1559
f 857/1556 856/1555 858/1560 859/1561
f 857/1562 859/1563 860/1564 861/1565
f 857/1566 861/1567 851/1537 850/1536
f 861/1568 860/1569 862/1570 855/1571
f 861/1568 855/1571 852/1540 851/1539
f 862/1570 860/1569 863/1572 864/1573
f 862/1574 864/1575 865/1576 858/1577
f 862/1574 858/1577 856/1578 855/1579
f 865/1580 864/1581 866/1582 867/1583
f 865/1584 867/1585 868/1586 869/1587
f 865/1584 869/1587 859/1561 858/1560
f 869/1588 868/1589 870/1590 863/1591
f 869/1592 863/1593 860/1594 859/1595
f 870/1596 868/1597 790/1357 789/1356
f 870/1598 789/1354 788/1353 866/1599
f 870/1600 866/1601 864/1573 863/1572
f 868/1602 867/1603 820/1604 790/1605
f 867/1606 866/1607 788/1608 820/1609
f 821/1456 777/1455 832/1610 786/1611
f 832/1612 778/1362 815/1613 817/1614
f 819/1615 820/1609 788/1608 785/1616
f 812/1617 773/1618 774/1619 772/1620
f 809/1433 807/1432 871/1621 872/1622
f 809/1429 872/1623 873/1624 808/1430
f 873/1624 872/1623 874/1625 875/1626
f 873/1627 875/1628 876/1629 877/1630
f 873/1627 877/1630 806/1426 808/1425
f 877/1631 876/1632 878/1633 871/1634
f 877/1631 871/1634 807/1421 806/1420
f 878/1633 876/1632 879/1635 880/1636
f 878/1637 880/1638 881/1639 874/1640
f 878/1641 874/1642 872/1622 871/1621
f 881/1643 880/1644 882/1645 883/1646
f 881/1647 883/1648 884/1649 885/1650
f 881/1647 885/1650 875/1651 874/1652
f 885/1653 884/1654 886/1655 879/1656
f 885/1657 879/1658 876/1659 875/1660
f 886/1655 884/1654 802/1406 801/1405
f 886/1661 801/1662 798/1663 882/1664
f 886/1661 882/1664 880/1636 879/1635
f 884/1649 883/1648 797/1665 802/1666
f 883/1646 882/1645 798/1395 797/1394
f 805/1667 804/1668 764/1397 800/1400
f 805/1669 800/1670 796/1671 803/1672
f 800/1670 799/1673 761/1674 796/1671
f 766/1398 791/1361 760/1360 799/1399
f 787/1675 761/1674 799/1673 760/1676
f 780/1677 827/1678 781/1470 825/1469
f 775/1679 815/1680 816/1681 818/1682
f 782/1480 784/1551 821/1550 786/1481
f 783/1683 830/1684 780/1476 829/1479
f 832/1612 777/1459 758/1359 778/1362
f 760/1676 763/1685 761/1674 787/1675
f 767/1686 804/1687 805/1688 803/1689
f 775/1690 818/1691 817/1692 815/1693
f 780/1694 830/1695 826/1696 827/1697
f 757/1698 776/1699 819/1700 785/1701
f 887/1702 897/1703 898/1704 899/1705
f 887/1706 899/1707 900/1708 901/1709
f 887/1706 901/1709 902/1710 897/1711
f 888/1712 900/1708 903/1713 904/1714
f 888/1712 904/1714 905/1715 906/1716
f 888/1712 906/1716 901/1709 900/1708
f 889/1717 907/1718 897/1719 902/1720
f 889/1721 908/1722 909/1723 907/1724
f 889/1721 902/1725 910/1726 908/1722
f 890/1727 904/1714 903/1713 911/1728
f 890/1727 911/1728 912/1729 913/1730
f 890/1727 914/1731 905/1715 904/1714
f 915/1732 916/1733 917/1734 918/1735
f 890/1727 913/1730 919/1736 914/1731
f 891/1737 920/1738 921/1739 922/1740
f 891/1737 923/1741 924/1742 920/1738
f 891/1743 922/1744 925/1745 923/1746
f 892/1747 893/1748 914/1749 919/1750
f 892/1751 920/1738 924/1742 893/1752
f 892/1753 919/1736 921/1754 920/1755
f 893/1756 924/1757 917/1758 916/1759
f 894/1760 913/1730 912/1729 926/1761
f 894/1760 926/1761 927/1762 928/1763
f 894/1764 928/1765 929/1766 930/1767
f 894/1768 930/1769 922/1770 921/1771
f 894/1760 921/1754 919/1736 913/1730
f 931/1772 932/1773 933/1774 934/1775
f 935/1776 936/1777 927/1778 926/1779
f 895/1780 937/1781 929/1766 938/1782
f 895/1783 939/1784 940/1785 937/1786
f 895/1783 938/1787 941/1788 939/1784
f 896/1789 928/1763 927/1762 942/1790
f 896/1791 938/1782 929/1766 928/1765
f 896/1792 942/1793 941/1794 938/1795
f 942/1793 927/1796 936/1797 943/1798
f 942/1793 943/1798 944/1799 941/1794
f 944/1800 932/1801 939/1784 941/1788
f 944/1802 943/1803 945/1804 946/1805
f 944/1806 946/1807 933/1774 932/1773
f 946/1807 945/1808 947/1809 948/1810
f 946/1807 948/1810 949/1811 933/1774
f 949/1811 950/1812 934/1775 933/1774
f 949/1811 948/1810 951/1813 952/1814
f 949/1811 952/1814 953/1815 950/1812
f 953/1816 954/1817 955/1818 950/1819
f 953/1820 952/1821 956/1822 918/1735
f 953/1820 918/1735 917/1734 954/1823
f 956/1824 952/1825 951/1826 957/1827
f 956/1824 957/1827 909/1828 958/1829
f 956/1822 958/1830 915/1732 918/1735
f 958/1831 909/1723 908/1722 959/1832
f 958/1831 959/1832 916/1759 915/1833
f 959/1832 908/1722 910/1726 960/1834
f 959/1832 960/1834 893/1756 916/1759
f 960/1835 910/1836 906/1716 905/1715
f 960/1835 905/1715 914/1731 893/1837
f 957/1838 951/1839 961/1840 962/1841
f 957/1827 962/1842 907/1843 909/1828
f 962/1841 961/1840 963/1844 898/1845
f 962/1841 898/1845 897/1846 907/1847
f 963/1848 961/1849 947/1850 964/1851
f 963/1852 964/1853 965/1854 966/1855
f 963/1852 966/1855 899/1705 898/1704
f 966/1856 965/1857 911/1728 903/1713
f 966/1855 903/1858 900/1859 899/1705
f 965/1854 964/1853 967/1860 968/1861
f 965/1854 968/1861 912/1862 911/1863
f 968/1861 967/1860 936/1777 935/1776
f 968/1861 935/1776 926/1779 912/1862
f 967/1864 945/1804 943/1803 936/1865
f 967/1864 964/1851 947/1850 945/1804
f 961/1866 951/1813 948/1810 947/1809
f 955/1818 925/1745 969/1867 970/1868
f 955/1818 970/1868 934/1869 950/1819
f 955/1818 954/1817 923/1746 925/1745
f 970/1868 969/1867 937/1786 940/1785
f 970/1868 940/1785 931/1870 934/1869
f 969/1871 930/1767 929/1766 937/1781
f 969/1867 925/1745 922/1744 930/1872
f 954/1873 917/1874 924/1742 923/1741
f 940/1785 939/1784 932/1801 931/1870
f 910/1875 902/1876 901/1877 906/1878
f 971/1879 979/1880 980/1881 977/1882
f 971/1883 977/1884 978/1885 972/1886
f 971/1887 972/1888 981/1889 979/1890
f 972/1891 978/1892 982/1893 981/1894
f 973/1895 975/1896 976/1897 974/1898
f 973/1899 983/1900 984/1901 975/1902
f 973/1903 974/1904 985/1905 983/1906
f 974/1907 976/1908 986/1909 985/1910
f 975/1911 984/1912 986/1913 976/1914
f 977/1915 980/1916 982/1917 978/1918
f 986/1909 987/1919 988/1920 985/1910
f 986/1913 984/1912 989/1921 987/1922
f 989/1921 990/1923 991/1924 987/1922
f 989/1925 984/1901 983/1900 992/1926
f 989/1925 992/1926 993/1927 990/1928
f 993/1927 994/1929 995/1930 990/1928
f 993/1931 992/1932 988/1933 996/1934
f 993/1931 996/1934 997/1935 994/1936
f 997/1935 998/1937 999/1938 994/1936
f 997/1939 996/1940 991/1941 1000/1942
f 997/1939 1000/1942 1001/1943 998/1944
f 1001/1943 1002/1945 1003/1946 998/1944
f 1001/1947 1000/1948 995/1949 1004/1950
f 1001/1947 1004/1950 1005/1951 1002/1952
f 1005/1951 982/1917 980/1916 1002/1952
f 1005/1953 1004/1954 999/1955 1006/1956
f 1005/1953 1006/1956 981/1894 982/1893
f 1006/1957 999/1938 998/1937 1003/1958
f 1006/1957 1003/1958 979/1890 981/1889
f 1004/1959 995/1960 994/1961 999/1962
f 1003/1963 1002/1964 980/1881 979/1880
f 1000/1948 991/1924 990/1923 995/1949
f 996/1940 988/1920 987/1919 991/1941
f 992/1932 983/1906 985/1905 988/1933
