# Blender 4.5.0
# www.blender.org
mtllib tripo_convert_92f6133e-4035-43a8-b614-e28aa9da3fb2.mtl
o tripo_node_92f6133e-4035-43a8-b614-e28aa9da3fb2
v 0.128529 0.141230 -0.115344
v 0.133982 0.133309 -0.159365
v 0.135050 0.138600 -0.105690
v 0.098190 0.131529 -0.157601
v 0.142843 0.121808 -0.151124
v 0.144395 0.143062 -0.111695
v 0.184786 0.134126 -0.067563
v 0.157454 0.145777 -0.097476
v 0.108690 0.164476 -0.094268
v 0.161727 0.154910 -0.062289
v 0.388347 0.901234 0.003757
v 0.391631 0.902783 0.003544
v 0.155108 0.140546 -0.029802
v 0.149881 0.149801 -0.028038
v 0.112067 0.168141 -0.059909
v 0.117302 0.178304 -0.021056
v 0.030228 0.215167 -0.056945
v 0.051677 0.185966 -0.093622
v 0.063860 0.190838 -0.039676
v 0.071846 0.194381 0.000121
v 0.051093 0.207921 -0.016692
v 0.002740 0.203300 0.006781
v 0.000396 0.198230 -0.006934
v 0.001877 0.203518 0.000448
v -0.008739 0.210381 -0.086760
v 0.000661 0.207109 -0.007748
v 0.011897 0.213148 -0.013671
v 0.001915 0.176245 -0.137519
v 0.021130 0.168133 -0.142015
v 0.016261 0.171186 -0.129422
v 0.021149 0.157302 -0.155534
v 0.023641 0.150914 -0.169851
v 0.026232 0.156318 -0.157226
v 0.064858 0.137712 -0.173206
v 0.081970 0.119803 -0.190437
v 0.068185 0.130825 -0.194035
v 0.038331 0.127771 -0.228987
v 0.056119 0.136008 -0.204437
v 0.020238 0.149836 -0.166608
v 0.015580 0.072920 -0.295307
v 0.013502 0.071875 -0.325940
v 0.084973 0.083876 -0.302554
v 0.125328 0.087767 -0.272686
v 0.076025 0.071080 -0.282694
v 0.097676 0.069921 -0.277393
v 0.094637 0.062363 -0.287727
v 0.124152 0.053713 -0.290824
v 0.129278 0.064621 -0.270248
v 0.137757 0.052925 -0.274089
v 0.115401 0.070391 -0.310210
v 0.072564 0.050081 -0.319915
v 0.126698 0.084792 -0.231543
v 0.110504 0.083582 -0.242378
v 0.122144 0.086120 -0.230878
v 0.058178 0.080235 -0.261501
v 0.082280 0.083162 -0.254291
v 0.035212 0.092393 -0.256946
v 0.059836 0.111485 -0.221690
v 0.101335 0.110201 -0.196506
v 0.090007 0.114419 -0.187862
v 0.093629 0.111346 -0.191850
v 0.106233 0.106692 -0.197947
v 0.064239 0.110478 -0.211316
v 0.123393 0.103650 -0.194336
v 0.119519 0.099780 -0.204750
v 0.121548 0.105277 -0.192724
v 0.162136 0.104186 -0.145934
v 0.174912 0.120629 -0.032950
v 0.150158 0.136591 -0.108273
v 0.153492 0.082664 -0.194402
v 0.143039 0.077282 -0.224245
v 0.146679 0.080711 -0.210000
v 0.161064 0.077329 -0.195567
v 0.162587 0.075614 -0.196638
v 0.212545 0.083037 -0.049527
v 0.216268 0.073874 -0.036660
v 0.191327 0.096842 -0.047016
v 0.196944 0.107930 -0.028713
v 0.201309 0.097131 -0.041606
v 0.218658 0.071402 -0.033366
v 0.220986 0.071075 -0.021438
v 0.253457 0.064093 0.006683
v 0.232233 0.071843 -0.014267
v 0.230487 0.074670 -0.012627
v 0.232774 0.071048 -0.028658
v 0.218320 0.089039 -0.048511
v 0.234893 0.055673 -0.066410
v 0.258247 0.043508 -0.057676
v 0.251717 0.051057 -0.055644
v 0.189215 0.118713 -0.092719
v 0.197326 0.089744 -0.106302
v 0.191217 0.104387 -0.102103
v 0.199361 0.102422 -0.084888
v 0.195175 0.103889 -0.079544
v 0.233909 0.087714 -0.075256
v 0.190128 0.050424 -0.260313
v 0.240275 0.045798 -0.274262
v 0.258255 0.027150 -0.307827
v 0.251987 0.033079 -0.262458
v 0.120216 0.016915 -0.403534
v 0.235312 0.032153 -0.279349
v 0.220471 0.017106 -0.330322
v 0.209318 0.007530 -0.305404
v 0.314257 0.012700 -0.268356
v 0.312047 0.009871 -0.276790
v 0.273058 0.044822 -0.276376
v 0.284298 0.045052 -0.279774
v 0.236885 0.032134 -0.285618
v 0.250907 0.027123 -0.271624
v 0.164384 0.024296 -0.296867
v 0.154519 0.032197 -0.316975
v 0.173365 0.017332 -0.297407
v 0.163490 0.015929 -0.299839
v 0.177143 0.013636 -0.301743
v 0.178293 0.010602 -0.290925
v 0.166652 0.012379 -0.303117
v 0.136185 0.017686 -0.327215
v 0.139535 0.019797 -0.353742
v 0.166688 0.016794 -0.331996
v 0.144502 0.010451 -0.328069
v 0.175203 0.015107 -0.349745
v 0.170443 0.015812 -0.337085
v 0.137513 0.017797 -0.355667
v 0.131248 0.029570 -0.333114
v 0.034711 0.026825 -0.418547
v 0.039717 0.034024 -0.326298
v 0.035102 0.021578 -0.338569
v -0.011002 0.023075 -0.329756
v -0.004788 0.016540 -0.322142
v 0.015214 0.023518 -0.431378
v 0.031852 0.024286 -0.422189
v 0.025132 0.017476 -0.398989
v 0.019785 0.019807 -0.429615
v 0.033225 0.015570 -0.461626
v 0.032407 0.011186 -0.453620
v 0.045519 0.010546 -0.441514
v 0.041427 0.013621 -0.314895
v 0.060136 0.015777 -0.338374
v 0.057175 0.012450 -0.332829
v 0.107958 0.009449 -0.423409
v 0.063708 0.010565 -0.443551
v 0.041924 0.009612 -0.444117
v 0.094529 0.012953 -0.425251
v 0.102877 0.009491 -0.428634
v 0.087415 0.009823 -0.424599
v 0.106299 0.003140 -0.311298
v 0.046376 0.003288 -0.322379
v 0.068901 0.007861 -0.329502
v 0.021892 0.007696 -0.392037
v 0.054960 0.004542 -0.335017
v 0.035917 0.003782 -0.336259
v 0.011621 0.007359 -0.426472
v 0.040183 0.008067 -0.454156
v -0.008733 0.002546 -0.357977
v -0.009067 0.002280 -0.350592
v 0.016996 0.002104 -0.329364
v 0.023343 0.002108 -0.319150
v 0.049945 0.006371 -0.324603
v 0.027253 0.002422 -0.366151
v 0.114610 0.005085 -0.379407
v 0.129936 0.003172 -0.343946
v 0.131910 0.004096 -0.381566
v 0.134345 0.011989 -0.368454
v 0.188877 0.011718 -0.281304
v 0.251666 0.003168 -0.305955
v 0.190987 0.004044 -0.305395
v 0.330951 0.007674 -0.255671
v 0.324514 0.007876 -0.258463
v 0.332876 0.007303 -0.253148
v 0.332007 0.010858 -0.246362
v 0.340324 0.011257 -0.195640
v 0.325620 0.007164 -0.227262
v 0.330116 0.004690 -0.079095
v 0.338299 0.002927 -0.126134
v 0.289294 0.002743 0.029888
v 0.273734 0.002943 -0.230778
v 0.184113 0.001116 -0.269583
v 0.238760 0.003182 -0.164309
v 0.265443 0.006699 -0.186530
v 0.253373 0.005537 -0.187926
v 0.226814 0.006161 -0.205631
v 0.201394 0.003452 -0.217934
v 0.180627 0.003819 -0.239341
v 0.212959 0.003110 -0.245298
v 0.196955 0.003182 -0.274193
v 0.181242 0.003731 -0.234329
v 0.220129 0.003033 -0.259895
v 0.244170 0.002937 -0.212565
v 0.255579 0.003082 -0.211617
v 0.293614 0.007594 -0.237195
v 0.270935 0.003021 -0.156534
v 0.269310 0.021359 -0.136312
v 0.283190 0.008920 -0.166314
v 0.261406 0.018215 -0.248786
v 0.267276 0.024276 -0.179108
v 0.239815 0.034630 -0.243735
v 0.186607 0.009197 -0.221680
v 0.232190 0.020522 -0.170603
v 0.248472 0.027467 -0.155597
v 0.226435 0.018326 -0.189899
v 0.218582 0.025758 -0.203986
v 0.236256 0.039963 -0.173127
v 0.259168 0.042870 -0.072475
v 0.241505 0.032239 -0.231852
v 0.163266 0.043789 -0.254412
v 0.162531 0.048225 -0.237463
v 0.244065 0.041243 -0.238770
v 0.254398 0.044169 -0.067943
v 0.259472 0.030859 -0.266523
v 0.255588 0.030981 -0.233426
v 0.259441 0.041541 -0.234739
v 0.297165 0.026457 -0.249244
v 0.279352 0.033277 -0.158141
v 0.260000 0.044804 -0.072744
v 0.336600 0.013525 -0.075569
v 0.313817 0.009797 -0.173508
v 0.333815 0.014146 -0.189178
v 0.339382 0.017023 -0.185084
v 0.327543 0.015477 -0.235051
v 0.336993 0.008765 -0.240001
v 0.330661 0.012592 -0.254265
v 0.346366 0.013555 -0.194412
v 0.331883 0.013197 -0.182680
v 0.347546 0.021123 -0.119681
v 0.317220 0.028919 -0.032206
v 0.348538 0.014519 0.174925
v 0.298838 0.025779 0.260884
v 0.294107 0.028651 0.237655
v 0.325404 0.016615 0.173735
v 0.306775 0.028934 0.125963
v 0.331545 0.019507 0.044049
v 0.305425 0.039053 0.114421
v 0.306687 0.041268 0.102713
v 0.287098 0.035173 0.070427
v 0.271180 0.035930 0.073865
v 0.273520 0.041909 0.067707
v 0.252357 0.036743 0.190428
v 0.189620 0.042693 0.258091
v 0.029647 0.046728 0.270250
v 0.227400 0.035959 0.171133
v 0.203523 0.045315 0.198613
v 0.222421 0.033370 0.213981
v 0.171258 0.032201 0.266192
v 0.266269 0.018832 0.272472
v 0.282246 0.017016 0.267219
v 0.295813 0.006464 0.213078
v 0.261471 0.011919 0.269774
v 0.223988 0.002642 0.266408
v 0.289529 0.011282 0.215444
v 0.251019 0.004818 0.245542
v 0.244895 0.004390 0.259486
v 0.316506 0.002192 0.038975
v 0.379845 0.007968 0.076277
v 0.363813 0.012740 0.114662
v 0.125133 0.002448 0.294650
v 0.275488 0.007862 0.312440
v 0.122513 0.007542 0.428070
v 0.120286 0.003585 0.435572
v 0.080769 0.004230 0.431107
v 0.039778 0.001834 0.297252
v 0.016615 0.005739 0.382329
v 0.010659 0.002534 0.308394
v 0.076919 0.000725 0.426605
v 0.075805 0.008577 0.397478
v 0.080021 0.023139 0.404472
v 0.103858 0.027608 0.391585
v 0.036684 0.034436 0.362331
v 0.007539 0.047148 0.307104
v 0.055517 0.026145 0.326031
v 0.066382 0.029520 0.321578
v 0.047826 0.031137 0.300438
v 0.069338 0.029722 0.337037
v 0.129575 0.019345 0.388922
v 0.108021 0.022522 0.353609
v 0.105554 0.023129 0.341196
v 0.168873 0.041716 0.298133
v 0.169158 0.025902 0.308572
v 0.188767 0.044371 0.323761
v 0.194492 0.023367 0.314508
v 0.182811 0.032740 0.288701
v 0.267768 0.014291 0.300970
v 0.245944 0.015576 0.295857
v 0.257767 0.005293 0.288782
v 0.277126 0.010048 0.296422
v 0.272181 0.011658 0.357078
v 0.195572 0.037484 0.330929
v 0.376274 0.052477 0.135035
v 0.140071 0.054334 0.277888
v 0.141545 0.043887 0.308637
v 0.136063 0.055054 0.317000
v 0.171389 0.052911 0.346084
v 0.130270 0.071692 0.241072
v 0.138732 0.065129 0.220625
v 0.156989 0.068179 0.195221
v 0.151615 0.052768 0.305618
v 0.179423 0.064896 0.182439
v 0.220819 0.060654 0.163833
v 0.148394 0.070091 0.201311
v 0.177903 0.062551 0.186141
v 0.133687 0.074984 0.225676
v 0.132449 0.073911 0.216539
v 0.123402 0.076681 0.227390
v 0.142398 0.076783 0.237843
v 0.109984 0.092380 0.220180
v 0.113762 0.082208 0.213932
v 0.126927 0.111502 0.198737
v 0.120154 0.140438 0.136195
v 0.114613 0.149119 0.122964
v 0.122840 0.141152 0.129854
v 0.105932 0.147833 0.135186
v 0.107111 0.139643 0.141794
v 0.107648 0.138905 0.151396
v 0.162934 0.098595 0.152997
v 0.111950 0.109482 0.155505
v 0.128862 0.100189 0.180682
v 0.121071 0.102920 0.201302
v 0.152976 0.097363 0.163225
v 0.180421 0.086137 0.140577
v 0.167081 0.118566 0.058766
v 0.132726 0.135934 0.110605
v 0.143751 0.125440 0.116826
v 0.122370 0.141685 0.082813
v 0.141767 0.141386 0.053805
v 0.116477 0.146119 0.098421
v 0.109921 0.186238 0.044345
v 0.113404 0.181809 0.064474
v 0.112282 0.149327 0.083613
v 0.126352 0.153990 0.055694
v 0.126022 0.158057 0.037854
v 0.143831 0.148697 0.026633
v 0.094950 0.192584 0.021091
v 0.106575 0.171190 0.021443
v 0.109244 0.173612 0.034615
v 0.119132 0.169347 0.038834
v 0.144929 0.139268 0.033234
v 0.161546 0.148103 0.021203
v 0.246811 0.072509 0.038625
v 0.248308 0.073235 0.038384
v 0.256645 0.052416 0.077495
v 0.261059 0.053234 0.073109
v 0.258362 0.052565 0.108432
v 0.225009 0.065743 0.130119
v 0.206526 0.080589 0.098237
v 0.227443 0.072349 0.055797
v 0.242239 0.067711 0.069098
v 0.187547 0.098706 0.083065
v 0.166595 0.105881 0.103422
v 0.212553 0.073205 0.118950
v 0.187119 0.085043 0.137160
v 0.222410 0.065597 0.121829
v 0.229933 0.057330 0.122197
v 0.242097 0.060047 0.094569
v 0.244258 0.060132 0.070346
v 0.248052 0.069980 0.055067
v 0.236656 0.066227 0.070518
v 0.230226 0.075918 0.033228
v 0.243450 0.073356 0.042725
v 0.234566 0.073473 0.048013
v 0.230848 0.073455 0.040634
v 0.215906 0.075533 0.061690
v 0.236592 0.073826 0.034543
v 0.076691 0.156632 0.119757
v 0.086885 0.136711 0.139415
v 0.102051 0.124214 0.155035
v 0.103810 0.118645 0.152826
v 0.073630 0.150820 0.128723
v 0.076515 0.149145 0.141748
v 0.071817 0.157201 0.181270
v 0.030382 0.140456 0.186862
v 0.031815 0.122188 0.188798
v 0.054913 0.147451 0.140906
v -0.006262 0.181387 0.006168
v 0.017569 0.184442 0.087107
v 0.029805 0.179940 0.095524
v -0.005371 0.188800 0.085395
v 0.020150 0.206698 0.005616
v 0.046623 0.207487 0.033395
v 0.071888 0.195719 0.023441
v 0.091555 0.187498 0.025330
v 0.063534 0.213740 0.037380
v 0.071444 0.216963 0.071079
v 0.083675 0.210160 0.067622
v 0.096339 0.203063 0.060336
v 0.046369 0.190390 0.104464
v 0.030203 0.193831 0.091217
v 0.027236 0.117588 0.203804
v 0.031267 0.114237 0.204371
v 0.032977 0.110316 0.199112
v 0.032615 0.112263 0.200071
v 0.031569 0.112360 0.204212
v 0.033170 0.111093 0.208453
v 0.040082 0.128685 0.202580
v 0.107270 0.129932 0.204292
v 0.044962 0.126574 0.220463
v 0.033964 0.111633 0.200147
v 0.031917 0.112566 0.199657
v 0.035294 0.144897 0.199370
v 0.080845 0.121307 0.223909
v 0.062906 0.113006 0.224615
v 0.001249 0.097467 0.219819
v -0.005696 0.095765 0.219517
v 0.070994 0.084709 0.224735
v 0.105381 0.080795 0.218669
v 0.094073 0.083251 0.222032
v 0.038665 0.041758 0.277018
v 0.017699 0.055007 0.287491
v -0.026607 0.069359 0.258312
v -0.084321 0.056793 0.270990
v -0.137254 0.074175 0.233723
v -0.081952 0.084723 0.231873
v -0.063382 0.093148 0.221504
v -0.014654 0.090725 0.238136
v -0.020285 0.098430 0.227240
v -0.022391 0.096363 0.236120
v -0.025955 0.093685 0.242220
v -0.027742 0.087166 0.250644
v -0.019180 0.065275 0.254918
v -0.027190 0.073331 0.258432
v -0.133491 0.119240 0.157593
v -0.078959 0.132075 0.158668
v -0.115899 0.159857 0.110372
v -0.139776 0.131365 0.116371
v -0.134570 0.132267 0.142919
v -0.122808 0.135362 0.123551
v -0.112073 0.143648 0.112707
v -0.092879 0.139276 0.142563
v -0.098370 0.134435 0.143455
v -0.097061 0.133258 0.141589
v -0.098644 0.137591 0.141052
v -0.102478 0.141269 0.126551
v -0.064313 0.207737 0.026807
v -0.110288 0.205028 0.017384
v -0.072681 0.218694 0.036426
v -0.029533 0.630012 0.013461
v -0.031549 0.629108 0.015844
v -0.031097 0.637198 0.002889
v -0.027481 0.649346 0.005386
v -0.065161 0.198846 0.075089
v -0.044269 0.202812 0.016300
v -0.024174 0.184220 0.043481
v -0.056266 0.179429 0.086986
v -0.079917 0.186274 0.087335
v -0.047453 0.190436 0.083096
v -0.135144 0.180144 0.052804
v -0.106223 0.169131 0.092602
v -0.128778 0.167082 0.066849
v -0.107642 0.185055 0.002066
v -0.115977 0.198221 0.051901
v -0.206036 0.116059 0.014768
v -0.249470 0.100563 0.005418
v -0.244755 0.084781 0.028005
v -0.206753 0.129621 0.065679
v -0.255391 0.066249 0.082691
v -0.305468 0.060529 0.021823
v -0.272710 0.062110 0.014927
v -0.185546 0.143507 0.002021
v -0.173401 0.149412 0.022249
v -0.435132 0.958386 0.002264
v -0.437062 0.955954 0.000702
v -0.162770 0.156026 0.031387
v -0.143208 0.172468 0.027514
v -0.156328 0.155062 0.034099
v -0.157269 0.148228 0.051015
v -0.204349 0.132712 0.053194
v -0.207462 0.134968 0.032146
v -0.216984 0.105421 0.080583
v -0.158787 0.132449 0.112691
v -0.150391 0.143315 0.099856
v -0.181214 0.136876 0.080566
v -0.161600 0.126518 0.117279
v -0.160955 0.131857 0.114355
v -0.184989 0.097998 0.127829
v -0.153293 0.133860 0.130070
v -0.167908 0.083210 0.184152
v -0.169855 0.078405 0.207645
v -0.194324 0.090901 0.121213
v -0.225094 0.075387 0.208409
v -0.176389 0.067940 0.207544
v -0.268261 0.060543 0.093683
v -0.243066 0.059366 0.245473
v -0.223752 0.031457 0.289595
v -0.233777 0.017239 0.305607
v -0.301853 0.025861 0.313352
v -0.253329 0.029826 0.254319
v -0.281995 0.030117 0.240604
v -0.340927 0.023458 0.236784
v -0.175203 0.038361 0.260355
v -0.190642 0.013492 0.294321
v -0.189221 0.027437 0.299247
v -0.104445 0.044694 0.292963
v -0.097979 0.052032 0.304863
v -0.035454 0.035836 0.364494
v -0.045159 0.035954 0.353040
v -0.031338 0.045666 0.315759
v -0.060754 0.019372 0.324255
v -0.061743 0.022777 0.303921
v -0.042844 0.025613 0.311311
v -0.058573 0.024879 0.303284
v -0.055304 0.024443 0.312651
v -0.100348 0.014063 0.334311
v -0.098852 0.016985 0.335036
v -0.121311 0.017195 0.331758
v -0.028103 0.003091 0.335863
v -0.055116 0.003261 0.362854
v -0.022966 0.002972 0.362002
v -0.429025 0.018107 0.147391
v -0.385821 0.006681 0.029431
v -0.393234 0.007961 0.028301
v -0.459426 0.015738 0.018371
v -0.371703 0.003210 0.027644
v -0.384191 0.003135 0.006781
v -0.352624 0.015240 0.198551
v -0.315438 0.024618 0.146626
v -0.312894 0.023407 0.206098
v -0.288323 0.027996 0.211081
v -0.272465 0.040633 0.169584
v -0.284513 0.052752 0.106821
v -0.270994 0.045237 0.180342
v -0.261141 0.054800 0.205522
v -0.298704 0.054120 0.086277
v -0.313976 0.034901 0.189467
v -0.296490 0.040916 0.070104
v -0.316287 0.039267 0.085340
v -0.318878 0.037858 0.065178
v -0.320878 0.035502 0.058802
v -0.293879 0.049341 0.010012
v -0.303592 0.045619 0.009389
v -0.309749 0.046926 0.020924
v -0.328092 0.045280 0.033564
v -0.335752 0.026771 0.062702
v -0.346620 0.025549 0.056927
v -0.347239 0.027488 0.055379
v -0.350907 0.027420 0.061960
v -0.383478 0.023587 0.125679
v -0.325864 0.025722 0.160119
v -0.328900 0.040935 0.124070
v -0.338541 0.029921 0.120244
v -0.416584 0.024539 0.128905
v -0.440062 0.022356 0.085299
v -0.399539 0.017257 -0.061231
v -0.409126 0.020593 -0.075907
v -0.424658 0.014431 -0.016882
v -0.423625 0.008069 -0.036826
v -0.410238 0.007103 -0.056696
v -0.419053 0.007643 -0.043326
v -0.381465 0.008898 -0.033143
v -0.396708 0.018011 -0.254048
v -0.417575 0.011820 -0.217589
v -0.385093 0.014866 -0.145085
v -0.405408 0.010356 -0.249104
v -0.378935 0.007491 -0.205033
v -0.341254 0.007471 -0.158374
v -0.344131 0.011602 -0.161042
v -0.367783 0.009066 -0.153164
v -0.375051 0.006697 -0.148846
v -0.348247 0.015471 -0.054819
v -0.369123 0.009632 -0.042880
v -0.356952 0.003835 -0.044302
v -0.356341 0.011428 -0.047028
v -0.349556 0.011199 -0.047934
v -0.362096 0.022685 -0.028253
v -0.368001 0.020135 -0.122032
v -0.391249 0.019522 -0.056099
v -0.399343 0.006201 0.009601
v -0.392700 0.007734 -0.004475
v -0.388422 0.011804 -0.001867
v -0.349824 0.036484 -0.104131
v -0.376541 0.014002 -0.128294
v -0.361918 0.026756 -0.046236
v -0.362211 0.032637 -0.058556
v -0.361579 0.018836 -0.026133
v -0.349915 0.027254 -0.043916
v -0.353544 0.022413 -0.059783
v -0.346413 0.030799 -0.067077
v -0.348628 0.022402 -0.069279
v -0.336655 0.018154 -0.062493
v -0.339689 0.018876 -0.061323
v -0.346099 0.019754 -0.068188
v -0.354783 0.019934 -0.085083
v -0.318449 0.025007 -0.271097
v -0.341835 0.042505 -0.103618
v -0.327567 0.007518 -0.158493
v -0.348583 0.026417 -0.081191
v -0.319676 0.023827 -0.214715
v -0.332121 0.025821 -0.237090
v -0.219151 0.023396 -0.263938
v -0.256325 0.020314 -0.245411
v -0.257878 0.024118 -0.237920
v -0.241559 0.025443 -0.256948
v -0.320815 0.033733 -0.135671
v -0.336147 0.023482 -0.213304
v -0.320361 0.013090 -0.161446
v -0.324401 0.013634 -0.185966
v -0.238137 0.015236 -0.256043
v -0.260423 0.014626 -0.258197
v -0.316307 0.005329 -0.208012
v -0.328430 0.010002 -0.201825
v -0.336909 0.009275 -0.154767
v -0.345590 0.013043 -0.102987
v -0.359845 0.012270 -0.028604
v -0.339296 0.011816 -0.064320
v -0.348035 0.011723 -0.054977
v -0.335238 0.009572 -0.070037
v -0.347443 0.010549 -0.044087
v -0.367207 0.003022 -0.049025
v -0.342888 0.002733 -0.007699
v -0.376872 0.003882 -0.038536
v -0.342195 0.010745 -0.202942
v -0.341010 0.002119 -0.162827
v -0.357916 0.004554 -0.015661
v -0.255898 0.004193 -0.265146
v -0.323896 0.004757 -0.072120
v -0.326044 0.004494 -0.120595
v -0.327281 0.002977 -0.136118
v -0.343211 0.001971 -0.107838
v -0.332262 0.001822 -0.113358
v -0.403993 0.006394 -0.103458
v -0.393459 0.009106 -0.124955
v -0.389442 0.009705 -0.128706
v -0.414825 0.005097 -0.039444
v -0.423705 0.006339 -0.051807
v -0.396451 0.005872 -0.000587
v -0.400817 0.003720 0.005492
v -0.340996 0.006453 -0.146307
v -0.400662 0.003796 -0.110559
v -0.366107 0.007785 -0.253169
v -0.379765 0.002292 -0.261158
v -0.375093 0.008338 -0.244991
v -0.411349 0.008389 -0.211847
v -0.386221 0.003001 -0.203591
v -0.377364 0.004891 -0.253558
v -0.242130 0.003259 -0.267357
v -0.218325 0.007303 -0.365435
v -0.216361 0.004142 -0.359244
v -0.239956 0.003071 -0.338166
v -0.015699 0.008152 -0.351482
v -0.043689 0.004902 -0.352020
v -0.039381 0.005098 -0.353522
v -0.129221 0.003122 -0.445661
v -0.116007 0.008653 -0.452939
v -0.122587 0.005959 -0.437828
v -0.054846 0.005811 -0.402830
v -0.046049 0.004894 -0.358962
v -0.053019 0.005844 -0.401495
v -0.031682 0.009126 -0.343098
v -0.037442 0.005270 -0.346292
v -0.093592 0.007745 -0.379250
v -0.048195 0.008666 -0.324246
v -0.101669 0.007207 -0.393190
v -0.162871 0.020664 -0.310461
v -0.140288 0.012144 -0.451120
v -0.119362 0.009943 -0.456748
v -0.139818 0.015021 -0.415276
v -0.116253 0.012811 -0.446598
v -0.121009 0.010607 -0.428168
v -0.124312 0.010712 -0.430338
v -0.122903 0.013168 -0.439864
v -0.126435 0.013863 -0.423009
v -0.100126 0.008050 -0.390268
v -0.033960 0.010666 -0.386016
v -0.033460 0.011036 -0.386982
v -0.018827 0.009114 -0.335782
v -0.017024 0.012306 -0.337058
v -0.048410 0.015590 -0.406927
v -0.034081 0.010282 -0.393205
v -0.045064 0.014635 -0.385976
v -0.048496 0.018304 -0.414267
v -0.013793 0.027562 -0.371389
v -0.025031 0.026018 -0.335125
v -0.029972 0.020268 -0.354026
v -0.025729 0.025043 -0.340355
v -0.008234 0.019708 -0.334347
v -0.017547 0.012096 -0.334059
v -0.015813 0.017144 -0.339701
v -0.073261 0.024901 -0.320423
v -0.096429 0.029701 -0.375017
v -0.112719 0.019070 -0.430069
v -0.157447 0.024836 -0.449809
v -0.102291 0.027130 -0.428588
v -0.168106 0.022730 -0.408194
v -0.171155 0.027181 -0.430636
v -0.175530 0.019510 -0.431016
v -0.159251 0.011292 -0.398549
v -0.199506 0.027027 -0.279131
v -0.323372 0.015220 -0.278575
v -0.260441 0.053653 -0.190401
v -0.284955 0.047253 -0.227945
v -0.346360 0.054710 -0.124296
v -0.288194 0.053555 -0.132392
v -0.311557 0.061311 -0.093560
v -0.312251 0.033968 -0.126413
v -0.312513 0.043227 -0.138729
v -0.399379 0.026976 -0.146720
v -0.338057 0.047643 -0.084572
v -0.339089 0.056033 -0.050718
v -0.383964 0.056884 -0.024934
v -0.301249 0.051884 -0.004148
v -0.286261 0.057880 -0.031396
v -0.285030 0.068007 -0.036951
v -0.268767 0.075410 -0.021542
v -0.264174 0.070785 -0.025682
v -0.261677 0.078963 -0.028259
v -0.270309 0.081321 -0.039452
v -0.263968 0.082281 -0.038605
v -0.294580 0.059699 -0.067512
v -0.288083 0.070601 -0.051156
v -0.288372 0.055035 -0.061263
v -0.322749 0.031377 -0.058035
v -0.300035 0.048891 -0.049079
v -0.304025 0.043895 -0.085897
v -0.258251 0.044231 -0.274210
v -0.223881 0.082414 -0.207823
v -0.233761 0.069930 -0.228690
v -0.232526 0.077585 -0.212776
v -0.254642 0.081049 -0.099616
v -0.240226 0.084305 -0.119282
v -0.257294 0.064945 -0.201412
v -0.210711 0.041961 -0.248569
v -0.214654 0.054443 -0.245870
v -0.177975 0.083242 -0.204475
v -0.109575 0.062229 -0.296384
v -0.077035 0.065681 -0.283851
v -0.063173 0.047225 -0.312985
v -0.039967 0.039999 -0.334186
v -0.073789 0.034783 -0.338197
v -0.074379 0.029387 -0.433246
v -0.080971 0.031696 -0.437136
v -0.216011 0.048337 -0.344252
v -0.123946 0.069247 -0.345710
v -0.069116 0.052257 -0.315811
v -0.013450 0.059497 -0.316498
v -0.032786 0.072980 -0.293531
v -0.055612 0.108765 -0.244304
v -0.053265 0.109478 -0.232131
v -0.047951 0.106642 -0.267815
v -0.051762 0.087312 -0.286686
v -0.050705 0.082625 -0.296924
v -0.043665 0.095247 -0.279634
v -0.066333 0.086961 -0.287467
v -0.083736 0.090034 -0.263019
v -0.013336 0.129689 -0.202052
v -0.029900 0.182373 -0.157047
v -0.007543 0.197677 -0.110196
v -0.058431 0.202484 -0.056115
v -0.039835 0.175670 -0.158060
v -0.061226 0.173423 -0.130189
v -0.039371 0.177487 -0.128107
v -0.040081 0.209519 -0.035683
v -0.058398 0.202191 -0.047823
v -0.066682 0.202245 -0.036807
v -0.033371 0.204264 -0.005028
v -0.140553 0.171004 -0.052989
v -0.180902 0.148634 -0.044110
v -0.167714 0.149514 -0.047950
v -0.210457 0.138461 -0.044770
v -0.214092 0.131542 -0.042720
v -0.198527 0.134244 -0.038591
v -0.204154 0.137878 -0.044686
v -0.212809 0.126552 -0.037560
v -0.225657 0.109294 -0.039083
v -0.218175 0.120326 -0.037991
v -0.204581 0.126683 -0.032055
v -0.149013 0.173416 -0.010629
v -0.133781 0.180883 -0.003008
v -0.143194 0.172610 -0.022259
v -0.166309 0.157695 -0.036126
v -0.157116 0.164553 -0.020277
v -0.268241 0.083784 -0.039992
v -0.231877 0.103328 -0.039306
v -0.241292 0.098564 -0.044201
v -0.233519 0.094025 -0.049395
v -0.243740 0.096878 -0.041425
v -0.246385 0.090420 -0.049333
v -0.254871 0.097518 -0.047083
v -0.262997 0.093768 -0.046865
v -0.260553 0.093045 -0.047562
v -0.232964 0.103240 -0.054326
v -0.242599 0.100204 -0.060469
v -0.232785 0.116672 -0.046356
v -0.208988 0.148698 -0.085037
v -0.200973 0.155745 -0.089979
v -0.163273 0.133385 -0.120793
v -0.234569 0.126110 -0.086001
v -0.253601 0.080922 -0.098354
v -0.253727 0.078936 -0.098844
v -0.238963 0.090802 -0.124494
v -0.213048 0.109774 -0.120623
v -0.167527 0.130473 -0.111693
v -0.148970 0.154869 -0.109575
v -0.148712 0.148342 -0.111256
v -0.210601 0.123778 -0.115719
v -0.212491 0.133221 -0.109504
v 0.133191 0.077008 -0.235254
v 0.352079 0.013313 -0.196153
v 0.143520 0.126155 0.108101
v 0.149663 0.135755 0.056690
v 0.023579 0.194109 0.063763
v -0.077602 0.217265 0.052742
v -0.162531 0.118962 0.096193
v -0.184437 0.107798 0.115163
v -0.156557 0.129625 0.139724
v -0.344920 0.009278 -0.132596
v -0.351172 0.007342 -0.039024
v -0.247058 0.094836 -0.041981
v 0.078587 0.131787 -0.157439
v 0.141014 0.081453 -0.216802
v 0.130869 0.101907 -0.179344
v 0.174194 0.027065 -0.259408
v 0.068990 0.006073 0.406807
v 0.251670 0.012811 0.297628
v 0.145211 0.103250 0.162835
v 0.120453 0.088859 0.195694
v 0.114370 0.145372 0.074895
v 0.168194 0.103515 0.116623
v 0.215985 0.080267 0.052221
v 0.103911 0.141895 0.149757
v 0.072005 0.202522 0.031823
v -0.078939 0.126173 0.160064
v -0.162670 0.012195 0.333238
v -0.293251 0.037470 0.087311
v -0.293570 0.041504 0.080317
v -0.323218 0.039822 0.052912
v -0.394479 0.054898 -0.004685
v 0.018120 0.195592 -0.099889
v -0.282979 0.043033 0.090060
v -0.010109 0.038306 -0.323208
v 0.165255 0.131447 -0.117405
v 0.161682 0.117851 -0.125793
v 0.132858 0.134886 -0.140053
v 0.105399 0.139040 -0.153491
v 0.096795 0.158049 -0.130017
v 0.106950 0.170529 -0.079272
v 0.135870 0.155752 -0.089396
v 0.147512 0.111996 -0.166167
v 0.127433 0.115270 -0.183830
v 0.114080 0.131564 -0.173522
v 0.155976 0.135708 -0.109400
v 0.144779 0.147028 -0.096753
v 0.129623 0.142142 -0.099897
v 0.094379 0.138305 -0.138559
v 0.092364 0.130938 -0.149645
v 0.081713 0.126879 -0.165299
v 0.098914 0.127934 -0.165829
v 0.102478 0.130367 -0.166061
v 0.108993 0.136257 -0.138827
v 0.091332 0.125776 -0.162599
v 0.095268 0.125444 -0.165591
v 0.147111 0.108894 -0.157654
v 0.157353 0.098557 -0.153072
v 0.151200 0.109213 -0.132234
v 0.127488 0.131178 -0.163082
v 0.131591 0.117686 -0.174631
v 0.164379 0.149256 -0.096644
v 0.164698 0.143459 -0.097052
v 0.166167 0.144539 -0.093730
v 0.148796 0.150906 -0.088046
v 0.160975 0.135922 -0.107366
v 0.165696 0.136123 -0.105445
v 0.114520 0.157539 -0.097597
v 0.106481 0.159422 -0.111697
v 0.106874 0.166173 -0.083747
v 0.175495 0.145888 -0.055581
v 0.182853 0.141841 -0.074253
v 0.161739 0.155824 -0.075482
v 0.133207 0.156420 -0.062046
v 0.144047 0.152593 -0.050848
v 0.161518 0.144190 -0.040938
v 0.375523 0.899006 0.003017
v 0.375298 0.896505 0.003448
v 0.374438 0.901872 0.003847
v 0.149001 0.139677 -0.033979
v 0.145136 0.144069 -0.028825
v 0.153258 0.143044 -0.026346
v 0.161828 0.142892 -0.024143
v 0.163417 0.138535 -0.028252
v 0.166572 0.134725 -0.041955
v 0.375645 0.900149 0.009086
v 0.375354 0.903070 0.008354
v 0.132984 0.169950 -0.030232
v 0.094728 0.183180 -0.034784
v 0.115304 0.181689 -0.026975
v 0.075282 0.193061 -0.037263
v 0.115586 0.180726 -0.006410
v 0.105438 0.180814 -0.013889
v 0.105725 0.175712 -0.028626
v 0.105878 0.168212 -0.040843
v 0.043236 0.207186 -0.054126
v 0.023979 0.216163 -0.073959
v 0.056434 0.198738 -0.044780
v 0.079190 0.182109 -0.088965
v 0.029395 0.181387 -0.120317
v 0.011041 0.208582 -0.095525
v 0.073481 0.157563 -0.137473
v 0.050747 0.158365 -0.159191
v 0.057701 0.194356 -0.037038
v 0.058775 0.191920 -0.042988
v 0.069503 0.186054 -0.046013
v 0.076489 0.191854 -0.009898
v 0.067037 0.197260 -0.016331
v 0.066076 0.198682 -0.002703
v 0.079193 0.187897 0.016986
v 0.083390 0.185167 0.009277
v 0.052326 0.204418 -0.006971
v 0.042788 0.205823 -0.007687
v 0.045215 0.204651 -0.015785
v 0.044621 0.208480 -0.015335
v 0.049450 0.203876 -0.031140
v 0.058387 0.204174 -0.023264
v -0.005222 0.203695 -0.004993
v -0.000415 0.208097 -0.000297
v 0.006346 0.199496 0.014852
v 0.007517 0.201731 0.001149
v 0.009628 0.197479 0.005677
v 0.015920 0.201309 -0.000920
v 0.009537 0.212678 -0.023557
v -0.003858 0.189244 -0.001727
v 0.004098 0.191501 0.012420
v -0.025059 0.201020 -0.014957
v -0.029477 0.196998 -0.006850
v -0.009981 0.214448 -0.077459
v 0.008698 0.216711 -0.065821
v 0.006184 0.212387 -0.082172
v -0.031452 0.200404 -0.095029
v -0.036464 0.203792 -0.088347
v 0.000127 0.204917 -0.005700
v -0.007945 0.212304 -0.014526
v -0.004220 0.213714 -0.015818
v 0.007621 0.201567 0.001189
v 0.012934 0.192276 -0.104847
v 0.015504 0.196137 -0.099952
v 0.004239 0.217926 -0.022218
v 0.015001 0.219801 -0.027424
v 0.020380 0.214282 -0.017922
v 0.020120 0.209377 -0.006240
v 0.015796 0.150640 -0.184430
v -0.006456 0.180166 -0.168392
v 0.020235 0.169364 -0.138246
v 0.034518 0.171107 -0.142646
v 0.030562 0.171319 -0.142326
v 0.010670 0.165114 -0.148225
v 0.009417 0.165830 -0.145286
v 0.013910 0.162938 -0.154051
v 0.020942 0.170841 -0.134422
v 0.009969 0.173651 -0.123494
v 0.007304 0.167014 -0.140431
v 0.007489 0.169623 -0.132141
v 0.048918 0.148853 -0.189157
v 0.080373 0.133589 -0.165755
v 0.075664 0.105484 -0.221155
v 0.053219 0.131208 -0.219826
v 0.034842 0.145776 -0.214480
v 0.037125 0.112791 -0.235158
v 0.015189 0.115844 -0.233303
v 0.022213 0.133319 -0.227510
v 0.062277 0.125947 -0.204518
v 0.062410 0.131807 -0.189250
v 0.053191 0.142220 -0.194752
v 0.038419 0.142518 -0.212160
v 0.047200 0.133246 -0.216439
v 0.048337 0.117261 -0.224388
v 0.029997 0.119885 -0.228689
v 0.016695 0.144991 -0.173748
v 0.026654 0.142321 -0.171236
v 0.028681 0.147137 -0.163462
v 0.029610 0.153119 -0.160272
v 0.015066 0.156985 -0.165079
v 0.068263 0.075147 -0.268550
v 0.062563 0.058674 -0.292901
v -0.005633 0.066943 -0.337865
v -0.017580 0.074286 -0.293966
v -0.003430 0.089104 -0.267684
v 0.043619 0.065789 -0.304730
v 0.030025 0.070363 -0.335219
v 0.011308 0.066777 -0.356496
v 0.087084 0.095749 -0.286248
v 0.109417 0.091054 -0.295196
v 0.101524 0.075650 -0.310922
v 0.100600 0.056575 -0.316784
v 0.075054 0.067657 -0.308310
v 0.062858 0.081305 -0.280070
v 0.126964 0.085021 -0.284318
v 0.113330 0.095179 -0.279166
v 0.116008 0.092683 -0.264888
v 0.128238 0.081198 -0.262489
v 0.134591 0.075698 -0.277197
v 0.119137 0.084259 -0.251646
v 0.080767 0.071099 -0.280420
v 0.078711 0.081771 -0.269905
v 0.103078 0.072953 -0.271888
v 0.064864 0.038767 -0.317858
v 0.081840 0.044675 -0.306622
v 0.101356 0.047530 -0.306664
v 0.106290 0.066694 -0.278778
v 0.100551 0.061660 -0.286793
v 0.102626 0.067744 -0.278524
v 0.087279 0.083249 -0.265065
v 0.100114 0.082329 -0.261839
v 0.093700 0.072496 -0.275226
v 0.068962 0.070339 -0.285351
v 0.068121 0.071786 -0.284001
v 0.104570 0.073444 -0.270776
v 0.120306 0.056198 -0.287900
v 0.128652 0.050709 -0.292471
v 0.121850 0.051575 -0.295803
v 0.116078 0.057183 -0.287598
v 0.126763 0.049755 -0.295975
v 0.129298 0.063887 -0.274053
v 0.134129 0.059323 -0.261547
v 0.126488 0.070072 -0.265242
v 0.131937 0.055152 -0.282445
v 0.126159 0.049812 -0.297239
v 0.130529 0.041385 -0.290080
v 0.124569 0.079018 -0.296926
v 0.133810 0.067718 -0.292523
v 0.123859 0.058598 -0.308874
v 0.107362 0.045476 -0.318332
v 0.115595 0.037255 -0.321725
v 0.085819 0.035420 -0.331529
v 0.061082 0.034925 -0.351146
v 0.049670 0.053263 -0.345837
v 0.132042 0.074076 -0.251363
v 0.137437 0.085108 -0.223731
v 0.142871 0.071645 -0.242997
v 0.103086 0.092788 -0.256772
v 0.086872 0.092056 -0.250353
v 0.092532 0.089019 -0.241901
v 0.090554 0.084989 -0.241470
v 0.111164 0.081896 -0.241385
v 0.072793 0.088220 -0.243008
v 0.060509 0.095962 -0.234594
v 0.049163 0.093769 -0.241170
v 0.044734 0.079965 -0.267214
v 0.070039 0.099196 -0.226789
v 0.105471 0.075241 -0.247600
v 0.081674 0.091610 -0.235009
v 0.101174 0.082536 -0.259747
v 0.007762 0.103390 -0.244820
v 0.061385 0.096971 -0.242899
v 0.073606 0.097896 -0.238784
v 0.139332 0.096020 -0.194518
v 0.132642 0.095986 -0.202507
v 0.114701 0.105979 -0.196406
v 0.092545 0.108346 -0.203747
v 0.098808 0.115920 -0.179773
v 0.103127 0.111504 -0.184457
v 0.114260 0.104604 -0.186650
v 0.109125 0.106521 -0.192001
v 0.091821 0.111333 -0.193801
v 0.084104 0.109709 -0.202801
v 0.104257 0.107858 -0.192891
v 0.093802 0.111394 -0.190457
v 0.126219 0.096997 -0.202110
v 0.126161 0.097395 -0.201234
v 0.108795 0.106754 -0.191935
v 0.049870 0.102073 -0.226864
v 0.075404 0.110567 -0.204985
v 0.124908 0.096210 -0.209435
v 0.126451 0.095408 -0.205605
v 0.126741 0.093424 -0.209971
v 0.182720 0.099859 -0.118244
v 0.191714 0.086876 -0.140178
v 0.186934 0.078247 -0.174890
v 0.159657 0.087113 -0.185212
v 0.181425 0.107007 -0.036138
v 0.186018 0.119661 -0.048275
v 0.172580 0.133517 -0.045337
v 0.180637 0.119453 -0.025810
v 0.181724 0.110529 -0.026953
v 0.168594 0.129074 -0.039778
v 0.167603 0.127925 -0.033913
v 0.131537 0.095732 -0.193320
v 0.135909 0.094740 -0.187043
v 0.148865 0.090202 -0.183004
v 0.148879 0.082804 -0.201190
v 0.126161 0.097395 -0.201234
v 0.158447 0.076653 -0.201492
v 0.156064 0.073661 -0.212543
v 0.157805 0.072241 -0.213109
v 0.171707 0.059052 -0.215416
v 0.148834 0.068099 -0.230465
v 0.125512 0.074759 -0.240463
v 0.138639 0.080912 -0.222012
v 0.127560 0.080096 -0.233736
v 0.128375 0.069478 -0.247090
v 0.124900 0.075925 -0.239553
v 0.130136 0.088399 -0.215821
v 0.162275 0.075256 -0.197993
v 0.160945 0.081455 -0.186000
v 0.158858 0.081833 -0.188216
v 0.161707 0.072983 -0.204007
v 0.184139 0.059996 -0.195154
v 0.190217 0.061711 -0.184660
v 0.213353 0.081562 -0.042777
v 0.208056 0.086772 -0.041391
v 0.212286 0.083452 -0.049931
v 0.203717 0.093132 -0.032230
v 0.203038 0.090657 -0.048813
v 0.217321 0.077436 -0.041081
v 0.227549 0.067135 -0.051904
v 0.229494 0.061939 -0.046118
v 0.234246 0.065024 -0.043664
v 0.191994 0.094424 -0.041028
v 0.194713 0.092713 -0.043991
v 0.203141 0.090655 -0.049174
v 0.192573 0.098057 -0.057826
v 0.193426 0.106948 -0.058959
v 0.188895 0.106000 -0.047236
v 0.184666 0.102404 -0.038179
v 0.188674 0.097910 -0.039278
v 0.189980 0.096515 -0.039719
v 0.193874 0.112533 -0.046728
v 0.189432 0.127153 -0.049711
v 0.181097 0.127023 -0.033765
v 0.181971 0.134439 -0.019921
v 0.199378 0.114066 -0.008060
v 0.204674 0.095413 -0.037465
v 0.207014 0.097277 -0.054639
v 0.198714 0.111493 -0.063268
v 0.230407 0.070615 -0.010978
v 0.220304 0.075282 -0.015956
v 0.236834 0.065920 0.001891
v 0.235965 0.070345 0.003031
v 0.240864 0.068516 0.011236
v 0.248806 0.065295 0.005356
v 0.236199 0.063526 0.008072
v 0.247494 0.068904 -0.030718
v 0.258841 0.068592 0.024266
v 0.254998 0.063671 0.007745
v 0.254440 0.069499 -0.014098
v 0.236155 0.073215 -0.019233
v 0.229764 0.079846 -0.003911
v 0.233595 0.073854 0.012519
v 0.220081 0.085378 -0.045089
v 0.221578 0.076098 -0.041291
v 0.229579 0.082300 -0.052159
v 0.227036 0.069296 -0.070649
v 0.234493 0.056884 -0.088386
v 0.241080 0.051476 -0.075418
v 0.245639 0.049515 -0.070533
v 0.251673 0.048585 -0.073021
v 0.244793 0.047912 -0.061054
v 0.243107 0.050136 -0.068419
v 0.266203 0.046879 -0.048669
v 0.267280 0.042653 -0.057607
v 0.245686 0.055591 -0.051889
v 0.238667 0.051791 -0.057009
v 0.261771 0.056124 -0.041366
v 0.177145 0.127440 -0.103548
v 0.175787 0.136289 -0.094866
v 0.190306 0.123572 -0.079233
v 0.188719 0.107595 -0.097822
v 0.175544 0.115737 -0.111802
v 0.196264 0.115362 -0.087688
v 0.183826 0.115533 -0.111344
v 0.213844 0.083866 -0.099434
v 0.227148 0.066490 -0.113791
v 0.214741 0.073353 -0.126942
v 0.185312 0.132497 -0.093388
v 0.194382 0.124602 -0.068332
v 0.208663 0.098668 -0.082513
v 0.191645 0.118505 -0.060442
v 0.194416 0.096438 -0.080285
v 0.186584 0.100230 -0.101838
v 0.223377 0.095250 -0.079869
v 0.241663 0.069773 -0.076095
v 0.229795 0.077837 -0.092824
v 0.243109 0.060415 -0.059644
v 0.165939 0.064447 -0.262871
v 0.156822 0.066226 -0.237332
v 0.173326 0.055947 -0.227494
v 0.196065 0.056710 -0.221240
v 0.208439 0.053729 -0.246703
v 0.211969 0.047622 -0.275105
v 0.198577 0.042627 -0.295017
v 0.178949 0.047861 -0.288549
v 0.221288 0.049108 -0.259863
v 0.231018 0.042374 -0.286528
v 0.233604 0.046591 -0.268610
v 0.239632 0.047149 -0.251746
v 0.247576 0.050097 -0.254389
v 0.249892 0.049915 -0.275037
v 0.243123 0.040694 -0.284222
v 0.257506 0.053966 -0.258151
v 0.294759 0.021860 -0.293132
v 0.281847 0.022520 -0.278685
v 0.246160 0.030236 -0.295907
v 0.278790 0.039693 -0.292184
v 0.299156 0.029146 -0.280154
v 0.253997 0.042659 -0.289821
v 0.260003 0.028965 -0.269059
v 0.095805 0.023195 -0.398888
v 0.144588 0.017418 -0.391105
v 0.146521 0.015482 -0.389814
v 0.152120 0.013179 -0.391981
v 0.142686 0.012881 -0.399435
v 0.257567 0.022312 -0.292782
v 0.238576 0.022228 -0.308242
v 0.217425 0.030038 -0.298522
v 0.216742 0.038259 -0.304551
v 0.211012 0.010253 -0.354837
v 0.239648 0.007220 -0.329945
v 0.191511 0.012145 -0.343001
v 0.183809 0.008514 -0.324276
v 0.319215 0.007711 -0.261645
v 0.311483 0.005572 -0.271686
v 0.295766 0.019929 -0.262815
v 0.275493 0.046157 -0.266799
v 0.261298 0.048553 -0.264818
v 0.262616 0.046097 -0.277434
v 0.265485 0.038527 -0.290189
v 0.276867 0.038062 -0.285388
v 0.287564 0.037524 -0.275289
v 0.292727 0.041522 -0.269057
v 0.264921 0.052268 -0.276869
v 0.272452 0.053696 -0.262375
v 0.272088 0.026611 -0.269726
v 0.257249 0.022966 -0.274741
v 0.251812 0.026126 -0.282869
v 0.245801 0.030739 -0.275582
v 0.241646 0.033187 -0.265446
v 0.249255 0.027558 -0.264343
v 0.257295 0.021323 -0.263237
v 0.156991 0.026040 -0.291603
v 0.145888 0.026130 -0.301351
v 0.154523 0.026024 -0.306387
v 0.176255 0.017478 -0.270164
v 0.173211 0.022657 -0.263361
v 0.164455 0.027639 -0.313361
v 0.164531 0.027948 -0.314492
v 0.165071 0.025338 -0.314225
v 0.173031 0.021893 -0.294967
v 0.156973 0.032309 -0.326781
v 0.163984 0.031944 -0.320001
v 0.159361 0.035152 -0.313237
v 0.145822 0.026382 -0.312977
v 0.160722 0.023079 -0.314038
v 0.154046 0.018419 -0.313445
v 0.162851 0.009033 -0.294574
v 0.189017 0.015320 -0.289724
v 0.146556 0.009741 -0.313382
v 0.164465 0.015742 -0.323816
v 0.184036 0.014942 -0.307654
v 0.158567 0.013086 -0.318078
v 0.193548 0.008260 -0.297064
v 0.128603 0.015582 -0.319283
v 0.126237 0.006853 -0.319483
v 0.133286 0.006634 -0.327479
v 0.138439 0.006959 -0.340907
v 0.137153 0.017255 -0.340610
v 0.137200 0.026624 -0.340370
v 0.141196 0.034996 -0.323965
v 0.138877 0.023884 -0.320798
v 0.131924 0.022259 -0.318646
v 0.151110 0.018664 -0.354509
v 0.149914 0.023850 -0.345440
v 0.160616 0.023320 -0.331844
v 0.165928 0.027116 -0.331292
v 0.164838 0.020324 -0.347434
v 0.164216 0.005183 -0.378975
v 0.185355 0.003848 -0.368642
v 0.160132 0.026132 -0.338577
v 0.136177 0.003736 -0.356816
v 0.146326 0.030947 -0.334578
v 0.029660 0.028154 -0.427199
v 0.023236 0.027652 -0.421183
v 0.025566 0.023177 -0.414440
v 0.042985 0.028154 -0.420217
v 0.040569 0.028604 -0.432776
v 0.049210 0.054668 -0.300741
v 0.030907 0.052105 -0.306026
v 0.014612 0.032833 -0.328951
v 0.069608 0.022639 -0.333821
v 0.038508 0.017137 -0.332262
v 0.022005 0.019605 -0.324429
v 0.023629 0.026524 -0.331620
v 0.034124 0.015456 -0.346064
v 0.042508 0.010827 -0.339650
v 0.021429 0.027932 -0.331947
v 0.009456 0.025611 -0.333701
v 0.021280 0.031559 -0.329606
v 0.015465 0.025698 -0.333039
v -0.012425 0.032503 -0.324197
v -0.021317 0.031251 -0.327827
v -0.021604 0.022359 -0.330256
v -0.003578 0.032048 -0.331428
v -0.007675 0.036848 -0.326068
v -0.022045 0.015282 -0.335151
v -0.019879 0.012384 -0.334303
v 0.005467 0.020114 -0.317112
v 0.006319 0.024165 -0.326449
v -0.016292 0.011523 -0.331619
v -0.010218 0.008613 -0.319865
v 0.002728 0.012019 -0.310114
v 0.019982 0.025277 -0.439208
v 0.011942 0.018708 -0.445257
v 0.008194 0.019492 -0.431545
v 0.021261 0.024389 -0.416136
v 0.047470 0.022627 -0.427455
v 0.051314 0.019256 -0.417813
v 0.038653 0.021458 -0.407865
v 0.032129 0.023903 -0.433457
v 0.042926 0.023096 -0.437038
v 0.026709 0.018661 -0.407766
v 0.022601 0.019365 -0.414098
v 0.011310 0.017624 -0.428235
v 0.008628 0.014703 -0.407078
v 0.005292 0.007091 -0.404125
v 0.023891 0.013256 -0.393953
v 0.037478 0.022567 -0.390626
v 0.039510 0.020391 -0.399735
v 0.015363 0.019705 -0.410742
v 0.028689 0.020157 -0.409267
v 0.036163 0.021344 -0.409007
v 0.011313 0.016390 -0.440400
v 0.019110 0.019146 -0.436020
v 0.043135 0.021198 -0.453607
v 0.051600 0.014325 -0.458554
v 0.033819 0.008898 -0.467044
v 0.018628 0.010603 -0.461847
v 0.023028 0.017472 -0.457197
v 0.031946 0.024620 -0.446968
v 0.043321 0.017299 -0.449569
v 0.036405 0.021313 -0.445778
v 0.029829 0.016113 -0.452534
v 0.034483 0.013910 -0.448931
v 0.043328 0.010716 -0.450051
v 0.051121 0.011416 -0.453417
v 0.048542 0.010570 -0.447913
v 0.053410 0.010302 -0.436576
v 0.047057 0.008744 -0.432002
v 0.025134 0.014769 -0.308675
v 0.023768 0.004032 -0.306825
v 0.041534 0.005879 -0.313188
v 0.047064 0.015968 -0.322195
v 0.028879 0.022066 -0.316169
v 0.051207 0.017294 -0.328538
v 0.049329 0.003321 -0.333586
v 0.077802 0.019941 -0.321635
v 0.122493 0.011528 -0.413184
v 0.120752 0.007123 -0.407408
v 0.087800 0.009962 -0.433543
v 0.067994 0.010562 -0.440853
v 0.063139 0.010151 -0.433421
v 0.046196 0.015607 -0.439830
v 0.051934 0.015411 -0.437823
v 0.074919 0.019875 -0.416942
v 0.104782 0.007388 -0.423537
v 0.039116 0.014536 -0.445399
v 0.066511 0.008425 -0.417147
v 0.066975 0.008643 -0.422624
v 0.069748 0.004396 -0.424207
v 0.072762 0.009864 -0.420171
v 0.073703 0.009941 -0.429688
v 0.074640 0.010284 -0.438085
v 0.080166 0.008423 -0.411416
v 0.066772 0.009541 -0.417347
v 0.095099 0.003372 -0.315829
v 0.100263 0.003176 -0.326361
v 0.111954 0.003445 -0.317586
v 0.109246 0.010512 -0.309667
v 0.093072 0.011252 -0.309304
v 0.117925 0.009010 -0.313219
v 0.035290 0.002175 -0.319827
v 0.031509 0.002153 -0.330368
v 0.042434 0.002605 -0.331231
v 0.050622 0.003612 -0.340361
v 0.054709 0.001936 -0.344869
v 0.060045 0.002999 -0.349785
v 0.076413 0.003138 -0.332073
v 0.008190 0.007482 -0.407798
v 0.009355 0.014090 -0.380066
v 0.016059 0.022861 -0.384172
v 0.023500 0.004173 -0.379452
v 0.010077 0.005909 -0.373394
v 0.026995 0.007268 -0.397002
v 0.032940 0.003033 -0.387011
v 0.016062 0.007322 -0.413074
v 0.050639 0.003895 -0.334146
v 0.048021 0.007633 -0.335342
v 0.048086 0.002177 -0.338568
v 0.027929 0.004000 -0.336909
v 0.025349 0.004047 -0.327698
v 0.038127 0.003296 -0.331189
v 0.040757 0.002532 -0.341246
v 0.031293 0.002386 -0.344871
v 0.003729 0.007547 -0.428478
v 0.011029 0.007336 -0.442647
v 0.019058 0.007295 -0.433256
v 0.025966 0.007300 -0.419137
v 0.029557 0.007411 -0.438591
v 0.024031 0.007378 -0.450110
v 0.036918 0.002603 -0.463239
v 0.054884 0.002804 -0.457356
v 0.018894 0.004077 -0.458720
v -0.005362 0.002336 -0.355663
v -0.001211 0.013703 -0.351096
v -0.009307 0.005733 -0.348814
v 0.010648 0.004548 -0.365074
v 0.012354 0.010967 -0.354974
v -0.006087 0.010466 -0.367246
v -0.017812 0.018095 -0.362087
v -0.000241 0.002264 -0.354068
v -0.005703 0.002161 -0.344207
v -0.013186 0.002424 -0.337759
v 0.020161 0.002653 -0.347625
v 0.002708 0.002128 -0.336858
v 0.008164 0.002236 -0.351833
v 0.006025 0.002364 -0.313633
v 0.028469 0.006980 -0.352769
v 0.038012 0.003008 -0.376231
v 0.103937 0.002965 -0.367045
v 0.091542 0.005446 -0.386467
v 0.099910 0.007120 -0.400703
v 0.104573 0.007284 -0.412016
v 0.114516 0.007218 -0.400000
v 0.124471 0.003151 -0.334568
v 0.116058 0.003124 -0.346997
v 0.125745 0.003160 -0.355335
v 0.137671 0.007946 -0.401674
v 0.146064 0.007258 -0.398151
v 0.145917 0.005005 -0.383173
v 0.149673 0.012376 -0.367548
v 0.193683 0.007550 -0.297851
v 0.184457 0.017225 -0.287542
v 0.178742 0.013594 -0.270034
v 0.256086 0.012267 -0.299236
v 0.259523 0.001673 -0.295121
v 0.265510 0.004478 -0.311192
v 0.267199 0.008076 -0.307036
v 0.257017 0.014858 -0.303903
v 0.308081 0.008742 -0.261279
v 0.298044 0.008475 -0.251240
v 0.294097 0.006155 -0.254335
v 0.301874 0.008928 -0.269345
v 0.297931 0.009563 -0.290258
v 0.298252 0.004829 -0.290213
v 0.263714 0.002235 -0.264969
v 0.257387 0.002930 -0.253365
v 0.239146 0.002621 -0.265323
v 0.264347 0.001797 -0.279889
v 0.182850 0.009220 -0.308734
v 0.334885 0.007990 -0.244744
v 0.319028 0.010252 -0.252179
v 0.312831 0.016908 -0.249519
v 0.322083 0.015195 -0.245313
v 0.328229 0.013167 -0.243780
v 0.333273 0.007887 -0.236824
v 0.333887 0.008034 -0.196496
v 0.334112 0.013228 -0.196234
v 0.339568 0.014727 -0.192476
v 0.336059 0.008967 -0.186283
v 0.329997 0.007124 -0.188812
v 0.343309 0.012870 -0.192505
v 0.336718 0.014208 -0.184685
v 0.351468 0.014247 -0.194391
v 0.349128 0.016910 -0.188841
v 0.327331 0.007894 -0.226020
v 0.307606 0.007340 -0.222523
v 0.308448 0.008285 -0.226839
v 0.314180 0.011308 -0.241725
v 0.345970 0.002408 -0.119523
v 0.338647 0.008297 -0.072830
v 0.316623 0.002329 -0.059637
v 0.290932 0.003070 -0.080256
v 0.312763 0.002506 -0.106129
v 0.344084 0.002739 -0.017656
v 0.331730 0.003012 -0.022448
v 0.325328 0.003045 -0.137068
v 0.296985 0.002635 0.035381
v 0.292256 0.005683 0.046513
v 0.280013 0.006320 0.034266
v 0.276116 0.005917 0.021157
v 0.290253 0.003026 0.020433
v 0.302618 0.003130 0.023541
v 0.267460 0.004888 -0.095687
v 0.261048 0.007510 -0.081751
v 0.264441 0.005411 -0.087772
v 0.269726 0.002960 -0.229740
v 0.268607 0.002803 -0.238624
v 0.272280 0.006482 -0.240390
v 0.285634 0.008056 -0.229784
v 0.281462 0.003441 -0.222867
v 0.270106 0.003110 -0.224613
v 0.180546 0.006974 -0.268813
v 0.184862 0.006799 -0.274326
v 0.188084 0.002826 -0.273354
v 0.186064 0.002328 -0.265256
v 0.176245 0.007914 -0.263124
v 0.191376 0.002410 -0.269652
v 0.239393 0.003463 -0.172543
v 0.250496 0.004059 -0.171261
v 0.247142 0.003210 -0.161659
v 0.243754 0.002895 -0.153588
v 0.233092 0.003222 -0.159829
v 0.228584 0.003241 -0.171492
v 0.256735 0.005164 -0.185910
v 0.264301 0.005541 -0.178908
v 0.254168 0.005268 -0.179790
v 0.269393 0.003138 -0.195637
v 0.283384 0.005662 -0.193870
v 0.279183 0.006239 -0.186037
v 0.254774 0.002978 -0.199688
v 0.238626 0.001979 -0.196302
v 0.241991 0.002683 -0.204989
v 0.247891 0.004924 -0.187988
v 0.235301 0.003752 -0.192627
v 0.232746 0.002377 -0.212052
v 0.224831 0.005607 -0.194613
v 0.224856 0.012915 -0.192387
v 0.225369 0.015547 -0.200268
v 0.216409 0.002284 -0.219423
v 0.224033 0.001885 -0.223576
v 0.191087 0.002387 -0.224993
v 0.194928 0.003199 -0.232652
v 0.201668 0.003019 -0.227389
v 0.212127 0.003293 -0.229942
v 0.187190 0.002944 -0.247498
v 0.180130 0.003733 -0.251125
v 0.205778 0.003004 -0.259938
v 0.203311 0.003087 -0.244882
v 0.198839 0.003120 -0.229478
v 0.212087 0.003171 -0.229621
v 0.190819 0.002575 -0.269912
v 0.185682 0.002528 -0.264610
v 0.195944 0.002886 -0.260395
v 0.203138 0.002460 -0.275456
v 0.175287 0.010936 -0.241188
v 0.177300 0.010855 -0.233155
v 0.182726 0.004380 -0.224499
v 0.258468 0.002555 -0.245776
v 0.262494 0.013696 -0.263796
v 0.271581 0.019392 -0.240001
v 0.238205 0.002716 -0.217173
v 0.246470 0.003114 -0.216924
v 0.220934 0.020213 -0.206791
v 0.221328 0.013460 -0.214784
v 0.293023 0.006758 -0.236024
v 0.271159 0.004620 -0.162474
v 0.273497 0.010291 -0.162016
v 0.266817 0.011224 -0.157046
v 0.255010 0.011577 -0.152697
v 0.256827 0.003083 -0.152720
v 0.258543 0.003464 -0.160906
v 0.273413 0.025871 0.009417
v 0.277660 0.022280 0.015255
v 0.275866 0.023742 0.023503
v 0.275135 0.038244 -0.007886
v 0.274761 0.025109 0.025863
v 0.268817 0.026325 -0.128977
v 0.257371 0.027003 -0.140004
v 0.259588 0.023182 -0.148002
v 0.267905 0.019449 -0.153026
v 0.277627 0.020295 -0.138293
v 0.273688 0.027317 -0.124210
v 0.271504 0.006262 -0.168277
v 0.275370 0.005394 -0.177348
v 0.289111 0.007973 -0.175755
v 0.284176 0.013496 -0.167477
v 0.271740 0.016453 -0.166569
v 0.302494 0.005973 -0.164991
v 0.303229 0.010163 -0.161549
v 0.253215 0.023547 -0.250951
v 0.267902 0.028924 -0.229794
v 0.249599 0.029160 -0.237990
v 0.253354 0.032360 -0.188694
v 0.255302 0.030457 -0.184615
v 0.262578 0.026213 -0.178553
v 0.272374 0.025800 -0.190136
v 0.255592 0.035293 -0.197565
v 0.285371 0.017305 -0.174741
v 0.288219 0.018961 -0.182066
v 0.243643 0.030023 -0.240233
v 0.247042 0.027764 -0.253022
v 0.241066 0.033708 -0.253914
v 0.242140 0.041714 -0.253728
v 0.244760 0.039052 -0.242739
v 0.240069 0.031637 -0.233660
v 0.182347 0.004843 -0.224580
v 0.186074 0.000000 -0.223303
v 0.181113 0.014861 -0.227302
v 0.178116 0.008817 -0.228458
v 0.225548 0.014816 -0.182185
v 0.223256 0.006163 -0.182772
v 0.225185 0.008882 -0.170586
v 0.229483 0.027388 -0.173184
v 0.227651 0.020932 -0.182838
v 0.232862 0.010158 -0.160061
v 0.241016 0.018557 -0.162386
v 0.237701 0.031065 -0.161480
v 0.245456 0.029863 -0.147444
v 0.235261 0.033028 -0.154128
v 0.227105 0.027716 -0.181368
v 0.226638 0.020934 -0.194882
v 0.223679 0.032100 -0.184825
v 0.219312 0.036546 -0.182605
v 0.213819 0.030884 -0.204517
v 0.226112 0.046679 -0.167510
v 0.254578 0.044419 -0.169481
v 0.254147 0.033049 -0.174588
v 0.261165 0.043460 -0.076872
v 0.257155 0.049685 -0.075175
v 0.250843 0.050526 -0.079943
v 0.230464 0.045745 -0.245328
v 0.219863 0.046567 -0.232791
v 0.235854 0.035139 -0.207736
v 0.247210 0.038848 -0.204491
v 0.252958 0.036767 -0.221553
v 0.176824 0.027283 -0.245863
v 0.183032 0.029421 -0.230252
v 0.145767 0.056010 -0.254728
v 0.162585 0.051492 -0.240456
v 0.153904 0.054043 -0.247795
v 0.150441 0.055765 -0.241974
v 0.150353 0.061507 -0.235427
v 0.163528 0.053180 -0.227511
v 0.184071 0.031846 -0.226409
v 0.182191 0.029508 -0.231064
v 0.253316 0.043141 -0.236343
v 0.247850 0.033559 -0.231860
v 0.256229 0.037199 -0.231231
v 0.265488 0.035547 -0.217780
v 0.277339 0.042658 -0.239593
v 0.276418 0.050250 -0.249829
v 0.260557 0.047844 -0.243464
v 0.260884 0.042604 -0.240356
v 0.275861 0.036713 -0.241982
v 0.294168 0.030856 -0.253359
v 0.299290 0.019671 -0.253832
v 0.299771 0.019823 -0.244328
v 0.318021 0.019166 -0.244777
v 0.316281 0.018585 -0.257994
v 0.276283 0.041275 -0.248398
v 0.311996 0.020171 -0.265903
v 0.298567 0.033597 -0.251423
v 0.271032 0.038470 -0.164367
v 0.272836 0.045080 -0.154878
v 0.282294 0.035360 -0.148669
v 0.276414 0.023734 -0.159996
v 0.268335 0.029607 -0.169117
v 0.283592 0.025004 -0.142543
v 0.265153 0.048582 -0.053143
v 0.334022 0.023891 -0.098670
v 0.325348 0.032453 -0.080480
v 0.339154 0.023028 -0.056544
v 0.354083 0.012232 -0.118791
v 0.316943 0.011112 -0.179216
v 0.324503 0.007625 -0.175669
v 0.318263 0.006416 -0.168523
v 0.303914 0.010313 -0.173186
v 0.306101 0.013201 -0.181726
v 0.337624 0.016150 -0.184673
v 0.329902 0.011148 -0.200060
v 0.327993 0.012622 -0.194928
v 0.326456 0.013168 -0.188301
v 0.341797 0.021446 -0.179460
v 0.347382 0.019281 -0.185088
v 0.345625 0.020039 -0.183199
v 0.310853 0.016352 -0.231042
v 0.338268 0.009786 -0.254906
v 0.302335 0.020307 -0.184270
v 0.304629 0.020037 -0.175794
v 0.316749 0.018172 -0.180302
v 0.306839 0.017432 -0.189366
v 0.324887 0.014406 -0.250732
v 0.325817 0.013929 -0.260137
v 0.329398 0.012537 -0.266726
v 0.275399 0.027213 -0.258494
v 0.328825 0.011196 -0.173612
v 0.326785 0.008572 -0.182823
v 0.324666 0.015322 -0.179304
v 0.340612 0.024384 -0.132150
v 0.326229 0.029748 -0.110747
v 0.302382 0.029302 -0.010727
v 0.327765 0.024817 -0.015242
v 0.332447 0.029222 -0.044527
v 0.302722 0.027708 -0.036054
v 0.297977 0.028563 -0.027270
v 0.361770 0.008074 0.167001
v 0.306210 0.026059 0.251173
v 0.291677 0.029378 0.245503
v 0.286412 0.028094 0.260266
v 0.283675 0.024114 0.270117
v 0.303303 0.021564 0.266798
v 0.315609 0.020353 0.251226
v 0.306864 0.025230 0.234363
v 0.291364 0.024104 0.219079
v 0.274484 0.028478 0.227857
v 0.267249 0.028115 0.242642
v 0.304577 0.013257 0.262944
v 0.304469 0.016821 0.252186
v 0.318582 0.007546 0.246815
v 0.309497 0.006296 0.266150
v 0.335065 0.006103 0.161620
v 0.303126 0.006727 0.141513
v 0.300470 0.021672 0.164360
v 0.311037 0.028627 0.136226
v 0.318207 0.041374 0.142783
v 0.307978 0.037242 0.126627
v 0.301196 0.026480 0.117296
v 0.303953 0.022684 0.118876
v 0.339826 0.014130 0.047366
v 0.338548 0.014315 0.023378
v 0.332048 0.023430 0.027389
v 0.318485 0.054751 0.123106
v 0.341226 0.061958 0.106740
v 0.298551 0.037704 0.086532
v 0.278408 0.036427 0.090784
v 0.287336 0.034287 0.104443
v 0.283702 0.034488 0.056251
v 0.278379 0.046571 0.057637
v 0.272788 0.025959 0.062718
v 0.275707 0.020593 0.070600
v 0.268345 0.027139 0.075741
v 0.263441 0.040140 0.080287
v 0.266582 0.040556 0.093427
v 0.260147 0.034926 0.079470
v 0.271168 0.044247 0.064466
v 0.274430 0.031731 0.060094
v 0.267212 0.061492 0.055650
v 0.264442 0.058547 0.065430
v 0.245343 0.037088 0.200314
v 0.262561 0.038071 0.208317
v 0.267202 0.037545 0.199931
v 0.250532 0.031623 0.177666
v 0.235704 0.029649 0.185571
v 0.200845 0.050796 0.246805
v 0.211036 0.048133 0.255037
v 0.197500 0.038599 0.268259
v 0.180724 0.039887 0.258085
v 0.174466 0.050239 0.258739
v 0.182730 0.053719 0.253642
v 0.185366 0.035508 0.272858
v 0.184893 0.036822 0.263148
v 0.183448 0.035860 0.257288
v 0.194032 0.056411 0.241528
v 0.013303 0.047839 0.273355
v 0.014592 0.037942 0.280580
v 0.028799 0.037504 0.276944
v 0.025274 0.059271 0.269492
v 0.012190 0.058559 0.266809
v 0.041737 0.051944 0.265903
v 0.038095 0.059437 0.265625
v 0.039950 0.047943 0.274795
v 0.228584 0.046902 0.162542
v 0.232617 0.038234 0.160417
v 0.229461 0.037132 0.174299
v 0.205574 0.037339 0.207767
v 0.201882 0.052285 0.224911
v 0.198852 0.059901 0.219614
v 0.216645 0.031458 0.189332
v 0.209918 0.029212 0.200200
v 0.195390 0.058321 0.198850
v 0.207665 0.058257 0.184019
v 0.217322 0.049145 0.184613
v 0.192064 0.069978 0.215033
v 0.225435 0.033097 0.179479
v 0.230322 0.030317 0.207470
v 0.239846 0.034703 0.214718
v 0.237617 0.033359 0.222125
v 0.221619 0.024298 0.205749
v 0.227631 0.027338 0.201440
v 0.167722 0.034923 0.276554
v 0.159528 0.042991 0.279046
v 0.160283 0.042911 0.268619
v 0.178212 0.033560 0.260384
v 0.180284 0.034470 0.259159
v 0.180112 0.034494 0.264967
v 0.177121 0.033672 0.274612
v 0.166515 0.046450 0.262059
v 0.173613 0.037926 0.259955
v 0.264497 0.013382 0.275181
v 0.287461 0.009988 0.280200
v 0.286366 0.017863 0.276207
v 0.256846 0.020754 0.262922
v 0.251881 0.015200 0.264281
v 0.277263 0.013512 0.273397
v 0.264532 0.014440 0.268561
v 0.273079 0.019527 0.262630
v 0.285281 0.023672 0.253718
v 0.292435 0.018520 0.261559
v 0.293766 0.012853 0.270842
v 0.298538 0.012739 0.220694
v 0.289691 0.007238 0.216665
v 0.285617 0.001502 0.216566
v 0.288070 0.001463 0.209840
v 0.270359 0.009095 0.275563
v 0.254661 0.013036 0.260887
v 0.227142 0.006772 0.270357
v 0.228457 0.006604 0.269270
v 0.225448 0.006046 0.273191
v 0.222355 0.003267 0.271439
v 0.212660 0.003039 0.266788
v 0.216233 0.004401 0.259658
v 0.292815 0.019522 0.232791
v 0.286190 0.015741 0.227828
v 0.283913 0.009266 0.226549
v 0.251850 0.012543 0.253206
v 0.246679 0.006206 0.259515
v 0.244461 0.001757 0.245533
v 0.255379 0.001879 0.239579
v 0.255246 0.014658 0.247501
v 0.247696 0.006159 0.262067
v 0.249356 0.006044 0.266218
v 0.242839 0.007247 0.267073
v 0.321193 0.005467 0.046673
v 0.303395 0.005453 0.049700
v 0.306999 0.002832 0.038832
v 0.323009 0.002210 0.032039
v 0.330676 0.005073 0.036445
v 0.312897 0.003047 0.027112
v 0.364359 0.008690 0.068612
v 0.359229 0.014696 0.104996
v 0.373555 0.009976 0.102431
v 0.375045 0.008861 0.117862
v 0.347747 0.015980 0.120556
v 0.334867 0.022609 0.105315
v 0.358360 0.010624 0.133725
v 0.140968 0.003116 0.313185
v 0.124239 0.002881 0.338128
v 0.100898 0.003109 0.312589
v 0.127196 0.006674 0.291026
v 0.158582 0.006193 0.273678
v 0.159524 0.001589 0.278067
v 0.167769 0.002650 0.290174
v 0.267640 0.011905 0.315592
v 0.274372 0.008302 0.311554
v 0.283588 0.003022 0.312661
v 0.081135 0.002687 0.293361
v 0.101646 0.000867 0.280074
v 0.114225 0.007535 0.434129
v 0.089591 0.007790 0.430371
v 0.093794 0.008168 0.423878
v 0.098465 0.008245 0.413311
v 0.133835 0.008503 0.417589
v 0.116342 0.001843 0.437194
v 0.113268 0.007021 0.438974
v 0.126813 0.005682 0.433250
v 0.124159 0.007337 0.436051
v 0.086493 0.007158 0.435915
v 0.084322 0.002829 0.433639
v 0.079635 0.008440 0.423269
v 0.070809 0.006537 0.419668
v 0.047440 0.002512 0.310024
v 0.033582 0.003621 0.314814
v 0.028103 0.003235 0.298884
v 0.025120 0.006571 0.287566
v 0.042452 0.006404 0.289946
v 0.059027 0.006776 0.306795
v 0.036832 0.002853 0.404594
v 0.005888 0.005956 0.373247
v 0.010088 0.002303 0.373437
v 0.014407 0.006634 0.373683
v 0.038226 0.003212 0.350138
v 0.010240 0.002964 0.316851
v -0.002683 0.006787 0.310691
v 0.000665 0.007996 0.303087
v 0.011208 0.006052 0.294436
v 0.016836 0.003298 0.303826
v 0.019762 0.003525 0.322137
v 0.079156 0.008166 0.414648
v 0.069826 0.006854 0.419478
v 0.073180 0.012607 0.421494
v 0.067546 0.011639 0.402066
v 0.071992 0.016091 0.394589
v 0.124279 0.022438 0.405629
v 0.113696 0.022258 0.428769
v 0.099192 0.009849 0.443065
v 0.045332 0.037871 0.370517
v 0.036033 0.027906 0.384301
v 0.024311 0.029548 0.368305
v 0.032214 0.031105 0.341994
v 0.044293 0.034102 0.342210
v 0.059501 0.037568 0.351234
v -0.006616 0.056691 0.308689
v -0.002782 0.066769 0.293584
v 0.013493 0.051414 0.296919
v 0.024768 0.043479 0.304990
v 0.013726 0.042615 0.314417
v -0.006081 0.049310 0.317742
v 0.081116 0.029618 0.335410
v 0.047734 0.029605 0.322006
v 0.053518 0.024796 0.308526
v 0.057925 0.022802 0.310922
v 0.064507 0.034710 0.315599
v 0.071399 0.039061 0.316277
v 0.046602 0.032807 0.309017
v 0.040232 0.039282 0.305815
v 0.044271 0.035979 0.297801
v 0.045880 0.032453 0.289754
v 0.050673 0.025717 0.292861
v 0.080607 0.028456 0.351298
v 0.080853 0.027957 0.366930
v 0.100173 0.008254 0.396794
v 0.097647 0.002314 0.370185
v 0.100615 0.008072 0.370508
v 0.139219 0.011800 0.397084
v 0.137183 0.012370 0.412973
v 0.141004 0.017088 0.388855
v 0.141600 0.012262 0.391542
v 0.129148 0.028949 0.377008
v 0.140586 0.020471 0.386972
v 0.105937 0.027656 0.349139
v 0.111947 0.023147 0.347993
v 0.117442 0.022808 0.357715
v 0.111277 0.030228 0.357270
v 0.120610 0.022652 0.353649
v 0.108799 0.033060 0.343125
v 0.111786 0.027674 0.339344
v 0.117744 0.024496 0.342396
v 0.172293 0.050586 0.309207
v 0.150072 0.057628 0.313095
v 0.154778 0.045935 0.295072
v 0.165985 0.036452 0.288047
v 0.175433 0.032915 0.283184
v 0.177307 0.032494 0.289318
v 0.178306 0.038034 0.300048
v 0.180977 0.043947 0.308843
v 0.180334 0.031789 0.292343
v 0.174764 0.034865 0.305025
v 0.186429 0.014684 0.310959
v 0.173804 0.014871 0.318054
v 0.153495 0.036074 0.307925
v 0.154942 0.045467 0.306940
v 0.153947 0.031376 0.317187
v 0.185985 0.038696 0.308462
v 0.192267 0.038557 0.319468
v 0.177512 0.052808 0.321990
v 0.190999 0.038560 0.320443
v 0.197662 0.029383 0.323658
v 0.198200 0.020986 0.318042
v 0.174722 0.042910 0.308945
v 0.185464 0.034946 0.280344
v 0.189892 0.035215 0.286267
v 0.188496 0.032827 0.291815
v 0.274467 0.014126 0.300558
v 0.272805 0.015402 0.303861
v 0.264688 0.016072 0.303614
v 0.252268 0.016350 0.298412
v 0.238036 0.018953 0.286739
v 0.243431 0.014287 0.287052
v 0.260064 0.006983 0.281607
v 0.269540 0.004991 0.289066
v 0.270761 0.007979 0.291039
v 0.270839 0.007283 0.289014
v 0.280884 0.006817 0.290847
v 0.284681 0.010623 0.298409
v 0.281879 0.012709 0.302007
v 0.274562 0.015133 0.300349
v 0.283189 0.014563 0.349739
v 0.257539 0.007152 0.356981
v 0.267714 0.018999 0.345939
v 0.158787 0.022609 0.367393
v 0.153105 0.021927 0.369978
v 0.151708 0.016440 0.372846
v 0.193326 0.042550 0.334822
v 0.194633 0.041390 0.335783
v 0.197173 0.036260 0.329296
v 0.221429 0.044058 0.260346
v 0.235211 0.042984 0.245495
v 0.241224 0.036694 0.251639
v 0.389720 0.042281 0.133178
v 0.385100 0.049468 0.106352
v 0.365800 0.060273 0.120434
v 0.338092 0.059200 0.137183
v 0.357253 0.050337 0.151012
v 0.368888 0.038102 0.157146
v 0.143706 0.052710 0.284077
v 0.145194 0.053197 0.278280
v 0.144135 0.054036 0.270171
v 0.131552 0.054162 0.279905
v 0.137108 0.053218 0.285548
v 0.139439 0.034961 0.317038
v 0.130188 0.034342 0.317587
v 0.130534 0.040483 0.311391
v 0.129995 0.045346 0.307111
v 0.137432 0.047157 0.304553
v 0.142041 0.048604 0.302617
v 0.141381 0.049945 0.305839
v 0.139988 0.055844 0.314969
v 0.144819 0.050871 0.311366
v 0.141998 0.053928 0.310593
v 0.136534 0.055816 0.314254
v 0.144631 0.053901 0.315236
v 0.133579 0.056184 0.323571
v 0.144029 0.057443 0.321373
v 0.124435 0.050499 0.318480
v 0.124344 0.051041 0.324484
v 0.123194 0.050517 0.315834
v 0.157545 0.055167 0.349983
v 0.157428 0.039072 0.368375
v 0.173291 0.045955 0.357954
v 0.174801 0.053988 0.329738
v 0.157601 0.058587 0.330761
v 0.124414 0.077141 0.244875
v 0.123854 0.064159 0.259396
v 0.132541 0.060772 0.249855
v 0.146493 0.064467 0.254778
v 0.139829 0.071385 0.244108
v 0.130208 0.069727 0.236876
v 0.125733 0.074002 0.225425
v 0.117277 0.082492 0.226631
v 0.136664 0.073010 0.210392
v 0.140935 0.068939 0.213462
v 0.154646 0.062249 0.209667
v 0.155193 0.055996 0.217671
v 0.141230 0.052225 0.236490
v 0.125708 0.059147 0.239934
v 0.122178 0.069012 0.225346
v 0.119427 0.073243 0.221327
v 0.153863 0.078247 0.195823
v 0.145947 0.078486 0.203896
v 0.186094 0.061217 0.183641
v 0.192830 0.062902 0.178287
v 0.185734 0.069447 0.175301
v 0.173504 0.065535 0.182042
v 0.170971 0.066634 0.182330
v 0.206212 0.069687 0.170253
v 0.212116 0.073309 0.157475
v 0.221338 0.064521 0.152226
v 0.225747 0.050765 0.169559
v 0.227726 0.053107 0.156594
v 0.229596 0.047827 0.160040
v 0.223052 0.062648 0.146528
v 0.222741 0.061010 0.151376
v 0.222684 0.060708 0.152271
v 0.196782 0.057137 0.181889
v 0.202729 0.045185 0.188838
v 0.189467 0.049446 0.194193
v 0.165938 0.069068 0.183465
v 0.164457 0.065517 0.192249
v 0.134078 0.073151 0.234884
v 0.136041 0.075178 0.233061
v 0.138100 0.078178 0.228707
v 0.137869 0.079286 0.221493
v 0.137897 0.078764 0.213497
v 0.136215 0.074827 0.208962
v 0.115659 0.081793 0.219472
v 0.114385 0.083284 0.221240
v 0.136552 0.073292 0.239098
v 0.146979 0.081443 0.234391
v 0.147169 0.081101 0.235652
v 0.107092 0.094985 0.227098
v 0.112084 0.099112 0.221942
v 0.111244 0.090869 0.217674
v 0.112223 0.092868 0.215672
v 0.111753 0.094333 0.217424
v 0.115286 0.100417 0.209735
v 0.106263 0.086857 0.215011
v 0.120786 0.130564 0.178497
v 0.107544 0.143744 0.202356
v 0.114441 0.120281 0.216461
v 0.112250 0.099054 0.221972
v 0.117453 0.086893 0.204056
v 0.119837 0.124846 0.144941
v 0.125433 0.122996 0.141739
v 0.131327 0.114240 0.151598
v 0.117168 0.136173 0.142602
v 0.123152 0.132095 0.138784
v 0.108233 0.152797 0.121482
v 0.118407 0.148204 0.117537
v 0.122506 0.145153 0.120261
v 0.127728 0.137677 0.126940
v 0.122211 0.145177 0.120412
v 0.117309 0.146289 0.128207
v 0.107308 0.140466 0.140632
v 0.106822 0.140814 0.140621
v 0.106871 0.140230 0.141287
v 0.094737 0.139261 0.145281
v 0.092731 0.143975 0.138500
v 0.098415 0.146757 0.134232
v 0.169215 0.099787 0.144196
v 0.174368 0.093584 0.146916
v 0.172997 0.090845 0.153883
v 0.153567 0.111475 0.145649
v 0.163760 0.110142 0.136171
v 0.151383 0.103203 0.158247
v 0.144315 0.111917 0.151337
v 0.163725 0.089987 0.165097
v 0.156711 0.092416 0.167289
v 0.171648 0.086065 0.164800
v 0.120340 0.103702 0.163758
v 0.130563 0.106472 0.172083
v 0.122573 0.114085 0.153876
v 0.096957 0.114432 0.147332
v 0.115161 0.115152 0.164662
v 0.098129 0.123864 0.139358
v 0.099475 0.113314 0.146603
v 0.125092 0.096363 0.178789
v 0.126116 0.091568 0.189564
v 0.129050 0.099347 0.188360
v 0.122471 0.098747 0.193725
v 0.123533 0.107283 0.194145
v 0.120346 0.111835 0.200851
v 0.118633 0.107691 0.205692
v 0.150310 0.105256 0.156890
v 0.159908 0.091867 0.162196
v 0.156711 0.092416 0.167289
v 0.156575 0.097829 0.156332
v 0.156075 0.096560 0.159563
v 0.159772 0.091894 0.162245
v 0.190218 0.081329 0.152558
v 0.206943 0.078251 0.141495
v 0.181519 0.080208 0.157371
v 0.184896 0.087535 0.124490
v 0.175877 0.093241 0.131926
v 0.213877 0.070589 0.148533
v 0.207146 0.077150 0.144873
v 0.205370 0.079226 0.138770
v 0.168587 0.115176 0.069839
v 0.162877 0.121119 0.068968
v 0.161595 0.124372 0.057183
v 0.168560 0.115484 0.069816
v 0.185637 0.103572 0.063843
v 0.173918 0.114023 0.054942
v 0.128744 0.143729 0.098472
v 0.131100 0.134553 0.099562
v 0.123221 0.146177 0.106142
v 0.128027 0.140806 0.115290
v 0.131857 0.134693 0.124435
v 0.135789 0.130980 0.116743
v 0.147768 0.122016 0.117699
v 0.140635 0.130389 0.112753
v 0.141079 0.125984 0.121397
v 0.148040 0.119604 0.127137
v 0.137601 0.134428 0.122545
v 0.116390 0.143195 0.089775
v 0.123271 0.140438 0.094265
v 0.126406 0.140957 0.078031
v 0.149596 0.135839 0.051888
v 0.149519 0.135936 0.046339
v 0.136042 0.146042 0.052577
v 0.133709 0.147020 0.056848
v 0.140139 0.141853 0.058335
v 0.115692 0.150746 0.105947
v 0.110919 0.149176 0.100061
v 0.116486 0.143361 0.089772
v 0.116601 0.174774 0.048551
v 0.103626 0.185207 0.035060
v 0.108883 0.190095 0.051730
v 0.116044 0.176969 0.058032
v 0.110597 0.185018 0.069167
v 0.109165 0.188333 0.066015
v 0.109543 0.188419 0.060487
v 0.111514 0.186513 0.053673
v 0.114329 0.181178 0.056330
v 0.115926 0.177256 0.057740
v 0.115653 0.175547 0.064129
v 0.113374 0.178614 0.071428
v 0.111894 0.182016 0.072023
v 0.115311 0.172888 0.071004
v 0.107333 0.156442 0.089340
v 0.111540 0.160846 0.083481
v 0.112565 0.156696 0.079797
v 0.111973 0.144952 0.075421
v 0.121675 0.142547 0.078956
v 0.129088 0.152514 0.049566
v 0.122712 0.163375 0.045161
v 0.120574 0.176595 0.057695
v 0.120235 0.174763 0.071373
v 0.126467 0.148605 0.071437
v 0.132498 0.150449 0.042574
v 0.132796 0.149748 0.036003
v 0.134101 0.150025 0.033407
v 0.127728 0.161760 0.029250
v 0.133384 0.149760 0.041253
v 0.117746 0.182868 0.065877
v 0.138899 0.156126 0.018401
v 0.142779 0.154750 0.014409
v 0.144432 0.154137 0.015053
v 0.149698 0.147264 0.026294
v 0.153465 0.143579 0.032147
v 0.155673 0.138251 0.037444
v 0.152568 0.151124 0.018219
v 0.134918 0.150526 0.027997
v 0.134798 0.157581 0.022620
v 0.084986 0.195685 0.018445
v 0.089945 0.190671 0.012387
v 0.099362 0.186356 0.012891
v 0.117122 0.180061 0.014668
v 0.111628 0.175741 0.029557
v 0.110943 0.182320 0.033312
v 0.092403 0.199976 0.027979
v 0.103812 0.175055 0.016448
v 0.092564 0.179897 0.021573
v 0.104642 0.171326 0.030018
v 0.112307 0.167621 0.023829
v 0.113749 0.176821 0.013189
v 0.116083 0.158700 0.040235
v 0.109294 0.164635 0.033711
v 0.119347 0.165940 0.033860
v 0.115203 0.171747 0.030644
v 0.115328 0.176786 0.035929
v 0.117692 0.157876 0.046775
v 0.117330 0.166366 0.045268
v 0.116290 0.159493 0.040228
v 0.156207 0.146533 0.010143
v 0.176999 0.136879 0.006231
v 0.166452 0.119035 0.038466
v 0.137095 0.137414 0.049820
v 0.154333 0.142962 0.032622
v 0.176942 0.114606 0.043898
v 0.185962 0.114045 0.033263
v 0.139381 0.144681 0.043206
v 0.133469 0.148983 0.044027
v 0.149468 0.136187 0.046593
v 0.248849 0.071629 0.034980
v 0.256332 0.068321 0.043515
v 0.251058 0.071523 0.045319
v 0.238487 0.073593 0.035716
v 0.233999 0.072891 0.034257
v 0.244478 0.073598 0.032203
v 0.246686 0.073044 0.048339
v 0.255255 0.070655 0.051556
v 0.256155 0.071672 0.037981
v 0.246769 0.072906 0.026469
v 0.248351 0.068082 0.065883
v 0.253713 0.061658 0.064031
v 0.260212 0.057741 0.062750
v 0.252774 0.069564 0.058861
v 0.270046 0.049468 0.058196
v 0.274662 0.042004 0.106286
v 0.255948 0.048551 0.092110
v 0.225253 0.066870 0.123857
v 0.222949 0.071556 0.129324
v 0.225267 0.065066 0.132092
v 0.222621 0.070474 0.097026
v 0.215704 0.072595 0.109275
v 0.199846 0.080924 0.116450
v 0.183398 0.090245 0.119862
v 0.176838 0.097282 0.114445
v 0.204488 0.082916 0.079868
v 0.184930 0.087491 0.124588
v 0.228077 0.072165 0.057625
v 0.223206 0.075541 0.056325
v 0.225718 0.075583 0.052843
v 0.236561 0.070698 0.057577
v 0.235131 0.069506 0.059939
v 0.222104 0.071620 0.047440
v 0.232976 0.072495 0.061408
v 0.227894 0.073005 0.062968
v 0.230515 0.070789 0.067536
v 0.246289 0.068551 0.060357
v 0.154927 0.122198 0.093703
v 0.147781 0.124293 0.102832
v 0.182929 0.101393 0.086673
v 0.167053 0.105324 0.105965
v 0.156621 0.112547 0.105718
v 0.157274 0.113325 0.096846
v 0.174349 0.102341 0.085145
v 0.175543 0.099059 0.106674
v 0.172391 0.101078 0.109684
v 0.206316 0.079126 0.134481
v 0.222068 0.064874 0.117260
v 0.239636 0.046452 0.111985
v 0.227461 0.049405 0.127217
v 0.229241 0.051825 0.130543
v 0.242633 0.055937 0.120537
v 0.235628 0.060751 0.113252
v 0.243833 0.061078 0.081819
v 0.238756 0.065571 0.073454
v 0.231240 0.069450 0.080622
v 0.226706 0.072315 0.087904
v 0.231951 0.067583 0.100878
v 0.242860 0.054790 0.074473
v 0.253059 0.067015 0.055271
v 0.218185 0.078833 0.047238
v 0.225252 0.075007 0.053740
v 0.237704 0.073876 0.029707
v 0.237827 0.072035 0.055406
v 0.241903 0.073280 0.049264
v 0.239863 0.072547 0.052369
v 0.210988 0.080987 0.044553
v 0.212537 0.078042 0.053477
v 0.208978 0.080689 0.053174
v 0.208815 0.080781 0.052333
v 0.224502 0.068906 -0.002766
v 0.221498 0.086953 -0.002303
v 0.086515 0.160444 0.111798
v 0.094083 0.156175 0.124710
v 0.082544 0.153581 0.125760
v 0.080674 0.146139 0.130849
v 0.074513 0.130581 0.129791
v 0.095437 0.125463 0.139440
v 0.112260 0.123537 0.163761
v 0.093443 0.128667 0.152345
v 0.092660 0.150300 0.138052
v 0.063986 0.148777 0.134639
v 0.063429 0.152084 0.121413
v 0.085456 0.150620 0.150718
v 0.068793 0.152488 0.154969
v 0.066778 0.151819 0.154585
v 0.072006 0.156318 0.187144
v 0.082930 0.154845 0.184210
v 0.069445 0.156603 0.175135
v 0.035430 0.149002 0.182400
v 0.030369 0.134973 0.198408
v 0.027724 0.129223 0.195357
v 0.028719 0.136799 0.181815
v 0.030745 0.122960 0.183403
v 0.033667 0.131856 0.185293
v 0.035598 0.131998 0.192701
v 0.038056 0.117397 0.204183
v 0.031781 0.116245 0.193630
v 0.048718 0.151686 0.138318
v -0.001538 0.185018 0.018801
v -0.021173 0.180191 0.010329
v -0.016798 0.180335 0.025946
v 0.027815 0.187442 0.086292
v 0.015909 0.185160 0.078147
v 0.009028 0.186397 0.083554
v 0.005795 0.186959 0.095285
v 0.018966 0.180485 0.101416
v 0.009275 0.185824 0.077648
v 0.033078 0.168860 0.109051
v 0.037028 0.173180 0.102103
v 0.039385 0.176444 0.101495
v 0.040000 0.180514 0.100279
v 0.040061 0.184030 0.099137
v -0.004893 0.188760 0.082301
v 0.009280 0.185884 0.081802
v 0.008749 0.186317 0.085270
v -0.024611 0.190766 0.102664
v -0.028610 0.187594 0.075811
v -0.010303 0.188795 0.073734
v 0.035010 0.209226 0.010678
v 0.038615 0.208898 -0.000636
v 0.020108 0.209182 -0.005752
v 0.015910 0.203952 0.013302
v 0.052698 0.214179 0.042923
v 0.041688 0.212540 0.067839
v 0.035271 0.206694 0.049691
v 0.029982 0.202019 0.033151
v 0.036540 0.203332 0.027419
v 0.051457 0.205720 0.017056
v 0.059771 0.205733 0.023761
v 0.058227 0.199493 0.021631
v 0.058659 0.199797 0.026189
v 0.071713 0.197492 0.025579
v 0.104295 0.184164 0.034483
v 0.096396 0.201771 0.047924
v 0.087816 0.201007 0.036404
v 0.084104 0.190552 0.023622
v 0.085705 0.183964 0.019151
v 0.092629 0.180026 0.021560
v 0.071005 0.209351 0.029841
v 0.059771 0.205733 0.023761
v 0.050963 0.212240 0.040002
v 0.068363 0.219427 0.050517
v 0.076572 0.216890 0.045328
v 0.082398 0.214650 0.041850
v 0.060799 0.216035 0.076330
v 0.068350 0.219084 0.050587
v 0.078188 0.218013 0.060697
v 0.093806 0.204073 0.067826
v 0.083023 0.204212 0.082250
v 0.067761 0.210078 0.080031
v 0.062058 0.212933 0.069418
v 0.080445 0.211734 0.060060
v 0.076454 0.211587 0.051040
v 0.091967 0.206719 0.052787
v 0.098624 0.201253 0.051495
v 0.101991 0.198158 0.056758
v 0.103605 0.192027 0.074712
v 0.053147 0.185808 0.110076
v 0.031688 0.176823 0.114399
v 0.036815 0.183255 0.104066
v 0.024529 0.189281 0.095494
v 0.008242 0.191060 0.087050
v 0.023808 0.197514 0.077856
v 0.025010 0.126427 0.192659
v 0.031022 0.120419 0.205925
v 0.035967 0.114637 0.212853
v 0.028797 0.113354 0.204027
v 0.030792 0.112800 0.202000
v 0.031120 0.112367 0.203659
v 0.031641 0.112836 0.202426
v 0.034565 0.112668 0.199933
v 0.031680 0.112722 0.202199
v 0.031960 0.112122 0.199926
v 0.034479 0.115025 0.198856
v 0.032673 0.111636 0.199701
v 0.031256 0.112939 0.200786
v 0.032140 0.112376 0.200857
v 0.041537 0.106706 0.217839
v 0.036249 0.106353 0.219453
v 0.026740 0.108901 0.213933
v 0.042086 0.110354 0.219334
v 0.050040 0.091510 0.224615
v 0.032459 0.104886 0.202143
v 0.025835 0.104483 0.206509
v 0.034653 0.104202 0.227151
v 0.039425 0.137284 0.198964
v 0.112757 0.125306 0.202307
v 0.113226 0.127426 0.199482
v 0.109655 0.134295 0.197427
v 0.107668 0.123439 0.210969
v 0.112118 0.122417 0.206157
v 0.103196 0.134956 0.203684
v 0.097912 0.139817 0.204048
v 0.055519 0.111397 0.228991
v 0.044074 0.135452 0.217291
v 0.041012 0.143594 0.210136
v 0.034851 0.110529 0.200413
v 0.038742 0.110014 0.205580
v 0.036711 0.113947 0.202808
v 0.048364 0.120623 0.215129
v 0.031491 0.112797 0.200478
v 0.031983 0.112413 0.197925
v 0.041498 0.143894 0.209655
v 0.034371 0.125923 0.210638
v 0.074381 0.114142 0.226647
v 0.071647 0.118898 0.225905
v 0.074817 0.124697 0.223413
v 0.093153 0.129310 0.216697
v 0.093746 0.126344 0.218561
v 0.059161 0.108285 0.223186
v 0.066801 0.107566 0.225601
v 0.068854 0.114693 0.225953
v 0.057199 0.116003 0.222820
v 0.053520 0.112612 0.219827
v 0.066649 0.137329 0.217094
v 0.001563 0.097501 0.234172
v 0.012668 0.103829 0.233111
v 0.008958 0.100743 0.215943
v 0.072913 0.082430 0.227751
v 0.079781 0.085455 0.221938
v 0.067703 0.086194 0.223141
v 0.068502 0.080571 0.231932
v 0.089322 0.083456 0.223597
v 0.096385 0.078361 0.226465
v 0.099426 0.083311 0.220781
v 0.084015 0.096297 0.236731
v 0.083107 0.107979 0.233777
v 0.069350 0.108547 0.232506
v 0.041120 0.041618 0.285216
v 0.039624 0.047780 0.280671
v 0.030947 0.049387 0.285355
v 0.037585 0.042184 0.292628
v 0.031122 0.043210 0.299091
v 0.000571 0.068843 0.281065
v 0.015984 0.071272 0.276045
v 0.029740 0.062852 0.276429
v -0.015141 0.077406 0.245308
v -0.014191 0.080690 0.253890
v -0.085896 0.058926 0.258029
v -0.076636 0.062642 0.273007
v -0.080215 0.058493 0.292164
v -0.089443 0.053927 0.278302
v -0.115085 0.078893 0.221264
v -0.127605 0.089180 0.203085
v -0.153905 0.078956 0.218292
v -0.167471 0.071252 0.221525
v -0.144000 0.048376 0.252553
v -0.104870 0.057086 0.257914
v -0.120930 0.054935 0.259327
v -0.120397 0.068060 0.244219
v -0.129894 0.083173 0.226878
v -0.100579 0.102876 0.209630
v -0.050291 0.108074 0.206725
v -0.023622 0.114369 0.209407
v -0.061613 0.092504 0.242962
v -0.079340 0.119665 0.193801
v -0.081446 0.089370 0.218907
v -0.067007 0.055788 0.258043
v -0.057642 0.056455 0.257765
v -0.047696 0.057089 0.257972
v -0.046977 0.096694 0.234907
v -0.041564 0.101540 0.210982
v -0.047942 0.102254 0.213139
v -0.037671 0.101854 0.209639
v -0.045861 0.100782 0.208336
v -0.039340 0.103104 0.202663
v -0.006743 0.083173 0.248307
v -0.008035 0.090685 0.231227
v -0.018436 0.098044 0.217677
v -0.031160 0.101906 0.212993
v -0.029323 0.100666 0.230011
v -0.034026 0.078969 0.258664
v -0.039390 0.062182 0.281119
v -0.048276 0.060782 0.279303
v -0.037016 0.056423 0.261018
v -0.035373 0.056623 0.265535
v -0.017005 0.059506 0.265263
v -0.001458 0.058432 0.264091
v -0.002012 0.071315 0.257199
v -0.004325 0.082068 0.263717
v -0.012137 0.070455 0.272490
v -0.031832 0.066834 0.282743
v -0.027862 0.100196 0.236152
v -0.142409 0.114168 0.163547
v -0.153807 0.120754 0.157786
v -0.147691 0.129100 0.149468
v -0.127589 0.116010 0.156700
v -0.138413 0.110664 0.163105
v -0.120360 0.126677 0.139956
v -0.122496 0.131215 0.138951
v -0.093790 0.163835 0.105852
v -0.084287 0.159014 0.134460
v -0.088893 0.141143 0.153012
v -0.096943 0.132465 0.145769
v -0.104407 0.143402 0.120761
v -0.125301 0.163654 0.104728
v -0.119375 0.167797 0.102145
v -0.113226 0.167733 0.103681
v -0.138085 0.143451 0.111086
v -0.138964 0.151809 0.108341
v -0.139788 0.156904 0.103070
v -0.143114 0.131762 0.123227
v -0.125968 0.131179 0.117455
v -0.137964 0.130875 0.109179
v -0.141836 0.134070 0.136479
v -0.134029 0.135078 0.129256
v -0.130518 0.133428 0.138520
v -0.120395 0.132863 0.133461
v -0.110451 0.134394 0.122534
v -0.114423 0.131885 0.132162
v -0.144947 0.136697 0.108096
v -0.147451 0.135321 0.121048
v -0.107059 0.144368 0.114586
v -0.103757 0.134920 0.120283
v -0.109673 0.131171 0.121492
v -0.115536 0.166816 0.098665
v -0.106448 0.165493 0.102166
v -0.097159 0.135350 0.140061
v -0.083915 0.125847 0.157154
v -0.075896 0.146352 0.151174
v -0.085032 0.154855 0.132017
v -0.097005 0.146852 0.128995
v -0.100803 0.134240 0.130833
v -0.102706 0.130502 0.132998
v -0.100245 0.140405 0.125887
v -0.100753 0.129582 0.142634
v -0.100297 0.134135 0.141194
v -0.098297 0.135020 0.141577
v -0.097918 0.135348 0.140879
v -0.097322 0.135735 0.140542
v -0.097298 0.135777 0.140377
v -0.093529 0.133592 0.144265
v -0.100877 0.127349 0.148964
v -0.104320 0.129017 0.145666
v -0.100397 0.134195 0.141282
v -0.103009 0.139194 0.123596
v -0.100753 0.136339 0.132344
v -0.101215 0.140878 0.130977
v -0.062859 0.202920 0.018511
v -0.071433 0.203291 0.013591
v -0.080118 0.211940 0.028245
v -0.054714 0.204039 0.028577
v -0.054060 0.199807 0.019068
v -0.076286 0.213436 0.017890
v -0.076321 0.209595 0.011753
v -0.134201 0.182965 0.012453
v -0.079735 0.218101 0.025264
v -0.076279 0.214116 0.018977
v -0.065044 0.215727 0.048382
v -0.087267 0.218008 0.050428
v -0.062405 0.205093 0.012151
v -0.052743 0.205351 0.023892
v -0.038666 0.644986 0.015713
v -0.029366 0.636985 0.011351
v -0.027107 0.648200 0.012116
v -0.022107 0.647154 0.016437
v -0.024552 0.624799 0.017012
v -0.025198 0.592812 0.018976
v -0.031127 0.592210 0.019255
v -0.042744 0.622216 0.017174
v -0.048501 0.643199 0.016282
v -0.024559 0.650520 0.001418
v -0.041366 0.644061 -0.000704
v -0.036309 0.622950 -0.001107
v -0.025794 0.624762 -0.000490
v -0.020178 0.649101 -0.000650
v -0.021078 0.676710 0.001240
v -0.022917 0.676643 0.006889
v -0.030701 0.641285 0.008357
v -0.029379 0.643995 0.005558
v -0.029488 0.635448 0.003699
v -0.056233 0.205689 0.062356
v -0.043049 0.204642 0.004130
v -0.038206 0.205355 0.005482
v -0.038995 0.205551 0.015919
v -0.036556 0.205577 0.023611
v -0.049553 0.204434 0.025018
v -0.034629 0.185682 0.035113
v -0.034028 0.189743 0.035860
v -0.034142 0.187072 0.049435
v -0.031678 0.181953 0.027523
v -0.040098 0.184662 0.029592
v 0.003954 0.188320 0.043921
v -0.050519 0.182666 0.084241
v -0.056044 0.180480 0.078728
v -0.062502 0.176412 0.080877
v -0.057409 0.181287 0.095316
v -0.042495 0.187574 0.093120
v -0.071497 0.191076 0.078350
v -0.067879 0.191537 0.076709
v -0.055672 0.179764 0.079590
v -0.077936 0.212420 0.065437
v -0.089637 0.211112 0.066923
v -0.097209 0.189416 0.084399
v -0.085056 0.186949 0.087518
v -0.083858 0.187721 0.087255
v -0.075595 0.185088 0.087385
v -0.043568 0.191121 0.066712
v -0.036137 0.192134 0.069714
v -0.031631 0.193165 0.076275
v -0.024357 0.194435 0.084034
v -0.037425 0.192805 0.090664
v -0.136911 0.172498 0.063767
v -0.117997 0.181094 0.078883
v -0.116616 0.198971 0.063397
v -0.139948 0.175874 0.034925
v -0.152703 0.159614 0.038641
v -0.097987 0.170270 0.087122
v -0.106658 0.175329 0.083902
v -0.114018 0.171242 0.087444
v -0.115776 0.167256 0.099012
v -0.106432 0.165242 0.102475
v -0.120117 0.171023 0.084879
v -0.134550 0.156656 0.097386
v -0.146275 0.147871 0.085690
v -0.121165 0.181613 0.063378
v -0.115870 0.172053 0.078170
v -0.121565 0.179687 0.020371
v -0.139334 0.177911 0.020742
v -0.121275 0.178571 -0.005799
v -0.104553 0.191190 0.006625
v -0.114900 0.195710 0.023480
v -0.117911 0.192826 0.057140
v -0.120596 0.191454 0.054739
v -0.114371 0.201474 0.045493
v -0.201687 0.120927 0.014708
v -0.204513 0.114225 0.004713
v -0.212719 0.111254 0.008228
v -0.243365 0.106074 0.002888
v -0.249076 0.103708 -0.004757
v -0.261326 0.090195 -0.002159
v -0.243269 0.100628 0.014311
v -0.238556 0.106298 0.008565
v -0.243388 0.100659 0.013652
v -0.230265 0.098832 0.024510
v -0.236999 0.092515 0.036498
v -0.248404 0.075888 0.033512
v -0.254048 0.074460 0.022838
v -0.253776 0.081327 0.019605
v -0.251392 0.096355 0.011280
v -0.200881 0.135792 0.068148
v -0.197689 0.120783 0.079771
v -0.211776 0.124895 0.061418
v -0.255754 0.066262 0.082732
v -0.260194 0.061294 0.078449
v -0.271803 0.052036 0.088887
v -0.297998 0.063072 0.016833
v -0.308074 0.066581 0.029261
v -0.316008 0.051384 0.030211
v -0.311609 0.047623 0.023294
v -0.297515 0.076638 0.028529
v -0.281937 0.058773 0.017175
v -0.271453 0.063815 0.017625
v -0.274491 0.061294 0.011979
v -0.288866 0.053795 0.011157
v -0.188957 0.139484 0.007009
v -0.191031 0.139539 0.004054
v -0.190863 0.140060 0.003117
v -0.189860 0.143161 -0.002467
v -0.178813 0.150256 -0.006053
v -0.168470 0.148883 0.026770
v -0.175201 0.149708 0.023303
v -0.177438 0.148294 0.021718
v -0.429666 0.957870 0.003277
v -0.430083 0.956077 0.003782
v -0.434296 0.957239 0.003330
v -0.429480 0.958636 0.001345
v -0.432025 0.950089 0.001064
v -0.431737 0.950102 -0.000990
v -0.436621 0.954823 -0.000673
v -0.437782 0.958040 0.000243
v -0.434772 0.958724 -0.000073
v -0.432084 0.950474 0.003202
v -0.157342 0.157837 0.041280
v -0.161912 0.156666 0.044231
v -0.169217 0.155136 0.036429
v -0.166288 0.161172 0.020828
v -0.155222 0.165285 0.032044
v -0.154072 0.162376 0.034951
v -0.152744 0.159015 0.038311
v -0.148887 0.167622 0.031100
v -0.142163 0.166603 0.034178
v -0.139272 0.170393 0.031190
v -0.137182 0.173134 0.029030
v -0.139334 0.177911 0.020742
v -0.157449 0.165574 0.025693
v -0.142142 0.166690 0.033795
v -0.152276 0.152303 0.041193
v -0.153757 0.144640 0.066629
v -0.143674 0.156584 0.053878
v -0.198270 0.137348 0.058021
v -0.205934 0.124133 0.061416
v -0.208031 0.123072 0.057591
v -0.206342 0.132081 0.045670
v -0.195687 0.142926 0.051686
v -0.210616 0.124634 0.046812
v -0.207090 0.131268 0.024017
v -0.213391 0.125261 0.032949
v -0.211106 0.131975 0.040240
v -0.201525 0.142170 0.032367
v -0.195761 0.140754 0.020944
v -0.207364 0.137920 0.048638
v -0.232884 0.094205 0.095981
v -0.213618 0.098253 0.105237
v -0.200200 0.105152 0.092386
v -0.217189 0.105342 0.080667
v -0.216603 0.101102 0.064221
v -0.213692 0.105356 0.055887
v -0.157514 0.128168 0.090171
v -0.168230 0.119265 0.090068
v -0.171121 0.123624 0.107064
v -0.152005 0.145684 0.095062
v -0.201858 0.135215 0.067030
v -0.197840 0.120658 0.079831
v -0.191268 0.119486 0.084341
v -0.161613 0.140484 0.081130
v -0.180243 0.110929 0.091556
v -0.169438 0.122367 0.124727
v -0.174406 0.116438 0.115754
v -0.166267 0.122301 0.110014
v -0.154377 0.128327 0.105128
v -0.150521 0.130738 0.121130
v -0.154914 0.129412 0.133006
v -0.178490 0.118125 0.125258
v -0.184953 0.103194 0.122712
v -0.182413 0.106500 0.134962
v -0.183037 0.095232 0.138151
v -0.193851 0.086980 0.143215
v -0.195694 0.089511 0.127174
v -0.171803 0.083858 0.178672
v -0.165074 0.089041 0.172826
v -0.161327 0.088605 0.176256
v -0.166389 0.082310 0.187998
v -0.166383 0.082367 0.187870
v -0.166410 0.080583 0.191997
v -0.166634 0.080029 0.193156
v -0.171337 0.078570 0.193911
v -0.173392 0.079129 0.189516
v -0.161427 0.070440 0.239421
v -0.186078 0.060685 0.241690
v -0.190930 0.071659 0.215567
v -0.215367 0.092996 0.118516
v -0.202251 0.104884 0.105691
v -0.190331 0.100959 0.108652
v -0.221032 0.075753 0.226792
v -0.249123 0.066170 0.226571
v -0.248043 0.067208 0.205292
v -0.209546 0.071152 0.188900
v -0.180566 0.070609 0.200045
v -0.188564 0.066786 0.198331
v -0.175863 0.065688 0.215949
v -0.172431 0.072106 0.204161
v -0.212514 0.062600 0.193909
v -0.219294 0.063003 0.251452
v -0.247888 0.044264 0.251720
v -0.263598 0.050230 0.222784
v -0.214109 0.040757 0.266012
v -0.184986 0.032233 0.278734
v -0.212637 0.024832 0.304811
v -0.244555 0.024900 0.295112
v -0.236506 0.015313 0.316478
v -0.257716 0.030722 0.309536
v -0.220642 0.023767 0.312974
v -0.319502 0.007367 0.315334
v -0.299418 0.008873 0.275330
v -0.282383 0.029077 0.290943
v -0.269377 0.029018 0.332134
v -0.279471 0.008548 0.356434
v -0.261772 0.024108 0.273959
v -0.270427 0.027171 0.245965
v -0.273914 0.031945 0.213834
v -0.267975 0.037411 0.218608
v -0.271492 0.021846 0.257394
v -0.290249 0.025965 0.248517
v -0.366094 0.013019 0.239275
v -0.351106 0.011649 0.254254
v -0.332307 0.013555 0.254682
v -0.321450 0.011039 0.254477
v -0.319014 0.014451 0.246307
v -0.184170 0.043825 0.251677
v -0.157105 0.054894 0.251534
v -0.156023 0.048859 0.258521
v -0.161778 0.053300 0.273224
v -0.197315 0.010272 0.290003
v -0.201486 0.014082 0.295194
v -0.184006 0.013205 0.297089
v -0.157391 0.053857 0.291689
v -0.147338 0.049951 0.301499
v -0.173888 0.028016 0.310581
v -0.181013 0.026793 0.316510
v -0.188577 0.027515 0.310821
v -0.120956 0.047337 0.295443
v -0.123884 0.048713 0.283852
v -0.094549 0.042973 0.281225
v -0.092810 0.047849 0.289987
v -0.098801 0.047413 0.298646
v -0.115364 0.053604 0.301327
v -0.088752 0.049704 0.311583
v -0.093170 0.058182 0.321426
v -0.107614 0.060011 0.309525
v -0.085728 0.046902 0.305112
v -0.019449 0.043389 0.365756
v -0.015514 0.028920 0.375714
v -0.036445 0.029151 0.371655
v -0.024173 0.051779 0.350997
v -0.050978 0.028419 0.362236
v -0.054800 0.028026 0.357430
v -0.058206 0.027002 0.347850
v -0.047238 0.034253 0.334918
v -0.029265 0.052082 0.331779
v -0.040058 0.039483 0.307428
v -0.036399 0.053941 0.300444
v -0.025634 0.058693 0.305304
v -0.045408 0.030146 0.320172
v -0.087274 0.014302 0.337962
v -0.089803 0.011474 0.339124
v -0.089993 0.015900 0.338640
v -0.067295 0.016296 0.327270
v -0.055928 0.022419 0.323912
v -0.064024 0.035373 0.298239
v -0.069613 0.028324 0.302163
v -0.072163 0.021111 0.303156
v -0.064678 0.021354 0.304566
v -0.048477 0.037775 0.304537
v -0.062762 0.028772 0.313578
v -0.056464 0.039674 0.306449
v -0.106455 0.014126 0.334408
v -0.103284 0.014801 0.339597
v -0.099961 0.015869 0.337175
v -0.093826 0.015471 0.331316
v -0.094772 0.017322 0.331224
v -0.102859 0.016829 0.336233
v -0.101959 0.020433 0.322602
v -0.114060 0.013606 0.339506
v -0.127726 0.008695 0.339213
v -0.125455 0.016002 0.328845
v -0.122989 0.023207 0.322514
v -0.119042 0.023005 0.324076
v -0.037779 0.003092 0.353573
v -0.053698 0.003064 0.341217
v -0.032329 0.002714 0.318551
v -0.006358 0.002654 0.324525
v -0.009663 0.003092 0.343386
v -0.040414 0.003107 0.369043
v -0.058073 0.007227 0.378152
v -0.067120 0.003639 0.333090
v 0.014939 0.009328 0.353932
v -0.025661 0.007062 0.385879
v -0.429920 0.006883 0.116461
v -0.435598 0.006726 0.148710
v -0.389970 0.021597 0.030199
v -0.402724 0.015154 0.021351
v -0.400507 0.008252 0.020054
v -0.395501 0.002174 0.017586
v -0.377197 0.002427 0.025243
v -0.353970 0.009294 0.029410
v -0.378466 0.008911 0.006194
v -0.472102 0.021004 0.029259
v -0.454828 0.028665 0.039023
v -0.446371 0.019802 0.023506
v -0.456856 0.005649 0.012683
v -0.482364 0.006641 0.022763
v -0.440459 0.005763 0.014896
v -0.363825 0.003115 0.029283
v -0.365075 0.003119 0.031589
v -0.373077 0.003119 0.030099
v -0.395148 0.002990 -0.003876
v -0.386644 0.003084 -0.010249
v -0.375376 0.003120 0.004400
v -0.372019 0.003021 0.017522
v -0.388634 0.003197 0.013386
v -0.387765 0.003531 0.005740
v -0.375531 0.003219 -0.000535
v -0.374606 0.003408 0.019413
v -0.325391 0.030258 0.139001
v -0.327681 0.025485 0.150412
v -0.323456 0.023267 0.158329
v -0.318622 0.023145 0.159777
v -0.312946 0.020757 0.156273
v -0.310980 0.017954 0.147252
v -0.306736 0.022841 0.145382
v -0.301353 0.025606 0.143578
v -0.310452 0.034367 0.141796
v -0.320758 0.040046 0.135323
v -0.317286 0.020072 0.207974
v -0.304623 0.023462 0.211654
v -0.306094 0.028402 0.205608
v -0.277563 0.044798 0.185409
v -0.301894 0.023681 0.216394
v -0.306174 0.028221 0.205344
v -0.299601 0.037233 0.198596
v -0.298399 0.025455 0.239908
v -0.279420 0.036544 0.191370
v -0.282412 0.031336 0.198214
v -0.284671 0.042288 0.164689
v -0.275408 0.040161 0.158800
v -0.263261 0.041087 0.170783
v -0.282836 0.053774 0.097944
v -0.287963 0.049623 0.090294
v -0.296144 0.052966 0.102649
v -0.301564 0.046498 0.132385
v -0.295883 0.041109 0.136354
v -0.278542 0.053441 0.106002
v -0.254443 0.054177 0.175425
v -0.242622 0.060920 0.188257
v -0.261880 0.048045 0.196192
v -0.285151 0.063054 0.086005
v -0.282389 0.055047 0.091184
v -0.298457 0.051662 0.088572
v -0.303781 0.050222 0.087402
v -0.308230 0.047093 0.083112
v -0.300043 0.065816 0.077638
v -0.277783 0.077854 0.075834
v -0.298572 0.040941 0.192984
v -0.300007 0.043656 0.183270
v -0.315835 0.035844 0.175025
v -0.288308 0.047629 0.066926
v -0.284283 0.047926 0.079903
v -0.301668 0.035648 0.074186
v -0.308091 0.045333 0.087775
v -0.317548 0.046664 0.093714
v -0.325070 0.040324 0.093691
v -0.312990 0.036476 0.076114
v -0.311482 0.044769 0.076734
v -0.336271 0.035366 0.077379
v -0.319165 0.030819 0.066077
v -0.319897 0.029688 0.065731
v -0.316131 0.031640 0.072383
v -0.312495 0.037275 0.076494
v -0.311207 0.047552 0.076368
v -0.314997 0.052895 0.069275
v -0.319179 0.055099 0.056751
v -0.306864 0.035077 0.019975
v -0.300351 0.039065 0.022634
v -0.303798 0.040960 0.003893
v -0.309210 0.034524 0.013418
v -0.298563 0.048607 -0.005844
v -0.299866 0.046342 -0.007664
v -0.302102 0.048115 0.005246
v -0.301254 0.047549 0.001776
v -0.303298 0.048352 0.005731
v -0.301727 0.047864 0.003711
v -0.298599 0.048853 -0.005323
v -0.313423 0.048066 0.025405
v -0.306015 0.052800 0.018654
v -0.306107 0.047085 0.017614
v -0.306899 0.044025 0.017982
v -0.311878 0.044000 0.022045
v -0.322502 0.044324 0.038900
v -0.323669 0.044980 0.031589
v -0.326003 0.046833 0.023745
v -0.334419 0.043316 0.041418
v -0.327055 0.042436 0.042473
v -0.331150 0.028609 0.063325
v -0.337879 0.031428 0.069604
v -0.337808 0.031501 0.069748
v -0.351967 0.025155 0.059154
v -0.341500 0.029850 0.054529
v -0.356825 0.026429 0.050545
v -0.366334 0.023200 0.055728
v -0.353212 0.029919 0.066589
v -0.355353 0.025925 0.140275
v -0.346990 0.024641 0.132481
v -0.375381 0.018941 0.113747
v -0.387980 0.025582 0.145227
v -0.363130 0.026374 0.151387
v -0.320158 0.024776 0.165470
v -0.328825 0.027921 0.161669
v -0.322513 0.025996 0.170022
v -0.330050 0.026501 0.161664
v -0.332869 0.027939 0.158743
v -0.312868 0.050403 0.126028
v -0.324067 0.048066 0.117258
v -0.340501 0.035180 0.102845
v -0.367359 0.027302 0.106776
v -0.363914 0.034387 0.094296
v -0.405773 0.006777 0.101408
v -0.426183 0.006701 0.093558
v -0.419828 0.018012 0.071502
v -0.436359 0.027281 0.069853
v -0.463681 0.030880 0.061384
v -0.471621 0.024375 0.079534
v -0.390053 0.017088 0.037402
v -0.401423 0.028747 -0.068388
v -0.403722 0.011730 -0.072666
v -0.391935 0.034861 -0.062516
v -0.418184 0.026286 -0.091869
v -0.396567 0.011838 -0.096409
v -0.409695 0.043062 -0.084810
v -0.425801 0.005704 -0.021197
v -0.410056 0.006042 -0.000536
v -0.411946 0.011822 0.003455
v -0.411191 0.020578 0.004484
v -0.424691 0.019457 -0.024211
v -0.420525 0.008143 -0.016822
v -0.410771 0.008436 -0.027352
v -0.413438 0.008349 -0.044968
v -0.430307 0.007625 -0.042795
v -0.432429 0.006266 -0.019408
v -0.415324 0.008295 -0.057256
v -0.431059 0.001055 -0.043823
v -0.413843 0.001291 -0.060299
v -0.391207 0.001474 -0.063079
v -0.391596 0.007176 -0.051618
v -0.390594 0.008444 -0.037831
v -0.403426 0.008345 -0.034484
v -0.413967 0.008113 -0.026786
v -0.425740 0.007514 -0.022109
v -0.395137 0.008793 -0.048258
v -0.397660 0.008632 -0.032011
v -0.381901 0.008850 -0.018159
v -0.367872 0.009021 -0.027039
v -0.399279 0.012202 -0.260670
v -0.410943 0.014567 -0.251212
v -0.400644 0.020363 -0.245907
v -0.381607 0.018193 -0.251274
v -0.379182 0.010706 -0.258822
v -0.383157 0.021837 -0.241108
v -0.421756 0.010470 -0.226514
v -0.420922 0.002415 -0.227523
v -0.419627 0.004430 -0.216322
v -0.412777 0.005226 -0.208668
v -0.411317 0.013841 -0.212814
v -0.412669 0.018142 -0.224361
v -0.392862 0.043041 -0.141264
v -0.376583 0.031288 -0.150734
v -0.390573 0.013319 -0.123032
v -0.414212 0.025728 -0.124116
v -0.364180 0.025688 -0.130545
v -0.372561 0.024086 -0.114734
v -0.353006 0.023990 -0.135790
v -0.366472 0.023050 -0.153711
v -0.411438 0.005407 -0.254752
v -0.395188 0.006466 -0.258833
v -0.395157 0.011714 -0.249662
v -0.410873 0.011710 -0.240241
v -0.419649 0.004806 -0.241341
v -0.397658 0.015004 -0.239572
v -0.399543 0.014122 -0.207213
v -0.399653 0.004133 -0.202986
v -0.376533 0.006392 -0.211331
v -0.361024 0.003135 -0.210731
v -0.361094 0.008595 -0.206069
v -0.386677 0.008976 -0.210274
v -0.332771 0.006973 -0.155296
v -0.349691 0.008515 -0.153856
v -0.353089 0.012450 -0.157486
v -0.352708 0.018809 -0.158002
v -0.340763 0.014476 -0.165036
v -0.368127 0.009239 -0.145575
v -0.364170 0.004529 -0.156715
v -0.377875 0.007646 -0.136005
v -0.377475 0.005503 -0.134610
v -0.344482 0.013698 -0.053671
v -0.348295 0.016779 -0.057657
v -0.356590 0.004265 -0.050556
v -0.343216 0.003208 -0.051330
v -0.342385 0.009287 -0.051423
v -0.345500 0.005088 -0.054165
v -0.360138 0.003593 -0.029983
v -0.364842 0.003082 -0.036775
v -0.373337 0.007426 -0.042108
v -0.370504 0.005823 -0.049012
v -0.352010 0.008539 -0.037807
v -0.339024 0.008944 -0.024441
v -0.362384 0.024465 -0.028118
v -0.359486 0.012873 -0.035919
v -0.360620 0.020252 -0.050572
v -0.361391 0.025657 -0.050888
v -0.372390 0.011566 -0.121047
v -0.375228 0.013495 -0.126793
v -0.371407 0.021130 -0.122921
v -0.361776 0.019478 -0.110797
v -0.364815 0.010324 -0.109998
v -0.359607 0.025272 -0.112534
v -0.392420 0.023971 -0.046168
v -0.382191 0.034095 -0.047814
v -0.379493 0.025017 -0.055230
v -0.404681 0.019231 -0.055745
v -0.404881 0.022214 -0.048213
v -0.381043 0.037072 -0.060054
v -0.404857 0.008337 -0.005971
v -0.401640 0.003809 -0.001877
v -0.385923 0.012662 -0.009240
v -0.379099 0.017933 -0.022857
v -0.385226 0.010647 -0.026357
v -0.403457 0.003533 -0.015426
v -0.399529 0.010798 -0.011731
v -0.395217 0.013274 -0.018830
v -0.344358 0.036425 -0.104435
v -0.344979 0.031561 -0.104849
v -0.359460 0.030709 -0.109986
v -0.364718 0.029286 -0.103566
v -0.346820 0.040286 -0.094571
v -0.376958 0.019569 -0.120573
v -0.361706 0.030154 -0.056044
v -0.360855 0.023227 -0.048076
v -0.360289 0.028982 -0.072119
v -0.359404 0.034978 -0.073514
v -0.361333 0.046080 -0.069056
v -0.362489 0.036665 -0.062352
v -0.362249 0.033938 -0.061985
v -0.361788 0.029221 -0.058268
v -0.357949 0.021942 -0.055931
v -0.358218 0.008081 -0.026552
v -0.356354 0.010375 -0.027131
v -0.353669 0.006026 -0.006596
v -0.355604 0.015165 -0.046841
v -0.359840 0.031031 -0.047677
v -0.363899 0.039537 -0.046909
v -0.355013 0.040224 -0.042792
v -0.352061 0.024211 -0.056328
v -0.359518 0.024531 -0.054133
v -0.348322 0.037855 -0.048269
v -0.361134 0.025411 -0.059031
v -0.345255 0.021072 -0.066128
v -0.351114 0.019293 -0.061471
v -0.354798 0.018056 -0.057003
v -0.360011 0.021359 -0.089140
v -0.355567 0.016119 -0.057615
v -0.358440 0.015733 -0.099835
v -0.350036 0.013756 -0.101676
v -0.344671 0.016762 -0.089248
v -0.339689 0.016251 -0.072897
v -0.342764 0.020908 -0.066406
v -0.342674 0.020968 -0.066530
v -0.341560 0.044722 -0.063798
v -0.339294 0.037183 -0.091763
v -0.351917 0.036496 -0.084189
v -0.360021 0.021057 -0.090253
v -0.339415 0.022211 -0.251859
v -0.312282 0.033335 -0.259995
v -0.343705 0.012582 -0.257439
v -0.291949 0.032720 -0.272124
v -0.296815 0.025166 -0.280324
v -0.357077 0.033808 -0.103462
v -0.351266 0.034336 -0.114357
v -0.343585 0.033247 -0.118277
v -0.345319 0.003262 -0.155210
v -0.337464 0.003374 -0.146891
v -0.321863 0.006548 -0.150451
v -0.332284 0.013764 -0.156258
v -0.331294 0.003254 -0.141668
v -0.316764 0.027795 -0.231071
v -0.328563 0.022248 -0.198316
v -0.314305 0.032534 -0.199855
v -0.308970 0.038113 -0.224291
v -0.363666 0.016885 -0.245876
v -0.362083 0.020082 -0.236251
v -0.361399 0.018945 -0.223317
v -0.301497 0.036638 -0.251129
v -0.229096 0.024576 -0.260477
v -0.213842 0.015917 -0.263763
v -0.229317 0.033779 -0.250114
v -0.244064 0.029400 -0.244986
v -0.265173 0.010664 -0.242025
v -0.266098 0.031400 -0.226758
v -0.278359 0.026902 -0.225355
v -0.251305 0.040775 -0.233646
v -0.334631 0.026432 -0.154458
v -0.343361 0.029639 -0.145077
v -0.333569 0.036274 -0.122051
v -0.321291 0.036937 -0.169796
v -0.327603 0.024366 -0.171337
v -0.311167 0.051158 -0.161289
v -0.342167 0.020721 -0.204306
v -0.335917 0.018510 -0.195319
v -0.361297 0.016362 -0.214274
v -0.323036 0.011308 -0.157617
v -0.311339 0.009712 -0.183402
v -0.311197 0.015196 -0.181496
v -0.322435 0.015301 -0.190831
v -0.324172 0.017417 -0.174043
v -0.332931 0.015470 -0.192399
v -0.332364 0.012090 -0.174975
v -0.299663 0.032793 -0.164186
v -0.241088 0.005698 -0.258622
v -0.216422 0.003759 -0.265730
v -0.269700 0.004936 -0.241863
v -0.257868 0.008360 -0.260195
v -0.308573 0.015072 -0.207247
v -0.300468 0.003994 -0.226608
v -0.293544 0.009130 -0.220135
v -0.341360 0.010415 -0.115354
v -0.345987 0.010093 -0.126246
v -0.334717 0.006708 -0.145116
v -0.341917 0.002816 -0.209579
v -0.327673 0.009268 -0.150612
v -0.334624 0.006827 -0.106059
v -0.346904 0.014487 -0.104463
v -0.342375 0.013874 -0.113760
v -0.336183 0.011810 -0.088374
v -0.356816 0.007572 -0.035492
v -0.333200 0.004818 -0.068540
v -0.337524 0.004796 -0.061198
v -0.334330 0.010806 -0.075543
v -0.331076 0.005105 -0.075549
v -0.347343 0.006261 -0.009306
v -0.347275 0.008607 -0.026130
v -0.336752 0.011492 -0.021248
v -0.341768 0.005370 0.000257
v -0.336356 0.002611 -0.004159
v -0.342222 0.002954 0.010201
v -0.350034 0.003109 0.001671
v -0.350867 0.003182 -0.018708
v -0.343832 0.002430 -0.022935
v -0.359075 0.003144 -0.010351
v -0.353725 0.009165 -0.014111
v -0.332930 0.008919 0.002198
v -0.372325 0.002767 -0.033025
v -0.385144 0.003004 -0.028389
v -0.347155 0.012294 -0.159675
v -0.374553 0.003242 -0.014180
v -0.356088 0.004098 -0.022636
v -0.343750 0.003031 -0.218549
v -0.323281 0.002931 -0.221540
v -0.275410 0.003204 -0.245395
v -0.283358 0.003091 -0.252999
v -0.264365 0.002941 -0.271189
v -0.242229 0.003008 -0.289429
v -0.233910 0.003090 -0.282238
v -0.224817 0.003147 -0.275422
v -0.328767 0.004974 -0.068496
v -0.330838 0.020216 -0.081325
v -0.331791 0.020620 -0.079301
v -0.331158 0.004747 -0.086415
v -0.327329 0.007492 -0.084818
v -0.330420 0.019607 -0.084859
v -0.325897 0.019409 -0.125554
v -0.326167 0.017123 -0.142428
v -0.319192 0.006346 -0.136627
v -0.334500 0.013588 -0.106892
v -0.333273 0.023136 -0.110203
v -0.339298 0.006811 -0.105826
v -0.332416 0.003145 -0.126043
v -0.338101 0.002966 -0.116439
v -0.339401 0.003432 -0.130702
v -0.351837 0.002633 -0.108841
v -0.351312 0.009490 -0.103552
v -0.346480 0.003275 -0.120051
v -0.392173 0.009886 -0.060192
v -0.404685 0.004713 -0.087315
v -0.389995 0.012511 -0.084059
v -0.388565 0.015393 -0.100539
v -0.383338 0.017973 -0.110596
v -0.412738 0.002595 -0.089131
v -0.393704 0.003829 -0.109964
v -0.365726 0.005971 -0.137175
v -0.366072 0.005103 -0.127371
v -0.410470 0.007422 -0.027455
v -0.418494 0.005066 -0.023381
v -0.424276 0.004148 -0.043106
v -0.409684 0.006666 -0.044649
v -0.404765 0.010366 -0.032344
v -0.420576 0.004061 -0.048447
v -0.415437 0.003841 -0.050548
v -0.417081 0.015641 -0.053690
v -0.429859 0.005026 -0.048145
v -0.424398 0.004158 -0.043461
v -0.387649 0.018750 -0.070952
v -0.391680 0.016990 -0.055754
v -0.397928 0.013887 -0.041720
v -0.404080 0.009583 -0.051105
v -0.407902 0.005133 -0.056219
v -0.406246 0.014803 -0.061635
v -0.388308 0.003337 -0.007953
v -0.336496 0.006538 -0.134295
v -0.346743 0.004539 -0.255296
v -0.367545 0.002384 -0.248338
v -0.370120 0.003274 -0.247565
v -0.398136 0.004351 -0.263590
v -0.381972 0.011652 -0.247915
v -0.363901 0.003231 -0.238093
v -0.374157 0.009229 -0.237257
v -0.384686 0.015070 -0.238596
v -0.399551 0.009659 -0.210257
v -0.413739 0.009394 -0.219458
v -0.399946 0.012307 -0.220409
v -0.219721 0.009101 -0.366745
v -0.224901 0.019557 -0.364382
v -0.211344 0.017994 -0.364106
v -0.191435 0.015121 -0.363908
v -0.192965 0.009028 -0.365620
v -0.193194 0.006600 -0.363650
v -0.218790 0.003234 -0.349772
v -0.254926 0.010102 -0.330836
v -0.238819 0.010981 -0.358752
v -0.214636 0.003170 -0.343503
v -0.237692 0.003030 -0.324751
v -0.039221 0.007919 -0.363615
v -0.033436 0.007139 -0.355200
v -0.031003 0.006901 -0.348282
v -0.135667 0.012583 -0.444729
v -0.137271 0.004893 -0.454755
v -0.134886 0.005962 -0.458062
v -0.124492 0.005795 -0.448232
v -0.123914 0.004126 -0.446561
v -0.124243 0.002993 -0.444572
v -0.124601 0.002451 -0.443383
v -0.131581 0.010772 -0.436783
v -0.120164 0.004938 -0.456010
v -0.101036 0.002931 -0.469780
v -0.097919 0.012151 -0.464593
v -0.113328 0.018409 -0.436052
v -0.130132 0.008941 -0.428414
v -0.048250 0.005402 -0.413685
v -0.045534 0.006726 -0.414103
v -0.069036 0.004572 -0.400076
v -0.070133 0.010431 -0.401971
v -0.056917 0.014074 -0.400221
v -0.048895 0.009180 -0.411674
v -0.051147 0.004606 -0.355116
v -0.062637 0.004833 -0.363052
v -0.055336 0.005035 -0.369262
v -0.047698 0.007594 -0.376041
v -0.052935 0.007073 -0.392979
v -0.066025 0.005593 -0.391308
v -0.036646 0.009198 -0.334754
v -0.041716 0.009019 -0.341542
v -0.026397 0.009099 -0.337989
v -0.030505 0.009253 -0.329442
v -0.028483 0.005419 -0.338951
v -0.028146 0.005252 -0.340991
v -0.092763 0.006084 -0.388362
v -0.079902 0.005446 -0.378102
v -0.110939 0.006652 -0.374721
v -0.114162 0.014337 -0.380233
v -0.099655 0.017425 -0.382408
v -0.088201 0.005526 -0.357914
v -0.106816 0.002921 -0.364633
v -0.053626 0.008408 -0.327805
v -0.048256 0.009040 -0.334797
v -0.042735 0.009112 -0.328346
v -0.037249 0.009163 -0.322475
v -0.046761 0.008567 -0.318931
v -0.055429 0.007664 -0.320887
v -0.086067 0.011799 -0.399297
v -0.084436 0.004479 -0.397951
v -0.084805 0.021707 -0.393257
v -0.106976 0.004831 -0.398815
v -0.109925 0.007873 -0.401273
v -0.110460 0.007963 -0.401059
v -0.104821 0.003609 -0.397101
v -0.105642 0.003455 -0.397703
v -0.171348 0.010309 -0.310629
v -0.140083 0.017608 -0.309733
v -0.137161 0.029301 -0.303191
v -0.170628 0.030803 -0.299870
v -0.184680 0.017893 -0.303062
v -0.151542 0.015214 -0.452752
v -0.152796 0.006463 -0.460824
v -0.147539 0.020410 -0.443879
v -0.113418 0.018500 -0.455689
v -0.099182 0.021287 -0.462630
v -0.100806 0.012924 -0.470543
v -0.132527 0.010650 -0.417268
v -0.139405 0.006732 -0.402815
v -0.147230 0.013913 -0.406440
v -0.157271 0.019455 -0.412424
v -0.145574 0.020467 -0.420674
v -0.136001 0.015409 -0.426229
v -0.108944 0.018203 -0.447987
v -0.119700 0.016464 -0.428592
v -0.125823 0.007590 -0.419780
v -0.109641 0.024306 -0.430468
v -0.129159 0.005639 -0.420334
v -0.128352 0.015069 -0.434602
v -0.132915 0.019551 -0.428000
v -0.120168 0.016051 -0.433173
v -0.129792 0.013753 -0.446114
v -0.133941 0.018893 -0.441654
v -0.124742 0.007441 -0.443483
v -0.125481 0.010159 -0.448097
v -0.110228 0.024526 -0.437139
v -0.113774 0.020719 -0.446541
v -0.143163 0.024293 -0.416223
v -0.137026 0.018391 -0.408794
v -0.132862 0.009641 -0.404180
v -0.027175 0.010976 -0.387207
v -0.025886 0.012139 -0.390179
v -0.029893 0.012762 -0.392231
v -0.034475 0.013189 -0.395305
v -0.011645 0.007804 -0.339863
v -0.021500 0.018880 -0.335324
v -0.006358 0.006957 -0.331304
v -0.002149 0.006885 -0.336636
v -0.018058 0.006922 -0.333306
v -0.010008 0.007234 -0.328285
v -0.025705 0.010757 -0.326269
v -0.026114 0.018268 -0.328843
v -0.047808 0.018044 -0.412371
v -0.056044 0.020334 -0.393821
v -0.042975 0.014266 -0.400239
v -0.046863 0.016264 -0.414021
v -0.033379 0.011224 -0.400029
v -0.023059 0.013114 -0.394030
v -0.027099 0.011057 -0.386300
v -0.051313 0.023212 -0.378035
v -0.037850 0.013495 -0.391404
v -0.052755 0.020962 -0.421204
v -0.057556 0.020793 -0.422732
v -0.050028 0.018247 -0.426139
v -0.054740 0.017578 -0.423679
v -0.024079 0.033814 -0.355494
v -0.012784 0.038788 -0.369708
v -0.004616 0.019945 -0.377363
v 0.002611 0.032725 -0.380623
v -0.018957 0.033848 -0.326925
v -0.021301 0.022019 -0.330459
v -0.028308 0.027317 -0.351944
v -0.027224 0.021542 -0.342118
v -0.027752 0.015064 -0.345670
v -0.035064 0.015574 -0.366136
v -0.035868 0.022945 -0.365952
v -0.031040 0.033458 -0.346360
v -0.021835 0.015424 -0.335120
v -0.002440 0.018195 -0.330137
v -0.001822 0.023965 -0.338130
v -0.010275 0.024725 -0.336962
v -0.024872 0.043684 -0.334010
v -0.019889 0.051316 -0.347850
v -0.019808 0.024469 -0.336849
v -0.023747 0.024999 -0.336849
v -0.004224 0.023594 -0.337908
v -0.012987 0.025618 -0.335223
v -0.067113 0.029737 -0.320619
v -0.075336 0.035817 -0.318569
v -0.082651 0.027184 -0.318676
v -0.086054 0.018869 -0.318901
v -0.076726 0.018768 -0.319125
v -0.066654 0.022295 -0.315637
v -0.079837 0.029388 -0.382619
v -0.114829 0.024754 -0.380320
v -0.118642 0.036830 -0.378777
v -0.099896 0.044663 -0.369310
v -0.155456 0.020682 -0.456339
v -0.173768 0.020080 -0.452963
v -0.169259 0.024553 -0.446129
v -0.161429 0.028442 -0.437475
v -0.148814 0.026282 -0.443885
v -0.141588 0.021345 -0.450058
v -0.097626 0.030354 -0.438472
v -0.089584 0.028365 -0.441025
v -0.158545 0.024393 -0.408668
v -0.165746 0.027373 -0.419669
v -0.175875 0.024018 -0.415777
v -0.183626 0.019224 -0.412960
v -0.170966 0.018748 -0.401929
v -0.155911 0.019142 -0.400393
v -0.180012 0.023552 -0.432784
v -0.151378 0.027967 -0.426184
v -0.168595 0.021273 -0.421370
v -0.180586 0.015615 -0.415753
v -0.184233 0.014201 -0.432669
v -0.163637 0.022184 -0.439074
v -0.155417 0.023119 -0.428505
v -0.170290 0.016092 -0.448154
v -0.157318 0.005199 -0.395728
v -0.174039 0.005794 -0.398924
v -0.169259 0.014096 -0.405103
v -0.177200 0.044309 -0.276464
v -0.181379 0.060823 -0.243882
v -0.199690 0.009944 -0.289857
v -0.189009 0.010698 -0.308604
v -0.299424 0.015719 -0.288009
v -0.303130 0.006043 -0.292162
v -0.326290 0.005518 -0.273360
v -0.286637 0.037987 -0.179975
v -0.286745 0.036756 -0.207671
v -0.267431 0.042815 -0.211714
v -0.259188 0.054582 -0.219495
v -0.294638 0.052250 -0.215391
v -0.275501 0.053743 -0.212180
v -0.273090 0.045500 -0.228091
v -0.277427 0.034635 -0.241242
v -0.291146 0.039030 -0.237079
v -0.349090 0.062279 -0.104458
v -0.338333 0.043873 -0.121818
v -0.349375 0.037629 -0.140990
v -0.355072 0.050978 -0.136954
v -0.363949 0.065684 -0.120142
v -0.285701 0.054831 -0.154542
v -0.291822 0.052509 -0.111357
v -0.272529 0.067493 -0.120760
v -0.330247 0.053058 -0.087923
v -0.282776 0.058798 -0.099258
v -0.407658 0.049398 -0.116393
v -0.335396 0.055245 -0.061090
v -0.348071 0.049557 -0.075201
v -0.359156 0.061145 -0.083591
v -0.344477 0.048766 -0.049393
v -0.342449 0.053726 -0.036760
v -0.337533 0.059234 -0.042363
v -0.329137 0.062300 -0.057924
v -0.376535 0.054786 -0.033632
v -0.369929 0.059453 -0.022556
v -0.378869 0.059932 -0.019230
v -0.403407 0.047996 -0.018029
v -0.405187 0.037114 -0.029362
v -0.395240 0.054765 -0.012761
v -0.350648 0.041601 -0.041074
v -0.306652 0.048251 0.005293
v -0.302154 0.048110 0.005155
v -0.296996 0.051748 -0.010198
v -0.295660 0.047979 -0.016504
v -0.298779 0.049910 -0.025253
v -0.294189 0.053797 -0.037885
v -0.283844 0.060976 -0.044156
v -0.271724 0.068531 -0.035892
v -0.272010 0.066497 -0.027889
v -0.274259 0.067325 -0.025694
v -0.287975 0.060449 -0.026871
v -0.295112 0.050659 -0.016659
v -0.285707 0.065163 -0.027839
v -0.275076 0.069320 -0.028000
v -0.274577 0.074654 -0.035479
v -0.296825 0.062771 -0.024624
v -0.296970 0.062157 -0.020599
v -0.289595 0.071765 -0.045900
v -0.303649 0.068888 -0.031811
v -0.268762 0.069902 -0.017121
v -0.268691 0.069622 -0.000707
v -0.268700 0.076634 -0.011296
v -0.262936 0.073894 -0.016480
v -0.265222 0.068524 -0.017200
v -0.263227 0.081031 -0.015058
v -0.251311 0.085589 -0.043078
v -0.255306 0.090035 -0.030034
v -0.275954 0.073016 -0.042974
v -0.278966 0.075799 -0.045982
v -0.268393 0.082618 -0.049909
v -0.265004 0.085074 -0.033714
v -0.261483 0.083640 -0.038187
v -0.287926 0.059424 -0.057328
v -0.278865 0.058278 -0.092806
v -0.287254 0.057740 -0.090376
v -0.290056 0.079376 -0.055227
v -0.286954 0.072543 -0.058118
v -0.277954 0.077355 -0.054144
v -0.261288 0.086947 -0.097569
v -0.268193 0.077820 -0.092814
v -0.271107 0.086943 -0.093767
v -0.287720 0.054511 -0.055055
v -0.291740 0.049440 -0.070026
v -0.291490 0.047898 -0.093643
v -0.300013 0.042127 -0.110290
v -0.297913 0.043751 -0.107782
v -0.324181 0.030340 -0.050422
v -0.318465 0.035446 -0.029505
v -0.332183 0.023748 -0.043732
v -0.303111 0.047196 -0.060052
v -0.306338 0.044833 -0.051381
v -0.311083 0.041204 -0.040945
v -0.316144 0.036850 -0.053589
v -0.295732 0.052139 -0.047364
v -0.287028 0.055243 -0.054401
v -0.292171 0.049114 -0.065278
v -0.312624 0.040235 -0.024769
v -0.303480 0.046785 -0.029844
v -0.269482 0.032178 -0.264031
v -0.261164 0.035501 -0.244448
v -0.249498 0.042047 -0.249951
v -0.264728 0.032599 -0.287698
v -0.276521 0.028481 -0.276651
v -0.238448 0.043698 -0.306407
v -0.247991 0.038480 -0.314764
v -0.226540 0.045833 -0.248925
v -0.229887 0.049854 -0.269559
v -0.216290 0.044382 -0.276024
v -0.208115 0.038387 -0.269223
v -0.242921 0.079091 -0.197452
v -0.228124 0.082802 -0.170304
v -0.204121 0.084411 -0.190907
v -0.221320 0.075501 -0.228145
v -0.247848 0.070475 -0.224331
v -0.190426 0.076492 -0.219942
v -0.243622 0.075441 -0.204597
v -0.245612 0.065931 -0.227786
v -0.237619 0.048269 -0.240426
v -0.223103 0.060461 -0.237974
v -0.217281 0.077859 -0.210538
v -0.234240 0.076309 -0.190980
v -0.248029 0.085017 -0.111471
v -0.264781 0.073330 -0.112817
v -0.261075 0.075309 -0.102207
v -0.256814 0.093523 -0.092552
v -0.247479 0.089196 -0.097534
v -0.236354 0.093615 -0.108114
v -0.256777 0.082632 -0.086117
v -0.261776 0.079303 -0.087660
v -0.250471 0.075583 -0.136094
v -0.199062 0.099370 -0.158131
v -0.179124 0.116873 -0.142520
v -0.211026 0.100610 -0.118882
v -0.242852 0.081283 -0.106977
v -0.260766 0.070929 -0.101506
v -0.157891 0.126061 -0.134859
v -0.151114 0.130972 -0.121964
v -0.246904 0.053487 -0.240638
v -0.179784 0.064447 -0.248075
v -0.164693 0.056400 -0.276061
v -0.194375 0.043096 -0.273275
v -0.212858 0.081242 -0.175149
v -0.221642 0.072725 -0.180666
v -0.207600 0.073787 -0.213763
v -0.152450 0.114567 -0.178619
v -0.153150 0.049082 -0.295025
v -0.123597 0.070541 -0.272930
v -0.079774 0.072119 -0.285530
v -0.113784 0.066310 -0.310918
v -0.148192 0.052806 -0.312341
v -0.102544 0.062617 -0.281114
v -0.103877 0.053629 -0.293713
v -0.083065 0.050513 -0.302664
v -0.054016 0.065915 -0.296295
v -0.083565 0.076759 -0.264621
v -0.101957 0.077234 -0.260950
v -0.066493 0.093010 -0.271738
v -0.059478 0.038402 -0.321966
v -0.087987 0.037971 -0.308574
v -0.036452 0.042078 -0.320277
v -0.036113 0.050171 -0.312110
v -0.036846 0.053100 -0.318820
v -0.048820 0.037757 -0.352404
v -0.061125 0.037922 -0.342517
v -0.061471 0.042624 -0.329575
v -0.040990 0.031417 -0.360861
v -0.076545 0.044182 -0.332624
v -0.068851 0.033229 -0.363059
v -0.079333 0.035353 -0.354829
v -0.083381 0.047153 -0.349287
v -0.064254 0.026207 -0.427849
v -0.063509 0.026542 -0.429985
v -0.075516 0.027191 -0.441163
v -0.062894 0.022352 -0.433912
v -0.076893 0.028614 -0.449728
v -0.097665 0.028022 -0.451916
v -0.221552 0.041633 -0.353673
v -0.238685 0.044754 -0.341387
v -0.223813 0.052061 -0.332073
v -0.203180 0.047911 -0.324161
v -0.199398 0.041257 -0.343077
v -0.203583 0.033611 -0.355343
v -0.142044 0.059779 -0.353487
v -0.149251 0.060080 -0.331414
v -0.120177 0.071943 -0.327859
v -0.108427 0.060588 -0.359764
v -0.128529 0.050406 -0.370467
v -0.093180 0.061608 -0.340655
v -0.084578 0.053816 -0.326000
v -0.053997 0.060961 -0.304118
v -0.031700 0.065944 -0.302774
v -0.014100 0.045713 -0.316301
v -0.008386 0.051443 -0.309301
v -0.023914 0.105771 -0.254363
v -0.030190 0.097923 -0.280010
v -0.044306 0.121565 -0.220500
v -0.017238 0.114454 -0.231488
v -0.061410 0.097274 -0.278519
v -0.109407 0.107071 -0.229285
v -0.087790 0.122572 -0.213840
v -0.074801 0.129138 -0.201375
v -0.025050 0.108510 -0.233591
v -0.024274 0.118603 -0.215263
v -0.046304 0.120211 -0.212355
v -0.047914 0.104373 -0.256901
v -0.025958 0.098392 -0.259552
v -0.071572 0.124901 -0.200106
v -0.079240 0.118812 -0.215240
v -0.094099 0.100632 -0.235117
v -0.074654 0.093092 -0.249021
v -0.039256 0.089874 -0.292429
v -0.142791 0.084196 -0.244528
v -0.026995 0.129217 -0.203856
v -0.006115 0.116114 -0.217865
v 0.002172 0.132357 -0.208016
v -0.001878 0.142786 -0.195578
v -0.027440 0.140662 -0.202903
v -0.047748 0.174326 -0.172875
v -0.069720 0.170609 -0.150328
v -0.022167 0.167962 -0.191781
v -0.028584 0.205262 -0.098616
v -0.005489 0.221561 -0.071337
v -0.048394 0.208707 -0.051397
v -0.044128 0.210794 -0.043576
v -0.058451 0.202211 -0.048109
v -0.080270 0.191895 -0.058183
v -0.059494 0.192701 -0.086874
v -0.045934 0.205831 -0.077571
v -0.045840 0.167436 -0.180540
v -0.024319 0.169412 -0.185549
v -0.022322 0.178671 -0.156726
v -0.048677 0.172049 -0.124171
v -0.051426 0.175990 -0.116573
v -0.057332 0.175698 -0.114648
v -0.064280 0.178020 -0.106191
v -0.084230 0.173808 -0.124357
v -0.047636 0.169108 -0.134404
v -0.041238 0.170181 -0.128199
v -0.072760 0.182301 -0.102964
v -0.049501 0.207960 -0.079576
v -0.099020 0.170391 -0.121255
v -0.052560 0.204723 -0.032935
v -0.053864 0.204293 -0.027601
v -0.026998 0.208199 -0.021334
v -0.063158 0.202556 -0.037459
v -0.062456 0.204301 -0.028089
v -0.068292 0.204105 -0.027067
v -0.041922 0.206352 -0.005404
v -0.028519 0.213026 -0.004223
v -0.035988 0.213891 0.005637
v -0.118357 0.179228 -0.063879
v -0.142510 0.170342 -0.092947
v -0.153660 0.158940 -0.085332
v -0.109694 0.191840 -0.028868
v -0.094856 0.194069 -0.049165
v -0.192529 0.150616 -0.051689
v -0.201453 0.144272 -0.046042
v -0.194632 0.142594 -0.040470
v -0.167224 0.154993 -0.050631
v -0.177490 0.151879 -0.027374
v -0.151244 0.164085 -0.053531
v -0.179284 0.155525 -0.062415
v -0.161700 0.149635 -0.070769
v -0.150123 0.156762 -0.071552
v -0.147419 0.163233 -0.041570
v -0.172347 0.148144 -0.035270
v -0.192536 0.142363 -0.048937
v -0.182196 0.147223 -0.057618
v -0.173325 0.149742 -0.073975
v -0.208155 0.145289 -0.049996
v -0.218381 0.143686 -0.055094
v -0.220948 0.136546 -0.047728
v -0.221209 0.128175 -0.042104
v -0.211777 0.136008 -0.046480
v -0.220461 0.119755 -0.041636
v -0.220563 0.127769 -0.046546
v -0.219030 0.133869 -0.050812
v -0.203759 0.122570 -0.034652
v -0.199350 0.135920 -0.033887
v -0.193889 0.141473 -0.035773
v -0.205541 0.144074 -0.052024
v -0.235198 0.107766 -0.046350
v -0.218032 0.112100 -0.037683
v -0.226383 0.122790 -0.043160
v -0.236810 0.106936 -0.043880
v -0.228479 0.111596 -0.039730
v -0.215743 0.112203 -0.038206
v -0.217619 0.107322 -0.036364
v -0.218409 0.116687 -0.035692
v -0.221278 0.114876 -0.024006
v -0.209188 0.120625 -0.023854
v -0.154661 0.173201 0.006747
v -0.168361 0.160682 0.009130
v -0.111516 0.189885 -0.006065
v -0.148843 0.169766 -0.017202
v -0.155020 0.165479 -0.021573
v -0.132138 0.178811 -0.016519
v -0.144314 0.171754 -0.028759
v -0.139170 0.174763 -0.027442
v -0.141596 0.173924 -0.015210
v -0.157467 0.163973 -0.031629
v -0.165825 0.158853 -0.028719
v -0.268720 0.079480 -0.031053
v -0.265616 0.085739 -0.032088
v -0.275521 0.085851 -0.043175
v -0.270077 0.096161 -0.051060
v -0.224088 0.100168 -0.043848
v -0.217365 0.107797 -0.036442
v -0.217086 0.107996 -0.027639
v -0.220127 0.110792 -0.019618
v -0.234776 0.104838 -0.030887
v -0.238947 0.100640 -0.047099
v -0.237098 0.098237 -0.042142
v -0.248956 0.101629 -0.038448
v -0.241248 0.109515 -0.035815
v -0.225354 0.105268 -0.045801
v -0.235896 0.091235 -0.058912
v -0.244430 0.090627 -0.060434
v -0.256031 0.091934 -0.052931
v -0.254992 0.089899 -0.063158
v -0.245559 0.096215 -0.036651
v -0.238699 0.103096 -0.051511
v -0.250673 0.100339 -0.053899
v -0.266705 0.100577 -0.060970
v -0.266074 0.082453 -0.057141
v -0.236930 0.109188 -0.051685
v -0.233528 0.109879 -0.053008
v -0.227569 0.114129 -0.047406
v -0.234371 0.090015 -0.067977
v -0.241186 0.097254 -0.070050
v -0.233097 0.125832 -0.055033
v -0.236267 0.121033 -0.057940
v -0.236772 0.115724 -0.053074
v -0.227940 0.131692 -0.051160
v -0.213656 0.140622 -0.097104
v -0.196636 0.146214 -0.099059
v -0.197799 0.151223 -0.083094
v -0.218633 0.144332 -0.074155
v -0.227302 0.136213 -0.080860
v -0.207957 0.149819 -0.067743
v -0.208003 0.155125 -0.079817
v -0.194761 0.158376 -0.070634
v -0.188883 0.157327 -0.088707
v -0.191818 0.148437 -0.105921
v -0.205219 0.148655 -0.101343
v -0.216996 0.147989 -0.090549
v -0.186014 0.135184 -0.118221
v -0.176513 0.146720 -0.106368
v -0.162815 0.142244 -0.105135
v -0.154952 0.144561 -0.107526
v -0.148471 0.141278 -0.121085
v -0.129850 0.141711 -0.137585
v -0.139843 0.133095 -0.142126
v -0.153549 0.128345 -0.151821
v -0.183203 0.122993 -0.131285
v -0.232208 0.128057 -0.067294
v -0.236860 0.124703 -0.068066
v -0.232036 0.136452 -0.080751
v -0.222267 0.138168 -0.099425
v -0.221299 0.133025 -0.100280
v -0.232824 0.131004 -0.065101
v -0.243488 0.082739 -0.092574
v -0.248618 0.086268 -0.083147
v -0.235783 0.085742 -0.103909
v -0.268527 0.067319 -0.100570
v -0.202717 0.108520 -0.140547
v -0.217368 0.095013 -0.153475
v -0.250542 0.080557 -0.137408
v -0.215073 0.107330 -0.117038
v -0.201014 0.134529 -0.115372
v -0.146966 0.139211 -0.118593
v -0.151141 0.140912 -0.111101
v -0.178532 0.130762 -0.114720
v -0.216254 0.097631 -0.116021
v -0.159986 0.141320 -0.093394
v -0.169494 0.143700 -0.096266
v -0.153950 0.147899 -0.095655
v -0.140387 0.156209 -0.120190
v -0.122433 0.176808 -0.104665
v -0.148825 0.157598 -0.099915
v -0.144783 0.148953 -0.116803
v -0.140604 0.165310 -0.103825
v -0.216411 0.104952 -0.113906
v -0.213655 0.102922 -0.112424
v -0.201048 0.130158 -0.114201
v -0.209344 0.138723 -0.110720
v 0.263124 0.063881 -0.029113
v 0.250416 0.063743 -0.046312
v 0.221630 0.074984 -0.040832
v 0.221051 0.075667 -0.041412
v 0.219580 0.078728 -0.036035
v 0.361574 0.017058 -0.189406
v 0.356133 0.020398 -0.182794
v 0.348077 0.018129 -0.186482
v 0.167557 0.123233 0.042426
v 0.153754 0.129440 0.070986
v 0.044596 0.146684 0.156271
v 0.057477 0.156254 0.167907
v 0.068792 0.152545 0.155115
v 0.021413 0.190850 0.067382
v 0.015766 0.188415 0.064098
v 0.018611 0.191306 0.051497
v -0.055715 0.205706 0.062956
v -0.067744 0.212493 0.059438
v -0.083948 0.217777 0.051115
v -0.155549 0.126802 0.081581
v -0.163941 0.121981 0.083341
v -0.165355 0.114925 0.090491
v -0.177713 0.118849 0.128011
v -0.344896 0.008762 -0.126099
v -0.351315 0.012834 -0.123871
v -0.347816 0.010985 -0.130405
v 0.017972 0.185025 -0.110660
v 0.048014 0.175925 -0.103590
v 0.034647 0.178193 -0.109269
v 0.085062 0.129173 -0.157595
v 0.089468 0.132161 -0.148124
v 0.075220 0.135286 -0.153056
v 0.068470 0.134579 -0.155840
v 0.075293 0.130615 -0.160473
v 0.081700 0.126893 -0.164822
v 0.133801 0.104751 -0.177606
v 0.134981 0.099723 -0.177368
v 0.173322 0.026623 -0.263381
v 0.173567 0.030697 -0.262894
v 0.174165 0.033365 -0.256229
v 0.255119 0.010618 0.300587
v 0.253238 0.007554 0.294938
v 0.148391 0.102121 0.161559
v 0.145371 0.097210 0.169323
v 0.141443 0.103418 0.165628
v 0.119316 0.086454 0.199379
v 0.121530 0.091538 0.190469
v 0.223126 0.070667 0.129203
v 0.204222 0.085052 0.132498
v 0.211090 0.082585 0.117139
v 0.243537 0.072818 0.052383
v 0.169858 0.102734 0.111736
v 0.161930 0.108775 0.108957
v 0.165523 0.105248 0.119309
v 0.164187 0.105244 0.125727
v 0.169651 0.102059 0.119926
v 0.222933 0.075437 0.055801
v 0.225208 0.075151 0.053613
v 0.211929 0.083386 0.049724
v 0.102199 0.144653 0.153483
v 0.102815 0.141983 0.146872
v 0.102171 0.143411 0.145015
v 0.104647 0.142022 0.142974
v 0.105695 0.140331 0.148980
v 0.055985 0.201512 0.032957
v 0.061326 0.207604 0.038797
v 0.076464 0.204203 0.034862
v 0.043842 0.209473 0.052023
v 0.054860 0.212323 0.061209
v 0.048976 0.209562 0.072460
v -0.078302 0.125149 0.163733
v -0.084565 0.122370 0.174663
v -0.097531 0.124113 0.162041
v -0.090818 0.125253 0.154654
v -0.163180 0.011209 0.329123
v -0.169979 0.018624 0.329965
v -0.165436 0.014977 0.334455
v -0.161651 0.013305 0.338968
v -0.158898 0.012729 0.334856
v -0.171446 0.024420 0.330658
v -0.300409 0.034637 0.112610
v -0.307348 0.030733 0.104558
v -0.292067 0.040493 0.080759
v -0.280638 0.044638 0.088258
v -0.391405 0.056991 -0.005743
v -0.395496 0.054788 -0.013502
v -0.397553 0.052805 -0.003627
v 0.161660 0.149776 -0.085385
v 0.017728 0.192375 -0.103511
v 0.026072 0.194008 -0.097284
v 0.021762 0.197138 -0.096268
v 0.019216 0.198988 -0.095668
v -0.281245 0.046319 0.098947
v -0.295823 0.036528 0.118440
v -0.013634 0.041523 -0.320677
v -0.022743 0.035799 -0.325396
v -0.009472 0.035635 -0.325487
v -0.032192 0.025308 -0.325382
v -0.024030 0.028146 -0.333651
v -0.009576 0.036321 -0.324332
v -0.032523 0.017153 -0.320080
v -0.042788 0.023960 -0.316334
v -0.043473 0.014618 -0.311486
v -0.044303 0.009137 -0.313353
v -0.032705 0.010708 -0.318159
v -0.056907 0.011439 -0.309589
v -0.056434 0.008008 -0.314221
v -0.066113 0.006905 -0.320061
v -0.063493 0.006700 -0.327506
v -0.068240 0.008159 -0.314156
v -0.078047 0.006599 -0.321185
v -0.075521 0.005356 -0.327161
v -0.056567 0.018758 -0.311751
v -0.068465 0.014121 -0.313050
v -0.078732 0.011944 -0.318822
v -0.087705 0.011054 -0.321055
v -0.087866 0.006470 -0.325919
v -0.101538 0.006248 -0.326929
v -0.103294 0.004394 -0.337049
v -0.087522 0.004401 -0.333612
v -0.098420 0.009184 -0.318249
v -0.116448 0.009208 -0.317703
v -0.122106 0.007153 -0.328304
v -0.094385 0.016935 -0.312105
v -0.111907 0.012572 -0.308124
v -0.144438 0.008272 -0.313336
v -0.147502 0.002717 -0.319188
v -0.091276 0.026638 -0.309630
v -0.108087 0.022613 -0.301664
v -0.105723 0.037600 -0.299545
v -0.137241 0.048782 -0.292657
v -0.137376 0.059883 -0.274748
v -0.133299 0.073620 -0.252941
v -0.125728 0.099000 -0.223043
v -0.109095 0.121139 -0.198190
v -0.097438 0.126995 -0.183299
v -0.132440 0.125909 -0.161213
v -0.089420 0.130367 -0.173104
v -0.122016 0.129291 -0.153638
v -0.084974 0.134061 -0.166397
v -0.112357 0.132443 -0.148031
v -0.137721 0.132133 -0.130533
v -0.131784 0.140141 -0.130726
v -0.141825 0.139138 -0.124155
v -0.143608 0.132913 -0.124562
v -0.106304 0.141329 -0.146693
v -0.083426 0.143295 -0.164271
v -0.077626 0.157172 -0.156427
v -0.100240 0.156770 -0.143623
v -0.124312 0.153649 -0.128551
v -0.137970 0.152288 -0.121526
v -0.108084 0.169197 -0.114807
v -0.128826 0.169803 -0.108668
v -0.084930 0.175089 -0.094895
v -0.106241 0.177490 -0.084043
v -0.123513 0.174769 -0.077472
v -0.110487 0.185417 -0.044728
v -0.124963 0.177150 -0.042007
v -0.138472 0.167469 -0.074622
v -0.123325 0.177675 -0.006519
v -0.146623 0.176670 0.017615
v -0.051675 0.191070 -0.096981
v -0.064505 0.146848 -0.177232
v -0.061217 0.157943 -0.165350
v -0.046395 0.152058 -0.193106
v -0.063135 0.136405 -0.183198
v -0.045819 0.138330 -0.198163
v -0.025538 0.153386 -0.198079
v -0.000900 0.155861 -0.190208
v 0.006366 0.160922 -0.178585
v -0.001898 0.173834 -0.157236
v 0.010670 0.165114 -0.148225
v 0.001269 0.171556 -0.126677
v -0.009051 0.171838 -0.133655
v -0.020911 0.172830 -0.138098
v 0.000428 0.178861 -0.120249
v -0.011572 0.176038 -0.124873
v -0.024223 0.172414 -0.126772
v -0.032680 0.169769 -0.130821
v -0.028717 0.171697 -0.137990
v 0.010136 0.173465 -0.123342
v 0.013659 0.183069 -0.114695
v -0.065703 0.128662 -0.189446
v -0.045327 0.125724 -0.201556
v -0.174057 0.003050 -0.319710
v -0.175730 0.003003 -0.328577
v -0.150711 0.003025 -0.329479
v -0.173970 0.003333 -0.313509
v -0.193598 0.004502 -0.315124
v -0.209983 0.008815 -0.299404
v -0.219187 0.003149 -0.302112
v -0.198966 0.002896 -0.321583
v -0.225695 0.002667 -0.309901
v -0.203846 0.003030 -0.328353
v -0.178786 0.002961 -0.336994
v -0.209708 0.003120 -0.336766
v -0.182719 0.002909 -0.345846
v -0.157037 0.003102 -0.353009
v -0.153676 0.003094 -0.340707
v -0.128576 0.002648 -0.353066
v -0.125649 0.002855 -0.339436
v -0.105197 0.003169 -0.350870
v -0.129120 0.002737 -0.365894
v -0.086882 0.003956 -0.344899
v -0.070136 0.007460 -0.344603
v -0.073010 0.005497 -0.335489
v -0.060469 0.008165 -0.335064
v -0.067735 0.008546 -0.356131
v -0.053978 0.008883 -0.342171
v -0.044557 0.007695 -0.349653
v -0.062652 0.008800 -0.367695
v -0.072801 0.003951 -0.376951
v -0.061992 0.005933 -0.381727
v -0.079227 0.004562 -0.388401
v -0.051199 0.007634 -0.385060
v -0.041573 0.012558 -0.394169
v -0.041478 0.010137 -0.386183
v -0.037100 0.013018 -0.404275
v -0.031208 0.013219 -0.411136
v -0.031642 0.013418 -0.409215
v -0.042022 0.013647 -0.400262
v -0.031918 0.014088 -0.401529
v -0.026181 0.015445 -0.405881
v -0.027891 0.014388 -0.396680
v -0.022728 0.015468 -0.395208
v -0.007164 0.010501 -0.387394
v -0.004431 0.011518 -0.393986
v -0.011231 0.014596 -0.398127
v -0.002030 0.011361 -0.398634
v -0.006249 0.012805 -0.404826
v -0.021964 0.013146 -0.413086
v -0.016955 0.012400 -0.408155
v -0.021754 0.011916 -0.400390
v -0.009967 0.011430 -0.404243
v -0.014353 0.011544 -0.392628
v -0.018772 0.013225 -0.386992
v -0.004080 0.011849 -0.402858
v -0.006919 0.011486 -0.387088
v -0.008156 0.011824 -0.414062
v -0.001483 0.010663 -0.410058
v -0.015564 0.014712 -0.410466
v -0.011650 0.013021 -0.416619
v -0.015651 0.014391 -0.419545
v -0.160102 0.003076 -0.364714
v -0.163409 0.002979 -0.374258
v -0.129352 0.002779 -0.373918
v -0.166023 0.002611 -0.381659
v -0.131743 0.010044 -0.380845
v -0.169038 0.012101 -0.385666
v -0.135149 0.016259 -0.380258
v -0.168939 0.020471 -0.379477
v -0.139737 0.026162 -0.376361
v -0.169770 0.026734 -0.371807
v -0.146004 0.034622 -0.370942
v -0.171445 0.031369 -0.359156
v -0.155342 0.040177 -0.357789
v -0.173715 0.031876 -0.340090
v -0.161323 0.041080 -0.337493
v -0.178454 0.029170 -0.319287
v -0.164186 0.036403 -0.317226
v -0.202684 0.026233 -0.293075
v -0.181148 0.037807 -0.294566
v -0.190069 0.035423 -0.321113
v -0.211476 0.036612 -0.294807
v -0.224484 0.043314 -0.297333
v -0.188183 0.028726 -0.340996
v -0.187520 0.024636 -0.354141
v -0.189437 0.019895 -0.360858
v -0.207861 0.025055 -0.361945
v -0.225533 0.030650 -0.361263
v -0.245811 0.021479 -0.353478
v -0.244723 0.033518 -0.348471
v -0.257112 0.019567 -0.324696
v -0.254880 0.029226 -0.320576
v -0.265695 0.015754 -0.300990
v -0.265942 0.023698 -0.296135
v -0.281221 0.015024 -0.291810
v -0.280070 0.022461 -0.284909
v -0.264123 0.008443 -0.303663
v -0.280411 0.006950 -0.295985
v -0.260435 0.003713 -0.305724
v -0.278068 0.002725 -0.292653
v -0.298848 0.002961 -0.283788
v -0.274170 0.002999 -0.284780
v -0.294594 0.003087 -0.272696
v -0.320036 0.002923 -0.249026
v -0.323564 0.002763 -0.261434
v -0.347256 0.003064 -0.239886
v -0.346942 0.003033 -0.247519
v -0.367239 0.002546 -0.243162
v -0.343943 0.003068 -0.228006
v -0.362281 0.003044 -0.227559
v -0.361542 0.002978 -0.219045
v -0.375457 0.007575 -0.219878
v -0.374396 0.008531 -0.228406
v -0.386809 0.011736 -0.220093
v -0.385995 0.014092 -0.229053
v -0.398892 0.014793 -0.229409
v -0.414355 0.010869 -0.228916
v -0.324320 0.002590 -0.231390
v -0.319296 0.002506 -0.232344
v -0.317153 0.002617 -0.227116
v -0.289868 0.003100 -0.262279
v -0.314284 0.003002 -0.240396
v -0.269676 0.002955 -0.277391
v -0.300886 0.003203 -0.237639
v -0.248904 0.002903 -0.293792
v -0.255035 0.002669 -0.298601
v -0.232218 0.002925 -0.316542
v -0.190590 0.003342 -0.359890
v -0.186647 0.002193 -0.353430
v -0.056583 0.028029 -0.317452
v -0.040995 0.033888 -0.323850
v -0.277953 0.051984 0.105034
v -0.302730 0.027864 0.140364
v -0.304074 0.025944 0.141612
v -0.271503 0.052012 0.088715
v -0.268716 0.057153 0.097153
v 0.001212 0.222063 -0.035374
v -0.003568 0.221942 -0.029359
v -0.015324 0.218768 -0.022613
v -0.015965 0.221828 -0.030856
v -0.009918 0.222937 -0.037217
v -0.017061 0.217959 -0.021520
v 0.011984 0.188121 -0.109813
v 0.013481 0.189240 -0.108164
v -0.426688 0.004528 -0.045282
v -0.382859 0.044014 0.024451
v -0.400113 0.035812 0.018176
v -0.400725 0.027798 0.021588
v -0.380451 0.039283 0.028277
v -0.410174 0.029928 0.002439
v -0.406816 0.042306 -0.006915
v -0.411703 0.027280 -0.026645
v -0.417204 0.023141 -0.024436
v -0.402985 0.047196 -0.017878
v -0.362044 0.040168 0.026130
v -0.346547 0.044265 0.036774
v -0.345758 0.046006 0.025178
v -0.362532 0.048306 0.019810
v -0.343763 0.038355 0.049486
v -0.335724 0.038254 0.049113
v -0.341763 0.029573 0.054877
v -0.329747 0.029552 0.054718
v -0.291929 0.040775 0.080705
v -0.294181 0.043287 0.067755
v -0.295210 0.042232 0.079930
v -0.313633 0.023722 0.131635
v -0.320987 0.019797 0.122169
v -0.176618 0.022007 0.321831
v -0.181195 0.028739 0.321800
v -0.190484 0.024859 0.311978
v -0.174853 0.013902 0.318038
v -0.187162 0.021252 0.309019
v -0.208580 0.018595 0.302676
v -0.211451 0.022110 0.308632
v -0.179509 0.009114 0.311289
v -0.187652 0.140709 0.006164
v -0.207677 0.118124 0.005051
v -0.205773 0.126131 0.017358
v -0.185322 0.139648 0.011432
v -0.183894 0.144201 0.017346
v -0.177455 0.144313 0.010955
v -0.193014 0.148373 0.032615
v -0.183002 0.151099 0.029735
v -0.175054 0.149565 0.023315
v -0.214188 0.118371 0.026271
v -0.218374 0.110822 0.041573
v -0.216694 0.122020 0.040846
v -0.213558 0.127815 0.046981
v -0.081960 0.128254 0.157574
v -0.069330 0.122607 0.173180
v -0.071938 0.121573 0.176413
v -0.076104 0.122139 0.174854
v -0.051470 0.119370 0.183531
v -0.063501 0.114387 0.192782
v -0.078093 0.119277 0.183310
v -0.044290 0.109000 0.197198
v -0.054973 0.102627 0.205069
v -0.056295 0.105404 0.202364
v -0.052966 0.101088 0.209265
v -0.039038 0.116070 0.194665
v -0.039647 0.134325 0.171789
v -0.026779 0.131465 0.177234
v -0.051845 0.136656 0.169317
v -0.106751 0.124972 0.155193
v -0.089829 0.130480 0.148155
v -0.112557 0.120878 0.166781
v -0.120817 0.118996 0.166345
v -0.110977 0.125447 0.153491
v -0.108512 0.121799 0.166994
v -0.098709 0.119278 0.179920
v 0.053108 0.209871 0.077083
v 0.044787 0.201345 0.085707
v 0.046079 0.200570 0.087257
v 0.039916 0.195590 0.089347
v 0.037610 0.199165 0.081809
v 0.050535 0.197409 0.092942
v 0.045163 0.190689 0.096821
v 0.040067 0.185202 0.098848
v 0.034624 0.188554 0.092889
v 0.055887 0.182850 0.105722
v 0.053501 0.177293 0.107009
v 0.065272 0.189208 0.102528
v 0.073431 0.168020 0.109739
v 0.070329 0.164696 0.110258
v 0.086396 0.151439 0.105191
v 0.088704 0.157518 0.103823
v 0.097680 0.162180 0.098395
v 0.098617 0.150473 0.097150
v 0.102319 0.151790 0.106127
v 0.090670 0.152860 0.114513
v 0.108052 0.153546 0.116379
v 0.095679 0.155119 0.116941
v 0.096893 0.154197 0.122553
v 0.078040 0.170906 0.108861
v 0.086554 0.166922 0.105599
v 0.081628 0.180714 0.104640
v 0.070026 0.201513 0.091553
v 0.084416 0.194863 0.093332
v 0.059082 0.208072 0.082537
v 0.061484 0.207403 0.038580
v 0.047086 0.200840 0.036470
v 0.055985 0.201512 0.032957
v 0.107532 0.138744 0.143317
v 0.107464 0.139470 0.152282
v 0.155174 0.111060 0.131052
v 0.155363 0.109881 0.134070
v 0.155618 0.099443 0.154882
v 0.155421 0.097385 0.159089
v 0.176838 0.097282 0.114445
v 0.195090 0.098673 0.054896
v 0.203934 0.095539 0.048385
v 0.225114 0.073775 0.080176
v 0.220608 0.076681 0.087026
v 0.214376 0.096747 0.036403
v 0.196775 0.115463 0.013922
v 0.178903 0.141856 0.002226
v 0.221112 0.098743 0.016222
v 0.186284 0.091621 0.126139
v 0.196110 0.091438 0.107217
v 0.198243 0.090830 0.101941
v 0.212199 0.081891 0.107416
v 0.228343 0.070239 0.102419
v 0.225594 0.068806 0.115241
v 0.236931 0.064060 0.098544
v 0.235756 0.060663 0.113435
v 0.213353 0.081576 0.095147
v 0.222168 0.075412 0.094449
v 0.226391 0.072533 0.087498
v 0.211464 0.082920 0.089170
v 0.195739 0.092576 0.095489
v 0.200120 0.090602 0.088214
v 0.189626 0.095688 0.092050
v 0.195505 0.093424 0.089949
v 0.188364 0.097635 0.086220
v 0.195259 0.094317 0.084108
v 0.184348 0.098050 0.098291
v 0.187999 0.087786 0.144520
v 0.203541 0.082997 0.145416
v 0.199185 0.080482 0.158483
v 0.183668 0.085884 0.155651
v 0.192546 0.076152 0.169861
v 0.180787 0.081638 0.167091
v 0.183535 0.071274 0.181056
v 0.174616 0.075934 0.179266
v 0.167949 0.080002 0.177474
v 0.168175 0.073779 0.194089
v 0.161351 0.076326 0.193248
v 0.162383 0.083134 0.177526
v 0.158423 0.082855 0.180441
v 0.155984 0.075836 0.190086
v 0.161115 0.074984 0.185615
v 0.162503 0.079394 0.176513
v 0.157449 0.092290 0.166073
v 0.166902 0.078300 0.168768
v 0.163460 0.081805 0.207784
v 0.150858 0.080735 0.206556
v 0.156203 0.086313 0.218621
v 0.173159 0.080832 0.209132
v 0.165439 0.086218 0.223036
v 0.173411 0.083303 0.227738
v 0.160274 0.081077 0.239978
v 0.154152 0.083651 0.234327
v 0.152589 0.085240 0.226473
v 0.182937 0.077396 0.211656
v 0.181534 0.076610 0.233338
v 0.176410 0.070975 0.195129
v 0.186225 0.066312 0.196753
v 0.194752 0.065100 0.182995
v 0.188983 0.066641 0.238251
v 0.176208 0.065207 0.250998
v 0.167270 0.075411 0.245632
v 0.165141 0.060932 0.257230
v 0.152839 0.070064 0.251613
v 0.153358 0.056641 0.261007
v 0.146493 0.064467 0.254778
v 0.139149 0.056540 0.258083
v 0.144146 0.054153 0.270406
v 0.136160 0.054519 0.271897
v 0.127732 0.054714 0.271916
v 0.132754 0.054267 0.279571
v 0.117229 0.051640 0.278154
v 0.122048 0.051357 0.289631
v 0.113834 0.048920 0.282289
v 0.139282 0.053114 0.284650
v 0.128559 0.049737 0.298045
v 0.147244 0.073875 0.246480
v 0.216616 0.074308 0.144713
v 0.221947 0.067512 0.142783
v 0.224325 0.067877 0.130509
v 0.225582 0.064083 0.134303
v 0.224323 0.063375 0.140269
v 0.123456 0.096660 0.187306
v 0.123559 0.097055 0.187441
v 0.123308 0.095648 0.184757
v 0.123376 0.095457 0.185677
v 0.122527 0.094146 0.187347
v 0.122983 0.094317 0.185924
v 0.123185 0.096146 0.187694
v 0.123148 0.095806 0.187365
v 0.126271 0.091482 0.189630
v 0.121667 0.091739 0.190509
v 0.127005 0.098199 0.174246
v 0.117144 0.086898 0.204325
v 0.120293 0.093551 0.205839
v 0.122812 0.093554 0.201281
v 0.136444 0.114313 0.151775
v 0.135226 0.109936 0.157877
v 0.122623 0.126001 0.149397
v 0.129599 0.125700 0.144153
v 0.133980 0.123978 0.139795
v 0.142835 0.119380 0.137143
v 0.145823 0.120649 0.125570
v 0.007554 0.003421 0.338072
v 0.125695 0.105274 -0.181408
v 0.125741 0.109362 -0.180456
v 0.120410 0.106615 -0.183190
v 0.110259 0.113708 -0.181646
v 0.110284 0.121910 -0.176950
v 0.094978 0.123228 -0.169700
v 0.098636 0.127392 -0.167245
v 0.117928 0.118693 -0.179773
v 0.102295 0.131555 -0.164790
v 0.117280 0.125254 -0.174596
v 0.083489 0.125787 -0.167431
v 0.075148 0.128942 -0.164555
v 0.076192 0.130291 -0.160609
v 0.063266 0.129593 -0.165394
v 0.066480 0.136293 -0.152358
v 0.072369 0.140787 -0.145428
v 0.062624 0.141888 -0.154699
v 0.044270 0.144022 -0.164268
v 0.060312 0.155799 -0.149713
v 0.052653 0.158409 -0.153796
v 0.069721 0.149743 -0.141699
v 0.066859 0.154828 -0.135218
v 0.061037 0.159539 -0.139889
v 0.014006 0.183256 -0.114233
v 0.043171 0.174862 -0.110885
v 0.010844 0.175732 -0.121488
v 0.051786 0.172153 -0.112862
v 0.058332 0.174504 -0.102019
v 0.067715 0.174838 -0.105974
v 0.079029 0.171038 -0.115571
v 0.063942 0.166979 -0.120821
v 0.052887 0.168294 -0.130746
v 0.045914 0.171655 -0.137755
v 0.075494 0.158279 -0.130129
v 0.066841 0.154901 -0.135350
v 0.055655 0.164593 -0.140869
v 0.049603 0.165167 -0.148122
v 0.039843 0.171800 -0.140868
v 0.043026 0.165323 -0.151165
v 0.036053 0.165324 -0.152015
v 0.052840 0.158158 -0.153938
v 0.043756 0.160221 -0.156313
v 0.035692 0.161006 -0.156226
v 0.041824 0.154862 -0.160187
v 0.035390 0.157413 -0.159216
v 0.037725 0.149356 -0.163026
v 0.031309 0.154844 -0.159876
v 0.035539 0.146110 -0.164440
v 0.028443 0.147316 -0.164022
v 0.044128 0.144034 -0.164365
v 0.043377 0.141377 -0.165663
v 0.054228 0.139301 -0.162939
v 0.050117 0.136176 -0.165439
v 0.051344 0.137109 -0.164693
v 0.048646 0.149863 -0.161411
v 0.083578 0.133756 -0.150123
v 0.075082 0.135225 -0.153259
v 0.098795 0.144366 -0.132412
v 0.097955 0.134435 -0.138568
v 0.089492 0.165495 -0.119712
v 0.080130 0.177070 -0.093930
v 0.071038 0.176864 -0.090125
v 0.085183 0.173596 -0.075018
v 0.093596 0.171351 -0.078712
v 0.099666 0.167528 -0.059864
v 0.103697 0.163339 -0.064759
v 0.108234 0.158999 -0.069675
v 0.114351 0.158757 -0.054310
v 0.116738 0.155344 -0.058855
v 0.125171 0.154794 -0.050011
v 0.125689 0.152489 -0.057836
v 0.130158 0.155001 -0.048040
v 0.133201 0.150381 -0.057919
v 0.151015 0.141779 -0.041445
v 0.168148 0.148055 -0.079912
v 0.111834 0.162882 -0.045739
v 0.119782 0.160306 -0.045015
v 0.077578 0.176062 -0.072614
v 0.097248 0.170861 -0.055174
v 0.105791 0.168013 -0.040489
v 0.069265 0.179558 -0.070585
v 0.089553 0.176822 -0.048805
v 0.061242 0.184512 -0.070230
v 0.075900 0.182600 -0.049474
v 0.080882 0.185162 -0.034969
v 0.098203 0.174882 -0.029943
v 0.069621 0.186734 -0.045965
v 0.051542 0.190756 -0.072848
v 0.046663 0.186245 -0.086604
v 0.037969 0.191534 -0.089335
v 0.053493 0.181905 -0.085979
v 0.029027 0.188897 -0.100244
v 0.062627 0.177225 -0.087928
v 0.022107 0.193354 -0.100127
v 0.021333 0.215201 -0.051415
v 0.018833 0.212955 -0.076542
v 0.003357 0.218027 -0.050701
v -0.015729 0.216546 -0.066938
v -0.020514 0.216997 -0.058566
v -0.045939 0.205729 -0.077460
v -0.046137 0.209991 -0.063599
v 0.012072 0.210346 -0.084563
v -0.005813 0.206956 -0.092484
v 0.038463 0.195401 -0.083279
v 0.018979 0.199154 -0.095617
v -0.345092 0.008133 -0.116812
v -0.345024 0.008775 -0.126128
v -0.351528 0.010627 -0.099308
v -0.349636 0.008406 -0.096435
v -0.346698 0.006917 -0.095087
v -0.343589 0.007611 -0.119754
v -0.338780 0.006212 -0.120650
v -0.343303 0.005671 -0.094462
v -0.373172 0.004243 -0.092503
v -0.369115 0.004700 -0.112194
v -0.394438 0.003329 -0.090919
v -0.375359 0.003825 -0.068202
v -0.393586 0.003086 -0.065645
v -0.409367 0.002977 -0.061621
v -0.391290 0.003090 -0.041002
v -0.406058 0.003317 -0.036567
v -0.398443 0.004284 -0.031384
v -0.400265 0.003631 -0.059410
v -0.390512 0.006438 -0.036534
v -0.388589 0.006259 -0.056798
v -0.378230 0.011963 -0.050392
v -0.373279 0.019404 -0.074670
v -0.369841 0.025416 -0.092343
v -0.370410 0.023203 -0.041563
v -0.361836 0.029760 -0.060638
v -0.351975 0.035467 -0.081467
v -0.374820 0.025754 -0.066550
v -0.364596 0.030768 -0.087519
v -0.380516 0.021359 -0.092873
v -0.381400 0.021996 -0.047798
v -0.389121 0.017267 -0.031218
v -0.389364 0.003202 -0.022618
v -0.375234 0.003539 -0.044525
v -0.371863 0.003500 -0.028650
v -0.351360 0.004606 -0.048071
v -0.353412 0.004389 -0.033839
v -0.355541 0.007699 -0.049739
v -0.352235 0.007185 -0.068958
v -0.356176 0.010953 -0.070577
v -0.359027 0.012985 -0.051234
v -0.347938 0.005069 -0.067894
v -0.359067 0.016837 -0.070129
v -0.351918 0.011874 -0.102118
v -0.359853 0.022119 -0.071343
v -0.357856 0.016596 -0.099847
v -0.350981 0.013660 -0.123775
v -0.352091 0.013130 -0.123374
v -0.166759 0.128652 0.129240
v -0.163614 0.125610 0.140446
v -0.170426 0.113946 0.150701
v -0.173448 0.099731 0.153519
v -0.174737 0.089712 0.157627
v -0.161794 0.109912 0.162513
v -0.167028 0.095196 0.162935
v -0.160875 0.092926 0.168166
v -0.153211 0.105233 0.167417
v -0.146991 0.100173 0.168016
v -0.158837 0.092841 0.168083
v -0.184597 0.083862 0.163814
v -0.192516 0.078550 0.170515
v -0.206340 0.080356 0.149542
v -0.222217 0.072783 0.160194
v -0.225658 0.077078 0.123835
v -0.217257 0.082708 0.122806
v -0.178941 0.112716 0.097227
v -0.186867 0.105736 0.099512
v -0.192715 0.108716 0.095066
v -0.183766 0.114331 0.088477
v -0.204447 0.109642 0.086194
v -0.221945 0.104104 0.099135
v -0.232830 0.099745 0.077137
v -0.217861 0.107373 0.068973
v -0.235439 0.097813 0.047652
v -0.226970 0.104118 0.043622
v -0.251681 0.098290 0.014936
v -0.246731 0.108456 0.006445
v -0.236596 0.095672 0.081809
v -0.239680 0.093517 0.059816
v -0.250480 0.090168 0.023757
v -0.263641 0.087715 0.009816
v -0.263873 0.095146 0.001382
v -0.254718 0.085894 0.051315
v -0.259228 0.085582 0.031541
v -0.264742 0.081248 0.017264
v -0.267977 0.080035 0.009368
v -0.267885 0.085283 0.003114
v -0.269523 0.089066 0.037075
v -0.273505 0.081862 0.023153
v -0.273476 0.075874 0.015592
v -0.271887 0.073576 0.010055
v -0.269042 0.078223 0.004617
v -0.285597 0.081410 0.026529
v -0.285242 0.072868 0.017616
v -0.285485 0.068198 0.014438
v -0.285012 0.061323 0.011608
v -0.269217 0.069184 0.004705
v -0.294875 0.060962 0.014436
v -0.293287 0.059889 0.013217
v -0.268935 0.075904 0.002074
v -0.268621 0.065850 0.005513
v -0.268807 0.066306 0.005145
v -0.263265 0.069144 0.007579
v -0.265975 0.066978 -0.001159
v -0.268993 0.066761 0.004777
v -0.268629 0.066489 -0.001652
v -0.268680 0.068039 -0.000454
v -0.268781 0.076595 -0.003946
v -0.269163 0.081437 -0.001235
v -0.268789 0.077314 -0.011027
v -0.269255 0.084013 -0.009078
v -0.267945 0.089816 -0.005483
v -0.268034 0.085343 -0.019827
v -0.266826 0.092426 -0.016012
v -0.262316 0.100064 -0.009965
v -0.265438 0.092244 -0.023765
v -0.260275 0.101445 -0.020899
v -0.250081 0.110539 -0.015126
v -0.263531 0.090517 -0.030839
v -0.258397 0.100398 -0.026872
v -0.249470 0.109423 -0.023025
v -0.240582 0.113861 -0.020628
v -0.231334 0.116111 -0.008216
v -0.222521 0.115704 -0.018368
v -0.218419 0.116379 -0.005245
v -0.221557 0.114862 -0.024344
v -0.208133 0.122238 -0.026601
v -0.202821 0.133046 -0.022264
v -0.207735 0.121253 -0.003916
v -0.193601 0.141751 -0.026816
v -0.189729 0.143564 -0.003194
v -0.207338 0.118464 0.005683
v -0.215836 0.114656 0.003950
v -0.177239 0.151921 -0.012967
v -0.169815 0.156782 -0.018150
v -0.163212 0.160445 -0.029729
v -0.193733 0.141509 -0.036076
v -0.267380 0.084128 -0.024269
v -0.265328 0.085277 -0.032467
v -0.268566 0.079141 -0.018870
v -0.282713 0.089328 0.041386
v -0.297593 0.083442 0.042937
v -0.278554 0.087741 0.061963
v -0.297304 0.080254 0.063595
v -0.312971 0.062416 0.065253
v -0.312523 0.070063 0.041809
v -0.319578 0.055063 0.055166
v -0.321169 0.052765 0.041128
v -0.322590 0.044824 0.039028
v -0.323637 0.045608 0.024667
v -0.315506 0.044303 0.025502
v -0.314251 0.056400 0.067794
v -0.264099 0.087340 0.058367
v -0.259884 0.077730 0.068924
v -0.259134 0.071637 0.073811
v -0.254043 0.072163 0.084297
v -0.173446 0.111733 0.096758
v -0.180060 0.104273 0.104976
v -0.175505 0.110058 0.111118
v -0.167714 0.117870 0.102416
v -0.172108 0.118162 0.084856
v -0.179750 0.109910 0.090782
v -0.189135 0.102960 0.099233
v -0.198153 0.095226 0.111327
v -0.187078 0.094782 0.117076
v -0.187638 0.109676 0.084335
v -0.180335 0.122931 0.082451
v -0.191049 0.122661 0.076959
v -0.196986 0.111715 0.076103
v -0.206342 0.123369 0.062154
v -0.208246 0.107780 0.064462
v -0.209335 0.105094 0.074944
v -0.177506 0.138222 0.073898
v -0.198049 0.138210 0.058355
v -0.170815 0.141670 0.071083
v -0.196172 0.142622 0.050522
v -0.175276 0.131551 0.079849
v -0.192887 0.086560 0.130937
v -0.184441 0.088370 0.138011
v -0.180971 0.099579 0.125766
v -0.205774 0.082882 0.125443
v -0.219605 0.080793 0.117354
v -0.233263 0.076999 0.108522
v -0.240768 0.085354 0.086145
v -0.241941 0.073096 0.101349
v -0.245392 0.075199 0.076177
v -0.248086 0.069101 0.093322
v -0.244009 0.079174 0.062982
v -0.256785 0.074487 0.054479
v -0.258945 0.073919 0.054375
v -0.262428 0.068933 0.067034
v -0.262603 0.072955 0.054200
v -0.272324 0.061403 0.067388
v -0.287861 0.053804 0.046558
v -0.288582 0.047575 0.067152
v -0.302515 0.039752 0.052100
v -0.304897 0.036625 0.062426
v -0.299066 0.046573 0.033970
v -0.306514 0.039364 0.033621
v -0.308365 0.036805 0.042692
v -0.292763 0.051971 0.034376
v -0.297757 0.041711 0.020083
v -0.304179 0.039573 0.027156
v -0.171685 0.095363 0.152297
v -0.175870 0.107714 0.141602
v -0.173579 0.116651 0.115864
v -0.170810 0.112080 0.146996
v -0.169520 0.122574 0.124721
v -0.166241 0.122442 0.110011
v -0.087206 0.218040 0.050279
v 0.028805 0.193479 0.044701
v 0.023580 0.195026 0.036880
v 0.029684 0.197359 0.033657
v 0.032073 0.194511 0.042158
v 0.016813 0.191992 0.041094
v 0.015842 0.194955 0.033948
v 0.008579 0.186676 0.058647
v -0.000860 0.184553 0.057752
v 0.009559 0.192084 0.037338
v -0.004883 0.188653 0.071937
v 0.009662 0.185307 0.077949
v 0.019914 0.184759 0.078448
v 0.024635 0.193952 0.053156
v 0.029748 0.197911 0.053943
v 0.030066 0.197089 0.050188
v 0.024842 0.193698 0.051917
v 0.030524 0.196154 0.046548
v 0.025306 0.193128 0.049139
v 0.031899 0.195058 0.042179
v 0.025689 0.192657 0.046843
v 0.035256 0.198618 0.043348
v 0.035848 0.198036 0.037622
v 0.041476 0.199750 0.033145
v 0.040449 0.200578 0.026914
v 0.034615 0.199104 0.030343
v 0.029920 0.197398 0.033558
v 0.040812 0.200455 0.039096
v 0.034627 0.200098 0.047671
v 0.040548 0.202612 0.043754
v 0.048126 0.200807 0.033257
v 0.048630 0.200384 0.028995
v 0.058271 0.200720 0.030141
v 0.047751 0.201260 0.023668
v 0.057868 0.200316 0.013405
v 0.044466 0.203195 0.017401
v 0.036926 0.202621 0.020237
v 0.036073 0.205502 0.011975
v 0.031939 0.204627 0.012266
v 0.024864 0.203745 0.012626
v 0.030450 0.201302 0.022636
v 0.017089 0.200394 0.018246
v 0.023538 0.198986 0.026155
v 0.011178 0.195008 0.026843
v 0.016036 0.194909 0.034146
v 0.023551 0.195094 0.036707
v 0.009642 0.192036 0.038008
v 0.016723 0.192114 0.041129
v 0.030805 0.205898 0.004487
v 0.036782 0.206605 0.001829
v 0.059358 0.202651 -0.002087
v 0.066694 0.195913 0.013066
v 0.061114 0.200812 -0.010293
v 0.046860 0.201052 0.036156
v 0.045057 0.206169 0.044388
v 0.037936 0.204671 0.049787
v 0.043999 0.209710 0.052339
v 0.034230 0.201510 0.052326
v 0.029270 0.197983 0.063958
v 0.035353 0.203440 0.061347
v 0.042047 0.208799 0.059400
v 0.031473 0.192659 0.082608
v 0.040076 0.204213 0.075360
v 0.035162 0.188474 0.092596
v 0.040085 0.195626 0.089388
v 0.074188 0.160680 0.189129
v 0.090746 0.158098 0.176517
v 0.101769 0.146391 0.160069
v 0.102932 0.141405 0.146362
v 0.089288 0.146911 0.214728
v 0.056335 0.158216 0.197901
v 0.069386 0.143381 0.219827
v 0.078533 0.121558 0.230196
v 0.096758 0.125019 0.225920
v 0.099507 0.110315 0.230103
v 0.104045 0.073308 0.271092
v 0.116899 0.078862 0.257752
v 0.108101 0.063880 0.273114
v 0.114877 0.059094 0.269344
v 0.103885 0.064947 0.274928
v 0.107600 0.053414 0.278278
v 0.102396 0.052691 0.291451
v 0.110125 0.047714 0.290806
v 0.124076 0.050881 0.292266
v 0.120936 0.054292 0.273313
v 0.136260 0.050001 0.295639
v 0.150336 0.048590 0.296387
v 0.126026 0.049308 0.298040
v 0.129808 0.045336 0.307182
v 0.141886 0.048245 0.303168
v 0.113924 0.046279 0.298671
v 0.112541 0.043415 0.310408
v 0.101979 0.047869 0.299422
v 0.100614 0.043500 0.307792
v 0.096056 0.052541 0.300055
v 0.093525 0.050593 0.304351
v 0.098654 0.055868 0.294261
v 0.098403 0.059170 0.291043
v 0.093591 0.050479 0.304128
v 0.089104 0.071425 0.282563
v 0.079249 0.066322 0.299025
v 0.079166 0.074162 0.282595
v 0.062225 0.075147 0.273151
v 0.076051 0.075122 0.263979
v 0.082128 0.074749 0.270407
v 0.090259 0.073047 0.272709
v 0.063942 0.069867 0.294143
v 0.089532 0.048349 0.308908
v 0.069964 0.054866 0.308475
v 0.044109 0.053379 0.296258
v 0.048387 0.065835 0.288341
v 0.037772 0.046303 0.291075
v 0.041090 0.065010 0.273039
v 0.084941 0.044590 0.313756
v 0.105450 0.044087 0.316163
v 0.120211 0.051121 0.320034
v 0.115126 0.049551 0.326181
v 0.109078 0.044958 0.332676
v 0.102055 0.034142 0.347241
v 0.135007 0.061138 0.327776
v 0.133511 0.061602 0.338812
v 0.130764 0.055762 0.353180
v 0.130424 0.045149 0.367649
v 0.105068 0.033451 0.354719
v 0.159469 0.063590 0.337929
v 0.159530 0.059798 0.353501
v 0.156064 0.047494 0.372232
v 0.193095 0.043493 0.343727
v 0.199326 0.027544 0.352408
v 0.180000 0.025803 0.380932
v 0.202929 0.026219 0.335831
v 0.203969 0.022711 0.344023
v 0.185412 0.050038 0.336341
v 0.157326 0.062538 0.324406
v 0.135212 0.058246 0.319200
v 0.108639 0.025525 0.367347
v 0.110627 0.022577 0.372122
v 0.114280 0.044403 0.313769
v 0.101733 0.043322 0.308027
v 0.118832 0.044902 0.316413
v 0.119254 0.040315 0.314704
v 0.117881 0.038473 0.320547
v 0.118383 0.045036 0.323209
v 0.115011 0.037843 0.327382
v 0.117327 0.044893 0.330729
v 0.123437 0.050842 0.333311
v 0.114795 0.042972 0.340406
v 0.120208 0.048560 0.345651
v 0.129332 0.052009 0.350120
v 0.131225 0.055600 0.333979
v 0.141992 0.054496 0.352487
v 0.143167 0.058519 0.333301
v 0.156889 0.055517 0.318781
v 0.174983 0.049294 0.316801
v 0.156032 0.051092 0.312191
v 0.130205 0.040820 0.363916
v 0.144725 0.039600 0.368268
v 0.133461 0.028714 0.372370
v 0.151440 0.021074 0.371052
v 0.144956 0.016170 0.367290
v 0.151603 0.020928 0.366273
v 0.143188 0.011741 0.369367
v 0.155908 0.008713 0.375275
v 0.142309 0.017420 0.362007
v 0.135142 0.020547 0.356973
v 0.126672 0.022770 0.348062
v 0.143389 0.017193 0.353524
v 0.131686 0.023674 0.336418
v 0.143692 0.020255 0.337919
v 0.148787 0.027790 0.327559
v 0.164996 0.015008 0.330452
v 0.155679 0.013107 0.340223
v 0.150009 0.013377 0.347837
v 0.136461 0.029400 0.326394
v 0.123665 0.025813 0.334708
v 0.127805 0.029207 0.325505
v 0.116409 0.029642 0.333319
v 0.120378 0.031544 0.325758
v 0.122807 0.035107 0.318555
v 0.123735 0.039657 0.313268
v 0.123311 0.044259 0.308903
v 0.116795 0.043585 0.311266
v 0.112372 0.036596 0.335406
v 0.111677 0.037950 0.350446
v 0.122522 0.031061 0.365559
v 0.119010 0.040587 0.357471
v 0.044488 0.152579 0.202869
v 0.042225 0.154024 0.180323
v 0.035589 0.148523 0.182297
v 0.035499 0.137632 0.164404
v 0.029611 0.150686 0.153008
v 0.024781 0.145850 0.160073
v 0.022305 0.142173 0.164986
v 0.031948 0.136706 0.169850
v 0.016049 0.141334 0.168694
v 0.026971 0.134587 0.175653
v 0.139336 0.139605 0.072555
v 0.138460 0.135140 0.088801
v 0.119500 0.152770 0.105981
v 0.110422 0.157993 0.102911
v 0.106182 0.167207 0.099680
v 0.116467 0.167113 0.088421
v 0.106361 0.178948 0.094894
v 0.116963 0.176829 0.079718
v 0.104389 0.187503 0.090012
v 0.113327 0.185364 0.077565
v 0.117261 0.183032 0.065976
v 0.120350 0.174781 0.071424
v 0.108876 0.193580 0.071509
v 0.113318 0.189352 0.059787
v 0.117974 0.182120 0.050590
v 0.120574 0.176595 0.057695
v 0.104995 0.198670 0.053059
v 0.108231 0.191433 0.042918
v 0.115462 0.176531 0.035656
v 0.090814 0.210652 0.048199
v 0.095044 0.203301 0.036625
v 0.083252 0.214227 0.041884
v 0.086458 0.209969 0.036434
v 0.100135 0.204237 0.063275
v 0.082160 0.216353 0.051769
v 0.093649 0.208669 0.072418
v 0.076572 0.216890 0.045328
v 0.101112 0.195858 0.083375
v 0.090582 0.197333 0.093180
v 0.087152 0.210263 0.078651
v 0.075536 0.198021 0.100485
v 0.069068 0.207204 0.093386
v 0.092381 0.188948 0.099993
v 0.076091 0.190299 0.106487
v 0.093623 0.180305 0.105089
v 0.083047 0.182358 0.109818
v 0.086644 0.168414 0.111189
v 0.081297 0.174882 0.113334
v 0.068394 0.194226 0.104989
v 0.075028 0.179021 0.114319
v 0.119571 0.152733 0.106980
v 0.218204 0.079025 -0.044266
v 0.208302 0.087748 -0.043087
v 0.216267 0.082596 -0.032430
v 0.275792 0.052631 -0.028705
v 0.283766 0.041389 -0.024950
v 0.270849 0.053293 -0.003199
v 0.277114 0.039307 0.001166
v 0.280730 0.032535 0.002022
v 0.284669 0.033085 -0.017181
v 0.269241 0.055097 0.016003
v 0.278585 0.037213 0.021490
v 0.282653 0.032062 0.020871
v 0.270928 0.060011 0.031472
v 0.283212 0.037767 0.030582
v 0.269856 0.062265 0.044518
v 0.282839 0.046339 0.043861
v 0.286672 0.033402 0.035555
v 0.284891 0.032925 0.031353
v 0.310332 0.027149 0.054750
v 0.307459 0.034423 0.036619
v 0.322887 0.020547 0.056203
v 0.321901 0.032240 0.028335
v 0.325082 0.026313 0.068816
v 0.327758 0.020805 0.063204
v 0.333977 0.030543 0.073860
v 0.340985 0.038960 0.075070
v 0.372717 0.030709 0.076203
v 0.354177 0.022981 0.069192
v 0.364645 0.050155 0.085682
v 0.394618 0.033927 0.099629
v 0.398259 0.019294 0.095582
v 0.398522 0.009433 0.095983
v 0.397221 0.029826 0.132731
v 0.400834 0.017849 0.131921
v 0.400543 0.007234 0.130281
v 0.393171 0.003074 0.126450
v 0.391022 0.004491 0.098248
v 0.376918 0.015936 0.160071
v 0.375097 0.006462 0.156908
v 0.370931 0.004741 0.149213
v 0.365049 0.007832 0.140827
v 0.383613 0.005718 0.122161
v 0.352156 0.007630 0.161541
v 0.347755 0.006460 0.155851
v 0.342300 0.010670 0.150495
v 0.334797 0.014516 0.139827
v 0.334399 0.004731 0.165635
v 0.326217 0.010963 0.158722
v 0.322242 0.014982 0.141733
v 0.319745 0.022314 0.118519
v 0.324856 0.022359 0.116004
v 0.313816 0.023281 0.143673
v 0.308602 0.021227 0.131176
v 0.316044 0.027657 0.147237
v 0.299859 0.021046 0.168277
v 0.301715 0.019140 0.180775
v 0.289726 0.017024 0.186157
v 0.280210 0.016679 0.174466
v 0.305642 0.014276 0.191719
v 0.294310 0.012196 0.196177
v 0.307581 0.007713 0.200767
v 0.297318 0.006408 0.202031
v 0.319093 0.013526 0.176042
v 0.323446 0.008760 0.188359
v 0.322833 0.004904 0.195190
v 0.304992 0.006225 0.204238
v 0.313175 0.010476 0.198032
v 0.340885 0.011744 0.176267
v 0.335999 0.017226 0.174147
v 0.308795 0.016546 0.191295
v 0.331330 0.019999 0.168054
v 0.309406 0.020779 0.183097
v 0.324233 0.025973 0.156199
v 0.315360 0.021179 0.175388
v 0.346484 0.029902 0.164461
v 0.335058 0.039101 0.157957
v 0.352341 0.022578 0.167535
v 0.375211 0.026546 0.159650
v 0.354266 0.014760 0.167462
v 0.338444 0.005976 0.170597
v 0.314965 0.016130 0.159638
v 0.327828 0.024378 0.106691
v 0.382218 0.007014 0.100633
v 0.364367 0.011643 0.089279
v 0.371260 0.008514 0.086119
v 0.375330 0.006053 0.082350
v 0.356055 0.008485 0.075604
v 0.363157 0.006325 0.074048
v 0.366656 0.005444 0.073272
v 0.347201 0.017909 0.092801
v 0.340629 0.016477 0.083388
v 0.331732 0.023405 0.097412
v 0.279971 0.024353 -0.000260
v 0.150521 0.109456 -0.133960
v 0.159977 0.108857 -0.124516
v 0.161694 0.103068 -0.133483
v 0.152672 0.106000 -0.139597
v 0.161604 0.099256 -0.144247
v 0.157059 0.101373 -0.146215
v 0.160619 0.096607 -0.152890
v 0.157269 0.098622 -0.153194
v 0.174711 0.095978 -0.131297
v 0.171802 0.099386 -0.126500
v 0.184710 0.095127 -0.105339
v 0.185079 0.092516 -0.110893
v 0.193184 0.092322 -0.082340
v 0.191992 0.089766 -0.089775
v 0.197641 0.088574 -0.084342
v 0.192459 0.089379 -0.110648
v 0.195223 0.092860 -0.060264
v 0.172142 0.106324 -0.116374
v 0.159322 0.123307 -0.115216
v -0.213755 0.099194 -0.114074
v -0.188419 0.131454 -0.115540
v -0.182352 0.146496 -0.098445
v -0.185074 0.151293 -0.078791
v -0.195033 0.150057 -0.062346
v -0.215595 0.141362 -0.057510
v -0.226740 0.128953 -0.055458
v -0.224284 0.136057 -0.063318
v -0.233130 0.122898 -0.058741
v -0.233327 0.116954 -0.054041
v -0.227768 0.121776 -0.050356
v -0.224857 0.092779 -0.098367
v -0.229855 0.088970 -0.101368
v -0.230252 0.090022 -0.088015
v -0.236007 0.085832 -0.090017
v -0.232514 0.089435 -0.078142
v -0.240093 0.086902 -0.080030
v -0.242652 0.088593 -0.069879
v -0.252339 0.088282 -0.072887
v -0.260462 0.083439 -0.075467
v -0.263016 0.082913 -0.065767
v -0.273005 0.079003 -0.070238
v -0.268365 0.078775 -0.078878
v -0.276135 0.078561 -0.061923
v -0.285541 0.074220 -0.065930
v -0.283466 0.076087 -0.075498
v -0.277964 0.077210 -0.085124
v -0.290119 0.083425 -0.064703
v -0.287364 0.085862 -0.075009
v -0.280582 0.087070 -0.085838
v -0.279253 0.095612 -0.068679
v -0.273418 0.097128 -0.078049
v -0.265545 0.096272 -0.086097
v -0.260433 0.101409 -0.069193
v -0.255047 0.100060 -0.077054
v -0.249043 0.096486 -0.084835
v -0.238742 0.095486 -0.079604
v -0.234910 0.094741 -0.089949
v -0.241702 0.092483 -0.093220
v -0.228756 0.097153 -0.100400
v -0.233801 0.096224 -0.104996
v -0.282442 0.091806 -0.058774
v -0.284181 0.083569 -0.048059
v -0.119273 0.155350 -0.133653
v -0.092955 0.182610 -0.080825
v -0.073432 0.195648 -0.066313
v -0.062199 0.205870 0.004533
v -0.062361 0.205408 0.012153
v -0.086567 0.154605 -0.161732
v -0.095051 0.140875 -0.165903
v -0.064543 0.136809 -0.192144
v -0.105199 0.131502 -0.172946
v -0.059284 0.154403 -0.188040
v -0.033953 0.149560 -0.203983
v -0.038781 0.131989 -0.207008
v -0.011336 0.123171 -0.216461
v -0.005087 0.136112 -0.206545
v 0.005784 0.145019 -0.198797
v -0.117920 0.126840 -0.183593
v -0.134925 0.117313 -0.196996
v -0.170603 0.119804 -0.162818
v -0.161639 0.093484 -0.211605
v -0.189044 0.099091 -0.178118
v -0.253794 0.072268 -0.157427
v -0.260654 0.065568 -0.188806
v -0.279574 0.051800 -0.188379
v -0.262802 0.059805 -0.216849
v -0.301106 0.047074 -0.192242
v -0.260796 0.047850 -0.232073
v -0.226803 0.138302 -0.060594
v -0.224292 0.143970 -0.074300
v -0.214726 0.150546 -0.065862
v -0.203041 0.152646 -0.057765
v -0.161445 0.152233 -0.084710
v -0.173761 0.155643 -0.086623
v -0.218963 0.109377 -0.037763
v -0.243721 0.109173 -0.031958
v -0.234565 0.115083 -0.019663
v -0.232424 0.113557 -0.030313
v -0.222514 0.115672 -0.018255
v -0.203430 0.118248 -0.019601
v -0.206296 0.115976 -0.011499
v -0.213487 0.112217 0.000740
v -0.221980 0.111512 -0.006025
v -0.238854 0.107533 -0.022133
v -0.228075 0.111401 -0.000452
v -0.238987 0.108694 -0.015379
v -0.248105 0.099788 -0.028427
v -0.246834 0.104891 -0.017442
v -0.255200 0.096983 -0.020185
v -0.259801 0.092918 -0.015627
v -0.261942 0.091700 -0.009864
v -0.260774 0.090654 -0.001870
v -0.264339 0.081299 -0.001518
v -0.264482 0.074184 -0.000727
v -0.196567 0.129029 -0.006458
v -0.199017 0.124068 0.001780
v -0.201478 0.116951 0.009819
v -0.212567 0.111487 0.007695
v -0.192549 0.134583 0.005485
v -0.201790 0.122210 0.016439
v -0.183014 0.140467 0.019284
v -0.207345 0.126388 0.024556
v -0.188502 0.138716 -0.003060
v -0.194057 0.132974 -0.012852
v -0.204114 0.118090 -0.029774
v -0.189789 0.137586 -0.020702
v -0.263160 0.091379 -0.031595
v -0.134760 0.177343 -0.026314
v -0.131627 0.178626 -0.016256
v -0.199869 0.136094 -0.024686
v -0.193601 0.141751 -0.026816
v -0.027076 0.223410 -0.003410
v -0.033603 0.224732 0.005476
v -0.034918 0.224951 0.015416
v -0.037039 0.214147 0.015533
v -0.031699 0.224709 0.024641
v -0.033897 0.214380 0.024529
v -0.024119 0.224064 0.031289
v -0.026164 0.214512 0.031551
v -0.028290 0.205013 0.031722
v -0.032527 0.196231 0.035847
v -0.013927 0.214815 0.034114
v -0.015609 0.206368 0.035217
v -0.018627 0.195177 0.037646
v -0.020660 0.189829 0.044092
v -0.030906 0.195232 0.043525
v -0.009911 0.208596 0.033362
v -0.004276 0.193427 0.030825
v -0.002908 0.191677 0.039128
v 0.002497 0.197770 0.019644
v 0.014083 0.201650 0.022104
v 0.008199 0.200512 0.014026
v 0.015910 0.203952 0.013302
v 0.002176 0.191933 0.045322
v -0.021490 0.191297 0.054318
v -0.013427 0.223366 0.033211
v -0.003897 0.220049 0.029838
v -0.007066 0.215292 0.032205
v -0.012149 0.233529 0.032900
v -0.000843 0.227743 0.027207
v -0.009900 0.256304 0.032188
v -0.000576 0.255527 0.028117
v 0.004520 0.254883 0.020730
v 0.002376 0.221732 0.021060
v 0.006167 0.254207 0.012395
v 0.004035 0.223096 0.010531
v 0.003768 0.253900 0.001282
v 0.002226 0.223860 0.001681
v -0.002611 0.253054 -0.003720
v -0.002996 0.224571 -0.003474
v -0.012576 0.254838 -0.005310
v -0.014490 0.232407 -0.006193
v -0.014880 0.220546 -0.006256
v -0.002079 0.219745 -0.002629
v -0.014775 0.215047 -0.006478
v -0.001154 0.214311 -0.001630
v -0.025004 0.236161 -0.002961
v -0.022107 0.256406 -0.002376
v -0.028251 0.257373 0.005456
v -0.031400 0.237723 0.005373
v -0.029590 0.257960 0.014976
v -0.032908 0.238061 0.015154
v -0.026111 0.257785 0.023885
v -0.029486 0.237556 0.024354
v -0.019346 0.257132 0.030587
v -0.022279 0.236143 0.031010
v -0.021332 0.290396 0.022938
v -0.015264 0.290008 0.029202
v -0.006907 0.289441 0.030563
v -0.013164 0.323757 0.027205
v -0.005364 0.323671 0.029078
v 0.002207 0.323459 0.026096
v 0.001187 0.288769 0.027576
v 0.006674 0.323195 0.019525
v 0.006210 0.288264 0.020354
v 0.008128 0.323089 0.011650
v 0.007767 0.288072 0.011602
v 0.006254 0.323183 0.003575
v 0.005868 0.288095 0.002810
v 0.000427 0.323329 -0.001496
v -0.000646 0.288244 -0.002724
v -0.007535 0.323407 -0.002842
v -0.009258 0.288868 -0.003930
v -0.015219 0.323472 -0.000542
v -0.017583 0.289541 -0.001330
v -0.020144 0.323508 0.005686
v -0.023048 0.290246 0.005505
v -0.021071 0.323559 0.013898
v -0.024078 0.290573 0.014451
v -0.018799 0.323692 0.021763
v -0.020430 0.357058 0.013303
v -0.018069 0.357246 0.020294
v -0.012791 0.357425 0.025344
v -0.018062 0.390939 0.019268
v -0.012746 0.391138 0.023750
v -0.006236 0.391286 0.025846
v -0.005717 0.357481 0.027042
v 0.000174 0.391339 0.023534
v 0.001160 0.357448 0.024467
v 0.004278 0.391341 0.018091
v 0.005699 0.357396 0.018723
v 0.005666 0.391321 0.011367
v 0.007161 0.357377 0.011477
v 0.003846 0.391278 0.004754
v 0.005294 0.357413 0.004154
v -0.001445 0.391140 0.000290
v -0.000308 0.357351 -0.000506
v -0.008231 0.390946 -0.000849
v -0.007698 0.357208 -0.001447
v -0.014878 0.390795 0.000950
v -0.014777 0.357115 0.000392
v -0.019440 0.390726 0.006059
v -0.019415 0.357019 0.006028
v -0.020469 0.390768 0.012794
v -0.019598 0.424340 0.005922
v -0.020774 0.424366 0.012313
v -0.018731 0.424512 0.018496
v -0.021546 0.457512 0.011810
v -0.020108 0.457736 0.017661
v -0.015553 0.458231 0.021656
v -0.013448 0.424767 0.022603
v -0.009427 0.458845 0.023138
v -0.007167 0.425049 0.024548
v -0.003272 0.459404 0.021967
v -0.000937 0.425273 0.022910
v 0.000705 0.459653 0.017091
v 0.002887 0.425371 0.017658
v 0.001771 0.459614 0.010778
v 0.004099 0.425356 0.011297
v -0.000268 0.459315 0.004745
v 0.002132 0.425195 0.005088
v -0.004856 0.458842 0.000574
v -0.002657 0.424941 0.000713
v -0.010917 0.458300 -0.000481
v -0.009064 0.424653 -0.000517
v -0.016783 0.457812 0.001175
v -0.015399 0.424444 0.000968
v -0.020492 0.457521 0.005773
v -0.020549 0.491048 0.000729
v -0.024444 0.490593 0.005175
v -0.025825 0.490502 0.011180
v -0.028570 0.524087 0.005003
v -0.029794 0.524011 0.010733
v -0.028436 0.524288 0.016361
v -0.024242 0.490813 0.017102
v -0.024196 0.524925 0.020135
v -0.019689 0.491492 0.020970
v -0.018487 0.525690 0.020930
v -0.013737 0.492314 0.022038
v -0.012765 0.526443 0.019825
v -0.007856 0.493087 0.020734
v -0.008924 0.526898 0.015639
v -0.004042 0.493519 0.016251
v -0.008164 0.526904 0.009961
v -0.002898 0.493571 0.010329
v -0.009478 0.526648 0.004361
v -0.004589 0.493247 0.004608
v -0.013819 0.526003 0.000778
v -0.009074 0.492579 0.000860
v -0.019350 0.525246 -0.000910
v -0.014825 0.491788 -0.000835
v -0.024854 0.524526 0.000674
v -0.023378 0.558763 -0.001012
v -0.028944 0.558115 0.000124
v -0.033051 0.557629 0.004234
v -0.032569 0.592017 -0.001038
v -0.038644 0.590810 0.002787
v -0.040128 0.590524 0.010043
v -0.034166 0.557558 0.010187
v -0.038069 0.590948 0.016864
v -0.032829 0.557831 0.015956
v -0.028287 0.558481 0.019281
v -0.022610 0.559185 0.019874
v -0.019563 0.593171 0.017772
v -0.017014 0.559818 0.018907
v -0.014197 0.593234 0.015344
v -0.012913 0.560182 0.015254
v -0.013508 0.593139 0.009099
v -0.012225 0.560150 0.009559
v -0.014600 0.593167 0.003316
v -0.013403 0.559934 0.003893
v -0.020059 0.593042 0.000617
v -0.017943 0.559392 0.000695
v -0.026042 0.592840 -0.001289
v -0.018408 0.623471 0.000691
v -0.013695 0.622851 0.004337
v -0.011760 0.647497 0.004561
v -0.015151 0.648155 0.000836
v -0.008120 0.674534 0.003909
v -0.011456 0.675045 0.000140
v -0.016432 0.675911 -0.001005
v -0.002218 0.705485 -0.000807
v -0.006932 0.707538 -0.001344
v -0.010894 0.709269 0.001603
v 0.008957 0.735599 -0.001718
v 0.005539 0.738159 0.001667
v 0.004742 0.738912 0.007513
v -0.011697 0.709538 0.007267
v 0.007889 0.737019 0.011285
v -0.010779 0.709425 0.012947
v -0.022138 0.676531 0.012748
v 0.011772 0.734564 0.011965
v -0.006755 0.707767 0.015499
v -0.017592 0.676357 0.016489
v -0.001920 0.705723 0.015461
v -0.012417 0.675514 0.016080
v -0.016623 0.647061 0.016721
v -0.018887 0.623308 0.017225
v -0.007759 0.674583 0.013875
v -0.012059 0.647036 0.014528
v -0.013949 0.622661 0.014912
v -0.011188 0.647199 0.009621
v -0.013327 0.622608 0.009528
v -0.007105 0.674431 0.008928
v 0.001954 0.704021 0.013128
v 0.002169 0.703800 0.007877
v 0.000911 0.704231 0.002859
v 0.018619 0.727010 0.006203
v 0.016594 0.729252 0.002300
v 0.013639 0.731820 -0.001274
v 0.040552 0.745904 0.003362
v 0.036873 0.753475 -0.001140
v 0.030647 0.760364 -0.001598
v 0.062712 0.774335 0.000322
v 0.052698 0.785573 0.002692
v 0.039814 0.794662 0.008356
v 0.022460 0.764504 0.004847
v 0.036101 0.793916 0.012436
v 0.019391 0.765762 0.010216
v 0.047845 0.788013 0.010469
v 0.028355 0.762136 0.009386
v 0.060025 0.776518 0.010512
v 0.035718 0.756551 0.009874
v 0.067171 0.757940 0.012881
v 0.040503 0.748235 0.011256
v 0.015354 0.730941 0.012509
v 0.041433 0.736629 0.013071
v 0.018236 0.727278 0.011266
v 0.042193 0.734615 0.006660
v 0.067851 0.741260 0.014848
v 0.071306 0.741456 0.007828
v 0.068994 0.758221 0.005778
v 0.102764 0.748450 0.010479
v 0.098434 0.771648 0.007268
v 0.087751 0.795159 0.000163
v 0.127594 0.786331 0.008067
v 0.113679 0.815493 -0.000740
v 0.101196 0.835326 0.006815
v 0.074711 0.811899 0.005705
v 0.089573 0.850903 0.011749
v 0.061424 0.824765 0.010661
v 0.089837 0.850248 0.015198
v 0.060811 0.824346 0.014299
v 0.100844 0.835840 0.011605
v 0.072585 0.814032 0.011216
v 0.117724 0.805368 0.011684
v 0.087529 0.792399 0.010720
v 0.131494 0.768628 0.016354
v 0.097082 0.763165 0.014722
v 0.136621 0.749900 0.018885
v 0.100507 0.744824 0.017117
v 0.137362 0.757987 0.012623
v 0.176020 0.758512 0.019658
v 0.172033 0.770032 0.013203
v 0.159766 0.801749 0.008030
v 0.209127 0.786459 0.012802
v 0.194399 0.817554 0.008128
v 0.178602 0.849510 -0.002313
v 0.144417 0.833935 -0.001082
v 0.171049 0.869139 0.006458
v 0.133945 0.855530 0.007302
v 0.163516 0.888919 0.011107
v 0.124707 0.873666 0.012480
v 0.164109 0.892177 0.016082
v 0.123682 0.872961 0.016842
v 0.170316 0.873384 0.012273
v 0.133075 0.856136 0.012376
v 0.187055 0.831890 0.012557
v 0.151289 0.818602 0.012299
v 0.206864 0.789523 0.017736
v 0.168479 0.777312 0.017477
v 0.218335 0.767622 0.019296
v 0.241536 0.808889 0.016546
v 0.251996 0.791974 0.018705
v 0.243372 0.805918 0.012039
v 0.282599 0.816605 0.016037
v 0.274584 0.825970 0.010674
v 0.260554 0.847562 0.007146
v 0.227951 0.833519 0.007771
v 0.250317 0.869952 0.002020
v 0.214888 0.862387 0.001738
v 0.245965 0.885695 0.004702
v 0.209065 0.877772 0.005103
v 0.245472 0.903139 0.007597
v 0.204757 0.897393 0.009462
v 0.242558 0.906923 0.013134
v 0.204838 0.902766 0.014892
v 0.246380 0.889300 0.010127
v 0.208985 0.883812 0.011217
v 0.256445 0.858904 0.011967
v 0.222304 0.845243 0.012481
v 0.272380 0.830983 0.015020
v 0.287445 0.871452 0.011317
v 0.300249 0.852014 0.013773
v 0.311595 0.841050 0.015357
v 0.325036 0.869774 0.011974
v 0.333714 0.860661 0.012934
v 0.330328 0.864554 0.007978
v 0.303218 0.844157 0.009328
v 0.319815 0.875275 0.005717
v 0.291421 0.861194 0.006507
v 0.314520 0.885280 0.001375
v 0.283178 0.877844 0.002095
v 0.314135 0.897129 0.004213
v 0.280743 0.892548 0.004251
v 0.315688 0.909091 0.005303
v 0.279994 0.907833 0.005815
v 0.315578 0.907693 0.010490
v 0.282279 0.908663 0.011000
v 0.314022 0.894258 0.008850
v 0.281884 0.892467 0.009127
v 0.316050 0.882019 0.010052
v 0.347727 0.896220 0.009047
v 0.348643 0.890932 0.009192
v 0.351370 0.884410 0.010197
v 0.367711 0.892761 0.009514
v 0.364020 0.887230 0.010182
v 0.356577 0.877709 0.009945
v 0.353204 0.881165 0.006695
v 0.349149 0.887917 0.004321
v 0.347718 0.893471 0.002096
v 0.347579 0.899594 0.004086
v 0.368632 0.906135 0.006005
v 0.348955 0.907394 0.005320
v 0.348157 0.904660 0.009636
v -0.045508 0.620266 0.010442
v -0.043874 0.620666 0.002858
v -0.049987 0.642704 0.004347
v -0.050960 0.642770 0.010687
v -0.057991 0.669872 0.005615
v -0.058610 0.669779 0.010674
v -0.057190 0.670261 0.015243
v -0.070309 0.700651 0.010379
v -0.069073 0.701420 0.014404
v -0.065256 0.703238 0.015931
v -0.052510 0.671760 0.016586
v -0.061601 0.704890 0.015826
v -0.048870 0.672700 0.015957
v -0.031557 0.644332 0.009384
v -0.046100 0.673530 0.014014
v -0.031596 0.644875 0.008639
v -0.043740 0.674289 0.009881
v -0.031607 0.645034 0.008421
v -0.043038 0.672965 0.006156
v -0.029239 0.641279 0.006348
v -0.044275 0.672397 0.002611
v -0.030685 0.641336 0.004272
v -0.046570 0.671252 0.000067
v -0.030690 0.641336 0.004265
v -0.047293 0.667928 -0.000776
v -0.061884 0.704218 -0.001636
v -0.065633 0.702466 -0.001123
v -0.068594 0.701131 0.001791
v -0.056218 0.669907 0.001092
v -0.069794 0.700719 0.006120
v -0.085758 0.728545 0.002075
v -0.087346 0.727022 0.005883
v -0.087830 0.726796 0.010115
v -0.112674 0.737349 0.005403
v -0.111554 0.737291 0.012965
v -0.111101 0.746849 0.011878
v -0.086077 0.729869 0.012731
v -0.107581 0.755119 0.011158
v -0.083667 0.732789 0.013505
v -0.101802 0.760339 0.011091
v -0.080165 0.734650 0.013448
v -0.093106 0.764204 0.011914
v -0.075683 0.737040 0.012369
v -0.058073 0.706481 0.013203
v -0.073249 0.738390 0.007571
v -0.056774 0.706905 0.008789
v -0.074035 0.737671 0.002535
v -0.056887 0.706707 0.004282
v -0.076072 0.736107 -0.000968
v -0.058706 0.705776 0.000474
v -0.080022 0.732911 -0.002447
v -0.098879 0.761430 0.000154
v -0.103439 0.757001 -0.002470
v -0.106967 0.752818 0.001648
v -0.083253 0.730451 -0.001280
v -0.110208 0.746793 0.004300
v -0.134570 0.769412 0.004500
v -0.137747 0.757629 0.006162
v -0.139963 0.744276 0.007817
v -0.168664 0.769890 0.007556
v -0.171117 0.753475 0.010089
v -0.171069 0.750807 0.015818
v -0.139214 0.743667 0.014282
v -0.166684 0.766211 0.013860
v -0.136884 0.757048 0.012711
v -0.158093 0.788578 0.011612
v -0.131622 0.772471 0.011045
v -0.141345 0.809726 0.012683
v -0.120837 0.784527 0.011846
v -0.126251 0.821171 0.015585
v -0.107689 0.791564 0.014130
v -0.122914 0.824264 0.012272
v -0.102274 0.794501 0.010684
v -0.087120 0.766385 0.008548
v -0.112679 0.790435 0.007288
v -0.093666 0.764141 0.004544
v -0.123190 0.784666 0.002212
v -0.134865 0.817259 0.008521
v -0.147756 0.807253 0.003310
v -0.155897 0.797807 0.000540
v -0.129848 0.777800 -0.002400
v -0.162932 0.786107 0.005375
v -0.182135 0.819042 0.002013
v -0.190799 0.804903 0.005711
v -0.200369 0.784616 0.008690
v -0.220380 0.823816 0.005761
v -0.232355 0.801133 0.008879
v -0.241210 0.779696 0.012282
v -0.208118 0.765590 0.011535
v -0.244743 0.773863 0.017602
v -0.205313 0.759210 0.016998
v -0.236045 0.790179 0.015388
v -0.200589 0.776114 0.015166
v -0.218802 0.822344 0.012117
v -0.186968 0.804954 0.012056
v -0.195589 0.859539 0.012961
v -0.165872 0.835227 0.013230
v -0.182958 0.878576 0.015752
v -0.151445 0.851771 0.016314
v -0.183357 0.877729 0.011774
v -0.150475 0.853693 0.012761
v -0.194056 0.862948 0.008358
v -0.162413 0.841995 0.009132
v -0.204602 0.848019 0.003454
v -0.174672 0.828693 0.003729
v -0.210532 0.839311 0.001791
v -0.236274 0.867470 0.002244
v -0.240972 0.859289 0.000983
v -0.250814 0.842171 0.005655
v -0.272928 0.875099 0.001339
v -0.283493 0.858032 0.005753
v -0.298585 0.835255 0.008513
v -0.264946 0.818019 0.008986
v -0.310858 0.817136 0.010913
v -0.275853 0.797277 0.011874
v -0.314659 0.814078 0.014771
v -0.280330 0.792526 0.016349
v -0.303866 0.829639 0.013426
v -0.270824 0.808314 0.014830
v -0.285033 0.859307 0.010780
v -0.252230 0.840922 0.011876
v -0.264227 0.897320 0.010876
v -0.229090 0.881421 0.011849
v -0.254527 0.918383 0.013146
v -0.217783 0.901578 0.014793
v -0.254554 0.915110 0.009143
v -0.218160 0.898099 0.010343
v -0.260773 0.898721 0.006519
v -0.227501 0.882038 0.007312
v -0.266791 0.885815 0.001023
v -0.294391 0.913036 0.005529
v -0.298452 0.900409 0.000488
v -0.303525 0.890390 0.001957
v -0.329120 0.915275 0.000553
v -0.333972 0.906025 0.002417
v -0.343542 0.892697 0.004922
v -0.314693 0.874221 0.005445
v -0.357073 0.879372 0.006091
v -0.329832 0.855845 0.007507
v -0.370135 0.869656 0.006903
v -0.343448 0.841884 0.009209
v -0.370960 0.870501 0.010212
v -0.345826 0.840345 0.012629
v -0.358870 0.880432 0.009946
v -0.334214 0.853743 0.011560
v -0.342950 0.898682 0.009251
v -0.315811 0.878485 0.009750
v -0.328805 0.922649 0.008928
v -0.298048 0.910806 0.009960
v -0.323534 0.939583 0.009727
v -0.289249 0.930568 0.011554
v -0.323404 0.941421 0.005129
v -0.290285 0.929433 0.007113
v -0.325297 0.926962 0.004289
v -0.354844 0.949728 0.003016
v -0.356167 0.938432 0.002770
v -0.357614 0.926865 -0.000111
v -0.384310 0.946889 0.001151
v -0.385728 0.937930 -0.001490
v -0.387193 0.933435 -0.000635
v -0.360361 0.920438 0.000669
v -0.391761 0.927780 0.001042
v -0.369043 0.910452 0.003150
v -0.400342 0.921660 0.001511
v -0.380446 0.901933 0.003700
v -0.408893 0.916800 0.001683
v -0.391259 0.895364 0.004379
v -0.404534 0.918901 0.005514
v -0.389167 0.896986 0.007327
v -0.394554 0.924607 0.005710
v -0.376260 0.904901 0.007527
v -0.388284 0.931291 0.005984
v -0.364320 0.915502 0.007599
v -0.385020 0.939027 0.006683
v -0.357291 0.930547 0.007758
v -0.383947 0.949806 0.006736
v -0.355362 0.944737 0.008095
v -0.383579 0.955128 0.003285
v -0.410873 0.954476 0.005235
v -0.410341 0.957782 0.002193
v -0.410872 0.953611 -0.000560
v -0.429525 0.957711 -0.000192
v -0.429426 0.956065 -0.001079
v -0.412073 0.949585 -0.001192
v -0.430021 0.953983 -0.001367
v -0.413678 0.946427 -0.001182
v -0.430961 0.951758 -0.001503
v -0.415414 0.943258 -0.000700
v -0.418267 0.939927 -0.000417
v -0.421515 0.937402 0.001473
v -0.419030 0.938820 0.004031
v -0.431510 0.952062 0.003899
v -0.415896 0.942065 0.004415
v -0.430608 0.954081 0.004004
v -0.413531 0.945459 0.004867
v -0.412014 0.949099 0.005091
v -0.434977 0.955706 0.003611
v -0.434515 0.956051 0.003555
v -0.434722 0.956137 -0.001468
v -0.436041 0.954671 -0.001507
v -0.436645 0.957174 -0.001799
v -0.437873 0.956323 -0.001085
v -0.436260 0.958272 -0.001655
v -0.434203 0.957702 -0.001177
v -0.040251 0.207613 -0.015153
v -0.029446 0.209204 -0.013456
v -0.044359 0.210922 -0.025882
v -0.035927 0.212008 -0.021950
v -0.051020 0.208432 -0.006560
v -0.049985 0.208489 -0.012964
v -0.053169 0.207061 0.002017
v -0.057491 0.201848 -0.042853
v -0.049694 0.204389 -0.019563
v -0.027544 0.207188 -0.020060
v -0.062738 0.203966 -0.028262
v -0.062887 0.204659 -0.023422
v -0.057370 0.201880 -0.042753
v -0.062906 0.202344 -0.037318
v -0.044372 0.210281 -0.044279
v -0.053288 0.205890 -0.061897
v -0.057941 0.203075 -0.053212
v -0.027020 0.222229 -0.048207
v 0.012501 0.105949 -0.228227
v 0.010425 0.131593 -0.218693
v 0.021445 0.147203 -0.195945
v 0.041311 0.146261 -0.182904
v 0.072944 0.125399 -0.174410
v 0.032278 0.101976 -0.231288
v 0.015784 0.096569 -0.245011
v 0.033600 0.093405 -0.246218
v 0.012848 0.086512 -0.263464
v 0.022855 0.076516 -0.278676
v 0.013410 0.052868 -0.305818
v -0.015379 0.038113 -0.324648
v -0.006687 0.085547 -0.266109
v -0.007043 0.102890 -0.239134
v -0.073081 0.021478 -0.461684
v -0.059272 0.023057 -0.439250
v -0.053296 0.017999 -0.446050
v -0.047913 0.009869 -0.448958
v -0.069744 0.011616 -0.469639
v -0.049926 0.003069 -0.447932
v -0.070736 0.004443 -0.467091
v -0.053205 0.011032 -0.445476
v -0.072117 0.012945 -0.461948
v -0.058566 0.017487 -0.440558
v -0.074210 0.020855 -0.452749
v -0.093882 0.020691 -0.454696
v -0.048382 0.008861 -0.427862
v -0.052019 0.014290 -0.425817
v -0.046297 0.003639 -0.428230
v -0.043528 0.007808 -0.428599
v -0.046392 0.014180 -0.428310
v -0.044902 0.012945 -0.414232
v -0.058744 0.029792 -0.371160
v -0.065862 0.026570 -0.388245
v -0.069835 0.019433 -0.397609
v -0.255309 0.066191 -0.157413
v -0.258866 0.057136 -0.171733
v -0.280070 0.055706 -0.115211
v -0.282977 0.045007 -0.155117
v -0.284049 0.035336 -0.259161
v -0.292452 0.049247 -0.065173
v -0.297968 0.048382 -0.067516
v -0.291867 0.048970 -0.072596
v -0.299557 0.049113 -0.022703
v -0.294110 0.053975 -0.041615
v -0.301580 0.043406 -0.007662
v -0.307692 0.037585 0.002130
v -0.317170 0.031508 0.000913
v -0.317054 0.031717 0.010899
v -0.312501 0.033351 0.012256
v -0.328032 0.022335 -0.005393
v -0.324683 0.027746 0.008045
v -0.331766 0.022245 0.014222
v -0.336593 0.010336 0.007808
v -0.338201 0.016950 0.024458
v -0.344438 0.007417 0.018895
v -0.350728 0.004104 0.010742
v -0.353376 0.006408 0.028430
v -0.361973 0.003677 0.014562
v -0.345958 0.012393 0.033575
v -0.318619 0.028127 0.034611
v -0.326023 0.020695 0.046665
v -0.332570 0.011217 0.060306
v -0.344402 0.010119 0.048831
v -0.312257 0.028530 0.051937
v -0.307953 0.035964 0.042475
v -0.306700 0.035127 0.020026
v -0.295514 0.043838 0.018132
v -0.302749 0.040070 0.052121
v -0.304748 0.036668 0.062278
v -0.331450 0.066631 -0.040256
v -0.335631 0.061933 -0.035858
v -0.338206 0.056407 -0.027236
v -0.262466 0.088927 -0.033786
v -0.269165 0.068489 0.004992
v -0.268906 0.077500 0.000634
v -0.294529 0.053607 -0.019488
v -0.311426 0.061712 -0.019733
v -0.316230 0.061024 -0.019474
v -0.320929 0.055303 -0.014720
v -0.306075 0.056379 -0.012924
v -0.302554 0.057329 -0.014704
v -0.308057 0.062194 -0.019915
v -0.264408 0.068043 -0.006049
v -0.377780 0.061282 -0.010677
v -0.391556 0.056909 -0.005380
v -0.397465 0.052824 -0.003391
v -0.406943 0.042355 -0.006956
v -0.371451 0.061202 -0.001626
v -0.326080 0.047023 0.013669
v -0.356934 0.055829 -0.024952
v -0.351160 0.051586 -0.029120
v -0.332511 0.049307 -0.006669
v -0.320929 0.055303 -0.014720
v -0.338788 0.056500 -0.030001
v -0.392529 0.023365 -0.046202
v -0.372221 0.043637 -0.043462
v -0.374506 0.048721 -0.039999
v -0.396597 0.031195 -0.040661
v -0.409682 0.026768 -0.034066
v -0.405281 0.025137 -0.040580
v -0.412658 0.021370 -0.045509
v -0.405094 0.022421 -0.047562
v -0.405217 0.017499 -0.058133
v -0.405604 0.006239 -0.064861
v -0.415854 0.023291 -0.034283
v -0.417810 0.022634 -0.040167
v -0.422090 0.017751 -0.045949
v -0.424124 0.020010 -0.032285
v -0.428019 0.015727 -0.039258
v -0.411363 0.027346 -0.026477
v -0.424789 0.019444 -0.024133
v -0.369881 0.030838 -0.049682
v -0.368214 0.025590 -0.052289
v -0.370528 0.035286 -0.059772
v -0.368482 0.051103 -0.068451
v -0.380309 0.053670 -0.070737
v -0.373548 0.067848 -0.093232
v -0.392180 0.064114 -0.105420
v -0.395268 0.051896 -0.076784
v -0.379393 0.059026 -0.131975
v -0.366660 0.043734 -0.146889
v -0.359019 0.031768 -0.148861
v -0.349552 0.025080 -0.153860
v -0.340990 0.020805 -0.162534
v -0.338806 0.016556 -0.169537
v -0.337429 0.014008 -0.166539
v -0.362377 0.033677 -0.061366
v -0.301565 0.026654 -0.206610
v -0.288286 0.016443 -0.220947
v -0.300894 0.027294 -0.179205
v -0.188536 0.006569 -0.411420
v -0.190921 0.004371 -0.409565
v -0.194181 0.004647 -0.436473
v -0.190329 0.006554 -0.434497
v -0.175456 0.004447 -0.395552
v -0.173904 0.011955 -0.396847
v -0.189431 0.011939 -0.410452
v -0.155380 0.004048 -0.392551
v -0.154575 0.011528 -0.394335
v -0.134679 0.002342 -0.403329
v -0.186853 0.019248 -0.434645
v -0.192533 0.012522 -0.436138
v -0.176831 0.013369 -0.457955
v -0.177911 0.005084 -0.459558
v -0.153722 0.014093 -0.462699
v -0.152782 0.005562 -0.465032
v -0.175325 0.007508 -0.455596
v -0.136130 0.014661 -0.454888
v -0.141152 0.020045 -0.433868
v -0.140328 0.023791 -0.434879
v -0.005787 0.053591 -0.366283
v 0.031888 0.053991 -0.368850
v 0.014168 0.044784 -0.378553
v 0.045301 0.033972 -0.371359
v 0.028191 0.030832 -0.381788
v 0.058214 0.028371 -0.379654
v 0.077445 0.032516 -0.360876
v 0.090235 0.026777 -0.369736
v 0.066999 0.022975 -0.385971
v 0.107671 0.028775 -0.379128
v 0.076433 0.029188 -0.392646
v 0.047820 0.028669 -0.404188
v 0.054711 0.026269 -0.409941
v 0.044991 0.021083 -0.427167
v 0.022183 0.025365 -0.426001
v 0.036597 0.020648 -0.431724
v 0.031846 0.019535 -0.436161
v 0.017610 0.021873 -0.431535
v 0.028503 0.018136 -0.440744
v 0.016403 0.017483 -0.438227
v 0.025837 0.016405 -0.445767
v 0.016787 0.016589 -0.443279
v 0.024397 0.017458 -0.448591
v 0.016674 0.016968 -0.441938
v 0.028728 0.021925 -0.440675
v 0.019137 0.018969 -0.435609
v 0.065404 0.014926 -0.433135
v 0.109514 0.030355 -0.355061
v 0.127907 0.030205 -0.366134
v 0.157657 0.021457 -0.375409
v 0.147867 0.033949 -0.347553
v 0.173352 0.025537 -0.356352
v 0.177694 0.021184 -0.351283
v 0.160201 0.017413 -0.373261
v 0.190001 0.017923 -0.353956
v 0.168676 0.015014 -0.376098
v 0.202427 0.012900 -0.362632
v 0.177067 0.012425 -0.379390
v 0.156545 0.011185 -0.394313
v 0.160632 0.009329 -0.396884
v 0.148084 0.011670 -0.399014
v 0.184871 0.009783 -0.383516
v 0.209586 0.009867 -0.367734
v 0.243050 0.009545 -0.344235
v 0.240032 0.007738 -0.340724
v 0.266884 0.009842 -0.324789
v 0.266228 0.008154 -0.317770
v 0.282731 0.010018 -0.311501
v 0.281639 0.004762 -0.308598
v 0.280386 0.003910 -0.304458
v 0.281613 0.009890 -0.303627
v 0.298924 0.004095 -0.293170
v 0.281293 0.019115 -0.300695
v 0.267595 0.017321 -0.304749
v 0.296380 0.018425 -0.288201
v 0.293089 0.027749 -0.283468
v 0.279917 0.028656 -0.294892
v 0.301947 0.015292 -0.270088
v 0.300233 0.023708 -0.268005
v 0.292436 0.035219 -0.263387
v 0.296041 0.013059 -0.254290
v 0.295530 0.014534 -0.238729
v 0.276668 0.045183 -0.257175
v 0.260991 0.045760 -0.245841
v 0.261206 0.047960 -0.254618
v 0.251768 0.043864 -0.244397
v 0.250349 0.047236 -0.253937
v 0.250456 0.047544 -0.265310
v 0.241541 0.042199 -0.265748
v 0.245105 0.038102 -0.278700
v 0.252437 0.044044 -0.278577
v 0.248529 0.031641 -0.289328
v 0.255581 0.036341 -0.291082
v 0.252477 0.020857 -0.296298
v 0.257536 0.025477 -0.299845
v 0.267536 0.028046 -0.299409
v 0.257940 0.018139 -0.289336
v 0.263256 0.014853 -0.278162
v 0.294463 0.011608 -0.292809
v 0.281716 0.019232 -0.281138
v 0.217574 0.019846 -0.330778
v 0.198971 0.025465 -0.324478
v 0.195044 0.032276 -0.330830
v 0.174438 0.037664 -0.320669
v 0.133899 0.034175 -0.337481
v 0.160822 0.039091 -0.313356
v 0.124115 0.037069 -0.328263
v 0.148872 0.042881 -0.306933
v 0.159533 0.053748 -0.285074
v 0.138393 0.048020 -0.304624
v 0.146556 0.056556 -0.284485
v 0.147350 0.067806 -0.264934
v 0.139140 0.059025 -0.286946
v 0.137652 0.068576 -0.269380
v 0.129550 0.051240 -0.304319
v 0.097092 0.035461 -0.343653
v -0.024146 0.011202 -0.339623
v -0.020355 0.012885 -0.334043
v -0.020915 0.009270 -0.334493
v -0.021527 0.005318 -0.334986
v -0.041678 0.008935 -0.379483
v 0.000378 0.009989 -0.318740
v 0.005233 0.005556 -0.322807
v -0.018288 0.006812 -0.333321
v -0.015282 0.009268 -0.328534
v -0.000123 0.015526 -0.324321
v 0.023546 0.013783 -0.317501
v -0.016174 0.012290 -0.335788
v -0.002455 0.018583 -0.329450
v -0.000226 0.022457 -0.333783
v 0.041190 0.012116 -0.325568
v 0.041235 0.004466 -0.324662
v 0.025068 0.004964 -0.318150
v 0.009880 0.005556 -0.330673
v 0.014622 0.004972 -0.339340
v 0.003808 0.005034 -0.344559
v -0.005928 0.005395 -0.347409
v -0.124946 0.005609 -0.448510
v -0.125343 0.004730 -0.447064
v -0.413995 0.005962 -0.255410
v -0.422571 0.008631 -0.241119
v -0.414504 0.017355 -0.238031
v -0.400931 0.022914 -0.233381
v -0.400084 0.020774 -0.219615
v -0.381225 0.018996 -0.215852
v -0.383310 0.022974 -0.228457
v -0.412121 0.004861 -0.051090
v -0.346747 0.003481 -0.136202
v -0.354625 0.003292 -0.125435
v -0.361823 0.002699 -0.115311
v -0.363567 0.003292 -0.134935
v -0.370415 0.004435 -0.124956
v -0.355142 0.003357 -0.145214
v -0.348317 0.017724 -0.103621
v -0.345914 0.025363 -0.104292
v -0.335716 0.030404 -0.115184
v -0.336088 0.025671 -0.132685
v -0.343473 0.018082 -0.148966
v -0.330925 0.008310 -0.095739
v -0.329856 0.019822 -0.083753
v -0.317781 0.007487 -0.132598
v -0.317264 0.007293 -0.132960
v -0.377213 0.003106 -0.017347
v -0.396733 0.002993 -0.021307
v -0.367656 0.003163 -0.023203
v -0.367249 0.003121 -0.002646
v -0.358888 0.003056 0.011959
v -0.354822 0.002793 0.021880
v -0.339371 0.008052 0.015559
v -0.362077 0.009109 -0.003884
v -0.395986 0.008684 -0.007809
v -0.408893 0.007763 0.007925
v -0.405800 0.002981 0.005536
v -0.415348 0.003845 -0.003080
v -0.410388 0.004772 -0.006024
v -0.401510 0.002631 0.001600
v -0.405055 0.004640 -0.013271
v -0.416668 0.007602 -0.000054
v -0.342359 0.015333 -0.046625
v -0.334336 0.003979 -0.059247
v -0.353521 0.013652 -0.117674
v -0.353225 0.013486 -0.117858
v -0.337910 0.013889 -0.166524
v -0.324806 0.019314 -0.175032
v -0.339878 0.013646 -0.164417
v -0.348406 0.016266 -0.057282
v -0.361835 0.030144 -0.061077
v -0.406639 0.024446 -0.042089
v -0.396537 0.031330 -0.040604
v -0.351407 0.008693 -0.036986
v -0.395385 0.022858 0.045677
v -0.371697 0.025228 0.061464
v -0.396938 0.004442 0.032218
v -0.414418 0.007716 0.042390
v -0.416370 0.017353 0.053900
v -0.399666 0.025695 0.059995
v -0.402198 0.022060 0.078143
v -0.381947 0.023861 0.082995
v -0.376361 0.026327 0.070402
v -0.359274 0.035729 0.081585
v -0.356096 0.032977 0.072371
v -0.341328 0.037012 0.082779
v -0.338079 0.035955 0.079292
v -0.343468 0.037517 0.090188
v -0.335863 0.036493 0.089937
v -0.301714 0.051818 0.098577
v -0.391615 0.013228 0.092427
v -0.430748 0.025421 0.048828
v -0.428802 0.020233 0.034111
v -0.416051 0.013931 0.044321
v -0.414500 0.006974 0.038149
v -0.424390 0.006342 0.024442
v -0.484762 0.021745 0.046892
v -0.490074 0.019480 0.061268
v -0.494550 0.006455 0.037905
v -0.498414 0.009425 0.060211
v -0.484564 0.008038 0.090400
v -0.313826 0.023171 0.169772
v -0.311156 0.034605 0.168554
v -0.318595 0.024885 0.173752
v -0.323495 0.026196 0.169551
v -0.320214 0.024884 0.165962
v -0.294052 0.043771 0.172788
v -0.291732 0.046234 0.181062
v -0.289498 0.045110 0.175163
v -0.323765 0.025973 0.171868
v -0.329161 0.022602 0.174172
v -0.330178 0.020968 0.178024
v -0.324552 0.024110 0.181490
v -0.352061 0.011167 0.186021
v -0.370135 0.017181 0.168984
v -0.373207 0.007501 0.176142
v -0.362836 0.005975 0.185130
v -0.391287 0.019156 0.162351
v -0.393396 0.008413 0.171583
v -0.422245 0.016840 0.160787
v -0.415497 0.006781 0.171556
v -0.348869 0.026860 0.166126
v -0.332690 0.028757 0.157939
v -0.322711 0.022771 0.158628
v -0.321185 0.054100 0.045382
v -0.304900 0.044857 0.015016
v -0.305892 0.044805 0.014628
v -0.298771 0.055121 0.014970
v -0.297950 0.063007 0.016639
v -0.293320 0.060461 0.013376
v -0.297090 0.053353 0.012949
v -0.294803 0.052628 0.011197
v -0.297263 0.048422 0.008361
v -0.301678 0.045840 0.009952
v -0.315219 0.045726 0.026295
v -0.314702 0.047254 0.026478
v -0.315195 0.045796 0.026304
v -0.301059 0.047419 0.000978
v -0.299591 0.050434 -0.003110
v -0.296863 0.051492 -0.010518
v -0.296964 0.049325 -0.011577
v -0.297252 0.047539 -0.012052
v -0.294898 0.050021 -0.017182
v -0.295899 0.047772 -0.016706
v -0.297608 0.052003 -0.010127
v -0.296322 0.049766 0.009236
v -0.304900 0.044760 0.014982
v -0.305710 0.044772 0.014695
v -0.312975 0.062746 0.065430
v -0.320173 0.011043 0.092630
v -0.326310 0.016408 0.120204
v -0.288207 0.048698 0.091324
v -0.293240 0.048633 0.089315
v -0.293240 0.048633 0.089315
v -0.285153 0.052388 0.089922
v -0.282276 0.054927 0.091020
v -0.287662 0.043045 0.162539
v -0.288131 0.043187 0.155879
v -0.268798 0.032755 0.190252
v -0.269799 0.029577 0.196179
v -0.300522 0.043893 0.183174
v -0.291953 0.046105 0.181370
v -0.290009 0.046174 0.183512
v -0.312781 0.019538 0.140542
v -0.311630 0.022055 0.138206
v -0.314861 0.021536 0.133468
v -0.366855 0.012898 0.206197
v -0.354982 0.019083 0.207106
v -0.350426 0.010651 0.190733
v -0.380922 0.003495 0.028422
v -0.432680 0.008332 0.155342
v -0.426927 0.006458 0.164075
v -0.035033 0.004840 0.304895
v -0.124619 0.031163 0.306778
v -0.113858 0.024852 0.315896
v -0.132830 0.012460 0.324360
v -0.127306 0.017363 0.323676
v -0.124164 0.020732 0.324086
v -0.147648 0.008701 0.333354
v -0.154989 0.019315 0.328241
v -0.153972 0.021820 0.326639
v -0.138084 0.021803 0.319263
v -0.157930 0.017628 0.334033
v -0.163089 0.023655 0.327873
v -0.179463 0.030885 0.335676
v -0.180173 0.028149 0.320862
v -0.200774 0.034558 0.328187
v -0.192261 0.029303 0.317411
v -0.180855 0.024693 0.350214
v -0.204185 0.027713 0.347855
v -0.207940 0.008423 0.366387
v -0.229457 0.008149 0.351131
v -0.225260 0.023246 0.336206
v -0.178580 0.008475 0.364776
v -0.158378 0.014706 0.338664
v -0.156280 0.006816 0.339936
v -0.237678 0.006493 0.337179
v -0.237596 0.013196 0.327723
v -0.107765 0.014025 0.340003
v -0.111212 0.012654 0.336683
v -0.108883 0.015155 0.332072
v -0.111589 0.012332 0.337389
v -0.069797 0.021264 0.323630
v -0.070005 0.029779 0.338899
v -0.077165 0.044704 0.331882
v -0.075793 0.038385 0.320192
v -0.072265 0.038767 0.312455
v -0.083022 0.050758 0.300121
v -0.067290 0.045615 0.307174
v -0.063232 0.055097 0.298740
v -0.052613 0.050898 0.297826
v -0.043660 0.049087 0.296041
v -0.058550 0.063846 0.280301
v -0.068826 0.067382 0.257746
v -0.049409 0.077506 0.258666
v -0.080440 0.038050 0.359108
v -0.083445 0.048465 0.346963
v -0.101615 0.063077 0.333904
v -0.094280 0.043104 0.365139
v -0.112241 0.060238 0.352933
v -0.141925 0.059918 0.337963
v -0.122657 0.064333 0.321130
v -0.159342 0.044357 0.332467
v -0.137312 0.056559 0.310995
v -0.157258 0.043099 0.347951
v -0.162828 0.039818 0.341169
v -0.116301 0.049935 0.365789
v -0.115121 0.040305 0.372845
v -0.143347 0.042043 0.364764
v -0.099900 0.039910 0.370198
v -0.086783 0.039281 0.364075
v -0.074928 0.029845 0.360557
v -0.064287 0.020659 0.346298
v -0.083243 0.036253 0.296584
v -0.083474 0.027892 0.298238
v -0.073387 0.021385 0.303708
v -0.072149 0.021265 0.304254
v -0.100825 0.037517 0.283074
v -0.106714 0.030686 0.290576
v -0.073138 0.039998 0.293075
v -0.047959 0.020115 0.307842
v -0.039764 0.036142 0.293961
v -0.016613 0.026653 0.301561
v -0.016016 0.042110 0.287505
v -0.016680 0.054131 0.275644
v -0.036658 0.055214 0.275856
v -0.001152 0.052314 0.275011
v 0.000487 0.041636 0.285040
v 0.003588 0.025607 0.297334
v 0.018440 0.025728 0.290105
v 0.028423 0.025904 0.288813
v 0.040345 0.025393 0.287257
v 0.045740 0.023636 0.289590
v -0.056678 0.025038 0.335095
v -0.001356 0.051199 0.330386
v 0.020443 0.041438 0.321757
v 0.027564 0.037191 0.329239
v 0.006300 0.047371 0.343609
v 0.011799 0.032999 0.355945
v 0.009297 0.029423 0.362006
v 0.034193 0.041387 0.312611
v 0.041584 0.035945 0.318172
v -0.018525 0.070640 0.288372
v -0.093925 0.047124 0.274424
v -0.124674 0.052391 0.272164
v -0.094257 0.047608 0.273842
v -0.129844 0.033690 0.305250
v -0.196709 0.067634 0.210966
v -0.218726 0.065800 0.199536
v -0.206207 0.071916 0.217072
v -0.199035 0.063657 0.238410
v -0.187412 0.056272 0.234927
v -0.176370 0.052457 0.234100
v -0.188318 0.039397 0.244774
v -0.167358 0.031319 0.255739
v -0.167804 0.055702 0.239979
v -0.190947 0.025803 0.249205
v -0.180042 0.024837 0.252984
v -0.199596 0.047408 0.249807
v -0.203951 0.029860 0.254309
v -0.212717 0.050189 0.255142
v -0.213499 0.035685 0.259490
v -0.228404 0.044943 0.257621
v -0.224904 0.037307 0.262299
v -0.231840 0.043557 0.259358
v -0.231677 0.038659 0.263951
v -0.216281 0.066093 0.243946
v -0.238343 0.054300 0.247937
v -0.223632 0.072824 0.223435
v -0.253563 0.057588 0.229825
v -0.226961 0.064652 0.200260
v -0.240118 0.054581 0.197768
v -0.249042 0.048863 0.196971
v -0.263027 0.045485 0.228429
v -0.282333 0.053446 0.099477
v -0.166477 0.075789 0.204081
v -0.136883 0.089150 0.196597
v -0.144373 0.089045 0.190766
v -0.168406 0.077175 0.198203
v -0.150732 0.087467 0.188209
v -0.167780 0.079736 0.193018
v -0.155072 0.085369 0.187802
v -0.166475 0.082267 0.187767
v -0.119197 0.109765 0.189618
v -0.150618 0.086106 0.201676
v -0.126230 0.113469 0.174659
v -0.119343 0.119598 0.164459
v -0.103192 0.124701 0.174684
v -0.094178 0.128141 0.165183
v -0.070591 0.124799 0.181382
v -0.034301 0.125094 0.192656
v -0.089935 0.129943 0.157788
v -0.066028 0.128220 0.173180
v -0.028465 0.133035 0.179880
v -0.062540 0.140901 0.167860
v -0.026375 0.141998 0.171489
v -0.003736 0.144397 0.169178
v -0.005871 0.136409 0.179067
v -0.010607 0.129880 0.194709
v 0.009541 0.136638 0.179013
v 0.005696 0.129336 0.193741
v -0.004848 0.114748 0.209403
v 0.016075 0.129126 0.190760
v 0.014313 0.115362 0.208420
v 0.001383 0.105145 0.223150
v 0.024118 0.142237 0.164012
v 0.012392 0.145615 0.164949
v 0.024418 0.144620 0.161488
v 0.014873 0.160932 0.150016
v 0.029611 0.150686 0.153008
v -0.000936 0.156251 0.159081
v 0.010364 0.168414 0.144706
v 0.023034 0.164335 0.142434
v 0.027790 0.175870 0.121768
v 0.023021 0.173978 0.128871
v 0.003619 0.183055 0.132010
v 0.014949 0.184019 0.120535
v -0.021369 0.189142 0.127020
v -0.001975 0.192484 0.114094
v 0.017809 0.188090 0.102177
v -0.045747 0.188954 0.112469
v -0.022000 0.195100 0.102334
v -0.005610 0.193330 0.093734
v -0.014701 0.193444 0.078664
v -0.055964 0.186672 0.096132
v -0.042795 0.175358 0.143013
v -0.066868 0.174925 0.122554
v -0.077445 0.172869 0.100898
v -0.055884 0.156780 0.156666
v -0.022692 0.155070 0.162023
v -0.012727 0.171216 0.148289
v 0.027918 0.175746 0.121827
v 0.026853 0.165528 0.137455
v 0.038341 0.160828 0.133942
v -0.103197 0.127555 0.157992
v -0.098501 0.129229 0.151495
v -0.103484 0.128556 0.149902
v -0.107958 0.122085 0.166902
v -0.121539 0.114582 0.174594
v -0.108947 0.115961 0.181665
v -0.095838 0.107135 0.197737
v -0.108766 0.116516 0.180971
v -0.078268 0.119330 0.183197
v -0.084665 0.122318 0.174700
v -0.166433 0.079013 0.195629
v -0.158433 0.118067 0.152720
v -0.171006 0.112129 0.146773
v -0.142881 0.131801 0.122941
v -0.139432 0.130998 0.132731
v -0.145986 0.119627 0.156411
v -0.156180 0.095815 0.166584
v -0.161418 0.094062 0.163015
v -0.129776 0.130013 0.134063
v -0.132889 0.115283 0.158557
v -0.153464 0.094931 0.168490
v -0.167841 0.094562 0.156458
v -0.171518 0.093661 0.152775
v -0.176934 0.107557 0.139774
v -0.152769 0.149900 0.089376
v -0.146638 0.162922 0.076934
v -0.161842 0.151726 0.066972
v -0.140273 0.157409 0.102521
v -0.132362 0.169310 0.091206
v -0.119498 0.168102 0.101832
v -0.133012 0.156926 0.107816
v -0.220222 0.099443 0.055013
v -0.216663 0.103924 0.046913
v -0.212967 0.113734 0.034040
v -0.228293 0.105030 0.016385
v -0.212761 0.112192 0.025939
v -0.238507 0.106695 0.008072
v -0.204320 0.109225 0.068459
v -0.131333 0.170108 0.034987
v -0.128410 0.182232 0.040103
v -0.370399 0.062191 -0.010289
v -0.362512 0.048297 0.019808
v -0.367798 0.050960 0.017703
v -0.368944 0.062454 -0.007742
v -0.362017 0.040050 0.026087
v -0.368530 0.039404 0.027388
v -0.272452 0.054875 0.081572
v -0.281183 0.044551 0.088242
v -0.276370 0.047999 0.088364
v -0.276824 0.048821 0.091550
v -0.279751 0.046947 0.093103
v -0.258481 0.071642 0.019253
v -0.261252 0.075344 0.012962
v -0.233860 0.103775 0.014902
v -0.221267 0.105382 0.019087
v -0.227390 0.108708 0.008221
v -0.234842 0.109916 0.001352
v -0.239577 0.109250 -0.008000
v -0.221825 0.111765 -0.006423
v -0.244754 0.106822 -0.012750
v -0.260052 0.092816 -0.018298
v -0.222796 0.114729 0.004958
v -0.100159 0.208804 0.026474
v -0.110054 0.203403 0.029048
v -0.105357 0.188307 0.004705
v -0.091930 0.193336 -0.005350
v -0.083677 0.197401 -0.004200
v -0.083761 0.197589 0.006007
v -0.091920 0.195004 0.003848
v -0.075291 0.199298 -0.003258
v -0.072792 0.197516 0.006231
v -0.067262 0.201235 -0.003375
v -0.066235 0.199072 0.008422
v -0.062928 0.202782 0.018661
v -0.071522 0.203319 0.013684
v -0.058026 0.203158 -0.007310
v -0.054021 0.201180 -0.000189
v -0.045107 0.202464 -0.013449
v -0.043086 0.200139 -0.005482
v -0.026071 0.202329 -0.016220
v -0.030119 0.197867 -0.008453
v -0.049694 0.204389 -0.019563
v -0.027583 0.207078 -0.020364
v -0.012441 0.205044 -0.012504
v -0.015048 0.199968 -0.010025
v -0.030209 0.210191 -0.027068
v -0.010353 0.209107 -0.014487
v -0.062965 0.204415 -0.014367
v -0.062323 0.204529 -0.022857
v -0.053808 0.204295 -0.027757
v -0.069384 0.203195 -0.011945
v -0.075274 0.202139 -0.012044
v -0.081322 0.201098 -0.013757
v -0.132717 0.131070 0.111118
v -0.114163 0.171254 0.087576
v -0.115623 0.172153 0.078301
v -0.119958 0.170788 0.084538
v -0.095278 0.186639 0.081515
v -0.108055 0.188896 0.074191
v -0.100558 0.197292 0.071696
v -0.108494 0.199274 0.062159
v -0.114030 0.194854 0.060430
v -0.120596 0.191454 0.054739
v -0.085789 0.194481 0.078464
v -0.075312 0.177146 0.084629
v -0.092426 0.158217 0.104527
v -0.074866 0.167924 0.094770
v -0.071022 0.162366 0.133779
v -0.052501 0.171657 0.135211
v -0.062741 0.176531 0.108378
v -0.048552 0.184122 0.113862
v -0.062306 0.176895 0.098716
v -0.033416 0.179770 0.134735
v -0.035974 0.160133 0.153757
v -0.013101 0.164430 0.149908
v 0.004418 0.167261 0.140641
v -0.014913 0.185530 0.127578
v 0.006020 0.143739 0.161623
v 0.016350 0.149008 0.151309
v 0.028345 0.152493 0.138171
v 0.022815 0.168916 0.123618
v 0.006398 0.183088 0.118629
v -0.016181 0.189246 0.111460
v -0.023531 0.189122 0.113036
v 0.040861 0.161086 0.114943
v 0.048899 0.153495 0.119008
v 0.050658 0.155713 0.113997
v 0.041984 0.162577 0.112204
v 0.037343 0.148418 0.135974
v 0.044068 0.149287 0.129525
v 0.039674 0.136304 0.146972
v 0.046963 0.136581 0.140179
v 0.057351 0.136742 0.132452
v 0.058197 0.122079 0.143114
v 0.062680 0.119463 0.145007
v 0.068772 0.130717 0.128489
v 0.078362 0.133867 0.149458
v 0.056088 0.130079 0.152209
v 0.064594 0.141524 0.153695
v 0.094708 0.141888 0.163025
v 0.097679 0.143836 0.169503
v 0.048270 0.125688 0.147011
v 0.042281 0.127972 0.152722
v 0.047118 0.129237 0.156976
v 0.050665 0.137275 0.157501
v 0.036627 0.129236 0.157872
v 0.041594 0.128928 0.161749
v 0.044145 0.134606 0.162940
v 0.045703 0.141449 0.164371
v 0.055247 0.147791 0.161773
v 0.037317 0.129015 0.166036
v 0.040135 0.133297 0.167243
v 0.041783 0.139132 0.167771
v 0.043160 0.145450 0.170672
v 0.047372 0.149115 0.170525
v 0.037580 0.132458 0.171145
v 0.039539 0.137417 0.171525
v 0.040227 0.142444 0.170678
v 0.037126 0.136283 0.175141
v 0.040096 0.142798 0.176112
v 0.043858 0.149071 0.178711
v 0.043478 0.148417 0.174952
v 0.035474 0.131649 0.175081
v 0.034696 0.128339 0.170378
v 0.033053 0.127436 0.174882
v 0.033018 0.125947 0.179068
v 0.034411 0.130483 0.179508
v 0.035480 0.135182 0.177507
v 0.027482 0.124524 0.175683
v 0.028928 0.121692 0.179489
v 0.016856 0.126179 0.180536
v -0.007142 0.119492 0.201878
v 0.023040 0.109912 0.199216
v 0.029289 0.118793 0.187231
v 0.035237 0.118658 0.199970
v 0.055352 0.128228 0.217737
v 0.054778 0.132624 0.215288
v 0.062740 0.142911 0.212819
v 0.058786 0.143387 0.210978
v 0.053826 0.142326 0.209212
v 0.048854 0.138585 0.208320
v -0.007894 0.109002 0.209303
v -0.000072 0.102483 0.211476
v -0.019665 0.107997 0.207383
v -0.022229 0.104386 0.208670
v -0.020203 0.102729 0.210373
v -0.018367 0.100294 0.213888
v -0.024420 0.102715 0.208952
v -0.025096 0.102634 0.209357
v -0.027233 0.102377 0.210639
v -0.035904 0.120885 0.189779
v 0.005859 0.129840 0.178668
v -0.011359 0.137180 0.171467
v -0.026641 0.130535 0.176457
v -0.058768 0.153201 0.153685
v -0.058661 0.130278 0.168709
v 0.015215 0.134848 0.166972
v 0.022495 0.130109 0.168954
v 0.027519 0.133501 0.161015
v 0.022410 0.140088 0.157188
v 0.033381 0.135073 0.154152
v 0.029889 0.143649 0.147697
v 0.032112 0.129263 0.163343
v 0.028385 0.127673 0.169161
v 0.080397 0.153193 0.171663
v 0.087725 0.152752 0.187176
v 0.094017 0.150208 0.184711
v -0.035364 0.187851 0.115020
v -0.097138 0.153998 0.109023
v -0.166051 0.160619 0.021781
v -0.062006 0.193288 0.077611
v -0.073285 0.184238 0.087537
v -0.075582 0.185368 0.087194
v -0.064345 0.197941 0.075190
v -0.086645 0.174034 0.092529
v -0.088003 0.175607 0.091261
v -0.064695 0.194968 0.073291
v -0.056158 0.179492 0.079132
v -0.058346 0.204235 0.057200
v -0.040725 0.184169 0.063253
v -0.055861 0.205461 0.048067
v -0.033798 0.187636 0.047000
v -0.034344 0.189703 0.035871
v -0.043145 0.194041 0.026639
v -0.043344 0.191337 0.024584
v -0.032547 0.182073 0.034239
v -0.029935 0.181398 0.027281
v -0.044535 0.186270 0.020790
v -0.074135 0.201511 0.070741
v -0.062637 0.206173 0.058618
v -0.078943 0.202022 0.071289
v -0.080208 0.200615 0.072713
v -0.037520 0.187038 0.055860
v -0.040725 0.184169 0.063253
v -0.035139 0.185965 0.069350
v -0.029587 0.185916 0.065660
v -0.028610 0.187594 0.075811
v -0.023506 0.187960 0.075152
v -0.009773 0.187727 0.067181
v 0.004980 0.186263 0.051572
v -0.039509 0.182673 0.027891
v -0.043798 0.186223 0.021123
v -0.054049 0.201129 0.000110
v -0.042911 0.193694 0.026754
v -0.048376 0.199530 0.030209
v -0.066470 0.199107 0.008237
v -0.072718 0.196434 0.006519
v -0.081268 0.196993 0.006082
v -0.085453 0.205507 0.013964
v -0.095893 0.210843 0.027875
v -0.094809 0.201392 0.011619
v -0.097954 0.204453 0.016189
v -0.100601 0.211222 0.036641
v -0.092803 0.212196 0.050109
v -0.099791 0.207027 0.059626
v -0.092094 0.212070 0.051239
v -0.102262 0.197720 0.011022
v -0.104444 0.199695 0.014420
v -0.091920 0.195004 0.003848
v -0.099906 0.195588 0.007354
v -0.096874 0.191642 0.000324
v -0.099401 0.195131 0.006567
v -0.102349 0.136307 0.121776
v -0.104799 0.132450 0.124973
v -0.105660 0.133684 0.118291
v -0.109673 0.131171 0.121492
v -0.117863 0.129258 0.129480
v -0.108555 0.128517 0.128957
v -0.103431 0.129469 0.133821
v -0.123701 0.128925 0.135517
v -0.112596 0.127670 0.134977
v -0.129895 0.129990 0.134224
v -0.139432 0.130998 0.132731
v -0.098020 0.170115 0.085573
v -0.092186 0.163193 0.096064
v -0.094579 0.156229 0.106558
v -0.096761 0.150807 0.117178
v -0.095690 0.146904 0.129668
v -0.102455 0.139228 0.124242
v -0.111099 0.130811 0.132427
v -0.122386 0.133037 0.134154
v -0.133758 0.133440 0.140655
v -0.110334 0.130328 0.133100
v -0.149687 0.143916 0.100741
v -0.146350 0.150571 0.102722
v -0.095965 0.169005 0.096276
v -0.127352 0.128223 0.138998
v -0.123858 0.128991 0.135284
v -0.112462 0.127615 0.135112
v -0.069463 0.122561 0.173436
v 0.004859 0.079109 0.270619
v 0.005452 0.098851 0.253795
v 0.016021 0.096898 0.260252
v 0.027334 0.090919 0.265086
v 0.036840 0.086880 0.265768
v 0.029908 0.105752 0.246195
v 0.042629 0.097324 0.251464
v 0.050352 0.088889 0.254900
v 0.041443 0.105101 0.234693
v 0.048443 0.098641 0.240933
v 0.017837 0.108461 0.239889
v 0.028198 0.108207 0.227256
v 0.047124 0.101060 0.224393
v 0.055689 0.098554 0.228858
v 0.064110 0.096252 0.233068
v 0.058295 0.090870 0.226348
v 0.047280 0.111523 0.225476
v 0.036978 0.118312 0.215332
v 0.006230 0.106972 0.234221
v 0.017279 0.108645 0.223000
v -0.002923 0.102150 0.229809
v -0.005328 0.097014 0.245761
v 0.038278 0.078126 0.269831
v 0.038516 0.060411 0.275323
v 0.007233 0.075332 0.265785
v 0.002018 0.091693 0.253318
v 0.020138 0.078337 0.267162
v 0.015851 0.096672 0.253716
v 0.039411 0.084117 0.258297
v 0.031516 0.098549 0.248991
v 0.056073 0.082001 0.234640
v 0.057552 0.067391 0.248302
v 0.057832 0.062854 0.248925
v 0.062364 0.080863 0.232025
v 0.045136 0.052739 0.260256
v 0.044843 0.053741 0.265252
v 0.040726 0.051391 0.271151
v 0.039610 0.053170 0.278237
v -0.035157 0.101686 0.211936
v -0.037742 0.096958 0.238683
v -0.034425 0.101780 0.211492
v -0.047799 0.102327 0.213119
v 0.096392 0.078737 0.226548
v 0.103375 0.063599 0.243323
v 0.121531 0.037864 0.257890
v 0.100647 0.051773 0.259372
v 0.085486 0.055969 0.253252
v 0.088736 0.066812 0.244751
v 0.089415 0.082215 0.225582
v 0.072632 0.065628 0.247314
v 0.076195 0.079080 0.232146
v 0.088986 0.084266 0.223915
v 0.071715 0.082062 0.228414
v 0.079670 0.085398 0.221462
v 0.062377 0.080940 0.232292
v 0.063091 0.083878 0.227788
v 0.062192 0.088376 0.221817
v 0.067205 0.087073 0.221257
v 0.063894 0.093381 0.214785
v 0.067550 0.091450 0.218209
v 0.056500 0.090998 0.219727
v 0.057218 0.095564 0.214689
v 0.056989 0.100347 0.216476
v 0.062820 0.097089 0.217365
v 0.057755 0.103637 0.220349
v 0.063765 0.097597 0.219695
v 0.064368 0.104126 0.225262
v 0.066849 0.097050 0.224606
v 0.048722 0.107053 0.213217
v 0.050807 0.100281 0.211816
v 0.041814 0.107374 0.206791
v 0.043103 0.109818 0.209128
v 0.036346 0.114448 0.203101
v 0.034585 0.110535 0.200718
v 0.041731 0.102088 0.206460
v 0.032541 0.105117 0.202208
v 0.049021 0.093186 0.216790
v 0.057366 0.085392 0.227108
v 0.053366 0.087812 0.231446
v 0.055731 0.081986 0.234813
v 0.052624 0.059870 0.253067
v 0.071043 0.058755 0.253727
v 0.059445 0.058679 0.254987
v 0.138061 0.033219 0.256322
v 0.155325 0.044274 0.235149
v 0.148243 0.029361 0.255258
v 0.168208 0.033547 0.237681
v 0.153229 0.024551 0.255373
v 0.174460 0.029449 0.236831
v 0.158491 0.018986 0.256642
v 0.179916 0.017974 0.229544
v 0.162586 0.015849 0.256933
v 0.201185 0.017667 0.207294
v 0.205361 0.028810 0.193800
v 0.176308 0.034663 0.228919
v 0.179848 0.032081 0.227939
v 0.068161 0.091926 0.218507
v 0.064322 0.103983 0.225195
v 0.057313 0.102321 0.219411
v 0.073984 0.105898 0.226882
v 0.072651 0.117460 0.226175
v 0.076098 0.095131 0.221401
v 0.081628 0.101222 0.226460
v 0.057181 0.120813 0.221505
v 0.066478 0.137171 0.217138
v 0.092512 0.133839 0.213659
v 0.071796 0.144451 0.210983
v 0.097772 0.140104 0.203971
v 0.070932 0.150828 0.203070
v 0.090626 0.147969 0.199529
v 0.087890 0.153032 0.187606
v 0.093974 0.150010 0.184870
v 0.102338 0.141405 0.197972
v 0.103343 0.134853 0.203733
v 0.069149 0.154367 0.193258
v 0.068567 0.157260 0.182194
v 0.082914 0.154671 0.184176
v 0.058254 0.149346 0.203693
v 0.041612 0.143285 0.197050
v 0.044130 0.149875 0.181973
v 0.039867 0.142011 0.170509
v 0.069463 0.156511 0.175171
v 0.062548 0.142872 0.212953
v 0.059340 0.136796 0.215710
v 0.102350 0.143759 0.182273
v 0.106805 0.139360 0.191972
v 0.110775 0.136627 0.180362
v 0.112122 0.135433 0.188643
v 0.118483 0.126525 0.181900
v 0.117446 0.125990 0.190824
v 0.113718 0.127146 0.199171
v 0.109738 0.134777 0.197877
v 0.123550 0.106663 0.194743
v 0.120849 0.109100 0.200301
v 0.112344 0.121757 0.206369
v 0.105221 0.102618 0.220398
v 0.098809 0.104231 0.224177
v 0.107855 0.123009 0.210983
v 0.106495 0.137876 0.171652
v 0.113060 0.130212 0.170582
v 0.103217 0.136689 0.164213
v 0.109087 0.130238 0.162578
v 0.095902 0.146725 0.172270
v 0.094628 0.142070 0.162712
v 0.084809 0.152584 0.173779
v 0.093121 0.126282 0.218438
v 0.100844 0.109729 0.222306
v 0.024242 0.136307 0.172676
v 0.027613 0.133125 0.175207
v 0.035238 0.138409 0.163755
v 0.039706 0.148925 0.171075
v 0.030339 0.204824 0.064946
v 0.034234 0.207775 0.070197
v 0.104243 0.195925 0.052135
v 0.083876 0.194585 0.093278
v 0.081824 0.190316 0.098002
v 0.085469 0.180494 0.102504
v 0.088108 0.185815 0.097781
v 0.081228 0.182541 0.103804
v 0.077953 0.170968 0.109188
v 0.038800 0.194938 0.096731
v 0.040345 0.201025 0.090623
v 0.036587 0.202742 0.085668
v 0.031868 0.194350 0.091868
v 0.042512 0.208392 0.082672
v 0.034199 0.208017 0.070018
v 0.030339 0.204824 0.064946
v 0.024940 0.198005 0.077467
v 0.050716 0.214771 0.074945
v 0.041681 0.212686 0.067835
v 0.082180 0.216431 0.051584
v 0.091634 0.211048 0.047823
v 0.085021 0.195896 0.018321
v 0.090015 0.190681 0.012541
v 0.085809 0.192204 0.000843
v 0.073289 0.200784 0.012523
v 0.074394 0.199601 -0.007948
v 0.062291 0.206048 0.005479
v 0.051119 0.205819 0.017064
v 0.058830 0.208177 -0.009143
v 0.020430 0.214504 -0.017885
v 0.044163 0.208574 -0.014270
v 0.073616 0.201165 0.030398
v 0.013951 0.201631 0.022178
v 0.024970 0.203455 0.027040
v 0.030161 0.204584 0.023828
v 0.029596 0.207343 0.016357
v 0.029982 0.202019 0.033151
v 0.036433 0.203542 0.027686
v -0.040370 0.188540 0.104365
v -0.046897 0.184891 0.087406
v -0.016024 0.189786 0.111396
v -0.034995 0.187801 0.114865
v 0.028773 0.121825 0.179163
v 0.034148 0.129663 0.179931
v 0.034546 0.133752 0.179705
v 0.035140 0.138698 0.186017
v 0.102780 0.153499 0.130096
v 0.108926 0.130217 0.162822
v 0.119777 0.125018 0.183745
v 0.121525 0.120452 0.177545
v 0.076432 0.121914 0.132758
v 0.067673 0.134212 0.126834
v 0.056480 0.142764 0.124966
v 0.060002 0.151081 0.111727
v 0.044044 0.149308 0.129661
v 0.050671 0.155588 0.114045
v 0.057358 0.136658 0.132260
v 0.074488 0.128175 0.129479
v 0.064220 0.129393 0.133680
v 0.070068 0.121115 0.137586
v 0.060766 0.121358 0.142661
v 0.058203 0.123894 0.139521
v 0.078856 0.121627 0.133110
v 0.074245 0.119286 0.142848
v 0.062680 0.119463 0.145007
v 0.093911 0.154604 0.116270
v 0.086195 0.150239 0.103577
v 0.078544 0.150286 0.109667
v 0.088897 0.153462 0.116808
v 0.208787 0.080942 0.060837
v 0.174323 0.103748 0.073146
v 0.177052 0.103900 0.060578
v 0.175042 0.106449 0.051863
v 0.207589 0.089970 0.042554
v 0.205586 0.096146 0.039394
v 0.236611 0.071558 0.028489
v 0.210769 0.096463 0.032908
v 0.275558 0.026059 0.029530
v 0.254407 0.067190 0.029059
v 0.277217 0.024692 0.038358
v 0.263824 0.061028 0.040905
v 0.276657 0.030365 0.049074
v 0.268388 0.054826 0.050489
v 0.259511 0.063687 0.053678
v 0.275954 0.029141 0.054114
v 0.279767 0.019255 0.060629
v 0.282204 0.019276 0.053113
v 0.285731 0.014122 0.056938
v 0.278156 0.014581 0.068375
v 0.282536 0.018533 0.043175
v 0.199050 0.109456 0.019674
v 0.198234 0.109994 0.004247
v 0.181873 0.125448 -0.011576
v 0.193384 0.108782 -0.011803
v 0.213810 0.094387 -0.016260
v 0.181892 0.110561 -0.026690
v 0.180515 0.106589 -0.036315
v 0.172712 0.109285 0.043731
v 0.148159 0.128044 0.054584
v 0.150684 0.124968 0.064228
v 0.136842 0.136152 0.077352
v 0.135894 0.138159 0.065505
v 0.155834 0.118329 0.073071
v 0.149415 0.121285 0.090934
v 0.143997 0.122639 0.098662
v 0.141569 0.126652 0.093004
v 0.146909 0.118464 0.110849
v 0.139814 0.124229 0.115270
v 0.138483 0.125596 0.104548
v 0.148981 0.115054 0.122507
v 0.139529 0.119291 0.130378
v 0.135777 0.131281 0.116246
v 0.131857 0.134693 0.124435
v 0.145202 0.105145 0.155902
v 0.155170 0.111304 0.131068
v 0.156644 0.111627 0.116088
v 0.160808 0.108459 0.124903
v 0.165183 0.106265 0.110367
v 0.169928 0.102655 0.112036
v 0.220909 0.096655 -0.009956
v 0.225013 0.087044 0.026644
v 0.228433 0.084081 0.016650
v 0.218219 0.089139 -0.025873
v 0.239669 0.071771 0.019727
v 0.234188 0.060970 0.080619
v 0.232559 0.062629 0.096232
v 0.228306 0.066288 0.078242
v 0.242384 0.051259 0.087617
v 0.241475 0.051674 0.098432
v 0.239394 0.049886 0.106208
v 0.228415 0.062552 0.107362
v 0.251486 0.041145 0.090222
v 0.251523 0.042089 0.099780
v 0.251860 0.042677 0.107188
v 0.260874 0.035819 0.098034
v 0.266170 0.038119 0.104608
v 0.261236 0.032268 0.089665
v 0.263803 0.031196 0.097808
v 0.273841 0.021739 0.082036
v 0.274691 0.019719 0.096730
v 0.277250 0.017981 0.075812
v 0.253062 0.042113 0.080857
v 0.256414 0.047359 0.079652
v 0.246201 0.045702 0.114099
v 0.251244 0.054357 0.144690
v 0.273885 0.050332 0.136759
v 0.249833 0.033429 0.165791
v 0.274045 0.034392 0.158226
v 0.287175 0.021076 0.150506
v 0.289577 0.033773 0.123041
v 0.292219 0.029922 0.111023
v 0.292626 0.021360 0.169376
v 0.277970 0.021663 0.169375
v 0.287312 0.019746 0.180373
v 0.299588 0.022998 0.181241
v 0.291297 0.015852 0.207078
v 0.307825 0.020432 0.193648
v 0.323384 0.013671 0.184122
v 0.278330 0.030431 0.210493
v 0.297081 0.012348 0.209096
v 0.310791 0.018011 0.225094
v 0.294961 0.008280 0.207373
v 0.316516 0.008601 0.226416
v 0.296939 0.005099 0.208491
v 0.313882 0.003891 0.228082
v 0.321245 0.012800 0.250906
v 0.321582 0.004627 0.249730
v 0.310057 0.011963 0.232217
v 0.299298 0.020516 0.241447
v 0.279110 0.023603 0.246140
v 0.274521 0.019926 0.240231
v 0.265300 0.019134 0.255970
v 0.259071 0.018583 0.249377
v 0.255128 0.014890 0.247776
v 0.272788 0.011405 0.237242
v 0.271539 0.001195 0.233080
v 0.281099 0.001419 0.224469
v 0.307684 0.015436 0.270020
v 0.309567 0.006729 0.271105
v 0.290555 0.007245 0.277106
v 0.272416 0.031875 0.218906
v 0.253873 0.029171 0.171253
v 0.232193 0.048846 0.139862
v 0.237825 0.035274 0.158871
v 0.152506 0.130589 0.071297
v 0.137980 0.135495 0.088911
v 0.175921 0.093351 0.131746
v 0.174777 0.094650 0.130454
v 0.169912 0.101897 0.120015
v 0.171533 0.093822 0.139706
v 0.170577 0.097462 0.132988
v 0.151645 0.153988 0.006085
v 0.118172 0.165162 0.061074
v 0.118175 0.168588 0.055677
v 0.117729 0.158316 0.068153
v 0.111673 0.176065 0.028750
v 0.111166 0.181770 0.033341
v 0.085955 0.184116 0.019327
v 0.083918 0.190198 0.023289
v 0.084627 0.185303 -0.008725
v 0.081295 0.187609 -0.015889
v 0.087685 0.182294 -0.021495
v 0.077696 0.188878 -0.024722
v 0.080992 0.185351 -0.035179
v 0.092621 0.177049 -0.030929
v 0.075508 0.192070 -0.019823
v 0.076483 0.191831 -0.009785
v 0.068352 0.196244 -0.017110
v 0.060660 0.201804 -0.005875
v 0.060425 0.202263 -0.004292
v 0.053729 0.204436 -0.003732
v 0.049206 0.205792 -0.000552
v 0.060026 0.203042 -0.001613
v 0.054201 0.204553 -0.001706
v 0.050367 0.205548 -0.001768
v 0.133505 0.167988 0.016787
v 0.120283 0.163500 0.035886
v 0.167861 0.128083 0.038989
v 0.174733 0.124647 0.033835
v 0.173172 0.117306 0.038007
v 0.133755 0.149768 0.044563
v 0.112125 0.154483 0.121629
v 0.111437 0.150166 0.132781
v 0.118461 0.146474 0.133953
v 0.107953 0.157447 0.118919
v 0.125282 0.142286 0.136629
v 0.119658 0.152745 0.105897
v 0.129341 0.127179 0.136585
v 0.133951 0.126753 0.131481
v 0.120004 0.124914 0.144789
v 0.125581 0.122965 0.141902
v 0.118407 0.148204 0.117537
v 0.115464 0.150166 0.106116
v 0.110824 0.152820 0.113261
v 0.107912 0.152288 0.121897
v 0.113844 0.149876 0.121460
v 0.210763 0.070484 0.154984
v 0.207542 0.074700 0.150990
v 0.223109 0.062875 0.145823
v 0.217000 0.061915 0.160631
v 0.222212 0.050269 0.169081
v 0.212694 0.053845 0.175642
v 0.208794 0.062671 0.168687
v 0.206197 0.069785 0.161529
v 0.192792 0.062969 0.178487
v 0.190093 0.065474 0.177227
v 0.213733 0.039741 0.183219
v 0.222523 0.032516 0.176743
v 0.222047 0.025764 0.183884
v 0.213401 0.029589 0.186703
v 0.220334 0.021968 0.190776
v 0.219773 0.026924 0.182516
v 0.215826 0.021615 0.190677
v 0.161113 0.074883 0.185519
v 0.159237 0.072218 0.188274
v 0.155865 0.073117 0.190724
v 0.156195 0.078934 0.189949
v 0.185767 0.069490 0.175209
v 0.175103 0.078282 0.162900
v 0.190259 0.081310 0.152655
v 0.200740 0.074617 0.159055
v 0.205502 0.070719 0.160515
v 0.210416 0.070776 0.155117
v 0.110338 0.101835 0.216930
v 0.122486 0.102579 0.163352
v 0.123556 0.104616 0.177974
v 0.117782 0.105409 0.164322
v 0.124941 0.107104 0.182138
v 0.119512 0.111564 0.169615
v 0.115275 0.115149 0.164787
v 0.114428 0.110102 0.162516
v 0.125487 0.102166 0.186354
v 0.124660 0.108482 0.187568
v 0.120147 0.123547 0.181719
v 0.121251 0.120324 0.177944
v 0.123416 0.101152 0.194583
v 0.111644 0.132449 0.150044
v 0.117058 0.118208 0.147676
v 0.107448 0.147417 0.132178
v 0.094651 0.148754 0.131705
v 0.101336 0.151134 0.128174
v 0.087827 0.148164 0.130624
v 0.087749 0.153017 0.114273
v 0.092109 0.154042 0.123514
v 0.080524 0.146053 0.131025
v 0.083178 0.141510 0.138749
v 0.110995 0.148034 0.138161
v 0.111352 0.150249 0.133063
v 0.116867 0.143737 0.140526
v 0.114511 0.140287 0.144747
v 0.114426 0.135919 0.148475
v 0.111577 0.136126 0.148889
v 0.118163 0.138420 0.145249
v 0.117112 0.135724 0.148084
v 0.119075 0.140757 0.142792
v 0.111206 0.090804 0.217797
v 0.136163 0.075417 0.232554
v 0.146423 0.082444 0.230692
v 0.138756 0.079134 0.227319
v 0.145750 0.083656 0.226217
v 0.130427 0.069712 0.236750
v 0.112983 0.083905 0.214751
v 0.164618 0.069991 0.184406
v 0.136413 0.073014 0.210483
v 0.138493 0.078749 0.212135
v 0.232341 0.037737 0.160848
v 0.230199 0.036899 0.171812
v 0.142639 0.070728 0.209576
v 0.154227 0.067030 0.203548
v 0.139140 0.072190 0.208496
v 0.152799 0.070330 0.251833
v 0.147277 0.074011 0.246502
v 0.132641 0.054772 0.258662
v 0.153802 0.058734 0.259556
v 0.184303 0.047604 0.336047
v 0.154996 0.046519 0.294969
v 0.222346 0.048454 0.236332
v 0.242518 0.033167 0.223484
v 0.210726 0.048316 0.230468
v 0.216610 0.036544 0.272944
v 0.203019 0.025067 0.335243
v 0.202430 0.021122 0.326475
v 0.199367 0.014519 0.317999
v 0.170418 0.013270 0.375646
v 0.177444 0.008101 0.374534
v 0.183438 0.011863 0.371334
v 0.177135 0.017328 0.373413
v 0.262668 0.021745 0.322466
v 0.253368 0.017439 0.316228
v 0.258204 0.012501 0.311534
v 0.252339 0.010834 0.307107
v 0.255819 0.006713 0.305147
v 0.259948 0.009498 0.308015
v 0.250315 0.015797 0.311058
v 0.257133 0.012783 0.298351
v 0.252921 0.004759 0.303135
v 0.302965 0.004824 0.348829
v 0.299206 0.011119 0.340531
v 0.308894 0.004631 0.339862
v 0.308443 0.003306 0.344143
v 0.293066 0.004334 0.360221
v 0.247357 0.010355 0.287848
v 0.239195 0.010532 0.268229
v 0.235098 0.014225 0.269530
v 0.222508 0.020625 0.274096
v 0.279608 0.013447 0.302397
v 0.276860 0.014963 0.305961
v 0.184299 0.035403 0.301871
v 0.183942 0.030429 0.296298
v 0.126949 0.010205 0.435618
v 0.104071 0.002594 0.371023
v 0.124317 0.001199 0.373353
v 0.133006 0.007832 0.380335
v 0.135876 0.008376 0.398588
v 0.139392 0.007002 0.385242
v 0.141320 0.007341 0.405473
v 0.135959 0.004641 0.379421
v 0.119865 0.002901 0.359796
v 0.142790 0.005953 0.372342
v 0.147747 0.003006 0.355047
v 0.165422 0.006016 0.333284
v 0.178739 0.005007 0.309301
v 0.200499 0.003123 0.296734
v 0.203149 0.005937 0.311079
v 0.190841 0.007600 0.312144
v 0.217037 0.002505 0.298093
v 0.215448 0.007986 0.305895
v 0.195517 0.002996 0.277494
v 0.212170 0.002840 0.280091
v 0.222032 0.000889 0.285196
v 0.223366 0.007773 0.293163
v 0.225960 0.006218 0.284564
v 0.193235 0.003050 0.262014
v 0.192960 0.006963 0.246528
v 0.068191 0.027882 0.386795
v 0.051110 0.027738 0.390717
v 0.072842 0.002619 0.421819
v 0.067610 0.002292 0.400001
v 0.090220 0.002618 0.342785
v 0.061529 0.003077 0.361410
v 0.054849 0.002558 0.332545
v 0.069339 0.002667 0.315985
v 0.070433 0.005778 0.286126
v 0.095496 0.005988 0.274363
v 0.118603 0.007780 0.280205
v 0.121171 0.004114 0.287319
v 0.118563 0.001928 0.436379
v 0.083770 0.001751 0.433351
v 0.121329 0.009102 0.439038
v 0.113289 0.007220 0.438492
v 0.126545 0.002588 0.430430
v 0.132107 0.004678 0.427038
v 0.133874 0.008680 0.426566
v 0.276781 0.013540 0.307521
v 0.286777 0.007525 0.309897
v 0.285272 0.005400 0.311202
v 0.274664 0.010061 0.308098
v 0.309175 0.003090 0.007880
v 0.320394 0.003049 0.011804
v 0.330744 0.002515 0.015746
v 0.344814 0.012745 -0.007459
v 0.338289 0.005749 0.020375
v 0.340779 0.020395 -0.012892
v 0.321356 0.002915 -0.020494
v 0.303186 0.003708 -0.019247
v 0.296947 0.003050 -0.053850
v 0.294941 0.003249 0.004523
v 0.280445 0.006488 0.000959
v 0.294125 0.007343 -0.020532
v 0.285566 0.006422 -0.048858
v 0.262333 0.026628 0.250510
v 0.177629 0.033304 0.260729
v 0.145458 0.054446 0.278568
v 0.222924 0.029775 0.178339
v 0.222566 0.025972 0.183721
v 0.227566 0.026550 0.194227
v 0.239841 0.034542 0.214697
v 0.238150 0.033356 0.221920
v 0.261118 0.036286 0.217393
v 0.261373 0.036602 0.215787
v 0.327173 0.011700 0.183207
v 0.317295 0.037246 -0.063812
v 0.302873 0.053286 -0.088809
v 0.288044 0.054171 -0.077618
v 0.276530 0.050598 -0.077181
v 0.285581 0.040753 -0.057719
v 0.277642 0.044247 -0.109328
v 0.263516 0.044116 -0.102503
v 0.250904 0.050696 -0.102276
v 0.242388 0.058461 -0.120374
v 0.240474 0.058834 -0.097145
v 0.261055 0.054948 -0.120414
v 0.258666 0.058132 -0.143759
v 0.228699 0.058838 -0.137274
v 0.256233 0.054004 -0.158118
v 0.223413 0.055756 -0.148661
v 0.213071 0.056658 -0.169096
v 0.216116 0.060298 -0.157728
v 0.274842 0.048391 -0.141697
v 0.282307 0.038458 -0.134085
v 0.275865 0.046893 -0.125256
v 0.280112 0.037752 -0.119747
v 0.273539 0.042094 -0.113980
v 0.277884 0.038017 -0.115587
v 0.262796 0.044114 -0.105772
v 0.279869 0.031399 -0.121259
v 0.278499 0.033887 -0.119459
v 0.288209 0.043726 -0.113569
v 0.315120 0.042314 -0.098836
v 0.298001 0.036835 -0.117547
v 0.313110 0.032102 -0.122697
v 0.323848 0.029462 -0.136884
v 0.319658 0.016384 -0.171961
v 0.321235 0.010468 -0.166165
v 0.319996 0.012257 -0.194765
v 0.318505 0.015318 -0.187675
v 0.308465 0.014000 -0.195932
v 0.311686 0.012196 -0.202773
v 0.300628 0.013160 -0.212230
v 0.296955 0.014681 -0.204567
v 0.322835 0.011159 -0.201480
v 0.314870 0.010411 -0.210238
v 0.303309 0.009803 -0.219707
v 0.285075 0.017068 -0.226707
v 0.315596 0.005783 -0.211044
v 0.299710 0.003321 -0.216508
v 0.309209 0.009055 -0.206085
v 0.294070 0.005251 -0.210017
v 0.277731 0.002825 -0.213900
v 0.265875 0.003156 -0.214954
v 0.287987 0.005844 -0.202625
v 0.273027 0.003077 -0.206315
v 0.302107 0.012125 -0.199695
v 0.296530 0.012694 -0.192703
v 0.314634 0.012566 -0.196024
v 0.309698 0.014506 -0.189251
v 0.292276 0.011578 -0.183883
v 0.323135 0.010226 -0.192131
v 0.319742 0.011652 -0.185683
v 0.320464 0.008021 -0.201767
v 0.327617 0.006870 -0.197923
v 0.324916 0.008465 -0.205596
v 0.282585 0.022975 -0.218760
v 0.279965 0.026982 -0.208872
v 0.293917 0.016877 -0.197316
v 0.276037 0.027526 -0.199042
v 0.291243 0.019041 -0.189400
v 0.261156 0.036757 -0.204979
v 0.247461 0.036984 -0.197908
v 0.304394 0.017331 -0.168396
v 0.353139 0.022747 -0.174119
v 0.341948 0.021465 -0.179444
v 0.321083 0.014901 -0.273159
v 0.317968 0.015511 -0.263363
v 0.304371 0.018130 -0.269179
v 0.311556 0.016924 -0.281327
v 0.318927 0.016325 -0.252101
v 0.302409 0.021060 -0.257756
v 0.299365 0.022523 -0.249841
v 0.306088 0.023579 -0.273173
v 0.296548 0.038580 -0.259898
v 0.254720 0.030628 -0.173592
v 0.261282 0.024049 -0.168265
v 0.188206 0.021888 -0.224229
v 0.182820 0.021350 -0.228845
v 0.179427 0.021556 -0.232911
v 0.177956 0.029071 -0.240917
v 0.181115 0.014788 -0.227214
v 0.187546 0.015263 -0.221568
v 0.197489 0.021420 -0.219180
v 0.197263 0.014671 -0.216915
v 0.207825 0.009099 -0.212017
v 0.205213 0.002003 -0.213754
v 0.196754 0.009158 -0.214112
v 0.190561 0.009720 -0.216130
v 0.212864 0.020132 -0.213852
v 0.221707 0.020349 -0.205400
v 0.215842 0.009976 -0.212433
v 0.196022 0.029698 -0.221248
v 0.205275 0.030928 -0.214169
v 0.136327 0.061959 -0.248229
v 0.133603 0.067523 -0.244829
v 0.118378 0.068387 -0.252176
v 0.117935 0.072038 -0.246517
v 0.137630 0.059457 -0.255293
v 0.119738 0.069801 -0.256127
v 0.105177 0.074785 -0.247572
v 0.179702 0.021306 -0.232194
v 0.174156 0.019982 -0.248096
v 0.137583 0.059687 -0.255174
v 0.173689 0.030442 -0.262482
v 0.149091 0.031150 -0.291761
v 0.140012 0.030294 -0.297178
v 0.129390 0.032617 -0.302849
v 0.137930 0.025997 -0.309192
v 0.123108 0.025242 -0.319112
v 0.114093 0.030060 -0.319125
v 0.111130 0.021079 -0.312632
v 0.120042 0.017911 -0.315118
v 0.119369 0.045118 -0.302098
v 0.100999 0.032085 -0.319994
v 0.085188 0.031864 -0.323914
v 0.098236 0.022232 -0.312163
v 0.217131 0.054311 -0.216549
v 0.232782 0.049128 -0.192564
v 0.193482 0.069623 -0.185551
v 0.167397 0.073583 -0.203368
v 0.151183 0.080812 -0.215059
v 0.214901 0.041424 -0.173665
v 0.205441 0.031576 -0.214195
v 0.200384 0.048271 -0.190671
v 0.197245 0.043339 -0.207666
v 0.179192 0.057546 -0.205294
v 0.174466 0.055231 -0.214236
v 0.188170 0.036538 -0.219413
v 0.202842 0.028294 -0.218094
v 0.164139 0.069485 -0.207943
v 0.156064 0.073661 -0.212543
v 0.220146 0.039532 -0.173552
v 0.216163 0.042336 -0.170854
v 0.223147 0.036933 -0.173165
v 0.223855 0.038393 -0.168899
v 0.219527 0.042359 -0.169134
v 0.222853 0.036513 -0.168086
v 0.224299 0.036239 -0.168918
v 0.243259 0.011203 -0.154589
v 0.245350 0.017842 -0.159815
v 0.254391 0.017424 -0.158251
v 0.227387 0.036195 -0.160160
v 0.230669 0.003646 -0.182781
v 0.242719 0.004583 -0.181277
v 0.264069 0.016858 -0.160942
v 0.261731 0.022598 -0.166456
v 0.260977 0.004787 -0.169790
v 0.229869 0.002156 -0.226658
v 0.239434 0.003036 -0.224642
v 0.205469 0.002142 -0.288874
v 0.199560 0.004951 -0.292292
v 0.207201 0.001848 -0.277615
v 0.204518 0.002005 -0.297042
v 0.195550 0.001485 -0.301791
v 0.191682 0.001847 -0.301419
v 0.202078 0.002261 -0.302229
v 0.194904 0.007219 -0.304222
v 0.260184 0.003018 -0.236531
v 0.252932 0.002633 -0.243624
v 0.178240 0.008846 -0.228357
v 0.174207 0.020056 -0.247995
v 0.173437 0.009608 -0.255973
v 0.179005 0.003067 -0.263386
v 0.176330 0.008336 -0.263619
v 0.193649 0.003003 -0.244540
v 0.232778 0.003114 -0.250338
v 0.199190 0.009539 -0.212966
v 0.173215 0.009585 -0.255959
v 0.178852 0.013379 -0.270079
v 0.182610 0.010140 -0.274588
v 0.265195 0.005701 -0.091633
v 0.265340 0.007388 -0.097813
v 0.285140 0.006771 -0.116910
v 0.294999 0.003026 -0.151018
v 0.306756 0.007321 -0.160336
v 0.334835 0.003267 -0.155184
v 0.348904 0.004805 -0.144808
v 0.352959 0.015663 -0.137298
v 0.351288 0.014483 -0.193966
v 0.348765 0.017658 -0.188150
v 0.191248 0.001586 -0.301009
v 0.243051 0.003096 -0.283321
v 0.231739 0.002252 -0.271586
v 0.209722 0.001983 -0.277227
v 0.238156 0.001598 -0.262727
v 0.118019 0.003112 -0.325926
v 0.106875 0.003128 -0.336730
v 0.092384 0.003086 -0.352725
v 0.078767 0.002937 -0.370946
v 0.083615 0.003115 -0.339930
v 0.066902 0.003027 -0.357562
v 0.048067 0.003056 -0.362197
v 0.055288 0.003088 -0.372782
v 0.068183 0.003001 -0.386002
v 0.082579 0.005648 -0.400397
v 0.047565 0.003030 -0.386167
v 0.061726 0.003294 -0.397264
v 0.042209 0.004259 -0.396075
v 0.054689 0.008459 -0.405749
v 0.034996 0.007273 -0.405717
v 0.045697 0.007920 -0.414612
v 0.055966 0.009448 -0.423934
v 0.036388 0.007539 -0.425305
v 0.091730 0.007890 -0.420451
v 0.098068 0.008035 -0.422722
v 0.104567 0.007540 -0.424734
v 0.042636 0.002890 -0.354015
v 0.041695 0.003887 -0.344206
v 0.012976 0.019815 -0.343573
v 0.012259 0.025813 -0.333469
v -0.004497 0.028249 -0.332663
v -0.006586 0.023584 -0.337532
v -0.014133 0.029122 -0.331957
v -0.014891 0.025176 -0.336040
v -0.023477 0.029130 -0.332239
v -0.021973 0.025054 -0.336291
v -0.016073 0.034681 -0.326120
v -0.006260 0.037077 -0.326698
v -0.006664 0.002265 -0.325087
v 0.006083 0.004629 -0.447418
v 0.003861 0.006503 -0.449550
v 0.017983 0.003887 -0.462117
v 0.035259 0.003005 -0.466928
v 0.056052 0.005656 -0.460972
v 0.062050 0.019397 -0.441932
v 0.069219 0.010149 -0.445241
v 0.067015 0.001218 -0.444395
v 0.072475 0.011463 -0.431475
v 0.072838 0.002835 -0.432673
v 0.065765 0.009428 -0.432503
v 0.060467 0.011156 -0.443531
v 0.056800 0.016028 -0.430909
v 0.051508 0.017680 -0.440819
v 0.059971 0.013795 -0.420973
v 0.062120 0.011852 -0.412902
v 0.051900 0.018227 -0.411167
v 0.066211 0.017518 -0.417400
v 0.056244 0.022588 -0.413955
v 0.043775 0.020277 -0.404370
v 0.045725 0.022849 -0.409553
v 0.055554 0.025119 -0.424657
v 0.052479 0.025578 -0.437736
v 0.065566 0.019762 -0.428560
v 0.006115 0.013813 -0.448958
v -0.003269 0.009429 -0.430030
v 0.002531 0.016147 -0.430258
v -0.000913 0.003750 -0.428774
v 0.029444 0.027552 -0.324002
v 0.017963 0.016211 -0.406829
v 0.022538 0.016304 -0.405173
v -0.007437 0.026351 -0.332546
v -0.004738 0.024360 -0.332915
v -0.000109 0.022517 -0.334089
v -0.000545 0.029233 -0.334437
v -0.006275 0.034497 -0.326520
v -0.019630 0.037028 -0.326649
v 0.154430 0.018475 -0.333151
v 0.158433 0.018682 -0.340707
v 0.157462 0.014851 -0.346002
v 0.153459 0.016286 -0.336122
v 0.164757 0.143910 -0.097114
v 0.207500 0.088222 -0.076267
v 0.229075 0.060373 -0.101297
v 0.192284 0.089198 -0.110412
v 0.219363 0.068250 -0.121868
v 0.194186 0.083515 -0.128306
v 0.213724 0.070584 -0.134128
v 0.193758 0.078574 -0.145612
v 0.209093 0.070528 -0.145425
v 0.193410 0.067959 -0.165284
v 0.211196 0.064695 -0.157780
v 0.165869 0.092184 -0.155380
v 0.166491 0.080473 -0.180066
v 0.133004 0.107764 -0.177548
v 0.117672 0.121594 -0.177584
v 0.115837 0.108559 -0.183613
v 0.128370 0.103262 -0.181209
v 0.177131 0.092315 -0.137029
v 0.185130 0.092501 -0.110992
v 0.219675 0.076854 -0.057370
v 0.203089 0.090470 -0.063542
v 0.204779 0.089921 -0.051882
v 0.221494 0.075481 -0.041057
v 0.206520 0.089186 -0.054952
v 0.203307 0.091058 -0.057731
v 0.119551 0.069009 -0.252796
v 0.134384 0.084338 -0.219043
v 0.129407 0.085597 -0.222128
v 0.132741 0.089459 -0.209948
v 0.116779 0.103228 -0.197446
v 0.078470 0.100165 -0.222967
v 0.082795 0.121175 -0.179046
v 0.082594 0.095683 -0.234712
v 0.080065 0.102903 -0.221306
v 0.083903 0.109816 -0.202582
v 0.081508 0.115847 -0.191361
v 0.077602 0.091936 -0.259108
v 0.095684 0.098222 -0.269334
v 0.100163 0.082633 -0.262102
v 0.133977 0.058600 -0.261719
v 0.130556 0.042610 -0.289818
v 0.127941 0.034278 -0.302165
v 0.121586 0.042682 -0.300255
v 0.117685 0.047902 -0.304446
v 0.138378 0.036142 -0.289208
v 0.139362 0.029051 -0.299098
v 0.134915 0.046679 -0.284263
v 0.143192 0.042246 -0.285469
v 0.064878 0.077360 -0.278797
v 0.035730 0.143068 -0.166983
v 0.035641 0.146103 -0.164239
v 0.002863 0.165520 -0.176611
v -0.002137 0.174159 -0.157336
v 0.000130 0.168236 -0.135929
v 0.001269 0.171556 -0.126677
v -0.044687 0.185490 -0.107336
v -0.051838 0.191053 -0.096791
v -0.059776 0.192802 -0.086853
v -0.051428 0.176138 -0.116624
v -0.064336 0.177823 -0.106103
v -0.035749 0.189214 -0.106289
v -0.027881 0.184252 -0.114993
v -0.027789 0.192530 -0.105356
v -0.020977 0.188544 -0.111764
v -0.024223 0.172414 -0.126772
v -0.049207 0.172395 -0.123687
v -0.036772 0.172310 -0.140166
v -0.048814 0.171733 -0.124937
v -0.009314 0.209878 0.032771
v 0.002534 0.212887 0.021792
v -0.000730 0.228116 0.027228
v -0.008336 0.215238 0.032578
v -0.014079 0.214997 0.034266
v -0.015727 0.206296 0.034999
v 0.038070 0.203679 -0.017190
v 0.045332 0.203657 -0.019712
v 0.034241 0.201592 -0.025116
v 0.045638 0.202240 -0.025006
v 0.022532 0.208279 -0.025035
v 0.015211 0.208450 -0.018664
v 0.009533 0.212520 -0.023610
v 0.022068 0.211332 -0.032746
v 0.089110 0.181269 0.003967
v 0.081243 0.187728 -0.015732
v 0.015128 0.218656 -0.027899
v 0.011954 0.220381 -0.030067
v 0.123762 0.175784 0.017259
v 0.132464 0.149753 -0.085335
v 0.111777 0.157418 -0.063162
v 0.102377 0.165593 -0.076122
v 0.132403 0.150575 -0.079604
v 0.114921 0.157011 -0.056221
v 0.170471 0.139922 -0.096015
v 0.170860 0.143549 -0.089233
v 0.166385 0.149344 -0.077032
v 0.161429 0.149999 -0.085405
v 0.178486 0.139438 -0.085172
v 0.175894 0.136599 -0.095042
v 0.172620 0.145680 -0.075641
v 0.159939 0.097013 -0.152928
v 0.159759 0.074201 -0.204793
v 0.248687 0.018895 -0.158516
v 0.257084 0.018297 -0.157052
v 0.254444 0.043270 -0.240906
v 0.253941 0.043032 -0.241943
v -0.276419 0.047296 -0.166892
v -0.403185 0.015271 0.085716
v -0.120306 0.012205 -0.448021
v 0.159803 0.075474 0.190643
v -0.073477 0.175815 0.092892
v 0.031545 0.155875 0.132947
v 0.070232 0.194847 0.012393
v 0.073821 0.193186 0.018948
v -0.182078 0.077614 0.192013
v 0.169589 0.066199 0.185181
v 0.165365 0.067903 0.187624
v -0.070339 0.188603 0.077006
v -0.322312 0.026740 0.174358
v -0.007683 0.051532 -0.316672
v -0.006675 0.052395 -0.314976
v -0.008923 0.050816 -0.313776
v -0.010018 0.049903 -0.316354
v -0.007464 0.048187 -0.320467
v -0.005864 0.051488 -0.318334
v -0.004670 0.053703 -0.316728
v -0.003042 0.054203 -0.314396
v -0.005184 0.053104 -0.312664
v -0.003182 0.054113 -0.310110
v -0.004260 0.053742 -0.308970
v -0.006972 0.052155 -0.310864
v -0.001261 0.054678 -0.311693
v -0.001646 0.054484 -0.307956
v -0.001713 0.054368 -0.305775
v -0.005730 0.053344 -0.306980
v -0.009159 0.050894 -0.309008
v -0.010984 0.049595 -0.313355
v -0.012060 0.048651 -0.314428
v -0.011362 0.048829 -0.316326
v 0.001451 0.054260 -0.305102
v -0.000003 0.054484 -0.308637
v 0.207585 0.086184 -0.045117
v 0.207842 0.085728 -0.044419
v 0.209056 0.085181 -0.044170
v 0.208227 0.085692 -0.044346
v 0.206937 0.086573 -0.045435
v 0.206724 0.086232 -0.044648
v 0.206972 0.086222 -0.044001
v 0.206698 0.086717 -0.045552
v 0.205544 0.086860 -0.043713
v 0.205620 0.087365 -0.046081
v 0.205795 0.086665 -0.044884
v 0.207919 0.085368 -0.042300
v 0.206697 0.085944 -0.041424
v 0.209126 0.084562 -0.040586
v 0.208134 0.085076 -0.039802
v 0.209240 0.085196 -0.042824
v 0.210297 0.084097 -0.041481
v 0.210191 0.084708 -0.043669
v 0.211572 0.084236 -0.042316
v 0.110343 0.009882 -0.390021
v 0.089185 0.011486 -0.406266
v 0.087054 0.007839 -0.419518
v 0.116317 0.007260 -0.422603
v 0.115801 0.007578 -0.414427
v 0.100320 0.011168 -0.390491
v 0.094163 0.011452 -0.393135
v 0.083610 0.007418 -0.390686
v 0.098610 0.007850 -0.393184
v 0.109313 0.008084 -0.393065
v 0.106729 0.013005 -0.395540
v 0.114622 0.007890 -0.392242
v 0.118827 0.007661 -0.386728
v 0.096980 0.012885 -0.409788
v 0.082100 0.007425 -0.408864
v 0.090929 0.012085 -0.400154
v 0.102636 0.013923 -0.401865
v 0.081114 0.007380 -0.398738
v 0.100584 0.007579 -0.425488
v 0.099158 0.007154 -0.408908
v 0.106401 0.012534 -0.413427
v 0.117962 0.010780 -0.413569
v 0.118128 0.007784 -0.411695
v 0.110703 0.007419 -0.425494
v 0.113488 0.011490 -0.414586
v 0.116488 0.007705 -0.405683
v 0.109979 0.007248 -0.409601
v 0.115060 0.007905 -0.398651
v 0.108770 0.007432 -0.399110
v 0.098356 0.007258 -0.399214
v 0.120391 0.007833 -0.404240
v 0.120728 0.008559 -0.400044
v 0.121083 0.009326 -0.395605
v 0.121685 0.010688 -0.399970
v 0.118003 0.011390 -0.398108
v 0.119855 0.010066 -0.393862
v 0.122134 0.009347 -0.394917
v 0.115577 0.012318 -0.403879
v 0.114697 0.012316 -0.396921
v 0.117571 0.010787 -0.392804
v 0.110966 0.013157 -0.403030
v 0.115349 0.011367 -0.391656
v 0.121369 0.009630 -0.394540
v 0.115618 0.011847 -0.391504
v 0.121205 0.009164 -0.394472
v 0.116082 0.010506 -0.390451
v 0.121766 0.009380 -0.393888
v 0.121621 0.008993 -0.393843
v 0.116323 0.010822 -0.390273
v 0.122172 0.008767 -0.393010
v 0.116859 0.010042 -0.389337
v 0.122740 0.008533 -0.392150
v 0.117363 0.009309 -0.388457
v 0.123260 0.008319 -0.391364
v 0.117808 0.008662 -0.387680
v 0.123516 0.008214 -0.390976
v 0.117957 0.008304 -0.387368
v 0.123320 0.008404 -0.391338
v 0.117717 0.008586 -0.387763
v 0.122830 0.008712 -0.392143
v 0.117213 0.009177 -0.388591
v 0.122290 0.009051 -0.393028
v 0.116661 0.009826 -0.389500
v 0.128111 0.008384 -0.394432
v 0.128656 0.008544 -0.400922
v 0.123819 0.007872 -0.389685
v 0.120264 0.010758 -0.404778
v 0.126123 0.008147 -0.392233
v 0.125190 0.009157 -0.396239
v 0.128715 0.008486 -0.396939
v 0.128676 0.008524 -0.399572
v 0.124411 0.009593 -0.399611
v 0.124443 0.009655 -0.402858
v 0.121735 0.009522 -0.394856
v 0.120990 0.010141 -0.399318
v -0.012498 0.045657 -0.320727
v -0.009368 0.045355 -0.320925
v -0.008677 0.047899 -0.320291
v -0.010419 0.048026 -0.319435
v -0.015072 0.043456 -0.321238
v -0.013492 0.042137 -0.322594
v -0.011563 0.042830 -0.321789
v -0.009198 0.042968 -0.321552
v -0.013977 0.045942 -0.318383
v -0.016338 0.043707 -0.320297
v -0.011484 0.048012 -0.318262
v -0.012348 0.048021 -0.316471
v -0.015178 0.045773 -0.316357
v -0.008359 0.050001 -0.318033
v -0.009355 0.049897 -0.317183
v -0.010083 0.049821 -0.316562
v -0.007454 0.050096 -0.318805
v -0.007542 0.047452 -0.319405
v -0.007143 0.050190 -0.319027
v -0.008570 0.047655 -0.318250
v -0.008061 0.050161 -0.318197
v -0.009703 0.048090 -0.317127
v -0.009143 0.050128 -0.317219
v -0.011033 0.049091 -0.316392
v -0.010107 0.050099 -0.316347
v -0.010440 0.046682 -0.316930
v -0.012008 0.048030 -0.316439
v -0.011347 0.045490 -0.317012
v -0.012985 0.046967 -0.316487
v -0.012319 0.044327 -0.317079
v -0.013969 0.045896 -0.316535
v -0.009805 0.044236 -0.317828
v -0.010673 0.042762 -0.317622
v -0.008820 0.043387 -0.319858
v -0.009654 0.041625 -0.319528
v -0.009230 0.045793 -0.318032
v -0.008103 0.045210 -0.319926
v -0.009052 0.040898 -0.321169
v -0.010366 0.040044 -0.322833
v -0.012317 0.039607 -0.323520
v -0.015512 0.040284 -0.322934
v -0.014064 0.039216 -0.324135
v -0.016795 0.041230 -0.321870
v -0.017215 0.041428 -0.321491
v -0.013618 0.041540 -0.320804
v -0.015865 0.040286 -0.322570
v -0.008381 0.041169 -0.322314
v -0.014080 0.038776 -0.323997
v -0.011277 0.042346 -0.319711
v -0.010934 0.042403 -0.319663
v -0.011143 0.042523 -0.319416
v -0.010806 0.042329 -0.319815
v -0.018002 0.038407 -0.324449
v -0.020034 0.039140 -0.323852
v -0.017778 0.042549 -0.320610
v -0.015986 0.039331 -0.323516
v -0.013240 0.036769 -0.325196
v -0.017826 0.036656 -0.325346
v -0.022060 0.036908 -0.325882
v -0.017322 0.035270 -0.326010
v -0.023970 0.034962 -0.327630
v -0.008867 0.034164 -0.326146
v -0.023658 0.024480 -0.337376
v -0.023346 0.025064 -0.336469
v -0.023588 0.026448 -0.334436
v -0.024005 0.026320 -0.334762
v -0.022936 0.024454 -0.337279
v -0.023146 0.026144 -0.334742
v -0.023129 0.026689 -0.334320
v -0.023456 0.026915 -0.334093
v -0.022972 0.026623 -0.334396
v -0.023306 0.027219 -0.333880
v -0.023758 0.027404 -0.333666
v -0.023998 0.026971 -0.333965
v -0.023245 0.027612 -0.333584
v -0.023576 0.027730 -0.333439
v -0.023124 0.027743 -0.333501
v -0.023478 0.027907 -0.333317
v -0.023144 0.027939 -0.333345
v -0.023776 0.027372 -0.333687
v 0.007150 0.015832 -0.415393
v 0.005637 0.015816 -0.418998
v 0.007092 0.016691 -0.419348
v 0.004070 0.015645 -0.422493
v 0.007595 0.017684 -0.423957
v 0.001899 0.014486 -0.425909
v 0.005646 0.015821 -0.429432
v 0.009533 0.016959 -0.434117
v 0.011595 0.018548 -0.428242
v 0.002578 0.013911 -0.434200
v 0.005208 0.014056 -0.438647
v 0.000867 0.013935 -0.427533
v 0.026149 0.024460 -0.430494
v 0.019860 0.023232 -0.429672
v 0.027243 0.026374 -0.423354
v 0.023340 0.027097 -0.421080
v 0.026422 0.024937 -0.428715
v 0.023676 0.024729 -0.428358
v 0.023203 0.023885 -0.430108
v 0.021036 0.024258 -0.427905
v 0.025289 0.026736 -0.422216
v 0.024820 0.026012 -0.424524
v 0.026985 0.025922 -0.425038
v 0.022940 0.026181 -0.423981
v 0.022227 0.025297 -0.426116
v 0.024315 0.025476 -0.426510
v 0.026699 0.025423 -0.426902
v 0.026094 0.024700 -0.429234
v 0.019409 0.023656 -0.428376
v 0.023202 0.020749 -0.433669
v 0.015878 0.018891 -0.434682
v 0.022141 0.024083 -0.428727
v 0.020975 0.022090 -0.431480
v 0.024467 0.022476 -0.431730
v 0.017812 0.021502 -0.431227
v 0.020119 0.019967 -0.434095
v 0.023641 0.020501 -0.434141
v 0.026457 0.025340 -0.429313
v 0.017637 0.020809 -0.434342
v 0.019148 0.024311 -0.428384
v 0.024467 0.021921 -0.432725
v 0.022395 0.021914 -0.432129
v 0.021754 0.020598 -0.434204
v 0.023911 0.024981 -0.428990
v 0.023393 0.023520 -0.430545
v 0.025410 0.023540 -0.431109
v 0.019939 0.020691 -0.434265
v 0.020366 0.021943 -0.432148
v 0.018174 0.022055 -0.432221
v 0.018681 0.023230 -0.430223
v 0.020938 0.023192 -0.430212
v 0.021333 0.024618 -0.428662
v -0.000584 0.011056 -0.397829
v 0.001969 0.010287 -0.396392
v 0.000973 0.010202 -0.393217
v -0.003239 0.011592 -0.396853
v -0.000058 0.009637 -0.387679
v -0.007107 0.010932 -0.387318
v -0.000529 0.009274 -0.384650
v -0.008105 0.009830 -0.381544
v -0.012713 0.009096 -0.376994
v -0.017667 0.009804 -0.379570
v -0.016245 0.010384 -0.384511
v -0.016131 0.012029 -0.389172
v -0.025909 0.011309 -0.387985
v -0.028452 0.009237 -0.379347
v 0.254009 0.038085 -0.233332
v 0.251637 0.038094 -0.234689
v 0.253748 0.043246 -0.236081
v 0.255554 0.040018 -0.233424
v 0.254590 0.036375 -0.231774
v 0.252027 0.035099 -0.232195
v 0.256937 0.037545 -0.231389
v 0.249622 0.033906 -0.232064
v 0.248775 0.037840 -0.235444
v 0.246238 0.032236 -0.231164
v 0.245810 0.037578 -0.236226
v 0.240256 0.031690 -0.233684
v 0.243692 0.037390 -0.236785
v 0.384229 0.014942 -0.175245
v 0.382753 0.016121 -0.172965
v 0.376522 0.015096 -0.176942
v 0.379508 0.017295 -0.177599
v 0.378789 0.018501 -0.173494
v 0.382516 0.014410 -0.182030
v 0.379192 0.016108 -0.182696
v 0.381063 0.013552 -0.181027
v 0.380309 0.018437 -0.167439
v 0.377300 0.016893 -0.171136
v 0.379089 0.015026 -0.175604
v 0.377691 0.019660 -0.169366
v 0.377925 0.013949 -0.181421
v 0.374647 0.016408 -0.174340
v 0.374554 0.014855 -0.180306
v 0.371055 0.016175 -0.178152
v 0.368282 0.017681 -0.175440
v 0.363777 0.017474 -0.180201
v 0.367019 0.015965 -0.183092
v 0.370892 0.014587 -0.185398
v 0.372283 0.017895 -0.171625
v 0.370289 0.020246 -0.169337
v 0.365946 0.019249 -0.173029
v 0.375464 0.018267 -0.168979
v 0.373926 0.020516 -0.166572
v 0.373118 0.021697 -0.165308
v 0.368825 0.021973 -0.168106
v 0.370696 0.022336 -0.169438
v 0.365787 0.022499 -0.172915
v 0.364570 0.021449 -0.171603
v 0.375931 0.020437 -0.165405
v 0.372970 0.021041 -0.172880
v 0.379047 0.020115 -0.164257
v 0.374139 0.020053 -0.175893
v 0.368874 0.021141 -0.178695
v 0.367556 0.022150 -0.175818
v 0.362535 0.021636 -0.181291
v 0.360994 0.022587 -0.178337
v 0.359061 0.022898 -0.174741
v 0.354539 0.021140 -0.180531
v 0.350723 0.022250 -0.177310
v 0.350840 0.022072 -0.177133
v 0.358874 0.021559 -0.173855
v 0.355289 0.020611 -0.180929
v 0.361104 0.019130 -0.176933
v 0.358007 0.019424 -0.185716
v 0.361897 0.016270 -0.189698
v 0.367303 0.013859 -0.193905
v 0.372868 0.013667 -0.194227
v 0.375158 0.013595 -0.186661
v 0.377613 0.012263 -0.193267
v 0.379232 0.012792 -0.187161
v 0.380997 0.011213 -0.192535
v 0.381018 0.012613 -0.188296
v 0.378028 0.012106 -0.192843
v 0.378235 0.014608 -0.187858
v 0.375092 0.012988 -0.193147
v 0.375102 0.015545 -0.188424
v 0.375320 0.017562 -0.183617
v 0.371490 0.016189 -0.189420
v 0.370723 0.018570 -0.185432
v 0.369901 0.019930 -0.181955
v 0.374955 0.018830 -0.179937
v 0.366267 0.018413 -0.187238
v 0.364439 0.020151 -0.184289
v 0.361569 0.017214 -0.189705
v 0.358980 0.018660 -0.187253
v 0.356459 0.020068 -0.183851
v 0.367658 0.016218 -0.190685
v 0.363865 0.015513 -0.192401
v 0.368949 0.013640 -0.194497
v 0.366138 0.013659 -0.195281
v 0.372263 0.013617 -0.193573
v 0.362016 0.020206 -0.184795
v 0.350441 0.023047 -0.174755
v 0.348483 0.022631 -0.177709
v 0.358557 0.019803 -0.188456
v 0.362326 0.017138 -0.197372
v 0.377500 0.017532 -0.190838
v 0.345551 0.021723 -0.167807
v 0.342375 0.022024 -0.171588
v 0.337012 0.017474 -0.163365
v 0.330228 0.014737 -0.170692
v 0.352731 0.022379 -0.162888
v 0.339161 0.016314 -0.155136
v 0.361723 0.020926 -0.154872
v 0.350748 0.016150 -0.146902
v 0.372925 0.016873 -0.145149
v 0.363737 0.015378 -0.139760
v 0.374801 0.015564 -0.142028
v 0.365336 0.014797 -0.137922
v 0.374723 0.017428 -0.147734
v 0.377769 0.016345 -0.145462
v 0.377607 0.018320 -0.151881
v 0.379793 0.017797 -0.152187
v 0.384640 0.016638 -0.152867
v 0.382887 0.015345 -0.146175
v 0.388254 0.015519 -0.152562
v 0.385572 0.014820 -0.146549
v 0.389103 0.017072 -0.165574
v 0.391852 0.015697 -0.159324
v 0.354622 0.023447 -0.168268
v 0.363686 0.025133 -0.169307
v 0.376087 0.022902 -0.158885
v 0.377426 0.021765 -0.178871
v 0.378384 0.022677 -0.172141
v 0.363228 0.022536 -0.177620
v 0.354362 0.023282 -0.168277
v 0.367049 0.020313 -0.151565
v 0.377873 0.018399 -0.151437
v 0.381638 0.016734 -0.152459
v 0.383033 0.019600 -0.157952
v 0.372656 0.015585 -0.145624
v 0.384732 0.018189 -0.170589
v 0.367893 0.020431 -0.185002
v 0.382391 0.018380 -0.181194
v 0.374816 0.018215 -0.190554
v 0.389708 0.016440 -0.165803
v 0.386861 0.016573 -0.157847
v 0.384302 0.015556 -0.153181
v 0.352666 0.022159 -0.162899
v 0.358984 0.018120 -0.150849
v 0.461087 0.019466 0.064936
v 0.480840 0.019779 0.060878
v 0.471996 0.019562 0.074113
v 0.447419 0.007705 0.074208
v 0.483112 0.013103 0.066781
v 0.467077 0.018065 0.053440
v 0.492924 0.014187 0.060968
v 0.461308 0.011858 0.045943
v 0.473363 0.015293 0.088367
v 0.449182 0.014654 0.072701
v 0.462882 0.007659 0.046228
v 0.472487 0.007371 0.093186
v 0.474150 0.005929 0.095902
v 0.444009 0.005884 0.074545
v 0.461440 0.004666 0.043927
v 0.497678 0.004213 0.062600
v 0.360618 0.015369 0.035562
v 0.343862 0.015810 0.050451
v 0.367174 0.015109 0.043972
v 0.351552 0.015875 0.055182
v 0.345650 0.010734 0.047732
v 0.344875 0.009021 0.037169
v 0.349285 0.007519 0.058974
v 0.364808 0.009004 0.045555
v 0.374632 0.012488 0.045484
v 0.363302 0.013177 0.027559
v 0.342588 0.014092 0.031425
v 0.350632 0.016407 0.039463
v 0.360612 0.016232 0.049646
v 0.336238 0.013640 0.053282
v 0.350908 0.013796 0.063157
v 0.367485 0.013176 0.057704
v 0.338762 0.006654 0.050749
v 0.355296 0.010577 0.037750
v 0.332986 0.003471 0.053578
v 0.340244 0.003090 0.030389
v 0.362308 0.004992 0.029962
v 0.350158 0.002287 0.065164
v 0.357597 0.009808 0.054246
v 0.365743 0.004288 0.058379
v 0.371745 0.004315 0.045200
v 0.365180 0.006725 0.024395
v 0.376760 0.006585 0.044902
v 0.369648 0.006901 0.060781
v 0.350070 0.008477 0.067685
v 0.332544 0.009241 0.054160
v 0.338647 0.008095 0.027398
v 0.179014 0.029976 0.254150
v 0.183143 0.035066 0.256883
v 0.175046 0.030115 0.257495
v 0.177744 0.033048 0.259868
v 0.180289 0.031548 0.254994
v 0.179169 0.031438 0.256050
v 0.177803 0.030019 0.255171
v 0.181098 0.034301 0.258014
v 0.180431 0.033063 0.256984
v 0.181722 0.033313 0.255942
v 0.176507 0.030064 0.256264
v 0.177747 0.031277 0.257147
v 0.176084 0.031243 0.258408
v 0.176894 0.032124 0.259121
v 0.178686 0.032403 0.257937
v 0.179317 0.033636 0.258998
v 0.277427 0.020167 0.104748
v 0.277302 0.012502 0.107958
v 0.274282 0.010731 0.102723
v 0.278482 0.018514 0.100433
v 0.285222 0.012775 0.107794
v 0.283684 0.013429 0.115045
v 0.284877 0.013449 0.101961
v 0.278055 0.017875 0.095942
v 0.281289 0.016233 0.095071
v 0.276816 0.019238 0.089308
v 0.278657 0.018112 0.088425
v 0.275125 0.020423 0.080008
v 0.276461 0.019053 0.077899
v 0.274909 0.020269 0.090372
v 0.273841 0.021739 0.082036
v 0.272646 0.012228 0.094002
v 0.252827 0.004351 0.300726
v 0.254145 0.003728 0.301983
v 0.254132 0.005042 0.301872
v 0.255586 0.003046 0.303358
v 0.255459 0.005745 0.303037
v 0.256791 0.002477 0.304506
v 0.257236 0.004204 0.304785
v 0.256873 0.006493 0.304279
v 0.258605 0.004888 0.305990
v 0.257972 0.007076 0.305244
v 0.260023 0.005659 0.307173
v 0.259142 0.007696 0.306272
v 0.261603 0.007002 0.308211
v 0.260458 0.008392 0.307427
v 0.258605 0.003813 0.306071
v 0.260818 0.003941 0.307728
v 0.263005 0.005298 0.309171
v 0.261130 0.002403 0.307957
v 0.264405 0.003596 0.310131
v 0.258249 0.001788 0.305896
v 0.094859 0.008373 0.353473
v 0.096813 0.007308 0.363102
v 0.094492 0.001544 0.349611
v 0.096377 0.001206 0.358561
v 0.094699 0.005399 0.351791
v 0.095329 0.004864 0.354653
v 0.095442 0.008055 0.356349
v 0.096091 0.007702 0.359547
v 0.095962 0.004551 0.357695
v 0.096563 0.003808 0.360497
v 0.095201 0.001417 0.352977
v 0.095820 0.001306 0.355913
v -0.000089 0.009969 0.436782
v -0.007424 0.009653 0.456807
v 0.002194 0.012876 0.441420
v -0.005988 0.012080 0.456284
v 0.000283 0.009635 0.439227
v 0.005311 0.009176 0.439127
v 0.007031 0.008885 0.442525
v 0.001221 0.009025 0.446215
v -0.002463 0.009969 0.442706
v -0.003059 0.009496 0.459556
v -0.002703 0.012264 0.458813
v -0.006407 0.009417 0.452388
v -0.000785 0.009079 0.455773
v -0.005136 0.012658 0.452465
v 0.001552 0.009464 0.461035
v 0.005899 0.009391 0.460474
v 0.010793 0.010287 0.466896
v 0.002661 0.012238 0.461996
v 0.006942 0.014333 0.443331
v 0.011535 0.012514 0.437416
v 0.009011 0.011826 0.435757
v -0.002905 0.013056 0.447501
v 0.002576 0.014556 0.449181
v -0.004649 0.009783 0.447967
v -0.000290 0.013828 0.454152
v 0.004921 0.014101 0.456519
v 0.007602 0.015119 0.451559
v 0.011326 0.015094 0.445693
v 0.010823 0.013789 0.459813
v 0.012801 0.014989 0.454284
v 0.015970 0.015459 0.447957
v 0.019027 0.013774 0.441074
v 0.015045 0.013475 0.439369
v 0.017374 0.014448 0.456171
v 0.020409 0.014811 0.449742
v 0.022805 0.013471 0.442235
v 0.023944 0.010239 0.433857
v 0.020690 0.010682 0.433050
v 0.025724 0.013046 0.451676
v 0.027653 0.012189 0.443026
v 0.025793 0.009925 0.434394
v 0.028259 0.009426 0.442797
v 0.025500 0.010008 0.434727
v 0.023017 0.009213 0.441492
v 0.021249 0.010803 0.434406
v 0.017004 0.009271 0.439947
v 0.014346 0.010468 0.434270
v 0.010741 0.009145 0.438560
v 0.014501 0.010082 0.433032
v 0.018337 0.010460 0.433157
v 0.018574 0.008888 0.446976
v 0.013216 0.008909 0.444922
v 0.018119 0.009030 0.454112
v 0.013466 0.008915 0.451648
v 0.007575 0.008857 0.449063
v 0.013044 0.009404 0.458453
v 0.006900 0.008988 0.454511
v 0.000728 0.008952 0.451435
v 0.012711 0.010894 0.465838
v 0.016914 0.009594 0.460939
v 0.014695 0.011169 0.466926
v 0.020614 0.009909 0.462909
v 0.017885 0.010663 0.468314
v 0.021925 0.010956 0.463598
v 0.018684 0.010044 0.468409
v 0.018848 0.012027 0.462644
v 0.016216 0.010292 0.467224
v 0.014967 0.012871 0.461427
v 0.012795 0.011526 0.465621
v 0.021515 0.013215 0.457627
v 0.024807 0.011416 0.458761
v 0.027893 0.009628 0.452275
v 0.022454 0.009438 0.456802
v 0.023712 0.009093 0.449619
v 0.029694 0.009471 0.441175
v 0.029751 0.009721 0.446642
v 0.024972 0.011475 0.444889
v 0.029333 0.009836 0.451920
v 0.022505 0.011790 0.450069
v 0.026905 0.010291 0.457088
v 0.020712 0.011407 0.455755
v 0.013023 0.013065 0.455805
v 0.015088 0.013141 0.451235
v 0.009198 0.013803 0.454751
v 0.011019 0.013910 0.449045
v 0.005855 0.014448 0.453829
v 0.003507 0.015309 0.447022
v 0.019682 0.011337 0.460526
v 0.012924 0.012695 0.459575
v 0.019443 0.010930 0.466117
v 0.012820 0.012304 0.463551
v 0.025497 0.010324 0.461110
v 0.024533 0.010188 0.464959
v 0.018975 0.012440 0.412308
v 0.011899 0.015670 0.399316
v 0.013143 0.021509 0.407507
v 0.007242 0.022352 0.413791
v 0.010833 0.022870 0.405560
v -0.000738 0.019774 0.391301
v -0.003558 0.011979 0.411462
v 0.012899 0.010530 0.434742
v 0.011242 0.014558 0.440828
v 0.016382 0.012123 0.420943
v 0.009426 0.010905 0.422070
v 0.011306 0.012581 0.411571
v 0.015753 0.017777 0.409591
v 0.016371 0.016783 0.418951
v 0.003149 0.012255 0.411678
v 0.002346 0.014219 0.399125
v 0.015479 0.023430 0.404738
v 0.012728 0.019730 0.417744
v 0.014451 0.021186 0.397501
v -0.000141 0.022779 0.407317
v -0.008730 0.017260 0.419586
v -0.002348 0.015723 0.427401
v 0.017879 0.021177 0.402058
v 0.022644 0.018939 0.408579
v 0.018146 0.020408 0.414296
v 0.011944 0.021088 0.415026
v 0.010982 0.021045 0.405385
v -0.006078 0.020958 0.398454
v 0.005306 0.020841 0.396743
v -0.002657 0.015973 0.382556
v -0.011993 0.015942 0.389077
v 0.005981 0.015995 0.381010
v -0.005562 0.013416 0.403519
v 0.001063 0.010406 0.421747
v -0.007952 0.010629 0.417319
v -0.013037 0.012156 0.408303
v 0.017131 0.014649 0.429573
v 0.021911 0.010786 0.435246
v 0.018616 0.010948 0.440634
v 0.005023 0.010069 0.431946
v 0.009537 0.015022 0.447917
v 0.004035 0.015091 0.446470
v 0.004941 0.012901 0.440604
v 0.016758 0.012798 0.450502
v 0.011070 0.013659 0.448842
v 0.007688 0.016223 0.430417
v 0.001945 0.014750 0.435652
v 0.023499 0.011782 0.446735
v 0.024518 0.011689 0.443938
v 0.018483 0.013746 0.436490
v 0.013720 0.016175 0.429085
v 0.022505 0.011790 0.450069
v -0.021847 0.010965 0.409246
v -0.016086 0.016668 0.406599
v -0.020845 0.012759 0.397589
v -0.014756 0.008822 0.425262
v -0.003432 0.009660 0.428580
v 0.025772 0.011288 0.444141
v 0.024531 0.011695 0.445706
v 0.022769 0.011870 0.450441
v 0.014536 0.020809 0.414678
v 0.015606 0.023808 0.402423
v 0.015300 0.021266 0.397137
v 0.013180 0.016782 0.399053
v 0.019344 0.020574 0.413512
v 0.017409 0.019671 0.422051
v 0.018276 0.019609 0.421453
v 0.016823 0.019689 0.422321
v 0.018084 0.019587 0.421376
v 0.019663 0.018939 0.398916
v 0.025123 0.016008 0.399116
v 0.018769 0.020923 0.403488
v 0.015158 0.023149 0.399458
v 0.026429 0.016227 0.406272
v 0.022072 0.019067 0.408108
v 0.026593 0.016482 0.413267
v 0.019420 0.020228 0.413067
v 0.026491 0.016086 0.418916
v 0.018469 0.019477 0.421594
v 0.026445 0.015791 0.421590
v 0.022352 0.017238 0.424699
v 0.010046 0.016193 0.382181
v 0.011091 0.016012 0.381613
v 0.009157 0.016192 0.382219
v 0.011238 0.016065 0.382031
v 0.013601 0.010095 0.469926
v 0.015128 0.010506 0.467479
v 0.015353 0.009785 0.471616
v 0.011401 0.009713 0.472151
v 0.018787 0.010113 0.468530
v 0.018293 0.009780 0.470998
v 0.019831 0.010006 0.468824
v 0.152387 0.021367 0.369516
v 0.152000 0.021330 0.369805
v 0.151542 0.021157 0.369300
v 0.151930 0.021195 0.369009
v 0.255239 0.009520 0.299505
v 0.256179 0.011473 0.301503
v 0.254220 0.010374 0.302065
v 0.256877 0.012920 0.302985
v 0.255173 0.012410 0.304180
v 0.253295 0.011148 0.304386
v 0.253596 0.013559 0.306284
v 0.252173 0.012304 0.307180
v 0.251970 0.016192 0.309377
v 0.250563 0.015672 0.310994
v 0.254858 0.014263 0.305588
v 0.253237 0.016660 0.307920
v 0.256122 0.015178 0.304937
v 0.254522 0.017135 0.306444
v 0.217238 0.079355 0.047086
v 0.216264 0.080069 0.048211
v 0.215366 0.080755 0.048832
v 0.215723 0.080535 0.047730
v 0.215007 0.081050 0.048746
v 0.215467 0.080735 0.047839
v 0.205248 0.090419 0.055335
v 0.220701 0.079720 0.051457
v 0.212769 0.084718 0.057943
v 0.208420 0.087107 0.048452
v 0.210722 0.085843 0.053476
v 0.207768 0.088427 0.057431
v 0.222404 0.078198 0.054349
v 0.218117 0.080552 0.059004
v 0.215904 0.081711 0.062218
v 0.211593 0.085312 0.059780
v 0.221712 0.077775 0.061250
v 0.219411 0.078873 0.064783
v 0.224047 0.075775 0.063161
v 0.223099 0.076056 0.067030
v 0.224440 0.076342 0.057667
v 0.227026 0.073747 0.061017
v 0.093491 0.094592 0.235290
v 0.086318 0.095750 0.236410
v 0.092675 0.098136 0.241089
v 0.088488 0.097577 0.240411
v 0.093229 0.095729 0.237150
v 0.091385 0.095662 0.237074
v 0.091088 0.094980 0.235665
v 0.088704 0.095365 0.236037
v 0.089175 0.096002 0.237385
v 0.087138 0.096439 0.237921
v 0.091137 0.097931 0.240840
v 0.091431 0.096734 0.238881
v 0.092953 0.096928 0.239112
v 0.087861 0.097049 0.239255
v 0.089789 0.096648 0.238775
v 0.089971 0.097775 0.240651
v -0.074136 0.057535 0.259787
v -0.081942 0.056672 0.262489
v -0.074462 0.052476 0.265676
v -0.080785 0.052608 0.266601
v -0.074251 0.055746 0.261869
v -0.076422 0.055918 0.262147
v -0.076869 0.057233 0.260733
v -0.079436 0.056949 0.261622
v -0.078990 0.055595 0.263081
v -0.081563 0.055340 0.263836
v -0.076532 0.052519 0.265979
v -0.076547 0.054241 0.264103
v -0.074359 0.054070 0.263821
v -0.081186 0.054018 0.265175
v -0.078707 0.054232 0.264530
v -0.078540 0.052561 0.266272
v -0.029973 0.639430 0.004211
v -0.030111 0.639282 0.003158
v -0.029451 0.635749 0.003421
v -0.029519 0.637620 0.005113
v -0.030021 0.641693 0.006030
v -0.030296 0.641578 0.004362
v -0.030522 0.641483 0.002995
v -0.029409 0.636844 0.006658
v -0.029901 0.641465 0.007925
v -0.029479 0.637502 0.009545
v -0.030003 0.641896 0.009393
v -0.029442 0.637221 0.011402
v -0.030265 0.642974 0.011595
v -0.217940 0.009622 0.336839
v -0.281473 0.009668 0.306528
v -0.280046 0.008150 0.357747
v -0.216796 0.009401 0.321324
v -0.160467 0.009655 0.274629
v -0.225721 0.009697 0.269637
v -0.085333 0.009565 0.302769
v -0.090031 0.009693 0.320607
v -0.104872 0.009674 0.331795
v -0.084807 0.008763 0.288498
v -0.097199 0.008820 0.290268
v -0.143465 0.002149 0.320043
v -0.155569 0.003445 0.279063
v -0.194771 0.005606 0.273607
v -0.150289 0.003423 0.304808
v -0.083262 0.002051 0.293020
v -0.072433 0.009287 0.334922
v -0.086201 0.001306 0.342384
v -0.178876 0.003184 0.300536
v -0.235584 0.002727 0.313711
v -0.312370 0.008155 0.295567
v -0.316355 0.008944 0.302948
v -0.316521 0.008967 0.308572
v -0.286168 0.008705 0.304385
v -0.271911 0.005510 0.273475
v -0.238158 0.004081 0.240760
v -0.231047 0.004630 0.240668
v -0.219692 0.009638 0.237962
v -0.216952 0.004944 0.238294
v -0.192723 0.009707 0.327022
v -0.216684 0.009696 0.327948
v -0.243939 0.009602 0.331897
v -0.240913 0.009402 0.340205
v -0.195023 0.009707 0.336849
v -0.234884 0.004243 0.327319
v -0.178857 0.009783 0.324291
v -0.170686 0.009685 0.327564
v -0.172928 0.009691 0.325604
v -0.257522 0.008932 0.351237
v -0.256347 0.001938 0.351196
v -0.278346 0.009525 0.317294
v -0.255022 0.009701 0.303657
v -0.260838 0.009696 0.291463
v -0.266995 0.009618 0.281937
v -0.294696 0.009682 0.305162
v -0.280791 0.008638 0.352442
v -0.284276 0.008565 0.352341
v -0.287773 0.007451 0.354929
v -0.274092 0.008403 0.357618
v -0.277354 0.008709 0.352542
v -0.285925 0.006882 0.352772
v -0.273588 0.008382 0.357682
v -0.213680 0.001922 0.300375
v -0.200670 0.009322 0.313469
v -0.189916 0.009877 0.268601
v -0.190095 0.009738 0.278402
v -0.162307 0.009696 0.286812
v -0.144308 0.009026 0.271905
v -0.162914 0.010529 0.260552
v -0.170880 0.009616 0.264330
v -0.189189 0.010269 0.262323
v -0.213140 0.009625 0.258591
v -0.223021 0.009327 0.250588
v -0.239605 0.009597 0.258640
v -0.221928 0.009707 0.284259
v -0.189673 0.009709 0.291374
v -0.270764 0.009239 0.272745
v -0.073752 0.009325 0.298192
v -0.107091 0.009672 0.308518
v -0.068539 0.008842 0.315395
v -0.084095 0.009724 0.343901
v -0.104480 0.009098 0.347817
v -0.118122 0.009674 0.321658
v -0.128523 0.008448 0.332822
v -0.079255 0.002413 0.300523
v -0.090086 0.003022 0.294001
v -0.105038 0.008702 0.287328
v -0.119852 0.009277 0.283548
v -0.128555 0.009661 0.293428
v -0.144654 0.009090 0.325464
v -0.154345 0.010149 0.332444
v -0.161523 0.009679 0.331093
v -0.168432 0.009680 0.331977
v -0.168144 0.005324 0.323228
v -0.165930 0.003389 0.304750
v -0.133887 0.008966 0.322395
v -0.138660 0.009294 0.326128
v -0.150171 0.003463 0.292273
v -0.134110 0.002581 0.311212
v -0.173913 0.002503 0.275689
v -0.174962 0.008629 0.266098
v -0.167517 0.009822 0.262367
v -0.163359 0.010465 0.260764
v -0.148864 0.002857 0.270825
v -0.168482 0.003425 0.287744
v -0.191367 0.010554 0.263385
v -0.186546 0.003085 0.287230
v -0.199917 0.001566 0.288397
v -0.210138 0.003470 0.275708
v -0.089921 0.003150 0.298815
v -0.080728 0.002628 0.330880
v -0.076915 0.002549 0.314785
v -0.100866 0.002728 0.338953
v -0.095457 0.003505 0.326599
v -0.186863 0.009549 0.307288
v -0.249658 0.003717 0.298403
v -0.228395 0.003505 0.282501
v -0.241829 0.008989 0.332459
v -0.267879 0.008731 0.316635
v -0.312860 0.006383 0.291637
v -0.295539 0.005535 0.276348
v -0.295258 0.008739 0.294366
v -0.296287 0.008774 0.326524
v -0.304300 0.008758 0.322420
v -0.312211 0.007776 0.334723
v -0.308340 0.009209 0.333969
v -0.306564 0.009552 0.299261
v -0.283832 0.009210 0.324323
v -0.280728 0.008896 0.279415
v -0.276269 0.008647 0.294296
v -0.280904 0.003135 0.270312
v -0.272656 0.004273 0.267821
v -0.261977 0.002461 0.284456
v -0.248187 0.003428 0.259950
v -0.240336 0.003502 0.270078
v -0.252252 0.003949 0.250530
v -0.221534 0.003753 0.249733
v -0.231264 0.003561 0.252487
v -0.257716 0.009911 0.243315
v -0.213275 0.004940 0.245327
v -0.228798 0.008601 0.243968
v -0.214277 0.008509 0.245582
v -0.168460 0.009672 0.322901
v -0.188991 0.009706 0.317194
v -0.219099 0.009706 0.316356
v -0.165823 0.009678 0.311403
v -0.189202 0.009707 0.305801
v -0.220441 0.009707 0.301657
v -0.248950 0.009674 0.318706
v -0.271342 0.009441 0.327211
v -0.265310 0.009043 0.338650
v -0.262056 0.008991 0.346042
v -0.163745 0.009699 0.299031
v -0.142708 0.008600 0.324770
v -0.141643 0.009585 0.312226
v -0.136434 0.009662 0.305967
v -0.134124 0.008427 0.321922
v -0.138527 0.009914 0.326613
v -0.206992 0.009370 0.252318
v -0.206666 0.005381 0.251702
v -0.212386 0.003662 0.258924
v -0.223221 0.003536 0.262913
v -0.251745 0.009348 0.253967
v -0.272822 0.009272 0.268753
v -0.280151 0.009734 0.267896
v -0.285819 0.009263 0.267133
v -0.302763 0.009636 0.300929
v -0.301220 0.009494 0.331338
v -0.290732 0.009546 0.324510
v -0.282295 0.009338 0.334343
v -0.280538 0.009588 0.341134
v -0.279905 0.009699 0.345027
v -0.112591 0.003448 0.316665
v -0.106659 0.003417 0.304959
v -0.090805 0.003560 0.312339
v -0.121752 0.003088 0.324612
v -0.128900 0.002633 0.300641
v -0.123454 0.001794 0.291679
v -0.120328 0.008829 0.283203
v -0.171745 0.009567 0.264979
v -0.280682 0.008988 0.330323
v -0.264573 0.003340 0.354021
v -0.266746 0.008785 0.356820
v -0.275021 0.008877 0.345419
v -0.270885 0.008988 0.350489
v -0.271521 0.008964 0.342298
v -0.268200 0.008942 0.347404
v -0.262564 0.009132 0.344901
v -0.265570 0.009194 0.338389
v -0.275771 0.009047 0.336453
v -0.268747 0.009191 0.332631
v -0.280808 0.009216 0.330550
v -0.271300 0.009274 0.327135
v -0.279330 0.009299 0.343274
v -0.283027 0.009172 0.331681
v -0.283852 0.009140 0.324441
v -0.262757 0.008646 0.353489
v -0.267343 0.008636 0.356722
v -0.272945 0.008937 0.268389
v -0.256704 0.009161 0.244495
v -0.286007 0.009249 0.267189
v -0.257736 0.008918 0.250299
v -0.278003 0.009177 0.267920
v -0.275342 0.009500 0.262994
v -0.270767 0.009086 0.266259
v -0.256939 0.009029 0.247049
v -0.262028 0.009414 0.250130
v -0.263306 0.009788 0.246407
v -0.279510 0.009714 0.260999
v -0.260039 0.009034 0.252656
v -0.262756 0.009151 0.255627
v -0.265508 0.009480 0.253074
v -0.265428 0.009190 0.259319
v -0.268807 0.009520 0.256324
v -0.271733 0.009825 0.253057
v -0.267728 0.009871 0.249702
v -0.272034 0.009512 0.259478
v -0.275688 0.009773 0.256223
v -0.268034 0.009211 0.263160
v -0.298695 0.009594 0.263104
v -0.249188 0.009200 0.234977
v -0.268037 0.004472 0.257645
v -0.323214 0.006757 0.250989
v -0.320199 0.003820 0.254812
v -0.251599 0.001225 0.233219
v -0.333715 0.006678 0.193489
v -0.326160 0.004909 0.199533
v -0.339799 0.000793 0.190378
v -0.314586 0.008774 0.219160
v -0.313200 0.004838 0.211017
v -0.341377 0.009024 0.239183
v -0.354986 0.009657 0.222274
v -0.351551 0.009642 0.210997
v -0.373152 0.008832 0.216600
v -0.338891 0.007123 0.262570
v -0.283007 0.003505 0.232542
v -0.271220 0.003477 0.238230
v -0.292162 0.002445 0.260329
v -0.300594 0.009580 0.244830
v -0.298327 0.009675 0.237751
v -0.251572 0.009409 0.222330
v -0.284254 0.009652 0.232981
v -0.318092 0.008518 0.237516
v -0.323309 0.004645 0.258350
v -0.328510 0.008922 0.256121
v -0.315799 0.009091 0.213889
v -0.301685 0.009205 0.205775
v -0.301151 0.008925 0.207946
v -0.330528 0.006434 0.195388
v -0.331254 0.009503 0.196632
v -0.354126 0.008804 0.193473
v -0.355584 0.001712 0.194250
v -0.328302 0.008345 0.201476
v -0.328656 0.007932 0.192696
v -0.324818 0.008355 0.196599
v -0.309381 0.009570 0.201608
v -0.342118 0.009486 0.198447
v -0.332495 0.008325 0.197317
v -0.273295 0.001467 0.203679
v -0.314115 0.008497 0.214584
v -0.307391 0.008456 0.217846
v -0.310205 0.008645 0.225565
v -0.302505 0.009635 0.202446
v -0.359173 0.009513 0.199413
v -0.356267 0.009541 0.201758
v -0.335919 0.009253 0.240454
v -0.364089 0.008848 0.251052
v -0.335912 0.008951 0.262185
v -0.336593 0.009032 0.263796
v -0.366591 0.009572 0.220663
v -0.347297 0.009617 0.229463
v -0.343092 0.009556 0.210980
v -0.358658 0.009603 0.244243
v -0.363799 0.002409 0.249201
v -0.372922 0.002054 0.214977
v -0.334421 0.002906 0.261556
v -0.340339 0.002279 0.261066
v -0.346158 0.002536 0.258715
v -0.347459 0.002941 0.263058
v -0.363647 0.002287 0.253863
v -0.374627 0.002167 0.217580
v -0.357754 0.002232 0.191402
v -0.339711 0.003162 0.261298
v -0.372340 0.009494 0.221013
v -0.364535 0.009026 0.254629
v -0.344358 0.008450 0.260532
v -0.334009 0.009037 0.234386
v -0.332435 0.008979 0.211286
v -0.336684 0.009281 0.263878
v -0.335062 0.002616 0.261664
v -0.323484 0.001329 0.257239
v -0.341215 0.008876 0.263491
v -0.337112 0.008412 0.260710
v -0.301314 0.008618 0.208456
v -0.309851 0.008962 0.225949
v -0.320902 0.008829 0.224783
v -0.155583 0.009875 0.335728
v -0.157607 0.009707 0.338497
v -0.160466 0.009707 0.338063
v -0.158194 0.009792 0.333613
v -0.154306 0.010091 0.332203
v -0.151159 0.009706 0.335859
v -0.154600 0.009707 0.337684
v -0.146005 0.008946 0.326608
v -0.143477 0.009708 0.334619
v -0.139069 0.009420 0.326054
v -0.136293 0.009704 0.333311
v -0.134128 0.008468 0.322546
v -0.128090 0.008517 0.333536
v -0.161523 0.009679 0.331093
v -0.158461 0.007710 0.326319
v -0.163732 0.009707 0.337567
v -0.173594 0.009707 0.341099
v -0.169163 0.009707 0.334328
v -0.183894 0.009707 0.339402
v -0.182847 0.009707 0.342232
v -0.186142 0.009707 0.342859
v -0.186502 0.009707 0.340037
v -0.186964 0.009707 0.337316
v -0.183801 0.009707 0.336376
v -0.189617 0.009707 0.340699
v -0.189726 0.009707 0.337559
v -0.193266 0.009707 0.341278
v -0.192768 0.009707 0.337184
v -0.196746 0.009707 0.340994
v -0.194902 0.009707 0.336920
v -0.189241 0.009707 0.343554
v -0.193411 0.009707 0.344316
v -0.198649 0.009707 0.345196
v -0.131470 0.011046 0.388999
v -0.131173 0.009686 0.388731
v -0.139717 0.012134 0.402386
v -0.130095 0.010282 0.403966
v -0.129808 0.008599 0.402901
v -0.150729 0.009057 0.379140
v -0.142692 0.008978 0.381631
v -0.143824 0.007957 0.402613
v -0.135304 0.011349 0.389710
v -0.134590 0.011853 0.393305
v -0.130313 0.011161 0.392386
v -0.130811 0.008901 0.392459
v -0.132230 0.009159 0.384416
v -0.132662 0.009317 0.384590
v -0.135625 0.008175 0.393589
v -0.135422 0.008336 0.389709
v -0.134818 0.010534 0.384987
v -0.134617 0.010033 0.385380
v -0.142016 0.012472 0.400056
v -0.143526 0.011367 0.404414
v -0.138600 0.010808 0.406018
v -0.133610 0.010650 0.405436
v -0.135594 0.012202 0.401652
v -0.137346 0.012452 0.398204
v -0.131319 0.011601 0.400738
v -0.132749 0.008419 0.404278
v -0.128782 0.010596 0.400124
v -0.131828 0.008020 0.399914
v -0.151860 0.010141 0.385043
v -0.147730 0.010889 0.383437
v -0.146942 0.009697 0.379539
v -0.145482 0.008920 0.379122
v -0.148048 0.008674 0.382799
v -0.148911 0.008508 0.387058
v -0.142602 0.008748 0.378267
v -0.139400 0.009745 0.380782
v -0.136663 0.010217 0.383294
v -0.142522 0.008799 0.385295
v -0.147053 0.008460 0.404066
v -0.151172 0.009225 0.399765
v -0.145753 0.008040 0.399049
v -0.140553 0.007886 0.398244
v -0.139852 0.007859 0.402666
v -0.141920 0.008444 0.406107
v -0.146764 0.011759 0.401700
v -0.136273 0.007856 0.401582
v -0.136968 0.008364 0.405852
v -0.135863 0.007926 0.397151
v -0.131001 0.008364 0.396182
v -0.129004 0.011101 0.396190
v -0.132846 0.011949 0.397122
v -0.138848 0.012374 0.394734
v -0.139608 0.011965 0.391317
v -0.143874 0.012435 0.393620
v -0.143219 0.012638 0.397478
v -0.148676 0.012147 0.396933
v -0.149258 0.011903 0.392229
v -0.151762 0.009327 0.394676
v -0.143864 0.011916 0.389532
v -0.142771 0.011308 0.385824
v -0.148632 0.011542 0.387781
v -0.139899 0.011377 0.387394
v -0.152776 0.010213 0.389931
v -0.143543 0.010770 0.381747
v -0.143546 0.009571 0.378624
v -0.137169 0.010265 0.383670
v -0.140866 0.010300 0.380016
v -0.140476 0.008893 0.377108
v -0.140954 0.008811 0.378765
v -0.139318 0.009788 0.378964
v -0.138753 0.009235 0.378889
v -0.140242 0.009600 0.380009
v -0.148079 0.008317 0.391240
v -0.146877 0.008223 0.395152
v -0.141620 0.008194 0.390993
v -0.141174 0.007962 0.394637
v -0.142050 0.008479 0.387871
v -0.118752 0.009440 0.279788
v -0.115939 0.009739 0.276287
v -0.116749 0.009600 0.283609
v -0.122005 0.008886 0.283051
v -0.110115 0.009704 0.279211
v -0.112578 0.009437 0.284842
v -0.105872 0.009637 0.281806
v -0.108409 0.009046 0.286226
v -0.099743 0.009162 0.285212
v -0.104363 0.008556 0.287588
v -0.127184 0.007707 0.384232
v -0.138608 0.008012 0.372693
v -0.135025 0.010086 0.385128
v -0.140338 0.009826 0.380015
v -0.131333 0.008966 0.384706
v -0.133744 0.009149 0.382526
v -0.130905 0.008157 0.381614
v -0.136185 0.008310 0.376323
v -0.137594 0.008973 0.378302
v -0.139500 0.008947 0.376466
v -0.136204 0.010028 0.383994
v -0.139228 0.009880 0.381083
v -0.135641 0.009109 0.380543
v -0.137696 0.009955 0.382558
v -0.133982 0.008528 0.379449
v -0.436646 0.008284 0.071530
v -0.431211 0.008365 0.032865
v -0.466089 0.008278 0.063482
v -0.486881 0.007554 0.045184
v -0.415801 0.003103 0.044000
v -0.488792 0.004565 0.032443
v -0.402426 0.002338 0.085962
v -0.401241 0.006356 0.090330
v -0.414413 0.006553 0.081989
v -0.416885 0.005301 0.067994
v -0.393792 0.003085 0.066430
v -0.443483 0.000344 0.099779
v -0.446400 0.008493 0.092368
v -0.425806 0.008222 0.070957
v -0.451103 0.008314 0.080425
v -0.453155 0.008263 0.061616
v -0.438198 0.008255 0.055050
v -0.426117 0.008195 0.049431
v -0.442183 0.008307 0.035100
v -0.443920 0.008482 0.022026
v -0.429309 0.007940 0.025325
v -0.473302 0.008395 0.075338
v -0.483342 0.008317 0.057315
v -0.471913 0.008228 0.050427
v -0.457210 0.008245 0.042196
v -0.491765 0.008729 0.061438
v -0.494935 0.004968 0.042837
v -0.476759 0.007785 0.034111
v -0.426902 0.005601 0.022189
v -0.412560 0.006495 0.041369
v -0.394879 0.003681 0.032180
v -0.392831 0.003141 0.046970
v -0.487719 0.001239 0.031747
v -0.483699 0.002261 0.027076
v -0.486355 0.007012 0.029993
v -0.493119 0.006299 0.036202
v -0.493485 0.001536 0.041687
v -0.462532 0.008087 0.027570
v -0.473122 0.005152 0.018485
v -0.445019 0.004534 0.014282
v -0.363191 0.002258 0.046394
v -0.369094 0.002356 0.072486
v -0.366292 0.002773 0.032664
v -0.378091 0.002429 0.091960
v -0.379553 0.006049 0.099351
v -0.368384 0.006296 0.120425
v -0.495544 0.000647 0.063590
v -0.495758 0.001802 0.046806
v -0.498693 0.006549 0.063314
v -0.497070 0.008439 0.043445
v -0.481725 0.000612 0.089643
v -0.483056 0.006504 0.092180
v -0.439258 0.007064 0.100985
v -0.479393 0.008541 0.085488
v -0.412700 0.007753 0.002726
v -0.410570 0.007489 0.002970
v -0.409804 0.007672 0.005410
v -0.413876 0.008064 0.004024
v -0.415700 0.007637 0.000180
v -0.413229 0.007470 0.000584
v -0.411216 0.007334 0.000914
v -0.414820 0.008338 0.005244
v -0.418608 0.007834 -0.000296
v -0.408895 0.007889 0.008304
v -0.322629 0.004866 0.105034
v -0.324068 0.005587 0.108738
v -0.325196 0.003094 0.107740
v -0.325336 0.006222 0.112004
v -0.327829 0.002066 0.111238
v -0.327493 0.007101 0.115671
v -0.329786 0.002592 0.115021
v -0.330431 0.008127 0.119058
v -0.332374 0.002678 0.117544
v -0.333577 0.008458 0.121696
v -0.335561 0.002489 0.119453
v -0.337436 0.007539 0.123230
v -0.339085 0.002521 0.121356
v -0.341344 0.006608 0.124784
v -0.342679 0.002796 0.123089
v -0.345680 0.006240 0.125183
v -0.346191 0.003529 0.124134
v -0.347469 0.006134 0.125254
v -0.328122 0.009090 0.190485
v -0.322610 0.009430 0.192376
v -0.325546 0.008847 0.195947
v -0.320234 0.009277 0.196092
v -0.318501 0.009662 0.193779
v -0.313694 0.009660 0.195333
v -0.315476 0.009356 0.200119
v -0.320214 0.008508 0.202672
v -0.322850 0.008661 0.199735
v -0.309956 0.009656 0.196661
v -0.311183 0.009472 0.200680
v -0.306364 0.009648 0.198117
v -0.307309 0.009520 0.201525
v -0.303161 0.009727 0.197645
v -0.302649 0.009583 0.202700
v -0.299727 0.009885 0.195617
v -0.299110 0.009489 0.200829
v -0.298657 0.008680 0.206236
v -0.301316 0.008514 0.208266
v -0.295832 0.009413 0.199539
v -0.295813 0.008858 0.204064
v -0.296332 0.010042 0.193612
v -0.404088 0.011645 -0.016356
v -0.405727 0.014595 -0.017498
v -0.402917 0.013592 -0.019165
v -0.403350 0.008370 -0.015783
v -0.406866 0.021337 -0.027276
v -0.404060 0.020504 -0.029043
v -0.399812 0.019243 -0.031719
v -0.397208 0.014134 -0.026206
v -0.394038 0.016242 -0.034983
v -0.392847 0.012682 -0.029715
v -0.386518 0.010972 -0.035489
v -0.389266 0.009751 -0.031450
v -0.383072 0.006334 -0.034287
v -0.386928 0.006652 -0.031750
v -0.380449 0.011030 -0.039006
v -0.377531 0.006431 -0.038167
v -0.394658 0.019310 -0.042875
v -0.400678 0.022103 -0.039478
v -0.397863 0.012161 -0.024681
v -0.392102 0.010617 -0.029154
v -0.393186 0.010170 -0.028216
v -0.400015 0.011021 -0.021106
v -0.398282 0.011406 -0.023674
v -0.399270 0.013718 -0.024279
v -0.398279 0.014605 -0.025750
v -0.396444 0.013801 -0.026992
v -0.397129 0.012115 -0.024830
v -0.397643 0.011534 -0.023899
v -0.390125 0.011081 -0.031487
v -0.390831 0.012136 -0.031473
v -0.392507 0.012696 -0.030088
v -0.394020 0.013201 -0.028838
v -0.393687 0.010727 -0.027596
v -0.392369 0.010159 -0.028579
v -0.393536 0.010985 -0.028322
v -0.392403 0.010649 -0.029343
v -0.392364 0.010057 -0.028958
v -0.393886 0.010197 -0.027158
v -0.394631 0.010492 -0.026432
v -0.399315 0.010929 -0.022015
v -0.398959 0.011644 -0.022599
v -0.399964 0.011902 -0.021637
v -0.400342 0.012407 -0.021376
v -0.399950 0.012693 -0.022206
v -0.400709 0.010644 -0.020047
v -0.400812 0.012127 -0.020590
v -0.402258 0.008885 -0.017381
v -0.403354 0.009425 -0.016469
v -0.403404 0.008262 -0.015691
v -0.403172 0.009388 -0.016449
v -0.402950 0.010470 -0.017178
v -0.402234 0.010048 -0.017896
v -0.402740 0.011492 -0.017866
v -0.401812 0.010882 -0.018770
v -0.400912 0.009788 -0.019436
v -0.400978 0.010843 -0.019893
v -0.402521 0.012556 -0.018583
v -0.401608 0.012108 -0.019535
v -0.402372 0.013280 -0.019070
v -0.402081 0.013692 -0.019848
v -0.401723 0.014071 -0.020782
v -0.401397 0.014417 -0.021634
v -0.401132 0.014697 -0.022325
v -0.400801 0.015048 -0.023188
v -0.399624 0.013050 -0.023067
v -0.398735 0.011089 -0.022890
v -0.400359 0.015517 -0.024343
v -0.398268 0.011511 -0.023226
v -0.398418 0.014551 -0.025392
v -0.399210 0.014785 -0.024785
v -0.400182 0.014996 -0.023958
v -0.400948 0.014640 -0.022758
v -0.401727 0.014277 -0.021537
v -0.401060 0.012105 -0.020592
v -0.402498 0.013918 -0.020329
v -0.402130 0.012296 -0.019569
v -0.402138 0.011148 -0.018843
v -0.402097 0.010187 -0.018288
v -0.403217 0.012654 -0.018630
v -0.403263 0.011576 -0.017909
v -0.403307 0.010540 -0.017216
v -0.403177 0.013602 -0.019265
v -0.397646 0.014322 -0.025984
v -0.396660 0.014030 -0.026740
v -0.395244 0.011520 -0.026453
v -0.395966 0.013824 -0.027273
v -0.394616 0.010934 -0.026739
v -0.395219 0.013602 -0.027847
v -0.395000 0.013187 -0.028021
v -0.393709 0.012700 -0.029129
v -0.391980 0.012048 -0.030613
v -0.404922 0.010298 -0.186261
v -0.393677 0.017037 -0.193110
v -0.412175 0.015867 -0.181285
v -0.390825 0.018108 -0.161054
v -0.385804 0.010421 -0.182387
v -0.392310 0.009059 -0.159005
v -0.381990 0.017958 -0.165638
v -0.401562 0.010138 -0.166912
v -0.395771 0.011463 -0.186308
v -0.398860 0.012333 -0.175737
v -0.409366 0.009884 -0.178332
v -0.414411 0.006194 -0.181846
v -0.408155 0.007414 -0.192672
v -0.393886 0.008561 -0.195928
v -0.404075 0.016459 -0.189042
v -0.390305 0.019768 -0.178087
v -0.380496 0.015897 -0.185320
v -0.394423 0.010771 -0.198527
v -0.408910 0.009756 -0.193450
v -0.375672 0.008888 -0.189344
v -0.403043 0.018559 -0.169394
v -0.415759 0.009832 -0.182500
v -0.410578 0.012504 -0.164563
v -0.390277 0.012795 -0.153639
v -0.374539 0.012829 -0.162919
v -0.378912 0.008672 -0.186691
v -0.386661 0.010249 -0.170154
v -0.376461 0.008209 -0.166599
v -0.391114 0.006328 -0.152606
v -0.407850 0.008269 -0.164023
v -0.390466 0.006403 -0.150655
v -0.412106 0.006821 -0.162897
v -0.370665 0.006120 -0.163036
v -0.378228 0.009717 -0.043757
v -0.378564 0.009569 -0.044373
v -0.380630 0.011098 -0.038983
v -0.379938 0.010386 -0.039386
v -0.379416 0.010400 -0.041396
v -0.378758 0.009939 -0.040980
v -0.377626 0.009296 -0.043404
v -0.377773 0.009095 -0.043822
v -0.378859 0.009201 -0.041541
v -0.379261 0.009984 -0.041841
v -0.380123 0.010210 -0.038703
v -0.379620 0.009746 -0.039079
v -0.378496 0.008473 -0.041200
v -0.379266 0.009034 -0.038737
v -0.377915 0.007887 -0.040810
v -0.378913 0.008323 -0.038396
v -0.377099 0.008690 -0.043353
v -0.376423 0.008286 -0.042883
v -0.375766 0.007892 -0.042426
v -0.377293 0.007494 -0.040328
v -0.376736 0.007142 -0.039896
v -0.378360 0.007212 -0.037862
v -0.378587 0.007667 -0.038081
v -0.375217 0.007563 -0.042043
v -0.375285 0.007660 -0.042029
v -0.376631 0.007426 -0.039829
v -0.377067 0.008152 -0.040036
v -0.378808 0.007912 -0.037978
v -0.378395 0.007190 -0.037750
v -0.375743 0.007980 -0.042298
v -0.376345 0.008401 -0.042652
v -0.377514 0.008891 -0.040244
v -0.378101 0.009480 -0.040613
v -0.379681 0.009438 -0.038460
v -0.379242 0.008671 -0.038217
v -0.376986 0.008849 -0.043029
v -0.357687 0.017169 -0.098364
v -0.357738 0.016620 -0.097997
v -0.357945 0.017039 -0.096742
v -0.357201 0.018387 -0.097724
v -0.356156 0.018084 -0.098939
v -0.356360 0.016734 -0.099951
v -0.357496 0.016133 -0.099455
v -0.357531 0.037327 -0.066005
v -0.358128 0.031917 -0.063941
v -0.362339 0.032765 -0.061062
v -0.362394 0.038281 -0.062670
v -0.362544 0.041115 -0.063369
v -0.359918 0.041655 -0.065983
v -0.357251 0.043774 -0.068955
v -0.353217 0.039737 -0.069503
v -0.351571 0.034891 -0.069106
v -0.353784 0.030317 -0.066436
v -0.342411 0.037665 -0.075684
v -0.354647 0.026488 -0.064828
v -0.358136 0.026105 -0.061805
v -0.361066 0.025783 -0.059265
v -0.361615 0.045205 -0.065968
v -0.360051 0.046576 -0.068574
v -0.362713 0.044243 -0.064137
v -0.348015 0.016099 -0.057299
v -0.342741 0.020978 -0.066197
v -0.354861 0.017861 -0.057438
v -0.345768 0.021057 -0.065937
v -0.351214 0.016923 -0.057364
v -0.350426 0.017778 -0.059151
v -0.347328 0.016877 -0.058763
v -0.344609 0.019584 -0.063760
v -0.345977 0.020094 -0.064339
v -0.344002 0.021068 -0.066216
v -0.353025 0.018791 -0.059789
v -0.347253 0.020700 -0.064916
v -0.347727 0.019379 -0.062669
v -0.349292 0.020209 -0.063514
v -0.349157 0.018674 -0.061096
v -0.351279 0.019675 -0.062025
v -0.345876 0.018524 -0.061862
v -0.346620 0.017680 -0.060274
v -0.332774 0.021170 -0.076064
v -0.333519 0.020818 -0.077710
v -0.332147 0.020958 -0.077951
v -0.334276 0.020461 -0.079382
v -0.331475 0.020730 -0.079974
v -0.330839 0.020514 -0.081889
v -0.332603 0.020332 -0.081600
v -0.333023 0.019841 -0.084298
v -0.330985 0.019884 -0.085465
v -0.334820 0.019144 -0.086752
v -0.333268 0.018695 -0.090187
v -0.335685 0.019797 -0.082493
v -0.336215 0.019547 -0.083664
v -0.335026 0.020108 -0.081038
v -0.328405 0.018737 -0.187236
v -0.333595 0.020687 -0.192698
v -0.330298 0.019604 -0.187052
v -0.333030 0.019891 -0.187403
v -0.331629 0.019744 -0.187223
v -0.331013 0.019717 -0.189981
v -0.332020 0.019488 -0.183925
v -0.333277 0.019780 -0.184553
v -0.332702 0.019765 -0.186151
v -0.331968 0.019721 -0.186408
v -0.330797 0.018996 -0.183193
v -0.331923 0.019056 -0.181856
v -0.332884 0.019409 -0.182262
v -0.333942 0.019798 -0.182709
v -0.330556 0.018831 -0.182697
v -0.331898 0.019046 -0.181845
v -0.330905 0.019159 -0.176949
v -0.332119 0.016949 -0.179394
v -0.329113 0.016437 -0.175865
v -0.328839 0.017613 -0.181755
v -0.331273 0.018488 -0.177691
v -0.330126 0.018368 -0.177971
v -0.330392 0.018380 -0.176639
v -0.330974 0.017181 -0.180218
v -0.330513 0.018043 -0.179250
v -0.331686 0.017737 -0.178522
v -0.329812 0.017498 -0.176288
v -0.329582 0.017611 -0.177904
v -0.329022 0.016827 -0.177818
v -0.328930 0.017223 -0.179804
v -0.329412 0.017845 -0.179672
v -0.329866 0.017405 -0.181016
v -0.317109 0.004437 -0.138481
v -0.317362 0.004296 -0.131912
v -0.317108 0.007360 -0.138594
v -0.317231 0.006613 -0.133360
v -0.317169 0.004403 -0.136914
v -0.317143 0.005607 -0.137074
v -0.317108 0.005775 -0.138533
v -0.317281 0.005724 -0.132805
v -0.317238 0.005489 -0.134135
v -0.317295 0.004333 -0.133652
v -0.317141 0.007157 -0.137172
v -0.317202 0.006785 -0.134569
v -0.317170 0.006983 -0.135953
v -0.317185 0.005463 -0.135578
v -0.317234 0.004367 -0.135243
v -0.332998 0.019551 -0.186539
v -0.333909 0.019635 -0.182549
v -0.330298 0.019604 -0.187052
v -0.328517 0.018104 -0.180468
v -0.331947 0.019571 -0.186738
v -0.331803 0.019160 -0.184792
v -0.333313 0.019580 -0.185160
v -0.333620 0.019608 -0.183814
v -0.331969 0.019146 -0.183339
v -0.332218 0.019155 -0.181896
v -0.329713 0.019111 -0.184888
v -0.330669 0.019103 -0.184757
v -0.331173 0.019587 -0.186885
v -0.330516 0.018672 -0.181239
v -0.330361 0.018692 -0.182789
v -0.329115 0.018607 -0.182678
v -0.331317 0.011746 -0.175131
v -0.336568 0.017417 -0.175689
v -0.337822 0.013810 -0.165462
v -0.339542 0.016990 -0.169883
v -0.333179 0.012362 -0.171316
v -0.334593 0.014010 -0.172087
v -0.333140 0.013714 -0.175324
v -0.334864 0.015576 -0.175508
v -0.336112 0.015818 -0.173032
v -0.337612 0.017863 -0.174453
v -0.338388 0.014747 -0.166694
v -0.336299 0.014540 -0.169548
v -0.335097 0.012980 -0.168061
v -0.338850 0.017591 -0.171936
v -0.337459 0.015947 -0.170672
v -0.339039 0.015823 -0.168108
v -0.320394 0.002319 -0.219118
v -0.322604 0.002228 -0.221440
v -0.319120 0.002426 -0.222110
v -0.324279 0.002159 -0.223200
v -0.317890 0.002528 -0.224998
v -0.322452 0.002298 -0.226234
v -0.322621 0.002395 -0.229661
v -0.318272 0.002587 -0.230263
v -0.317321 0.002599 -0.227918
v -0.326139 0.002177 -0.226285
v -0.326508 0.002407 -0.229635
v -0.326872 0.002635 -0.232936
v -0.322839 0.002604 -0.232699
v -0.319172 0.002576 -0.232483
v -0.217995 0.009828 -0.300543
v -0.219636 0.002904 -0.302579
v -0.209482 0.009561 -0.299138
v -0.212194 0.003379 -0.301044
v -0.215432 0.009747 -0.300120
v -0.215903 0.007703 -0.300677
v -0.218489 0.007744 -0.301156
v -0.219045 0.005397 -0.301846
v -0.216511 0.005447 -0.301351
v -0.216789 0.003086 -0.301992
v -0.210554 0.007119 -0.299891
v -0.213060 0.007653 -0.300198
v -0.212479 0.009655 -0.299632
v -0.214554 0.003229 -0.301531
v -0.214016 0.005601 -0.300841
v -0.211459 0.005056 -0.300527
v -0.238662 0.009951 -0.383606
v -0.221991 0.009637 -0.399518
v -0.215826 0.009533 -0.383161
v -0.223698 0.009980 -0.397435
v -0.213350 0.009460 -0.389111
v -0.222104 0.012861 -0.394459
v -0.219761 0.011248 -0.396341
v -0.219273 0.010221 -0.392985
v -0.207561 0.009018 -0.380460
v -0.208229 0.009297 -0.383642
v -0.215697 0.008851 -0.371199
v -0.214822 0.007769 -0.369511
v -0.212923 0.003549 -0.371321
v -0.215953 0.008916 -0.371333
v -0.212854 0.011088 -0.389285
v -0.209696 0.010051 -0.385253
v -0.210812 0.009772 -0.383706
v -0.215346 0.007696 -0.369486
v -0.215945 0.008901 -0.371309
v -0.240978 0.010415 -0.390023
v -0.233138 0.009800 -0.389506
v -0.232355 0.009771 -0.382908
v -0.233058 0.010839 -0.373866
v -0.242988 0.010164 -0.378522
v -0.248186 0.010416 -0.386295
v -0.216203 0.009048 -0.399531
v -0.215624 0.010381 -0.396274
v -0.224599 0.009717 -0.400747
v -0.221274 0.010175 -0.396809
v -0.216332 0.009039 -0.397008
v -0.228265 0.010135 -0.401239
v -0.228926 0.010690 -0.397539
v -0.227756 0.009707 -0.404086
v -0.213401 0.009797 -0.382726
v -0.217251 0.010022 -0.385870
v -0.220303 0.010669 -0.382657
v -0.219595 0.009889 -0.379089
v -0.222963 0.009836 -0.392507
v -0.228176 0.009851 -0.390728
v -0.230432 0.011318 -0.397726
v -0.218074 0.010006 -0.387968
v -0.220074 0.012167 -0.387630
v -0.220202 0.012907 -0.385687
v -0.224875 0.013829 -0.393005
v -0.221762 0.013317 -0.390333
v -0.222130 0.013449 -0.388108
v -0.222981 0.013197 -0.389584
v -0.218458 0.012371 -0.387412
v -0.213494 0.010590 -0.385015
v -0.216355 0.009943 -0.392549
v -0.219669 0.010640 -0.391302
v -0.220279 0.012429 -0.393672
v -0.216697 0.011596 -0.392254
v -0.221541 0.010328 -0.385886
v -0.210567 0.009911 -0.378858
v -0.210770 0.009935 -0.379934
v -0.205414 0.008383 -0.383565
v -0.207621 0.009020 -0.382003
v -0.208607 0.009304 -0.381305
v -0.209734 0.009824 -0.384440
v -0.226498 0.009806 -0.383709
v -0.223487 0.009948 -0.375466
v -0.212896 0.010683 -0.390325
v -0.211821 0.009327 -0.394993
v -0.210092 0.006312 -0.396063
v -0.212589 0.010262 -0.391152
v -0.212749 0.007063 -0.398534
v -0.208559 0.004854 -0.395678
v -0.212659 0.007853 -0.396786
v -0.223846 0.011604 -0.388210
v -0.240343 0.010027 -0.397009
v -0.232058 0.012398 -0.387305
v -0.231102 0.009794 -0.374291
v -0.217008 0.007822 -0.378335
v -0.234351 0.009186 -0.395455
v -0.239805 0.009700 -0.396555
v -0.210713 0.009924 -0.379850
v -0.209178 0.003622 -0.399094
v -0.208199 0.007221 -0.395262
v -0.208722 0.004173 -0.396452
v -0.212297 0.006962 -0.376543
v -0.241435 0.008481 -0.384706
v -0.220909 0.009121 -0.367601
v -0.220888 0.011099 -0.404173
v -0.213860 0.007900 -0.395006
v -0.226298 0.008271 -0.366558
v -0.235487 0.010310 -0.404669
v -0.214059 0.012061 -0.393797
v -0.240573 0.012945 -0.380256
v -0.236082 0.008282 -0.378623
v -0.236400 0.012802 -0.376018
v -0.237753 0.008182 -0.389992
v -0.233181 0.007905 -0.385180
v -0.244993 0.009227 -0.394120
v -0.242579 0.009231 -0.395974
v -0.246005 0.011424 -0.386224
v -0.248531 0.009349 -0.391941
v -0.226395 0.008165 -0.372531
v -0.223082 0.007923 -0.378503
v -0.217159 0.008495 -0.374044
v -0.228540 0.010632 -0.369816
v -0.217376 0.010304 -0.372854
v -0.223069 0.008667 -0.409083
v -0.228970 0.011611 -0.408997
v -0.224826 0.012187 -0.402251
v -0.214785 0.010408 -0.401271
v -0.214549 0.008406 -0.403157
v -0.218729 0.012532 -0.397352
v -0.217505 0.007927 -0.399186
v -0.209516 0.008099 -0.396107
v -0.213845 0.007922 -0.388888
v -0.219617 0.007754 -0.391873
v -0.208930 0.008500 -0.387361
v -0.243758 0.012571 -0.386223
v -0.222100 0.012701 -0.375518
v -0.234623 0.008146 -0.400388
v -0.239448 0.009378 -0.402854
v -0.238959 0.010067 -0.404648
v -0.227854 0.007500 -0.403735
v -0.229025 0.007608 -0.397800
v -0.240850 0.011643 -0.399937
v -0.236546 0.013168 -0.396780
v -0.209746 0.010224 -0.395237
v -0.222853 0.013923 -0.392722
v -0.217111 0.013155 -0.389124
v -0.210747 0.011055 -0.387244
v -0.235696 0.015128 -0.385796
v -0.239690 0.014146 -0.390993
v -0.231789 0.015351 -0.381635
v -0.231572 0.014673 -0.391785
v -0.228249 0.013445 -0.397819
v -0.227020 0.015018 -0.387573
v -0.227061 0.014242 -0.378369
v -0.221831 0.014079 -0.384007
v -0.216049 0.012301 -0.381093
v -0.211651 0.010149 -0.379365
v -0.214177 0.008255 -0.381037
v -0.220927 0.007786 -0.384762
v -0.228584 0.007830 -0.381879
v -0.226001 0.007719 -0.388129
v -0.223880 0.007700 -0.394915
v -0.230643 0.007770 -0.391354
v -0.222735 0.007798 -0.402415
v -0.227531 0.012299 -0.408594
v -0.235347 0.008080 -0.394856
v -0.240729 0.009219 -0.399450
v -0.248390 0.010978 -0.400280
v -0.247060 0.012036 -0.403609
v -0.245674 0.010258 -0.405872
v -0.244358 0.008571 -0.408020
v -0.246126 0.009881 -0.403052
v -0.248561 0.009336 -0.399564
v -0.243805 0.012051 -0.395723
v -0.250546 0.008983 -0.398094
v -0.247960 0.010768 -0.392611
v -0.250903 0.009313 -0.397604
v -0.249079 0.009761 -0.398274
v -0.231511 0.008168 -0.375728
v -0.232371 0.012029 -0.372796
v -0.231619 0.009992 -0.401035
v -0.229434 0.010773 -0.397982
v -0.234783 0.010544 -0.395612
v -0.240179 0.010000 -0.396847
v -0.245707 0.009304 -0.396019
v -0.240491 0.008940 -0.403997
v -0.234112 0.008698 -0.409218
v -0.227489 0.009772 -0.404596
v -0.251607 0.008700 -0.396196
v -0.247408 0.008560 -0.402219
v -0.248416 0.009676 -0.386262
v -0.253780 0.008710 -0.386340
v -0.245467 0.009960 -0.381174
v -0.251505 0.008747 -0.377968
v -0.241364 0.010424 -0.377638
v -0.245079 0.008835 -0.371872
v -0.235995 0.010627 -0.375364
v -0.237708 0.008627 -0.368145
v -0.230310 0.010197 -0.374576
v -0.229449 0.008696 -0.368100
v -0.224237 0.010003 -0.375834
v -0.221626 0.008542 -0.369374
v -0.219621 0.009914 -0.379250
v -0.212994 0.008181 -0.373272
v -0.241336 0.010598 -0.390238
v -0.269769 0.008822 -0.332771
v -0.278789 0.009155 -0.350812
v -0.268691 0.012926 -0.333543
v -0.278442 0.008750 -0.339950
v -0.273757 0.009571 -0.343209
v -0.266880 0.009481 -0.338793
v -0.277250 0.008517 -0.326828
v -0.285146 0.008489 -0.334818
v -0.267380 0.011262 -0.339082
v -0.264981 0.009767 -0.321570
v -0.270622 0.010105 -0.317477
v -0.263668 0.009962 -0.321647
v -0.287024 0.009209 -0.348928
v -0.273005 0.008548 -0.352746
v -0.271695 0.010202 -0.345810
v -0.275778 0.010976 -0.345111
v -0.272487 0.009475 -0.346557
v -0.277281 0.012875 -0.341755
v -0.284307 0.014275 -0.338568
v -0.276123 0.014752 -0.329484
v -0.268818 0.010290 -0.318287
v -0.284155 0.015054 -0.325592
v -0.275761 0.010223 -0.313543
v -0.295341 0.013927 -0.319731
v -0.295036 0.010868 -0.314452
v -0.294832 0.008816 -0.310912
v -0.279235 0.009533 -0.309076
v -0.290773 0.014104 -0.333474
v -0.291627 0.009420 -0.346851
v -0.301655 0.009421 -0.334998
v -0.285632 0.009575 -0.350255
v -0.267834 0.010448 -0.341977
v -0.266191 0.009887 -0.342408
v -0.294106 0.009844 -0.344219
v -0.291018 0.008470 -0.328777
v -0.300829 0.009900 -0.335893
v -0.297884 0.009906 -0.319401
v -0.308156 0.009532 -0.328890
v -0.283859 0.008484 -0.321405
v -0.290844 0.009341 -0.314336
v -0.277314 0.010517 -0.311602
v -0.287276 0.010375 -0.308662
v -0.273060 0.008537 -0.352832
v -0.270894 0.008739 -0.350328
v -0.272615 0.009315 -0.348999
v -0.268733 0.008940 -0.347830
v -0.271498 0.009805 -0.345943
v -0.310070 0.007467 -0.335526
v -0.291517 0.007858 -0.357836
v -0.305982 0.008743 -0.333473
v -0.282349 0.008258 -0.355973
v -0.304514 0.008335 -0.338900
v -0.301966 0.009658 -0.335216
v -0.287247 0.009646 -0.348673
v -0.293868 0.007943 -0.355437
v -0.291418 0.009805 -0.346324
v -0.297482 0.007970 -0.351697
v -0.295021 0.009687 -0.343632
v -0.301109 0.007728 -0.347728
v -0.298210 0.009358 -0.340577
v -0.302114 0.008258 -0.343037
v -0.218331 0.006309 -0.366579
v -0.214352 0.008481 -0.370420
v -0.218397 0.006229 -0.366711
v -0.214050 0.009318 -0.370397
v -0.218330 0.005967 -0.366440
v -0.215896 0.006470 -0.368453
v -0.216356 0.007387 -0.368486
v -0.214016 0.007391 -0.370604
v -0.216286 0.007729 -0.368501
v -0.215953 0.006646 -0.368748
v -0.218393 0.006088 -0.366646
v -0.213740 0.007849 -0.370615
v -0.213477 0.006602 -0.370800
v -0.215669 0.005653 -0.368958
v -0.213229 0.005424 -0.370975
v -0.215468 0.004571 -0.368981
v -0.218363 0.004814 -0.366062
v -0.218380 0.005518 -0.366385
v -0.215294 0.003706 -0.368744
v -0.218345 0.004077 -0.365724
v -0.215334 0.003704 -0.368586
v -0.218322 0.003087 -0.365270
v -0.215399 0.004410 -0.368630
v -0.218326 0.004357 -0.365786
v -0.215599 0.005465 -0.368587
v -0.218328 0.005217 -0.366136
v -0.213694 0.006346 -0.370781
v -0.213398 0.005385 -0.370943
v -0.213178 0.004668 -0.371064
v -0.213025 0.004458 -0.371118
v -0.111189 0.004233 -0.401580
v -0.111557 0.004344 -0.404905
v -0.112175 0.004119 -0.402449
v -0.111354 0.004274 -0.403141
v -0.110259 0.004340 -0.401905
v -0.110447 0.005185 -0.401135
v -0.111391 0.005580 -0.402296
v -0.109098 0.004419 -0.400550
v -0.112497 0.004172 -0.404197
v -0.113631 0.004060 -0.405194
v -0.112190 0.004773 -0.405120
v -0.110540 0.004411 -0.403636
v -0.111259 0.005475 -0.403940
v -0.112942 0.005091 -0.405479
v -0.112079 0.006173 -0.404263
v -0.111007 0.006824 -0.402883
v -0.110191 0.005908 -0.402550
v -0.109516 0.004466 -0.402365
v -0.109083 0.006071 -0.401132
v -0.108349 0.004520 -0.400920
v -0.107023 0.004617 -0.399179
v -0.108246 0.005191 -0.399444
v -0.105654 0.004717 -0.397382
v -0.107449 0.006142 -0.398969
v -0.109065 0.007426 -0.400399
v -0.109717 0.006287 -0.400735
v -0.110359 0.008184 -0.401796
v -0.110837 0.006906 -0.402004
v -0.111224 0.008410 -0.402993
v -0.111686 0.007068 -0.403160
v -0.112475 0.005598 -0.403372
v -0.112647 0.007162 -0.404250
v -0.113596 0.005572 -0.404371
v -0.114530 0.003913 -0.404447
v -0.113346 0.004017 -0.403427
v -0.114648 0.005655 -0.405359
v -0.115774 0.003785 -0.405510
v -0.114222 0.003668 -0.406402
v -0.116378 0.003180 -0.407408
v -0.114762 0.004055 -0.407332
v -0.113703 0.005626 -0.405727
v -0.115414 0.004437 -0.407586
v -0.114388 0.006139 -0.405933
v -0.113577 0.007270 -0.404744
v -0.112808 0.006713 -0.404502
v -0.112741 0.008177 -0.403642
v -0.111888 0.007531 -0.403256
v -0.111904 0.009008 -0.402366
v -0.110961 0.008300 -0.401937
v -0.109745 0.007397 -0.401352
v -0.107726 0.004602 -0.400176
v -0.108312 0.006533 -0.400067
v -0.106855 0.005653 -0.398761
v -0.106529 0.004760 -0.398748
v -0.105583 0.004885 -0.397620
v -0.113473 0.008722 -0.403881
v -0.112740 0.009637 -0.402747
v -0.114050 0.008986 -0.403610
v -0.113493 0.010202 -0.403089
v -0.114181 0.007737 -0.404918
v -0.114612 0.007759 -0.404136
v -0.114885 0.006620 -0.406024
v -0.115180 0.006521 -0.404666
v -0.115884 0.005106 -0.407066
v -0.115798 0.005172 -0.405243
v -0.116725 0.003256 -0.407641
v -0.116410 0.003863 -0.406208
v -0.116737 0.002821 -0.408534
v -0.113646 0.007319 -0.405224
v -0.111996 0.008613 -0.404062
v -0.112749 0.008810 -0.405104
v -0.118383 0.003914 -0.412407
v -0.120015 0.005658 -0.413133
v -0.120050 0.006592 -0.411925
v -0.119534 0.007047 -0.411934
v -0.119301 0.006165 -0.412155
v -0.118436 0.004052 -0.411523
v -0.119308 0.005368 -0.411816
v -0.119442 0.004723 -0.413041
v -0.118528 0.004953 -0.412006
v -0.117582 0.004124 -0.411532
v -0.116820 0.003485 -0.411094
v -0.115744 0.004107 -0.409807
v -0.114829 0.003548 -0.409246
v -0.116875 0.003666 -0.409699
v -0.118238 0.004701 -0.410145
v -0.116579 0.004733 -0.410257
v -0.115691 0.005358 -0.409082
v -0.115383 0.004522 -0.408375
v -0.117529 0.005491 -0.410744
v -0.116502 0.006068 -0.409464
v -0.115992 0.006525 -0.408059
v -0.115941 0.005601 -0.407567
v -0.118399 0.006561 -0.411047
v -0.117474 0.006921 -0.409933
v -0.116566 0.007458 -0.408774
v -0.116511 0.007871 -0.407541
v -0.116478 0.006902 -0.406969
v -0.118110 0.007815 -0.410109
v -0.117184 0.008123 -0.409022
v -0.116535 0.008570 -0.407953
v -0.117349 0.007640 -0.408708
v -0.116484 0.008089 -0.407753
v -0.117273 0.006619 -0.408251
v -0.116390 0.007003 -0.407250
v -0.117188 0.005671 -0.407810
v -0.116307 0.006058 -0.406813
v -0.117062 0.004703 -0.407310
v -0.116224 0.005105 -0.406372
v -0.115728 0.003916 -0.406942
v -0.116135 0.004082 -0.405898
v -0.117237 0.004100 -0.408548
v -0.115196 0.003698 -0.408306
v -0.118039 0.005288 -0.408849
v -0.118165 0.006302 -0.409288
v -0.119020 0.005931 -0.410342
v -0.118245 0.007321 -0.409749
v -0.119138 0.007015 -0.410790
v -0.118997 0.007498 -0.411162
v -0.116445 0.005950 -0.406408
v -0.116409 0.004919 -0.405800
v -0.115897 0.004656 -0.407040
v -0.116373 0.003874 -0.405184
v -0.115808 0.003755 -0.406671
v -0.115294 0.003646 -0.408024
v -0.045149 0.006981 -0.347299
v -0.038090 0.009110 -0.351066
v -0.062149 0.008805 -0.367585
v -0.062574 0.006970 -0.362231
v -0.047541 0.007251 -0.349631
v -0.044788 0.008198 -0.352266
v -0.041739 0.008010 -0.349119
v -0.042588 0.009089 -0.354418
v -0.056921 0.008927 -0.364272
v -0.058205 0.008069 -0.361992
v -0.062360 0.007895 -0.364929
v -0.059592 0.007255 -0.359787
v -0.054722 0.008271 -0.359537
v -0.056443 0.007542 -0.357215
v -0.051439 0.008331 -0.357197
v -0.053273 0.007594 -0.354753
v -0.048144 0.008362 -0.354748
v -0.050289 0.007561 -0.352309
v -0.053107 0.008999 -0.361901
v -0.049648 0.009052 -0.359662
v -0.046308 0.009070 -0.357185
v -0.123111 0.008340 -0.417830
v -0.120418 0.007669 -0.412255
v -0.125808 0.003293 -0.423002
v -0.117810 0.002574 -0.412490
v -0.122500 0.008188 -0.416564
v -0.122684 0.005752 -0.417461
v -0.124384 0.005957 -0.420271
v -0.119190 0.005269 -0.412366
v -0.120328 0.005152 -0.413785
v -0.121068 0.007831 -0.413601
v -0.123242 0.003566 -0.418685
v -0.119546 0.003003 -0.414259
v -0.121396 0.003460 -0.416144
v -0.121681 0.005353 -0.415441
v -0.121734 0.007997 -0.414978
v -0.124956 0.006774 -0.446068
v -0.124743 0.007982 -0.445584
v -0.125277 0.007563 -0.448512
v -0.124887 0.005582 -0.447425
v -0.124843 0.006437 -0.445366
v -0.124712 0.007330 -0.444752
v -0.124845 0.005152 -0.446071
v -0.124625 0.002309 -0.447111
v -0.124591 0.002343 -0.446056
v -0.124554 0.002380 -0.444889
v -0.124798 0.004623 -0.444969
v -0.124755 0.005883 -0.444548
v -0.124685 0.006748 -0.444009
v -0.124768 0.004409 -0.444004
v -0.124730 0.005291 -0.443721
v -0.124660 0.006217 -0.443332
v -0.124513 0.002420 -0.443622
v -0.034249 0.011714 -0.382369
v -0.035333 0.010887 -0.381411
v -0.035371 0.011286 -0.382771
v -0.034527 0.012020 -0.383359
v -0.034041 0.012579 -0.383680
v -0.034532 0.012012 -0.382641
v -0.035655 0.011229 -0.381987
v -0.036564 0.010493 -0.381743
v -0.036294 0.010057 -0.380246
v -0.034972 0.012386 -0.383619
v -0.035880 0.011626 -0.383317
v -0.036805 0.010883 -0.383086
v -0.036112 0.011980 -0.384557
v -0.037035 0.011254 -0.384359
v -0.036383 0.012259 -0.385680
v -0.037252 0.011605 -0.385567
v -0.035223 0.012683 -0.384753
v -0.035479 0.012939 -0.385797
v -0.034313 0.013355 -0.384840
v -0.034578 0.013618 -0.385914
v -0.033429 0.014078 -0.385094
v -0.033726 0.014259 -0.386025
v -0.033354 0.014422 -0.385971
v -0.032740 0.015001 -0.386153
v -0.033677 0.013512 -0.384817
v -0.034057 0.013759 -0.385762
v -0.034296 0.012911 -0.384604
v -0.034693 0.013159 -0.385573
v -0.034918 0.012315 -0.384401
v -0.035332 0.012557 -0.385383
v -0.035542 0.011655 -0.384091
v -0.035977 0.011949 -0.385191
v -0.036495 0.011006 -0.383652
v -0.036575 0.011385 -0.385013
v -0.036400 0.010560 -0.382051
v -0.033953 0.013113 -0.383922
v -0.027786 0.013234 -0.414845
v -0.029157 0.013849 -0.412561
v -0.031588 0.013522 -0.409412
v -0.032689 0.013390 -0.409643
v -0.018884 0.012852 -0.417174
v -0.021299 0.013415 -0.413154
v -0.032629 0.013280 -0.414782
v -0.030489 0.012894 -0.420658
v -0.024028 0.012687 -0.421053
v -0.035095 0.013102 -0.410149
v -0.037137 0.012857 -0.410577
v -0.035938 0.013011 -0.414903
v -0.034992 0.013133 -0.418311
v -0.321862 0.020520 -0.293844
v -0.316405 0.015146 -0.293734
v -0.324386 0.022727 -0.287337
v -0.321525 0.020298 -0.279722
v -0.319111 0.017811 -0.293789
v -0.320072 0.019429 -0.290329
v -0.322674 0.021230 -0.291752
v -0.317992 0.017698 -0.289214
v -0.323718 0.022143 -0.289061
v -0.321285 0.020423 -0.286816
v -0.323040 0.021584 -0.283753
v -0.319546 0.019065 -0.284999
v -0.270669 0.008494 -0.297821
v -0.277633 0.009499 -0.304890
v -0.302904 0.008653 -0.308398
v -0.287129 0.009806 -0.309525
v -0.290928 0.011250 -0.317445
v -0.258838 0.009436 -0.324686
v -0.258343 0.008672 -0.309063
v -0.304559 0.009753 -0.321927
v -0.271492 0.010509 -0.308872
v -0.266434 0.008631 -0.302405
v -0.279524 0.010322 -0.309736
v -0.275087 0.010273 -0.313988
v -0.286992 0.008973 -0.303043
v -0.305066 0.009009 -0.313735
v -0.297388 0.009935 -0.313297
v -0.297481 0.008874 -0.304904
v -0.296291 0.011222 -0.319243
v -0.259574 0.009211 -0.314821
v -0.265989 0.009728 -0.312599
v -0.268846 0.010209 -0.318665
v -0.262575 0.008680 -0.305860
v -0.211645 0.010181 -0.384613
v -0.209409 0.009866 -0.385976
v -0.210713 0.009924 -0.379850
v -0.213882 0.010496 -0.383250
v -0.293486 0.039540 -0.159449
v -0.293175 0.040006 -0.159033
v -0.285311 0.037168 -0.180095
v -0.300740 0.026981 -0.179121
v -0.299615 0.032722 -0.162487
v -0.292894 0.037457 -0.166478
v -0.294531 0.039176 -0.158511
v -0.297295 0.037998 -0.163934
v -0.295150 0.038047 -0.164487
v -0.294932 0.036021 -0.165268
v -0.294208 0.039590 -0.158216
v -0.289165 0.037935 -0.173967
v -0.293364 0.038026 -0.175389
v -0.289497 0.034169 -0.179423
v -0.298405 0.028349 -0.178929
v -0.300428 0.031674 -0.175607
v -0.300500 0.028415 -0.175076
v -0.299992 0.030168 -0.169050
v -0.299908 0.032815 -0.169732
v -0.299958 0.034902 -0.162953
v -0.297819 0.038031 -0.155564
v -0.297535 0.038250 -0.155587
v -0.295943 0.038891 -0.156845
v -0.296935 0.034610 -0.164079
v -0.300254 0.036672 -0.163496
v -0.296993 0.038319 -0.156305
v -0.299542 0.037849 -0.163917
v -0.295834 0.038722 -0.157343
v -0.298681 0.037727 -0.170632
v -0.296247 0.038026 -0.169883
v -0.299824 0.035658 -0.170549
v -0.299556 0.035835 -0.176304
v -0.296823 0.037075 -0.176010
v -0.292718 0.031940 -0.179008
v -0.295591 0.029996 -0.178698
v -0.293400 0.038368 -0.168792
v -0.295421 0.032541 -0.170740
v -0.290860 0.035102 -0.170473
v -0.291790 0.035314 -0.165824
v -0.297991 0.032316 -0.166667
v -0.300756 0.027435 -0.179051
v -0.296095 0.030671 -0.179881
v -0.287583 0.038015 -0.174746
v -0.295272 0.037675 -0.164741
v -0.282959 0.040594 -0.176581
v -0.293365 0.039603 -0.158851
v -0.286256 0.040800 -0.171753
v -0.288960 0.038542 -0.172654
v -0.293937 0.038139 -0.166271
v -0.291228 0.039861 -0.163497
v -0.291943 0.038831 -0.168558
v -0.289643 0.040115 -0.166558
v -0.290423 0.039102 -0.170432
v -0.288046 0.040474 -0.169018
v -0.213740 0.110428 -0.033689
v -0.216440 0.112281 -0.035635
v -0.217573 0.108885 -0.036361
v -0.217940 0.110041 -0.036691
v -0.214534 0.110973 -0.034262
v -0.215839 0.109902 -0.035170
v -0.215683 0.109646 -0.035043
v -0.216917 0.110907 -0.035930
v -0.216763 0.110992 -0.035857
v -0.216026 0.111997 -0.035337
v -0.217640 0.109096 -0.036421
v -0.217920 0.109977 -0.036673
v -0.217831 0.109698 -0.036593
v -0.216427 0.110641 -0.035613
v -0.215543 0.111666 -0.034989
v -0.217731 0.109385 -0.036504
v -0.216077 0.110281 -0.035360
v -0.215046 0.111325 -0.034631
vt 0.054641 0.510861
vt 0.061122 0.517786
vt 0.062635 0.532032
vt 0.054641 0.535244
vt 0.140284 0.210515
vt 0.143589 0.195491
vt 0.161260 0.195117
vt 0.163244 0.212765
vt 0.766803 0.377857
vt 0.747112 0.398586
vt 0.748906 0.381237
vt 0.760711 0.370706
vt 0.122071 0.193608
vt 0.124260 0.180442
vt 0.148023 0.184860
vt 0.138573 0.174446
vt 0.153712 0.170120
vt 0.160952 0.181396
vt 0.229661 0.439976
vt 0.222027 0.449135
vt 0.220534 0.438103
vt 0.229595 0.434996
vt 0.748205 0.912613
vt 0.744948 0.916867
vt 0.743155 0.915128
vt 0.749721 0.900249
vt 0.749721 0.918508
vt 0.746782 0.918645
vt 0.102203 0.861717
vt 0.110373 0.863275
vt 0.114384 0.871138
vt 0.100425 0.874556
vt 0.100425 0.849053
vt 0.110888 0.848746
vt 0.747112 0.364654
vt 0.761544 0.358698
vt 0.078928 0.928923
vt 0.075348 0.931380
vt 0.073610 0.930005
vt 0.079717 0.921057
vt 0.215375 0.442871
vt 0.219196 0.449833
vt 0.079717 0.937293
vt 0.077019 0.937626
vt 0.336959 0.641443
vt 0.338927 0.646570
vt 0.329561 0.649125
vt 0.340431 0.636042
vt 0.113078 0.233687
vt 0.102624 0.232569
vt 0.103359 0.220479
vt 0.116925 0.226956
vt 0.893440 0.644521
vt 0.888857 0.638869
vt 0.905359 0.633012
vt 0.905359 0.642556
vt 0.903230 0.654819
vt 0.891995 0.654042
vt 0.647773 0.137786
vt 0.642778 0.143676
vt 0.641458 0.143101
vt 0.649528 0.136530
vt 0.643973 0.145127
vt 0.793871 0.086097
vt 0.790457 0.088146
vt 0.787904 0.084361
vt 0.792663 0.083668
vt 0.797380 0.083068
vt 0.798881 0.086070
vt 0.799862 0.094677
vt 0.215350 0.174692
vt 0.216409 0.176573
vt 0.217442 0.184114
vt 0.215751 0.184409
vt 0.108054 0.253181
vt 0.104809 0.242902
vt 0.117757 0.243023
vt 0.121313 0.259397
vt 0.138992 0.248024
vt 0.143740 0.267667
vt 0.131497 0.267066
vt 0.126865 0.240201
vt 0.147311 0.239440
vt 0.155914 0.272371
vt 0.132999 0.225208
vt 0.958382 0.600930
vt 0.949839 0.599634
vt 0.953515 0.594341
vt 0.962736 0.594341
vt 0.187785 0.275836
vt 0.179004 0.273041
vt 0.181010 0.246641
vt 0.195671 0.268464
vt 0.168225 0.273532
vt 0.165805 0.242468
vt 0.197872 0.236605
vt 0.205999 0.258550
vt 0.442240 0.611887
vt 0.438872 0.626349
vt 0.409305 0.625689
vt 0.409614 0.612185
vt 0.176230 0.213768
vt 0.193175 0.207430
vt 0.661432 0.972213
vt 0.661432 0.967805
vt 0.664447 0.970227
vt 0.663592 0.977530
vt 0.721086 0.816195
vt 0.718694 0.822456
vt 0.711575 0.820073
vt 0.717083 0.814055
vt 0.732245 0.814021
vt 0.730748 0.819270
vt 0.216422 0.984011
vt 0.218288 0.981278
vt 0.223131 0.989974
vt 0.216269 0.989974
vt 0.468600 0.887782
vt 0.466371 0.890455
vt 0.462847 0.893971
vt 0.463527 0.889427
vt 0.938543 0.958189
vt 0.938354 0.963725
vt 0.934355 0.956868
vt 0.937072 0.954693
vt 0.709418 0.599221
vt 0.710532 0.608244
vt 0.704670 0.607951
vt 0.696060 0.595036
vt 0.715302 0.600432
vt 0.716701 0.609166
vt 0.715846 0.584741
vt 0.721565 0.586459
vt 0.042508 0.653112
vt 0.038346 0.648680
vt 0.042473 0.637101
vt 0.047583 0.645671
vt 0.035402 0.666934
vt 0.030513 0.665010
vt 0.159801 0.861985
vt 0.159118 0.855202
vt 0.161523 0.855626
vt 0.159169 0.869297
vt 0.168082 0.862055
vt 0.168068 0.854804
vt 0.174619 0.855635
vt 0.173165 0.862688
vt 0.168919 0.868824
vt 0.481651 0.089953
vt 0.483973 0.069666
vt 0.497935 0.062984
vt 0.499420 0.084507
vt 0.577000 0.808560
vt 0.553407 0.794952
vt 0.554653 0.785294
vt 0.576948 0.789460
vt 0.502059 0.113367
vt 0.484632 0.115779
vt 0.830180 0.568329
vt 0.828204 0.569720
vt 0.826880 0.560883
vt 0.827483 0.563057
vt 0.836181 0.572435
vt 0.834823 0.573828
vt 0.838928 0.569315
vt 0.824265 0.574034
vt 0.825802 0.570260
vt 0.832589 0.576152
vt 0.827827 0.578072
vt 0.495985 0.130934
vt 0.478864 0.122320
vt 0.185593 0.193243
vt 0.175237 0.193051
vt 0.178110 0.177243
vt 0.188176 0.180362
vt 0.200116 0.190388
vt 0.372953 0.602161
vt 0.378054 0.624029
vt 0.367130 0.626349
vt 0.364354 0.609714
vt 0.725047 0.462017
vt 0.712668 0.466915
vt 0.712819 0.447226
vt 0.720492 0.440864
vt 0.778575 0.157536
vt 0.773651 0.134855
vt 0.785783 0.133628
vt 0.785783 0.151358
vt 0.202470 0.170153
vt 0.213060 0.179590
vt 0.784283 0.124369
vt 0.775246 0.120952
vt 0.962403 0.235857
vt 0.963032 0.244969
vt 0.949839 0.244969
vt 0.952430 0.233911
vt 0.481614 0.154418
vt 0.474236 0.149811
vt 0.485146 0.142697
vt 0.491370 0.151433
vt 0.354216 0.527295
vt 0.358740 0.522572
vt 0.363183 0.531224
vt 0.355256 0.534277
vt 0.342506 0.529969
vt 0.346528 0.523066
vt 0.347131 0.514030
vt 0.825031 0.140220
vt 0.831336 0.144974
vt 0.817006 0.150853
vt 0.814873 0.140287
vt 0.162419 0.972652
vt 0.167499 0.972176
vt 0.165966 0.978063
vt 0.160619 0.977843
vt 0.134441 0.985215
vt 0.134674 0.990263
vt 0.130854 0.989915
vt 0.130854 0.981278
vt 0.081428 0.544583
vt 0.094037 0.557104
vt 0.081910 0.554467
vt 0.069419 0.540673
vt 0.907257 0.144250
vt 0.893403 0.135786
vt 0.893275 0.122589
vt 0.907257 0.123575
vt 0.450534 0.196258
vt 0.429694 0.205103
vt 0.432963 0.189538
vt 0.446536 0.175117
vt 0.703785 0.657944
vt 0.706066 0.675174
vt 0.686031 0.675111
vt 0.686877 0.664818
vt 0.405265 0.816069
vt 0.415923 0.812580
vt 0.418347 0.828190
vt 0.403468 0.829234
vt 0.489921 0.210175
vt 0.495314 0.199580
vt 0.505514 0.209130
vt 0.496257 0.219059
vt 0.821846 0.614645
vt 0.817986 0.625134
vt 0.806487 0.626109
vt 0.811344 0.610097
vt 0.480373 0.214532
vt 0.479576 0.194706
vt 0.172884 0.119004
vt 0.174686 0.112062
vt 0.182065 0.119562
vt 0.176280 0.125990
vt 0.167175 0.122491
vt 0.166956 0.112419
vt 0.169198 0.130677
vt 0.111858 0.590927
vt 0.115292 0.602625
vt 0.104036 0.604157
vt 0.110326 0.593372
vt 0.103940 0.572777
vt 0.091766 0.571531
vt 0.081663 0.577044
vt 0.076596 0.563693
vt 0.535662 0.643508
vt 0.537948 0.639333
vt 0.542836 0.643737
vt 0.537227 0.641180
vt 0.525076 0.646443
vt 0.524764 0.639333
vt 0.741898 0.900857
vt 0.739336 0.899197
vt 0.740200 0.885171
vt 0.738956 0.884913
vt 0.744027 0.903208
vt 0.738956 0.905359
vt 0.046458 0.986771
vt 0.043371 0.987572
vt 0.045948 0.981278
vt 0.046900 0.983570
vt 0.046900 0.990103
vt 0.044622 0.990385
vt 0.294470 0.010456
vt 0.296530 0.009475
vt 0.292719 0.016508
vt 0.289923 0.009475
vt 0.528278 0.145732
vt 0.531448 0.150851
vt 0.531448 0.159434
vt 0.525110 0.156446
vt 0.301326 0.015802
vt 0.303684 0.010091
vt 0.183930 0.098282
vt 0.191912 0.101858
vt 0.187390 0.111253
vt 0.177914 0.104867
vt 0.542533 0.887685
vt 0.542612 0.876866
vt 0.551276 0.875699
vt 0.550671 0.888277
vt 0.815973 0.633709
vt 0.809719 0.639574
vt 0.800416 0.610106
vt 0.800416 0.630957
vt 0.138723 0.564644
vt 0.155068 0.574356
vt 0.156319 0.579501
vt 0.139073 0.576224
vt 0.706066 0.696706
vt 0.704079 0.709862
vt 0.687519 0.703479
vt 0.686310 0.691657
vt 0.160192 0.139668
vt 0.160658 0.126170
vt 0.153024 0.141511
vt 0.152660 0.127773
vt 0.094939 0.967805
vt 0.099864 0.978143
vt 0.092392 0.978143
vt 0.092646 0.968876
vt 0.412957 0.544734
vt 0.406036 0.544207
vt 0.400921 0.536279
vt 0.409106 0.534503
vt 0.418349 0.530809
vt 0.419464 0.537023
vt 0.147657 0.661718
vt 0.149219 0.650691
vt 0.151842 0.650575
vt 0.148327 0.662412
vt 0.083279 0.537391
vt 0.070088 0.531562
vt 0.344986 0.483226
vt 0.352736 0.499786
vt 0.345823 0.498683
vt 0.337110 0.483605
vt 0.356526 0.490778
vt 0.359102 0.502179
vt 0.357570 0.482009
vt 0.371573 0.477190
vt 0.375060 0.480863
vt 0.365443 0.486436
vt 0.362649 0.493453
vt 0.061760 0.549141
vt 0.059189 0.545350
vt 0.469314 0.175427
vt 0.458046 0.162122
vt 0.712630 0.418374
vt 0.725047 0.426677
vt 0.708480 0.433239
vt 0.465979 0.154921
vt 0.477031 0.160281
vt 0.705351 0.439181
vt 0.156646 0.164873
vt 0.155842 0.163332
vt 0.161067 0.164545
vt 0.168399 0.168139
vt 0.146583 0.158406
vt 0.151948 0.155655
vt 0.591191 0.864208
vt 0.599777 0.877473
vt 0.591191 0.888277
vt 0.592731 0.876419
vt 0.165667 0.165685
vt 0.174132 0.165890
vt 0.682385 0.303712
vt 0.688637 0.305819
vt 0.687144 0.310120
vt 0.681070 0.307148
vt 0.688568 0.317887
vt 0.684439 0.315969
vt 0.089158 0.297783
vt 0.091807 0.289512
vt 0.098697 0.289617
vt 0.096457 0.293557
vt 0.087287 0.295254
vt 0.089504 0.289342
vt 0.084553 0.310054
vt 0.084148 0.309649
vt 0.085331 0.297121
vt 0.061056 0.510361
vt 0.073620 0.514856
vt 0.079378 0.522827
vt 0.071941 0.522686
vt 0.675661 0.463097
vt 0.683290 0.458862
vt 0.683290 0.473477
vt 0.675089 0.476405
vt 0.360022 0.514031
vt 0.367157 0.514372
vt 0.157574 0.153731
vt 0.088107 0.307191
vt 0.086172 0.311670
vt 0.088617 0.311809
vt 0.088194 0.313688
vt 0.958615 0.468031
vt 0.949839 0.468677
vt 0.952831 0.465109
vt 0.963006 0.468677
vt 0.105871 0.189706
vt 0.104668 0.173901
vt 0.114520 0.155172
vt 0.132333 0.157264
vt 0.731070 0.854326
vt 0.722411 0.856010
vt 0.724590 0.845453
vt 0.736200 0.845238
vt 0.370279 0.981278
vt 0.375636 0.982316
vt 0.375139 0.987679
vt 0.370279 0.989882
vt 0.736545 0.850066
vt 0.737040 0.853196
vt 0.693464 0.344565
vt 0.688879 0.330066
vt 0.693321 0.331162
vt 0.698474 0.337838
vt 0.688729 0.343708
vt 0.683289 0.328629
vt 0.694644 0.349968
vt 0.690842 0.350125
vt 0.674974 0.347231
vt 0.678488 0.343532
vt 0.684352 0.352113
vt 0.684467 0.353473
vt 0.686700 0.364421
vt 0.673159 0.353943
vt 0.962966 0.421050
vt 0.962966 0.427252
vt 0.949839 0.424994
vt 0.954521 0.422893
vt 0.494398 0.967805
vt 0.494472 0.977961
vt 0.494138 0.972017
vt 0.494472 0.969737
vt 0.912377 0.488007
vt 0.915173 0.485681
vt 0.922441 0.491613
vt 0.919073 0.493487
vt 0.683479 0.345064
vt 0.676442 0.336121
vt 0.459463 0.292123
vt 0.461118 0.293292
vt 0.453346 0.291153
vt 0.454662 0.289897
vt 0.460271 0.293391
vt 0.464948 0.293481
vt 0.460803 0.309235
vt 0.454201 0.312143
vt 0.998208 0.122425
vt 0.995592 0.125216
vt 0.992383 0.122090
vt 0.998226 0.122090
vt 0.366697 0.328140
vt 0.361658 0.315749
vt 0.371518 0.315424
vt 0.368534 0.327230
vt 0.966447 0.468632
vt 0.966850 0.465222
vt 0.976734 0.464125
vt 0.977998 0.468632
vt 0.373300 0.338137
vt 0.371102 0.339535
vt 0.365108 0.330303
vt 0.981636 0.027541
vt 0.981636 0.024249
vt 0.983996 0.025099
vt 0.989493 0.027506
vt 0.713042 0.852433
vt 0.711996 0.847108
vt 0.715220 0.843415
vt 0.717829 0.849825
vt 0.718960 0.855919
vt 0.715327 0.856010
vt 0.997237 0.697248
vt 0.992383 0.697248
vt 0.993040 0.696336
vt 0.994391 0.695074
vt 0.740231 0.577104
vt 0.732549 0.573150
vt 0.729925 0.564331
vt 0.739844 0.562284
vt 0.753183 0.931157
vt 0.753690 0.916934
vt 0.762462 0.916934
vt 0.764905 0.933830
vt 0.064465 0.978128
vt 0.055973 0.977885
vt 0.056350 0.974585
vt 0.064465 0.967805
vt 0.735205 0.583408
vt 0.727481 0.584703
vt 0.723836 0.574623
vt 0.358265 0.332145
vt 0.353400 0.337725
vt 0.351853 0.337414
vt 0.354483 0.330668
vt 0.940350 0.020923
vt 0.945218 0.024905
vt 0.938429 0.028904
vt 0.933441 0.022633
vt 0.728109 0.967805
vt 0.728109 0.977398
vt 0.724251 0.976925
vt 0.726837 0.970212
vt 0.361659 0.337536
vt 0.362315 0.345328
vt 0.342405 0.348991
vt 0.047258 0.228260
vt 0.032482 0.233753
vt 0.023271 0.242104
vt 0.028515 0.233375
vt 0.916747 0.003343
vt 0.916747 0.022776
vt 0.908097 0.012818
vt 0.913074 0.002733
vt 0.996218 0.011856
vt 0.992383 0.012097
vt 0.997072 0.009981
vt 0.998531 0.012097
vt 0.400126 0.967805
vt 0.400126 0.977713
vt 0.397415 0.978037
vt 0.398056 0.969128
vt 0.048284 0.230016
vt 0.047416 0.235690
vt 0.039684 0.242346
vt 0.040370 0.236226
vt 0.944899 0.036063
vt 0.934294 0.036063
vt 0.706006 0.989344
vt 0.703327 0.988037
vt 0.698056 0.985130
vt 0.706006 0.981278
vt 0.385546 0.341866
vt 0.386099 0.333230
vt 0.397819 0.340163
vt 0.390996 0.345846
vt 0.381274 0.357786
vt 0.388290 0.348973
vt 0.389499 0.352103
vt 0.387209 0.355174
vt 0.383241 0.349576
vt 0.387137 0.347636
vt 0.375121 0.360976
vt 0.379227 0.352160
vt 0.389715 0.357709
vt 0.380842 0.362480
vt 0.963287 0.060315
vt 0.958954 0.060123
vt 0.959119 0.054527
vt 0.963563 0.054876
vt 0.369673 0.356063
vt 0.376687 0.347879
vt 0.715710 0.265495
vt 0.715944 0.254740
vt 0.722832 0.255412
vt 0.722156 0.270093
vt 0.708504 0.266428
vt 0.707433 0.254180
vt 0.712434 0.277160
vt 0.459085 0.769501
vt 0.466897 0.764618
vt 0.477399 0.768321
vt 0.472269 0.774565
vt 0.458625 0.757107
vt 0.468628 0.755106
vt 0.093323 0.190943
vt 0.082248 0.189904
vt 0.075899 0.176321
vt 0.086989 0.173377
vt 0.482773 0.757228
vt 0.487793 0.772519
vt 0.483432 0.780089
vt 0.089376 0.204059
vt 0.085809 0.217186
vt 0.076215 0.217279
vt 0.083449 0.202611
vt 0.725047 0.279886
vt 0.719711 0.284410
vt 0.715392 0.287213
vt 0.708328 0.278783
vt 0.703375 0.266230
vt 0.066962 0.198964
vt 0.074962 0.200208
vt 0.067268 0.216531
vt 0.061387 0.210960
vt 0.302742 0.168292
vt 0.303684 0.179555
vt 0.292017 0.173584
vt 0.297615 0.162838
vt 0.928573 0.123157
vt 0.941422 0.123157
vt 0.940266 0.138556
vt 0.930915 0.134325
vt 0.130161 0.104657
vt 0.145560 0.111105
vt 0.143239 0.126740
vt 0.130335 0.126440
vt 0.773334 0.065120
vt 0.775253 0.043111
vt 0.787681 0.047390
vt 0.786229 0.064106
vt 0.123255 0.091726
vt 0.133939 0.083255
vt 0.142657 0.091813
vt 0.787681 0.075186
vt 0.779064 0.079717
vt 0.260834 0.163540
vt 0.253150 0.158987
vt 0.259435 0.154352
vt 0.261928 0.164394
vt 0.451331 0.785140
vt 0.450608 0.779974
vt 0.458700 0.774827
vt 0.461965 0.778898
vt 0.153807 0.638073
vt 0.154263 0.641405
vt 0.160667 0.638100
vt 0.156611 0.652890
vt 0.465950 0.784176
vt 0.456218 0.788956
vt 0.178415 0.642496
vt 0.177173 0.664924
vt 0.168015 0.662399
vt 0.169949 0.639098
vt 0.863001 0.668709
vt 0.873093 0.680856
vt 0.869406 0.694678
vt 0.863001 0.688145
vt 0.442766 0.808330
vt 0.442453 0.798109
vt 0.451131 0.797612
vt 0.459824 0.808560
vt 0.252518 0.172721
vt 0.249344 0.171688
vt 0.056716 0.027808
vt 0.047281 0.016568
vt 0.071499 0.029821
vt 0.073151 0.030305
vt 0.075047 0.033577
vt 0.068322 0.034004
vt 0.149503 0.005035
vt 0.155301 0.020355
vt 0.141492 0.021296
vt 0.135086 0.008459
vt 0.253154 0.143683
vt 0.257975 0.140675
vt 0.767344 0.186192
vt 0.776293 0.172909
vt 0.776293 0.195206
vt 0.772161 0.210681
vt 0.258132 0.675298
vt 0.257796 0.699464
vt 0.243114 0.682107
vt 0.249249 0.658467
vt 0.239458 0.663588
vt 0.246126 0.648719
vt 0.781023 0.085984
vt 0.784107 0.081094
vt 0.785132 0.088607
vt 0.782800 0.090980
vt 0.585307 0.949839
vt 0.585307 0.962458
vt 0.585035 0.964334
vt 0.583121 0.954977
vt 0.189924 0.029554
vt 0.183106 0.019560
vt 0.198870 0.029491
vt 0.202645 0.030320
vt 0.384174 0.808810
vt 0.378336 0.807792
vt 0.380522 0.800454
vt 0.387169 0.804006
vt 0.393696 0.810173
vt 0.388412 0.814466
vt 0.380404 0.817625
vt 0.707343 0.542249
vt 0.709425 0.550362
vt 0.699653 0.551915
vt 0.701733 0.536657
vt 0.715625 0.533231
vt 0.720838 0.541232
vt 0.467604 0.804846
vt 0.462517 0.795480
vt 0.442453 0.789795
vt 0.447878 0.791018
vt 0.163010 0.636908
vt 0.161062 0.659089
vt 0.467867 0.240122
vt 0.466714 0.235385
vt 0.472796 0.235556
vt 0.471910 0.241743
vt 0.468775 0.247606
vt 0.465004 0.243448
vt 0.461011 0.238955
vt 0.123613 0.648854
vt 0.120705 0.644978
vt 0.126770 0.638941
vt 0.129198 0.642889
vt 0.109101 0.658533
vt 0.104495 0.655724
vt 0.894030 0.022776
vt 0.894792 0.014597
vt 0.901032 0.016352
vt 0.901563 0.015941
vt 0.132935 0.646646
vt 0.133216 0.647797
vt 0.122521 0.653993
vt 0.982540 0.799901
vt 0.988156 0.799175
vt 0.986803 0.803823
vt 0.981636 0.803823
vt 0.900696 0.010323
vt 0.894416 0.008114
vt 0.671765 0.060594
vt 0.674054 0.047912
vt 0.678608 0.047412
vt 0.676768 0.057113
vt 0.962492 0.858702
vt 0.962492 0.861326
vt 0.951239 0.860900
vt 0.949839 0.858836
vt 0.679494 0.060941
vt 0.671765 0.066431
vt 0.040348 0.989116
vt 0.040648 0.987124
vt 0.036789 0.990372
vt 0.036789 0.981278
vt 0.339611 0.962522
vt 0.338268 0.952977
vt 0.343949 0.949839
vt 0.343949 0.964434
vt 0.814083 0.510876
vt 0.810327 0.516263
vt 0.804879 0.508640
vt 0.809994 0.506190
vt 0.816342 0.496089
vt 0.819948 0.493356
vt 0.818921 0.510970
vt 0.811473 0.496430
vt 0.705212 0.967805
vt 0.708977 0.968089
vt 0.709532 0.977267
vt 0.702918 0.977267
vt 0.804305 0.493933
vt 0.981636 0.058826
vt 0.988184 0.059956
vt 0.989327 0.064141
vt 0.983037 0.064141
vt 0.528547 0.813000
vt 0.533346 0.817264
vt 0.531147 0.822036
vt 0.525803 0.818946
vt 0.579595 0.989635
vt 0.573946 0.987343
vt 0.574076 0.982388
vt 0.579595 0.981278
vt 0.526527 0.987804
vt 0.518293 0.989540
vt 0.518293 0.981278
vt 0.524472 0.982660
vt 0.925483 0.497043
vt 0.926889 0.491783
vt 0.930821 0.493835
vt 0.931932 0.497283
vt 0.762109 0.192981
vt 0.763433 0.194529
vt 0.755719 0.193703
vt 0.756251 0.187500
vt 0.986894 0.429472
vt 0.981636 0.430133
vt 0.981636 0.426243
vt 0.988839 0.428071
vt 0.741680 0.651243
vt 0.730904 0.639658
vt 0.741871 0.643974
vt 0.747803 0.648108
vt 0.749571 0.668774
vt 0.736983 0.664781
vt 0.731641 0.649298
vt 0.746247 0.637812
vt 0.750131 0.641635
vt 0.522044 0.825471
vt 0.521954 0.823515
vt 0.521203 0.815872
vt 0.528480 0.830728
vt 0.766803 0.179395
vt 0.763356 0.184050
vt 0.757951 0.179838
vt 0.761023 0.173102
vt 0.162938 0.888987
vt 0.168045 0.891972
vt 0.164891 0.895669
vt 0.160056 0.894639
vt 0.163938 0.884039
vt 0.170823 0.885648
vt 0.119077 0.570028
vt 0.103216 0.557505
vt 0.113798 0.554963
vt 0.131948 0.563957
vt 0.117119 0.584534
vt 0.109680 0.584227
vt 0.977403 0.402241
vt 0.977792 0.406895
vt 0.966962 0.407114
vt 0.968950 0.401450
vt 0.794613 0.280141
vt 0.798981 0.276825
vt 0.801400 0.283225
vt 0.795331 0.284688
vt 0.867399 0.178264
vt 0.867214 0.189747
vt 0.866096 0.196912
vt 0.865082 0.189070
vt 0.809555 0.324563
vt 0.811647 0.309866
vt 0.816152 0.310833
vt 0.814470 0.314226
vt 0.717580 0.929170
vt 0.722180 0.925120
vt 0.725492 0.929212
vt 0.722142 0.933510
vt 0.717331 0.922346
vt 0.721438 0.921431
vt 0.719320 0.937153
vt 0.717331 0.937626
vt 0.880266 0.383409
vt 0.878560 0.376842
vt 0.884605 0.376414
vt 0.886047 0.386818
vt 0.152005 0.978012
vt 0.149953 0.971330
vt 0.157543 0.970490
vt 0.157366 0.978012
vt 0.876933 0.387198
vt 0.872677 0.378849
vt 0.185698 0.832469
vt 0.186774 0.837565
vt 0.179826 0.839103
vt 0.181188 0.831024
vt 0.220604 0.302993
vt 0.224263 0.305770
vt 0.213383 0.308327
vt 0.213764 0.304588
vt 0.754205 0.833879
vt 0.752219 0.841880
vt 0.746034 0.842300
vt 0.744746 0.834107
vt 0.324813 0.916234
vt 0.320025 0.912288
vt 0.321295 0.905815
vt 0.326461 0.906851
vt 0.532745 0.926259
vt 0.533346 0.935728
vt 0.526572 0.933302
vt 0.525596 0.928944
vt 0.521374 0.919312
vt 0.526416 0.920335
vt 0.206585 0.317257
vt 0.217420 0.318345
vt 0.218188 0.322665
vt 0.205788 0.321078
vt 0.199221 0.312558
vt 0.214955 0.313589
vt 0.874942 0.788882
vt 0.872624 0.789579
vt 0.873276 0.779765
vt 0.878787 0.781073
vt 0.156417 0.893025
vt 0.156374 0.888522
vt 0.316899 0.919693
vt 0.314420 0.924339
vt 0.308911 0.920238
vt 0.313806 0.917864
vt 0.185866 0.853933
vt 0.193918 0.852071
vt 0.195216 0.857909
vt 0.183257 0.857685
vt 0.177391 0.850426
vt 0.182328 0.848490
vt 0.190769 0.845034
vt 0.969525 0.353957
vt 0.972004 0.361036
vt 0.967020 0.360500
vt 0.966447 0.355325
vt 0.418997 0.955583
vt 0.420032 0.952880
vt 0.421961 0.956081
vt 0.421006 0.961544
vt 0.974303 0.355385
vt 0.978081 0.361036
vt 0.981636 0.054073
vt 0.986910 0.054143
vt 0.989501 0.054073
vt 0.984111 0.056103
vt 0.711330 0.306527
vt 0.709006 0.307593
vt 0.707048 0.305016
vt 0.709225 0.303029
vt 0.714859 0.296661
vt 0.715375 0.304042
vt 0.616384 0.328411
vt 0.616955 0.322914
vt 0.620805 0.324936
vt 0.616339 0.331072
vt 0.895547 0.092690
vt 0.897767 0.102407
vt 0.891750 0.103950
vt 0.891179 0.093168
vt 0.908913 0.808523
vt 0.904420 0.811949
vt 0.906180 0.800365
vt 0.912698 0.799297
vt 0.912951 0.810589
vt 0.907367 0.816732
vt 0.714986 0.907354
vt 0.709400 0.911053
vt 0.710892 0.908416
vt 0.715556 0.900971
vt 0.900696 0.819948
vt 0.900917 0.814793
vt 0.746126 0.212234
vt 0.750777 0.216695
vt 0.745573 0.218756
vt 0.743935 0.215629
vt 0.931932 0.930652
vt 0.928054 0.933830
vt 0.926924 0.925445
vt 0.931932 0.917588
vt 0.650823 0.623649
vt 0.652921 0.618174
vt 0.652921 0.633147
vt 0.651050 0.635839
vt 0.045332 0.034569
vt 0.041205 0.035293
vt 0.032992 0.032622
vt 0.038431 0.030340
vt 0.717104 0.295311
vt 0.719103 0.300072
vt 0.019059 0.029357
vt 0.012342 0.020995
vt 0.015525 0.021953
vt 0.021874 0.029504
vt 0.032279 0.018826
vt 0.054910 0.034097
vt 0.013464 0.549741
vt 0.016089 0.547472
vt 0.018078 0.556685
vt 0.014003 0.558948
vt 0.949839 0.855978
vt 0.956963 0.851033
vt 0.962382 0.851634
vt 0.959836 0.855978
vt 0.728843 0.290458
vt 0.723273 0.295859
vt 0.719868 0.292795
vt 0.724996 0.287515
vt 0.025774 0.556920
vt 0.025314 0.565486
vt 0.018400 0.565250
vt 0.681165 0.497069
vt 0.680151 0.503332
vt 0.673791 0.500904
vt 0.677144 0.494111
vt 0.882512 0.066539
vt 0.886850 0.064475
vt 0.888040 0.074023
vt 0.882723 0.073026
vt 0.679977 0.489428
vt 0.683290 0.493739
vt 0.752084 0.219116
vt 0.758386 0.220031
vt 0.755408 0.224975
vt 0.750563 0.228111
vt 0.748043 0.222323
vt 0.676980 0.517205
vt 0.674998 0.525805
vt 0.672447 0.528585
vt 0.669146 0.526872
vt 0.666069 0.523871
vt 0.673638 0.514224
vt 0.950942 0.631128
vt 0.949839 0.627798
vt 0.962840 0.628405
vt 0.962716 0.627798
vt 0.312086 0.989894
vt 0.310259 0.981278
vt 0.316872 0.981278
vt 0.315743 0.989432
vt 0.799336 0.446605
vt 0.792722 0.444855
vt 0.791488 0.436266
vt 0.797773 0.436006
vt 0.800968 0.450512
vt 0.794939 0.451731
vt 0.726724 0.333813
vt 0.716302 0.335951
vt 0.715821 0.330341
vt 0.725623 0.329716
vt 0.806372 0.290398
vt 0.804878 0.289310
vt 0.803017 0.287489
vt 0.807003 0.286430
vt 0.992383 0.752127
vt 0.995245 0.750323
vt 0.997144 0.752127
vt 0.994599 0.750948
vt 0.676404 0.796960
vt 0.677376 0.792819
vt 0.682862 0.793543
vt 0.678754 0.799279
vt 0.672907 0.802866
vt 0.672680 0.798574
vt 0.994007 0.048623
vt 0.992384 0.044763
vt 0.997925 0.044763
vt 0.998287 0.049962
vt 0.708784 0.328489
vt 0.706027 0.331876
vt 0.701430 0.323833
vt 0.707555 0.322634
vt 0.715526 0.323453
vt 0.703632 0.305465
vt 0.707772 0.315661
vt 0.701287 0.314938
vt 0.697099 0.304564
vt 0.704157 0.297232
vt 0.707664 0.299996
vt 0.695178 0.315045
vt 0.880255 0.061412
vt 0.880685 0.063723
vt 0.877801 0.064735
vt 0.873743 0.061392
vt 0.831963 0.273316
vt 0.836923 0.266250
vt 0.837641 0.272386
vt 0.832680 0.271401
vt 0.825785 0.262681
vt 0.832318 0.259708
vt 0.784447 0.423593
vt 0.791547 0.425731
vt 0.787558 0.434672
vt 0.784545 0.417336
vt 0.793216 0.417049
vt 0.747847 0.251681
vt 0.744443 0.250257
vt 0.744268 0.247400
vt 0.750546 0.249247
vt 0.876850 0.068921
vt 0.872142 0.069174
vt 0.753938 0.235679
vt 0.758103 0.231227
vt 0.743744 0.235835
vt 0.742965 0.229729
vt 0.752780 0.244023
vt 0.743795 0.242728
vt 0.764905 0.229191
vt 0.764476 0.239712
vt 0.808023 0.266120
vt 0.801328 0.260480
vt 0.803349 0.256278
vt 0.810458 0.258419
vt 0.802390 0.272402
vt 0.796246 0.265246
vt 0.661152 0.542599
vt 0.654821 0.544734
vt 0.649332 0.540063
vt 0.654517 0.536905
vt 0.034522 0.530285
vt 0.042760 0.532583
vt 0.035672 0.544269
vt 0.027201 0.543723
vt 0.021256 0.544404
vt 0.024694 0.535890
vt 0.660649 0.485206
vt 0.666377 0.487888
vt 0.660702 0.492953
vt 0.655018 0.487910
vt 0.662067 0.479576
vt 0.669875 0.482014
vt 0.653060 0.482098
vt 0.030618 0.521905
vt 0.019289 0.524205
vt 0.019487 0.518889
vt 0.026921 0.514970
vt 0.766803 0.211939
vt 0.758623 0.212579
vt 0.756532 0.202310
vt 0.765159 0.202875
vt 0.640313 0.485226
vt 0.643823 0.494440
vt 0.521486 0.842724
vt 0.521203 0.833779
vt 0.020266 0.534685
vt 0.015842 0.535087
vt 0.918645 0.363373
vt 0.918645 0.373911
vt 0.913763 0.365295
vt 0.915480 0.355296
vt 0.809823 0.211854
vt 0.816589 0.197401
vt 0.816373 0.216419
vt 0.816611 0.218685
vt 0.081094 0.898650
vt 0.086440 0.892152
vt 0.089207 0.893892
vt 0.084682 0.902262
vt 0.205889 0.432750
vt 0.205002 0.426792
vt 0.207593 0.414670
vt 0.209503 0.414788
vt 0.657815 0.462322
vt 0.664659 0.458665
vt 0.670004 0.468676
vt 0.652760 0.468813
vt 0.722646 0.631015
vt 0.728711 0.631061
vt 0.206100 0.025749
vt 0.208439 0.026602
vt 0.204485 0.029886
vt 0.958793 0.524176
vt 0.954182 0.526435
vt 0.956847 0.516729
vt 0.962593 0.515894
vt 0.195851 0.019702
vt 0.201613 0.021138
vt 0.205116 0.022865
vt 0.211003 0.024965
vt 0.992383 0.119367
vt 0.996815 0.117139
vt 0.998280 0.119367
vt 0.994307 0.118482
vt 0.992589 0.873185
vt 0.996821 0.872489
vt 0.995757 0.875397
vt 0.992383 0.875397
vt 0.791608 0.122291
vt 0.793815 0.127514
vt 0.790547 0.129764
vt 0.788535 0.125309
vt 0.794254 0.121776
vt 0.796313 0.127555
vt 0.794450 0.119617
vt 0.796022 0.117065
vt 0.406370 0.921596
vt 0.404024 0.920569
vt 0.404216 0.914496
vt 0.406908 0.917721
vt 0.907997 0.482766
vt 0.905375 0.476077
vt 0.904946 0.473200
vt 0.909155 0.482169
vt 0.906486 0.493487
vt 0.904946 0.491797
vt 0.896148 0.444097
vt 0.899161 0.452901
vt 0.890429 0.453772
vt 0.890220 0.442658
vt 0.047663 0.443157
vt 0.049646 0.416349
vt 0.054022 0.418780
vt 0.053435 0.446170
vt 0.040604 0.454930
vt 0.025790 0.447395
vt 0.036461 0.430432
vt 0.795641 0.498866
vt 0.800968 0.502458
vt 0.800968 0.533346
vt 0.794531 0.529003
vt 0.042085 0.412209
vt 0.009294 0.479553
vt 0.012490 0.483898
vt 0.008368 0.489691
vt 0.003367 0.480841
vt 0.002673 0.472771
vt 0.010329 0.474401
vt 0.029723 0.506885
vt 0.029892 0.501723
vt 0.036824 0.501776
vt 0.034154 0.508798
vt 0.018023 0.417705
vt 0.002673 0.412395
vt 0.005455 0.409356
vt 0.007625 0.405335
vt 0.046044 0.724780
vt 0.047451 0.726442
vt 0.044149 0.729875
vt 0.041217 0.728520
vt 0.417132 0.665128
vt 0.415618 0.671336
vt 0.412865 0.670927
vt 0.412493 0.668548
vt 0.041702 0.718393
vt 0.047196 0.718356
vt 0.321714 0.975517
vt 0.323788 0.972166
vt 0.326109 0.975566
vt 0.324087 0.977911
vt 0.988294 0.709091
vt 0.988384 0.711966
vt 0.981636 0.711966
vt 0.984435 0.709421
vt 0.021753 0.993981
vt 0.021427 0.997213
vt 0.019053 0.997366
vt 0.019053 0.993266
vt 0.653520 0.869786
vt 0.649283 0.870588
vt 0.649282 0.864149
vt 0.654496 0.864746
vt 0.704073 0.354270
vt 0.702981 0.349674
vt 0.707964 0.349768
vt 0.707964 0.356093
vt 0.703424 0.360625
vt 0.699800 0.355550
vt 0.436419 0.678207
vt 0.440058 0.679980
vt 0.439069 0.685601
vt 0.435936 0.683405
vt 0.430829 0.675377
vt 0.433073 0.667363
vt 0.437163 0.670621
vt 0.434829 0.684984
vt 0.428005 0.683101
vt 0.428793 0.692746
vt 0.424569 0.689658
vt 0.434385 0.688147
vt 0.431064 0.694810
vt 0.400484 0.486953
vt 0.397528 0.491589
vt 0.391928 0.488059
vt 0.391928 0.483355
vt 0.901387 0.347339
vt 0.900375 0.340752
vt 0.904523 0.339001
vt 0.906424 0.343480
vt 0.393469 0.480797
vt 0.399466 0.481003
vt 0.424511 0.697579
vt 0.415733 0.702270
vt 0.413779 0.697526
vt 0.420360 0.694008
vt 0.701781 0.957954
vt 0.698608 0.963909
vt 0.694324 0.961593
vt 0.696545 0.957884
vt 0.694324 0.952001
vt 0.699406 0.949839
vt 0.199137 0.131520
vt 0.199289 0.128527
vt 0.203089 0.135939
vt 0.199355 0.138508
vt 0.221681 0.922403
vt 0.219459 0.914189
vt 0.227763 0.915547
vt 0.227205 0.923546
vt 0.227763 0.931932
vt 0.220119 0.930577
vt 0.506343 0.381504
vt 0.502517 0.379219
vt 0.499295 0.376260
vt 0.504972 0.374039
vt 0.869122 0.532155
vt 0.867758 0.524149
vt 0.872724 0.522984
vt 0.872585 0.532351
vt 0.194362 0.132690
vt 0.195117 0.127822
vt 0.040844 0.740231
vt 0.043814 0.737248
vt 0.989056 0.261876
vt 0.981636 0.261876
vt 0.981962 0.255693
vt 0.988322 0.255324
vt 0.269520 0.223967
vt 0.260995 0.219511
vt 0.261390 0.211895
vt 0.269027 0.212652
vt 0.420752 0.687443
vt 0.418004 0.690247
vt 0.418611 0.685577
vt 0.421797 0.681134
vt 0.473357 0.347666
vt 0.468807 0.344064
vt 0.471974 0.340002
vt 0.477630 0.342073
vt 0.897588 0.463551
vt 0.901563 0.452223
vt 0.898510 0.463596
vt 0.890220 0.465017
vt 0.088727 0.884262
vt 0.089207 0.883749
vt 0.639472 0.920004
vt 0.640621 0.917092
vt 0.642781 0.915492
vt 0.644919 0.919991
vt 0.037961 0.187905
vt 0.033215 0.185467
vt 0.032696 0.178297
vt 0.037678 0.179389
vt 0.656150 0.850831
vt 0.658616 0.858093
vt 0.654327 0.858272
vt 0.652658 0.851319
vt 0.865828 0.209476
vt 0.873093 0.231366
vt 0.870734 0.235355
vt 0.865828 0.235163
vt 0.701926 0.813745
vt 0.701168 0.811346
vt 0.711760 0.831906
vt 0.701168 0.838767
vt 0.028470 0.777981
vt 0.022940 0.806662
vt 0.021665 0.805943
vt 0.021665 0.772343
vt 0.428951 0.366713
vt 0.423979 0.365165
vt 0.430795 0.358808
vt 0.435846 0.360776
vt 0.438833 0.365837
vt 0.429760 0.371026
vt 0.958931 0.213448
vt 0.961215 0.217735
vt 0.951603 0.217542
vt 0.953820 0.214497
vt 0.949839 0.535269
vt 0.956385 0.532540
vt 0.957195 0.538272
vt 0.949839 0.541880
vt 0.952717 0.529794
vt 0.955553 0.529828
vt 0.639472 0.910226
vt 0.641588 0.908609
vt 0.646754 0.913179
vt 0.966447 0.504562
vt 0.977956 0.504562
vt 0.977900 0.507359
vt 0.966731 0.507211
vt 0.452365 0.241543
vt 0.458580 0.234641
vt 0.456798 0.245483
vt 0.448603 0.252664
vt 0.442514 0.248469
vt 0.444943 0.240873
vt 0.452540 0.252968
vt 0.417990 0.265224
vt 0.428215 0.269590
vt 0.425382 0.269730
vt 0.419535 0.267812
vt 0.421740 0.259735
vt 0.432067 0.266376
vt 0.409004 0.257663
vt 0.411755 0.254405
vt 0.459226 0.256327
vt 0.455700 0.254791
vt 0.460374 0.248351
vt 0.463541 0.252016
vt 0.203593 0.045973
vt 0.202209 0.041289
vt 0.206885 0.041378
vt 0.206054 0.047842
vt 0.202600 0.051247
vt 0.200987 0.049136
vt 0.992383 0.529910
vt 0.993450 0.526328
vt 0.996901 0.526667
vt 0.997486 0.529910
vt 0.069697 0.956089
vt 0.067398 0.950805
vt 0.071352 0.949839
vt 0.072908 0.953685
vt 0.909019 0.326588
vt 0.905311 0.333011
vt 0.900026 0.333659
vt 0.901370 0.326588
vt 0.902312 0.981278
vt 0.906945 0.981278
vt 0.906204 0.986766
vt 0.903256 0.989201
vt 0.895869 0.199360
vt 0.894081 0.207066
vt 0.888398 0.202165
vt 0.889425 0.196015
vt 0.887793 0.188255
vt 0.894684 0.191047
vt 0.440084 0.353534
vt 0.435236 0.351665
vt 0.439092 0.345295
vt 0.443448 0.346778
vt 0.907763 0.337375
vt 0.909151 0.333224
vt 0.912951 0.331887
vt 0.909496 0.340135
vt 0.469581 0.337126
vt 0.457339 0.338428
vt 0.455584 0.334912
vt 0.469294 0.333049
vt 0.464762 0.343134
vt 0.595515 0.841746
vt 0.597492 0.834640
vt 0.601675 0.851119
vt 0.595052 0.853167
vt 0.985590 0.890681
vt 0.981636 0.890681
vt 0.981863 0.886532
vt 0.985133 0.886245
vt 0.093778 0.105157
vt 0.105844 0.102985
vt 0.107594 0.111963
vt 0.090468 0.119514
vt 0.320105 0.685449
vt 0.320105 0.670951
vt 0.327416 0.670506
vt 0.328359 0.681074
vt 0.385071 0.193359
vt 0.387198 0.206103
vt 0.379492 0.212579
vt 0.379492 0.181957
vt 0.681217 0.650987
vt 0.680148 0.649499
vt 0.678208 0.642886
vt 0.682275 0.642188
vt 0.686804 0.642332
vt 0.687250 0.652671
vt 0.680457 0.668106
vt 0.677890 0.666635
vt 0.853859 0.325763
vt 0.858499 0.321356
vt 0.867293 0.320134
vt 0.866095 0.326461
vt 0.855352 0.316535
vt 0.867222 0.314855
vt 0.310959 0.969736
vt 0.312735 0.973834
vt 0.308320 0.973226
vt 0.308736 0.967805
vt 0.444557 0.259422
vt 0.438435 0.255415
vt 0.852693 0.313901
vt 0.850865 0.303296
vt 0.857749 0.300392
vt 0.858051 0.310452
vt 0.977373 0.830518
vt 0.975367 0.832870
vt 0.967464 0.833634
vt 0.966447 0.830518
vt 0.984150 0.787810
vt 0.981636 0.785220
vt 0.988154 0.785220
vt 0.987228 0.790622
vt 0.714505 0.562192
vt 0.714729 0.566382
vt 0.709349 0.574407
vt 0.703340 0.569223
vt 0.829586 0.645523
vt 0.828835 0.630850
vt 0.833488 0.630854
vt 0.832909 0.643494
vt 0.950242 0.142548
vt 0.963543 0.142548
vt 0.963246 0.145878
vt 0.949839 0.146800
vt 0.091339 0.846748
vt 0.093700 0.840527
vt 0.098697 0.845134
vt 0.093685 0.852151
vt 0.085600 0.845833
vt 0.087994 0.838194
vt 0.088406 0.856598
vt 0.825487 0.435268
vt 0.828378 0.446759
vt 0.824531 0.445226
vt 0.824411 0.435165
vt 0.438210 0.443010
vt 0.451044 0.448226
vt 0.439642 0.454473
vt 0.426274 0.443659
vt 0.053385 0.446085
vt 0.060737 0.420198
vt 0.330925 0.886379
vt 0.330925 0.861177
vt 0.337353 0.862563
vt 0.339747 0.876644
vt 0.565755 0.976373
vt 0.565607 0.972469
vt 0.570345 0.972027
vt 0.569492 0.977649
vt 0.819289 0.365386
vt 0.820094 0.370706
vt 0.814793 0.370681
vt 0.815811 0.364536
vt 0.822469 0.362478
vt 0.825642 0.370565
vt 0.458366 0.989918
vt 0.456182 0.987794
vt 0.456757 0.987138
vt 0.457308 0.986093
vt 0.400957 0.923071
vt 0.399805 0.918789
vt 0.404825 0.924395
vt 0.406059 0.927740
vt 0.402702 0.927444
vt 0.398801 0.926922
vt 0.397247 0.923141
vt 0.396838 0.915469
vt 0.997313 0.617699
vt 0.992383 0.617699
vt 0.993250 0.616379
vt 0.995182 0.613765
vt 0.477809 0.889978
vt 0.475968 0.899509
vt 0.469050 0.901883
vt 0.470989 0.890421
vt 0.207786 0.018207
vt 0.212579 0.015870
vt 0.153807 0.697142
vt 0.158971 0.695771
vt 0.164754 0.694340
vt 0.166855 0.698474
vt 0.710619 0.582694
vt 0.696884 0.581772
vt 0.717330 0.576533
vt 0.408278 0.248359
vt 0.403443 0.250339
vt 0.401320 0.243423
vt 0.408842 0.244006
vt 0.161707 0.692073
vt 0.166723 0.690186
vt 0.170914 0.690515
vt 0.175032 0.009506
vt 0.795589 0.130641
vt 0.798080 0.135161
vt 0.794937 0.136747
vt 0.792741 0.133263
vt 0.396785 0.235217
vt 0.401265 0.235407
vt 0.397848 0.239849
vt 0.393230 0.239077
vt 0.463686 0.441229
vt 0.470776 0.446257
vt 0.457703 0.454429
vt 0.411409 0.455791
vt 0.398669 0.462769
vt 0.401742 0.448470
vt 0.418698 0.448448
vt 0.939524 0.098697
vt 0.931723 0.095256
vt 0.932492 0.089399
vt 0.939524 0.083336
vt 0.283229 0.133110
vt 0.287630 0.138089
vt 0.279647 0.142751
vt 0.276245 0.134625
vt 0.305046 0.837618
vt 0.304655 0.844771
vt 0.298185 0.845090
vt 0.301318 0.834365
vt 0.286318 0.129293
vt 0.294114 0.137265
vt 0.281684 0.147134
vt 0.289453 0.147903
vt 0.283002 0.158384
vt 0.272439 0.154776
vt 0.950236 0.268783
vt 0.962058 0.268783
vt 0.963089 0.278222
vt 0.949839 0.273562
vt 0.808886 0.763542
vt 0.813969 0.767085
vt 0.808871 0.776293
vt 0.803740 0.765200
vt 0.858760 0.655391
vt 0.861704 0.665971
vt 0.840693 0.668106
vt 0.843327 0.652959
vt 0.914402 0.041757
vt 0.917065 0.029257
vt 0.924339 0.023622
vt 0.924339 0.039155
vt 0.764156 0.580411
vt 0.764318 0.586255
vt 0.756429 0.591422
vt 0.759195 0.580828
vt 0.765787 0.574696
vt 0.767828 0.576727
vt 0.367179 0.442657
vt 0.365653 0.436682
vt 0.379786 0.438341
vt 0.376712 0.444174
vt 0.003104 0.715945
vt 0.003104 0.703349
vt 0.018655 0.696976
vt 0.008660 0.718505
vt 0.514024 0.603646
vt 0.514576 0.594043
vt 0.525754 0.589644
vt 0.525440 0.599302
vt 0.350309 0.469210
vt 0.358714 0.471334
vt 0.356966 0.477508
vt 0.351365 0.478303
vt 0.015985 0.738642
vt 0.008257 0.744027
vt 0.003445 0.735499
vt 0.013016 0.728032
vt 0.892616 0.967805
vt 0.897120 0.974590
vt 0.895916 0.976939
vt 0.892616 0.977053
vt 0.153154 0.981278
vt 0.153154 0.990184
vt 0.148390 0.988700
vt 0.148150 0.983782
vt 0.369714 0.713773
vt 0.376174 0.714051
vt 0.379261 0.721469
vt 0.372355 0.724322
vt 0.011388 0.046985
vt 0.006501 0.049349
vt 0.006501 0.042521
vt 0.010104 0.041749
vt 0.953391 0.086537
vt 0.952885 0.084698
vt 0.960438 0.083890
vt 0.963297 0.086537
vt 0.280908 0.762659
vt 0.275325 0.767070
vt 0.267238 0.759445
vt 0.271869 0.755793
vt 0.277005 0.752921
vt 0.278696 0.762041
vt 0.574352 0.910035
vt 0.567724 0.907344
vt 0.573944 0.898920
vt 0.578898 0.901615
vt 0.577292 0.917719
vt 0.567278 0.918645
vt 0.544657 0.446920
vt 0.542418 0.436682
vt 0.550152 0.435172
vt 0.552644 0.447347
vt 0.592286 0.476218
vt 0.587417 0.473558
vt 0.589285 0.466599
vt 0.594083 0.468864
vt 0.550859 0.454695
vt 0.546040 0.452127
vt 0.542936 0.451660
vt 0.541852 0.451677
vt 0.660432 0.843099
vt 0.652558 0.840908
vt 0.654994 0.831231
vt 0.660514 0.832752
vt 0.124065 0.880685
vt 0.125162 0.871775
vt 0.132391 0.872673
vt 0.130861 0.880552
vt 0.839125 0.918645
vt 0.839793 0.910956
vt 0.847401 0.909753
vt 0.848418 0.915376
vt 0.831336 0.917827
vt 0.832331 0.913070
vt 0.988169 0.756057
vt 0.986944 0.762212
vt 0.981966 0.759904
vt 0.981636 0.756057
vt 0.675844 0.729668
vt 0.680192 0.722679
vt 0.682558 0.727401
vt 0.675449 0.730373
vt 0.939524 0.212579
vt 0.933173 0.210770
vt 0.934368 0.197259
vt 0.939179 0.197259
vt 0.608534 0.296582
vt 0.611650 0.308183
vt 0.604432 0.305616
vt 0.602306 0.300250
vt 0.610503 0.287890
vt 0.620093 0.293997
vt 0.619190 0.301847
vt 0.806087 0.829438
vt 0.804366 0.814148
vt 0.811019 0.811799
vt 0.812381 0.823660
vt 0.618647 0.311880
vt 0.434209 0.958108
vt 0.428050 0.958731
vt 0.426790 0.951386
vt 0.430668 0.949839
vt 0.593031 0.822830
vt 0.603573 0.821891
vt 0.601970 0.828732
vt 0.593793 0.829438
vt 0.431083 0.964257
vt 0.426790 0.962820
vt 0.058563 0.736435
vt 0.061653 0.730736
vt 0.068529 0.729541
vt 0.067698 0.735362
vt 0.628598 0.958864
vt 0.628598 0.953475
vt 0.628967 0.952036
vt 0.631346 0.954118
vt 0.634250 0.958901
vt 0.632752 0.964108
vt 0.881394 0.837715
vt 0.881630 0.828542
vt 0.886967 0.830568
vt 0.886561 0.837122
vt 0.894322 0.224210
vt 0.897767 0.224718
vt 0.897767 0.237253
vt 0.893128 0.234827
vt 0.893782 0.216199
vt 0.897545 0.214746
vt 0.293606 0.854984
vt 0.293606 0.842914
vt 0.298023 0.861705
vt 0.066876 0.917439
vt 0.061992 0.918645
vt 0.058452 0.911550
vt 0.065254 0.911652
vt 0.074023 0.911912
vt 0.073049 0.918645
vt 0.813051 0.751250
vt 0.813849 0.757958
vt 0.808019 0.755665
vt 0.810272 0.746947
vt 0.996713 0.667026
vt 0.997171 0.671599
vt 0.992384 0.669238
vt 0.992874 0.667026
vt 0.797166 0.580094
vt 0.798402 0.576088
vt 0.801862 0.575026
vt 0.802866 0.578992
vt 0.963133 0.429975
vt 0.959507 0.432332
vt 0.949839 0.430397
vt 0.956640 0.429975
vt 0.056023 0.911176
vt 0.054737 0.904748
vt 0.056042 0.904509
vt 0.057100 0.917423
vt 0.084094 0.997180
vt 0.084094 0.993266
vt 0.086954 0.993591
vt 0.087056 0.996245
vt 0.836664 0.529290
vt 0.834611 0.530507
vt 0.832908 0.524371
vt 0.837030 0.523121
vt 0.797609 0.576264
vt 0.791856 0.577215
vt 0.788561 0.569064
vt 0.793942 0.569070
vt 0.988282 0.782497
vt 0.981917 0.782497
vt 0.981636 0.779639
vt 0.988081 0.780042
vt 0.800469 0.482449
vt 0.800445 0.476227
vt 0.805206 0.475362
vt 0.804473 0.484003
vt 0.797343 0.485895
vt 0.797286 0.478182
vt 0.806409 0.476081
vt 0.805105 0.473970
vt 0.804942 0.471716
vt 0.808560 0.471596
vt 0.044900 0.508044
vt 0.048556 0.512269
vt 0.038943 0.516263
vt 0.039835 0.509368
vt 0.048155 0.503446
vt 0.053202 0.505413
vt 0.042591 0.502316
vt 0.429507 0.720432
vt 0.431234 0.726579
vt 0.422734 0.725565
vt 0.423352 0.716740
vt 0.438610 0.720026
vt 0.445200 0.730568
vt 0.433287 0.710993
vt 0.012990 0.325370
vt 0.024625 0.320673
vt 0.034538 0.335203
vt 0.018630 0.342390
vt 0.168150 0.040150
vt 0.170822 0.042301
vt 0.169405 0.063243
vt 0.165738 0.062194
vt 0.009406 0.303127
vt 0.016893 0.301140
vt 0.971781 0.906556
vt 0.966447 0.907489
vt 0.971161 0.905921
vt 0.977297 0.907489
vt 0.006166 0.349053
vt 0.001958 0.335183
vt 0.081917 0.746900
vt 0.086656 0.750749
vt 0.089207 0.764166
vt 0.085055 0.762443
vt 0.078590 0.760927
vt 0.074452 0.741613
vt 0.605065 0.985852
vt 0.604597 0.983487
vt 0.607245 0.981278
vt 0.608638 0.983563
vt 0.985923 0.577816
vt 0.981636 0.577830
vt 0.983369 0.576154
vt 0.988611 0.577830
vt 0.907605 0.234204
vt 0.905696 0.228872
vt 0.908808 0.229857
vt 0.909155 0.232071
vt 0.902397 0.235355
vt 0.902141 0.227457
vt 0.981636 0.562573
vt 0.988595 0.562573
vt 0.985727 0.562713
vt 0.983624 0.565045
vt 0.001962 0.372524
vt 0.009582 0.371037
vt 0.010315 0.379516
vt 0.001526 0.379101
vt 0.790114 0.759357
vt 0.786588 0.754406
vt 0.791172 0.748898
vt 0.795274 0.757963
vt 0.793889 0.771871
vt 0.787773 0.767576
vt 0.981636 0.482678
vt 0.988741 0.482678
vt 0.988045 0.484473
vt 0.984863 0.485667
vt 0.837466 0.670429
vt 0.838928 0.675424
vt 0.826495 0.687086
vt 0.826495 0.656290
vt 0.881477 0.975278
vt 0.876983 0.977080
vt 0.877529 0.968416
vt 0.881477 0.967805
vt 0.661409 0.984447
vt 0.667345 0.981278
vt 0.667345 0.989463
vt 0.662163 0.988932
vt 0.003552 0.390734
vt 0.002392 0.386304
vt 0.011950 0.388640
vt 0.007810 0.392746
vt 0.074367 0.774408
vt 0.082816 0.771111
vt 0.086841 0.775954
vt 0.080098 0.777781
vt 0.756710 0.806747
vt 0.744824 0.810661
vt 0.749381 0.800618
vt 0.755014 0.799551
vt 0.770599 0.812283
vt 0.770599 0.827089
vt 0.759019 0.831336
vt 0.744898 0.830817
vt 0.873100 0.276079
vt 0.874991 0.282867
vt 0.863829 0.285514
vt 0.864968 0.273809
vt 0.752528 0.427752
vt 0.757681 0.420960
vt 0.761109 0.435872
vt 0.754929 0.439860
vt 0.744808 0.440851
vt 0.745486 0.426765
vt 0.163664 0.809093
vt 0.153514 0.809748
vt 0.152229 0.798806
vt 0.165293 0.801816
vt 0.173037 0.805801
vt 0.167837 0.812695
vt 0.156085 0.816152
vt 0.756951 0.452141
vt 0.746846 0.451702
vt 0.752481 0.457821
vt 0.742236 0.456719
vt 0.760401 0.450881
vt 0.875222 0.704168
vt 0.875578 0.698586
vt 0.884476 0.699501
vt 0.884223 0.702698
vt 0.371680 0.273513
vt 0.373564 0.277817
vt 0.369265 0.279940
vt 0.360525 0.269128
vt 0.886377 0.693220
vt 0.881342 0.694184
vt 0.880599 0.688678
vt 0.886071 0.689626
vt 0.891371 0.689460
vt 0.892073 0.694257
vt 0.901914 0.599777
vt 0.891893 0.595718
vt 0.886557 0.588652
vt 0.903322 0.588792
vt 0.069486 0.761566
vt 0.054642 0.766877
vt 0.055377 0.763844
vt 0.850029 0.690958
vt 0.851030 0.699496
vt 0.843350 0.704168
vt 0.840434 0.694024
vt 0.840384 0.981278
vt 0.844950 0.985607
vt 0.843756 0.988645
vt 0.840384 0.989327
vt 0.323024 0.247345
vt 0.325069 0.256128
vt 0.317433 0.250164
vt 0.317105 0.248188
vt 0.992384 0.304419
vt 0.992651 0.300964
vt 0.997809 0.299440
vt 0.995561 0.304419
vt 0.625429 0.987181
vt 0.625429 0.981278
vt 0.629698 0.984011
vt 0.628802 0.989598
vt 0.998325 0.060914
vt 0.997583 0.064822
vt 0.992384 0.064822
vt 0.992898 0.061816
vt 0.876889 0.834420
vt 0.871990 0.836720
vt 0.871264 0.831680
vt 0.875063 0.831096
vt 0.694523 0.802009
vt 0.696900 0.797947
vt 0.700824 0.798607
vt 0.699973 0.802866
vt 0.064483 0.717567
vt 0.066544 0.709809
vt 0.079717 0.709874
vt 0.076918 0.714453
vt 0.072513 0.720771
vt 0.063515 0.724283
vt 0.057581 0.726137
vt 0.056808 0.722446
vt 0.058794 0.715594
vt 0.060044 0.709567
vt 0.055258 0.720392
vt 0.159663 0.825776
vt 0.160668 0.820333
vt 0.170823 0.830350
vt 0.163198 0.834072
vt 0.625549 0.914845
vt 0.625549 0.903764
vt 0.630678 0.901487
vt 0.631743 0.914849
vt 0.149040 0.828191
vt 0.149262 0.822292
vt 0.057165 0.699980
vt 0.055775 0.709686
vt 0.053237 0.702590
vt 0.065434 0.701585
vt 0.103788 0.893346
vt 0.110233 0.886197
vt 0.110517 0.893007
vt 0.105560 0.896139
vt 0.097678 0.895235
vt 0.098273 0.881156
vt 0.102465 0.877932
vt 0.557621 0.460524
vt 0.555991 0.463119
vt 0.552440 0.462309
vt 0.554425 0.456640
vt 0.558697 0.456072
vt 0.561060 0.458802
vt 0.996173 0.313074
vt 0.992383 0.313074
vt 0.993522 0.311050
vt 0.997952 0.311315
vt 0.973748 0.768625
vt 0.977502 0.769781
vt 0.966447 0.769781
vt 0.969376 0.767683
vt 0.804408 0.459567
vt 0.801647 0.462507
vt 0.797972 0.458312
vt 0.797286 0.456320
vt 0.936037 0.971245
vt 0.936037 0.977026
vt 0.932147 0.973147
vt 0.933358 0.967805
vt 0.739854 0.973222
vt 0.741388 0.976871
vt 0.738492 0.977252
vt 0.735830 0.973540
vt 0.957007 0.151599
vt 0.963298 0.158129
vt 0.951928 0.158129
vt 0.949839 0.149523
vt 0.996030 0.555012
vt 0.992383 0.555012
vt 0.992743 0.553917
vt 0.997568 0.554905
vt 0.770599 0.561009
vt 0.763304 0.567877
vt 0.754138 0.554481
vt 0.768934 0.549643
vt 0.360957 0.781454
vt 0.358607 0.770119
vt 0.376233 0.766070
vt 0.374898 0.780726
vt 0.791478 0.519059
vt 0.791478 0.533866
vt 0.781571 0.531732
vt 0.783640 0.512835
vt 0.400484 0.252063
vt 0.400147 0.256423
vt 0.398006 0.253766
vt 0.396446 0.249179
vt 0.511585 0.951163
vt 0.516450 0.949839
vt 0.514954 0.954320
vt 0.511337 0.955514
vt 0.700618 0.772018
vt 0.702494 0.779034
vt 0.698222 0.782032
vt 0.696254 0.777350
vt 0.141088 0.820139
vt 0.140906 0.827494
vt 0.694523 0.774112
vt 0.697225 0.770413
vt 0.698778 0.767869
vt 0.699587 0.768825
vt 0.989396 0.105982
vt 0.987174 0.109025
vt 0.981636 0.107448
vt 0.984720 0.105982
vt 0.625605 0.895263
vt 0.630214 0.894579
vt 0.992383 0.533476
vt 0.994908 0.532633
vt 0.997577 0.534140
vt 0.993649 0.534140
vt 0.981636 0.829393
vt 0.986202 0.827748
vt 0.988269 0.829393
vt 0.983716 0.829392
vt 0.547006 0.753149
vt 0.543657 0.755684
vt 0.543070 0.749345
vt 0.547098 0.748167
vt 0.549012 0.760317
vt 0.545798 0.761471
vt 0.596047 0.981930
vt 0.597593 0.981278
vt 0.597593 0.989808
vt 0.596008 0.989365
vt 0.778730 0.342911
vt 0.778505 0.350778
vt 0.764725 0.353696
vt 0.770507 0.343197
vt 0.624098 0.838292
vt 0.614496 0.838046
vt 0.616625 0.828004
vt 0.627446 0.830930
vt 0.775895 0.872457
vt 0.779493 0.876201
vt 0.770501 0.883148
vt 0.768254 0.875723
vt 0.650252 0.949839
vt 0.649856 0.957445
vt 0.641204 0.959472
vt 0.644622 0.951792
vt 0.907756 0.208735
vt 0.906111 0.206658
vt 0.906309 0.199098
vt 0.908642 0.199314
vt 0.912854 0.196852
vt 0.912951 0.208783
vt 0.292517 0.651740
vt 0.296274 0.646010
vt 0.299547 0.648822
vt 0.297481 0.652019
vt 0.299323 0.661154
vt 0.293618 0.662964
vt 0.281275 0.656175
vt 0.279374 0.646135
vt 0.288850 0.642186
vt 0.291664 0.639726
vt 0.611361 0.981278
vt 0.617188 0.982828
vt 0.617188 0.989533
vt 0.612754 0.987491
vt 0.987894 0.911244
vt 0.987104 0.915355
vt 0.982162 0.916887
vt 0.981636 0.911244
vt 0.997076 0.774878
vt 0.993721 0.774074
vt 0.992383 0.773740
vt 0.997076 0.772121
vt 0.633122 0.299746
vt 0.629638 0.289436
vt 0.637989 0.291171
vt 0.639854 0.298912
vt 0.628565 0.305574
vt 0.635802 0.306036
vt 0.633025 0.308789
vt 0.816656 0.964005
vt 0.815964 0.956909
vt 0.817644 0.953649
vt 0.817955 0.956628
vt 0.981636 0.301644
vt 0.986376 0.296647
vt 0.986163 0.297063
vt 0.989090 0.301644
vt 0.649219 0.707636
vt 0.658894 0.714102
vt 0.658243 0.723025
vt 0.650481 0.718817
vt 0.453459 0.989803
vt 0.449516 0.986286
vt 0.448807 0.982980
vt 0.453459 0.981278
vt 0.126215 0.985114
vt 0.128131 0.989475
vt 0.120419 0.990069
vt 0.121140 0.986977
vt 0.121971 0.985201
vt 0.124241 0.982714
vt 0.970474 0.066590
vt 0.978701 0.066590
vt 0.976140 0.069908
vt 0.971793 0.071650
vt 0.968238 0.071465
vt 0.966447 0.067341
vt 0.008080 0.997429
vt 0.008080 0.993266
vt 0.011581 0.993969
vt 0.011505 0.995215
vt 0.988813 0.090276
vt 0.989380 0.092020
vt 0.985855 0.093999
vt 0.981636 0.090276
vt 0.911484 0.192702
vt 0.912951 0.193185
vt 0.954852 0.477628
vt 0.958969 0.477628
vt 0.950786 0.479275
vt 0.950932 0.478520
vt 0.996160 0.332109
vt 0.992383 0.334684
vt 0.992383 0.330090
vt 0.997782 0.331347
vt 0.984477 0.765970
vt 0.983012 0.766694
vt 0.981636 0.765565
vt 0.982460 0.764935
vt 0.962373 0.832055
vt 0.961221 0.834253
vt 0.956812 0.832588
vt 0.958269 0.828751
vt 0.572539 0.770599
vt 0.556476 0.770599
vt 0.556993 0.754648
vt 0.573389 0.757656
vt 0.585816 0.758566
vt 0.586491 0.768663
vt 0.791940 0.931453
vt 0.796830 0.931302
vt 0.795209 0.935867
vt 0.788369 0.932929
vt 0.921028 0.971795
vt 0.923028 0.967805
vt 0.923256 0.974556
vt 0.921028 0.977134
vt 0.620539 0.218600
vt 0.621638 0.222406
vt 0.615567 0.221131
vt 0.616956 0.215965
vt 0.560683 0.994220
vt 0.560499 0.993406
vt 0.560815 0.993266
vt 0.560815 0.993777
vt 0.637113 0.259377
vt 0.642952 0.262074
vt 0.640941 0.266693
vt 0.636555 0.266876
vt 0.642374 0.250451
vt 0.648622 0.255912
vt 0.633536 0.252194
vt 0.637860 0.245896
vt 0.629040 0.262612
vt 0.627233 0.258429
vt 0.629708 0.267713
vt 0.777297 0.795398
vt 0.776742 0.802985
vt 0.773391 0.809783
vt 0.770702 0.797409
vt 0.931914 0.696100
vt 0.932578 0.686619
vt 0.936249 0.690590
vt 0.936997 0.700372
vt 0.776436 0.780901
vt 0.780089 0.786476
vt 0.861654 0.876764
vt 0.864431 0.877106
vt 0.864500 0.883731
vt 0.860339 0.881032
vt 0.777908 0.814254
vt 0.780089 0.812764
vt 0.055768 0.928471
vt 0.058649 0.924238
vt 0.060737 0.928090
vt 0.058164 0.931041
vt 0.385614 0.973728
vt 0.387488 0.967805
vt 0.388721 0.978017
vt 0.385265 0.978017
vt 0.967083 0.686314
vt 0.977509 0.684731
vt 0.975879 0.690238
vt 0.966447 0.690238
vt 0.324102 0.862273
vt 0.319874 0.862343
vt 0.318154 0.854885
vt 0.325818 0.855932
vt 0.933035 0.507553
vt 0.932190 0.501332
vt 0.936901 0.502415
vt 0.937523 0.509004
vt 0.068739 0.289076
vt 0.064277 0.293964
vt 0.055089 0.284971
vt 0.065508 0.284769
vt 0.616662 0.231179
vt 0.611457 0.235355
vt 0.609574 0.226946
vt 0.616189 0.226380
vt 0.622553 0.225651
vt 0.621249 0.231082
vt 0.970991 0.439195
vt 0.972981 0.441588
vt 0.966447 0.441588
vt 0.967497 0.437748
vt 0.972446 0.436496
vt 0.978073 0.439464
vt 0.997606 0.422462
vt 0.997606 0.426445
vt 0.992384 0.426949
vt 0.994631 0.422167
vt 0.040625 0.974326
vt 0.034737 0.978191
vt 0.037744 0.969816
vt 0.042481 0.967805
vt 0.266121 0.865364
vt 0.264548 0.870947
vt 0.261282 0.870662
vt 0.265765 0.861007
vt 0.268366 0.859682
vt 0.268833 0.864563
vt 0.267374 0.871195
vt 0.975940 0.140580
vt 0.972615 0.144637
vt 0.972129 0.140251
vt 0.978413 0.135787
vt 0.187472 0.900316
vt 0.184826 0.908072
vt 0.178199 0.901429
vt 0.182731 0.895597
vt 0.191701 0.901220
vt 0.189132 0.910500
vt 0.058159 0.805108
vt 0.054734 0.806662
vt 0.053661 0.804552
vt 0.055079 0.801797
vt 0.058181 0.798877
vt 0.060680 0.801171
vt 0.571306 0.927339
vt 0.571154 0.932216
vt 0.569055 0.931705
vt 0.567950 0.928007
vt 0.992384 0.915869
vt 0.996722 0.915869
vt 0.995888 0.917731
vt 0.993618 0.918894
vt 0.566277 0.924052
vt 0.569360 0.923390
vt 0.997768 0.347203
vt 0.992383 0.347203
vt 0.993216 0.342396
vt 0.996501 0.342571
vt 0.982635 0.849346
vt 0.988014 0.848284
vt 0.988011 0.854398
vt 0.981636 0.854398
vt 0.268233 0.853816
vt 0.264499 0.855420
vt 0.562832 0.897767
vt 0.560456 0.896697
vt 0.563384 0.889390
vt 0.573564 0.889067
vt 0.924842 0.882636
vt 0.931932 0.872094
vt 0.931932 0.887417
vt 0.922987 0.888277
vt 0.258018 0.851779
vt 0.262741 0.848822
vt 0.260208 0.857509
vt 0.972751 0.082181
vt 0.978706 0.084656
vt 0.978647 0.086313
vt 0.970400 0.086969
vt 0.259374 0.858115
vt 0.256278 0.857607
vt 0.578898 0.889253
vt 0.577151 0.894901
vt 0.812985 0.651791
vt 0.817347 0.646390
vt 0.819948 0.648499
vt 0.819939 0.649467
vt 0.136912 0.967805
vt 0.139225 0.969685
vt 0.138637 0.974249
vt 0.136912 0.978311
vt 0.819893 0.654234
vt 0.814373 0.654852
vt 0.810391 0.647309
vt 0.814598 0.644161
vt 0.701014 0.755984
vt 0.707078 0.754542
vt 0.705586 0.759850
vt 0.700170 0.762593
vt 0.690104 0.766803
vt 0.687068 0.760064
vt 0.687656 0.756122
vt 0.701663 0.749970
vt 0.191056 0.958335
vt 0.189839 0.954726
vt 0.195944 0.949839
vt 0.195944 0.959871
vt 0.685598 0.987738
vt 0.682164 0.989475
vt 0.682164 0.981278
vt 0.687615 0.984309
vt 0.174830 0.899353
vt 0.173843 0.889659
vt 0.174533 0.911053
vt 0.173843 0.904537
vt 0.563697 0.883837
vt 0.560456 0.883147
vt 0.561644 0.878693
vt 0.565811 0.879040
vt 0.886379 0.447934
vt 0.882571 0.427281
vt 0.882861 0.424126
vt 0.886379 0.426728
vt 0.373739 0.385016
vt 0.353642 0.391955
vt 0.374223 0.369279
vt 0.386708 0.363672
vt 0.391465 0.385879
vt 0.372058 0.395493
vt 0.355199 0.395011
vt 0.395960 0.858970
vt 0.404280 0.861003
vt 0.403204 0.882975
vt 0.395138 0.884481
vt 0.802976 0.652024
vt 0.802035 0.647753
vt 0.808528 0.661430
vt 0.802035 0.659918
vt 0.455951 0.354875
vt 0.457870 0.356263
vt 0.452473 0.360745
vt 0.451728 0.357046
vt 0.458527 0.350625
vt 0.460011 0.348791
vt 0.025434 0.252604
vt 0.029038 0.250259
vt 0.026565 0.255936
vt 0.023411 0.258120
vt 0.021469 0.250422
vt 0.029376 0.246642
vt 0.017913 0.257523
vt 0.278832 0.749667
vt 0.267264 0.746118
vt 0.268491 0.742310
vt 0.844749 0.445383
vt 0.851903 0.439092
vt 0.853787 0.443253
vt 0.848340 0.446391
vt 0.264253 0.750029
vt 0.857414 0.450386
vt 0.853831 0.453629
vt 0.390852 0.724951
vt 0.380487 0.730173
vt 0.385441 0.716596
vt 0.070738 0.996074
vt 0.069369 0.993266
vt 0.073120 0.993266
vt 0.071049 0.997162
vt 0.521708 0.347608
vt 0.510495 0.348903
vt 0.514062 0.342060
vt 0.524301 0.337661
vt 0.535322 0.335273
vt 0.541132 0.337617
vt 0.524266 0.357781
vt 0.826175 0.749721
vt 0.820284 0.740866
vt 0.821680 0.730128
vt 0.824811 0.730413
vt 0.205235 0.996351
vt 0.204508 0.996767
vt 0.204508 0.993266
vt 0.206872 0.994135
vt 0.092176 0.308402
vt 0.095618 0.312252
vt 0.094141 0.313175
vt 0.092085 0.309514
vt 0.494950 0.599480
vt 0.501231 0.603708
vt 0.501093 0.606649
vt 0.497836 0.605708
vt 0.847098 0.432348
vt 0.852619 0.432864
vt 0.047755 0.293708
vt 0.065690 0.310620
vt 0.067038 0.317312
vt 0.049567 0.297082
vt 0.549502 0.343127
vt 0.548982 0.341745
vt 0.556520 0.341382
vt 0.556841 0.346243
vt 0.542695 0.341818
vt 0.544786 0.339984
vt 0.545300 0.353569
vt 0.515393 0.336678
vt 0.519781 0.327299
vt 0.214140 0.842506
vt 0.216028 0.842726
vt 0.217409 0.857908
vt 0.208237 0.851051
vt 0.185718 0.973914
vt 0.181500 0.978079
vt 0.181500 0.968006
vt 0.188023 0.967805
vt 0.451671 0.972212
vt 0.446773 0.967805
vt 0.456058 0.967805
vt 0.395147 0.712187
vt 0.390557 0.706320
vt 0.391174 0.700100
vt 0.397694 0.700853
vt 0.402734 0.702707
vt 0.403482 0.711281
vt 0.855920 0.432501
vt 0.856824 0.435777
vt 0.860905 0.428254
vt 0.861720 0.432222
vt 0.036040 0.254278
vt 0.038548 0.264723
vt 0.032523 0.265898
vt 0.029339 0.260624
vt 0.098697 0.297618
vt 0.097288 0.306533
vt 0.096870 0.301823
vt 0.033132 0.257559
vt 0.032179 0.253214
vt 0.032999 0.250457
vt 0.026169 0.267786
vt 0.025423 0.263524
vt 0.992383 0.869767
vt 0.995175 0.865855
vt 0.996782 0.869767
vt 0.995976 0.867762
vt 0.098697 0.310388
vt 0.437489 0.378755
vt 0.434996 0.384865
vt 0.426297 0.384574
vt 0.440342 0.374229
vt 0.989194 0.145836
vt 0.985376 0.142572
vt 0.981636 0.145836
vt 0.986609 0.142066
vt 0.982344 0.140220
vt 0.986566 0.139446
vt 0.516973 0.368561
vt 0.519812 0.373029
vt 0.522454 0.372998
vt 0.521942 0.377707
vt 0.513232 0.376883
vt 0.989175 0.352370
vt 0.984036 0.354093
vt 0.981636 0.352648
vt 0.982063 0.352370
vt 0.140934 0.958750
vt 0.142586 0.949839
vt 0.145495 0.955801
vt 0.145495 0.964800
vt 0.347842 0.335524
vt 0.344975 0.342774
vt 0.341917 0.343581
vt 0.344688 0.327995
vt 0.036664 0.902070
vt 0.034694 0.894900
vt 0.043943 0.894539
vt 0.041790 0.901097
vt 0.958309 0.068363
vt 0.951252 0.072897
vt 0.949839 0.063039
vt 0.963359 0.063039
vt 0.939744 0.690050
vt 0.941422 0.697495
vt 0.941422 0.685251
vt 0.041333 0.906729
vt 0.051247 0.899100
vt 0.048901 0.907860
vt 0.042019 0.912951
vt 0.034694 0.910158
vt 0.129148 0.935209
vt 0.128597 0.928347
vt 0.137806 0.931758
vt 0.138556 0.932790
vt 0.985516 0.357276
vt 0.988932 0.356817
vt 0.988932 0.363087
vt 0.981636 0.357126
vt 0.425588 0.214726
vt 0.430852 0.211385
vt 0.428546 0.221076
vt 0.423330 0.221951
vt 0.740757 0.671711
vt 0.742106 0.678039
vt 0.738014 0.678179
vt 0.737101 0.670629
vt 0.389239 0.007173
vt 0.389316 0.004090
vt 0.394569 0.005568
vt 0.395151 0.009894
vt 0.387360 0.017082
vt 0.386125 0.009853
vt 0.138556 0.943320
vt 0.132061 0.942227
vt 0.402849 0.975244
vt 0.402849 0.967805
vt 0.408528 0.970108
vt 0.409084 0.977859
vt 0.592185 0.848884
vt 0.583623 0.852214
vt 0.580100 0.844327
vt 0.589879 0.841119
vt 0.721137 0.603370
vt 0.728843 0.598680
vt 0.839263 0.610161
vt 0.833094 0.608616
vt 0.836685 0.595024
vt 0.840826 0.605278
vt 0.830241 0.875137
vt 0.824872 0.874005
vt 0.827446 0.867380
vt 0.836649 0.869567
vt 0.826239 0.878787
vt 0.823031 0.877016
vt 0.969627 0.886190
vt 0.966447 0.879698
vt 0.977108 0.879698
vt 0.975665 0.884897
vt 0.592185 0.932462
vt 0.592185 0.939524
vt 0.589982 0.939042
vt 0.588019 0.937472
vt 0.586484 0.935918
vt 0.590649 0.926065
vt 0.205948 0.982007
vt 0.207682 0.982021
vt 0.207963 0.989867
vt 0.205948 0.989726
vt 0.711313 0.884407
vt 0.709878 0.869059
vt 0.722784 0.877053
vt 0.717490 0.886379
vt 0.474787 0.963901
vt 0.465407 0.963558
vt 0.465373 0.957425
vt 0.476774 0.957488
vt 0.887465 0.747492
vt 0.891064 0.740208
vt 0.897767 0.744362
vt 0.892797 0.748185
vt 0.321754 0.804700
vt 0.317247 0.798323
vt 0.324332 0.784570
vt 0.328657 0.795378
vt 0.332155 0.805106
vt 0.328085 0.808296
vt 0.319010 0.814254
vt 0.314513 0.811152
vt 0.731291 0.806803
vt 0.724938 0.801485
vt 0.727081 0.799795
vt 0.731916 0.805453
vt 0.056605 0.778356
vt 0.060737 0.786874
vt 0.047809 0.791214
vt 0.047423 0.782757
vt 0.046183 0.771491
vt 0.052914 0.775242
vt 0.057085 0.773512
vt 0.060737 0.776851
vt 0.179425 0.922581
vt 0.186007 0.922282
vt 0.185559 0.930034
vt 0.174124 0.928101
vt 0.174124 0.915383
vt 0.179628 0.913631
vt 0.183482 0.912452
vt 0.372418 0.932923
vt 0.367360 0.936619
vt 0.367360 0.922423
vt 0.374431 0.926974
vt 0.933830 0.382604
vt 0.928656 0.387198
vt 0.927111 0.376739
vt 0.933830 0.370624
vt 0.216375 0.760639
vt 0.209982 0.768126
vt 0.205206 0.762540
vt 0.213371 0.756737
vt 0.034982 0.797553
vt 0.034894 0.792666
vt 0.044375 0.797602
vt 0.041231 0.800725
vt 0.035498 0.786833
vt 0.043047 0.792351
vt 0.048043 0.793723
vt 0.049300 0.797486
vt 0.950180 0.920143
vt 0.962229 0.920143
vt 0.959753 0.925589
vt 0.949839 0.924322
vt 0.838758 0.951651
vt 0.844003 0.949839
vt 0.844003 0.963835
vt 0.838258 0.958567
vt 0.780150 0.212578
vt 0.783821 0.215991
vt 0.779242 0.225776
vt 0.772335 0.217139
vt 0.735360 0.685395
vt 0.735418 0.677376
vt 0.737922 0.686275
vt 0.738234 0.692386
vt 0.734698 0.691183
vt 0.734528 0.687966
vt 0.187855 0.994139
vt 0.190559 0.993266
vt 0.189416 0.996815
vt 0.187855 0.996810
vt 0.474971 0.993266
vt 0.474971 0.994898
vt 0.474289 0.994243
vt 0.474260 0.993669
vt 0.733261 0.687838
vt 0.732984 0.687445
vt 0.529096 0.994521
vt 0.528386 0.993774
vt 0.527911 0.993266
vt 0.529097 0.993266
vt 0.400982 0.995508
vt 0.400982 0.994104
vt 0.401374 0.995440
vt 0.401320 0.995498
vt 0.451217 0.995154
vt 0.450507 0.994203
vt 0.451266 0.993266
vt 0.451266 0.995161
vt 0.367496 0.994797
vt 0.367625 0.995101
vt 0.366760 0.994130
vt 0.367280 0.993416
vt 0.994050 0.937351
vt 0.992383 0.936941
vt 0.993013 0.937138
vt 0.996805 0.936941
vt 0.995922 0.196617
vt 0.994290 0.197088
vt 0.995574 0.196380
vt 0.995398 0.194824
vt 0.916747 0.170869
vt 0.916380 0.178695
vt 0.913637 0.177530
vt 0.911923 0.171250
vt 0.739257 0.698130
vt 0.736964 0.698709
vt 0.491581 0.401010
vt 0.495590 0.400335
vt 0.501079 0.412459
vt 0.491581 0.419464
vt 0.393785 0.016417
vt 0.398586 0.014014
vt 0.599769 0.890739
vt 0.595347 0.890971
vt 0.595375 0.888894
vt 0.599002 0.885820
vt 0.598509 0.896016
vt 0.595308 0.893800
vt 0.603239 0.889081
vt 0.607369 0.888071
vt 0.890175 0.876426
vt 0.888040 0.888277
vt 0.888688 0.871008
vt 0.889475 0.864517
vt 0.993182 0.562384
vt 0.993726 0.561793
vt 0.997478 0.561576
vt 0.995367 0.563847
vt 0.966447 0.639046
vt 0.968530 0.639299
vt 0.977836 0.639046
vt 0.966637 0.639599
vt 0.488916 0.993266
vt 0.489111 0.994756
vt 0.488820 0.993795
vt 0.488620 0.993772
vt 0.550872 0.993488
vt 0.551342 0.993266
vt 0.551217 0.994128
vt 0.551342 0.994335
vt 0.747754 0.676272
vt 0.751619 0.682308
vt 0.742558 0.687055
vt 0.957899 0.207171
vt 0.963358 0.205600
vt 0.963303 0.208831
vt 0.959938 0.210725
vt 0.588389 0.876483
vt 0.584985 0.878605
vt 0.586399 0.867928
vt 0.588389 0.868618
vt 0.014461 0.987498
vt 0.012109 0.990280
vt 0.010936 0.985988
vt 0.014781 0.983846
vt 0.630142 0.590638
vt 0.633778 0.590161
vt 0.635839 0.592935
vt 0.631399 0.594083
vt 0.627433 0.588471
vt 0.635839 0.576714
vt 0.916348 0.471365
vt 0.909157 0.474507
vt 0.906002 0.467762
vt 0.916027 0.466041
vt 0.844464 0.972594
vt 0.846663 0.973032
vt 0.842050 0.977149
vt 0.842155 0.973414
vt 0.994280 0.676453
vt 0.996102 0.674322
vt 0.997152 0.678981
vt 0.992383 0.678981
vt 0.278076 0.988066
vt 0.274028 0.990067
vt 0.274422 0.985953
vt 0.277383 0.984152
vt 0.166336 0.795445
vt 0.174623 0.793520
vt 0.180009 0.797824
vt 0.176341 0.801841
vt 0.153610 0.791605
vt 0.160000 0.785452
vt 0.169447 0.785465
vt 0.464187 0.977766
vt 0.458781 0.977292
vt 0.458781 0.967805
vt 0.461105 0.969596
vt 0.610421 0.029641
vt 0.604822 0.029487
vt 0.607280 0.018706
vt 0.613713 0.025519
vt 0.607043 0.412633
vt 0.613428 0.426293
vt 0.600559 0.432664
vt 0.593454 0.415021
vt 0.588436 0.407189
vt 0.611810 0.395545
vt 0.632101 0.408306
vt 0.603671 0.057409
vt 0.611104 0.037115
vt 0.631209 0.038537
vt 0.628279 0.049934
vt 0.630452 0.063947
vt 0.610278 0.075633
vt 0.581564 0.073990
vt 0.565429 0.071884
vt 0.590474 0.051906
vt 0.595166 0.086521
vt 0.637780 0.446767
vt 0.628355 0.440994
vt 0.650755 0.420123
vt 0.655196 0.423445
vt 0.024674 0.814280
vt 0.017020 0.841926
vt 0.012318 0.842615
vt 0.012084 0.816415
vt 0.649985 0.447417
vt 0.644373 0.460502
vt 0.641917 0.457734
vt 0.713839 0.392918
vt 0.717454 0.399437
vt 0.712231 0.401401
vt 0.709239 0.390695
vt 0.927646 0.768361
vt 0.922968 0.770599
vt 0.923131 0.761690
vt 0.928136 0.762619
vt 0.917437 0.761165
vt 0.916735 0.752925
vt 0.926029 0.756967
vt 0.418633 0.981523
vt 0.423672 0.981278
vt 0.423672 0.989843
vt 0.420793 0.986439
vt 0.968160 0.728409
vt 0.972457 0.729620
vt 0.977409 0.733570
vt 0.966447 0.733570
vt 0.924339 0.061633
vt 0.922596 0.078233
vt 0.919212 0.079717
vt 0.919071 0.061633
vt 0.468070 0.652111
vt 0.472609 0.663570
vt 0.470167 0.664549
vt 0.462503 0.656587
vt 0.456000 0.650414
vt 0.460292 0.644736
vt 0.802866 0.893901
vt 0.793197 0.895386
vt 0.793547 0.886235
vt 0.799733 0.886365
vt 0.522826 0.809851
vt 0.526934 0.800489
vt 0.535135 0.800738
vt 0.534779 0.810458
vt 0.201800 0.712874
vt 0.198549 0.725717
vt 0.193312 0.725297
vt 0.202420 0.711818
vt 0.282806 0.724726
vt 0.282158 0.731654
vt 0.274557 0.732022
vt 0.272799 0.724331
vt 0.258398 0.983545
vt 0.261705 0.981278
vt 0.261705 0.988806
vt 0.258820 0.990122
vt 0.345441 0.389096
vt 0.340264 0.383170
vt 0.341345 0.381498
vt 0.343059 0.380107
vt 0.590304 0.128597
vt 0.596471 0.114484
vt 0.602914 0.120630
vt 0.605229 0.133304
vt 0.608027 0.144245
vt 0.595094 0.145672
vt 0.612454 0.149074
vt 0.608318 0.151009
vt 0.604922 0.149633
vt 0.901542 0.103900
vt 0.911053 0.097304
vt 0.911053 0.117256
vt 0.906179 0.117678
vt 0.622568 0.145206
vt 0.621983 0.149414
vt 0.182427 0.985724
vt 0.181995 0.981278
vt 0.189664 0.988597
vt 0.181995 0.989982
vt 0.275043 0.716281
vt 0.269200 0.716526
vt 0.269177 0.711055
vt 0.274701 0.713027
vt 0.271242 0.704979
vt 0.276668 0.707857
vt 0.275877 0.700292
vt 0.278601 0.705529
vt 0.255557 0.708402
vt 0.259078 0.704325
vt 0.276846 0.694336
vt 0.260210 0.713670
vt 0.001780 0.572496
vt 0.004900 0.573248
vt 0.005624 0.579048
vt 0.001780 0.580796
vt 0.002574 0.558246
vt 0.007761 0.560459
vt 0.862099 0.358071
vt 0.865501 0.356470
vt 0.865501 0.370358
vt 0.860813 0.371278
vt 0.074328 0.637737
vt 0.065035 0.631291
vt 0.077976 0.627129
vt 0.082801 0.633381
vt 0.981636 0.407525
vt 0.988864 0.407525
vt 0.988994 0.410302
vt 0.984058 0.409308
vt 0.264428 0.989944
vt 0.264428 0.981278
vt 0.269038 0.981357
vt 0.271305 0.984995
vt 0.338554 0.380478
vt 0.341117 0.379762
vt 0.245834 0.993573
vt 0.246271 0.993338
vt 0.246738 0.993340
vt 0.246800 0.993266
vt 0.245783 0.994231
vt 0.246800 0.996663
vt 0.688222 0.178706
vt 0.694282 0.178723
vt 0.693037 0.181395
vt 0.688487 0.180462
vt 0.993677 0.632603
vt 0.992383 0.630904
vt 0.997370 0.630904
vt 0.996036 0.633209
vt 0.347591 0.773845
vt 0.344877 0.778704
vt 0.339581 0.777061
vt 0.342252 0.766061
vt 0.352221 0.777913
vt 0.348586 0.782748
vt 0.655855 0.633453
vt 0.661183 0.613368
vt 0.665088 0.615092
vt 0.657275 0.651934
vt 0.655762 0.613141
vt 0.660492 0.613063
vt 0.497195 0.967805
vt 0.505805 0.967805
vt 0.503604 0.973897
vt 0.499264 0.977546
vt 0.911053 0.024171
vt 0.911053 0.041757
vt 0.903008 0.037844
vt 0.903171 0.020793
vt 0.148046 0.053118
vt 0.147915 0.055043
vt 0.138071 0.054499
vt 0.144774 0.050852
vt 0.396044 0.413572
vt 0.384668 0.411748
vt 0.384914 0.408783
vt 0.398240 0.409243
vt 0.417141 0.408222
vt 0.417755 0.411714
vt 0.400584 0.419917
vt 0.388451 0.424256
vt 0.386969 0.418498
vt 0.388033 0.276920
vt 0.396700 0.277300
vt 0.395474 0.278767
vt 0.388273 0.283907
vt 0.383039 0.270337
vt 0.397150 0.274479
vt 0.378951 0.275170
vt 0.314785 0.964629
vt 0.312052 0.963386
vt 0.312052 0.949839
vt 0.314966 0.951024
vt 0.981636 0.725420
vt 0.986068 0.722970
vt 0.984238 0.724594
vt 0.988402 0.725420
vt 0.988409 0.630591
vt 0.981636 0.630591
vt 0.982243 0.627647
vt 0.987532 0.627161
vt 0.985561 0.122792
vt 0.982125 0.122074
vt 0.981636 0.117923
vt 0.989286 0.117923
vt 0.856785 0.340818
vt 0.860311 0.333835
vt 0.861374 0.334156
vt 0.863603 0.341739
vt 0.856185 0.330516
vt 0.861387 0.329650
vt 0.570294 0.838280
vt 0.583463 0.828037
vt 0.572465 0.847907
vt 0.986497 0.773058
vt 0.988231 0.776916
vt 0.983860 0.776916
vt 0.981636 0.772859
vt 0.021069 0.959929
vt 0.016138 0.958779
vt 0.019726 0.949839
vt 0.023318 0.956586
vt 0.181074 0.657278
vt 0.195802 0.645620
vt 0.198339 0.652146
vt 0.188221 0.664649
vt 0.995461 0.226940
vt 0.992384 0.227132
vt 0.992998 0.226553
vt 0.998118 0.227132
vt 0.886354 0.521088
vt 0.877446 0.523856
vt 0.876199 0.519518
vt 0.877663 0.515422
vt 0.878687 0.509728
vt 0.886379 0.513940
vt 0.454029 0.941422
vt 0.447847 0.940571
vt 0.446626 0.925351
vt 0.459323 0.925351
vt 0.410461 0.286169
vt 0.413770 0.296097
vt 0.402934 0.299888
vt 0.402934 0.283654
vt 0.959344 0.799180
vt 0.962111 0.804141
vt 0.956479 0.804766
vt 0.953745 0.800095
vt 0.956171 0.793247
vt 0.962111 0.793535
vt 0.682775 0.260403
vt 0.690809 0.267835
vt 0.682338 0.279245
vt 0.672753 0.276650
vt 0.688795 0.253737
vt 0.692359 0.263978
vt 0.076119 0.343066
vt 0.080366 0.330493
vt 0.089260 0.325200
vt 0.086142 0.343719
vt 0.071928 0.340933
vt 0.071968 0.328867
vt 0.287028 0.985394
vt 0.287808 0.989897
vt 0.285666 0.990155
vt 0.285666 0.981278
vt 0.983607 0.134032
vt 0.981636 0.131219
vt 0.988956 0.131219
vt 0.989249 0.136723
vt 0.830026 0.126446
vt 0.833198 0.122764
vt 0.836251 0.126977
vt 0.830516 0.134760
vt 0.825713 0.121979
vt 0.830541 0.119405
vt 0.365785 0.848758
vt 0.353613 0.850876
vt 0.356637 0.841161
vt 0.365420 0.841853
vt 0.372013 0.849773
vt 0.368817 0.855737
vt 0.364934 0.856010
vt 0.355549 0.856010
vt 0.823956 0.953002
vt 0.827823 0.955396
vt 0.820678 0.963771
vt 0.820678 0.949839
vt 0.372134 0.863060
vt 0.372120 0.863268
vt 0.375809 0.866075
vt 0.372868 0.875024
vt 0.736440 0.298979
vt 0.741918 0.300387
vt 0.737999 0.307303
vt 0.733484 0.304594
vt 0.734767 0.293800
vt 0.744647 0.292814
vt 0.687086 0.917063
vt 0.687086 0.931932
vt 0.684406 0.922372
vt 0.685662 0.915603
vt 0.949839 0.162272
vt 0.951012 0.160852
vt 0.960227 0.161888
vt 0.963648 0.162272
vt 0.593865 0.739721
vt 0.594083 0.744027
vt 0.592036 0.743503
vt 0.591773 0.742916
vt 0.590209 0.739419
vt 0.594083 0.732312
vt 0.051203 0.089549
vt 0.050091 0.086504
vt 0.052428 0.089420
vt 0.053145 0.091105
vt 0.219753 0.667411
vt 0.219778 0.664158
vt 0.220841 0.664330
vt 0.220358 0.666875
vt 0.995515 0.761802
vt 0.997176 0.762938
vt 0.992383 0.762938
vt 0.992590 0.762039
vt 0.992383 0.895387
vt 0.996703 0.895387
vt 0.996837 0.896593
vt 0.992932 0.896255
vt 0.371250 0.995312
vt 0.371803 0.995847
vt 0.370347 0.994385
vt 0.371803 0.993266
vt 0.175994 0.038652
vt 0.177806 0.037925
vt 0.177256 0.042930
vt 0.176150 0.042811
vt 0.048289 0.080854
vt 0.048459 0.074564
vt 0.051734 0.074710
vt 0.053145 0.080431
vt 0.956323 0.408244
vt 0.949839 0.404911
vt 0.958708 0.402256
vt 0.960701 0.403614
vt 0.963004 0.405184
vt 0.962622 0.408244
vt 0.334747 0.973330
vt 0.335759 0.978041
vt 0.331415 0.977218
vt 0.331421 0.973998
vt 0.331425 0.971669
vt 0.335759 0.967805
vt 0.660856 0.248923
vt 0.660680 0.241411
vt 0.670521 0.244506
vt 0.663693 0.253193
vt 0.661698 0.259607
vt 0.670976 0.257841
vt 0.665336 0.268430
vt 0.957259 0.188024
vt 0.954475 0.184048
vt 0.963009 0.184048
vt 0.963212 0.186444
vt 0.956292 0.192085
vt 0.949839 0.186492
vt 0.960878 0.192414
vt 0.806501 0.586506
vt 0.809723 0.582286
vt 0.812469 0.588919
vt 0.807402 0.591945
vt 0.846532 0.407751
vt 0.846506 0.402893
vt 0.854026 0.401805
vt 0.851524 0.409577
vt 0.802483 0.595489
vt 0.801816 0.584967
vt 0.620989 0.767013
vt 0.626349 0.780761
vt 0.613681 0.780359
vt 0.609117 0.769549
vt 0.949901 0.139825
vt 0.949839 0.139702
vt 0.959603 0.137833
vt 0.963675 0.139825
vt 0.427478 0.900207
vt 0.428954 0.913494
vt 0.421449 0.915626
vt 0.419413 0.905315
vt 0.692496 0.919797
vt 0.699748 0.911537
vt 0.702155 0.910062
vt 0.706066 0.920543
vt 0.522671 0.727291
vt 0.529550 0.740231
vt 0.518225 0.739582
vt 0.515140 0.735946
vt 0.508840 0.724799
vt 0.511032 0.717473
vt 0.520298 0.717811
vt 0.506786 0.732038
vt 0.885703 0.938013
vt 0.891789 0.935920
vt 0.893971 0.942617
vt 0.887751 0.943320
vt 0.879546 0.943249
vt 0.879546 0.933989
vt 0.884015 0.928544
vt 0.426043 0.899432
vt 0.413194 0.896696
vt 0.328799 0.407776
vt 0.330977 0.404602
vt 0.334814 0.410885
vt 0.328847 0.413769
vt 0.659639 0.124575
vt 0.658956 0.118269
vt 0.666653 0.114366
vt 0.667465 0.123576
vt 0.261836 0.719080
vt 0.264994 0.724652
vt 0.652312 0.089662
vt 0.654431 0.093046
vt 0.649693 0.096892
vt 0.647655 0.094646
vt 0.651579 0.087357
vt 0.651904 0.084725
vt 0.652125 0.083991
vt 0.651593 0.087276
vt 0.655022 0.083628
vt 0.656125 0.086255
vt 0.653923 0.076296
vt 0.650365 0.056812
vt 0.666065 0.055213
vt 0.666840 0.072248
vt 0.666537 0.126934
vt 0.677670 0.130824
vt 0.668064 0.139550
vt 0.662347 0.135854
vt 0.657399 0.133792
vt 0.658555 0.128653
vt 0.684907 0.080099
vt 0.682160 0.070256
vt 0.699767 0.070314
vt 0.699439 0.081579
vt 0.722325 0.013189
vt 0.711231 0.020878
vt 0.706792 0.002143
vt 0.723148 0.002143
vt 0.579686 0.409262
vt 0.574972 0.411780
vt 0.570765 0.408875
vt 0.582883 0.405299
vt 0.580205 0.413091
vt 0.697549 0.058065
vt 0.683534 0.053782
vt 0.703493 0.051135
vt 0.711436 0.069257
vt 0.692276 0.025726
vt 0.685419 0.039665
vt 0.671082 0.028068
vt 0.674016 0.016464
vt 0.687329 0.014986
vt 0.700643 0.014424
vt 0.705058 0.022958
vt 0.449833 0.233239
vt 0.445825 0.237253
vt 0.436096 0.224441
vt 0.447420 0.223645
vt 0.428043 0.820659
vt 0.429957 0.807429
vt 0.433894 0.812913
vt 0.433269 0.823579
vt 0.119854 0.719867
vt 0.132862 0.715250
vt 0.132862 0.740991
vt 0.115391 0.736702
vt 0.808539 0.336742
vt 0.814254 0.358392
vt 0.795378 0.364421
vt 0.795378 0.330516
vt 0.709711 0.046340
vt 0.715185 0.035322
vt 0.719896 0.051522
vt 0.721478 0.069871
vt 0.716859 0.068335
vt 0.476021 0.814254
vt 0.475729 0.791246
vt 0.483685 0.793280
vt 0.483997 0.813124
vt 0.383142 0.913929
vt 0.386167 0.930034
vt 0.377402 0.928370
vt 0.377402 0.912385
vt 0.725699 0.056168
vt 0.721426 0.044215
vt 0.730989 0.051666
vt 0.854112 0.586161
vt 0.849754 0.601675
vt 0.841577 0.592201
vt 0.842039 0.580997
vt 0.841577 0.574864
vt 0.846852 0.573583
vt 0.664748 0.038420
vt 0.668627 0.045243
vt 0.651254 0.045874
vt 0.651872 0.040492
vt 0.741921 0.114346
vt 0.742244 0.101472
vt 0.751619 0.104150
vt 0.750991 0.121474
vt 0.179050 0.946510
vt 0.174007 0.947116
vt 0.174104 0.942803
vt 0.182827 0.947116
vt 0.650701 0.024707
vt 0.645844 0.017620
vt 0.665203 0.009326
vt 0.653671 0.034570
vt 0.669252 0.006553
vt 0.673372 0.010400
vt 0.262343 0.806691
vt 0.262726 0.797844
vt 0.269520 0.796318
vt 0.267955 0.812356
vt 0.110727 0.674006
vt 0.105631 0.666362
vt 0.111675 0.666682
vt 0.115103 0.671785
vt 0.116117 0.680756
vt 0.110604 0.683284
vt 0.728336 0.701537
vt 0.727154 0.708308
vt 0.719113 0.707109
vt 0.722182 0.696534
vt 0.732639 0.700440
vt 0.731633 0.708508
vt 0.409799 0.802691
vt 0.418138 0.796252
vt 0.423260 0.804289
vt 0.411661 0.808166
vt 0.401177 0.800694
vt 0.410929 0.788683
vt 0.401359 0.808560
vt 0.397858 0.807812
vt 0.392935 0.805288
vt 0.393998 0.794675
vt 0.401931 0.782319
vt 0.194087 0.748602
vt 0.187801 0.744968
vt 0.193155 0.737879
vt 0.200192 0.740303
vt 0.155556 0.755210
vt 0.165665 0.757061
vt 0.159186 0.769210
vt 0.150981 0.765307
vt 0.182779 0.753517
vt 0.183038 0.750378
vt 0.974164 0.295171
vt 0.978361 0.297036
vt 0.966447 0.297036
vt 0.971479 0.293112
vt 0.637690 0.983523
vt 0.637841 0.981278
vt 0.644286 0.981278
vt 0.642562 0.986135
vt 0.639628 0.989471
vt 0.637826 0.985454
vt 0.021379 0.976080
vt 0.014248 0.978235
vt 0.016729 0.969917
vt 0.021379 0.967805
vt 0.145656 0.762362
vt 0.148932 0.772587
vt 0.144088 0.769536
vt 0.764905 0.337466
vt 0.759821 0.338117
vt 0.758876 0.330212
vt 0.763323 0.328261
vt 0.926238 0.425441
vt 0.926238 0.428919
vt 0.923226 0.427425
vt 0.924239 0.425177
vt 0.981636 0.041104
vt 0.988604 0.041104
vt 0.989456 0.043103
vt 0.984092 0.044623
vt 0.305585 0.827992
vt 0.308390 0.828022
vt 0.307448 0.833234
vt 0.304133 0.828528
vt 0.301780 0.828272
vt 0.303663 0.826869
vt 0.309379 0.821186
vt 0.298208 0.817377
vt 0.297341 0.823903
vt 0.290586 0.818539
vt 0.297116 0.814530
vt 0.302464 0.812321
vt 0.303405 0.814617
vt 0.714154 0.114914
vt 0.718421 0.125839
vt 0.708590 0.128999
vt 0.705733 0.110744
vt 0.715981 0.100525
vt 0.722776 0.108829
vt 0.726277 0.121804
vt 0.717006 0.137398
vt 0.723909 0.132616
vt 0.855999 0.679814
vt 0.859806 0.671234
vt 0.859806 0.698474
vt 0.853873 0.691844
vt 0.736435 0.100867
vt 0.736435 0.131594
vt 0.448155 0.019345
vt 0.443380 0.007118
vt 0.455527 0.001408
vt 0.455527 0.020878
vt 0.182208 0.780089
vt 0.174737 0.779184
vt 0.174023 0.771011
vt 0.181386 0.765897
vt 0.334050 0.855700
vt 0.335159 0.849313
vt 0.339648 0.851173
vt 0.341645 0.861705
vt 0.538961 0.672933
vt 0.538961 0.649750
vt 0.551046 0.665318
vt 0.543377 0.677588
vt 0.550068 0.855069
vt 0.539921 0.855149
vt 0.542061 0.842740
vt 0.552776 0.846918
vt 0.554224 0.858734
vt 0.539583 0.865501
vt 0.712735 0.967805
vt 0.720882 0.967805
vt 0.721528 0.977131
vt 0.712255 0.974171
vt 0.996751 0.568014
vt 0.992383 0.567943
vt 0.993046 0.566570
vt 0.997501 0.566570
vt 0.709513 0.224381
vt 0.702059 0.226702
vt 0.701309 0.220426
vt 0.710585 0.219172
vt 0.717220 0.221479
vt 0.711400 0.228657
vt 0.182648 0.763353
vt 0.187905 0.767170
vt 0.564900 0.333045
vt 0.565892 0.319600
vt 0.573412 0.316520
vt 0.571786 0.327158
vt 0.144964 0.629960
vt 0.152446 0.627308
vt 0.150494 0.634493
vt 0.146082 0.637737
vt 0.962689 0.640074
vt 0.955285 0.638412
vt 0.956260 0.635858
vt 0.960210 0.634538
vt 0.130964 0.315676
vt 0.130378 0.320767
vt 0.126851 0.318116
vt 0.126155 0.314721
vt 0.124253 0.312089
vt 0.130964 0.308955
vt 0.909155 0.370115
vt 0.902852 0.369507
vt 0.900922 0.361872
vt 0.907203 0.362204
vt 0.986240 0.149469
vt 0.989284 0.150914
vt 0.981636 0.153143
vt 0.981636 0.148559
vt 0.730351 0.071538
vt 0.721219 0.088508
vt 0.717633 0.090669
vt 0.738657 0.068830
vt 0.740231 0.076210
vt 0.734727 0.081583
vt 0.393230 0.914547
vt 0.394790 0.927479
vt 0.971568 0.370708
vt 0.978124 0.370708
vt 0.974311 0.375979
vt 0.966447 0.371709
vt 0.128535 0.752853
vt 0.133258 0.751585
vt 0.138094 0.755117
vt 0.130116 0.759349
vt 0.622841 0.792882
vt 0.614143 0.808551
vt 0.609571 0.807655
vt 0.621654 0.789506
vt 0.706627 0.094161
vt 0.698300 0.088242
vt 0.711618 0.082352
vt 0.709452 0.079268
vt 0.483997 0.785089
vt 0.478836 0.781018
vt 0.076330 0.810582
vt 0.069768 0.812356
vt 0.066894 0.798914
vt 0.078021 0.800704
vt 0.521749 0.757497
vt 0.520629 0.748000
vt 0.525754 0.748309
vt 0.523628 0.757913
vt 0.522850 0.761173
vt 0.520987 0.764387
vt 0.513984 0.755584
vt 0.512140 0.740618
vt 0.976185 0.338222
vt 0.966447 0.338222
vt 0.967640 0.332363
vt 0.978056 0.330339
vt 0.958743 0.757966
vt 0.953089 0.761269
vt 0.949839 0.754509
vt 0.962373 0.754509
vt 0.881173 0.556195
vt 0.877900 0.550965
vt 0.884509 0.550722
vt 0.888277 0.554833
vt 0.523402 0.770599
vt 0.523902 0.764670
vt 0.876475 0.560013
vt 0.875809 0.556738
vt 0.876352 0.552415
vt 0.888277 0.566397
vt 0.876170 0.567740
vt 0.731627 0.959242
vt 0.730139 0.963919
vt 0.726506 0.961562
vt 0.724642 0.957389
vt 0.726299 0.951463
vt 0.731627 0.949839
vt 0.607823 0.959267
vt 0.606569 0.949839
vt 0.613408 0.949839
vt 0.611173 0.961274
vt 0.400484 0.504940
vt 0.390240 0.511957
vt 0.390526 0.507654
vt 0.400408 0.496660
vt 0.400484 0.511866
vt 0.393289 0.514153
vt 0.121926 0.964600
vt 0.126049 0.956814
vt 0.127779 0.956449
vt 0.128569 0.964339
vt 0.536240 0.985148
vt 0.537335 0.981278
vt 0.537335 0.989880
vt 0.536473 0.989615
vt 0.985377 0.595485
vt 0.982827 0.596398
vt 0.981636 0.595485
vt 0.982383 0.595770
vt 0.117696 0.990314
vt 0.114870 0.984515
vt 0.117672 0.981484
vt 0.117696 0.981278
vt 0.984908 0.415694
vt 0.987478 0.417352
vt 0.981636 0.418318
vt 0.982605 0.415041
vt 0.983712 0.413507
vt 0.986575 0.414370
vt 0.971986 0.588910
vt 0.973469 0.593284
vt 0.970116 0.590799
vt 0.966447 0.587526
vt 0.977697 0.587526
vt 0.976734 0.591775
vt 0.883180 0.575102
vt 0.881116 0.572969
vt 0.886485 0.571347
vt 0.886498 0.571244
vt 0.985136 0.907188
vt 0.988136 0.908521
vt 0.984408 0.908521
vt 0.981636 0.907777
vt 0.636214 0.669066
vt 0.640760 0.674388
vt 0.636141 0.679102
vt 0.632866 0.668792
vt 0.681932 0.430264
vt 0.682492 0.412698
vt 0.689009 0.410631
vt 0.690882 0.430094
vt 0.670545 0.427691
vt 0.674588 0.413968
vt 0.953133 0.639106
vt 0.952885 0.634499
vt 0.950967 0.640074
vt 0.949839 0.633851
vt 0.996667 0.001788
vt 0.994198 0.002441
vt 0.992383 0.002505
vt 0.994475 0.001362
vt 0.624986 0.821846
vt 0.617014 0.820358
vt 0.621211 0.812104
vt 0.628247 0.816377
vt 0.901494 0.353873
vt 0.909155 0.349243
vt 0.969803 0.563503
vt 0.966447 0.558015
vt 0.977489 0.554021
vt 0.977489 0.564236
vt 0.164399 0.621962
vt 0.183209 0.623572
vt 0.185373 0.631121
vt 0.165486 0.631192
vt 0.170213 0.612916
vt 0.184900 0.614959
vt 0.670545 0.445535
vt 0.689794 0.450804
vt 0.675185 0.459323
vt 0.342210 0.661742
vt 0.355678 0.660587
vt 0.341889 0.681240
vt 0.332361 0.678252
vt 0.042215 0.959144
vt 0.030725 0.964599
vt 0.030725 0.949839
vt 0.041279 0.949995
vt 0.216247 0.726869
vt 0.206635 0.725454
vt 0.206921 0.708483
vt 0.219128 0.708169
vt 0.647227 0.697861
vt 0.640494 0.696016
vt 0.826731 0.301978
vt 0.834632 0.302984
vt 0.832276 0.310558
vt 0.826194 0.308750
vt 0.826192 0.296074
vt 0.835974 0.295544
vt 0.812575 0.836515
vt 0.819948 0.844929
vt 0.804879 0.849098
vt 0.806774 0.836027
vt 0.846468 0.309418
vt 0.839314 0.318869
vt 0.174023 0.744814
vt 0.177823 0.742313
vt 0.179407 0.757568
vt 0.175573 0.759071
vt 0.605104 0.697037
vt 0.598483 0.685080
vt 0.603061 0.682652
vt 0.609267 0.698474
vt 0.573406 0.694041
vt 0.562818 0.691202
vt 0.568548 0.685995
vt 0.577867 0.688460
vt 0.576419 0.698299
vt 0.563619 0.698474
vt 0.967067 0.001956
vt 0.974796 0.001362
vt 0.978784 0.006736
vt 0.966447 0.006736
vt 0.779495 0.307539
vt 0.784405 0.315593
vt 0.779947 0.322355
vt 0.775346 0.308981
vt 0.778263 0.296213
vt 0.785387 0.298906
vt 0.792532 0.301787
vt 0.791725 0.309475
vt 0.793375 0.317062
vt 0.793247 0.324563
vt 0.571921 0.669074
vt 0.577363 0.662272
vt 0.579841 0.677863
vt 0.571153 0.678531
vt 0.563946 0.668573
vt 0.568792 0.660788
vt 0.454437 0.867694
vt 0.459323 0.869888
vt 0.453221 0.876483
vt 0.449313 0.869843
vt 0.453376 0.859174
vt 0.459323 0.858774
vt 0.446923 0.859824
vt 0.603846 0.949839
vt 0.603445 0.954773
vt 0.599095 0.956467
vt 0.599225 0.949890
vt 0.657516 0.963585
vt 0.652975 0.964061
vt 0.653304 0.958028
vt 0.658722 0.958905
vt 0.556261 0.167448
vt 0.552839 0.170420
vt 0.551875 0.163139
vt 0.558020 0.162447
vt 0.313412 0.832578
vt 0.313412 0.821499
vt 0.323328 0.818174
vt 0.324015 0.830341
vt 0.922441 0.919210
vt 0.922441 0.931550
vt 0.907576 0.935728
vt 0.911366 0.920347
vt 0.660432 0.355700
vt 0.644764 0.351124
vt 0.647240 0.341213
vt 0.660514 0.343195
vt 0.654216 0.364890
vt 0.640216 0.356727
vt 0.324078 0.838173
vt 0.317230 0.842901
vt 0.861515 0.749921
vt 0.855922 0.751155
vt 0.858905 0.741754
vt 0.864475 0.744639
vt 0.864252 0.755515
vt 0.859252 0.759656
vt 0.869143 0.749127
vt 0.962509 0.726510
vt 0.949839 0.726510
vt 0.951179 0.721185
vt 0.959030 0.722827
vt 0.300197 0.387476
vt 0.300712 0.391468
vt 0.294119 0.396254
vt 0.291603 0.393208
vt 0.704669 0.893569
vt 0.699526 0.893971
vt 0.701385 0.889074
vt 0.706066 0.891016
vt 0.830716 0.005026
vt 0.834543 0.001428
vt 0.837030 0.006902
vt 0.830610 0.009503
vt 0.291270 0.988995
vt 0.290531 0.983368
vt 0.293903 0.982035
vt 0.294331 0.987616
vt 0.296950 0.981278
vt 0.296950 0.989916
vt 0.327328 0.846178
vt 0.324303 0.848418
vt 0.826185 0.018349
vt 0.827173 0.009479
vt 0.829873 0.019532
vt 0.657960 0.361358
vt 0.653266 0.360824
vt 0.657331 0.353850
vt 0.657492 0.353576
vt 0.872363 0.420254
vt 0.873454 0.425002
vt 0.872218 0.427289
vt 0.870325 0.421445
vt 0.867114 0.416157
vt 0.872305 0.418396
vt 0.810177 0.989337
vt 0.810177 0.981278
vt 0.813962 0.981438
vt 0.814878 0.987744
vt 0.693559 0.194888
vt 0.693563 0.185782
vt 0.695607 0.185076
vt 0.698401 0.193416
vt 0.989205 0.290777
vt 0.988073 0.293924
vt 0.981838 0.293139
vt 0.981636 0.290777
vt 0.699096 0.200895
vt 0.694768 0.201232
vt 0.753244 0.989418
vt 0.748621 0.987867
vt 0.748930 0.981374
vt 0.753244 0.981278
vt 0.981636 0.447747
vt 0.988813 0.448020
vt 0.987653 0.449071
vt 0.981636 0.451073
vt 0.874991 0.431024
vt 0.867114 0.438444
vt 0.736945 0.465942
vt 0.738013 0.465827
vt 0.730710 0.467010
vt 0.730431 0.463423
vt 0.733569 0.455336
vt 0.736748 0.454657
vt 0.237257 0.876781
vt 0.232463 0.876533
vt 0.233056 0.872628
vt 0.237832 0.875184
vt 0.237901 0.884393
vt 0.232711 0.884525
vt 0.241050 0.883775
vt 0.383799 0.301493
vt 0.377496 0.299881
vt 0.378630 0.292291
vt 0.384695 0.293839
vt 0.381017 0.308702
vt 0.376440 0.307201
vt 0.827879 0.289391
vt 0.835630 0.289359
vt 0.649765 0.225865
vt 0.641425 0.223245
vt 0.642907 0.219091
vt 0.648580 0.220892
vt 0.751329 0.685566
vt 0.753684 0.691158
vt 0.750507 0.692388
vt 0.750415 0.688408
vt 0.756395 0.692793
vt 0.759262 0.690363
vt 0.761365 0.694141
vt 0.767072 0.700208
vt 0.762726 0.703914
vt 0.750437 0.699816
vt 0.652921 0.216845
vt 0.644382 0.214710
vt 0.644969 0.209901
vt 0.652360 0.212793
vt 0.680464 0.891162
vt 0.683621 0.890376
vt 0.684005 0.893276
vt 0.675894 0.896125
vt 0.326390 0.739146
vt 0.332155 0.739816
vt 0.331727 0.742798
vt 0.329293 0.744771
vt 0.327953 0.752185
vt 0.323129 0.752327
vt 0.233228 0.871427
vt 0.227614 0.868635
vt 0.228730 0.867651
vt 0.325531 0.765818
vt 0.328774 0.764079
vt 0.329147 0.769084
vt 0.329195 0.769978
vt 0.332155 0.775029
vt 0.324138 0.776293
vt 0.086820 0.095806
vt 0.086856 0.089792
vt 0.086013 0.088051
vt 0.089063 0.095259
vt 0.738965 0.451740
vt 0.737808 0.456768
vt 0.087219 0.108188
vt 0.084547 0.106228
vt 0.740231 0.450193
vt 0.736862 0.444183
vt 0.740231 0.443455
vt 0.382415 0.977954
vt 0.377765 0.971425
vt 0.382542 0.967805
vt 0.382542 0.974712
vt 0.084547 0.085301
vt 0.085970 0.085945
vt 0.087821 0.088746
vt 0.091105 0.090745
vt 0.734843 0.467366
vt 0.728359 0.468767
vt 0.783625 0.026681
vt 0.789284 0.027549
vt 0.791478 0.037961
vt 0.790441 0.035001
vt 0.783000 0.014863
vt 0.788441 0.016668
vt 0.030368 0.898603
vt 0.027238 0.903999
vt 0.021810 0.905465
vt 0.022210 0.900200
vt 0.475745 0.967805
vt 0.475745 0.975387
vt 0.471753 0.974427
vt 0.469570 0.970317
vt 0.743965 0.048323
vt 0.750769 0.048893
vt 0.750268 0.060882
vt 0.744018 0.055688
vt 0.475565 0.977585
vt 0.470746 0.977357
vt 0.743376 0.057853
vt 0.745669 0.063526
vt 0.787008 0.007999
vt 0.789550 0.002459
vt 0.791478 0.003618
vt 0.789366 0.007587
vt 0.788032 0.010846
vt 0.785073 0.010898
vt 0.987998 0.943147
vt 0.986023 0.944793
vt 0.981636 0.944022
vt 0.983300 0.943147
vt 0.749859 0.069449
vt 0.746684 0.074023
vt 0.420028 0.459368
vt 0.425158 0.471965
vt 0.422142 0.469329
vt 0.417884 0.458864
vt 0.499393 0.981278
vt 0.500390 0.982059
vt 0.500390 0.989913
vt 0.499124 0.982733
vt 0.866575 0.011964
vt 0.867460 0.013689
vt 0.864641 0.019200
vt 0.861498 0.019512
vt 0.422446 0.478683
vt 0.417718 0.479159
vt 0.416178 0.471124
vt 0.413583 0.461389
vt 0.868790 0.412821
vt 0.868734 0.412741
vt 0.758128 0.056791
vt 0.763691 0.068129
vt 0.758925 0.074023
vt 0.966447 0.736293
vt 0.977377 0.736293
vt 0.977055 0.736586
vt 0.969953 0.741794
vt 0.536248 0.418483
vt 0.553018 0.420013
vt 0.554309 0.429561
vt 0.536815 0.427470
vt 0.536294 0.411009
vt 0.553384 0.413591
vt 0.522767 0.427866
vt 0.522518 0.420736
vt 0.625016 0.339409
vt 0.626873 0.333914
vt 0.635116 0.337273
vt 0.633544 0.344208
vt 0.167566 0.347363
vt 0.170822 0.355087
vt 0.167150 0.357460
vt 0.166972 0.349088
vt 0.335951 0.930034
vt 0.327851 0.926156
vt 0.329398 0.921160
vt 0.335400 0.921203
vt 0.648228 0.121782
vt 0.646173 0.116260
vt 0.652921 0.121008
vt 0.651817 0.127168
vt 0.852215 0.724051
vt 0.848319 0.732396
vt 0.844067 0.730258
vt 0.846528 0.722898
vt 0.499183 0.180790
vt 0.495414 0.171697
vt 0.503870 0.166698
vt 0.508700 0.179148
vt 0.960567 0.361238
vt 0.962928 0.370506
vt 0.954509 0.370042
vt 0.949839 0.361238
vt 0.631410 0.020351
vt 0.625334 0.012324
vt 0.640544 0.013227
vt 0.641533 0.020878
vt 0.567016 0.414115
vt 0.569408 0.419669
vt 0.521818 0.164002
vt 0.522795 0.171171
vt 0.483545 0.161363
vt 0.489356 0.155863
vt 0.846476 0.241241
vt 0.846192 0.235142
vt 0.851905 0.230211
vt 0.850453 0.244846
vt 0.232127 0.462664
vt 0.219538 0.455154
vt 0.231062 0.451396
vt 0.235791 0.457804
vt 0.231686 0.465146
vt 0.224982 0.475638
vt 0.246757 0.442697
vt 0.240729 0.452194
vt 0.238238 0.444988
vt 0.244812 0.438016
vt 0.925871 0.584377
vt 0.926237 0.597236
vt 0.920546 0.601675
vt 0.920546 0.594457
vt 0.311268 0.928770
vt 0.311277 0.935728
vt 0.303227 0.931836
vt 0.303227 0.919288
vt 0.244271 0.429057
vt 0.251093 0.425261
vt 0.236029 0.435702
vt 0.275042 0.059188
vt 0.264058 0.068251
vt 0.260959 0.061097
vt 0.270031 0.049177
vt 0.272103 0.076894
vt 0.265741 0.078938
vt 0.242948 0.360625
vt 0.236660 0.357555
vt 0.233093 0.344039
vt 0.242948 0.340748
vt 0.513367 0.183625
vt 0.510995 0.189803
vt 0.505970 0.188451
vt 0.523969 0.176545
vt 0.933569 0.904330
vt 0.933067 0.907257
vt 0.931203 0.891884
vt 0.933830 0.891884
vt 0.823007 0.087280
vt 0.821317 0.097100
vt 0.813376 0.098203
vt 0.816099 0.083303
vt 0.826612 0.092547
vt 0.827540 0.100595
vt 0.857908 0.229208
vt 0.857908 0.244202
vt 0.950805 0.657700
vt 0.960139 0.659793
vt 0.962766 0.661484
vt 0.949839 0.661484
vt 0.854026 0.217215
vt 0.857678 0.219219
vt 0.214477 0.151842
vt 0.209981 0.147932
vt 0.211489 0.135715
vt 0.214477 0.137445
vt 0.271604 0.408055
vt 0.268412 0.422221
vt 0.262268 0.420419
vt 0.264983 0.408731
vt 0.584371 0.362523
vt 0.582971 0.340494
vt 0.586491 0.345542
vt 0.582971 0.358265
vt 0.274729 0.400732
vt 0.281316 0.397054
vt 0.284858 0.401465
vt 0.409914 0.508671
vt 0.405469 0.505375
vt 0.407891 0.481071
vt 0.412397 0.486536
vt 0.988500 0.622807
vt 0.988304 0.624176
vt 0.982509 0.624438
vt 0.981636 0.622807
vt 0.392167 0.981278
vt 0.394660 0.988702
vt 0.392536 0.989999
vt 0.392167 0.989589
vt 0.415334 0.479556
vt 0.410363 0.470465
vt 0.662989 0.359885
vt 0.665174 0.359151
vt 0.665314 0.364491
vt 0.662410 0.364125
vt 0.880308 0.261832
vt 0.881912 0.258048
vt 0.885037 0.258582
vt 0.884635 0.263484
vt 0.882800 0.269539
vt 0.878727 0.269259
vt 0.876872 0.257535
vt 0.880852 0.255070
vt 0.873738 0.261562
vt 0.982918 0.752959
vt 0.981636 0.748972
vt 0.988271 0.748972
vt 0.987909 0.753334
vt 0.884616 0.254600
vt 0.230663 0.757050
vt 0.231014 0.747661
vt 0.237510 0.750496
vt 0.233637 0.762836
vt 0.862205 0.024601
vt 0.860580 0.028470
vt 0.712950 0.198970
vt 0.716075 0.196736
vt 0.721162 0.204093
vt 0.715511 0.205452
vt 0.706245 0.199644
vt 0.705833 0.194806
vt 0.707969 0.206374
vt 0.892073 0.483142
vt 0.881013 0.475818
vt 0.882218 0.462026
vt 0.891402 0.473320
vt 0.803957 0.988699
vt 0.800989 0.989253
vt 0.800989 0.981512
vt 0.807454 0.981278
vt 0.920714 0.708028
vt 0.917165 0.707149
vt 0.919082 0.701391
vt 0.922441 0.704090
vt 0.922441 0.714618
vt 0.917255 0.719352
vt 0.903233 0.667454
vt 0.903889 0.658852
vt 0.906224 0.660849
vt 0.909155 0.666588
vt 0.909155 0.679494
vt 0.903478 0.677562
vt 0.166886 0.987238
vt 0.173593 0.981278
vt 0.173593 0.990071
vt 0.168619 0.989855
vt 0.585187 0.309343
vt 0.575455 0.309328
vt 0.586905 0.305575
vt 0.727197 0.474507
vt 0.726268 0.471608
vt 0.287589 0.405339
vt 0.278502 0.412988
vt 0.255358 0.454721
vt 0.254053 0.451129
vt 0.256745 0.438918
vt 0.260714 0.439181
vt 0.266160 0.440583
vt 0.261042 0.455340
vt 0.254375 0.471039
vt 0.248849 0.469958
vt 0.243042 0.469299
vt 0.249536 0.460078
vt 0.246477 0.455737
vt 0.996582 0.957573
vt 0.993453 0.955770
vt 0.992383 0.953487
vt 0.996484 0.953487
vt 0.858048 0.003426
vt 0.869171 0.001612
vt 0.869297 0.002825
vt 0.858709 0.006973
vt 0.626349 0.364421
vt 0.622991 0.361153
vt 0.623726 0.355620
vt 0.626349 0.356595
vt 0.520894 0.964090
vt 0.521366 0.956483
vt 0.528556 0.954683
vt 0.529270 0.956274
vt 0.896404 0.085398
vt 0.905359 0.086832
vt 0.905266 0.096799
vt 0.899588 0.095149
vt 0.899463 0.075778
vt 0.905359 0.076882
vt 0.893489 0.080879
vt 0.894842 0.075367
vt 0.577758 0.967805
vt 0.577758 0.977620
vt 0.573117 0.975283
vt 0.573068 0.968700
vt 0.832499 0.731529
vt 0.836629 0.734024
vt 0.833371 0.738966
vt 0.830064 0.736775
vt 0.913367 0.987600
vt 0.909668 0.989184
vt 0.909668 0.981633
vt 0.914398 0.981278
vt 0.840198 0.729343
vt 0.838947 0.724340
vt 0.689542 0.910093
vt 0.684499 0.911053
vt 0.683676 0.906870
vt 0.691027 0.906657
vt 0.830294 0.743571
vt 0.837455 0.742543
vt 0.833225 0.747733
vt 0.981840 0.860750
vt 0.981636 0.857121
vt 0.988132 0.857121
vt 0.987573 0.860326
vt 0.664974 0.964088
vt 0.666574 0.962682
vt 0.661860 0.949839
vt 0.667132 0.949839
vt 0.025131 0.853469
vt 0.023478 0.862350
vt 0.014200 0.860458
vt 0.015415 0.850999
vt 0.307641 0.773851
vt 0.312490 0.764342
vt 0.318760 0.765176
vt 0.312130 0.775830
vt 0.298167 0.773196
vt 0.300701 0.768860
vt 0.892369 0.929200
vt 0.901563 0.927979
vt 0.901563 0.931932
vt 0.890135 0.927425
vt 0.393789 0.949839
vt 0.395528 0.951457
vt 0.399192 0.963958
vt 0.393789 0.964418
vt 0.421381 0.928234
vt 0.428285 0.930450
vt 0.426767 0.935728
vt 0.416737 0.931415
vt 0.421322 0.923924
vt 0.428954 0.925980
vt 0.986410 0.662885
vt 0.987640 0.664474
vt 0.988332 0.667539
vt 0.981636 0.667539
vt 0.993688 0.903346
vt 0.992383 0.899316
vt 0.996688 0.899316
vt 0.996581 0.902617
vt 0.655279 0.308231
vt 0.660514 0.314160
vt 0.650161 0.315795
vt 0.650531 0.307236
vt 0.631799 0.190215
vt 0.637372 0.191389
vt 0.637546 0.199874
vt 0.631502 0.198231
vt 0.627804 0.198150
vt 0.627969 0.192064
vt 0.558604 0.319171
vt 0.558960 0.315271
vt 0.567050 0.312283
vt 0.835322 0.020517
vt 0.609269 0.241134
vt 0.610503 0.247637
vt 0.592877 0.250126
vt 0.594279 0.245178
vt 0.832460 0.026162
vt 0.832752 0.032266
vt 0.060429 0.963468
vt 0.060429 0.949839
vt 0.064675 0.952561
vt 0.063230 0.964949
vt 0.264626 0.968572
vt 0.268860 0.967805
vt 0.269510 0.968806
vt 0.268355 0.974331
vt 0.266815 0.978075
vt 0.264626 0.976843
vt 0.903998 0.884481
vt 0.903714 0.873521
vt 0.908346 0.872210
vt 0.909076 0.884152
vt 0.005103 0.778494
vt 0.006177 0.773673
vt 0.013745 0.780522
vt 0.013520 0.783885
vt 0.007770 0.768315
vt 0.011574 0.771332
vt 0.003313 0.768818
vt 0.002011 0.762220
vt 0.008861 0.763823
vt 0.015443 0.766688
vt 0.688413 0.883772
vt 0.694828 0.886515
vt 0.692758 0.891509
vt 0.686580 0.885866
vt 0.687966 0.879164
vt 0.696051 0.880594
vt 0.683308 0.880810
vt 0.236795 0.466930
vt 0.786651 0.688346
vt 0.787495 0.687345
vt 0.793066 0.683091
vt 0.793726 0.691175
vt 0.794352 0.703117
vt 0.790570 0.702947
vt 0.081969 0.725658
vt 0.084229 0.711426
vt 0.085872 0.712119
vt 0.086249 0.725312
vt 0.091156 0.726809
vt 0.094901 0.738333
vt 0.334053 0.545895
vt 0.327336 0.554297
vt 0.327023 0.535654
vt 0.333987 0.525081
vt 0.263698 0.495911
vt 0.256047 0.508012
vt 0.252745 0.506157
vt 0.259761 0.489936
vt 0.932159 0.596081
vt 0.929778 0.599023
vt 0.929931 0.594567
vt 0.932612 0.591680
vt 0.767249 0.492871
vt 0.764718 0.488428
vt 0.769662 0.487346
vt 0.771026 0.493225
vt 0.771132 0.497372
vt 0.767192 0.496969
vt 0.761304 0.881642
vt 0.756374 0.877367
vt 0.758349 0.873154
vt 0.763007 0.874551
vt 0.411807 0.975291
vt 0.412897 0.968074
vt 0.415206 0.967805
vt 0.415206 0.976297
vt 0.414232 0.977271
vt 0.413037 0.977945
vt 0.761953 0.884239
vt 0.761523 0.884605
vt 0.758341 0.886800
vt 0.754326 0.882318
vt 0.196207 0.822014
vt 0.194504 0.825380
vt 0.183581 0.816602
vt 0.187690 0.812314
vt 0.204840 0.825059
vt 0.201496 0.827408
vt 0.200474 0.820666
vt 0.206758 0.816945
vt 0.209992 0.816003
vt 0.210681 0.822358
vt 0.752863 0.890046
vt 0.751520 0.886264
vt 0.821505 0.330628
vt 0.823795 0.337726
vt 0.822680 0.339134
vt 0.820389 0.330981
vt 0.680951 0.976815
vt 0.680529 0.977494
vt 0.677973 0.969799
vt 0.680951 0.967805
vt 0.919720 0.236607
vt 0.924249 0.234598
vt 0.922487 0.242315
vt 0.920386 0.243678
vt 0.933371 0.600260
vt 0.933830 0.607369
vt 0.928339 0.605853
vt 0.761721 0.480799
vt 0.767232 0.478952
vt 0.816632 0.327849
vt 0.820611 0.321158
vt 0.825335 0.323023
vt 0.163777 0.560155
vt 0.164338 0.554512
vt 0.168256 0.556381
vt 0.168302 0.560512
vt 0.160173 0.559210
vt 0.160259 0.553712
vt 0.959771 0.119753
vt 0.963680 0.122033
vt 0.956791 0.122103
vt 0.955418 0.119919
vt 0.770963 0.502076
vt 0.770550 0.502977
vt 0.924654 0.163596
vt 0.924472 0.155979
vt 0.927706 0.159115
vt 0.930704 0.168161
vt 0.909155 0.835175
vt 0.906771 0.844622
vt 0.900894 0.843817
vt 0.902249 0.836558
vt 0.512694 0.452859
vt 0.521441 0.461870
vt 0.509717 0.463583
vt 0.504920 0.458699
vt 0.167745 0.545893
vt 0.171168 0.546062
vt 0.169924 0.551065
vt 0.165893 0.549511
vt 0.162009 0.548239
vt 0.165953 0.543698
vt 0.551972 0.467443
vt 0.554224 0.469510
vt 0.549117 0.470711
vt 0.548125 0.467068
vt 0.170222 0.977978
vt 0.176399 0.967990
vt 0.177466 0.967805
vt 0.178777 0.977978
vt 0.900894 0.825674
vt 0.903845 0.823833
vt 0.988396 0.728143
vt 0.984053 0.729885
vt 0.981704 0.728233
vt 0.981636 0.728143
vt 0.985666 0.730513
vt 0.985116 0.730633
vt 0.667718 0.219011
vt 0.662505 0.225002
vt 0.663862 0.205973
vt 0.670987 0.203239
vt 0.675340 0.222773
vt 0.668884 0.232221
vt 0.755602 0.867058
vt 0.761791 0.865286
vt 0.750826 0.870987
vt 0.412186 0.772203
vt 0.409033 0.767888
vt 0.411094 0.758571
vt 0.417566 0.759524
vt 0.833753 0.950288
vt 0.835535 0.963876
vt 0.830546 0.963876
vt 0.831286 0.949839
vt 0.615496 0.595808
vt 0.613110 0.600419
vt 0.607351 0.592649
vt 0.613018 0.589390
vt 0.618999 0.586027
vt 0.620655 0.594314
vt 0.618828 0.601288
vt 0.199607 0.815539
vt 0.210681 0.808336
vt 0.834579 0.447415
vt 0.831538 0.447935
vt 0.833267 0.442852
vt 0.837423 0.442181
vt 0.284499 0.978215
vt 0.284499 0.971257
vt 0.285410 0.967805
vt 0.286393 0.975269
vt 0.992384 0.296717
vt 0.995060 0.291694
vt 0.997344 0.291540
vt 0.997799 0.296717
vt 0.291990 0.889620
vt 0.291659 0.885500
vt 0.296988 0.884415
vt 0.296839 0.890175
vt 0.398254 0.778335
vt 0.393678 0.780089
vt 0.395545 0.775220
vt 0.398119 0.774943
vt 0.005357 0.997405
vt 0.001361 0.996800
vt 0.001361 0.993266
vt 0.004964 0.993368
vt 0.287309 0.886832
vt 0.285906 0.881626
vt 0.290180 0.879936
vt 0.997722 0.390722
vt 0.995677 0.394353
vt 0.992970 0.393160
vt 0.992383 0.390722
vt 0.402598 0.775990
vt 0.397405 0.767724
vt 0.403617 0.768995
vt 0.306354 0.882225
vt 0.307480 0.888614
vt 0.832614 0.432464
vt 0.838887 0.433009
vt 0.976508 0.604941
vt 0.977453 0.608843
vt 0.976018 0.610272
vt 0.973903 0.608600
vt 0.971177 0.606760
vt 0.976062 0.605447
vt 0.876003 0.169754
vt 0.876889 0.174619
vt 0.871316 0.172404
vt 0.870488 0.168097
vt 0.686388 0.768700
vt 0.686483 0.776374
vt 0.682860 0.777306
vt 0.682772 0.771684
vt 0.981636 0.032424
vt 0.982686 0.030799
vt 0.988267 0.030264
vt 0.989527 0.032424
vt 0.951090 0.119753
vt 0.949839 0.121191
vt 0.156090 0.560387
vt 0.156865 0.553384
vt 0.871527 0.163541
vt 0.876154 0.162950
vt 0.157896 0.967805
vt 0.157595 0.968937
vt 0.867012 0.067218
vt 0.860543 0.061392
vt 0.865744 0.070073
vt 0.865925 0.068438
vt 0.392012 0.255802
vt 0.389859 0.259450
vt 0.387723 0.250994
vt 0.390218 0.246550
vt 0.515889 0.011411
vt 0.511714 0.008368
vt 0.519969 0.010644
vt 0.520107 0.012080
vt 0.916646 0.395104
vt 0.915270 0.391592
vt 0.922441 0.391787
vt 0.922217 0.396688
vt 0.503381 0.009886
vt 0.508329 0.017052
vt 0.498627 0.015814
vt 0.506263 0.005696
vt 0.527202 0.012581
vt 0.524306 0.014901
vt 0.783372 0.461215
vt 0.775402 0.463335
vt 0.775647 0.453621
vt 0.785919 0.454962
vt 0.800968 0.419571
vt 0.799707 0.427193
vt 0.811594 0.552326
vt 0.806040 0.548491
vt 0.814064 0.542421
vt 0.818425 0.549878
vt 0.111050 0.772287
vt 0.115780 0.778191
vt 0.108743 0.775885
vt 0.110221 0.769443
vt 0.106880 0.761290
vt 0.111057 0.762735
vt 0.108144 0.768147
vt 0.104156 0.766303
vt 0.103723 0.753659
vt 0.108123 0.753368
vt 0.099273 0.759850
vt 0.099589 0.753772
vt 0.099383 0.764113
vt 0.115145 0.764594
vt 0.104624 0.773480
vt 0.765356 0.453484
vt 0.767623 0.465017
vt 0.995175 0.128561
vt 0.998105 0.131770
vt 0.992383 0.132789
vt 0.992383 0.127939
vt 0.767693 0.442043
vt 0.777542 0.442206
vt 0.474955 0.003993
vt 0.478399 0.009066
vt 0.471377 0.015880
vt 0.470321 0.009157
vt 0.867424 0.169298
vt 0.866558 0.167488
vt 0.890658 0.989184
vt 0.890926 0.981278
vt 0.894679 0.985270
vt 0.895832 0.989184
vt 0.269622 0.384452
vt 0.267926 0.380131
vt 0.274082 0.379452
vt 0.275214 0.386071
vt 0.274442 0.391336
vt 0.269652 0.388541
vt 0.903461 0.729692
vt 0.902256 0.733541
vt 0.898593 0.728274
vt 0.902905 0.725513
vt 0.372229 0.227706
vt 0.380414 0.234732
vt 0.374960 0.241010
vt 0.367026 0.233380
vt 0.729503 0.340868
vt 0.736435 0.344384
vt 0.736199 0.353205
vt 0.730088 0.352192
vt 0.722537 0.352780
vt 0.720181 0.340868
vt 0.210321 0.813118
vt 0.675620 0.856427
vt 0.672721 0.860062
vt 0.667139 0.850704
vt 0.672611 0.849785
vt 0.679807 0.849615
vt 0.681392 0.857788
vt 0.680310 0.863603
vt 0.404937 0.985447
vt 0.410100 0.981278
vt 0.410100 0.989451
vt 0.406461 0.989847
vt 0.962948 0.611761
vt 0.955023 0.612906
vt 0.949839 0.611063
vt 0.959727 0.611063
vt 0.554522 0.824309
vt 0.549848 0.827700
vt 0.548589 0.819804
vt 0.555049 0.817850
vt 0.560490 0.816585
vt 0.558795 0.826336
vt 0.552736 0.832933
vt 0.678458 0.842658
vt 0.673393 0.839765
vt 0.547357 0.813061
vt 0.540131 0.822714
vt 0.540621 0.813895
vt 0.551354 0.809111
vt 0.027085 0.821511
vt 0.031387 0.816227
vt 0.036086 0.823242
vt 0.027955 0.827477
vt 0.458488 0.816400
vt 0.454511 0.824051
vt 0.447815 0.821794
vt 0.452361 0.814052
vt 0.464363 0.814716
vt 0.461645 0.826670
vt 0.045993 0.810145
vt 0.049292 0.809815
vt 0.047619 0.819381
vt 0.041876 0.815977
vt 0.610764 0.581230
vt 0.606679 0.581824
vt 0.036404 0.809213
vt 0.041076 0.803911
vt 0.208867 0.478768
vt 0.199193 0.459186
vt 0.232222 0.483131
vt 0.230927 0.495550
vt 0.225632 0.493164
vt 0.214582 0.494121
vt 0.776293 0.385916
vt 0.776293 0.400234
vt 0.770399 0.398073
vt 0.770710 0.384146
vt 0.521352 0.413934
vt 0.227471 0.409810
vt 0.242180 0.398801
vt 0.248505 0.412679
vt 0.238443 0.419701
vt 0.257088 0.949839
vt 0.257088 0.964489
vt 0.251064 0.962898
vt 0.249635 0.951136
vt 0.288344 0.112613
vt 0.285439 0.103257
vt 0.296480 0.104570
vt 0.294385 0.115069
vt 0.288318 0.123394
vt 0.282255 0.117968
vt 0.273643 0.108161
vt 0.278458 0.849114
vt 0.281686 0.836934
vt 0.296092 0.832540
vt 0.285274 0.851997
vt 0.444840 0.889639
vt 0.452429 0.887903
vt 0.452407 0.901574
vt 0.444392 0.899001
vt 0.271363 0.854112
vt 0.269277 0.840526
vt 0.490382 0.886905
vt 0.505747 0.888855
vt 0.510569 0.893877
vt 0.504381 0.897767
vt 0.491822 0.874860
vt 0.507602 0.874860
vt 0.297469 0.059437
vt 0.280664 0.055643
vt 0.297356 0.047672
vt 0.310215 0.053329
vt 0.290355 0.033053
vt 0.278939 0.028293
vt 0.301804 0.022263
vt 0.304861 0.041570
vt 0.797172 0.155945
vt 0.797172 0.170976
vt 0.782071 0.172785
vt 0.786691 0.157027
vt 0.764402 0.053749
vt 0.768393 0.069554
vt 0.273832 0.026129
vt 0.269149 0.046831
vt 0.715355 0.912778
vt 0.721967 0.907899
vt 0.724789 0.916436
vt 0.716583 0.919510
vt 0.283768 0.824187
vt 0.293978 0.824989
vt 0.762574 0.047528
vt 0.757546 0.047758
vt 0.758497 0.039902
vt 0.763191 0.042363
vt 0.278490 0.006179
vt 0.280873 0.001361
vt 0.284566 0.010634
vt 0.279291 0.012549
vt 0.694264 0.476355
vt 0.687356 0.476212
vt 0.690505 0.468870
vt 0.695329 0.471651
vt 0.703709 0.485469
vt 0.698130 0.492663
vt 0.703794 0.478447
vt 0.021810 0.897502
vt 0.024502 0.896529
vt 0.104900 0.971642
vt 0.104900 0.978369
vt 0.102587 0.977144
vt 0.104387 0.967805
vt 0.966447 0.260253
vt 0.978366 0.260253
vt 0.974920 0.264623
vt 0.967263 0.266400
vt 0.844541 0.894460
vt 0.837082 0.894911
vt 0.837799 0.885740
vt 0.842419 0.884792
vt 0.508528 0.977804
vt 0.509898 0.967805
vt 0.511600 0.968671
vt 0.511747 0.977804
vt 0.966447 0.290389
vt 0.968138 0.288340
vt 0.977453 0.289412
vt 0.978462 0.290389
vt 0.688301 0.522647
vt 0.683279 0.525143
vt 0.681689 0.518627
vt 0.686444 0.516036
vt 0.683811 0.532115
vt 0.681689 0.533012
vt 0.694678 0.522812
vt 0.690324 0.533346
vt 0.945165 0.949839
vt 0.944289 0.956158
vt 0.942600 0.955585
vt 0.941266 0.949852
vt 0.854545 0.798581
vt 0.856435 0.802146
vt 0.852584 0.810907
vt 0.851386 0.803735
vt 0.841536 0.879490
vt 0.844953 0.876777
vt 0.846520 0.878910
vt 0.361214 0.958864
vt 0.367302 0.956632
vt 0.366932 0.960948
vt 0.362019 0.963376
vt 0.837415 0.877421
vt 0.186183 0.325643
vt 0.188544 0.329660
vt 0.182528 0.335253
vt 0.180378 0.326998
vt 0.833157 0.888678
vt 0.831410 0.880019
vt 0.730832 0.971247
vt 0.732471 0.967805
vt 0.733107 0.976856
vt 0.730832 0.977434
vt 0.192020 0.328300
vt 0.192975 0.333898
vt 0.185771 0.333732
vt 0.190450 0.328869
vt 0.997532 0.503085
vt 0.996299 0.502025
vt 0.992384 0.503085
vt 0.993250 0.499717
vt 0.862502 0.638674
vt 0.865168 0.628524
vt 0.867399 0.633465
vt 0.867399 0.654819
vt 0.848065 0.552326
vt 0.861572 0.534339
vt 0.861705 0.546057
vt 0.859831 0.548782
vt 0.595037 0.295595
vt 0.595981 0.309509
vt 0.595037 0.315073
vt 0.956848 0.290647
vt 0.950852 0.289667
vt 0.949839 0.286841
vt 0.963326 0.286841
vt 0.985836 0.642127
vt 0.988367 0.644246
vt 0.981636 0.645267
vt 0.981636 0.641054
vt 0.178743 0.963201
vt 0.174638 0.963814
vt 0.173913 0.957526
vt 0.178448 0.956554
vt 0.751562 0.957850
vt 0.756474 0.955760
vt 0.754577 0.963827
vt 0.748969 0.963117
vt 0.843255 0.545610
vt 0.841553 0.542602
vt 0.843488 0.534803
vt 0.844622 0.542550
vt 0.844338 0.551994
vt 0.841553 0.563714
vt 0.901893 0.963010
vt 0.905532 0.961064
vt 0.911524 0.949839
vt 0.911524 0.963496
vt 0.554224 0.893965
vt 0.554224 0.912951
vt 0.543280 0.903127
vt 0.541907 0.898340
vt 0.540795 0.892214
vt 0.548593 0.895030
vt 0.874801 0.319905
vt 0.878091 0.320331
vt 0.880812 0.326428
vt 0.873755 0.330257
vt 0.873755 0.304860
vt 0.878168 0.309877
vt 0.800968 0.871633
vt 0.794300 0.880685
vt 0.783606 0.877053
vt 0.786440 0.868970
vt 0.505344 0.439947
vt 0.504173 0.428886
vt 0.513712 0.429114
vt 0.514411 0.437679
vt 0.484864 0.431498
vt 0.486837 0.423627
vt 0.783606 0.855411
vt 0.795907 0.855016
vt 0.254863 0.369769
vt 0.247553 0.363853
vt 0.253640 0.353024
vt 0.261695 0.367607
vt 0.331289 0.105907
vt 0.321244 0.097632
vt 0.332797 0.084895
vt 0.344141 0.099855
vt 0.329132 0.118563
vt 0.313993 0.112835
vt 0.346942 0.119318
vt 0.538804 0.912316
vt 0.549318 0.912766
vt 0.552326 0.920434
vt 0.537451 0.919651
vt 0.031374 0.869091
vt 0.038619 0.867382
vt 0.040191 0.879895
vt 0.029016 0.877992
vt 0.552326 0.713145
vt 0.546422 0.721320
vt 0.542837 0.702733
vt 0.550609 0.702825
vt 0.054210 0.817566
vt 0.058540 0.809864
vt 0.065291 0.820874
vt 0.056502 0.824652
vt 0.325028 0.042554
vt 0.328321 0.049356
vt 0.316503 0.049323
vt 0.320007 0.043888
vt 0.748969 0.953751
vt 0.753813 0.949839
vt 0.330928 0.041179
vt 0.336897 0.047993
vt 0.197499 0.363080
vt 0.195179 0.355364
vt 0.198838 0.355061
vt 0.196769 0.362616
vt 0.993024 0.099166
vt 0.998329 0.099166
vt 0.993329 0.100569
vt 0.992384 0.099880
vt 0.197499 0.362913
vt 0.203420 0.355885
vt 0.193909 0.376586
vt 0.204867 0.382989
vt 0.178317 0.406282
vt 0.160499 0.402245
vt 0.779964 0.558108
vt 0.785783 0.539166
vt 0.785783 0.562399
vt 0.785089 0.575102
vt 0.146129 0.403626
vt 0.138745 0.398621
vt 0.144511 0.388654
vt 0.175271 0.383039
vt 0.057474 0.834961
vt 0.064865 0.840826
vt 0.550247 0.930034
vt 0.537806 0.930034
vt 0.028575 0.892073
vt 0.040583 0.890629
vt 0.326331 0.133128
vt 0.309126 0.124898
vt 0.347261 0.138523
vt 0.317667 0.134295
vt 0.304260 0.131564
vt 0.350896 0.157686
vt 0.332109 0.153484
vt 0.324009 0.149785
vt 0.182767 0.437727
vt 0.193687 0.412945
vt 0.201475 0.414153
vt 0.201560 0.434667
vt 0.156164 0.428483
vt 0.537437 0.732639
vt 0.537670 0.706231
vt 0.380098 0.177112
vt 0.353661 0.171242
vt 0.376653 0.160526
vt 0.403597 0.158518
vt 0.399548 0.174616
vt 0.686214 0.842297
vt 0.695353 0.843640
vt 0.695904 0.865274
vt 0.686214 0.869297
vt 0.156635 0.509752
vt 0.169077 0.501127
vt 0.174963 0.508151
vt 0.167846 0.519255
vt 0.161509 0.530784
vt 0.148260 0.522817
vt 0.152483 0.496801
vt 0.160328 0.489390
vt 0.139045 0.515939
vt 0.141248 0.503350
vt 0.271742 0.369616
vt 0.266528 0.373485
vt 0.175022 0.522342
vt 0.171743 0.531386
vt 0.164178 0.537501
vt 0.151798 0.543103
vt 0.147588 0.538097
vt 0.409223 0.213612
vt 0.415344 0.203473
vt 0.418253 0.215456
vt 0.402110 0.222300
vt 0.396446 0.214813
vt 0.398585 0.206920
vt 0.397932 0.196415
vt 0.487575 0.013277
vt 0.482700 0.019379
vt 0.389304 0.210868
vt 0.390441 0.205664
vt 0.389173 0.225398
vt 0.384768 0.218760
vt 0.852214 0.004488
vt 0.851013 0.014574
vt 0.843791 0.012170
vt 0.846531 0.001844
vt 0.548264 0.311325
vt 0.547533 0.318252
vt 0.546342 0.317783
vt 0.548530 0.306655
vt 0.618599 0.861884
vt 0.617437 0.857298
vt 0.617692 0.852672
vt 0.622122 0.858431
vt 0.624570 0.867187
vt 0.620478 0.868637
vt 0.393678 0.750244
vt 0.400911 0.746691
vt 0.403559 0.758247
vt 0.395803 0.759674
vt 0.461142 0.422838
vt 0.460808 0.415227
vt 0.473303 0.416539
vt 0.469000 0.426956
vt 0.104517 0.815853
vt 0.112320 0.811761
vt 0.115724 0.824261
vt 0.103855 0.826542
vt 0.096106 0.825515
vt 0.098578 0.814092
vt 0.368950 0.199897
vt 0.356254 0.202686
vt 0.354599 0.189496
vt 0.373366 0.190442
vt 0.374065 0.211744
vt 0.359832 0.215893
vt 0.221096 0.777483
vt 0.230330 0.771715
vt 0.235107 0.789596
vt 0.221096 0.790926
vt 0.256234 0.792329
vt 0.253781 0.802866
vt 0.246945 0.797716
vt 0.245945 0.789637
vt 0.409230 0.191141
vt 0.422574 0.193366
vt 0.241175 0.769494
vt 0.249938 0.766894
vt 0.765356 0.428121
vt 0.779336 0.430566
vt 0.135542 0.526905
vt 0.139262 0.547373
vt 0.133412 0.544868
vt 0.104383 0.939524
vt 0.106074 0.923715
vt 0.112170 0.927199
vt 0.117678 0.939524
vt 0.598839 0.334460
vt 0.603974 0.351766
vt 0.590185 0.359553
vt 0.589780 0.345810
vt 0.424873 0.149876
vt 0.436210 0.136666
vt 0.448243 0.148579
vt 0.440424 0.161335
vt 0.426229 0.164254
vt 0.415784 0.169406
vt 0.396778 0.132776
vt 0.413481 0.125360
vt 0.423225 0.119693
vt 0.121789 0.485517
vt 0.108931 0.494846
vt 0.101771 0.484666
vt 0.111190 0.476393
vt 0.125989 0.500087
vt 0.117794 0.508779
vt 0.119278 0.462109
vt 0.127901 0.468111
vt 0.144404 0.475880
vt 0.140255 0.489608
vt 0.432733 0.175500
vt 0.424795 0.182094
vt 0.131422 0.513838
vt 0.416527 0.183861
vt 0.409939 0.175264
vt 0.784118 0.253081
vt 0.796048 0.258850
vt 0.784455 0.271418
vt 0.778529 0.261141
vt 0.781905 0.245278
vt 0.797172 0.245309
vt 0.400328 0.676691
vt 0.391519 0.690497
vt 0.388658 0.666417
vt 0.400484 0.661952
vt 0.372073 0.139398
vt 0.090580 0.479951
vt 0.097609 0.476804
vt 0.094382 0.491738
vt 0.511293 0.155638
vt 0.514380 0.140912
vt 0.521153 0.141683
vt 0.520079 0.149669
vt 0.083706 0.487225
vt 0.080010 0.478475
vt 0.463792 0.093832
vt 0.450748 0.100739
vt 0.440233 0.085472
vt 0.460442 0.077502
vt 0.474908 0.104409
vt 0.461353 0.116521
vt 0.547580 0.052821
vt 0.533293 0.062635
vt 0.530083 0.038737
vt 0.548530 0.038737
vt 0.475376 0.058391
vt 0.494233 0.044712
vt 0.977135 0.926518
vt 0.969937 0.925789
vt 0.966447 0.922329
vt 0.976459 0.922329
vt 0.060155 0.384472
vt 0.074016 0.380314
vt 0.070022 0.400697
vt 0.057837 0.398444
vt 0.080722 0.444163
vt 0.090734 0.454591
vt 0.080988 0.463288
vt 0.071238 0.448373
vt 0.085594 0.424191
vt 0.078718 0.425152
vt 0.077282 0.420041
vt 0.079768 0.417348
vt 0.080610 0.410760
vt 0.095200 0.414333
vt 0.432877 0.967805
vt 0.432877 0.976005
vt 0.428098 0.977795
vt 0.427171 0.973298
vt 0.445873 0.057292
vt 0.466505 0.044018
vt 0.427160 0.064778
vt 0.849322 0.111491
vt 0.856932 0.108715
vt 0.859252 0.110623
vt 0.848132 0.122871
vt 0.969988 0.539224
vt 0.966447 0.538181
vt 0.976249 0.538880
vt 0.977972 0.538181
vt 0.998095 0.039952
vt 0.998397 0.042040
vt 0.992936 0.042040
vt 0.992383 0.038642
vt 0.998386 0.019723
vt 0.992383 0.017970
vt 0.993392 0.015701
vt 0.998386 0.014820
vt 0.633587 0.893329
vt 0.637026 0.889731
vt 0.641533 0.895538
vt 0.638762 0.897767
vt 0.411522 0.020705
vt 0.424314 0.028906
vt 0.406345 0.042005
vt 0.398523 0.038065
vt 0.435286 0.009238
vt 0.441822 0.022331
vt 0.580163 0.702575
vt 0.582828 0.710473
vt 0.576894 0.714668
vt 0.574620 0.709846
vt 0.407706 0.881634
vt 0.408349 0.872139
vt 0.416457 0.874542
vt 0.417440 0.883111
vt 0.593597 0.687093
vt 0.591550 0.704755
vt 0.125552 0.354473
vt 0.127532 0.367594
vt 0.120156 0.370533
vt 0.110614 0.355619
vt 0.730055 0.478206
vt 0.736435 0.481171
vt 0.728269 0.493399
vt 0.723790 0.486524
vt 0.135173 0.355220
vt 0.133728 0.365679
vt 0.573301 0.719673
vt 0.578186 0.719150
vt 0.578801 0.725888
vt 0.572712 0.726189
vt 0.574021 0.716094
vt 0.490146 0.363128
vt 0.492860 0.368631
vt 0.487528 0.370544
vt 0.487380 0.366665
vt 0.984984 0.697976
vt 0.988463 0.697976
vt 0.986303 0.699288
vt 0.981636 0.698791
vt 0.731593 0.507789
vt 0.735728 0.508363
vt 0.734395 0.514137
vt 0.729759 0.512183
vt 0.726157 0.509819
vt 0.728773 0.505405
vt 0.482017 0.371355
vt 0.483302 0.366808
vt 0.735001 0.498731
vt 0.730182 0.500833
vt 0.933830 0.292432
vt 0.933104 0.300277
vt 0.930895 0.298465
vt 0.930827 0.292281
vt 0.931411 0.288115
vt 0.933830 0.286931
vt 0.996545 0.350018
vt 0.997739 0.355256
vt 0.992383 0.355256
vt 0.992485 0.349926
vt 0.724588 0.499999
vt 0.479313 0.378711
vt 0.486591 0.380432
vt 0.483211 0.384752
vt 0.478305 0.383438
vt 0.478194 0.374356
vt 0.486753 0.374850
vt 0.431072 0.889464
vt 0.432082 0.894491
vt 0.428855 0.895869
vt 0.429041 0.890152
vt 0.560110 0.863603
vt 0.560327 0.857456
vt 0.562562 0.859431
vt 0.560491 0.858715
vt 0.966447 0.665204
vt 0.975650 0.665204
vt 0.977493 0.671775
vt 0.969788 0.670932
vt 0.428855 0.873257
vt 0.431264 0.874187
vt 0.432750 0.883550
vt 0.429569 0.883428
vt 0.670627 0.640727
vt 0.665930 0.654242
vt 0.668099 0.665078
vt 0.655762 0.675698
vt 0.357799 0.911092
vt 0.360556 0.914592
vt 0.359634 0.919678
vt 0.358217 0.920190
vt 0.673800 0.655639
vt 0.781272 0.973453
vt 0.781026 0.977147
vt 0.777943 0.975244
vt 0.781272 0.969310
vt 0.362523 0.924824
vt 0.357799 0.928136
vt 0.854492 0.786855
vt 0.854665 0.792625
vt 0.851345 0.790217
vt 0.852059 0.789409
vt 0.487430 0.331379
vt 0.491436 0.333992
vt 0.485296 0.337511
vt 0.482394 0.334463
vt 0.491187 0.325117
vt 0.495690 0.327340
vt 0.880769 0.981278
vt 0.880769 0.989320
vt 0.879001 0.987749
vt 0.877065 0.983468
vt 0.167416 0.336912
vt 0.165574 0.341918
vt 0.158616 0.339269
vt 0.156544 0.334956
vt 0.155482 0.329696
vt 0.166567 0.331664
vt 0.481196 0.389096
vt 0.478194 0.388085
vt 0.171958 0.337414
vt 0.173001 0.342638
vt 0.909087 0.702460
vt 0.903569 0.704168
vt 0.903480 0.697790
vt 0.909155 0.698042
vt 0.177637 0.334783
vt 0.180145 0.339210
vt 0.278163 0.895981
vt 0.272605 0.894744
vt 0.275768 0.888760
vt 0.279010 0.889450
vt 0.276342 0.901563
vt 0.270079 0.900480
vt 0.181529 0.345282
vt 0.176963 0.347012
vt 0.185081 0.337901
vt 0.187352 0.343556
vt 0.175391 0.332408
vt 0.489701 0.320121
vt 0.485789 0.311298
vt 0.488335 0.309701
vt 0.492368 0.315899
vt 0.500402 0.322537
vt 0.484493 0.317779
vt 0.482394 0.311927
vt 0.193463 0.338207
vt 0.231550 0.967805
vt 0.233996 0.974229
vt 0.229179 0.978120
vt 0.229179 0.970765
vt 0.780466 0.989433
vt 0.777034 0.989332
vt 0.778184 0.985750
vt 0.780227 0.985438
vt 0.269687 0.891956
vt 0.270615 0.886795
vt 0.134371 0.906067
vt 0.140454 0.906723
vt 0.140454 0.912224
vt 0.134722 0.912058
vt 0.493316 0.379186
vt 0.492826 0.382948
vt 0.489153 0.383974
vt 0.493487 0.374018
vt 0.485852 0.386184
vt 0.677043 0.814224
vt 0.685105 0.818379
vt 0.677037 0.825435
vt 0.671102 0.817509
vt 0.678987 0.805957
vt 0.687057 0.806176
vt 0.670986 0.806837
vt 0.371662 0.032956
vt 0.368717 0.026379
vt 0.377539 0.023131
vt 0.378703 0.034075
vt 0.373433 0.044468
vt 0.366659 0.039641
vt 0.361188 0.031909
vt 0.384125 0.060187
vt 0.372430 0.054530
vt 0.381319 0.047677
vt 0.387889 0.050207
vt 0.392435 0.052432
vt 0.393881 0.061460
vt 0.402450 0.073493
vt 0.394666 0.075788
vt 0.385208 0.079506
vt 0.369961 0.064290
vt 0.351887 0.055803
vt 0.707867 0.519809
vt 0.708855 0.513445
vt 0.717411 0.518229
vt 0.717289 0.521564
vt 0.780089 0.021245
vt 0.773303 0.023021
vt 0.773405 0.010874
vt 0.776366 0.010703
vt 0.779150 0.031953
vt 0.774794 0.032571
vt 0.694678 0.806385
vt 0.691516 0.817385
vt 0.190197 0.362549
vt 0.189622 0.355868
vt 0.193389 0.370080
vt 0.188095 0.370101
vt 0.208225 0.361002
vt 0.203700 0.363329
vt 0.888265 0.608599
vt 0.888277 0.613510
vt 0.888277 0.632043
vt 0.886595 0.619701
vt 0.333231 0.056879
vt 0.355241 0.068553
vt 0.343012 0.075455
vt 0.323393 0.063707
vt 0.876454 0.490177
vt 0.876535 0.491987
vt 0.870829 0.474667
vt 0.876889 0.468082
vt 0.133704 0.397122
vt 0.133607 0.391926
vt 0.787965 0.621705
vt 0.791587 0.627010
vt 0.788610 0.656718
vt 0.787965 0.653226
vt 0.619108 0.485964
vt 0.616526 0.473530
vt 0.622292 0.474573
vt 0.624975 0.487532
vt 0.129655 0.382504
vt 0.133919 0.380424
vt 0.526702 0.884169
vt 0.519937 0.885641
vt 0.521888 0.870091
vt 0.531448 0.871485
vt 0.531448 0.889782
vt 0.522723 0.893971
vt 0.397761 0.052681
vt 0.417515 0.050609
vt 0.401665 0.059639
vt 0.130370 0.391766
vt 0.125366 0.384897
vt 0.993413 0.591750
vt 0.992383 0.588125
vt 0.997188 0.588125
vt 0.997317 0.592620
vt 0.129510 0.395621
vt 0.120091 0.388305
vt 0.601675 0.699610
vt 0.600217 0.711200
vt 0.598133 0.711760
vt 0.598133 0.694174
vt 0.871396 0.483218
vt 0.866422 0.479972
vt 0.865441 0.476369
vt 0.876889 0.493487
vt 0.694678 0.829076
vt 0.688363 0.831637
vt 0.690676 0.824891
vt 0.776397 0.004234
vt 0.773050 0.002643
vt 0.165228 0.996906
vt 0.165053 0.996891
vt 0.164843 0.997002
vt 0.164843 0.993266
vt 0.060745 0.217203
vt 0.060847 0.220868
vt 0.047088 0.225079
vt 0.036154 0.223157
vt 0.034889 0.212404
vt 0.045622 0.206107
vt 0.962285 0.841379
vt 0.960738 0.848310
vt 0.955421 0.847651
vt 0.955553 0.842371
vt 0.947116 0.510604
vt 0.946367 0.516264
vt 0.932931 0.516264
vt 0.944331 0.502325
vt 0.843620 0.850316
vt 0.833103 0.847894
vt 0.834483 0.836186
vt 0.844570 0.838534
vt 0.886379 0.654911
vt 0.885581 0.657978
vt 0.881539 0.657863
vt 0.880785 0.650555
vt 0.574015 0.949839
vt 0.580398 0.954162
vt 0.575996 0.964125
vt 0.574015 0.956377
vt 0.202693 0.641477
vt 0.205463 0.644192
vt 0.977139 0.933245
vt 0.966447 0.933245
vt 0.970536 0.929241
vt 0.976218 0.930386
vt 0.332437 0.400484
vt 0.340842 0.407329
vt 0.988949 0.318585
vt 0.985341 0.318168
vt 0.984932 0.313522
vt 0.988110 0.316424
vt 0.951428 0.767813
vt 0.949839 0.763992
vt 0.962159 0.765075
vt 0.962159 0.769681
vt 0.961709 0.773492
vt 0.953226 0.775014
vt 0.973675 0.580868
vt 0.972794 0.584803
vt 0.966447 0.584803
vt 0.971551 0.577621
vt 0.997307 0.579068
vt 0.993833 0.580214
vt 0.992383 0.576431
vt 0.997380 0.576431
vt 0.976066 0.580089
vt 0.977637 0.584803
vt 0.969276 0.970697
vt 0.970728 0.970827
vt 0.971451 0.972775
vt 0.966731 0.976912
vt 0.996550 0.397076
vt 0.997766 0.399046
vt 0.995420 0.399673
vt 0.992383 0.397076
vt 0.037396 0.994782
vt 0.038934 0.993266
vt 0.038934 0.997275
vt 0.034991 0.997224
vt 0.993246 0.137469
vt 0.992383 0.135512
vt 0.998134 0.135512
vt 0.995232 0.139423
vt 0.986745 0.204822
vt 0.989339 0.205560
vt 0.981636 0.205560
vt 0.983431 0.203551
vt 0.910134 0.854011
vt 0.908543 0.856648
vt 0.903695 0.852992
vt 0.910226 0.851536
vt 0.912749 0.848674
vt 0.912370 0.853754
vt 0.791766 0.971068
vt 0.792589 0.976424
vt 0.791088 0.977359
vt 0.791088 0.967805
vt 0.984062 0.928358
vt 0.981636 0.926700
vt 0.985769 0.927706
vt 0.986646 0.926846
vt 0.987839 0.928459
vt 0.984617 0.929735
vt 0.775681 0.701762
vt 0.779661 0.710250
vt 0.773885 0.709205
vt 0.772662 0.700408
vt 0.694653 0.164225
vt 0.703448 0.162908
vt 0.700273 0.173244
vt 0.695257 0.171967
vt 0.943799 0.986692
vt 0.941924 0.985032
vt 0.946249 0.981278
vt 0.945888 0.985553
vt 0.946249 0.989176
vt 0.943416 0.988771
vt 0.729153 0.783934
vt 0.726566 0.777284
vt 0.742843 0.779494
vt 0.741889 0.786024
vt 0.745898 0.989438
vt 0.741603 0.989438
vt 0.743229 0.981278
vt 0.744791 0.982503
vt 0.993204 0.442198
vt 0.992383 0.440210
vt 0.997591 0.440210
vt 0.994024 0.444186
vt 0.069120 0.974495
vt 0.071103 0.972635
vt 0.072105 0.978306
vt 0.069014 0.977403
vt 0.067188 0.976869
vt 0.067928 0.973645
vt 0.069641 0.970490
vt 0.729934 0.772732
vt 0.743651 0.775227
vt 0.981752 0.323481
vt 0.983427 0.321308
vt 0.989092 0.325396
vt 0.981636 0.325396
vt 0.204170 0.957015
vt 0.204170 0.964644
vt 0.198667 0.960570
vt 0.202165 0.949839
vt 0.865523 0.166055
vt 0.867610 0.159261
vt 0.873059 0.157310
vt 0.868708 0.151019
vt 0.874641 0.149113
vt 0.448771 0.608352
vt 0.448654 0.615210
vt 0.445314 0.615955
vt 0.445190 0.608874
vt 0.876889 0.156670
vt 0.158481 0.547260
vt 0.163427 0.541593
vt 0.447657 0.623386
vt 0.445190 0.623170
vt 0.169714 0.538526
vt 0.170759 0.542182
vt 0.175890 0.538660
vt 0.176292 0.543171
vt 0.167973 0.535638
vt 0.175283 0.534926
vt 0.181904 0.535672
vt 0.182332 0.539560
vt 0.445886 0.630145
vt 0.451719 0.622715
vt 0.449489 0.629976
vt 0.894058 0.735469
vt 0.895687 0.732437
vt 0.900654 0.737447
vt 0.899498 0.740231
vt 0.268658 0.392591
vt 0.272779 0.395926
vt 0.271113 0.398586
vt 0.266528 0.395228
vt 0.187633 0.535089
vt 0.194427 0.531511
vt 0.197956 0.536250
vt 0.189702 0.539281
vt 0.185212 0.532126
vt 0.190250 0.527757
vt 0.198718 0.522065
vt 0.204266 0.525896
vt 0.181742 0.530536
vt 0.184809 0.524910
vt 0.193548 0.518236
vt 0.211389 0.511608
vt 0.215680 0.514316
vt 0.658435 0.189993
vt 0.658924 0.179209
vt 0.664488 0.176477
vt 0.664510 0.186894
vt 0.658520 0.209376
vt 0.670843 0.173448
vt 0.673171 0.184068
vt 0.678210 0.169444
vt 0.682842 0.181519
vt 0.683290 0.201575
vt 0.192016 0.498232
vt 0.185092 0.487855
vt 0.174579 0.476466
vt 0.157358 0.460594
vt 0.137820 0.450372
vt 0.127414 0.445719
vt 0.139680 0.424378
vt 0.120454 0.442629
vt 0.132130 0.423309
vt 0.115850 0.440153
vt 0.125431 0.423018
vt 0.133865 0.406749
vt 0.518150 0.072885
vt 0.513194 0.076081
vt 0.513672 0.069897
vt 0.517440 0.069113
vt 0.518326 0.088635
vt 0.512715 0.091798
vt 0.517718 0.105564
vt 0.512044 0.106012
vt 0.119734 0.423016
vt 0.112032 0.438361
vt 0.103644 0.434404
vt 0.111796 0.421304
vt 0.503108 0.094626
vt 0.504733 0.079860
vt 0.505549 0.071530
vt 0.120932 0.406994
vt 0.105837 0.403023
vt 0.114236 0.393664
vt 0.126325 0.399579
vt 0.088868 0.399328
vt 0.096020 0.387224
vt 0.103620 0.379125
vt 0.087381 0.365397
vt 0.096048 0.360772
vt 0.112215 0.374165
vt 0.087529 0.343576
vt 0.093755 0.324725
vt 0.068922 0.408277
vt 0.132464 0.401437
vt 0.104777 0.450020
vt 0.097513 0.443665
vt 0.081247 0.430928
vt 0.098060 0.462665
vt 0.507720 0.128810
vt 0.510221 0.117622
vt 0.516806 0.119115
vt 0.516188 0.129927
vt 0.506405 0.141312
vt 0.088806 0.471228
vt 0.503108 0.155454
vt 0.857908 0.780089
vt 0.844785 0.778743
vt 0.839492 0.772423
vt 0.857908 0.769340
vt 0.840854 0.756860
vt 0.851540 0.752457
vt 0.468813 0.628247
vt 0.458340 0.628123
vt 0.458340 0.614168
vt 0.465179 0.616074
vt 0.061428 0.554813
vt 0.074023 0.556857
vt 0.071312 0.563702
vt 0.059992 0.565218
vt 0.458706 0.608712
vt 0.464940 0.610114
vt 0.831922 0.042584
vt 0.837819 0.041683
vt 0.838928 0.049442
vt 0.832335 0.049064
vt 0.838171 0.055043
vt 0.833886 0.053402
vt 0.800646 0.976042
vt 0.795847 0.977165
vt 0.795312 0.971843
vt 0.800646 0.967805
vt 0.522017 0.118179
vt 0.523856 0.130877
vt 0.106847 0.470608
vt 0.113132 0.458090
vt 0.108370 0.454753
vt 0.135171 0.401914
vt 0.180038 0.523353
vt 0.177708 0.530364
vt 0.228352 0.506552
vt 0.231059 0.510458
vt 0.219323 0.518421
vt 0.226904 0.503463
vt 0.236271 0.498215
vt 0.658435 0.227170
vt 0.664594 0.235355
vt 0.239490 0.484925
vt 0.246067 0.484241
vt 0.240667 0.500018
vt 0.250971 0.486216
vt 0.244402 0.501895
vt 0.234327 0.513725
vt 0.248970 0.504299
vt 0.238110 0.516944
vt 0.227348 0.528192
vt 0.223118 0.523096
vt 0.213926 0.536832
vt 0.209557 0.530918
vt 0.202167 0.542699
vt 0.216904 0.543026
vt 0.205953 0.549078
vt 0.514493 0.469180
vt 0.525742 0.467837
vt 0.191938 0.545135
vt 0.534718 0.463379
vt 0.535710 0.468623
vt 0.182877 0.544431
vt 0.542492 0.465357
vt 0.542992 0.469777
vt 0.532742 0.457485
vt 0.543877 0.460702
vt 0.176050 0.547642
vt 0.174273 0.553027
vt 0.171721 0.559727
vt 0.183889 0.563104
vt 0.183911 0.555868
vt 0.201405 0.559681
vt 0.195290 0.563524
vt 0.951544 0.247692
vt 0.963444 0.249712
vt 0.959743 0.250354
vt 0.949839 0.250354
vt 0.753964 0.472544
vt 0.760559 0.472642
vt 0.757175 0.482017
vt 0.933830 0.170823
vt 0.933675 0.163008
vt 0.752680 0.465009
vt 0.759884 0.466848
vt 0.824000 0.313953
vt 0.829438 0.315081
vt 0.766851 0.473510
vt 0.815455 0.319471
vt 0.812792 0.325711
vt 0.766989 0.469193
vt 0.774395 0.470586
vt 0.772536 0.475052
vt 0.912311 0.389727
vt 0.913607 0.385531
vt 0.913903 0.386401
vt 0.018829 0.985061
vt 0.018613 0.981278
vt 0.023119 0.982498
vt 0.022078 0.986108
vt 0.023042 0.990293
vt 0.018613 0.990391
vt 0.971797 0.610756
vt 0.968457 0.609384
vt 0.973541 0.613473
vt 0.028616 0.967805
vt 0.028616 0.978364
vt 0.024664 0.977597
vt 0.024102 0.972700
vt 0.977142 0.220729
vt 0.978156 0.223526
vt 0.975186 0.226956
vt 0.972490 0.222759
vt 0.917954 0.383037
vt 0.921851 0.384615
vt 0.921351 0.389120
vt 0.950866 0.555766
vt 0.956152 0.555963
vt 0.956852 0.559801
vt 0.949839 0.560988
vt 0.966447 0.444311
vt 0.972746 0.444657
vt 0.973372 0.448644
vt 0.968634 0.447419
vt 0.958218 0.562893
vt 0.949839 0.565726
vt 0.962068 0.558106
vt 0.962633 0.561773
vt 0.977956 0.230316
vt 0.973923 0.232434
vt 0.969471 0.229917
vt 0.997411 0.286857
vt 0.992383 0.288817
vt 0.993038 0.284225
vt 0.997828 0.284225
vt 0.922441 0.379660
vt 0.919655 0.378584
vt 0.231320 0.533086
vt 0.234965 0.536844
vt 0.218719 0.546935
vt 0.497775 0.467570
vt 0.495371 0.464099
vt 0.477615 0.470711
vt 0.474129 0.468133
vt 0.492578 0.459008
vt 0.502123 0.454244
vt 0.736347 0.363968
vt 0.736080 0.384827
vt 0.730330 0.385300
vt 0.732275 0.365107
vt 0.725282 0.384119
vt 0.725793 0.366435
vt 0.347795 0.221575
vt 0.330368 0.219237
vt 0.332065 0.213813
vt 0.346802 0.216018
vt 0.719867 0.368930
vt 0.713064 0.356686
vt 0.333437 0.205859
vt 0.344267 0.206297
vt 0.334210 0.195105
vt 0.343235 0.194164
vt 0.884481 0.612944
vt 0.883027 0.625396
vt 0.870253 0.626366
vt 0.871364 0.612699
vt 0.333104 0.183577
vt 0.342657 0.183612
vt 0.884481 0.637737
vt 0.872887 0.637662
vt 0.321899 0.165801
vt 0.336008 0.168212
vt 0.355458 0.180743
vt 0.062783 0.864087
vt 0.061092 0.842890
vt 0.067559 0.846156
vt 0.070679 0.865811
vt 0.263826 0.383402
vt 0.256337 0.382026
vt 0.077819 0.848848
vt 0.077819 0.869297
vt 0.247553 0.381125
vt 0.508295 0.922441
vt 0.504993 0.903323
vt 0.518162 0.904124
vt 0.518162 0.921978
vt 0.481019 0.439340
vt 0.492864 0.451731
vt 0.115780 0.834804
vt 0.103417 0.836035
vt 0.115780 0.842724
vt 0.103668 0.842723
vt 0.095300 0.836452
vt 0.325567 0.193664
vt 0.323716 0.201608
vt 0.800664 0.704168
vt 0.797462 0.703692
vt 0.798311 0.692367
vt 0.804004 0.693787
vt 0.320959 0.205764
vt 0.799558 0.681406
vt 0.806662 0.682359
vt 0.792133 0.670511
vt 0.799435 0.669694
vt 0.460368 0.407632
vt 0.474047 0.408500
vt 0.747198 0.500132
vt 0.754916 0.499170
vt 0.752269 0.517162
vt 0.745943 0.517800
vt 0.739168 0.518788
vt 0.739168 0.501674
vt 0.751292 0.532194
vt 0.746029 0.533834
vt 0.739514 0.537142
vt 0.502063 0.422315
vt 0.500417 0.417996
vt 0.511131 0.417313
vt 0.512777 0.422778
vt 0.775772 0.411091
vt 0.775907 0.420399
vt 0.771475 0.421362
vt 0.770835 0.411614
vt 0.327023 0.579851
vt 0.330046 0.569999
vt 0.333077 0.568092
vt 0.330347 0.580796
vt 0.258976 0.009026
vt 0.261928 0.010054
vt 0.259328 0.021210
vt 0.253503 0.020359
vt 0.280164 0.451231
vt 0.272224 0.461908
vt 0.268605 0.459134
vt 0.275728 0.446986
vt 0.282837 0.427611
vt 0.287218 0.432732
vt 0.261928 0.037135
vt 0.254966 0.034939
vt 0.293814 0.414875
vt 0.295305 0.418764
vt 0.260879 0.050518
vt 0.257027 0.048291
vt 0.253850 0.059832
vt 0.256392 0.060737
vt 0.289693 0.409972
vt 0.298343 0.404243
vt 0.301315 0.408962
vt 0.296189 0.400246
vt 0.002820 0.756082
vt 0.003755 0.751246
vt 0.011422 0.754650
vt 0.010035 0.759049
vt 0.966447 0.783781
vt 0.970964 0.784391
vt 0.971759 0.791154
vt 0.966654 0.791154
vt 0.017082 0.761788
vt 0.704448 0.878337
vt 0.702754 0.883349
vt 0.697909 0.875577
vt 0.699322 0.870510
vt 0.706066 0.873430
vt 0.688705 0.873827
vt 0.873093 0.753097
vt 0.867894 0.760995
vt 0.864077 0.764905
vt 0.682860 0.875240
vt 0.975563 0.784926
vt 0.977211 0.790616
vt 0.004839 0.746561
vt 0.012733 0.750252
vt 0.281201 0.417610
vt 0.279035 0.419605
vt 0.276864 0.417639
vt 0.271245 0.443232
vt 0.278228 0.425044
vt 0.264895 0.456822
vt 0.271196 0.427675
vt 0.258519 0.471213
vt 0.262536 0.471789
vt 0.255427 0.487519
vt 0.266336 0.473567
vt 0.755727 0.531501
vt 0.758434 0.514743
vt 0.761109 0.496704
vt 0.786651 0.675870
vt 0.318514 0.207936
vt 0.327847 0.224089
vt 0.316165 0.209711
vt 0.075921 0.434648
vt 0.069598 0.434648
vt 0.072397 0.415342
vt 0.074060 0.416160
vt 0.444138 0.394790
vt 0.439632 0.393573
vt 0.441271 0.379409
vt 0.444138 0.378263
vt 0.088981 0.711458
vt 0.084603 0.696793
vt 0.089919 0.694924
vt 0.093089 0.709553
vt 0.094901 0.724531
vt 0.241808 0.519622
vt 0.925548 0.311552
vt 0.933830 0.312157
vt 0.933830 0.328359
vt 0.926429 0.327003
vt 0.892494 0.726414
vt 0.897492 0.722731
vt 0.959478 0.615629
vt 0.962751 0.621213
vt 0.954679 0.621332
vt 0.949839 0.615629
vt 0.464548 0.862075
vt 0.467456 0.852574
vt 0.472609 0.849985
vt 0.470224 0.863603
vt 0.903461 0.719184
vt 0.468494 0.841677
vt 0.472316 0.836427
vt 0.462301 0.853937
vt 0.462301 0.847314
vt 0.453629 0.614147
vt 0.141167 0.550230
vt 0.731607 0.767736
vt 0.755415 0.773561
vt 0.732354 0.767211
vt 0.751741 0.768083
vt 0.622843 0.976002
vt 0.624648 0.967805
vt 0.624648 0.977636
vt 0.622650 0.977545
vt 0.721929 0.770428
vt 0.724794 0.765036
vt 0.170911 0.846988
vt 0.167434 0.848276
vt 0.159680 0.848028
vt 0.162176 0.843481
vt 0.166618 0.842310
vt 0.158403 0.848083
vt 0.072105 0.967805
vt 0.071839 0.969067
vt 0.963632 0.109133
vt 0.962017 0.110187
vt 0.949839 0.110762
vt 0.949839 0.106984
vt 0.609267 0.658560
vt 0.607748 0.670074
vt 0.602733 0.670821
vt 0.605670 0.657149
vt 0.595985 0.674324
vt 0.596529 0.664345
vt 0.608517 0.681004
vt 0.002040 0.916774
vt 0.006389 0.908419
vt 0.018980 0.915970
vt 0.017655 0.919285
vt 0.017244 0.922441
vt 0.001792 0.922441
vt 0.012532 0.904141
vt 0.951517 0.746515
vt 0.962406 0.745500
vt 0.960296 0.751786
vt 0.949839 0.751786
vt 0.155165 0.949839
vt 0.154907 0.958335
vt 0.150259 0.958949
vt 0.148488 0.953731
vt 0.155165 0.963572
vt 0.148218 0.964670
vt 0.989455 0.103259
vt 0.981636 0.103259
vt 0.988474 0.101313
vt 0.988965 0.102286
vt 0.561422 0.394844
vt 0.561816 0.400998
vt 0.546904 0.401704
vt 0.546912 0.394844
vt 0.874087 0.717004
vt 0.877631 0.717119
vt 0.875146 0.723165
vt 0.870793 0.724335
vt 0.872373 0.732316
vt 0.880101 0.724850
vt 0.874806 0.732936
vt 0.185972 0.936270
vt 0.186007 0.939189
vt 0.173465 0.936393
vt 0.174290 0.932117
vt 0.882583 0.729883
vt 0.879920 0.738333
vt 0.882583 0.715738
vt 0.863603 0.399634
vt 0.863603 0.415668
vt 0.856180 0.411035
vt 0.861494 0.397907
vt 0.857921 0.395244
vt 0.862673 0.392727
vt 0.847186 0.396909
vt 0.850420 0.391395
vt 0.855786 0.388473
vt 0.489705 0.838991
vt 0.485356 0.825129
vt 0.515309 0.832666
vt 0.512019 0.838150
vt 0.813471 0.578938
vt 0.817414 0.586057
vt 0.819948 0.596192
vt 0.813508 0.594229
vt 0.809049 0.596591
vt 0.693515 0.166421
vt 0.699412 0.155545
vt 0.701724 0.155959
vt 0.696440 0.162848
vt 0.701767 0.158532
vt 0.701078 0.143453
vt 0.709402 0.147071
vt 0.706817 0.157150
vt 0.923787 0.981278
vt 0.929192 0.981278
vt 0.926403 0.989131
vt 0.924058 0.988634
vt 0.978680 0.114269
vt 0.970309 0.116371
vt 0.973417 0.112486
vt 0.977167 0.111780
vt 0.704283 0.133909
vt 0.688222 0.140229
vt 0.688749 0.132144
vt 0.689003 0.147105
vt 0.699058 0.179974
vt 0.690426 0.173166
vt 0.706710 0.179664
vt 0.708987 0.184109
vt 0.699085 0.182624
vt 0.705595 0.177487
vt 0.709862 0.168716
vt 0.198169 0.766314
vt 0.199621 0.759405
vt 0.201353 0.768084
vt 0.197325 0.775847
vt 0.198228 0.776740
vt 0.194603 0.779960
vt 0.192367 0.775323
vt 0.201346 0.780146
vt 0.198270 0.784741
vt 0.195152 0.788003
vt 0.191465 0.784489
vt 0.204836 0.790694
vt 0.203057 0.793376
vt 0.210199 0.786191
vt 0.820985 0.229844
vt 0.820611 0.243371
vt 0.817930 0.243127
vt 0.817543 0.230733
vt 0.817543 0.255641
vt 0.821199 0.254525
vt 0.826557 0.257158
vt 0.821411 0.261928
vt 0.772238 0.276711
vt 0.777432 0.278076
vt 0.777775 0.286602
vt 0.772238 0.285391
vt 0.783885 0.278910
vt 0.780957 0.285031
vt 0.988631 0.520109
vt 0.982099 0.519785
vt 0.981636 0.516944
vt 0.987577 0.516944
vt 0.776660 0.271841
vt 0.780977 0.271604
vt 0.823635 0.244489
vt 0.824836 0.250020
vt 0.962336 0.707123
vt 0.951758 0.706798
vt 0.949839 0.696950
vt 0.958840 0.696950
vt 0.212309 0.776355
vt 0.205435 0.770790
vt 0.548003 0.598244
vt 0.548530 0.606415
vt 0.535420 0.604833
vt 0.534712 0.593642
vt 0.536887 0.589043
vt 0.548530 0.592551
vt 0.540153 0.613063
vt 0.535012 0.610638
vt 0.034102 0.776087
vt 0.987948 0.930992
vt 0.982744 0.930992
vt 0.911324 0.841695
vt 0.912951 0.840977
vt 0.981636 0.973802
vt 0.983805 0.972432
vt 0.984422 0.972653
vt 0.982951 0.973899
vt 0.912951 0.859807
vt 0.051951 0.277359
vt 0.048836 0.271479
vt 0.065794 0.270860
vt 0.067259 0.278456
vt 0.401279 0.698232
vt 0.406178 0.699877
vt 0.047478 0.263202
vt 0.066339 0.258696
vt 0.070851 0.246386
vt 0.087072 0.247699
vt 0.084124 0.261313
vt 0.382437 0.884481
vt 0.381656 0.864732
vt 0.050319 0.251581
vt 0.504923 0.597077
vt 0.499662 0.592582
vt 0.503529 0.590590
vt 0.506773 0.595005
vt 0.500473 0.788780
vt 0.503609 0.779962
vt 0.514990 0.783164
vt 0.511406 0.793451
vt 0.510519 0.796447
vt 0.500359 0.794349
vt 0.488938 0.798560
vt 0.488938 0.791697
vt 0.192387 0.989966
vt 0.193744 0.982936
vt 0.200194 0.981278
vt 0.200194 0.989569
vt 0.500521 0.801286
vt 0.494213 0.802403
vt 0.491663 0.806662
vt 0.502295 0.804504
vt 0.512759 0.799888
vt 0.510455 0.804160
vt 0.517013 0.801540
vt 0.513530 0.802875
vt 0.518671 0.804538
vt 0.514342 0.806025
vt 0.519955 0.797822
vt 0.643259 0.275170
vt 0.644715 0.284003
vt 0.636878 0.282531
vt 0.636521 0.273543
vt 0.628828 0.280787
vt 0.629260 0.273463
vt 0.620204 0.278190
vt 0.620530 0.272432
vt 0.621159 0.267918
vt 0.611527 0.269815
vt 0.611229 0.265782
vt 0.608991 0.261567
vt 0.620874 0.264195
vt 0.618578 0.262408
vt 0.921452 0.321286
vt 0.922441 0.328359
vt 0.918863 0.326412
vt 0.917674 0.320815
vt 0.921807 0.311737
vt 0.922441 0.312236
vt 0.913680 0.317800
vt 0.919808 0.310166
vt 0.917888 0.275195
vt 0.915147 0.277112
vt 0.912344 0.267801
vt 0.918968 0.264878
vt 0.922514 0.265078
vt 0.920425 0.271460
vt 0.829438 0.798090
vt 0.828762 0.805956
vt 0.823737 0.807495
vt 0.823804 0.797834
vt 0.649733 0.882869
vt 0.654819 0.884983
vt 0.650317 0.893252
vt 0.645976 0.890559
vt 0.643491 0.886553
vt 0.643747 0.882022
vt 0.817783 0.809279
vt 0.818062 0.798092
vt 0.811176 0.799154
vt 0.824796 0.817758
vt 0.818864 0.820356
vt 0.611894 0.280748
vt 0.611953 0.274577
vt 0.619851 0.285565
vt 0.829438 0.815777
vt 0.640615 0.827161
vt 0.648277 0.829188
vt 0.644750 0.839361
vt 0.636368 0.837529
vt 0.630727 0.835876
vt 0.634083 0.825673
vt 0.646423 0.816676
vt 0.653849 0.818770
vt 0.642698 0.846520
vt 0.633444 0.845812
vt 0.912520 0.865551
vt 0.920543 0.864387
vt 0.918906 0.871850
vt 0.912609 0.870906
vt 0.912735 0.877501
vt 0.920543 0.878844
vt 0.918494 0.882583
vt 0.952648 0.264061
vt 0.949839 0.260354
vt 0.953672 0.258786
vt 0.959410 0.266060
vt 0.961732 0.259360
vt 0.962918 0.265785
vt 0.953565 0.253843
vt 0.962918 0.253077
vt 0.881394 0.816819
vt 0.888277 0.820801
vt 0.583373 0.454850
vt 0.589993 0.458250
vt 0.584450 0.464649
vt 0.651183 0.846520
vt 0.658759 0.821856
vt 0.654819 0.896881
vt 0.647869 0.903461
vt 0.644056 0.900518
vt 0.645270 0.293281
vt 0.645324 0.298377
vt 0.493158 0.774452
vt 0.502385 0.773066
vt 0.489817 0.783583
vt 0.652921 0.298186
vt 0.651742 0.299755
vt 0.649104 0.301647
vt 0.645808 0.301135
vt 0.817955 0.949839
vt 0.815472 0.951128
vt 0.992825 0.990009
vt 0.992383 0.990003
vt 0.994184 0.990003
vt 0.993417 0.990279
vt 0.462776 0.994680
vt 0.462128 0.995016
vt 0.462282 0.993508
vt 0.462694 0.993481
vt 0.592064 0.993652
vt 0.591863 0.993831
vt 0.591955 0.993266
vt 0.591863 0.993454
vt 0.207432 0.974017
vt 0.209648 0.977354
vt 0.207242 0.978259
vt 0.207242 0.975840
vt 0.865501 0.891081
vt 0.864274 0.893971
vt 0.860088 0.892933
vt 0.860958 0.890106
vt 0.636691 0.241401
vt 0.632268 0.242316
vt 0.638312 0.230742
vt 0.642178 0.234199
vt 0.644662 0.236999
vt 0.646443 0.242867
vt 0.652921 0.244147
vt 0.749721 0.136562
vt 0.742584 0.145558
vt 0.734341 0.143847
vt 0.739010 0.136908
vt 0.018081 0.398747
vt 0.037656 0.402382
vt 0.725920 0.098741
vt 0.993556 0.372094
vt 0.992383 0.369930
vt 0.997833 0.369930
vt 0.997165 0.372299
vt 0.339761 0.512302
vt 0.336207 0.510794
vt 0.334185 0.503221
vt 0.338234 0.505062
vt 0.334172 0.499408
vt 0.341645 0.501361
vt 0.307536 0.989836
vt 0.299673 0.989836
vt 0.300805 0.982473
vt 0.304063 0.981278
vt 0.963621 0.117030
vt 0.949839 0.117030
vt 0.950278 0.113587
vt 0.960997 0.113485
vt 0.962568 0.568449
vt 0.959597 0.574563
vt 0.958032 0.575393
vt 0.949839 0.568449
vt 0.956566 0.579137
vt 0.954265 0.578303
vt 0.055981 0.985925
vt 0.056008 0.988452
vt 0.049623 0.990203
vt 0.049623 0.981278
vt 0.161332 0.916885
vt 0.160235 0.920543
vt 0.154538 0.919260
vt 0.158346 0.912292
vt 0.949839 0.875745
vt 0.961936 0.875745
vt 0.962149 0.883534
vt 0.956990 0.884548
vt 0.151906 0.908405
vt 0.150022 0.916307
vt 0.145038 0.914892
vt 0.145802 0.909799
vt 0.288983 0.612013
vt 0.299858 0.618415
vt 0.303001 0.622881
vt 0.285923 0.615770
vt 0.488687 0.708077
vt 0.487644 0.703249
vt 0.495930 0.707407
vt 0.497253 0.713299
vt 0.495613 0.722100
vt 0.487598 0.716708
vt 0.300468 0.222050
vt 0.302218 0.230950
vt 0.293562 0.230469
vt 0.280129 0.210533
vt 0.287388 0.229814
vt 0.280205 0.215796
vt 0.303684 0.241059
vt 0.298700 0.240803
vt 0.290673 0.236407
vt 0.285153 0.236895
vt 0.283753 0.228778
vt 0.824728 0.558480
vt 0.822017 0.556077
vt 0.828073 0.551776
vt 0.830852 0.554466
vt 0.832701 0.557948
vt 0.281360 0.235643
vt 0.284839 0.242154
vt 0.280129 0.239236
vt 0.834617 0.553022
vt 0.836019 0.557285
vt 0.152397 0.923668
vt 0.154182 0.928145
vt 0.150722 0.928672
vt 0.150338 0.924556
vt 0.146620 0.928071
vt 0.147850 0.923114
vt 0.144272 0.927831
vt 0.142982 0.923745
vt 0.145523 0.932933
vt 0.143881 0.933290
vt 0.145822 0.939524
vt 0.142982 0.938260
vt 0.149913 0.933665
vt 0.155638 0.933450
vt 0.301548 0.258132
vt 0.296808 0.255879
vt 0.878584 0.030672
vt 0.882583 0.036334
vt 0.881342 0.043893
vt 0.879832 0.036245
vt 0.495500 0.728577
vt 0.484743 0.725524
vt 0.315456 0.638273
vt 0.314536 0.629420
vt 0.324048 0.628222
vt 0.506773 0.715021
vt 0.505514 0.709321
vt 0.322188 0.623529
vt 0.334558 0.623031
vt 0.336602 0.628047
vt 0.347533 0.623324
vt 0.347698 0.627790
vt 0.348074 0.632478
vt 0.356967 0.628323
vt 0.356521 0.631879
vt 0.363598 0.631303
vt 0.360865 0.635288
vt 0.366319 0.632177
vt 0.364067 0.638464
vt 0.790003 0.092375
vt 0.802866 0.097233
vt 0.792380 0.115209
vt 0.787904 0.117678
vt 0.358949 0.622883
vt 0.362737 0.625994
vt 0.332243 0.618774
vt 0.348041 0.619717
vt 0.358006 0.617335
vt 0.329329 0.614170
vt 0.346799 0.612925
vt 0.325582 0.609998
vt 0.340316 0.607008
vt 0.347951 0.602119
vt 0.358423 0.608630
vt 0.338707 0.602344
vt 0.319720 0.606149
vt 0.312759 0.611248
vt 0.307394 0.608035
vt 0.316361 0.614447
vt 0.485401 0.885459
vt 0.482769 0.888277
vt 0.482769 0.864507
vt 0.485895 0.872881
vt 0.319818 0.619598
vt 0.307778 0.621294
vt 0.291734 0.611481
vt 0.503952 0.704514
vt 0.492504 0.703008
vt 0.808560 0.183765
vt 0.805473 0.198520
vt 0.798550 0.201191
vt 0.800222 0.191340
vt 0.034283 0.632540
vt 0.031692 0.645854
vt 0.614786 0.125954
vt 0.617841 0.111674
vt 0.622553 0.113169
vt 0.622553 0.140454
vt 0.026324 0.644027
vt 0.022014 0.663346
vt 0.016603 0.656698
vt 0.051247 0.638998
vt 0.051226 0.645212
vt 0.046079 0.655373
vt 0.296181 0.602119
vt 0.309515 0.604747
vt 0.299766 0.610075
vt 0.296424 0.606509
vt 0.312649 0.624596
vt 0.664609 0.412525
vt 0.663706 0.417921
vt 0.662001 0.401778
vt 0.663838 0.400385
vt 0.665887 0.399856
vt 0.665295 0.414358
vt 0.981636 0.318585
vt 0.985379 0.318107
vt 0.661291 0.420102
vt 0.668106 0.415210
vt 0.668086 0.423260
vt 0.668047 0.399746
vt 0.607677 0.254713
vt 0.602188 0.268312
vt 0.584940 0.268166
vt 0.589444 0.257972
vt 0.572654 0.268190
vt 0.575225 0.258260
vt 0.899156 0.914528
vt 0.891307 0.914990
vt 0.580990 0.280861
vt 0.570337 0.281528
vt 0.560999 0.283208
vt 0.562045 0.268449
vt 0.571369 0.257750
vt 0.568940 0.294638
vt 0.560181 0.296653
vt 0.750415 0.725047
vt 0.750491 0.711353
vt 0.754595 0.708264
vt 0.755539 0.723638
vt 0.022876 0.876568
vt 0.017292 0.876656
vt 0.028470 0.862773
vt 0.759827 0.710490
vt 0.762401 0.721517
vt 0.010077 0.876155
vt 0.768701 0.716596
vt 0.002982 0.876889
vt 0.002982 0.861793
vt 0.003050 0.850655
vt 0.837030 0.687574
vt 0.837030 0.702938
vt 0.828469 0.704837
vt 0.827697 0.691971
vt 0.712638 0.961757
vt 0.709199 0.949839
vt 0.721919 0.949839
vt 0.721568 0.963632
vt 0.950521 0.449202
vt 0.949839 0.440494
vt 0.961815 0.441712
vt 0.962795 0.449202
vt 0.652921 0.166434
vt 0.652787 0.179514
vt 0.644075 0.180528
vt 0.644313 0.167563
vt 0.644302 0.158019
vt 0.652544 0.157963
vt 0.637510 0.327735
vt 0.641097 0.315283
vt 0.648932 0.328435
vt 0.660191 0.328176
vt 0.652805 0.191874
vt 0.645270 0.191421
vt 0.642797 0.304618
vt 0.652762 0.203641
vt 0.645216 0.201874
vt 0.636148 0.206514
vt 0.833817 0.717454
vt 0.828600 0.717303
vt 0.316480 0.751405
vt 0.568035 0.304454
vt 0.559372 0.307974
vt 0.578431 0.293323
vt 0.578589 0.301808
vt 0.592422 0.292372
vt 0.589679 0.299794
vt 0.668106 0.363965
vt 0.667949 0.372361
vt 0.664780 0.372873
vt 0.667713 0.357326
vt 0.665071 0.384309
vt 0.661841 0.384737
vt 0.661370 0.373100
vt 0.667978 0.384061
vt 0.596585 0.282093
vt 0.729183 0.455879
vt 0.726241 0.447179
vt 0.729848 0.446191
vt 0.933830 0.536708
vt 0.932161 0.551451
vt 0.930843 0.552326
vt 0.930630 0.536708
vt 0.732879 0.445063
vt 0.658730 0.383793
vt 0.909155 0.266767
vt 0.909155 0.286602
vt 0.905504 0.283681
vt 0.907049 0.266051
vt 0.661220 0.403288
vt 0.659441 0.415836
vt 0.984770 0.313012
vt 0.252271 0.733003
vt 0.256449 0.725784
vt 0.262769 0.728954
vt 0.265339 0.738634
vt 0.341645 0.421293
vt 0.333910 0.423637
vt 0.328799 0.426583
vt 0.341249 0.430302
vt 0.332835 0.430852
vt 0.371331 0.916182
vt 0.368440 0.918645
vt 0.362658 0.911407
vt 0.367536 0.908468
vt 0.372013 0.906894
vt 0.372013 0.915178
vt 0.366529 0.900256
vt 0.369561 0.899333
vt 0.280160 0.740023
vt 0.274216 0.740231
vt 0.655201 0.105868
vt 0.661801 0.101948
vt 0.667200 0.097731
vt 0.674869 0.110401
vt 0.685058 0.104234
vt 0.686823 0.124651
vt 0.680953 0.125957
vt 0.677800 0.087689
vt 0.653684 0.143972
vt 0.659572 0.141601
vt 0.662207 0.145260
vt 0.656170 0.149408
vt 0.668643 0.151199
vt 0.662544 0.156965
vt 0.679203 0.144542
vt 0.686689 0.155798
vt 0.676927 0.160767
vt 0.669769 0.168924
vt 0.160134 0.925721
vt 0.170822 0.925721
vt 0.166573 0.941422
vt 0.160427 0.940543
vt 0.521105 0.678768
vt 0.501088 0.684979
vt 0.495283 0.679052
vt 0.519139 0.672341
vt 0.536386 0.678842
vt 0.539040 0.682237
vt 0.527596 0.682973
vt 0.507731 0.687144
vt 0.498659 0.693788
vt 0.492554 0.691327
vt 0.522175 0.692370
vt 0.511192 0.693501
vt 0.503787 0.696620
vt 0.499387 0.698120
vt 0.494969 0.696228
vt 0.741134 0.272352
vt 0.750044 0.270264
vt 0.753543 0.276167
vt 0.744094 0.277877
vt 0.738476 0.277894
vt 0.736522 0.273428
vt 0.734987 0.276703
vt 0.733484 0.273746
vt 0.745318 0.285143
vt 0.738304 0.285211
vt 0.735347 0.285693
vt 0.251961 0.199200
vt 0.248341 0.201544
vt 0.245622 0.191444
vt 0.249125 0.190967
vt 0.252005 0.206243
vt 0.250819 0.205917
vt 0.996689 0.913147
vt 0.992563 0.912251
vt 0.992383 0.910972
vt 0.996689 0.909416
vt 0.246206 0.206097
vt 0.244562 0.196588
vt 0.983049 0.547809
vt 0.982770 0.547593
vt 0.981636 0.546331
vt 0.988680 0.546331
vt 0.229545 0.985094
vt 0.230673 0.990072
vt 0.225854 0.983767
vt 0.230673 0.981278
vt 0.250456 0.993266
vt 0.250178 0.993496
vt 0.250456 0.996663
vt 0.249523 0.996020
vt 0.117678 0.910529
vt 0.116943 0.913446
vt 0.114254 0.911632
vt 0.116473 0.909009
vt 0.116109 0.916944
vt 0.112291 0.915326
vt 0.109311 0.912460
vt 0.112447 0.908620
vt 0.115839 0.906089
vt 0.111042 0.920248
vt 0.107322 0.917154
vt 0.489475 0.694454
vt 0.483640 0.692455
vt 0.485848 0.688416
vt 0.107144 0.907191
vt 0.111968 0.903715
vt 0.781987 0.590064
vt 0.779018 0.595513
vt 0.774674 0.596305
vt 0.776078 0.590688
vt 0.480256 0.686239
vt 0.483036 0.678804
vt 0.770306 0.597143
vt 0.772378 0.591150
vt 0.773232 0.583544
vt 0.777577 0.582083
vt 0.772686 0.577490
vt 0.776813 0.570020
vt 0.769198 0.567652
vt 0.774853 0.563025
vt 0.406233 0.964441
vt 0.402719 0.964129
vt 0.401916 0.955120
vt 0.406233 0.949839
vt 0.485258 0.662720
vt 0.482903 0.647409
vt 0.494184 0.654417
vt 0.492644 0.661260
vt 0.480256 0.639901
vt 0.492766 0.638953
vt 0.499858 0.655607
vt 0.498268 0.660986
vt 0.425158 0.895869
vt 0.412377 0.892999
vt 0.424614 0.886115
vt 0.590005 0.738964
vt 0.592320 0.728657
vt 0.424569 0.880464
vt 0.420886 0.873982
vt 0.407706 0.891073
vt 0.773754 0.599598
vt 0.769198 0.599777
vt 0.107144 0.920687
vt 0.111565 0.922441
vt 0.114618 0.920632
vt 0.755415 0.284050
vt 0.754098 0.293506
vt 0.491446 0.750503
vt 0.490611 0.741009
vt 0.502191 0.738877
vt 0.503094 0.750860
vt 0.507095 0.763585
vt 0.492882 0.761811
vt 0.749326 0.303829
vt 0.503116 0.769033
vt 0.496249 0.770599
vt 0.743949 0.311277
vt 0.966447 0.748664
vt 0.968970 0.745870
vt 0.976349 0.744517
vt 0.977440 0.748664
vt 0.509893 0.765667
vt 0.977105 0.811466
vt 0.966447 0.811466
vt 0.971072 0.802289
vt 0.975483 0.803036
vt 0.489805 0.733911
vt 0.501925 0.731112
vt 0.841254 0.163864
vt 0.849072 0.161261
vt 0.852214 0.169336
vt 0.842238 0.173796
vt 0.920863 0.949839
vt 0.920863 0.962674
vt 0.914247 0.963634
vt 0.915196 0.951738
vt 0.145639 0.879630
vt 0.146148 0.887045
vt 0.141076 0.886990
vt 0.140560 0.879041
vt 0.593395 0.764596
vt 0.590315 0.759071
vt 0.595297 0.756739
vt 0.598187 0.763435
vt 0.601490 0.771334
vt 0.595217 0.771983
vt 0.603785 0.781151
vt 0.596400 0.781908
vt 0.603963 0.761908
vt 0.657689 0.873206
vt 0.657792 0.867146
vt 0.663426 0.865809
vt 0.665984 0.870496
vt 0.665655 0.877504
vt 0.658970 0.880601
vt 0.610947 0.759157
vt 0.666292 0.890112
vt 0.656863 0.890175
vt 0.975019 0.910212
vt 0.976875 0.919606
vt 0.971825 0.917864
vt 0.966447 0.919606
vt 0.675698 0.872345
vt 0.675698 0.887657
vt 0.632043 0.220135
vt 0.631379 0.235310
vt 0.627029 0.237253
vt 0.627029 0.217969
vt 0.671486 0.869106
vt 0.596532 0.792095
vt 0.590315 0.793376
vt 0.591130 0.783590
vt 0.146148 0.896986
vt 0.140542 0.898170
vt 0.604849 0.792977
vt 0.614263 0.792333
vt 0.897013 0.388423
vt 0.908439 0.387000
vt 0.909155 0.399658
vt 0.897373 0.398324
vt 0.906373 0.408076
vt 0.897013 0.405392
vt 0.977911 0.428179
vt 0.966553 0.428179
vt 0.966447 0.419656
vt 0.976737 0.423193
vt 0.729562 0.011516
vt 0.736266 0.002807
vt 0.744302 0.003792
vt 0.745925 0.012563
vt 0.745577 0.013842
vt 0.737300 0.014182
vt 0.744988 0.016008
vt 0.733908 0.020108
vt 0.740734 0.032382
vt 0.728348 0.030019
vt 0.732327 0.040533
vt 0.725889 0.040511
vt 0.743921 0.040944
vt 0.741254 0.045553
vt 0.735677 0.045387
vt 0.745925 0.037054
vt 0.972836 0.725686
vt 0.969299 0.721243
vt 0.977260 0.717558
vt 0.975539 0.722866
vt 0.978326 0.168714
vt 0.978326 0.176853
vt 0.966447 0.177384
vt 0.969132 0.168000
vt 0.130740 0.901530
vt 0.136213 0.886454
vt 0.126592 0.901563
vt 0.130071 0.887648
vt 0.135572 0.880574
vt 0.206885 0.645585
vt 0.205859 0.667533
vt 0.998038 0.173635
vt 0.992383 0.173635
vt 0.992654 0.169451
vt 0.997828 0.171280
vt 0.880864 0.641766
vt 0.877710 0.645559
vt 0.876027 0.641259
vt 0.876283 0.656652
vt 0.870710 0.658000
vt 0.872983 0.644549
vt 0.213546 0.981278
vt 0.210229 0.989953
vt 0.880752 0.666208
vt 0.871955 0.663846
vt 0.886379 0.665479
vt 0.780946 0.732602
vt 0.778118 0.730156
vt 0.779962 0.728847
vt 0.781524 0.732118
vt 0.781749 0.727507
vt 0.782817 0.731034
vt 0.783670 0.725480
vt 0.783885 0.730138
vt 0.781244 0.724051
vt 0.783836 0.721985
vt 0.711603 0.632053
vt 0.707316 0.632542
vt 0.705252 0.629562
vt 0.709178 0.628546
vt 0.712637 0.627966
vt 0.715581 0.632465
vt 0.781177 0.719868
vt 0.783885 0.717698
vt 0.779038 0.725676
vt 0.778530 0.721395
vt 0.781788 0.714339
vt 0.783698 0.712769
vt 0.780557 0.708237
vt 0.782500 0.706835
vt 0.724583 0.794843
vt 0.721759 0.796364
vt 0.702824 0.633941
vt 0.701016 0.631374
vt 0.721020 0.804338
vt 0.717481 0.797088
vt 0.699544 0.627278
vt 0.703698 0.625190
vt 0.700299 0.621258
vt 0.702263 0.619681
vt 0.705415 0.616858
vt 0.707465 0.623475
vt 0.711386 0.616072
vt 0.712067 0.622122
vt 0.718224 0.617489
vt 0.718976 0.622465
vt 0.716887 0.626702
vt 0.723641 0.621534
vt 0.721954 0.625814
vt 0.722911 0.609957
vt 0.588263 0.827621
vt 0.699565 0.615999
vt 0.696060 0.617464
vt 0.711658 0.795500
vt 0.714316 0.810313
vt 0.724745 0.808865
vt 0.711575 0.814623
vt 0.780745 0.715876
vt 0.776043 0.719217
vt 0.775908 0.724540
vt 0.771725 0.722134
vt 0.776640 0.727290
vt 0.773711 0.733513
vt 0.771730 0.729479
vt 0.769317 0.725344
vt 0.829249 0.590873
vt 0.833042 0.593910
vt 0.830817 0.605148
vt 0.825414 0.597933
vt 0.828259 0.611452
vt 0.825058 0.607674
vt 0.586886 0.930459
vt 0.587597 0.924323
vt 0.834108 0.820854
vt 0.846520 0.821042
vt 0.729786 0.758723
vt 0.739272 0.744858
vt 0.748603 0.754703
vt 0.750830 0.763007
vt 0.729786 0.737977
vt 0.741313 0.722900
vt 0.751846 0.729596
vt 0.762848 0.743801
vt 0.030584 0.837815
vt 0.049447 0.842243
vt 0.046711 0.853497
vt 0.029815 0.850096
vt 0.558916 0.741553
vt 0.561937 0.731058
vt 0.576380 0.736010
vt 0.573620 0.745460
vt 0.812356 0.011277
vt 0.810886 0.022293
vt 0.803194 0.019903
vt 0.804076 0.010007
vt 0.582418 0.748022
vt 0.777913 0.895869
vt 0.780089 0.884590
vt 0.771705 0.895513
vt 0.768254 0.891352
vt 0.380218 0.498858
vt 0.387198 0.496200
vt 0.381306 0.506549
vt 0.376285 0.504686
vt 0.075921 0.884119
vt 0.067724 0.885554
vt 0.064794 0.877543
vt 0.075921 0.875928
vt 0.518171 0.959657
vt 0.511337 0.964174
vt 0.060364 0.871499
vt 0.061084 0.877585
vt 0.054744 0.877535
vt 0.054956 0.869810
vt 0.062588 0.884858
vt 0.056218 0.887818
vt 0.065005 0.891238
vt 0.060034 0.893971
vt 0.377020 0.516263
vt 0.378898 0.511206
vt 0.383162 0.512511
vt 0.382958 0.515670
vt 0.384056 0.508379
vt 0.385834 0.506353
vt 0.982481 0.269499
vt 0.989133 0.269145
vt 0.987109 0.274003
vt 0.981636 0.274003
vt 0.873093 0.120733
vt 0.869856 0.138415
vt 0.863248 0.127185
vt 0.868075 0.118036
vt 0.444050 0.967805
vt 0.444050 0.977632
vt 0.435600 0.972549
vt 0.437140 0.968461
vt 0.981636 0.654397
vt 0.988278 0.654907
vt 0.986867 0.659586
vt 0.981636 0.660162
vt 0.232475 0.843912
vt 0.242702 0.840487
vt 0.241634 0.849557
vt 0.230451 0.855206
vt 0.857264 0.121721
vt 0.866486 0.140426
vt 0.856667 0.134415
vt 0.252438 0.844104
vt 0.251387 0.861058
vt 0.242793 0.859647
vt 0.252438 0.866339
vt 0.237197 0.867399
vt 0.024674 0.585915
vt 0.020542 0.594083
vt 0.020542 0.584079
vt 0.023456 0.574319
vt 0.454842 0.745925
vt 0.458532 0.735218
vt 0.464433 0.727155
vt 0.466397 0.731362
vt 0.362009 0.284880
vt 0.342377 0.284951
vt 0.344582 0.279513
vt 0.346055 0.268048
vt 0.467525 0.736493
vt 0.473153 0.719540
vt 0.478625 0.722556
vt 0.328356 0.285714
vt 0.327080 0.276632
vt 0.324955 0.266205
vt 0.342767 0.264738
vt 0.314379 0.290398
vt 0.311110 0.281842
vt 0.309847 0.268416
vt 0.286278 0.754140
vt 0.286051 0.740720
vt 0.308709 0.737562
vt 0.315967 0.746368
vt 0.303944 0.762653
vt 0.286051 0.772497
vt 0.320057 0.738731
vt 0.320767 0.743603
vt 0.303708 0.732863
vt 0.286573 0.732222
vt 0.061327 0.692666
vt 0.078502 0.693813
vt 0.078554 0.701901
vt 0.474741 0.706462
vt 0.482099 0.707924
vt 0.468034 0.717994
vt 0.466701 0.708667
vt 0.338696 0.256630
vt 0.336809 0.253670
vt 0.458559 0.729854
vt 0.462534 0.724729
vt 0.465012 0.716522
vt 0.963724 0.011581
vt 0.960333 0.013972
vt 0.949839 0.013972
vt 0.956498 0.010262
vt 0.989059 0.403145
vt 0.986422 0.404802
vt 0.981636 0.404216
vt 0.982782 0.403145
vt 0.874085 0.813569
vt 0.876889 0.814135
vt 0.875876 0.817727
vt 0.871751 0.816843
vt 0.552326 0.763559
vt 0.548864 0.765103
vt 0.873991 0.821652
vt 0.869332 0.820648
vt 0.545187 0.767150
vt 0.541446 0.763692
vt 0.541079 0.770599
vt 0.536163 0.768075
vt 0.789476 0.370423
vt 0.782643 0.373081
vt 0.780273 0.367524
vt 0.789580 0.365317
vt 0.538789 0.759049
vt 0.778453 0.359965
vt 0.789555 0.357995
vt 0.536776 0.752017
vt 0.789580 0.349534
vt 0.536163 0.743515
vt 0.543232 0.741896
vt 0.609368 0.827233
vt 0.606454 0.838085
vt 0.543558 0.732071
vt 0.549353 0.731311
vt 0.547924 0.741525
vt 0.633966 0.900085
vt 0.635839 0.912137
vt 0.552285 0.741653
vt 0.549880 0.747606
vt 0.108031 0.876493
vt 0.770067 0.369040
vt 0.766096 0.360972
vt 0.837962 0.931117
vt 0.838928 0.939524
vt 0.832485 0.938452
vt 0.827070 0.928159
vt 0.824141 0.932137
vt 0.826529 0.927933
vt 0.994904 0.515043
vt 0.992383 0.511139
vt 0.997505 0.511139
vt 0.996804 0.514276
vt 0.339627 0.981278
vt 0.342421 0.981757
vt 0.342421 0.989983
vt 0.338528 0.986363
vt 0.785284 0.958113
vt 0.784528 0.949839
vt 0.788096 0.951241
vt 0.789030 0.961969
vt 0.794379 0.950387
vt 0.796112 0.957320
vt 0.143125 0.842260
vt 0.145529 0.834440
vt 0.156493 0.839919
vt 0.150577 0.845462
vt 0.146279 0.848993
vt 0.140906 0.850316
vt 0.711760 0.791180
vt 0.705462 0.792713
vt 0.704295 0.785465
vt 0.710638 0.783070
vt 0.709528 0.776341
vt 0.701006 0.793515
vt 0.699811 0.787590
vt 0.880685 0.590071
vt 0.880012 0.596319
vt 0.875305 0.596243
vt 0.876459 0.591227
vt 0.876267 0.586269
vt 0.879864 0.584347
vt 0.874982 0.582287
vt 0.877708 0.579623
vt 0.871555 0.591466
vt 0.872711 0.587397
vt 0.872705 0.583802
vt 0.873058 0.579034
vt 0.875629 0.576364
vt 0.870387 0.581821
vt 0.870723 0.596217
vt 0.873915 0.600697
vt 0.870387 0.601672
vt 0.871999 0.826302
vt 0.866306 0.833166
vt 0.867111 0.826283
vt 0.867807 0.838928
vt 0.915645 0.336419
vt 0.920543 0.339011
vt 0.919632 0.347279
vt 0.913896 0.342367
vt 0.778246 0.379606
vt 0.774481 0.375293
vt 0.784548 0.376742
vt 0.920543 0.354931
vt 0.913253 0.349931
vt 0.877757 0.601675
vt 0.707095 0.798942
vt 0.706117 0.802833
vt 0.954627 0.104245
vt 0.949839 0.101957
vt 0.963706 0.101957
vt 0.963023 0.104261
vt 0.206885 0.582694
vt 0.200897 0.569546
vt 0.203315 0.563509
vt 0.206885 0.567855
vt 0.874877 0.888091
vt 0.874877 0.872733
vt 0.805020 0.036063
vt 0.803540 0.028016
vt 0.044394 0.861500
vt 0.032778 0.865501
vt 0.056941 0.860730
vt 0.055513 0.865501
vt 0.822831 0.837017
vt 0.822635 0.824076
vt 0.826016 0.850316
vt 0.472141 0.923646
vt 0.471722 0.914779
vt 0.480201 0.917835
vt 0.479425 0.923627
vt 0.478448 0.927420
vt 0.471722 0.927304
vt 0.479917 0.931348
vt 0.471722 0.931932
vt 0.277054 0.865348
vt 0.277112 0.856037
vt 0.060737 0.102493
vt 0.058200 0.093266
vt 0.056680 0.084508
vt 0.060737 0.079442
vt 0.102493 0.698474
vt 0.084597 0.684408
vt 0.084061 0.678134
vt 0.093093 0.677742
vt 0.086098 0.671286
vt 0.096832 0.670951
vt 0.087218 0.665445
vt 0.096127 0.665422
vt 0.102493 0.664531
vt 0.101639 0.670631
vt 0.674801 0.741420
vt 0.673525 0.734479
vt 0.679236 0.734055
vt 0.679906 0.741734
vt 0.679040 0.749170
vt 0.674441 0.747939
vt 0.687839 0.740611
vt 0.687916 0.748251
vt 0.683595 0.757582
vt 0.698462 0.736748
vt 0.698502 0.745281
vt 0.704665 0.737332
vt 0.703953 0.741810
vt 0.688120 0.733165
vt 0.702569 0.731767
vt 0.689230 0.726296
vt 0.701987 0.726296
vt 0.709862 0.729065
vt 0.707242 0.733695
vt 0.089625 0.648213
vt 0.088467 0.658948
vt 0.079916 0.658246
vt 0.084277 0.647495
vt 0.080434 0.638631
vt 0.087563 0.637074
vt 0.096124 0.649559
vt 0.096627 0.658862
vt 0.070380 0.656224
vt 0.070415 0.648457
vt 0.077946 0.664454
vt 0.068191 0.661612
vt 0.076420 0.670219
vt 0.069885 0.667936
vt 0.070868 0.675871
vt 0.067681 0.672031
vt 0.070539 0.679848
vt 0.966447 0.706466
vt 0.977443 0.703732
vt 0.977443 0.709140
vt 0.087337 0.689852
vt 0.068674 0.686976
vt 0.060928 0.217173
vt 0.063839 0.216914
vt 0.070217 0.221272
vt 0.062314 0.224181
vt 0.051993 0.200083
vt 0.026180 0.207814
vt 0.037028 0.196563
vt 0.044006 0.186716
vt 0.831336 0.462407
vt 0.824411 0.466915
vt 0.021634 0.222330
vt 0.089531 0.949839
vt 0.089531 0.962611
vt 0.080222 0.964356
vt 0.081161 0.950241
vt 0.075631 0.964439
vt 0.076102 0.954575
vt 0.014233 0.220672
vt 0.017511 0.233049
vt 0.007443 0.230594
vt 0.004499 0.228442
vt 0.010721 0.219087
vt 0.533125 0.962118
vt 0.531993 0.949839
vt 0.541031 0.949839
vt 0.538872 0.964042
vt 0.002870 0.234459
vt 0.013578 0.241689
vt 0.011005 0.249158
vt 0.001361 0.243074
vt 0.553674 0.976487
vt 0.553674 0.967805
vt 0.557985 0.975428
vt 0.556502 0.977690
vt 0.274766 0.780089
vt 0.270989 0.773320
vt 0.280908 0.772346
vt 0.944705 0.571306
vt 0.933968 0.571306
vt 0.933784 0.556389
vt 0.945218 0.558991
vt 0.370366 0.459740
vt 0.360229 0.455451
vt 0.359907 0.446978
vt 0.375458 0.451934
vt 0.352036 0.446994
vt 0.355771 0.444245
vt 0.031998 0.725666
vt 0.032863 0.719159
vt 0.034405 0.713494
vt 0.016033 0.899598
vt 0.005673 0.893564
vt 0.008875 0.881487
vt 0.022776 0.888677
vt 0.152634 0.706697
vt 0.165128 0.708315
vt 0.165128 0.725179
vt 0.155051 0.725279
vt 0.145980 0.724853
vt 0.139563 0.700956
vt 0.140188 0.725455
vt 0.138899 0.709705
vt 0.154769 0.742915
vt 0.147484 0.744027
vt 0.141136 0.743451
vt 0.556693 0.736435
vt 0.552820 0.732803
vt 0.558246 0.718452
vt 0.563714 0.719107
vt 0.763244 0.508247
vt 0.768574 0.508392
vt 0.767632 0.530236
vt 0.763475 0.530099
vt 0.731853 0.224832
vt 0.735416 0.246343
vt 0.730475 0.245740
vt 0.726841 0.227147
vt 0.427141 0.700322
vt 0.430016 0.705927
vt 0.418794 0.712900
vt 0.413974 0.708839
vt 0.731133 0.259045
vt 0.727133 0.259238
vt 0.874082 0.463119
vt 0.876136 0.449636
vt 0.880685 0.448506
vt 0.879151 0.462929
vt 0.442401 0.704736
vt 0.446036 0.711876
vt 0.874082 0.440056
vt 0.880501 0.437982
vt 0.888277 0.115780
vt 0.879284 0.115780
vt 0.880839 0.105459
vt 0.887173 0.107777
vt 0.884969 0.091752
vt 0.887855 0.091775
vt 0.749318 0.589236
vt 0.742484 0.587319
vt 0.744505 0.579445
vt 0.751619 0.576443
vt 0.768701 0.583574
vt 0.767471 0.590591
vt 0.764829 0.592755
vt 0.899665 0.417618
vt 0.898937 0.424831
vt 0.891669 0.425537
vt 0.887740 0.417618
vt 0.898583 0.432318
vt 0.891748 0.432680
vt 0.896899 0.438783
vt 0.891126 0.437563
vt 0.320780 0.930069
vt 0.327174 0.931516
vt 0.330257 0.943320
vt 0.323291 0.941750
vt 0.319264 0.939550
vt 0.319264 0.927810
vt 0.782377 0.496854
vt 0.782264 0.475925
vt 0.786467 0.477221
vt 0.787682 0.496100
vt 0.314077 0.199293
vt 0.314617 0.181460
vt 0.319441 0.181890
vt 0.318661 0.196255
vt 0.328359 0.181591
vt 0.320742 0.191414
vt 0.765407 0.599963
vt 0.768701 0.607965
vt 0.761424 0.613063
vt 0.756805 0.604962
vt 0.389447 0.776143
vt 0.389046 0.784669
vt 0.375041 0.789580
vt 0.390994 0.762721
vt 0.780477 0.544734
vt 0.774871 0.543697
vt 0.773709 0.530418
vt 0.318633 0.171283
vt 0.314077 0.170532
vt 0.775557 0.509850
vt 0.013415 0.950763
vt 0.011836 0.964648
vt 0.007232 0.963557
vt 0.007216 0.949839
vt 0.002504 0.964648
vt 0.001362 0.950873
vt 0.783172 0.466472
vt 0.787682 0.467296
vt 0.736435 0.259959
vt 0.735326 0.269520
vt 0.730460 0.268834
vt 0.726841 0.269105
vt 0.780690 0.474823
vt 0.778221 0.491477
vt 0.751407 0.609191
vt 0.739495 0.616859
vt 0.740046 0.613452
vt 0.751619 0.605469
vt 0.739784 0.605695
vt 0.747946 0.599215
vt 0.730318 0.609450
vt 0.729825 0.602518
vt 0.741478 0.596015
vt 0.266840 0.910699
vt 0.270442 0.906286
vt 0.274637 0.906847
vt 0.278176 0.916332
vt 0.280908 0.924339
vt 0.266840 0.923954
vt 0.417527 0.725096
vt 0.412355 0.724898
vt 0.426046 0.734568
vt 0.421425 0.735214
vt 0.418258 0.736700
vt 0.427112 0.744027
vt 0.422934 0.743670
vt 0.420942 0.743487
vt 0.436507 0.735491
vt 0.437900 0.742115
vt 0.446036 0.735531
vt 0.555021 0.705540
vt 0.558959 0.703840
vt 0.757955 0.573204
vt 0.744604 0.558873
vt 0.037961 0.697089
vt 0.751135 0.537974
vt 0.770599 0.533846
vt 0.263256 0.763851
vt 0.009006 0.255400
vt 0.358521 0.376204
vt 0.350696 0.377708
vt 0.001763 0.223967
vt 0.001763 0.194568
vt 0.005545 0.197664
vt 0.005694 0.218784
vt 0.819948 0.704966
vt 0.818423 0.712561
vt 0.813430 0.708989
vt 0.816394 0.703007
vt 0.809253 0.703792
vt 0.811251 0.701290
vt 0.806412 0.699322
vt 0.808347 0.698023
vt 0.806412 0.714480
vt 0.810037 0.715797
vt 0.809407 0.730741
vt 0.806890 0.728238
vt 0.696690 0.264203
vt 0.699579 0.265672
vt 0.705512 0.278741
vt 0.701966 0.275992
vt 0.762617 0.155638
vt 0.766347 0.142879
vt 0.769448 0.139390
vt 0.767341 0.155191
vt 0.766203 0.125138
vt 0.763235 0.123638
vt 0.762617 0.117379
vt 0.770599 0.118218
vt 0.712283 0.288500
vt 0.694493 0.251609
vt 0.700974 0.253960
vt 0.698788 0.246108
vt 0.708792 0.245626
vt 0.814797 0.720441
vt 0.361289 0.045798
vt 0.355270 0.037578
vt 0.364422 0.050517
vt 0.799070 0.638117
vt 0.790583 0.653554
vt 0.788684 0.654923
vt 0.795229 0.631582
vt 0.683211 0.837030
vt 0.670919 0.830673
vt 0.664556 0.820514
vt 0.629746 0.475127
vt 0.630145 0.487793
vt 0.623298 0.460890
vt 0.630145 0.463178
vt 0.711345 0.486888
vt 0.718985 0.492742
vt 0.714612 0.499754
vt 0.707524 0.493760
vt 0.715728 0.480946
vt 0.721166 0.506060
vt 0.724035 0.515157
vt 0.718416 0.512013
vt 0.711345 0.506823
vt 0.723082 0.520072
vt 0.727038 0.521678
vt 0.727427 0.523856
vt 0.723586 0.522236
vt 0.728413 0.517520
vt 0.266153 0.885415
vt 0.266110 0.889866
vt 0.266070 0.880152
vt 0.271211 0.880837
vt 0.780466 0.981278
vt 0.778391 0.981921
vt 0.175946 0.380016
vt 0.174486 0.378742
vt 0.179702 0.369717
vt 0.183809 0.370201
vt 0.928732 0.727646
vt 0.930034 0.741042
vt 0.927127 0.744027
vt 0.927127 0.728758
vt 0.180843 0.363315
vt 0.185205 0.363125
vt 0.179976 0.357809
vt 0.184712 0.356799
vt 0.178522 0.352129
vt 0.183280 0.350771
vt 0.188628 0.349394
vt 0.194428 0.348864
vt 0.193720 0.343349
vt 0.200549 0.343076
vt 0.200250 0.348790
vt 0.200388 0.338065
vt 0.199934 0.333813
vt 0.169588 0.958019
vt 0.170184 0.964481
vt 0.206962 0.337793
vt 0.207488 0.342924
vt 0.206606 0.349210
vt 0.248020 0.024955
vt 0.249313 0.030342
vt 0.243597 0.031141
vt 0.242193 0.025094
vt 0.242725 0.017585
vt 0.248283 0.018456
vt 0.245186 0.010664
vt 0.250540 0.011432
vt 0.313643 0.029534
vt 0.310768 0.022749
vt 0.317960 0.018956
vt 0.320533 0.024735
vt 0.323820 0.030591
vt 0.317973 0.035469
vt 0.327311 0.036084
vt 0.322928 0.039218
vt 0.329412 0.021430
vt 0.331257 0.026845
vt 0.332954 0.032731
vt 0.338845 0.031883
vt 0.339734 0.038255
vt 0.335221 0.039254
vt 0.129072 0.920091
vt 0.125970 0.914715
vt 0.135283 0.917976
vt 0.622077 0.895869
vt 0.617864 0.894342
vt 0.618632 0.887337
vt 0.622553 0.887377
vt 0.339170 0.046278
vt 0.617864 0.875554
vt 0.618465 0.873174
vt 0.350603 0.053970
vt 0.914454 0.136919
vt 0.910938 0.137287
vt 0.912891 0.125203
vt 0.914849 0.125132
vt 0.914849 0.144125
vt 0.910921 0.144250
vt 0.136182 0.924339
vt 0.140314 0.918312
vt 0.140101 0.924127
vt 0.123802 0.909598
vt 0.326638 0.016068
vt 0.502791 0.317360
vt 0.493258 0.310357
vt 0.408956 0.949977
vt 0.416274 0.949839
vt 0.415407 0.956288
vt 0.408956 0.956563
vt 0.506773 0.328334
vt 0.502128 0.332914
vt 0.415416 0.962205
vt 0.411079 0.964290
vt 0.495837 0.337849
vt 0.972351 0.186220
vt 0.978223 0.186010
vt 0.977026 0.192168
vt 0.973174 0.196805
vt 0.966447 0.195151
vt 0.966447 0.187367
vt 0.250540 0.034665
vt 0.246644 0.036063
vt 0.411603 0.070705
vt 0.437174 0.041814
vt 0.452102 0.034988
vt 0.672473 0.609411
vt 0.668469 0.608595
vt 0.176122 0.690188
vt 0.184109 0.722907
vt 0.171651 0.734537
vt 0.171651 0.720724
vt 0.426410 0.091631
vt 0.418349 0.094927
vt 0.431410 0.115092
vt 0.410065 0.098682
vt 0.438568 0.110563
vt 0.035744 0.735454
vt 0.036550 0.751007
vt 0.025633 0.751108
vt 0.024710 0.735331
vt 0.449668 0.124427
vt 0.442857 0.128445
vt 0.454869 0.139910
vt 0.033424 0.769731
vt 0.024710 0.768396
vt 0.462112 0.133277
vt 0.049349 0.754598
vt 0.040508 0.774395
vt 0.470756 0.129354
vt 0.555414 0.775526
vt 0.577000 0.773756
vt 0.401068 0.103066
vt 0.388394 0.109086
vt 0.372966 0.084040
vt 0.367163 0.116697
vt 0.356847 0.092886
vt 0.617161 0.459187
vt 0.177998 0.380436
vt 0.317804 0.075446
vt 0.296906 0.071563
vt 0.309481 0.092385
vt 0.296202 0.091403
vt 0.304254 0.108173
vt 0.543754 0.963111
vt 0.543754 0.949855
vt 0.555325 0.949839
vt 0.556983 0.963800
vt 0.283079 0.090620
vt 0.281594 0.071458
vt 0.625334 0.001716
vt 0.639929 0.002517
vt 0.271938 0.095101
vt 0.301185 0.118913
vt 0.297023 0.127780
vt 0.845294 0.629959
vt 0.840772 0.617493
vt 0.848418 0.605765
vt 0.848418 0.633941
vt 0.776691 0.038829
vt 0.772379 0.039859
vt 0.769498 0.033725
vt 0.767495 0.025042
vt 0.780089 0.037999
vt 0.587680 0.732639
vt 0.578822 0.731754
vt 0.586684 0.725579
vt 0.357950 0.022632
vt 0.365438 0.018539
vt 0.351440 0.026144
vt 0.584913 0.717470
vt 0.594215 0.714933
vt 0.595981 0.724141
vt 0.572051 0.730866
vt 0.392872 0.037612
vt 0.949839 0.544603
vt 0.962711 0.544603
vt 0.962175 0.553043
vt 0.949890 0.552102
vt 0.386749 0.035883
vt 0.386128 0.021910
vt 0.404132 0.020414
vt 0.335545 0.964250
vt 0.327055 0.964198
vt 0.325840 0.953186
vt 0.335545 0.949839
vt 0.277524 0.882509
vt 0.279010 0.882161
vt 0.992383 0.543286
vt 0.996136 0.543594
vt 0.997491 0.546197
vt 0.992881 0.546197
vt 0.900866 0.698246
vt 0.896602 0.689556
vt 0.902770 0.691226
vt 0.908902 0.691857
vt 0.902684 0.684050
vt 0.909155 0.684733
vt 0.899333 0.683194
vt 0.145401 0.333735
vt 0.145681 0.329147
vt 0.147558 0.321398
vt 0.153254 0.322297
vt 0.165872 0.325742
vt 0.154997 0.317713
vt 0.164160 0.322197
vt 0.173829 0.327095
vt 0.169422 0.321358
vt 0.176245 0.321236
vt 0.178619 0.318119
vt 0.367667 0.949839
vt 0.369941 0.950043
vt 0.374371 0.950144
vt 0.373763 0.955456
vt 0.374371 0.959581
vt 0.136254 0.327869
vt 0.137070 0.323688
vt 0.977203 0.866409
vt 0.966447 0.866409
vt 0.969962 0.860910
vt 0.977203 0.862473
vt 0.921452 0.787200
vt 0.918853 0.784053
vt 0.923308 0.778679
vt 0.926348 0.786773
vt 0.931932 0.772997
vt 0.931932 0.789579
vt 0.973949 0.940038
vt 0.976998 0.945258
vt 0.971134 0.945683
vt 0.967964 0.939762
vt 0.135303 0.331284
vt 0.147948 0.338600
vt 0.133637 0.335863
vt 0.563714 0.849327
vt 0.559929 0.848439
vt 0.554870 0.843277
vt 0.563714 0.836785
vt 0.848027 0.788856
vt 0.775300 0.973612
vt 0.774904 0.967805
vt 0.142577 0.342555
vt 0.125437 0.346964
vt 0.100897 0.328157
vt 0.997482 0.482282
vt 0.992383 0.482764
vt 0.992554 0.478166
vt 0.997505 0.478166
vt 0.315701 0.667431
vt 0.314593 0.660310
vt 0.319600 0.659063
vt 0.320833 0.665344
vt 0.345666 0.569272
vt 0.351869 0.570136
vt 0.352337 0.574785
vt 0.346135 0.573982
vt 0.341228 0.573408
vt 0.340801 0.568344
vt 0.352169 0.580461
vt 0.346248 0.579526
vt 0.341241 0.578070
vt 0.351369 0.586165
vt 0.345903 0.585483
vt 0.340471 0.584730
vt 0.978102 0.098540
vt 0.978634 0.104447
vt 0.966447 0.104447
vt 0.971220 0.098843
vt 0.646445 0.392918
vt 0.640731 0.392079
vt 0.639913 0.384864
vt 0.644952 0.385497
vt 0.651631 0.386814
vt 0.651696 0.395084
vt 0.988465 0.554728
vt 0.988465 0.559850
vt 0.981826 0.558975
vt 0.981636 0.555300
vt 0.643439 0.382197
vt 0.652253 0.378153
vt 0.211883 0.575214
vt 0.212825 0.567746
vt 0.217624 0.568983
vt 0.215436 0.578898
vt 0.208429 0.561323
vt 0.212215 0.554951
vt 0.206766 0.556817
vt 0.207967 0.551926
vt 0.768701 0.012763
vt 0.764160 0.022728
vt 0.760026 0.022683
vt 0.764597 0.008465
vt 0.634993 0.391289
vt 0.634858 0.384938
vt 0.636508 0.379103
vt 0.639386 0.380796
vt 0.628794 0.384630
vt 0.631904 0.377607
vt 0.615233 0.384303
vt 0.615411 0.378696
vt 0.360496 0.547716
vt 0.376731 0.547134
vt 0.376808 0.552033
vt 0.357250 0.551692
vt 0.376439 0.557089
vt 0.358026 0.558022
vt 0.375749 0.563297
vt 0.358076 0.562975
vt 0.325329 0.589366
vt 0.343104 0.590445
vt 0.342152 0.595198
vt 0.325405 0.593735
vt 0.184891 0.142629
vt 0.199562 0.150651
vt 0.197417 0.156167
vt 0.185319 0.150594
vt 0.179131 0.147359
vt 0.182746 0.140826
vt 0.852969 0.988571
vt 0.852962 0.981300
vt 0.856182 0.981278
vt 0.856182 0.989386
vt 0.176335 0.145697
vt 0.177147 0.154674
vt 0.171356 0.152349
vt 0.184314 0.157332
vt 0.195568 0.161744
vt 0.325740 0.657177
vt 0.335602 0.654290
vt 0.336681 0.660006
vt 0.327134 0.663150
vt 0.359354 0.571014
vt 0.370695 0.572407
vt 0.371372 0.576843
vt 0.359903 0.575526
vt 0.371216 0.582440
vt 0.359564 0.581246
vt 0.370475 0.587920
vt 0.358340 0.586824
vt 0.627768 0.390733
vt 0.615223 0.389924
vt 0.390047 0.584064
vt 0.389504 0.589111
vt 0.595622 0.388953
vt 0.595535 0.383987
vt 0.575614 0.389190
vt 0.575249 0.384581
vt 0.575135 0.380050
vt 0.595669 0.379125
vt 0.396293 0.547555
vt 0.416591 0.548434
vt 0.416831 0.552783
vt 0.396445 0.552350
vt 0.416780 0.557546
vt 0.396339 0.557636
vt 0.416449 0.562042
vt 0.395948 0.562547
vt 0.363310 0.590765
vt 0.383901 0.592204
vt 0.383585 0.596785
vt 0.362945 0.595835
vt 0.218210 0.159897
vt 0.236553 0.169589
vt 0.234145 0.173600
vt 0.215897 0.164411
vt 0.232037 0.177745
vt 0.213928 0.169084
vt 0.351785 0.649692
vt 0.368957 0.645795
vt 0.369439 0.650427
vt 0.352680 0.654736
vt 0.389671 0.574673
vt 0.409055 0.576304
vt 0.409353 0.580192
vt 0.390157 0.578908
vt 0.409446 0.584892
vt 0.429032 0.580736
vt 0.429129 0.585020
vt 0.428953 0.589217
vt 0.409185 0.589397
vt 0.448961 0.585152
vt 0.448779 0.589073
vt 0.555727 0.390449
vt 0.535820 0.391906
vt 0.535367 0.388075
vt 0.555317 0.386274
vt 0.535125 0.384252
vt 0.555114 0.382167
vt 0.436234 0.549164
vt 0.455840 0.549494
vt 0.456215 0.553143
vt 0.436623 0.553038
vt 0.456231 0.557226
vt 0.436636 0.557434
vt 0.455855 0.560875
vt 0.436287 0.561492
vt 0.403866 0.594278
vt 0.423571 0.596547
vt 0.423122 0.600639
vt 0.403438 0.598590
vt 0.253802 0.179884
vt 0.270799 0.190304
vt 0.268614 0.193648
vt 0.251475 0.183569
vt 0.266672 0.197158
vt 0.249437 0.187321
vt 0.386437 0.642773
vt 0.404118 0.639814
vt 0.404592 0.643836
vt 0.386851 0.647051
vt 0.428757 0.577351
vt 0.448624 0.578011
vt 0.448889 0.581117
vt 0.468442 0.578543
vt 0.468701 0.581429
vt 0.468779 0.585203
vt 0.488281 0.581576
vt 0.488443 0.584997
vt 0.488483 0.588441
vt 0.468623 0.588925
vt 0.515980 0.393808
vt 0.496294 0.396537
vt 0.495604 0.392947
vt 0.515463 0.390117
vt 0.495035 0.389310
vt 0.515105 0.386415
vt 0.475464 0.549631
vt 0.495051 0.549811
vt 0.495566 0.553114
vt 0.475866 0.553135
vt 0.495540 0.556920
vt 0.475870 0.556986
vt 0.495002 0.560205
vt 0.475417 0.560383
vt 0.443290 0.599040
vt 0.463082 0.602113
vt 0.462494 0.605757
vt 0.442817 0.602865
vt 0.287757 0.200737
vt 0.304439 0.211662
vt 0.302297 0.214540
vt 0.285631 0.203851
vt 0.300406 0.217541
vt 0.283733 0.207161
vt 0.421953 0.636802
vt 0.439831 0.634250
vt 0.440038 0.637730
vt 0.422336 0.640614
vt 0.458312 0.632412
vt 0.458498 0.635921
vt 0.458059 0.639018
vt 0.439558 0.640699
vt 0.488061 0.578834
vt 0.477171 0.634321
vt 0.476735 0.637238
vt 0.508035 0.580574
vt 0.528076 0.579771
vt 0.528270 0.583055
vt 0.508239 0.584078
vt 0.528412 0.586293
vt 0.508384 0.587461
vt 0.476812 0.400464
vt 0.457249 0.404617
vt 0.456512 0.401274
vt 0.476020 0.396982
vt 0.455845 0.397903
vt 0.475342 0.393516
vt 0.064747 0.115134
vt 0.064603 0.097545
vt 0.067991 0.097462
vt 0.068247 0.114990
vt 0.068329 0.132764
vt 0.064603 0.132862
vt 0.514716 0.552956
vt 0.533570 0.552652
vt 0.533547 0.556053
vt 0.514760 0.556544
vt 0.533128 0.559169
vt 0.514255 0.559687
vt 0.482576 0.605973
vt 0.501708 0.610104
vt 0.501026 0.613402
vt 0.481871 0.609398
vt 0.320464 0.223611
vt 0.336149 0.235713
vt 0.334015 0.238206
vt 0.318247 0.226208
vt 0.332109 0.240949
vt 0.316264 0.229056
vt 0.349960 0.249964
vt 0.348044 0.252725
vt 0.477007 0.630937
vt 0.495767 0.629156
vt 0.496031 0.632612
vt 0.514652 0.626896
vt 0.515060 0.631108
vt 0.514391 0.634793
vt 0.495543 0.635577
vt 0.548167 0.578794
vt 0.568047 0.577520
vt 0.568303 0.581629
vt 0.548364 0.582143
vt 0.438298 0.411157
vt 0.418897 0.415749
vt 0.437596 0.408528
vt 0.548479 0.585247
vt 0.436902 0.405200
vt 0.416715 0.404884
vt 0.436309 0.401899
vt 0.416519 0.401679
vt 0.436033 0.399444
vt 0.064740 0.080125
vt 0.068007 0.080274
vt 0.552479 0.552319
vt 0.571583 0.552021
vt 0.571482 0.555745
vt 0.552426 0.555721
vt 0.571251 0.558993
vt 0.552045 0.558892
vt 0.520871 0.613873
vt 0.540264 0.616440
vt 0.539754 0.619940
vt 0.520219 0.617122
vt 0.352000 0.247484
vt 0.368582 0.258299
vt 0.366585 0.261170
vt 0.384645 0.266258
vt 0.364241 0.264306
vt 0.557753 0.620812
vt 0.557727 0.617252
vt 0.572357 0.617623
vt 0.572532 0.620614
vt 0.398249 0.271736
vt 0.588576 0.617681
vt 0.588671 0.620656
vt 0.413062 0.277562
vt 0.411957 0.280282
vt 0.431322 0.281547
vt 0.430939 0.284521
vt 0.430828 0.287285
vt 0.411122 0.283073
vt 0.449992 0.284444
vt 0.450493 0.287201
vt 0.524554 0.092113
vt 0.523570 0.076042
vt 0.526821 0.074990
vt 0.527652 0.091239
vt 0.526405 0.106010
vt 0.523053 0.106290
vt 0.255055 0.661825
vt 0.255048 0.644852
vt 0.258132 0.644608
vt 0.258132 0.662412
vt 0.056692 0.637954
vt 0.059787 0.637280
vt 0.059583 0.656280
vt 0.056444 0.656979
vt 0.347654 0.404802
vt 0.330532 0.394943
vt 0.331787 0.392539
vt 0.348367 0.402369
vt 0.062496 0.637943
vt 0.062884 0.655930
vt 0.064533 0.672832
vt 0.060710 0.672749
vt 0.367419 0.407407
vt 0.349361 0.399411
vt 0.367699 0.404297
vt 0.384712 0.405530
vt 0.398860 0.405820
vt 0.368115 0.401469
vt 0.384596 0.402799
vt 0.399100 0.402838
vt 0.588746 0.552215
vt 0.603160 0.552585
vt 0.603258 0.555548
vt 0.588678 0.555429
vt 0.603261 0.558433
vt 0.588671 0.558414
vt 0.619702 0.553381
vt 0.619590 0.556343
vt 0.619427 0.559154
vt 0.637983 0.554849
vt 0.637773 0.557939
vt 0.637773 0.560720
vt 0.606876 0.615581
vt 0.606594 0.613083
vt 0.621811 0.607491
vt 0.623049 0.610014
vt 0.624382 0.612853
vt 0.607425 0.618463
vt 0.635049 0.599613
vt 0.639274 0.603405
vt 0.449477 0.280979
vt 0.467466 0.275311
vt 0.469113 0.280469
vt 0.485903 0.268178
vt 0.488823 0.276757
vt 0.489991 0.286443
vt 0.469193 0.286369
vt 0.523658 0.059805
vt 0.524288 0.042214
vt 0.527321 0.043353
vt 0.527409 0.059800
vt 0.313032 0.389392
vt 0.295534 0.380761
vt 0.298567 0.373513
vt 0.314803 0.383906
vt 0.329682 0.396854
vt 0.304822 0.365779
vt 0.317761 0.379297
vt 0.315418 0.360739
vt 0.322422 0.376103
vt 0.333752 0.390259
vt 0.329190 0.375054
vt 0.335833 0.388374
vt 0.350273 0.397013
vt 0.815190 0.472609
vt 0.813938 0.457756
vt 0.817948 0.457733
vt 0.818050 0.472467
vt 0.653418 0.557745
vt 0.653204 0.560743
vt 0.813983 0.441964
vt 0.818050 0.440010
vt 0.459874 0.267720
vt 0.472095 0.254826
vt 0.479859 0.260707
vt 0.464961 0.271576
vt 0.628486 0.597004
vt 0.485180 0.240885
vt 0.495565 0.249574
vt 0.503986 0.261321
vt 0.644891 0.586425
vt 0.653908 0.592225
vt 0.511789 0.238896
vt 0.522036 0.253807
vt 0.528936 0.266540
vt 0.509015 0.273290
vt 0.533754 0.277399
vt 0.511953 0.284222
vt 0.064543 0.458716
vt 0.063470 0.436938
vt 0.065461 0.437131
vt 0.066431 0.459323
vt 0.523053 0.022848
vt 0.524992 0.022501
vt 0.276341 0.367484
vt 0.259666 0.351435
vt 0.267822 0.344228
vt 0.282021 0.360010
vt 0.285099 0.332862
vt 0.294172 0.350179
vt 0.306072 0.323110
vt 0.310913 0.343255
vt 0.316842 0.319263
vt 0.321536 0.340433
vt 0.325196 0.359614
vt 0.004092 0.656211
vt 0.002840 0.634539
vt 0.008241 0.633238
vt 0.008471 0.654521
vt 0.009490 0.673689
vt 0.005849 0.675698
vt 0.002885 0.610560
vt 0.009490 0.611642
vt 0.500468 0.226026
vt 0.516966 0.211736
vt 0.529232 0.226818
vt 0.536365 0.197392
vt 0.547612 0.213597
vt 0.558630 0.230158
vt 0.540581 0.243317
vt 0.566965 0.240392
vt 0.549031 0.255590
vt 0.575130 0.250342
vt 0.555882 0.265982
vt 0.174310 0.001559
vt 0.199046 0.003405
vt 0.199721 0.006882
vt 0.173370 0.003762
vt 0.064166 0.412318
vt 0.066431 0.413252
vt 0.244636 0.332396
vt 0.231462 0.309271
vt 0.242438 0.304712
vt 0.254326 0.326028
vt 0.266241 0.292941
vt 0.275729 0.313555
vt 0.290255 0.279363
vt 0.299224 0.301578
vt 0.302651 0.271602
vt 0.309941 0.296292
vt 0.277266 0.259653
vt 0.286736 0.252720
vt 0.529860 0.187709
vt 0.552283 0.177408
vt 0.556447 0.185362
vt 0.512651 0.206850
vt 0.148046 0.696219
vt 0.137848 0.698474
vt 0.137951 0.677560
vt 0.145816 0.676950
vt 0.575894 0.175016
vt 0.582557 0.188201
vt 0.565726 0.200944
vt 0.590658 0.199546
vt 0.576245 0.215545
vt 0.597583 0.206542
vt 0.582592 0.223247
vt 0.606538 0.212064
vt 0.591617 0.231471
vt 0.223905 0.003322
vt 0.247972 0.002451
vt 0.246742 0.006475
vt 0.224660 0.007592
vt 0.223397 0.285578
vt 0.219295 0.263377
vt 0.229659 0.260294
vt 0.234557 0.282235
vt 0.247138 0.252991
vt 0.256748 0.272633
vt 0.262847 0.242331
vt 0.238333 0.235160
vt 0.249180 0.226728
vt 0.255106 0.219529
vt 0.270864 0.235642
vt 0.237609 0.212802
vt 0.242581 0.207260
vt 0.137848 0.656893
vt 0.138759 0.641044
vt 0.142949 0.641318
vt 0.143723 0.659385
vt 0.593623 0.165457
vt 0.612029 0.157320
vt 0.614253 0.165651
vt 0.598662 0.176232
vt 0.617533 0.170933
vt 0.604462 0.184946
vt 0.623654 0.174776
vt 0.611393 0.190616
vt 0.630302 0.177522
vt 0.619086 0.195542
vt 0.244384 0.138556
vt 0.243441 0.118541
vt 0.246510 0.118247
vt 0.246744 0.136538
vt 0.268356 0.001559
vt 0.269520 0.004483
vt 0.216546 0.239878
vt 0.215636 0.220084
vt 0.223716 0.220390
vt 0.226216 0.239371
vt 0.230831 0.218656
vt 0.221028 0.200493
vt 0.224113 0.199716
vt 0.227817 0.197820
vt 0.222160 0.188494
vt 0.225578 0.190444
vt 0.231558 0.194430
vt 0.074828 0.978378
vt 0.075574 0.971475
vt 0.076495 0.967805
vt 0.078290 0.978378
vt 0.929726 0.065277
vt 0.932867 0.065937
vt 0.933830 0.081615
vt 0.929726 0.081304
vt 0.928598 0.444708
vt 0.928531 0.434897
vt 0.931932 0.429739
vt 0.931932 0.446036
vt 0.627245 0.150269
vt 0.629350 0.154124
vt 0.631630 0.156295
vt 0.634843 0.158290
vt 0.644561 0.149509
vt 0.639318 0.159934
vt 0.243700 0.100335
vt 0.244274 0.089533
vt 0.246359 0.086061
vt 0.246744 0.100759
vt 0.215992 0.200621
vt 0.585996 0.576638
vt 0.587095 0.580950
vt 0.531332 0.634307
vt 0.532063 0.630413
vt 0.544998 0.631426
vt 0.544501 0.634483
vt 0.599681 0.575517
vt 0.599880 0.579127
vt 0.561131 0.632629
vt 0.560618 0.635017
vt 0.616183 0.573673
vt 0.616468 0.576442
vt 0.635264 0.570512
vt 0.635719 0.572954
vt 0.372856 0.430603
vt 0.354973 0.439028
vt 0.353672 0.436862
vt 0.371712 0.427909
vt 0.352533 0.434767
vt 0.371013 0.425786
vt 0.140456 0.049354
vt 0.121772 0.053049
vt 0.122262 0.051096
vt 0.140128 0.048925
vt 0.122424 0.048271
vt 0.140031 0.048799
vt 0.922219 0.466664
vt 0.922219 0.450853
vt 0.924339 0.451943
vt 0.923408 0.468813
vt 0.080230 0.155638
vt 0.079097 0.137689
vt 0.081348 0.137517
vt 0.081615 0.155059
vt 0.759592 0.292296
vt 0.759592 0.273309
vt 0.761696 0.273165
vt 0.759596 0.292294
vt 0.368566 0.543838
vt 0.369189 0.541861
vt 0.386266 0.529371
vt 0.387757 0.531326
vt 0.558229 0.625746
vt 0.581008 0.629799
vt 0.580685 0.632365
vt 0.561262 0.629999
vt 0.398719 0.293851
vt 0.397194 0.299155
vt 0.580238 0.634715
vt 0.544186 0.625641
vt 0.599346 0.636884
vt 0.598473 0.639282
vt 0.307010 0.204987
vt 0.307529 0.188219
vt 0.310000 0.187994
vt 0.309504 0.204699
vt 0.579809 0.636722
vt 0.306765 0.172086
vt 0.311277 0.172611
vt 0.340940 0.451235
vt 0.335700 0.465801
vt 0.330058 0.465947
vt 0.338953 0.450360
vt 0.652005 0.565480
vt 0.653745 0.567409
vt 0.325027 0.464220
vt 0.337089 0.449070
vt 0.321678 0.461025
vt 0.335832 0.447076
vt 0.318969 0.456049
vt 0.334251 0.444513
vt 0.351521 0.432718
vt 0.102839 0.048807
vt 0.102469 0.051457
vt 0.082363 0.048765
vt 0.082225 0.045502
vt 0.102725 0.046255
vt 0.076120 0.118792
vt 0.075989 0.099722
vt 0.079032 0.099901
vt 0.078709 0.119065
vt 0.076955 0.136670
vt 0.081483 0.099714
vt 0.081234 0.118768
vt 0.385215 0.527518
vt 0.402635 0.516965
vt 0.403674 0.519847
vt 0.759629 0.252856
vt 0.762077 0.252919
vt 0.421665 0.510408
vt 0.422587 0.514174
vt 0.600770 0.632214
vt 0.619273 0.639487
vt 0.617446 0.643065
vt 0.600136 0.634265
vt 0.404747 0.521977
vt 0.614757 0.646086
vt 0.423743 0.520976
vt 0.423554 0.517095
vt 0.442750 0.516322
vt 0.441213 0.523217
vt 0.438736 0.530647
vt 0.422452 0.526494
vt 0.610266 0.648468
vt 0.460800 0.525728
vt 0.457652 0.534751
vt 0.307456 0.155902
vt 0.308026 0.137054
vt 0.311277 0.137802
vt 0.311276 0.156406
vt 0.333127 0.482501
vt 0.330284 0.501725
vt 0.321032 0.499790
vt 0.325153 0.481699
vt 0.307479 0.495668
vt 0.315841 0.479248
vt 0.294166 0.486690
vt 0.308190 0.473398
vt 0.286611 0.478281
vt 0.303353 0.465939
vt 0.045912 0.050393
vt 0.025719 0.051895
vt 0.025276 0.048720
vt 0.046311 0.046508
vt 0.064483 0.045537
vt 0.063520 0.049438
vt 0.417594 0.503931
vt 0.433516 0.493659
vt 0.437513 0.498974
vt 0.420055 0.507229
vt 0.074589 0.083014
vt 0.078068 0.080994
vt 0.440959 0.505304
vt 0.081615 0.079790
vt 0.456650 0.491457
vt 0.460130 0.500669
vt 0.461490 0.508068
vt 0.442134 0.511058
vt 0.636778 0.648341
vt 0.653426 0.658330
vt 0.648427 0.664369
vt 0.632695 0.653982
vt 0.462218 0.515837
vt 0.481177 0.504590
vt 0.481979 0.514160
vt 0.481468 0.527210
vt 0.502640 0.512935
vt 0.502714 0.527907
vt 0.501542 0.541318
vt 0.480357 0.539091
vt 0.048364 0.066306
vt 0.068082 0.069485
vt 0.067713 0.074578
vt 0.045130 0.070171
vt 0.907257 0.168924
vt 0.902841 0.167072
vt 0.903532 0.147764
vt 0.907257 0.148257
vt 0.326813 0.522418
vt 0.319895 0.546459
vt 0.309918 0.542004
vt 0.316654 0.520350
vt 0.290208 0.533177
vt 0.299071 0.513525
vt 0.267111 0.521078
vt 0.280156 0.502376
vt 0.255175 0.514466
vt 0.269606 0.494591
vt 0.151842 0.061001
vt 0.127411 0.063302
vt 0.127309 0.060879
vt 0.151493 0.059371
vt 0.002508 0.055043
vt 0.001677 0.052735
vt 0.475305 0.476891
vt 0.499040 0.474040
vt 0.500177 0.484972
vt 0.477935 0.486603
vt 0.452704 0.484156
vt 0.501081 0.496029
vt 0.480148 0.497347
vt 0.501584 0.502340
vt 0.522882 0.495208
vt 0.522925 0.500867
vt 0.523575 0.512254
vt 0.543969 0.501910
vt 0.544989 0.513495
vt 0.546627 0.529438
vt 0.524371 0.528594
vt 0.548084 0.542185
vt 0.524420 0.542270
vt 0.089758 0.071339
vt 0.112462 0.072259
vt 0.113193 0.075839
vt 0.090141 0.075921
vt 0.310492 0.568379
vt 0.299334 0.589679
vt 0.289680 0.583957
vt 0.300768 0.563429
vt 0.271356 0.574083
vt 0.280724 0.553824
vt 0.247908 0.563440
vt 0.255704 0.541906
vt 0.234923 0.558650
vt 0.243160 0.536131
vt 0.102631 0.064533
vt 0.078977 0.064208
vt 0.079874 0.061383
vt 0.103406 0.061398
vt 0.522706 0.473663
vt 0.546272 0.475464
vt 0.544694 0.485883
vt 0.522809 0.484839
vt 0.543773 0.494626
vt 0.566079 0.488262
vt 0.564255 0.496267
vt 0.564183 0.502812
vt 0.584344 0.497444
vt 0.584403 0.503504
vt 0.585812 0.512991
vt 0.565697 0.514166
vt 0.589175 0.523703
vt 0.568543 0.527894
vt 0.593282 0.532439
vt 0.571812 0.538926
vt 0.136081 0.070618
vt 0.158406 0.066306
vt 0.159434 0.067615
vt 0.136794 0.073157
vt 0.285261 0.609307
vt 0.268622 0.625529
vt 0.262206 0.618799
vt 0.276841 0.603006
vt 0.250707 0.610164
vt 0.261424 0.593177
vt 0.235890 0.602841
vt 0.241480 0.584086
vt 0.225599 0.600477
vt 0.229329 0.579765
vt 0.057871 0.063255
vt 0.038037 0.061659
vt 0.037256 0.059371
vt 0.057534 0.060482
vt 0.568676 0.478514
vt 0.589072 0.482011
vt 0.585928 0.490074
vt 0.607553 0.486933
vt 0.605048 0.493161
vt 0.602330 0.499729
vt 0.621899 0.497022
vt 0.619917 0.502221
vt 0.619478 0.504911
vt 0.602008 0.503792
vt 0.620386 0.509045
vt 0.603893 0.511299
vt 0.623153 0.514652
vt 0.607457 0.518954
vt 0.626236 0.519619
vt 0.611271 0.525425
vt 0.175949 0.080488
vt 0.174917 0.065207
vt 0.178386 0.065459
vt 0.178290 0.080450
vt 0.178415 0.098611
vt 0.176838 0.098697
vt 0.253860 0.637474
vt 0.241640 0.647542
vt 0.237806 0.641881
vt 0.248586 0.630174
vt 0.233556 0.638463
vt 0.241769 0.623567
vt 0.228805 0.636880
vt 0.232538 0.620071
vt 0.222373 0.636725
vt 0.224039 0.619563
vt 0.320340 0.427011
vt 0.320340 0.411688
vt 0.323945 0.410820
vt 0.324563 0.426568
vt 0.323247 0.444138
vt 0.320474 0.443906
vt 0.320399 0.397321
vt 0.323068 0.397071
vt 0.623996 0.492425
vt 0.638540 0.498850
vt 0.637435 0.501328
vt 0.648643 0.503988
vt 0.648290 0.504575
vt 0.647709 0.505451
vt 0.636879 0.503793
vt 0.647410 0.506715
vt 0.636824 0.505885
vt 0.647263 0.508143
vt 0.636871 0.507992
vt 0.647239 0.509191
vt 0.637436 0.510518
vt 0.634030 0.977578
vt 0.635522 0.967920
vt 0.636515 0.967805
vt 0.636515 0.977590
vt 0.638555 0.512641
vt 0.176206 0.051681
vt 0.178415 0.051764
vt 0.230551 0.657010
vt 0.224269 0.665261
vt 0.223278 0.664999
vt 0.228476 0.655300
vt 0.222039 0.664555
vt 0.226344 0.654054
vt 0.224113 0.653319
vt 0.220873 0.652883
vt 0.221287 0.667214
vt 0.221064 0.666955
vt 0.119334 0.997017
vt 0.118806 0.997155
vt 0.118806 0.993266
vt 0.119410 0.994159
vt 0.650446 0.506967
vt 0.650716 0.508107
vt 0.080432 0.996910
vt 0.080901 0.993617
vt 0.081371 0.993266
vt 0.081371 0.997294
vt 0.651710 0.507007
vt 0.652162 0.507757
vt 0.408416 0.995463
vt 0.408093 0.994040
vt 0.408717 0.993266
vt 0.408717 0.994950
vt 0.388525 0.994288
vt 0.388625 0.993266
vt 0.389484 0.993500
vt 0.389484 0.995339
vt 0.651830 0.506321
vt 0.650639 0.505991
vt 0.651305 0.505559
vt 0.992688 0.758550
vt 0.992383 0.758016
vt 0.997180 0.758016
vt 0.995372 0.759079
vt 0.081013 0.967805
vt 0.083607 0.968199
vt 0.082232 0.978364
vt 0.081013 0.978412
vt 0.531868 0.625427
vt 0.778385 0.963804
vt 0.774268 0.961994
vt 0.775577 0.956800
vt 0.781805 0.958634
vt 0.774268 0.949839
vt 0.779064 0.952670
vt 0.997595 0.415452
vt 0.992383 0.415452
vt 0.993325 0.410276
vt 0.996880 0.410508
vt 0.988025 0.883522
vt 0.983060 0.883522
vt 0.981636 0.878329
vt 0.987339 0.878752
vt 0.259578 0.970985
vt 0.261903 0.967805
vt 0.261903 0.978203
vt 0.260822 0.973819
vt 0.859807 0.115691
vt 0.849010 0.123372
vt 0.143266 0.981393
vt 0.145427 0.983520
vt 0.138759 0.983741
vt 0.137397 0.981278
vt 0.145427 0.990041
vt 0.141056 0.988539
vt 0.856781 0.103032
vt 0.848445 0.106008
vt 0.848132 0.095598
vt 0.853556 0.098066
vt 0.484986 0.028402
vt 0.827770 0.167121
vt 0.817799 0.172721
vt 0.809860 0.162040
vt 0.825865 0.161996
vt 0.067718 0.485091
vt 0.082274 0.495105
vt 0.078415 0.507473
vt 0.064429 0.498852
vt 0.340023 0.542464
vt 0.353557 0.543494
vt 0.374290 0.533326
vt 0.806165 0.150504
vt 0.082977 0.511779
vt 0.090617 0.503799
vt 0.095310 0.514340
vt 0.087978 0.520704
vt 0.805676 0.140220
vt 0.103516 0.523928
vt 0.104844 0.535788
vt 0.090985 0.536223
vt 0.121875 0.549503
vt 0.143818 0.552122
vt 0.113665 0.519497
vt 0.103134 0.503740
vt 0.376975 0.674513
vt 0.376715 0.655707
vt 0.385952 0.650066
vt 0.778529 0.238660
vt 0.794664 0.235782
vt 0.616419 0.344809
vt 0.618757 0.362588
vt 0.605543 0.369194
vt 0.589780 0.375809
vt 0.376715 0.706066
vt 0.236436 0.800366
vt 0.221760 0.801925
vt 0.709487 0.343672
vt 0.706359 0.845951
vt 0.707964 0.864200
vt 0.408869 0.743886
vt 0.549253 0.024625
vt 0.542067 0.028964
vt 0.535211 0.018466
vt 0.539146 0.013737
vt 0.540950 0.008505
vt 0.554224 0.019827
vt 0.415432 0.742215
vt 0.580796 0.432170
vt 0.580541 0.449517
vt 0.576711 0.449718
vt 0.576827 0.433474
vt 0.918362 0.565612
vt 0.914178 0.565103
vt 0.912737 0.547135
vt 0.918645 0.547135
vt 0.641533 0.852672
vt 0.640450 0.869203
vt 0.635769 0.867817
vt 0.636156 0.853094
vt 0.918568 0.500227
vt 0.924083 0.500836
vt 0.924339 0.516077
vt 0.918568 0.518162
vt 0.630079 0.866825
vt 0.629214 0.854999
vt 0.185014 0.798022
vt 0.191866 0.796550
vt 0.194032 0.807336
vt 0.199551 0.794852
vt 0.202178 0.802139
vt 0.631062 0.877387
vt 0.627333 0.876033
vt 0.624579 0.875379
vt 0.925188 0.250069
vt 0.922496 0.251831
vt 0.926237 0.239396
vt 0.354740 0.969306
vt 0.354740 0.978056
vt 0.352967 0.976240
vt 0.353098 0.968801
vt 0.919720 0.252438
vt 0.633631 0.878787
vt 0.829438 0.344047
vt 0.827397 0.345441
vt 0.578491 0.460730
vt 0.580796 0.461221
vt 0.982512 0.212216
vt 0.981636 0.208283
vt 0.989242 0.208283
vt 0.989232 0.211906
vt 0.528788 0.006105
vt 0.528479 0.009460
vt 0.520140 0.008653
vt 0.511707 0.007693
vt 0.820584 0.339431
vt 0.813959 0.335577
vt 0.529801 0.021893
vt 0.534701 0.032266
vt 0.622287 0.874201
vt 0.548530 0.323710
vt 0.547337 0.326461
vt 0.852214 0.030368
vt 0.843202 0.027491
vt 0.490241 0.028164
vt 0.494655 0.021743
vt 0.505264 0.024084
vt 0.502540 0.032266
vt 0.393096 0.232142
vt 0.386821 0.240701
vt 0.382154 0.246365
vt 0.919060 0.300412
vt 0.915803 0.308119
vt 0.910809 0.309379
vt 0.913563 0.300277
vt 0.914449 0.290778
vt 0.920543 0.291472
vt 0.490698 0.008029
vt 0.481833 0.005725
vt 0.537437 0.687847
vt 0.546642 0.691442
vt 0.214404 0.393342
vt 0.221737 0.400561
vt 0.074023 0.816393
vt 0.074023 0.840797
vt 0.220160 0.366314
vt 0.233123 0.386645
vt 0.223210 0.353190
vt 0.246488 0.387723
vt 0.214062 0.355217
vt 0.210466 0.334731
vt 0.215737 0.337752
vt 0.303078 0.036205
vt 0.048881 0.868110
vt 0.049349 0.878806
vt 0.049349 0.887814
vt 0.391249 0.890272
vt 0.400798 0.890133
vt 0.399745 0.898795
vt 0.390884 0.898566
vt 0.523169 0.436517
vt 0.534422 0.435368
vt 0.409974 0.900380
vt 0.407823 0.910081
vt 0.399125 0.910141
vt 0.390884 0.911053
vt 0.217195 0.338590
vt 0.220571 0.338208
vt 0.218583 0.342487
vt 0.217839 0.341189
vt 0.228665 0.346098
vt 0.571617 0.443128
vt 0.570362 0.444898
vt 0.566505 0.431262
vt 0.573204 0.422730
vt 0.882583 0.307715
vt 0.880950 0.318048
vt 0.129520 0.957263
vt 0.131087 0.964600
vt 0.981636 0.714689
vt 0.988250 0.714689
vt 0.987045 0.720062
vt 0.984072 0.720247
vt 0.400128 0.514510
vt 0.393283 0.516263
vt 0.252983 0.741616
vt 0.245028 0.756730
vt 0.242555 0.735954
vt 0.603703 0.320372
vt 0.604979 0.329035
vt 0.599446 0.330633
vt 0.595542 0.323897
vt 0.237731 0.765962
vt 0.593868 0.334453
vt 0.589454 0.328771
vt 0.586279 0.323393
vt 0.592667 0.318422
vt 0.228586 0.767734
vt 0.227186 0.757886
vt 0.583224 0.333308
vt 0.579467 0.325000
vt 0.222389 0.768701
vt 0.224394 0.753128
vt 0.587786 0.337844
vt 0.784486 0.847728
vt 0.780071 0.841875
vt 0.786181 0.829147
vt 0.792849 0.835758
vt 0.800968 0.842559
vt 0.793192 0.848418
vt 0.790310 0.821882
vt 0.796183 0.826705
vt 0.932265 0.647319
vt 0.941422 0.647240
vt 0.938903 0.657853
vt 0.932265 0.662412
vt 0.795267 0.818604
vt 0.800968 0.821171
vt 0.779100 0.820120
vt 0.774672 0.836456
vt 0.173097 0.950827
vt 0.178743 0.949839
vt 0.106728 0.291269
vt 0.119576 0.314010
vt 0.104549 0.324563
vt 0.104549 0.301947
vt 0.767828 0.040237
vt 0.768701 0.051107
vt 0.763888 0.038352
vt 0.759033 0.034373
vt 0.831410 0.899665
vt 0.984205 0.439142
vt 0.981636 0.436431
vt 0.985759 0.438456
vt 0.988895 0.436431
vt 0.241684 0.074297
vt 0.243835 0.074688
vt 0.244846 0.080657
vt 0.243346 0.081615
vt 0.851837 0.814254
vt 0.848027 0.809905
vt 0.822850 0.989232
vt 0.817600 0.989299
vt 0.820742 0.982980
vt 0.822850 0.981278
vt 0.971751 0.776253
vt 0.974585 0.776788
vt 0.977329 0.781058
vt 0.968420 0.781058
vt 0.966447 0.779706
vt 0.969764 0.775877
vt 0.943644 0.961831
vt 0.941266 0.963718
vt 0.371933 0.963578
vt 0.366044 0.964052
vt 0.699014 0.468386
vt 0.706066 0.474153
vt 0.981636 0.066864
vt 0.987038 0.066864
vt 0.989219 0.074222
vt 0.981697 0.073229
vt 0.700899 0.463150
vt 0.738796 0.434648
vt 0.737062 0.404839
vt 0.741926 0.405212
vt 0.742129 0.422571
vt 0.846520 0.803423
vt 0.837627 0.804099
vt 0.835164 0.786921
vt 0.842445 0.790033
vt 0.165400 0.918645
vt 0.165400 0.901509
vt 0.168758 0.900187
vt 0.170823 0.916830
vt 0.689253 0.493892
vt 0.683127 0.478935
vt 0.696652 0.499015
vt 0.691895 0.499427
vt 0.691950 0.505114
vt 0.688352 0.502112
vt 0.689253 0.511024
vt 0.683061 0.506595
vt 0.132382 0.969114
vt 0.134190 0.975933
vt 0.127295 0.978095
vt 0.127295 0.967805
vt 0.698476 0.502778
vt 0.696404 0.505463
vt 0.694841 0.510387
vt 0.702104 0.506767
vt 0.699905 0.511679
vt 0.700825 0.497445
vt 0.706066 0.504944
vt 0.738375 0.392094
vt 0.730500 0.401143
vt 0.733434 0.393936
vt 0.742129 0.391644
vt 0.997898 0.222280
vt 0.992383 0.223830
vt 0.992383 0.218735
vt 0.997383 0.219625
vt 0.026351 0.909891
vt 0.029686 0.909472
vt 0.028923 0.916128
vt 0.023069 0.916747
vt 0.273831 0.811932
vt 0.276343 0.805815
vt 0.282310 0.806790
vt 0.280759 0.812356
vt 0.276502 0.796707
vt 0.283564 0.796661
vt 0.273831 0.784864
vt 0.283621 0.780364
vt 0.296458 0.778173
vt 0.293164 0.796431
vt 0.846752 0.289359
vt 0.848418 0.298495
vt 0.307481 0.779191
vt 0.302949 0.797111
vt 0.230188 0.806163
vt 0.242948 0.805124
vt 0.241045 0.821695
vt 0.229161 0.823871
vt 0.216397 0.826536
vt 0.216397 0.808914
vt 0.237808 0.834587
vt 0.228074 0.837030
vt 0.335951 0.817932
vt 0.333555 0.829993
vt 0.445779 0.908381
vt 0.453505 0.909155
vt 0.330999 0.838096
vt 0.981636 0.200828
vt 0.982512 0.194655
vt 0.988574 0.194901
vt 0.989134 0.200828
vt 0.331476 0.845101
vt 0.255715 0.065592
vt 0.258557 0.072531
vt 0.257031 0.075079
vt 0.252202 0.068426
vt 0.992384 0.648448
vt 0.997332 0.648448
vt 0.996542 0.650311
vt 0.995476 0.650993
vt 0.258108 0.077460
vt 0.262072 0.093689
vt 0.257548 0.091487
vt 0.771545 0.949839
vt 0.771545 0.963958
vt 0.768970 0.962542
vt 0.767042 0.953127
vt 0.272721 0.824187
vt 0.852214 0.357155
vt 0.848974 0.367370
vt 0.844482 0.366006
vt 0.847129 0.357731
vt 0.730741 0.906382
vt 0.730658 0.911687
vt 0.794073 0.190007
vt 0.782824 0.191701
vt 0.457425 0.887911
vt 0.457425 0.903217
vt 0.274709 0.124180
vt 0.266454 0.112355
vt 0.232832 0.424510
vt 0.258214 0.409014
vt 0.257856 0.421451
vt 0.918645 0.609613
vt 0.918645 0.625007
vt 0.911738 0.628247
vt 0.911143 0.613361
vt 0.977377 0.699128
vt 0.966447 0.701009
vt 0.966447 0.692961
vt 0.976860 0.693860
vt 0.252993 0.439613
vt 0.251850 0.395526
vt 0.260691 0.395142
vt 0.313175 0.232477
vt 0.311699 0.248642
vt 0.308238 0.246039
vt 0.308238 0.228526
vt 0.041145 0.828754
vt 0.042786 0.830253
vt 0.029052 0.835132
vt 0.029436 0.832425
vt 0.049761 0.820016
vt 0.962233 0.821441
vt 0.962443 0.826028
vt 0.950174 0.826028
vt 0.949839 0.821435
vt 0.051247 0.808572
vt 0.978831 0.013755
vt 0.967022 0.013693
vt 0.966447 0.009459
vt 0.977829 0.009459
vt 0.556039 0.837030
vt 0.563409 0.828209
vt 0.837146 0.419256
vt 0.841428 0.418526
vt 0.842724 0.432155
vt 0.831538 0.420601
vt 0.604809 0.595533
vt 0.604809 0.581800
vt 0.611312 0.603573
vt 0.424448 0.967940
vt 0.423977 0.977601
vt 0.421691 0.977948
vt 0.421691 0.967805
vt 0.059554 0.338072
vt 0.064533 0.339934
vt 0.064343 0.352240
vt 0.059741 0.352709
vt 0.054960 0.352979
vt 0.054960 0.337636
vt 0.565612 0.816299
vt 0.664431 0.836010
vt 0.668978 0.837664
vt 0.662243 0.851599
vt 0.062376 0.367131
vt 0.057438 0.368217
vt 0.876441 0.204987
vt 0.871492 0.204175
vt 0.871725 0.190393
vt 0.876889 0.190005
vt 0.471271 0.830555
vt 0.461377 0.841778
vt 0.460018 0.839691
vt 0.468368 0.829326
vt 0.469815 0.814253
vt 0.472609 0.814052
vt 0.454763 0.835412
vt 0.871492 0.179978
vt 0.876791 0.179408
vt 0.451474 0.844622
vt 0.451988 0.842342
vt 0.283156 0.875835
vt 0.288237 0.873313
vt 0.283297 0.865472
vt 0.288243 0.865154
vt 0.669097 0.863603
vt 0.554747 0.806175
vt 0.449127 0.832067
vt 0.741368 0.872468
vt 0.744578 0.865286
vt 0.747890 0.877409
vt 0.747139 0.883248
vt 0.740910 0.880064
vt 0.027085 0.809398
vt 0.031804 0.803484
vt 0.540785 0.830670
vt 0.303999 0.874597
vt 0.296116 0.877970
vt 0.294076 0.870770
vt 0.300776 0.866424
vt 0.542052 0.837030
vt 0.846520 0.264872
vt 0.845867 0.272781
vt 0.403468 0.842724
vt 0.416981 0.842120
vt 0.789580 0.446086
vt 0.432750 0.827136
vt 0.430821 0.840190
vt 0.800339 0.540491
vt 0.811165 0.532883
vt 0.811286 0.520918
vt 0.825642 0.519886
vt 0.822594 0.529762
vt 0.823226 0.538400
vt 0.865097 0.780626
vt 0.863930 0.769201
vt 0.872434 0.765742
vt 0.864167 0.789189
vt 0.414206 0.429119
vt 0.414096 0.419502
vt 0.428886 0.419926
vt 0.428954 0.430569
vt 0.428754 0.440342
vt 0.414096 0.436308
vt 0.878787 0.763920
vt 0.181036 0.311451
vt 0.164496 0.312195
vt 0.157765 0.302993
vt 0.177967 0.304297
vt 0.196223 0.306133
vt 0.024410 0.002526
vt 0.040597 0.006270
vt 0.025470 0.007832
vt 0.192917 0.829157
vt 0.194878 0.833987
vt 0.007867 0.002608
vt 0.015741 0.013677
vt 0.341634 0.935195
vt 0.350499 0.936450
vt 0.349013 0.939856
vt 0.340375 0.939766
vt 0.348300 0.943135
vt 0.341154 0.944487
vt 0.348040 0.946587
vt 0.342583 0.947116
vt 0.992384 0.380328
vt 0.992384 0.378342
vt 0.997833 0.379749
vt 0.997588 0.379187
vt 0.354931 0.944310
vt 0.353310 0.947116
vt 0.424067 0.951008
vt 0.422491 0.949839
vt 0.309949 0.917088
vt 0.309467 0.911053
vt 0.315412 0.911539
vt 0.313931 0.917993
vt 0.308911 0.907087
vt 0.315226 0.906071
vt 0.004218 0.015233
vt 0.007116 0.013912
vt 0.007460 0.021501
vt 0.010591 0.013168
vt 0.022991 0.024219
vt 0.025740 0.030427
vt 0.058805 0.010175
vt 0.138112 0.607369
vt 0.130975 0.597927
vt 0.144511 0.595526
vt 0.151217 0.606374
vt 0.071928 0.010415
vt 0.082229 0.025984
vt 0.086674 0.007530
vt 0.095336 0.021463
vt 0.252115 0.085974
vt 0.253449 0.100611
vt 0.250588 0.104379
vt 0.249549 0.087715
vt 0.249344 0.075039
vt 0.250629 0.073853
vt 0.084851 0.026769
vt 0.099887 0.021581
vt 0.104534 0.027418
vt 0.087693 0.031270
vt 0.107230 0.036387
vt 0.090359 0.035991
vt 0.076338 0.036480
vt 0.960861 0.281301
vt 0.963377 0.282349
vt 0.954810 0.284118
vt 0.955869 0.281463
vt 0.070935 0.035800
vt 0.092470 0.040914
vt 0.077371 0.039352
vt 0.017677 0.494399
vt 0.026232 0.490417
vt 0.025227 0.504235
vt 0.016547 0.510791
vt 0.108768 0.041633
vt 0.019913 0.477114
vt 0.025206 0.472778
vt 0.131739 0.041757
vt 0.132181 0.039656
vt 0.888770 0.411872
vt 0.888770 0.391792
vt 0.893671 0.388785
vt 0.893971 0.407199
vt 0.820895 0.193637
vt 0.823744 0.193747
vt 0.823744 0.212030
vt 0.820339 0.214307
vt 0.823603 0.224317
vt 0.820330 0.224930
vt 0.818114 0.225865
vt 0.191461 0.913024
vt 0.195024 0.912172
vt 0.193932 0.920658
vt 0.191468 0.921615
vt 0.978392 0.028480
vt 0.978913 0.030742
vt 0.967319 0.030742
vt 0.966447 0.029121
vt 0.963435 0.051804
vt 0.949839 0.051440
vt 0.949965 0.048665
vt 0.962507 0.048285
vt 0.200718 0.912224
vt 0.199564 0.920263
vt 0.949839 0.043660
vt 0.961481 0.043071
vt 0.385998 0.830718
vt 0.383885 0.825018
vt 0.393186 0.820870
vt 0.396341 0.826002
vt 0.818627 0.014367
vt 0.823744 0.013365
vt 0.822289 0.025032
vt 0.818634 0.024316
vt 0.374918 0.831336
vt 0.373907 0.827091
vt 0.372845 0.818647
vt 0.813792 0.025373
vt 0.819519 0.034310
vt 0.815294 0.033885
vt 0.837043 0.651024
vt 0.829122 0.649288
vt 0.838928 0.643108
vt 0.823744 0.034825
vt 0.822289 0.045553
vt 0.817680 0.043335
vt 0.814520 0.039331
vt 0.479627 0.908981
vt 0.476129 0.911053
vt 0.483997 0.895629
vt 0.483997 0.906244
vt 0.372845 0.807093
vt 0.838928 0.631429
vt 0.833003 0.621596
vt 0.837764 0.622574
vt 0.375003 0.798973
vt 0.231323 0.895859
vt 0.231559 0.901020
vt 0.226197 0.902132
vt 0.225209 0.896193
vt 0.830412 0.069341
vt 0.836571 0.068012
vt 0.836624 0.074099
vt 0.830393 0.074728
vt 0.224319 0.890261
vt 0.219604 0.897776
vt 0.218298 0.891445
vt 0.842724 0.074620
vt 0.841840 0.082913
vt 0.836492 0.082264
vt 0.830393 0.082237
vt 0.841509 0.090470
vt 0.836614 0.091086
vt 0.830642 0.091136
vt 0.540058 0.981278
vt 0.544965 0.982264
vt 0.544965 0.989684
vt 0.541182 0.988514
vt 0.838019 0.098478
vt 0.831919 0.098697
vt 0.206356 0.920201
vt 0.205008 0.926185
vt 0.198408 0.926629
vt 0.206885 0.912988
vt 0.398586 0.816507
vt 0.992383 0.252972
vt 0.992487 0.248655
vt 0.997887 0.248655
vt 0.997198 0.251679
vt 0.478303 0.229176
vt 0.477664 0.236082
vt 0.472824 0.228705
vt 0.890175 0.006076
vt 0.889134 0.011469
vt 0.878865 0.010255
vt 0.884746 0.006364
vt 0.465316 0.229616
vt 0.888193 0.018955
vt 0.880344 0.019366
vt 0.962396 0.817820
vt 0.956442 0.818712
vt 0.956398 0.813957
vt 0.962226 0.812932
vt 0.949839 0.817760
vt 0.950661 0.812932
vt 0.206267 0.035125
vt 0.200987 0.035695
vt 0.221525 0.904273
vt 0.829334 0.621506
vt 0.191461 0.930034
vt 0.784640 0.116596
vt 0.781712 0.117678
vt 0.781023 0.104539
vt 0.785783 0.103419
vt 0.172489 0.034499
vt 0.160704 0.039527
vt 0.170343 0.023483
vt 0.186266 0.033288
vt 0.164265 0.008965
vt 0.149051 0.040510
vt 0.124536 0.025303
vt 0.118261 0.015309
vt 0.251673 0.124675
vt 0.255930 0.120462
vt 0.112935 0.015323
vt 0.107368 0.003024
vt 0.192364 0.607369
vt 0.185709 0.595658
vt 0.204318 0.588911
vt 0.210160 0.599475
vt 0.165957 0.602171
vt 0.161244 0.593078
vt 0.180894 0.587900
vt 0.197327 0.579365
vt 0.159099 0.585254
vt 0.177316 0.580753
vt 0.189974 0.571305
vt 0.152251 0.098881
vt 0.160824 0.087716
vt 0.166335 0.092122
vt 0.158882 0.102489
vt 0.155707 0.114631
vt 0.163643 0.103250
vt 0.161705 0.114527
vt 0.556305 0.863728
vt 0.558020 0.874212
vt 0.550388 0.866145
vt 0.556588 0.886808
vt 0.171182 0.094773
vt 0.805974 0.643431
vt 0.170459 0.572828
vt 0.173940 0.575924
vt 0.142090 0.585552
vt 0.127995 0.589052
vt 0.122584 0.579161
vt 0.928136 0.805948
vt 0.915279 0.808560
vt 0.916334 0.791383
vt 0.928136 0.790790
vt 0.669539 0.688945
vt 0.670264 0.672787
vt 0.102015 0.770557
vt 0.103105 0.774534
vt 0.100981 0.774196
vt 0.098659 0.768722
vt 0.098659 0.773827
vt 0.825642 0.544401
vt 0.771092 0.478572
vt 0.774395 0.485772
vt 0.688777 0.775161
vt 0.692780 0.781684
vt 0.689050 0.784301
vt 0.997681 0.452806
vt 0.992466 0.452806
vt 0.992383 0.452769
vt 0.994950 0.450894
vt 0.670684 0.975981
vt 0.668880 0.977474
vt 0.667170 0.970254
vt 0.670684 0.967805
vt 0.581294 0.018187
vt 0.581147 0.005090
vt 0.586491 0.005004
vt 0.585807 0.018704
vt 0.580177 0.028145
vt 0.575506 0.028470
vt 0.577641 0.019169
vt 0.535244 0.110714
vt 0.534325 0.121308
vt 0.529817 0.121474
vt 0.530018 0.111795
vt 0.529817 0.100037
vt 0.532493 0.097028
vt 0.966447 0.412463
vt 0.977792 0.411893
vt 0.688301 0.795260
vt 0.683975 0.784879
vt 0.921640 0.020878
vt 0.920841 0.010647
vt 0.924945 0.010365
vt 0.926238 0.017950
vt 0.678351 0.785475
vt 0.677246 0.778980
vt 0.957581 0.398989
vt 0.956867 0.393751
vt 0.961623 0.394293
vt 0.963048 0.399533
vt 0.677314 0.773461
vt 0.951160 0.399533
vt 0.949839 0.393597
vt 0.672234 0.775597
vt 0.672198 0.772703
vt 0.677144 0.771401
vt 0.685030 0.767330
vt 0.672198 0.793145
vt 0.672531 0.786981
vt 0.923084 0.003026
vt 0.926238 0.003099
vt 0.917121 0.981278
vt 0.921064 0.981607
vt 0.919842 0.988525
vt 0.917121 0.989210
vt 0.795893 0.289207
vt 0.867399 0.204987
vt 0.865856 0.202963
vt 0.966789 0.603665
vt 0.966447 0.603269
vt 0.393875 0.768285
vt 0.749220 0.890175
vt 0.745473 0.888843
vt 0.670068 0.981278
vt 0.671993 0.984421
vt 0.670068 0.989662
vt 0.671103 0.986144
vt 0.910152 0.291743
vt 0.910152 0.300918
vt 0.199441 0.827225
vt 0.200105 0.827540
vt 0.992383 0.455529
vt 0.997266 0.455529
vt 0.997542 0.459894
vt 0.992896 0.457628
vt 0.873093 0.743038
vt 0.868773 0.738703
vt 0.017082 0.775262
vt 0.855411 0.741691
vt 0.855121 0.752188
vt 0.903714 0.863943
vt 0.909155 0.865032
vt 0.345858 0.968627
vt 0.346925 0.967805
vt 0.348383 0.976846
vt 0.345858 0.978120
vt 0.457418 0.879513
vt 0.448707 0.884481
vt 0.445254 0.878534
vt 0.441866 0.870047
vt 0.440327 0.884257
vt 0.437663 0.877872
vt 0.551782 0.155863
vt 0.544770 0.166899
vt 0.543653 0.159035
vt 0.534706 0.172116
vt 0.534111 0.164245
vt 0.546638 0.175060
vt 0.536193 0.180844
vt 0.892649 0.605653
vt 0.905359 0.602834
vt 0.904261 0.610390
vt 0.892649 0.613203
vt 0.439742 0.860196
vt 0.525817 0.182710
vt 0.603846 0.963323
vt 0.602107 0.964199
vt 0.905161 0.621279
vt 0.897345 0.624451
vt 0.894175 0.619462
vt 0.904048 0.616308
vt 0.565894 0.407632
vt 0.416696 0.918941
vt 0.421318 0.918941
vt 0.417410 0.922782
vt 0.428329 0.919364
vt 0.634208 0.210737
vt 0.630872 0.214797
vt 0.962048 0.358336
vt 0.949839 0.358515
vt 0.949958 0.354093
vt 0.963205 0.354093
vt 0.759197 0.950121
vt 0.764319 0.949839
vt 0.763509 0.963299
vt 0.759197 0.963939
vt 0.586491 0.676637
vt 0.584368 0.690194
vt 0.927065 0.457999
vt 0.933830 0.459823
vt 0.931876 0.473540
vt 0.927065 0.474507
vt 0.840853 0.736667
vt 0.845543 0.739375
vt 0.842295 0.745699
vt 0.839104 0.751619
vt 0.906593 0.195497
vt 0.900382 0.192875
vt 0.900769 0.185380
vt 0.907257 0.187834
vt 0.227614 0.883409
vt 0.227830 0.875756
vt 0.232558 0.892073
vt 0.228004 0.889797
vt 0.901603 0.174514
vt 0.907117 0.180747
vt 0.893866 0.183146
vt 0.893922 0.174514
vt 0.849377 0.748442
vt 0.852215 0.741957
vt 0.974306 0.574898
vt 0.967574 0.571628
vt 0.966447 0.566959
vt 0.977599 0.566959
vt 0.329489 0.912847
vt 0.335951 0.912843
vt 0.675894 0.908643
vt 0.676272 0.902951
vt 0.684156 0.901689
vt 0.692780 0.902071
vt 0.676673 0.899350
vt 0.684395 0.896960
vt 0.692099 0.896506
vt 0.648143 0.981278
vt 0.651129 0.981415
vt 0.652447 0.989518
vt 0.647009 0.989518
vt 0.162039 0.356283
vt 0.165786 0.350326
vt 0.170822 0.369186
vt 0.162700 0.367023
vt 0.154912 0.364290
vt 0.157979 0.354995
vt 0.630638 0.358732
vt 0.638751 0.366797
vt 0.165761 0.377707
vt 0.156226 0.374173
vt 0.654060 0.368341
vt 0.643694 0.372506
vt 0.635178 0.373911
vt 0.629180 0.367546
vt 0.646405 0.108041
vt 0.652921 0.111873
vt 0.520894 0.949839
vt 0.528773 0.955399
vt 0.716213 0.742786
vt 0.712156 0.764850
vt 0.711951 0.765167
vt 0.711951 0.734246
vt 0.625589 0.350076
vt 0.624088 0.344355
vt 0.405469 0.469836
vt 0.405541 0.463595
vt 0.409103 0.463119
vt 0.693559 0.214122
vt 0.700438 0.213460
vt 0.693902 0.222180
vt 0.772027 0.976464
vt 0.765329 0.977152
vt 0.765329 0.967805
vt 0.772181 0.969294
vt 0.694528 0.206197
vt 0.700162 0.206808
vt 0.709415 0.212886
vt 0.717935 0.213101
vt 0.723263 0.214077
vt 0.719222 0.226497
vt 0.728843 0.215673
vt 0.718412 0.235355
vt 0.725823 0.204068
vt 0.609553 0.919852
vt 0.610720 0.902751
vt 0.620655 0.901318
vt 0.620655 0.920543
vt 0.721696 0.196673
vt 0.546073 0.642007
vt 0.553440 0.638835
vt 0.562046 0.651828
vt 0.556549 0.656208
vt 0.558320 0.676316
vt 0.549639 0.683162
vt 0.337752 0.840983
vt 0.341225 0.841920
vt 0.888492 0.815471
vt 0.888157 0.807811
vt 0.891198 0.808666
vt 0.891167 0.815706
vt 0.703669 0.234995
vt 0.702846 0.231625
vt 0.711290 0.233475
vt 0.895386 0.807975
vt 0.895324 0.816152
vt 0.891851 0.795357
vt 0.897767 0.798425
vt 0.544948 0.977608
vt 0.544948 0.967805
vt 0.550905 0.967891
vt 0.550951 0.976901
vt 0.695978 0.228799
vt 0.888157 0.793684
vt 0.553789 0.688137
vt 0.554399 0.687848
vt 0.930267 0.002685
vt 0.933830 0.007131
vt 0.933693 0.018980
vt 0.930267 0.018102
vt 0.234987 0.735675
vt 0.226447 0.745747
vt 0.227701 0.734268
vt 0.997520 0.339594
vt 0.993438 0.339673
vt 0.992383 0.337407
vt 0.997895 0.337407
vt 0.886379 0.263306
vt 0.884861 0.270225
vt 0.981791 0.311623
vt 0.981854 0.311838
vt 0.408076 0.674801
vt 0.404153 0.675698
vt 0.404153 0.661129
vt 0.404870 0.656350
vt 0.827540 0.068652
vt 0.825315 0.071435
vt 0.246912 0.964659
vt 0.242587 0.958564
vt 0.246304 0.949839
vt 0.246912 0.950745
vt 0.303268 0.664122
vt 0.311277 0.662885
vt 0.311277 0.681392
vt 0.303374 0.679873
vt 0.630442 0.348210
vt 0.858048 0.013208
vt 0.858440 0.020286
vt 0.231749 0.729260
vt 0.228674 0.728279
vt 0.090038 0.088899
vt 0.087867 0.087049
vt 0.841388 0.351624
vt 0.849080 0.345423
vt 0.329216 0.754688
vt 0.372438 0.306878
vt 0.372438 0.299714
vt 0.790120 0.288448
vt 0.793375 0.291592
vt 0.827860 0.004821
vt 0.826185 0.001732
vt 0.652975 0.949839
vt 0.659137 0.951368
vt 0.819948 0.863072
vt 0.804198 0.863603
vt 0.574086 0.651673
vt 0.505871 0.950634
vt 0.508614 0.949839
vt 0.508614 0.962750
vt 0.506737 0.964411
vt 0.966447 0.363759
vt 0.978188 0.363759
vt 0.978099 0.367732
vt 0.967770 0.367985
vt 0.634009 0.695822
vt 0.631513 0.680305
vt 0.643293 0.703584
vt 0.633109 0.709862
vt 0.625239 0.706406
vt 0.625098 0.694726
vt 0.212737 0.610333
vt 0.209161 0.620379
vt 0.197165 0.617123
vt 0.197609 0.609222
vt 0.625544 0.680803
vt 0.615160 0.704836
vt 0.615608 0.693644
vt 0.617977 0.681992
vt 0.615160 0.668157
vt 0.622714 0.667749
vt 0.628692 0.668467
vt 0.626466 0.658060
vt 0.629251 0.657291
vt 0.622017 0.657691
vt 0.138556 0.784621
vt 0.131525 0.787682
vt 0.121653 0.776281
vt 0.132291 0.762651
vt 0.116955 0.769646
vt 0.199483 0.626854
vt 0.823895 0.059964
vt 0.813660 0.059350
vt 0.814739 0.046565
vt 0.825642 0.049586
vt 0.812902 0.068600
vt 0.802087 0.071882
vt 0.798844 0.060635
vt 0.798497 0.046565
vt 0.281776 0.967805
vt 0.281776 0.977842
vt 0.276624 0.977271
vt 0.272233 0.968256
vt 0.816613 0.076771
vt 0.806800 0.079717
vt 0.528631 0.838321
vt 0.527128 0.854258
vt 0.206635 0.693675
vt 0.215297 0.693952
vt 0.949839 0.032367
vt 0.958747 0.030302
vt 0.963372 0.040348
vt 0.949839 0.039239
vt 0.528126 0.865501
vt 0.221912 0.736435
vt 0.231559 0.703522
vt 0.628247 0.797858
vt 0.609843 0.817713
vt 0.996972 0.804307
vt 0.996288 0.807765
vt 0.992383 0.807765
vt 0.992539 0.804992
vt 0.864899 0.598232
vt 0.860101 0.598512
vt 0.860244 0.586939
vt 0.867256 0.586690
vt 0.863675 0.582898
vt 0.867399 0.583600
vt 0.992383 0.204789
vt 0.994621 0.201501
vt 0.997123 0.201018
vt 0.997999 0.204789
vt 0.291330 0.920150
vt 0.289919 0.914541
vt 0.297334 0.910502
vt 0.297990 0.918684
vt 0.355125 0.711951
vt 0.350401 0.697513
vt 0.357166 0.698252
vt 0.358980 0.706246
vt 0.352350 0.684500
vt 0.360106 0.686360
vt 0.360367 0.667911
vt 0.366319 0.674819
vt 0.337988 0.695958
vt 0.340846 0.707514
vt 0.671277 0.403640
vt 0.679857 0.397012
vt 0.937391 0.191701
vt 0.931739 0.190863
vt 0.931169 0.175964
vt 0.937626 0.175964
vt 0.219785 0.978033
vt 0.219785 0.967805
vt 0.223021 0.970901
vt 0.226456 0.974832
vt 0.561269 0.984317
vt 0.559057 0.989575
vt 0.554280 0.981278
vt 0.561293 0.981278
vt 0.981666 0.413214
vt 0.981636 0.413025
vt 0.996797 0.637353
vt 0.992384 0.639148
vt 0.992520 0.635932
vt 0.997312 0.635932
vt 0.992545 0.551194
vt 0.992383 0.549472
vt 0.995498 0.548921
vt 0.997510 0.551194
vt 0.988438 0.417162
vt 0.988823 0.416286
vt 0.988805 0.416327
vt 0.992383 0.861963
vt 0.996920 0.862150
vt 0.996463 0.861963
vt 0.993544 0.863132
vt 0.125806 0.957056
vt 0.125332 0.953472
vt 0.126758 0.953324
vt 0.127863 0.953449
vt 0.127417 0.949839
vt 0.128627 0.950674
vt 0.125022 0.953697
vt 0.377705 0.995903
vt 0.377705 0.995410
vt 0.377705 0.993266
vt 0.377705 0.994214
vt 0.981636 0.676412
vt 0.988053 0.676412
vt 0.988426 0.676675
vt 0.985995 0.678698
vt 0.532495 0.972863
vt 0.533059 0.977793
vt 0.530353 0.976512
vt 0.533059 0.967805
vt 0.989096 0.288054
vt 0.981636 0.288054
vt 0.985990 0.282716
vt 0.740640 0.800968
vt 0.754341 0.789103
vt 0.755415 0.792879
vt 0.234322 0.020166
vt 0.234322 0.010401
vt 0.237253 0.014594
vt 0.236719 0.017525
vt 0.125467 0.301924
vt 0.129091 0.298875
vt 0.138556 0.758272
vt 0.137832 0.753024
vt 0.136819 0.750957
vt 0.989244 0.187652
vt 0.985249 0.191932
vt 0.983170 0.191159
vt 0.981636 0.187652
vt 0.989135 0.241523
vt 0.988666 0.245478
vt 0.981636 0.246838
vt 0.982620 0.241523
vt 0.734077 0.091513
vt 0.728913 0.092276
vt 0.727780 0.091003
vt 0.735666 0.989491
vt 0.731762 0.989491
vt 0.733090 0.985544
vt 0.734976 0.984544
vt 0.734520 0.981278
vt 0.560006 0.605713
vt 0.567290 0.602607
vt 0.569441 0.607925
vt 0.571306 0.613063
vt 0.555523 0.588187
vt 0.571306 0.584631
vt 0.959674 0.950031
vt 0.949839 0.951146
vt 0.950525 0.946551
vt 0.962226 0.946551
vt 0.865520 0.984753
vt 0.865026 0.981278
vt 0.869989 0.987849
vt 0.865026 0.989275
vt 0.923398 0.838162
vt 0.924339 0.844174
vt 0.923461 0.852214
vt 0.917719 0.844635
vt 0.744989 0.178415
vt 0.731025 0.162678
vt 0.738760 0.160466
vt 0.749721 0.170401
vt 0.309379 0.804385
vt 0.308471 0.813134
vt 0.294470 0.809864
vt 0.298458 0.811476
vt 0.300686 0.812689
vt 0.284871 0.807883
vt 0.287349 0.801919
vt 0.917881 0.130964
vt 0.920705 0.117699
vt 0.922392 0.118206
vt 0.924339 0.128129
vt 0.917881 0.114930
vt 0.923251 0.113023
vt 0.873024 0.112135
vt 0.872288 0.117678
vt 0.864909 0.104615
vt 0.873093 0.101102
vt 0.864909 0.091659
vt 0.872954 0.094192
vt 0.337275 0.737164
vt 0.337275 0.724182
vt 0.346002 0.720930
vt 0.348866 0.733473
vt 0.364421 0.730918
vt 0.362512 0.746490
vt 0.349891 0.747966
vt 0.357491 0.716289
vt 0.332928 0.907257
vt 0.332928 0.894227
vt 0.349039 0.895455
vt 0.351135 0.899602
vt 0.336527 0.885907
vt 0.350018 0.892378
vt 0.358834 0.754908
vt 0.352390 0.757313
vt 0.446036 0.817877
vt 0.438667 0.825642
vt 0.824255 0.422789
vt 0.825642 0.429462
vt 0.803286 0.444138
vt 0.803286 0.424381
vt 0.810364 0.411505
vt 0.825102 0.416677
vt 0.299703 0.826664
vt 0.925419 0.432032
vt 0.923246 0.430127
vt 0.173783 0.993266
vt 0.175872 0.993266
vt 0.174373 0.996889
vt 0.174557 0.996414
vt 0.759010 0.346537
vt 0.761871 0.349237
vt 0.732639 0.727211
vt 0.722572 0.729525
vt 0.720465 0.720704
vt 0.728300 0.719451
vt 0.749936 0.341002
vt 0.751749 0.336518
vt 0.732530 0.718782
vt 0.606939 0.002040
vt 0.612644 0.009305
vt 0.610398 0.012709
vt 0.602771 0.006204
vt 0.751656 0.330967
vt 0.598580 0.012812
vt 0.750288 0.323323
vt 0.756762 0.322000
vt 0.761610 0.319887
vt 0.749936 0.311046
vt 0.755825 0.309413
vt 0.183565 0.735585
vt 0.188117 0.723769
vt 0.188010 0.736095
vt 0.594450 0.024372
vt 0.599814 0.038016
vt 0.586827 0.038531
vt 0.578052 0.037531
vt 0.589534 0.023123
vt 0.570359 0.054479
vt 0.633454 0.781987
vt 0.631962 0.760139
vt 0.641533 0.759612
vt 0.639214 0.777397
vt 0.182779 0.743013
vt 0.619854 0.014000
vt 0.616671 0.018084
vt 0.782158 0.684693
vt 0.772751 0.689767
vt 0.768216 0.677876
vt 0.777712 0.677089
vt 0.710970 0.721239
vt 0.710224 0.705624
vt 0.789580 0.668064
vt 0.768111 0.668425
vt 0.780719 0.658754
vt 0.116421 0.790706
vt 0.127785 0.791991
vt 0.125544 0.811554
vt 0.113327 0.804970
vt 0.712874 0.691855
vt 0.128236 0.687665
vt 0.132862 0.702142
vt 0.123276 0.712220
vt 0.118977 0.694453
vt 0.123109 0.677503
vt 0.105631 0.717454
vt 0.110982 0.698709
vt 0.131032 0.823601
vt 0.138275 0.818814
vt 0.137133 0.823744
vt 0.137870 0.791940
vt 0.144250 0.790444
vt 0.144250 0.807359
vt 0.771067 0.655822
vt 0.764733 0.665082
vt 0.766800 0.673243
vt 0.764008 0.682036
vt 0.765718 0.692780
vt 0.977197 0.895971
vt 0.975878 0.900292
vt 0.966447 0.900292
vt 0.969211 0.896043
vt 0.996670 0.715668
vt 0.997280 0.716161
vt 0.996592 0.716298
vt 0.992383 0.715668
vt 0.678811 0.963983
vt 0.675754 0.962993
vt 0.675262 0.949839
vt 0.682165 0.949839
vt 0.652715 0.970887
vt 0.658709 0.967805
vt 0.658136 0.976864
vt 0.652715 0.977400
vt 0.467870 0.693237
vt 0.462394 0.695716
vt 0.455454 0.694527
vt 0.458930 0.682064
vt 0.444791 0.678372
vt 0.451616 0.668935
vt 0.457779 0.661690
vt 0.466602 0.669222
vt 0.450996 0.655915
vt 0.445255 0.661758
vt 0.132624 0.863881
vt 0.124065 0.863400
vt 0.133815 0.855213
vt 0.146148 0.854615
vt 0.144500 0.865658
vt 0.141444 0.874696
vt 0.207703 0.964315
vt 0.207411 0.958468
vt 0.216541 0.956106
vt 0.216171 0.964419
vt 0.206893 0.951584
vt 0.216541 0.949839
vt 0.187116 0.960730
vt 0.181728 0.959490
vt 0.181466 0.952802
vt 0.184491 0.949839
vt 0.185013 0.963509
vt 0.181466 0.964656
vt 0.444791 0.650870
vt 0.448962 0.646099
vt 0.155103 0.775248
vt 0.161427 0.741597
vt 0.168925 0.741683
vt 0.210127 0.744638
vt 0.208750 0.751375
vt 0.234151 0.715824
vt 0.248300 0.718851
vt 0.250540 0.725047
vt 0.234884 0.725047
vt 0.415084 0.774659
vt 0.423260 0.779220
vt 0.236504 0.708072
vt 0.247326 0.712990
vt 0.721297 0.656248
vt 0.709631 0.656174
vt 0.715504 0.636835
vt 0.725047 0.638697
vt 0.706253 0.653292
vt 0.704799 0.636822
vt 0.718403 0.672313
vt 0.723879 0.670990
vt 0.725047 0.680673
vt 0.719611 0.682892
vt 0.714497 0.685188
vt 0.710629 0.670858
vt 0.875222 0.693074
vt 0.875879 0.686801
vt 0.571223 0.981278
vt 0.569967 0.989292
vt 0.564016 0.989564
vt 0.564016 0.982246
vt 0.878305 0.679957
vt 0.882094 0.681708
vt 0.206756 0.729067
vt 0.214477 0.734499
vt 0.949839 0.098833
vt 0.949839 0.090177
vt 0.963330 0.089260
vt 0.959668 0.099234
vt 0.967059 0.957359
vt 0.966447 0.948406
vt 0.974974 0.951082
vt 0.976846 0.957359
vt 0.168925 0.771976
vt 0.161735 0.778745
vt 0.987991 0.893404
vt 0.985526 0.898740
vt 0.981636 0.898740
vt 0.982328 0.893661
vt 0.618944 0.021475
vt 0.633671 0.024339
vt 0.633541 0.031500
vt 0.617901 0.026556
vt 0.748478 0.083536
vt 0.741921 0.080633
vt 0.262343 0.784220
vt 0.268731 0.778357
vt 0.368217 0.819215
vt 0.350329 0.825642
vt 0.346837 0.809935
vt 0.366314 0.807778
vt 0.120596 0.757313
vt 0.111478 0.752218
vt 0.449833 0.207791
vt 0.435587 0.206995
vt 0.099496 0.721033
vt 0.099103 0.735580
vt 0.349558 0.794397
vt 0.368217 0.792357
vt 0.295741 0.428672
vt 0.305582 0.438011
vt 0.301515 0.441162
vt 0.291028 0.433519
vt 0.254688 0.877096
vt 0.261800 0.877475
vt 0.261928 0.891282
vt 0.253680 0.893096
vt 0.247419 0.895869
vt 0.247419 0.872640
vt 0.633715 0.462519
vt 0.639474 0.460462
vt 0.643431 0.469499
vt 0.633715 0.480201
vt 0.589582 0.393932
vt 0.595486 0.395120
vt 0.377094 0.964304
vt 0.377094 0.949839
vt 0.384994 0.952810
vt 0.383277 0.959034
vt 0.517928 0.871195
vt 0.509729 0.870579
vt 0.507962 0.862005
vt 0.518162 0.862672
vt 0.508897 0.853652
vt 0.517445 0.855380
vt 0.512832 0.846665
vt 0.518016 0.848796
vt 0.514218 0.844864
vt 0.518162 0.844802
vt 0.820352 0.408616
vt 0.819323 0.398734
vt 0.829214 0.396021
vt 0.829461 0.410804
vt 0.842724 0.395600
vt 0.842724 0.415668
vt 0.285424 0.463290
vt 0.286628 0.443461
vt 0.301047 0.446063
vt 0.304194 0.455200
vt 0.305582 0.461234
vt 0.288589 0.470711
vt 0.827764 0.386223
vt 0.841984 0.385297
vt 0.497472 0.851390
vt 0.496158 0.861692
vt 0.498142 0.869868
vt 0.893438 0.269898
vt 0.889543 0.279010
vt 0.889543 0.256037
vt 0.895869 0.257877
vt 0.582829 0.416050
vt 0.593876 0.432377
vt 0.588291 0.432371
vt 0.579842 0.418266
vt 0.584447 0.430959
vt 0.578251 0.421336
vt 0.582339 0.429157
vt 0.576972 0.424646
vt 0.619395 0.089625
vt 0.641750 0.079754
vt 0.622762 0.099063
vt 0.617825 0.105420
vt 0.607557 0.100017
vt 0.602050 0.105083
vt 0.589486 0.093591
vt 0.569238 0.084501
vt 0.599485 0.109039
vt 0.586395 0.098380
vt 0.564526 0.092788
vt 0.581715 0.104290
vt 0.561532 0.099411
vt 0.548616 0.099210
vt 0.551376 0.092077
vt 0.555096 0.082582
vt 0.542868 0.090766
vt 0.546296 0.081456
vt 0.555041 0.070282
vt 0.540718 0.082007
vt 0.544409 0.069219
vt 0.553487 0.059940
vt 0.688092 0.583576
vt 0.683715 0.586791
vt 0.681190 0.583839
vt 0.687896 0.581513
vt 0.680008 0.571108
vt 0.689874 0.574915
vt 0.673031 0.587734
vt 0.672327 0.578455
vt 0.676332 0.566327
vt 0.684109 0.565636
vt 0.686045 0.551533
vt 0.683218 0.555898
vt 0.670503 0.555735
vt 0.677478 0.549128
vt 0.690882 0.539922
vt 0.688770 0.547486
vt 0.657179 0.553568
vt 0.667598 0.544646
vt 0.680400 0.539056
vt 0.537980 0.140841
vt 0.549080 0.134963
vt 0.562844 0.144705
vt 0.548649 0.149499
vt 0.874773 0.903535
vt 0.877613 0.890384
vt 0.884481 0.896460
vt 0.884481 0.911053
vt 0.876199 0.499283
vt 0.886312 0.503339
vt 0.119223 0.928710
vt 0.120879 0.916945
vt 0.125270 0.920174
vt 0.125270 0.933830
vt 0.782138 0.232270
vt 0.787681 0.219113
vt 0.569356 0.153519
vt 0.557913 0.156352
vt 0.563605 0.124825
vt 0.577397 0.137550
vt 0.584180 0.149228
vt 0.574704 0.113842
vt 0.556753 0.107568
vt 0.547925 0.118215
vt 0.536638 0.128433
vt 0.663645 0.569079
vt 0.661596 0.582292
vt 0.662331 0.591829
vt 0.607369 0.459469
vt 0.607369 0.470103
vt 0.604072 0.482099
vt 0.599903 0.469035
vt 0.607302 0.109488
vt 0.604496 0.112900
vt 0.603038 0.116622
vt 0.607422 0.113999
vt 0.605861 0.117815
vt 0.595855 0.463119
vt 0.590098 0.451625
vt 0.592291 0.453470
vt 0.600691 0.454950
vt 0.613048 0.450049
vt 0.943320 0.863603
vt 0.929669 0.863603
vt 0.932958 0.848598
vt 0.939521 0.848914
vt 0.066894 0.778359
vt 0.079717 0.786230
vt 0.652189 0.082408
vt 0.097773 0.784871
vt 0.096283 0.798443
vt 0.087543 0.797473
vt 0.087472 0.783094
vt 0.098988 0.778373
vt 0.103641 0.778841
vt 0.106620 0.783997
vt 0.103925 0.799635
vt 0.095412 0.812356
vt 0.091761 0.811174
vt 0.111984 0.784829
vt 0.110724 0.801870
vt 0.915270 0.815474
vt 0.922441 0.811575
vt 0.922441 0.828596
vt 0.921006 0.829438
vt 0.087472 0.807796
vt 0.978670 0.042685
vt 0.977539 0.045509
vt 0.966447 0.048646
vt 0.966912 0.042685
vt 0.517336 0.708238
vt 0.521042 0.708816
vt 0.529432 0.705618
vt 0.529550 0.718314
vt 0.652345 0.438294
vt 0.656921 0.426487
vt 0.666208 0.426879
vt 0.666208 0.446037
vt 0.201702 0.693514
vt 0.195164 0.702270
vt 0.186492 0.697407
vt 0.191752 0.688253
vt 0.195550 0.675636
vt 0.206885 0.683512
vt 0.182584 0.684484
vt 0.181691 0.695074
vt 0.252271 0.716523
vt 0.081487 0.984531
vt 0.081487 0.990278
vt 0.077208 0.987087
vt 0.077633 0.981278
vt 0.921009 0.207237
vt 0.926062 0.197026
vt 0.930034 0.201921
vt 0.930034 0.214477
vt 0.916164 0.196733
vt 0.916423 0.204083
vt 0.352458 0.828485
vt 0.362288 0.827580
vt 0.350497 0.841921
vt 0.349358 0.830689
vt 0.348121 0.849428
vt 0.827540 0.913476
vt 0.821857 0.922441
vt 0.821857 0.904415
vt 0.822142 0.905510
vt 0.677231 0.243585
vt 0.681509 0.242172
vt 0.671966 0.234285
vt 0.682053 0.232827
vt 0.667977 0.292928
vt 0.660680 0.291759
vt 0.492349 0.994088
vt 0.492120 0.994611
vt 0.491834 0.994795
vt 0.491834 0.993266
vt 0.153003 0.853462
vt 0.153087 0.871846
vt 0.150337 0.869842
vt 0.153077 0.854402
vt 0.153740 0.877966
vt 0.150337 0.878787
vt 0.724794 0.018353
vt 0.717512 0.022791
vt 0.718951 0.019874
vt 0.374304 0.878143
vt 0.372396 0.878600
vt 0.372120 0.880685
vt 0.958898 0.224665
vt 0.963097 0.224727
vt 0.963266 0.228259
vt 0.959761 0.231188
vt 0.826780 0.116228
vt 0.825713 0.108378
vt 0.831994 0.112765
vt 0.835523 0.117686
vt 0.839993 0.121381
vt 0.833492 0.104038
vt 0.840826 0.110709
vt 0.107623 0.977912
vt 0.111855 0.969177
vt 0.117272 0.967805
vt 0.117272 0.977998
vt 0.497489 0.664686
vt 0.488788 0.667913
vt 0.060579 0.330106
vt 0.066280 0.326558
vt 0.001898 0.601540
vt 0.001415 0.603573
vt 0.001415 0.585771
vt 0.988041 0.863473
vt 0.987205 0.868920
vt 0.981636 0.868920
vt 0.982683 0.863835
vt 0.569208 0.044567
vt 0.563980 0.043972
vt 0.565505 0.039095
vt 0.571276 0.038813
vt 0.566409 0.034332
vt 0.573204 0.035065
vt 0.162516 0.990210
vt 0.160007 0.987967
vt 0.160007 0.981278
vt 0.164163 0.985094
vt 0.565551 0.028713
vt 0.570407 0.027549
vt 0.564812 0.021722
vt 0.569837 0.021748
vt 0.566766 0.011552
vt 0.571115 0.015342
vt 0.560388 0.023265
vt 0.563245 0.010832
vt 0.570461 0.003852
vt 0.572469 0.006735
vt 0.558584 0.010988
vt 0.568854 0.001544
vt 0.560732 0.030565
vt 0.593285 0.981278
vt 0.593120 0.989660
vt 0.589284 0.987057
vt 0.588586 0.981278
vt 0.561139 0.034422
vt 0.560295 0.037806
vt 0.558584 0.041175
vt 0.681294 0.294194
vt 0.694539 0.268875
vt 0.694678 0.275896
vt 0.078684 0.318308
vt 0.084619 0.321548
vt 0.950338 0.804103
vt 0.949839 0.799749
vt 0.903461 0.378009
vt 0.899700 0.383367
vt 0.891323 0.385300
vt 0.892839 0.376713
vt 0.436546 0.476229
vt 0.430694 0.478197
vt 0.429067 0.470933
vt 0.431473 0.468080
vt 0.891323 0.367936
vt 0.894762 0.363603
vt 0.435683 0.485031
vt 0.429067 0.487793
vt 0.926336 0.103133
vt 0.936959 0.110330
vt 0.935088 0.119576
vt 0.930188 0.116711
vt 0.097618 0.602337
vt 0.104392 0.614766
vt 0.093093 0.620808
vt 0.091812 0.607621
vt 0.072831 0.619703
vt 0.066326 0.609755
vt 0.082477 0.604523
vt 0.075680 0.598183
vt 0.086668 0.596865
vt 0.086499 0.601170
vt 0.060254 0.599242
vt 0.050356 0.611217
vt 0.043726 0.598899
vt 0.041291 0.587567
vt 0.056942 0.587433
vt 0.298146 0.693737
vt 0.300965 0.682612
vt 0.316334 0.690113
vt 0.311452 0.697900
vt 0.306838 0.707643
vt 0.293859 0.708048
vt 0.283940 0.700306
vt 0.283655 0.686876
vt 0.836646 0.857260
vt 0.823031 0.852993
vt 0.052163 0.575826
vt 0.064859 0.581954
vt 0.067020 0.585713
vt 0.296806 0.720464
vt 0.302452 0.723780
vt 0.300032 0.726057
vt 0.295349 0.721752
vt 0.308984 0.713131
vt 0.307217 0.718409
vt 0.318509 0.711914
vt 0.316995 0.717644
vt 0.315499 0.725175
vt 0.326158 0.723664
vt 0.328359 0.725453
vt 0.318344 0.732639
vt 0.041757 0.286781
vt 0.041757 0.300225
vt 0.035808 0.294142
vt 0.038131 0.276452
vt 0.434579 0.928136
vt 0.434579 0.915461
vt 0.434826 0.911088
vt 0.440342 0.923639
vt 0.081943 0.859287
vt 0.091105 0.870320
vt 0.089466 0.876243
vt 0.084561 0.872516
vt 0.086729 0.880461
vt 0.083558 0.878495
vt 0.324660 0.717213
vt 0.324629 0.712168
vt 0.041226 0.305582
vt 0.036835 0.302734
vt 0.084511 0.884481
vt 0.081943 0.882516
vt 0.533346 0.572083
vt 0.530044 0.573240
vt 0.529176 0.569687
vt 0.532786 0.567001
vt 0.126542 0.854112
vt 0.125004 0.851470
vt 0.127421 0.845324
vt 0.130402 0.850836
vt 0.527118 0.573978
vt 0.526373 0.571197
vt 0.525790 0.567637
vt 0.527982 0.565604
vt 0.122732 0.853589
vt 0.120463 0.850954
vt 0.120860 0.847893
vt 0.523913 0.572223
vt 0.523513 0.569121
vt 0.523694 0.566082
vt 0.523763 0.563959
vt 0.521256 0.570283
vt 0.520495 0.566180
vt 0.518884 0.562198
vt 0.521082 0.562428
vt 0.521476 0.573174
vt 0.524383 0.574942
vt 0.521669 0.575916
vt 0.519344 0.577000
vt 0.518884 0.574220
vt 0.519799 0.571260
vt 0.007958 0.597333
vt 0.009945 0.595622
vt 0.011358 0.599035
vt 0.008771 0.600303
vt 0.796809 0.293596
vt 0.799071 0.292226
vt 0.802240 0.298337
vt 0.802866 0.317772
vt 0.676211 0.364653
vt 0.684278 0.376219
vt 0.678733 0.376798
vt 0.677601 0.369349
vt 0.855973 0.730044
vt 0.854478 0.729775
vt 0.857457 0.717271
vt 0.861607 0.712546
vt 0.853904 0.710680
vt 0.864444 0.713402
vt 0.870708 0.709890
vt 0.871195 0.712366
vt 0.870776 0.715388
vt 0.868696 0.718283
vt 0.702877 0.375411
vt 0.700023 0.379529
vt 0.695979 0.384023
vt 0.684712 0.381727
vt 0.796809 0.322456
vt 0.799606 0.326461
vt 0.709269 0.372282
vt 0.711497 0.373222
vt 0.710911 0.374870
vt 0.710819 0.377583
vt 0.713038 0.373295
vt 0.713480 0.373386
vt 0.714881 0.373674
vt 0.717454 0.374203
vt 0.711781 0.380015
vt 0.029416 0.632239
vt 0.019215 0.608179
vt 0.030008 0.611653
vt 0.032875 0.621575
vt 0.012873 0.623800
vt 0.013635 0.604839
vt 0.058267 0.622896
vt 0.048588 0.633231
vt 0.021294 0.599126
vt 0.028396 0.599288
vt 0.323092 0.693693
vt 0.326620 0.697025
vt 0.323006 0.701708
vt 0.318154 0.699817
vt 0.016957 0.597718
vt 0.320697 0.706635
vt 0.314194 0.706171
vt 0.326181 0.703589
vt 0.324998 0.707591
vt 0.015509 0.591917
vt 0.012300 0.590550
vt 0.012465 0.587329
vt 0.016096 0.588201
vt 0.328359 0.700032
vt 0.014241 0.595794
vt 0.011363 0.593247
vt 0.122020 0.833839
vt 0.126808 0.829381
vt 0.134760 0.843050
vt 0.898345 0.035449
vt 0.899665 0.042971
vt 0.897192 0.045553
vt 0.892955 0.045325
vt 0.070585 0.591850
vt 0.082697 0.588081
vt 0.092407 0.625338
vt 0.138707 0.366386
vt 0.151842 0.344263
vt 0.151726 0.360824
vt 0.144856 0.382794
vt 0.968298 0.430902
vt 0.978113 0.432315
vt 0.978189 0.433773
vt 0.966447 0.433773
vt 0.542225 0.967805
vt 0.542225 0.977729
vt 0.541036 0.977843
vt 0.540887 0.968512
vt 0.893971 0.850464
vt 0.882824 0.867399
vt 0.883104 0.854229
vt 0.882824 0.844130
vt 0.400484 0.853585
vt 0.390526 0.855752
vt 0.389360 0.852665
vt 0.400380 0.853595
vt 0.384345 0.842137
vt 0.400484 0.840168
vt 0.383045 0.837003
vt 0.398367 0.829943
vt 0.315493 0.975592
vt 0.317288 0.967805
vt 0.318991 0.967873
vt 0.318991 0.978092
vt 0.619016 0.977577
vt 0.616704 0.967805
vt 0.619927 0.967805
vt 0.382815 0.854461
vt 0.382288 0.844206
vt 0.381617 0.857746
vt 0.381122 0.856486
vt 0.389856 0.857908
vt 0.981636 0.332608
vt 0.983905 0.328119
vt 0.988446 0.329016
vt 0.989071 0.332608
vt 0.988092 0.871642
vt 0.988092 0.875606
vt 0.982936 0.874555
vt 0.981636 0.871825
vt 0.568614 0.822914
vt 0.581218 0.825138
vt 0.267119 0.952099
vt 0.269452 0.964352
vt 0.259811 0.964352
vt 0.262536 0.949839
vt 0.017082 0.926224
vt 0.017082 0.941422
vt 0.003085 0.939743
vt 0.002816 0.925117
vt 0.354906 0.789580
vt 0.339581 0.789305
vt 0.356829 0.785901
vt 0.355770 0.780976
vt 0.858131 0.976933
vt 0.849386 0.975444
vt 0.849386 0.968657
vt 0.853822 0.967805
vt 0.120880 0.054693
vt 0.425158 0.354162
vt 0.421821 0.358727
vt 0.417396 0.356977
vt 0.418372 0.350506
vt 0.416192 0.339990
vt 0.424795 0.343101
vt 0.412137 0.350347
vt 0.411880 0.346742
vt 0.415096 0.334264
vt 0.421402 0.328723
vt 0.949839 0.306757
vt 0.963227 0.306757
vt 0.957835 0.311821
vt 0.957164 0.311421
vt 0.407263 0.349614
vt 0.407083 0.347017
vt 0.411000 0.356126
vt 0.407457 0.352417
vt 0.407083 0.357439
vt 0.407499 0.353019
vt 0.992383 0.795745
vt 0.993103 0.792342
vt 0.996369 0.792418
vt 0.996992 0.795745
vt 0.878689 0.336149
vt 0.881386 0.334459
vt 0.882583 0.336774
vt 0.880256 0.339251
vt 0.875585 0.343947
vt 0.875567 0.338583
vt 0.873174 0.335316
vt 0.876001 0.333427
vt 0.872345 0.347185
vt 0.872181 0.340817
vt 0.873382 0.350759
vt 0.882583 0.348942
vt 0.879848 0.358727
vt 0.874546 0.356304
vt 0.977737 0.398727
vt 0.966447 0.398727
vt 0.970898 0.392601
vt 0.977913 0.389667
vt 0.013145 0.565558
vt 0.012074 0.572628
vt 0.013286 0.580197
vt 0.279459 0.696066
vt 0.280144 0.704710
vt 0.956008 0.415537
vt 0.963146 0.416148
vt 0.957204 0.418327
vt 0.949839 0.418327
vt 0.716575 0.984958
vt 0.713864 0.989338
vt 0.708728 0.982102
vt 0.712948 0.981278
vt 0.595334 0.152266
vt 0.855714 0.383402
vt 0.853255 0.366107
vt 0.985516 0.214939
vt 0.989278 0.215696
vt 0.987718 0.217913
vt 0.981636 0.217913
vt 0.541998 0.801638
vt 0.543893 0.810458
vt 0.152229 0.782716
vt 0.535942 0.788169
vt 0.543283 0.788134
vt 0.550428 0.788703
vt 0.549290 0.803144
vt 0.946217 0.727314
vt 0.947116 0.733372
vt 0.932996 0.736888
vt 0.933018 0.727314
vt 0.382631 0.904611
vt 0.375696 0.907257
vt 0.371749 0.895264
vt 0.380332 0.892269
vt 0.387198 0.890645
vt 0.387198 0.900959
vt 0.372374 0.885607
vt 0.378752 0.885394
vt 0.511000 0.941174
vt 0.503271 0.939360
vt 0.503271 0.931282
vt 0.511204 0.932120
vt 0.516925 0.933759
vt 0.518162 0.941422
vt 0.915145 0.184353
vt 0.916747 0.189803
vt 0.217062 0.967805
vt 0.217036 0.973072
vt 0.217062 0.978134
vt 0.212371 0.974317
vt 0.742595 0.701530
vt 0.740937 0.692302
vt 0.924577 0.218727
vt 0.933830 0.221515
vt 0.933830 0.228698
vt 0.925399 0.224785
vt 0.511139 0.925701
vt 0.517059 0.927133
vt 0.933316 0.235355
vt 0.929214 0.233597
vt 0.543970 0.059527
vt 0.538933 0.063457
vt 0.529098 0.777746
vt 0.536603 0.775886
vt 0.527968 0.789023
vt 0.520876 0.791180
vt 0.523240 0.780530
vt 0.332361 0.981278
vt 0.329944 0.989754
vt 0.324794 0.989819
vt 0.324794 0.981522
vt 0.544605 0.775618
vt 0.943218 0.736695
vt 0.934435 0.742129
vt 0.795441 0.903576
vt 0.789083 0.907257
vt 0.785741 0.897782
vt 0.785741 0.885393
vt 0.706602 0.403870
vt 0.708351 0.414928
vt 0.700907 0.417566
vt 0.698162 0.405757
vt 0.695783 0.392934
vt 0.703162 0.392642
vt 0.675698 0.755354
vt 0.671780 0.768367
vt 0.662195 0.760825
vt 0.667712 0.751432
vt 0.688546 0.406052
vt 0.682780 0.394191
vt 0.166865 0.951107
vt 0.164463 0.962578
vt 0.163055 0.964763
vt 0.163055 0.949839
vt 0.651309 0.775456
vt 0.657738 0.774959
vt 0.654020 0.778191
vt 0.652896 0.776866
vt 0.679441 0.981278
vt 0.679441 0.989518
vt 0.674716 0.984780
vt 0.676998 0.982960
vt 0.278225 0.981278
vt 0.274028 0.982584
vt 0.664651 0.777540
vt 0.839922 0.899599
vt 0.847781 0.899599
vt 0.650101 0.463119
vt 0.647812 0.462211
vt 0.655733 0.448890
vt 0.656718 0.456248
vt 0.641254 0.749791
vt 0.641533 0.744757
vt 0.987672 0.223406
vt 0.983154 0.221818
vt 0.981636 0.220636
vt 0.989281 0.220636
vt 0.006585 0.844622
vt 0.006585 0.817892
vt 0.886392 0.683581
vt 0.179434 0.790081
vt 0.182211 0.793799
vt 0.890758 0.683707
vt 0.287221 0.626512
vt 0.275561 0.633772
vt 0.263298 0.650227
vt 0.263723 0.635351
vt 0.966447 0.147361
vt 0.978405 0.147361
vt 0.975390 0.156297
vt 0.967380 0.154715
vt 0.597704 0.584180
vt 0.601675 0.598157
vt 0.593898 0.602784
vt 0.592418 0.590703
vt 0.597150 0.582809
vt 0.589235 0.588870
vt 0.591677 0.583112
vt 0.585360 0.592761
vt 0.584673 0.589609
vt 0.962874 0.124826
vt 0.960525 0.128873
vt 0.956312 0.127629
vt 0.957495 0.124936
vt 0.997208 0.472981
vt 0.997615 0.475443
vt 0.992383 0.475443
vt 0.994242 0.472945
vt 0.951901 0.124826
vt 0.953540 0.129845
vt 0.949839 0.128161
vt 0.998012 0.245152
vt 0.993913 0.245932
vt 0.992383 0.243461
vt 0.996331 0.243461
vt 0.997105 0.660263
vt 0.993214 0.661222
vt 0.992384 0.658798
vt 0.997288 0.658798
vt 0.995829 0.602178
vt 0.997321 0.606181
vt 0.992774 0.606181
vt 0.992383 0.601812
vt 0.926394 0.615628
vt 0.925200 0.621586
vt 0.922333 0.622553
vt 0.922913 0.617958
vt 0.923638 0.610962
vt 0.925733 0.611442
vt 0.925213 0.605532
vt 0.992641 0.176358
vt 0.997190 0.176716
vt 0.998058 0.179744
vt 0.992383 0.179744
vt 0.950172 0.605403
vt 0.949839 0.603653
vt 0.956209 0.603834
vt 0.958418 0.608340
vt 0.960404 0.603653
vt 0.962806 0.606881
vt 0.958733 0.131494
vt 0.958398 0.135110
vt 0.950432 0.132579
vt 0.963279 0.130513
vt 0.962613 0.134639
vt 0.584673 0.611165
vt 0.594405 0.608322
vt 0.588691 0.611123
vt 0.503113 0.989562
vt 0.503113 0.983923
vt 0.511196 0.981278
vt 0.511114 0.989510
vt 0.265237 0.659778
vt 0.281619 0.665733
vt 0.266150 0.666023
vt 0.279041 0.675386
vt 0.265340 0.670063
vt 0.279125 0.679849
vt 0.263788 0.674406
vt 0.279662 0.687086
vt 0.263298 0.677419
vt 0.649219 0.740231
vt 0.656876 0.732766
vt 0.284841 0.679525
vt 0.285036 0.682187
vt 0.983304 0.475974
vt 0.981636 0.474025
vt 0.985968 0.473063
vt 0.988796 0.475974
vt 0.009170 0.982072
vt 0.015890 0.981278
vt 0.814929 0.967805
vt 0.812978 0.977145
vt 0.810164 0.972890
vt 0.809614 0.967805
vt 0.705424 0.384017
vt 0.701342 0.385192
vt 0.916735 0.768530
vt 0.905048 0.454419
vt 0.916747 0.454419
vt 0.930034 0.577000
vt 0.927702 0.569900
vt 0.930034 0.560489
vt 0.928661 0.575999
vt 0.575334 0.878787
vt 0.583392 0.866682
vt 0.571984 0.873614
vt 0.579756 0.860088
vt 0.566981 0.870305
vt 0.573045 0.860780
vt 0.567295 0.856616
vt 0.569844 0.853084
vt 0.579106 0.855590
vt 0.583771 0.857938
vt 0.218333 0.882583
vt 0.210276 0.876495
vt 0.213330 0.871043
vt 0.222069 0.875665
vt 0.216989 0.865546
vt 0.221485 0.872085
vt 0.204398 0.872179
vt 0.197249 0.863588
vt 0.204494 0.857061
vt 0.914849 0.721705
vt 0.907977 0.726945
vt 0.907977 0.707156
vt 0.912026 0.706818
vt 0.201524 0.878631
vt 0.206381 0.881045
vt 0.200101 0.882583
vt 0.197416 0.879305
vt 0.198572 0.905687
vt 0.195521 0.896163
vt 0.201739 0.897647
vt 0.202594 0.904093
vt 0.208131 0.899525
vt 0.206959 0.904182
vt 0.214477 0.903033
vt 0.211981 0.907257
vt 0.920543 0.433480
vt 0.920543 0.440012
vt 0.915535 0.439588
vt 0.915447 0.434490
vt 0.918981 0.451731
vt 0.915746 0.450591
vt 0.283763 0.376799
vt 0.284704 0.390973
vt 0.280604 0.392892
vt 0.280604 0.378998
vt 0.208274 0.893743
vt 0.213940 0.895491
vt 0.209388 0.888999
vt 0.214477 0.890204
vt 0.200743 0.890481
vt 0.204472 0.885401
vt 0.193915 0.887619
vt 0.366862 0.994353
vt 0.366760 0.995908
vt 0.440974 0.993573
vt 0.441391 0.993266
vt 0.441391 0.995235
vt 0.440888 0.994513
vt 0.607369 0.900146
vt 0.598840 0.907257
vt 0.401062 0.994965
vt 0.401122 0.993266
vt 0.367366 0.994279
vt 0.367270 0.993266
vt 0.684113 0.601324
vt 0.688649 0.589699
vt 0.690882 0.591717
vt 0.689017 0.602347
vt 0.976603 0.453717
vt 0.977747 0.461402
vt 0.970125 0.461402
vt 0.972339 0.452146
vt 0.732984 0.669121
vt 0.854552 0.731725
vt 0.853904 0.730810
vt 0.857976 0.729035
vt 0.487804 0.994756
vt 0.488311 0.993713
vt 0.678720 0.378069
vt 0.332155 0.787280
vt 0.329511 0.783977
vt 0.052121 0.795790
vt 0.923186 0.721169
vt 0.924339 0.724975
vt 0.921362 0.731044
vt 0.920186 0.726706
vt 0.924220 0.730754
vt 0.924339 0.738333
vt 0.307690 0.793984
vt 0.313139 0.780342
vt 0.909251 0.652921
vt 0.910222 0.648006
vt 0.913582 0.646151
vt 0.914207 0.652535
vt 0.911387 0.641724
vt 0.919142 0.638005
vt 0.922441 0.637496
vt 0.921805 0.646537
vt 0.909251 0.634340
vt 0.915876 0.633848
vt 0.464509 0.985402
vt 0.465203 0.981278
vt 0.469834 0.982901
vt 0.469834 0.989745
vt 0.136615 0.299873
vt 0.134642 0.294813
vt 0.140214 0.289880
vt 0.144899 0.300262
vt 0.149342 0.309952
vt 0.143179 0.311398
vt 0.149753 0.289103
vt 0.153267 0.299912
vt 0.155307 0.308319
vt 0.159433 0.293405
vt 0.181491 0.298232
vt 0.167885 0.293939
vt 0.464647 0.949839
vt 0.478629 0.949839
vt 0.776289 0.700540
vt 0.222069 0.567468
vt 0.222069 0.548992
vt 0.752351 0.039859
vt 0.752351 0.002249
vt 0.897767 0.750353
vt 0.895713 0.757211
vt 0.892377 0.758589
vt 0.888696 0.755626
vt 0.897021 0.761793
vt 0.892229 0.763007
vt 0.714842 0.861067
vt 0.724761 0.864249
vt 0.732639 0.862970
vt 0.732639 0.876004
vt 0.963613 0.007539
vt 0.954497 0.007539
vt 0.949839 0.001913
vt 0.960625 0.001362
vt 0.388401 0.001388
vt 0.392839 0.003121
vt 0.395208 0.002953
vt 0.398586 0.006095
vt 0.120463 0.825844
vt 0.974278 0.529897
vt 0.966835 0.530497
vt 0.966447 0.522769
vt 0.975206 0.528082
vt 0.049468 0.891975
vt 0.691601 0.949839
vt 0.691601 0.964125
vt 0.688072 0.962209
vt 0.687878 0.952165
vt 0.050642 0.543779
vt 0.055043 0.547186
vt 0.055043 0.563714
vt 0.049672 0.558618
vt 0.635839 0.622874
vt 0.626796 0.625800
vt 0.622319 0.618211
vt 0.632962 0.617288
vt 0.622319 0.629208
vt 0.627388 0.634124
vt 0.626862 0.639635
vt 0.970935 0.089692
vt 0.972944 0.095817
vt 0.966739 0.095817
vt 0.966447 0.093201
vt 0.977360 0.090589
vt 0.978637 0.095564
vt 0.236744 0.978145
vt 0.236719 0.972920
vt 0.240791 0.972213
vt 0.238771 0.978133
vt 0.063452 0.981278
vt 0.064546 0.990204
vt 0.058731 0.990204
vt 0.060921 0.983019
vt 0.522309 0.368621
vt 0.522600 0.373471
vt 0.546298 0.360147
vt 0.545554 0.367071
vt 0.403275 0.396688
vt 0.400974 0.392572
vt 0.420963 0.382593
vt 0.417354 0.380294
vt 0.440128 0.371800
vt 0.438740 0.374971
vt 0.205978 0.211305
vt 0.208783 0.187235
vt 0.206672 0.189818
vt 0.208783 0.246744
vt 0.207914 0.246338
vt 0.200119 0.220396
vt 0.463119 0.350676
vt 0.461069 0.360661
vt 0.463119 0.385392
vt 0.458058 0.386409
vt 0.453893 0.366983
vt 0.451350 0.383800
vt 0.448622 0.371086
vt 0.446859 0.363613
vt 0.858953 0.439634
vt 0.863603 0.435550
vt 0.861529 0.446763
vt 0.949839 0.075620
vt 0.963104 0.077708
vt 0.962892 0.080797
vt 0.951243 0.080529
vt 0.530126 0.985488
vt 0.529251 0.981278
vt 0.533517 0.981765
vt 0.533517 0.989727
vt 0.449700 0.390279
vt 0.455395 0.390994
vt 0.336072 0.376221
vt 0.323752 0.321322
vt 0.329741 0.310566
vt 0.408097 0.369867
vt 0.406851 0.362688
vt 0.338441 0.309215
vt 0.419055 0.375685
vt 0.334008 0.289897
vt 0.345755 0.295237
vt 0.348034 0.306457
vt 0.351792 0.321043
vt 0.356853 0.299512
vt 0.363066 0.299700
vt 0.398444 0.388759
vt 0.380819 0.396688
vt 0.550206 0.376027
vt 0.547766 0.371728
vt 0.565380 0.363261
vt 0.568061 0.368391
vt 0.575357 0.354881
vt 0.577000 0.361334
vt 0.560247 0.359001
vt 0.563617 0.348801
vt 0.972211 0.340945
vt 0.978246 0.345014
vt 0.968549 0.345014
vt 0.966447 0.341456
vt 0.566386 0.344551
vt 0.563036 0.338134
vt 0.568258 0.335142
vt 0.569824 0.341088
vt 0.068587 0.981495
vt 0.074485 0.981278
vt 0.074485 0.987623
vt 0.067269 0.990134
vt 0.856674 0.832231
vt 0.857908 0.843205
vt 0.847385 0.846277
vt 0.852034 0.834139
vt 0.857908 0.859807
vt 0.849967 0.854107
vt 0.555731 0.327299
vt 0.560377 0.331947
vt 0.555758 0.335648
vt 0.552283 0.330895
vt 0.550025 0.339216
vt 0.546420 0.338552
vt 0.503763 0.600643
vt 0.496066 0.595730
vt 0.057159 0.237549
vt 0.076287 0.234969
vt 0.042894 0.254020
vt 0.043349 0.247512
vt 0.061090 0.228407
vt 0.072152 0.226413
vt 0.797172 0.607274
vt 0.795687 0.624451
vt 0.789280 0.616031
vt 0.789710 0.600370
vt 0.034337 0.244427
vt 0.035363 0.239127
vt 0.987722 0.981476
vt 0.981636 0.980899
vt 0.981636 0.977033
vt 0.985262 0.976622
vt 0.502335 0.359019
vt 0.503030 0.349993
vt 0.507102 0.359877
vt 0.494754 0.356112
vt 0.494880 0.349968
vt 0.225706 0.856915
vt 0.221048 0.856552
vt 0.221521 0.846648
vt 0.227763 0.848667
vt 0.486781 0.355705
vt 0.486680 0.350123
vt 0.486403 0.345800
vt 0.494956 0.345989
vt 0.480076 0.351532
vt 0.478003 0.347070
vt 0.479047 0.356844
vt 0.477091 0.352231
vt 0.469663 0.362080
vt 0.467942 0.354020
vt 0.480911 0.362261
vt 0.474436 0.365122
vt 0.468849 0.368635
vt 0.466991 0.366007
vt 0.486739 0.360754
vt 0.914849 0.605646
vt 0.910057 0.607369
vt 0.908423 0.599301
vt 0.914640 0.595322
vt 0.006660 0.036486
vt 0.007721 0.027087
vt 0.010498 0.025601
vt 0.010262 0.035786
vt 0.380865 0.710728
vt 0.386386 0.700898
vt 0.215377 0.835177
vt 0.220513 0.836999
vt 0.227306 0.841139
vt 0.489890 0.341753
vt 0.493428 0.343263
vt 0.909033 0.590885
vt 0.914849 0.587254
vt 0.402253 0.725633
vt 0.406105 0.740418
vt 0.393012 0.744027
vt 0.245192 0.827809
vt 0.246438 0.813886
vt 0.263826 0.811832
vt 0.260224 0.825329
vt 0.263826 0.836644
vt 0.248299 0.842724
vt 0.377489 0.744027
vt 0.371423 0.739356
vt 0.372506 0.734091
vt 0.886099 0.285555
vt 0.893971 0.282188
vt 0.891061 0.290288
vt 0.883956 0.292809
vt 0.841362 0.648571
vt 0.847882 0.643987
vt 0.893971 0.305582
vt 0.881994 0.301514
vt 0.856070 0.640288
vt 0.861704 0.650263
vt 0.286297 0.165592
vt 0.285086 0.181564
vt 0.268105 0.171680
vt 0.275110 0.164552
vt 0.290137 0.163920
vt 0.294280 0.153103
vt 0.929864 0.721250
vt 0.925845 0.706882
vt 0.931932 0.705020
vt 0.931932 0.720267
vt 0.408076 0.422748
vt 0.408076 0.438444
vt 0.405013 0.437791
vt 0.406488 0.423836
vt 0.739201 0.964017
vt 0.736670 0.963891
vt 0.734350 0.949839
vt 0.739201 0.950622
vt 0.419121 0.868654
vt 0.408615 0.859944
vt 0.411525 0.859768
vt 0.421106 0.863418
vt 0.430269 0.866217
vt 0.432750 0.871195
vt 0.417967 0.851545
vt 0.424611 0.854306
vt 0.430199 0.857340
vt 0.819948 0.768231
vt 0.819948 0.757034
vt 0.427472 0.844866
vt 0.432750 0.847169
vt 0.789026 0.557519
vt 0.793813 0.558719
vt 0.073543 0.906190
vt 0.063764 0.905760
vt 0.793177 0.548181
vt 0.797903 0.548822
vt 0.062830 0.900503
vt 0.060404 0.898656
vt 0.798009 0.560064
vt 0.797232 0.569280
vt 0.802866 0.562253
vt 0.801401 0.569753
vt 0.977443 0.648736
vt 0.966447 0.650485
vt 0.967568 0.642322
vt 0.977440 0.642322
vt 0.858358 0.286602
vt 0.854325 0.285280
vt 0.856662 0.271929
vt 0.861705 0.273232
vt 0.407337 0.847030
vt 0.408927 0.849442
vt 0.855035 0.259498
vt 0.860324 0.259330
vt 0.577000 0.337278
vt 0.576077 0.351135
vt 0.574708 0.348666
vt 0.574708 0.335712
vt 0.933415 0.279010
vt 0.931752 0.276875
vt 0.931752 0.263354
vt 0.933830 0.267057
vt 0.803912 0.752312
vt 0.808628 0.743238
vt 0.849911 0.281823
vt 0.852192 0.270439
vt 0.849911 0.259801
vt 0.299249 0.137058
vt 0.299888 0.151961
vt 0.271040 0.160160
vt 0.239864 0.949839
vt 0.239864 0.964414
vt 0.235348 0.963468
vt 0.230469 0.950995
vt 0.724586 0.195497
vt 0.719350 0.179440
vt 0.730741 0.175882
vt 0.730741 0.189916
vt 0.074958 0.300983
vt 0.078108 0.314214
vt 0.822577 0.722687
vt 0.823750 0.722330
vt 0.831336 0.722063
vt 0.830619 0.727821
vt 0.820284 0.718050
vt 0.824499 0.719093
vt 0.016820 0.261671
vt 0.006938 0.260559
vt 0.098768 0.271422
vt 0.301908 0.912951
vt 0.301908 0.892358
vt 0.304764 0.892310
vt 0.309379 0.898216
vt 0.564320 0.933461
vt 0.562262 0.930432
vt 0.558140 0.926494
vt 0.562633 0.875443
vt 0.566809 0.875107
vt 0.736317 0.816582
vt 0.736435 0.812729
vt 0.827232 0.210571
vt 0.831674 0.208887
vt 0.834074 0.214304
vt 0.826698 0.222216
vt 0.837182 0.207625
vt 0.842724 0.211435
vt 0.838880 0.219398
vt 0.835311 0.225647
vt 0.834581 0.204977
vt 0.828793 0.204546
vt 0.834033 0.199911
vt 0.977278 0.279396
vt 0.977657 0.280300
vt 0.974528 0.282756
vt 0.972757 0.281631
vt 0.973439 0.285617
vt 0.968070 0.283904
vt 0.978299 0.281830
vt 0.975438 0.283585
vt 0.973555 0.284740
vt 0.561765 0.962387
vt 0.559706 0.953047
vt 0.571292 0.949839
vt 0.571292 0.963874
vt 0.808621 0.670863
vt 0.805748 0.672858
vt 0.812080 0.675066
vt 0.807926 0.677596
vt 0.950339 0.410967
vt 0.949839 0.411844
vt 0.963206 0.410967
vt 0.950900 0.412814
vt 0.918173 0.155576
vt 0.919334 0.161861
vt 0.915087 0.164032
vt 0.920543 0.153128
vt 0.911074 0.167026
vt 0.911074 0.148297
vt 0.786177 0.939902
vt 0.787182 0.936696
vt 0.794518 0.940697
vt 0.791416 0.943320
vt 0.800968 0.936884
vt 0.799107 0.940312
vt 0.612422 0.220143
vt 0.606042 0.223151
vt 0.607008 0.217951
vt 0.609763 0.213582
vt 0.612165 0.216506
vt 0.679146 0.698437
vt 0.680333 0.704190
vt 0.676336 0.704951
vt 0.676723 0.701154
vt 0.685188 0.709649
vt 0.676438 0.712011
vt 0.674861 0.720949
vt 0.668183 0.718316
vt 0.669626 0.711425
vt 0.671665 0.705648
vt 0.658752 0.709466
vt 0.658186 0.707269
vt 0.665117 0.727163
vt 0.671350 0.731391
vt 0.668016 0.736199
vt 0.663262 0.732793
vt 0.986802 0.949968
vt 0.982091 0.949107
vt 0.981636 0.947516
vt 0.987880 0.947516
vt 0.996783 0.878120
vt 0.995755 0.880375
vt 0.993286 0.880948
vt 0.992383 0.878120
vt 0.657280 0.703747
vt 0.658043 0.693882
vt 0.668831 0.693914
vt 0.670485 0.701336
vt 0.310252 0.870443
vt 0.321592 0.871570
vt 0.313891 0.880685
vt 0.310252 0.879145
vt 0.055133 0.939524
vt 0.054404 0.934541
vt 0.969776 0.119094
vt 0.977229 0.121568
vt 0.978649 0.123674
vt 0.970797 0.123347
vt 0.966447 0.123674
vt 0.966589 0.120550
vt 0.958849 0.936300
vt 0.960622 0.934080
vt 0.961495 0.938771
vt 0.957863 0.939473
vt 0.949839 0.936358
vt 0.951739 0.934080
vt 0.961995 0.943828
vt 0.958764 0.943815
vt 0.764905 0.762801
vt 0.757913 0.760912
vt 0.753941 0.759957
vt 0.545353 0.292296
vt 0.541349 0.289174
vt 0.541619 0.286424
vt 0.545926 0.287848
vt 0.536994 0.288502
vt 0.539447 0.283021
vt 0.546632 0.276257
vt 0.545372 0.281806
vt 0.536078 0.280067
vt 0.532784 0.284514
vt 0.971127 0.523933
vt 0.977660 0.527212
vt 0.972743 0.547596
vt 0.970903 0.550565
vt 0.966447 0.551298
vt 0.969496 0.547142
vt 0.793417 0.928286
vt 0.796949 0.928286
vt 0.800057 0.929663
vt 0.800827 0.928343
vt 0.988385 0.738580
vt 0.985094 0.739473
vt 0.985558 0.737169
vt 0.987954 0.737169
vt 0.981636 0.738909
vt 0.983482 0.737169
vt 0.949839 0.677417
vt 0.953856 0.674998
vt 0.962806 0.677417
vt 0.957807 0.481480
vt 0.950357 0.481490
vt 0.954820 0.484303
vt 0.949839 0.484169
vt 0.962846 0.479508
vt 0.910988 0.189246
vt 0.912040 0.189341
vt 0.415171 0.981278
vt 0.415910 0.982091
vt 0.415910 0.989945
vt 0.412823 0.986036
vt 0.977152 0.981283
vt 0.977152 0.989136
vt 0.972751 0.986036
vt 0.973429 0.981278
vt 0.586603 0.970754
vt 0.587037 0.976276
vt 0.580481 0.977460
vt 0.580481 0.969917
vt 0.624390 0.312845
vt 0.300166 0.652508
vt 0.303684 0.659769
vt 0.300573 0.650434
vt 0.636973 0.956532
vt 0.639942 0.952578
vt 0.650225 0.963716
vt 0.637411 0.963716
vt 0.616908 0.845375
vt 0.630145 0.842436
vt 0.837085 0.923628
vt 0.827292 0.923628
vt 0.399489 0.265009
vt 0.396446 0.265724
vt 0.380991 0.752875
vt 0.390994 0.752400
vt 0.364077 0.754278
vt 0.579926 0.806720
vt 0.582137 0.796935
vt 0.589447 0.796580
vt 0.589841 0.807409
vt 0.583576 0.821366
vt 0.580860 0.821566
vt 0.597212 0.798103
vt 0.596930 0.808397
vt 0.603204 0.797851
vt 0.603573 0.808447
vt 0.556777 0.433344
vt 0.561816 0.440951
vt 0.606454 0.849699
vt 0.115780 0.890059
vt 0.115780 0.898927
vt 0.110449 0.898854
vt 0.103878 0.899665
vt 0.612164 0.853453
vt 0.606939 0.856010
vt 0.981636 0.702011
vt 0.986845 0.702472
vt 0.988310 0.706368
vt 0.983221 0.706368
vt 0.977112 0.843704
vt 0.971231 0.844115
vt 0.970437 0.839213
vt 0.975385 0.836357
vt 0.966447 0.839744
vt 0.966617 0.836357
vt 0.969253 0.836527
vt 0.967711 0.843383
vt 0.997769 0.238185
vt 0.997922 0.240738
vt 0.992384 0.238830
vt 0.997922 0.236451
vt 0.619832 0.930480
vt 0.613791 0.928799
vt 0.619028 0.924283
vt 0.620655 0.926198
vt 0.610720 0.939524
vt 0.620655 0.939395
vt 0.362715 0.903223
vt 0.358390 0.897934
vt 0.363695 0.886487
vt 0.366319 0.887934
vt 0.356220 0.895474
vt 0.360744 0.884860
vt 0.353194 0.892521
vt 0.353194 0.880785
vt 0.279082 0.993266
vt 0.281344 0.993266
vt 0.281602 0.996339
vt 0.278947 0.995872
vt 0.055101 0.714030
vt 0.053237 0.717804
vt 0.548979 0.459271
vt 0.053841 0.692686
vt 0.056692 0.730682
vt 0.846797 0.204914
vt 0.847143 0.190565
vt 0.857281 0.190565
vt 0.857908 0.204824
vt 0.914849 0.252438
vt 0.911600 0.250564
vt 0.910515 0.238670
vt 0.914849 0.233548
vt 0.054642 0.745720
vt 0.063939 0.742342
vt 0.793964 0.057514
vt 0.795267 0.068255
vt 0.791873 0.064962
vt 0.790940 0.053216
vt 0.797172 0.074023
vt 0.792736 0.068947
vt 0.934932 0.356132
vt 0.935728 0.364111
vt 0.930032 0.370115
vt 0.930032 0.354468
vt 0.055043 0.332173
vt 0.044661 0.342265
vt 0.046303 0.326029
vt 0.038922 0.311394
vt 0.028631 0.299056
vt 0.024938 0.284668
vt 0.033258 0.286040
vt 0.032529 0.292815
vt 0.027779 0.276007
vt 0.033045 0.278012
vt 0.014656 0.283241
vt 0.018265 0.274739
vt 0.021619 0.270660
vt 0.027797 0.270967
vt 0.828930 0.535841
vt 0.828098 0.529369
vt 0.836019 0.532467
vt 0.832336 0.537142
vt 0.006676 0.281137
vt 0.011801 0.271580
vt 0.164426 0.083638
vt 0.170822 0.089207
vt 0.828098 0.513838
vt 0.834717 0.507501
vt 0.885747 0.576993
vt 0.903461 0.576993
vt 0.874991 0.299888
vt 0.867394 0.294472
vt 0.087371 0.769978
vt 0.951810 0.810208
vt 0.949839 0.807489
vt 0.962549 0.807489
vt 0.958536 0.809676
vt 0.031932 0.354780
vt 0.037219 0.374397
vt 0.021810 0.371857
vt 0.015696 0.360371
vt 0.791972 0.780089
vt 0.781458 0.779186
vt 0.588030 0.949839
vt 0.596372 0.951806
vt 0.596372 0.964020
vt 0.588623 0.962789
vt 0.928136 0.271187
vt 0.928136 0.287164
vt 0.922913 0.288500
vt 0.922688 0.273981
vt 0.352184 0.428954
vt 0.348561 0.415408
vt 0.352218 0.412010
vt 0.354931 0.424239
vt 0.028360 0.384653
vt 0.781458 0.750848
vt 0.784335 0.744785
vt 0.906529 0.214692
vt 0.909155 0.214576
vt 0.903974 0.784149
vt 0.904111 0.768251
vt 0.907257 0.765115
vt 0.907257 0.785783
vt 0.992384 0.191668
vt 0.993298 0.189658
vt 0.998021 0.188346
vt 0.998021 0.192100
vt 0.998430 0.032761
vt 0.998430 0.035919
vt 0.994553 0.033225
vt 0.992383 0.033647
vt 0.981688 0.585825
vt 0.988561 0.585825
vt 0.988398 0.587333
vt 0.981636 0.588230
vt 0.988121 0.807011
vt 0.988257 0.808748
vt 0.982100 0.808748
vt 0.981636 0.806546
vt 0.039707 0.492459
vt 0.046014 0.493072
vt 0.051734 0.493705
vt 0.050686 0.473103
vt 0.057601 0.473983
vt 0.060737 0.481521
vt 0.056808 0.495888
vt 0.425730 0.750772
vt 0.430308 0.746786
vt 0.431884 0.783885
vt 0.425730 0.773413
vt 0.400728 0.440347
vt 0.398113 0.435845
vt 0.436546 0.752215
vt 0.435001 0.781876
vt 0.045072 0.475514
vt 0.035361 0.478772
vt 0.030255 0.460818
vt 0.031801 0.492576
vt 0.013586 0.466211
vt 0.005951 0.462135
vt 0.013550 0.452323
vt 0.018980 0.454189
vt 0.012005 0.434857
vt 0.018875 0.433585
vt 0.032756 0.516077
vt 0.801242 0.548515
vt 0.306638 0.860094
vt 0.313175 0.843806
vt 0.311632 0.858333
vt 0.885472 0.840627
vt 0.885821 0.840826
vt 0.583373 0.474858
vt 0.583683 0.471259
vt 0.586799 0.476405
vt 0.545475 0.455394
vt 0.629530 0.949839
vt 0.632687 0.951143
vt 0.079266 0.730460
vt 0.079430 0.735305
vt 0.988627 0.514221
vt 0.981636 0.514221
vt 0.981842 0.511942
vt 0.985457 0.510679
vt 0.560381 0.917791
vt 0.560381 0.903061
vt 0.958624 0.338977
vt 0.962809 0.339572
vt 0.955475 0.351370
vt 0.954553 0.351170
vt 0.950261 0.350243
vt 0.949839 0.338977
vt 0.859054 0.961735
vt 0.865284 0.949839
vt 0.865284 0.963313
vt 0.858915 0.963731
vt 0.780897 0.647061
vt 0.765230 0.636098
vt 0.763556 0.616813
vt 0.773427 0.617744
vt 0.780134 0.615266
vt 0.781987 0.629154
vt 0.800902 0.900033
vt 0.807204 0.896603
vt 0.810203 0.916707
vt 0.800902 0.916747
vt 0.057825 0.174319
vt 0.068646 0.168123
vt 0.063227 0.180747
vt 0.051650 0.185976
vt 0.044284 0.184059
vt 0.071478 0.188824
vt 0.292017 0.185725
vt 0.303457 0.191701
vt 0.059006 0.163452
vt 0.067316 0.152351
vt 0.079879 0.162289
vt 0.083109 0.924361
vt 0.084743 0.906629
vt 0.093604 0.906629
vt 0.090309 0.926238
vt 0.102231 0.907270
vt 0.102493 0.923361
vt 0.949839 0.892638
vt 0.962095 0.892638
vt 0.959650 0.902024
vt 0.953192 0.899217
vt 0.071478 0.144597
vt 0.060661 0.141078
vt 0.062608 0.135275
vt 0.073185 0.137230
vt 0.056838 0.148155
vt 0.048908 0.148690
vt 0.052225 0.140493
vt 0.051470 0.156253
vt 0.045828 0.156525
vt 0.963169 0.168213
vt 0.960154 0.174196
vt 0.957496 0.167727
vt 0.961012 0.166688
vt 0.949839 0.175231
vt 0.949839 0.164995
vt 0.094819 0.865291
vt 0.097297 0.859047
vt 0.098697 0.865492
vt 0.096508 0.865501
vt 0.818050 0.898745
vt 0.816890 0.916445
vt 0.458204 0.478303
vt 0.442914 0.472450
vt 0.449695 0.463335
vt 0.461100 0.471396
vt 0.464538 0.462390
vt 0.473136 0.456609
vt 0.429423 0.459378
vt 0.774134 0.652922
vt 0.763556 0.651338
vt 0.928135 0.681035
vt 0.929056 0.676002
vt 0.933830 0.675276
vt 0.932168 0.681392
vt 0.406379 0.235478
vt 0.403886 0.239376
vt 0.396152 0.244704
vt 0.410993 0.240139
vt 0.412951 0.235974
vt 0.421258 0.237335
vt 0.419023 0.241891
vt 0.408493 0.231699
vt 0.415221 0.231611
vt 0.423502 0.232747
vt 0.433963 0.235805
vt 0.433826 0.239520
vt 0.040844 0.706278
vt 0.041649 0.697437
vt 0.042780 0.697456
vt 0.045338 0.707206
vt 0.421254 0.655697
vt 0.425508 0.647093
vt 0.428730 0.650814
vt 0.424946 0.659392
vt 0.421512 0.668444
vt 0.420521 0.674920
vt 0.428724 0.663649
vt 0.425360 0.672002
vt 0.432616 0.655146
vt 0.436201 0.659072
vt 0.435224 0.648506
vt 0.439099 0.651839
vt 0.810393 0.378021
vt 0.810393 0.369905
vt 0.815417 0.378896
vt 0.440342 0.662738
vt 0.820834 0.379630
vt 0.822042 0.387823
vt 0.817207 0.387202
vt 0.445755 0.715703
vt 0.450429 0.716454
vt 0.450590 0.722076
vt 0.446474 0.722064
vt 0.812245 0.364107
vt 0.450997 0.726945
vt 0.447128 0.726876
vt 0.565607 0.968447
vt 0.569891 0.967805
vt 0.455527 0.718519
vt 0.455139 0.723230
vt 0.455093 0.726292
vt 0.992809 0.467246
vt 0.997593 0.467246
vt 0.996727 0.470110
vt 0.992383 0.470222
vt 0.224561 0.996650
vt 0.222247 0.996650
vt 0.221683 0.993266
vt 0.224668 0.993960
vt 0.409419 0.228705
vt 0.414776 0.229799
vt 0.408076 0.931932
vt 0.405019 0.931605
vt 0.429523 0.642142
vt 0.431217 0.645191
vt 0.450354 0.709665
vt 0.455527 0.711793
vt 0.431617 0.244879
vt 0.264212 0.201191
vt 0.269520 0.203124
vt 0.428288 0.250461
vt 0.416859 0.246231
vt 0.424982 0.255617
vt 0.414252 0.250651
vt 0.695333 0.989492
vt 0.690338 0.988336
vt 0.691081 0.981479
vt 0.695333 0.981278
vt 0.837030 0.783483
vt 0.832880 0.783974
vt 0.832249 0.773540
vt 0.836304 0.776265
vt 0.433932 0.261951
vt 0.438606 0.268248
vt 0.887935 0.981278
vt 0.887935 0.989245
vt 0.883951 0.988819
vt 0.883492 0.984171
vt 0.400663 0.931597
vt 0.799070 0.141375
vt 0.796217 0.151842
vt 0.793230 0.151211
vt 0.796004 0.142205
vt 0.928135 0.667473
vt 0.933600 0.665205
vt 0.827712 0.772499
vt 0.828317 0.784408
vt 0.823407 0.783966
vt 0.822076 0.772197
vt 0.831339 0.764425
vt 0.835667 0.767439
vt 0.949839 0.848300
vt 0.949839 0.841441
vt 0.694226 0.573245
vt 0.693925 0.566889
vt 0.701052 0.564297
vt 0.166896 0.685236
vt 0.172429 0.684316
vt 0.167347 0.676632
vt 0.174762 0.677177
vt 0.161088 0.688416
vt 0.160480 0.677944
vt 0.158380 0.691957
vt 0.155666 0.678197
vt 0.189137 0.014289
vt 0.197395 0.057869
vt 0.196060 0.066431
vt 0.196453 0.043504
vt 0.196060 0.033920
vt 0.693049 0.559474
vt 0.693049 0.547012
vt 0.699910 0.558503
vt 0.712151 0.555790
vt 0.714604 0.560605
vt 0.725047 0.547988
vt 0.934438 0.060491
vt 0.934236 0.045413
vt 0.941422 0.045413
vt 0.939689 0.060737
vt 0.130370 0.993266
vt 0.130370 0.996970
vt 0.126996 0.994840
vt 0.129314 0.994214
vt 0.825620 0.381035
vt 0.914849 0.065615
vt 0.909740 0.066431
vt 0.908065 0.056380
vt 0.914752 0.055137
vt 0.596032 0.861704
vt 0.601675 0.861421
vt 0.593834 0.853937
vt 0.591571 0.858794
vt 0.935519 0.420445
vt 0.935519 0.405974
vt 0.939212 0.406877
vt 0.939524 0.421362
vt 0.865714 0.299484
vt 0.867399 0.308136
vt 0.312770 0.977101
vt 0.308320 0.978055
vt 0.968413 0.019747
vt 0.968152 0.016478
vt 0.974664 0.016478
vt 0.973328 0.020267
vt 0.972015 0.023099
vt 0.966447 0.025757
vt 0.976869 0.021344
vt 0.978576 0.016792
vt 0.985251 0.238799
vt 0.981636 0.238673
vt 0.982414 0.232473
vt 0.985818 0.232485
vt 0.723746 0.890809
vt 0.724348 0.897767
vt 0.719901 0.898696
vt 0.720871 0.892196
vt 0.989082 0.232413
vt 0.989082 0.236172
vt 0.727172 0.888881
vt 0.731454 0.896931
vt 0.734537 0.901128
vt 0.727283 0.901563
vt 0.730848 0.885615
vt 0.734537 0.889739
vt 0.724384 0.884162
vt 0.728075 0.879026
vt 0.819412 0.299888
vt 0.815549 0.294542
vt 0.818597 0.279310
vt 0.827540 0.281941
vt 0.815549 0.270021
vt 0.819733 0.267968
vt 0.682534 0.632310
vt 0.685815 0.630455
vt 0.684778 0.621066
vt 0.688535 0.621330
vt 0.678057 0.631846
vt 0.682638 0.620431
vt 0.685275 0.606468
vt 0.690765 0.614203
vt 0.794695 0.989341
vt 0.793542 0.981278
vt 0.798266 0.981278
vt 0.292418 0.024674
vt 0.290125 0.019950
vt 0.102602 0.653408
vt 0.120297 0.639403
vt 0.123975 0.634931
vt 0.127316 0.628627
vt 0.131635 0.634629
vt 0.138136 0.627049
vt 0.137948 0.632379
vt 0.931864 0.487077
vt 0.926850 0.485708
vt 0.925483 0.480392
vt 0.931327 0.481389
vt 0.982722 0.573431
vt 0.981636 0.567768
vt 0.988417 0.567768
vt 0.987829 0.573403
vt 0.893971 0.055263
vt 0.890190 0.057558
vt 0.888053 0.052486
vt 0.891874 0.050206
vt 0.125200 0.619601
vt 0.137754 0.621036
vt 0.128276 0.609726
vt 0.138556 0.613914
vt 0.517949 0.638734
vt 0.518162 0.647530
vt 0.510914 0.650859
vt 0.511360 0.637755
vt 0.102641 0.988874
vt 0.095627 0.990117
vt 0.096549 0.982743
vt 0.102641 0.981278
vt 0.089077 0.585565
vt 0.097513 0.582789
vt 0.504614 0.658616
vt 0.504614 0.639781
vt 0.893971 0.070337
vt 0.892676 0.062748
vt 0.714676 0.890219
vt 0.709400 0.894644
vt 0.885250 0.059309
vt 0.883028 0.054315
vt 0.106193 0.122478
vt 0.090965 0.130704
vt 0.112371 0.146594
vt 0.118017 0.124982
vt 0.130555 0.143600
vt 0.143129 0.142303
vt 0.118497 0.108466
vt 0.114978 0.097976
vt 0.103599 0.097928
vt 0.110979 0.090298
vt 0.059379 0.193531
vt 0.449950 0.331564
vt 0.475161 0.328249
vt 0.459289 0.321330
vt 0.469947 0.320614
vt 0.467261 0.307143
vt 0.473005 0.305174
vt 0.478303 0.317899
vt 0.478083 0.327895
vt 0.467628 0.295649
vt 0.470006 0.290075
vt 0.449895 0.334764
vt 0.448127 0.332012
vt 0.449940 0.337122
vt 0.447231 0.337188
vt 0.446948 0.333730
vt 0.356652 0.993337
vt 0.356652 0.995956
vt 0.355322 0.993266
vt 0.355572 0.993870
vt 0.447150 0.337375
vt 0.455921 0.341750
vt 0.891237 0.208783
vt 0.885776 0.205306
vt 0.879964 0.200951
vt 0.883423 0.197384
vt 0.894222 0.963723
vt 0.893650 0.956793
vt 0.898465 0.956646
vt 0.899170 0.959586
vt 0.033172 0.171392
vt 0.037961 0.171661
vt 0.894894 0.949839
vt 0.899170 0.951277
vt 0.451196 0.343429
vt 0.450741 0.347193
vt 0.442442 0.340088
vt 0.396283 0.467165
vt 0.398441 0.474359
vt 0.394074 0.475268
vt 0.393106 0.469131
vt 0.436006 0.698665
vt 0.437589 0.691947
vt 0.644456 0.876889
vt 0.644419 0.869838
vt 0.650321 0.876467
vt 0.644478 0.863162
vt 0.648875 0.918420
vt 0.651877 0.923117
vt 0.648338 0.926238
vt 0.830009 0.795274
vt 0.822076 0.790824
vt 0.652922 0.908158
vt 0.652871 0.915978
vt 0.822146 0.394178
vt 0.817950 0.394790
vt 0.961947 0.529863
vt 0.962536 0.535261
vt 0.649359 0.858006
vt 0.644419 0.857369
vt 0.649217 0.851713
vt 0.352943 0.370283
vt 0.700096 0.343938
vt 0.704644 0.343220
vt 0.412493 0.693820
vt 0.414219 0.688569
vt 0.874780 0.540026
vt 0.871157 0.542507
vt 0.874991 0.533264
vt 0.874886 0.544913
vt 0.870773 0.548530
vt 0.988074 0.441865
vt 0.988865 0.442663
vt 0.985441 0.445024
vt 0.981636 0.441865
vt 0.983095 0.398007
vt 0.989043 0.398883
vt 0.986159 0.400422
vt 0.981636 0.400422
vt 0.978208 0.239034
vt 0.978369 0.241743
vt 0.970875 0.245914
vt 0.966447 0.239034
vt 0.666547 0.455188
vt 0.663734 0.449378
vt 0.668615 0.450564
vt 0.670004 0.455648
vt 0.196009 0.125006
vt 0.199488 0.122606
vt 0.126054 0.512953
vt 0.126092 0.517655
vt 0.120834 0.521323
vt 0.119895 0.512028
vt 0.194362 0.141583
vt 0.199438 0.145840
vt 0.196519 0.145953
vt 0.203086 0.146148
vt 0.502825 0.365335
vt 0.508362 0.365654
vt 0.510569 0.373916
vt 0.499295 0.366860
vt 0.210884 0.917900
vt 0.026372 0.941422
vt 0.021904 0.939203
vt 0.021904 0.926131
vt 0.028470 0.932398
vt 0.345144 0.981278
vt 0.350081 0.982657
vt 0.349837 0.989593
vt 0.345144 0.989918
vt 0.388956 0.988052
vt 0.384733 0.989870
vt 0.384285 0.981278
vt 0.389444 0.981278
vt 0.321714 0.968552
vt 0.328692 0.967805
vt 0.326980 0.970063
vt 0.327583 0.973700
vt 0.856010 0.905359
vt 0.855363 0.903358
vt 0.853424 0.900484
vt 0.855657 0.900755
vt 0.354931 0.926238
vt 0.341117 0.925195
vt 0.339029 0.908153
vt 0.354931 0.909554
vt 0.021832 0.429210
vt 0.024856 0.408722
vt 0.656288 0.282806
vt 0.648439 0.278940
vt 0.646823 0.263099
vt 0.656718 0.263099
vt 0.949839 0.021538
vt 0.951282 0.016695
vt 0.961960 0.016695
vt 0.963348 0.023442
vt 0.076672 0.888212
vt 0.074491 0.894640
vt 0.950687 0.515894
vt 0.949839 0.527071
vt 0.796231 0.117286
vt 0.799070 0.120337
vt 0.873169 0.968437
vt 0.874260 0.976525
vt 0.869731 0.977126
vt 0.869731 0.967805
vt 0.729576 0.629143
vt 0.743045 0.640773
vt 0.247723 0.705609
vt 0.239629 0.706066
vt 0.232892 0.694708
vt 0.147230 0.978153
vt 0.142222 0.969247
vt 0.141948 0.967805
vt 0.147230 0.968518
vt 0.868903 0.520060
vt 0.859445 0.517133
vt 0.859445 0.493637
vt 0.871195 0.512385
vt 0.756617 0.660000
vt 0.759211 0.670004
vt 0.755320 0.651519
vt 0.043711 0.517935
vt 0.049254 0.520695
vt 0.671825 0.491142
vt 0.667372 0.497642
vt 0.660519 0.506176
vt 0.651344 0.500351
vt 0.051247 0.534654
vt 0.045842 0.546817
vt 0.668507 0.510544
vt 0.661035 0.520366
vt 0.652334 0.514331
vt 0.660860 0.530876
vt 0.654268 0.527269
vt 0.645529 0.520660
vt 0.041182 0.556506
vt 0.031153 0.552791
vt 0.647985 0.531994
vt 0.640313 0.524537
vt 0.037333 0.562975
vt 0.045028 0.567325
vt 0.041240 0.572784
vt 0.033120 0.568665
vt 0.037301 0.579024
vt 0.031105 0.575849
vt 0.728843 0.312917
vt 0.722539 0.314790
vt 0.721362 0.306653
vt 0.726957 0.303179
vt 0.715392 0.316258
vt 0.715382 0.308735
vt 0.622182 0.317951
vt 0.616339 0.316985
vt 0.723693 0.322980
vt 0.626349 0.328545
vt 0.622082 0.335951
vt 0.047440 0.575202
vt 0.042678 0.580796
vt 0.051247 0.569572
vt 0.019764 0.553408
vt 0.957339 0.195137
vt 0.960267 0.197810
vt 0.956837 0.202877
vt 0.949839 0.202800
vt 0.963199 0.200432
vt 0.963232 0.202877
vt 0.343135 0.967805
vt 0.343135 0.978015
vt 0.339283 0.977717
vt 0.338482 0.968734
vt 0.665907 0.533614
vt 0.809045 0.277259
vt 0.810458 0.285939
vt 0.805165 0.281410
vt 0.975915 0.793877
vt 0.977283 0.798022
vt 0.970628 0.799566
vt 0.966447 0.793877
vt 0.675104 0.485561
vt 0.014820 0.545645
vt 0.830356 0.251733
vt 0.834927 0.246316
vt 0.840214 0.256689
vt 0.892835 0.885835
vt 0.899499 0.887875
vt 0.898152 0.896928
vt 0.894053 0.897440
vt 0.897339 0.902239
vt 0.894039 0.902132
vt 0.895825 0.907257
vt 0.892835 0.905939
vt 0.901587 0.904045
vt 0.903461 0.898349
vt 0.891179 0.114356
vt 0.897347 0.115780
vt 0.870558 0.087309
vt 0.864759 0.086875
vt 0.864941 0.077979
vt 0.870174 0.077419
vt 0.760884 0.247670
vt 0.755482 0.252438
vt 0.697262 0.324994
vt 0.639390 0.976631
vt 0.639238 0.968430
vt 0.641231 0.967805
vt 0.641231 0.977611
vt 0.693385 0.314474
vt 0.695177 0.304259
vt 0.897767 0.323894
vt 0.895866 0.334053
vt 0.891942 0.333200
vt 0.894196 0.324328
vt 0.891942 0.313479
vt 0.897451 0.311451
vt 0.889007 0.144250
vt 0.884924 0.132031
vt 0.887681 0.131416
vt 0.890175 0.142197
vt 0.962798 0.581860
vt 0.961872 0.587289
vt 0.949839 0.587913
vt 0.950489 0.581860
vt 0.886084 0.120215
vt 0.890175 0.121122
vt 0.309329 0.964543
vt 0.304324 0.963612
vt 0.304281 0.955541
vt 0.309329 0.956720
vt 0.754589 0.861705
vt 0.746866 0.860510
vt 0.749044 0.855223
vt 0.756334 0.855193
vt 0.764209 0.853859
vt 0.764905 0.859534
vt 0.751055 0.848849
vt 0.757767 0.848577
vt 0.764696 0.847660
vt 0.758511 0.842266
vt 0.764905 0.842525
vt 0.743585 0.853584
vt 0.744948 0.848506
vt 0.740903 0.852149
vt 0.740111 0.848110
vt 0.742418 0.841297
vt 0.592878 0.900632
vt 0.594083 0.907660
vt 0.589438 0.908941
vt 0.589438 0.902028
vt 0.741394 0.835698
vt 0.156783 0.882779
vt 0.158759 0.876734
vt 0.165149 0.877081
vt 0.857936 0.558543
vt 0.857440 0.566521
vt 0.850044 0.564924
vt 0.850251 0.557324
vt 0.858054 0.552243
vt 0.864930 0.553194
vt 0.864962 0.559760
vt 0.864514 0.567967
vt 0.870776 0.554162
vt 0.871195 0.560778
vt 0.871195 0.569197
vt 0.203089 0.846263
vt 0.199118 0.839910
vt 0.862238 0.578898
vt 0.855452 0.576883
vt 0.593593 0.911659
vt 0.591190 0.914849
vt 0.743471 0.856652
vt 0.305555 0.949839
vt 0.308317 0.953220
vt 0.899496 0.070227
vt 0.898740 0.061290
vt 0.903245 0.060745
vt 0.903461 0.069739
vt 0.898813 0.049006
vt 0.903461 0.049340
vt 0.174904 0.839892
vt 0.177836 0.829157
vt 0.226835 0.308696
vt 0.229661 0.312110
vt 0.810659 0.963632
vt 0.807632 0.963880
vt 0.807632 0.949839
vt 0.812749 0.950788
vt 0.977553 0.656862
vt 0.966447 0.656862
vt 0.966665 0.654899
vt 0.977656 0.653208
vt 0.949839 0.376589
vt 0.950625 0.373229
vt 0.962125 0.374476
vt 0.963199 0.376589
vt 0.703587 0.334299
vt 0.743053 0.224305
vt 0.742965 0.220236
vt 0.927470 0.403644
vt 0.928136 0.417916
vt 0.922407 0.419464
vt 0.922407 0.401663
vt 0.424067 0.958459
vt 0.422227 0.964385
vt 0.900696 0.800582
vt 0.884241 0.362443
vt 0.878613 0.362902
vt 0.872677 0.365403
vt 0.154393 0.899665
vt 0.153402 0.896946
vt 0.523448 0.934009
vt 0.521374 0.932040
vt 0.996634 0.931594
vt 0.995096 0.932881
vt 0.992383 0.934218
vt 0.992383 0.930297
vt 0.719891 0.922003
vt 0.726945 0.925875
vt 0.757504 0.637488
vt 0.755720 0.645291
vt 0.751270 0.633580
vt 0.750628 0.628185
vt 0.759211 0.630477
vt 0.750669 0.183251
vt 0.748284 0.189507
vt 0.310690 0.594083
vt 0.310690 0.577081
vt 0.320927 0.565395
vt 0.322665 0.583321
vt 0.193595 0.940565
vt 0.194996 0.932885
vt 0.200889 0.931826
vt 0.200597 0.942630
vt 0.205529 0.931826
vt 0.205047 0.941503
vt 0.207181 0.943568
vt 0.202686 0.947116
vt 0.819791 0.483773
vt 0.819948 0.486132
vt 0.815861 0.486323
vt 0.208783 0.940925
vt 0.208405 0.931880
vt 0.894030 0.002041
vt 0.899827 0.001519
vt 0.746500 0.630432
vt 0.086330 0.974391
vt 0.089669 0.967805
vt 0.089669 0.977888
vt 0.088229 0.977688
vt 0.470711 0.791909
vt 0.216415 0.582002
vt 0.222069 0.593888
vt 0.066287 0.034573
vt 0.116176 0.080700
vt 0.092285 0.217903
vt 0.094603 0.205663
vt 0.105319 0.208212
vt 0.090078 0.229172
vt 0.720564 0.566513
vt 0.472405 0.742011
vt 0.487572 0.744284
vt 0.119999 0.214107
vt 0.462673 0.742011
vt 0.716713 0.241910
vt 0.725047 0.248907
vt 0.380653 0.345485
vt 0.375812 0.335147
vt 0.950149 0.060315
vt 0.949839 0.056657
vt 0.387226 0.317045
vt 0.404866 0.335700
vt 0.407320 0.307593
vt 0.415763 0.327281
vt 0.418315 0.309542
vt 0.422651 0.323132
vt 0.428990 0.310134
vt 0.429339 0.320329
vt 0.441966 0.312561
vt 0.437209 0.322703
vt 0.433872 0.291465
vt 0.449819 0.294483
vt 0.119576 0.874991
vt 0.115819 0.849938
vt 0.974831 0.764960
vt 0.966447 0.764960
vt 0.967514 0.756763
vt 0.975321 0.755727
vt 0.616468 0.957055
vt 0.616131 0.950117
vt 0.625875 0.949839
vt 0.625875 0.963933
vt 0.422778 0.297826
vt 0.407513 0.302964
vt 0.377725 0.327758
vt 0.379895 0.314774
vt 0.372653 0.322591
vt 0.373279 0.316366
vt 0.704504 0.964180
vt 0.704504 0.949839
vt 0.706476 0.950156
vt 0.784678 0.613141
vt 0.784678 0.597900
vt 0.089594 0.239270
vt 0.728579 0.550278
vt 0.740231 0.547131
vt 0.720611 0.839303
vt 0.376488 0.314973
vt 0.385303 0.479999
vt 0.377023 0.469702
vt 0.917709 0.483014
vt 0.921053 0.484106
vt 0.918364 0.476769
vt 0.922441 0.475493
vt 0.683165 0.321684
vt 0.363980 0.502310
vt 0.371903 0.513117
vt 0.377719 0.527690
vt 0.007260 0.132405
vt 0.003765 0.140454
vt 0.002922 0.138969
vt 0.006477 0.130544
vt 0.002922 0.118454
vt 0.007592 0.118780
vt 0.710335 0.448971
vt 0.702650 0.444420
vt 0.907257 0.308278
vt 0.905316 0.309379
vt 0.905316 0.288796
vt 0.905470 0.295249
vt 0.147657 0.643212
vt 0.150087 0.643727
vt 0.694388 0.445233
vt 0.694437 0.438937
vt 0.673159 0.305146
vt 0.678606 0.299959
vt 0.694966 0.431691
vt 0.492016 0.184021
vt 0.485934 0.171558
vt 0.419464 0.523444
vt 0.406787 0.525548
vt 0.502212 0.191508
vt 0.188410 0.129047
vt 0.180183 0.133020
vt 0.510144 0.200419
vt 0.582688 0.928136
vt 0.582354 0.910259
vt 0.588389 0.916142
vt 0.582354 0.926650
vt 0.542533 0.868736
vt 0.613034 0.971372
vt 0.613981 0.977318
vt 0.605177 0.977318
vt 0.607616 0.972337
vt 0.606819 0.967805
vt 0.612715 0.969385
vt 0.783189 0.989205
vt 0.783189 0.981278
vt 0.789107 0.981839
vt 0.790819 0.988345
vt 0.998392 0.027150
vt 0.992383 0.026901
vt 0.992846 0.023283
vt 0.998392 0.022446
vt 0.535985 0.659908
vt 0.531640 0.660514
vt 0.463245 0.207500
vt 0.473979 0.223576
vt 0.992616 0.103292
vt 0.998185 0.103292
vt 0.994636 0.107457
vt 0.992383 0.107156
vt 0.388917 0.607239
vt 0.391742 0.623337
vt 0.978617 0.976922
vt 0.975830 0.975151
vt 0.974174 0.972838
vt 0.978617 0.967805
vt 0.962555 0.499359
vt 0.949839 0.497995
vt 0.949839 0.487322
vt 0.953995 0.487026
vt 0.831561 0.581070
vt 0.825937 0.582694
vt 0.034264 0.680566
vt 0.026892 0.677211
vt 0.019461 0.675457
vt 0.034859 0.689210
vt 0.024928 0.688924
vt 0.037899 0.676060
vt 0.044892 0.678270
vt 0.041135 0.672046
vt 0.046758 0.673424
vt 0.051247 0.685096
vt 0.038619 0.692331
vt 0.050554 0.694678
vt 0.039284 0.692883
vt 0.055043 0.307752
vt 0.050336 0.316299
vt 0.044240 0.310459
vt 0.052284 0.307364
vt 0.995576 0.096444
vt 0.992383 0.096408
vt 0.993080 0.093008
vt 0.998236 0.093008
vt 0.055043 0.322552
vt 0.050540 0.322665
vt 0.198397 0.972499
vt 0.200080 0.967805
vt 0.202503 0.973360
vt 0.198254 0.974862
vt 0.204519 0.978072
vt 0.197992 0.978072
vt 0.904518 0.974639
vt 0.903952 0.968894
vt 0.908410 0.967805
vt 0.908410 0.977049
vt 0.731050 0.824450
vt 0.718443 0.827540
vt 0.187724 0.294904
vt 0.190224 0.294770
vt 0.113919 0.287284
vt 0.962411 0.905176
vt 0.959707 0.907465
vt 0.949839 0.907465
vt 0.959343 0.904747
vt 0.914849 0.072205
vt 0.912804 0.089207
vt 0.910852 0.086443
vt 0.910852 0.070082
vt 0.220715 0.425352
vt 0.222383 0.428195
vt 0.071951 0.933626
vt 0.069730 0.929669
vt 0.067790 0.921487
vt 0.073236 0.923479
vt 0.064286 0.931326
vt 0.068762 0.935735
vt 0.729258 0.832622
vt 0.738333 0.828178
vt 0.272175 0.964221
vt 0.272175 0.949839
vt 0.284120 0.953791
vt 0.281599 0.964160
vt 0.721473 0.829886
vt 0.219264 0.958609
vt 0.221136 0.949839
vt 0.221136 0.964800
vt 0.219525 0.960348
vt 0.920543 0.653634
vt 0.920543 0.670485
vt 0.913392 0.671902
vt 0.914542 0.661400
vt 0.651414 0.582262
vt 0.656718 0.570718
vt 0.652844 0.579019
vt 0.656718 0.588389
vt 0.039251 0.234621
vt 0.996591 0.940074
vt 0.995022 0.942592
vt 0.993521 0.944177
vt 0.992383 0.940074
vt 0.878865 0.002261
vt 0.885763 0.004148
vt 0.417929 0.967805
vt 0.418968 0.972813
vt 0.418244 0.978044
vt 0.417929 0.974889
vt 0.043880 0.186676
vt 0.453944 0.352858
vt 0.923287 0.546188
vt 0.921371 0.555945
vt 0.924339 0.563714
vt 0.921145 0.563714
vt 0.398259 0.993266
vt 0.397803 0.995450
vt 0.396368 0.993266
vt 0.261711 0.696576
vt 0.261711 0.681311
vt 0.267622 0.687093
vt 0.265461 0.690970
vt 0.351106 0.970586
vt 0.351442 0.967805
vt 0.952628 0.280945
vt 0.949839 0.284118
vt 0.462830 0.993266
vt 0.463193 0.995016
vt 0.388327 0.995580
vt 0.388163 0.994683
vt 0.888994 0.025957
vt 0.882131 0.026572
vt 0.933830 0.156541
vt 0.924848 0.154026
vt 0.202917 0.981278
vt 0.203225 0.987520
vt 0.202917 0.990337
vt 0.202967 0.986367
vt 0.962971 0.505287
vt 0.957098 0.505918
vt 0.949839 0.502082
vt 0.958094 0.502082
vt 0.831841 0.615469
vt 0.837718 0.618757
vt 0.726921 0.692054
vt 0.102602 0.589432
vt 0.838141 0.034121
vt 0.838928 0.025441
vt 0.688733 0.229019
vt 0.925546 0.293563
vt 0.926883 0.303684
vt 0.572051 0.708616
vt 0.962935 0.508641
vt 0.954648 0.513170
vt 0.949839 0.508641
vt 0.138211 0.964826
vt 0.133810 0.957353
vt 0.138211 0.949839
vt 0.135693 0.316221
vt 0.087625 0.282671
vt 0.506773 0.607369
vt 0.888277 0.734537
vt 0.885292 0.725469
vt 0.883647 0.723236
vt 0.888277 0.711306
vt 0.242729 0.981278
vt 0.249476 0.986355
vt 0.242729 0.989958
vt 0.553821 0.695041
vt 0.552820 0.698475
vt 0.890927 0.952375
vt 0.886160 0.963773
vt 0.886160 0.949839
vt 0.856010 0.884337
vt 0.463853 0.435249
vt 0.474507 0.437543
vt 0.007592 0.164076
vt 0.002859 0.170823
vt 0.002859 0.162279
vt 0.003354 0.152128
vt 0.707605 0.840826
vt 0.533442 0.332946
vt 0.483213 0.967945
vt 0.491415 0.967805
vt 0.487729 0.974543
vt 0.491415 0.977579
vt 0.966447 0.141594
vt 0.966837 0.135787
vt 0.917620 0.967805
vt 0.918305 0.972476
vt 0.917620 0.977236
vt 0.802255 0.366467
vt 0.806134 0.376160
vt 0.806662 0.388664
vt 0.802255 0.400484
vt 0.972226 0.814189
vt 0.977260 0.820204
vt 0.966447 0.820204
vt 0.563050 0.939524
vt 0.558140 0.938985
vt 0.835132 0.345441
vt 0.830223 0.330542
vt 0.835132 0.318909
vt 0.989308 0.009278
vt 0.982441 0.016767
vt 0.981636 0.009278
vt 0.963174 0.221941
vt 0.949839 0.221941
vt 0.988060 0.889360
vt 0.413596 0.271418
vt 0.888318 0.896349
vt 0.890175 0.903990
vt 0.888318 0.914849
vt 0.997354 0.595967
vt 0.992384 0.599089
vt 0.992384 0.595343
vt 0.088342 0.978367
vt 0.575506 0.003211
vt 0.981636 0.373376
vt 0.989182 0.373376
vt 0.981678 0.374169
vt 0.992383 0.927574
vt 0.995036 0.926907
vt 0.996802 0.927574
vt 0.809555 0.291720
vt 0.015548 0.547906
vt 0.458366 0.981278
vt 0.408076 0.914937
vt 0.917046 0.836415
vt 0.924339 0.834386
vt 0.332361 0.713658
vt 0.998639 0.002505
vt 0.561641 0.405254
vt 0.548291 0.409974
vt 0.726017 0.784647
vt 0.724943 0.776446
vt 0.626864 0.789850
vt 0.892008 0.148303
vt 0.899665 0.152414
vt 0.899235 0.162267
vt 0.892008 0.170822
vt 0.413770 0.662412
vt 0.406248 0.650588
vt 0.408971 0.645435
vt 0.413770 0.647106
vt 0.385300 0.307077
vt 0.384621 0.311277
vt 0.751302 0.043996
vt 0.848065 0.524975
vt 0.033345 0.990543
vt 0.033345 0.981278
vt 0.034066 0.988318
vt 0.978435 0.199528
vt 0.973127 0.205352
vt 0.966447 0.205800
vt 0.968052 0.199528
vt 0.983242 0.382586
vt 0.981636 0.380624
vt 0.986354 0.380505
vt 0.989113 0.382586
vt 0.968981 0.893248
vt 0.966447 0.890549
vt 0.967400 0.888913
vt 0.977211 0.888913
vt 0.978596 0.275800
vt 0.972785 0.276673
vt 0.968089 0.276095
vt 0.966447 0.275800
vt 0.891946 0.482581
vt 0.881013 0.485895
vt 0.084210 0.981278
vt 0.092904 0.981278
vt 0.088397 0.986571
vt 0.088056 0.990053
vt 0.219265 0.689164
vt 0.965470 0.989291
vt 0.963705 0.982477
vt 0.965470 0.981278
vt 0.933830 0.594970
vt 0.967342 0.613473
vt 0.978038 0.444311
vt 0.811762 0.333530
vt 0.977386 0.903198
vt 0.966447 0.903198
vt 0.977136 0.903015
vt 0.341117 0.932005
vt 0.353860 0.932457
vt 0.780379 0.502977
vt 0.894826 0.440342
vt 0.338775 0.834567
vt 0.341645 0.834379
vt 0.888277 0.332155
vt 0.886194 0.327798
vt 0.888277 0.308555
vt 0.296409 0.978171
vt 0.294059 0.973247
vt 0.296409 0.967805
vt 0.716494 0.243456
vt 0.695497 0.239090
vt 0.977888 0.625690
vt 0.972926 0.626251
vt 0.966447 0.625690
vt 0.922152 0.567750
vt 0.924339 0.572744
vt 0.922152 0.584593
vt 0.781031 0.381661
vt 0.789580 0.393295
vt 0.788232 0.405334
vt 0.781031 0.417566
vt 0.977167 0.759259
vt 0.874991 0.053927
vt 0.871337 0.056941
vt 0.871337 0.031608
vt 0.318638 0.645007
vt 0.471784 0.736435
vt 0.851526 0.861604
vt 0.856010 0.875516
vt 0.851526 0.886379
vt 0.822017 0.578785
vt 0.473494 0.691465
vt 0.471784 0.691751
vt 0.963196 0.325032
vt 0.960199 0.330247
vt 0.953775 0.329001
vt 0.949839 0.325032
vt 0.514548 0.875370
vt 0.518162 0.895724
vt 0.514548 0.897767
vt 0.842724 0.229661
vt 0.514470 0.967805
vt 0.515405 0.972206
vt 0.514470 0.977908
vt 0.303177 0.423807
vt 0.212939 0.685121
vt 0.221887 0.671642
vt 0.227763 0.668937
vt 0.227763 0.687086
vt 0.873093 0.144250
vt 0.588093 0.967805
vt 0.602839 0.312594
vt 0.613954 0.313175
vt 0.055664 0.688154
vt 0.849563 0.218273
vt 0.977226 0.858187
vt 0.966447 0.858187
vt 0.970353 0.853109
vt 0.722539 0.736435
vt 0.764008 0.656767
vt 0.338735 0.752403
vt 0.978649 0.039961
vt 0.966447 0.039961
vt 0.970305 0.035518
vt 0.975764 0.033465
vt 0.925203 0.442240
vt 0.923688 0.433738
vt 0.735780 0.056751
vt 0.532196 0.698474
vt 0.523759 0.697370
vt 0.844095 0.189803
vt 0.841254 0.184627
vt 0.966447 0.314909
vt 0.970440 0.312349
vt 0.978388 0.314909
vt 0.254336 0.197308
vt 0.254336 0.206885
vt 0.867008 0.977284
vt 0.865528 0.972582
vt 0.867008 0.967805
vt 0.988618 0.596149
vt 0.962341 0.928313
vt 0.956898 0.931358
vt 0.949839 0.928313
vt 0.552248 0.035196
vt 0.554191 0.040801
vt 0.554224 0.048491
vt 0.552248 0.055043
vt 0.430893 0.981278
vt 0.431574 0.985919
vt 0.430893 0.990035
vt 0.708728 0.988834
vt 0.774608 0.239151
vt 0.966447 0.455530
vt 0.968593 0.451367
vt 0.430852 0.227763
vt 0.738803 0.709862
vt 0.043071 0.997349
vt 0.041657 0.995803
vt 0.043071 0.993266
vt 0.859444 0.736435
vt 0.988406 0.769417
vt 0.985111 0.770135
vt 0.981636 0.769417
vt 0.886581 0.033360
vt 0.899665 0.022793
vt 0.825058 0.588194
vt 0.923987 0.859746
vt 0.926238 0.872257
vt 0.923987 0.876889
vt 0.568614 0.850022
vt 0.856185 0.356829
vt 0.776400 0.736435
vt 0.023318 0.964858
vt 0.937626 0.103133
vt 0.209595 0.995965
vt 0.209695 0.993266
vt 0.209695 0.996834
vt 0.792795 0.493487
vt 0.793375 0.490677
vt 0.790522 0.469898
vt 0.793375 0.458284
vt 0.436149 0.827891
vt 0.440652 0.841040
vt 0.444138 0.852084
vt 0.436149 0.856010
vt 0.926238 0.096799
vt 0.923292 0.088386
vt 0.926238 0.079374
vt 0.784528 0.963591
vt 0.845117 0.935728
vt 0.842991 0.925434
vt 0.848418 0.920028
vt 0.848418 0.934443
vt 0.345441 0.367894
vt 0.971844 0.299759
vt 0.978372 0.303205
vt 0.966447 0.303205
vt 0.801122 0.964055
vt 0.798835 0.952646
vt 0.801122 0.949839
vt 0.926811 0.541440
vt 0.927488 0.546511
vt 0.928136 0.552641
vt 0.926811 0.558020
vt 0.899843 0.967805
vt 0.901229 0.971341
vt 0.899843 0.977204
vt 0.462847 0.870476
vt 0.468813 0.877968
vt 0.005694 0.446036
vt 0.003246 0.437957
vt 0.005694 0.429921
vt 0.938543 0.949839
vt 0.158403 0.863085
vt 0.160619 0.967805
vt 0.977748 0.674498
vt 0.972449 0.675517
vt 0.966447 0.674498
vt 0.992383 0.208390
vt 0.995342 0.207512
vt 0.998139 0.208390
vt 0.526041 0.134962
vt 0.869297 0.356829
vt 0.869083 0.346917
vt 0.868093 0.339276
vt 0.869297 0.330738
vt 0.693088 0.299809
vt 0.341645 0.523856
vt 0.011471 0.640912
vt 0.013286 0.642793
vt 0.011471 0.658616
vt 0.996684 0.987090
vt 0.992665 0.987280
vt 0.992383 0.987090
vt 0.242948 0.914849
vt 0.240808 0.904582
vt 0.242948 0.895755
vt 0.966447 0.513122
vt 0.969467 0.510082
vt 0.977936 0.513122
vt 0.067398 0.964875
vt 0.901911 0.198824
vt 0.903461 0.211395
vt 0.901911 0.220171
vt 0.127168 0.525754
vt 0.127168 0.510253
vt 0.216375 0.802866
vt 0.213433 0.790091
vt 0.216375 0.778139
vt 0.962978 0.624055
vt 0.954658 0.625075
vt 0.949839 0.624055
vt 0.798483 0.582694
vt 0.927697 0.719497
vt 0.430852 0.347339
vt 0.427773 0.338590
vt 0.430852 0.325933
vt 0.246560 0.343085
vt 0.250540 0.349921
vt 0.246560 0.358727
vt 0.538164 0.977804
vt 0.535782 0.972568
vt 0.536057 0.967805
vt 0.538164 0.967985
vt 0.966447 0.471928
vt 0.975504 0.471355
vt 0.978165 0.471928
vt 0.076001 0.780089
vt 0.002925 0.818379
vt 0.003796 0.826690
vt 0.002925 0.844622
vt 0.912951 0.573615
vt 0.909794 0.582694
vt 0.909795 0.562409
vt 0.723563 0.144250
vt 0.351443 0.407721
vt 0.354931 0.407772
vt 0.992383 0.143285
vt 0.996041 0.142146
vt 0.998267 0.143285
vt 0.741388 0.967805
vt 0.992383 0.733019
vt 0.995990 0.732591
vt 0.997245 0.733019
vt 0.860854 0.967805
vt 0.862805 0.972551
vt 0.860854 0.977267
vt 0.195269 0.978172
vt 0.190746 0.971942
vt 0.195269 0.967805
vt 0.988435 0.681421
vt 0.986641 0.683513
vt 0.981636 0.681421
vt 0.128131 0.981278
vt 0.922333 0.605389
vt 0.157284 0.982022
vt 0.155877 0.990354
vt 0.155877 0.981278
vt 0.273529 0.625629
vt 0.287662 0.622077
vt 0.996706 0.522976
vt 0.997654 0.523605
vt 0.992383 0.523605
vt 0.987738 0.984199
vt 0.987738 0.988593
vt 0.981636 0.987562
vt 0.989458 0.168353
vt 0.985468 0.168814
vt 0.981636 0.168353
vt 0.988380 0.764935
vt 0.915767 0.727693
vt 0.918645 0.733690
vt 0.918038 0.738007
vt 0.915767 0.745925
vt 0.929987 0.629819
vt 0.935728 0.637006
vt 0.929987 0.645329
vt 0.888277 0.174619
vt 0.886459 0.162709
vt 0.888277 0.150811
vt 0.001612 0.783185
vt 0.017082 0.793732
vt 0.013636 0.809652
vt 0.001612 0.816152
vt 0.814254 0.250540
vt 0.812959 0.234000
vt 0.814254 0.223359
vt 0.363912 0.967805
vt 0.366068 0.973633
vt 0.363912 0.978119
vt 0.622553 0.211527
vt 0.622407 0.215277
vt 0.744111 0.967805
vt 0.745297 0.972109
vt 0.744111 0.977458
vt 0.998615 0.029873
vt 0.995918 0.030038
vt 0.992383 0.029873
vt 0.860088 0.870590
vt 0.094901 0.890175
vt 0.093925 0.882441
vt 0.094901 0.873137
vt 0.499092 0.949839
vt 0.503148 0.959511
vt 0.499092 0.964392
vt 0.054404 0.925004
vt 0.884200 0.967805
vt 0.884896 0.973350
vt 0.884200 0.977265
vt 0.326461 0.871886
vt 0.402214 0.989879
vt 0.397383 0.989879
vt 0.398811 0.981278
vt 0.052058 0.967805
vt 0.053250 0.973477
vt 0.052058 0.978500
vt 0.042481 0.977388
vt 0.289116 0.967805
vt 0.291336 0.972112
vt 0.289116 0.978186
vt 0.997756 0.361029
vt 0.992383 0.362894
vt 0.992383 0.357979
vt 0.378359 0.981278
vt 0.381562 0.985299
vt 0.378359 0.989983
vt 0.381504 0.937626
vt 0.977794 0.551298
vt 0.997180 0.782728
vt 0.993549 0.782931
vt 0.992383 0.782728
vt 0.966447 0.253729
vt 0.970391 0.248637
vt 0.978455 0.253729
vt 0.453631 0.977582
vt 0.669855 0.949839
vt 0.672539 0.956962
vt 0.669855 0.964196
vt 0.978639 0.256452
vt 0.971859 0.257530
vt 0.966447 0.256452
vt 0.974307 0.596007
vt 0.977756 0.600546
vt 0.966447 0.600546
vt 0.968193 0.981278
vt 0.970028 0.981278
vt 0.969120 0.989277
vt 0.911404 0.767213
vt 0.916747 0.780520
vt 0.911404 0.785783
vt 0.962552 0.729233
vt 0.952921 0.733583
vt 0.949839 0.729233
vt 0.949839 0.205600
vt 0.009170 0.987900
vt 0.626251 0.586176
vt 0.998485 0.074469
vt 0.995578 0.074629
vt 0.992384 0.074469
vt 0.345047 0.817870
vt 0.345441 0.833787
vt 0.345047 0.842724
vt 0.570106 0.993266
vt 0.570220 0.993717
vt 0.570106 0.994213
vt 0.266753 0.993266
vt 0.267566 0.994051
vt 0.266753 0.996566
vt 0.989421 0.184049
vt 0.983451 0.184929
vt 0.981636 0.184049
vt 0.601874 0.985424
vt 0.600316 0.989788
vt 0.600686 0.987703
vt 0.600316 0.981278
vt 0.647227 0.649125
vt 0.636240 0.636193
vt 0.647227 0.602993
vt 0.856010 0.058839
vt 0.852953 0.041371
vt 0.856010 0.031035
vt 0.151842 0.383402
vt 0.313088 0.395025
vt 0.309968 0.415063
vt 0.316971 0.437219
vt 0.309968 0.455527
vt 0.846520 0.343543
vt 0.842365 0.326631
vt 0.846520 0.315387
vt 0.632421 0.986075
vt 0.634967 0.981278
vt 0.634967 0.989684
vt 0.274646 0.466560
vt 0.280908 0.470362
vt 0.274646 0.482099
vt 0.819948 0.573170
vt 0.413194 0.916747
vt 0.335805 0.990153
vt 0.335084 0.985594
vt 0.335805 0.981278
vt 0.513919 0.981278
vt 0.515570 0.984506
vt 0.513919 0.989870
vt 0.399810 0.343014
vt 0.402382 0.348656
vt 0.399810 0.358727
vt 0.949839 0.224665
vt 0.981636 0.465002
vt 0.988681 0.465002
vt 0.986537 0.470340
vt 0.998472 0.057142
vt 0.994643 0.058191
vt 0.992383 0.057142
vt 0.981636 0.349647
vt 0.985479 0.344867
vt 0.989028 0.349647
vt 0.825642 0.649125
vt 0.819142 0.633211
vt 0.825642 0.617425
vt 0.229661 0.562120
vt 0.227087 0.565612
vt 0.226429 0.555553
vt 0.229661 0.545607
vt 0.880124 0.713578
vt 0.032268 0.997429
vt 0.031046 0.995272
vt 0.032268 0.993266
vt 0.899589 0.989384
vt 0.898555 0.985064
vt 0.899589 0.981278
vt 0.981845 0.671975
vt 0.981636 0.670262
vt 0.988389 0.670262
vt 0.986211 0.673689
vt 0.992383 0.419444
vt 0.996979 0.418175
vt 0.997786 0.419444
vt 0.738880 0.989642
vt 0.738389 0.986214
vt 0.738880 0.981278
vt 0.963043 0.590636
vt 0.955264 0.591618
vt 0.949839 0.590636
vt 0.966447 0.773154
vt 0.972719 0.772504
vt 0.977558 0.773154
vt 0.607028 0.964088
vt 0.981636 0.433708
vt 0.985237 0.432856
vt 0.988990 0.433708
vt 0.988455 0.733356
vt 0.985386 0.734445
vt 0.981636 0.733356
vt 0.084550 0.118128
vt 0.084641 0.124602
vt 0.089207 0.139795
vt 0.084550 0.155638
vt 0.835164 0.816152
vt 0.722755 0.410405
vt 0.695496 0.518162
vt 0.691688 0.516139
vt 0.988813 0.494110
vt 0.984950 0.495446
vt 0.981636 0.494110
vt 0.977435 0.869132
vt 0.970679 0.869994
vt 0.966447 0.869132
vt 0.677596 0.318286
vt 0.666674 0.328359
vt 0.666674 0.309440
vt 0.672303 0.310356
vt 0.863603 0.867399
vt 0.861698 0.850772
vt 0.863603 0.840565
vt 0.048493 0.914603
vt 0.051247 0.911087
vt 0.050835 0.920223
vt 0.051247 0.928135
vt 0.989459 0.181195
vt 0.985717 0.181326
vt 0.981636 0.181195
vt 0.161332 0.900811
vt 0.966731 0.967805
vt 0.998231 0.146008
vt 0.996361 0.147282
vt 0.992384 0.146008
vt 0.992383 0.375619
vt 0.994479 0.375022
vt 0.997909 0.375619
vt 0.997212 0.754850
vt 0.995135 0.755293
vt 0.992383 0.754850
vt 0.962271 0.963912
vt 0.957316 0.964078
vt 0.949839 0.963912
vt 0.774311 0.989603
vt 0.774167 0.984467
vt 0.774311 0.981278
vt 0.992383 0.960295
vt 0.994574 0.960295
vt 0.996764 0.960295
vt 0.299132 0.967805
vt 0.305597 0.967805
vt 0.300618 0.977961
vt 0.606538 0.993266
vt 0.966447 0.416932
vt 0.971048 0.415186
vt 0.978251 0.416932
vt 0.209623 0.967805
vt 0.996562 0.990274
vt 0.376285 0.491937
vt 0.996592 0.746087
vt 0.997169 0.747600
vt 0.992383 0.747600
vt 0.992383 0.367207
vt 0.993059 0.365617
vt 0.997886 0.367207
vt 0.893971 0.878787
vt 0.892820 0.868897
vt 0.893971 0.856882
vt 0.096799 0.928076
vt 0.096799 0.943320
vt 0.083660 0.939959
vt 0.870455 0.879871
vt 0.873093 0.894108
vt 0.870455 0.901563
vt 0.562877 0.049349
vt 0.916747 0.694678
vt 0.915198 0.685259
vt 0.916747 0.676292
vt 0.923586 0.949839
vt 0.924494 0.957299
vt 0.923586 0.963918
vt 0.804909 0.964093
vt 0.803845 0.956269
vt 0.804909 0.949839
vt 0.428170 0.989984
vt 0.426395 0.986281
vt 0.428170 0.981278
vt 0.966447 0.937039
vt 0.971990 0.935968
vt 0.977245 0.937039
vt 0.928455 0.023130
vt 0.931932 0.028480
vt 0.931056 0.032792
vt 0.928455 0.039859
vt 0.949839 0.889915
vt 0.952768 0.887271
vt 0.962436 0.889915
vt 0.236719 0.967805
vt 0.949839 0.718462
vt 0.959356 0.715960
vt 0.962682 0.718462
vt 0.966447 0.682008
vt 0.971985 0.678240
vt 0.975357 0.682008
vt 0.977599 0.681210
vt 0.009779 0.197454
vt 0.015190 0.201560
vt 0.018980 0.212024
vt 0.009779 0.212579
vt 0.997944 0.262705
vt 0.992383 0.262705
vt 0.995161 0.259962
vt 0.949839 0.383465
vt 0.953973 0.379312
vt 0.963152 0.383465
vt 0.966447 0.622967
vt 0.967986 0.616196
vt 0.977597 0.622967
vt 0.997363 0.686407
vt 0.994366 0.686713
vt 0.992383 0.686407
vt 0.537142 0.893971
vt 0.532821 0.881962
vt 0.537142 0.870860
vt 0.536634 0.885544
vt 0.162755 0.002526
vt 0.210681 0.413411
vt 0.210681 0.428192
vt 0.992384 0.198295
vt 0.998023 0.198295
vt 0.536386 0.079470
vt 0.536918 0.071055
vt 0.832835 0.983441
vt 0.832497 0.989196
vt 0.827381 0.989196
vt 0.825573 0.981278
vt 0.232892 0.677068
vt 0.234962 0.674904
vt 0.981636 0.266422
vt 0.987054 0.264599
vt 0.989289 0.266422
vt 0.109642 0.661176
vt 0.124688 0.655534
vt 0.119898 0.664310
vt 0.098697 0.322665
vt 0.903461 0.520060
vt 0.897552 0.507950
vt 0.900288 0.507533
vt 0.903461 0.499079
vt 0.603573 0.274028
vt 0.603573 0.294194
vt 0.602424 0.293766
vt 0.390994 0.495081
vt 0.838099 0.323445
vt 0.840826 0.339350
vt 0.838099 0.353033
vt 0.337110 0.558020
vt 0.067289 0.470155
vt 0.074678 0.474402
vt 0.074023 0.578898
vt 0.060016 0.575649
vt 0.071621 0.568244
vt 0.073542 0.342019
vt 0.884481 0.763007
vt 0.876827 0.750778
vt 0.884481 0.738850
vt 0.966447 0.380675
vt 0.973802 0.378702
vt 0.978288 0.380675
vt 0.852786 0.906353
vt 0.856010 0.918161
vt 0.852786 0.924339
vt 0.864949 0.794127
vt 0.867399 0.811496
vt 0.864949 0.819948
vt 0.128929 0.327344
vt 0.966447 0.945683
vt 0.160332 0.964852
vt 0.157888 0.960177
vt 0.160332 0.949839
vt 0.993954 0.852556
vt 0.996869 0.855536
vt 0.992384 0.855536
vt 0.244846 0.065435
vt 0.241909 0.067916
vt 0.858722 0.792236
vt 0.859807 0.797462
vt 0.175356 0.335238
vt 0.953010 0.672275
vt 0.954397 0.665110
vt 0.962547 0.664207
vt 0.962359 0.668707
vt 0.949839 0.670386
vt 0.949918 0.664207
vt 0.992384 0.088714
vt 0.998334 0.088714
vt 0.996535 0.090285
vt 0.729040 0.989517
vt 0.726066 0.984593
vt 0.725595 0.982775
vt 0.729040 0.981278
vt 0.966447 0.753004
vt 0.971517 0.751387
vt 0.977559 0.753004
vt 0.970748 0.752734
vt 0.767406 0.244881
vt 0.780089 0.252189
vt 0.767507 0.275344
vt 0.767406 0.282806
vt 0.210147 0.277148
vt 0.214113 0.293976
vt 0.508780 0.052221
vt 0.379606 0.002406
vt 0.357322 0.013286
vt 0.320082 0.008825
vt 0.286350 0.002406
vt 0.926237 0.352974
vt 0.926237 0.370115
vt 0.921312 0.363148
vt 0.088548 0.276112
vt 0.760337 0.305692
vt 0.767055 0.288998
vt 0.767375 0.294435
vt 0.776293 0.291930
vt 0.772640 0.302918
vt 0.771617 0.312305
vt 0.773658 0.318776
vt 0.776293 0.326461
vt 0.007592 0.554224
vt 0.001968 0.525243
vt 0.001968 0.521526
vt 0.007592 0.495708
vt 0.856307 0.429280
vt 0.844749 0.426310
vt 0.859229 0.430086
vt 0.985270 0.006555
vt 0.981636 0.005709
vt 0.989661 0.005709
vt 0.992383 0.537950
vt 0.997465 0.536863
vt 0.997029 0.540563
vt 0.992389 0.540563
vt 0.258961 0.097706
vt 0.261040 0.099992
vt 0.264171 0.098157
vt 0.265724 0.100438
vt 0.258961 0.112083
vt 0.261729 0.117678
vt 0.259798 0.113608
vt 0.981636 0.819373
vt 0.985456 0.816454
vt 0.988215 0.819373
vt 0.960982 0.982683
vt 0.959315 0.989303
vt 0.959315 0.981278
vt 0.983057 0.600763
vt 0.981636 0.599121
vt 0.988564 0.599121
vt 0.722445 0.165216
vt 0.725573 0.150684
vt 0.102493 0.649125
vt 0.096047 0.643363
vt 0.096143 0.631548
vt 0.102493 0.641074
vt 0.523791 0.611165
vt 0.518172 0.609069
vt 0.525754 0.604713
vt 0.002352 0.903461
vt 0.002352 0.881084
vt 0.055049 0.405280
vt 0.046534 0.401232
vt 0.958960 0.027579
vt 0.948972 0.985215
vt 0.951066 0.982342
vt 0.954099 0.982741
vt 0.956592 0.989011
vt 0.956592 0.981278
vt 0.508007 0.338385
vt 0.507892 0.335651
vt 0.208237 0.829773
vt 0.210808 0.644569
vt 0.216375 0.642730
vt 0.216375 0.662412
vt 0.209017 0.660555
vt 0.576826 0.370277
vt 0.827335 0.231983
vt 0.829438 0.242682
vt 0.880685 0.810458
vt 0.878921 0.798552
vt 0.880685 0.785966
vt 0.766803 0.802866
vt 0.758724 0.779433
vt 0.766803 0.768680
vt 0.189803 0.096799
vt 0.182375 0.066453
vt 0.189803 0.037418
vt 0.465302 0.292081
vt 0.912747 0.327384
vt 0.051639 0.168721
vt 0.966447 0.485310
vt 0.966447 0.474651
vt 0.977657 0.480745
vt 0.909667 0.046282
vt 0.914849 0.047319
vt 0.909031 0.047505
vt 0.907104 0.051737
vt 0.949915 0.972830
vt 0.951523 0.967805
vt 0.954576 0.973476
vt 0.955237 0.975140
vt 0.957666 0.976815
vt 0.957299 0.967805
vt 0.885657 0.192721
vt 0.879964 0.185375
vt 0.886845 0.194512
vt 0.981636 0.694479
vt 0.986946 0.694479
vt 0.988494 0.695131
vt 0.983562 0.695253
vt 0.240006 0.989970
vt 0.233396 0.989853
vt 0.240006 0.981278
vt 0.733947 0.590287
vt 0.075286 0.225287
vt 0.785163 0.589435
vt 0.234117 0.987020
vt 0.808037 0.486704
vt 0.199548 0.944622
vt 0.840101 0.243951
vt 0.846520 0.248672
vt 0.981636 0.612839
vt 0.981636 0.607297
vt 0.988308 0.609831
vt 0.987087 0.610930
vt 0.888277 0.367129
vt 0.888039 0.380746
vt 0.878568 0.846839
vt 0.878787 0.861341
vt 0.874248 0.867399
vt 0.874248 0.842182
vt 0.878787 0.096799
vt 0.872876 0.080674
vt 0.878787 0.071420
vt 0.962463 0.790524
vt 0.949839 0.790524
vt 0.955582 0.785948
vt 0.989236 0.249561
vt 0.982580 0.252601
vt 0.981636 0.249561
vt 0.887619 0.976550
vt 0.889893 0.967805
vt 0.889893 0.977178
vt 0.865126 0.067454
vt 0.909881 0.744968
vt 0.912951 0.757313
vt 0.908518 0.753589
vt 0.912951 0.738218
vt 0.227463 0.903687
vt 0.227880 0.904160
vt 0.231380 0.904779
vt 0.218298 0.911053
vt 0.227633 0.906518
vt 0.155963 0.996691
vt 0.155405 0.997044
vt 0.155405 0.993266
vt 0.992384 0.702335
vt 0.995039 0.699971
vt 0.997214 0.702335
vt 0.857378 0.315063
vt 0.996476 0.054419
vt 0.992383 0.052685
vt 0.998438 0.052685
vt 0.327310 0.688984
vt 0.547688 0.989734
vt 0.547688 0.981278
vt 0.551557 0.981346
vt 0.850865 0.317106
vt 0.175216 0.607133
vt 0.171209 0.605426
vt 0.185845 0.607552
vt 0.573204 0.476405
vt 0.170822 0.231559
vt 0.168949 0.197513
vt 0.170822 0.176245
vt 0.231865 0.394164
vt 0.837030 0.195497
vt 0.829385 0.180533
vt 0.829791 0.169181
vt 0.837030 0.164636
vt 0.828678 0.183305
vt 0.827640 0.187923
vt 0.719352 0.747993
vt 0.718434 0.772497
vt 0.873738 0.270259
vt 0.881583 0.279010
vt 0.584473 0.650345
vt 0.580123 0.654834
vt 0.756139 0.973820
vt 0.754011 0.977400
vt 0.754011 0.967805
vt 0.949839 0.437771
vt 0.955708 0.435055
vt 0.963104 0.437771
vt 0.248376 0.731509
vt 0.771441 0.830879
vt 0.614961 0.337849
vt 0.260030 0.768701
vt 0.572489 0.331540
vt 0.927326 0.846771
vt 0.928136 0.835757
vt 0.928136 0.852214
vt 0.822942 0.065848
vt 0.835558 0.986189
vt 0.837661 0.981278
vt 0.837661 0.989451
vt 0.220171 0.622789
vt 0.217360 0.637737
vt 0.207473 0.626030
vt 0.204433 0.636313
vt 0.730661 0.435578
vt 0.727144 0.431677
vt 0.730741 0.924339
vt 0.953236 0.713237
vt 0.957235 0.709846
vt 0.962652 0.713237
vt 0.949839 0.711428
vt 0.614961 0.236735
vt 0.612712 0.242002
vt 0.002534 0.969748
vt 0.006147 0.967805
vt 0.011525 0.972692
vt 0.005764 0.972869
vt 0.010127 0.978087
vt 0.004418 0.978087
vt 0.001361 0.972672
vt 0.001419 0.977601
vt 0.757423 0.989373
vt 0.755967 0.981278
vt 0.761446 0.981278
vt 0.759947 0.988549
vt 0.283156 0.883803
vt 0.981636 0.796452
vt 0.982355 0.793345
vt 0.985849 0.793675
vt 0.988264 0.796452
vt 0.966447 0.236311
vt 0.972974 0.235157
vt 0.978682 0.236311
vt 0.981636 0.229690
vt 0.985711 0.226129
vt 0.989229 0.229690
vt 0.102623 0.740518
vt 0.099436 0.744963
vt 0.981636 0.813731
vt 0.984650 0.811471
vt 0.988250 0.813731
vt 0.503006 0.002981
vt 0.503534 0.002808
vt 0.320005 0.988293
vt 0.319595 0.981278
vt 0.322071 0.985395
vt 0.319595 0.990095
vt 0.806891 0.977390
vt 0.806449 0.975412
vt 0.806891 0.967805
vt 0.272473 0.878586
vt 0.276480 0.881320
vt 0.736435 0.512792
vt 0.153402 0.884088
vt 0.156256 0.879675
vt 0.592016 0.896037
vt 0.821443 0.879873
vt 0.827540 0.887520
vt 0.824811 0.901563
vt 0.821443 0.896379
vt 0.845741 0.373911
vt 0.841388 0.370065
vt 0.466910 0.973698
vt 0.304184 0.410565
vt 0.984640 0.940007
vt 0.988065 0.940424
vt 0.981636 0.940424
vt 0.765984 0.138314
vt 0.220766 0.407588
vt 0.215375 0.434893
vt 0.769784 0.900631
vt 0.780398 0.905545
vt 0.779459 0.918366
vt 0.769784 0.920543
vt 0.781987 0.914086
vt 0.057162 0.672966
vt 0.763007 0.274737
vt 0.912584 0.835132
vt 0.912584 0.816688
vt 0.916747 0.832087
vt 0.056444 0.677729
vt 0.063163 0.683290
vt 0.592114 0.967805
vt 0.592114 0.977764
vt 0.590816 0.976331
vt 0.874342 0.981278
vt 0.874342 0.989425
vt 0.872712 0.985530
vt 0.641533 0.874885
vt 0.637873 0.881468
vt 0.631121 0.889043
vt 0.463316 0.697725
vt 0.464204 0.699470
vt 0.467602 0.702270
vt 0.748930 0.461221
vt 0.753401 0.459443
vt 0.761109 0.460321
vt 0.011034 0.508773
vt 0.015184 0.523534
vt 0.011034 0.533346
vt 0.387198 0.290398
vt 0.907105 0.425526
vt 0.911053 0.446036
vt 0.899781 0.446036
vt 0.333192 0.995999
vt 0.331617 0.993266
vt 0.334225 0.993266
vt 0.243514 0.970089
vt 0.245804 0.967805
vt 0.245582 0.970673
vt 0.245804 0.978225
vt 0.463325 0.712983
vt 0.461726 0.706820
vt 0.454842 0.703672
vt 0.924339 0.258744
vt 0.912344 0.259652
vt 0.897318 0.874991
vt 0.899536 0.860627
vt 0.897318 0.853734
vt 0.901563 0.859894
vt 0.874991 0.011325
vt 0.874089 0.008554
vt 0.873152 0.020472
vt 0.870231 0.016516
vt 0.250540 0.934919
vt 0.245553 0.937626
vt 0.245597 0.931259
vt 0.245553 0.922128
vt 0.874991 0.034164
vt 0.511634 0.773397
vt 0.520060 0.771601
vt 0.561816 0.462636
vt 0.558546 0.462781
vt 0.771037 0.842478
vt 0.780089 0.851210
vt 0.779496 0.867508
vt 0.771037 0.869297
vt 0.852214 0.676062
vt 0.840434 0.679108
vt 0.490158 0.955826
vt 0.481352 0.964157
vt 0.481352 0.949839
vt 0.147047 0.780089
vt 0.147465 0.775572
vt 0.428043 0.793269
vt 0.434226 0.794028
vt 0.988212 0.822096
vt 0.985707 0.825025
vt 0.984844 0.823144
vt 0.981636 0.822096
vt 0.988856 0.457116
vt 0.982147 0.459073
vt 0.981636 0.457116
vt 0.298468 0.824112
vt 0.932077 0.747363
vt 0.933830 0.758396
vt 0.932077 0.763007
vt 0.989254 0.341761
vt 0.985406 0.342144
vt 0.981636 0.341761
vt 0.236787 0.026572
vt 0.850318 0.963899
vt 0.846726 0.952483
vt 0.850318 0.949839
vt 0.853041 0.963894
vt 0.853041 0.949839
vt 0.856192 0.959204
vt 0.992383 0.573290
vt 0.997424 0.570737
vt 0.997424 0.573708
vt 0.898246 0.470711
vt 0.899844 0.469510
vt 0.901231 0.475314
vt 0.901563 0.489691
vt 0.785783 0.800015
vt 0.785203 0.819948
vt 0.785203 0.791982
vt 0.901563 0.468412
vt 0.526380 0.659909
vt 0.206573 0.265543
vt 0.216375 0.265047
vt 0.216375 0.280908
vt 0.826250 0.967805
vt 0.822196 0.976964
vt 0.817652 0.967805
vt 0.581520 0.153839
vt 0.562232 0.168924
vt 0.564134 0.160560
vt 0.894215 0.767865
vt 0.899665 0.774843
vt 0.897444 0.789580
vt 0.894215 0.785906
vt 0.924383 0.651077
vt 0.928135 0.657099
vt 0.924383 0.668106
vt 0.787681 0.202557
vt 0.803369 0.967805
vt 0.803726 0.972674
vt 0.803369 0.977406
vt 0.680403 0.593825
vt 0.678522 0.603573
vt 0.539587 0.100277
vt 0.177519 0.787301
vt 0.174438 0.783948
vt 0.651309 0.744102
vt 0.662663 0.740511
vt 0.981636 0.528882
vt 0.981703 0.528319
vt 0.988655 0.528319
vt 0.984588 0.530625
vt 0.992383 0.561576
vt 0.842724 0.153122
vt 0.841404 0.155638
vt 0.838422 0.141922
vt 0.842724 0.126129
vt 0.451731 0.275214
vt 0.444181 0.269625
vt 0.451731 0.259352
vt 0.847825 0.872422
vt 0.848418 0.862579
vt 0.290579 0.717867
vt 0.303852 0.710541
vt 0.780012 0.700099
vt 0.734211 0.803342
vt 0.730371 0.809914
vt 0.725895 0.810709
vt 0.014207 0.637737
vt 0.013770 0.633859
vt 0.139294 0.997082
vt 0.138943 0.995687
vt 0.139294 0.993266
vt 0.617815 0.026091
vt 0.649595 0.103898
vt 0.646613 0.099995
vt 0.661179 0.085332
vt 0.028002 0.965082
vt 0.026041 0.963042
vt 0.028002 0.949839
vt 0.798550 0.182101
vt 0.805844 0.167148
vt 0.766803 0.421362
vt 0.754303 0.409973
vt 0.756016 0.396067
vt 0.766803 0.382862
vt 0.757373 0.415273
vt 0.977836 0.635516
vt 0.974125 0.636323
vt 0.970138 0.636284
vt 0.966447 0.635516
vt 0.690882 0.625817
vt 0.690882 0.641191
vt 0.085411 0.239151
vt 0.082089 0.236533
vt 0.085411 0.222948
vt 0.867758 0.546247
vt 0.873093 0.387206
vt 0.867872 0.402382
vt 0.867872 0.376260
vt 0.949839 0.961189
vt 0.957469 0.953869
vt 0.962084 0.961189
vt 0.880982 0.284708
vt 0.299888 0.203089
vt 0.981636 0.021526
vt 0.984866 0.019490
vt 0.989563 0.021526
vt 0.353537 0.903461
vt 0.807839 0.452025
vt 0.335742 0.795707
vt 0.345441 0.795707
vt 0.342522 0.806060
vt 0.340567 0.827540
vt 0.797172 0.039059
vt 0.794874 0.046882
vt 0.929424 0.977062
vt 0.925979 0.974761
vt 0.929424 0.967805
vt 0.605359 0.989647
vt 0.608593 0.989647
vt 0.086701 0.775490
vt 0.992383 0.275627
vt 0.992383 0.270834
vt 0.997832 0.273697
vt 0.051508 0.342935
vt 0.047888 0.353330
vt 0.055043 0.397209
vt 0.981636 0.904465
vt 0.981921 0.902521
vt 0.984658 0.901463
vt 0.988066 0.904465
vt 0.997756 0.268111
vt 0.997455 0.266166
vt 0.992384 0.265428
vt 0.997945 0.265428
vt 0.252199 0.987411
vt 0.253639 0.981278
vt 0.255675 0.982997
vt 0.255675 0.990114
vt 0.970597 0.063867
vt 0.966447 0.062235
vt 0.978873 0.062235
vt 0.928136 0.622233
vt 0.602454 0.977768
vt 0.602122 0.973536
vt 0.602454 0.967805
vt 0.949839 0.834253
vt 0.977890 0.541947
vt 0.971898 0.544419
vt 0.966447 0.541947
vt 0.741925 0.949839
vt 0.746246 0.960629
vt 0.741925 0.964002
vt 0.861705 0.483997
vt 0.856592 0.473869
vt 0.854599 0.466781
vt 0.861705 0.457096
vt 0.647945 0.412331
vt 0.647945 0.403445
vt 0.650707 0.404843
vt 0.650553 0.407912
vt 0.648565 0.398466
vt 0.652921 0.405065
vt 0.651156 0.410860
vt 0.650298 0.413770
vt 0.099392 0.964725
vt 0.094437 0.954896
vt 0.092254 0.949839
vt 0.100136 0.949839
vt 0.094604 0.962890
vt 0.966447 0.082181
vt 0.256278 0.845894
vt 0.259471 0.845002
vt 0.190315 0.962516
vt 0.195523 0.964629
vt 0.102859 0.953364
vt 0.109227 0.949839
vt 0.109227 0.957190
vt 0.104028 0.964785
vt 0.975536 0.530497
vt 0.657747 0.914849
vt 0.657747 0.894771
vt 0.666583 0.900083
vt 0.665084 0.908767
vt 0.669123 0.899727
vt 0.670004 0.900800
vt 0.666414 0.907816
vt 0.978274 0.217807
vt 0.966447 0.218006
vt 0.966447 0.208523
vt 0.520060 0.066431
vt 0.513508 0.050102
vt 0.509321 0.034248
vt 0.520060 0.016458
vt 0.498519 0.815239
vt 0.516263 0.813597
vt 0.488122 0.813597
vt 0.800929 0.605471
vt 0.509529 0.843350
vt 0.499354 0.844622
vt 0.518835 0.697527
vt 0.514602 0.706971
vt 0.697882 0.902252
vt 0.691377 0.920543
vt 0.820016 0.658733
vt 0.821846 0.677928
vt 0.820016 0.690882
vt 0.237495 0.888656
vt 0.239151 0.897328
vt 0.237495 0.909155
vt 0.844848 0.032313
vt 0.852215 0.054446
vt 0.844848 0.060737
vt 0.265351 0.116259
vt 0.269520 0.143582
vt 0.265351 0.163230
vt 0.966447 0.717558
vt 0.918645 0.588389
vt 0.916579 0.577766
vt 0.918645 0.570242
vt 0.799070 0.402382
vt 0.792064 0.385562
vt 0.799070 0.367907
vt 0.373090 0.855458
vt 0.864949 0.239810
vt 0.876889 0.247077
vt 0.872820 0.254956
vt 0.864949 0.265724
vt 0.874282 0.239572
vt 0.488526 0.989593
vt 0.488526 0.981278
vt 0.496401 0.985422
vt 0.301558 0.964546
vt 0.296444 0.955209
vt 0.301558 0.949839
vt 0.861705 0.831336
vt 0.855135 0.816227
vt 0.861705 0.804449
vt 0.479000 0.989980
vt 0.478706 0.985742
vt 0.479000 0.981278
vt 0.769683 0.744688
vt 0.778159 0.751871
vt 0.780089 0.770980
vt 0.769683 0.781987
vt 0.964008 0.977019
vt 0.960389 0.971819
vt 0.964008 0.967805
vt 0.289919 0.928136
vt 0.867399 0.609267
vt 0.856999 0.176517
vt 0.856999 0.149591
vt 0.863303 0.157395
vt 0.862202 0.168630
vt 0.949839 0.680140
vt 0.958567 0.680140
vt 0.962467 0.683080
vt 0.958011 0.684648
vt 0.962693 0.680587
vt 0.280908 0.223072
vt 0.273711 0.227763
vt 0.273783 0.221134
vt 0.273711 0.211797
vt 0.049335 0.978363
vt 0.045204 0.978363
vt 0.047269 0.973256
vt 0.046568 0.967805
vt 0.239151 0.930034
vt 0.233485 0.925976
vt 0.232106 0.917974
vt 0.234104 0.912435
vt 0.231601 0.930034
vt 0.966447 0.109057
vt 0.973460 0.107170
vt 0.978822 0.109057
vt 0.878584 0.055043
vt 0.123372 0.890908
vt 0.121977 0.895008
vt 0.120938 0.903461
vt 0.120938 0.882370
vt 0.966447 0.279396
vt 0.461438 0.986685
vt 0.461089 0.983769
vt 0.461786 0.981278
vt 0.461786 0.989989
vt 0.282943 0.984535
vt 0.280948 0.990163
vt 0.280948 0.981278
vt 0.281159 0.981448
vt 0.748020 0.967805
vt 0.751227 0.969345
vt 0.751288 0.973042
vt 0.748020 0.977350
vt 0.098495 0.143381
vt 0.098697 0.155384
vt 0.092682 0.155638
vt 0.092682 0.136281
vt 0.530758 0.067300
vt 0.533346 0.069891
vt 0.530758 0.077173
vt 0.531802 0.087309
vt 0.533735 0.292296
vt 0.709638 0.929096
vt 0.711325 0.923503
vt 0.711760 0.918261
vt 0.711760 0.933830
vt 0.987909 0.973899
vt 0.387717 0.958003
vt 0.388182 0.952184
vt 0.391066 0.949839
vt 0.391066 0.964528
vt 0.355441 0.984075
vt 0.352804 0.985990
vt 0.359494 0.981278
vt 0.359494 0.989825
vt 0.481723 0.981278
vt 0.482170 0.981881
vt 0.485803 0.984584
vt 0.481723 0.989786
vt 0.961775 0.386593
vt 0.963119 0.390874
vt 0.949839 0.390874
vt 0.955284 0.386188
vt 0.842050 0.967805
vt 0.796594 0.019639
vt 0.968516 0.112572
vt 0.966447 0.111780
vt 0.966447 0.534511
vt 0.968198 0.533220
vt 0.977932 0.535458
vt 0.967820 0.535458
vt 0.587963 0.665697
vt 0.591839 0.641661
vt 0.525816 0.975140
vt 0.526529 0.967805
vt 0.527630 0.968043
vt 0.527630 0.977840
vt 0.649555 0.970888
vt 0.649992 0.967805
vt 0.646930 0.977400
vt 0.643954 0.967805
vt 0.956670 0.736986
vt 0.962568 0.736306
vt 0.957582 0.739669
vt 0.949839 0.736306
vt 0.191465 0.756883
vt 0.981636 0.376892
vt 0.981779 0.377418
vt 0.989173 0.376892
vt 0.983209 0.377782
vt 0.031339 0.967805
vt 0.032003 0.973218
vt 0.032014 0.978280
vt 0.031339 0.978555
vt 0.796594 0.002330
vt 0.926237 0.634949
vt 0.926059 0.643431
vt 0.926059 0.626625
vt 0.926112 0.626670
vt 0.966447 0.220729
vt 0.988575 0.590952
vt 0.982324 0.592762
vt 0.982842 0.592180
vt 0.981636 0.590952
vt 0.862053 0.170324
vt 0.865501 0.171982
vt 0.308755 0.801408
vt 0.348032 0.753097
vt 0.624984 0.922222
vt 0.627279 0.919397
vt 0.632043 0.931546
vt 0.624984 0.935728
vt 0.005672 0.363048
vt 0.003208 0.368217
vt 0.003208 0.351602
vt 0.005694 0.355178
vt 0.963269 0.336254
vt 0.949839 0.336254
vt 0.954640 0.335025
vt 0.963190 0.332970
vt 0.675110 0.628727
vt 0.745925 0.358727
vt 0.743262 0.338601
vt 0.737123 0.321477
vt 0.745925 0.317841
vt 0.075186 0.900337
vt 0.080176 0.905359
vt 0.974741 0.826279
vt 0.973475 0.826201
vt 0.974107 0.824674
vt 0.975782 0.825011
vt 0.977311 0.827635
vt 0.974931 0.827732
vt 0.973228 0.827796
vt 0.453989 0.993329
vt 0.455610 0.993266
vt 0.455530 0.994977
vt 0.453989 0.995068
vt 0.971861 0.826144
vt 0.969908 0.826258
vt 0.969854 0.825338
vt 0.971915 0.824645
vt 0.971632 0.827796
vt 0.969846 0.827742
vt 0.968453 0.826272
vt 0.967596 0.825491
vt 0.969565 0.823936
vt 0.972156 0.822927
vt 0.974900 0.823509
vt 0.975950 0.823340
vt 0.976489 0.824331
vt 0.966447 0.826796
vt 0.968269 0.827304
vt 0.384842 0.994633
vt 0.385148 0.995044
vt 0.384962 0.995748
vt 0.385050 0.995253
vt 0.384842 0.994183
vt 0.385320 0.994395
vt 0.466742 0.994549
vt 0.466343 0.994979
vt 0.466115 0.994181
vt 0.466950 0.993970
vt 0.465916 0.993266
vt 0.467203 0.993266
vt 0.385440 0.993839
vt 0.384842 0.993266
vt 0.309471 0.993266
vt 0.310285 0.993688
vt 0.310379 0.994894
vt 0.309471 0.994827
vt 0.310539 0.996194
vt 0.309763 0.996170
vt 0.430595 0.993446
vt 0.431701 0.993266
vt 0.431689 0.994098
vt 0.430595 0.994360
vt 0.431680 0.994892
vt 0.430842 0.995220
vt 0.311832 0.995107
vt 0.311059 0.995128
vt 0.311017 0.994013
vt 0.311432 0.994431
vt 0.901563 0.530555
vt 0.901563 0.535943
vt 0.899235 0.537211
vt 0.899457 0.531154
vt 0.888987 0.342571
vt 0.892532 0.345013
vt 0.890127 0.352209
vt 0.889013 0.348380
vt 0.982449 0.969709
vt 0.981636 0.967781
vt 0.984417 0.967488
vt 0.987877 0.969709
vt 0.252958 0.910791
vt 0.254194 0.905791
vt 0.261080 0.911101
vt 0.255654 0.915105
vt 0.249455 0.910365
vt 0.249455 0.903273
vt 0.250264 0.916747
vt 0.885102 0.541289
vt 0.881975 0.533159
vt 0.890681 0.535566
vt 0.890623 0.545133
vt 0.255870 0.900097
vt 0.263826 0.902809
vt 0.916747 0.426590
vt 0.914161 0.428954
vt 0.913240 0.422245
vt 0.915606 0.421113
vt 0.888003 0.525609
vt 0.889534 0.524517
vt 0.892701 0.526010
vt 0.890434 0.529390
vt 0.883569 0.524617
vt 0.882021 0.527485
vt 0.896486 0.527430
vt 0.896060 0.531010
vt 0.895865 0.536896
vt 0.895996 0.546632
vt 0.900317 0.545964
vt 0.899892 0.528272
vt 0.893538 0.523923
vt 0.895968 0.524000
vt 0.898539 0.524082
vt 0.480490 0.977888
vt 0.478468 0.976502
vt 0.479681 0.973647
vt 0.480490 0.971941
vt 0.916116 0.412744
vt 0.913856 0.412104
vt 0.914747 0.409413
vt 0.916220 0.409754
vt 0.916747 0.415401
vt 0.912949 0.415753
vt 0.911789 0.411809
vt 0.913270 0.409071
vt 0.910282 0.415815
vt 0.905727 0.416145
vt 0.907416 0.411970
vt 0.909230 0.422426
vt 0.249949 0.898518
vt 0.256479 0.896088
vt 0.263475 0.897077
vt 0.891206 0.360625
vt 0.887134 0.358386
vt 0.893799 0.354735
vt 0.895869 0.347956
vt 0.562884 0.967805
vt 0.562884 0.971365
vt 0.560870 0.977783
vt 0.560708 0.968788
vt 0.479170 0.967805
vt 0.478542 0.971881
vt 0.891108 0.338567
vt 0.887134 0.337446
vt 0.893523 0.340544
vt 0.049028 0.993266
vt 0.049946 0.993428
vt 0.050096 0.997220
vt 0.049622 0.997192
vt 0.066646 0.993266
vt 0.065513 0.997189
vt 0.065165 0.997185
vt 0.065654 0.993268
vt 0.064705 0.997180
vt 0.064900 0.993269
vt 0.064230 0.997174
vt 0.064190 0.993270
vt 0.063796 0.997169
vt 0.063564 0.993271
vt 0.063581 0.997167
vt 0.063270 0.993266
vt 0.184161 0.996907
vt 0.184274 0.993288
vt 0.184542 0.993266
vt 0.184474 0.996881
vt 0.185132 0.993270
vt 0.185132 0.996827
vt 0.051364 0.993677
vt 0.051364 0.997295
vt 0.050721 0.997257
vt 0.050671 0.993555
vt 0.200247 0.993881
vt 0.200960 0.995203
vt 0.198499 0.994936
vt 0.199089 0.993266
vt 0.994619 0.114416
vt 0.993862 0.114294
vt 0.994601 0.111966
vt 0.996407 0.112289
vt 0.201785 0.996735
vt 0.198336 0.996735
vt 0.998180 0.110180
vt 0.995035 0.110180
vt 0.992600 0.112136
vt 0.992444 0.110291
vt 0.992384 0.114057
vt 0.984123 0.953015
vt 0.983091 0.954578
vt 0.981636 0.953903
vt 0.982194 0.952984
vt 0.986125 0.952691
vt 0.986198 0.954018
vt 0.985115 0.954578
vt 0.984149 0.955591
vt 0.985678 0.165322
vt 0.986010 0.163706
vt 0.988094 0.164511
vt 0.987653 0.165342
vt 0.983794 0.164752
vt 0.984168 0.163891
vt 0.984341 0.162754
vt 0.986367 0.162396
vt 0.982009 0.164184
vt 0.982420 0.163523
vt 0.982720 0.163040
vt 0.983065 0.165630
vt 0.981636 0.164784
vt 0.992483 0.859040
vt 0.994023 0.858346
vt 0.994016 0.859240
vt 0.992383 0.859072
vt 0.992383 0.156999
vt 0.994039 0.157115
vt 0.993876 0.157892
vt 0.992384 0.157598
vt 0.993595 0.158640
vt 0.992383 0.158305
vt 0.106301 0.993266
vt 0.106871 0.994382
vt 0.105865 0.994464
vt 0.105865 0.993649
vt 0.107107 0.995290
vt 0.105865 0.995321
vt 0.107190 0.996179
vt 0.105865 0.996180
vt 0.107233 0.997080
vt 0.105865 0.997046
vt 0.108393 0.996124
vt 0.108598 0.997114
vt 0.995902 0.158647
vt 0.996549 0.157444
vt 0.997598 0.157923
vt 0.996805 0.159032
vt 0.108026 0.995215
vt 0.994980 0.158295
vt 0.995443 0.157123
vt 0.995408 0.859200
vt 0.995614 0.858259
vt 0.996956 0.858515
vt 0.996564 0.859240
vt 0.994448 0.158996
vt 0.997038 0.156571
vt 0.998163 0.156981
vt 0.483792 0.994520
vt 0.483805 0.993266
vt 0.485002 0.993266
vt 0.485081 0.994784
vt 0.985988 0.956244
vt 0.986956 0.955570
vt 0.987823 0.953804
vt 0.987823 0.954966
vt 0.987823 0.952776
vt 0.989219 0.165630
vt 0.989324 0.165301
vt 0.415773 0.993741
vt 0.417181 0.993266
vt 0.417181 0.995347
vt 0.415724 0.994821
vt 0.014935 0.997438
vt 0.014304 0.995698
vt 0.016330 0.993266
vt 0.016330 0.997075
vt 0.264030 0.996563
vt 0.262739 0.995631
vt 0.263511 0.993670
vt 0.264030 0.993266
vt 0.603815 0.993384
vt 0.603630 0.993467
vt 0.603630 0.993266
vt 0.600907 0.993541
vt 0.600687 0.993541
vt 0.600859 0.993266
vt 0.600794 0.993371
vt 0.292456 0.996161
vt 0.291268 0.996303
vt 0.291268 0.993266
vt 0.293119 0.994895
vt 0.178635 0.984698
vt 0.179272 0.985861
vt 0.177771 0.987579
vt 0.177571 0.984860
vt 0.177584 0.982343
vt 0.179034 0.983465
vt 0.176740 0.985203
vt 0.176316 0.981278
vt 0.176316 0.990257
vt 0.298956 0.996345
vt 0.298790 0.995698
vt 0.298935 0.994256
vt 0.299153 0.994475
vt 0.419957 0.995351
vt 0.419904 0.993554
vt 0.420123 0.993266
vt 0.420123 0.994722
vt 0.298700 0.994487
vt 0.298652 0.994116
vt 0.298826 0.993944
vt 0.298565 0.994170
vt 0.298717 0.993745
vt 0.298966 0.993595
vt 0.299136 0.993877
vt 0.298654 0.993480
vt 0.298838 0.993382
vt 0.298575 0.993398
vt 0.298768 0.993266
vt 0.314770 0.993266
vt 0.314964 0.993399
vt 0.314967 0.993266
vt 0.314555 0.993605
vt 0.298565 0.996280
vt 0.314967 0.994157
vt 0.314929 0.996251
vt 0.996739 0.923960
vt 0.994530 0.924025
vt 0.994649 0.923000
vt 0.992383 0.924184
vt 0.992383 0.921617
vt 0.981636 0.173654
vt 0.982908 0.171537
vt 0.985292 0.171900
vt 0.984942 0.174928
vt 0.985046 0.178472
vt 0.981636 0.177100
vt 0.988374 0.175425
vt 0.989121 0.178329
vt 0.986426 0.172074
vt 0.997180 0.081009
vt 0.996135 0.080745
vt 0.996524 0.079175
vt 0.997703 0.079296
vt 0.998297 0.077352
vt 0.996928 0.077616
vt 0.992984 0.079949
vt 0.992684 0.078649
vt 0.994093 0.078922
vt 0.993974 0.080199
vt 0.992383 0.077352
vt 0.994122 0.077796
vt 0.995541 0.077883
vt 0.995297 0.079110
vt 0.995069 0.080476
vt 0.981636 0.651674
vt 0.982589 0.649496
vt 0.984715 0.649689
vt 0.983835 0.651546
vt 0.983248 0.647990
vt 0.985574 0.647990
vt 0.985544 0.651446
vt 0.986743 0.649991
vt 0.988393 0.647990
vt 0.994191 0.496796
vt 0.993661 0.495639
vt 0.994894 0.495386
vt 0.995231 0.496858
vt 0.992384 0.492852
vt 0.993908 0.492852
vt 0.994257 0.494085
vt 0.993056 0.494319
vt 0.997499 0.496994
vt 0.996231 0.496918
vt 0.996029 0.495447
vt 0.997236 0.495520
vt 0.996761 0.492852
vt 0.996989 0.494131
vt 0.995726 0.494069
vt 0.995452 0.492852
vt 0.998101 0.152218
vt 0.997379 0.153848
vt 0.995636 0.153673
vt 0.997516 0.150830
vt 0.992660 0.153848
vt 0.992383 0.150005
vt 0.437513 0.953709
vt 0.437223 0.950066
vt 0.438863 0.949839
vt 0.440781 0.953387
vt 0.443603 0.955220
vt 0.442486 0.958309
vt 0.439765 0.958322
vt 0.436932 0.958860
vt 0.438495 0.964136
vt 0.443603 0.964290
vt 0.288545 0.996369
vt 0.287846 0.994727
vt 0.288545 0.993266
vt 0.123025 0.969211
vt 0.121992 0.970461
vt 0.120253 0.968007
vt 0.122699 0.967893
vt 0.124347 0.969356
vt 0.124101 0.971049
vt 0.124572 0.967805
vt 0.124143 0.972646
vt 0.121273 0.972053
vt 0.124572 0.974907
vt 0.120528 0.973702
vt 0.122583 0.978220
vt 0.119995 0.974880
vt 0.928136 0.532352
vt 0.924735 0.531866
vt 0.925445 0.529390
vt 0.927930 0.530604
vt 0.925325 0.535421
vt 0.923235 0.534575
vt 0.223859 0.957524
vt 0.224337 0.955859
vt 0.226095 0.960571
vt 0.225135 0.961098
vt 0.224992 0.952076
vt 0.227109 0.954049
vt 0.226681 0.957084
vt 0.926001 0.526817
vt 0.928065 0.526760
vt 0.227746 0.960320
vt 0.006470 0.687435
vt 0.004856 0.687455
vt 0.004353 0.684471
vt 0.006581 0.685434
vt 0.008503 0.688543
vt 0.007276 0.690098
vt 0.009484 0.686366
vt 0.009980 0.684048
vt 0.013629 0.685181
vt 0.012993 0.687685
vt 0.011894 0.690033
vt 0.006895 0.683213
vt 0.007360 0.680977
vt 0.010407 0.681940
vt 0.004619 0.682652
vt 0.004823 0.680502
vt 0.004931 0.679373
vt 0.007863 0.679533
vt 0.961910 0.836976
vt 0.962563 0.838143
vt 0.959036 0.838656
vt 0.958745 0.837460
vt 0.010888 0.680273
vt 0.921864 0.523495
vt 0.924763 0.523229
vt 0.926284 0.524239
vt 0.922217 0.524556
vt 0.922442 0.527109
vt 0.928136 0.524512
vt 0.225212 0.949839
vt 0.227746 0.952364
vt 0.922235 0.529108
vt 0.918718 0.528966
vt 0.918810 0.526994
vt 0.918847 0.525029
vt 0.914904 0.528574
vt 0.914931 0.526519
vt 0.915121 0.524175
vt 0.059382 0.454384
vt 0.059231 0.456789
vt 0.055294 0.455812
vt 0.054694 0.452867
vt 0.954952 0.838032
vt 0.949839 0.837081
vt 0.949951 0.836976
vt 0.955111 0.837198
vt 0.014203 0.679930
vt 0.018980 0.679373
vt 0.018156 0.682532
vt 0.013908 0.682592
vt 0.018493 0.685642
vt 0.017672 0.689317
vt 0.016408 0.693189
vt 0.014068 0.694658
vt 0.010316 0.691884
vt 0.011401 0.695781
vt 0.008579 0.693295
vt 0.005696 0.690770
vt 0.009473 0.696576
vt 0.008180 0.694258
vt 0.227465 0.963828
vt 0.226558 0.964694
vt 0.923049 0.538540
vt 0.922001 0.540938
vt 0.920359 0.540166
vt 0.921490 0.537219
vt 0.918737 0.539403
vt 0.919683 0.536526
vt 0.920868 0.533769
vt 0.917585 0.535987
vt 0.917984 0.533318
vt 0.918415 0.531099
vt 0.921592 0.531581
vt 0.915417 0.533136
vt 0.915143 0.530851
vt 0.058578 0.461053
vt 0.058167 0.463261
vt 0.055032 0.462981
vt 0.054882 0.460784
vt 0.055005 0.458160
vt 0.058898 0.458822
vt 0.057301 0.465608
vt 0.054913 0.465222
vt 0.056189 0.468135
vt 0.054694 0.467560
vt 0.059390 0.466298
vt 0.057951 0.468813
vt 0.917178 0.538778
vt 0.060737 0.463884
vt 0.152312 0.082021
vt 0.153740 0.091105
vt 0.151820 0.090975
vt 0.149654 0.082349
vt 0.146362 0.077369
vt 0.153740 0.072516
vt 0.837030 0.475078
vt 0.836819 0.477094
vt 0.832337 0.477699
vt 0.832679 0.474789
vt 0.826463 0.475812
vt 0.825742 0.470024
vt 0.833280 0.482799
vt 0.823950 0.480046
vt 0.833022 0.490005
vt 0.824939 0.488441
vt 0.831998 0.498967
vt 0.826555 0.497055
vt 0.831093 0.501079
vt 0.826254 0.498511
vt 0.833681 0.498730
vt 0.833537 0.501020
vt 0.836380 0.498349
vt 0.837030 0.499222
vt 0.981636 0.543608
vt 0.983730 0.540108
vt 0.986573 0.540194
vt 0.984583 0.543608
vt 0.988581 0.540709
vt 0.986128 0.543608
vt 0.981870 0.524982
vt 0.981636 0.522832
vt 0.988638 0.522832
vt 0.985656 0.525596
vt 0.836133 0.481485
vt 0.928425 0.501608
vt 0.930034 0.509648
vt 0.928425 0.518162
vt 0.537142 0.904725
vt 0.534843 0.914009
vt 0.529466 0.908252
vt 0.533883 0.900798
vt 0.919361 0.901054
vt 0.923694 0.897379
vt 0.926196 0.909635
vt 0.919361 0.910774
vt 0.981636 0.502509
vt 0.983382 0.498169
vt 0.985761 0.498860
vt 0.985805 0.502509
vt 0.927649 0.914849
vt 0.922747 0.914789
vt 0.531379 0.917038
vt 0.526129 0.911533
vt 0.367241 0.983530
vt 0.367556 0.989892
vt 0.362217 0.989892
vt 0.364078 0.981278
vt 0.527396 0.904751
vt 0.523655 0.905567
vt 0.523655 0.898601
vt 0.528949 0.898888
vt 0.525173 0.915653
vt 0.529006 0.918645
vt 0.988633 0.502257
vt 0.987443 0.499349
vt 0.926681 0.898713
vt 0.930034 0.906449
vt 0.981636 0.159673
vt 0.985843 0.155866
vt 0.989305 0.159673
vt 0.038308 0.923039
vt 0.045624 0.921334
vt 0.047451 0.930471
vt 0.038648 0.930731
vt 0.458389 0.916252
vt 0.465017 0.920543
vt 0.446379 0.920123
vt 0.450127 0.916656
vt 0.458818 0.907476
vt 0.465017 0.901722
vt 0.922892 0.055627
vt 0.921901 0.047316
vt 0.930034 0.043714
vt 0.930034 0.060737
vt 0.618937 0.256591
vt 0.619543 0.237900
vt 0.620655 0.236162
vt 0.620655 0.258132
vt 0.354808 0.225260
vt 0.356829 0.224203
vt 0.356439 0.244846
vt 0.354356 0.243849
vt 0.901563 0.284166
vt 0.901563 0.305568
vt 0.897222 0.305582
vt 0.895649 0.286870
vt 0.883622 0.767855
vt 0.890175 0.768910
vt 0.890053 0.788445
vt 0.883622 0.791478
vt 0.613063 0.528639
vt 0.613063 0.548530
vt 0.607444 0.546677
vt 0.608806 0.529697
vt 0.227466 0.341645
vt 0.227466 0.319720
vt 0.233457 0.322846
vt 0.233002 0.339890
vt 0.032696 0.933830
vt 0.032696 0.916487
vt 0.577218 0.585651
vt 0.578898 0.584747
vt 0.578898 0.607369
vt 0.570866 0.600864
vt 0.890175 0.224869
vt 0.890175 0.248642
vt 0.888434 0.248123
vt 0.882827 0.232296
vt 0.338826 0.224203
vt 0.455234 0.205383
vt 0.465017 0.219208
vt 0.455234 0.231559
vt 0.933993 0.613510
vt 0.934603 0.619707
vt 0.931659 0.623414
vt 0.929390 0.611126
vt 0.899665 0.677017
vt 0.896890 0.681392
vt 0.891384 0.670554
vt 0.897968 0.670986
vt 0.939524 0.611598
vt 0.939524 0.619805
vt 0.648988 0.937501
vt 0.650523 0.942250
vt 0.640557 0.939104
vt 0.643950 0.935710
vt 0.899665 0.663689
vt 0.897464 0.659220
vt 0.642743 0.929905
vt 0.651024 0.930846
vt 0.939153 0.626349
vt 0.636203 0.930324
vt 0.321694 0.294772
vt 0.325452 0.291686
vt 0.324878 0.299965
vt 0.319379 0.302678
vt 0.328468 0.288920
vt 0.330257 0.302642
vt 0.319379 0.309379
vt 0.952312 0.868119
vt 0.949839 0.864049
vt 0.962142 0.864456
vt 0.960252 0.868249
vt 0.957872 0.872731
vt 0.949839 0.873022
vt 0.470981 0.686791
vt 0.470733 0.681230
vt 0.476405 0.679430
vt 0.475249 0.688984
vt 0.470733 0.674580
vt 0.474601 0.671476
vt 0.958347 0.301897
vt 0.953045 0.304034
vt 0.949839 0.297000
vt 0.956160 0.294941
vt 0.962951 0.293370
vt 0.962843 0.304034
vt 0.882583 0.126056
vt 0.877461 0.135186
vt 0.873848 0.135132
vt 0.880688 0.123381
vt 0.907257 0.760624
vt 0.905021 0.763007
vt 0.901124 0.753729
vt 0.904146 0.752882
vt 0.440342 0.899908
vt 0.437931 0.909155
vt 0.434620 0.907726
vt 0.436008 0.899823
vt 0.434620 0.890137
vt 0.438357 0.888260
vt 0.904379 0.742120
vt 0.907257 0.743194
vt 0.638260 0.942257
vt 0.651024 0.945218
vt 0.963007 0.474905
vt 0.949839 0.474905
vt 0.949928 0.471568
vt 0.962211 0.471400
vt 0.928154 0.829438
vt 0.925215 0.828388
vt 0.925215 0.814893
vt 0.929333 0.813152
vt 0.931932 0.814809
vt 0.931489 0.829171
vt 0.656645 0.919899
vt 0.660474 0.921994
vt 0.660514 0.934362
vt 0.656645 0.935728
vt 0.879824 0.148046
vt 0.882583 0.146693
vt 0.868007 0.963837
vt 0.868007 0.949839
vt 0.872066 0.950855
vt 0.871653 0.963466
vt 0.996443 0.886743
vt 0.995189 0.886851
vt 0.995284 0.885944
vt 0.996536 0.885806
vt 0.992383 0.887092
vt 0.993002 0.885796
vt 0.993987 0.886006
vt 0.993781 0.886972
vt 0.996748 0.883671
vt 0.996636 0.884802
vt 0.995493 0.884896
vt 0.995697 0.883671
vt 0.994016 0.883671
vt 0.994877 0.883671
vt 0.994522 0.884905
vt 0.993540 0.884668
vt 0.992383 0.765660
vt 0.997044 0.765660
vt 0.996812 0.769398
vt 0.992896 0.767825
vt 0.981636 0.111748
vt 0.986703 0.111748
vt 0.989369 0.114011
vt 0.983911 0.115200
vt 0.926238 0.172591
vt 0.924725 0.174945
vt 0.920088 0.173311
vt 0.920250 0.170030
vt 0.924245 0.177590
vt 0.922080 0.177614
vt 0.924667 0.181430
vt 0.923326 0.181675
vt 0.924968 0.186861
vt 0.923648 0.187905
vt 0.926020 0.181102
vt 0.926238 0.185857
vt 0.445200 0.981278
vt 0.445992 0.981296
vt 0.445929 0.985269
vt 0.441669 0.984670
vt 0.446084 0.987520
vt 0.441669 0.989825
vt 0.658261 0.989606
vt 0.657575 0.988690
vt 0.658333 0.988501
vt 0.656824 0.987688
vt 0.658407 0.987377
vt 0.657079 0.986248
vt 0.658486 0.986180
vt 0.656197 0.986851
vt 0.657132 0.985096
vt 0.658547 0.985249
vt 0.657233 0.983912
vt 0.658612 0.984258
vt 0.657666 0.982603
vt 0.658686 0.983144
vt 0.656514 0.985258
vt 0.656101 0.983666
vt 0.656417 0.981940
vt 0.655169 0.983719
vt 0.655169 0.981278
vt 0.655439 0.985839
vt 0.987014 0.047346
vt 0.988059 0.049089
vt 0.986472 0.049335
vt 0.985407 0.047470
vt 0.981636 0.047763
vt 0.983621 0.047609
vt 0.984774 0.049451
vt 0.983225 0.049820
vt 0.989413 0.051350
vt 0.987530 0.051350
vt 0.984406 0.051350
vt 0.985887 0.051350
vt 0.928206 0.347339
vt 0.929670 0.344236
vt 0.931503 0.342979
vt 0.929558 0.346939
vt 0.765515 0.989481
vt 0.765120 0.988123
vt 0.764169 0.984195
vt 0.766426 0.986279
vt 0.795274 0.920698
vt 0.792542 0.923148
vt 0.791809 0.920038
vt 0.793584 0.918225
vt 0.988265 0.833723
vt 0.985220 0.833814
vt 0.985307 0.832116
vt 0.987773 0.832193
vt 0.679101 0.931757
vt 0.676522 0.931932
vt 0.676924 0.928649
vt 0.679494 0.929163
vt 0.998567 0.005687
vt 0.997911 0.007190
vt 0.995560 0.007257
vt 0.995905 0.005245
vt 0.789817 0.917629
vt 0.792749 0.914124
vt 0.794115 0.915274
vt 0.789301 0.924013
vt 0.787321 0.921148
vt 0.790176 0.925384
vt 0.751559 0.478990
vt 0.751619 0.481420
vt 0.748444 0.481093
vt 0.749489 0.478197
vt 0.785339 0.923758
vt 0.787151 0.926237
vt 0.751397 0.485113
vt 0.747832 0.484437
vt 0.744597 0.484184
vt 0.745229 0.480947
vt 0.785296 0.918759
vt 0.787829 0.915573
vt 0.747576 0.488452
vt 0.744255 0.487657
vt 0.740432 0.487256
vt 0.740944 0.484235
vt 0.785965 0.913394
vt 0.789558 0.910543
vt 0.791031 0.912457
vt 0.743850 0.490578
vt 0.740053 0.490085
vt 0.253659 0.923814
vt 0.256406 0.923732
vt 0.256154 0.928454
vt 0.253961 0.928371
vt 0.255548 0.933744
vt 0.253659 0.933537
vt 0.259889 0.923909
vt 0.259024 0.929090
vt 0.256655 0.933830
vt 0.997413 0.626504
vt 0.992494 0.628181
vt 0.992384 0.626504
vt 0.997336 0.626588
vt 0.927265 0.333312
vt 0.931577 0.331044
vt 0.930950 0.334135
vt 0.926839 0.335565
vt 0.930115 0.337630
vt 0.926839 0.339479
vt 0.929416 0.341281
vt 0.927159 0.342044
vt 0.794554 0.912159
vt 0.795274 0.911873
vt 0.794609 0.909732
vt 0.794298 0.908384
vt 0.933830 0.336095
vt 0.932748 0.339286
vt 0.997686 0.432116
vt 0.994929 0.431378
vt 0.992383 0.429808
vt 0.997686 0.429672
vt 0.667990 0.923065
vt 0.667813 0.920026
vt 0.671661 0.919197
vt 0.671438 0.921969
vt 0.671449 0.925380
vt 0.668173 0.926591
vt 0.675165 0.921080
vt 0.674467 0.924909
vt 0.674291 0.928529
vt 0.671468 0.929006
vt 0.668146 0.930330
vt 0.677875 0.924460
vt 0.673871 0.931568
vt 0.764169 0.981278
vt 0.767209 0.983471
vt 0.679341 0.919796
vt 0.675594 0.918686
vt 0.679494 0.918549
vt 0.675815 0.916420
vt 0.679392 0.916846
vt 0.676045 0.915372
vt 0.679152 0.916586
vt 0.749975 0.495304
vt 0.746666 0.495385
vt 0.746881 0.493476
vt 0.750133 0.493678
vt 0.747285 0.491095
vt 0.750125 0.491385
vt 0.743579 0.493188
vt 0.259178 0.919909
vt 0.256511 0.919767
vt 0.259336 0.916914
vt 0.261326 0.917115
vt 0.261494 0.920171
vt 0.261928 0.924535
vt 0.259944 0.929781
vt 0.668536 0.914285
vt 0.672933 0.914466
vt 0.672125 0.916477
vt 0.668032 0.916954
vt 0.663978 0.918447
vt 0.663477 0.915512
vt 0.664579 0.921740
vt 0.751619 0.490846
vt 0.993104 0.005228
vt 0.992383 0.007257
vt 0.981636 0.832116
vt 0.982535 0.833731
vt 0.679189 0.926592
vt 0.992383 0.084884
vt 0.994158 0.083732
vt 0.998324 0.085991
vt 0.992644 0.085991
vt 0.993018 0.557735
vt 0.997553 0.558853
vt 0.992384 0.558853
vt 0.057706 0.964534
vt 0.054576 0.964160
vt 0.056101 0.961388
vt 0.051639 0.963623
vt 0.053505 0.959826
vt 0.049029 0.962029
vt 0.050594 0.958804
vt 0.051543 0.954604
vt 0.053814 0.955802
vt 0.052635 0.952608
vt 0.055582 0.953744
vt 0.053590 0.950863
vt 0.057706 0.949839
vt 0.048054 0.958077
vt 0.049462 0.954478
vt 0.044967 0.957796
vt 0.047268 0.954346
vt 0.046959 0.961130
vt 0.044938 0.960510
vt 0.643431 0.538336
vt 0.643352 0.542870
vt 0.639509 0.544236
vt 0.639091 0.538381
vt 0.637884 0.531275
vt 0.641991 0.535454
vt 0.993194 0.233728
vt 0.992383 0.229855
vt 0.996351 0.231205
vt 0.997950 0.233728
vt 0.634549 0.539025
vt 0.632356 0.532219
vt 0.855079 0.604089
vt 0.853990 0.602926
vt 0.859367 0.606398
vt 0.856721 0.609805
vt 0.982971 0.845230
vt 0.981636 0.842594
vt 0.988196 0.842594
vt 0.987676 0.845561
vt 0.854338 0.611323
vt 0.853130 0.605926
vt 0.841603 0.493986
vt 0.842018 0.488201
vt 0.851291 0.489840
vt 0.852044 0.495833
vt 0.981636 0.537385
vt 0.982977 0.533348
vt 0.987929 0.533418
vt 0.988566 0.537385
vt 0.981636 0.580553
vt 0.988565 0.580553
vt 0.986546 0.583102
vt 0.981814 0.581062
vt 0.110060 0.627131
vt 0.107171 0.631638
vt 0.101217 0.630414
vt 0.105984 0.625087
vt 0.115780 0.626351
vt 0.114265 0.632952
vt 0.114970 0.621312
vt 0.630765 0.539406
vt 0.628578 0.535126
vt 0.634759 0.544735
vt 0.629087 0.543006
vt 0.625035 0.538348
vt 0.992658 0.490129
vt 0.992383 0.485487
vt 0.996877 0.487235
vt 0.997499 0.490129
vt 0.643431 0.550428
vt 0.638554 0.549661
vt 0.988915 0.422755
vt 0.983049 0.423521
vt 0.981636 0.421041
vt 0.987327 0.421041
vt 0.472557 0.989837
vt 0.472557 0.981328
vt 0.475618 0.981278
vt 0.475983 0.985020
vt 0.438946 0.989833
vt 0.435027 0.987121
vt 0.434297 0.981278
vt 0.438946 0.981423
vt 0.996594 0.946900
vt 0.996387 0.950764
vt 0.992627 0.950637
vt 0.992383 0.946900
vt 0.851928 0.507112
vt 0.849087 0.501327
vt 0.853629 0.501023
vt 0.854743 0.504461
vt 0.860347 0.622630
vt 0.854778 0.628478
vt 0.853725 0.627120
vt 0.855798 0.621674
vt 0.847719 0.508671
vt 0.846250 0.503445
vt 0.861705 0.627114
vt 0.855899 0.630145
vt 0.112560 0.639987
vt 0.106165 0.639288
vt 0.619067 0.533310
vt 0.623048 0.527536
vt 0.849582 0.481646
vt 0.854280 0.480794
vt 0.857908 0.490355
vt 0.841577 0.482366
vt 0.626347 0.547931
vt 0.620141 0.539725
vt 0.633272 0.548629
vt 0.966447 0.488033
vt 0.972776 0.489645
vt 0.972408 0.493330
vt 0.966447 0.493720
vt 0.977854 0.490703
vt 0.977550 0.493041
vt 0.841577 0.498207
vt 0.857378 0.616489
vt 0.853044 0.621780
vt 0.855385 0.617501
vt 0.853044 0.627499
vt 0.835151 0.972865
vt 0.835639 0.971757
vt 0.839327 0.973767
vt 0.837889 0.977181
vt 0.836279 0.968916
vt 0.839327 0.967805
vt 0.627158 0.523741
vt 0.631687 0.522454
vt 0.967679 0.516610
vt 0.972834 0.515845
vt 0.973225 0.517274
vt 0.966447 0.520046
vt 0.992383 0.801584
vt 0.993250 0.798632
vt 0.996709 0.798468
vt 0.996990 0.801584
vt 0.973618 0.520046
vt 0.977846 0.517665
vt 0.977721 0.518214
vt 0.997718 0.447245
vt 0.993060 0.448171
vt 0.992383 0.446909
vt 0.997665 0.446909
vt 0.997662 0.437487
vt 0.992383 0.437487
vt 0.994214 0.434839
vt 0.997649 0.436718
vt 0.992383 0.326933
vt 0.992383 0.323388
vt 0.996348 0.323247
vt 0.997824 0.327367
vt 0.993829 0.257239
vt 0.992383 0.255695
vt 0.998020 0.255695
vt 0.639810 0.528439
vt 0.992383 0.785654
vt 0.996981 0.785654
vt 0.996879 0.786255
vt 0.993717 0.789619
vt 0.096806 0.627997
vt 0.099476 0.621312
vt 0.361189 0.978047
vt 0.357463 0.972054
vt 0.361189 0.967805
vt 0.107495 0.643431
vt 0.115536 0.964666
vt 0.111950 0.963936
vt 0.117011 0.962047
vt 0.119203 0.964702
vt 0.111950 0.959665
vt 0.115141 0.959074
vt 0.112480 0.955667
vt 0.117158 0.956601
vt 0.112796 0.952534
vt 0.117948 0.952015
vt 0.112906 0.951060
vt 0.115558 0.949839
vt 0.988929 0.461796
vt 0.985283 0.462279
vt 0.981636 0.461796
vt 0.544866 0.993951
vt 0.544725 0.994436
vt 0.544725 0.993266
vt 0.544968 0.993288
vt 0.096131 0.995532
vt 0.095933 0.994022
vt 0.097576 0.995732
vt 0.095933 0.997155
vt 0.098032 0.993437
vt 0.098718 0.994613
vt 0.098629 0.993266
vt 0.597678 0.993266
vt 0.597964 0.993304
vt 0.597964 0.993703
vt 0.597678 0.993665
vt 0.850150 0.989425
vt 0.848946 0.988190
vt 0.850197 0.987710
vt 0.848952 0.986400
vt 0.850239 0.986155
vt 0.848054 0.987274
vt 0.849269 0.984762
vt 0.850239 0.984240
vt 0.849131 0.982315
vt 0.849830 0.981278
vt 0.254744 0.996626
vt 0.253179 0.995052
vt 0.253239 0.994165
vt 0.254744 0.995445
vt 0.253404 0.993266
vt 0.254744 0.994248
vt 0.847673 0.985672
vt 0.848500 0.985248
vt 0.447545 0.995185
vt 0.447317 0.994250
vt 0.447317 0.993489
vt 0.447749 0.994000
vt 0.447487 0.993266
vt 0.447784 0.993800
vt 0.444114 0.993820
vt 0.444594 0.993481
vt 0.444594 0.994245
vt 0.444360 0.995198
vt 0.444420 0.993266
vt 0.929184 0.241986
vt 0.933986 0.242759
vt 0.931967 0.245373
vt 0.928904 0.244207
vt 0.935728 0.251289
vt 0.934821 0.253184
vt 0.931318 0.251604
vt 0.930173 0.247698
vt 0.929105 0.250993
vt 0.928936 0.247409
vt 0.931287 0.254582
vt 0.928915 0.254020
vt 0.931086 0.256675
vt 0.928904 0.257055
vt 0.933820 0.255425
vt 0.933062 0.258132
vt 0.028323 0.993266
vt 0.028323 0.994561
vt 0.027277 0.994591
vt 0.027034 0.993678
vt 0.024476 0.994495
vt 0.025755 0.994086
vt 0.026090 0.994948
vt 0.025010 0.995441
vt 0.028323 0.997305
vt 0.027429 0.997193
vt 0.027440 0.995828
vt 0.028323 0.995928
vt 0.025891 0.997000
vt 0.025482 0.996276
vt 0.026506 0.995827
vt 0.026752 0.997108
vt 0.996887 0.814443
vt 0.996500 0.816027
vt 0.995322 0.815886
vt 0.995310 0.814724
vt 0.992383 0.815246
vt 0.993829 0.814988
vt 0.993833 0.816185
vt 0.992383 0.816386
vt 0.995791 0.818925
vt 0.994676 0.818860
vt 0.994949 0.817372
vt 0.996136 0.817513
vt 0.992383 0.818725
vt 0.992383 0.817519
vt 0.993760 0.817370
vt 0.993593 0.818796
vt 0.997098 0.183683
vt 0.997709 0.183679
vt 0.998059 0.185623
vt 0.996846 0.184742
vt 0.995764 0.182590
vt 0.996713 0.182522
vt 0.997491 0.182467
vt 0.996065 0.185327
vt 0.994714 0.182897
vt 0.994317 0.185259
vt 0.993807 0.182817
vt 0.993289 0.185605
vt 0.992383 0.182467
vt 0.237095 0.082887
vt 0.232374 0.083486
vt 0.233627 0.067591
vt 0.238208 0.069475
vt 0.237817 0.096306
vt 0.232649 0.097494
vt 0.006040 0.111454
vt 0.012622 0.101847
vt 0.020282 0.102408
vt 0.014364 0.113441
vt 0.978763 0.159020
vt 0.971367 0.160606
vt 0.966447 0.159020
vt 0.967928 0.159987
vt 0.218869 0.045226
vt 0.224749 0.047215
vt 0.218181 0.060662
vt 0.211490 0.057061
vt 0.206231 0.053297
vt 0.217710 0.037468
vt 0.246631 0.046727
vt 0.243650 0.046257
vt 0.243503 0.044208
vt 0.245061 0.042087
vt 0.246688 0.050236
vt 0.243795 0.048277
vt 0.985068 0.001362
vt 0.989628 0.001362
vt 0.989065 0.002986
vt 0.981636 0.002701
vt 0.027488 0.115798
vt 0.018488 0.123211
vt 0.012480 0.134614
vt 0.011118 0.126547
vt 0.205756 0.115519
vt 0.201534 0.098213
vt 0.206792 0.098251
vt 0.212185 0.114643
vt 0.204988 0.124864
vt 0.197940 0.113952
vt 0.199937 0.109256
vt 0.198107 0.098578
vt 0.532652 0.296529
vt 0.542027 0.299862
vt 0.538482 0.305627
vt 0.527638 0.304418
vt 0.200980 0.077259
vt 0.195512 0.084435
vt 0.208899 0.079715
vt 0.213732 0.098704
vt 0.507434 0.302895
vt 0.507391 0.297573
vt 0.603878 0.925194
vt 0.607369 0.931646
vt 0.599507 0.931932
vt 0.594758 0.926463
vt 0.596351 0.914393
vt 0.607369 0.915322
vt 0.879830 0.397437
vt 0.884481 0.407067
vt 0.872825 0.407124
vt 0.873390 0.396445
vt 0.884481 0.421362
vt 0.877383 0.417841
vt 0.232540 0.157480
vt 0.238035 0.148974
vt 0.246744 0.149402
vt 0.245148 0.161332
vt 0.225548 0.147300
vt 0.232200 0.141057
vt 0.238140 0.135022
vt 0.922117 0.676921
vt 0.926238 0.684609
vt 0.921094 0.685564
vt 0.920148 0.680815
vt 0.988278 0.365810
vt 0.988995 0.370653
vt 0.985168 0.370234
vt 0.981636 0.365810
vt 0.346672 0.964121
vt 0.347926 0.951416
vt 0.355006 0.949839
vt 0.358491 0.964121
vt 0.486837 0.914849
vt 0.488144 0.912207
vt 0.487481 0.907472
vt 0.492078 0.912359
vt 0.007905 0.147760
vt 0.008788 0.143757
vt 0.008353 0.139786
vt 0.014164 0.139992
vt 0.016567 0.153643
vt 0.011854 0.153662
vt 0.024515 0.142556
vt 0.024392 0.151368
vt 0.013466 0.159979
vt 0.011415 0.157014
vt 0.031064 0.152556
vt 0.021112 0.159771
vt 0.637555 0.088669
vt 0.639731 0.099283
vt 0.633511 0.101995
vt 0.630070 0.099007
vt 0.368791 0.977886
vt 0.370628 0.967805
vt 0.373089 0.968158
vt 0.375042 0.977886
vt 0.038142 0.150687
vt 0.033587 0.142637
vt 0.040287 0.140494
vt 0.641533 0.110586
vt 0.634628 0.111211
vt 0.040691 0.129452
vt 0.034047 0.132449
vt 0.907331 0.900148
vt 0.916747 0.898658
vt 0.914254 0.905900
vt 0.904922 0.908690
vt 0.996001 0.315797
vt 0.997802 0.320524
vt 0.992421 0.318571
vt 0.992383 0.315797
vt 0.006375 0.193539
vt 0.001534 0.186244
vt 0.004571 0.183773
vt 0.010328 0.188102
vt 0.018911 0.191669
vt 0.016883 0.197395
vt 0.967694 0.079458
vt 0.966447 0.074373
vt 0.978692 0.074373
vt 0.976268 0.078929
vt 0.111953 0.981497
vt 0.112147 0.990051
vt 0.105364 0.990124
vt 0.105364 0.981278
vt 0.499742 0.899501
vt 0.501079 0.906573
vt 0.492768 0.897624
vt 0.026885 0.135604
vt 0.021650 0.131577
vt 0.033895 0.124556
vt 0.028259 0.096008
vt 0.036681 0.109365
vt 0.772497 0.107256
vt 0.762202 0.113574
vt 0.758158 0.096999
vt 0.771987 0.094991
vt 0.028937 0.061680
vt 0.031501 0.061454
vt 0.039785 0.072429
vt 0.029332 0.071525
vt 0.014416 0.063939
vt 0.024814 0.058911
vt 0.012180 0.068091
vt 0.219013 0.024677
vt 0.233411 0.027495
vt 0.232760 0.029899
vt 0.214214 0.030415
vt 0.475686 0.295854
vt 0.474300 0.293082
vt 0.481899 0.295824
vt 0.480001 0.301579
vt 0.008156 0.058223
vt 0.021810 0.058321
vt 0.023950 0.075749
vt 0.013173 0.075377
vt 0.037185 0.081067
vt 0.029292 0.082214
vt 0.041197 0.085991
vt 0.043558 0.080805
vt 0.044542 0.085865
vt 0.771321 0.075237
vt 0.772497 0.084152
vt 0.762197 0.083430
vt 0.765166 0.074762
vt 0.453023 0.964170
vt 0.454554 0.951295
vt 0.461924 0.949839
vt 0.461924 0.962966
vt 0.053739 0.098844
vt 0.048832 0.100207
vt 0.635346 0.142352
vt 0.633814 0.138602
vt 0.636424 0.131220
vt 0.639497 0.135601
vt 0.058839 0.107674
vt 0.052685 0.110427
vt 0.831177 0.376327
vt 0.831006 0.366190
vt 0.837030 0.366140
vt 0.830091 0.379606
vt 0.630070 0.131816
vt 0.632536 0.127986
vt 0.622706 0.989680
vt 0.620250 0.988337
vt 0.619910 0.982869
vt 0.622706 0.981278
vt 0.966447 0.659585
vt 0.972017 0.660093
vt 0.972280 0.662266
vt 0.967576 0.662481
vt 0.982041 0.686236
vt 0.988257 0.686236
vt 0.987002 0.691091
vt 0.981636 0.691756
vt 0.232535 0.109052
vt 0.231242 0.111622
vt 0.227528 0.099519
vt 0.226111 0.081887
vt 0.225193 0.112980
vt 0.221444 0.099212
vt 0.218227 0.080866
vt 0.226411 0.064454
vt 0.230287 0.051464
vt 0.236686 0.055136
vt 0.240748 0.057154
vt 0.218655 0.113999
vt 0.233349 0.126608
vt 0.226435 0.127132
vt 0.223244 0.130088
vt 0.216810 0.134496
vt 0.985084 0.304367
vt 0.989100 0.308900
vt 0.982326 0.308900
vt 0.981636 0.306196
vt 0.544325 0.306829
vt 0.546794 0.301986
vt 0.977682 0.659585
vt 0.977560 0.661989
vt 0.634017 0.122763
vt 0.632961 0.122489
vt 0.633856 0.110373
vt 0.638882 0.123939
vt 0.049126 0.120507
vt 0.040215 0.120248
vt 0.047090 0.114027
vt 0.054052 0.116186
vt 0.043369 0.103743
vt 0.552353 0.290806
vt 0.554224 0.293690
vt 0.536817 0.310115
vt 0.522103 0.308906
vt 0.536061 0.313246
vt 0.521357 0.315073
vt 0.830091 0.350311
vt 0.832259 0.349677
vt 0.996997 0.641871
vt 0.997268 0.644861
vt 0.992383 0.645725
vt 0.992638 0.641871
vt 0.787853 0.977223
vt 0.783995 0.977166
vt 0.783995 0.967805
vt 0.788365 0.974731
vt 0.500553 0.308278
vt 0.492871 0.306416
vt 0.483585 0.294315
vt 0.215205 0.032675
vt 0.231511 0.034053
vt 0.228194 0.040085
vt 0.486995 0.290806
vt 0.036092 0.090097
vt 0.007788 0.075373
vt 0.004092 0.075801
vt 0.001983 0.075830
vt 0.093781 0.081278
vt 0.094901 0.079791
vt 0.094901 0.098697
vt 0.094803 0.098650
vt 0.127467 0.656755
vt 0.134760 0.656011
vt 0.133840 0.675698
vt 0.128161 0.675698
vt 0.903732 0.918645
vt 0.916747 0.914229
vt 0.486837 0.894156
vt 0.012458 0.180333
vt 0.017861 0.171555
vt 0.024080 0.175933
vt 0.020022 0.184232
vt 0.006104 0.176057
vt 0.013767 0.165627
vt 0.744027 0.183878
vt 0.744027 0.194215
vt 0.734150 0.198083
vt 0.738087 0.187292
vt 0.027337 0.185864
vt 0.026563 0.191596
vt 0.026707 0.163655
vt 0.031678 0.167379
vt 0.042654 0.155098
vt 0.735364 0.207185
vt 0.742158 0.206805
vt 0.737763 0.225865
vt 0.735160 0.222835
vt 0.867399 0.055189
vt 0.860791 0.056941
vt 0.859146 0.041189
vt 0.866115 0.040823
vt 0.920148 0.693286
vt 0.926066 0.694678
vt 0.975162 0.632793
vt 0.966447 0.629017
vt 0.966712 0.628974
vt 0.977695 0.628974
vt 0.992383 0.663945
vt 0.997382 0.663945
vt 0.995321 0.664303
vt 0.890418 0.489017
vt 0.897767 0.486373
vt 0.897767 0.501013
vt 0.892241 0.508671
vt 0.231764 0.046001
vt 0.983250 0.742904
vt 0.988294 0.742196
vt 0.987329 0.746249
vt 0.981636 0.746249
vt 0.733823 0.193171
vt 0.736063 0.188755
vt 0.246744 0.050530
vt 0.685155 0.950130
vt 0.684888 0.964299
vt 0.684888 0.949839
vt 0.962712 0.742777
vt 0.949839 0.742777
vt 0.954404 0.742392
vt 0.017313 0.084967
vt 0.008669 0.098279
vt 0.004425 0.098175
vt 0.001534 0.085676
vt 0.767963 0.113882
vt 0.530252 0.409974
vt 0.530252 0.394977
vt 0.536541 0.397694
vt 0.540938 0.400773
vt 0.233654 0.110395
vt 0.236082 0.111785
vt 0.232151 0.131567
vt 0.861112 0.034496
vt 0.867399 0.030253
vt 0.364037 0.993883
vt 0.363854 0.995972
vt 0.363854 0.993266
vt 0.631632 0.100258
vt 0.914849 0.518162
vt 0.906749 0.513093
vt 0.907865 0.498769
vt 0.914849 0.498077
vt 0.997076 0.725656
vt 0.997076 0.729867
vt 0.992384 0.728137
vt 0.918876 0.220024
vt 0.916191 0.220764
vt 0.915810 0.217710
vt 0.918047 0.216783
vt 0.912158 0.217702
vt 0.911994 0.221341
vt 0.916859 0.224333
vt 0.912126 0.224681
vt 0.917921 0.228059
vt 0.911994 0.227746
vt 0.920543 0.221763
vt 0.919395 0.227984
vt 0.917894 0.231559
vt 0.914591 0.213856
vt 0.917874 0.213256
vt 0.997221 0.692351
vt 0.992384 0.692351
vt 0.993680 0.689436
vt 0.722872 0.982173
vt 0.722831 0.985011
vt 0.720136 0.984261
vt 0.721649 0.981278
vt 0.987908 0.936858
vt 0.986529 0.937160
vt 0.984616 0.935005
vt 0.986544 0.933715
vt 0.722872 0.989546
vt 0.719298 0.986850
vt 0.984748 0.937284
vt 0.983366 0.936469
vt 0.981636 0.935542
vt 0.982892 0.933715
vt 0.003514 0.990351
vt 0.001706 0.990363
vt 0.001568 0.987684
vt 0.003766 0.987612
vt 0.995264 0.505912
vt 0.997471 0.505809
vt 0.997570 0.508416
vt 0.995028 0.508293
vt 0.992383 0.507967
vt 0.993082 0.505809
vt 0.005880 0.987843
vt 0.004035 0.984948
vt 0.006447 0.984884
vt 0.004221 0.982094
vt 0.006447 0.981278
vt 0.001362 0.984967
vt 0.001489 0.982531
vt 0.793806 0.709516
vt 0.796978 0.728496
vt 0.789782 0.728697
vt 0.790678 0.714590
vt 0.931632 0.961833
vt 0.927217 0.963721
vt 0.928365 0.952513
vt 0.927217 0.949839
vt 0.442777 0.410473
vt 0.449832 0.410393
vt 0.449832 0.429863
vt 0.433030 0.424305
vt 0.789208 0.225964
vt 0.801331 0.219652
vt 0.792864 0.227522
vt 0.792418 0.231849
vt 0.796288 0.210289
vt 0.808560 0.203161
vt 0.446380 0.440342
vt 0.435229 0.438471
vt 0.996827 0.831261
vt 0.996868 0.834369
vt 0.994076 0.834369
vt 0.992383 0.830638
vt 0.880415 0.153921
vt 0.882030 0.162322
vt 0.882583 0.176360
vt 0.880415 0.178415
vt 0.478084 0.819800
vt 0.483997 0.842549
vt 0.478783 0.848418
vt 0.478084 0.847584
vt 0.323117 0.949839
vt 0.323117 0.963325
vt 0.319074 0.964469
vt 0.317689 0.955024
vt 0.938587 0.984116
vt 0.938157 0.982310
vt 0.939201 0.981278
vt 0.939201 0.989341
vt 0.953479 0.178462
vt 0.963497 0.177953
vt 0.963497 0.181324
vt 0.953289 0.181075
vt 0.949872 0.180871
vt 0.949839 0.179094
vt 0.919055 0.106883
vt 0.917271 0.110086
vt 0.915233 0.109597
vt 0.916315 0.106558
vt 0.915898 0.096967
vt 0.922441 0.097171
vt 0.082313 0.836267
vt 0.077395 0.834575
vt 0.082460 0.830486
vt 0.084748 0.835440
vt 0.994576 0.719596
vt 0.997099 0.719021
vt 0.997099 0.722933
vt 0.992384 0.722806
vt 0.915233 0.093075
vt 0.916795 0.091871
vt 0.077395 0.822098
vt 0.079297 0.822617
vt 0.791802 0.786196
vt 0.801491 0.808919
vt 0.788706 0.810458
vt 0.788706 0.786273
vt 0.803487 0.776497
vt 0.810458 0.793672
vt 0.812339 0.112670
vt 0.809006 0.107470
vt 0.810474 0.101821
vt 0.818595 0.109684
vt 0.808985 0.117843
vt 0.804320 0.109061
vt 0.817168 0.123384
vt 0.084628 0.821487
vt 0.087309 0.825480
vt 0.582455 0.904408
vt 0.582646 0.884106
vt 0.586491 0.885144
vt 0.586491 0.905359
vt 0.480201 0.668106
vt 0.476809 0.667608
vt 0.476582 0.651707
vt 0.480201 0.650489
vt 0.055861 0.993925
vt 0.057532 0.993266
vt 0.057532 0.997205
vt 0.054087 0.996406
vt 0.839750 0.511092
vt 0.841879 0.509541
vt 0.846520 0.518250
vt 0.844976 0.520190
vt 0.839248 0.536521
vt 0.837523 0.537142
vt 0.218273 0.601416
vt 0.218273 0.616859
vt 0.216304 0.615991
vt 0.218234 0.602993
vt 0.837523 0.507956
vt 0.821846 0.108808
vt 0.821846 0.127799
vt 0.811484 0.134760
vt 0.802326 0.123009
vt 0.897767 0.822695
vt 0.897767 0.836330
vt 0.892052 0.836468
vt 0.890517 0.825556
vt 0.897419 0.844622
vt 0.892125 0.843869
vt 0.082028 0.808058
vt 0.083751 0.810893
vt 0.828973 0.967805
vt 0.832428 0.970263
vt 0.830908 0.977219
vt 0.828973 0.976537
vt 0.992384 0.464523
vt 0.994642 0.462617
vt 0.997651 0.464523
vt 0.808194 0.219615
vt 0.808560 0.237253
vt 0.537142 0.439674
vt 0.537142 0.455527
vt 0.527033 0.450429
vt 0.525140 0.439418
vt 0.051546 0.134216
vt 0.055043 0.136658
vt 0.051312 0.124848
vt 0.055043 0.120421
vt 0.802866 0.720679
vt 0.802866 0.744027
vt 0.083971 0.838928
vt 0.084044 0.837081
vt 0.860571 0.214478
vt 0.861704 0.206563
vt 0.861704 0.233457
vt 0.981636 0.604574
vt 0.984135 0.603486
vt 0.988552 0.604574
vt 0.945440 0.967805
vt 0.947192 0.976145
vt 0.945440 0.977129
vt 0.690901 0.941422
vt 0.692331 0.926045
vt 0.700598 0.928779
vt 0.706066 0.941422
vt 0.351727 0.860262
vt 0.346602 0.878787
vt 0.346602 0.853179
vt 0.512467 0.398108
vt 0.512064 0.402223
vt 0.500004 0.402650
vt 0.500004 0.399384
vt 0.757313 0.136133
vt 0.756096 0.154854
vt 0.757313 0.168967
vt 0.754387 0.176517
vt 0.753110 0.172443
vt 0.753107 0.173853
vt 0.751499 0.156644
vt 0.753481 0.136727
vt 0.966447 0.273077
vt 0.977527 0.269123
vt 0.978462 0.273077
vt 0.966447 0.180107
vt 0.978605 0.180107
vt 0.968137 0.183287
vt 0.992383 0.979085
vt 0.994001 0.975692
vt 0.996556 0.979085
vt 0.364421 0.872156
vt 0.363694 0.876526
vt 0.994287 0.968468
vt 0.996697 0.969358
vt 0.992449 0.969358
vt 0.992383 0.968344
vt 0.509250 0.413770
vt 0.508026 0.412770
vt 0.960022 0.782925
vt 0.958039 0.783225
vt 0.956922 0.782092
vt 0.959671 0.781218
vt 0.180195 0.995498
vt 0.178595 0.996693
vt 0.178595 0.994475
vt 0.181199 0.993266
vt 0.181438 0.995204
vt 0.181244 0.996830
vt 0.599317 0.976501
vt 0.597258 0.977575
vt 0.594837 0.972148
vt 0.599399 0.972021
vt 0.595337 0.968140
vt 0.599399 0.967805
vt 0.986672 0.339038
vt 0.982088 0.338455
vt 0.981636 0.335331
vt 0.989092 0.335331
vt 0.961962 0.782101
vt 0.959157 0.779106
vt 0.962431 0.777737
vt 0.955646 0.780797
vt 0.949839 0.778777
vt 0.954463 0.777737
vt 0.629600 0.968356
vt 0.631147 0.968239
vt 0.631186 0.970177
vt 0.629701 0.969913
vt 0.628261 0.969721
vt 0.628050 0.967805
vt 0.629773 0.971756
vt 0.628147 0.971299
vt 0.629756 0.973882
vt 0.627691 0.972930
vt 0.629309 0.975773
vt 0.627371 0.974075
vt 0.631275 0.972017
vt 0.631307 0.974464
vt 0.631307 0.977525
vt 0.956686 0.315004
vt 0.956750 0.317104
vt 0.954568 0.317277
vt 0.954571 0.314817
vt 0.986051 0.551905
vt 0.983972 0.552005
vt 0.984108 0.550710
vt 0.986106 0.551073
vt 0.988628 0.550693
vt 0.988672 0.550823
vt 0.952097 0.692606
vt 0.950832 0.690818
vt 0.952991 0.689031
vt 0.954041 0.690787
vt 0.955044 0.693709
vt 0.953953 0.694032
vt 0.319925 0.993266
vt 0.319875 0.996152
vt 0.318716 0.995780
vt 0.317690 0.993266
vt 0.973012 0.130177
vt 0.971134 0.130690
vt 0.971656 0.128012
vt 0.974697 0.128482
vt 0.977123 0.130063
vt 0.974936 0.131652
vt 0.973023 0.132792
vt 0.978538 0.131581
vt 0.976915 0.133064
vt 0.770163 0.989287
vt 0.769932 0.987134
vt 0.771317 0.987752
vt 0.771237 0.989547
vt 0.412354 0.995272
vt 0.411440 0.995376
vt 0.411440 0.993266
vt 0.413001 0.993695
vt 0.996574 0.609414
vt 0.997419 0.610886
vt 0.995322 0.611042
vt 0.994514 0.608904
vt 0.976997 0.058217
vt 0.973474 0.058855
vt 0.974346 0.056329
vt 0.976784 0.055965
vt 0.350490 0.993266
vt 0.352155 0.994803
vt 0.352599 0.995246
vt 0.350490 0.995957
vt 0.493832 0.964423
vt 0.492881 0.961889
vt 0.493676 0.959689
vt 0.495393 0.961270
vt 0.995064 0.280276
vt 0.994993 0.278350
vt 0.996550 0.279124
vt 0.996735 0.281502
vt 0.960150 0.692878
vt 0.958684 0.694227
vt 0.956509 0.693918
vt 0.958975 0.691288
vt 0.993578 0.281502
vt 0.992383 0.278503
vt 0.492881 0.950062
vt 0.494685 0.949839
vt 0.496356 0.952981
vt 0.493392 0.952419
vt 0.254623 0.975960
vt 0.252667 0.976520
vt 0.252530 0.973515
vt 0.254872 0.973758
vt 0.256700 0.975324
vt 0.255319 0.977905
vt 0.122133 0.993266
vt 0.123934 0.994570
vt 0.124273 0.997071
vt 0.122133 0.996404
vt 0.254530 0.971599
vt 0.256855 0.972527
vt 0.771444 0.982240
vt 0.771349 0.985188
vt 0.769954 0.984147
vt 0.769932 0.981278
vt 0.253984 0.968850
vt 0.256314 0.969932
vt 0.252265 0.970728
vt 0.252186 0.967805
vt 0.982282 0.550532
vt 0.981636 0.552005
vt 0.993310 0.611042
vt 0.992384 0.609488
vt 0.949839 0.688998
vt 0.952058 0.687371
vt 0.952196 0.314544
vt 0.952131 0.316833
vt 0.949839 0.316345
vt 0.949882 0.314702
vt 0.954267 0.319733
vt 0.952062 0.319368
vt 0.949839 0.318778
vt 0.968184 0.051369
vt 0.970116 0.051767
vt 0.968577 0.054182
vt 0.966447 0.053893
vt 0.953216 0.322309
vt 0.951568 0.321927
vt 0.956350 0.319630
vt 0.969761 0.131566
vt 0.968319 0.133064
vt 0.966796 0.130183
vt 0.969178 0.128456
vt 0.994238 0.841853
vt 0.996926 0.842055
vt 0.995287 0.843867
vt 0.992383 0.843867
vt 0.966447 0.127416
vt 0.969855 0.126397
vt 0.966639 0.057064
vt 0.970932 0.054140
vt 0.969244 0.057293
vt 0.973144 0.053510
vt 0.971784 0.056862
vt 0.972385 0.051913
vt 0.958670 0.319184
vt 0.959186 0.315906
vt 0.970748 0.059512
vt 0.144752 0.993266
vt 0.144752 0.996139
vt 0.142017 0.996954
vt 0.142885 0.994562
vt 0.975465 0.053916
vt 0.977449 0.054028
vt 0.962410 0.320240
vt 0.959942 0.320445
vt 0.960498 0.317080
vt 0.963084 0.318565
vt 0.976628 0.052422
vt 0.978558 0.052353
vt 0.423457 0.995331
vt 0.422846 0.994615
vt 0.423135 0.993962
vt 0.423457 0.993266
vt 0.977383 0.051598
vt 0.977575 0.051369
vt 0.997837 0.280966
vt 0.996728 0.280876
vt 0.997010 0.279945
vt 0.997909 0.279606
vt 0.374982 0.995295
vt 0.374526 0.995896
vt 0.374526 0.994171
vt 0.374933 0.993266
vt 0.496369 0.958712
vt 0.493688 0.957208
vt 0.493540 0.954798
vt 0.496103 0.955929
vt 0.250616 0.976567
vt 0.248527 0.976668
vt 0.248768 0.973034
vt 0.250632 0.973337
vt 0.248527 0.969361
vt 0.250492 0.970051
vt 0.956835 0.688840
vt 0.957977 0.690179
vt 0.960062 0.687371
vt 0.961731 0.689042
vt 0.962556 0.691106
vt 0.996689 0.213539
vt 0.995788 0.216012
vt 0.994996 0.212066
vt 0.997919 0.211113
vt 0.992383 0.216012
vt 0.992740 0.212529
vt 0.988111 0.488390
vt 0.988733 0.491387
vt 0.985780 0.491385
vt 0.985599 0.488745
vt 0.981636 0.491387
vt 0.983158 0.489042
vt 0.762606 0.977314
vt 0.760625 0.975900
vt 0.760496 0.974000
vt 0.762097 0.974709
vt 0.762606 0.967805
vt 0.762078 0.970332
vt 0.760710 0.970667
vt 0.760709 0.969129
vt 0.758862 0.974642
vt 0.758876 0.973695
vt 0.758925 0.970374
vt 0.758911 0.971265
vt 0.760552 0.972399
vt 0.758893 0.972496
vt 0.761675 0.972555
vt 0.866676 0.468813
vt 0.868209 0.443966
vt 0.866676 0.443074
vt 0.873093 0.449726
vt 0.848418 0.476405
vt 0.835778 0.458961
vt 0.839750 0.447344
vt 0.848418 0.453394
vt 0.478303 0.880685
vt 0.472179 0.877889
vt 0.474718 0.860437
vt 0.478303 0.855882
vt 0.608120 0.723916
vt 0.617356 0.719877
vt 0.616146 0.729871
vt 0.606920 0.732657
vt 0.599436 0.735087
vt 0.601969 0.723749
vt 0.616192 0.713339
vt 0.600184 0.743977
vt 0.606637 0.743308
vt 0.605939 0.750211
vt 0.598230 0.747972
vt 0.491589 0.867194
vt 0.490043 0.871195
vt 0.483257 0.858976
vt 0.490275 0.857045
vt 0.623643 0.729464
vt 0.629170 0.723521
vt 0.632549 0.733467
vt 0.625276 0.736601
vt 0.615979 0.740266
vt 0.633123 0.740212
vt 0.637737 0.731562
vt 0.637737 0.742515
vt 0.626008 0.745517
vt 0.884481 0.223848
vt 0.876498 0.235355
vt 0.875485 0.235062
vt 0.881581 0.222509
vt 0.875485 0.215662
vt 0.882079 0.210877
vt 0.393349 0.972024
vt 0.391444 0.971501
vt 0.391766 0.967805
vt 0.394459 0.969820
vt 0.394692 0.975293
vt 0.391444 0.978023
vt 0.617149 0.748237
vt 0.622392 0.754292
vt 0.606172 0.755415
vt 0.966447 0.960082
vt 0.977008 0.960082
vt 0.976598 0.962769
vt 0.968891 0.964606
vt 0.651595 0.804822
vt 0.635600 0.809280
vt 0.637632 0.794414
vt 0.651256 0.794222
vt 0.663318 0.789821
vt 0.664310 0.803362
vt 0.653259 0.812400
vt 0.637799 0.816152
vt 0.641660 0.782706
vt 0.655271 0.782706
vt 0.856010 0.141482
vt 0.851662 0.143889
vt 0.847796 0.131678
vt 0.850397 0.129683
vt 0.847796 0.157536
vt 0.977225 0.876975
vt 0.966447 0.876975
vt 0.967662 0.872717
vt 0.975950 0.874929
vt 0.968506 0.347737
vt 0.978266 0.348166
vt 0.978254 0.351234
vt 0.966447 0.351234
vt 0.860162 0.897224
vt 0.863603 0.898285
vt 0.863482 0.915824
vt 0.860162 0.916747
vt 0.871195 0.873093
vt 0.867466 0.872408
vt 0.867249 0.850059
vt 0.871195 0.847380
vt 0.453629 0.762556
vt 0.447102 0.778191
vt 0.442364 0.777016
vt 0.448548 0.762771
vt 0.442364 0.744370
vt 0.447386 0.740490
vt 0.633847 0.718417
vt 0.486179 0.845378
vt 0.491589 0.844832
vt 0.867399 0.736089
vt 0.863862 0.738333
vt 0.863862 0.717827
vt 0.996248 0.519223
vt 0.995713 0.520252
vt 0.994190 0.520252
vt 0.995734 0.518431
vt 0.193739 0.993924
vt 0.194746 0.993605
vt 0.194353 0.995872
vt 0.193282 0.995065
vt 0.997565 0.519333
vt 0.996996 0.520252
vt 0.195613 0.993266
vt 0.195613 0.996821
vt 0.995221 0.517766
vt 0.992383 0.520252
vt 0.978201 0.384120
vt 0.976008 0.385058
vt 0.976077 0.383522
vt 0.974074 0.385885
vt 0.973556 0.383398
vt 0.971588 0.386587
vt 0.971123 0.384106
vt 0.968887 0.386944
vt 0.968976 0.384013
vt 0.966447 0.386755
vt 0.966851 0.383398
vt 0.582318 0.982858
vt 0.585863 0.981278
vt 0.585756 0.983661
vt 0.582775 0.984978
vt 0.585647 0.986074
vt 0.583363 0.987116
vt 0.585787 0.988667
vt 0.584145 0.989153
vt 0.585863 0.989731
vt 0.025847 0.990359
vt 0.025842 0.986917
vt 0.028116 0.987722
vt 0.027294 0.984786
vt 0.025842 0.984355
vt 0.025894 0.981405
vt 0.028479 0.981278
vt 0.030622 0.983317
vt 0.029569 0.985406
vt 0.913648 0.977083
vt 0.911133 0.975692
vt 0.911788 0.973680
vt 0.913914 0.974683
vt 0.912513 0.971759
vt 0.914321 0.972552
vt 0.912232 0.969909
vt 0.914897 0.969998
vt 0.911133 0.967805
vt 0.913816 0.967892
vt 0.985631 0.395284
vt 0.985159 0.393363
vt 0.988242 0.393423
vt 0.988982 0.394938
vt 0.984951 0.391589
vt 0.987451 0.391803
vt 0.982261 0.393497
vt 0.981636 0.391589
vt 0.285279 0.892390
vt 0.287360 0.892001
vt 0.286763 0.893944
vt 0.283386 0.892598
vt 0.293585 0.895042
vt 0.293098 0.897016
vt 0.292362 0.900005
vt 0.287816 0.899218
vt 0.290636 0.903962
vt 0.287198 0.902584
vt 0.286682 0.907718
vt 0.285530 0.904957
vt 0.283397 0.908952
vt 0.283636 0.906220
vt 0.286442 0.911819
vt 0.283386 0.912951
vt 0.294453 0.906619
vt 0.296092 0.902506
vt 0.060255 0.993266
vt 0.060547 0.995351
vt 0.060255 0.997354
vt 0.983510 0.077296
vt 0.984287 0.077169
vt 0.983640 0.078539
vt 0.982467 0.078472
vt 0.981636 0.077350
vt 0.983270 0.076959
vt 0.983990 0.076945
vt 0.968278 0.309363
vt 0.966447 0.309239
vt 0.966675 0.308519
vt 0.967914 0.308035
vt 0.969033 0.307598
vt 0.969583 0.309163
vt 0.968662 0.309626
vt 0.994830 0.706656
vt 0.994586 0.706203
vt 0.995504 0.706116
vt 0.995479 0.706532
vt 0.994152 0.706946
vt 0.993521 0.706988
vt 0.518685 0.994001
vt 0.518685 0.994662
vt 0.518521 0.994501
vt 0.518555 0.993266
vt 0.974913 0.308479
vt 0.974248 0.308559
vt 0.973806 0.308178
vt 0.974609 0.307948
vt 0.986032 0.077762
vt 0.985623 0.078468
vt 0.985058 0.078415
vt 0.985453 0.077422
vt 0.986804 0.077909
vt 0.986185 0.078557
vt 0.535366 0.993266
vt 0.535660 0.993845
vt 0.535366 0.994514
vt 0.535560 0.993809
vt 0.988909 0.077862
vt 0.989445 0.078462
vt 0.988762 0.078807
vt 0.988355 0.078325
vt 0.988117 0.079132
vt 0.987619 0.078483
vt 0.975670 0.308670
vt 0.975834 0.308524
vt 0.976070 0.309164
vt 0.987446 0.079471
vt 0.986886 0.078894
vt 0.986989 0.079701
vt 0.986441 0.079744
vt 0.985811 0.079744
vt 0.985236 0.079744
vt 0.984770 0.079744
vt 0.984187 0.079744
vt 0.984476 0.078420
vt 0.984853 0.077236
vt 0.983408 0.079744
vt 0.576562 0.993266
vt 0.576573 0.993770
vt 0.576378 0.994131
vt 0.576378 0.993587
vt 0.973631 0.308483
vt 0.973265 0.308318
vt 0.972721 0.308353
vt 0.972215 0.306365
vt 0.972784 0.306145
vt 0.973520 0.305928
vt 0.974365 0.306112
vt 0.975224 0.306299
vt 0.975489 0.307738
vt 0.976074 0.306484
vt 0.976349 0.307536
vt 0.976735 0.308246
vt 0.977016 0.308844
vt 0.977170 0.307231
vt 0.977565 0.307894
vt 0.977944 0.308532
vt 0.978352 0.309218
vt 0.977551 0.309626
vt 0.976823 0.306647
vt 0.972078 0.308031
vt 0.971662 0.306578
vt 0.970775 0.306987
vt 0.970954 0.306852
vt 0.970655 0.308548
vt 0.970456 0.307044
vt 0.970314 0.308962
vt 0.969920 0.307252
vt 0.970479 0.309236
vt 0.969886 0.309461
vt 0.993096 0.706437
vt 0.992383 0.705058
vt 0.993491 0.705130
vt 0.994533 0.705100
vt 0.995928 0.705058
vt 0.988099 0.078323
vt 0.987367 0.077648
vt 0.515796 0.993797
vt 0.515798 0.994730
vt 0.515650 0.994011
vt 0.515798 0.993266
vt 0.997233 0.705393
vt 0.995343 0.706618
vt 0.594955 0.993742
vt 0.594787 0.993624
vt 0.594955 0.993266
vt 0.954900 0.457339
vt 0.956726 0.462386
vt 0.950351 0.462386
vt 0.949839 0.455959
vt 0.951221 0.451925
vt 0.958058 0.454077
vt 0.962692 0.461357
vt 0.812478 0.935163
vt 0.809851 0.929076
vt 0.819948 0.930289
vt 0.819948 0.937626
vt 0.808463 0.937355
vt 0.804528 0.929129
vt 0.817028 0.869466
vt 0.811085 0.875843
vt 0.806088 0.874251
vt 0.814860 0.866275
vt 0.809418 0.922451
vt 0.817924 0.921327
vt 0.318157 0.881431
vt 0.320162 0.879381
vt 0.326461 0.886795
vt 0.320675 0.889351
vt 0.805910 0.921692
vt 0.874789 0.953057
vt 0.879377 0.950765
vt 0.879366 0.961480
vt 0.875015 0.958845
vt 0.321670 0.898068
vt 0.326461 0.900473
vt 0.317416 0.901563
vt 0.313178 0.893799
vt 0.901525 0.557517
vt 0.901418 0.551504
vt 0.907257 0.550112
vt 0.905294 0.559783
vt 0.895536 0.560859
vt 0.895536 0.553081
vt 0.896164 0.567091
vt 0.853926 0.072701
vt 0.847535 0.073308
vt 0.847340 0.067121
vt 0.857275 0.070184
vt 0.852426 0.079809
vt 0.847340 0.081139
vt 0.855768 0.082137
vt 0.814929 0.886984
vt 0.810027 0.889647
vt 0.818050 0.878602
vt 0.849595 0.087333
vt 0.857908 0.069243
vt 0.857749 0.083979
vt 0.850623 0.091105
vt 0.446326 0.964421
vt 0.446326 0.949839
vt 0.450300 0.950843
vt 0.449859 0.964316
vt 0.966447 0.850386
vt 0.967247 0.846838
vt 0.977318 0.848428
vt 0.977287 0.850386
vt 0.848201 0.063152
vt 0.883437 0.949839
vt 0.883437 0.963597
vt 0.806088 0.890175
vt 0.896060 0.571306
vt 0.907053 0.560427
vt 0.967243 0.163328
vt 0.977695 0.163546
vt 0.978717 0.165276
vt 0.966447 0.165276
vt 0.932640 0.390373
vt 0.933830 0.397762
vt 0.932322 0.397786
vt 0.930401 0.390708
vt 0.932262 0.406178
vt 0.930401 0.405379
vt 0.216964 0.996537
vt 0.216964 0.994919
vt 0.217496 0.994950
vt 0.217442 0.996579
vt 0.498941 0.994772
vt 0.498319 0.994636
vt 0.498465 0.993318
vt 0.498941 0.993266
vt 0.216964 0.993266
vt 0.217480 0.993416
vt 0.273931 0.996271
vt 0.273745 0.994976
vt 0.274297 0.994958
vt 0.274393 0.996287
vt 0.274821 0.994972
vt 0.274908 0.996305
vt 0.495596 0.994778
vt 0.495072 0.994774
vt 0.495159 0.993302
vt 0.495596 0.993266
vt 0.274116 0.993552
vt 0.274596 0.993477
vt 0.275076 0.993401
vt 0.275346 0.994910
vt 0.275543 0.993328
vt 0.275809 0.994861
vt 0.276224 0.994818
vt 0.276224 0.996350
vt 0.275895 0.996339
vt 0.275421 0.996322
vt 0.275934 0.993266
vt 0.232117 0.993266
vt 0.232180 0.993298
vt 0.231958 0.994781
vt 0.231839 0.994810
vt 0.232468 0.994860
vt 0.232346 0.996457
vt 0.231839 0.996397
vt 0.480919 0.994865
vt 0.480978 0.993266
vt 0.480995 0.993327
vt 0.481069 0.994865
vt 0.232489 0.993376
vt 0.218938 0.996712
vt 0.218460 0.996670
vt 0.218526 0.995071
vt 0.218960 0.995214
vt 0.232988 0.994942
vt 0.233482 0.995027
vt 0.233417 0.996585
vt 0.232878 0.996521
vt 0.217950 0.996624
vt 0.218012 0.995007
vt 0.233921 0.995147
vt 0.233959 0.996650
vt 0.458926 0.994045
vt 0.458540 0.994035
vt 0.458333 0.993266
vt 0.459405 0.993351
vt 0.501664 0.993494
vt 0.502398 0.993266
vt 0.502419 0.994235
vt 0.501664 0.994748
vt 0.459405 0.995021
vt 0.458780 0.994928
vt 0.280772 0.932675
vt 0.282883 0.935075
vt 0.280867 0.937397
vt 0.278454 0.935367
vt 0.277168 0.934417
vt 0.277946 0.932333
vt 0.278061 0.929701
vt 0.281431 0.929274
vt 0.284182 0.930138
vt 0.285286 0.933074
vt 0.286602 0.923863
vt 0.286602 0.934963
vt 0.285412 0.937442
vt 0.284413 0.939524
vt 0.275736 0.931980
vt 0.275721 0.929997
vt 0.275747 0.933372
vt 0.986229 0.836537
vt 0.987142 0.838095
vt 0.985911 0.838386
vt 0.985194 0.836795
vt 0.229116 0.993266
vt 0.229065 0.995226
vt 0.228205 0.995202
vt 0.228502 0.993579
vt 0.988182 0.839871
vt 0.986325 0.839871
vt 0.227750 0.994183
vt 0.227391 0.995119
vt 0.981700 0.839167
vt 0.981636 0.838360
vt 0.983114 0.838499
vt 0.983115 0.839543
vt 0.984438 0.838535
vt 0.984559 0.839871
vt 0.983003 0.837343
vt 0.984126 0.837062
vt 0.229116 0.996690
vt 0.227945 0.996590
vt 0.981636 0.276726
vt 0.982666 0.276726
vt 0.982481 0.277527
vt 0.983711 0.276726
vt 0.983387 0.278387
vt 0.984245 0.279200
vt 0.984493 0.278175
vt 0.986005 0.278607
vt 0.986165 0.279993
vt 0.987721 0.278229
vt 0.989201 0.279902
vt 0.985657 0.276726
vt 0.986390 0.276726
vt 0.984747 0.276726
vt 0.997011 0.821648
vt 0.996202 0.822553
vt 0.995575 0.822906
vt 0.994685 0.821648
vt 0.992383 0.821648
vt 0.994914 0.823278
vt 0.381591 0.994622
vt 0.381138 0.993920
vt 0.381752 0.993266
vt 0.382119 0.993351
vt 0.382081 0.995370
vt 0.381296 0.995727
vt 0.380883 0.995227
vt 0.380428 0.994676
vt 0.382119 0.995701
vt 0.381307 0.995740
vt 0.531820 0.993266
vt 0.532643 0.993615
vt 0.532518 0.993930
vt 0.531820 0.994490
vt 0.586149 0.993292
vt 0.586190 0.993847
vt 0.585616 0.994011
vt 0.585616 0.993266
vt 0.469991 0.994926
vt 0.469958 0.994082
vt 0.470769 0.994093
vt 0.470729 0.994926
vt 0.405370 0.995434
vt 0.404675 0.995046
vt 0.404824 0.994205
vt 0.405370 0.994376
vt 0.547691 0.994389
vt 0.547691 0.993338
vt 0.548149 0.993266
vt 0.548135 0.994141
vt 0.404909 0.993266
vt 0.405370 0.993300
vt 0.557175 0.994222
vt 0.557195 0.993266
vt 0.557722 0.993266
vt 0.557776 0.994080
vt 0.470774 0.993412
vt 0.469926 0.993266
vt 0.404097 0.994724
vt 0.404295 0.994047
vt 0.471537 0.994259
vt 0.471433 0.994926
vt 0.101441 0.997128
vt 0.101441 0.996207
vt 0.102142 0.996295
vt 0.102220 0.997149
vt 0.101441 0.993266
vt 0.102267 0.993787
vt 0.102112 0.994570
vt 0.101441 0.994289
vt 0.103142 0.997175
vt 0.103044 0.996343
vt 0.102781 0.994112
vt 0.102865 0.994819
vt 0.102960 0.995629
vt 0.102079 0.995418
vt 0.101441 0.995224
vt 0.992383 0.837503
vt 0.992663 0.837092
vt 0.993661 0.837520
vt 0.992915 0.838066
vt 0.993921 0.839130
vt 0.993434 0.838615
vt 0.994284 0.838040
vt 0.994870 0.838593
vt 0.323731 0.993420
vt 0.323731 0.994760
vt 0.323221 0.994642
vt 0.323258 0.993339
vt 0.996948 0.837419
vt 0.995825 0.838053
vt 0.995153 0.837508
vt 0.995656 0.837092
vt 0.323731 0.996128
vt 0.323114 0.995809
vt 0.994087 0.837128
vt 0.322648 0.994389
vt 0.322839 0.993266
vt 0.981636 0.615712
vt 0.983988 0.615562
vt 0.984247 0.616898
vt 0.982301 0.617166
vt 0.983552 0.619903
vt 0.982930 0.618543
vt 0.984477 0.618379
vt 0.984498 0.620084
vt 0.988356 0.616024
vt 0.988076 0.616914
vt 0.986011 0.616974
vt 0.986135 0.615562
vt 0.987220 0.619052
vt 0.986068 0.619661
vt 0.986021 0.618214
vt 0.987755 0.617937
vt 0.981636 0.959282
vt 0.983279 0.959103
vt 0.982388 0.960978
vt 0.984525 0.958967
vt 0.983114 0.962614
vt 0.985110 0.960936
vt 0.986491 0.962116
vt 0.985303 0.964370
vt 0.984071 0.963953
vt 0.986327 0.959231
vt 0.987699 0.960289
vt 0.361131 0.995423
vt 0.359375 0.995935
vt 0.359516 0.993672
vt 0.361131 0.993266
vt 0.987699 0.963130
vt 0.986469 0.964765
vt 0.993256 0.067545
vt 0.994777 0.067545
vt 0.994527 0.068783
vt 0.992993 0.068809
vt 0.992383 0.071746
vt 0.992697 0.070234
vt 0.994199 0.070154
vt 0.994069 0.071581
vt 0.998308 0.067545
vt 0.997708 0.069034
vt 0.996214 0.068760
vt 0.996529 0.067545
vt 0.996789 0.071315
vt 0.995392 0.071452
vt 0.995676 0.070013
vt 0.997201 0.070292
vt 0.167951 0.993266
vt 0.171060 0.995187
vt 0.170581 0.996169
vt 0.167951 0.996860
vt 0.136220 0.993266
vt 0.136220 0.996963
vt 0.133496 0.996499
vt 0.133093 0.995287
vt 0.741044 0.930512
vt 0.737922 0.931797
vt 0.737247 0.927581
vt 0.740725 0.927047
vt 0.745925 0.927059
vt 0.744290 0.932779
vt 0.740687 0.935728
vt 0.996008 0.584912
vt 0.992881 0.585402
vt 0.992383 0.583354
vt 0.994528 0.582937
vt 0.996954 0.583603
vt 0.997420 0.585402
vt 0.953827 0.653119
vt 0.954768 0.651740
vt 0.957337 0.653073
vt 0.956722 0.654428
vt 0.950258 0.652640
vt 0.950803 0.650452
vt 0.952236 0.653214
vt 0.949839 0.654324
vt 0.961168 0.645787
vt 0.962379 0.646010
vt 0.960774 0.649448
vt 0.959649 0.646832
vt 0.958901 0.644390
vt 0.960376 0.642797
vt 0.984520 0.388820
vt 0.981636 0.388677
vt 0.981636 0.386124
vt 0.985872 0.385309
vt 0.326454 0.993266
vt 0.328894 0.993981
vt 0.328894 0.996056
vt 0.326795 0.995961
vt 0.212418 0.996691
vt 0.212418 0.993266
vt 0.213762 0.993872
vt 0.214241 0.996738
vt 0.958308 0.650553
vt 0.956898 0.649084
vt 0.426654 0.993266
vt 0.427872 0.995207
vt 0.426180 0.995207
vt 0.426855 0.994106
vt 0.933527 0.981336
vt 0.935434 0.981278
vt 0.935340 0.983633
vt 0.931915 0.983086
vt 0.699204 0.971573
vt 0.698032 0.971683
vt 0.697813 0.969561
vt 0.700194 0.970066
vt 0.698411 0.973402
vt 0.696332 0.974422
vt 0.695776 0.971954
vt 0.734020 0.919869
vt 0.736558 0.919171
vt 0.738116 0.920987
vt 0.734576 0.921988
vt 0.934282 0.985520
vt 0.932684 0.986058
vt 0.995538 0.981808
vt 0.996595 0.984367
vt 0.992486 0.983787
vt 0.992383 0.981808
vt 0.147475 0.995155
vt 0.147693 0.993266
vt 0.148294 0.993480
vt 0.148294 0.997047
vt 0.434434 0.994399
vt 0.434424 0.993368
vt 0.435081 0.993266
vt 0.435081 0.995231
vt 0.739690 0.923809
vt 0.736082 0.924842
vt 0.743864 0.921978
vt 0.693238 0.972052
vt 0.691776 0.969480
vt 0.695174 0.969110
vt 0.693973 0.974868
vt 0.697365 0.976258
vt 0.695061 0.977064
vt 0.691776 0.977208
vt 0.692901 0.976642
vt 0.959426 0.653930
vt 0.959100 0.654977
vt 0.955508 0.646416
vt 0.687772 0.967805
vt 0.689053 0.973467
vt 0.683674 0.977374
vt 0.683674 0.970046
vt 0.264386 0.017219
vt 0.268666 0.015259
vt 0.271418 0.022416
vt 0.263678 0.024674
vt 0.695521 0.967805
vt 0.697290 0.968407
vt 0.935434 0.984613
vt 0.935079 0.986444
vt 0.992383 0.889815
vt 0.996764 0.889815
vt 0.996298 0.892488
vt 0.993118 0.892664
vt 0.734020 0.928482
vt 0.734110 0.931408
vt 0.306251 0.993266
vt 0.306748 0.995320
vt 0.306251 0.996305
vt 0.932855 0.989220
vt 0.270740 0.993266
vt 0.271022 0.995705
vt 0.270289 0.996519
vt 0.270289 0.995562
vt 0.693278 0.972630
vt 0.509736 0.993266
vt 0.509436 0.994685
vt 0.508317 0.993266
vt 0.271418 0.008679
vt 0.985375 0.454393
vt 0.981636 0.453796
vt 0.988938 0.453796
vt 0.741488 0.919895
vt 0.989030 0.387799
vt 0.986561 0.388866
vt 0.045794 0.993266
vt 0.046305 0.995231
vt 0.045794 0.997394
vt 0.438165 0.995243
vt 0.437804 0.994257
vt 0.438165 0.993266
vt 0.285123 0.996396
vt 0.284325 0.995067
vt 0.285123 0.993266
vt 0.962379 0.654739
vt 0.116083 0.993302
vt 0.115912 0.997212
vt 0.115928 0.993266
vt 0.115912 0.993271
vt 0.997994 0.307142
vt 0.995124 0.308327
vt 0.994533 0.307718
vt 0.992383 0.307142
vt 0.578898 0.922312
vt 0.578276 0.927048
vt 0.575597 0.927475
vt 0.575899 0.924001
vt 0.882583 0.913097
vt 0.881966 0.916856
vt 0.878858 0.915812
vt 0.878817 0.911634
vt 0.949839 0.913713
vt 0.955527 0.911963
vt 0.956289 0.913151
vt 0.952438 0.915689
vt 0.950883 0.910524
vt 0.954700 0.910188
vt 0.869013 0.910410
vt 0.872934 0.911414
vt 0.872619 0.915401
vt 0.868692 0.914812
vt 0.578334 0.937626
vt 0.576658 0.936065
vt 0.576372 0.933492
vt 0.578898 0.933477
vt 0.369435 0.700372
vt 0.365729 0.699822
vt 0.365792 0.699987
vt 0.372013 0.698341
vt 0.758355 0.908047
vt 0.757456 0.911053
vt 0.753590 0.910418
vt 0.756191 0.906622
vt 0.761971 0.906720
vt 0.762479 0.908035
vt 0.759697 0.904024
vt 0.975945 0.714836
vt 0.972704 0.714392
vt 0.972610 0.711864
vt 0.977562 0.713042
vt 0.871535 0.926349
vt 0.870276 0.923286
vt 0.873717 0.923126
vt 0.874138 0.927379
vt 0.869607 0.928136
vt 0.867430 0.923871
vt 0.365818 0.696615
vt 0.370921 0.695903
vt 0.986926 0.507599
vt 0.985252 0.505232
vt 0.988412 0.505601
vt 0.988690 0.506711
vt 0.982875 0.507956
vt 0.981636 0.505232
vt 0.781426 0.934108
vt 0.780247 0.935747
vt 0.777202 0.934899
vt 0.777029 0.931670
vt 0.762569 0.902223
vt 0.765181 0.903460
vt 0.757598 0.900977
vt 0.761112 0.899234
vt 0.765162 0.898659
vt 0.370566 0.686341
vt 0.366059 0.686379
vt 0.365729 0.682738
vt 0.369481 0.682738
vt 0.370755 0.689821
vt 0.366217 0.689674
vt 0.776215 0.927642
vt 0.780346 0.928105
vt 0.775744 0.924332
vt 0.779731 0.924134
vt 0.754474 0.903739
vt 0.771907 0.927764
vt 0.771251 0.924794
vt 0.755608 0.897656
vt 0.753590 0.893921
vt 0.756644 0.892356
vt 0.758880 0.895921
vt 0.759901 0.891089
vt 0.762634 0.894681
vt 0.763256 0.890005
vt 0.765667 0.894104
vt 0.766803 0.899073
vt 0.866651 0.918852
vt 0.868044 0.913906
vt 0.868744 0.919213
vt 0.872892 0.919180
vt 0.875988 0.915505
vt 0.876046 0.919401
vt 0.876409 0.923418
vt 0.878928 0.919660
vt 0.879506 0.923380
vt 0.880179 0.926707
vt 0.877356 0.927494
vt 0.969076 0.714836
vt 0.966447 0.712173
vt 0.089779 0.993266
vt 0.093210 0.993405
vt 0.093210 0.996753
vt 0.091026 0.997137
vt 0.881824 0.920004
vt 0.882583 0.922976
vt 0.954925 0.916977
vt 0.958044 0.914112
vt 0.959804 0.914740
vt 0.957975 0.917420
vt 0.996955 0.402396
vt 0.997617 0.404161
vt 0.993271 0.404300
vt 0.992383 0.402396
vt 0.960817 0.910188
vt 0.962161 0.911531
vt 0.152682 0.996601
vt 0.151017 0.996993
vt 0.151087 0.993266
vt 0.152036 0.993266
vt 0.780144 0.939524
vt 0.777045 0.938622
vt 0.774606 0.938926
vt 0.774145 0.934985
vt 0.773261 0.939524
vt 0.771366 0.936373
vt 0.769595 0.932237
vt 0.773102 0.931260
vt 0.984738 0.479748
vt 0.981636 0.479955
vt 0.981659 0.479723
vt 0.984993 0.478934
vt 0.988130 0.478697
vt 0.988856 0.479955
vt 0.993427 0.406639
vt 0.993889 0.405609
vt 0.997368 0.405623
vt 0.996774 0.407553
vt 0.876053 0.911529
vt 0.578583 0.930097
vt 0.575857 0.930535
vt 0.370767 0.692923
vt 0.366083 0.693146
vt 0.673407 0.968176
vt 0.675075 0.967805
vt 0.675250 0.972452
vt 0.673981 0.971977
vt 0.674604 0.977555
vt 0.673407 0.976572
vt 0.994451 0.738128
vt 0.992383 0.735742
vt 0.996091 0.735742
vt 0.997129 0.736534
vt 0.160477 0.993678
vt 0.162120 0.996850
vt 0.158686 0.996850
vt 0.161315 0.993266
vt 0.783885 0.931140
vt 0.783753 0.928094
vt 0.900715 0.260583
vt 0.898595 0.260267
vt 0.899740 0.256993
vt 0.902290 0.255171
vt 0.904196 0.252462
vt 0.905289 0.257971
vt 0.904940 0.262863
vt 0.900573 0.263826
vt 0.906567 0.249994
vt 0.907257 0.254262
vt 0.901563 0.247319
vt 0.903819 0.245057
vt 0.898595 0.246527
vt 0.899994 0.242650
vt 0.893327 0.721250
vt 0.891106 0.718165
vt 0.892576 0.715308
vt 0.896112 0.716799
vt 0.893448 0.711972
vt 0.897767 0.712210
vt 0.893764 0.708773
vt 0.897455 0.707609
vt 0.892965 0.705613
vt 0.896569 0.703474
vt 0.891106 0.703553
vt 0.894403 0.699298
vt 0.900155 0.251970
vt 0.988327 0.638331
vt 0.981636 0.638331
vt 0.982611 0.635419
vt 0.987449 0.635001
vt 0.181502 0.880256
vt 0.181779 0.874581
vt 0.187458 0.874012
vt 0.187140 0.879024
vt 0.075843 0.997254
vt 0.075843 0.993458
vt 0.076927 0.993266
vt 0.077709 0.995908
vt 0.175327 0.878170
vt 0.175507 0.874030
vt 0.982537 0.098590
vt 0.981636 0.096722
vt 0.989460 0.096722
vt 0.989204 0.097442
vt 0.191300 0.882991
vt 0.186592 0.882393
vt 0.193273 0.878510
vt 0.190326 0.886379
vt 0.186714 0.884316
vt 0.304129 0.633186
vt 0.304776 0.636844
vt 0.302483 0.637039
vt 0.300839 0.633694
vt 0.305147 0.644654
vt 0.302636 0.642181
vt 0.306872 0.638092
vt 0.311276 0.637867
vt 0.310084 0.644755
vt 0.308426 0.652921
vt 0.305131 0.652488
vt 0.854868 0.926120
vt 0.863234 0.926621
vt 0.863603 0.931530
vt 0.854447 0.930721
vt 0.863603 0.938777
vt 0.860342 0.940360
vt 0.858155 0.941422
vt 0.853084 0.933600
vt 0.489400 0.922493
vt 0.489565 0.917220
vt 0.495810 0.919063
vt 0.494865 0.923865
vt 0.502726 0.920888
vt 0.499309 0.929402
vt 0.496173 0.914567
vt 0.502977 0.916797
vt 0.301854 0.640591
vt 0.301976 0.642601
vt 0.300839 0.640828
vt 0.986433 0.633314
vt 0.982606 0.633612
vt 0.193599 0.873474
vt 0.981636 0.082467
vt 0.989328 0.083530
vt 0.988903 0.087553
vt 0.981680 0.087553
vt 0.192597 0.867234
vt 0.187078 0.869031
vt 0.185291 0.862306
vt 0.192437 0.861227
vt 0.181884 0.869498
vt 0.181202 0.863605
vt 0.175327 0.868731
vt 0.177524 0.863062
vt 0.489400 0.930034
vt 0.497972 0.912953
vt 0.501855 0.913067
vt 0.996003 0.906693
vt 0.992383 0.906069
vt 0.996851 0.906069
vt 0.113132 0.993266
vt 0.113161 0.995201
vt 0.111940 0.995276
vt 0.113189 0.997131
vt 0.111321 0.997131
vt 0.910127 0.524496
vt 0.909009 0.528226
vt 0.906372 0.527750
vt 0.907514 0.525352
vt 0.911053 0.541589
vt 0.906918 0.544734
vt 0.905715 0.539582
vt 0.911044 0.539594
vt 0.906368 0.536824
vt 0.911045 0.536509
vt 0.906778 0.534181
vt 0.911053 0.533335
vt 0.906973 0.531573
vt 0.909609 0.530956
vt 0.995917 0.777601
vt 0.996041 0.777779
vt 0.994196 0.778208
vt 0.994175 0.777601
vt 0.992408 0.777601
vt 0.992412 0.778245
vt 0.996042 0.742996
vt 0.994265 0.743175
vt 0.994189 0.742589
vt 0.996090 0.742921
vt 0.992383 0.743365
vt 0.992383 0.742604
vt 0.992383 0.741960
vt 0.994134 0.742057
vt 0.992383 0.741351
vt 0.994207 0.741490
vt 0.996528 0.742247
vt 0.996286 0.742619
vt 0.994376 0.740998
vt 0.996781 0.741857
vt 0.994463 0.740991
vt 0.997121 0.741333
vt 0.997089 0.779278
vt 0.994456 0.779766
vt 0.994328 0.779389
vt 0.996627 0.778617
vt 0.994220 0.778799
vt 0.996314 0.778169
vt 0.992416 0.778863
vt 0.992419 0.779431
vt 0.992422 0.779854
vt 0.994373 0.779770
vt 0.992383 0.780005
vt 0.992383 0.740851
vt 0.564078 0.993500
vt 0.564172 0.994198
vt 0.563538 0.994123
vt 0.563538 0.993266
vt 0.985777 0.128485
vt 0.985231 0.127950
vt 0.986082 0.127634
vt 0.986560 0.128496
vt 0.541611 0.993266
vt 0.542002 0.993409
vt 0.542002 0.994454
vt 0.541396 0.993676
vt 0.994079 0.810488
vt 0.993992 0.811114
vt 0.993109 0.811257
vt 0.993696 0.810503
vt 0.995030 0.810488
vt 0.994905 0.810990
vt 0.862132 0.986831
vt 0.861826 0.987116
vt 0.861489 0.986202
vt 0.862176 0.985872
vt 0.861574 0.987515
vt 0.861008 0.986588
vt 0.860712 0.985532
vt 0.861321 0.985152
vt 0.862228 0.984910
vt 0.995986 0.810491
vt 0.995875 0.810951
vt 0.861316 0.984085
vt 0.862291 0.983817
vt 0.997074 0.810496
vt 0.996921 0.810921
vt 0.522014 0.993312
vt 0.522014 0.994601
vt 0.521408 0.994060
vt 0.521672 0.993266
vt 0.983583 0.128050
vt 0.982940 0.128385
vt 0.981636 0.128458
vt 0.983000 0.127517
vt 0.984229 0.126669
vt 0.984700 0.127322
vt 0.984418 0.128423
vt 0.985316 0.126127
vt 0.985665 0.126869
vt 0.986151 0.125905
vt 0.986480 0.126689
vt 0.986983 0.127551
vt 0.987325 0.126557
vt 0.987873 0.127501
vt 0.988400 0.128489
vt 0.987469 0.128494
vt 0.347321 0.993266
vt 0.347537 0.994066
vt 0.346842 0.994066
vt 0.346642 0.993288
vt 0.993969 0.811720
vt 0.994860 0.811561
vt 0.988723 0.127386
vt 0.989376 0.128496
vt 0.347767 0.994908
vt 0.346710 0.994860
vt 0.347403 0.996059
vt 0.346642 0.995281
vt 0.862303 0.988434
vt 0.862033 0.989056
vt 0.861194 0.987852
vt 0.992383 0.811234
vt 0.993211 0.810555
vt 0.861752 0.989368
vt 0.860833 0.988144
vt 0.860233 0.987245
vt 0.860627 0.986910
vt 0.859768 0.986392
vt 0.860220 0.985961
vt 0.859346 0.985452
vt 0.859843 0.984976
vt 0.860478 0.984344
vt 0.862294 0.983245
vt 0.861107 0.983289
vt 0.861745 0.982216
vt 0.862299 0.982146
vt 0.862303 0.981278
vt 0.859384 0.986714
vt 0.858904 0.985876
vt 0.579846 0.993266
vt 0.579844 0.993989
vt 0.579467 0.994057
vt 0.579296 0.993266
vt 0.566956 0.993266
vt 0.567328 0.993266
vt 0.567383 0.994202
vt 0.566895 0.994015
vt 0.236948 0.993266
vt 0.237413 0.993468
vt 0.237592 0.994396
vt 0.236821 0.994093
vt 0.237592 0.995532
vt 0.236682 0.994993
vt 0.237291 0.996707
vt 0.236755 0.995979
vt 0.505142 0.994317
vt 0.505142 0.993266
vt 0.505594 0.993449
vt 0.505541 0.994753
vt 0.512459 0.994715
vt 0.512459 0.993585
vt 0.512708 0.993266
vt 0.512927 0.994334
vt 0.524737 0.994369
vt 0.524793 0.993266
vt 0.525188 0.993369
vt 0.525188 0.994593
vt 0.860507 0.988322
vt 0.859906 0.987499
vt 0.988143 0.126399
vt 0.986897 0.125708
vt 0.987624 0.125515
vt 0.993463 0.681986
vt 0.993843 0.682344
vt 0.993276 0.683022
vt 0.992715 0.682428
vt 0.996154 0.963679
vt 0.996600 0.964384
vt 0.995797 0.964232
vt 0.995465 0.963555
vt 0.538673 0.993266
vt 0.538673 0.993959
vt 0.538520 0.994487
vt 0.538383 0.993567
vt 0.477694 0.994867
vt 0.477694 0.993897
vt 0.477870 0.993266
vt 0.478196 0.994417
vt 0.994674 0.681738
vt 0.995287 0.682280
vt 0.994497 0.682969
vt 0.995164 0.963019
vt 0.994447 0.963570
vt 0.994117 0.963027
vt 0.993506 0.963624
vt 0.993234 0.963019
vt 0.994800 0.964209
vt 0.993779 0.964201
vt 0.992860 0.964195
vt 0.992781 0.963610
vt 0.994981 0.964986
vt 0.994111 0.964895
vt 0.993190 0.964899
vt 0.992489 0.964966
vt 0.992383 0.964347
vt 0.994200 0.965520
vt 0.993354 0.965403
vt 0.992565 0.965411
vt 0.259774 0.993266
vt 0.259787 0.994003
vt 0.259478 0.994066
vt 0.259464 0.993269
vt 0.258818 0.994076
vt 0.258758 0.993268
vt 0.258201 0.994073
vt 0.258143 0.993267
vt 0.257557 0.994036
vt 0.257524 0.993266
vt 0.996942 0.683684
vt 0.996239 0.683508
vt 0.996960 0.682894
vt 0.997284 0.683434
vt 0.995653 0.682939
vt 0.996537 0.682190
vt 0.996245 0.681704
vt 0.257467 0.994644
vt 0.258265 0.994879
vt 0.995120 0.683543
vt 0.258923 0.994887
vt 0.258996 0.995697
vt 0.258196 0.995514
vt 0.259582 0.994880
vt 0.259694 0.995691
vt 0.259760 0.996564
vt 0.258983 0.996427
vt 0.994016 0.683617
vt 0.259909 0.994844
vt 0.260016 0.995658
vt 0.582893 0.994061
vt 0.582569 0.993945
vt 0.582582 0.993458
vt 0.582893 0.993266
vt 0.995022 0.965621
vt 0.995849 0.965053
vt 0.995634 0.965555
vt 0.393645 0.993399
vt 0.393645 0.994056
vt 0.392985 0.993888
vt 0.393011 0.993266
vt 0.393645 0.994769
vt 0.392970 0.994532
vt 0.393645 0.995490
vt 0.392892 0.995106
vt 0.392207 0.994756
vt 0.392287 0.994201
vt 0.392354 0.993551
vt 0.573655 0.993266
vt 0.573655 0.994029
vt 0.572943 0.994111
vt 0.573316 0.993310
vt 0.996623 0.965011
vt 0.992850 0.683684
vt 0.992383 0.682933
vt 0.554065 0.994272
vt 0.554065 0.993389
vt 0.554425 0.993266
vt 0.554452 0.993600
vt 0.923932 0.147901
vt 0.924242 0.145933
vt 0.926370 0.146317
vt 0.925963 0.148888
vt 0.928136 0.149944
vt 0.928136 0.146608
vt 0.927527 0.132598
vt 0.927784 0.136269
vt 0.926242 0.136461
vt 0.926125 0.133437
vt 0.924702 0.134289
vt 0.924714 0.136579
vt 0.926362 0.138995
vt 0.924724 0.138993
vt 0.926418 0.141393
vt 0.924699 0.141380
vt 0.926426 0.143834
vt 0.924598 0.143671
vt 0.927984 0.138932
vt 0.928128 0.141378
vt 0.928133 0.143851
vt 0.984887 0.035147
vt 0.985722 0.035170
vt 0.985309 0.036662
vt 0.983352 0.036674
vt 0.988565 0.035247
vt 0.988991 0.036723
vt 0.987924 0.036846
vt 0.987678 0.035223
vt 0.981636 0.038381
vt 0.984605 0.038014
vt 0.989470 0.038381
vt 0.988017 0.038182
vt 0.986468 0.037970
vt 0.986657 0.036791
vt 0.986769 0.035199
vt 0.241787 0.993930
vt 0.241371 0.993266
vt 0.243060 0.993266
vt 0.242727 0.994453
vt 0.241438 0.994181
vt 0.240981 0.993721
vt 0.242009 0.994836
vt 0.242993 0.996308
vt 0.242386 0.996397
vt 0.241715 0.996496
vt 0.241449 0.995248
vt 0.241048 0.994571
vt 0.240633 0.994128
vt 0.240925 0.995468
vt 0.240652 0.994992
vt 0.240315 0.994498
vt 0.240986 0.996602
vt 0.995112 0.826002
vt 0.996000 0.826427
vt 0.995240 0.826739
vt 0.994590 0.826361
vt 0.589118 0.994012
vt 0.588913 0.993438
vt 0.589140 0.993266
vt 0.589140 0.993722
vt 0.995443 0.656075
vt 0.995282 0.655859
vt 0.996038 0.655382
vt 0.996352 0.655687
vt 0.996539 0.654935
vt 0.997339 0.655412
vt 0.994785 0.655401
vt 0.995322 0.654967
vt 0.995823 0.654507
vt 0.994663 0.654566
vt 0.995143 0.654101
vt 0.994091 0.654170
vt 0.994498 0.653716
vt 0.994198 0.655014
vt 0.993667 0.654643
vt 0.993790 0.655497
vt 0.993245 0.655114
vt 0.993292 0.655928
vt 0.992846 0.655560
vt 0.992754 0.655777
vt 0.992383 0.656075
vt 0.992383 0.826141
vt 0.992918 0.826002
vt 0.993277 0.826120
vt 0.992812 0.826528
vt 0.993675 0.826455
vt 0.993201 0.826879
vt 0.994066 0.826794
vt 0.993590 0.827231
vt 0.994528 0.827115
vt 0.993984 0.827586
vt 0.995096 0.827579
vt 0.994349 0.827915
vt 0.995975 0.827184
vt 0.996966 0.826738
vt 0.994177 0.826126
vt 0.993869 0.826088
vt 0.994236 0.655897
vt 0.994521 0.655902
vt 0.993634 0.655853
vt 0.971753 0.498464
vt 0.973004 0.497425
vt 0.975111 0.496443
vt 0.975653 0.496790
vt 0.966447 0.498115
vt 0.968690 0.496443
vt 0.974354 0.499281
vt 0.971783 0.501839
vt 0.968247 0.500942
vt 0.976836 0.497548
vt 0.977841 0.498191
vt 0.976114 0.500008
vt 0.974753 0.501440
vt 0.942694 0.974819
vt 0.940710 0.975930
vt 0.940652 0.973594
vt 0.942701 0.973454
vt 0.938760 0.977022
vt 0.938949 0.973802
vt 0.942717 0.970573
vt 0.942711 0.971698
vt 0.940546 0.971379
vt 0.940855 0.969270
vt 0.938760 0.967805
vt 0.938910 0.971080
vt 0.612990 0.860848
vt 0.610244 0.866105
vt 0.607222 0.863582
vt 0.610233 0.859581
vt 0.607937 0.868138
vt 0.605372 0.866705
vt 0.612523 0.870800
vt 0.609213 0.872253
vt 0.612211 0.880643
vt 0.609867 0.882981
vt 0.608748 0.878637
vt 0.613063 0.876900
vt 0.605372 0.879255
vt 0.605501 0.875947
vt 0.998036 0.161755
vt 0.995655 0.166728
vt 0.992383 0.166095
vt 0.992383 0.162110
vt 0.996588 0.847264
vt 0.996863 0.849833
vt 0.992383 0.849833
vt 0.993328 0.846590
vt 0.605699 0.884481
vt 0.996884 0.620683
vt 0.997331 0.623053
vt 0.992383 0.623781
vt 0.992383 0.620422
vt 0.992383 0.712945
vt 0.993216 0.709777
vt 0.997161 0.709710
vt 0.997021 0.712945
vt 0.342595 0.995984
vt 0.341272 0.995984
vt 0.343350 0.993266
vt 0.343919 0.995984
vt 0.295842 0.996393
vt 0.295842 0.994830
vt 0.295842 0.993266
vt 0.286843 0.951394
vt 0.287310 0.950702
vt 0.289926 0.952965
vt 0.288928 0.953791
vt 0.993181 0.384287
vt 0.997684 0.383051
vt 0.997684 0.384551
vt 0.992992 0.385052
vt 0.286843 0.964465
vt 0.287543 0.960211
vt 0.289865 0.959854
vt 0.289646 0.963516
vt 0.338549 0.996013
vt 0.336948 0.996044
vt 0.336948 0.993266
vt 0.337734 0.993612
vt 0.971161 0.325047
vt 0.974875 0.323983
vt 0.974900 0.325544
vt 0.971254 0.326378
vt 0.966543 0.327511
vt 0.966447 0.327603
vt 0.997684 0.387999
vt 0.992383 0.387517
vt 0.992675 0.386337
vt 0.997684 0.386026
vt 0.971418 0.327470
vt 0.966644 0.327616
vt 0.996696 0.972969
vt 0.992412 0.972886
vt 0.992383 0.972081
vt 0.996639 0.972081
vt 0.287891 0.949839
vt 0.291091 0.952406
vt 0.291818 0.956096
vt 0.290389 0.956287
vt 0.291698 0.952190
vt 0.292939 0.956082
vt 0.293721 0.959081
vt 0.291963 0.959436
vt 0.974971 0.327225
vt 0.978150 0.325277
vt 0.977783 0.327616
vt 0.984441 0.919784
vt 0.983953 0.923898
vt 0.981636 0.923791
vt 0.982375 0.920291
vt 0.986219 0.919610
vt 0.986007 0.923977
vt 0.987919 0.921371
vt 0.987949 0.923977
vt 0.288684 0.956400
vt 0.978266 0.323369
vt 0.520933 0.971465
vt 0.518128 0.970159
vt 0.519422 0.967805
vt 0.523093 0.969688
vt 0.523093 0.977695
vt 0.519958 0.976747
vt 0.976076 0.318360
vt 0.978336 0.320646
vt 0.974888 0.320585
vt 0.974559 0.318486
vt 0.968699 0.317632
vt 0.969845 0.317935
vt 0.969352 0.320388
vt 0.966447 0.320646
vt 0.971557 0.318388
vt 0.971322 0.320320
vt 0.972948 0.318621
vt 0.973005 0.320453
vt 0.301876 0.993266
vt 0.302362 0.993716
vt 0.302057 0.994814
vt 0.301876 0.994749
vt 0.303528 0.994794
vt 0.302862 0.995369
vt 0.302881 0.995258
vt 0.303275 0.994560
vt 0.301876 0.996192
vt 0.302011 0.996203
vt 0.302617 0.996251
vt 0.302576 0.996248
vt 0.302397 0.996234
vt 0.302608 0.995090
vt 0.302980 0.994287
vt 0.302197 0.996218
vt 0.302327 0.994915
vt 0.302676 0.994006
s 1
usemtl tripo_mat_92f6133e-4035-43a8-b614-e28aa9da3fb2
f 1/1 6/2 827/3 828/4
f 1/5 829/6 830/7 831/8
f 1/9 832/10 833/11 6/12
f 1/5 828/13 67/14 829/6
f 2/15 829/6 67/14 834/16
f 2/15 834/16 835/17 836/18
f 2/15 836/18 830/7 829/6
f 3/19 837/20 838/21 839/22
f 4/23 843/24 844/25 845/26
f 4/23 846/27 847/28 843/24
f 5/29 848/30 849/31 850/32
f 5/29 851/33 852/34 848/30
f 6/12 833/11 853/35 827/36
f 8/37 854/38 855/39 856/40
f 8/41 838/21 837/20 857/42
f 8/37 857/43 858/44 854/38
f 9/45 859/46 860/47 861/48
f 10/49 862/50 863/51 864/52
f 10/53 864/54 865/55 866/56
f 10/53 866/56 867/57 862/58
f 11/59 868/60 869/61
f 11/59 12/62 870/63 868/60
f 13/64 871/65 872/66 873/67
f 13/64 873/67 874/68 875/69
f 13/64 875/69 876/70 871/65
f 12/71 11/72 877/73 878/74
f 14/75 867/76 866/77 879/78
f 15/79 880/80 881/81 865/82
f 832/83 882/84 880/80 15/79
f 15/79 865/82 833/85 832/83
f 16/86 883/87 884/88 885/89
f 17/90 887/91 18/92 888/93
f 18/92 887/91 889/94 890/95
f 18/92 891/96 892/97 888/93
f 18/98 890/99 831/100 893/101
f 18/92 893/102 894/103 891/96
f 19/104 895/105 896/106 897/107
f 20/108 898/109 899/110 900/111
f 20/108 901/112 902/113 898/109
f 21/114 906/115 907/116 908/117
f 22/118 24/119 909/120 910/121
f 22/122 911/123 912/124 24/125
f 23/126 913/127 914/128 915/129
f 23/126 916/130 917/131 913/127
f 23/126 918/132 919/133 916/130
f 25/134 920/135 921/136 922/137
f 25/134 923/138 924/139 920/135
f 26/140 926/141 927/142 928/143
f 27/144 928/143 927/142 931/145
f 27/144 931/145 932/146 933/147
f 27/144 933/147 934/148 928/143
f 28/149 743/150 892/151 891/152
f 28/153 32/154 935/155 936/156
f 28/149 891/152 894/157 32/158
f 29/159 937/160 938/161 939/162
f 29/159 940/163 941/164 937/160
f 29/159 939/162 942/165 940/163
f 30/166 943/167 945/168 946/169
f 32/158 894/157 947/170 935/171
f 34/172 948/173 35/174 36/175
f 894/103 893/102 948/173 34/172
f 34/172 36/175 947/176 894/103
f 35/177 836/178 835/179 59/180
f 35/181 59/182 949/183 58/184
f 35/185 58/186 950/187 36/188
f 36/175 950/189 951/190 947/176
f 37/191 950/187 58/186 952/192
f 37/193 952/194 953/195 954/196
f 37/197 954/198 951/199 950/200
f 38/201 955/202 956/203 957/204
f 38/201 957/204 958/205 959/206
f 38/201 959/206 960/207 955/202
f 959/208 958/209 961/210 960/211
f 39/212 962/213 963/214 964/215
f 39/216 964/217 965/218 966/219
f 967/220 968/221 44/222 56/223
f 40/224 41/225 969/226 731/227
f 40/228 731/229 970/230 971/231
f 40/232 972/233 973/234 41/235
f 41/236 973/237 974/238 969/239
f 42/240 975/241 976/242 977/243
f 42/244 977/245 978/246 979/247
f 42/240 979/248 980/249 975/241
f 43/250 981/251 982/252 983/253
f 43/250 984/254 985/255 981/251
f 43/250 983/253 986/256 984/254
f 44/257 46/258 989/259 987/260
f 44/222 968/221 990/261 991/262
f 44/222 991/262 992/263 46/264
f 45/265 993/266 994/267 995/268
f 45/265 996/269 997/270 993/266
f 45/271 998/272 999/273 1000/274
f 45/271 995/275 1001/276 998/272
f 47/277 1004/278 1005/279 1002/280
f 47/277 1003/281 1006/282 1004/278
f 48/283 1007/284 1008/285 1009/286
f 49/287 1010/288 1011/289 1012/290
f 49/291 1008/285 1007/284 1010/292
f 50/293 977/294 976/295 1013/296
f 50/297 1013/298 1014/299 1015/300
f 50/301 1015/302 978/246 977/245
f 51/303 979/247 978/246 1016/304
f 51/305 1016/306 1017/307 1018/308
f 51/309 1018/310 1019/311 1020/312
f 52/313 1021/314 984/254 986/256
f 52/313 1022/315 1023/316 1021/314
f 52/317 986/318 53/319 54/320
f 53/321 986/322 983/323 1024/324
f 53/321 1024/324 1025/325 1026/326
f 53/327 1026/328 1027/329 1028/330
f 55/331 967/220 56/223 1029/332
f 55/333 1030/334 1031/335 1032/336
f 55/333 1029/337 1033/338 1030/334
f 56/339 1034/340 1028/341 1027/342
f 56/339 1027/342 1035/343 1029/337
f 56/223 44/222 1036/344 1034/345
f 57/346 40/228 971/231 1037/347
f 57/348 952/349 58/184 1038/350
f 57/346 1037/347 953/351 952/352
f 58/184 949/183 1039/353 1038/350
f 66/354 64/355 1042/356 59/357
f 1040/358 1041/359 64/355 66/354
f 59/360 835/361 1040/362 66/363
f 59/357 1042/356 62/364 1043/365
f 60/366 1044/367 1045/368 61/369
f 61/369 1045/368 1046/370 1047/371
f 62/372 1048/373 1049/374 1043/375
f 62/372 1050/376 1051/377 1048/373
f 62/372 1052/378 1053/379 1054/380
f 63/381 1055/382 1031/383 1030/384
f 63/385 955/386 960/387 1055/388
f 63/389 1030/334 1033/338 1056/390
f 64/355 1041/359 1057/391 1042/356
f 65/392 1058/393 1052/378 62/372
f 1057/394 1059/395 1058/393 65/392
f 65/396 62/397 1042/398 1057/399
f 67/14 828/13 1060/400 1061/401
f 67/14 1062/402 1063/403 834/16
f 68/404 1064/405 1065/406 1066/407
f 68/408 1067/409 1068/410 1064/411
f 68/404 1066/407 1069/412 1070/413
f 70/414 1071/415 1072/416 1073/417
f 70/414 1074/418 1075/419 1071/415
f 70/414 73/420 1076/421 1074/418
f 71/422 806/423 1077/424 1078/425
f 71/422 1078/425 1079/426 1080/427
f 71/428 1080/429 1081/430 793/431
f 1083/432 1084/433 1085/434 793/435
f 71/436 1082/437 1083/438 793/439
f 72/440 1074/418 1076/421 1077/424
f 72/440 1077/424 806/423 1086/441
f 73/442 1087/443 1088/444 1089/445
f 74/446 1090/447 1091/448 1092/449
f 75/450 1093/451 1094/452 1095/453
f 76/454 1096/455 1097/456 1098/457
f 76/458 1098/459 1099/460 1100/461
f 76/454 1100/462 1101/463 80/464
f 77/465 1102/466 1103/467 1104/468
f 77/469 1105/470 1106/471 1107/472
f 77/469 1107/472 1108/473 1109/474
f 77/475 1109/476 1110/477 1102/478
f 78/479 1111/480 1112/481 1113/482
f 78/483 1113/484 1114/485 1115/486
f 78/487 1116/488 79/489 1111/490
f 79/491 1117/492 1118/493 1111/480
f 81/494 83/495 1119/496 1120/497
f 80/464 81/494 1120/497 76/454
f 81/498 80/499 85/500 83/501
f 82/502 1125/503 1121/504 1124/505
f 83/495 85/506 1126/507 1124/508
f 83/509 1124/510 1127/511 1128/512
f 83/513 1128/514 1129/515 1130/516
f 83/517 1130/518 84/519 1119/520
f 84/521 1122/522 1121/523 1119/524
f 84/525 1131/526 1132/527 1122/528
f 85/500 80/499 1101/529 1126/530
f 86/531 1133/532 1134/533 1135/534
f 87/535 1136/536 1137/537 1138/538
f 88/539 1139/540 1140/541 208/542
f 88/539 1141/543 1142/544 1139/540
f 88/539 1143/545 89/546 1141/543
f 88/539 208/542 203/547 1144/548
f 89/549 1145/550 1146/551 1141/552
f 89/546 1143/545 1147/553 1145/554
f 90/555 1148/556 1149/557 1150/558
f 90/555 1151/559 1152/560 1148/556
f 90/555 1150/558 94/561 1151/559
f 91/562 92/563 1153/564 93/565
f 91/562 1060/566 1154/567 92/563
f 91/568 1155/569 1156/570 1157/571
f 91/568 1157/571 1061/401 1060/400
f 92/563 1154/567 1158/572 1153/564
f 93/565 1153/564 1159/573 1118/574
f 93/575 1118/576 1117/577 1160/578
f 94/561 1150/558 1161/579 1106/580
f 94/561 1106/580 1105/581 1162/582
f 94/561 1162/582 1163/583 1151/559
f 95/584 1164/585 86/586 1135/587
f 95/588 1165/589 1166/590 1164/591
f 95/592 1135/593 1167/594 1165/595
f 96/596 1168/597 1169/598 1170/599
f 96/600 1170/601 1171/602 1172/603
f 96/596 1173/604 1174/605 1175/606
f 96/600 1172/603 1176/607 1173/608
f 97/609 101/610 1177/611 1178/612
f 97/613 1178/614 1179/615 1180/616
f 97/617 1181/618 1182/619 209/620
f 97/613 1180/616 1183/621 1181/622
f 98/623 1184/624 1185/625 1186/626
f 98/627 1187/628 1188/629 1184/630
f 98/631 1186/632 1189/633 1187/634
f 99/635 1190/636 101/610 97/609
f 100/637 1191/638 1192/639 1193/640
f 100/637 1193/640 1194/641 1195/642
f 101/643 1196/644 1197/645 1198/646
f 101/610 1198/647 1199/648 1177/611
f 102/649 1200/650 1201/651 165/652
f 102/653 165/654 103/655 1202/656
f 103/655 1203/657 121/658 1202/656
f 104/659 1204/660 1205/661 105/662
f 104/663 167/664 169/665 1204/666
f 104/667 1206/668 168/669 167/670
f 106/671 1207/672 1208/673 1209/674
f 106/671 1209/674 1210/675 1211/676
f 106/671 1211/676 1212/677 1207/672
f 107/678 1213/679 1188/680 1187/681
f 107/678 1214/682 1215/683 1213/679
f 107/684 1187/634 1189/633 1214/685
f 108/686 1182/687 1189/633 1186/632
f 108/688 1216/689 209/620 1182/619
f 108/688 1186/626 1185/625 1216/689
f 109/690 1217/691 1218/692 1219/693
f 109/690 1219/693 1220/694 1221/695
f 109/690 1221/695 1222/696 1217/691
f 110/697 1223/698 1224/699 1225/700
f 110/697 1226/701 1227/702 1223/698
f 110/703 1225/704 1228/705 1229/706
f 110/697 1229/707 1230/708 1231/709
f 111/710 1232/711 1233/712 1234/713
f 111/714 1228/705 1225/704 1235/715
f 112/716 1236/717 1237/718 113/719
f 112/720 1231/721 1230/722 1236/723
f 112/716 113/719 1238/724 115/725
f 112/726 115/727 114/728 1239/729
f 113/730 1237/731 1240/732 1238/733
f 114/734 115/735 1238/736 116/737
f 114/734 1241/738 119/739 1242/740
f 114/734 116/737 1243/741 1241/738
f 114/742 1242/743 1244/744 1239/745
f 116/737 1238/736 1240/746 1243/741
f 117/747 1245/748 1246/749 1247/750
f 117/751 1247/752 1248/753 1249/754
f 117/755 1249/756 1250/757 124/758
f 117/759 124/760 1251/761 1252/762
f 117/763 1252/764 1253/765 1245/766
f 118/767 123/768 1254/769 1255/770
f 119/771 1256/772 1257/773 122/774
f 121/775 1203/776 122/777 1258/778
f 121/775 1259/779 1260/780 1202/781
f 122/777 1257/782 1261/783 1258/778
f 123/784 118/785 1250/786 1249/754
f 123/784 1249/754 1248/753 1262/787
f 124/788 1250/789 1263/790 1251/791
f 125/792 1264/793 1265/794 1266/795
f 125/792 1267/796 1268/797 1264/793
f 126/798 1269/799 1270/800 1271/801
f 126/798 990/261 968/221 1269/799
f 126/798 138/802 1272/803 990/261
f 127/804 1273/805 1274/806 1275/807
f 127/808 1276/809 1277/810 1273/811
f 126/812 1278/813 1279/814 1280/815
f 126/816 1271/817 1281/818 1278/819
f 128/820 1282/821 1283/822 1284/823
f 128/820 1285/824 1286/825 1282/821
f 128/820 1284/823 1287/826 1288/827
f 129/828 1289/829 1290/830 128/831
f 129/832 128/833 1291/834 1292/835
f 129/828 1292/836 1293/837 1289/829
f 130/838 1294/839 1295/840 1296/841
f 130/842 1296/843 1297/844 1265/845
f 131/846 1298/847 1299/848 1300/849
f 131/850 1301/851 1302/852 1298/853
f 131/854 1300/855 1303/856 1304/857
f 131/854 1304/857 1305/858 133/859
f 132/860 1306/861 1307/862 1308/863
f 1310/864 1311/865 1306/861 132/860
f 132/866 1308/867 1309/868 1310/869
f 125/792 1266/795 1312/870 1313/871
f 133/872 1305/873 1314/874 1315/875
f 134/876 1316/877 1317/878 1318/879
f 134/876 1318/879 1319/880 1320/881
f 134/876 1320/881 1321/882 1316/877
f 135/883 1322/884 1323/885 1324/886
f 135/887 1324/888 1325/889 1326/890
f 135/883 153/891 1327/892 1322/884
f 135/893 1326/894 142/895 153/896
f 136/897 142/898 1326/899 1328/900
f 136/897 1328/900 141/901 1329/902
f 136/903 1329/904 1330/905 142/906
f 137/907 1331/908 1332/909 1333/910
f 137/911 1334/912 1335/913 1331/914
f 137/911 1333/915 158/916 1334/912
f 138/917 1336/918 139/919 1272/920
f 139/921 1336/922 1334/912 158/916
f 139/923 158/924 1337/925 150/926
f 139/927 150/928 148/929 1338/930
f 140/931 143/932 1339/933 1340/934
f 140/935 144/936 1341/937 143/938
f 141/901 1342/939 1343/940 1329/902
f 141/941 1344/942 1345/943 1342/944
f 143/938 1346/945 100/637 1339/946
f 144/947 1347/948 145/949 1341/950
f 141/951 1328/952 1348/953 1344/954
f 145/955 1353/956 1354/957 1341/958
f 145/949 1355/959 1356/960 1353/961
f 146/962 1357/963 1358/964 1359/965
f 146/966 1360/967 1361/968 1357/969
f 146/962 1359/965 1362/970 1360/971
f 147/972 158/924 1333/973 1363/974
f 147/972 1363/974 1364/975 1365/976
f 147/972 1365/976 1337/925 158/924
f 148/977 150/978 1366/979 1367/980
f 148/977 1367/980 1368/981 1369/982
f 149/983 1308/984 1307/985 1370/986
f 149/987 1371/988 1372/989 1308/990
f 149/991 1373/992 1374/993 1371/994
f 149/991 1375/995 1376/996 1373/992
f 149/997 1370/998 1377/999 1375/1000
f 150/1001 1378/1002 1379/1003 1366/1004
f 150/1005 1337/1006 1380/1007 1378/1008
f 151/1009 1381/1010 1382/1011 1383/1012
f 151/1009 1383/1012 1380/1013 1384/1014
f 151/1015 1384/1016 1385/1017 1381/1018
f 152/1019 1386/1020 1387/1021 1388/1022
f 152/1019 1388/1022 1389/1023 1377/999
f 152/1019 1377/999 1370/998 1386/1020
f 153/1024 142/898 1390/1025 1391/1026
f 153/1024 1392/1027 1393/1028 1327/1029
f 153/1024 1391/1026 1394/1030 1392/1027
f 154/1031 1395/1032 155/1033 636/1034
f 154/1035 1396/1036 1397/1037 1395/1038
f 154/1035 1398/1039 1399/1040 1396/1036
f 154/1041 1400/1042 1374/993 1398/1043
f 154/1041 636/1044 1401/1045 1400/1042
f 155/1046 1395/1047 1402/1048 1403/1049
f 155/1033 1403/1050 1404/1051 636/1034
f 156/1052 1364/975 1363/974 157/1053
f 156/1052 1405/1054 1385/1055 1364/975
f 156/1052 1406/1056 1407/1057 1405/1054
f 157/1053 1332/1058 1408/1059 156/1052
f 157/1053 1363/974 1333/973 1332/1058
f 159/1060 1398/1061 1374/1062 1373/1063
f 159/1060 1409/1064 1399/1065 1398/1061
f 159/1066 1373/1067 1376/1068 1410/1069
f 160/1070 1411/1071 1412/1072 1413/1073
f 160/1070 1413/1073 1414/1074 1415/1075
f 161/1076 1416/1077 1417/1078 1418/1079
f 161/1076 1248/1080 1247/1081 1416/1077
f 161/1076 1418/1079 1262/1082 1248/1080
f 162/1083 1419/1084 1420/1085 1421/1086
f 162/1087 1421/1088 1422/1089 163/1090
f 162/1091 1262/1082 1418/1079 160/1092
f 162/1093 163/1094 123/784 1262/787
f 162/1083 1340/1095 1339/1096 1419/1084
f 163/1090 1422/1089 1254/769 123/768
f 164/1097 1423/1098 1424/1099 1425/1100
f 165/1101 1201/1102 1428/1103 1429/1104
f 1431/1105 1432/1106 1433/1107 1434/1108
f 1431/1109 1434/1110 1435/1111 1436/1112
f 1437/1113 1438/1114 1439/1115 1440/1116
f 166/1117 1441/1118 122/777 1203/776
f 167/670 170/1119 1442/1120 169/1121
f 169/1122 1442/1123 1443/1124 1204/1125
f 167/670 168/669 1444/1126 170/1119
f 170/1119 1445/1127 1446/1128 220/1129
f 170/1130 220/1131 1447/1132 1442/1133
f 171/1134 1448/1135 1449/1136 1450/1137
f 171/1138 1451/1139 1452/1140 1448/1141
f 171/1138 1453/1142 1454/1143 1451/1139
f 171/1138 222/1144 1455/1145 1453/1142
f 171/1146 1450/1147 1456/1148 222/1149
f 172/1150 1447/1151 220/1152 1457/1153
f 172/1150 1457/1153 1458/1154 1459/1155
f 172/1156 1459/1157 1460/1158 1447/1159
f 173/1160 174/1161 1461/1162 1462/1163
f 173/1160 1463/1164 1464/1165 1465/1166
f 173/1167 1462/1168 1466/1169 1467/1170
f 174/1161 173/1160 1465/1166 1468/1171
f 175/1172 1469/1173 1470/1174 1471/1175
f 175/1172 1471/1175 1472/1176 1473/1177
f 175/1178 1473/1179 1474/1180 1469/1181
f 1464/1182 1476/1183 1477/1184 1475/1185
f 176/1186 1478/1187 1479/1188 1480/1189
f 1482/1190 1483/1191 1478/1192 176/1193
f 176/1186 1480/1189 1481/1194 1482/1195
f 177/1196 1484/1197 1485/1198 1486/1199
f 177/1200 1487/1201 1488/1202 1484/1203
f 177/1204 1486/1205 1489/1206 1487/1207
f 178/1208 1490/1209 1491/1210 1492/1211
f 178/1212 1492/1213 1493/1214 1494/1215
f 178/1212 1494/1215 1495/1216 1490/1217
f 179/1218 1497/1219 1498/1220 1496/1221
f 179/1218 1499/1222 1500/1223 1501/1224
f 179/1218 180/1225 1502/1226 1499/1222
f 180/1225 1503/1227 1504/1228 1502/1226
f 180/1225 1505/1229 1506/1230 1503/1227
f 181/1231 1507/1232 1504/1233 1503/1234
f 181/1235 1508/1236 1509/1237 1510/1238
f 181/1231 1503/1234 1506/1239 1508/1240
f 181/1241 1511/1242 1512/1243 1507/1244
f 182/1245 1513/1246 1514/1247 1515/1248
f 182/1245 1515/1248 1516/1249 1511/1250
f 183/1251 186/1252 1517/1253 1518/1254
f 184/1255 187/1256 1519/1257 1520/1258
f 184/1255 1520/1258 1521/1259 1522/1260
f 185/1261 1523/1262 1524/1263 1525/1264
f 185/1265 1525/1266 1519/1267 1526/1268
f 186/1252 183/1251 1527/1269 1528/1270
f 1438/1271 1480/1189 1479/1188 1530/1272
f 1438/1273 1437/1274 1531/1275 194/1276
f 1438/1277 194/1278 1532/1279 1480/1280
f 188/1281 1533/1282 1534/1283 189/1284
f 188/1281 1504/1228 1507/1244 1533/1282
f 188/1281 189/1284 1502/1226 1504/1228
f 181/1285 1510/1286 1535/1287 1536/1288
f 190/1289 1459/1157 1458/1290 1537/1291
f 190/1289 1432/1292 1460/1158 1459/1157
f 190/1293 1537/1294 1433/1107 1432/1106
f 191/1295 1538/1296 1539/1297 1540/1298
f 191/1299 1540/1300 1541/1301 1542/1302
f 191/1303 1542/1304 1543/1305 1538/1306
f 82/1307 1544/1308 1545/1309 1546/1310
f 82/1311 1124/1312 1547/1313 1544/1314
f 82/1315 1546/1316 1548/1317 1125/1318
f 192/1319 1549/1320 1550/1321 1551/1322
f 192/1319 1551/1322 1552/1323 1553/1324
f 192/1325 1553/1326 1554/1327 1549/1328
f 193/1329 1555/1330 1556/1331 1557/1332
f 193/1329 1539/1333 1538/1334 1555/1330
f 193/1335 1558/1336 1559/1337 1539/1297
f 193/1338 1560/1339 1561/1340 1558/1341
f 194/1342 1531/1343 1222/696 1562/1344
f 194/1342 210/1345 1563/1346 1532/1347
f 194/1342 1562/1344 1564/1348 210/1345
f 195/1349 1565/1350 1566/1351 1567/1352
f 195/1349 1568/1353 1569/1354 1565/1350
f 195/1349 1570/1355 1571/1356 1568/1353
f 196/1357 1572/1358 1573/1359 1574/1360
f 196/1361 1574/1362 1575/1363 1576/1364
f 196/1361 1576/1364 1577/1365 1572/1366
f 197/1367 1578/1368 1579/1369 1513/1370
f 197/1371 1580/1372 1581/1373 1578/1374
f 198/1375 1582/1376 1583/1377 1584/1378
f 198/1379 1585/1380 1586/1381 1582/1382
f 198/1383 1584/1384 1587/1385 1588/1386
f 198/1383 1588/1386 199/1387 1589/1388
f 199/1389 1590/1390 1591/1391 1589/1392
f 199/1389 1551/1322 1550/1321 1590/1390
f 200/1393 1586/1394 1592/1395 1593/1396
f 200/1393 1509/1237 1582/1376 1586/1394
f 200/1393 1593/1396 1510/1238 1509/1237
f 201/1397 1594/1398 1595/1399 1596/1400
f 201/1397 1535/1287 1510/1286 1593/1401
f 202/1402 1597/1403 1598/1404 1599/1405
f 203/1406 208/1407 1140/1408 1601/1409
f 204/1410 1603/1411 1604/1412 1605/1413
f 204/1414 1605/1415 1606/1416 1607/1417
f 205/1418 1608/1419 1609/1420 1610/1421
f 206/1422 1611/1423 1612/1424 1613/1425
f 206/1422 1613/1425 1614/1426 1615/1427
f 206/1422 1615/1427 1616/1428 1617/1429
f 204/1430 207/1431 1179/1432 1603/1433
f 207/1431 1618/1434 1180/1435 1179/1432
f 210/1436 1564/1437 1619/1438 1620/1439
f 210/1345 1607/1440 1621/1441 1563/1346
f 211/1442 1622/1443 1623/1444 1624/1445
f 211/1446 1625/1447 1626/1448 1622/1449
f 212/1450 1627/1451 1628/1452 1629/1453
f 212/1454 1629/1455 1630/1456 1631/1457
f 212/1458 1626/1459 1632/1460 1627/1461
f 212/1462 1631/1463 1633/1464 1634/1465
f 213/1466 1635/1467 1636/1468 1637/1469
f 213/1466 1638/1470 1639/1471 1635/1467
f 213/1466 1637/1469 1640/1472 1638/1470
f 214/1473 1641/1474 1144/1475 203/1476
f 215/1477 1642/1478 1643/1479 1644/1480
f 215/1481 1462/1163 1461/1162 1645/1482
f 215/1483 1645/1484 224/1485 1642/1486
f 216/1487 1646/1488 1647/1489 1648/1490
f 216/1491 1649/1492 1650/1493 1646/1494
f 216/1491 1648/1495 1560/1496 1649/1492
f 217/1497 1454/1498 1651/1499 218/1500
f 217/1501 218/1502 1450/1147 1449/1503
f 217/1501 1449/1503 1652/1504 1653/1505
f 217/1501 1653/1505 1654/1506 223/1507
f 218/1502 1655/1508 1456/1148 1450/1147
f 218/1509 1656/1510 1657/1511 1655/1512
f 219/1513 1658/1514 1458/1515 1457/1516
f 219/1517 1457/1518 220/1129 1446/1128
f 219/1519 1446/1520 221/1521 1659/1522
f 219/1523 1659/1524 1630/1456 1658/1525
f 1660/1526 1661/1527 1662/1528 1663/1529
f 221/1521 1446/1520 1664/1530 1665/1531
f 221/1521 1665/1531 1666/1532 1659/1522
f 168/669 1206/668 1667/1533 1444/1126
f 223/1534 1668/1535 1647/1536 1669/1537
f 223/1538 1654/1539 1670/1540 1668/1541
f 224/1542 1671/1543 1672/1544 1642/1478
f 225/1545 1673/1546 1674/1547 1675/1548
f 225/1549 1676/1550 1677/1551 1673/1552
f 227/1553 1679/1554 1680/1555 1681/1556
f 227/1557 1681/1558 1682/1559 1683/1560
f 227/1553 1683/1561 1684/1562 1679/1554
f 228/1563 1685/1564 1686/1565 1687/1566
f 228/1567 1687/1568 1688/1569 1680/1570
f 228/1563 1680/1555 1679/1554 1685/1564
f 1689/1571 1690/1572 1691/1573 1692/1574
f 229/1575 1693/1576 1694/1577 1695/1578
f 229/1579 226/1580 1678/1581 1693/1582
f 230/1583 1696/1584 1697/1585 1698/1586
f 230/1583 1698/1586 1699/1587 1700/1588
f 231/1589 1701/1590 1702/1591 1703/1592
f 232/1593 1704/1594 1705/1595 233/1596
f 233/1597 1706/1598 1707/1599 1708/1600
f 234/1601 1709/1602 1710/1603 236/1604
f 234/1605 235/1606 1707/1607 1706/1608
f 234/1609 236/1610 1711/1611 235/1612
f 235/1613 1711/1614 1712/1615 1713/1616
f 235/1617 1714/1618 1715/1619 1707/1620
f 235/1621 1713/1622 1716/1623 1714/1624
f 236/1625 1717/1626 1718/1627 1711/1628
f 236/1629 1710/1630 1719/1631 1720/1632
f 236/1629 1720/1632 340/1633 1717/1634
f 237/1635 1721/1636 1722/1637 1723/1638
f 237/1635 1724/1639 1725/1640 1721/1636
f 238/1641 1726/1642 1727/1643 1728/1644
f 238/1645 1729/1646 1730/1647 1731/1648
f 238/1641 1728/1644 1732/1649 1733/1650
f 238/1641 1733/1650 1734/1651 1729/1652
f 238/1653 1731/1654 1735/1655 1726/1656
f 239/1657 1736/1658 1737/1659 1738/1660
f 239/1661 1739/1662 1740/1663 1736/1664
f 239/1661 1741/1665 1742/1666 1739/1662
f 239/1667 1738/1668 405/1669 1743/1670
f 240/1671 1744/1672 1745/1673 1746/1674
f 241/1675 1747/1676 1748/1677 1749/1678
f 241/1679 1750/1680 1751/1681 1747/1682
f 241/1679 1752/1683 1753/1684 1754/1685
f 241/1686 1749/1687 1755/1688 1752/1689
f 241/1679 1754/1685 1756/1690 1750/1680
f 242/1691 1757/1692 1758/1693 1759/1694
f 242/1695 1747/1696 1751/1697 1760/1698
f 242/1691 1760/1699 1761/1700 1757/1692
f 243/1701 1762/1702 1763/1703 1764/1704
f 243/1705 1765/1706 1766/1707 1767/1708
f 243/1705 1767/1708 1768/1709 1762/1710
f 243/1711 1764/1712 1769/1713 1770/1714
f 244/1715 1771/1716 1772/1717 1773/1718
f 244/1715 1774/1719 1775/1720 1771/1716
f 244/1721 1773/1722 1682/1559 1774/1723
f 245/1724 1776/1725 1777/1726 1778/1727
f 245/1724 1778/1727 1779/1728 1780/1729
f 245/1730 1780/1731 1781/1732 1776/1733
f 246/1734 1782/1735 249/1736 1783/1737
f 246/1738 1783/1739 1784/1740 1785/1741
f 1786/1742 1771/1743 1775/1744 247/1745
f 247/1746 1775/1747 1787/1748 1777/1726
f 247/1746 1777/1726 1776/1725 1786/1749
f 248/1750 1789/1751 1790/1752 1791/1753
f 248/1754 1791/1755 1792/1756 1793/1757
f 249/1758 1782/1759 1794/1760 1795/1761
f 249/1762 1795/1763 1796/1764 1783/1765
f 250/1766 1797/1767 1798/1768 1799/1769
f 250/1766 1800/1770 1801/1771 1797/1767
f 251/1772 1802/1773 1803/1774 1804/1775
f 251/1772 1799/1769 1798/1768 1802/1773
f 252/1776 1805/1777 1806/1778 1807/1779
f 252/1776 1808/1780 1809/1781 1805/1777
f 252/1776 1807/1779 1810/1782 1808/1780
f 254/1783 1812/1784 1813/1785 1814/1786
f 254/1783 1815/1787 1816/1788 1812/1784
f 254/1783 1814/1786 1817/1789 1815/1787
f 255/1790 1818/1791 1819/1792 1820/1793
f 255/1794 1821/1795 1822/1796 1823/1797
f 255/1790 1823/1798 1824/1799 1818/1791
f 256/1800 1825/1801 1826/1802 1827/1803
f 255/1790 1820/1793 1828/1804 1829/1805
f 257/1806 1830/1807 1831/1808 1832/1809
f 257/1806 1832/1809 1833/1810 1834/1811
f 258/1812 1835/1813 1836/1814 1830/1815
f 258/1816 1837/1817 1838/1818 1835/1819
f 259/1820 1831/1821 1839/1822 1840/1823
f 259/1820 1841/1824 1832/1825 1831/1821
f 259/1826 1842/1827 263/1828 1841/1829
f 260/1830 1843/1831 1844/1832 1845/1833
f 260/1834 1845/1835 1846/1836 1847/1837
f 260/1834 1847/1837 1848/1838 1843/1839
f 261/1840 1850/1841 1851/1842 1852/1843
f 261/1844 1852/1845 1853/1846 1849/1847
f 262/1848 1854/1849 1855/1850 1856/1851
f 262/1852 1856/1853 1857/1854 1858/1855
f 262/1856 1858/1857 1859/1858 1854/1859
f 264/1860 1860/1861 1861/1862 809/1863
f 265/1864 1862/1865 1863/1866 1864/1867
f 265/1864 266/1868 1865/1869 1866/1870
f 265/1864 1866/1870 1867/1871 1862/1865
f 267/1872 1868/1873 1869/1874 1870/1875
f 267/1876 1870/1877 1871/1878 1872/1879
f 267/1876 1872/1879 1873/1880 1868/1881
f 268/1882 1874/1883 1875/1884 1876/1885
f 268/1882 1876/1885 1877/1886 1878/1887
f 268/1882 1878/1887 1879/1888 1874/1883
f 269/1889 272/1890 1873/1880 1872/1879
f 269/1889 270/1891 1880/1892 272/1890
f 269/1889 1872/1879 1871/1878 1881/1893
f 269/1894 1881/1895 1882/1896 1883/1897
f 270/1898 1884/1899 1885/1900 1880/1901
f 271/1902 1886/1903 1887/1904 1888/1905
f 271/1902 1888/1905 1889/1906 1890/1907
f 272/1908 1891/1909 1892/1910 1873/1911
f 264/1860 1893/1912 1833/1810 1860/1861
f 264/1860 1894/1913 1895/1914 1893/1912
f 273/1915 1896/1916 1897/1917 1865/1918
f 273/1919 1898/1920 1899/1921 1896/1922
f 273/1923 1900/1924 1901/1925 1898/1926
f 274/1927 1902/1928 275/1929 1903/1930
f 274/1931 1904/1932 1905/1933 1902/1934
f 274/1935 1903/1936 1906/1937 1904/1938
f 275/1939 1902/1940 1907/1941 1908/1942
f 275/1943 1908/1944 1909/1945 1903/1946
f 276/1947 1910/1948 1911/1949 295/1950
f 276/1947 295/1950 1912/1951 1913/1952
f 276/1947 1913/1952 1914/1953 1915/1954
f 276/1947 1916/1955 1917/1956 1910/1948
f 276/1947 1915/1954 1918/1957 1916/1955
f 277/1958 1919/1959 1920/1960 1921/1961
f 277/1962 1922/1963 1923/1964 1919/1965
f 277/1958 1921/1961 1924/1966 1922/1967
f 278/1968 1917/1956 1925/1969 1926/1970
f 278/1968 1927/1971 1910/1948 1917/1956
f 279/1972 1928/1973 1929/1974 1930/1975
f 279/1972 1920/1976 1919/1977 1931/1978
f 280/1979 1915/1980 1914/1981 1932/1982
f 280/1979 1932/1982 1933/1983 1934/1984
f 281/1985 1935/1986 1936/1987 1937/1988
f 282/1989 1938/1990 1939/1991 1940/1992
f 283/1993 1941/1994 1942/1995 1943/1996
f 284/1997 1944/1998 1945/1999 1946/2000
f 284/2001 1946/2002 1947/2003 1948/2004
f 285/2005 1950/2006 1951/2007 1949/2008
f 286/2009 1955/2010 1956/2011 1957/2012
f 287/2013 1961/2014 1962/2015 1963/2016
f 287/2017 1963/2018 1964/2019 1965/2020
f 287/2021 1965/2022 1966/2023 1961/2024
f 288/2025 1967/2026 1968/2027 1969/2028
f 288/2029 1970/2030 1971/2031 1967/2032
f 289/2033 1972/2034 1973/2035 1974/2036
f 289/2037 1922/1967 1924/1966 1972/2038
f 289/2033 1974/2036 1975/2039 1976/2040
f 289/2033 1976/2040 1977/2041 1978/2042
f 289/2043 1978/2044 1979/2045 1980/2046
f 289/2047 1980/2048 1923/1964 1922/1963
f 290/2049 1979/2050 1981/2051 1982/2052
f 290/2053 1983/2054 1980/2055 1979/2056
f 290/2057 1984/2058 1985/2059 1983/2060
f 290/2057 1986/2061 1987/2062 1984/2058
f 290/2063 1982/2064 1988/2065 1986/2066
f 291/2067 1989/2068 1990/2069 1991/2070
f 291/2071 1992/2072 1993/2073 1989/2074
f 292/2075 1994/2076 1995/2077 1996/2078
f 292/2079 1996/2080 1997/2081 1998/2082
f 292/2083 1999/2084 2000/2085 302/2086
f 292/2083 302/2086 2001/2087 1994/2088
f 293/2089 301/2090 2002/2091 2003/2092
f 293/2089 2003/2092 2004/2093 2005/2094
f 293/2089 2006/2095 2007/2096 2008/2097
f 293/2089 2008/2097 2009/2098 301/2090
f 294/2099 2010/2100 2011/2101 298/2102
f 296/2103 2012/2104 2013/2105 2014/2106
f 296/2107 2015/2108 2016/2109 299/2110
f 297/2111 2017/2112 2018/2113 2019/2114
f 297/2111 2020/2115 1754/1685 1753/1684
f 297/2111 2021/2116 2022/2117 2020/2115
f 297/2118 2019/2119 2023/2120 2024/2121
f 297/2122 2024/2123 2025/2124 2021/2125
f 299/2126 2026/2127 2027/2128 2028/2129
f 299/2130 2016/2131 2029/2132 2030/2133
f 300/2134 2000/2135 1999/2136 2031/2137
f 300/2134 2031/2137 2032/2138 2033/2139
f 301/2140 2009/2141 2000/2142 300/2143
f 301/2140 300/2143 2034/2144 2035/2145
f 301/2146 2035/2147 2036/2148 2002/2149
f 302/2150 2000/2151 2009/2152 2037/2153
f 302/2086 2037/2154 2038/2155 2001/2087
f 303/2156 2039/2157 2040/2158 2041/2159
f 304/2160 2042/2161 2043/2162 2044/2163
f 304/2164 2044/2165 2045/2166 2046/2167
f 305/2168 2037/2169 403/2170 2048/2171
f 306/2172 2049/2173 2050/2174 2051/2175
f 306/2172 2051/2175 2052/2176 2053/2177
f 307/2178 2057/2179 2058/2180 309/2181
f 308/2182 2059/2183 2060/2184 2061/2185
f 309/2186 2062/2187 2063/2188 2064/2189
f 311/2190 2065/2191 2066/2192 2067/2193
f 313/2194 2071/2195 2072/2196 2073/2197
f 313/2194 2074/2198 2075/2199 2071/2195
f 313/2194 2076/2200 2077/2201 2074/2198
f 313/2194 2078/2202 2079/2203 2076/2200
f 313/2194 2073/2197 2080/2204 2078/2202
f 314/2205 2081/2206 2082/2207 2083/2208
f 314/2209 2084/2210 365/2211 2085/2212
f 314/2205 2083/2208 2086/2213 2087/2214
f 315/2215 2088/2216 2089/2217 2090/2218
f 315/2219 2082/2207 2081/2206 2088/2220
f 316/2221 2092/2222 2093/2223 2094/2224
f 317/2225 2095/2226 2096/2227 2097/2228
f 318/2229 2103/2230 2101/2231 349/2232
f 318/2233 349/2234 2104/2235 2105/2236
f 319/2237 2109/2238 2110/2239 2111/2240
f 319/2241 2112/2242 2113/2243 2114/2244
f 320/2245 2116/2246 2117/2247 2118/2248
f 320/2245 2118/2248 2119/2249 2120/2250
f 321/2251 2121/2252 795/2253 2122/2254
f 321/2251 2123/2255 2124/2256 2121/2252
f 321/2257 2122/2258 2125/2259 2123/2260
f 322/2261 813/2262 2126/2263 2127/2264
f 323/2265 2129/2266 2130/2267 2131/2268
f 323/2265 2131/2268 2132/2269 2133/2270
f 323/2265 2133/2270 796/2271 2129/2266
f 324/2272 2134/2273 2135/2274 2136/2275
f 325/2276 2137/2277 333/2278 2138/2279
f 325/2276 2139/2280 2140/2281 2137/2277
f 326/2282 2141/2283 2142/2284 2143/2285
f 326/2282 2143/2285 2144/2286 2145/2287
f 326/2288 2145/2289 2146/2290 2147/2291
f 326/2292 2148/2293 2149/2294 2141/2295
f 326/2288 2147/2291 2150/2296 2148/2297
f 327/2298 2151/2299 2152/2300 2153/2301
f 327/2302 2154/2303 2155/2304 2136/2305
f 328/2306 2132/2269 2131/2268 2156/2307
f 328/2308 2156/2309 2157/2310 2158/2311
f 328/2312 2159/2313 2160/2314 2132/2315
f 329/2316 2157/2317 2156/2307 2161/2318
f 329/2319 2162/2320 2163/2321 2164/2322
f 329/2316 2161/2318 2165/2323 2162/2324
f 328/2308 2158/2311 2166/2325 2159/2326
f 330/2327 2167/2328 2168/2329 2169/2330
f 330/2331 2170/2332 2171/2333 2172/2334
f 330/2327 2169/2330 2173/2335 2170/2336
f 330/2327 2174/2337 2175/2338 2167/2328
f 331/2339 2176/2340 2177/2341 2178/2342
f 331/2339 2178/2342 2179/2343 2180/2344
f 331/2339 2180/2344 2181/2345 2182/2346
f 332/2347 2183/2348 2184/2349 2185/2350
f 332/2351 2186/2352 2187/2353 2183/2354
f 333/2278 2185/2355 2184/2356 2138/2279
f 333/2278 2137/2277 2188/2357 2189/2358
f 334/2359 2190/2360 2191/2361 2192/2362
f 334/2359 2192/2362 2158/2311 2157/2310
f 335/2363 2193/2364 2194/2365 2195/2366
f 335/2367 2195/2368 2196/2369 2197/2370
f 335/2367 2198/2371 2199/2372 2193/2373
f 336/2374 2200/2375 2201/2376 2202/2377
f 330/2327 2203/2378 2204/2379 2174/2337
f 330/2327 2172/2380 2205/2381 2203/2378
f 337/2382 2206/2383 2207/2384 2208/2385
f 337/2382 2209/2386 2210/2387 2206/2383
f 338/2388 2211/2389 357/2390 2212/2391
f 2214/2392 2215/2393 2211/2389 338/2388
f 338/2388 2212/2391 2213/2394 2214/2392
f 339/2395 340/1633 2216/2396 345/2397
f 339/2398 2217/2399 2218/2400 340/2401
f 340/1633 1720/1632 2219/2402 2216/2396
f 340/2401 2218/2400 2220/2403 1717/2404
f 341/2405 2221/2406 1715/1619 2222/2407
f 342/2408 2223/2409 2224/2410 2225/2411
f 343/2412 2226/2413 2227/2414 2228/2415
f 343/2412 2229/2416 2230/2417 2231/2418
f 343/2419 2228/2420 2232/2421 2229/2422
f 344/2423 2233/2424 2234/2425 2235/2426
f 344/2427 2236/2428 2237/2429 2233/2430
f 345/2431 2239/2432 2240/2433 2241/2434
f 345/2435 2242/2436 2217/2399 339/2398
f 346/2437 2243/2438 2244/2439 2245/2440
f 346/2437 2113/2243 2112/2242 2243/2438
f 347/2441 2246/2442 2247/2443 2248/2444
f 2250/2445 2251/2446 2246/2442 347/2441
f 347/2441 2248/2444 2249/2447 2250/2445
f 348/2448 2252/2449 2228/2415 2227/2414
f 350/2450 2253/2451 2254/2452 2255/2453
f 351/2454 2256/2455 2257/2456 2258/2457
f 351/2458 2258/2459 2223/2460
f 352/2461 2259/2462 2260/2463 2261/2464
f 352/2461 2261/2464 2262/2465 2263/2466
f 354/2467 2265/2468 2217/2399 2242/2436
f 354/2467 357/2469 2208/2470 2265/2468
f 356/2471 2266/2472 2267/2473 358/2474
f 356/2475 358/2476 344/2427 359/2477
f 356/2471 359/2478 361/2479 2268/2480
f 358/2474 2267/2473 2239/2481 2269/2482
f 358/2483 2269/2484 2270/2485 2271/2486
f 358/2476 2271/2487 2236/2428 344/2427
f 359/2488 2238/2489 2272/2490 2209/2491
f 359/2492 2209/2493 357/2494 361/2495
f 357/2494 2211/2496 2268/2497 361/2495
f 360/2498 343/2412 2231/2418 2273/2499
f 360/2498 2274/2500 2272/2501 2238/2502
f 360/2503 2273/2504 2275/2505 2274/2506
f 2276/2507 1120/2508 1119/2509 1121/2510
f 2276/2511 1121/2512 1125/2513 2277/2514
f 362/2515 2278/2516 2279/2517 2280/2518
f 363/2519 2281/2520 2282/2521 2283/2522
f 364/2523 2284/2524 2085/2212 365/2211
f 364/2523 365/2211 2084/2210 2285/2525
f 366/2526 2280/2518 2286/2527 367/2528
f 366/2526 367/2528 2287/2529 2288/2530
f 367/2531 2289/2532 2290/2533 2291/2534
f 368/2535 2292/2536 2293/2537 2294/2538
f 369/2539 2295/2540 397/2541 2296/2542
f 369/2543 2296/2544 2297/2545 2298/2546
f 370/2547 2299/2548 2300/2549 2301/2550
f 370/2547 2301/2550 2302/2551 2303/2552
f 371/2553 2287/2554 367/2531 2291/2534
f 372/2555 2305/2556 917/2557 916/2558
f 372/2559 2306/2560 2307/2561 2305/2562
f 372/2563 916/130 919/133 2306/2564
f 373/2565 2308/2566 797/2567 2309/2568
f 373/2569 2310/2570 2311/2571 2312/2572
f 373/2569 2309/2573 2313/2574 2310/2570
f 374/2575 2312/2576 2314/2577 2315/2578
f 374/2579 2315/2580 2316/2581 2317/2582
f 374/2579 2317/2582 2318/2583 2308/2584
f 375/2585 2319/2586 2320/2587 2321/2588
f 375/2589 2322/2590 2323/2591 2324/2592
f 376/2593 2325/2594 2326/2595 2327/2596
f 376/2597 912/2598 911/2599 2328/2600
f 377/2601 2329/2602 2330/2603 2331/2604
f 377/2601 2331/2604 2332/2605 2333/2606
f 377/2601 2333/2606 2334/2607 2335/2608
f 378/2609 2336/2610 2337/2611 2338/2612
f 379/2613 2339/2614 2340/2615 2341/2616
f 379/2613 2341/2616 378/2617 2342/2618
f 379/2613 2342/2618 2343/2619 2344/2620
f 380/2621 2345/2622 2346/2623 2347/2624
f 380/2621 2347/2624 2348/2625 2349/2626
f 380/2621 2349/2626 2350/2627 2345/2622
f 381/2628 2351/2629 2352/2630 2353/2631
f 382/2632 2354/2633 2355/2634 2356/2635
f 382/2636 2356/2637 2357/2638 2358/2639
f 382/2640 2358/2641 383/2642 2354/2643
f 383/2642 2358/2641 2359/2644 2360/2645
f 383/2642 2360/2645 2361/2646 2362/2647
f 383/2648 2142/2649 2363/2650 2354/2651
f 383/2642 2362/2647 2143/2285 2142/2284
f 384/2652 2364/2653 2365/2654 2366/2655
f 385/2656 2367/2657 2368/2658 2369/2659
f 386/2660 2370/2661 2297/2545 2371/2662
f 2371/2662 2372/2663 391/2664 387/2665
f 386/2666 2371/2667 387/2668 2373/2669
f 387/2670 2374/2671 2375/2672 2373/2673
f 387/2665 391/2664 2376/2674 2374/2675
f 388/2676 395/2677 2377/2678 389/2679
f 389/2680 2378/2681 2379/2682 396/2683
f 389/2684 2377/2685 2380/2686 2381/2687
f 389/2688 2381/2689 2382/2690 2378/2691
f 390/2692 2383/2693 2376/2694 391/2695
f 390/2696 2373/2697 2375/2698 2383/2699
f 391/2700 2384/2701 2385/2702 2386/2703
f 391/2664 2372/2663 2387/2704 2384/2705
f 2389/2706 2390/2707 2391/2708 2388/2709
f 392/2710 2302/2551 2301/2550 2392/2711
f 393/2712 2393/2713 2394/2714 2395/2715
f 393/2712 2396/2716 2397/2717 2393/2713
f 393/2712 2398/2718 2399/2719 2396/2716
f 394/2720 2400/2721 2401/2722 2402/2723
f 395/2724 2403/2725 2404/2726 2405/2727
f 395/2728 2405/2729 2406/2730 2377/2731
f 2407/2732 2408/2733 396/2734 2379/2735
f 2374/2736 2376/2737 2382/2738 2407/2739
f 397/2740 2409/2741 2410/2742 2296/2544
f 398/2743 2411/2744 2412/2745 2413/2746
f 398/2747 2413/2748 2414/2749 2415/2750
f 399/2751 2416/2752 2417/2753 2418/2754
f 399/2755 2419/2756 2420/2757 2416/2758
f 399/2755 2418/2759 2421/2760 2419/2756
f 400/2761 2422/2762 2423/2763 2424/2764
f 402/2765 2427/2766 2428/2767 2425/2768
f 404/2769 2429/2770 2430/2771 2431/2772
f 405/2773 2435/2774 2436/2775 1743/2776
f 406/2777 2437/2778 2438/2779 2439/2780
f 406/2777 2439/2780 1877/1886 1876/1885
f 406/2777 1876/1885 1875/1884 2440/2781
f 406/2777 2441/2782 2442/2783 2437/2778
f 407/2784 417/2785 2443/2786 2444/2787
f 408/2788 2446/2789 2447/2790 2448/2791
f 409/2792 2449/2793 2450/2794 2451/2795
f 409/2792 2451/2795 2452/2796 2453/2797
f 409/2792 2453/2797 2454/2798 2449/2793
f 410/2799 2445/2800 2455/2801 2456/2802
f 410/2799 2456/2802 2457/2803 2458/2804
f 410/2799 2459/2805 2460/2806 2461/2807
f 410/2799 2458/2804 2462/2808 2459/2805
f 411/2809 2463/2810 2464/2811 2465/2812
f 411/2813 2465/2814 2466/2815 2467/2816
f 411/2809 2467/2817 2468/2818 2469/2819
f 412/2820 2443/2821 2473/2822 2474/2823
f 412/2824 2474/2825 413/2826 414/2827
f 413/2826 2475/2828 2476/2829 2477/2830
f 413/2831 2477/2832 415/2833 414/2834
f 414/2835 415/2836 416/2837 412/2838
f 418/2839 2479/2840 2480/2841 2478/2842
f 417/2843 2481/2844 2482/2845 2483/2846
f 417/2843 2483/2846 2484/2847 2485/2848
f 417/2849 2485/2850 2473/2851 2443/2852
f 407/2853 2444/2854 2486/2855 2487/2856
f 407/2857 2488/2858 2479/2859 418/2860
f 419/2861 2490/2862 2491/2863 2492/2864
f 419/2865 2493/2866 2494/2867 2490/2868
f 2499/2869 2500/2870 427/2871 429/2872
f 2498/2873 2499/2874 429/2875 2501/2876
f 421/2877 2497/2878 2498/2873 2501/2876
f 421/2877 2502/2879 2503/2880 2504/2881
f 421/2882 2501/2883 2505/2884 2506/2885
f 421/2877 2506/2886 2507/2887 2502/2879
f 422/2888 2508/2889 2509/2890 2510/2891
f 423/2892 419/2861 2492/2864 2511/2893
f 423/2892 2511/2893 2512/2894 2513/2895
f 424/2896 2514/2897 2513/2895 2512/2894
f 424/2896 2515/2898 2516/2899 2514/2897
f 424/2896 2517/2900 2505/2901 2501/2902
f 424/2896 2512/2894 2518/2903 2517/2900
f 425/2904 2519/2905 2520/2906 2521/2907
f 425/2904 2522/2908 2523/2909 2519/2905
f 426/2910 2524/2911 2525/2912 420/2913
f 426/2914 2526/2915 2527/2916 2528/2917
f 426/2918 2529/2919 2530/2920 2524/2921
f 426/2922 2528/2923 2531/2924 2529/2925
f 427/2871 2500/2870 2532/2926 2533/2927
f 2534/2928 2535/2929 2536/2930 2537/2931
f 428/2932 2534/2928 2537/2931 2538/2933
f 428/2934 2539/2935 2540/2936 2541/2937
f 430/2938 2542/2939 2543/2940 2544/2941
f 431/2942 2545/2943 2546/2944 2547/2945
f 431/2942 2548/2946 2549/2947 2545/2943
f 432/2948 2550/2949 2551/2950 2552/2951
f 432/2948 2553/2952 2554/2953 2550/2949
f 433/2954 2555/2955 798/2956 2556/2957
f 433/2958 2557/2959 2558/2960 2555/2961
f 434/2962 435/2963 2559/2964 2560/2965
f 435/2966 2561/2967 2562/2968 2563/2969
f 435/2966 2563/2969 2564/2970 2565/2971
f 435/2966 2566/2972 2567/2973 2559/2974
f 436/2975 2568/2976 437/2977 2569/2978
f 2571/2979 2572/2980 2568/2976 436/2975
f 436/2975 2569/2978 2570/2981 2571/2979
f 437/2982 2568/2983 2573/2984 2574/2985
f 437/2986 2575/2987 2576/2988 2577/2989
f 439/2990 2579/2991 2580/2992 2581/2993
f 439/2994 2581/2995 2582/2996 2583/2997
f 440/2998 2584/2999 2585/3000 2586/3001
f 440/2998 2587/3002 2588/3003 2584/2999
f 440/3004 2589/3005 2307/2561 2587/3006
f 441/3007 2590/3008 2591/3009 2592/3010
f 441/3011 2593/3012 2594/3013 2590/3014
f 442/3015 2598/3016 2599/3017 2600/3018
f 442/3019 2601/3020 2602/3021 2603/3022
f 443/3023 2604/3024 2605/3025 2606/3026
f 443/3023 2606/3026 2607/3027 2608/3028
f 444/3029 2609/3030 2610/3031 2611/3032
f 444/3033 2612/3034 2613/3035 2609/3036
f 445/3037 2614/3038 2615/3039 2616/3040
f 445/3037 2616/3040 2617/3041 2618/3042
f 446/3043 2619/3044 2620/3045 2621/3046
f 446/3043 2622/3047 2623/3048 2619/3044
f 447/3049 2624/3050 2625/3051 2626/3052
f 447/3049 2627/3053 2628/3054 2624/3050
f 448/3055 2629/3056 2630/3057 2631/3058
f 449/3059 2632/3060 2633/3061 2634/3062
f 450/3063 2635/3064 2636/3065 2637/3066
f 450/3063 2638/3067 2639/3068 2635/3064
f 451/3069 2640/3070 2641/3071 2642/3072
f 451/3069 2643/3073 2644/3074 2645/3075
f 451/3069 2645/3075 2646/3076 2640/3070
f 452/3077 2647/3078 2648/3079 2649/3080
f 453/3081 2650/3082 2651/3083 2652/3084
f 454/3085 2654/3086 2655/3087 2656/3088
f 454/3085 2653/3089 2657/3090 2654/3086
f 455/3091 526/3092 2658/3093 2659/3094
f 455/3095 2660/3096 2661/3097 526/3098
f 456/3099 2662/3100 2663/3101 2664/3102
f 456/3099 2664/3102 2665/3103 2666/3104
f 457/3105 2667/3106 2668/3107 2669/3108
f 458/3109 2670/3110 2671/3111 2672/3112
f 458/3113 459/3114 2673/3115 2670/3116
f 459/3117 2674/3118 2675/3119 2676/3120
f 459/3121 2676/3122 2677/3123 2678/3124
f 459/3125 458/3126 2679/3127 2674/3128
f 460/3129 2680/3130 2681/3131 2682/3132
f 460/3133 2683/3134 2684/3135 2685/3136
f 460/3133 2685/3136 2686/3137 2680/3138
f 461/3139 2687/3140 2688/3141 2689/3142
f 461/3139 2689/3142 2690/3143 2691/3144
f 462/3145 2692/3146 2693/3147 2694/3148
f 463/3149 2694/3148 2696/3150 2695/3151
f 464/3152 2697/3153 2698/3154 2699/3155
f 464/3152 2700/3156 2701/3157 2697/3153
f 464/3152 2699/3155 2702/3158 2700/3156
f 465/3159 2703/3160 2704/3161 2705/3162
f 465/3163 2706/3164 2707/3165 2703/3166
f 465/3159 2705/3162 2708/3167 2706/3168
f 466/3169 2709/3170 2710/3171 2711/3172
f 466/3173 2712/3174 2713/3175 2714/3176
f 467/3177 2715/3178 2716/3179 2717/3180
f 467/3181 468/3182 2718/3183 2715/3184
f 469/3185 2719/3186 2720/3187 2721/3188
f 469/3185 2716/3189 2715/3190 2722/3191
f 469/3185 2721/3188 2723/3192 2716/3189
f 470/3193 2724/3194 2725/3195 2726/3196
f 470/3193 2726/3196 2727/3197 2728/3198
f 470/3193 2728/3198 2729/3199 2724/3194
f 471/3200 467/3177 2717/3180 2730/3201
f 472/3202 2731/3203 2732/3204 2733/3205
f 472/3206 2733/3207 2734/3208 2735/3209
f 473/3210 2518/2903 2512/2894 2511/2893
f 473/3210 2511/2893 2492/2864 801/3211
f 474/3212 2736/3213 2737/3214 2738/3215
f 2740/3216 2741/3217 2742/3218 2739/3219
f 474/3212 2743/3220 2744/3221 2736/3213
f 475/3222 2745/3223 2746/3224 2747/3225
f 476/3226 2748/3227 2749/3228 2750/3229
f 476/3226 2750/3229 800/3230 2731/3231
f 477/3232 2751/3233 2752/3234 2753/3235
f 477/3236 2754/3237 2747/3238 2751/3239
f 478/3240 2755/3241 2756/3242 2757/3243
f 478/3240 2757/3243 2452/2796 2758/3244
f 480/3245 2752/3234 2751/3233 2760/3246
f 480/3245 2761/3247 2762/3248 2752/3234
f 481/3249 2763/3250 2764/3251 489/3252
f 481/3249 2765/3253 482/3254 2766/3255
f 482/3256 2767/3257 2768/3258 2766/3259
f 482/3260 2765/3261 2769/3262 2767/3263
f 483/3264 2770/3265 2771/3266 2772/3267
f 483/3268 2773/3269 2774/3270 2770/3271
f 484/3272 481/3249 2766/3255 2775/3273
f 484/3272 2776/3274 2777/3275 2778/3276
f 484/3277 2778/3278 2762/3279 2761/3280
f 485/3281 515/3282 2777/3283 2776/3284
f 485/3285 2776/3274 2779/3286 2780/3287
f 486/3288 2781/3289 2782/3290 2783/3291
f 486/3288 2783/3291 2784/3292 2785/3293
f 487/3294 2786/3295 2787/3296 2788/3297
f 487/3298 2788/3299 2789/3300 2764/3301
f 487/3294 2764/3251 2763/3250 2786/3295
f 488/3302 2790/3303 2791/3304 2792/3305
f 489/3252 2793/3306 2794/3307 2795/3308
f 489/3252 2764/3251 2789/3309 2793/3306
f 489/3252 2795/3308 2796/3310 2797/3311
f 490/3312 2798/3313 2799/3314 2800/3315
f 490/3316 2800/3317 2801/3318 2802/3319
f 490/3316 2802/3319 2803/3320 2798/3321
f 491/3322 2804/3323 2805/3324 2806/3325
f 491/3322 2802/3326 2807/3327 2804/3323
f 492/3328 2808/3329 2809/3330 2810/3331
f 492/3328 493/3332 2811/3333 2808/3329
f 492/3328 2810/3331 2812/3334 493/3332
f 493/3332 2812/3334 2813/3335 2814/3336
f 493/3332 2815/3337 2816/3338 2811/3333
f 494/3339 2817/3340 2818/3341 2819/3342
f 494/3343 2816/3344 2815/3345 2820/3346
f 494/3339 2820/3347 497/3348 2817/3340
f 495/3349 2824/3350 499/3351 2825/3352
f 496/3353 498/3354 2826/3355 2827/3356
f 496/3353 2827/3356 2828/3357 2829/3358
f 497/3359 499/3360 2830/3361 2817/3362
f 497/3363 2820/3346 2825/3364 499/3365
f 499/3366 2831/3367 2832/3368 2830/3369
f 500/3370 2833/3371 2834/3372 2835/3373
f 500/3374 2822/3375 2821/3376 2836/3377
f 501/3378 2837/3379 2823/3380 2835/3381
f 501/3378 2835/3381 2834/3382 2838/3383
f 501/3378 2838/3383 2839/3384 2837/3379
f 502/3385 2840/3386 2841/3387 2842/3388
f 502/3385 2842/3388 2843/3389 2844/3390
f 502/3385 2839/3384 2838/3383 2840/3386
f 503/3391 2845/3392 2846/3393 2847/3394
f 503/3391 2847/3394 2848/3395 2849/3396
f 503/3391 2849/3396 505/3397 2845/3392
f 504/3398 2846/3393 2845/3392 2850/3399
f 504/3400 2851/3401 2852/3402 2846/3403
f 505/3397 2849/3396 2853/3404 2854/3405
f 506/3406 538/3407 2855/3408 2856/3409
f 507/3410 2857/3411 2858/3412 564/3413
f 508/3414 2859/3415 2860/3416 2861/3417
f 508/3418 2862/3419 2863/3420 2859/3421
f 509/3422 2864/3423 2865/3424 2866/3425
f 509/3422 2867/3426 2868/3427 2864/3423
f 509/3428 2866/3429 2869/3430 2867/3431
f 510/3432 2870/3433 2871/3434 2872/3435
f 511/3436 2873/3437 2874/3438 2875/3439
f 511/3436 2875/3439 2876/3440 2877/3441
f 507/3410 564/3413 623/3442 2878/3443
f 507/3444 2878/3445 2879/3446 2880/3447
f 513/3448 2881/3449 2882/3450 2883/3451
f 513/3452 2883/3453 2884/3454 2885/3455
f 513/3456 2885/3457 2886/3458 2887/3459
f 513/3456 2887/3459 2888/3460 2889/3461
f 513/3462 2889/3463 2890/3464 2881/3465
f 514/3466 2891/3467 2892/3468 2893/3469
f 515/3470 2894/3471 518/3472 2777/3275
f 515/3470 2895/3473 2896/3474 2897/3475
f 515/3282 485/3281 2898/3476 2895/3477
f 516/3478 2901/3479 2902/3480 2903/3481
f 517/3482 2904/3483 2905/3484 2906/3485
f 517/3486 2907/3487 2908/3488 2909/3489
f 518/3472 2910/3490 2911/3491 2912/3492
f 519/3493 2753/3235 2752/3234 2762/3248
f 519/3494 2762/3279 2778/3278 2912/3495
f 519/3496 2912/3497 2911/3498 2753/3499
f 520/3500 2913/3501 2914/3502 2915/3503
f 520/3500 2916/3504 2917/3505 2918/3506
f 520/3500 2918/3506 2919/3507 2913/3501
f 521/3508 2920/3509 2921/3510 2922/3511
f 522/3512 2923/3513 2924/3514 2925/3515
f 523/3516 2926/3517 2927/3518 2928/3519
f 523/3520 2917/3505 2916/3504 2926/3521
f 523/3516 2929/3522 2930/3523 2917/3524
f 523/3516 2931/3525 2932/3526 2929/3522
f 524/3527 2933/3528 2934/3529 2935/3530
f 524/3527 2935/3530 2936/3531 2937/3532
f 524/3533 2937/3534 2938/3535 525/3536
f 526/3537 2939/3538 2940/3539 2658/3540
f 526/3537 2941/3541 2942/3542 2939/3538
f 526/3543 2943/3544 2944/3545 2941/3546
f 526/3547 2661/3548 2945/3549 2946/3550
f 527/3551 2947/3552 2948/3553 2945/3554
f 526/3555 2946/3556 2949/3557 2943/3558
f 528/3559 2950/3560 2951/3561 2952/3562
f 528/3559 2952/3562 2953/3563 2954/3564
f 529/3565 2955/3566 2956/3567 2957/3568
f 529/3565 2958/3569 2959/3570 2955/3566
f 530/3571 2960/3572 2961/3573 2962/3574
f 531/3575 2963/3576 532/3577 2964/3578
f 533/3579 2965/3580 2966/3581 2967/3582
f 534/3583 2968/3584 2969/3585 2970/3586
f 534/3583 2971/3587 2972/3588 2968/3584
f 535/3589 2973/3590 2884/3454 2883/3453
f 535/3589 2974/3591 2975/3592 2973/3590
f 535/3593 2976/3594 2977/3595 2974/3596
f 536/3597 2890/3598 2978/3599 2979/3600
f 536/3601 537/3602 2881/3465 2890/3464
f 536/3603 2979/3604 2980/3605 537/3606
f 537/3607 2981/3608 2970/3609 2969/3610
f 537/3607 2969/3610 2882/3450 2881/3449
f 537/3607 2980/3611 2982/3612 2981/3608
f 538/3613 534/3583 2983/3614 2855/3615
f 538/3616 506/3617 2971/3618 534/3619
f 539/3620 2984/3621 2985/3622 2986/3623
f 539/3624 2986/3625 2987/3626 2988/3627
f 507/3628 2989/3629 2966/3581 2965/3580
f 540/3630 2990/3631 541/3632 2991/3633
f 540/3630 563/3634 2992/3635 2990/3631
f 541/3636 2993/3637 2994/3638 2991/3639
f 541/3632 2990/3631 2995/3640 2993/3641
f 542/3642 2996/3643 2997/3644 2998/3645
f 542/3646 2998/3647 2999/3648 3000/3649
f 543/3650 3001/3651 3002/3652 3003/3653
f 543/3650 3004/3654 3005/3655 3001/3651
f 543/3656 3003/3657 3006/3658 3004/3659
f 544/3660 545/3661 3007/3662 3008/3663
f 544/3660 3008/3663 3009/3664 3010/3665
f 544/3660 3010/3665 3011/3666 3012/3667
f 544/3660 3012/3667 3013/3668 545/3661
f 545/3661 3013/3668 3014/3669 3007/3662
f 546/3670 557/3671 3015/3672 3016/3673
f 546/3670 3016/3673 3017/3674 3018/3675
f 547/3676 3019/3677 3020/3678 3021/3679
f 547/3676 3022/3680 3023/3681 3019/3677
f 547/3676 3021/3679 3024/3682 3022/3680
f 548/3683 3025/3684 3026/3685 3027/3686
f 548/3687 3027/3688 3028/3689 3029/3690
f 548/3691 3029/3692 3030/3693 3025/3694
f 549/3695 693/3696 3031/3697 3032/3698
f 549/3699 3033/3700 3034/3701 693/3702
f 549/3703 3035/3704 3036/3705 3033/3706
f 549/3703 554/3707 3037/3708 3035/3704
f 549/3695 3032/3698 3038/3709 554/3710
f 550/3711 3039/3712 3040/3713 3041/3714
f 550/3711 3042/3715 3043/3716 3039/3712
f 550/3711 3041/3714 3044/3717 3042/3715
f 551/3718 3045/3719 3046/3720 630/3721
f 551/3722 3047/3723 3048/3724 3049/3725
f 551/3726 630/3727 3050/3728 3047/3729
f 552/3730 3051/3731 624/3732 3052/3733
f 552/3734 3052/3735 3053/3736 553/3737
f 553/3737 3053/3736 3054/3738 3055/3739
f 554/3710 3038/3709 3054/3740 3053/3741
f 554/3742 3053/3743 3052/3733 3056/3744
f 555/3745 3056/3746 3058/3747 3059/3748
f 556/3749 560/3750 604/3751 3060/3752
f 556/3749 3060/3752 577/3753 3061/3754
f 557/3755 559/3756 3062/3757 605/3758
f 558/3759 3063/3760 3064/3761 803/3762
f 558/3763 3062/3764 3065/3765 3063/3766
f 558/3759 803/3762 3066/3767 3067/3768
f 558/3769 3067/3770 3068/3771 3069/3772
f 558/3773 3069/3774 605/3775 3062/3776
f 560/3750 3070/3777 3071/3778 604/3751
f 561/3779 3072/3780 600/3781 3073/3782
f 561/3779 3074/3783 3075/3784 3072/3780
f 562/3785 3076/3786 3077/3787 3078/3788
f 562/3785 3079/3789 3080/3790 3076/3786
f 562/3785 3078/3788 3081/3791 3079/3789
f 563/3792 3082/3793 3083/3794 3084/3795
f 563/3792 3085/3796 3086/3797 3082/3793
f 563/3634 3084/3798 3087/3799 2992/3635
f 564/3413 2858/3412 2998/3645 2997/3644
f 564/3800 2997/3801 3088/3802 622/3803
f 564/3804 622/3805 3089/3806 623/3807
f 565/3808 622/3805 566/3809 3090/3810
f 565/3808 3090/3810 3091/3811 3092/3812
f 565/3808 3093/3813 3089/3806 622/3805
f 566/3814 622/3803 3088/3802 3094/3815
f 566/3814 3094/3815 3095/3816 3090/3817
f 567/3818 3096/3819 3097/3820 3098/3821
f 3100/3822 581/3823 3096/3824 567/3825
f 567/3825 3098/3826 3099/3827 3100/3822
f 568/3828 3077/3787 3059/3829 3058/3830
f 3101/3831 3078/3832 3077/3833 568/3834
f 568/3834 3058/3835 619/3836 3101/3831
f 569/3837 3102/3838 570/3839 3103/3840
f 3072/3780 3075/3784 3102/3841 569/3842
f 569/3837 3103/3840 571/3843 3072/3844
f 570/3845 3102/3841 3104/3846 3105/3847
f 570/3848 3105/3849 3106/3850 3107/3851
f 570/3839 3107/3852 3108/3853 3109/3854
f 570/3839 3109/3854 3110/3855 3103/3840
f 571/3856 3111/3857 600/3781 3072/3780
f 571/3858 3112/3859 3113/3860 610/3861
f 571/3858 3103/3862 3114/3863 3112/3859
f 572/3864 3115/3865 3116/3866 3117/3867
f 572/3868 3118/3869 3119/3870 3115/3871
f 572/3872 3120/3873 574/3874 3118/3875
f 573/3876 3121/3877 3119/3870 3118/3869
f 573/3878 3118/3875 574/3874 575/3879
f 573/3880 575/3881 3122/3882 3123/3883
f 573/3880 3123/3883 3124/3884 3110/3885
f 573/3886 3110/3887 3109/3888 3121/3889
f 574/3874 583/3890 3125/3891 575/3879
f 575/3892 3125/3893 579/3894 578/3895
f 575/3896 578/3897 3126/3898 3122/3899
f 576/3900 577/3901 3060/3902 3064/3903
f 579/3894 3127/3904 3128/3905 3129/3906
f 579/3894 3129/3906 3130/3907 578/3895
f 577/3753 3131/3908 3132/3909 3061/3754
f 574/3874 3133/3910 694/3911 3134/3912
f 3135/3913 3136/3914 3125/3915 583/3916
f 580/3917 3137/3918 585/3919 3138/3920
f 580/3917 685/3921 3139/3922 3137/3918
f 580/3917 3138/3920 3140/3923 3141/3924
f 581/3925 3100/3926 3142/3927 3143/3928
f 581/3929 3143/3930 3144/3931 3096/3932
f 582/3933 609/3934 3145/3935 3146/3936
f 582/3937 3147/3938 3148/3939 609/3940
f 582/3941 3146/3942 3149/3943 3147/3944
f 584/3945 3150/3946 585/3947 591/3948
f 584/3949 591/3950 3151/3951 3152/3952
f 584/3953 3152/3954 3153/3955 3150/3956
f 585/3919 3137/3918 3154/3957 3155/3958
f 585/3947 3155/3959 3156/3960 591/3948
f 585/3947 3150/3946 3157/3961 3138/3962
f 586/3963 3158/3964 594/3965 3159/3966
f 586/3967 718/3968 3160/3969 3158/3970
f 586/3967 3159/3971 684/3972 718/3968
f 587/3973 589/3974 3161/3975 588/3976
f 587/3977 594/3978 3158/3979 589/3980
f 587/3981 3162/3982 595/3983 594/3984
f 588/3976 3163/3985 3164/3986 587/3973
f 588/3976 3161/3975 3165/3987 3163/3985
f 589/3974 3158/3970 3160/3969 3161/3975
f 590/3988 3166/3989 3167/3990 3168/3991
f 590/3988 3169/3992 3170/3993 3166/3989
f 590/3994 692/3995 3171/3996 3169/3997
f 591/3948 3172/3998 3173/3999 3151/4000
f 591/3948 3156/3960 3174/4001 3172/3998
f 592/4002 3175/4003 3176/4004 3177/4005
f 593/4006 597/4007 596/4008 3176/4009
f 593/4006 3180/4010 608/4011 597/4007
f 594/3965 3183/4012 3184/4013 3159/3966
f 595/4014 3162/4015 3185/4016 3186/4017
f 595/4018 3186/4019 3183/4012 594/3965
f 596/4020 3187/4021 3177/4022 3176/4023
f 596/4024 3188/4025 3189/4026 3187/4027
f 598/4028 3190/4029 3191/4030 3192/4031
f 597/4032 608/4033 3193/4034 596/4024
f 598/4035 3194/4036 3195/4037 3190/4038
f 599/4039 3196/4040 3197/4041 3190/4042
f 3129/4043 3128/4044 3196/4045 599/4046
f 599/4047 3190/4038 3198/4048 3129/3906
f 600/4049 3111/4050 3199/4051 3073/4052
f 601/4053 603/4054 3200/4055 3201/4056
f 601/4053 3201/4056 3065/4057 602/4058
f 601/4053 3130/4059 3202/4060 603/4054
f 601/4053 602/4058 578/4061 3130/4059
f 602/4062 3065/4063 3062/4064 559/4065
f 603/4054 3202/4060 3203/4066 3200/4055
f 3204/4067 3205/4068 3206/4069 3207/4070
f 604/4071 803/4072 3064/3903 3060/3902
f 606/4073 3208/4074 3209/4075 3210/4076
f 606/4073 3211/4077 3212/4078 3208/4074
f 606/4073 3210/4076 3213/4079 3211/4077
f 3070/4080 3214/4081 3215/4082 3071/4083
f 607/4084 3216/4085 3217/4086 3011/4087
f 607/4088 3068/4089 3067/4090 3216/4091
f 607/4088 3011/4092 3010/4093 3068/4089
f 608/4033 3049/3725 3048/3724 3193/4034
f 608/4094 3180/4095 3173/4096 3172/4097
f 608/4094 3172/4097 3174/4098 3049/4099
f 609/4100 3148/4101 3218/4102 3145/4103
f 610/4104 2879/3446 3219/4105 3220/4106
f 610/4107 3220/4108 3111/3857 571/3856
f 596/4024 3193/4034 3221/4109 3222/4110
f 611/4111 3186/4112 3185/4113 3223/4114
f 611/4111 3223/4114 3224/4115 3225/4116
f 611/4111 3225/4116 3226/4117 3227/4118
f 611/4111 3227/4118 3228/4119 632/4120
f 611/4111 632/4120 3183/4121 3186/4112
f 612/4122 3229/4123 3200/4124 3203/4125
f 612/4126 3230/4127 3231/4128 3229/4129
f 612/4130 3203/4131 3232/4132 3233/4133
f 612/4134 3233/4135 3234/4136 3230/4137
f 613/4138 3235/4139 3236/4140 3237/4141
f 613/4138 3238/4142 3239/4143 3235/4139
f 613/4138 616/4144 3240/4145 3238/4142
f 613/4146 3237/4147 614/4148 3241/4149
f 613/4150 3241/4151 3242/4152 616/4153
f 614/4154 3149/4155 3243/4156 3241/4157
f 614/4158 3237/4159 3147/3944 3149/3943
f 615/4160 3244/4161 3245/4162 3240/4163
f 615/4164 3242/4152 3246/4165 3244/4166
f 615/4167 3240/4168 616/4169 3242/4170
f 605/4171 3069/4172 3009/4173 3247/4174
f 617/4175 3248/4176 3249/4177 3250/4178
f 617/4179 3250/4180 3251/4181 625/4182
f 617/4179 625/4182 3252/4183 3248/4184
f 618/4185 3253/4186 625/4187 619/4188
f 618/4189 619/4190 3254/4191 3255/4192
f 620/4193 3256/4194 3257/4195 3258/4196
f 620/4193 3259/4197 3260/4198 3256/4194
f 621/4199 3261/4200 3262/4201 3263/4202
f 621/4203 3264/4204 3265/4205 3261/4206
f 540/4207 2991/4208 3266/4209 3267/4210
f 540/4211 3267/4212 3268/4213 3269/4214
f 540/4211 3269/4214 3270/4215 3271/4216
f 623/4217 3089/4218 3272/4219 2878/3445
f 624/3732 3254/4220 3056/3744 3052/3733
f 624/4221 3273/4222 3255/4223 3254/4224
f 3058/4225 3056/3744 3254/4220 619/4226
f 626/4227 3139/4228 3274/4229 3275/4230
f 626/4231 3275/4232 3276/4233 631/4234
f 626/4231 631/4234 627/4235 3023/4236
f 627/4237 3277/4238 3019/4239 3023/4240
f 627/4241 631/4242 3040/4243 3277/4244
f 628/4245 3278/4246 631/4242 3276/4247
f 628/4245 3276/4247 3279/4248 3280/4249
f 628/4245 3280/4249 3281/4250 3278/4246
f 629/4251 3282/4252 3046/4253 3028/4254
f 629/4251 3283/4255 3284/4256 3282/4252
f 629/4251 3028/4254 3027/4257 3283/4255
f 630/3727 3046/4253 3282/4252 3050/3728
f 632/4120 3228/4119 3184/4258 3183/4121
f 633/4259 3285/4260 3286/4261 3287/4262
f 633/4259 3287/4262 3288/4263 3289/4264
f 633/4265 3289/4266 3290/4267 634/4268
f 634/4268 3291/4269 635/4270 633/4265
f 635/4271 3292/4272 3293/4273 633/4274
f 635/4275 3291/4276 3294/4277 3295/4278
f 637/4279 643/4280 638/4281 646/4282
f 638/4283 643/4284 3296/4285 3297/4286
f 638/4283 3297/4286 3298/4287 646/4288
f 639/4289 3299/4290 651/4291 3300/4292
f 639/4293 3300/4294 3301/4295 3302/4296
f 639/4293 3302/4296 3303/4297 3304/4298
f 639/4289 3304/4299 3305/4300 641/4301
f 639/4289 641/4301 3306/4302 3299/4290
f 640/4303 3307/4304 3308/4305 3309/4306
f 641/4307 3305/4308 654/4309 3310/4310
f 641/4307 3310/4310 677/4311 655/4312
f 641/4301 655/4313 3311/4314 3306/4302
f 642/4315 3312/4316 3313/4317 644/4318
f 642/4319 644/4320 3314/4321 3315/4322
f 642/4323 3316/4324 3317/4325 3312/4326
f 643/4280 3318/4327 3319/4328 3320/4329
f 643/4284 3320/4330 3321/4331 3296/4285
f 644/4318 3322/4332 3323/4333 3314/4334
f 645/4335 3324/4336 3325/4337 646/4338
f 645/4335 3326/4339 3327/4340 3324/4336
f 645/4341 646/4342 3328/4343 3326/4344
f 646/4288 3298/4287 3329/4345 3328/4346
f 647/4347 659/4348 3330/4349 3331/4350
f 647/4351 3332/4352 3333/4353 3334/4354
f 647/4355 3335/4356 3336/4357 3332/4358
f 648/4359 3337/4360 3338/4361 3339/4362
f 648/4359 3339/4362 3340/4363 3341/4364
f 648/4365 3341/4366 3342/4367 3337/4368
f 647/4369 3343/4370 3344/4371 649/4372
f 647/4351 3334/4354 3345/4373 3343/4374
f 649/4375 3346/4376 3347/4377 3348/4378
f 649/4375 3349/4379 3350/4380 3346/4376
f 650/4381 3351/4382 3352/4383 3353/4384
f 650/4381 3354/4385 3355/4386 3351/4382
f 651/4291 3356/4387 3357/4388 3300/4292
f 651/4291 3299/4290 3358/4389 3356/4387
f 652/4390 3359/4391 3360/4392 3361/4393
f 652/4394 3361/4395 3308/4396 3307/4397
f 653/4398 3362/4399 3363/4400 3364/4401
f 653/4398 3364/4401 3365/4402 3366/4403
f 653/4398 3366/4403 3367/4404 3362/4399
f 654/4309 3368/4405 679/4406 3310/4310
f 655/4407 3369/4408 658/4409 3370/4410
f 655/4411 677/4412 3371/4413 3369/4414
f 655/4415 3370/4416 3372/4417 3311/4418
f 656/4419 3373/4420 3374/4421 658/4422
f 656/4423 658/4424 3369/4425 3375/4426
f 656/4427 3375/4428 657/4429 3373/4430
f 657/4431 3376/4432 3377/4433 3373/4420
f 657/4434 3378/4435 3379/4436 3376/4437
f 657/4438 3375/4426 3380/4439 3381/4440
f 658/4422 3374/4421 3382/4441 3383/4442
f 658/4409 3383/4443 3384/4444 3370/4410
f 660/4445 3385/4446 3386/4447 3387/4448
f 660/4445 3387/4448 3388/4449 661/4450
f 662/4451 3389/4452 674/4453 3390/4454
f 662/4455 3391/4456 3392/4457 3389/4458
f 662/4459 3393/4460 3394/4461 3391/4462
f 662/4463 3326/4344 3328/4343 3393/4464
f 662/4465 3395/4466 3327/4340 3326/4339
f 662/4451 3390/4454 3396/4467 3395/4468
f 128/833 1288/4469 673/4470 1291/834
f 663/4471 671/4472 636/1034 1404/1051
f 663/4471 1404/1051 1291/4473 673/4474
f 664/4475 3317/4476 3316/4477 3398/4478
f 664/4479 3399/4480 3400/4481 667/4482
f 665/4483 3401/4484 3402/4485 3403/4486
f 666/4487 664/4479 3398/4488 3404/4489
f 666/4487 3405/4490 3399/4480 664/4479
f 667/4482 3400/4481 3408/4491 3406/4492
f 668/4493 1401/4494 3410/4495 3411/4496
f 668/4497 3412/4498 1400/1042 1401/1045
f 668/4499 3411/4500 3413/4501 3412/4502
f 669/4503 3414/4504 3415/4505 671/4506
f 670/4507 3416/4508 3417/4509 3418/4510
f 670/4507 3419/4511 3420/4512 3416/4508
f 670/4507 3297/4513 3296/4514 3419/4511
f 670/4507 3418/4510 3298/4515 3297/4513
f 671/4506 3417/4509 3416/4508 3421/4516
f 671/4506 3415/4505 3422/4517 3417/4509
f 671/4518 3410/4495 1401/4494 636/4519
f 672/4520 3423/4521 3424/4522 3425/4523
f 671/4518 3426/4524 3427/4525 3410/4495
f 671/4526 3421/4527 724/4528 3426/4529
f 674/4453 3428/4530 3429/4531 3390/4454
f 674/4532 3430/4533 3431/4534 3428/4535
f 675/4536 3432/4537 3433/4538 3434/4539
f 675/4536 3434/4539 3435/4540 3436/4541
f 675/4542 3436/4543 3437/4544 3432/4545
f 676/4546 3438/4547 3345/4548 3334/4549
f 676/4550 3334/4551 3333/4552 3439/4553
f 676/4550 3439/4553 3440/4554 3441/4555
f 677/4311 3310/4310 679/4406 3371/4556
f 678/4557 3442/4558 3443/4559 3444/4560
f 678/4557 3444/4560 3445/4561 3446/4562
f 678/4557 3446/4562 3447/4563 3442/4558
f 679/4564 3448/4565 3380/4566 3371/4567
f 679/4568 3449/4569 727/4570 3448/4571
f 680/4572 3450/4573 3451/4574 3452/4575
f 680/4572 3452/4575 3453/4576 3454/4577
f 680/4572 3454/4577 3455/4578 3450/4573
f 681/4579 3445/4561 3444/4560 3456/4580
f 681/4581 3451/4574 3457/4582 3445/4583
f 681/4581 3456/4584 3452/4575 3451/4574
f 682/4585 3458/4586 3459/4587 3460/4588
f 682/4589 3461/4590 3462/4591 3458/4592
f 682/4589 3460/4593 3463/4594 3461/4590
f 683/4595 3464/4596 3465/4597 3466/4598
f 683/4599 3364/4401 3363/4400 3464/4600
f 683/4595 3466/4598 3365/4601 3364/4602
f 684/3972 3467/4603 3468/4604 718/3968
f 684/3972 3469/4605 3470/4606 3355/4607
f 684/3972 3355/4607 3354/4608 3467/4603
f 684/3972 3159/3971 3184/4258 3469/4605
f 685/4609 3471/4610 3472/4611 3473/4612
f 685/3921 580/3917 3141/3924 3471/4613
f 686/4614 3474/4615 3475/4616 3476/4617
f 686/4618 3476/4619 3477/4620 717/4621
f 687/4622 3478/4623 3479/4624 3480/4625
f 687/4622 3480/4625 3481/4626 3482/4627
f 687/4622 3482/4627 3153/4628 3478/4623
f 688/4629 3483/4630 694/4631 3484/4632
f 688/4633 3484/4634 3485/4635 3486/4636
f 688/4629 3486/4637 3487/4638 3483/4630
f 689/4639 692/4640 590/4641 691/4642
f 689/4639 3488/4643 3171/4644 692/4640
f 689/4645 691/4646 3489/4647 3490/4648
f 690/4649 3489/4647 691/4646 590/3988
f 690/4649 590/3988 3168/3991 3491/4650
f 690/4649 705/4651 3492/4652 3489/4647
f 693/4653 3034/4654 3493/4655 3031/4656
f 694/3911 3133/3910 3494/4657 3491/4658
f 694/4659 3491/4650 3168/3991 3484/4660
f 694/4661 3495/4662 3135/4663 3134/4664
f 694/4631 3483/4630 3496/4665 3495/4666
f 695/4667 3497/4668 3498/4669 3499/4670
f 695/4671 3499/4672 3500/4673 3494/4674
f 695/4667 3494/4657 3133/3910 3497/4668
f 696/4675 3501/4676 3502/4677 3503/4678
f 696/4675 3504/4679 3505/4680 3501/4676
f 696/4675 3503/4678 3506/4681 3504/4679
f 572/3864 3117/3867 3507/4682 3120/4683
f 697/4684 3508/4685 3509/4686 3510/4687
f 698/4688 3511/4689 3512/4690 3513/4691
f 698/4692 3514/4693 3515/4694 3516/4695
f 698/4696 3516/4697 3517/4698 3518/4699
f 698/4700 3518/4701 3519/4702 3511/4703
f 699/4704 3520/4705 3521/4706 3522/4707
f 699/4704 3523/4708 3524/4709 3520/4705
f 699/4704 3525/4710 3526/4711 3523/4708
f 700/4712 3521/4713 3517/4714 3527/4715
f 700/4716 3527/4717 3528/4718 3529/4719
f 701/4720 3530/4721 3531/4722 3516/4695
f 702/4723 3532/4724 3530/4725 701/4726
f 701/4720 3516/4695 3515/4694 702/4727
f 702/4728 704/4729 3533/4730 3534/4731
f 702/4727 3515/4694 3535/4732 704/4733
f 703/4734 704/4735 3535/4736 3536/4737
f 703/4738 3537/4739 776/4740 768/4741
f 703/4742 768/4743 3538/4744 3539/4745
f 705/4746 706/4747 3540/4748 3541/4749
f 705/4750 3526/4751 3525/4752 706/4753
f 705/4754 3542/4755 3492/4756
f 706/4757 3536/4758 3535/4759 3540/4760
f 706/4761 3525/4762 3543/4763 3544/4764
f 706/4765 3544/4766 3545/4767 3536/4768
f 3546/4769 715/4770 3547/4771 3548/4772
f 707/4773 3540/4774 3514/4775 3549/4776
f 707/4773 3550/4777 3551/4778 3540/4774
f 708/4779 3554/4780 3555/4781 3556/4782
f 708/4783 710/4784 3557/4785 3558/4786
f 708/4783 3558/4786 3559/4787 3560/4788
f 709/4789 3561/4790 3562/4791 3563/4792
f 709/4789 3564/4793 3565/4794 3561/4790
f 711/4795 3566/4796 3567/4797 3568/4798
f 711/4799 3569/4800 3570/4801 3566/4802
f 711/4799 3571/4803 3572/4804 3569/4800
f 711/4795 3568/4798 3573/4805 3574/4806
f 3575/4807 3574/4808 3573/4809 3576/4810
f 712/4811 3577/4812 3578/4813 3579/4814
f 712/4811 3580/4815 3581/4816 3577/4812
f 712/4811 3579/4814 3582/4817 3580/4815
f 713/4818 714/4819 3583/4820 3584/4821
f 713/4822 3584/4823 3585/4824 3586/4825
f 713/4826 3586/4827 3587/4828 714/4829
f 714/4830 3587/4831 3588/4832 3583/4833
f 715/4834 3589/4835 3590/4836 3591/4837
f 715/4770 3546/4769 3592/4838 3593/4839
f 715/4834 3593/4840 3594/4841 3589/4835
f 785/4842 3595/4843 3596/4844 784/4845
f 715/4846 3591/4847 785/4848 784/4849
f 715/4850 784/4845 3596/4844 3547/4851
f 716/4852 3597/4853 3598/4854 3599/4855
f 716/4856 3600/4857 3601/4858 3602/4859
f 3603/4860 3604/4861 788/4862 3600/4863
f 716/4852 3599/4855 3603/4860 3600/4863
f 717/4864 3583/4833 3588/4832 686/4865
f 717/4866 3477/4867 3584/4821 3583/4820
f 718/4868 3586/4825 3585/4824 3160/4869
f 719/4870 3605/4871 3581/4816 3580/4815
f 719/4870 3580/4815 3582/4817 3606/4872
f 719/4870 3573/4873 3568/4874 3605/4871
f 719/4870 3606/4872 3607/4875 3608/4876
f 719/4870 3608/4876 3576/4877 3573/4873
f 720/4878 3609/4879 3610/4880 3611/4881
f 720/4878 3612/4882 3598/4854 3609/4879
f 720/4878 3611/4881 718/3968 3468/4604
f 718/4883 3611/4884 3587/4828 3586/4827
f 721/4885 3613/4886 3607/4875 3614/4887
f 721/4885 3614/4887 740/4888 3615/4889
f 721/4890 3616/4891 3617/4892 3613/4893
f 722/4894 3618/4895 3619/4896 3620/4897
f 722/4894 3620/4897 723/4898 3621/4899
f 722/4894 3622/4900 3623/4901 3618/4895
f 722/4894 3621/4899 736/4902 3624/4903
f 723/4904 3433/4538 3432/4537 3625/4905
f 723/4898 3620/4897 3626/4906 3433/4907
f 723/4898 3625/4908 3627/4909 3628/4910
f 724/4911 3629/4912 731/229 3426/4913
f 724/4911 3630/4914 3631/4915 3632/4916
f 724/4911 3632/4916 730/4917 3629/4912
f 724/4528 3421/4527 3633/4918 3630/4919
f 725/4920 3634/4921 3632/4916 3631/4915
f 725/4920 3631/4915 3635/4922 3636/4923
f 725/4924 3636/4925 3637/4926 3634/4927
f 726/4928 3638/4929 3639/4930 727/4931
f 726/4932 727/4933 3449/4934 3640/4935
f 726/4932 3640/4935 3641/4936 3638/4937
f 727/4938 3642/4939 3643/4940 3448/4941
f 728/4942 3644/4943 3645/4944 3646/4945
f 728/4946 3646/4947 3647/4948 3648/4949
f 728/4946 3648/4949 3649/4950 3644/4951
f 729/4952 3650/4953 3651/4954 3652/4955
f 729/4952 3653/4956 3654/4957 3650/4953
f 729/4958 3652/4959 3655/4960 3653/4961
f 730/4962 3632/4963 3634/4964 3656/4965
f 730/4917 3657/4966 3658/4967 3629/4912
f 730/4917 721/4885 3615/4889 3657/4966
f 730/4962 3656/4965 3616/4968 721/4969
f 731/4970 969/4971 3427/4525 3426/4524
f 731/229 3629/4912 3658/4967 970/230
f 732/4972 3628/4910 3659/4973 3660/4974
f 732/4972 3621/4899 723/4898 3628/4910
f 732/4975 738/4976 736/4977 3621/4978
f 733/4979 3661/4980 3662/4981 735/4982
f 733/4983 3663/4984 3664/4985 3661/4986
f 733/4983 735/4987 3665/4988 740/4888
f 733/4983 740/4888 3666/4989 3667/4990
f 733/4983 3667/4990 3668/4991 3663/4984
f 734/4992 3669/4993 3670/4994 3671/4995
f 734/4992 3672/4996 3673/4997 3669/4993
f 734/4992 3671/4995 3674/4998 3675/4999
f 734/4992 3675/4999 3676/5000 3677/5001
f 734/4992 3677/5001 3624/4903 3672/4996
f 735/4987 3662/5002 3678/5003 3665/4988
f 736/4902 738/5004 3672/4996 3624/4903
f 737/5005 739/5006 3665/4988 3678/5003
f 737/5007 3657/5008 3615/5009 739/5010
f 737/5007 3678/5011 3658/5012 3657/5008
f 738/5013 732/5014 3673/5015 3672/5016
f 739/5006 3615/4889 740/4888 3665/4988
f 740/4888 3614/4887 3679/5017 3666/4989
f 741/5018 3680/5019 3670/4994 3681/5020
f 3683/5021 3684/5022 3680/5023 741/5024
f 741/5018 3681/5020 3682/5025 3683/5026
f 742/5027 3685/5028 3686/5029 747/5030
f 742/5027 936/5031 3687/5032 3685/5028
f 742/5033 747/5034 28/5035 936/5036
f 743/150 28/149 747/5030 3688/5037
f 743/150 3688/5037 3689/5038 892/151
f 744/5039 3690/5040 3691/5041 3692/5042
f 744/5043 3693/5044 3694/5045 3695/5046
f 745/5047 3696/5048 3697/5049 3698/5050
f 746/5051 3699/5052 3700/5053 3701/5054
f 746/5051 3701/5054 3702/5055 3703/5056
f 746/5057 3704/5058 3705/5059 3699/5060
f 747/5030 3706/5061 3707/5062 3688/5037
f 747/5030 3686/5029 3708/5063 3706/5061
f 748/5064 3709/5065 3710/5066 3711/5067
f 749/5068 744/5069 3712/5070 750/5071
f 750/5072 3712/5073 3713/5074 3714/5075
f 751/5076 2580/5077 2579/5078 3715/5079
f 751/5080 3716/5081 3717/5082 2580/5083
f 752/5084 3718/5085 3719/5086 3720/5087
f 752/5084 3721/5088 3722/5089 3718/5085
f 753/5090 3723/5091 3724/5092 3725/5093
f 753/5094 3726/5095 766/5096 3727/5097
f 753/5090 3728/5098 3729/5099 3723/5091
f 754/5100 3730/5101 3731/5102 3732/5103
f 754/5104 3733/5105 3734/5106 3735/5107
f 754/5100 3735/5108 3736/5109 3730/5101
f 755/5110 3737/5111 3738/5112 3739/5113
f 755/5110 758/5114 3724/5092 3737/5111
f 755/5115 3739/5116 3740/5117 756/5118
f 755/5119 756/5120 3741/5121 758/5122
f 756/5123 759/5124 3742/5125 3743/5126
f 756/5123 3743/5126 3744/5127 3741/5128
f 756/5118 3740/5117 761/5129 759/5130
f 757/5131 758/5132 3734/5106 3733/5105
f 757/5133 3745/5134 762/5135 3746/5136
f 757/5133 3746/5136 3747/5137 3725/5138
f 758/5139 757/5140 3725/5141 3724/5142
f 758/5132 3741/5128 3748/5143 3734/5106
f 760/5144 779/5145 3749/5146 769/5147
f 760/5144 3750/5148 3751/5149 779/5145
f 760/5150 769/5151 3752/5152 3753/5153
f 760/5154 3754/5155 3755/5156 3750/5157
f 762/5158 3756/5159 3757/5160 3758/5161
f 762/5162 3745/5163 3754/5164 3756/5165
f 2552/2951 2551/2950 3761/5166 764/5167
f 763/5168 3760/5169 2552/2951 764/5167
f 763/5170 3762/5171 3763/5172 767/5173
f 764/5167 3761/5166 3764/5174 763/5168
f 765/5175 3765/5176 3766/5177 3767/5178
f 767/5173 3763/5172 3768/5179 3769/5180
f 768/5181 3770/5182 3771/5183 3538/5184
f 768/5185 3772/5186 3522/5187 3770/5188
f 768/5185 775/5189 3773/5190 3772/5186
f 769/5191 772/5192 770/5193 3752/5194
f 769/5195 3774/5196 3775/5197 3776/5198
f 769/5195 3776/5198 3777/5199 3778/5200
f 769/5147 3749/5146 3779/5201 3780/5202
f 769/5195 3780/5203 771/5204 3774/5196
f 770/5205 3781/5206 3782/5207 3752/5208
f 771/5204 3780/5203 804/5209 773/5210
f 771/5211 777/5212 3783/5213 3774/5214
f 771/5211 3784/5215 778/5216 777/5212
f 771/5204 773/5210 3785/5217 3784/5218
f 773/5210 3786/5219 3787/5220 3785/5217
f 773/5210 804/5209 3788/5221 3533/4730
f 774/5222 3779/5223 3789/5224 3790/5225
f 774/5222 3790/5225 3791/5226 3773/5190
f 774/5222 804/5227 3780/5228 3779/5223
f 776/4740 3537/4739 3792/5229 3786/5219
f 777/5230 778/5231 3790/5232 3789/5233
f 777/5234 3789/5235 3793/5236 3794/5237
f 777/5212 3794/5238 3795/5239 3783/5213
f 778/5240 3784/5241 3796/5242 3797/5243
f 779/5145 3798/5244 3799/5245 3800/5246
f 779/5145 3751/5149 3801/5247 3798/5244
f 779/5145 3800/5246 3793/5248 3749/5146
f 780/5249 3802/5250 3803/5251 3804/5252
f 780/5249 3805/5253 3806/5254 3802/5250
f 780/5249 3804/5252 3807/5255 3805/5253
f 781/5256 3808/5257 3809/5258 3810/5259
f 781/5256 3810/5259 3811/5260 3812/5261
f 781/5256 3812/5261 3813/5262 3808/5257
f 782/5263 3814/5264 3815/5265 3816/5266
f 782/5263 3816/5266 3817/5267 3818/5268
f 782/5263 3818/5268 3819/5269 3820/5270
f 782/5263 3820/5270 3821/5271 3822/5272
f 782/5263 3822/5272 787/5273 3814/5264
f 783/5274 3806/5275 3823/5276 3824/5277
f 783/5278 3825/5279 3826/5280 3827/5281
f 783/5278 3824/5282 3828/5283 3825/5279
f 783/5284 3827/5285 3802/5250 3806/5254
f 785/4842 3829/5286 3830/5287 3595/4843
f 785/4842 3601/5288 3831/5289 3829/5286
f 785/4842 3832/5290 3602/5291 3601/5288
f 785/5292 3591/5293 3542/5294 3832/5295
f 786/5296 3833/5297 3834/5298 3835/5299
f 786/5296 3490/4648 3590/4836 3589/4835
f 786/5296 3835/5299 689/4645 3490/4648
f 786/5296 3589/4835 3594/4841 787/5273
f 787/5300 3836/5301 3837/5302 3814/5303
f 787/5273 3822/5272 3833/5297 786/5296
f 788/4862 3604/4861 3838/5304 3839/5305
f 788/5306 3840/5307 3841/5308 3600/5309
f 788/5310 3842/5311 3843/5312 3840/5313
f 788/4862 3839/5305 3844/5314 3842/5315
f 789/5316 3817/5317 3720/5318 3719/5319
f 789/5316 3845/5320 3818/5321 3817/5317
f 789/5322 3719/5086 3846/5323 3845/5324
f 790/5325 3847/5326 3844/5314 3839/5305
f 790/5327 3839/5328 3838/5329 3848/5330
f 790/5325 3848/5331 3849/5332 3847/5326
f 791/5333 3850/5334 3851/5335 3852/5336
f 791/5337 792/5338 3853/5339 3837/5302
f 791/5337 3837/5302 3836/5301 3850/5340
f 791/5341 3852/5342 3803/5251 3802/5250
f 791/5341 3802/5250 3827/5285 792/5343
f 792/5344 3827/5281 3826/5280 3853/5345
f 1134/5346 3856/5347 3857/5348 3858/5349
f 1134/5350 3858/5351 1130/5352 1129/5353
f 3854/5354 3855/5355 1134/5350 1129/5353
f 794/5356 3859/5357 3860/5358 3861/5359
f 796/5360 2205/5361 3862/5362 2111/2240
f 796/5360 2111/2240 2110/2239 3863/5363
f 371/5364 3864/5365 3865/5366 3866/5367
f 797/5368 3867/5369 3868/5370 3869/5371
f 798/5372 2555/5373 3870/5374 3871/5375
f 798/5376 3872/5377 2599/3017 2598/3016
f 799/5378 3873/5379 3874/5380 3875/5381
f 800/5382 3876/5383 2732/3204 2731/3203
f 802/5384 3877/5385 3878/5386 3879/5387
f 803/5388 604/5389 3071/5390 3212/5391
f 803/5388 3212/5391 3211/5392 3066/5393
f 805/5394 3883/5395 3884/5396 3885/5397
f 805/5398 3885/5399 3886/5400 3887/5401
f 805/5394 3887/5402 3888/5403 3883/5395
f 807/5404 3889/5405 3890/5406 1072/5407
f 808/5408 3891/5409 3892/5410 3893/5411
f 810/5412 1938/5413 3894/5414 3895/5415
f 811/5416 3896/5417 3897/5418 3898/5419
f 812/5420 3899/5421 2089/5422 3900/5423
f 814/5424 3905/5425 3906/5426 3907/5427
f 814/5424 3907/5427 3908/5428 3909/5429
f 815/5430 3910/5431 3911/5432 3912/5433
f 816/5434 3913/5435 3914/5436 3915/5437
f 816/5434 3915/5437 3916/5438 3917/5439
f 817/5440 3918/5441 3919/5442 3920/5443
f 818/5444 3925/5445 3926/5446 3927/5447
f 819/5448 3928/5449 3929/5450 3930/5451
f 819/5448 3930/5451 3931/5452 3932/5453
f 820/5454 825/5455 3934/5456 3935/5457
f 820/5458 3936/5459 3937/5460 825/5461
f 823/5462 3938/5463 3939/5464 3940/5465
f 824/5466 3942/5467 3943/5468 3944/5469
f 824/5466 3944/5469 3945/5470 930/5471
f 824/5466 930/5471 929/5472 3942/5467
f 825/5455 3946/5473 3947/5474 3934/5456
f 826/5475 3948/5476 3949/5477 3950/5478
f 3949/5479 3951/5480 3952/5481 3953/5482
f 3952/5483 3951/5484 3954/5485 3396/4467
f 3952/5483 3396/4467 3390/4454 3429/4531
f 3954/5485 3951/5484 3955/5486 3956/5487
f 3954/5488 3956/5489 3957/5490 3958/5491
f 3954/5485 3958/5492 3395/4468 3396/4467
f 3958/5493 3957/5494 3341/4364 3340/4363
f 3958/5493 3340/4363 3327/4340 3395/4466
f 3957/5490 3956/5489 3959/5495 3960/5496
f 3957/5494 3960/5497 3342/5498 3341/4364
f 3960/5497 3961/5499 3962/5500 3342/5498
f 3960/5497 3959/5501 3963/5502 3961/5499
f 3963/5502 3964/5503 3965/5504 3961/5499
f 3963/5505 3959/5495 3966/5506 3967/5507
f 3963/5508 3967/5509 3968/5510 3964/5511
f 3968/5512 3969/5513 3970/5514 3964/5515
f 3968/5510 3967/5509 3437/4544 3436/4543
f 3968/5512 3436/4541 3435/4540 3969/5513
f 3970/5516 3971/5517 3972/5518 3973/5519
f 3970/5516 3973/5519 3965/5504 3964/5503
f 3970/5516 3969/5520 3974/5521 3971/5517
f 3974/5521 3975/5522 3976/5523 3971/5517
f 3974/5521 3969/5520 3435/5524 3977/5525
f 3974/5521 3977/5525 3978/5526 3975/5522
f 3978/5526 3979/5527 3980/5528 3975/5522
f 3978/5529 3977/5530 3981/5531 3982/5532
f 3978/5529 3982/5532 3352/4383 3979/5533
f 3982/5532 3981/5531 3626/5534 3983/5535
f 3982/5532 3983/5535 3353/4384 3352/4383
f 3983/5535 3626/5534 3620/5536 3619/5537
f 3983/5535 3619/5537 3984/5538 3353/4384
f 3984/5538 3354/4385 650/4381 3353/4384
f 3984/5539 3619/4896 3618/4895 3985/5540
f 3984/5539 3985/5540 3467/4603 3354/4608
f 3985/5540 3618/4895 3623/4901 3986/5541
f 3985/5540 3986/5541 3468/4604 3467/4603
f 3986/5541 3623/4901 3676/5000 3987/5542
f 3986/5541 3987/5542 720/4878 3468/4604
f 3987/5542 3676/5000 3675/4999 3988/5543
f 3987/5542 3988/5543 3612/4882 720/4878
f 3988/5543 3675/4999 3674/4998 3989/5544
f 3988/5543 3989/5544 3990/5545 3612/4882
f 3990/5545 3599/4855 3598/4854 3612/4882
f 3990/5545 3989/5544 3991/5546 3992/5547
f 3990/5545 3992/5547 3603/4860 3599/4855
f 3992/5547 3991/5546 3993/5548 3994/5549
f 3992/5547 3994/5549 3995/5550 3603/4860
f 3995/5551 3996/5552 3997/5553 3998/5554
f 3995/5551 3994/5555 3999/5556 3996/5552
f 3999/5556 3994/5555 3993/5557 4000/5558
f 3999/5559 4000/5560 4001/5561 4002/5562
f 3999/5556 4002/5563 4003/5564 3996/5552
f 4003/5564 4004/5565 3997/5553 3996/5552
f 4003/5566 4002/5562 3703/5056 4005/5567
f 4003/5566 4005/5567 4006/5568 4004/5569
f 4006/5568 3849/5332 3848/5331 4004/5569
f 4006/5568 4005/5567 4007/5570 4008/5571
f 4006/5568 4008/5571 4009/5572 3849/5332
f 4009/5572 4010/5573 4011/5574 4012/5575
f 4009/5572 4012/5575 3847/5326 3849/5332
f 4009/5572 4008/5571 3693/5044 4010/5573
f 4012/5575 4011/5574 3732/5103 3731/5102
f 4012/5575 3731/5102 3844/5314 3847/5326
f 4011/5574 4010/5573 447/3049 2626/3052
f 4013/5576 2626/3052 2625/3051 4014/5577
f 4008/5571 4007/5570 3694/5045 3693/5044
f 4007/5570 4005/5567 3703/5056 3702/5055
f 4007/5570 3702/5055 4015/5578 3694/5045
f 4004/5569 3848/5331 3838/5304 3997/5579
f 4002/5562 4001/5561 746/5051 3703/5056
f 4001/5561 4000/5560 4016/5580 4017/5581
f 4001/5561 4017/5581 3704/5582 746/5051
f 4017/5581 4016/5580 4018/5583 3696/5048
f 4018/5584 4016/5585 4019/5586 4020/5587
f 4018/5584 4020/5587 3684/5022 4021/5588
f 4018/5583 4021/5589 3697/5049 3696/5048
f 4021/5588 3684/5022 3683/5021 4022/5590
f 4021/5591 4022/5592 4023/5593 3697/5594
f 4023/5593 4024/5595 3698/5596 3697/5594
f 4024/5597 4025/5598 4026/5599 4027/5600
f 4024/5601 4027/5602 4028/5603 3698/5604
f 4027/5600 4026/5599 4029/5605 4030/5606
f 4027/5607 4030/5608 4031/5609 4028/5610
f 4031/5609 4032/5611 4033/5612 4028/5610
f 4029/5613 4026/5614 4034/5615 4035/5616
f 4020/5587 4019/5586 4036/5617 4037/5618
f 4020/5587 4037/5618 3680/5023 3684/5022
f 4037/5619 4036/5620 3674/4998 3671/4995
f 4037/5619 3671/4995 3670/4994 3680/5019
f 4036/5620 3991/5546 3989/5544 3674/4998
f 4036/5620 4019/5621 3993/5548 3991/5546
f 4019/5586 4016/5585 4000/5558 3993/5557
f 3998/5622 3997/5579 3838/5304 3604/4861
f 3981/5623 3977/5525 3435/5524 3434/5624
f 3981/5623 3434/5624 3433/4907 3626/4906
f 3980/5528 4038/5625 4039/5626 4040/5627
f 3980/5528 4040/5627 3976/5523 3975/5522
f 3980/5528 3979/5527 4041/5628 4038/5625
f 4041/5628 3470/4606 4042/5629 4038/5625
f 4041/5630 3979/5533 3352/4383 3351/4382
f 4041/5630 3351/4382 3355/4386 3470/5631
f 4042/5629 4043/5632 4044/5633 4045/5634
f 4042/5629 4045/5634 4039/5626 4038/5625
f 4042/5629 3470/4606 3469/4605 4043/5632
f 4045/5634 4044/5633 4046/5635 4047/5636
f 4045/5634 4047/5636 4048/5637 4039/5626
f 4048/5637 4047/5636 4049/5638 4050/5639
f 4048/5637 4050/5639 4051/5640 4052/5641
f 4048/5637 4052/5641 4040/5627 4039/5626
f 4052/5641 4051/5640 4053/5642 4054/5643
f 4052/5641 4054/5643 3976/5523 4040/5627
f 4054/5643 4053/5642 4055/5644 3972/5518
f 4054/5643 3972/5518 3971/5517 3976/5523
f 4055/5644 4053/5642 4056/5645 3336/5646
f 4055/5647 3336/4357 3335/4356 4057/5648
f 4055/5644 4057/5649 3973/5519 3972/5518
f 4057/5648 3335/4356 4058/5650 4059/5651
f 4057/5649 4059/5652 3965/5504 3973/5519
f 4059/5651 4058/5650 4060/5653 3962/5654
f 4059/5652 3962/5500 3961/5499 3965/5504
f 4060/5653 3337/4368 3342/4367 3962/5654
f 4060/5653 4058/5650 4061/5655 4062/5656
f 4060/5657 4062/5658 3338/4361 3337/4360
f 4062/5658 4063/5659 3325/4337 3338/4361
f 4064/5660 4061/5661 647/5662 3331/5663
f 4064/5664 3331/5665 4065/5666 3319/5667
f 4065/5668 4066/5669 3320/4330 3319/5670
f 4065/5671 3331/4350 3330/4349 4067/5672
f 4065/5668 4067/5673 3323/5674 4066/5669
f 4067/5675 3344/5676 3314/4334 3323/4333
f 4066/5669 4068/5677 3321/4331 3320/4330
f 4066/5678 3323/4333 3322/4332 4068/5679
f 4068/5677 3322/5680 4069/5681 4070/5682
f 4071/5683 4072/5684 4073/5685 3401/4484
f 4071/5686 4074/5687 3388/5688 4075/5689
f 4071/5686 4075/5689 4076/5690 4072/5691
f 4077/5692 4075/5693 3388/4449 3387/4448
f 4077/5692 3387/4448 3386/4447 4078/5694
f 4078/5695 4079/5696 4080/5697 4081/5698
f 4080/5699 4082/5700 4083/5701 4081/5702
f 4073/5685 4084/5703 4085/5704 4086/5705
f 4073/5685 4086/5705 3402/4485 3401/4484
f 4086/5706 4085/5707 4087/5708 4088/5709
f 4086/5710 4088/5711 4089/5712 3402/5713
f 4088/5709 4087/5708 4090/5714 4091/5715
f 4090/5714 4087/5708 4092/5716 4093/5717
f 4093/5718 4092/5719 4094/5720 4083/5701
f 4092/5721 4087/5722 4085/5723 4095/5724
f 4095/5725 4085/5704 4084/5703 4096/5726
f 4061/5655 4058/5650 3335/4356 647/4355
f 4056/5645 4053/5642 4051/5640 4097/5727
f 4056/5645 4097/5727 4098/5728 4099/5729
f 4056/5730 4099/5731 3332/4358 3336/4357
f 4099/5731 4098/5732 4100/5733 4101/5734
f 4099/5731 4101/5734 3333/5735 3332/4358
f 4101/5736 4100/5737 4102/5738 4103/5739
f 4101/5736 4103/5739 3439/4553 3333/4552
f 4103/5739 4102/5738 4104/5740 4105/5741
f 4103/5739 4105/5741 3440/4554 3439/4553
f 4105/5742 4104/5743 4106/5744 4107/5745
f 4105/5741 4107/5746 3654/5747 3440/4554
f 4107/5745 4106/5744 4108/5748 4109/5749
f 4107/5745 4109/5749 3650/4953 3654/4957
f 4109/5749 4108/5748 4110/5750 4111/5751
f 4109/5752 4111/5753 3651/5754 3650/5755
f 4111/5751 4110/5750 4112/5756 4113/5757
f 4111/5753 4113/5758 3617/5759 3651/5754
f 4113/5757 4112/5756 4114/5760 4115/5761
f 4113/5757 4115/5761 3613/4886 3617/5762
f 4115/5761 4114/5760 3576/4877 3608/4876
f 4115/5761 3608/4876 3607/4875 3613/4886
f 4114/5763 4112/5764 4116/5765 4117/5766
f 4114/5767 4117/5768 3575/4807 3576/4810
f 4117/5766 4116/5765 3647/5769 4118/5770
f 4117/5768 4118/5771 3574/4808 3575/4807
f 4118/5772 3647/5773 3646/5774 3571/5775
f 4118/5776 3571/4803 711/4799 3574/5777
f 4116/5778 4119/5779 3648/4949 3647/4948
f 4116/5778 4112/5780 4110/5781 4119/5779
f 4119/5779 4120/5782 3649/4950 3648/4949
f 4119/5783 4110/5750 4108/5748 4120/5784
f 4120/5785 4121/5786 4122/5787 3649/5788
f 4120/5784 4108/5748 4106/5744 4121/5789
f 4122/5787 3287/4262 3286/4261 4123/5790
f 4122/5787 4123/5790 3644/5791 3649/5788
f 4122/5787 4121/5786 3288/4263 3287/4262
f 4123/5790 3286/4261 4124/5792 4125/5793
f 4123/5794 4125/5795 3645/4944 3644/4943
f 4125/5796 4124/5797 4126/5798 4127/5799
f 4125/5796 4127/5799 3572/5800 3645/5801
f 4127/5799 4126/5798 4128/5802 4129/5803
f 4127/5799 4129/5803 3569/5804 3572/5800
f 4129/5805 4128/5806 4130/5807 4131/5808
f 4129/5805 4131/5808 3570/4801 3569/4800
f 4131/5808 4130/5807 3471/4613 3141/3924
f 4131/5808 3141/3924 3140/3923 3570/4801
f 4130/5809 4128/5810 4132/5811 4133/5812
f 4130/5809 4133/5812 3472/4611 3471/4610
f 4133/5813 4132/5814 4134/5815 4135/5816
f 4133/5817 4135/5818 4136/5819 3472/5820
f 4136/5821 4135/5822 4137/5823 4138/5824
f 4136/5821 4138/5824 4139/5825 4140/5826
f 4136/5819 4140/5827 3473/5828 3472/5820
f 4140/5826 4139/5825 4141/5829 4142/5830
f 4140/5827 4142/5831 3274/5832 3473/5828
f 3275/5833 3274/5832 4142/5831 4143/5834
f 4141/5829 4144/5835 4145/5836 3279/5837
f 4145/5836 4144/5835 3221/4109 4146/5838
f 4145/5839 4146/5840 4147/5841 4148/5842
f 4145/5839 4148/5842 3280/4249 3279/4248
f 4148/5843 4147/5844 4149/5845 4150/5846
f 4148/5842 4150/5847 3281/4250 3280/4249
f 4150/5848 4149/5849 3284/4256 4151/5850
f 4150/5848 4151/5850 3044/5851 3281/5852
f 4151/5850 3284/4256 3283/4255 4152/5853
f 4151/5854 4152/5855 3042/3715 3044/3717
f 4152/5855 3026/5856 3043/3716 3042/3715
f 4152/5853 3283/4255 3027/4257 3026/5857
f 4149/5845 4147/5844 3047/5858 3050/5859
f 4149/5849 3050/3728 3282/4252 3284/4256
f 4147/5841 4146/5840 3048/5860 3047/5861
f 4146/5838 3221/4109 3193/4034 3048/3724
f 4144/5835 4153/5862 3222/4110 3221/4109
f 4153/5862 4154/5863 4155/5864 3222/4110
f 4139/5825 4138/5824 4156/5865 4157/5866
f 4156/5865 4158/5867 3225/4116 3224/4115
f 4156/5865 3224/4115 4159/5868 4157/5866
f 4156/5865 4138/5824 4137/5823 4158/5867
f 4158/5867 4160/5869 3226/4117 3225/4116
f 4158/5867 4137/5823 4161/5870 4160/5869
f 4161/5870 3295/4278 4162/5871 4160/5869
f 4161/5870 4137/5823 4135/5822 4134/5872
f 4161/5870 4134/5872 635/4275 3295/4278
f 4162/5871 4049/5638 4047/5636 4046/5635
f 4162/5871 4046/5635 3226/4117 4160/5869
f 4162/5871 3295/4278 3294/4277 4049/5638
f 4134/5815 4132/5814 3292/4272 635/4271
f 4132/5873 4128/5802 4126/5798 3292/5874
f 4126/5798 4124/5797 3293/5875 3292/5874
f 4124/5792 3286/4261 3285/4260 3293/5876
f 4121/5789 4106/5744 4104/5743 3288/5877
f 4104/5743 4102/5878 3289/5879 3288/5877
f 4102/5880 4100/5881 3290/5882 3289/5883
f 4100/5884 4098/5885 4163/5886 3290/5887
f 4163/5888 3291/4269 634/4268 3290/4267
f 4163/5888 4098/5889 4097/5890 4164/5891
f 4163/5888 4164/5891 3294/5892 3291/4269
f 4164/5893 4097/5727 4051/5640 4050/5639
f 4164/5893 4050/5639 4049/5638 3294/4277
f 4046/5635 4044/5633 3227/4118 3226/4117
f 4043/5894 3469/5895 3184/5896 3228/5897
f 3967/5509 3966/5898 4165/5899 3437/4544
f 4165/5900 3966/5901 3955/5902 4166/5903
f 4165/5904 4166/5905 3627/5906 3625/5907
f 4165/5899 3625/5908 3432/4545 3437/4544
f 4166/5905 3949/5909 3948/5910 3627/5906
f 4166/5905 3955/5911 3951/5912 3949/5909
f 3966/5506 3959/5495 3956/5489 3955/5913
f 3948/5914 3659/4973 3628/4910 3627/4909
f 3947/5474 3946/5473 4167/5915 4168/5916
f 4168/5916 4167/5915 2909/5917 2908/5918
f 4168/5919 2908/5920 2888/5921 4169/5922
f 4167/5915 3946/5473 4170/5923 4171/5924
f 4172/5925 932/146 931/145 4173/5926
f 4173/5926 931/145 927/142 4174/5927
f 4173/5926 4174/5927 4175/5928 4176/5929
f 4174/5927 927/142 926/141 4177/5930
f 3942/5467 929/5472 4178/5931 4179/5932
f 4180/5933 3258/5934 3257/5935 2996/5936
f 4181/5937 4182/5938 4183/5939 4184/5940
f 4183/5939 2858/5941 2857/5942 4184/5940
f 4183/5939 4182/5938 4185/5943 2999/3648
f 4183/5939 2999/3648 2998/3647 2858/5941
f 4185/5944 4186/5945 4187/5946 4188/5947
f 4185/5944 4188/5947 3000/5948 2999/5949
f 4187/5946 4186/5945 4189/5950
f 4190/5951 4191/5952 4192/5953 4193/5954
f 4191/5955 4194/5956 4195/5957 2958/5958
f 4195/5957 4194/5956 4196/5959 4197/5960
f 4198/5961 4199/5962 4200/5963 821/5964
f 3935/5965 3934/5966 4201/5967 4202/5968
f 3933/5969 3929/5970 4203/5971 4204/5972
f 4205/5973 4203/5971 4206/5974 4207/5975
f 4205/5976 4207/5977 4208/5978 4209/5979
f 4208/5978 4207/5977 2792/3305 2791/3304
f 4207/5975 4206/5974 4210/5980 2792/5981
f 4206/5974 4203/5971 3929/5970 3928/5982
f 4211/5983 4212/5984 4213/5985 4214/5986
f 4214/5986 4213/5985 2703/3166 2707/3165
f 4214/5986 2707/3165 4215/5987 4216/5988
f 4215/5987 2707/3165 2706/3164 4217/5989
f 4215/5987 4217/5989 4218/5990 4219/5991
f 2719/5992 469/5993 4218/5994 4217/5995
f 4213/5996 4220/5997 2704/3161 2703/3160
f 4220/5997 4221/5998 4222/5999 2704/3161
f 4222/5999 4223/6000 2705/3162 2704/3161
f 4224/6001 4225/6002 4226/6003 3924/6004
f 4226/6003 4227/6005 818/5444 3924/6004
f 4226/6003 4225/6002 4228/6006 4229/6007
f 4230/6008 3925/5445 818/5444 4227/6005
f 4231/6009 2472/6010 4232/6011 4233/6012
f 4232/6013 2472/6014 2471/6015 4234/6016
f 4235/6017 4228/6006 4236/6018 4237/6019
f 4236/6018 4228/6006 4225/6002 4238/6020
f 3927/5447 3926/5446 4239/6021 2539/2935
f 3927/5447 2539/2935 428/2934 4240/6022
f 4239/6021 4241/6023 4242/6024 4243/6025
f 4239/6021 4243/6025 2540/2936 2539/2935
f 4239/6021 3926/5446 4244/6026 4241/6023
f 4244/6026 3926/5446 3925/5445 4245/6027
f 3923/6028 3922/6029 2357/2638 4246/6030
f 4247/6031 4248/6032 4249/6033 4250/6034
f 4249/6033 4248/6032 4251/6035 4252/6036
f 4249/6033 4252/6036 4253/6037 4254/6038
f 4253/6037 4252/6036 4255/6039 4256/6040
f 4255/6039 4252/6036 4251/6035 4257/6041
f 4255/6042 4258/6043 4259/6044 4256/6045
f 4260/6046 4261/6047 4262/6048 4263/6049
f 4263/6050 4264/6051 4265/6052 4260/6053
f 4265/6052 4264/6051 4266/6054 4267/6055
f 4267/6056 4266/6057 2059/6058 4268/6059
f 4266/6054 4264/6051 2135/6060 2134/6061
f 4269/6062 4270/6063 4261/6047 4258/6043
f 4271/6064 4257/6065 4272/6066 4273/6067
f 4272/6068 4257/6041 4251/6035 4274/6069
f 4274/6069 4251/6035 4248/6032 4246/6030
f 4274/6069 4246/6030 2357/2638 2356/2637
f 3922/6070 3921/6071 4275/6072 2359/6073
f 3922/6070 2359/6073 2358/6074 2357/6075
f 4275/6072 3921/6071 4276/6076 4277/6077
f 4275/6078 2341/2616 2340/2615 2359/2644
f 3917/5439 3916/5438 4278/6079 4279/6080
f 3908/5428 3907/5427 4280/6081 4281/6082
f 4282/6083 4283/6084 2099/6085 2098/6086
f 3905/5425 814/5424 3909/5429 4284/6087
f 4285/6088 4286/6089 2202/6090 2201/6091
f 4285/6088 2201/6091 2114/2244 2113/2243
f 4287/6092 4288/6093 2262/2465 2261/2464
f 4286/6089 4289/6094 4290/6095 2202/6090
f 4290/6095 1115/6096 1114/6097 4291/6098
f 4290/6099 4291/6100 336/2374 2202/2377
f 4290/6095 4289/6094 4292/6101 1115/6096
f 3904/6102 2219/6103 2213/6104 2212/6105
f 3903/6106 3902/6107 4293/6108 4294/6109
f 3903/6106 4294/6109 4295/6110 4296/6111
f 3903/6106 4296/6111 4297/6112 4298/6113
f 4298/6114 4297/6115 4299/6116 4300/6117
f 4297/6112 4296/6111 4301/6118 4302/6119
f 4303/6120 4301/6118 4304/6121
f 4304/6121 4301/6118 4305/6122 4306/6123
f 4305/6122 4301/6118 4296/6111 4295/6110
f 4305/6122 4295/6110 4307/6124 4308/6125
f 4308/6125 4307/6124 4309/6126 4310/6127
f 4307/6124 4295/6110 4294/6109 4311/6128
f 4312/6129 4313/6130 4314/6131 4315/6132
f 4312/6129 4315/6132 2073/2197 2072/2196
f 4315/6132 4314/6131 4316/6133 4317/6134
f 4315/6132 4317/6134 2080/2204 2073/2197
f 4317/6134 4316/6133 4318/6135 4319/6136
f 4317/6134 4319/6136 4320/6137 2080/2204
f 4320/6137 4319/6136 4321/6138 4322/6139
f 4320/6137 4322/6139 2010/6140 4323/6141
f 4320/6137 4323/6141 2078/2202 2080/2204
f 4323/6141 4324/6142 2079/2203 2078/2202
f 4324/6143 4325/6144 4326/6145 4327/6146
f 4324/6143 4327/6146 4328/6147 2079/6148
f 4328/6147 4327/6146 4329/6149 2100/6150
f 4322/6151 4321/6152 4330/6153 4331/6154
f 4322/6151 4331/6154 2011/6155 2010/6156
f 4332/6157 4330/6158 4333/6159 4334/6160
f 4334/6161 4335/6162 4336/6163 4337/6164
f 4334/6161 4337/6164 4338/6165 4332/6166
f 4334/6160 4333/6159 4339/6167 4335/6168
f 4339/6167 1755/1688 4340/6169 4335/6168
f 4339/6167 4333/6159 4341/6170 4342/6171
f 4339/6167 4342/6171 1752/1689 1755/1688
f 4342/6172 4341/6173 4318/6135 4343/6174
f 4342/6172 4343/6174 1753/1684 1752/1683
f 4343/6174 4318/6135 4316/6133 2017/2112
f 4343/6174 2017/2112 297/2111 1753/1684
f 4341/6170 4333/6159 4330/6158 4321/6175
f 4341/6173 4321/6138 4319/6136 4318/6135
f 4340/6176 4344/6177 4345/6178 4346/6179
f 4340/6176 4346/6179 4336/6180 4335/6181
f 4340/6176 1755/6182 1749/6183 4344/6177
f 4346/6179 4345/6178 4347/6184 4348/6185
f 4348/6186 4347/6187 4349/6188 4350/6189
f 4351/6190 4349/6188 4352/6191 4353/6192
f 4354/6193 4353/6194 4355/6195 4356/6196
f 4356/6196 4355/6195 4357/6197 4358/6198
f 4357/6197 4355/6195 4359/6199 4360/6200
f 4352/6201 4349/6202 1769/1713 1764/1712
f 4349/6203 4347/6204 1730/1647 1769/6205
f 4347/6184 4345/6178 1731/1654 1730/6206
f 4345/6178 4344/6177 1735/1655 1731/1654
f 4344/6177 1749/6183 1748/6207 1735/1655
f 4336/6163 4346/6208 4348/6209 4361/6210
f 4316/6133 4314/6131 2018/2113 2017/2112
f 4314/6131 4313/6130 4362/6211 2018/2113
f 4362/6211 4363/6212 2019/2114 2018/2113
f 4362/6213 4313/6214 3902/6107 3901/6215
f 4362/6211 3901/6216 4364/6217 4363/6212
f 4364/6217 4365/6218 4366/6219 4363/6212
f 4366/6220 2023/2120 2019/2119 4363/6221
f 4370/6222 4369/6223 4371/6224 4372/6225
f 4370/6226 4372/6227 4373/6228 4367/6229
f 4373/6230 4374/6231 4368/6232 4367/6233
f 4369/6234 4375/6235 4376/6236 4371/6237
f 3899/6238 4378/6239 4379/6240 4380/6241
f 3899/6238 4380/6241 2090/2218 2089/2217
f 4381/6242 4382/6243 4383/6244 4384/6245
f 4381/6242 4384/6245 4385/6246 2077/2201
f 4385/6246 4386/6247 2074/2198 2077/2201
f 4386/6247 4387/6248 2075/2199 2074/2198
f 4388/6249 2848/6250 1855/6251 1854/6252
f 4388/6253 1854/1859 1859/1858 1852/6254
f 4388/6255 2853/3404 2849/3396 2848/3395
f 4389/6256 4390/6257 3889/6258 807/6259
f 4391/6260 1046/6261 1045/6262 4392/6263
f 4392/6263 1045/6262 1044/6264 4393/6265
f 4393/6266 1044/6267 4394/6268 4395/6269
f 4396/6270 4395/6271 4397/6272 4398/6273
f 4394/6274 4399/6275 842/6276 841/6277
f 4399/6275 4400/6278 4401/6279 842/6276
f 4401/6280 4400/6281 4402/6282 4403/6283
f 3886/6284 3885/6285 4404/6286 4405/6287
f 4406/6288 4405/6289 4407/6290 4408/6291
f 4407/6292 4405/6287 4404/6286 4409/6293
f 4407/6292 4409/6293 4410/6294 4411/6295
f 4412/6296 3882/6297 4413/6298 4414/6299
f 4415/6300 4413/6301 4416/6302 4417/6303
f 4415/6300 4417/6303 4418/6304 4419/6305
f 4415/6306 4419/6307 4420/6308 944/6309
f 4420/6308 4421/6310 30/6311 944/6309
f 4420/6308 4419/6307 4422/6312 4423/6313
f 4424/6314 4425/6315 4426/6316 4421/6310
f 4426/6317 938/161 937/160 943/167
f 4426/6317 943/167 30/166 4421/6318
f 4426/6317 4425/6319 4427/6320 938/161
f 4427/6320 4428/6321 939/162 938/161
f 4427/6322 4425/6315 4429/6323 4430/6324
f 4427/6320 4430/6325 4431/6326 4428/6321
f 4431/6327 4430/6328 4432/6329 4433/6330
f 4433/6330 4432/6329 4434/6331 4435/6332
f 4435/6332 4434/6331 4436/6333 4437/6334
f 4436/6333 4434/6331 4438/6335 4439/6336
f 4439/6336 4438/6335 4440/6337 4441/6338
f 4438/6335 4434/6331 4432/6329 4443/6339
f 4443/6339 4432/6329 4430/6328 4429/6340
f 4423/6313 4422/6312 4444/6341 4445/6342
f 4446/6343 4447/6344 841/6345 840/6346
f 4448/6347 4422/6348 4419/6305 4418/6304
f 4418/6349 4417/6350 4449/6351 860/47
f 4449/6352 4417/6303 4416/6302 4450/6353
f 4449/6351 4450/6354 4451/6355 4452/6356
f 4449/6351 4452/6356 861/48 860/47
f 4452/6356 4451/6355 4453/6357 4454/6358
f 4452/6356 4454/6358 4455/6359 861/48
f 4455/6359 4454/6358 4456/6360 4457/6361
f 4457/6361 4456/6360 4458/6362 4459/6363
f 4459/6363 4458/6362 4460/6364 4461/6365
f 4462/6366 1066/6367 4463/6368 3941/6369
f 4458/6362 4456/6360 4464/6370 4465/6371
f 4464/6370 4456/6360 4454/6358 4453/6357
f 4453/6357 4451/6355 4466/6372 4467/6373
f 4453/6357 4467/6373 4468/6374 4464/6370
f 4467/6373 4466/6372 4469/6375 4470/6376
f 4470/6376 4469/6375 4471/6377 4472/6378
f 4470/6376 4472/6378 4473/6379 4474/6380
f 4473/6379 4472/6378 4475/6381
f 4475/6381 4472/6378 4471/6377 4476/6382
f 4476/6382 4471/6377 4477/6383 4478/6384
f 4477/6383 4471/6377 4469/6375 4479/6385
f 4477/6386 4479/6387 3880/6388 4480/6389
f 4479/6385 4469/6375 4466/6372 4481/6390
f 4479/6385 4481/6390 3881/6391 3880/6392
f 4481/6390 4466/6372 4451/6355 4450/6354
f 4481/6393 4450/6353 4416/6302 3881/6394
f 4483/6395 4484/6396 922/6397 921/6398
f 4485/6399 921/136 920/135 4486/6400
f 4485/6401 4486/6402 4487/6403 915/6404
f 4487/6405 4486/6400 4488/6406 4489/6407
f 4488/6406 4486/6400 920/135 924/139
f 4484/6408 4490/6409 4491/6410 922/137
f 4493/6411 4492/6412 4476/6382 4478/6384
f 4478/6384 4477/6383 4480/6413 4482/6414
f 4416/6415 4413/6298 3882/6297 3881/6391
f 4494/6416 4495/6417 4496/6418 4497/6419
f 4494/6416 4497/6419 4498/6420 4499/6421
f 4499/6422 3879/5387 802/5384 4495/6423
f 4494/6416 4499/6421 4495/6417
f 3879/6424 4499/6421 4500/6425 3273/6426
f 4500/6425 4499/6421 4498/6420 4501/6427
f 4500/6428 4501/6429 4502/6430 4503/6431
f 4500/6428 4503/6431 3255/4223 3273/4222
f 4503/6431 4502/6430 4504/6432 3253/6433
f 4503/6434 3253/4186 618/4185 3255/6435
f 4504/6432 4502/6430 4505/6436 4506/6437
f 4504/6432 4506/6437 4507/6438 3252/6439
f 4504/6432 3252/6439 625/6440 3253/6433
f 4507/6438 4506/6437 4508/6441 4509/6442
f 4507/6443 4509/6444 4510/6445 4511/6446
f 4507/6447 4511/6448 3248/4176 3252/6449
f 4511/6446 4510/6445 4512/6450 4513/6451
f 4511/6448 4513/6452 3249/4177 3248/4176
f 4513/6451 4512/6450 3092/3812 4514/6453
f 4513/6452 4514/6454 4515/6455 3249/4177
f 4515/6455 4516/6456 3250/4178 3249/4177
f 4515/6457 4514/6458 4517/6459 4518/6460
f 4515/6461 4518/6462 4519/6463 4516/6464
f 4519/6465 3100/6466 3099/6467 4516/6468
f 4519/6469 4518/6470 4520/6471 4521/6472
f 4519/6469 4521/6472 3142/6473 3100/6474
f 4521/6475 4520/6476 3266/4209 4522/6477
f 4521/6475 4522/6477 3036/3705 3142/3927
f 4522/6477 3266/4209 2991/4208 2994/6478
f 4522/6477 2994/6478 3033/3706 3036/3705
f 4520/6471 4518/6470 4517/6479 4523/6480
f 4520/6476 4523/6481 3267/4210 3266/4209
f 4523/6480 4517/6479 3091/6482 4524/6483
f 4523/6480 4524/6483 3268/4213 3267/4212
f 4524/6483 3091/6482 3090/3817 3095/3816
f 4524/6483 3095/3816 3260/6484 3268/4213
f 4517/6459 4514/6458 3092/6485 3091/6486
f 4516/6487 3099/3827 3251/4181 3250/4180
f 4509/6442 4508/6441 4525/6488 3093/6489
f 4509/6444 3093/3813 565/3808 4510/6445
f 4525/6488 4508/6441 4526/6490 4527/6491
f 4525/6488 4527/6491 3219/4105 3272/4219
f 4525/6488 3272/4219 3089/4218 3093/6489
f 4527/6491 4526/6490 4528/6492 4529/6493
f 4527/6491 4529/6493 3220/4106 3219/4105
f 4529/6494 4528/6495 4530/6496 3199/4051
f 4529/6494 3199/4051 3111/4050 3220/6497
f 4530/6496 4531/6498 4532/6499 4533/6500
f 4530/6496 4533/6500 3073/4052 3199/4051
f 4530/6496 4528/6495 4534/6501 4531/6498
f 4534/6501 4501/6427 4498/6420 4531/6498
f 4534/6502 4528/6492 4526/6490 4505/6436
f 4534/6502 4505/6436 4502/6430 4501/6429
f 4533/6503 4532/6504 4535/6505 3074/3783
f 4533/6503 3074/3783 561/3779 3073/3782
f 4535/6506 4496/6507 4536/6508 4537/6509
f 4535/6505 4537/6510 3075/3784 3074/3783
f 4535/6511 4532/6499 4497/6419 4496/6418
f 4537/6512 4536/6513 4538/6514 3104/6515
f 4537/6510 3104/3846 3102/3841 3075/3784
f 4536/6516 4496/6418 4495/6417 4539/6517
f 4532/6499 4531/6498 4498/6420 4497/6419
f 4526/6490 4508/6441 4506/6437 4505/6436
f 3879/5387 3878/5386 4540/6518
f 3876/6519 4541/6520 4542/6521 4543/6522
f 3876/5383 4543/6523 4544/6524 2732/3204
f 4544/6524 4545/6525 2733/3205 2732/3204
f 4544/6524 4543/6523 4546/6526 4547/6527
f 4548/6528 4547/6529 4546/6530 4549/6531
f 4548/6528 4549/6531 4550/6532 4551/6533
f 4550/6532 4549/6531 2490/6534 2494/6535
f 4549/6536 4546/6537 2491/2863 2490/2862
f 4546/6537 4543/6522 4542/6521 2491/2863
f 4545/6538 4552/6539 2734/3208 2733/3207
f 4545/6538 2737/3214 2736/3213 4552/6539
f 4552/6539 4553/6540 4554/6541 2734/3208
f 4552/6539 2736/3213 2744/3221 4553/6540
f 4554/6541 4555/6542 4556/6543 4557/6544
f 4554/6541 4553/6540 2754/6545 4555/6542
f 4558/6546 4559/6547 4560/6548 4561/6549
f 4561/6549 4560/6548 4562/6550 2648/6551
f 4562/6550 4563/6552 4564/6553 4565/6554
f 4562/6550 4565/6554 2649/6555 2648/6551
f 4562/6550 4560/6548 2749/3228 4563/6552
f 4565/6556 4564/6557 4566/6558 4567/6559
f 4566/6560 4568/6561 4569/6562 4567/6563
f 4566/6560 4564/6564 4570/6565 4571/6566
f 4566/6560 4571/6566 4572/6567 4568/6561
f 4572/6567 4573/6568 4574/6569 4568/6561
f 4572/6567 4571/6566 4575/6570 4576/6571
f 4572/6567 4576/6571 4577/6572 4573/6568
f 4577/6572 4578/6573 4579/6574 4573/6568
f 4577/6575 4576/6576 4580/6577 4581/6578
f 4577/6575 4581/6578 4582/6579 4578/6580
f 4582/6579 4583/6581 4584/6582 4578/6580
f 4582/6579 4581/6578 4585/6583 4586/6584
f 4582/6579 4586/6584 4587/6585 4583/6581
f 4587/6586 4588/6587 4589/6588 4583/6589
f 4587/6586 4590/6590 4591/6591 4588/6587
f 4589/6592 4592/6593 4584/6594 4583/6595
f 4589/6588 4588/6587 2661/6596 2660/6597
f 4593/6598 4594/6599 4589/6600 2660/6601
f 4593/6602 2660/6603 4595/6604 4596/6605
f 4594/6606 4597/6607 4598/6608 4599/6609
f 4592/6610 4600/6611 4601/6612 4584/6613
f 4601/6612 4600/6611 4602/6614 4603/6615
f 4601/6612 4603/6615 4604/6616 4579/6617
f 4601/6612 4579/6617 4578/6618 4584/6613
f 4604/6616 4603/6615 4605/6619 4606/6620
f 4604/6621 4606/6622 4607/6623 4574/6569
f 4604/6616 4574/6624 4573/6625 4579/6617
f 4607/6626 4606/6627 4608/6628 4609/6629
f 4607/6623 4609/6630 4610/6631 4569/6562
f 4607/6623 4569/6562 4568/6561 4574/6569
f 4609/6629 4608/6628 4611/6632 4612/6633
f 4609/6629 4612/6633 4613/6634 4610/6635
f 4613/6634 4614/6636 4615/6637 4610/6635
f 4614/6636 4616/6638 4617/6639 4615/6637
f 4616/6640 4618/6641 4619/6642 4620/6643
f 4616/6644 4620/6645 4621/6646 4617/6647
f 4621/6646 4620/6645 4622/6648 4623/6649
f 4621/6646 4624/6650 4625/6651 4617/6647
f 4623/6652 4622/6653 3727/5097 4626/6654
f 4623/6655 4626/6656 2666/3104 2665/3103
f 4627/6657 3727/5097 766/5096 4628/6658
f 4622/6653 4629/6659 753/5094 3727/5097
f 4608/6628 4630/6660 4631/6661 4611/6632
f 4608/6662 4606/6620 4605/6619 4630/6663
f 4605/6619 4603/6615 4602/6614 4632/6664
f 4586/6584 4585/6583 2657/3090 2653/3089
f 4585/6583 4581/6578 4580/6577 4633/6665
f 4585/6583 4633/6665 4634/6666 2657/3090
f 4634/6667 4633/6668 4635/6669 4636/6670
f 4634/6667 4636/6670 4637/6671 4638/6672
f 4634/6666 4638/6673 2654/3086 2657/3090
f 4638/6672 4637/6671 4639/6674 4640/6675
f 4638/6673 4640/6676 2655/3087 2654/3086
f 4640/6677 4641/6678 4642/6679 4643/6680
f 4637/6671 4636/6670 2918/3506 4644/6681
f 4644/6682 2918/6683 2917/6684 2930/6685
f 4636/6670 4635/6669 2919/3507 2918/3506
f 4635/6669 4633/6668 4580/6686 4645/6687
f 4635/6688 4645/6689 4646/6690 2919/6691
f 4645/6692 4580/6693 4576/6694 4575/6695
f 4560/6548 4559/6547 2750/3229 2749/3228
f 4649/6696 4650/6697 4651/6698 4652/6699
f 4649/6700 3875/6701 4653/6702 4654/6703
f 4649/6700 4654/6703 4655/6704 4650/6705
f 4655/6704 4656/6706 4657/6707 4650/6705
f 4655/6704 4654/6703 4658/6708 2711/3172
f 4655/6704 2711/3172 2710/3171 4656/6706
f 4658/6709 4654/6710 4653/6711 4659/6712
f 4658/6709 4659/6712 4660/6713 4661/6714
f 4658/6708 4661/6715 466/3169 2711/3172
f 4661/6714 4660/6713 4662/6716 4663/6717
f 4661/6718 4663/6719 4664/6720 466/6721
f 4662/6716 4660/6713 4665/6722 4666/6723
f 4666/6724 4665/6725 4667/6726 4668/6727
f 4669/6728 4665/6722 4660/6713 4659/6712
f 4657/6707 4670/6729 4671/6730 4672/6731
f 4657/6732 4672/6733 4651/6698 4650/6697
f 4657/6707 4656/6706 4673/6734 4670/6729
f 4673/6734 4656/6706 2710/3171 4674/6735
f 4674/6736 2710/6737 2709/6738 4675/6739
f 4675/6739 2709/6738 4676/6740 4677/6741
f 4677/6742 4676/6743 4678/6744 4679/6745
f 2651/6746 4678/6747 4680/6748 4681/6749
f 2651/6746 4681/6749 4682/6750 4683/6751
f 4682/6750 4684/6752 4685/6753 4683/6751
f 4684/6752 4686/6754 4687/6755 4685/6753
f 4687/6755 4686/6754 4688/6756 4689/6757
f 4688/6756 4690/6758 4691/6759 4692/6760
f 4688/6756 4686/6754 4693/6761 4690/6758
f 4691/6762 4690/6763 4694/6764 4695/6765
f 4672/6766 4671/6767 4696/6768 4697/6769
f 4672/6733 4697/6770 4698/6771 4651/6698
f 4698/6771 4697/6770 4699/6772 4700/6773
f 4698/6771 4701/6774 4652/6699 4651/6698
f 3872/5377 4702/6775 2611/6776 2599/3017
f 4703/6777 4704/6778 4705/6779 4706/6780
f 4704/6781 3869/5371 4707/6782 4708/6783
f 4707/6782 3869/5371 3868/5370 4709/6784
f 4707/6782 4709/6784 4710/6785 4711/6786
f 4712/6787 4713/6788 2320/2587 2319/2586
f 4713/6789 4712/6790 4709/6784 3868/5370
f 4713/6789 3868/5370 3867/5369 4714/6791
f 4715/6792 4716/6793 4717/6794 4718/6795
f 4718/6795 4717/6794 4719/6796 4720/6797
f 4720/6797 4719/6796 4721/6798 4722/6799
f 4721/6798 4719/6796 4723/6800 4724/6801
f 4724/6802 4725/6803 4726/6804 4727/6805
f 4724/6802 4727/6805 4728/6806 4721/6807
f 4724/6801 4723/6800 4729/6808 4725/6809
f 4729/6808 4723/6800 4730/6810 4731/6811
f 4729/6808 4732/6812 4733/6813 4725/6809
f 4733/6813 4732/6812 4734/6814 2337/6815
f 4733/6816 2337/2611 2336/2610 4735/6817
f 4733/6818 4735/6819 4726/6804 4725/6803
f 4735/6817 2336/2610 4736/6820 4737/6821
f 4735/6819 4737/6822 4738/6823 4726/6804
f 4738/6823 4737/6822 4739/6824 4740/6825
f 4738/6823 4740/6825 4741/6826 4742/6827
f 4738/6823 4742/6827 4727/6805 4726/6804
f 4742/6827 4741/6826 4743/6828 4744/6829
f 4742/6827 4744/6829 4728/6806 4727/6805
f 4744/6829 4743/6828 4745/6830 4746/6831
f 4744/6829 4746/6831 4747/6832 4728/6806
f 4746/6831 4745/6830 4748/6833 4749/6834
f 4748/6833 4745/6830 917/131 2305/6835
f 4748/6836 2305/2562 2307/2561 2589/3005
f 4745/6830 4743/6828 913/127 917/131
f 4743/6828 4741/6826 914/128 913/127
f 4750/6837 4740/6825 4739/6824 4751/6838
f 4739/6839 4737/6821 4736/6820 4752/6840
f 4752/6840 4736/6820 4753/6841 900/111
f 4752/6840 900/111 899/110 4754/6842
f 4755/6843 3918/5441 4734/6814 4732/6812
f 4756/6844 4731/6811 4757/6845 4758/6846
f 4757/6845 4731/6811 4730/6810 4759/6847
f 4759/6847 4716/6793 4760/6848 4761/6849
f 4759/6847 4761/6849 4762/6850 4757/6845
f 4759/6847 4730/6810 4717/6794 4716/6793
f 4761/6851 4760/6852 4763/6853 4764/6854
f 4764/6854 4763/6853 4765/6855 4766/6856
f 4765/6857 4763/6858 2308/2584 2318/2583
f 4730/6810 4723/6800 4719/6796 4717/6794
f 3866/5367 3865/5366 4767/6859 4768/6860
f 3866/6861 4768/6862 4769/6863 4770/6864
f 4768/6862 4767/6865 4771/6866 2050/6867
f 4768/6862 2050/6867 2049/6868 4769/6863
f 4771/6869 4767/6870 4772/6871 4773/6872
f 4771/6873 4773/6874 4774/6875 4775/6876
f 4771/6873 4775/6876 2051/2175 2050/2174
f 4775/6877 4774/6878 2433/6879 4776/6880
f 4775/6876 4776/6881 2052/2176 2051/2175
f 4777/6882 1995/2077 1994/2076 4778/6883
f 4777/6882 4779/6884 4780/6885 1995/2077
f 4782/6886 4781/6887 4783/6888 4784/6889
f 4782/6890 4784/6891 4785/6892 4786/6893
f 4787/6894 4788/6895 1967/2032 1971/2031
f 4787/6896 4789/6897 4790/6898 4791/6899
f 4790/6898 4789/6897 4792/6900 4793/6901
f 4793/6901 4792/6900 4794/6902 4795/6903
f 4795/6904 4794/6905 4796/6906 4797/6907
f 4796/6906 4794/6905 4783/6888 4798/6908
f 4798/6908 4783/6888 4781/6887 4799/6909
f 4794/6910 4792/6911 4784/6912 4783/6913
f 4801/6914 4800/6915 4802/6916 4803/6917
f 4803/6918 4804/6919 4805/6920 4806/6921
f 4803/6922 4806/6923 4807/6924 4801/6925
f 4803/6926 4802/6927 4808/6928 4804/6929
f 4808/6930 4802/6916 4809/6931 4810/6932
f 4808/6928 4810/6933 4811/6934 4812/6935
f 4811/6934 4813/6936 4814/6937 4812/6935
f 4815/6938 4810/6939 4809/6940 4816/6941
f 4815/6942 4816/6943 4817/6944 4818/6945
f 4815/6946 4818/6947 4819/6948 1885/1900
f 4819/6948 4820/6949 1880/1901 1885/1900
f 4819/6950 4818/6945 4821/6951 4822/6952
f 4819/6948 4822/6953 4823/6954 4820/6949
f 4823/6954 4824/6955 4825/6956 4820/6949
f 4823/6954 4822/6953 4826/6957 4827/6958
f 4823/6954 4827/6958 4828/6959 4824/6955
f 4828/6960 4827/6961 4829/6962 4830/6963
f 4828/6960 4830/6963 4831/6964 1901/6965
f 4830/6963 4829/6962 4832/6966 4833/6967
f 4834/6968 4829/6962 4827/6961 4826/6969
f 4834/6970 4826/6971 4835/6972 1927/1971
f 4835/6973 4826/6974 4822/6952 4821/6951
f 4835/6973 4821/6951 4836/6975 1911/6976
f 4835/6972 1911/1949 1910/1948 1927/1971
f 4825/6956 4824/6955 1900/1924 4837/6977
f 4837/6977 1900/1924 273/1923 4838/6978
f 4821/6951 4818/6945 4817/6944 4836/6975
f 4817/6944 4816/6943 4839/6979 1988/6980
f 4817/6944 1988/6980 1982/6981 4836/6975
f 4839/6982 4816/6983 4809/6984 4840/6985
f 4839/6986 4841/6987 1986/6988 1988/6989
f 4841/6990 4842/6991 4843/6992 4844/6993
f 4841/6994 4844/6995 1987/2062 1986/2061
f 4844/6993 4843/6992 4845/6996 4846/6997
f 4844/6995 4846/6998 4847/6999 1987/2062
f 4847/6999 4846/6998 4848/7000 4849/7001
f 4847/7002 4849/7003 4850/7004 4851/7005
f 4847/6999 4851/7006 1984/2058 1987/2062
f 4851/7005 4850/7004 4852/7007 4853/7008
f 4851/7006 4853/7009 1985/2059 1984/2058
f 4853/7008 4852/7007 1989/2068 1993/7010
f 4853/7009 1993/7011 4854/7012 1985/2059
f 4854/7013 1993/2073 1992/2072 4855/7014
f 4854/7012 4855/7015 1931/7016 4856/7017
f 4854/7012 4856/7017 1983/2060 1985/2059
f 4856/7018 1931/7019 1919/1965 1923/1964
f 4856/7017 1923/7020 1980/7021 1983/2060
f 4855/7022 1928/1973 279/1972 1931/1978
f 4852/7007 4850/7004 4857/7023 4858/7024
f 4852/7007 4858/7024 1990/2069 1989/2068
f 4858/7025 4857/7026 4859/7027 4860/7028
f 4860/7028 4859/7027 4861/7029 4862/7030
f 4862/7031 4861/7032 1954/7033 1953/7034
f 4861/7035 4863/7036 4864/7037 1954/7038
f 4866/7039 1906/7040 4867/7041 4868/7042
f 4868/7042 4867/7041 4869/7043 4870/7044
f 4870/7045 4871/7046 4872/7047 4873/7048
f 4870/7045 4873/7048 4874/7049 4868/7050
f 4870/7051 4869/7052 4875/7053 4871/7054
f 4875/7053 1972/2034 1924/7055 4871/7054
f 4875/7053 4869/7052 4876/7056 4877/7057
f 4875/7053 4877/7057 1973/2035 1972/2034
f 4877/7058 4876/7059 4878/7060 4879/7061
f 4877/7058 4879/7061 4880/7062 1973/7063
f 4880/7062 4881/7064 1974/7065 1973/7063
f 4880/7062 4879/7061 4845/7066 4843/7067
f 4880/7062 4843/7067 4842/7068 4881/7064
f 4881/7064 4882/7069 1975/7070 1974/7065
f 4881/7064 4842/7068 4883/7071 4882/7069
f 4879/7061 4878/7060 4884/7072 4845/7066
f 4884/7072 4878/7060 1908/7073 1907/7074
f 4884/7075 1907/1941 4885/7076 4848/7077
f 4884/7075 4848/7077 4846/6997 4845/6996
f 4885/7076 1907/1941 1902/1940 1905/7078
f 4885/7079 1905/7080 4886/7081 4887/7082
f 4885/7083 4887/7084 4849/7003 4848/7085
f 4887/7082 4886/7081 4859/7086 4857/7087
f 4887/7084 4857/7023 4850/7004 4849/7003
f 4878/7060 4876/7059 1909/7088 1908/7073
f 4876/7056 4869/7052 4867/7089 1909/1945
f 4872/7047 4871/7046 1924/1966 1921/1961
f 4867/7089 1906/7090 1903/1946 1909/1945
f 4866/7091 4865/7092 1904/7093 1906/7094
f 4865/7095 4886/7096 1905/7097 1904/7098
f 4774/7099 4773/7100 2401/2722 2400/2721
f 4774/6878 2400/7101 2434/7102 2433/6879
f 4773/6872 4772/6871 4888/7103 2401/7104
f 4888/7103 4772/6871 4889/7105 4890/7106
f 4889/7107 4772/7108 4767/6859 3865/5366
f 3865/5366 3864/5365 4891/7109 4889/7107
f 4891/7110 3864/7111 4892/7112 4893/7113
f 4891/7110 4893/7113 4894/7114 4895/7115
f 4895/7115 4894/7114 4896/7116 4897/7117
f 4898/7118 2133/2270 2132/2269 2160/7119
f 4899/7120 2115/7121 4900/7122 4901/7123
f 4899/7124 4901/7125 4902/7126 4903/7127
f 4903/7127 4902/7126 4904/7128 4905/7129
f 4905/7129 4904/7128 4906/7130 4907/7131
f 4905/7129 4907/7131 4908/7132 4909/7133
f 4908/7134 4907/7135 4910/7136 4911/7137
f 4908/7134 4911/7137 4912/7138 4913/7139
f 4912/7138 4911/7137 4914/7140 4915/7141
f 4912/7138 4915/7141 2181/2345 4916/7142
f 4915/7141 4914/7140 4917/7143 4918/7144
f 4915/7141 4918/7144 2182/2346 2181/2345
f 4918/7144 4917/7143 4919/7145 4920/7146
f 4917/7143 4914/7140 4921/7147 4922/7148
f 4922/7148 4921/7147 4923/7149 2353/7150
f 4922/7148 2353/7150 2352/7151 4924/7152
f 4923/7153 4925/7154 4926/7155 4927/7156
f 4923/7153 4927/7156 381/7157 2353/7158
f 4923/7153 4921/7159 4910/7160 4925/7154
f 4927/7156 4926/7155 4928/7161 4929/7162
f 4928/7161 4926/7155 4930/7163 4931/7164
f 4931/7164 4930/7163 4932/7165 4933/7166
f 4933/7166 4932/7165 4934/7167 4935/7168
f 4934/7167 4932/7165 4904/7128 4902/7126
f 4934/7167 4902/7126 4901/7125 2278/7169
f 4936/7170 4933/7171 4937/7172
f 4932/7165 4930/7163 4906/7130 4904/7128
f 4930/7163 4926/7155 4925/7154 4906/7130
f 4925/7154 4910/7160 4907/7131 4906/7130
f 4921/7147 4914/7140 4911/7137 4910/7136
f 4901/7125 4900/7173 2279/7174 2278/7169
f 3858/5351 3857/7175 4939/7176 4940/7177
f 3858/5351 4941/7178 84/525 1130/5352
f 3855/5355 1167/7179 1135/587 1134/5350
f 3855/5355 3854/5354 4942/7180 1641/7181
f 3855/5355 1641/7181 214/7182 1167/7179
f 4942/7183 4943/7184 1144/1475 1641/1474
f 4942/7180 3854/5354 1129/5353 4944/7185
f 4942/7186 4944/7187 4945/7188 4943/7189
f 4945/7188 4946/7190 4947/7191 4943/7189
f 4945/7192 4944/7185 4948/7193 4949/7194
f 4945/7192 4949/7194 4950/7195 4946/7196
f 4949/7197 4948/7198 4951/7199 4952/7200
f 4952/7201 4951/7202 4953/7203 4954/7204
f 4952/7205 4954/7206 4955/7207 4956/7208
f 4955/7209 4954/7210 1710/1630 1709/7211
f 4955/7212 1709/7213 4957/7214 4958/7215
f 4958/7216 4957/7217 4959/7218 4960/7219
f 4957/7217 1709/1602 234/1601 4961/7220
f 4957/7217 4961/7220 4962/7221 4959/7218
f 4961/7222 234/1605 1706/1608 4963/7223
f 4963/7223 1706/1608 233/1596 4964/7224
f 4965/7225 4966/7226 4964/7227 4967/7228
f 4965/7229 4967/7230 1962/7231 4968/7232
f 4965/7229 4968/7232 4969/7233 1811/7234
f 4969/7233 4970/7235 253/7236 1811/7234
f 4969/7233 4968/7232 4971/7237 4972/7238
f 4969/7233 4972/7238 4973/7239 4970/7235
f 4973/7240 4974/7241 4975/7242 4970/7243
f 4973/7244 4972/7245 4976/7246 4977/7247
f 4973/7248 4977/7249 4978/7250 4974/7251
f 4978/7252 4979/7253 4980/7254 4974/7255
f 4978/7250 4977/7249 4981/7256 4982/7257
f 4978/7258 4982/7259 4983/7260 4979/7261
f 4983/7262 4984/7263 1817/1789 4979/7253
f 4983/7260 4982/7259 4985/7264 4986/7265
f 4983/7266 4986/7267 4987/7268 4984/7269
f 4987/7268 4988/7270 4989/7271 4984/7269
f 4987/7272 4990/7273 4991/7274 4988/7275
f 4991/7276 4990/7277 4992/7278 1696/1584
f 4993/7279 4994/7280 4995/7281 4996/7282
f 4995/7281 4994/7280 4997/7283 4998/7284
f 4998/7284 4997/7283 4999/7285 5000/7286
f 4999/7287 4997/7288 5001/7289 5002/7290
f 4999/7287 5002/7290 5003/7291 5004/7292
f 5005/7293 5006/7294 5007/7295 5008/7296
f 5008/7297 5007/7298 5009/7299 5010/7300
f 5010/7300 5009/7299 5011/7301 5012/7302
f 5011/7303 5009/7304 5013/7305 5014/7306
f 5014/7307 5013/7308 1966/7309 1965/2020
f 5014/7307 1965/2020 1964/2019 1697/7310
f 5013/7311 5015/7312 5016/7313 1966/2023
f 5013/7314 5009/7299 5007/7298 5015/7315
f 5016/7313 4976/7246 4972/7245 4971/7316
f 5016/7313 4971/7316 1961/2024 1966/2023
f 5016/7317 5015/7318 5017/7319 4976/7320
f 5017/7319 4981/7321 4977/7322 4976/7320
f 5017/7323 5015/7324 5007/7295 5006/7294
f 5017/7325 5006/7326 5018/7327 4981/7256
f 5018/7327 4985/7328 4982/7257 4981/7256
f 5018/7329 5006/7294 5005/7293 5003/7330
f 5018/7331 5003/7332 5002/7333 4985/7334
f 5002/7333 5001/7335 4986/7336 4985/7334
f 4997/7337 4994/7338 5019/7339 5001/7335
f 4989/7340 5020/7341 1816/7342 1815/7343
f 4989/7340 1815/7343 1817/7344 4984/7345
f 4980/7254 1814/1786 1813/1785 5021/7346
f 4980/7254 5021/7346 4975/7347 4974/7255
f 4980/7254 4979/7253 1817/1789 1814/1786
f 5021/7346 1813/1785 5022/7348 5023/7349
f 5021/7346 5023/7349 5024/7350 4975/7347
f 5023/7349 5022/7348 5025/7351 5026/7352
f 5023/7349 5026/7352 5027/7353 5024/7350
f 5025/7351 5022/7348 5028/7354 5029/7355
f 5028/7354 1812/1784 1816/1788 5030/7356
f 5028/7354 5022/7348 1813/1785 1812/1784
f 4975/7242 5024/7357 253/7358 4970/7243
f 4971/7359 4968/7360 1962/2015 1961/2014
f 4967/7361 4964/7224 233/1596 1705/1595
f 4967/7362 1705/7363 1963/2016 1962/2015
f 4954/7210 4953/7364 1719/1631 1710/1630
f 4953/7203 4951/7202 1127/511 2214/2392
f 4953/7203 2214/2392 2213/2394 1719/7365
f 4951/7202 4948/7193 1128/512 1127/511
f 4948/7193 4944/7185 1129/5353 1128/512
f 4947/7366 5031/7367 1143/545 88/539
f 4947/7368 88/7369 1144/7370 4943/7371
f 5032/7372 5033/7373 5034/7374 5035/7375
f 5035/7375 5034/7374 5036/7376 5037/7377
f 5037/7377 5036/7376 5038/7378 5039/7379
f 5040/7380 5041/7381 5042/7382 5043/7383
f 5043/7384 5042/7385 5044/7386 5045/7387
f 5043/7388 5045/7389 5046/7390 5047/7391
f 5048/7392 1105/7393 77/7394 1104/7395
f 5048/7396 5044/7386 1162/582 1105/581
f 5044/7386 5042/7385 1163/583 1162/582
f 5042/7385 5041/7397 5049/7398 1163/583
f 5049/7398 5033/7399 5050/7400 1152/560
f 5049/7398 1152/560 1151/559 1163/583
f 5049/7401 5041/7381 5034/7374 5033/7373
f 3853/7402 3826/7403 3813/5262 3812/5261
f 3853/7402 3812/5261 3811/5260 3837/7404
f 3852/7405 3851/7406 5051/7407 5052/7408
f 3852/5342 5052/7409 5053/7410 3803/5251
f 5053/7410 5054/7411 3804/5252 3803/5251
f 5053/7412 5052/7413 3840/5313 3843/5312
f 5053/7412 3843/5312 3736/7414 5054/7415
f 5054/7416 5055/7417 3807/7418 3804/7419
f 5054/7416 3736/7420 3735/5107 5055/7417
f 5055/7417 3748/5143 5056/7421 3807/7418
f 5055/7417 3735/5107 3734/5106 3748/5143
f 5056/7421 3744/5127 5057/7422 5058/7423
f 5056/7421 5058/7423 3805/7424 3807/7418
f 5056/7421 3748/5143 3741/5128 3744/5127
f 5058/7423 5057/7422 5059/7425 3823/5276
f 5058/7423 3823/5276 3806/5275 3805/7424
f 5059/7425 5060/7426 3800/7427 3799/7428
f 5059/7425 3799/7428 3824/5277 3823/5276
f 5059/7425 5057/7422 5061/7429 5060/7426
f 5061/7430 3795/5239 3794/5238 5060/7431
f 5061/7429 5057/7422 3744/5127 3743/5126
f 5061/7430 3743/7432 3742/7433 3795/5239
f 5060/7434 3794/5237 3793/5236 3800/7435
f 5052/7408 5051/7407 3841/5308 3840/5307
f 5051/7436 3851/7437 5062/7438 5063/7439
f 5051/7440 5063/7441 3831/7442 3841/7443
f 5063/7439 5062/7438 5064/7444 5065/7445
f 5063/7439 5065/7445 3829/5286 3831/5289
f 5065/7445 5064/7444 5066/7446 5067/7447
f 5065/7445 5067/7447 3830/5287 3829/5286
f 5067/7447 5066/7446 3796/7448 5068/7449
f 5067/7447 5068/7449 5069/7450 3830/5287
f 5069/7450 5070/7451 3595/4843 3830/5287
f 5069/7450 5068/7449 3785/5217 3787/5220
f 5069/7450 3787/5220 5071/7452 5070/7451
f 5071/7452 5072/7453 5073/7454 5070/7451
f 5071/7452 3787/5220 3786/5219 3792/5229
f 5071/7452 3792/5229 5074/7455 5072/7453
f 5074/7455 3792/5229 3537/4739 3545/7456
f 5074/7457 3545/4767 3544/4766 5075/7458
f 5074/7455 5075/7459 5076/7460 5072/7453
f 5076/7460 5077/7461 5073/7454 5072/7453
f 5076/7462 5075/7463 5078/7464 5079/7465
f 5076/7462 5079/7465 5080/7466 5077/7467
f 5080/7466 3548/7468 3547/7469 5077/7467
f 5080/7470 5079/7471 5081/7472 5082/7473
f 5080/7470 5082/7473 5083/7474 3548/7475
f 5083/7474 3592/7476 3546/7477 3548/7475
f 5083/7474 5082/7473 5084/7478 5085/7479
f 5083/7474 5085/7479 5086/7480 3592/7476
f 5086/7480 5087/7481 5088/7482 5089/7483
f 5086/7480 5089/7483 3593/4840 3592/7476
f 5086/7484 5085/7485 3797/5243 5087/7486
f 5089/7487 5088/7488 5090/7489 5091/7490
f 5089/7483 5091/7491 3594/4841 3593/4840
f 5091/7490 5090/7489 3850/7492 3836/7493
f 5091/7491 3836/7494 787/5273 3594/4841
f 5090/7495 5062/7496 3851/7497 3850/7498
f 5090/7495 5088/7499 5064/7500 5062/7496
f 5088/7501 5087/7486 5066/7502 5064/7503
f 5087/7486 3797/5243 3796/5242 5066/7502
f 5085/7485 5084/7504 778/5240 3797/5243
f 5084/7478 5082/7473 5081/7472 3791/7505
f 5084/7506 3791/5226 3790/5225 778/7507
f 5081/7508 5079/7509 5078/7510 5092/7511
f 5081/7512 5092/7513 3773/5190 3791/5226
f 5092/7511 5078/7510 3543/7514 5093/7515
f 5092/7513 5093/7516 3772/5186 3773/5190
f 5093/7517 3543/7518 3525/7519 699/7520
f 5093/7517 699/7520 3522/7521 3772/7522
f 5078/7464 5075/7463 3544/7523 3543/7524
f 5077/7461 3547/4851 3596/4844 5073/7454
f 5073/7454 3596/4844 3595/4843 5070/7451
f 5068/7449 3796/7448 3784/5218 3785/5217
f 3846/5323 3708/5063 5094/7525 3845/5324
f 3846/5323 3719/5086 3718/5085 5095/7526
f 3846/5323 5095/7526 3706/5061 3708/5063
f 5095/7526 3718/5085 3722/5089 5096/7527
f 5095/7526 5096/7527 3707/5062 3706/5061
f 5097/7528 3761/5166 2551/2950 5098/7529
f 5097/7530 3721/7531 3764/7532 3761/7533
f 5094/7525 5099/7534 5100/7535 3819/5269
f 5094/7525 3819/5269 3818/5268 3845/5324
f 5094/7525 3708/5063 3686/5029 5099/7534
f 5100/7535 5101/7536 3668/4991 5102/7537
f 5100/7535 5102/7537 3820/5270 3819/5269
f 5100/7535 5099/7534 5103/7538 5101/7536
f 5103/7539 5104/7540 5105/7541 5101/7542
f 5103/7538 5099/7534 3686/5029 3685/5028
f 5103/7538 3685/5028 3687/5032 5104/7543
f 5105/7544 5106/7545 3664/4985 3663/4984
f 5105/7544 3663/4984 3668/4991 5101/7536
f 5105/7541 5104/7540 5107/7546 5106/7547
f 5107/7548 954/198 953/351 5106/7545
f 5107/7546 5104/7540 3687/7549 5108/7550
f 5107/7548 5108/7551 951/199 954/198
f 5108/7552 3687/7553 936/156 935/155
f 5108/7551 935/171 947/170 951/199
f 5106/7545 953/351 1037/347 3664/4985
f 5102/7537 3668/4991 3667/4990 5109/7554
f 5102/7537 5109/7554 3821/5271 3820/5270
f 5109/7554 3667/4990 3666/4989 5110/7555
f 5109/7554 5110/7555 5111/7556 3821/5271
f 5111/7556 5110/7555 5112/7557 5113/7558
f 5111/7556 5113/7558 3834/5298 3833/5297
f 5111/7556 3833/5297 3822/5272 3821/5271
f 5113/7558 5112/7557 3582/4817 3579/4814
f 5113/7558 3579/4814 3578/4813 3834/5298
f 5112/7557 3679/5017 3606/4872 3582/4817
f 5112/7557 5110/7555 3666/4989 3679/5017
f 3844/5314 3731/5102 3730/5101 3842/5315
f 3843/5312 3842/5311 3730/7559 3736/7414
f 3841/7560 3831/5289 3601/5288 3600/4863
f 3837/7404 3811/5260 3815/5265 3814/5264
f 3835/5299 3834/5298 3578/4813 5114/7561
f 3835/5299 5114/7561 3488/7562 689/4645
f 5114/7561 3578/4813 3577/4812 5115/7563
f 5114/7561 5115/7563 5116/7564 3488/7562
f 5116/7564 5115/7563 5117/7565 3479/4624
f 5116/7566 3479/7567 3478/7568 5118/7569
f 5116/7564 5118/7570 3171/7571 3488/7562
f 5118/7572 3478/7573 3153/3955 3152/3954
f 5118/7570 3152/7574 3169/3992 3171/7571
f 5117/7565 3581/4816 3605/4871 5119/7575
f 5117/7565 5119/7575 3480/4625 3479/4624
f 5117/7565 5115/7563 3577/4812 3581/4816
f 5119/7575 3605/4871 3568/4874 3567/7576
f 5119/7575 3567/7576 3481/4626 3480/4625
f 3832/7577 3542/7578 705/7579 3602/7580
f 3828/5283 3798/7581 3801/7582 5120/7583
f 3828/5283 5120/7583 5121/7584 3825/5279
f 3828/5283 3824/5282 3799/7585 3798/7581
f 5121/7586 5120/7587 3738/5112 5122/7588
f 5121/7589 5122/7590 3808/5257 3813/5262
f 5121/7589 3813/5262 3826/7403 3825/7591
f 5122/7588 3738/5112 3737/5111 5123/7592
f 5122/7588 5123/7592 3809/7593 3808/7594
f 5123/7592 3737/5111 3724/5092 3723/5091
f 5123/7592 3723/5091 3729/5099 3809/7593
f 5120/7587 3801/7595 3739/5113 3738/5112
f 3817/5267 3816/5266 5124/7596 3720/5087
f 5124/7597 3816/7598 3815/7599 5125/7600
f 5124/7596 5125/7601 3729/7602 3728/7603
f 5124/7596 3728/7603 752/5084 3720/5087
f 5125/7601 3815/5265 3811/5260 3810/5259
f 5125/7604 3810/7605 3809/7606 3729/7607
f 3801/5247 3751/5149 3740/5117 3739/5116
f 3795/5239 3742/7433 5126/7608 3783/5213
f 5126/7608 3775/7609 3774/5214 3783/5213
f 3793/7610 3789/7611 3779/7612 3749/7613
f 3782/5207 5127/7614 5128/7615 5129/7616
f 3782/5207 5129/7616 3753/7617 3752/5208
f 5129/7616 3757/7618 3756/7619 3753/7617
f 5130/7620 3757/7618 5129/7616 5128/7615
f 3777/5199 3776/5198 5131/7621 5132/7622
f 3777/5199 5132/7622 5133/7623 5134/7624
f 3777/5199 5134/7624 5135/7625 3778/5200
f 5135/7625 5134/7624 5136/7626 5137/7627
f 5135/7625 5138/7628 3788/5221 3778/5200
f 5138/7628 5139/7629 5140/7630 3534/4731
f 5138/7628 3534/4731 3533/4730 3788/5221
f 5140/7630 5141/7631 702/4728 3534/4731
f 5141/7632 5142/7633 3532/4724 702/4723
f 5142/7633 5143/7634 5144/7635 3532/4724
f 5144/7635 5145/7636 3530/4725 3532/4724
f 5133/7623 5132/7622 5146/7637 5147/7638
f 5133/7639 5147/7640 5148/7641 5149/7642
f 5148/7643 5147/7644 5150/7645 5151/7646
f 5151/7646 5150/7645 5152/7647 5153/7648
f 5150/7649 5147/7650 5146/7651 5154/7652
f 5155/7653 5131/7621 5156/7654 5157/7655
f 5155/7653 5146/7637 5132/7622 5131/7621
f 5156/7656 3755/5156 3754/5155 3745/7657
f 5156/7656 3745/7657 757/7658 5157/7659
f 5156/7654 5131/7621 3776/5198 3775/5197
f 5158/7660 3538/5184 3771/5183
f 3767/5178 3766/5177 5159/7661 5160/7662
f 5157/7655 757/7663 3733/7664 3759/7665
f 3756/5165 3754/5164 760/5150 3753/5153
f 761/5129 3740/5117 3751/5149 3750/5148
f 3746/7666 5161/7667 5162/7668 3747/7669
f 3717/7670 3716/7671 5163/7672 5164/7673
f 3717/7674 5164/7675 5165/7676 5166/7677
f 3717/7674 5166/7677 2581/7678 2580/7679
f 5166/7677 5165/7676 5167/7680 5168/7681
f 5166/7677 5168/7681 2582/7682 2581/7678
f 5168/7681 5167/7680 5169/7683 5170/7684
f 5168/7681 5170/7684 5171/7685 2582/7682
f 5171/7686 5172/7687 2583/7688 2582/7689
f 5171/7690 5170/7691 5173/7692 5174/7693
f 5171/7690 5174/7693 5175/7694 5172/7695
f 5175/7696 5176/7697 5177/7698 5172/7699
f 5175/7694 5174/7693 5178/7700 5179/7701
f 5175/7702 5179/7703 5180/7704 5176/7705
f 5179/7703 5181/7706 5182/7707 5180/7704
f 5181/7706 5183/7708 5184/7709 5182/7707
f 5176/7710 5180/7711 5185/7712 5186/7713
f 5173/7692 5170/7691 5169/7714 5187/7715
f 5173/7692 5187/7715 5188/7716 5189/7717
f 5188/7716 5187/7715 5190/7718 5191/7719
f 5191/7719 5190/7718 5192/7720 5193/7721
f 5191/7722 5193/7723 5194/7724 5195/7725
f 5195/7725 5194/7724 5196/7726 5197/7727
f 5197/7727 5196/7726 5198/7728 5199/7729
f 5199/7730 5198/7731 5200/7732 5201/7733
f 5201/7734 5200/7735 5202/7736 5203/7737
f 5201/7734 5203/7737 5204/7738 5205/7739
f 5205/7740 5204/7741 5206/7742 5207/7743
f 5206/7744 5204/7738 5163/7745 3716/7746
f 5204/7738 5203/7737 5208/7747 5163/7745
f 5208/7747 5203/7737 5202/7736 5209/7748
f 5208/7749 5209/7750 5210/7751 5211/7752
f 5208/7749 5211/7752 5164/7673 5163/7672
f 5211/7753 5210/7754 5212/7755 5213/7756
f 5211/7753 5213/7756 5165/7676 5164/7675
f 5213/7756 5212/7755 5214/7757 5215/7758
f 5213/7756 5215/7758 5167/7680 5165/7676
f 5215/7758 5214/7757 5216/7759 5217/7760
f 5215/7758 5217/7760 5169/7683 5167/7680
f 5217/7761 5216/7762 5192/7720 5190/7718
f 5217/7761 5190/7718 5187/7715 5169/7714
f 5216/7759 5214/7757 5218/7763 5219/7764
f 5216/7762 5219/7765 5220/7766 5192/7720
f 5220/7766 5219/7765 5221/7767 5222/7768
f 5220/7766 5222/7768 5223/7769 5224/7770
f 5220/7766 5224/7770 5193/7721 5192/7720
f 5224/7771 5223/7772 5225/7773 5226/7774
f 5224/7771 5226/7774 5194/7724 5193/7723
f 5226/7774 5225/7773 5227/7775 5228/7776
f 5226/7774 5228/7776 5196/7726 5194/7724
f 5228/7776 5227/7775 5229/7777 5230/7778
f 5228/7776 5230/7778 5198/7728 5196/7726
f 5230/7779 5229/7780 5231/7781 5232/7782
f 5230/7779 5232/7782 5200/7732 5198/7731
f 5232/7783 5231/7784 5233/7785 5234/7786
f 5232/7783 5234/7786 5202/7736 5200/7735
f 5234/7786 5233/7785 5235/7787 5236/7788
f 5234/7786 5236/7788 5209/7748 5202/7736
f 5236/7789 5235/7790 5237/7791 5238/7792
f 5236/7789 5238/7792 5210/7751 5209/7750
f 5238/7793 5237/7794 5239/7795 5240/7796
f 5238/7793 5240/7796 5212/7755 5210/7754
f 5240/7796 5239/7795 5241/7797 5218/7763
f 5240/7796 5218/7763 5214/7757 5212/7755
f 5241/7797 5239/7795 5242/7798 5243/7799
f 5241/7797 5243/7799 5244/7800 5221/7801
f 5241/7797 5221/7801 5219/7764 5218/7763
f 5244/7800 5243/7799 5245/7802 5246/7803
f 5244/7804 5246/7805 5247/7806 5248/7807
f 5244/7804 5248/7807 5222/7768 5221/7767
f 5248/7807 5247/7806 5249/7808 5250/7809
f 5248/7807 5250/7809 5223/7769 5222/7768
f 5250/7810 5249/7811 5251/7812 5252/7813
f 5250/7810 5252/7813 5225/7773 5223/7772
f 5252/7813 5251/7812 5253/7814 5254/7815
f 5252/7813 5254/7815 5227/7775 5225/7773
f 5254/7815 5253/7814 5255/7816 5256/7817
f 5254/7815 5256/7817 5229/7777 5227/7775
f 5256/7818 5255/7819 5257/7820 5258/7821
f 5256/7818 5258/7821 5231/7781 5229/7780
f 5258/7822 5257/7823 5259/7824 5260/7825
f 5258/7822 5260/7825 5233/7785 5231/7784
f 5260/7825 5259/7824 5261/7826 5262/7827
f 5260/7825 5262/7827 5235/7787 5233/7785
f 5262/7828 5261/7829 5263/7830 5264/7831
f 5262/7828 5264/7831 5237/7791 5235/7790
f 5264/7832 5263/7833 5265/7834 5242/7798
f 5264/7832 5242/7798 5239/7795 5237/7794
f 5265/7834 5263/7833 5266/7835 5267/7836
f 5265/7834 5267/7836 5268/7837 5245/7802
f 5265/7834 5245/7802 5243/7799 5242/7798
f 5268/7837 5267/7836 5269/7838 5270/7839
f 5268/7837 5270/7839 5271/7840 5272/7841
f 5268/7837 5272/7841 5246/7803 5245/7802
f 5272/7842 5271/7843 5273/7844 5274/7845
f 5272/7842 5274/7845 5247/7806 5246/7805
f 5274/7845 5273/7844 5275/7846 5276/7847
f 5274/7845 5276/7847 5249/7808 5247/7806
f 5276/7848 5275/7849 5277/7850 5278/7851
f 5276/7848 5278/7851 5251/7812 5249/7811
f 5278/7851 5277/7850 5279/7852 5280/7853
f 5278/7851 5280/7853 5253/7814 5251/7812
f 5280/7853 5279/7852 5281/7854 5282/7855
f 5280/7853 5282/7855 5255/7816 5253/7814
f 5282/7856 5281/7857 5283/7858 5284/7859
f 5282/7856 5284/7859 5257/7820 5255/7819
f 5284/7860 5283/7861 5285/7862 5286/7863
f 5284/7860 5286/7863 5259/7824 5257/7823
f 5286/7863 5285/7862 5287/7864 5288/7865
f 5286/7863 5288/7865 5261/7826 5259/7824
f 5288/7866 5287/7867 5289/7868 5266/7869
f 5288/7866 5266/7869 5263/7830 5261/7829
f 5289/7868 5287/7867 5290/7870 5291/7871
f 5289/7868 5291/7871 5292/7872 5269/7873
f 5289/7874 5269/7838 5267/7836 5266/7835
f 5292/7872 5291/7871 5293/7875 5294/7876
f 5292/7877 5294/7878 5295/7879 5296/7880
f 5292/7877 5296/7880 5270/7839 5269/7838
f 5296/7880 5295/7879 5297/7881 5298/7882
f 5296/7880 5298/7882 5271/7840 5270/7839
f 5298/7883 5297/7884 5299/7885 5300/7886
f 5298/7883 5300/7886 5273/7844 5271/7843
f 5300/7886 5299/7885 5301/7887 5302/7888
f 5300/7886 5302/7888 5275/7846 5273/7844
f 5302/7889 5301/7890 5303/7891 5304/7892
f 5302/7889 5304/7892 5277/7893 5275/7894
f 5304/7895 5303/7896 5305/7897 5306/7898
f 5304/7895 5306/7898 5279/7852 5277/7850
f 5306/7898 5305/7897 5307/7899 5308/7900
f 5306/7898 5308/7900 5281/7854 5279/7852
f 5308/7901 5307/7902 5309/7903 5310/7904
f 5308/7901 5310/7904 5283/7858 5281/7857
f 5310/7905 5309/7906 5311/7907 5312/7908
f 5310/7905 5312/7908 5285/7862 5283/7861
f 5312/7908 5311/7907 5313/7909 5290/7910
f 5312/7908 5290/7910 5287/7864 5285/7862
f 5313/7909 5311/7907 5314/7911 5315/7912
f 5313/7913 5315/7914 5316/7915 5293/7875
f 5313/7913 5293/7875 5291/7871 5290/7870
f 5316/7915 5315/7914 5317/7916 5318/7917
f 5316/7915 5318/7917 5319/7918 5320/7919
f 5316/7915 5320/7919 5294/7876 5293/7875
f 5320/7920 5319/7921 5321/7922 5322/7923
f 5320/7920 5322/7923 5295/7879 5294/7878
f 5322/7924 5321/7925 2565/2971 5323/7926
f 5322/7923 5323/7927 5297/7881 5295/7879
f 5323/7926 2565/2971 2564/2970 5324/7928
f 5323/7926 5324/7928 5299/7885 5297/7884
f 5324/7928 2564/2970 5325/7929 5326/7930
f 5324/7928 5326/7930 5301/7887 5299/7885
f 5326/7930 5325/7929 5327/7931 5328/7932
f 5326/7933 5328/7934 5303/7891 5301/7890
f 5328/7935 5327/7936 5329/7937 5330/7938
f 5328/7935 5330/7938 5305/7897 5303/7896
f 5330/7938 5329/7937 5331/7939 5332/7940
f 5330/7938 5332/7940 5307/7899 5305/7897
f 5332/7941 5331/7942 5333/7943 5334/7944
f 5332/7941 5334/7944 5309/7903 5307/7902
f 5334/7945 5333/7946 5335/7947 5314/7911
f 5334/7945 5314/7911 5311/7907 5309/7906
f 5335/7947 5333/7946 5336/7948 2571/2979
f 5335/7947 2571/2979 2570/2981 5317/7949
f 5335/7947 5317/7949 5315/7912 5314/7911
f 5336/7950 5333/7943 5331/7942 5337/7951
f 5336/7950 5337/7951 5338/7952 5339/7953
f 5336/7948 5339/7954 2572/2980 2571/2979
f 5339/7953 5338/7952 5340/7955 5341/7956
f 5339/7954 5341/7957 5342/7958 2572/2980
f 5342/7958 5341/7957 5343/7959 5344/7960
f 5342/7958 5344/7960 5345/7961 2573/7962
f 5342/7958 2573/7962 2568/2976 2572/2980
f 5345/7961 5344/7960 5346/7963 5347/7964
f 5345/7965 5347/7966 5348/7967 5349/7968
f 5345/7965 5349/7968 2574/7969 2573/7970
f 5349/7971 5348/7972 5350/7973 5351/7974
f 5349/7975 5351/7976 5352/7977 2574/7978
f 5351/7979 5350/7980 5353/7981 5354/7982
f 5351/7976 5354/7983 5355/7984 5352/7977
f 5355/7984 2562/7985 2561/7986 5352/7977
f 5355/7987 5354/7982 5356/7988 5357/7989
f 5355/7987 5357/7989 5358/7990 2562/2968
f 5358/7990 5359/7991 2563/2969 2562/2968
f 5358/7990 5357/7989 5360/7992 5361/7993
f 5358/7990 5361/7993 5362/7994 5359/7991
f 5362/7994 5327/7931 5325/7929 5359/7991
f 5362/7995 5361/7996 5363/7997 5364/7998
f 5362/7995 5364/7998 5329/7937 5327/7936
f 5364/7998 5363/7997 5338/7999 5337/8000
f 5364/7998 5337/8000 5331/7939 5329/7937
f 5363/7997 5361/7996 5360/8001 5365/8002
f 5363/7997 5365/8002 5340/8003 5338/7999
f 5365/8002 5360/8001 5366/8004 5367/8005
f 5365/8002 5367/8005 5368/8006 5340/8003
f 5368/8007 5367/8008 5369/8009 5370/8010
f 5368/8007 5370/8010 5371/8011 5343/8012
f 5368/8007 5343/8012 5341/7956 5340/7955
f 5371/8011 5370/8010 5372/8013 5373/8014
f 5371/8015 5373/8016 5374/8017 5346/7963
f 5371/8015 5346/7963 5344/7960 5343/7959
f 5374/8017 5373/8016 5375/8018 5376/8019
f 5374/8017 5376/8019 5377/8020 5378/8021
f 5374/8017 5378/8021 5347/7964 5346/7963
f 5378/8022 5377/8023 5379/8024 5380/8025
f 5378/8022 5380/8025 5348/7967 5347/7966
f 5380/8026 5379/8027 5381/8028 5382/8029
f 5380/8026 5382/8029 5350/7980 5348/8030
f 5382/8029 5381/8028 5383/8031 5384/8032
f 5382/8029 5384/8032 5353/7981 5350/7980
f 5384/8032 5383/8031 5385/8033 5386/8034
f 5384/8032 5386/8034 5387/8035 5353/7981
f 5387/8035 5356/7988 5354/7982 5353/7981
f 5387/8035 5386/8034 5388/8036 5389/8037
f 5387/8035 5389/8037 5366/8038 5356/7988
f 5389/8039 5388/8040 5390/8041 5369/8042
f 5389/8043 5369/8044 5367/8005 5366/8004
f 5390/8041 5388/8040 5391/8045 5392/8046
f 5390/8047 5392/8048 5393/8049 5372/8050
f 5390/8051 5372/8013 5370/8010 5369/8009
f 5393/8049 5392/8048 5394/8052 5395/8053
f 5393/8049 5395/8053 5396/8054 5375/8018
f 5393/8055 5375/8056 5373/8014 5372/8013
f 5396/8054 5395/8053 5397/8057 5398/8058
f 5396/8054 5398/8058 5399/8059 5400/8060
f 5396/8054 5400/8060 5376/8019 5375/8018
f 5400/8060 5399/8059 5401/8061 5402/8062
f 5400/8060 5402/8062 5377/8020 5376/8019
f 5402/8063 5401/8064 5403/8065 5404/8066
f 5402/8067 5404/8068 5379/8024 5377/8023
f 5404/8069 5403/8070 5405/8071 5406/8072
f 5404/8069 5406/8072 5381/8028 5379/8027
f 5406/8072 5405/8071 5407/8073 5408/8074
f 5406/8072 5408/8074 5383/8031 5381/8028
f 5408/8074 5407/8073 5409/8075 5410/8076
f 5408/8074 5410/8076 5385/8033 5383/8031
f 5410/8076 5409/8075 5411/8077 5412/8078
f 5410/8076 5412/8078 5391/8079 5385/8033
f 5412/8080 5411/8081 5413/8082 5394/8083
f 5412/8080 5394/8083 5392/8084 5391/8085
f 5413/8082 5411/8081 5414/8086 5415/8087
f 5413/8088 5415/8089 5416/8090 5397/8057
f 5413/8088 5397/8057 5395/8053 5394/8052
f 5416/8090 5415/8089 5417/8091 5418/8092
f 5416/8090 5418/8092 5419/8093 5420/8094
f 5416/8090 5420/8094 5398/8058 5397/8057
f 5420/8094 5419/8093 5421/8095 5422/8096
f 5420/8094 5422/8096 5399/8059 5398/8058
f 5422/8096 5421/8095 5423/8097 5424/8098
f 5422/8096 5424/8098 5401/8061 5399/8059
f 5424/8099 5423/8100 5425/8101 5426/8102
f 5424/8103 5426/8104 5403/8065 5401/8064
f 5426/8105 5425/8106 5427/8107 5428/8108
f 5426/8105 5428/8108 5405/8071 5403/8070
f 5428/8108 5427/8107 5429/8109 5430/8110
f 5428/8108 5430/8110 5407/8073 5405/8071
f 5430/8110 5429/8109 5431/8111 5432/8112
f 5430/8110 5432/8112 5409/8075 5407/8073
f 5432/8112 5431/8111 5433/8113 5414/8114
f 5432/8112 5414/8114 5411/8077 5409/8075
f 5433/8113 5431/8111 5434/8115 5435/8116
f 5433/8117 5435/8118 5436/8119 5417/8091
f 5433/8117 5417/8091 5415/8089 5414/8120
f 5436/8121 5435/8122 5437/8123 5438/8124
f 5436/8119 5438/8125 5439/8126 5440/8127
f 5436/8119 5440/8127 5418/8092 5417/8091
f 5440/8127 5439/8126 5441/8128 5442/8129
f 5440/8127 5442/8129 5419/8093 5418/8092
f 5442/8129 5441/8128 5443/8130 5444/8131
f 5442/8129 5444/8131 5421/8095 5419/8093
f 5444/8131 5443/8130 5445/8132 5446/8133
f 5444/8131 5446/8133 5423/8097 5421/8095
f 5446/8134 5445/8135 5447/8136 5448/8137
f 5446/8134 5448/8137 5425/8101 5423/8100
f 5448/8138 5447/8139 5449/8140 5450/8141
f 5448/8138 5450/8141 5427/8107 5425/8106
f 5450/8141 5449/8140 5451/8142 5452/8143
f 5450/8141 5452/8143 5429/8109 5427/8107
f 5452/8143 5451/8142 5453/8144 5434/8115
f 5452/8143 5434/8115 5431/8111 5429/8109
f 5453/8144 5451/8142 5454/8145 5455/8146
f 5453/8144 5455/8146 5456/8147 5437/8148
f 5453/8144 5437/8148 5435/8116 5434/8115
f 5456/8147 5455/8146 5457/8149 5458/8150
f 5456/8151 5458/8152 5459/8153 5460/8154
f 5456/8151 5460/8154 5438/8124 5437/8123
f 5460/8155 5459/8156 5461/8157 5462/8158
f 5460/8155 5462/8158 5439/8126 5438/8125
f 5462/8158 5461/8157 5463/8159 5464/8160
f 5462/8158 5464/8160 5441/8128 5439/8126
f 5464/8160 5463/8159 5465/8161 5466/8162
f 5464/8160 5466/8162 5443/8130 5441/8128
f 5466/8162 5465/8161 5467/8163 5468/8164
f 5466/8162 5468/8164 5445/8132 5443/8130
f 5468/8165 5467/8166 5469/8167 5470/8168
f 5468/8169 5470/8170 5447/8136 5445/8135
f 5470/8171 5469/8172 5471/8173 5472/8174
f 5470/8171 5472/8174 5449/8140 5447/8139
f 5472/8174 5471/8173 5473/8175 5454/8145
f 5472/8174 5454/8145 5451/8142 5449/8140
f 5473/8175 5471/8173 5474/8176 5475/8177
f 5473/8175 5475/8177 5476/8178 5457/8149
f 5473/8175 5457/8149 5455/8146 5454/8145
f 5476/8178 5475/8177 5477/8179 5478/8180
f 5476/8178 5478/8180 5479/8181
f 5476/8178 5479/8181 5458/8150 5457/8149
f 5479/8182 5478/8183 5477/8184 5480/8185
f 5479/8186 5480/8187 5459/8188 5458/8189
f 5480/8190 5477/8191 869/8192 5481/8193
f 5480/8194 5481/8195 5461/8157 5459/8156
f 5481/8195 869/61 868/60 5482/8196
f 5481/8195 5482/8196 5463/8159 5461/8157
f 5482/8196 868/60 870/63 5483/8197
f 5482/8196 5483/8197 5465/8161 5463/8159
f 5483/8197 870/63 5484/8198 5485/8199
f 5483/8197 5485/8199 5467/8163 5465/8161
f 5485/8200 5484/8201 878/8202 5486/8203
f 5485/8200 5486/8203 5469/8167 5467/8166
f 5486/8204 878/74 877/73 5474/8176
f 5486/8204 5474/8176 5471/8173 5469/8172
f 5477/8179 5475/8177 5474/8176 877/73
f 5391/8079 5388/8036 5386/8034 5385/8033
f 5366/8038 5360/7992 5357/7989 5356/7988
f 5359/7991 5325/7929 2564/2970 2563/2969
f 5321/7922 5319/7921 5487/8205 2566/8206
f 5321/7925 2566/2972 435/2966 2565/2971
f 5487/8207 5319/7918 5318/7917 5488/8208
f 5487/8207 5488/8208 5489/8209 5490/8210
f 5487/8205 5490/8211 2567/8212 2566/8206
f 5490/8210 5489/8209 5491/8213 5492/8214
f 5490/8211 5492/8215 5493/8216 2567/8212
f 5493/8216 5492/8215 5494/8217 5495/8218
f 5493/8219 5495/8220 5496/8221 5497/8222
f 5493/8219 5497/8222 2559/2974 2567/2973
f 5497/8222 5496/8221 5498/8223 5499/8224
f 5500/8225 5499/8226 5501/8227 5502/8228
f 5502/8228 5501/8227 5503/8229 5504/8230
f 5504/8231 5503/8232 5505/8233 5506/8234
f 5506/8235 5505/8236 5507/8237 5508/8238
f 5508/8239 5507/8240 5509/8241 5510/8242
f 5511/8243 5509/8244 5512/8245 5513/8246
f 5511/8247 5513/8248 5514/8249 5515/8250
f 5511/8251 5515/8252 2569/2978 437/2977
f 5515/8250 5514/8249 5516/8253 5491/8213
f 5515/8250 5491/8213 5489/8209 2569/8254
f 5516/8253 5514/8249 5517/8255 5518/8256
f 5516/8257 5518/8258 5519/8259 5494/8260
f 5516/8253 5494/8261 5492/8214 5491/8213
f 5519/8259 5518/8258 5520/8262 5521/8263
f 5519/8264 5521/8265 5522/8266 5523/8267
f 5519/8268 5523/8269 5495/8218 5494/8217
f 5523/8267 5522/8266 5524/8270 5525/8271
f 5523/8267 5525/8271 5496/8221 5495/8220
f 5525/8271 5524/8270 5526/8272 5527/8273
f 5525/8271 5527/8273 5498/8223 5496/8221
f 5527/8273 5526/8272 5528/8274 5529/8275
f 5527/8273 5529/8275 5530/8276 5498/8223
f 5530/8277 5501/8227 5499/8226 5498/8278
f 5530/8277 5529/8279 5531/8280 5532/8281
f 5530/8277 5532/8281 5503/8229 5501/8227
f 5532/8282 5531/8283 5533/8284 5534/8285
f 5532/8282 5534/8285 5505/8236 5503/8286
f 5534/8285 5533/8284 5535/8287 5536/8288
f 5534/8285 5536/8288 5507/8237 5505/8236
f 5536/8289 5535/8290 5537/8291 5512/8245
f 5536/8292 5512/8293 5509/8241 5507/8240
f 5537/8291 5535/8290 5538/8294 5539/8295
f 5537/8296 5539/8297 5540/8298 5541/8299
f 5537/8291 5541/8300 5513/8246 5512/8245
f 5541/8299 5540/8298 5542/8301 5517/8255
f 5541/8299 5517/8255 5514/8249 5513/8248
f 5542/8302 5540/8303 5543/8304 5544/8305
f 5542/8302 5544/8305 5545/8306 5520/8307
f 5542/8301 5520/8308 5518/8256 5517/8255
f 5545/8306 5544/8305 5546/8309 5547/8310
f 5545/8311 5547/8312 5548/8313 5549/8314
f 5545/8311 5549/8314 5521/8263 5520/8262
f 5549/8315 5548/8316 5550/8317 5551/8318
f 5549/8315 5551/8318 5522/8266 5521/8265
f 5551/8318 5550/8317 5552/8319 5553/8320
f 5551/8318 5553/8320 5524/8270 5522/8266
f 5553/8320 5552/8319 5554/8321 5555/8322
f 5553/8320 5555/8322 5526/8272 5524/8270
f 5555/8322 5554/8321 5556/8323 5557/8324
f 5555/8322 5557/8324 5528/8274 5526/8272
f 5557/8325 5556/8326 5558/8327 5559/8328
f 5557/8325 5559/8328 5560/8329 5528/8330
f 5560/8329 5531/8280 5529/8279 5528/8330
f 5560/8331 5559/8332 5561/8333 5562/8334
f 5560/8335 5562/8336 5533/8284 5531/8283
f 5562/8334 5561/8333 5563/8337 5538/8294
f 5562/8336 5538/8338 5535/8287 5533/8284
f 5563/8337 5561/8333 5564/8339 5565/8340
f 5563/8337 5565/8340 5566/8341 5567/8342
f 5563/8337 5567/8342 5539/8295 5538/8294
f 5567/8343 5566/8344 5568/8345 5543/8346
f 5567/8343 5543/8346 5540/8298 5539/8297
f 5568/8347 5566/8341 5569/8348 5570/8349
f 5568/8347 5570/8349 5571/8350 5546/8309
f 5568/8347 5546/8309 5544/8305 5543/8304
f 5571/8350 5570/8349 5572/8351 5573/8352
f 5571/8350 5573/8352 5574/8353 5575/8354
f 5571/8350 5575/8354 5547/8310 5546/8309
f 5575/8355 5574/8356 5576/8357 5577/8358
f 5575/8359 5577/8360 5548/8361 5547/8362
f 5577/8363 5576/8364 5578/8365 5579/8366
f 5577/8363 5579/8366 5550/8317 5548/8316
f 5579/8366 5578/8365 5580/8367 5581/8368
f 5579/8366 5581/8368 5552/8319 5550/8317
f 5581/8368 5580/8367 5582/8369 5583/8370
f 5581/8368 5583/8370 5554/8321 5552/8319
f 5583/8370 5582/8369 5584/8371 5585/8372
f 5583/8370 5585/8372 5556/8323 5554/8321
f 5585/8373 5584/8374 5586/8375 5587/8376
f 5585/8377 5587/8378 5558/8327 5556/8326
f 5587/8379 5586/8380 5588/8381 5589/8382
f 5587/8379 5589/8382 5564/8339 5558/8383
f 5589/8382 5588/8381 5590/8384 5591/8385
f 5589/8382 5591/8385 5565/8340 5564/8339
f 5591/8385 5590/8384 5592/8386 5569/8348
f 5591/8385 5569/8348 5566/8341 5565/8340
f 5592/8386 5590/8384 5593/8387 5594/8388
f 5592/8386 5594/8388 5595/8389 5572/8351
f 5592/8386 5572/8351 5570/8349 5569/8348
f 5595/8389 5594/8388 5596/8390 5597/8391
f 5595/8389 5597/8391 5598/8392 5599/8393
f 5595/8389 5599/8393 5573/8352 5572/8351
f 5599/8393 5598/8392 5600/8394 5601/8395
f 5599/8393 5601/8395 5574/8353 5573/8352
f 5601/8396 5600/8397 5602/8398 5603/8399
f 5601/8396 5603/8399 5576/8357 5574/8356
f 5603/8400 5602/8401 5604/8402 5605/8403
f 5603/8400 5605/8403 5578/8365 5576/8364
f 5605/8403 5604/8402 5606/8404 5607/8405
f 5605/8403 5607/8405 5580/8367 5578/8365
f 5607/8405 5606/8404 5608/8406 5609/8407
f 5607/8405 5609/8407 5582/8369 5580/8367
f 5609/8407 5608/8406 5610/8408 5611/8409
f 5609/8407 5611/8409 5584/8371 5582/8369
f 5611/8410 5610/8411 5612/8412 5613/8413
f 5611/8410 5613/8413 5586/8375 5584/8374
f 5613/8414 5612/8415 5614/8416 5615/8417
f 5613/8414 5615/8417 5588/8381 5586/8380
f 5615/8417 5614/8416 5616/8418 5593/8387
f 5615/8417 5593/8387 5590/8384 5588/8381
f 5616/8418 5614/8416 5617/8419 5618/8420
f 5616/8418 5618/8420 5619/8421 5596/8390
f 5616/8418 5596/8390 5594/8388 5593/8387
f 5619/8421 5618/8420 5620/8422 5621/8423
f 5619/8421 5621/8423 5622/8424 5623/8425
f 5619/8421 5623/8425 5597/8391 5596/8390
f 5623/8425 5622/8424 5624/8426 5625/8427
f 5623/8425 5625/8427 5598/8392 5597/8391
f 5625/8427 5624/8426 5626/8428 5627/8429
f 5625/8427 5627/8429 5600/8394 5598/8392
f 5627/8430 5626/8431 5628/8432 5629/8433
f 5627/8430 5629/8433 5602/8398 5600/8397
f 5629/8434 5628/8435 5630/8436 5631/8437
f 5629/8434 5631/8437 5604/8402 5602/8401
f 5631/8437 5630/8436 5632/8438 5633/8439
f 5631/8437 5633/8439 5606/8404 5604/8402
f 5633/8439 5632/8438 5634/8440 5635/8441
f 5633/8439 5635/8441 5608/8406 5606/8404
f 5635/8441 5634/8440 5636/8442 5637/8443
f 5635/8441 5637/8443 5610/8408 5608/8406
f 5637/8444 5636/8445 5638/8446 5639/8447
f 5637/8444 5639/8447 5612/8412 5610/8411
f 5639/8448 5638/8449 5640/8450 5617/8419
f 5639/8448 5617/8419 5614/8416 5612/8415
f 5640/8450 5638/8449 5641/8451 5642/8452
f 5640/8450 5642/8452 5643/8453 5620/8422
f 5640/8450 5620/8422 5618/8420 5617/8419
f 5643/8453 5642/8452 5644/8454 5645/8455
f 5643/8453 5645/8455 5646/8456 5647/8457
f 5643/8453 5647/8457 5621/8423 5620/8422
f 5647/8457 5646/8456 5648/8458 5649/8459
f 5647/8457 5649/8459 5622/8424 5621/8423
f 5649/8459 5648/8458 5650/8460 5651/8461
f 5649/8459 5651/8461 5624/8426 5622/8424
f 5651/8461 5650/8460 5652/8462 5653/8463
f 5651/8461 5653/8463 5626/8428 5624/8426
f 5653/8464 5652/8465 5654/8466 5655/8467
f 5653/8464 5655/8467 5628/8468 5626/8469
f 5655/8470 5654/8471 5656/8472 5657/8473
f 5655/8470 5657/8473 5630/8436 5628/8435
f 5657/8473 5656/8472 5658/8474 5659/8475
f 5657/8473 5659/8475 5632/8438 5630/8436
f 5659/8475 5658/8474 5660/8476 5661/8477
f 5659/8475 5661/8477 5634/8440 5632/8438
f 5661/8477 5660/8476 5662/8478 5663/8479
f 5661/8477 5663/8479 5636/8442 5634/8440
f 5663/8480 5662/8481 5664/8482 5641/8483
f 5663/8480 5641/8483 5638/8484 5636/8485
f 5664/8482 5662/8481 5665/8486 5666/8487
f 5664/8488 5666/8489 5667/8490 5644/8454
f 5664/8488 5644/8454 5642/8452 5641/8451
f 5667/8490 5666/8489 2673/8491 5668/8492
f 5667/8490 5668/8492 5669/8493 5670/8494
f 5667/8490 5670/8494 5645/8455 5644/8454
f 5670/8494 5669/8493 5671/8495 5672/8496
f 5670/8494 5672/8496 5646/8456 5645/8455
f 5672/8496 5671/8495 5673/8497 5674/8498
f 5672/8496 5674/8498 5648/8458 5646/8456
f 5674/8498 5673/8497 2675/8499 5675/8500
f 5674/8498 5675/8500 5650/8460 5648/8458
f 5675/8501 2675/8502 2674/8503 5676/8504
f 5675/8500 5676/8505 5652/8462 5650/8460
f 5676/8506 2674/3128 2679/3127 5677/8507
f 5676/8506 5677/8507 5654/8466 5652/8465
f 5677/8508 2679/8509 5678/8510 5679/8511
f 5677/8508 5679/8511 5656/8472 5654/8471
f 5679/8511 5678/8510 5680/8512 5681/8513
f 5679/8511 5681/8513 5658/8474 5656/8472
f 5681/8513 5680/8512 2671/3111 5682/8514
f 5681/8513 5682/8514 5660/8476 5658/8474
f 5682/8514 2671/3111 2670/3110 5665/8515
f 5682/8514 5665/8515 5662/8478 5660/8476
f 5680/8512 5678/8510 5683/8516 5684/8517
f 5680/8512 5684/8517 2672/3112 2671/3111
f 5678/8518 2679/8519 458/8520 5683/8521
f 5673/8497 5671/8495 5685/8522 5686/8523
f 5673/8524 5686/8525 2676/8526 2675/8527
f 5686/8523 5685/8522 5687/8528 5688/8529
f 5686/8530 5688/8531 2677/8532 2676/8533
f 5689/8534 5690/8535 2678/8536 2677/8537
f 5689/8538 5687/8528 5685/8522 5690/8539
f 5690/8539 5669/8493 5668/8492 2678/8540
f 5690/8539 5685/8522 5671/8495 5669/8493
f 5668/8541 2673/8542 459/8543 2678/8544
f 5666/8545 5665/8546 2670/8547 2673/8548
f 5564/8339 5561/8333 5559/8332 5558/8383
f 5489/8209 5488/8208 2570/8549 2569/8254
f 5488/8208 5318/7917 5317/7916 2570/8549
f 751/8550 3715/8551 5691/8552 5692/8553
f 5692/8553 5691/8552 5693/8554 5694/8555
f 5691/8556 3715/8557 5695/8558 5696/8559
f 5695/8560 3715/8561 2579/8562 5697/8563
f 5698/8564 3712/8565 744/8566 3692/8567
f 3711/5067 3710/5066 5699/8568 5700/8569
f 3710/8570 3709/8571 5701/8572 5702/8573
f 5701/8572 3709/8571 5703/8574 5704/8575
f 5703/8576 3709/5065 748/5064 5705/8577
f 5705/8577 5706/8578 5707/8579 5703/8576
f 3707/5062 5708/8580 3689/5038 3688/5037
f 3704/5582 4017/5581 3696/5048 745/5047
f 3682/8581 3681/8582 5709/8583 5710/8584
f 5711/8585 5710/8586 961/8587 958/8588
f 5711/8589 958/205 957/204 5712/8590
f 5713/8591 956/203 955/202 63/389
f 5710/8584 5709/8583 5714/8592 961/210
f 5714/8593 5709/8594 5715/8595 5716/8596
f 5714/8593 5716/8596 1031/383 1055/382
f 5714/8592 1055/8597 960/211 961/210
f 5716/8596 5715/8595 5717/8598 5718/8599
f 5716/8596 5718/8599 1032/8600 1031/383
f 5718/8599 5719/8601 1270/800 1032/8600
f 5719/8601 5720/8602 1271/801 1270/800
f 5721/8603 5717/8598 5715/8595 5722/8604
f 5721/8605 5722/8606 3669/8607 3673/5015
f 5722/8604 5715/8595 5709/8594 3681/5020
f 5722/8604 3681/5020 3670/4994 3669/4993
f 3679/5017 3614/4887 3607/4875 3606/4872
f 3678/5011 3662/8608 970/8609 3658/5012
f 3676/5000 3623/4901 3622/4900 3677/5001
f 3664/8610 1037/8611 971/8612 3661/4980
f 3662/4981 3661/4980 971/8612 970/8613
f 5721/8605 3673/5015 732/5014 3660/8614
f 3656/4965 3634/4964 3637/8615 3655/4960
f 3656/4965 3655/4960 3652/4959 3616/4968
f 3655/4960 3637/8615 3441/8616 3653/4961
f 3654/5747 3653/8617 3441/4555 3440/4554
f 3652/8618 3651/8619 3617/4892 3616/4891
f 3646/4945 3645/4944 3572/4804 3571/4803
f 3643/4940 3642/4939 5723/8620 3360/4392
f 3643/4940 3360/4392 3359/4391 3381/4440
f 3643/4940 3381/4440 3380/4439 3448/4941
f 5723/8621 3642/8622 5724/8623 5725/8624
f 5723/8621 5725/8624 5726/8625 5727/8626
f 5723/8620 5727/8627 3361/4393 3360/4392
f 5727/8628 5726/8629 5728/8630 5729/8631
f 5727/8632 5729/8633 3308/8634 3361/8635
f 5729/8636 5728/8637 5730/8638 5731/8639
f 5729/8640 5731/8641 3309/8642 3308/8643
f 5731/8639 5730/8638 5732/8644 5733/8645
f 5731/8646 5733/8647 5734/8648 3309/4306
f 5734/8648 5733/8647 3640/8649 3449/8650
f 5734/8648 3449/8650 679/4406 3368/4405
f 5734/8648 3368/4405 640/4303 3309/4306
f 5733/8645 5732/8644 3641/4936 3640/4935
f 5732/8644 5730/8638 5735/8651 5736/8652
f 5732/8644 5736/8652 3409/8653 3641/4936
f 5736/8654 5735/8655 3317/4325 664/8656
f 5736/8657 664/8658 3397/8659 3409/8660
f 5735/8655 5737/8661 3312/4326 3317/4325
f 5735/8651 5730/8638 5728/8637 5737/8662
f 5737/8663 5738/8664 3313/4317 3312/4316
f 5737/8665 5728/8630 5726/8629 5738/8666
f 5738/8667 5739/8668 5740/8669 3313/8670
f 5738/8671 5726/8625 5725/8624 5739/8672
f 5740/8673 3400/4481 3399/4480 4074/8674
f 5740/8675 4074/8676 644/4318 3313/4317
f 5740/8673 5739/8672 3408/4491 3400/4481
f 5739/8672 5725/8624 5724/8623 3408/4491
f 5724/8623 3639/8677 3406/4492 3408/4491
f 5724/8623 3642/8622 727/8678 3639/8677
f 3641/4936 3409/8653 3407/8679 3638/4937
f 3639/4930 3638/4929 3407/8680 3406/8681
f 3637/4926 3636/4925 676/8682 3441/8683
f 3636/4923 3635/4922 3438/4547 676/4546
f 3635/8684 5741/8685 5742/8686 3438/8687
f 3635/4922 3631/4915 3630/4914 5741/8688
f 5742/8689 3398/4478 3316/4477 5743/8690
f 5742/8689 5743/8690 3345/4548 3438/4547
f 5742/8686 5741/8685 3404/4489 3398/4488
f 5743/8691 3316/8692 642/8693 3315/8694
f 5743/8691 3315/8694 3343/8695 3345/8696
f 5741/8685 3630/4919 3633/4918 3404/4489
f 3633/4918 3420/8697 666/4487 3404/4489
f 3633/4918 3421/4527 3416/8698 3420/8697
f 3622/4900 722/4894 3624/4903 3677/5001
f 3611/4884 3610/8699 3588/8700 3587/4828
f 3610/4880 3609/4879 5744/8701 5745/8702
f 3610/8703 5745/8704 686/4865 3588/4832
f 5744/8701 3609/4879 3598/4854 3597/4853
f 5744/8701 3597/4853 5746/8705 5747/8706
f 5747/8706 5746/8705 3551/8707 3182/8708
f 5746/8705 3597/4853 716/4852 3541/8709
f 5746/8705 3541/8709 3540/8710 3551/8707
f 3602/5291 705/8711 3541/8709 716/4852
f 3591/4837 3590/4836 3492/4652 3542/8712
f 3590/4836 3490/4648 3489/4647 3492/4652
f 3585/4824 3584/4823 3477/8713 3165/8714
f 3585/4824 3165/8714 3161/8715 3160/4869
f 3570/8716 3140/8717 5748/8718 3566/8719
f 5748/8720 3140/3923 3138/3920 3157/8721
f 5748/8718 3157/8722 3482/8723 3481/8724
f 5748/8718 3481/8724 3567/8725 3566/8719
f 5749/8726 5750/8727 5751/8728 3550/8729
f 5751/8728 710/8730 3551/8707 3550/8729
f 3553/8731 3552/8732 710/8733 5751/8734
f 3565/4794 5752/8735 5753/8736 3561/4790
f 5754/8737 5755/8738 2941/3546 2944/3545
f 5755/8739 5756/8740 5757/8741 5758/8742
f 5755/8743 5758/8744 2942/3542 2941/3541
f 3555/8745 5759/8746 3206/4069 3556/8747
f 5759/8748 5760/8749 5761/8750 5762/8751
f 5759/8746 5762/8752 3207/4070 3206/4069
f 5762/8751 5761/8750 5763/8753 5764/8754
f 5762/8751 5764/8754 5765/8755 3207/8756
f 5765/8757 3113/8758 3204/4067 3207/4070
f 5765/8755 5764/8754 5766/8759 5767/8760
f 5765/8757 5767/8761 610/8762 3113/8758
f 5767/8760 2880/3447 2879/3446 610/4104
f 5766/8759 5764/8754 5763/8753 5768/8763
f 5768/8764 5763/8765 5769/8766 5770/8767
f 5768/8764 5770/8767 5771/8768 5772/8769
f 5770/8767 5769/8766 5774/8770 5773/8771
f 5774/8772 5769/8773 5775/8774 5776/8775
f 5774/8770 5777/8776 5778/8777 5773/8771
f 5775/8778 5769/8766 5763/8765 5761/8779
f 3545/4767 3537/8780 703/8781 3536/4768
f 5779/8782 705/8783 690/8784 3500/8785
f 5779/8786 3500/8787 3499/4670 5780/8788
f 5780/8788 3499/4670 3498/4669 5781/8789
f 3540/8790 3535/4732 3515/4694 3514/4693
f 3539/8791 5782/8792 704/8793 703/8794
f 3531/8795 3527/8796 3517/8797 3516/8798
f 3529/4719 3528/4718 5783/8799 5784/8800
f 3524/8801 5785/8802 3518/8803 3520/8804
f 5786/8805 5787/8806 5788/8807 5789/8808
f 5790/8809 5791/8810 5786/8805 5789/8808
f 3521/4713 3520/8811 3518/8812 3517/4714
f 5792/8813 3531/8814 3530/4725 5145/7636
f 3506/4681 3503/4678 5793/8815 5794/8816
f 3506/8817 5795/8818 5796/8819 3504/8820
f 5793/8815 3503/4678 3502/4677 5797/8821
f 5798/8822 5799/8823 5800/8824 5801/8825
f 5802/8826 5801/8827 5800/8828 5803/8829
f 5804/8830 5805/8831 5806/8832 5807/8833
f 5807/8834 5806/8835 3501/4676 3505/4680
f 5807/8834 3505/4680 5808/8836 5809/8837
f 5809/8837 5808/8836 5810/8838 5811/8839
f 5811/8839 5810/8838 3263/8840 5812/8841
f 5812/8842 3263/8843 3262/8844 5813/8845
f 5810/8838 5808/8836 5814/8846 5815/8847
f 5810/8838 5815/8847 5816/8848 3263/8840
f 5815/8847 5814/8846 5817/8849 5818/8850
f 5817/8849 5814/8846 5819/8851 5820/8852
f 5806/8853 5799/8823 3502/8854 3501/8855
f 5806/8853 5805/8856 5800/8824 5799/8823
f 5821/8857 3115/8858 3119/8859 5822/8860
f 5821/8861 5822/8862 3084/8863 3083/8864
f 5822/8865 5823/8866 3087/8867 3084/8868
f 5823/8866 5824/8869 5825/8870 3087/8867
f 5825/8870 5824/8869 3496/8871 5826/8872
f 5825/8870 5826/8872 5827/8873 5828/8874
f 5825/8875 5828/8876 2992/3635 3087/3799
f 5828/8874 5827/8873 3493/8877 2995/8878
f 5828/8876 2995/3640 2990/3631 2992/3635
f 5827/8879 5826/8880 3487/8881 5829/8882
f 5827/8879 5829/8882 3031/8883 3493/8884
f 5829/8882 3487/8881 3486/8885 5830/8886
f 5829/8887 5830/8888 3032/3698 3031/3697
f 5830/8889 3486/4636 3485/4635 5831/8890
f 5830/8888 5831/8891 3038/3709 3032/3698
f 5831/8892 3485/8893 3167/8894 5832/8895
f 5831/8891 5832/8896 3054/3740 3038/3709
f 5832/8897 3167/3990 3166/3989 5833/8898
f 5832/8897 5833/8898 3055/8899 3054/8900
f 5833/8901 5834/8902 5835/8903 3055/8904
f 5834/8905 5833/8898 3166/3989 3170/3993
f 5834/8905 3170/3993 3151/8906 3173/8907
f 5834/8908 3173/8909 3180/8910 3181/8911
f 5826/8912 3496/4665 3483/4630 3487/4638
f 5824/8913 5823/8914 5836/8915 3106/8916
f 3500/4673 690/4649 3491/4650 3494/4674
f 3497/4668 3133/3910 574/3874 3120/3873
f 3495/4662 3106/8917 3105/8918 3135/4663
f 3493/4655 3034/4654 2993/8919 2995/8920
f 3485/4635 3484/4634 3168/8921 3167/8922
f 3482/4627 3157/8923 3150/8924 3153/4628
f 3477/8925 3476/4617 3163/3985 3165/3987
f 3476/4617 3475/4616 3164/3986 3163/3985
f 3475/4616 5837/8926 5838/8927 3164/3986
f 5838/8928 3162/8929 587/8930 3164/8931
f 5838/8932 5837/8933 3187/8934 3189/8935
f 5838/8927 3189/4026 3185/4113 3162/8936
f 5837/8926 5839/8937 3177/8938 3187/4027
f 3473/8939 3274/8940 3139/8941 685/8942
f 3466/4598 3465/4597 5840/8943 3459/4587
f 3466/4598 3459/4587 3458/4586 3365/4601
f 5840/8943 5841/8944 5842/8945 5843/8946
f 5840/8943 5843/8946 3460/4588 3459/4587
f 5840/8943 3465/4597 5844/8947 5841/8944
f 5844/8948 5845/8949 5846/8950 5841/8951
f 5844/8947 3465/4597 3464/4596 5847/8952
f 5844/8953 5847/8954 5848/8955 5845/8956
f 5848/8957 3455/4578 3454/4577 5845/8958
f 5848/8959 5847/8960 5849/8961 3384/4444
f 5848/8959 3384/4444 3383/4443 3455/8962
f 5849/8963 5847/8964 3464/4600 3363/4400
f 5849/8963 3363/4400 3362/4399 3372/8965
f 5849/8966 3372/8967 3370/8968 3384/8969
f 5846/8970 3453/8971 5850/8972 5851/8973
f 5846/8970 5851/8973 5842/8974 5841/8975
f 5846/8976 5845/8958 3454/4577 3453/4576
f 5851/8977 5850/8978 3443/4559 5852/8979
f 5851/8973 5852/8980 5853/8981 5842/8974
f 5853/8982 5852/8983 5854/8984 5855/8985
f 5853/8986 5855/8987 3357/8988 5856/8989
f 5853/8986 5856/8989 5843/8990 5842/8991
f 5856/8989 3357/8988 3356/8992 3463/4594
f 5856/8989 3463/4594 3460/4593 5843/8990
f 5855/8985 5854/8984 5857/8993 3301/8994
f 5855/8987 3301/8995 3300/8996 3357/8988
f 5857/8997 3447/8998 3377/4433 3376/4432
f 5857/8997 5854/8999 3442/9000 3447/8998
f 5854/9001 5852/8979 3443/4559 3442/4558
f 5850/8978 3456/4580 3444/4560 3443/4559
f 5850/9002 3453/4576 3452/4575 3456/4584
f 3463/4594 3356/8992 3358/9003 3461/4590
f 3462/9004 3461/9005 3358/4389 5858/9006
f 3462/9004 5858/9006 3367/9007 3366/9008
f 3462/9009 3366/9010 3365/4601 3458/4586
f 5858/9006 3358/4389 3299/4290 3306/4302
f 5858/9006 3306/4302 3311/4314 3367/9007
f 3457/4582 3451/4574 3450/4573 3382/9011
f 3457/9012 3382/4441 3374/4421 5859/9013
f 3457/9012 5859/9013 3446/9014 3445/9015
f 5859/9013 3374/4421 3373/4420 3377/4433
f 5859/9013 3377/4433 3447/8998 3446/9014
f 3455/4578 3383/9016 3382/9011 3450/4573
f 3430/9017 674/9018 1397/1037 1396/1036
f 3427/9019 969/239 974/238 5860/9020
f 3427/4525 5860/9021 3411/4496 3410/4495
f 5860/9020 974/238 5861/9022 5862/9023
f 5860/9024 5862/9025 3413/4501 3411/4500
f 5862/9025 5861/9026 5863/9027 5864/9028
f 5862/9025 5864/9028 1372/9029 3413/4501
f 5864/9030 5863/9031 5865/9032 1309/868
f 5864/9030 1309/868 1308/867 1372/9033
f 5865/9034 5863/9035 1019/9036 5866/9037
f 5865/9034 5866/9037 5867/9038 5868/9039
f 5865/9032 5868/9040 1310/869 1309/868
f 5868/9041 5867/9042 5869/9043 5870/9044
f 5868/9041 5870/9044 5871/9045 1310/864
f 5871/9045 1297/844 1311/865 1310/864
f 5871/9046 5870/9047 1191/638 5872/9048
f 1265/9049 1264/9050 1294/839 130/838
f 1265/9051 5872/9048 1346/945 5873/9052
f 5874/9053 5875/9054 5876/9055 5877/9056
f 5877/9056 5876/9055 5878/9057 5879/9058
f 5879/9058 5878/9057 5880/9059 5881/9060
f 5880/9061 5882/9062 5883/9063 5881/9064
f 5880/9059 5878/9057 1348/9065 1325/9066
f 5880/9067 1325/889 1324/888 5882/9068
f 5883/9069 5882/9070 5884/9071 5885/9072
f 5882/9070 1324/9073 1323/9074 5884/9071
f 5878/9075 5876/9076 1344/942 1348/9077
f 5876/9076 5875/9078 1345/943 1344/942
f 5875/9078 5873/9052 5886/9079 1345/943
f 5886/9079 5873/9052 1346/945 143/938
f 5886/9079 143/938 1341/937 1354/9080
f 5886/9079 1354/9080 1342/944 1345/943
f 5872/9048 1191/638 100/637 1346/945
f 5870/9047 5869/9081 1192/639 1191/638
f 5869/9082 5867/9083 5887/9084 5888/9085
f 5869/9081 5888/9086 5889/9087 1192/639
f 5889/9087 5888/9086 5890/9088 5891/9089
f 5889/9090 5891/9091 5892/9092 5893/9093
f 5889/9090 5893/9093 1193/9094 1192/9095
f 5893/9096 5892/9097 5894/9098 5895/9099
f 5893/9096 5895/9099 1194/641 1193/640
f 5895/9099 5894/9098 5896/9100 5897/9101
f 5895/9099 5897/9101 5898/9102 1194/641
f 5898/9103 5899/9104 1420/9105 5900/9106
f 5898/9102 5900/9107 1195/642 1194/641
f 5898/9102 5897/9101 5901/9108 5899/9109
f 5901/9110 1260/9111 1259/9112 5899/9113
f 5901/9108 5897/9101 5896/9100 5902/9114
f 5901/9110 5902/9115 1200/9116 1260/9111
f 5902/9114 5896/9100 5903/9117 5904/9118
f 5902/9119 5904/9120 1201/9121 1200/9122
f 5904/9123 5903/9124 5905/9125 5906/9126
f 5904/9123 5906/9126 1428/1103 1201/1102
f 5906/9126 5905/9125 5907/9127 5908/9128
f 5906/9126 5908/9128 5909/9129 1428/1103
f 5909/9130 5910/9131 1429/9132 1428/9133
f 5909/9134 5908/9135 5911/9136 1436/9137
f 5909/9138 1436/9139 1435/9140 5910/9141
f 5910/9131 5912/9142 5913/9143 1429/9132
f 5910/9141 1435/9140 5914/9144 5912/9145
f 5914/9146 5915/9147 5916/9148 5912/9149
f 5914/9150 1435/9151 1434/9152 5917/9153
f 5914/9146 5917/9154 5918/9155 5915/9147
f 5918/9155 5919/9156 1212/677 5915/9147
f 5918/9157 5917/9153 5920/9158 1628/9159
f 5918/9160 1628/9161 1627/1461 5919/9162
f 5920/9158 5917/9153 1434/9152 1433/9163
f 5920/9158 1433/9163 1537/9164 5921/9165
f 5920/9158 5921/9165 1629/9166 1628/9159
f 5921/9167 1537/9168 1458/1515 1658/1514
f 5921/9167 1658/1514 1630/9169 1629/9170
f 5919/9156 5922/9171 1207/672 1212/677
f 5919/9162 1627/1461 1632/1460 5922/9172
f 5922/9172 1632/1460 5923/9173 5924/9174
f 5922/9171 5924/9175 1208/673 1207/672
f 5924/9176 5923/9177 5925/9178 5926/9179
f 5924/9180 5926/9181 5927/9182 1208/9183
f 5927/9184 5926/9179 1575/9185 5928/9186
f 5927/9182 5928/9187 5929/9188 5930/9189
f 5927/9182 5930/9189 1209/9190 1208/9183
f 5930/9189 5929/9188 5931/9191 5932/9192
f 5930/9189 5932/9192 1210/9193 1209/9190
f 5932/9194 5931/9195 5933/9196 5934/9197
f 5932/9192 5934/9198 5935/9199 1210/9193
f 5935/9200 5934/9201 1430/9202 5913/9143
f 5935/9200 5913/9143 5912/9142 5916/9203
f 5935/9204 5916/9148 1211/676 1210/675
f 5934/9205 5933/9206 1426/9207 1430/9208
f 5933/9209 5931/9210 1218/692 5936/9211
f 5933/9212 5936/9213 1427/9214 1426/9215
f 5936/9211 1218/692 1217/691 5937/9216
f 5936/9213 5937/9217 1440/9218 1427/9214
f 5937/9216 1217/691 1222/696 1531/1343
f 5931/9219 5929/9220 1219/9221 1218/9222
f 5929/9220 5928/9223 1220/9224 1219/9221
f 5928/9225 1575/1363 1574/1362 1220/9226
f 5926/9179 5925/9178 1576/9227 1575/9185
f 5923/9173 1632/1460 1626/1459 1625/9228
f 5916/9148 5915/9147 1212/677 1211/676
f 5913/9143 1430/9202 165/9229 1429/9132
f 5908/9230 5907/9231 5938/9232 5911/9233
f 5938/9234 5907/9235 1196/644 5939/9236
f 5938/9234 5939/9236 104/667 105/9237
f 5938/9232 105/662 1205/661 5911/9233
f 5939/9236 1196/644 101/643 1190/9238
f 5939/9236 1190/9238 1206/668 104/667
f 5907/9235 5905/9239 1197/645 1196/644
f 5905/9239 5903/9117 5940/9240 1197/645
f 5940/9240 5894/9098 5892/9097 5941/9241
f 5940/9240 5941/9241 1198/646 1197/645
f 5940/9240 5903/9117 5896/9100 5894/9098
f 5941/9242 5892/9092 5891/9091 5942/9243
f 5941/9242 5942/9243 1199/648 1198/647
f 5942/9244 5891/9089 5890/9088 5943/9245
f 5942/9246 5943/9247 1174/9248 1199/9249
f 5943/9247 5890/9250 5944/9251 5945/9252
f 5943/9247 5945/9252 1175/9253 1174/9248
f 5945/9252 5944/9251 5946/9254 5947/9255
f 5945/9252 5947/9255 5948/9256 1175/9253
f 5948/9257 5947/9258 5949/9259 5950/9260
f 5948/9257 5950/9260 5951/9261 1168/597
f 5948/9257 1168/597 96/596 1175/606
f 5951/9261 5950/9260 5952/9262 5953/9263
f 5951/9261 5953/9263 1021/314 1023/316
f 5951/9261 1023/316 1169/598 1168/597
f 5953/9264 5952/9265 1014/299 985/9266
f 5953/9263 985/255 984/254 1021/314
f 5952/9265 5954/9267 1015/300 1014/299
f 5952/9262 5950/9260 5949/9259 5954/9268
f 5954/9269 1016/304 978/246 1015/302
f 5954/9270 5949/9271 1017/307 1016/306
f 5949/9271 5947/9255 5946/9254 1017/307
f 5946/9254 5955/9272 1018/308 1017/307
f 5946/9254 5944/9251 5887/9084 5955/9272
f 5955/9272 5866/9273 1019/9274 1018/308
f 5955/9272 5887/9084 5867/9083 5866/9273
f 5944/9251 5890/9250 5888/9085 5887/9084
f 5899/9113 1259/9112 1421/1086 1420/1085
f 5863/9275 5861/9276 1020/9277 1019/9278
f 5861/9279 974/9280 973/234 1020/312
f 3422/4517 5956/9281 3418/4510 3417/4509
f 3422/4517 5957/9282 5958/9283 5956/9281
f 5956/9281 3329/9284 3298/4515 3418/4510
f 5956/9281 5958/9283 5959/9285 3329/9284
f 3413/4501 1372/9029 1371/9286 3412/4502
f 3412/4498 1371/994 1374/993 1400/1042
f 5960/9287 3419/9288 3296/4285 3321/4331
f 3394/9289 5961/9290 5962/9291 3391/4456
f 3394/9292 3393/9293 5963/9294 5964/9295
f 3394/9296 5964/9297 5965/9298 5961/9299
f 5965/9300 1274/9301 5966/9302 5961/9303
f 5965/9300 5964/9304 5967/9305 5968/9306
f 5966/9307 5970/9308 5971/9309 5972/9310
f 5966/9307 5972/9310 5962/9311 5961/9312
f 5966/9313 1274/806 1273/805 5970/9314
f 5972/9315 1382/1011 5973/9316 5962/9291
f 5972/9317 5971/9318 1383/9319 1382/9320
f 5973/9316 5974/9321 5975/9322 3392/4457
f 5973/9316 3392/4457 3391/4456 5962/9291
f 5973/9316 1382/1011 1381/1010 5974/9321
f 5975/9323 1407/9324 1402/9325 5976/9326
f 5975/9322 5976/9327 3389/4458 3392/4457
f 5975/9323 5974/9328 1405/9329 1407/9324
f 5976/9327 1402/9330 1395/9331 1397/9332
f 5976/9327 1397/9332 674/9333 3389/4458
f 5974/9321 1381/1010 1385/9334 1405/9335
f 5971/9318 1378/9336 1380/9337 1383/9319
f 5971/9338 5970/9339 1379/9340 1378/9341
f 5970/9342 1273/811 1277/810 1379/1003
f 1280/815 1279/814 5968/9343 5969/9344
f 661/4450 3388/4449 4074/9345 3399/9346
f 3380/4439 3375/4426 3369/4425 3371/9347
f 3372/9348 3362/9349 3367/9007 3311/4314
f 3330/9350 659/9351 3349/9352 649/9353
f 3344/9354 3343/8695 3315/8694 3314/9355
f 3340/4363 3339/4362 3324/4336 3327/4340
f 3339/4362 3338/4361 3325/4337 3324/4336
f 3321/4331 4068/5677 4070/5682 5960/9287
f 5977/9356 3307/4304 640/4303 5978/9357
f 637/9358 646/9359 3325/9360 4063/9361
f 3281/9362 3044/3717 3041/3714 3278/9363
f 3278/4246 3041/9364 3040/4243 631/4242
f 3277/9365 3040/3713 3039/3712 5979/9366
f 3277/4238 5979/9367 3020/9368 3019/4239
f 5979/9369 3039/9370 3043/9371 5980/9372
f 5979/9373 5980/9374 5981/9375 3020/3678
f 5981/9375 5982/9376 3021/3679 3020/3678
f 5981/9375 5980/9374 3025/9377 3030/9378
f 5981/9379 3030/3693 5983/9380 5982/9381
f 5983/9380 5984/9382 5985/9383 5982/9381
f 5983/9380 3030/3693 3029/3692 3045/9384
f 5983/9380 3045/9384 551/9385 5984/9382
f 5985/9386 3156/9387 3155/9388 3024/9389
f 5985/9390 3024/3682 3021/3679 5982/9376
f 5985/9383 5984/9382 3174/4001 3156/3960
f 5984/9382 551/9385 3049/9391 3174/4001
f 5980/9392 3043/9393 3026/3685 3025/3684
f 626/9394 3023/9395 3022/9396 3154/9397
f 626/9398 3154/3957 3137/3918 3139/3922
f 3272/4219 3219/4105 2879/3446 2878/3445
f 3270/9399 3269/9400 3259/4197 5986/9401
f 3269/9400 3268/9402 3260/4198 3259/4197
f 3260/6484 3095/3816 3094/3815 3256/9403
f 3257/9404 3256/9403 3094/3815 3088/3802
f 3257/9405 3088/9406 2997/9407 2996/9408
f 625/4182 3251/4181 3101/3831 619/3836
f 3251/4181 3099/3827 3098/3826 3101/3831
f 3247/9409 3009/9410 3008/9411 3006/9412
f 3247/9413 3006/9414 3003/3653 3015/3672
f 3247/9415 3015/9416 557/9417 605/9418
f 3246/4165 3243/9419 5987/9420 5988/9421
f 3246/4165 5988/9421 5989/9422 3244/4166
f 3246/4165 3242/4152 3241/4151 3243/9419
f 5989/9423 5988/9424 5990/9425 5991/9426
f 5989/9427 5991/9428 3076/3786 3080/3790
f 5989/9427 3080/3790 3245/9429 3244/9430
f 5991/9426 5990/9425 555/9431 3059/9432
f 5991/9428 3059/3829 3077/3787 3076/3786
f 5990/9425 5992/9433 3057/9434 555/9431
f 5990/9435 5988/9421 5987/9420 5992/9436
f 5992/9437 3145/9438 3218/9439 3057/9440
f 5992/9441 5987/9442 3146/3936 3145/3935
f 5987/9420 3243/9419 3149/3943 3146/3942
f 3245/4162 3080/9443 3079/9444 5993/9445
f 3245/4162 5993/9445 3238/9446 3240/4163
f 5993/9445 3079/9444 3081/9447 5994/9448
f 5993/9445 5994/9448 3239/9449 3238/9446
f 5994/9448 3081/9447 3098/3821 3097/3820
f 5994/9450 3097/9451 5995/9452 3239/9453
f 5995/9454 3097/9455 3096/3932 3144/3931
f 5995/9454 3144/3931 3037/9456 5996/9457
f 5995/9454 5996/9457 3235/9458 3239/9459
f 5996/9460 3037/3708 554/3707 5997/9461
f 5996/9457 5997/9462 3236/9463 3235/9458
f 5997/9461 554/3707 3057/9464 3218/9465
f 5997/9461 3218/9465 3148/9466 3236/9467
f 3237/9468 3236/9469 3148/3939 3147/3938
f 3234/4136 3233/4135 5998/9470 5999/9471
f 5998/9472 6000/9473 6001/9474 5999/9475
f 5998/9476 3233/4133 3232/4132 3195/9477
f 3232/9478 3203/9479 3202/9480 3198/4048
f 3232/9478 3198/4048 3190/4038 3195/4037
f 3228/4119 3227/4118 4044/5633 4043/5632
f 3224/4115 3223/4114 3188/4025 4159/5868
f 3223/4114 3185/4113 3189/4026 3188/4025
f 3217/9481 6002/9482 2874/3438 6003/9483
f 3217/9484 6003/9485 3012/9486 3011/9487
f 3217/9481 3216/9488 6004/9489 6002/9482
f 6004/9489 3213/4079 6005/9490 6002/9482
f 6004/9489 3216/9488 3067/3768 3066/3767
f 6004/9489 3066/3767 3211/4077 3213/4079
f 6005/9490 6006/9491 2876/3440 2875/3439
f 6005/9490 2875/3439 2874/3438 6002/9482
f 6005/9490 3213/4079 3210/4076 6006/9491
f 6006/9491 6007/9492 2861/9493 2876/3440
f 6006/9491 3210/4076 3209/4075 6007/9492
f 6007/9492 2862/9494 508/9495 2861/9493
f 6007/9492 3209/4075 6008/9496 2862/9494
f 6008/9497 6009/9498 2863/9499 2862/9500
f 6008/9496 3209/4075 3208/4074 3215/9501
f 6008/9502 3215/9503 3214/9504 6009/9505
f 6009/9505 3214/9504 3018/3675 3017/3674
f 6009/9505 3017/3674 6010/9506 2863/3420
f 6010/9506 3017/3674 3016/3673 3002/3652
f 6010/9506 3002/3652 3001/3651 6011/9507
f 6010/9506 6011/9507 2859/3421 2863/3420
f 6011/9508 6012/9509 2860/3416 2859/3415
f 6012/9510 6013/9511 6014/9512 6015/9513
f 6012/9514 6015/9515 2877/3441 2860/9516
f 6015/9513 6014/9512 6016/9517 2873/9518
f 6015/9515 2873/3437 511/3436 2877/3441
f 6016/9517 6014/9512 3014/9519 3013/9520
f 6016/9521 3013/9522 3012/9523 6003/9524
f 6016/9525 6003/9483 2874/3438 2873/3437
f 6014/9512 6013/9511 3005/9526 3014/9519
f 6017/9527 3001/3651 3005/3655 6013/9528
f 3215/9529 3208/9530 3212/9531 3071/9532
f 3206/4069 3205/4068 6018/9533 3556/8747
f 3205/4068 3204/4067 3113/8758 3112/9534
f 3205/4068 3112/9534 3114/9535 6018/9533
f 3202/9480 3130/3907 3129/3906 3198/4048
f 3201/9536 3200/9537 3229/9538 6019/9539
f 3201/4056 6019/9540 3063/9541 3065/4057
f 6020/9542 4540/6518 3878/5386 6021/9543
f 3194/9544 598/9545 3179/9546 593/9547
f 3194/9548 593/4006 3176/4009 3175/9549
f 598/9550 6022/9551 6023/9552 3179/9553
f 3188/4025 596/4024 3222/4110 4155/5864
f 4159/5868 3188/4025 4155/5864 4157/5866
f 3170/9554 3169/9555 3152/9556 3151/9557
f 3155/9388 3154/9397 3022/9396 3024/9389
f 3144/9558 3143/3928 3035/3704 3037/3708
f 3143/3928 3142/3927 3036/3705 3035/3704
f 6019/9559 576/3900 3064/3903 3063/9560
f 576/3900 6019/9559 3229/4129 3231/4128
f 6025/9561 6018/9533 3114/9535 3124/9562
f 3124/3884 3114/3863 3103/3862 3110/3885
f 3121/9563 3109/3854 3108/3853 6026/9564
f 3106/8916 3495/9565 3496/9566 5824/8913
f 3101/3831 3098/3826 3081/9567 3078/3832
f 4512/6450 4510/6445 565/3808 3092/3812
f 3086/3797 6027/9568 6028/9569 3082/3793
f 3069/9570 3068/9571 3010/3665 3009/3664
f 3051/3731 552/3730 553/9572 3055/9573
f 3046/9574 3045/9575 3029/3690 3028/3689
f 3034/9576 3033/9577 2994/3638 2993/3637
f 3016/3673 3015/3672 3003/3653 3002/3652
f 557/3671 546/3670 3018/3675 6029/9578
f 3014/9579 3005/9580 3004/9581 3007/9582
f 3008/9583 3007/9584 3004/9585 3006/9586
f 2989/3629 6030/9587 6031/9588 2966/3581
f 2989/3629 6032/9589 6033/9590 6030/9587
f 6033/9590 6034/9591 6035/9592 6030/9587
f 6035/9593 6036/9594 6037/9595 6038/9596
f 6035/9592 6038/9597 6031/9588 6030/9587
f 6035/9592 6034/9591 2985/9598 6036/9599
f 6038/9597 6037/9600 2982/9601 6039/9602
f 6038/9597 6039/9602 6040/9603 6031/9588
f 6040/9603 6041/9604 6042/9605 2967/3582
f 6040/9603 2967/3582 2966/3581 6031/9588
f 6040/9603 6039/9602 6043/9606 6041/9604
f 6044/9607 2980/9608 2979/9609 6045/9610
f 6045/9610 2979/9609 2978/9611 2906/3485
f 6037/9595 6046/9612 2981/3608 2982/3612
f 6034/9613 6047/9614 2986/9615 2985/9616
f 6047/9614 6048/9617 2866/9618 2865/9619
f 6047/9614 2865/9619 2987/9620 2986/9615
f 6048/9621 6049/9622 6050/9623 6051/9624
f 6048/9617 6051/9625 2869/9626 2866/9618
f 2987/9627 2865/3424 2864/3423 6052/9628
f 2987/3626 6052/9629 6053/9630 2988/3627
f 6053/9631 6052/9632 6054/9633 6055/9634
f 6054/9635 6052/9628 2864/3423 2868/3427
f 2984/9636 539/3624 2988/3627 6056/9637
f 2978/3599 2907/3487 517/3486 2906/9638
f 2978/3599 2890/3598 2889/9639 2907/3487
f 6057/9640 6059/9641 6060/9642 6061/9643
f 6058/9644 2922/9645 2921/9646 6062/9647
f 6062/9647 2921/9646 6063/9648 6064/9649
f 6065/9650 6066/9651 6067/9652 6068/9653
f 6065/9654 6068/9655 521/9656 2922/9657
f 6069/9658 6070/9659 6071/9660 6072/9661
f 6071/9660 6070/9659 6073/9662 6074/9663
f 6074/9663 6073/9662 6075/9664 6076/9665
f 6075/9664 6073/9662 2971/3618 506/3617
f 6073/9662 6070/9659 2972/9666 2971/3618
f 6070/9659 6069/9658 6077/9667 2972/9666
f 6077/9668 6078/9669 2968/3584 2972/3588
f 6078/9670 2882/9671 2969/9672 2968/9673
f 2961/3573 2960/3572 2932/3526 2931/3525
f 2960/9674 822/9675 525/9676 2932/9677
f 2959/9678 822/9679 6080/9680 2955/9681
f 2953/3563 2952/3562 6081/9682 6082/9683
f 6083/9684 6084/9685 6085/9686 6086/9687
f 6086/9688 6087/9689 6088/9690 6089/9691
f 6091/9692 2950/3560 528/3559 2954/3564
f 6090/9693 6091/9692 2954/3564 6092/9694
f 2949/9695 2946/9696 6093/9697 6094/9698
f 2949/9699 6095/9700 6096/9701 2943/3544
f 6096/9701 6097/9702 2944/3545 2943/3544
f 6096/9701 6098/9703 6099/9704 6097/9702
f 6095/9700 6100/9705 6098/9703 6096/9701
f 6093/9706 2946/9707 2945/9708 2948/9709
f 6101/9710 6102/9711 6103/9712 527/9713
f 6101/9714 527/9715 2945/9716 2661/9717
f 6104/9718 2938/9719 2937/9720
f 6105/9721 3935/5457 4202/9722 6106/9723
f 2915/9724 2914/9725 6107/9726 6108/9727
f 2912/3492 2778/3276 2777/3275 518/3472
f 2908/9728 2907/9729 2889/3461 2888/3460
f 2906/3485 2905/3484 6109/9730 6045/9610
f 6110/9731 2905/3484 2904/3483 6111/9732
f 2902/9733 2901/9734 6112/9735 6113/9736
f 6114/9737 6115/9738 2900/9739 2899/9740
f 2897/3475 6116/9741 6117/9742 6118/9743
f 6118/9743 2894/3471 515/3470 2897/3475
f 2887/9744 2886/9745 6119/9746 6120/9747
f 6121/9748 6120/9747 6119/9746
f 6122/9749 6123/9750 512/9751 6124/9752
f 6122/9749 2781/9753 486/9754 6123/9750
f 2877/9755 2876/9756 2861/9757 2860/9758
f 6125/9759 507/9760 2880/9761 510/9762
f 6126/9763 6127/9764 6076/9765 6075/9766
f 2850/3399 2845/3392 505/3397 2854/3405
f 2852/9767 6128/9768 2847/9769 2846/9770
f 6128/9768 1855/6251 2848/6250 2847/9769
f 2844/3390 2843/3389 6129/9771 6130/9772
f 2842/3388 2841/3387 6131/9773 6132/9774
f 2842/3388 6132/9774 6133/9775 2843/3389
f 6131/9773 2841/3387 6134/9776 6135/9777
f 6131/9778 6135/9779 6136/9780 6137/9781
f 6136/9780 6135/9779 6138/9782 6139/9783
f 6139/9784 6138/9785 6140/9786 6141/9787
f 6141/9787 6140/9786 6142/9788 6143/9789
f 6142/9790 6140/9791 6144/9792 6145/9793
f 6145/9793 6146/9794 6147/9795 6148/9796
f 6145/9793 6144/9792 6149/9797 6146/9794
f 6149/9798 6144/9799 6150/9800 6151/9801
f 6150/9800 6144/9799 6140/9802 6138/9803
f 6148/9796 6147/9795 6152/9804 6153/9805
f 6148/9806 6153/9807 2767/3263 2769/3262
f 6153/9808 6152/9809 2774/9810 2773/9811
f 6153/9808 2773/9811 2768/9812 2767/9813
f 2840/3386 2838/3383 2834/3382 6154/9814
f 2834/3372 2833/3371 6155/9815 6154/9816
f 2833/9817 6156/9818 6157/9819 6155/9820
f 6158/9821 2831/3367 499/3366 2824/9822
f 6158/9823 6159/9824 6160/9825 6161/9826
f 6158/9821 6161/9827 6162/9828 2831/3367
f 6162/9829 6161/9826 2804/3323 2807/3327
f 6162/9830 2807/9831 6163/9832 6164/9833
f 6162/9828 6164/9834 2832/3368 2831/3367
f 6164/9833 6163/9832 2447/2790 6165/9835
f 6164/9834 6165/9836 6166/9837 2832/3368
f 6166/9837 6167/9838 2830/3369 2832/3368
f 6166/9837 6165/9836 6168/9839 2480/9840
f 6166/9841 2480/9842 2479/2859 6167/9843
f 6168/9844 6165/9835 2447/2790 2446/2789
f 6168/9844 2446/2789 6169/9845 6170/9846
f 6168/9844 6170/9846 2478/9847 2480/9848
f 6170/9846 6169/9845 2461/2807 2489/9849
f 6170/9850 2489/9851 412/9852 2478/9853
f 6167/9843 2818/3341 2817/3340 2830/9854
f 6167/9843 2479/2859 2488/2858 2818/3341
f 6163/9832 2807/9831 2802/9855 2801/9856
f 6163/9832 2801/9856 2448/2791 2447/2790
f 6161/9826 6160/9825 2805/3324 2804/3323
f 6160/9857 6159/9858 6171/9859 6172/9860
f 6160/9825 6172/9861 6173/9862 2805/3324
f 6173/9863 6172/9860 6174/9864 6175/9865
f 6173/9866 6175/9867 6176/9868 6177/9869
f 6173/9862 6177/9870 2806/3325 2805/3324
f 6177/9871 6176/9872 6178/9873 6179/9874
f 6177/9871 6179/9874 2803/3320 2806/9875
f 6179/9874 6178/9873 2795/9876 2794/9877
f 6179/9874 2794/9877 2798/3321 2803/3320
f 6178/9878 6176/9868 6180/9879 6181/9880
f 6180/9879 6176/9868 6175/9867 6182/9881
f 6182/9881 6183/9882 6184/9883 6180/9879
f 6182/9884 6175/9865 6174/9864 6185/9885
f 6174/9864 6172/9860 6171/9859 6186/9886
f 6187/9887 6171/9859 6159/9858 6188/9888
f 2828/9889 2827/9890 6189/9891 6190/9892
f 2828/9893 6191/9894 6192/9895 2829/9896
f 6190/9897 6189/9898 6193/9899 6194/9900
f 6195/9901 6189/9902 2827/9903 2826/9904
f 2826/9905 498/9906 6196/9907 6197/9908
f 6197/9908 6196/9907 6198/9909 6199/9910
f 6197/9908 6199/9910 6200/9911 6201/9912
f 6201/9912 6200/9911 2483/2846 2482/2845
f 6200/9911 6202/9913 2484/2847 2483/2846
f 6200/9911 6199/9910 6203/9914 6202/9913
f 6203/9915 1737/1659 1736/1658 6202/9916
f 6203/9915 6199/9917 6198/9918 6204/9919
f 6203/9915 6204/9919 6205/9920 1737/1659
f 6205/9921 6206/9922 1738/9923 1737/9924
f 6206/9922 6207/9925 405/9926 1738/9923
f 6207/9927 1889/9928 2435/9929 405/9930
f 6207/9927 6208/9931 1890/9932 1889/9928
f 6202/9913 1736/9933 1740/9934 2484/2847
f 2825/3364 2820/3346 2815/3345 6209/9935
f 494/3343 1879/9936 6210/9937 2816/3344
f 494/3339 2819/3342 1874/9938 1879/9939
f 6210/9940 6211/9941 6212/9942 6213/9943
f 6210/9944 6213/9945 2811/3333 2816/3338
f 6210/9940 1879/9946 1878/9947 6211/9941
f 6213/9948 6214/9949 2808/9950 2811/9951
f 6214/9949 6215/9952 2809/9953 2808/9950
f 6212/9954 6211/9955 6216/9956 6217/9957
f 6212/9954 6217/9957 1881/9958 1871/9959
f 6217/9960 6216/9961 1887/1904 1886/1903
f 6217/9960 1886/1903 1882/1896 1881/1895
f 6216/9962 6211/9963 1878/9964 1877/9965
f 6216/9961 1877/9966 2439/9967 1887/1904
f 2819/3342 2818/3341 2488/2858 6218/9968
f 2819/3342 6218/9968 1875/9969 1874/9938
f 6218/9970 2488/9971 407/9972 2487/9973
f 6218/9974 2487/9975 2440/9976 1875/9977
f 6209/9935 2815/3345 493/9978 2814/9979
f 2801/9980 2800/9981 6219/9982 2448/9983
f 2800/9984 2799/9985 6220/9986 6221/9987
f 6220/9986 2799/9985 2793/3306 2789/3309
f 6220/9988 2789/3300 2788/3299 2455/9989
f 2799/3314 2798/3313 2794/9990 2793/9991
f 2788/3297 2787/3296 2456/2802 2455/2801
f 2787/3296 2786/3295 2746/3224 2745/3223
f 2787/3296 2745/3223 2457/2803 2456/2802
f 2786/9992 2763/9993 2760/9994 2746/9995
f 2779/3286 2776/3274 484/3272 2775/3273
f 2779/9996 2775/9997 2772/3267 2771/3266
f 2775/9998 2766/3259 2768/3258 2772/9999
f 2773/10000 483/3264 2772/3267 2768/10001
f 2761/3247 480/3245 2760/3246 2763/3250
f 2761/3247 2763/3250 481/3249 484/3272
f 2760/9994 2751/10002 2747/10003 2746/9995
f 6223/10004 2759/10005 6224/10006 6225/10007
f 6223/10008 6225/10009 6226/10010 6227/10011
f 6223/10008 6227/10011 6228/10012 2756/10013
f 6228/10014 6227/10015 6229/10016 6230/10017
f 6228/10018 6231/10019 2757/3243 2756/3242
f 6231/10019 2453/2797 2452/2796 2757/3243
f 6230/10020 6229/10021 6232/10022 6233/10023
f 6232/10024 6229/10025 6234/10026 6235/10027
f 6235/10027 6234/10026 6236/10028 6237/10029
f 6237/10029 6236/10028 6238/10030 6239/10031
f 6239/10031 6238/10030 6240/10032 6241/10033
f 6238/10034 6236/10035 6242/10036 6243/10037
f 6243/10037 6242/10036 6244/10038 6245/10039
f 6245/10040 6244/10041 6246/10042 6247/10043
f 6247/10043 6248/10044 6249/10045 6245/10040
f 6246/10042 6244/10041 6225/10007 6224/10006
f 6244/10038 6242/10036 6226/10046 6225/10047
f 6242/10048 6236/10028 6234/10026 6226/10049
f 6234/10026 6229/10025 6227/10050 6226/10049
f 479/10051 6250/10052 4647/10053 4648/10054
f 2758/3244 2452/2796 2451/2795 6251/10055
f 6251/10055 2451/2795 2450/2794 6252/10056
f 6251/10055 6252/10056 6253/10057 6254/10058
f 6254/10058 6253/10057 6255/10059 6256/10060
f 6256/10060 6255/10059 6257/10061 6258/10062
f 6259/10063 2458/2804 2457/2803 6260/10064
f 6259/10063 6261/10065 6262/10066 6263/10067
f 6259/10063 6263/10067 2462/2808 2458/2804
f 6263/10067 6264/10068 6265/10069 2462/2808
f 6265/10069 6266/10070 2459/2805 2462/2808
f 6265/10069 6264/10068 6267/10071 6268/10072
f 6265/10069 6268/10072 6269/10073 6266/10070
f 6269/10073 6268/10072 6270/10074 6271/10075
f 6269/10073 6271/10075 6272/10076 6273/10077
f 6269/10073 6273/10077 6274/10078 6266/10070
f 6274/10078 2460/2806 2459/2805 6266/10070
f 6274/10078 6273/10077 6275/10079 6276/10080
f 6274/10078 6276/10080 6277/10081 2460/2806
f 6277/10081 2489/9849 2461/2807 2460/2806
f 6277/10081 6276/10080 6278/10082 6279/10083
f 6277/10081 6279/10083 6280/10084 2489/9849
f 6281/10085 4896/10086 6282/10087 6283/10088
f 6283/10088 6282/10087 6284/10089 6285/10090
f 6284/10089 6282/10087 6272/10091 6286/10092
f 6284/10089 6286/10092 6287/10093 6288/10094
f 6289/10095 6290/10096 6291/10097 6292/10098
f 6289/10095 6292/10098 2366/10099 2365/10100
f 6292/10098 6291/10097 6293/10101 6294/10102
f 6292/10098 6294/10102 6295/10103 2366/10099
f 6294/10104 6293/10105 6296/10106 6297/10107
f 6294/10108 6297/10109 6298/10110 6295/10111
f 6298/10112 6297/10113 2608/3028 2607/3027
f 6298/10114 2607/10115 6299/10116 2368/10117
f 6298/10118 2368/2658 2367/2657 6295/10119
f 6297/10107 6296/10106 6300/10120 2608/10121
f 6296/10106 6293/10105 6301/10122 6302/10123
f 6296/10106 6302/10123 6303/10124 6300/10120
f 6302/10123 6301/10122 6304/10125 2498/2873
f 6304/10125 6305/10126 6271/10075 6270/10074
f 6304/10125 6270/10074 2499/2874 2498/2873
f 6304/10125 6301/10122 6306/10127 6305/10126
f 6306/10127 6301/10122 6293/10105 6291/10128
f 6306/10129 6291/10097 6290/10096 6287/10093
f 6306/10129 6287/10093 6286/10092 6305/10130
f 6305/10130 6286/10092 6272/10091 6271/10131
f 6307/10132 6308/10133 4892/10134 6309/10135
f 6270/10074 6268/10072 6267/10071 2499/2874
f 6267/10071 6264/10068 6310/10136 6311/10137
f 6267/10071 6311/10137 2500/10138 2499/2874
f 6311/10137 6312/10139 2532/10140 2500/10138
f 6310/10136 6264/10068 6263/10067 6262/10066
f 6313/10141 6261/10142 6314/10143
f 6314/10143 6261/10142 6255/10059 6253/10057
f 6314/10143 6253/10057 6252/10056 6315/10144
f 6315/10144 6252/10056 2450/2794 6316/10145
f 6317/10146 6316/10147 6318/10148 6319/10149
f 6316/10145 2450/2794 2449/2793 2463/2810
f 2911/3491 2910/3490 4555/6542 2754/6545
f 2911/3498 2754/10150 477/10151 2753/3499
f 6320/10152 2742/3218 2741/3217
f 2739/3219 2742/3218 2743/3220 474/3212
f 2735/3209 2734/3208 4554/6541 4557/6544
f 2729/10153 6321/10154 6322/10155 2724/10156
f 2729/10153 2728/10157 6323/10158 6324/10159
f 2729/10153 6324/10159 6325/10160 6321/10154
f 6325/10160 6326/10161 6327/10162 6321/10154
f 6325/10160 6324/10159 6328/10163 6329/10164
f 6325/10165 6329/10166 6330/10167 6326/10168
f 6327/10162 6331/10169 6322/10155 6321/10154
f 6331/10170 6332/10171 6333/10172 6322/10173
f 2722/3191 2715/3190 2718/10174 6334/10175
f 2722/3191 6334/10175 6335/10176 6336/10177
f 6336/10178 6335/10179 2609/10180 2613/10181
f 6335/10182 6334/10183 6337/10184 6338/10185
f 6335/10182 6338/10185 2610/10186 2609/10187
f 6338/10185 6339/10188 2600/3018 2610/10186
f 6340/10189 6339/10188 6338/10185 6337/10184
f 467/10190 4542/6521 4541/6520
f 2714/10191 2713/10192 6341/10193 6342/10194
f 2714/10195 2702/10196 2699/10197 466/10198
f 6343/10199 2702/10196 2714/10195 6342/10200
f 6343/10201 6342/10202 2642/3072 2641/3071
f 6343/10201 2641/3071 6344/10203 6345/10204
f 6344/10203 2641/3071 2640/3070 6346/10205
f 6347/10206 466/10207 2699/10208 2698/10209
f 2696/3150 2694/3148 2693/3147 6348/10210
f 2696/3150 6348/10210 6349/10211 446/3043
f 2696/3150 446/3043 2621/3046 2695/3151
f 6348/10210 2693/3147 2625/10212 2624/10213
f 2695/3151 2621/3046 2727/10214 799/10215
f 2668/3107 2667/3106 460/3129 2682/3132
f 2672/10216 5684/10217 5683/10218 458/10219
f 6350/10220 6351/10221 6352/10222 6353/10223
f 6352/10222 6351/10221 6354/10224 6355/10225
f 6356/10226 6357/10227 6358/10228 2651/6746
f 6358/10229 6359/10230 2652/3084 2651/3083
f 6360/10231 6359/10230 6358/10229
f 2645/10232 2644/10233 6361/10234 6362/10235
f 2639/3068 6363/10236 6364/10237 6365/10238
f 2639/3068 6365/10238 6366/10239 2635/3064
f 6366/10239 6367/10240 2636/3065 2635/3064
f 6366/10239 6365/10238 2634/10241 6368/10242
f 2637/10243 2636/10244 6369/10245 6370/10246
f 4625/6651 6371/10247 4615/10248 4617/6647
f 2628/3054 2627/3053 6372/10249 6373/10250
f 2627/10251 6374/10252 6372/10253
f 6375/10254 6376/10255 6377/10256 6378/10257
f 6377/10258 6376/10259 6379/10260 6380/10261
f 6380/10261 6379/10260 6381/10262 6382/10263
f 6380/10264 6382/10265 6383/10266 6384/10267
f 6382/10263 6381/10262 6385/10268 6386/10269
f 6386/10269 6385/10268 6387/10270 6388/10271
f 6388/10271 6387/10270 6389/10272 6390/10273
f 6389/10272 6387/10270 6391/10274 6392/10275
f 6389/10272 6392/10275 6393/10276 6394/10277
f 6393/10276 6392/10275 6395/10278 6396/10279
f 6391/10274 6387/10270 6385/10268 6397/10280
f 6391/10281 6397/10282 6398/10283 6399/10284
f 6397/10280 6385/10268 6381/10262 6400/10285
f 6400/10285 6381/10262 6379/10260 6401/10286
f 6401/10286 6379/10260 6376/10259 6402/10287
f 2621/3046 2620/3045 6403/10288 2727/10214
f 2620/3045 2619/3044 6404/10289 2522/10290
f 6349/10291 6348/10292 2624/3050 2628/3054
f 2616/3040 2615/3039 6405/10293 6406/10294
f 6405/10295 2615/10296 6407/10297 6408/10298
f 6408/10299 6409/10300 6410/10301 6411/10302
f 6408/10298 6411/10303 6412/10304 6405/10295
f 6408/10299 6407/10305 6413/10306 6409/10300
f 6414/10307 6407/10308 2615/10309 2614/10310
f 6414/10311 2614/10312 6415/10313 6416/10314
f 6416/10314 6415/10313 2527/2916 6417/10315
f 6416/10314 6417/10315 6418/10316 6419/10317
f 6419/10317 6420/10318 2593/10319 6421/10320
f 6419/10317 6418/10316 6422/10321 6420/10318
f 6422/10321 6418/10316 6423/10322 6424/10323
f 6422/10321 6424/10323 6425/10324 6426/10325
f 6425/10326 6424/10327 6427/10328 6428/10329
f 6425/10326 6428/10329 6429/10330 6430/10331
f 6425/10326 6430/10331 6431/10332 6426/10333
f 6431/10334 2312/2572 2311/2571 6432/10335
f 6431/10336 6432/10337 6433/10338 6426/10325
f 6434/10339 6435/10340 6436/10341 6437/10342
f 6435/10340 6434/10339 6438/10343 6439/10344
f 6439/10344 6438/10343 6440/10345 6441/10346
f 6442/10347 6443/10348 6444/10349 6445/10350
f 6446/10351 6447/10352 6448/10353 6449/10354
f 6446/10355 6449/10356 6450/10357 2285/10358
f 6446/10359 6443/10360 6451/10361 6447/10362
f 6451/10361 6452/10363 6453/10364 6447/10362
f 6451/10365 6443/10348 6442/10347 6441/10346
f 6451/10365 6441/10346 6440/10345 6452/10366
f 6453/10367 6454/10368 6448/10353 6447/10352
f 6453/10364 6452/10363 6455/10369 6456/10370
f 6453/10371 6456/10372 6457/10373 6454/10374
f 6457/10375 6458/10376 6459/10377 6454/10378
f 6457/10373 6456/10372 6460/10379 6461/10380
f 6457/10373 6461/10380 6462/10381 6458/10382
f 6462/10383 6463/10384 6464/10385 6458/10376
f 6462/10381 6461/10380 6465/10386 6466/10387
f 6462/10381 6466/10387 6467/10388 6463/10389
f 6467/10388 6466/10387 6468/10390 6469/10391
f 6467/10388 6469/10391 6470/10392 6471/10393
f 6466/10387 6465/10386 6472/10394 6468/10390
f 6472/10394 6465/10386 6473/10395 6474/10396
f 6472/10394 6474/10396 6475/10397 6476/10398
f 6472/10394 6476/10398 6477/10399 6468/10390
f 6475/10400 6474/10401 6478/10402 6479/10403
f 6479/10404 6478/10405 6480/10406 6481/10407
f 6479/10408 6482/10409 2408/10410 6483/10411
f 2380/10412 2377/10413 2406/10414 6485/10415
f 6485/10415 2406/10414 2419/10416 6486/10417
f 6486/10417 2419/10416 6487/10418 6488/10419
f 6486/10417 6488/10419 6489/10420 6490/10421
f 6482/10409 6479/10408 6491/10422 6492/10423
f 6482/10409 6492/10423 2424/10424 2390/10425
f 6491/10426 6479/10404 6481/10407 6493/10427
f 6491/10422 6493/10428 6494/10429 6495/10430
f 6491/10422 6495/10430 6496/10431 6492/10423
f 6495/10430 6494/10429 6497/10432 6498/10433
f 6495/10430 6498/10433 6499/10434 6496/10431
f 6499/10434 2476/10435 2475/10436 6496/10431
f 6500/10437 6501/10438 6502/10439 6503/10440
f 6500/10437 6481/10441 6480/10442 6501/10438
f 6503/10440 6502/10439 6423/10322 6504/10443
f 6503/10440 6504/10443 2526/2915 6505/10444
f 6504/10443 6423/10322 6418/10316 6417/10315
f 6504/10443 6417/10315 2527/2916 2526/2915
f 6502/10439 6501/10438 6506/10445 6427/10446
f 6502/10439 6427/10446 6424/10323 6423/10322
f 6506/10447 6507/10448 6508/10449 6509/10450
f 6506/10447 6509/10450 6428/10329 6427/10328
f 6506/10445 6501/10438 6480/10442 6507/10451
f 6509/10450 6508/10449 6510/10452 6511/10453
f 6509/10450 6511/10453 6429/10330 6428/10329
f 6510/10452 6508/10449 6512/10454 6455/10455
f 6510/10452 6455/10455 6452/10366 6440/10345
f 6510/10452 6440/10345 6438/10343 6511/10453
f 6512/10456 6460/10457 6456/10458 6455/10459
f 6512/10454 6508/10449 6507/10448 6513/10460
f 6512/10456 6513/10461 6473/10462 6460/10457
f 6513/10461 6507/10451 6480/10442 6478/10402
f 6513/10461 6478/10402 6474/10401 6473/10462
f 6473/10395 6465/10386 6461/10380 6460/10379
f 6464/10385 2294/10463 6459/10377 6458/10376
f 6459/10377 6514/10464 6448/10465 6454/10378
f 6514/10466 2293/10467 6515/10468 6516/10469
f 6517/10470 2594/10471 2593/10319 6420/10318
f 6415/10313 6518/10472 2528/2917 2527/2916
f 2612/10473 432/10474 2552/10475 6519/10476
f 2611/6776 2610/10186 2600/3018 2599/3017
f 6520/10477 6521/10478 6522/10479 6523/10480
f 6521/10481 6524/10482 6525/10483 6522/10484
f 2598/10485 442/10486 438/10487 2578/10488
f 2597/10489 2596/10490 6526/10491 6527/10492
f 6527/10492 6526/10491 6528/10493 6529/10494
f 6530/10495 6531/10496 6529/10494 6528/10493
f 6532/10497 6533/10498 6534/10499 6535/10500
f 6536/10501 6534/10502 6537/10503
f 6528/10493 6526/10491 6538/10504 6539/10505
f 6541/10506 6540/10507 2596/10490 2595/10508
f 6540/10507 6538/10504 6526/10491 2596/10490
f 6542/10509 6543/10510 6544/10511 6545/10512
f 6545/10513 6544/10514 6546/10515 6547/10516
f 6548/10517 6549/10518 2589/3005 440/3004
f 6550/10519 2307/10520 2306/10521 6551/10522
f 6551/10523 2306/10524 919/10525 6552/10526
f 6551/10527 6552/10528 2549/2947 6553/10529
f 6553/10529 2549/2947 2548/2946 6554/10530
f 6552/10531 6555/10532 2545/10533 2549/10534
f 2559/2964 5497/10535 5499/8226 5500/8225
f 2546/10536 6556/10537 6557/10538 6558/10539
f 2546/10536 6558/10539 6559/10540 2547/10541
f 6559/10540 6558/10539 6560/10542 6561/10543
f 6559/10540 6562/10544 6563/10545 2547/10541
f 6562/10546 6564/10547 6565/10548 6563/10549
f 6561/10543 6560/10542 6566/10550 6567/10551
f 6566/10550 6560/10542 6568/10552 6569/10553
f 6568/10552 6570/10554 6571/10555 6569/10553
f 6568/10552 6560/10542 6558/10539 6557/10538
f 2531/10556 6572/10557 6573/10558 2529/10559
f 6573/10560 6572/10561 6574/10562 6575/10563
f 6573/10560 6575/10563 6576/10564 6577/10565
f 6573/10560 6577/10565 6578/10566 2529/10567
f 6577/10565 6576/10564 6579/10568 6580/10569
f 6581/10570 2509/10571 2508/10572 6582/10573
f 6576/10564 6575/10563 2509/10571 6581/10570
f 2523/10574 6583/10575 6584/10576 6585/10577
f 2523/2909 6585/10578 6586/10579 2519/2905
f 6586/10579 6587/10580 2520/2906 2519/2905
f 2516/2899 2515/2898 6588/10581 6589/10582
f 6590/10583 6591/10584 2496/10585 6592/10586
f 2506/10587 2505/10588 6593/10589 6594/10590
f 6303/10124 6302/10123 2498/2873 2497/2878
f 2497/2878 421/2877 2504/2881 6595/10591
f 420/2913 6505/10592 2526/10593 426/2910
f 2495/10594 6596/10595 6597/10596 6598/10597
f 2487/2856 2486/2855 6600/10598 2440/10599
f 6600/10600 2441/2782 406/2777 2440/2781
f 6600/10598 2486/2855 6601/10601 6602/10602
f 6600/10598 6602/10602 6603/10603 2441/10604
f 6603/10605 6604/10606 2442/10607 2441/10608
f 6603/10609 6602/10610 6605/10611 6606/10612
f 6603/10609 6606/10612 6607/10613 6604/10614
f 6606/10612 6605/10611 6608/10615 6609/10616
f 6608/10617 6605/10618 6610/10619 6611/10620
f 6608/10617 6611/10620 2385/10621 6612/10622
f 6612/10623 2385/2702 2384/2701 6613/10624
f 6612/10625 6613/10626 6614/10627 6615/10628
f 6616/10629 2387/2704 2372/2663 6617/10630
f 6617/10630 2372/2663 2371/2662 2410/2742
f 6611/10631 6610/10632 6618/10633 6619/10634
f 6611/10620 6619/10635 2386/10636 2385/10621
f 6619/10634 6618/10633 6620/10637 6280/10638
f 6619/10639 6280/10084 6279/10083 2386/10640
f 6618/10641 6610/10642 6601/10601 6621/10643
f 6618/10641 6621/10643 412/10644 6620/10645
f 6621/10643 6601/10601 2486/2855 2444/2854
f 6621/10646 2444/10647 2443/10648 412/10649
f 6610/10642 6605/10650 6602/10602 6601/10601
f 6604/10606 6622/10651 6623/10652 2442/10607
f 2485/2850 2484/10653 1740/10654 6624/10655
f 2485/2850 6624/10655 6625/10656 2473/2851
f 6625/10657 6624/10658 6626/10659 6627/10660
f 6625/10657 6627/10660 2423/10661 2422/10662
f 6625/10657 2422/10662 2474/2823 2473/2822
f 6627/10663 6626/10664 6628/10665 6629/10666
f 6627/10660 6629/10667 2391/10668 2423/10661
f 6630/10669 6631/10670 6632/10671 6633/10672
f 6634/10673 1742/10674 1741/10675 6635/10676
f 1741/10677 239/10678 1743/10679 6636/10680
f 6636/10681 1743/2776 2436/2775 6637/10682
f 6628/10665 6626/10664 1739/10683 1742/10674
f 6626/10684 6624/10685 1740/1663 1739/1662
f 2476/10686 6638/10687 6639/10688 2477/10689
f 6638/10687 2468/2818 2467/2817 6639/10688
f 6620/10690 412/9852 2489/9851 6280/10691
f 2471/10692 2470/10693 6640/10694 6641/10695
f 2467/2816 2466/2815 2481/10696 6639/10697
f 2464/2811 2463/2810 2449/2793 2454/2798
f 2439/9967 2438/10698 1888/1905 1887/1904
f 2438/2779 2437/2778 2436/10699 2435/10700
f 2438/10698 2435/10701 1889/1906 1888/1905
f 6642/10702 2008/2097 2007/2096 6643/10703
f 6643/10703 2007/2096 6644/10704 6645/10705
f 6643/10706 6645/10707 6646/10708 6647/10709
f 6648/10710 6647/10711 6649/10712 6650/10713
f 6651/10714 6650/10713 6652/10715 6653/10716
f 6652/10715 6650/10713 6654/10717 6655/10718
f 6652/10719 6655/10720 6656/10721 6657/10722
f 6657/10723 6656/10724 6658/10725 6659/10726
f 6658/10727 6656/10721 6660/10728 6661/10729
f 6658/10730 6661/10731 6662/10732 6663/10733
f 6663/10734 6662/10735 6664/10736 6665/10737
f 6665/10738 6664/10739 6666/10740 6667/10741
f 6668/10742 6662/10743 6661/10744 6669/10745
f 6668/10742 6669/10745 6670/10746 6671/10747
f 6672/10748 6671/10747 6670/10746
f 6673/10749 6670/10750 6674/10751 6675/10752
f 6674/10753 6670/10754 6669/10755 6676/10756
f 6676/10756 6669/10755 6661/10757 6660/10758
f 6660/10728 6656/10721 6655/10720 6677/10759
f 6660/10728 6677/10759 6678/10760 6676/10761
f 6677/10759 6655/10720 6654/10762 6679/10763
f 6654/10717 6650/10713 6649/10712 6680/10764
f 6680/10764 6649/10712 6681/10765 6682/10766
f 6681/10767 6649/10768 6647/10769 6646/10770
f 6644/10704 2007/2096 2006/2095 6683/10771
f 6683/10771 2006/2095 6684/10772 6685/10773
f 6685/10773 6684/10772 6686/10774 6687/10775
f 6687/10775 6686/10774 6688/10776 6689/10777
f 6689/10777 6688/10776 6690/10778 6691/10779
f 6692/10780 2028/2129 2027/2128 6693/10781
f 6694/10782 6695/10783 6688/10776 6686/10774
f 6684/10772 2006/2095 293/2089 2005/2094
f 6697/10784 2417/10785 2416/10786 6698/10787
f 6699/10788 6700/10789 2418/2754 2417/2753
f 6699/10790 6696/10791 6701/10792 6702/10793
f 401/10794 400/10795 2424/10424 6492/10423
f 2474/2823 2422/10662 400/10795 401/10794
f 2475/2828 413/2826 2474/2825 401/10796
f 2475/10436 401/10794 6492/10423 6496/10431
f 2424/2764 2423/2763 2391/10797 2390/10798
f 2419/10799 2406/10800 2405/10801 6703/10802
f 2414/2749 2413/2748 6704/10803 6705/10804
f 6705/10804 6704/10803 6706/10805 6707/10806
f 6707/10806 6706/10805 6708/10807 6709/10808
f 6709/10808 6710/10809 6711/10810 6712/10811
f 6709/10808 6712/10811 6713/10812 6707/10806
f 6709/10813 6708/10814 6714/10815 6710/10816
f 6714/10815 6715/10817 6716/10818 6710/10816
f 6714/10815 6708/10814 6717/10819 6718/10820
f 6714/10815 6718/10820 6719/10821 6715/10817
f 6719/10822 6720/10823 6721/10824 6715/10825
f 6722/10826 6717/10819 6708/10814 6706/10827
f 6722/10826 6706/10827 6704/10828 6723/10829
f 6712/10830 6711/10831 6724/10832 6725/10833
f 6725/10833 6724/10832 6726/10834 6727/10835
f 6727/10835 6726/10834 6728/10836 6729/10837
f 6727/10838 6729/10839 6730/10840 6731/10841
f 6730/10840 6729/10839 6732/10842 6733/10843
f 6734/10844 6735/10845 6736/10846 6737/10847
f 6728/10836 6726/10834 6738/10848 6739/10849
f 6739/10849 6738/10848 6740/10850 6741/10851
f 6740/10850 6738/10848 6742/10852 6743/10853
f 6742/10852 6738/10848 6726/10834 6724/10832
f 6742/10852 6724/10832 6711/10831 6744/10854
f 2410/2742 2371/2662 2297/2545 2296/2544
f 2407/10855 2382/2690 2381/2689 2408/10856
f 2407/10857 2379/10858 2375/10859 2374/10860
f 2399/2719 6745/10861 6746/10862 2396/2716
f 2383/10863 2375/10864 2379/2682 2378/2681
f 2383/10865 2378/2691 2382/2690 2376/10866
f 6278/10867 6747/10868 6748/10869 2370/10870
f 6748/10871 6749/10872 6750/10873 2298/10874
f 6748/10875 2298/2546 2297/2545 2370/2661
f 2408/10876 2381/10877 2380/10412 6484/10878
f 388/10879 389/10880 396/2734 2408/2733
f 6482/10409 2390/10425 388/10881 2408/10410
f 6751/10882 2331/2604 2330/2603 6752/10883
f 2362/2647 6753/10884 2144/2286 2143/2285
f 6754/10885 6755/10886 6756/10887 6757/10888
f 6756/10887 6755/10886 6758/10889 6759/10890
f 2352/10891 2351/10892 2330/2603 2329/2602
f 6760/10893 6761/10894 6762/10895 6763/10896
f 6762/10895 6761/10894 6764/10897 6765/10898
f 6762/10895 6765/10898 6766/10899 6767/10900
f 6765/10898 6764/10897 6768/10901 6769/10902
f 2350/10903 2349/10904 6770/10905 6771/10906
f 6772/10907 6773/10908 6774/10909 6775/10910
f 6772/10907 6775/10910 2346/10911 2345/10912
f 6775/10910 6774/10909 6776/10913 6777/10914
f 6775/10910 6777/10914 6778/10915 2346/10911
f 6777/10914 6776/10913 6779/10916
f 889/94 887/91 6780/10917 6781/10918
f 6781/10919 6780/10920 2327/2596 2326/2595
f 6776/10913 6774/10909 881/81 880/80
f 6782/10921 4734/6814 3918/5441 817/5440
f 5185/10922 5180/7704 5182/7707 2332/10923
f 5185/7712 2332/10924 6299/10925 5186/7713
f 2328/2600 6783/10926 6784/10927 6785/10928
f 2328/2600 6785/10928 6786/10929 376/2597
f 6785/10928 6784/10927 6787/10930 6788/10931
f 2323/2591 2322/2590 6789/10932 6790/10933
f 6790/10933 6527/10934 6529/10935 2323/2591
f 6789/10936 2322/10937 6791/10938 6792/10939
f 2308/2566 4763/6853 4760/6852 797/2567
f 4259/6044 4258/6043 4261/6047 4260/6046
f 2300/2549 2299/2548 6793/10940 6794/10941
f 2300/2549 6794/10941 6795/10942 6796/10943
f 2294/10463 2293/10944 6514/10464 6459/10377
f 3915/10945 2286/10946 6797/10947 3916/10948
f 2286/2527 2280/2518 2279/2517 6797/10949
f 6798/10950 6799/10951 6800/10952 2284/10953
f 2282/10954 6801/10955 2087/10956 2086/10957
f 6804/10958 6803/10959 6805/10960 6806/10961
f 6807/10962 6803/10959 6802/10963 6808/10964
f 6809/10965 6810/10966 6811/10967 6812/10968
f 6809/10965 6808/10969 6813/10970 6810/10966
f 6811/10971 6810/10972 6814/10973 6815/10974
f 6816/10975 6817/10976 6818/10977 6819/10978
f 362/2515 2280/2518 366/2526 2288/2530
f 6820/10979 2250/2445 2249/2447 2275/10980
f 2274/2500 6821/10981 6822/10982 2272/2501
f 2274/2500 2275/10980 2249/2447 6821/10981
f 2272/2490 6822/10983 6823/10984 6824/10985
f 6824/10985 6825/10986 6826/10987 2210/10988
f 6826/10989 6825/10990 6827/10991 1548/10992
f 6826/10989 1548/10992 6828/10993 6829/10994
f 6826/10995 6829/10996 2206/2383 2210/2387
f 6829/10996 6828/10997 6830/10998 6831/10999
f 6829/10996 6831/10999 2207/2384 2206/2383
f 6831/10999 6830/10998 6832/11000 6833/11001
f 6831/10999 6833/11001 6834/11002 2207/2384
f 6834/11003 2265/2468 2208/2470 2207/11004
f 6834/11003 6833/11005 2220/2403 2218/2400
f 6834/11003 2218/2400 2217/2399 2265/2468
f 6833/11006 6832/11007 6835/11008 2220/11009
f 6835/11008 1718/1627 1717/1626 2220/11009
f 6836/11010 6837/11011 6838/11012 6839/11013
f 6837/11014 6832/11000 6830/10998 6840/11015
f 1548/11016 6827/11017 6841/11018 1125/2513
f 6841/11019 335/2367 2197/2370 6842/11020
f 6841/11018 6842/11021 2277/2514 1125/2513
f 6841/11019 6827/11022 2198/2371 335/2367
f 6842/11021 2197/11023 6843/11024 6844/11025
f 6842/11021 6844/11025 6845/11026 2277/2514
f 6845/11026 6844/11025 6846/11027 1096/455
f 6845/11026 1096/455 76/454 1120/497
f 6845/11026 1120/497 2276/2511 2277/2514
f 6846/11027 6847/11028 1097/456 1096/455
f 6827/11022 6825/10986 6848/11029 2198/2371
f 6848/11029 6849/11030 2199/2372 2198/2371
f 6848/11029 6825/10986 6824/10985 6823/10984
f 6848/11031 6823/11032 6850/11033 6849/11034
f 6850/11033 6851/11035 6852/11036 6849/11034
f 6850/11033 6823/11032 6822/10982 6853/11037
f 6853/11037 6822/10982 6821/10981 6854/11038
f 6854/11038 6821/10981 2249/2447 2248/2444
f 6854/11039 2248/11040 6855/11041 6856/11042
f 6855/11043 2248/2444 2247/2443 6857/11044
f 6855/11043 6857/11044 6858/11045 6859/11046
f 6858/11047 6857/11048 6860/11049 6861/11050
f 6862/11051 6861/11052 2055/11053 6863/11054
f 6861/11052 6864/11055 2056/11056 2055/11053
f 6865/11057 6860/11058 6866/11059 6867/11060
f 6866/11059 6860/11058 6857/11044 2247/2443
f 6866/11059 2247/2443 2246/2442 6868/11061
f 6868/11061 2246/2442 2251/2446 6869/11062
f 6824/10985 2210/10988 2209/2491 2272/2490
f 2269/11063 2239/2432 345/2431 2216/11064
f 4292/6101 6870/11065 78/11066 1115/6096
f 4292/6101 6871/11067 6872/11068 6870/11065
f 6870/11065 6873/11069 1116/11070 78/11066
f 6870/11071 6872/11072 1131/11073 6873/11074
f 6872/11068 356/2471 1132/527 1131/526
f 356/2471 2268/2480 6874/11075 1132/527
f 6874/11075 1123/11076 1122/528 1132/527
f 6874/11077 2268/11078 2211/11079 2215/11080
f 6874/11075 2215/2393 1124/510 1123/11076
f 6875/11081 6876/11082 2226/2413 6877/11083
f 6875/11081 6878/11084 6879/11085 6876/11082
f 6879/11086 6880/11087 6881/11088 6876/11089
f 6879/11085 6878/11084 6882/11090 6883/11091
f 6879/11085 6883/11091 6884/11092 6880/11093
f 6884/11092 6883/11091 6885/11094 6886/11095
f 6885/11094 6883/11091 6882/11090 6887/11096
f 6888/11097 6887/11096 6889/11098 6890/11099
f 6889/11098 6887/11096 1716/11100 1713/11101
f 6889/11098 1713/11101 1712/11102 6891/11103
f 6887/11096 6882/11090 6892/11104 1716/11100
f 6892/11105 6882/11106 6878/11107 2264/11108
f 6892/11109 2264/11110 353/11111 6893/11112
f 6892/11109 6893/11112 1714/1624 1716/1623
f 6893/11113 353/11114 2259/2462 2222/2407
f 6893/11113 2222/2407 1715/1619 1714/1618
f 6881/11088 2253/2451 348/11115 2227/11116
f 6881/11088 2227/11116 2226/11117 6876/11089
f 6881/11088 6880/11087 2254/2452 2253/2451
f 6880/11093 6884/11092 6894/11118 2254/11119
f 2264/11108 6878/11107 6875/11120 355/11121
f 2257/11122 6895/11123 6896/11124 341/2405
f 6896/11125 6895/11126 6897/11127 6898/11128
f 6896/11125 6898/11128 6899/11129 6900/11130
f 6896/11124 6900/11131 2221/2406 341/2405
f 6900/11131 6901/11132 1708/11133 2221/2406
f 6902/11134 6903/11135 6904/11136 6905/11137
f 6902/11138 6905/11139 229/1575 1695/1578
f 6905/11137 6904/11136 6906/11140 6907/11141
f 6905/11139 6907/11142 6908/11143 229/1575
f 6906/11144 6904/11145 1723/11146 6909/11147
f 6906/11144 6909/11147 1686/1565 6910/11148
f 6910/11148 1686/1565 1685/1564 6911/11149
f 6912/11150 6911/11151 6913/11152 6914/11153
f 6914/11154 6913/11155 6915/11156 246/11157
f 6915/11158 6913/11159 6916/11160 6917/11161
f 6915/11162 6917/11163 1691/11164 6918/11165
f 6915/11162 6918/11165 1782/11166 246/11167
f 6918/11165 1691/11164 1690/11168 6919/11169
f 6918/11165 6919/11169 1794/11170 1782/11166
f 6919/11171 1690/1572 1780/1731 1779/11172
f 6919/11169 1779/11173 6920/11174 1794/11170
f 6920/11175 6921/11176 1795/1761 1794/1760
f 6920/11177 1779/1728 1778/1727 6922/11178
f 6920/11175 6922/11179 6923/11180 6921/11176
f 6923/11181 6922/11178 1787/1748 6924/11182
f 6922/11178 1778/1727 1777/1726 1787/1748
f 6921/11176 6925/11183 1796/11184 1795/1761
f 6925/11183 6926/11185 6927/11186 1796/11184
f 6925/11187 1801/11188 1800/11189 6926/11190
f 6927/11186 1784/1740 1783/1739 1796/11184
f 6917/11191 6916/11192 6928/11193 6929/11194
f 6917/11163 6929/11195 1692/11196 1691/11164
f 6929/11194 6928/11193 1773/11197 1772/11198
f 6929/11199 1772/11200 6930/11201 1692/11202
f 6930/11203 1772/11204 1771/11205 1786/11206
f 6930/11207 1786/11208 1776/1733 1781/1732
f 6930/11207 1781/1732 1689/1571 1692/1574
f 6928/11193 6916/11192 1684/11209 1683/11210
f 6928/11193 1683/11210 1682/11211 1773/11197
f 6916/11212 6913/11213 6911/11149 1684/1562
f 6911/11149 1685/1564 1679/1554 1684/1562
f 6909/11147 6931/11214 1687/1566 1686/1565
f 6898/11215 6897/11216 6932/11217 6903/11218
f 6897/11219 6895/11220 6933/11221 6934/11222
f 2250/2445 6820/10979 2231/2418 2230/2417
f 2243/2438 2112/2242 6935/11223 6936/11224
f 360/2498 6877/11083 2226/2413 343/2412
f 2232/2421 6937/11225 6938/11226 2229/2422
f 6938/11226 6939/11227 2230/11228 2229/2422
f 6938/11226 6937/11225 6940/11229 6941/11230
f 341/2405 2222/2407 2259/2462 352/2461
f 2221/2406 1708/11133 1707/1620 1715/1619
f 2219/11231 1720/11232 1719/7365 2213/2394
f 2215/2393 2214/2392 1127/511 1124/510
f 6942/11233 4291/6098 1114/6097 14/75
f 2199/11234 6943/11235 6944/11236 2193/11237
f 6944/11238 6943/11239 2147/2291 2146/2290
f 6943/11239 6945/11240 2150/2296 2147/2291
f 2192/2362 2191/2361 6946/11241 6947/11242
f 6948/11243 902/113 901/112 6949/11244
f 6950/11245 6951/11246 6952/11247 884/11248
f 6952/11247 6953/11249 6954/11250 6955/11251
f 6952/11247 6955/11251 885/11252 884/11248
f 6952/11247 6951/11246 6956/11253 6953/11249
f 6956/11253 6951/11246 6957/11254 6958/11255
f 6959/11256 6960/11257 6961/11258 903/11259
f 6961/11258 6962/11260 904/11261 903/11259
f 6961/11258 6960/11257 6963/11262 6964/11263
f 6961/11258 6964/11263 6965/11264 6962/11260
f 2180/11265 2179/11266 6966/11267 6967/11268
f 2172/2380 6968/11269 3862/11270 2205/2381
f 6968/11269 6969/11271 6970/11272 3862/11270
f 2165/11273 2161/11274 2130/11275 6971/11276
f 2161/2318 2156/2307 2131/2268 2130/2267
f 6972/11277 6973/11278 6974/11279 6975/11280
f 6975/11280 6974/11279 6976/11281 6977/11282
f 2119/2249 2118/2248 2063/2188 2062/2187
f 2119/11283 2062/11284 6978/11285 6979/11286
f 6978/11285 2062/11284 309/2181 2058/2180
f 6978/11285 2058/2180 6980/11287 6981/11288
f 2118/2248 2117/2247 6982/11289 2063/2188
f 6982/11289 2117/2247 6983/11290 6984/11291
f 6982/11289 6984/11291 6985/11292 6986/11293
f 2107/11294 2106/11295 6987/11296 6988/11297
f 6987/11296 2106/11295 6989/11298 6990/11299
f 6990/11299 6991/11300 6992/11301 6993/11302
f 6990/11299 6993/11302 6994/11303 6987/11296
f 6994/11303 6993/11302 6995/11304 6996/11305
f 6995/11304 6993/11302 6992/11301 2026/2127
f 6992/11301 6997/11306 2027/2128 2026/2127
f 6992/11301 6991/11300 6998/11307 6997/11306
f 6998/11307 6999/11308 7000/11309 6997/11306
f 7001/11310 6999/11311 7002/11312 7003/11313
f 6997/11306 7000/11309 6693/10781 2027/2128
f 6991/11300 6990/11299 6989/11298 1744/1672
f 7004/11314 7005/11315 7006/11316 7007/11317
f 7008/11318 7009/11319 7010/11320 7011/11321
f 7008/11318 7011/11321 6994/11303 6996/11305
f 2102/11322 2101/11323 7012/11324 7013/11325
f 316/2221 2094/2224 7014/11326 2047/11327
f 7017/11328 7016/11329 7018/11330 7019/11331
f 7017/11328 7019/11331 7020/11332 7021/11333
f 7018/11334 7016/11335 7022/11336 7023/11337
f 7018/11334 7023/11337 7024/11338 7025/11339
f 7023/11337 7022/11336 7026/11340 6732/11341
f 4769/6863 2049/6868 7028/11342 7027/11343
f 7027/11343 312/11344 4769/6863
f 7029/11345 2070/11346 7030/11347 7031/11348
f 7030/11347 2070/11346 2069/11349 7032/11350
f 7030/11347 7032/11350 7033/11351 7034/11352
f 7035/11353 7032/11350 2069/11349 7036/11354
f 310/11355 4278/11356 3916/10948 6797/10947
f 7037/11357 310/11358 6797/11359 7038/11360
f 2057/2179 307/2178 7039/11361 7040/11362
f 2057/2179 7040/11362 7041/11363 7042/11364
f 7041/11365 7040/11366 7043/11367 7044/11368
f 7043/11367 7040/11366 7039/11369 7045/11370
f 2052/11371 7046/11372 2053/11373
f 2040/2158 2039/2157 7047/11374 7048/11375
f 7048/11375 7047/11374 7049/11376 7050/11377
f 7051/11378 7047/11374 2039/2157
f 2038/2155 2037/2154 305/11379 7052/11380
f 2029/11381 7053/11382 294/11383 2030/11384
f 7054/11385 298/11386 2011/11387 7055/11388
f 2022/11389 7056/11390 7057/11391 2020/11392
f 7057/11393 1756/1690 1754/1685 2020/2115
f 2004/2093 2003/2092 7058/11394 7059/11395
f 7058/11394 2003/2092 2002/2091 7060/11396
f 1997/2081 7061/11397 7062/11398 1998/2082
f 1997/2081 1996/2080 7063/11399 7064/11400
f 7065/11401 1992/2072 291/2071 1991/11402
f 1990/11403 4858/7025 4860/7028 1952/11404
f 1968/2027 1967/2026 4788/11405 7066/11406
f 1964/2019 1704/11407 1698/11408 1697/7310
f 1964/2019 1963/2018 1705/11409 1704/11407
f 1959/11410 1958/11411 1727/11412 7067/11413
f 1959/11410 7067/11413 1759/11414 7068/11415
f 7067/11413 1727/11412 1726/11416 7069/11417
f 7067/11413 7069/11417 242/1695 1759/11414
f 7069/11417 1726/11416 1735/11418 1748/11419
f 7069/11417 1748/11419 1747/1696 242/1695
f 1958/11420 7070/11421 1728/1644 1727/1643
f 1928/11422 4855/7014 1992/2072 7065/11401
f 286/11423 7071/11424 7072/11425 1929/1974
f 7072/11425 7073/11426 1930/1975 1929/1974
f 286/11427 1929/11428 1928/11422 7065/11401
f 7074/11429 7075/11430 7076/11431 7077/11432
f 7078/11433 7079/11434 7080/11435 1825/11436
f 7080/11435 7081/11437 7082/11438 7083/11439
f 7080/11435 7079/11434 7084/11440 7081/11437
f 7082/11441 7081/11442 7085/11443 7086/11444
f 7087/11445 7088/11446 7089/11447 7090/11448
f 1949/11449 7088/11446 7087/11445 7091/11450
f 1941/1994 283/1993 1804/1775 1803/1774
f 283/11451 7092/11452 7093/11453 1804/11454
f 7093/11453 7092/11452 1940/11455 7094/11456
f 7094/11456 1940/11455 1939/11457 7095/11458
f 1936/11459 1935/11460 7096/11461 7097/11462
f 7098/11463 1925/1969 1917/1956 1916/1955
f 7098/11463 1916/1955 1918/1957 7099/11464
f 1932/1982 1914/1981 1768/11465 1732/1649
f 4834/6970 1927/1971 278/1968 1956/11466
f 1914/1953 1913/1952 1762/1702 1768/11467
f 1913/1952 1912/1951 1763/1703 1762/1702
f 1901/1925 1900/1924 4824/6955 4828/6959
f 1866/11468 1865/11469 1897/11470 7100/11471
f 1895/11472 7101/11473 7102/11474 7103/11475
f 1895/1914 7103/11476 7104/11477 1893/1912
f 7104/11477 1834/1811 1833/1810 1893/1912
f 7104/11478 7103/11479 7105/11480 7106/11481
f 7105/11480 7103/11479 7102/11482 7107/11483
f 7107/11484 7102/11485 7108/11486 7109/11487
f 7109/11488 7108/11489 1819/1792 7110/11490
f 7110/11490 1819/1792 1818/1791 7111/11491
f 7112/11492 7113/11493 7114/11494 7115/11495
f 7114/11494 7113/11493 7116/11496 7117/11497
f 7116/11496 7113/11493 7118/11498 7119/11499
f 7116/11496 7119/11499 7120/11500 7121/11501
f 7120/11502 7119/11503 1792/1756 1791/1755
f 7120/11502 1791/1755 1790/11504 7122/11505
f 7119/11499 7118/11498 7123/11506 1792/11507
f 7123/11508 1823/1797 1822/1796 7124/11509
f 7123/11510 7124/11511 1793/1757 1792/1756
f 7123/11506 7118/11498 1824/1799 1823/1798
f 7118/11498 7113/11493 7112/11492 1824/1799
f 1892/1910 7125/11512 1868/11513 1873/1911
f 7125/11514 7126/11515 1869/1874 1868/1873
f 1860/1861 1833/1810 1832/1809 1841/11516
f 1861/11517 7127/11518 7128/11519 809/11520
f 7129/11521 7130/11522 7131/11523 7132/11524
f 7129/11521 7132/11524 1828/1804 1820/1793
f 7132/11525 7131/11526 1843/1839 1848/1838
f 7132/11527 1848/11528 7133/11529 1828/11530
f 7133/11531 7134/11532 1829/11533 1828/11534
f 7134/11535 7135/11536 7136/11537 1829/11538
f 7131/11523 1853/11539 1844/1832 1843/1831
f 1859/1858 1858/1857 1845/1833 1844/1832
f 1859/1858 1844/1832 1853/11539 1852/6254
f 1858/11540 1857/11541 1846/1836 1845/1835
f 1839/1822 1831/1821 1830/11542 1836/11543
f 1839/11544 1836/11545 7137/11546 7138/11547
f 1838/11548 7139/11549 7140/11550 1835/11551
f 7141/11552 257/11553 7142/11554 7143/11555
f 7144/11556 7145/11557 7146/11558 7147/11559
f 7146/11560 1827/11561 1826/11562 7147/11563
f 1810/1782 1474/1180 7148/11564 7149/11565
f 1810/1782 7149/11565 7150/11566 1808/1780
f 1810/1782 1807/1779 1469/1181 1474/1180
f 7150/11566 7149/11565 1467/11567 1466/11568
f 7150/11566 1466/11568 7151/11569 7152/11570
f 7150/11566 7152/11570 1809/1781 1808/1780
f 7153/11571 7151/11572 215/11573 1644/11574
f 7153/11575 1644/1480 1675/1548 1674/1547
f 7153/11575 1674/1547 4960/7219 1703/1592
f 7153/11575 1703/1592 1702/1591 7151/11576
f 7151/11572 1466/11577 1462/11578 215/11573
f 7149/11565 7148/11564 7154/11579 1467/11567
f 7154/11579 7155/11580 7156/11581 1463/1164
f 7154/11579 1463/1164 173/1160 1467/11567
f 7154/11579 7148/11564 7157/11582 7155/11580
f 7157/11583 7158/11584 7159/11585 7155/11586
f 7157/11582 7148/11564 1474/1180 1473/1179
f 7157/11583 1473/1177 1472/1176 7158/11584
f 7159/11585 7160/11587 7156/11588 7155/11586
f 1807/1779 1806/1778 1470/11589 1469/1181
f 1801/11590 6925/11183 6921/11176 6923/11180
f 1781/1732 1780/1731 1690/1572 1689/1571
f 1774/1723 1682/1559 1681/1558 7161/11591
f 7161/11591 1681/1558 1680/11592 1688/11593
f 7162/11594 1765/11595 243/1711 1770/1714
f 7162/11596 1770/11597 1729/1646 1734/11598
f 1770/11597 1769/6205 1730/1647 1729/1646
f 1768/11465 1767/11599 1733/1650 1732/1649
f 1767/1708 1766/1707 1734/11600 1733/11601
f 1764/1704 1763/1703 7163/11602 4352/11603
f 1750/11604 1756/11605 7164/11606 7165/11607
f 6998/11307 6991/11300 1744/1672 240/1671
f 1725/1640 7166/11608 7167/11609 1721/1636
f 7167/11610 7168/11611 7169/11612 7170/11613
f 7167/11610 7170/11613 1722/11614 1721/11615
f 4960/7219 1674/1547 1673/1546 4958/7216
f 4991/7276 1696/1584 230/1583 1700/1588
f 7171/11616 226/11617 229/11618 6908/11619
f 1676/11620 7172/11621 7173/11622 7174/11623
f 1676/11620 7174/11623 7175/11624 7176/11625
f 7175/11626 7174/11627 7177/11628 7178/11629
f 7179/11630 7180/11631 1156/570 7181/11632
f 7179/11630 7181/11632 1602/11633 1600/11634
f 7181/11632 1156/570 1155/569 1166/11635
f 7181/11636 1166/590 1165/589 1602/11637
f 7180/11631 7182/11638 7183/11639 7184/11640
f 7184/11641 7183/11642 7185/11643 7186/11644
f 7186/11644 7185/11643 1598/11645 1597/11646
f 7186/11647 1597/11648 7187/11649 7188/11650
f 7185/11651 1636/11652 1635/11653 1598/11654
f 7185/11651 7183/11639 7189/11655 1636/11652
f 7189/11655 7190/11656 1637/11657 1636/11652
f 7189/11655 7183/11639 7182/11638 7191/11658
f 7189/11655 7191/11658 7192/11659 7190/11656
f 7192/11660 7191/11661 7193/11662 7194/11663
f 7193/11662 7191/11661 7182/11664 7195/11665
f 7196/11666 7190/11667 7192/11668 7197/11669
f 7196/11666 1640/1472 1637/1469 7190/11667
f 7177/11628 7174/11627 7173/11670 7198/11671
f 7198/11672 7173/11673 7199/11674 7200/11675
f 7200/11675 7199/11674 1672/1544 7201/11676
f 7201/11676 1672/1544 1671/1543 7202/11677
f 7199/11674 7173/11673 7172/11678 1643/1479
f 7199/11674 1643/1479 1642/1478 1672/1544
f 7172/11678 1675/1548 1644/1480 1643/1479
f 1676/11620 225/11679 1675/11680 7172/11621
f 1670/11681 7203/11682 7204/11683 1668/11684
f 1670/1540 1654/1539 7205/11685 7206/11686
f 1670/1540 7206/11686 1662/1528 7203/11687
f 7206/11686 7207/11688 1663/1529 1662/1528
f 7206/11686 7205/11685 7208/11689 7207/11688
f 7208/11689 7209/11690 7210/11691 7207/11688
f 7208/11689 7205/11685 7211/11692 7212/11693
f 7208/11689 7212/11693 7213/11694 7209/11690
f 7213/11694 1481/11695 7214/11696 7209/11690
f 7213/11697 7212/11698 7215/11699 7216/11700
f 7213/11697 7216/11700 1482/1195 1481/1194
f 7216/11701 7215/11702 7217/11703 7218/11704
f 7216/11701 7218/11704 7219/11705 1482/1190
f 7219/11705 7220/11706 1483/1191 1482/1190
f 7219/11705 7218/11704 7221/11707 7222/11708
f 7222/11708 7221/11707 1500/1223 1499/1222
f 7222/11708 1499/1222 1502/1226 189/1284
f 7221/11707 7218/11704 7217/11703 7223/11709
f 7221/11707 7223/11709 7224/11710 1500/1223
f 7224/11710 7223/11709 7225/11711 7226/11712
f 7224/11713 7226/11714 1650/1493 7227/11715
f 7224/11710 7227/11716 1501/1224 1500/1223
f 7227/11715 1650/1493 1649/1492 1557/11717
f 7227/11715 1557/11717 1556/11718 1501/11719
f 7226/11720 7225/11721 7228/11722 7229/11723
f 7226/11714 7229/11724 1646/1494 1650/1493
f 7229/11723 7228/11722 1452/11725 1669/11726
f 7229/11727 1669/11728 1647/1489 1646/1488
f 7228/11722 7225/11721 7230/11729 7231/11730
f 7228/11722 7231/11730 1448/11731 1452/11725
f 7231/11732 7230/11733 7232/11734 1652/11735
f 7231/11736 1652/11737 1449/11738 1448/11739
f 7232/11740 7215/11741 7212/11693 7211/11692
f 7232/11742 7211/11743 1653/1505 1652/1504
f 7232/11744 7230/11745 7217/11703 7215/11702
f 7230/11729 7225/11721 7223/11746 7217/11747
f 7214/11696 1532/1347 1563/1346 7233/11748
f 7214/11696 7233/11748 7210/11691 7209/11690
f 7214/11749 1481/11750 1480/1280 1532/1279
f 7233/11748 1563/1346 1621/1441 7234/11751
f 7233/11748 7234/11751 7235/11752 7210/11691
f 7235/11752 7234/11751 7236/11753 7237/11754
f 7235/11755 7237/11756 1660/11757 1663/11758
f 7235/11752 1663/1529 7207/11688 7210/11691
f 7237/11754 7236/11753 1568/1353 1571/1356
f 7237/11759 1571/11760 1661/11761 1660/11762
f 7236/11753 7238/11763 1569/1354 1568/1353
f 7236/11753 7234/11751 1621/1441 7238/11763
f 7238/11763 1621/1441 1607/1440 1606/11764
f 7238/11765 1606/11766 7239/11767 1569/11768
f 7211/11743 7205/11769 1654/1506 1653/1505
f 7204/11770 1561/11771 1560/11772 1648/11773
f 7204/11770 1648/11773 1647/1536 1668/1535
f 7204/11683 7203/11682 7240/11774 1561/11775
f 7240/11776 1570/11777 1558/11778 1561/11779
f 7240/11776 7203/11780 1662/11781 1661/11761
f 7240/11776 1661/11761 1571/11760 1570/11777
f 1669/1537 1452/1140 1451/1139 223/1534
f 3861/5359 3860/5358 7241/11782 7242/11783
f 1666/11784 7243/11785 1633/11786 1631/1457
f 1666/11784 1631/1457 1630/1456 1659/1524
f 1666/1532 1665/1531 7244/11787 7243/11788
f 7244/11787 7245/11789 7246/11790 7243/11788
f 7244/11787 1665/1531 1664/1530 7247/11791
f 7244/11787 7247/11791 7248/11792 7245/11789
f 7248/11792 1216/689 1185/625 7245/11789
f 7248/11792 7247/11791 1445/11793 7249/11794
f 7248/11792 7249/11794 209/620 1216/689
f 7249/11795 1445/1127 170/1119 1444/1126
f 7249/11796 1444/11797 1667/11798 209/11799
f 7247/11791 1664/1530 1446/1520 1445/11793
f 7246/11800 1184/11801 1188/680 7250/11802
f 7246/11800 7250/11802 1633/11786 7243/11785
f 7246/11790 7245/11789 1185/625 1184/624
f 7250/11802 1188/680 1213/679 7251/11803
f 7250/11802 7251/11803 1634/11804 1633/11786
f 7251/11803 1213/679 1215/683 1623/11805
f 7251/11806 1623/11807 1622/11808 1634/11809
f 217/11810 223/11811 1451/11812 1454/11813
f 1649/1492 1560/1496 193/11814 1557/11717
f 1640/11815 1553/11816 1552/11817 1638/11818
f 1639/11819 1599/1405 1598/1404 1635/11820
f 7252/11821 1599/1405 1639/11819 7253/11822
f 1634/11823 1622/11824 1626/11825 212/11826
f 1624/1445 1623/1444 1215/11827 1183/11828
f 1624/1445 1183/11828 1180/1435 1618/1434
f 1619/1438 1564/1437 1572/11829 1577/11830
f 1617/11831 1616/11832 7254/11833 7255/11834
f 1617/11831 7255/11834 7256/11835 7257/11836
f 7258/11837 7255/11834 7254/11833 7259/11838
f 7259/11839 7254/11840 7260/11841 7261/11842
f 7261/11843 7262/11844 7263/11845 7264/11846
f 7261/11842 7264/11847 7265/11848 7259/11839
f 7261/11843 7260/11849 7266/11850 7262/11844
f 7266/11850 7267/11851 7268/11852 7262/11844
f 7266/11850 7260/11849 7269/11853 7270/11854
f 7269/11853 7260/11849 7254/11855 1616/11856
f 7269/11857 1616/11858 1615/11859 1079/11860
f 1615/11859 1614/11861 1080/11862 1079/11860
f 1614/1426 1613/1425 7271/11863 7272/11864
f 7272/11864 7271/11863 7273/11865 7274/11866
f 7273/11865 7271/11863 7275/11867 7276/11868
f 7273/11865 7276/11868 997/11869 7277/11870
f 7271/11863 1613/1425 1612/1424 7275/11867
f 7278/11871 1608/11872 7279/11873
f 1610/11874 7280/11875 1008/285 49/291
f 7281/11876 7282/11877 1223/698 1227/702
f 7282/11877 7283/11878 1224/699 1223/698
f 7283/11878 7284/11879 7285/11880 1224/699
f 7285/11880 7284/11879 7286/11881 1253/11882
f 7285/11883 1253/765 1252/764 1235/11884
f 7285/11883 1235/11884 1225/11885 1224/11886
f 7286/11887 7287/11888 7288/11889 7289/11890
f 7286/11891 7289/11892 1245/11893 1253/11894
f 7286/11881 7284/11879 7290/11895 7287/11896
f 7290/11895 992/11897 7291/11898 7287/11896
f 7291/11899 7292/11900 1338/11901 7293/11902
f 7291/11903 7293/11904 7288/11905 7287/11906
f 7291/11907 992/263 991/262 7292/11908
f 7293/11902 1338/11901 148/11909 1361/11910
f 7293/11911 1361/968 1360/967 7288/11912
f 7292/11913 1272/920 139/919 1338/11914
f 7292/11908 991/262 990/261 1272/803
f 7289/11892 7288/11912 1360/967 1362/11915
f 7289/11892 1362/11915 1246/11916 1245/11893
f 1605/1413 1604/1412 7294/11917 7295/11918
f 7296/11919 1171/11920 1170/599 7297/11921
f 7296/11919 7297/11921 1063/403 1062/402
f 7297/11921 1170/599 1169/598 7298/11922
f 7297/11921 7298/11922 1040/358 1063/403
f 7298/11922 1169/598 1023/316 1022/315
f 7298/11922 1022/315 1041/359 1040/358
f 7294/11917 1604/1412 1172/11923 1171/11920
f 1604/1412 1603/1411 1176/11924 1172/11923
f 1603/1411 1179/11925 1178/11926 1176/11924
f 214/7182 1602/11633 1165/11927 1167/7179
f 1596/1400 1595/1399 7299/11928 7300/11929
f 7300/11929 7299/11928 7301/11930 7302/11931
f 7302/11931 7303/11932 7304/11933 7305/11934
f 7302/11931 7305/11934 7306/11935 7300/11929
f 7302/11931 7301/11930 1091/448 7303/11932
f 7304/11933 7303/11932 7307/11936 7308/11937
f 7307/11936 7303/11932 1091/448 1090/447
f 7299/11928 1595/1399 7309/11938 7310/11939
f 7309/11938 1595/1399 1594/1398 7311/11940
f 7309/11938 7311/11940 7312/11941 7313/11942
f 7312/11943 7311/11944 7314/11945 7315/11946
f 7314/11947 7311/11940 1594/1398 1592/11948
f 1594/1398 201/1397 1593/1401 1592/11948
f 1587/1385 1584/1384 1495/11949 1494/11950
f 1587/1385 1494/11950 1493/11951 7316/11952
f 1587/11953 7316/11954 7317/11955 1588/11956
f 7316/11957 1493/11958 1542/1302 1541/1301
f 7316/11954 1541/11959 7318/11960 7317/11955
f 1585/11961 198/11962 1589/1392 7319/11963
f 1584/11964 1583/11965 7320/11966 1495/11967
f 7320/11966 1583/11965 1508/1240 1506/1239
f 7320/11968 1506/1230 1505/1229 7321/11969
f 7320/11970 7321/11971 1490/1209 1495/11972
f 7321/11969 1505/1229 1496/1221 1498/1220
f 7321/11971 1498/11973 1491/1210 1490/1209
f 1583/1377 1582/1376 1509/1237 1508/1236
f 7322/11974 7318/11975 1541/11976 1540/1298
f 7322/11974 1540/1298 1539/1297 1559/1337
f 1574/1360 1573/1359 1221/695 1220/694
f 1573/1359 1572/1358 1564/1348 1562/1344
f 1573/1359 1562/1344 1222/696 1221/695
f 1570/11777 195/11977 1559/11978 1558/11778
f 7322/11974 1559/1337 195/11979 7323/11980
f 1556/11718 1497/11981 179/11982 1501/11719
f 1556/1331 1555/1330 7324/11983 1497/11984
f 7324/11985 1491/1210 1498/11973 1497/11986
f 7324/11985 1555/11987 1538/1306 1543/1305
f 7324/11985 1543/1305 1492/1211 1491/1210
f 1547/11988 1147/553 1143/545 5031/7367
f 1547/11988 1124/508 1126/507 1147/553
f 1543/11989 1542/11990 1493/1214 1492/1213
f 1534/1283 1533/1282 7325/11991 7326/11992
f 7325/11991 1533/1282 1507/1244 1512/1243
f 7327/11993 7328/11994 1526/1268 7329/11995
f 7327/11993 7330/11996 7331/11997 7328/11994
f 7331/11998 7332/11999 1423/12000 7328/12001
f 7331/12002 7330/12003 7333/12004 7334/12005
f 7329/12006 1526/12007 1519/12008 187/12009
f 1530/12010 1479/12011 7335/12012 7336/12013
f 7337/12014 1529/12015 186/1252 1528/1270
f 1528/12016 1527/12017 7338/12018 7256/12019
f 7339/12020 1527/1269 183/1251 1518/1254
f 7339/12020 1518/1254 7340/12021 7341/12022
f 7340/12021 1518/1254 1517/1253 1524/12023
f 1525/1264 7342/12024 1520/12025 1519/12026
f 1525/1264 1524/1263 1517/12027 7342/12024
f 7343/12028 187/1256 184/1255 1522/1260
f 1520/12029 7342/12030 1529/12031 1521/12032
f 197/12033 1513/12034 182/12035 7344/12036
f 1488/12037 7345/12038 1227/12039 1226/12040
f 1488/12041 1226/12042 7346/12043 1484/1197
f 7346/12043 7347/12044 1485/1198 1484/1197
f 1477/12045 7348/12046 7349/12047 1475/12048
f 1475/12049 7350/12050 1465/12051 1464/12052
f 7350/12053 7351/12054 1468/1171 1465/1166
f 7351/12055 7352/12056 7353/12057 1468/12058
f 7354/12059 7355/12060 1645/12061 1461/12062
f 1460/12063 1432/1106 1431/1105 1443/12064
f 1460/12065 1443/1124 1442/1123 1447/12066
f 1455/1145 7356/12067 7357/12068 1453/1142
f 1441/12069 7358/12070 1244/12071 1242/12072
f 1441/1118 1242/12073 119/12074 122/777
f 7359/12075 7360/12076 7361/12077 103/655
f 7359/12078 1439/12079 7362/12080 7360/12081
f 1427/12082 7359/12083 103/12084 165/12085
f 1422/12086 1421/12087 1259/779 121/775
f 1422/12086 121/775 1258/778 1254/12088
f 1418/12089 1417/12090 1411/1071 160/1070
f 1417/1078 1416/1077 7363/12091 7364/12092
f 1417/1078 7364/12092 7365/12093 1411/12094
f 7365/12095 7366/12096 1412/1072 1411/1071
f 7365/12093 7364/12092 1358/964 7367/12097
f 7365/12093 7367/12097 7368/12098 7366/12099
f 7368/12098 7367/12097 1369/982 1368/981
f 7368/12098 1368/981 7369/12100 7370/12101
f 7368/12098 7370/12101 7371/12102 7366/12099
f 7371/12103 7372/12104 1412/1072 7366/12096
f 7371/12102 7370/12101 7373/12105 7374/12106
f 7371/12103 7374/12107 1355/959 7372/12104
f 7374/12107 7373/12108 7375/12109 7376/12110
f 7374/12107 7376/12110 1356/960 1355/959
f 7376/12110 7375/12109 7377/12111 7378/12112
f 7376/12113 7378/12114 7379/12115 1356/12116
f 7379/12115 1343/940 1353/956 1356/12116
f 7379/12115 7378/12114 7380/12117 1330/12118
f 7379/12119 1330/905 1329/904 1343/12120
f 7380/12117 7378/12114 7377/12121 1389/1023
f 7380/12117 1389/1023 1388/1022 1390/1025
f 7380/12122 1390/12123 142/906 1330/905
f 7377/12111 7375/12109 1376/12124 1375/12125
f 7377/12121 1375/1000 1377/999 1389/1023
f 7375/12109 7373/12108 1410/12126 1376/12124
f 7373/12105 7370/12101 7369/12100 1410/1069
f 7372/12104 7381/12127 1413/1073 1412/1072
f 7381/12128 7382/12129 1414/12130 1413/12131
f 7382/12129 7383/12132 140/12133 1414/12130
f 7369/12134 1368/12135 1367/12136 7384/12137
f 7369/12100 7384/12138 159/1066 1410/1069
f 7384/12139 1367/12140 1366/1004 7385/12141
f 7384/12139 7385/12141 1409/1064 159/1060
f 7385/12141 1366/1004 1379/1003 1277/810
f 7385/12142 1277/12143 1276/12144 1409/12145
f 7367/12097 1358/964 1357/963 1369/982
f 7364/12092 7363/12091 1359/965 1358/964
f 7363/12091 1416/1077 1247/1081 1246/12146
f 7363/12091 1246/12146 1362/970 1359/965
f 1415/1075 1340/1095 162/1083 160/1070
f 1415/1075 1414/1074 140/12147 1340/1095
f 1409/12148 1276/12149 7386/12150 1399/1040
f 7386/12151 7387/12152 7388/12153 7389/12154
f 7389/12154 7388/12153 7390/12155 7391/12156
f 7391/12156 7390/12155 7392/12157 7393/12158
f 7394/12159 7390/12155 7388/12153 7395/12160
f 1408/12161 1332/909 1331/908 1293/12162
f 1408/12163 1293/12164 1292/12165 7396/12166
f 1408/1059 7396/12167 1406/1056 156/1052
f 7396/12166 1292/12165 1291/4473 1404/1051
f 7396/12167 1404/12168 1403/1049 1406/1056
f 1407/1057 1406/1056 1403/1049 1402/1048
f 1394/1030 1391/1026 1387/1021 7397/12169
f 1394/12170 7397/12171 7398/12172 7399/12173
f 1394/1030 7399/12174 7400/12175 1392/1027
f 7400/12176 7399/12177 1319/12178 1318/12179
f 7400/12176 1318/12179 1317/12180 7401/12181
f 7400/12182 7401/12183 1393/12184 1392/12185
f 7401/12186 1317/12187 7402/12188 7403/12189
f 7401/12183 7403/12190 7404/12191 1393/12184
f 7404/12192 7403/12193 7405/12194 7406/12195
f 7404/12196 7406/12197 7407/12198 7408/12199
f 7404/12196 7408/12199 1327/12200 1393/12201
f 7408/12199 7407/12198 7409/12202 7410/12203
f 7408/12199 7410/12203 1322/12204 1327/12200
f 7410/12203 7409/12202 1298/847 1302/12205
f 7410/12203 1302/12205 1323/12206 1322/12204
f 7409/12202 7407/12198 1350/12207 7411/12208
f 7409/12202 7411/12208 1299/848 1298/847
f 7411/12208 1350/12207 1349/12209 7412/12210
f 7411/12208 7412/12210 7413/12211 1299/848
f 7413/12212 7412/12213 7414/12214 7415/12215
f 7413/12211 7416/12216 1300/849 1299/848
f 7417/12217 1267/796 125/792 1313/871
f 7417/12217 7415/12218 7418/12219 1267/796
f 7418/12220 7419/12221 1268/12222 1267/12223
f 7418/12220 7415/12224 7414/12225 7420/12226
f 7418/12220 7420/12226 7402/12227 7419/12221
f 7420/12226 7414/12225 1352/12228 7405/12229
f 7420/12226 7405/12229 7403/12230 7402/12227
f 7419/12231 1316/877 1321/882 1268/12232
f 7419/12221 7402/12227 1317/12233 1316/12234
f 7414/12214 7412/12213 1349/12235 1352/12236
f 7407/12198 7406/12197 1351/12237 1350/12207
f 7406/12195 7405/12194 1352/12238 1351/12239
f 7399/12240 7398/12241 7421/12242 1319/12243
f 7421/12242 7398/12241 7422/12244 7423/12245
f 7421/12246 7423/12247 1296/841 1295/840
f 7421/12246 1295/840 1320/881 1319/880
f 7423/12248 7422/12249 1306/861 1311/865
f 7423/12248 1311/865 1297/844 1296/843
f 7422/12250 7424/12251 1307/12252 1306/12253
f 7422/12254 7398/12255 7397/12256 7424/12257
f 7424/12258 1386/12259 1370/12260 1307/12261
f 7424/12262 7397/12169 1387/1021 1386/1020
f 1391/1026 1390/1025 1388/1022 1387/1021
f 1385/1055 1384/12263 1365/976 1364/975
f 1384/12263 1380/12264 1337/925 1365/976
f 1369/12265 1357/12266 1361/12267 148/12268
f 1354/957 1353/956 1343/940 1342/939
f 1348/12269 1328/12270 1326/890 1325/889
f 1336/922 7425/12271 1335/913 1334/912
f 7425/12272 1290/830 1289/829 1335/12273
f 1335/12273 1289/829 1293/837 1331/12274
f 1323/9074 1302/852 1301/851 5884/9071
f 1321/882 1320/881 1295/840 1294/839
f 1321/882 1294/839 1264/9050 1268/12232
f 1312/870 1266/795 7426/12275 7427/12276
f 7427/12277 7426/12278 1304/857 1303/856
f 5884/9071 1301/851 1315/875 5885/9072
f 1301/851 131/850 133/872 1315/875
f 7428/12279 7429/12280 7430/12281 7431/12282
f 1283/822 1282/821 7432/12283 7433/12284
f 1270/800 1269/799 55/331 1032/8600
f 1269/799 968/221 967/220 55/331
f 1263/790 1250/789 118/767 1255/770
f 1263/12285 1255/12286 1261/783 1232/12287
f 1263/12285 1232/12287 111/12288 1251/12289
f 1261/12290 1255/770 1254/769 1258/12291
f 1260/12292 1200/12293 102/12294 1202/12295
f 120/12296 1240/12297 1237/12298 7434/12299
f 7434/12299 1237/12298 1236/12300 1256/12301
f 7434/12299 1256/12301 119/12302 7435/12303
f 7436/12304 7435/12305 119/739 1241/738
f 7436/12304 1241/738 1243/741 7437/12306
f 1257/12307 1256/12301 1236/12300 1230/12308
f 1252/12309 1251/12310 111/714 1235/715
f 1233/12311 1232/12287 1261/783 1257/782
f 1233/12312 1257/12313 1230/12314 1229/12315
f 1215/12316 1214/685 1181/622 1183/621
f 1214/685 1189/633 1182/687 1181/622
f 1199/9249 1174/9248 1173/12317 1177/12318
f 1419/12319 1339/946 100/637 1195/642
f 1178/11926 1177/12320 1173/604 1176/11924
f 1166/11635 1155/569 1160/578 1164/585
f 1164/585 1160/578 1117/577 86/586
f 1159/12321 1153/12322 1158/12323 863/51
f 1159/12321 863/51 862/50 1112/12324
f 1159/12325 1112/481 1111/480 1118/493
f 1158/572 1154/567 827/12326 853/12327
f 1158/12323 853/12328 864/52 863/51
f 1154/567 1060/566 828/12329 827/12326
f 1148/556 69/12330 7438/12331 1149/557
f 1147/553 1126/507 1101/463 1145/554
f 1146/12332 1100/462 1099/12333 87/535
f 1146/551 1145/550 1101/12334 1100/12335
f 1137/537 1136/536 7439/12336 7440/12337
f 7440/12337 7439/12336 7441/12338 7442/12339
f 7442/12339 7441/12338 7443/12340 7444/12341
f 7444/12341 7443/12340 7445/12342 7446/12343
f 7446/12343 7445/12342 7447/12344 7448/12345
f 7447/12344 7445/12342 7449/12346 7450/12347
f 7450/12347 1088/444 1087/443 74/446
f 7450/12347 74/446 1092/449 7447/12344
f 7449/12348 848/30 852/34 7451/12349
f 852/12350 7452/12351 7453/12352 7454/12353
f 7452/12354 852/12355 851/12356 844/12357
f 7455/12358 7449/12346 7445/12342 7443/12340
f 7455/12358 7443/12340 7441/12338 7456/12359
f 7439/12336 1136/536 7457/12360 7458/12361
f 75/12362 7457/12360 1099/12333 1098/457
f 75/12362 1098/457 1097/456 7459/12363
f 7460/12364 7459/12365 7461/12366
f 7457/12360 1136/536 87/535 1099/12333
f 1131/11073 84/12367 4941/12368 6873/11074
f 1114/6097 1113/12369 867/76 14/75
f 1113/482 1112/481 862/12370 867/12371
f 1108/473 1107/472 1065/406 1064/405
f 1107/472 1106/471 1161/12372 1065/406
f 7462/12373 7458/12361 7457/12360 75/12362
f 1083/12374 1028/341 1034/340 7463/12375
f 1082/437 7464/12376 7465/12377 1083/438
f 7464/12376 7466/12378 1059/12379 7465/12377
f 1075/419 7467/12380 1047/371 1071/415
f 1072/416 1071/415 1047/371 1046/370
f 1063/403 1040/358 835/17 834/16
f 1056/390 1033/338 7468/12381 1049/12382
f 1056/390 7469/12383 5713/8591 63/389
f 7468/12381 1033/338 1029/337 1035/343
f 7468/12384 1035/12385 7470/12386 7471/12387
f 7468/12384 7471/12387 1043/12388 1049/12389
f 7471/12390 7470/12391 1039/353 949/183
f 7471/12392 949/12393 59/12394 1043/12395
f 7470/12396 1035/12397 1027/329 1026/328
f 7470/12391 1026/12398 1025/12399 1039/353
f 60/366 61/369 7472/12400 7473/12401
f 1041/359 1022/315 52/313 1057/391
f 1039/353 1025/12399 7474/12402 1038/350
f 7474/12403 980/249 57/346 1038/12404
f 7474/12405 1025/325 1024/324 7475/12406
f 7474/12403 7475/12407 975/241 980/249
f 7475/12408 1024/12409 983/253 982/252
f 7475/12407 982/12410 976/242 975/241
f 1036/12411 44/12412 988/12413 7476/12414
f 1020/312 973/234 972/233 51/309
f 1014/299 1013/298 981/12415 985/9266
f 1013/296 976/295 982/252 981/251
f 1006/12416 7478/12417 7479/12418 7480/12419
f 1006/12416 7480/12419 7481/12420 1004/12421
f 7479/12422 7478/12423 7482/12424 7483/12425
f 7482/12426 7478/12427 7484/12428 7485/12429
f 1000/12430 7486/12431 996/269 45/265
f 972/12432 40/228 57/346 980/249
f 972/12432 980/249 979/248 51/12433
f 964/12434 963/12435 7487/12436 7488/12437
f 35/177 948/12438 830/12439 836/178
f 948/12438 893/101 831/100 830/12439
f 965/12440 33/12441 31/12442 966/12443
f 7489/12444 7490/12445 940/12446 942/12447
f 946/169 945/168 7491/12448 7492/12449
f 937/160 941/164 945/168 943/167
f 924/139 923/138 7493/12450 7494/12451
f 924/139 7494/12451 7495/12452 4488/6406
f 7494/12451 7493/12450 7496/12453 7497/12454
f 7496/12453 7493/12450 7498/12455 7499/12456
f 7499/12456 7498/12455 7500/12457 7501/12458
f 7502/12459 7503/12460 7496/12453 7499/12456
f 7503/12460 7502/12459 7504/12461 7505/12462
f 4491/6410 923/138 25/134 922/137
f 7506/12463 7507/12464 7508/12465 7509/12466
f 7506/12467 7509/12468 7510/12469 7511/12470
f 911/12471 22/12472 7507/12464 7506/12463
f 905/12473 904/12474 7512/12475 7513/12476
f 7513/12476 7512/12475 7514/12477 7515/12478
f 7516/12479 7517/12480 7518/12481 7519/12482
f 902/113 7520/12483 7521/12484 898/109
f 4753/6841 4736/6820 2336/2610 378/2609
f 890/95 889/94 882/84 832/83
f 890/95 832/83 1/5 831/8
f 7522/12485 17/90 888/93 7523/12486
f 881/81 879/78 866/77 865/82
f 6942/11233 14/75 879/78 7524/12487
f 5484/12488 870/12489 12/12490 878/12491
f 865/82 864/52 853/12328 833/85
f 7526/12492 7525/12493 7528/12494 7529/12495
f 7528/12496 7525/12497 839/22 838/21
f 855/39 854/38 7530/12498 7531/12499
f 855/39 7531/12499 7532/12500 7533/12501
f 7532/12500 7531/12499 7534/12502
f 7534/12502 7531/12499 7530/12498 7535/12503
f 7/12504 7536/12505 1066/407 1065/406
f 1150/12506 1149/12507 7536/12508 7/12509
f 1161/12372 1150/12510 7/12504 1065/406
f 1066/6367 4462/6366 871/65 876/70
f 849/12511 848/12512 7449/12513 7537/12514
f 69/12515 1148/12516 1152/12517 5050/12518
f 837/12519 3/12520 69/12521 5050/12522
f 1121/12523 1122/528 1123/11076 1124/510
f 1349/12524 1350/12525 1351/12526 1352/12527
f 165/12528 1430/12529 1426/9215 1427/9214
f 179/12530 1496/12531 1505/12532 180/12533
f 203/12534 1600/11634 1602/11633 214/7182
f 337/2382 2208/2385 357/12535 2209/2386
f 412/12536 416/12537 418/12538 2478/12539
f 2821/12540 2822/12541 2823/12542
f 554/3707 3056/3746 555/3745 3057/9464
f 574/12543 3134/12544 3135/12545 583/12546
f 3397/8659 3406/12547 3407/12548 3409/8660
f 1195/12549 5900/9106 1420/9105 1419/12550
f 2231/2418 6820/10979 2273/2499
f 6820/10979 2275/10980 2273/2499
f 3603/4860 3995/5550 3998/5622 3604/4861
f 4367/6229 4368/12551 4369/12552 4370/6226
f 2677/8537 5688/12553 5687/12554 5689/8534
f 5937/9217 1531/12555 1437/12556 1440/9218
f 1160/578 1155/569 91/568 93/575
f 3344/12557 4067/5672 3330/4349 649/12558
f 3406/12559 3397/12560 664/12561 667/12562
f 5477/12563 877/12564 11/12565 869/12566
f 374/12567 2308/2566 373/2565 2312/12568
f 2803/12569 2802/3326 491/3322 2806/3325
f 989/259 46/258 992/11897 7290/11895
f 988/12570 44/257 987/260
f 1050/376 62/372 1054/380
f 7469/12383 1056/390 1049/12382
f 5712/8590 957/204 956/203 5713/8591
f 4031/5609 4030/5608 4029/12571 4035/12572
f 2622/3047 446/3043 6349/10211 2628/12573
f 6403/10288 2620/3045 2522/10290
f 5161/12574 3746/5136 762/5135 3758/12575
f 753/5090 3725/5093 3747/12576
f 6780/10917 887/91 17/90 7522/12485
f 2325/12577 376/12578 2327/12579
f 6778/12580 6777/12581 6779/12582
f 6772/10907 2345/10912 2350/12583
f 319/2241 2114/2244 2201/6091 2200/12584
f 2240/2433 2239/2432 2267/12585
f 6899/12586 6898/12587 6903/12588 6932/12589
f 4988/12590 4991/12591 1700/12592
f 5029/7355 5028/7354 5030/7356
f 1811/12593 253/7358 5024/7357 5027/12594
f 7152/12595 7151/12596 1702/12597
f 7350/12598 1475/12048 7349/12047
f 1671/1543 224/1542 1645/12599 7355/12600
f 5031/12601 4947/12602 4946/12603 4950/12604
f 1544/1314 1547/1313 5031/12605
f 6885/11094 6887/11096 6888/11097
f 2232/12606 2228/2415 2252/2449
f 6858/12607 6861/12608 6860/12609 6865/12610
f 6851/11035 6850/11033 6853/11037 6854/11038
f 2136/2275 2135/2274 4264/12611 4263/12612
f 2134/12613 324/12614 2136/12615
f 4253/12616 4256/12617 4259/12618 4260/12619
f 2342/12620 378/12621 2341/12622
f 2339/2614 379/2613 2344/2620
f 2360/2645 2359/2644 2340/2615
f 2194/12623 2193/12624 6944/11238 2146/2290
f 7462/12373 75/12362 7459/12363
f 7450/12625 7449/12626 7455/12627
f 1535/1287 201/1397 1596/1400 7300/11929
f 1511/12628 181/12629 1536/12630
f 1439/1115 1438/1114 1530/12010 7336/12013
f 1554/1327 1553/1326 1640/12631 7196/12632
f 7319/11963 1589/1392 1591/1391
f 1092/449 1091/448 7301/11930 7299/11928
f 1600/12633 203/1406 1601/1409
f 7295/11918 7294/11917 1171/11920 7296/11919
f 7323/12634 195/1349 1567/1352
f 1597/12635 202/12636 1599/12637
f 1228/12638 111/12639 1234/12640
f 1233/12312 1229/12315 1228/12641
f 1275/12642 1274/9301 5965/9300 5968/9306
f 3950/12643 3949/12644 3953/12645
f 3948/12646 826/12647 3950/12648
f 1281/818 1271/817 5720/12649
f 1347/948 144/947 140/12147 7383/12650
f 1656/12651 218/1500 1651/1499
f 1455/12652 222/1149 1456/1148
f 1454/1143 1453/1142 7357/12068
f 6126/9763 6075/9766 506/12653 2856/12654
f 6078/12655 6077/9667 6069/9658
f 2976/3594 535/3593 2883/12656
f 2885/3455 2884/3454 2973/3590
f 4201/5967 3934/5966 3947/12657 4168/12658
f 3936/12659 820/5454 3935/5457 6105/9721
f 4170/5923 3946/5473 825/5455 3937/12660
f 2904/12661 517/3486 2909/3489
f 533/3579 2967/3582 6042/9605
f 4186/12662 4185/12663 4182/12664 4181/12665
f 4180/12666 2996/12667 542/12668 3000/12669
f 5986/9401 3259/4197 620/4193 3258/4196
f 3085/3796 563/3792 540/12670 3271/12671
f 3116/3866 3115/3865 5821/8861 3083/8864
f 3498/4669 3497/4668 3120/3873 3507/12672
f 3526/4751 705/4750 5779/12673
f 3519/12674 3518/12675 5785/12676
f 3549/12677 3514/12678 698/12679 3513/12680
f 5749/12681 3550/12682 707/12683 3549/12684
f 5839/8937 5837/8926 3475/4616 3474/4615
f 3131/12685 577/12686 576/12687 3231/12688
f 3070/12689 560/12690 556/12691 3061/12692
f 6029/12693 3018/12694 3214/4081 3070/4080
f 6032/12695 2989/12696 507/12697 6125/12698
f 6056/9637 2988/3627 6053/9630 6055/12699
f 3127/3904 579/3894 3125/3893
f 3191/12700 3190/12701 3197/12702
f 4063/5659 4062/5658 4061/5661 4064/5660
f 3318/4327 643/4280 637/4279 4063/12703
f 4076/12704 4075/5693 4077/5692 4078/5694
f 4089/5712 4088/5711 4091/12705
f 4069/12706 3322/4332 644/4318 4074/8676
f 3755/12707 5156/12708 3775/12709
f 7426/12275 1266/795 1265/794
f 1305/858 1304/857 7426/12278
f 1265/12710 5873/12711 5875/9054 5874/9053
f 5004/12712 5003/7330 5005/7293
f 5000/7286 4999/7285 5004/12713
f 6017/12714 6013/12715 6012/9509 6011/9508
f 6011/9507 3001/3651 6017/9527
f 1069/12716 1066/12717 7536/12718
f 1067/12719 68/12720 1070/12721
f 837/12722 5050/7400 5033/7399 5032/12723
f 4400/12724 4399/12725 4394/12726
f 846/12727 4/12728 845/12729
f 844/12730 851/12731 5/12732 850/12733
f 7451/12734 852/12350 7454/12353
f 7537/12735 7449/12736 7451/12737
f 4448/12738 4418/6349 860/47
f 4444/12739 4422/6348 4448/6347
f 7489/12740 942/12741 939/12742
f 944/12743 30/166 946/169 7492/12449
f 4414/12744 4413/6301 4415/6300 944/12745
f 4493/6411 4478/6384 4482/6414
f 4475/6381 4476/6382 4492/6412 4493/6411
f 859/46 9/45 861/48
f 2560/2965 2559/2964 5500/8225
f 5697/12746 2579/12747 439/12748 2583/12749
f 4463/12750 1066/12751 876/12752
f 6953/11249 6956/11253 6958/11255
f 886/12753 885/11252 6955/11251
f 895/12754 19/12755 897/12756
f 2755/3241 478/3240 2758/3244
f 2759/10005 6223/10004 2756/12757
f 2453/12758 6231/12759 6228/12760 6230/12761
f 1882/1896 1886/1903 271/1902 1890/1907
f 4804/6929 4808/6928 4812/6935 4814/6937
f 4840/12762 4809/6931 4802/6916 4800/6915
f 4350/6189 4349/6188 4351/6190
f 4337/6164 4336/6163 4361/6210
f 4382/6243 4381/6242 2077/2201 2076/2200
f 4387/6248 4386/6247 4385/6246
f 4302/6119 4301/6118 4303/6120
f 7056/11390 2022/11389 2021/12763
f 1760/12764 1751/1681 1750/1680 7165/12765
f 1956/11466 278/1968 1926/1970
f 4829/12766 4834/6970 1956/11466
f 1867/12767 1866/11468 7100/11471
f 1891/12768 272/12769 1880/12770
f 6188/12771 6159/9824 6158/9823
f 6183/12772 6182/9884 6185/9885
f 6142/9790 6145/9793 6148/9796 2769/12773
f 2839/12774 502/12775 2844/12776 6130/12777
f 2841/12778 2840/12779 6154/9816 6155/9815
f 2898/12780 485/3285 2780/3287
f 4563/6552 2749/3228 2748/3227
f 4646/12781 4645/12782 4575/6570 4571/6566
f 2914/12783 2913/12784 2919/6691 4646/6690
f 2931/3525 523/3516 2928/3519
f 2653/12785 454/12786 2656/12787
f 4590/6590 4587/6586 4586/12788 2653/12789
f 6101/12790 2661/12791 4588/12792
f 2947/3552 527/3551 6103/12793
f 5756/12794 5755/12795 5754/12796
f 4614/12797 4613/12798 4612/12799 4611/12800
f 4628/6658 766/5096 3726/5095
f 4626/6654 3727/5097 4627/6657
f 2662/3100 456/3099 2666/3104
f 2647/12801 452/12802 2649/12803
f 800/3230 2750/3229 4559/6547 4558/6546
f 6593/10589 2505/10588 2517/12804
f 2369/2659 2368/2658 6299/12805
f 2295/12806 369/12807 2298/10874 6750/10873
f 2409/12808 397/2541 2295/2540
f 6613/12809 2384/2705 2387/2704 6616/10629
f 6635/12810 1741/12811 6636/12812
f 6484/10878 2380/10412 6485/10415
f 6483/12813 2408/10876 6484/10878
f 6470/10392 6469/10391 6468/10390 6477/10399
f 2292/12814 368/12815 2294/12816
f 6449/12817 6448/12818 6514/10466 6516/10469
f 6439/10344 6441/10346 6442/10347
f 4762/12819 4761/6851 4764/6854
f 6782/10921 817/5440 3920/5443
f 7520/12483 902/113 6948/11243
f 918/132 23/126 915/129
f 6564/12820 6562/12821 6559/12822
f 2587/3006 2307/2561 6550/12823
f 6548/12824 440/2998 2586/3001
f 797/12825 4760/6848 4716/6793 4715/6792
f 2593/3012 441/3011 2592/12826
f 6413/12827 6407/10308 6414/10307
f 2614/3038 445/3037 2618/3042
f 2508/2889 422/2888 2510/2891
f 6579/10568 6576/10564 6581/10570
f 2530/12828 2529/12829 6578/12830
f 6257/12831 6255/12832 6261/12833 6313/12834
f 7065/12835 1991/12836 1990/12837 1952/12838
f 7071/12839 286/12840 7065/12841
f 1920/1976 279/1972 1930/1975 7073/11426
f 4865/12842 4866/7039 4868/7042
f 4861/12843 4859/12844 4886/12845 4865/12846
f 6312/10139 6311/10137 6310/10136 6262/10066
f 2501/12847 429/2872 427/2871 2533/2927
f 2515/12848 424/12849 2501/12850
f 419/12851 423/12852 2513/12853
f 2740/3216 2739/3219 474/3212 2738/3215
f 6262/10066 6261/10065 6259/10063 6260/10064
f 7514/12854 7512/12855 904/12856 6962/12857
f 906/12858 21/12859 908/12860
f 7508/12861 7507/12862 22/118 910/121
f 912/12863 376/12864 6786/12865
f 909/12866 24/125 912/124
f 925/12867 26/140 928/143
f 962/213 39/212 966/12868
f 7487/12869 963/12870 962/12871
f 31/12872 33/12873 965/12874
f 1610/12875 49/287 1012/290
f 1007/284 48/283 1009/286
f 1084/12876 1083/12877 7465/12878 1059/12879
f 1086/441 806/423 71/422
f 1075/419 1074/418 72/440 1086/441
f 7472/12400 61/369 1047/371
f 4394/12880 1044/367 60/366 7473/12401
f 1072/12881 1046/6261 4391/6260
f 73/420 70/414 1073/417
f 7256/11835 7255/11834 7258/11837
f 1611/12882 206/12883 1617/12884
f 1093/12885 75/12886 1095/12887
f 1423/12888 164/12889 1425/12890
f 7344/12891 182/12892 1511/12893
f 1580/1372 197/1371 7344/12894
f 7329/12895 187/12896 7343/12897
f 7338/12018 1527/12017 7339/12898
f 7337/12899 1528/12016 7256/12019
f 1608/12900 205/12901 1610/12902
f 1799/12903 251/12904 1804/12905
f 1800/1770 250/1766 1799/1769
f 6914/12906 246/1738 1785/1741
f 6910/12907 6911/11151 6912/11150
f 1678/12908 226/12909 7171/12910
f 1724/12911 237/12912 1723/12913
f 6999/12914 6998/12915 240/12916 1746/12917
f 6692/10780 6693/10781 7000/11309 6999/11308
f 7111/11491 1818/1791 1824/1799 7112/11492
f 1842/12918 259/12919 1840/12920
f 1894/1913 264/1860 809/1863 7128/12921
f 1850/12922 261/12923 1849/12924
f 2853/12925 4388/12926 1852/12927
f 2851/12928 504/3398 2850/3399 2854/3405
f 1821/12929 255/12930 1829/11538 7136/11537
f 1935/12931 281/12932 1937/12933
f 1944/12934 284/2001 1948/2004
f 1955/12935 286/12936 1957/12937
f 1970/12938 288/12939 1969/12940
f 4788/12941 4787/12942 1971/12943
f 1999/12944 292/12945 1998/12946
f 2034/12947 300/2134 2033/2139
f 6672/10748 6670/10746 6673/12948
f 6648/12949 6650/12950 6651/12951
f 6642/10702 6643/10703 6647/12952 6648/12953
f 7052/12954 305/12955 2048/12956
f 2012/12957 296/12958 2014/12959
f 2039/12960 303/12961 2041/12962
f 2042/12963 304/2164 2046/2167
f 4769/12964 312/12965 7027/12966 7028/12967
f 4892/12968 3864/12969 371/12970
f 2400/12971 394/12972 2402/12973
f 7028/12974 2049/12975 306/12976 2053/12977
f 6864/12978 6861/12979 6862/12980
f 2116/12981 320/12982 2120/12983
f 7039/12984 307/12985 309/2186 2064/2189
f 2059/12986 308/12987 2061/12988
f 7033/11351 7032/11350 7035/11353
f 3899/12989 812/12990 3900/12991
f 2082/12992 315/2215 2090/2218
f 2081/12993 314/12994 2087/12995
f 2084/12996 314/12997 2085/12998
f 2092/2222 316/2221 2091/12999
f 2095/13000 317/13001 2097/13002
f 2103/13003 318/2233 2105/2236
f 319/13004 2111/13005 3862/13006
f 795/13007 2121/13008 2124/13009
f 2128/13010 322/2261 2127/2264
f 796/2271 2133/2270 4898/7118
f 2139/13011 325/13012 2138/13013
f 2151/13014 327/13015 2153/13016
f 2154/13017 327/13018 2136/13019
f 3913/5435 816/5434 3917/5439 4279/6080
f 2278/2516 362/2515 2288/2530
f 2351/2629 381/2628 4927/13020
f 2332/2605 2331/2604 6751/10882
f 2329/2602 377/2601 2335/2608
f 2176/2340 331/2339 2182/2346
f 4278/13021 310/11358 7037/11357
f 2223/13022 342/13023 2225/13024
f 2258/13025 2257/13026 2256/13027
f 2256/13028 351/2458 2223/2460
f 2281/13029 363/13030 2283/13031
f 2302/13032 392/13033 2392/13034
f 6793/10940 2299/2548 370/2547 2303/2552
f 4710/13035 4709/13036 4712/13037
f 797/5368 3869/5371 4704/6781
f 2319/13038 375/13039 2321/13040
f 2322/13041 375/13042 2324/13043
f 2398/2718 393/2712 2395/2715
f 6718/10820 6717/10819 6722/10826
f 6732/13044 6729/13045 6728/13046
f 2411/2744 398/2743 2415/13047
f 6699/10788 2417/2753 6697/13048
f 2421/2760 2418/2759 6700/13049
f 2429/13050 404/13051 2431/13052
f 2522/13053 425/13054 2521/13055
f 2536/13056 2535/13057 2534/13058
f 2534/13059 428/13060 2538/13061
f 4240/13062 428/13063 2541/13064
f 4224/13065 3924/13066 818/13067 3927/13068
f 4229/6007 4228/6006 4235/6017
f 4230/6008 4227/6005 4226/6003 4229/6007
f 3764/13069 3721/13070 5097/13071
f 3760/13072 763/13073 3764/13074
f 6519/10476 2552/10475 3760/13075
f 2553/13076 432/13077 2612/13078 6519/13079
f 2557/13080 433/13081 2556/13082
f 2575/13083 437/13084 2577/13085
f 798/13086 2598/13087 2578/13088
f 4220/5997 4213/5996 4212/13089
f 2730/3201 2717/3180 2716/3179 2723/13090
f 2601/3020 442/3019 2603/3022
f 2629/13091 448/13092 2631/13093
f 2632/13094 449/13095 2634/13096
f 2638/13097 450/13098 2637/13099
f 2634/10241 6365/10238 6364/10237
f 2643/3073 451/3069 2642/3072
f 2646/13100 2645/10232 6362/10235
f 2683/13101 460/13102 2667/13103
f 2667/13104 457/13105 2669/13106
f 2687/3140 461/3139 2691/3144
f 3875/13107 4649/13108 4652/13109
f 6330/13110 6329/13111 6328/13112
f 4204/13113 4203/13114 4205/13115 4209/13116
f 3930/13117 3929/5970 3933/5969
f 3928/13118 819/13119 3932/13120
f 2790/13121 488/13122 2792/13123
f 2823/13124 2822/13125 500/13126 2836/13127
f 2870/13128 510/13129 2872/13130
f 2891/13131 514/13132 2893/13133
f 2901/13134 516/13135 2903/13136
f 2923/13137 522/13138 2925/13139
f 2933/13140 524/3533 525/3536
f 6081/9682 2952/3562 2951/3561
f 2964/13141 532/13142 2963/13143
f 2963/13144 531/13145 2964/13146
f 5803/13147 5800/13148 5805/13149 5804/13150
f 5798/13151 5801/8827 5802/8826
f 5797/13152 3502/8854 5799/8823 5798/8822
f 3264/13153 621/13154 3263/8840 5816/8848
f 3423/13155 672/13156 3425/13157
f 3508/13158 697/13159 3510/13160
f 3557/13161 710/13162 708/13163 3560/13164
f 3564/13165 709/13166 3563/13167
f 5752/8735 3565/4794 3564/4793
f 3562/4791 3561/4790 5753/8736
f 5705/8577 748/5064 3711/5067
f 3762/13168 763/13169 767/13170 3769/13171
f 3765/13172 765/13173 3767/13174
f 3886/6284 4405/6287 4406/13175
f 4389/13176 807/5404 1072/5407
f 3891/13177 808/13178 3893/13179
f 1938/13180 810/13181 3895/13182
f 3896/13183 811/13184 3898/13185
f 3909/13186 3908/13187 4281/13188
f 3910/13189 815/13190 3912/13191
f 3938/13192 823/13193 3940/13194
f 4192/13195 4191/13196 4190/13197
f 4198/13198 821/13198 4200/13198
f 4353/13199 4354/13200 4356/13201
f 4375/6235 4369/6234 4377/13202
f 4372/6225 4371/6224 4376/13203
f 4781/6887 4782/6886 4786/13204
f 6083/13205 6086/13206 6085/13207
f 6087/13208 6086/13209 6089/13210
f 6250/13211 479/13212 4648/13213
f 6318/13214 6316/13215 6317/13216
f 6353/13217 6352/13218 6355/13219
f 6402/10287 6376/10259 6375/13220
f 6524/13221 6521/13222 6520/13223
f 6542/13224 6545/13225 6547/13226
f 6592/13227 2496/13228 6591/13229
f 6596/13230 2495/13231 6598/13232
f 6702/13233 6701/13234 6696/13235
f 6754/13236 6757/13237 6756/13238 6759/13239
f 6768/10901 6764/10897 6761/10894 6760/10893
f 6798/13240 2284/13241 6800/13242
f 6814/10973 6810/10972 6813/13243
f 6973/11278 6972/11277 6975/11280
f 7024/13244 7023/13245 6732/13246
f 7078/13247 1825/13248 7080/13249 7083/13250
f 7089/13251 7088/13252 1949/13253 7091/13254
f 7142/13255 257/13256 7141/13257
f 7395/13258 7388/13259 7387/13260
f 7392/12157 7390/12155 7394/12159
f 7387/13261 7386/13262 7389/13263
f 7430/13264 7429/13265 7428/13266
f 1667/13267 99/13268 97/13269 209/13270
f 1667/1533 1206/668 1190/9238 99/13271
f 1431/1109 1436/1112 5911/13272 1205/13273
f 386/13274 2373/2697 390/2696 391/13275
f 2370/13276 386/13277 6279/10083 6278/10082
f 386/13278 391/13279 2386/13280 6279/13281
f 103/655 7361/12077 7358/13282
f 103/655 7358/13282 166/13283
f 103/655 166/13283 1203/657
f 1441/13284 166/13285 7358/13286
f 7346/13287 1231/709 112/13288 1239/13289
f 7346/13287 1226/701 110/697 1231/709
f 1059/395 1057/394 52/13290
f 1059/13291 52/13292 54/13293
f 1059/13291 54/13293 53/13294
f 1059/13295 53/13296 1028/13297
f 1059/13298 1028/341 1083/12374
f 1059/13299 1083/13300 7463/13301
f 3683/5026 3682/5025 5710/8586 5711/8585
f 4023/13302 5711/8589 5712/8590
f 4023/13303 4022/13304 3683/5026 5711/8585
f 3704/13305 745/13306 3698/5604 4033/13307
f 3698/5604 4028/5603 4033/13307
f 2627/3053 447/3049 4010/5573 3693/5044
f 6374/13308 2627/3053 3693/5044 3695/5046
f 3693/13309 744/13310 3695/13311
f 2692/13312 462/13313 2694/13314
f 2692/13315 2694/13316 463/13317
f 2692/13318 463/13319 2695/13320
f 2692/3146 2695/3151 799/10215
f 3732/5103 4011/5574 2626/3052 4013/5576
f 3759/7665 3733/7664 3732/5103 4013/5576
f 3733/7664 754/5100 3732/5103
f 5154/13321 5155/7653 5157/7655 3759/7665
f 5154/7652 5146/7651 5155/13322
f 5139/7629 5138/7628 5135/7625
f 5139/7629 5135/7625 5137/7627
f 5139/13323 5137/13324 5136/13325
f 3528/13326 5792/13327 5145/13328
f 3528/13329 3527/8796 3531/8795 5792/13330
f 3771/5183 3770/5182 700/4716 3529/4719
f 3770/5182 3522/13331 3521/13332 700/4716
f 772/13333 3788/5221 804/5209
f 772/13333 769/5195 3778/5200 3788/5221
f 3781/13334 3533/13335 704/13336 5782/13337
f 3781/13334 772/13338 773/13339 3533/13335
f 3781/13340 770/13341 772/13342
f 772/13333 804/5209 3786/5219 773/5210
f 804/13343 774/13344 776/13345 3786/13346
f 774/13347 775/13348 768/13349 776/13350
f 774/5222 3773/5190 775/5189
f 3722/13351 3721/13352 752/13353 3728/13354
f 7523/12486 888/93 3689/13355 5708/13356
f 888/13357 892/151 3689/5038
f 7523/13358 5708/13359 3722/13360 3728/13361
f 5708/8580 3707/5062 5096/7527 3722/5089
f 6781/10918 6779/10916 882/84 889/94
f 6779/10916 6776/10913 880/80 882/84
f 7524/12487 881/81 6774/10909 6773/10908
f 7524/12487 879/78 881/81
f 6942/11233 7524/12487 2200/12584
f 6942/13362 2200/13363 336/13364
f 6942/11233 336/13365 4291/6098
f 2266/2472 356/2471 6872/11068
f 2266/13366 6872/13367 6871/13368
f 2266/13366 6871/13368 4292/13369
f 2266/13366 4292/13369 4289/13370
f 2266/13366 4289/13370 4286/13371
f 2266/13366 4286/13371 4285/13372
f 2266/13366 4285/13372 2113/13373
f 2266/2472 2113/2243 346/2437
f 2266/13374 346/13375 2245/13376
f 2266/13374 2245/13376 2244/13377
f 3904/13378 2242/2436 345/2435 2241/13379
f 3904/13378 2212/13380 354/2467 2242/2436
f 2212/13381 357/13382 354/13383
f 2261/13384 2260/13385 6875/13386 6877/13387
f 4288/13388 4287/13389 2261/13390 6877/13391 360/13392 2238/13393 2235/13394
f 2260/2463 2259/2462 353/11114
f 2260/13395 353/13396 2264/13397
f 2260/13398 2264/13399 355/13400
f 2260/13401 355/13402 6875/13403
f 6933/11221 6895/11220 2257/13404 2263/13405
f 2257/11122 341/2405 352/2461 2263/2466
f 1699/13406 1698/13407 1704/13408 232/13409
f 1699/13410 232/13411 233/1597 6901/13412
f 233/1597 1708/1600 6901/13412
f 4966/7226 4965/7225 1811/13413
f 4966/7226 1811/13413 4963/13414
f 4966/7226 4963/13414 4964/7227
f 4959/7218 1701/1590 231/1589
f 4959/7218 231/1589 1703/1592
f 4959/7218 1703/1592 4960/7219
f 1476/1183 1464/1182 7156/11588 7160/11587
f 1464/1165 1463/1164 7156/11581
f 7354/13415 174/1161 1468/1171 7353/13416
f 7354/12059 1461/12062 174/13417
f 1711/13418 1718/13419 6835/13420 6837/13421
f 6835/13420 6832/13422 6837/13421
f 2252/2449 348/2448 2253/13423
f 2252/2449 2253/13423 350/13424
f 2252/13425 350/2450 2255/2453
f 6945/13426 6943/13427 2199/13428 6852/13429
f 2199/13430 6849/11034 6852/11036
f 4269/6062 4257/13431 4271/13432
f 4269/6062 4258/6043 4255/6042 4257/13431
f 3923/6028 4246/6030 4248/6032 4247/6031
f 6846/11027 6844/11025 6843/11024
f 6846/13433 6843/13434 2197/13435
f 6846/13436 2197/13437 2196/13438
f 6846/13439 2196/13440 2195/13441
f 1090/447 74/446 1087/443 7538/13442
f 1087/443 73/442 7308/11937 7538/13442
f 7308/11937 7307/11936 1090/447 7538/13442
f 7220/11706 189/1284 1534/1283
f 7220/11706 7219/11705 7222/11708 189/1284
f 7314/11947 1592/11948 1585/11961 7319/11963
f 1592/1395 1586/1394 1585/13443
f 1142/544 87/535 1138/538
f 1142/544 1141/543 1146/12332 87/535
f 7195/13444 7182/11638 7179/11630 1600/11634
f 7182/13445 7180/13446 7179/13447
f 7253/13448 1639/13449 1638/11818 7323/13450
f 1638/11818 1552/11817 7322/13451 7323/13450
f 7322/13452 1552/13453 7540/13454 7318/13455
f 7539/13456 7540/13454 1552/13453 1551/13457
f 199/1387 1588/1386 7539/13458 1551/13459
f 1588/1386 7317/13460 7539/13458
f 7317/13461 7318/13462 7540/13463 7539/13464
f 1157/571 1156/570 7180/11631 7184/11640
f 1062/402 1061/401 1157/571 7184/11640
f 1062/402 67/14 1061/401
f 4940/13465 1133/13466 1117/13467
f 4940/13468 1117/492 79/491
f 4940/7177 79/13469 1116/11070
f 4940/7177 1116/11070 6873/11069
f 4940/13470 6873/11074 4941/12368
f 4940/7177 4941/7178 3858/5351
f 1117/13467 1133/13466 86/13471
f 7437/12306 1243/741 1240/746
f 7437/12306 1240/746 120/13472
f 7437/13473 120/12296 7434/12299
f 7386/12150 1276/12149 127/13474 1275/13475
f 3430/9017 1396/1036 7386/12150 1275/13475
f 1396/1036 1399/1040 7386/12150
f 5720/8602 5719/8601 5718/8599 3660/4974
f 5718/8599 5717/8598 5721/8603 3660/4974
f 1285/13476 128/13477 1290/13478 5969/13479
f 1290/830 7425/12272 1280/13480 5969/13481
f 7425/13482 1336/13483 138/13484 1280/13485
f 138/13486 126/13487 1280/13488
f 1288/13489 3414/13490 669/13491
f 1288/13492 669/13493 671/13494
f 1288/13495 671/13496 663/13497
f 1288/13498 663/4471 673/4474
f 7381/13499 7372/13500 1355/13501 1347/13502
f 1355/959 145/949 1347/948
f 1576/9227 5925/9178 7542/13503 7541/13504
f 5923/9177 1625/13505 7542/13503 5925/9178
f 1577/13506 1576/9227 7541/13504 1618/13507
f 7541/13508 7542/13509 1625/13510
f 7541/13511 1625/13512 211/13513
f 7541/13514 211/1442 1624/1445
f 7541/13515 1624/13516 1618/13517
f 204/1414 1607/1417 210/13518
f 204/13519 210/13520 1620/13521
f 204/1430 1620/13522 1618/1434
f 204/1430 1618/1434 207/1431
f 6043/13523 2980/3611 6044/13524
f 6043/13523 6039/13525 2982/3612 2980/3611
f 3182/8708 3551/8707 710/8730
f 3182/13526 710/8733 3552/8732
f 3182/13526 3552/8732 3553/8731
f 3182/13527 3553/13528 5751/13529
f 3474/4615 686/4614 5745/8702 7543/13530
f 5745/8702 5744/8701 5747/8706 7543/13530
f 5747/8706 3182/8708 3474/4615 7543/13530
f 6000/13531 592/13532 3177/13533 5839/13534
f 6000/13531 3175/13535 592/13532
f 6000/13531 3194/13536 3175/13535
f 6000/9473 5998/9472 3195/13537 3194/13538
f 3126/13539 578/4061 602/4058 6029/13540
f 602/13541 559/13542 557/3671 6029/9578
f 3554/13543 708/13544 3556/13545
f 3554/13546 3556/13547 6018/13548
f 3554/13549 6018/9533 6025/9561
f 5775/8778 5761/8779 5760/13550
f 5775/13551 5760/8749 5759/8748
f 5775/13552 5759/8746 3555/8745
f 510/13553 2880/3447 5767/8760
f 510/13553 5767/8760 5766/8759
f 510/13554 5766/13555 6125/13556
f 6049/13557 6048/9617 6047/9614
f 6049/13557 6047/9614 6034/9613
f 6049/13558 6034/13559 6033/13560
f 6036/9594 2985/13561 2984/13562 7544/13563
f 2984/13562 2983/13564 6046/9612 7544/13563
f 6046/9612 6037/9595 6036/9594 7544/13563
f 2983/13564 2970/3609 2981/3608 6046/9612
f 2983/3614 534/3583 2970/3586
f 3136/13565 3105/3847 3104/3846 4538/13566
f 3136/13567 3135/4663 3105/8918
f 802/13568 3273/13569 3192/13570 3191/13571
f 3273/4222 624/4221 3051/13572 3192/13573
f 3378/13574 657/13575 3381/13576 7545/13577
f 3381/13576 3359/13578 652/13579 7545/13577
f 652/13579 5977/13580 3378/13574 7545/13577
f 652/13579 3307/13581 5977/13580
f 3302/13582 3301/13583 5857/13584 3379/13585
f 5857/8997 3376/4432 3379/13586
f 5978/9357 640/4303 654/4309 3305/4308
f 640/4303 3368/4405 654/4309
f 4074/13587 4071/13588 3401/13589
f 4074/13587 3401/13589 665/13590
f 4074/13591 665/13592 3403/13593
f 3405/13594 666/13595 5960/13596
f 666/13597 3420/4512 3419/4511 5960/13598
f 3385/13599 660/13600 3405/13601
f 660/13602 661/13603 3399/4480 3405/4490
f 649/13604 3348/13605 3349/13606
f 649/13604 3349/13606 659/13607
f 649/13608 659/13609 647/13610
f 5126/7608 3742/7433 761/13611 3750/13612
f 3742/5125 759/5124 761/13613
f 7416/13614 7413/13615 7417/12217 1313/871
f 7413/12212 7415/12215 7417/13616
f 4990/13617 5019/13618 4994/13619 4993/13620
f 4990/7273 4987/7272 4986/7336 5019/7339
f 4986/7336 5001/7335 5019/7339
f 5011/7303 5014/7306 1697/1585 4992/7278
f 1697/1585 1696/1584 4992/7278
f 5836/8915 5823/8914 5822/13621 3121/13622
f 5822/13623 3119/3870 3121/3877
f 4153/5862 4139/5825 4157/5866 4155/5864
f 4153/5862 4144/5835 4141/5829 4139/5825
f 4143/13624 4142/5830 4141/5829
f 4143/13624 4141/5829 3279/5837
f 4143/13625 3279/13626 3276/13627
f 5046/7390 5044/13628 5048/7392 1104/7395
f 5046/7390 5045/7389 5044/13628
f 5038/7378 5041/7381 5040/7380
f 5038/7378 5036/7376 5034/7374 5041/7381
f 7529/13629 7528/12496 838/21 856/13630
f 838/21 8/41 856/13630
f 7438/13631 69/13632 839/13633 7525/13634
f 69/13632 3/13635 839/13633
f 4429/6323 4425/6315 4424/6314 4423/6313
f 4424/6314 4421/6310 4420/6308 4423/6313
f 4482/6414 4480/6413 3880/6392 4412/6296
f 437/13636 2574/7978 5352/7977 2561/7986
f 5510/8242 5509/8241 5511/13637
f 5510/13638 5511/13639 437/13640
f 5510/13641 437/13636 2561/7986
f 5510/13641 2561/7986 435/13642
f 5510/13643 435/13644 434/13645
f 5510/13646 434/13647 2560/13648
f 5207/13649 5206/13650 3716/5081 5692/13651
f 3716/5081 751/5080 5692/13651
f 6196/9907 498/9906 496/13652
f 6196/9907 496/13652 2829/13653
f 6196/9907 2829/13653 6192/13654
f 1885/13655 1884/13656 270/1891 269/1889 1883/13657
f 4811/13658 4810/13659 4815/13660
f 4811/13661 4815/6946 1885/1900
f 4811/13662 1885/13663 1883/13664
f 4883/13665 4842/13666 4841/13667
f 4883/13668 4841/13669 4839/13670
f 4883/13668 4839/13670 4840/13671
f 4836/6975 1982/6981 1911/6976
f 1982/6981 1981/13672 1911/6976
f 1911/6976 1981/13672 295/13673
f 1981/13672 1912/13674 295/13673
f 7055/13675 4331/6154 4330/6153 4332/13676
f 7055/13675 2011/6155 4331/6154
f 7054/13677 4325/13678 4324/13679 7546/13680
f 4324/13681 4323/13682 2010/13683 7546/13684
f 2010/13685 294/13686 298/13687
f 2010/13685 298/13687 7054/13688
f 2010/13683 7054/13689 7546/13684
f 4293/6108 3902/6107 4312/13690 2072/13691
f 3902/6107 4313/6214 4312/13690
f 1933/1983 1932/1982 1728/1644 7070/11421
f 1932/1982 1732/1649 1728/1644
f 7099/13692 1918/13693 280/1979 1934/1984
f 1918/13693 1915/1980 280/1979
f 4838/13694 266/13695 265/13696 1864/13697
f 4838/13698 273/1915 1865/1918 266/13699
f 6214/13700 1871/13701 1870/13702
f 6214/9949 6213/9948 6212/9954 1871/9959
f 2824/13703 495/13704 2825/3364
f 2824/13703 2825/3364 6209/9935
f 2824/13703 6209/9935 2814/9979
f 2765/3253 481/3249 489/3252
f 2765/3261 489/13705 2797/13706
f 2765/3261 2797/13706 2769/3262
f 6157/13707 6156/13708 2833/13709
f 6157/13707 2833/13709 500/13710
f 6157/13711 500/13712 2835/13713
f 6157/13714 2835/3381 2823/3380
f 4556/6543 4555/6542 2910/3490 2894/3471
f 2910/13715 518/13716 2894/13717
f 2748/3227 476/3226 2735/3209 4557/6544
f 476/3226 2731/3231 472/3206 2735/3209
f 2926/13718 2916/13719 520/13720
f 2926/3521 520/3500 2915/3503
f 2926/13721 2915/9724 6108/9727
f 2962/13722 525/13723 822/13724
f 2962/13725 822/13726 2960/13727
f 2962/13728 2960/13729 530/13730
f 2660/13731 455/13732 2658/13733
f 2660/13731 2658/13733 2940/13734
f 2660/13735 2940/13736 4595/13737
f 2658/13733 455/13732 2659/13738
f 4569/6562 4610/6631 4615/10248 6371/10247
f 2649/13739 4567/6563 4569/6562 6371/10247
f 2649/13740 4565/13741 4567/13742
f 801/3211 2492/2864 2491/2863 4542/6521
f 473/13743 467/13744 4541/13745
f 473/3210 801/3211 4542/6521 467/10190
f 6303/10124 2497/2878 6595/10591 7547/13746
f 6595/10591 2604/13747 443/13748 7547/13746
f 443/13749 6300/13750 6303/13751 7547/13752
f 443/13748 2608/10121 6300/10120
f 384/13753 2366/13754 6295/13755
f 384/13756 6295/10119 2367/2657
f 384/13756 2367/2657 385/2656
f 384/13756 385/2656 2369/2659
f 6288/10094 6287/10093 6290/10096 2365/10100
f 6290/13757 6289/13758 2365/13759
f 6747/10868 6278/10867 6275/13760 4896/10086
f 6278/10867 6276/13761 6275/13760
f 6275/13760 6282/10087 4896/10086
f 6275/10079 6273/10077 6272/10076 6282/13762
f 6637/13763 2442/2783 6623/13764
f 6637/13763 2436/10699 2437/2778 2442/2783
f 2388/13765 6628/10665 1742/10674 6634/10673
f 2388/13765 2391/13766 6629/10666 6628/10665
f 2403/13767 388/13768 2390/13769 2389/13770
f 2403/2725 395/2724 388/13771
f 6444/13772 6443/13773 6446/13774 6450/13775
f 6446/13776 2285/13777 6450/13778
f 2314/13779 2312/2572 6431/10334 6430/13780
f 6438/10343 6434/10339 2314/13781 7548/13782
f 2314/13781 6430/10331 6429/10330 7548/13782
f 6429/10330 6511/10453 6438/10343 7548/13782
f 4755/6843 4731/6811 4756/6844
f 4755/6843 4732/6812 4729/6808 4731/6811
f 2338/13783 2337/6815 4734/6814 6782/10921
f 6782/13784 901/112 7550/13785 2338/2612
f 7549/13786 7550/13785 901/112 20/108
f 900/111 4753/6841 7549/13786 20/108
f 4753/6841 378/2609 7549/13786
f 378/2609 2338/2612 7550/13785 7549/13786
f 915/129 914/128 4741/6826 4750/6837
f 4741/6826 4740/6825 4750/6837
f 6517/10470 6426/10325 6433/10338
f 6517/10470 6420/10318 6422/10321 6426/10325
f 6497/13787 6493/13788 6481/10441 6500/10437
f 6497/13789 6494/13790 6493/13791
f 6315/10144 6316/10145 411/2809 2469/2819
f 6316/10145 2463/2810 411/2809
f 6221/9987 2445/2800 2448/2791 6219/13792
f 6221/9987 6220/9986 2455/2801 2445/2800
f 2445/2800 410/2799 2461/2807
f 2445/2800 2461/2807 6169/9845
f 2445/2800 6169/9845 2446/2789
f 2445/2800 2446/2789 408/2788
f 2445/2800 408/2788 2448/2791
f 2737/3214 4545/6538 4547/13793 4548/13794
f 4545/6525 4544/6524 4547/6527
f 6260/10064 2457/2803 2745/3223 475/3222
f 475/3222 2747/3225 2754/6545 7551/13795
f 2754/6545 4553/6540 2744/3221 7551/13795
f 2744/13796 2743/13797 6260/13798
f 2744/3221 6260/10064 475/3222
f 2744/3221 475/3222 7551/13795
f 4483/6395 921/6398 4485/13799 915/13800
f 4491/13801 4484/13802 4483/13803 915/13804
f 4491/13801 4490/13805 4484/13802
f 4178/13806 929/13807 930/13808 3945/13809
f 1081/13810 7272/11864 7274/11866
f 1081/13810 1080/13811 1614/1426 7272/11864
f 1523/13812 185/13813 1423/13814
f 185/1265 1526/1268 7328/11994 1423/13815
f 1695/13816 1694/13817 6904/13818
f 1695/13819 6904/13820 6903/13821
f 1695/13822 6903/11135 6902/11134
f 6904/11145 1694/13823 1723/11146
f 1938/13824 282/13825 1940/13826
f 1938/13827 1940/11455 7092/11452
f 1938/13827 7092/11452 283/11451
f 1938/13828 283/1993 1943/1996
f 6995/11304 2026/2127 299/2126
f 6995/13829 299/13830 2028/13831
f 6995/13829 2028/13831 6692/13832
f 1837/13833 1834/13834 7104/11478 7106/11481
f 1837/13835 257/13836 1834/13837
f 1837/13838 258/1812 1830/1815 257/13839
f 1861/1862 1860/1861 1841/11516 1842/13840
f 1841/13841 263/13842 1842/13843
f 7129/11521 1820/1793 1819/1792 7108/11489
f 7129/11521 7108/11489 7102/13844 7101/13845
f 1849/13846 7130/11522 7129/11521 7101/13845
f 1849/13846 1853/11539 7131/11523 7130/11522
f 7144/13847 7147/13848 256/13849 1827/13850
f 7147/13851 1826/13852 1825/13853 256/13854
f 6690/10778 6686/10774 6684/10772 2005/2094
f 6688/13855 6695/13856 6694/13857
f 6688/13855 6694/13857 6686/13858
f 6688/13859 6686/13860 6690/13861
f 6664/13862 6662/10743 6668/10742 6672/10748
f 6668/13863 6671/13864 6672/13865
f 6642/13866 2048/2171 403/2170
f 6642/13867 403/13868 2037/13869
f 6642/13870 2037/13871 2009/13872
f 6642/10702 2009/2098 2008/2097
f 4777/13873 4778/13874 1994/13875 2001/13876
f 299/13877 2030/13878 7553/13879 7552/13880
f 294/13881 7053/13882 7553/13879 2030/13878
f 7552/13880 7553/13879 7053/13882 2015/13883
f 296/13884 299/13877 7552/13880 2015/13883
f 2085/13885 364/13886 2285/13887 2084/13888
f 2085/13885 2284/13889 364/13886
f 2190/13890 329/2319 2164/2322
f 2190/13891 334/13892 2157/2317 329/2316
f 2186/13893 332/2347 2185/2350 2189/13894
f 2185/2355 333/2278 2189/2358
f 2289/13895 367/13896 2286/13897 3914/13898
f 2286/10946 3915/10945 3914/13899
f 2597/13900 6539/13901 6538/13902 7554/13903
f 6538/13902 6540/13904 6541/13905
f 6538/13902 6541/13905 2595/13906
f 6538/13902 2595/13906 7554/13903
f 2613/13907 2612/13908 444/13909
f 2613/13910 444/13911 2611/13912
f 2613/13910 2611/13912 4702/13913
f 4218/5994 469/5993 6336/13914 2613/13915
f 469/5993 2722/13916 6336/13914
f 2719/13917 2708/3167 2705/3162 4223/6000
f 2719/5992 4217/5995 2706/13918 2708/13919
f 6337/13920 6334/10175 2718/10174
f 6337/13920 2718/10174 468/13921
f 6337/13922 468/3182 467/3181
f 6337/13922 467/3181 471/13923
f 6337/13924 471/13925 2730/13926
f 2578/13927 438/13928 442/13929
f 2578/13930 442/13931 2600/13932
f 2578/13933 2600/13934 6339/13935
f 4694/6764 4690/6763 4693/13936
f 4694/13937 4693/13938 4686/13939
f 4694/13940 4686/13941 4684/13942
f 6357/10227 6356/10226 4685/6753 4687/6755
f 4678/13943 2651/3083 2650/3082 453/3081
f 4681/13944 4678/13945 453/13946 2652/13947
f 4681/13944 4680/13948 4678/13945
f 4679/13949 4678/13950 4676/13951
f 4679/13952 4676/13953 2709/13954
f 4679/13955 2709/13956 466/13957
f 6124/13958 512/13959 6123/13960
f 6124/13961 6123/13962 486/13963
f 6124/13961 486/13963 2785/13964
f 6114/13965 2899/13966 2900/13967
f 6079/13968 6065/9654 2922/9657
f 6079/13969 2922/9645 6058/9644
f 6079/13969 6058/9644 6062/9647
f 6079/13970 2920/13971 521/13972 7555/13973
f 521/13974 6068/13975 6066/13976 7555/13977
f 6068/13975 6067/13978 6066/13976
f 6080/13979 822/13980 2959/13981 2957/13982
f 2959/13983 2958/13984 529/13985 2957/13986
f 3690/13987 749/13988 750/13989 3714/13990
f 3690/13987 744/13991 749/13988
f 4785/6892 4784/6891 4792/6900
f 4785/6892 4792/6900 4789/6897
f 4785/6892 4789/6897 4787/6896
f 4785/13992 4787/13993 4791/13994
f 840/6346 841/6345 842/13995 4446/6343
f 16/13996 885/13997 886/13998 883/13999
f 903/11259 904/11261 905/14000 6959/11256
f 26/140 925/12867 4177/5930 926/141
f 47/14001 1002/14002 1005/14003 1003/14004
f 248/14005 1793/14006 1788/14007 1789/14008
f 1952/14009 1953/14010 1954/14011 4864/14012
f 1958/14013 1959/14014 1960/14015 7070/14016
f 2054/14017 2055/14018 2056/14019 6864/14020
f 2068/14021 2069/11349 2070/11346 7029/11345
f 316/14022 2047/14023 7014/14024 2091/14025
f 2098/6086 2099/6085 2100/14026 4282/6083
f 349/2234 2101/11323 2102/11322 2104/2235
f 2106/14027 2107/14028 2108/14029 6989/14030
f 322/14031 2128/14032 2126/14033 813/14034
f 344/14035 2235/14036 2238/14037 359/14038
f 371/14039 2304/14040 2288/14041 2287/14042
f 402/2765 2425/2768 2426/14043 2427/2766
f 2400/7101 2432/14044 2433/6879 2434/7102
f 2470/14045 2471/6015 2472/6014 6640/14046
f 2595/14047 2596/14048 2597/14049 7554/14050
f 507/14051 2965/14052 4184/5940 2857/5942
f 593/14053 3179/14054 6023/14055 3178/14056
f 593/14057 3178/14058 3181/14059 3180/14060
f 598/14061 3192/14062 3051/14063 3055/14064
f 3880/6392 3881/6391 3882/6297 4412/6296
f 3901/6215 3902/6107 3903/6106 4298/6113
f 2216/11064 2219/6103 3904/6102 2269/11063
f 3921/14065 3922/6029 3923/6028 4247/6031
f 4368/14066 4374/14067 4377/14068 4369/14069
f 4436/14070 4439/14071 4441/14072 4442/14073
f 2052/14074 4776/6880 2433/6879 2432/14044
f 2115/14075 4899/14076 4938/14077 4900/14078
f 5770/8767 5773/8771 5778/8777 5771/8768
f 4078/14079 4081/5702 4083/5701 4094/5720
f 598/14080 3055/14081 6024/14082 6022/14083
f 6065/14084 6079/13970 7555/13973 6066/14085
f 2843/3389 6133/9775 6222/14086 6129/9771
f 2651/6746 4683/6751 4685/6753 6356/10226
f 431/2942 2547/2945 6563/14087 2548/2946
f 420/14088 2525/14089 6599/14090 6505/14091
f 6802/10963 6803/10959 6804/10958 6808/10964
f 2183/14092 2187/14093 6948/14094 2184/14095
f 7015/14096 7022/14097 7016/14098 7017/14099
f 997/11869 7276/11868 7275/11867 7477/14100
f 7438/14101 7525/14102 7526/14103 7527/14104
f 1204/14105 1431/1105 1205/14106
f 1204/14105 1443/12064 1431/1105
f 7556/14107 7557/14108 7558/14109 7559/14110
f 7556/14107 7559/14110 7560/14111 7561/14112
f 7556/14107 7561/14112 7562/14113 7557/14108
f 7562/14114 7563/14115 7564/14116 7557/14117
f 7564/14118 7565/14119 7566/14120 7567/14121
f 7564/14118 7567/14121 7558/14109 7557/14108
f 7564/14118 7563/14122 7568/14123 7565/14119
f 7569/14124 7570/14125 7571/14126 7566/14120
f 7571/14126 7572/14127 7567/14121 7566/14120
f 7572/14127 7573/14128 7558/14109 7567/14121
f 7573/14128 7574/14129 7575/14130
f 7573/14128 7575/14130 7559/14110 7558/14109
f 7576/14131 7570/14125 7569/14124 7577/14132
f 7565/14119 7568/14123 7577/14132 7569/14124
f 7565/14119 7569/14124 7566/14120
f 7578/14133 7579/14134 7580/14135 7581/14136
f 7578/14133 7582/14137 7583/14138 7579/14134
f 7578/14139 7581/14140 7584/14141 7585/14142
f 7585/14142 7584/14141 7586/14143 7587/14144
f 7588/14145 7583/14138 7582/14137 7587/14146
f 7586/14147 7584/14148 7589/14149 7590/14150
f 7590/14150 7589/14149 7591/14151 7592/14152
f 7591/14153 7589/14154 7593/14155 7594/14156
f 7594/14156 7593/14155 7595/14157 7596/14158
f 7595/14159 7593/14160 7581/14161 7580/14162
f 7593/14160 7589/14149 7584/14148 7581/14161
f 7597/14163 7602/14164 7605/14165 7606/14166
f 7597/14167 7607/14168 7603/14169 7602/14170
f 7597/14171 7606/14172 7608/14173 7609/14174
f 7598/14175 7610/14176 7599/14177 7611/14178
f 7598/14175 7612/14179 7613/14180 7610/14176
f 7598/14175 7611/14178 7614/14181 7612/14179
f 7599/14182 7615/14183 7616/14184 7611/14185
f 7599/14177 7610/14176 7617/14186 7615/14187
f 7600/14188 7620/14189 7621/14190 7618/14191
f 7601/14192 7619/14193 7622/14194 7623/14195
f 7600/14196 7601/14192 7623/14195 7620/14197
f 7623/14195 7616/14184 7615/14183 7620/14197
f 7623/14195 7622/14194 7624/14198 7625/14199
f 7623/14195 7625/14199 7626/14200 7616/14184
f 7626/14200 7614/14201 7611/14185 7616/14184
f 7626/14200 7625/14199 7606/14166 7605/14165
f 7626/14200 7605/14165 7604/14202 7614/14201
f 7625/14199 7624/14198 7608/14203 7606/14166
f 7624/14198 7622/14194 7627/14204 7628/14205
f 7624/14198 7628/14205 7629/14206 7608/14203
f 7627/14207 7622/14208 7619/14209 7618/14210
f 7630/14211 7631/14212 7632/14213 7633/14214
f 7630/14211 7627/14215 7634/14216 7631/14212
f 7632/14213 7631/14212 7635/14217 7636/14218
f 7635/14217 7631/14212 7634/14216 7637/14219
f 7635/14217 7637/14219 7613/14220 7607/14221
f 7637/14219 7634/14216 7621/14190 7617/14222
f 7637/14223 7617/14186 7610/14176 7613/14180
f 7634/14216 7627/14215 7618/14191 7621/14190
f 7621/14224 7620/14225 7615/14187 7617/14186
f 7614/14226 7604/14227 7603/14169 7612/14228
f 7613/14229 7612/14228 7603/14169 7607/14168
f 7602/14230 7603/14231 7604/14232 7605/14233
f 7600/14234 7618/14210 7619/14209 7601/14235
f 7636/14236 7597/14167 7609/14237
f 7636/14236 7635/14238 7607/14168 7597/14167
f 7638/14239 7642/14240 7643/14241 7639/14242
f 7640/14243 7641/14244 7644/14245 7645/14246
f 7644/14245 7646/14247 7647/14248 7645/14246
f 7647/14248 7646/14247 7648/14249 7649/14250
f 7649/14250 7648/14249 7650/14251 7651/14252
f 7651/14252 7650/14251 7652/14253 7653/14254
f 7653/14255 7652/14256 7654/14257 7655/14258
f 7655/14258 7654/14257 7656/14259 7657/14260
f 7657/14261 7656/14262 7658/14263 7659/14264
f 7659/14264 7658/14263 7643/14241 7642/14240
f 7660/14265 7664/14266 7665/14267 7666/14268
f 7661/14269 7667/14270 7668/14271 7669/14272
f 7662/14273 7670/14274 7665/14267 7664/14266
f 7663/14275 7669/14272 7668/14271 7671/14276
f 7671/14276 7668/14271 7665/14277 7670/14278
f 7668/14271 7667/14270 7666/14279 7665/14277
f 7672/14280 7673/14281 7674/14282 7675/14283
f 7672/14280 7676/14284 7677/14285 7678/14286
f 7672/14280 7678/14286 7679/14287 7673/14281
f 7672/14288 7680/14289 7681/14290 7676/14291
f 7672/14288 7675/14292 7682/14293 7680/14289
f 7682/14293 7683/14294 7684/14295 7680/14289
f 7682/14293 7675/14292 7685/14296 7686/14297
f 7682/14293 7686/14297 7687/14298 7683/14294
f 7685/14296 7675/14292 7674/14299 7688/14300
f 7688/14301 7674/14302 7689/14303 7690/14304
f 7690/14305 7689/14306 7691/14307 7692/14308
f 7692/14308 7691/14307 7693/14309 7694/14310
f 7694/14311 7693/14312 7695/14313 7696/14314
f 7695/14313 7693/14312 7697/14315 7698/14316
f 7698/14316 7697/14315 7699/14317 7700/14318
f 7700/14318 7699/14317 7701/14319 7702/14320
f 7701/14319 7699/14317 7703/14321 7704/14322
f 7703/14323 7705/14324 7706/14325 7704/14326
f 7703/14321 7699/14317 7697/14315 7707/14327
f 7703/14323 7707/14328 7708/14329 7705/14324
f 7708/14330 7673/14331 7679/14332 7705/14333
f 7708/14329 7707/14328 7691/14307 7689/14306
f 7708/14330 7689/14303 7674/14302 7673/14331
f 7707/14328 7697/14334 7693/14309 7691/14307
f 7706/14325 7705/14324 7679/14335 7709/14336
f 7709/14337 7679/14338 7678/14339 7710/14340
f 7710/14341 7678/14286 7677/14285 7711/14342
f 7711/14342 7677/14285 7712/14343 7713/14344
f 7712/14343 7677/14285 7676/14284 7714/14345
f 7714/14346 7676/14291 7681/14290 7715/14347
f 7715/14348 7681/14349 7716/14350 7717/14351
f 7717/14352 7716/14353 7718/14354 7719/14355
f 7716/14356 7681/14357 7680/14358 7684/14359
f 7720/14360 7721/14361 7722/14362
f 7720/14363 7722/14364 7723/14365 7721/14366
f 7724/14367 7725/14368 7726/14369 7727/14370
f 7724/14371 7727/14372 7728/14373 7729/14374
f 7724/14371 7729/14374 7730/14375 7725/14376
f 7730/14375 7729/14374 7731/14377 7732/14378
f 7731/14377 7729/14374 7728/14373 7733/14379
f 7734/14380 7735/14381 7736/14382 7737/14383
f 7738/14384 7739/14385 7736/14386 7735/14387
f 7739/14388 7740/14389 7741/14390 7736/14382
f 7741/14390 7740/14389 7742/14391 7743/14392
f 7741/14390 7743/14392 7744/14393 7745/14394
f 7741/14390 7745/14394 7737/14383 7736/14382
f 7744/14393 7743/14392 7746/14395 7747/14396
f 7747/14396 7746/14395 7748/14397 7749/14398
f 7749/14399 7748/14400 7750/14401 7751/14402
f 7738/14403 7735/14381 7734/14380
f 7748/14397 7746/14395 7743/14392 7742/14391
f 7742/14391 7740/14389 7739/14388 7738/14403
f 7751/14402 7748/14400 7742/14404 7738/14405
f 7751/14402 7750/14401 7748/14400
f 7752/14406 7753/14407 7754/14408
f 7753/14407 7755/14409 7756/14410 7754/14408
f 7756/14411 7755/14412 7757/14413 7758/14414
f 7756/14411 7758/14414 7759/14415 7760/14416
f 7759/14415 7758/14414 7761/14417 7762/14418
f 7761/14417 7758/14414 7757/14413 7763/14419
f 7764/14420 7768/14421 7769/14422 7770/14423
f 7765/14424 7770/14423 7769/14422 7771/14425
f 7766/14426 7772/14427 7773/14428 7774/14429
f 7767/14430 7775/14431 7773/14428 7772/14427
f 7775/14431 7776/14432 7777/14433 7773/14428
f 7777/14433 7769/14422 7768/14421 7778/14434
f 7777/14433 7778/14434 7774/14429 7773/14428
f 7777/14433 7776/14432 7771/14425 7769/14422
f 7779/14435 7783/14436 7784/14437 7785/14438
f 7780/14439 7786/14440 7784/14437 7783/14436
f 7781/14441 7785/14438 7784/14437 7787/14442
f 7782/14443 7787/14442 7784/14437 7786/14440
f 7788/14444 7792/14445 7793/14446 7794/14447
f 7789/14448 7795/14449 7796/14450 7797/14451
f 7790/14452 7798/14453 7799/14454 7800/14455
f 7791/14456 7801/14457 7802/14458 7803/14459
f 7802/14458 7801/14457 7800/14455 7799/14454
f 7802/14458 7799/14454 7793/14446 7796/14450
f 7802/14458 7796/14450 7795/14449 7803/14459
f 7799/14454 7798/14453 7794/14447 7793/14446
f 7796/14450 7793/14446 7792/14445 7797/14451
f 7804/14460 7805/14461 7806/14462 7807/14463
f 7807/14463 7806/14462 7808/14464 7809/14465
f 7809/14466 7808/14467 7810/14468 7811/14469
f 7811/14469 7812/14470 7813/14471 7814/14472
f 7811/14469 7814/14472 7815/14473 7809/14466
f 7816/14474 7814/14472 7813/14471 7817/14475
f 7815/14473 7814/14472 7816/14474
f 7805/14476 7804/14477 7807/14478
f 7818/14479 7819/14480 7820/14481 7821/14482
f 7818/14479 7822/14483 7823/14484 7819/14480
f 7818/14479 7821/14482 7824/14485 7822/14483
f 7823/14484 7825/14486 7826/14487 7819/14480
f 7826/14487 7825/14486 7827/14488 7828/14489
f 7827/14488 7829/14490 7830/14491 7828/14489
f 7831/14492 7834/14493 7835/14494 7832/14495
f 7831/14492 7836/14496 7837/14497 7834/14493
f 7831/14498 7832/14499 7838/14500 7836/14501
f 7832/14499 7839/14502 7840/14503 7841/14504
f 7832/14495 7835/14494 7842/14505 7839/14506
f 7832/14499 7841/14504 7843/14507 7838/14500
f 7833/14508 7841/14509 7840/14510 7844/14511
f 7833/14508 7845/14512 7843/14513 7841/14509
f 7833/14508 7844/14511 7846/14514 7845/14512
f 7846/14514 7847/14515 7848/14516 7849/14517
f 7846/14514 7849/14517 7850/14518 7845/14512
f 7846/14514 7844/14511 7851/14519 7847/14515
f 7851/14519 7852/14520 7853/14521 7847/14515
f 7851/14519 7844/14511 7840/14510 7854/14522
f 7851/14519 7854/14522 7855/14523 7852/14520
f 7855/14523 7856/14524 7857/14525 7852/14520
f 7857/14526 7858/14527 7859/14528 7860/14529
f 7857/14525 7860/14530 7853/14521 7852/14520
f 7857/14531 7856/14532 7861/14533 7858/14534
f 7861/14533 7842/14505 7862/14535 7858/14534
f 7861/14533 7863/14536 7839/14506 7842/14505
f 7863/14537 7854/14538 7840/14503 7839/14502
f 7862/14535 7864/14539 7865/14540 7866/14541
f 7862/14535 7866/14541 7859/14542 7858/14534
f 7862/14535 7842/14505 7835/14494 7864/14539
f 7866/14541 7865/14540 7867/14543 7868/14544
f 7866/14541 7868/14544 7869/14545 7859/14542
f 7869/14546 7868/14547 7870/14548 7871/14549
f 7869/14550 7871/14551 7872/14552 7873/14553
f 7869/14550 7873/14553 7860/14529 7859/14528
f 7873/14554 7872/14555 7874/14556 7875/14557
f 7873/14554 7875/14557 7853/14521 7860/14530
f 7875/14557 7874/14556 7876/14558 7848/14516
f 7875/14557 7848/14516 7847/14515 7853/14521
f 7876/14558 7877/14559 7849/14517 7848/14516
f 7877/14559 7878/14560 7850/14518 7849/14517
f 7878/14560 7879/14561 7880/14562 7850/14518
f 7880/14562 7879/14561 7881/14563 7882/14564
f 7880/14562 7882/14564 7838/14565 7843/14513
f 7880/14562 7843/14513 7845/14512 7850/14518
f 7882/14564 7881/14563 7883/14566 7884/14567
f 7882/14568 7884/14569 7836/14501 7838/14500
f 7884/14570 7883/14571 7885/14572 7886/14573
f 7884/14570 7886/14573 7837/14497 7836/14496
f 7886/14573 7885/14572 7887/14574 7888/14575
f 7886/14573 7888/14575 7889/14576 7837/14497
f 7889/14576 7888/14575 7890/14577 7891/14578
f 7889/14576 7891/14578 7892/14579 7893/14580
f 7889/14576 7893/14580 7834/14493 7837/14497
f 7893/14580 7892/14579 7865/14540 7864/14539
f 7893/14580 7864/14539 7835/14494 7834/14493
f 7892/14579 7891/14578 7894/14581 7895/14582
f 7892/14579 7895/14582 7867/14543 7865/14540
f 7895/14583 7894/14584 7896/14585 7897/14586
f 7895/14583 7897/14586 7898/14587 7867/14588
f 7898/14587 7870/14548 7868/14547 7867/14588
f 7896/14585 7894/14584 7899/14589 7900/14590
f 7900/14590 7899/14589 7901/14591 7902/14592
f 7901/14591 7899/14589 7890/14593 7903/14594
f 7903/14595 7890/14577 7888/14575 7887/14574
f 7899/14589 7894/14584 7891/14596 7890/14593
f 7904/14597 7905/14598 7906/14599 7907/14600
f 7904/14597 7907/14600 7908/14601 7909/14602
f 7906/14603 7905/14604 7910/14605 7911/14606
f 7911/14606 7910/14605 7912/14607 7913/14608
f 7912/14607 7910/14605 7914/14609 7915/14610
f 7915/14610 7914/14609 7916/14611 7917/14612
f 7917/14612 7916/14611 7918/14613 7919/14614
f 7919/14614 7918/14613 7920/14615 7921/14616
f 7920/14615 7918/14613 7922/14617 7923/14618
f 7923/14618 7922/14617 7924/14619 7925/14620
f 7923/14621 7925/14622 7926/14623 7927/14624
f 7927/14624 7926/14623 7928/14625 7929/14626
f 7928/14627 7926/14628 7930/14629 7931/14630
f 7914/14609 7910/14605 7905/14604 7932/14631
f 7905/14632 7904/14633 7909/14634
f 7933/14635 7934/14636 7936/14637 7937/14638
f 7933/14639 7938/14640 7939/14641 7934/14642
f 7934/14643 7940/14644 7941/14645 7942/14646
f 7934/14642 7939/14641 7943/14647 7940/14648
f 7934/14636 7942/14649 7944/14650 7936/14637
f 7935/14651 7945/14652 7937/14653 7936/14654
f 7935/14655 7946/14656 7947/14657 7945/14658
f 7935/14655 7936/14637 7944/14650 7946/14656
f 7948/14659 7944/14650 7942/14649 7949/14660
f 7949/14661 7942/14646 7941/14645 7950/14662
f 7939/14641 7938/14640 7951/14663 7952/14664
f 7938/14665 7933/14666 7937/14667
f 7953/14668 7955/14669 7954/14670 7958/14671
f 7954/14672 7959/14673 7960/14674 7958/14675
f 7954/14672 7955/14676 7961/14677 7959/14673
f 7955/14678 7953/14679 7962/14680 7961/14681
f 7956/14682 7964/14683 7965/14684 7966/14685
f 7956/14686 7966/14687 7967/14688 7963/14689
f 7968/14690 7967/14691 7960/14692 7959/14693
f 7968/14694 7959/14695 7961/14696 7965/14697
f 7967/14698 7966/14699 7962/14700 7960/14701
f 7966/14702 7965/14703 7961/14704 7962/14705
f 7958/14671 7960/14706 7962/14707 7953/14668
f 7963/14708 7967/14709 7968/14710 7957/14711
f 7968/14712 7965/14713 7964/14714 7957/14715
f 7956/14686 7963/14689 7964/14716
f 7963/14717 7957/14718 7964/14719
f 7969/14720 7971/14721 7977/14722 7978/14723
f 7969/14724 7978/14725 7979/14726 7980/14727
f 7969/14720 7980/14728 7981/14729 7971/14721
f 7970/14730 7982/14731 7983/14732 7972/14733
f 7970/14734 7980/14727 7979/14726 7982/14735
f 7970/14730 7972/14733 7981/14736 7980/14737
f 7971/14721 7981/14729 7984/14738 7977/14722
f 7972/14733 7983/14732 7984/14739 7981/14736
f 7973/14740 7985/14741 7974/14742 7986/14743
f 7974/14742 7985/14741 7987/14744 7988/14745
f 7974/14742 7988/14745 7989/14746 7986/14743
f 7975/14747 7990/14748 7987/14749 7985/14750
f 7975/14747 7985/14750 7973/14751 7991/14752
f 7975/14753 7991/14754 7992/14755 7990/14756
f 7976/14757 7993/14758 7992/14755 7991/14754
f 7976/14759 7991/14760 7973/14761 7986/14762
f 7976/14759 7986/14762 7989/14763 7993/14764
f 7993/14765 7989/14766 7994/14767 7995/14768
f 7993/14769 7995/14770 7996/14771 7992/14772
f 7996/14773 7995/14774 7977/14775 7984/14776
f 7996/14773 7984/14776 7983/14777 7997/14778
f 7996/14771 7997/14779 7990/14780 7992/14772
f 7997/14781 7983/14732 7982/14731 7998/14782
f 7997/14783 7998/14784 7987/14785 7990/14786
f 7998/14787 7982/14788 7979/14789 7999/14790
f 7998/14787 7999/14790 7988/14791 7987/14792
f 7999/14793 7979/14794 7978/14795 7994/14796
f 7999/14797 7994/14767 7989/14766 7988/14798
f 7995/14799 7994/14800 7978/14801 7977/14802
f 8000/14803 8004/14804 8005/14805 8006/14806
f 8001/14807 8007/14808 8008/14809 8009/14810
f 8002/14811 8010/14812 8011/14813 8012/14814
f 8003/14815 8013/14816 8014/14817 8015/14818
f 8014/14817 8013/14816 8012/14814 8011/14813
f 8014/14817 8011/14813 8005/14805 8008/14809
f 8014/14817 8008/14809 8007/14808 8015/14818
f 8011/14813 8010/14812 8006/14806 8005/14805
f 8008/14809 8005/14805 8004/14804 8009/14810
f 8016/14819 8017/14820 8018/14821 8019/14822
f 8016/14823 8020/14824 8021/14825 8017/14826
f 8016/14827 8019/14828 8022/14829 8020/14830
f 8022/14829 8019/14828 8023/14831 8024/14832
f 8024/14832 8023/14831 8025/14833 8026/14834
f 8026/14834 8025/14833 8027/14835 8028/14836
f 8027/14835 8025/14833 8029/14837 8030/14838
f 8029/14839 8025/14840 8023/14841 8031/14842
f 8031/14842 8023/14841 8019/14843 8018/14844
f 8032/14845 8033/14846 8034/14847
f 8033/14846 8035/14848 8036/14849 8034/14847
f 8038/14850 8039/14851 8036/14849 8035/14848
f 8035/14848 8037/14852 8038/14850
f 8038/14850 8040/14853 8041/14854 8039/14851
f 8041/14854 8040/14853 8042/14855 8043/14856
f 8042/14855 8044/14857 8045/14858 8043/14856
f 8042/14855 8040/14853 8046/14859 8047/14860
f 8042/14855 8047/14860 8048/14861 8044/14857
f 8048/14861 8047/14860 8049/14862 8050/14863
f 8049/14862 8047/14860 8046/14859 8051/14864
f 8051/14864 8046/14859 8038/14850 8037/14852
f 8046/14859 8040/14853 8038/14850
f 8052/14865 8056/14866 8057/14867 8058/14868
f 8053/14869 8059/14870 8060/14871 8061/14872
f 8054/14873 8062/14874 8057/14867 8056/14866
f 8055/14875 8061/14872 8060/14871 8063/14876
f 8063/14876 8060/14871 8057/14867 8062/14874
f 8060/14871 8059/14870 8058/14868 8057/14867
f 8064/14877 8069/14878 8070/14879 8068/14880
f 8064/14881 8068/14882 8071/14883 8072/14884
f 8064/14885 8072/14886 8066/14887 8069/14888
f 8065/14889 8073/14890 8074/14891 8067/14892
f 8065/14893 8075/14894 8076/14895 8073/14896
f 8065/14897 8067/14898 8077/14899 8075/14900
f 8066/14887 8082/14901 8083/14902 8084/14903
f 8066/14887 8085/14904 8086/14905 8082/14901
f 8066/14887 8072/14886 8087/14906 8085/14904
f 8067/14907 8074/14908 8088/14909 8077/14910
f 8088/14911 8086/14905 8085/14904 8077/14912
f 8088/14909 8074/14908 8081/14913 8089/14914
f 8088/14909 8089/14914 8090/14915 8086/14916
f 8090/14917 8091/14918 8082/14901 8086/14905
f 8090/14915 8089/14914 8092/14919 8093/14920
f 8090/14915 8093/14920 8094/14921 8091/14922
f 8094/14923 8095/14924 8096/14925 8091/14918
f 8094/14921 8093/14920 8097/14926 8098/14927
f 8094/14928 8098/14929 8099/14930 8095/14931
f 8099/14930 8100/14932 8101/14933 8095/14931
f 8099/14930 8098/14929 8102/14934 8103/14935
f 8099/14930 8103/14935 8104/14936 8100/14932
f 8104/14937 8103/14938 8105/14939 8106/14940
f 8106/14941 8105/14942 8107/14943 8108/14944
f 8108/14944 8107/14943 8109/14945 8110/14946
f 8110/14946 8109/14945 8111/14947 8084/14948
f 8110/14949 8084/14903 8083/14902 8112/14950
f 8112/14950 8083/14902 8096/14925 8113/14951
f 8113/14951 8096/14925 8095/14924 8101/14952
f 8111/14947 8109/14945 8114/14953 8115/14954
f 8111/14947 8115/14954 8070/14879 8069/14878
f 8111/14955 8069/14956 8066/14957 8084/14958
f 8115/14959 8114/14960 8116/14961 8117/14962
f 8115/14959 8117/14962 8118/14963 8070/14964
f 8118/14963 8117/14962 8119/14965 8120/14966
f 8118/14963 8120/14966 8121/14967 8071/14968
f 8118/14963 8071/14968 8068/14969 8070/14964
f 8121/14967 8120/14966 8079/14970 8076/14895
f 8121/14967 8076/14895 8075/14894 8087/14971
f 8121/14972 8087/14973 8072/14884 8071/14883
f 8122/14974 8119/14965 8123/14975 8124/14976
f 8124/14976 8123/14975 8125/14977 8126/14978
f 8126/14978 8125/14977 8127/14979 8128/14980
f 8128/14981 8127/14982 8129/14983 8130/14984
f 8130/14984 8129/14983 8131/14985 8132/14986
f 8131/14985 8097/14926 8093/14920 8092/14919
f 8131/14985 8129/14983 8133/14987 8097/14926
f 8133/14988 8102/14934 8098/14929 8097/14989
f 8133/14988 8129/14990 8127/14991 8134/14992
f 8133/14988 8134/14992 8135/14993 8102/14934
f 8135/14993 8105/14994 8103/14935 8102/14934
f 8135/14995 8134/14996 8136/14997 8137/14998
f 8135/14995 8137/14998 8107/14999 8105/15000
f 8137/14998 8136/14997 8116/14961 8114/14960
f 8137/14998 8114/14960 8109/15001 8107/14999
f 8136/14997 8134/14996 8127/14979 8125/14977
f 8136/14997 8125/14977 8123/14975 8116/14961
f 8123/14975 8119/14965 8117/14962 8116/14961
f 8096/14925 8083/14902 8082/14901 8091/14918
f 8092/14919 8089/14914 8081/14913 8080/15002
f 8087/15003 8075/14900 8077/14899 8085/15004
f 8081/15005 8074/14891 8073/14890 8078/15006
f 8079/14970 8120/14966 8119/14965 8122/14974
f 8079/14970 8078/15007 8073/14896 8076/14895
f 8078/15008 8079/15009 8080/15010 8081/15011
f 8080/15012 8079/15013 8122/15014
f 8132/14986 8131/14985 8092/14919 8080/15002
f 8138/15015 8139/15016 8140/15017
f 8140/15017 8139/15016 8141/15018 8142/15019
f 8142/15019 8141/15018 8143/15020 8144/15021
f 8142/15019 8144/15021 8145/15022 8146/15023
f 8146/15023 8145/15022 8147/15024 8148/15025
f 8148/15025 8147/15024 8149/15026 8150/15027
f 8145/15022 8144/15021 8151/15028 8152/15029
f 8152/15029 8151/15028 8153/15030 8154/15031
f 8153/15030 8151/15028 8155/15032 8156/15033
f 8155/15032 8151/15028 8144/15021 8143/15020
f 8157/15034 8166/15035 8167/15036 8168/15037
f 8157/15034 8168/15037 8158/15038 8169/15039
f 8157/15040 8169/15041 8170/15042 8166/15043
f 8158/15038 8168/15037 8171/15044 8172/15045
f 8159/15046 8173/15047 8160/15048 8174/15049
f 8159/15050 8169/15051 8158/15052 8175/15053
f 8159/15046 8174/15049 8170/15054 8169/15055
f 8160/15056 8176/15057 8177/15058 8178/15059
f 8161/15060 8179/15061 8180/15062 8181/15063
f 8161/15064 8181/15065 8182/15066 8183/15067
f 8162/15068 8184/15069 8176/15070 8185/15071
f 8162/15068 8186/15072 8187/15073 8184/15069
f 8162/15068 8185/15071 8188/15074 8186/15072
f 8163/15075 8189/15076 8172/15045 8171/15044
f 8163/15075 8171/15044 8190/15077 8191/15078
f 8163/15075 8191/15078 8192/15079 8189/15076
f 8164/15080 8193/15081 8194/15082 8195/15083
f 8164/15084 8196/15085 8167/15036 8166/15035
f 8164/15086 8166/15087 8170/15088 8193/15089
f 8164/15090 8197/15091 8198/15092 8199/15093
f 8164/15094 8195/15095 8200/15096 8197/15097
f 8165/15098 8199/15099 8198/15100 8201/15101
f 8165/15102 8202/15103 8203/15104 8199/15105
f 8165/15106 8204/15107 8205/15108 8206/15109
f 8165/15102 8206/15110 8207/15111 8202/15103
f 8165/15106 8201/15112 8208/15113 8204/15107
f 8211/15114 8210/15115 8184/15069 8187/15073
f 8211/15116 8187/15117 8189/15076 8192/15079
f 8210/15118 8209/15119 8212/15120 8177/15058
f 8210/15118 8177/15058 8176/15057 8184/15121
f 8212/15122 8209/15123 8192/15079 8191/15078
f 8212/15122 8191/15078 8190/15077 8213/15124
f 8212/15125 8213/15126 8178/15127 8177/15128
f 8213/15124 8190/15077 8167/15036 8196/15085
f 8213/15126 8196/15129 8203/15130 8178/15127
f 8207/15111 8174/15131 8160/15056 8202/15103
f 8207/15132 8206/15109 8194/15133 8193/15134
f 8207/15132 8193/15134 8170/15054 8174/15049
f 8206/15109 8205/15108 8214/15135 8194/15133
f 8214/15136 8215/15137 8195/15138 8194/15139
f 8215/15137 8216/15140 8200/15141 8195/15138
f 8202/15103 8160/15056 8178/15059 8203/15104
f 8190/15077 8171/15044 8168/15037 8167/15036
f 8189/15076 8187/15117 8186/15142 8172/15045
f 8188/15143 8158/15038 8172/15045 8186/15142
f 8183/15144 8182/15145 8217/15146 8218/15147
f 8183/15148 8218/15149 8219/15150 8220/15151
f 8221/15152 8217/15146 8222/15153 8223/15154
f 8222/15155 8217/15156 8182/15157 8224/15158
f 8224/15159 8182/15160 8181/15161 8225/15162
f 8199/15163 8203/15164 8196/15165 8164/15166
f 8173/15167 8159/15168 8175/15169
f 8175/15170 8158/15038 8188/15143
f 8218/15147 8217/15146 8221/15152
f 8179/15171 8161/15172 8183/15173 8220/15174
f 8188/15074 8185/15071 8160/15175 8173/15176
f 8185/15177 8176/15178 8160/15179
f 8192/15079 8209/15123 8211/15116
f 8209/15180 8210/15115 8211/15114
f 8226/15181 8227/15182 8228/15183 8229/15184
f 8228/15183 8227/15182 8230/15185 8231/15186
f 8231/15186 8230/15185 8232/15187 8233/15188
f 8233/15188 8232/15187 8234/15189 8235/15190
f 8235/15190 8234/15189 8236/15191 8237/15192
f 8227/15193 8226/15194 8229/15195
f 8238/15196 8240/15197 8239/15198 8241/15199
f 8242/15200 8243/15201 8244/15202 8245/15203
f 8244/15202 8243/15201 8246/15204 8247/15205
f 8247/15205 8246/15204 8248/15206
f 8243/15201 8242/15200 8245/15203
f 8249/15207 8250/15208 8251/15209 8252/15210
f 8253/15211 8254/15212 8255/15213
f 8257/15214 8258/15215 8255/15213 8254/15212
f 8254/15212 8256/15216 8257/15214
f 8258/15215 8257/15214 8259/15217 8260/15218
f 8260/15218 8259/15217 8261/15219 8262/15220
f 8261/15221 8259/15222 8263/15223 8264/15224
f 8264/15224 8263/15223 8265/15225 8266/15226
f 8265/15227 8263/15228 8257/15214 8256/15216
f 8263/15228 8259/15217 8257/15214
f 8267/15229 8268/15230 8269/15231 8270/15232
f 8269/15231 8271/15233 8272/15234 8270/15232
f 8272/15235 8269/15236 8268/15237 8267/15238
f 8272/15235 8271/15239 8269/15236
f 8273/15240 8276/15241 8277/15242 8278/15243
f 8274/15244 8279/15245 8280/15246 8275/15247
f 8275/15247 8280/15246 8281/15248 8282/15249
f 8275/15247 8282/15249 8278/15243 8277/15242
f 8281/15248 8280/15246 8283/15250 8284/15251
f 8284/15251 8283/15250 8285/15252 8286/15253
f 8285/15252 8283/15250 8287/15254 8288/15255
f 8287/15254 8283/15250 8280/15246 8279/15245
f 8286/15253 8285/15252 8288/15255
f 8289/15256 8293/15257 8294/15258 8295/15259
f 8290/15260 8296/15261 8297/15262 8298/15263
f 8291/15264 8299/15265 8300/15266 8301/15267
f 8292/15268 8302/15269 8303/15270 8304/15271
f 8304/15271 8303/15270 8300/15266 8299/15265
f 8303/15270 8297/15262 8294/15258 8300/15266
f 8303/15270 8302/15269 8298/15263 8297/15262
f 8300/15266 8294/15258 8293/15257 8301/15267
f 8297/15262 8296/15261 8295/15259 8294/15258
f 8305/15272 8309/15273 8310/15274 8311/15275
f 8306/15276 8312/15277 8313/15278 8314/15279
f 8307/15280 8315/15281 8316/15282 8317/15283
f 8308/15284 8318/15285 8319/15286 8320/15287
f 8319/15286 8318/15285 8314/15279 8313/15278
f 8319/15286 8313/15278 8310/15274 8316/15282
f 8319/15286 8316/15282 8315/15281 8320/15287
f 8316/15282 8310/15274 8309/15273 8317/15283
f 8313/15278 8312/15277 8311/15275 8310/15274
f 8321/15288 8322/15289 8323/15290 8324/15291
f 8321/15288 8324/15291 8325/15292 8326/15293
f 8321/15288 8326/15293 8327/15294 8322/15289
f 8325/15292 8324/15291 8328/15295 8329/15296
f 8329/15296 8328/15295 8330/15297 8331/15298
f 8331/15298 8330/15297 8332/15299 8333/15300
f 8334/15301 8364/15302 8365/15303 8366/15304
f 8334/15301 8367/15305 8363/15306 8364/15302
f 8334/15307 8368/15308 8353/15309 8337/15310
f 8363/15311 8369/15312 8370/15313 8371/15314
f 8335/15315 8374/15316 8375/15317 8376/15318
f 8335/15315 8376/15318 8377/15319 8378/15320
f 8336/15321 8379/15322 8380/15323 8381/15324
f 8336/15321 8382/15325 8383/15326 8379/15322
f 8336/15327 8381/15328 8384/15329 8385/15330
f 8337/15310 8353/15309 8386/15331 8387/15332
f 8337/15310 8387/15332 8369/15333 8363/15334
f 8338/15335 8388/15336 8389/15337 8390/15338
f 8338/15335 8391/15339 8392/15340 8393/15341
f 8338/15335 8393/15341 8394/15342 8388/15336
f 8339/15343 8395/15344 8396/15345 8397/15346
f 8339/15347 8389/15337 8388/15336 8395/15348
f 8339/15347 8398/15349 8399/15350 8389/15337
f 8339/15347 8377/15319 8376/15318 8398/15349
f 8339/15343 8397/15346 8400/15351 8377/15352
f 8340/15353 8401/15354 8343/15355 8344/15356
f 8340/15353 8344/15356 8402/15357 8341/15358
f 8340/15359 8341/15360 8403/15361 8401/15362
f 8341/15360 8404/15363 8350/15364 8403/15361
f 8341/15365 8342/15366 8405/15367 8404/15368
f 8341/15365 8402/15369 8406/15370 8342/15366
f 8342/15366 8406/15370 8407/15371 8405/15367
f 8343/15372 8401/15373 8408/15374 8349/15375
f 8343/15376 8349/15377 8409/15378 8344/15379
f 8344/15380 8411/15381 8412/15382 8402/15383
f 8416/15384 8370/15385 8369/15386 8417/15387
f 8414/15388 8415/15389 8416/15390 8417/15391
f 8345/15392 8413/15393 8414/15388 8417/15391
f 8345/15392 8417/15391 8418/15394 8348/15395
f 8345/15392 8419/15396 8420/15397 8413/15393
f 8345/15392 8348/15395 8421/15398 8422/15399
f 8346/15400 8423/15401 8424/15402 8425/15403
f 8346/15404 8425/15405 8426/15406 8427/15407
f 8346/15408 8421/15398 8428/15409 8423/15410
f 8347/15411 8429/15412 8424/15402 8423/15401
f 8347/15413 8423/15410 8428/15409 8430/15414
f 8347/15415 8430/15416 8431/15417 8432/15418
f 8348/15395 8418/15394 8428/15409 8421/15398
f 8349/15419 8408/15420 8433/15421 8409/15422
f 8350/15423 8404/15424 8351/15425 8434/15426
f 8350/15423 8434/15426 8435/15427 8403/15428
f 8351/15429 8404/15430 8405/15431 8436/15432
f 8351/15433 8436/15434 8437/15435 8434/15436
f 8352/15437 8418/15438 8417/15387 8438/15439
f 8352/15440 8438/15441 8431/15442 8430/15414
f 8352/15440 8430/15414 8428/15409 8418/15394
f 8353/15309 8439/15443 8440/15444 8386/15331
f 8353/15445 8441/15446 8442/15447 8439/15448
f 8354/15449 8443/15450 8444/15451 8445/15452
f 8447/15453 8355/15454 8443/15450 8354/15449
f 8354/15449 8445/15452 8446/15455 8447/15453
f 8356/15456 8448/15457 8449/15458 8450/15459
f 8355/15460 8356/15461 8450/15462 8443/15463
f 8355/15454 8447/15453 8448/15464 8356/15465
f 8357/15466 8451/15467 8446/15455 8445/15452
f 8357/15466 8445/15452 8452/15468 8453/15469
f 8358/15470 8452/15468 8454/15471 8455/15472
f 8358/15473 8456/15474 8453/15475 8452/15476
f 8358/15477 8457/15478 8458/15479 8456/15480
f 8358/15470 8455/15472 8459/15481 8457/15482
f 8359/15483 8360/15484 8460/15485 8461/15486
f 8359/15487 8461/15488 8457/15482 8459/15481
f 8359/15489 8459/15490 8462/15491 8360/15492
f 8360/15484 8362/15493 8463/15494 8460/15485
f 8360/15495 8464/15496 8361/15497 8362/15498
f 8361/15499 8465/15500 8463/15501 8362/15502
f 8361/15503 8464/15504 8396/15505 8465/15506
f 8363/15306 8371/15507 8466/15508 8467/15509
f 8467/15509 8468/15510 8364/15302 8363/15306
f 8467/15509 8466/15508 8469/15511 8470/15512
f 8467/15509 8470/15512 8471/15513 8468/15510
f 8471/15513 8375/15317 8472/15514 8468/15510
f 8471/15513 8470/15512 8399/15350 8398/15349
f 8471/15513 8398/15349 8376/15318 8375/15317
f 8472/15514 8473/15515 8474/15516 8365/15303
f 8472/15514 8365/15303 8364/15302 8468/15510
f 8472/15514 8375/15317 8374/15316 8473/15515
f 8474/15516 8475/15517 8366/15304 8365/15303
f 8470/15512 8469/15511 8476/15518 8399/15350
f 8476/15518 8469/15511 8477/15519 8478/15520
f 8476/15518 8478/15520 8479/15521 8390/15338
f 8476/15518 8390/15338 8389/15337 8399/15350
f 8479/15521 8406/15370 8402/15369 8412/15522
f 8479/15521 8412/15522 8338/15335 8390/15338
f 8480/15523 8478/15524 8477/15525 8481/15526
f 8465/15527 8396/15345 8395/15344 8482/15528
f 8465/15500 8482/15529 8483/15530 8463/15501
f 8483/15531 8482/15532 8394/15533 8429/15412
f 8483/15531 8429/15412 8347/15411 8484/15534
f 8483/15531 8484/15534 8460/15485 8463/15494
f 8484/15535 8347/15413 8432/15536 8485/15537
f 8484/15535 8485/15537 8461/15488 8460/15538
f 8485/15537 8432/15536 8440/15444 8458/15539
f 8485/15537 8458/15539 8457/15482 8461/15488
f 8482/15528 8395/15344 8388/15540 8394/15541
f 8464/15542 8486/15543 8397/15346 8396/15345
f 8486/15543 8464/15542 8360/15544 8462/15545
f 8462/15491 8459/15490 8455/15546 8487/15547
f 8487/15548 8455/15549 8454/15550 8488/15551
f 8488/15552 8454/15553 8444/15554 8489/15555
f 8489/15556 8444/15557 8443/15463 8450/15462
f 8489/15556 8450/15462 8490/15558 8400/15351
f 8490/15559 8491/15560 8492/15561 8378/15320
f 8490/15558 8378/15562 8377/15352 8400/15351
f 8490/15559 8450/15459 8449/15458 8491/15560
f 8491/15560 8449/15458 8381/15324 8380/15323
f 8458/15539 8440/15444 8439/15443 8456/15563
f 8456/15474 8439/15448 8442/15447 8453/15475
f 8454/15471 8452/15468 8445/15452 8444/15451
f 8451/15467 8493/15564 8494/15565 8446/15455
f 8494/15565 8495/15566 8447/15453 8446/15455
f 8449/15567 8448/15568 8384/15569 8381/15570
f 8448/15571 8447/15572 8495/15573 8384/15574
f 8440/15575 8432/15418 8431/15417 8386/15576
f 8438/15439 8417/15387 8369/15386 8387/15577
f 8438/15441 8387/15332 8386/15331 8431/15442
f 8437/15578 8496/15579 8497/15580 8498/15581
f 8437/15578 8498/15581 8435/15427 8434/15426
f 8437/15578 8436/15582 8499/15583 8496/15579
f 8498/15584 8497/15585 8410/15586 8433/15587
f 8498/15581 8433/15588 8408/15589 8435/15427
f 8497/15580 8496/15579 8500/15590 8501/15591
f 8500/15590 8346/15408 8427/15592 8501/15591
f 8500/15590 8496/15579 8499/15583 8422/15399
f 8500/15590 8422/15399 8421/15398 8346/15408
f 8502/15593 8501/15594 8427/15595 8391/15596
f 8436/15597 8405/15598 8407/15599 8499/15600
f 8435/15601 8408/15374 8401/15373 8403/15602
f 8427/15603 8426/15604 8392/15605 8391/15606
f 8425/15607 8424/15608 8503/15609
f 8412/15610 8411/15611 8391/15612 8338/15613
f 8410/15586 8497/15585 8501/15594 8502/15593
f 8374/15316 8492/15561 8504/15614 8473/15515
f 8374/15316 8335/15315 8378/15320 8492/15561
f 8505/15615 8373/15616 8372/15617 8506/15618
f 8344/15619 8409/15620 8433/15587 8410/15586
f 8382/15325 8336/15321 8385/15621
f 8504/15614 8492/15561 8491/15560 8380/15323
f 8502/15622 8391/15623 8411/15624
f 8411/15625 8344/15626 8410/15627
f 8451/15467 8442/15628 8441/15629 8366/15630 8475/15631
f 8451/15467 8357/15466 8453/15469 8442/15628
f 8441/15446 8353/15445 8368/15632
f 8441/15629 8368/15308 8334/15307
f 8441/15629 8334/15307 8366/15630
f 8477/15633 8469/15634 8466/15635 8416/15636
f 8466/15508 8371/15507 8370/15637 8416/15638
f 8407/15371 8406/15370 8479/15521 8480/15639
f 8479/15521 8478/15520 8480/15639
f 8419/15396 8345/15392 8422/15399
f 8419/15640 8422/15641 8499/15600
f 8419/15640 8499/15600 8407/15599
f 8503/15642 8424/15643 8393/15644
f 8424/15402 8429/15412 8394/15533 8393/15645
f 8489/15646 8400/15647 8486/15648 8462/15649
f 8400/15351 8397/15346 8486/15543
f 8372/15650 8373/15651 8505/15652
f 8507/15653 8509/15654 8510/15655 8508/15656
f 8511/15657 8510/15655 8509/15654 8512/15658
f 8512/15658 8509/15654 8513/15659 8514/15660
f 8514/15660 8513/15659 8515/15661 8516/15662
f 8515/15661 8513/15659 8517/15663 8518/15664
f 8519/15665 8515/15661 8518/15664
f 8508/15656 8510/15655 8520/15666 8521/15667
f 8520/15668 8510/15669 8511/15670
f 8517/15663 8507/15653 8508/15656 8521/15667
f 8517/15663 8513/15659 8509/15654 8507/15653
f 8522/15671 8526/15672 8527/15673 8528/15674
f 8523/15675 8529/15676 8530/15677 8531/15678
f 8524/15679 8532/15680 8527/15673 8526/15672
f 8525/15681 8533/15682 8530/15677 8529/15676
f 8533/15682 8534/15683 8535/15684 8530/15677
f 8535/15685 8534/15686 8536/15687 8537/15688
f 8535/15689 8537/15690 8538/15691 8539/15692
f 8535/15689 8539/15692 8531/15693 8530/15694
f 8538/15695 8537/15688 8540/15696 8541/15697
f 8541/15697 8540/15696 8527/15698 8532/15699
f 8540/15696 8542/15700 8528/15701 8527/15698
f 8540/15696 8537/15688 8536/15687 8542/15700
f 8543/15702 8559/15703 8560/15704 8561/15705
f 8543/15706 8561/15707 8562/15708 8563/15709
f 8544/15710 8564/15711 8565/15712 8545/15713
f 8544/15714 8560/15715 8548/15716 8564/15717
f 8545/15718 8561/15719 8560/15715 8544/15714
f 8545/15713 8565/15712 8562/15720 8561/15721
f 8546/15722 8547/15723 8567/15724 8568/15725
f 8546/15726 8566/15727 8569/15728 8553/15729
f 8546/15730 8553/15731 8570/15732 8571/15733
f 8573/15734 8574/15735 8575/15736 8551/15737
f 8549/15738 8572/15739 8573/15740 8551/15741
f 8550/15742 8553/15743 8569/15744 8576/15745
f 8550/15742 8576/15745 8573/15746 8572/15747
f 8550/15748 8572/15749 8577/15750 8578/15751
f 8550/15748 8578/15751 8579/15752 8553/15753
f 8549/15754 8551/15755 8580/15756 8581/15757
f 8552/15758 8583/15759 8584/15760 8585/15761
f 8553/15753 8579/15752 8586/15762 8570/15763
f 8551/15755 8587/15764 8588/15765 8580/15756
f 8554/15766 8574/15767 8573/15768 8589/15769
f 8554/15766 8590/15770 8557/15771 8574/15767
f 8555/15772 8556/15773 8588/15774 8593/15775
f 8555/15772 8594/15776 8595/15777 8556/15773
f 8555/15772 8593/15775 8596/15778 8594/15776
f 8556/15779 8595/15780 8580/15756 8588/15765
f 8557/15781 8590/15782 8597/15783 8598/15784
f 8557/15785 8598/15786 8575/15787 8574/15788
f 8558/15789 8592/15790 8599/15791 8600/15792
f 8601/15793 8602/15794 8603/15795 8597/15796
f 8603/15795 8604/15797 8598/15798 8597/15796
f 8604/15799 8605/15800 8575/15801 8598/15802
f 8606/15803 8602/15794 8601/15793
f 8596/15778 8593/15775 8607/15804 8608/15805
f 8596/15778 8609/15806 8610/15807 8594/15776
f 8610/15808 8611/15809 8595/15810 8594/15811
f 8611/15809 8581/15812 8580/15813 8595/15810
f 8607/15814 8593/15815 8588/15765 8587/15764
f 8612/15816 8613/15817 8614/15818 8567/15819
f 8615/15820 8616/15821 8613/15822
f 8548/15716 8560/15715 8559/15823 8582/15824
f 8565/15825 8617/15826 8618/15827 8562/15828
f 8563/15829 8562/15830 8618/15831 8619/15832
f 8559/15703 8543/15702 8563/15833 8582/15834
f 8577/15835 8572/15836 8549/15754 8581/15757
f 8566/15837 8546/15838 8571/15839
f 8583/15840 8552/15841 8585/15842
f 8612/15843 8567/15844 8614/15845
f 8617/15846 8565/15847 8563/15848 8619/15849
f 8565/15850 8582/15851 8563/15852
f 8606/15853 8601/15854 8554/15855 8589/15856
f 8608/15857 8607/15858 8587/15859 8551/15860 8575/15861 8605/15862 8604/15863 8603/15864
f 8609/15806 8596/15778 8608/15805
f 8609/15865 8608/15866 8603/15867
f 8609/15868 8603/15869 8602/15870
f 8609/15871 8602/15872 8606/15873
f 8548/15874 8582/15851 8565/15850 8564/15875
f 8558/15876 8600/15877 8591/15878 8592/15879
f 8554/15855 8601/15854 8597/15880 8590/15881
f 8620/15882 8621/15883 8622/15884 8623/15885
f 8620/15886 8623/15887 8624/15888 8625/15889
f 8620/15886 8625/15889 8626/15890 8621/15891
f 8625/15892 8624/15893 8627/15894 8628/15895
f 8628/15895 8627/15894 8629/15896 8630/15897
f 8630/15898 8629/15899 8631/15900 8632/15901
f 8624/15902 8623/15885 8633/15903 8634/15904
f 8633/15903 8623/15885 8622/15884 8635/15905
f 8633/15903 8635/15905 8636/15906 8637/15907
f 8638/15908 8639/15909 8640/15910 8641/15911
f 8638/15908 8641/15911 8642/15912 8643/15913
f 8642/15912 8641/15911 8644/15914 8645/15915
f 8645/15915 8644/15914 8646/15916 8647/15917
f 8646/15916 8648/15918 8649/15919 8647/15917
f 8646/15916 8644/15914 8650/15920 8651/15921
f 8646/15916 8651/15921 8652/15922 8648/15918
f 8650/15920 8644/15914 8641/15911 8640/15910
f 8639/15909 8638/15908 8643/15913
f 8653/15923 8661/15924 8662/15925 8663/15926
f 8653/15927 8663/15928 8664/15929 8654/15930
f 8654/15930 8665/15931 8666/15932 8653/15927
f 8654/15933 8664/15934 8667/15935 8668/15936
f 8654/15933 8668/15936 8669/15937 8665/15938
f 8653/15939 8666/15940 8670/15941 8661/15942
f 8655/15943 8671/15944 8672/15945 8673/15946
f 8655/15943 8673/15946 8674/15947 8675/15948
f 8655/15943 8675/15948 8676/15949 8671/15944
f 8656/15950 8677/15951 8675/15948 8674/15947
f 8656/15952 8674/15953 8678/15954 8657/15955
f 8656/15956 8657/15957 8679/15958 8677/15959
f 8657/15960 8678/15961 8680/15962 8679/15963
f 8658/15964 8681/15965 8682/15966 8683/15967
f 8658/15968 8683/15969 8684/15970 8685/15971
f 8658/15972 8685/15973 8686/15974 8681/15975
f 8659/15976 8684/15977 8687/15978 8688/15979
f 8659/15980 8688/15981 8689/15982 8690/15983
f 8659/15976 8690/15984 8685/15985 8684/15977
f 8660/15986 8691/15987 8692/15988 8693/15989
f 8660/15990 8693/15991 8694/15992 8695/15993
f 8660/15990 8695/15993 8696/15994 8691/15995
f 8696/15996 8672/15997 8697/15998 8691/15999
f 8696/15994 8695/15993 8698/16000 8699/16001
f 8696/16002 8699/16003 8673/16004 8672/16005
f 8699/16001 8698/16000 8680/16006 8678/16007
f 8699/16003 8678/15954 8674/15953 8673/16004
f 8698/16000 8700/16008 8701/16009 8680/16006
f 8698/16000 8695/15993 8694/15992 8700/16008
f 8701/16010 8664/15929 8663/15928 8702/16011
f 8701/16012 8702/16013 8679/15963 8680/15962
f 8701/16014 8700/16015 8667/15935 8664/15934
f 8702/16016 8663/15926 8662/15925 8703/16017
f 8702/16016 8703/16017 8677/16018 8679/16019
f 8703/16017 8662/15925 8704/16020 8676/16021
f 8703/16017 8676/16021 8675/16022 8677/16018
f 8704/16023 8705/16024 8706/16025 8707/16026
f 8704/16020 8707/16027 8671/16028 8676/16021
f 8704/16020 8662/15925 8661/15924 8705/16029
f 8707/16030 8706/16031 8708/16032 8697/16033
f 8707/16030 8697/16033 8672/15945 8671/15944
f 8708/16034 8709/16035 8710/16036 8692/16037
f 8708/16032 8692/16038 8691/16039 8697/16033
f 8708/16040 8706/16025 8711/16041 8709/16042
f 8711/16041 8712/16043 8713/16044 8709/16042
f 8711/16041 8706/16025 8705/16024 8714/16045
f 8714/16046 8705/16029 8661/15924 8670/16047
f 8713/16044 8682/15966 8681/15965 8715/16048
f 8713/16049 8715/16050 8710/16051 8709/16052
f 8713/16044 8712/16043 8716/16053 8682/15966
f 8716/16053 8717/16054 8683/15967 8682/15966
f 8716/16055 8712/16056 8718/16057 8719/16058
f 8716/16053 8719/16059 8720/16060 8717/16054
f 8720/16061 8721/16062 8687/16063 8717/16064
f 8720/16060 8719/16059 8722/16065 8723/16066
f 8723/16067 8724/16068 8721/16069 8720/16070
f 8717/16071 8687/16072 8684/16073 8683/16074
f 8715/16075 8681/15975 8686/15974 8725/16076
f 8715/16075 8725/16076 8726/16077 8710/16078
f 8726/16079 8725/16080 8727/16081 8728/16082
f 8726/16079 8728/16082 8694/15992 8693/15991
f 8726/16077 8693/15989 8692/15988 8710/16078
f 8728/16082 8727/16081 8668/16083 8667/16084
f 8728/16082 8667/16084 8700/16008 8694/15992
f 8727/16085 8729/16086 8669/15937 8668/15936
f 8727/16085 8725/16087 8686/16088 8729/16086
f 8729/16086 8690/15983 8689/15982 8669/15937
f 8729/16086 8686/16088 8685/16089 8690/15983
f 8688/15979 8687/15978 8721/16069 8724/16068
f 8718/16057 8712/16056 8714/16046 8670/16047
f 8712/16043 8711/16041 8714/16045
f 8730/16090 8731/16091 8732/16092 8733/16093
f 8732/16092 8731/16091 8734/16094 8735/16095
f 8735/16096 8734/16097 8736/16098 8737/16099
f 8737/16099 8736/16098 8738/16100 8739/16101
f 8731/16091 8730/16090 8733/16093
f 8740/16102 8744/16103 8745/16104 8746/16105
f 8741/16106 8747/16107 8748/16108 8749/16109
f 8742/16110 8750/16111 8745/16104 8744/16103
f 8743/16112 8749/16109 8748/16108 8751/16113
f 8751/16113 8748/16108 8752/16114 8753/16115
f 8753/16115 8752/16114 8745/16104 8750/16111
f 8752/16114 8748/16108 8747/16107 8754/16116
f 8752/16114 8754/16116 8746/16105 8745/16104
f 8766/16117 8761/16118 8762/16119 8763/16120
f 8766/16121 8764/16122 8765/16123 8761/16124
f 8766/16125 8767/16126 8768/16127 8764/16128
f 8755/16129 8769/16130 8770/16131 8771/16132
f 8755/16129 8771/16132 8772/16133 8768/16134
f 8755/16129 8768/16134 8767/16135 8769/16130
f 8756/16136 8773/16137 8774/16138 8775/16139
f 8756/16136 8772/16133 8771/16132 8773/16137
f 8756/16140 8775/16141 8759/16142 8772/16143
f 8757/16144 8776/16145 8777/16146 8778/16147
f 8757/16144 8778/16147 8779/16148 8770/16131
f 8757/16144 8770/16131 8769/16130 8776/16145
f 8758/16149 8777/16146 8780/16150 8781/16151
f 8758/16149 8782/16152 8778/16147 8777/16146
f 8759/16153 8775/16154 8783/16155 8784/16156
f 8759/16153 8784/16156 8785/16157 8786/16158
f 8760/16159 8787/16160 8788/16161 8789/16162
f 8760/16159 8790/16163 8791/16164 8787/16160
f 8792/16165 8774/16138 8773/16137 8779/16148
f 8792/16165 8779/16148 8778/16147 8782/16152
f 8792/16165 8793/16166 8794/16167 8774/16138
f 8794/16168 8783/16169 8775/16170 8774/16171
f 8786/16172 8795/16173 8796/16174 8765/16175
f 8786/16172 8765/16175 8764/16176 8759/16177
f 8786/16172 8785/16178 8797/16179 8795/16173
f 8796/16174 8798/16180 8761/16181 8765/16175
f 8798/16182 8799/16183 8762/16184 8761/16185
f 8800/16186 8799/16183 8798/16182
f 8781/16187 8780/16188 8801/16189 8802/16190
f 8802/16191 8801/16192 8803/16193 8804/16194
f 8803/16195 8801/16196 8805/16197 8806/16198
f 8806/16199 8805/16200 8766/16201 8807/16202
f 8805/16203 8801/16204 8780/16205 8808/16206
f 8805/16203 8808/16206 8767/16207 8766/16208
f 8808/16209 8780/16150 8777/16146 8776/16145
f 8808/16209 8776/16145 8769/16130 8767/16135
f 8779/16148 8773/16137 8771/16132 8770/16131
f 8759/16142 8764/16210 8768/16211 8772/16143
f 8807/16212 8766/16213 8763/16214
f 8790/16163 8760/16159 8789/16162
f 8793/16166 8782/16152 8758/16149 8781/16151
f 8793/16166 8792/16165 8782/16152
f 8809/16215 8810/16216 8811/16217 8812/16218
f 8809/16219 8812/16220 8813/16221 8814/16222
f 8809/16215 8814/16223 8815/16224 8810/16216
f 8813/16221 8812/16220 8816/16225 8817/16226
f 8816/16227 8812/16218 8811/16217 8818/16228
f 8819/16229 8820/16230 8821/16231
f 8820/16230 8822/16232 8823/16233 8821/16231
f 8823/16233 8822/16232 8824/16234 8825/16235
f 8825/16235 8824/16234 8826/16236 8827/16237
f 8827/16237 8826/16236 8828/16238 8829/16239
f 8829/16240 8828/16241 8830/16242 8831/16243
f 8831/16243 8830/16242 8832/16244 8833/16245
f 8833/16245 8832/16244 8834/16246 8835/16247
f 8835/16247 8834/16246 8836/16248
f 8837/16249 8838/16250 8839/16251
f 8840/16252 8841/16253 8842/16254 8843/16255
f 8840/16252 8843/16255 8844/16256 8845/16257
f 8840/16252 8845/16257 8839/16251 8838/16250
f 8840/16252 8838/16250 8841/16253
f 8843/16258 8842/16259 8846/16260 8847/16261
f 8847/16261 8846/16260 8848/16262 8849/16263
f 8849/16263 8848/16262 8850/16264 8851/16265
f 8851/16265 8850/16264 8852/16266 8853/16267
f 8851/16268 8853/16269 8854/16270 8855/16271
f 8854/16270 8853/16269 8856/16272 8857/16273
f 8856/16272 8853/16269 8852/16274 8858/16275
f 8859/16276 8860/16277 8861/16278 8862/16279
f 8861/16278 8860/16277 8863/16280 8864/16281
f 8861/16278 8864/16281 8865/16282 8866/16283
f 8866/16283 8865/16282 8867/16284 8868/16285
f 8868/16285 8867/16284 8869/16286 8870/16287
f 8870/16287 8869/16286 8871/16288 8872/16289
f 8871/16288 8869/16286 8873/16290 8874/16291
f 8875/16292 8867/16284 8865/16282 8876/16293
f 8873/16290 8869/16286 8867/16284 8875/16292
f 8860/16294 8859/16295 8862/16296
f 8877/16297 8881/16298 8882/16299 8883/16300
f 8877/16297 8883/16300 8884/16301 8885/16302
f 8877/16297 8885/16302 8886/16303 8881/16298
f 8878/16304 8887/16305 8888/16306 8889/16307
f 8878/16304 8889/16307 8890/16308 8891/16309
f 8878/16304 8891/16309 8892/16310 8887/16305
f 8879/16311 8893/16312 8894/16313 8895/16314
f 8879/16311 8896/16315 8897/16316 8893/16312
f 8879/16317 8895/16318 8892/16319 8896/16320
f 8880/16321 8898/16322 8899/16323 8900/16324
f 8880/16325 8901/16326 8902/16327 8898/16328
f 8880/16325 8903/16329 8904/16330 8901/16326
f 8905/16331 8906/16332 8907/16333 8908/16334
f 8905/16335 8908/16336 8909/16337 8910/16338
f 8910/16338 8909/16337 8911/16339 8912/16340
f 8903/16341 8880/16321 8914/16342 8913/16343
f 8912/16340 8911/16339 8915/16344 8916/16345
f 8912/16340 8916/16345 8904/16330 8903/16329
f 8916/16345 8915/16344 8917/16346 8918/16347
f 8916/16345 8918/16347 8919/16348 8904/16330
f 8919/16348 8920/16349 8901/16326 8904/16330
f 8920/16349 8921/16350 8902/16327 8901/16326
f 8921/16350 8922/16351 8923/16352 8902/16327
f 8923/16352 8882/16299 8881/16298 8924/16353
f 8923/16352 8924/16353 8898/16328 8902/16327
f 8923/16352 8922/16351 8925/16354 8882/16299
f 8924/16355 8881/16356 8886/16357 8926/16358
f 8924/16359 8926/16360 8899/16323 8898/16322
f 8926/16360 8886/16361 8927/16362 8928/16363
f 8926/16360 8928/16363 8929/16364 8899/16323
f 8929/16364 8930/16365 8900/16324 8899/16323
f 8930/16365 8931/16366 8932/16367 8900/16324
f 8932/16367 8914/16342 8880/16321 8900/16324
f 8932/16367 8931/16366 8933/16368 8934/16369
f 8932/16367 8934/16369 8935/16370 8914/16342
f 8935/16370 8936/16371 8913/16343 8914/16342
f 8935/16370 8934/16369 8937/16372 8938/16373
f 8935/16370 8938/16373 8939/16374 8936/16371
f 8939/16374 8906/16375 8905/16376 8936/16371
f 8937/16372 8934/16369 8933/16368 8940/16377
f 8927/16362 8886/16361 8885/16378 8941/16379
f 8941/16379 8885/16378 8884/16380 8942/16381
f 8942/16381 8884/16380 8943/16382 8944/16383
f 8944/16383 8943/16382 8945/16384 8946/16385
f 8946/16385 8945/16384 8891/16309 8890/16308
f 8943/16382 8897/16386 8896/16387 8945/16384
f 8943/16388 8884/16389 8947/16390 8897/16316
f 8947/16390 8948/16391 8893/16312 8897/16316
f 8948/16391 8949/16392 8894/16313 8893/16312
f 8945/16384 8896/16387 8892/16310 8891/16309
f 8883/16300 8882/16299 8925/16354
f 8936/16393 8912/16340 8903/16329 8913/16394
f 8936/16395 8905/16396 8910/16397 8912/16398
f 8887/16399 8892/16400 8894/16313 8949/16392
f 8892/16401 8895/16402 8894/16403
f 8950/16404 8958/16405 8959/16406 8960/16407
f 8950/16404 8960/16407 8961/16408 8962/16409
f 8950/16404 8962/16409 8963/16410 8958/16405
f 8951/16411 8964/16412 8965/16413 8966/16414
f 8951/16411 8967/16415 8968/16416 8964/16412
f 8951/16417 8966/16418 8969/16419 8967/16420
f 8952/16421 8970/16422 8965/16413 8964/16412
f 8952/16423 8971/16424 8972/16425 8970/16426
f 8952/16421 8964/16412 8968/16416 8971/16427
f 8953/16428 8973/16429 8974/16430 8956/16431
f 8953/16432 8970/16426 8972/16425 8973/16433
f 8953/16432 8956/16434 8965/16435 8970/16426
f 8954/16436 8958/16437 8963/16438 8975/16439
f 8954/16436 8976/16440 8959/16441 8958/16437
f 8954/16436 8975/16439 8977/16442 8976/16440
f 8955/16443 8976/16444 8977/16445 8978/16446
f 8955/16443 8957/16447 8959/16448 8976/16444
f 8955/16443 8978/16446 8979/16449 8957/16447
f 8956/16450 8974/16451 8966/16418 8965/16452
f 8957/16447 8979/16449 8960/16453 8959/16448
f 8979/16449 8978/16446 8980/16454 8981/16455
f 8979/16449 8981/16455 8961/16456 8960/16453
f 8981/16457 8980/16458 8973/16459 8972/16460
f 8981/16461 8972/16462 8971/16463 8961/16464
f 8980/16454 8978/16446 8977/16445 8982/16465
f 8980/16466 8982/16467 8974/16430 8973/16429
f 8982/16468 8969/16419 8966/16418 8974/16451
f 8982/16469 8977/16442 8975/16439 8969/16470
f 8975/16471 8963/16472 8967/16473 8969/16474
f 8971/16475 8968/16476 8962/16477 8961/16478
f 8968/16476 8967/16479 8963/16480 8962/16477
f 8983/16481 8987/16482 8988/16483 8989/16484
f 8984/16485 8990/16486 8991/16487 8992/16488
f 8985/16489 8993/16490 8988/16483 8987/16482
f 8986/16491 8992/16492 8991/16493 8994/16494
f 8994/16494 8991/16493 8995/16495 8996/16496
f 8995/16497 8997/16498 8998/16499 8996/16500
f 8995/16495 8991/16493 8990/16501 8999/16502
f 8995/16495 8999/16502 9000/16503 8997/16504
f 9000/16503 9001/16505 9002/16506 8997/16504
f 9002/16506 9003/16507 9004/16508 9005/16509
f 9002/16506 9005/16509 8998/16510 8997/16504
f 9002/16506 9001/16505 9006/16511 9003/16507
f 9006/16512 9007/16513 9008/16514 9003/16515
f 9008/16514 9009/16516 9010/16517 9011/16518
f 9008/16519 9011/16520 9004/16521 9003/16522
f 9008/16514 9007/16513 9012/16523 9009/16516
f 9012/16524 9013/16525 9014/16526 9009/16527
f 9014/16528 9015/16529 9016/16530 9017/16531
f 9014/16528 9017/16531 9010/16517 9009/16516
f 9014/16526 9013/16525 9018/16532 9015/16533
f 9018/16532 8989/16484 8988/16483 9015/16533
f 9016/16530 9015/16529 8988/16534 8993/16535
f 9019/16536 9020/16537 9021/16538 9022/16539
f 9019/16540 9022/16541 9023/16542 9024/16543
f 9019/16536 9024/16544 9025/16545 9020/16537
f 9026/16546 9027/16547 9028/16548 9029/16549
f 9026/16546 9029/16549 9030/16550 9031/16551
f 9026/16546 9031/16551 9032/16552 9033/16553
f 9026/16546 9034/16554 9035/16555 9027/16547
f 9026/16546 9033/16553 9036/16556 9034/16554
f 9035/16555 9037/16557 9038/16558 9027/16547
f 9038/16558 9039/16559 9028/16548 9027/16547
f 9032/16552 9031/16551 9040/16560 9041/16561
f 9040/16560 9031/16551 9030/16550 9042/16562
f 9043/16563 9047/16564 9048/16565 9049/16566
f 9044/16567 9050/16568 9051/16569 9052/16570
f 9045/16571 9053/16572 9048/16565 9047/16564
f 9046/16573 9052/16570 9051/16569 9054/16574
f 9054/16575 9051/16576 9055/16577 9056/16578
f 9056/16578 9055/16577 9057/16579 9058/16580
f 9058/16580 9057/16579 9048/16565 9053/16572
f 9057/16579 9055/16577 9059/16581 9060/16582
f 9057/16579 9060/16582 9049/16566 9048/16565
f 9059/16583 9055/16584 9051/16569 9050/16568
f 9061/16585 9062/16586 9063/16587
f 9062/16586 9064/16588 9065/16589 9063/16587
f 9066/16590 9067/16591 9068/16592 9069/16593
f 9069/16593 9068/16592 9070/16594 9071/16595
f 9070/16594 9068/16592 9072/16596 9073/16597
f 9072/16596 9068/16592 9067/16591 9074/16598
f 9065/16589 9064/16588 9074/16598 9067/16591
f 9067/16591 9066/16590 9065/16589
f 9075/16599 9077/16600 9079/16601 9080/16602
f 9076/16603 9080/16602 9079/16601 9078/16604
f 9081/16605 9082/16606 9083/16607 9084/16608
f 9081/16605 9085/16609 9086/16610 9087/16611
f 9081/16605 9087/16611 9088/16612 9082/16606
f 9086/16610 9085/16609 9089/16613 9090/16614
f 9090/16615 9089/16616 9085/16617
f 9090/16615 9085/16617 9081/16618
f 9090/16614 9081/16605 9084/16608
f 9091/16619 9095/16620 9096/16621 9097/16622
f 9092/16623 9098/16624 9099/16625 9100/16626
f 9093/16627 9101/16628 9102/16629 9103/16630
f 9094/16631 9104/16632 9105/16633 9106/16634
f 9105/16635 9104/16636 9103/16630 9102/16629
f 9105/16637 9102/16638 9096/16639 9099/16640
f 9105/16641 9099/16625 9098/16624 9106/16642
f 9102/16629 9101/16628 9097/16643 9096/16644
f 9099/16625 9096/16645 9095/16646 9100/16626
f 9107/16647 9111/16648 9112/16649 9113/16650
f 9108/16651 9114/16652 9115/16653 9116/16654
f 9109/16655 9113/16650 9112/16649 9117/16656
f 9110/16657 9118/16658 9115/16653 9114/16652
f 9118/16658 9119/16659 9120/16660 9115/16653
f 9120/16660 9119/16659 9117/16656 9112/16649
f 9120/16660 9112/16649 9111/16648 9121/16661
f 9120/16660 9121/16661 9116/16654 9115/16653
f 9122/16662 9126/16663 9127/16664 9128/16665
f 9123/16666 9129/16667 9130/16668 9131/16669
f 9124/16670 9132/16671 9133/16672 9134/16673
f 9125/16674 9135/16675 9136/16676 9137/16677
f 9137/16678 9136/16679 9133/16672 9132/16671
f 9136/16676 9135/16675 9131/16669 9130/16668
f 9136/16676 9130/16668 9127/16664 9133/16680
f 9133/16672 9127/16681 9126/16682 9134/16673
f 9130/16668 9129/16667 9128/16665 9127/16664
f 9138/16683 9142/16684 9143/16685 9144/16686
f 9139/16687 9145/16688 9146/16689 9147/16690
f 9140/16691 9148/16692 9149/16693 9150/16694
f 9141/16695 9151/16696 9152/16697 9153/16698
f 9153/16698 9152/16697 9149/16693 9148/16692
f 9152/16697 9151/16696 9147/16690 9146/16689
f 9152/16697 9146/16689 9143/16685 9149/16693
f 9149/16693 9143/16685 9142/16684 9150/16694
f 9146/16689 9145/16688 9144/16686 9143/16685
f 9154/16699 9155/16700 9156/16701
f 9155/16700 9157/16702 9158/16703 9156/16701
f 9159/16704 9160/16705 9161/16706 9162/16707
f 9159/16704 9162/16707 9158/16703 9157/16702
f 9159/16704 9157/16702 9163/16708
f 9159/16704 9163/16708 9164/16709 9160/16705
f 9164/16710 9165/16711 9166/16712 9160/16713
f 9166/16714 9167/16715 9161/16706 9160/16705
f 9168/16716 9172/16717 9173/16718 9174/16719
f 9169/16720 9175/16721 9176/16722 9177/16723
f 9170/16724 9178/16725 9179/16726 9180/16727
f 9171/16728 9181/16729 9182/16730 9183/16731
f 9183/16731 9182/16730 9179/16726 9178/16725
f 9182/16730 9181/16729 9177/16723 9176/16722
f 9182/16730 9176/16722 9173/16718 9179/16726
f 9179/16726 9173/16718 9172/16717 9180/16727
f 9176/16722 9175/16721 9174/16719 9173/16718
f 9264/16732 9194/16733 9195/16734 9196/16735
f 9264/16736 9196/16737 9201/16738 9202/16739
f 9184/16740 9203/16741 9204/16742 9205/16743
f 9184/16740 9205/16743 9206/16744 9207/16745
f 9184/16740 9207/16745 9208/16746 9203/16741
f 9185/16747 9209/16748 9210/16749 9190/16750
f 9185/16747 9190/16750 9187/16751 9211/16752
f 9185/16753 9212/16754 9213/16755 9209/16756
f 9185/16753 9214/16757 9215/16758 9212/16754
f 9185/16753 9211/16759 9216/16760 9214/16757
f 9186/16761 9217/16762 9188/16763 9218/16764
f 9186/16761 9218/16764 9219/16765 9220/16766
f 9187/16767 9221/16768 9222/16769 9223/16770
f 9187/16771 9190/16772 9191/16773 9221/16774
f 9186/16775 9226/16776 9231/16777 9232/16778
f 9188/16763 9233/16779 9234/16780 9218/16764
f 9189/16781 9191/16782 9190/16783 9235/16784
f 9189/16785 9227/16786 9230/16787 9191/16788
f 9189/16789 9235/16790 9228/16791 9227/16792
f 9190/16793 9210/16794 9236/16795 9235/16790
f 9191/16796 9224/16797 9237/16798 9221/16799
f 9191/16788 9230/16787 9225/16800 9224/16801
f 9186/16802 9220/16803 9237/16804 9224/16805
f 9192/16806 9238/16807 9239/16808 9240/16809
f 9193/16810 9241/16811 9242/16812 9243/16813
f 9237/16798 9244/16814 9222/16815 9221/16799
f 9244/16814 9245/16816 9206/16744 9205/16743
f 9244/16814 9205/16743 9204/16742 9222/16815
f 9236/16795 9246/16817 9232/16818 9231/16819
f 9236/16795 9231/16819 9228/16791 9235/16790
f 9236/16795 9210/16794 9247/16820 9246/16817
f 9247/16820 9210/16794 9209/16821 9250/16822
f 9247/16820 9250/16822 9251/16823 9248/16824
f 9252/16825 9250/16826 9209/16756 9213/16755
f 9234/16780 9233/16779 9213/16755 9212/16754
f 9234/16780 9212/16754 9215/16758 9253/16827
f 9234/16780 9253/16827 9219/16765 9218/16764
f 9253/16828 9215/16829 9254/16830 9255/16831
f 9253/16832 9255/16833 9256/16834 9257/16835
f 9231/16819 9226/16836 9229/16837 9228/16791
f 9230/16787 9229/16838 9226/16839 9225/16800
f 9223/16840 9222/16841 9204/16842 9258/16843
f 9258/16844 9204/16742 9203/16741 9259/16845
f 9260/16846 9200/16847 9199/16848
f 9186/16849 9224/16801 9225/16800 9226/16839
f 9227/16850 9228/16851 9229/16852 9230/16853
f 9246/16817 9247/16820 9249/16854
f 9217/16855 9186/16856 9232/16857
f 9256/16834 9255/16833 9254/16858
f 9219/16859 9253/16860 9257/16861
f 9245/16816 9244/16814 9237/16798 9220/16862
f 9216/16863 9211/16864 9187/16767 9223/16770
f 9238/16865 9192/16866 9240/16867
f 9241/16868 9193/16869 9243/16870
f 9261/16871 9263/16872 9262/16873
f 9252/16825 9213/16755 9233/16779 9188/16763
f 9251/16874 9252/16825 9188/16763 9217/16762
f 9251/16874 9250/16826 9252/16825
f 9194/16875 9264/16876 9202/16877 9197/16878
f 9198/16879 9199/16880 9200/16881 9260/16882
f 9247/16820 9248/16824 9251/16823 9249/16854
f 9265/16883 9273/16884 9274/16885 9272/16886
f 9265/16887 9275/16888 9276/16889 9273/16890
f 9265/16891 9277/16892 9278/16893 9275/16894
f 9265/16891 9279/16895 9280/16896 9277/16892
f 9266/16897 9281/16898 9282/16899 9283/16900
f 9266/16901 9269/16902 9284/16903 9281/16904
f 9266/16905 9283/16906 9285/16907 9269/16908
f 9267/16909 9286/16910 9287/16911 9288/16912
f 9267/16909 9289/16913 9290/16914 9286/16910
f 9267/16909 9288/16912 9291/16915 9289/16913
f 9268/16916 9292/16917 9290/16918 9293/16919
f 9268/16920 9294/16921 9295/16922 9292/16923
f 9268/16920 9293/16924 9296/16925 9294/16921
f 9269/16908 9285/16907 9298/16926 9284/16927
f 9270/16928 9299/16929 9300/16930 9301/16931
f 9270/16928 9302/16932 9303/16933 9299/16929
f 9270/16934 9301/16935 9304/16936 9305/16937
f 9271/16938 9306/16939 9289/16913 9291/16915
f 9271/16938 9291/16915 9307/16940 9308/16941
f 9271/16938 9308/16941 9309/16942 9306/16939
f 9272/16943 9310/16944 9311/16945 9297/16946
f 9272/16943 9274/16947 9312/16948 9310/16944
f 9270/16934 9305/16937 9313/16949 9314/16950
f 9314/16950 9313/16949 9315/16951 9307/16952
f 9314/16953 9307/16940 9291/16915 9288/16912
f 9315/16951 9313/16949 9310/16954 9312/16955
f 9315/16956 9312/16957 9316/16958 9317/16959
f 9315/16956 9317/16959 9308/16941 9307/16940
f 9317/16959 9316/16958 9298/16960 9318/16961
f 9317/16959 9318/16961 9309/16942 9308/16941
f 9318/16961 9298/16960 9285/16962 9319/16963
f 9318/16961 9319/16963 9296/16964 9309/16942
f 9319/16965 9285/16966 9283/16900 9320/16967
f 9319/16965 9320/16967 9294/16921 9296/16925
f 9320/16967 9283/16900 9282/16899 9321/16968
f 9320/16967 9321/16968 9295/16922 9294/16921
f 9321/16968 9282/16899 9322/16969 9323/16970
f 9321/16968 9323/16970 9324/16971 9295/16922
f 9324/16971 9323/16970 9325/16972 9303/16973
f 9324/16971 9303/16973 9302/16974 9326/16975
f 9324/16971 9326/16975 9292/16923 9295/16922
f 9326/16976 9286/16977 9290/16918 9292/16917
f 9327/16978 9286/16979 9326/16980 9302/16981
f 9325/16972 9323/16970 9322/16969 9276/16889
f 9325/16972 9276/16889 9275/16888 9328/16982
f 9325/16972 9328/16982 9299/16983 9303/16973
f 9328/16984 9275/16894 9278/16893 9329/16985
f 9328/16984 9329/16985 9300/16986 9299/16987
f 9329/16988 9278/16989 9330/16990 9331/16991
f 9329/16985 9331/16992 9332/16993 9300/16986
f 9332/16994 9333/16995 9301/16996 9300/16997
f 9333/16998 9334/16999 9304/16936 9301/16935
f 9334/16999 9335/17000 9336/17001 9304/16936
f 9336/17001 9335/17000 9337/17002 9338/17003
f 9336/17001 9338/17003 9297/17004 9311/17005
f 9336/17001 9311/17005 9305/16937 9304/16936
f 9338/17006 9337/17007 9339/17008 9280/17009
f 9338/17006 9280/17009 9279/17010 9297/17011
f 9339/17012 9340/17013 9277/17014 9280/17015
f 9340/17013 9330/16990 9278/16989 9277/17014
f 9322/16969 9282/16899 9281/16898 9341/17016
f 9322/16969 9341/17016 9273/16890 9276/16889
f 9341/17017 9281/16904 9284/16903 9342/17018
f 9341/17017 9342/17018 9274/16885 9273/16884
f 9342/17019 9284/16927 9298/16926 9316/17020
f 9342/17019 9316/17020 9312/16948 9274/16947
f 9313/16949 9305/16937 9311/17005 9310/16954
f 9309/17021 9296/17022 9293/17023 9306/17024
f 9306/17024 9293/17023 9290/17025 9289/17026
f 9265/17027 9272/17028 9297/17029 9279/17030
f 9327/17031 9302/17032 9288/17033 9287/17034
f 9302/17035 9270/16934 9314/16950 9288/17036
f 9343/17037 9344/17038 9345/17039 9346/17040
f 9343/17037 9346/17040 9347/17041 9348/17042
f 9343/17037 9348/17042 9349/17043 9350/17044
f 9348/17042 9347/17041 9351/17045 9352/17046
f 9351/17045 9347/17041 9353/17047 9354/17048
f 9354/17048 9353/17047 9355/17049 9356/17050
f 9356/17051 9355/17052 9357/17053 9358/17054
f 9358/17054 9357/17053 9359/17055 9360/17056
f 9360/17056 9359/17055 9361/17057 9362/17058
f 9362/17058 9361/17057 9363/17059 9364/17060
f 9364/17060 9363/17059 9365/17061 9366/17062
f 9353/17047 9347/17041 9346/17040 9367/17063
f 9344/17038 9343/17037 9350/17044
f 9368/17064 9371/17065 9372/17066 9373/17067
f 9368/17068 9374/17069 9375/17070 9371/17071
f 9368/17072 9373/17073 9376/17074 9370/17075
f 9368/17068 9377/17076 9378/17077 9374/17069
f 9368/17078 9370/17079 9379/17080 9377/17081
f 9369/17082 9372/17083 9371/17071 9380/17084
f 9369/17082 9381/17085 9382/17086 9372/17083
f 9369/17087 9383/17088 9384/17089 9381/17090
f 9370/17091 9376/17092 9383/17088 9385/17093
f 9370/17091 9385/17093 9386/17094 9387/17095
f 9370/17091 9387/17095 9388/17096 9379/17097
f 9388/17098 9387/17099 9389/17100 9390/17101
f 9390/17101 9389/17100 9391/17102 9392/17103
f 9390/17101 9392/17103 9393/17104 9394/17105
f 9389/17106 9387/17107 9386/17108 9395/17109
f 9386/17108 9396/17110 9397/17111 9395/17109
f 9386/17108 9385/17112 9398/17113 9396/17110
f 9384/17089 9383/17088 9376/17092 9399/17114
f 9399/17114 9376/17092 9373/17115 9400/17116
f 9400/17117 9373/17067 9372/17066 9382/17118
f 9380/17084 9371/17071 9375/17070 9401/17119
f 9401/17120 9375/17121 9402/17122 9403/17123
f 9403/17124 9402/17125 9404/17126 9405/17127
f 9404/17126 9402/17125 9406/17128 9407/17129
f 9407/17129 9406/17128 9408/17130 9409/17131
f 9408/17130 9406/17128 9374/17069 9378/17077
f 9406/17128 9402/17125 9375/17070 9374/17069
f 9391/17132 9389/17106 9395/17109 9397/17111
f 9398/17113 9385/17112 9383/17133
f 9398/17113 9383/17133 9369/17134
f 9398/17135 9369/17136 9380/17137
f 9410/17138 9411/17139 9412/17140
f 9411/17139 9413/17141 9414/17142 9412/17140
f 9415/17143 9419/17144 9420/17145 9417/17146
f 9416/17147 9418/17148 9421/17149 9422/17150
f 9422/17150 9421/17149 9423/17151 9424/17152
f 9424/17152 9423/17151 9425/17153 9426/17154
f 9426/17154 9425/17153 9427/17155 9428/17156
f 9427/17155 9420/17145 9419/17144 9428/17156
f 9429/17157 9433/17158 9434/17159 9435/17160
f 9430/17161 9435/17160 9434/17159 9436/17162
f 9431/17163 9437/17164 9438/17165 9439/17166
f 9432/17167 9440/17168 9438/17165 9437/17164
f 9440/17168 9441/17169 9442/17170 9438/17165
f 9442/17170 9441/17169 9443/17171 9444/17172
f 9442/17170 9444/17172 9445/17173 9446/17174
f 9442/17170 9446/17174 9439/17166 9438/17165
f 9445/17173 9444/17172 9447/17175 9448/17176
f 9448/17176 9447/17175 9449/17177 9450/17178
f 9450/17179 9449/17180 9451/17181 9452/17182
f 9452/17182 9451/17181 9453/17183 9454/17184
f 9454/17184 9453/17183 9434/17159 9433/17158
f 9453/17183 9455/17185 9436/17162 9434/17159
f 9453/17183 9451/17181 9456/17186 9455/17185
f 9456/17186 9451/17181 9449/17180 9457/17187
f 9457/17187 9449/17180 9447/17188 9458/17189
f 9458/17190 9447/17175 9444/17172 9443/17171
f 9459/17191 9461/17192 9462/17193 9463/17194
f 9459/17195 9464/17196 9465/17197 9461/17198
f 9459/17199 9463/17200 9466/17201 9464/17202
f 9460/17203 9467/17204 9468/17205 9469/17206
f 9460/17203 9470/17207 9462/17208 9467/17204
f 9460/17209 9469/17210 9471/17211 9470/17212
f 9471/17211 9469/17210 9472/17213 9473/17214
f 9471/17211 9473/17214 9474/17215 9475/17216
f 9471/17211 9475/17216 9476/17217 9470/17212
f 9476/17218 9463/17219 9462/17208 9470/17207
f 9476/17217 9475/17216 9477/17220 9478/17221
f 9476/17218 9478/17222 9466/17223 9463/17219
f 9478/17224 9479/17225 9480/17226 9466/17227
f 9480/17228 9479/17229 9481/17230 9482/17231
f 9480/17228 9482/17231 9483/17232 9484/17233
f 9480/17228 9484/17233 9464/17196 9466/17234
f 9484/17233 9483/17232 9485/17235 9486/17236
f 9484/17233 9486/17236 9465/17197 9464/17196
f 9486/17236 9485/17235 9487/17237 9488/17238
f 9486/17236 9488/17238 9489/17239 9465/17197
f 9489/17239 9488/17238 9490/17240 9491/17241
f 9489/17239 9491/17241 9492/17242 9493/17243
f 9489/17239 9493/17243 9461/17198 9465/17197
f 9493/17244 9492/17245 9468/17246 9467/17247
f 9493/17248 9467/17204 9462/17208 9461/17249
f 9492/17242 9491/17241 9494/17250 9495/17251
f 9492/17245 9495/17252 9496/17253 9468/17246
f 9496/17253 9495/17252 9497/17254 9498/17255
f 9496/17256 9498/17257 9499/17258 9472/17213
f 9496/17259 9472/17260 9469/17206 9468/17205
f 9499/17258 9498/17257 9500/17261 9501/17262
f 9499/17258 9501/17262 9502/17263 9503/17264
f 9499/17258 9503/17264 9473/17214 9472/17213
f 9503/17264 9502/17263 9504/17265 9505/17266
f 9503/17264 9505/17266 9474/17215 9473/17214
f 9505/17266 9504/17265 9506/17267 9507/17268
f 9505/17266 9507/17268 9508/17269 9474/17215
f 9508/17269 9477/17220 9475/17216 9474/17215
f 9509/17270 9510/17271 9511/17272 9512/17273
f 9513/17274 9512/17273 9511/17272
f 9506/17267 9504/17265 9514/17275 9515/17276
f 9515/17277 9514/17278 9516/17279 9517/17280
f 9516/17281 9514/17282 9518/17283 9519/17284
f 9519/17285 9518/17286 9520/17287 9521/17288
f 9521/17288 9520/17287 9522/17289 9523/17290
f 9523/17290 9522/17289 9524/17291 9525/17292
f 9524/17293 9522/17294 9500/17295 9526/17296
f 9526/17297 9500/17298 9498/17299 9497/17300
f 9522/17301 9520/17302 9501/17303 9500/17304
f 9520/17305 9518/17306 9502/17263 9501/17262
f 9518/17306 9514/17275 9504/17265 9502/17263
f 9494/17250 9491/17241 9490/17240 9527/17307
f 9527/17307 9490/17240 9528/17308 9529/17309
f 9528/17308 9490/17240 9488/17238 9487/17237
f 9510/17271 9509/17270 9478/17221 9477/17220
f 9477/17220 9508/17269 9510/17271
f 9530/17310 9535/17311 9536/17312 9537/17313
f 9530/17314 9537/17315 9538/17316 9539/17317
f 9530/17318 9539/17319 9540/17320 9535/17321
f 9540/17322 9541/17323 9542/17324 9543/17325
f 9540/17326 9543/17327 9544/17328 9535/17311
f 9540/17329 9539/17317 9545/17330 9541/17331
f 9545/17330 9546/17332 9547/17333 9541/17331
f 9545/17330 9539/17317 9538/17316 9548/17334
f 9545/17330 9548/17334 9549/17335 9546/17332
f 9549/17335 9550/17336 9551/17337 9546/17332
f 9549/17335 9548/17334 9552/17338 9553/17339
f 9549/17335 9553/17339 9554/17340 9550/17336
f 9554/17340 9555/17341 9556/17342 9550/17336
f 9554/17340 9553/17339 9557/17343 9558/17344
f 9554/17340 9558/17344 9559/17345 9555/17341
f 9559/17346 9558/17347 9560/17348 9561/17349
f 9561/17349 9560/17348 9562/17350 9563/17351
f 9563/17351 9562/17350 9564/17352 9565/17353
f 9565/17353 9564/17352 9566/17354 9567/17355
f 9567/17356 9566/17357 9568/17358 9569/17359
f 9568/17358 9566/17357 9570/17360 9571/17361
f 9571/17361 9570/17360 9543/17327 9542/17362
f 9570/17363 9566/17354 9564/17352 9572/17364
f 9570/17360 9572/17365 9544/17328 9543/17327
f 9572/17364 9564/17352 9562/17350 9573/17366
f 9572/17364 9573/17366 9574/17367 9544/17368
f 9574/17367 9573/17366 9575/17369 9576/17370
f 9574/17367 9576/17370 9532/17371 9536/17372
f 9574/17373 9536/17312 9535/17311 9544/17328
f 9576/17370 9575/17369 9557/17374 9577/17375
f 9576/17376 9577/17377 9533/17378 9532/17379
f 9577/17380 9557/17343 9553/17339 9552/17338
f 9577/17380 9552/17338 9534/17381 9533/17382
f 9575/17369 9560/17348 9558/17347 9557/17374
f 9575/17369 9573/17366 9562/17350 9560/17348
f 9556/17383 9578/17384 9551/17385 9550/17386
f 9578/17384 9579/17387 9580/17388 9551/17385
f 9580/17388 9579/17387 9581/17389 9582/17390
f 9580/17388 9582/17390 9583/17391 9547/17392
f 9580/17388 9547/17392 9546/17393 9551/17385
f 9583/17394 9542/17395 9541/17396 9547/17397
f 9552/17338 9548/17334 9538/17316 9534/17381
f 9538/17316 9537/17315 9531/17398 9534/17381
f 9537/17313 9536/17312 9532/17399 9531/17400
f 9531/17401 9532/17402 9533/17403 9534/17404
f 9584/17405 9588/17406 9589/17407 9590/17408
f 9585/17409 9590/17408 9589/17407 9591/17410
f 9586/17411 9592/17412 9593/17413 9594/17414
f 9587/17415 9594/17414 9593/17413 9595/17416
f 9595/17416 9593/17413 9596/17417 9597/17418
f 9597/17418 9596/17417 9598/17419 9599/17420
f 9598/17419 9600/17421 9601/17422 9599/17420
f 9598/17419 9596/17417 9602/17423 9603/17424
f 9598/17419 9603/17424 9604/17425 9600/17421
f 9604/17425 9591/17410 9589/17407 9600/17421
f 9602/17423 9596/17417 9593/17413 9592/17412
f 9601/17422 9600/17421 9589/17407 9588/17406
f 9605/17426 9609/17427 9610/17428 9611/17429
f 9606/17430 9612/17431 9613/17432 9614/17433
f 9607/17434 9611/17429 9610/17428 9615/17435
f 9608/17436 9616/17437 9613/17432 9612/17431
f 9616/17437 9617/17438 9618/17439 9613/17432
f 9618/17439 9617/17438 9615/17435 9610/17428
f 9618/17439 9610/17428 9609/17427 9619/17440
f 9618/17439 9619/17440 9614/17433 9613/17432
f 9620/17441 9621/17442 9622/17443 9623/17444
f 9620/17441 9624/17445 9625/17446 9621/17442
f 9620/17441 9623/17444 9626/17447 9624/17445
f 9626/17447 9623/17444 9627/17448 9628/17449
f 9626/17447 9628/17449 9629/17450 9630/17451
f 9626/17447 9630/17451 9631/17452 9624/17445
f 9631/17452 9632/17453 9625/17446 9624/17445
f 9631/17452 9630/17451 9633/17454 9634/17455
f 9631/17452 9634/17455 9635/17456 9632/17453
f 9633/17454 9630/17451 9629/17450 9636/17457
f 9637/17458 9638/17459 9639/17460 9640/17461
f 9637/17462 9640/17463 9641/17464 9642/17465
f 9637/17466 9642/17467 9643/17468 9638/17469
f 9643/17468 9644/17470 9645/17471 9638/17469
f 9643/17468 9642/17467 9646/17472 9647/17473
f 9643/17468 9647/17473 9648/17474 9644/17470
f 9648/17474 9647/17473 9649/17475 9650/17476
f 9650/17476 9649/17475 9651/17477 9652/17478
f 9651/17477 9649/17475 9653/17479 9654/17480
f 9654/17480 9653/17479 9655/17481 9656/17482
f 9656/17482 9655/17481 9657/17483 9658/17484
f 9658/17484 9657/17483 9659/17485 9660/17486
f 9659/17487 9657/17488 9661/17489 9662/17490
f 9662/17490 9661/17489 9663/17491 9664/17492
f 9664/17492 9663/17491 9665/17493 9666/17494
f 9666/17494 9665/17493 9667/17495 9668/17496
f 9668/17496 9667/17495 9669/17497 9670/17498
f 9669/17497 9667/17495 9639/17460 9671/17499
f 9671/17499 9639/17460 9638/17459 9645/17500
f 9667/17495 9665/17493 9640/17461 9639/17460
f 9665/17493 9663/17491 9641/17501 9640/17461
f 9663/17491 9661/17489 9672/17502 9641/17501
f 9672/17503 9646/17472 9642/17467 9641/17504
f 9672/17503 9661/17505 9657/17483 9655/17481
f 9672/17503 9655/17481 9653/17479 9646/17472
f 9653/17479 9649/17475 9647/17473 9646/17472
f 9673/17506 9674/17507 9675/17508 9676/17509
f 9673/17506 9677/17510 9678/17511 9674/17507
f 9673/17506 9679/17512 9680/17513 9681/17514
f 9673/17506 9676/17509 9682/17515 9679/17512
f 9682/17515 9683/17516 9684/17517 9679/17512
f 9684/17517 9685/17518 9680/17513 9679/17512
f 9677/17510 9673/17506 9681/17514
f 9686/17519 9690/17520 9691/17521 9692/17522
f 9687/17523 9693/17524 9691/17521 9690/17520
f 9688/17525 9694/17526 9695/17527 9696/17528
f 9689/17529 9696/17528 9695/17527 9697/17530
f 9697/17530 9695/17527 9691/17521 9693/17524
f 9695/17527 9694/17526 9692/17522 9691/17521
f 9698/17531 9699/17532 9706/17533 9707/17534
f 9699/17532 9708/17535 9709/17536 9706/17533
f 9699/17532 9710/17537 9701/17538 9708/17535
f 9700/17539 9711/17540 9712/17541 9713/17542
f 9701/17538 9712/17541 9714/17543 9702/17544
f 9701/17538 9710/17537 9713/17542 9712/17541
f 9703/17545 9715/17546 9716/17547 9717/17548
f 9704/17549 9718/17550 9716/17551 9715/17552
f 9705/17553 9714/17543 9712/17541 9711/17540
f 9718/17554 9707/17555 9706/17556 9716/17557
f 9717/17558 9716/17559 9706/17560 9709/17561
f 9719/17562 9720/17563 9721/17564 9722/17565
f 9720/17566 9719/17567 9722/17568
f 9723/17569 9729/17570 9730/17571 9731/17572
f 9724/17573 9728/17574 9732/17575 9733/17576
f 9725/17577 9734/17578 9735/17579 9736/17580
f 9726/17581 9737/17582 9738/17583 9739/17584
f 9727/17585 9740/17586 9741/17587 9742/17588
f 9727/17585 9742/17588 9743/17589 9744/17590
f 9727/17591 9744/17592 9745/17593 9746/17594
f 9745/17593 9733/17576 9732/17575 9746/17594
f 9743/17589 9742/17588 9747/17595 9748/17596
f 9748/17597 9747/17598 9749/17599 9750/17600
f 9750/17601 9749/17602 9730/17571 9729/17570
f 9749/17602 9751/17603 9752/17604 9730/17571
f 9749/17602 9747/17605 9753/17606 9751/17603
f 9753/17606 9754/17607 9755/17608 9751/17603
f 9753/17609 9747/17595 9742/17588 9741/17587
f 9753/17609 9741/17587 9738/17610 9754/17611
f 9755/17612 9756/17613 9736/17614 9735/17615
f 9755/17608 9735/17579 9752/17604 9751/17603
f 9755/17612 9754/17616 9757/17617 9756/17613
f 9757/17617 9754/17616 9738/17618 9737/17619
f 9752/17604 9735/17579 9734/17578 9758/17620
f 9752/17604 9758/17620 9731/17572 9730/17571
f 9741/17587 9740/17586 9739/17621 9738/17610
f 9759/17622 9760/17623 9761/17624 9762/17625
f 9759/17622 9762/17625 9763/17626 9764/17627
f 9760/17623 9759/17622 9764/17627
f 9765/17628 9767/17629 9769/17630 9770/17631
f 9766/17632 9771/17633 9772/17634 9768/17635
f 9772/17634 9771/17633 9773/17636 9774/17637
f 9774/17637 9773/17636 9775/17638 9776/17639
f 9776/17639 9775/17638 9770/17631 9769/17630
f 9777/17640 9781/17641 9782/17642 9783/17643
f 9778/17644 9784/17645 9785/17646 9786/17647
f 9779/17648 9783/17643 9782/17642 9787/17649
f 9780/17650 9788/17651 9785/17646 9784/17645
f 9788/17651 9789/17652 9790/17653 9785/17646
f 9790/17653 9791/17654 9786/17647 9785/17646
f 9790/17653 9789/17652 9792/17655 9793/17656
f 9790/17653 9793/17656 9794/17657 9791/17654
f 9794/17657 9793/17656 9782/17642 9781/17641
f 9793/17656 9792/17655 9787/17649 9782/17642
