# Blender 4.5.0
# www.blender.org
mtllib tripo_convert_146a7089-1f7a-458e-9b83-6e31c280a5da.mtl
o tripo_node_146a7089-1f7a-458e-9b83-6e31c280a5da
v 0.126698 0.883290 -0.265573
v 0.211242 0.876054 -0.320437
v 0.098988 0.881142 -0.244025
v 0.121715 0.956300 -0.181456
v 0.101882 0.947557 -0.144545
v 0.204527 0.922829 -0.194763
v 0.233550 0.904863 -0.145943
v 0.196068 0.951443 -0.115610
v 0.220352 0.929363 -0.133379
v 0.243347 0.925011 -0.112769
v 0.107918 0.913417 -0.095377
v 0.172906 0.914649 -0.117203
v 0.197928 0.930779 -0.146056
v 0.094884 0.943245 -0.149528
v 0.015107 0.957668 -0.182132
v 0.106601 0.961917 -0.208015
v 0.049826 0.934105 -0.139691
v 0.025144 0.943282 -0.099696
v 0.015006 0.953447 -0.182276
v 0.008140 0.941819 -0.200298
v 0.063047 0.922236 -0.262149
v 0.044610 0.867915 -0.398254
v 0.028877 0.899721 -0.237474
v 0.052263 0.858739 -0.380859
v 0.048219 0.828270 -0.413762
v 0.078348 0.855978 -0.394303
v 0.095787 0.854505 -0.362448
v 0.115041 0.883668 -0.383257
v 0.095422 0.780975 -0.272429
v 0.041773 0.793324 -0.343434
v 0.075176 0.802985 -0.420913
v 0.027531 0.825303 -0.378331
v 0.106600 0.786751 -0.195484
v 0.044032 0.894708 -0.242057
v 0.144900 0.808662 -0.181898
v 0.120745 0.919266 0.089783
v 0.232154 0.955920 0.068290
v 0.222065 0.927795 0.072812
v 0.120179 0.897146 -0.022677
v 0.139081 0.887246 -0.013866
v 0.024021 0.947177 -0.024151
v 0.057511 0.950895 0.115764
v 0.036429 0.941062 0.060836
v 0.057596 0.949781 0.113576
v 0.091474 0.959654 0.132576
v 0.093173 0.937846 0.115231
v 0.105041 0.966913 0.139601
v 0.074888 0.959413 0.133601
v -0.081822 0.939142 0.117804
v -0.113439 0.939322 0.124798
v -0.090067 0.948157 0.152010
v -0.101852 0.944339 0.099918
v -0.087266 0.956179 0.146700
v -0.087539 0.955386 0.140160
v -0.087617 0.942719 0.105817
v 0.004857 0.950599 0.012508
v -0.119682 0.941287 0.023404
v -0.159906 0.945557 0.070560
v -0.136726 0.947172 0.001780
v -0.176979 0.956982 0.095725
v -0.178464 0.960162 0.092737
v -0.170128 0.966600 0.111999
v -0.203281 0.959222 0.060243
v -0.162212 0.967698 0.119288
v -0.177040 0.915119 -0.202806
v -0.007648 0.878830 -0.396419
v -0.042771 0.873118 -0.349161
v -0.083860 0.886509 -0.231620
v -0.136144 0.878371 -0.289303
v -0.143055 0.877071 -0.276050
v -0.025379 0.894693 -0.420597
v -0.046490 0.889474 -0.239704
v -0.016981 0.902000 -0.206776
v -0.040521 0.890096 -0.419137
v -0.052949 0.968992 -0.196205
v -0.061563 0.971858 -0.201261
v 0.002948 0.970422 -0.252624
v 0.011817 0.943910 -0.212568
v 0.002732 0.955586 -0.189506
v -0.008974 0.958853 -0.199668
v 0.000953 0.946083 -0.193605
v -0.072941 0.926743 -0.146028
v -0.066966 0.937631 -0.116325
v -0.097883 0.941909 -0.120110
v -0.126604 0.945686 -0.013307
v -0.140446 0.947260 -0.004146
v -0.165058 0.959706 -0.127334
v -0.158335 0.955377 -0.119629
v -0.159357 0.945496 -0.093443
v -0.183625 0.947404 -0.046077
v -0.202066 0.957255 -0.097797
v -0.160614 0.941462 -0.062215
v -0.147844 0.943961 -0.031843
v -0.187890 0.949544 -0.056154
v -0.177988 0.948707 -0.075402
v -0.190633 0.954070 -0.098277
v -0.120260 0.948417 -0.185206
v -0.153255 0.942200 -0.083821
v -0.129665 0.938866 -0.088441
v -0.132903 0.993328 -0.254553
v -0.130357 0.957639 -0.206557
v -0.109111 0.901323 -0.327778
v -0.157359 0.881135 -0.315663
v -0.192398 0.963233 0.094473
v 0.088991 0.878298 -0.254305
v 0.064810 0.874014 -0.289329
v 0.112263 0.884270 -0.282545
v 0.140657 0.939012 -0.246181
v 0.241663 0.887078 -0.214636
v 0.117711 0.958881 -0.192677
v 0.109026 0.924672 -0.211169
v 0.221235 0.910802 -0.162020
v 0.237069 0.899723 -0.162531
v 0.091905 0.881240 -0.180613
v 0.133052 0.860090 -0.229456
v 0.197786 0.939429 -0.132939
v 0.179304 0.945573 -0.134211
v 0.173025 0.959592 -0.119999
v 0.225146 0.973226 -0.067146
v 0.244036 0.959946 -0.071981
v 0.230217 0.939757 -0.113739
v 0.211763 0.914911 -0.121702
v 0.202534 0.914963 -0.088204
v 0.236956 0.946509 -0.097740
v 0.226811 0.926882 -0.051925
v 0.250675 0.974433 -0.044395
v 0.096022 0.891032 -0.038639
v 0.085824 0.913573 -0.069857
v 0.128515 0.949390 -0.149450
v 0.143008 0.913741 -0.106681
v 0.079180 0.925117 -0.058334
v 0.042183 0.945400 -0.068013
v 0.070417 0.945894 -0.127883
v 0.039288 0.947260 -0.175204
v 0.009184 0.949940 -0.189068
v 0.107080 0.961633 -0.209212
v 0.108311 0.961240 -0.204292
v 0.107884 0.961983 -0.206937
v 0.107685 0.962879 -0.210812
v 0.129665 0.953999 -0.169538
v 0.094303 0.947688 -0.158975
v 0.000462 0.942949 -0.157875
v 0.034721 0.945657 -0.172167
v -0.013820 0.947166 -0.026294
v -0.026149 0.935047 -0.107219
v -0.008070 0.926687 -0.185353
v 0.030823 0.918806 -0.231102
v 0.028801 0.935885 -0.232064
v 0.006214 0.960109 -0.224841
v 0.067049 0.932948 -0.302409
v -0.002499 0.918655 -0.402867
v 0.059117 0.905471 -0.385924
v -0.017797 0.867641 -0.339736
v 0.064435 0.799591 -0.405359
v 0.114790 0.882834 -0.342414
v 0.118030 0.833780 -0.362690
v 0.132240 0.776074 -0.237649
v 0.106589 0.824835 -0.235368
v 0.091221 0.782634 -0.339013
v 0.066122 0.819367 -0.309628
v 0.053047 0.850533 -0.327029
v 0.129247 0.782029 -0.353509
v 0.132370 0.797800 -0.383801
v 0.014460 0.877323 -0.298202
v 0.159048 0.794359 -0.223659
v 0.132223 0.835848 -0.230206
v 0.085764 0.868120 -0.265663
v 0.143709 0.773929 -0.299341
v 0.189945 0.786666 -0.300039
v 0.167813 0.835660 -0.292974
v 0.186426 0.807539 -0.305086
v 0.178811 0.966460 0.096622
v 0.154793 0.920127 0.075530
v 0.153710 0.912370 0.050430
v 0.097613 0.920975 0.075624
v 0.155381 0.926269 0.095324
v 0.172803 0.923895 0.072371
v 0.219677 0.944637 0.077568
v 0.232238 0.930458 0.051626
v 0.251167 0.951209 0.051840
v 0.255515 0.972169 0.051401
v 0.183938 0.916616 0.040492
v 0.197302 0.921551 -0.000570
v 0.129021 0.892612 -0.039309
v 0.132220 0.898789 -0.035557
v 0.096217 0.925283 -0.031849
v -0.022011 0.948438 0.037200
v 0.059689 0.949214 0.117633
v 0.057522 0.948235 0.113317
v 0.030077 0.942916 0.058943
v 0.037012 0.940270 0.058769
v 0.032458 0.946464 0.074924
v 0.108812 0.955165 0.138472
v 0.066877 0.951488 0.114993
v 0.098496 0.964371 0.135529
v 0.112447 0.965357 0.140042
v 0.091351 0.956748 0.132463
v 0.091641 0.963626 0.132730
v 0.073478 0.969586 0.128606
v 0.078039 0.974225 0.130653
v 0.113923 0.967813 0.143130
v 0.115078 0.972433 0.140953
v 0.103588 0.974250 0.135357
v 0.094426 0.962364 0.138927
v 0.087492 0.964437 0.133463
v 0.074126 0.961144 0.131873
v 0.066929 0.958045 0.132404
v 0.060794 0.958914 0.127750
v -0.068926 0.944043 0.119011
v -0.078641 0.942295 0.132766
v -0.113828 0.937396 0.059628
v -0.124958 0.939953 0.072194
v -0.087302 0.941722 0.135265
v -0.167468 0.960172 0.096496
v -0.081946 0.942705 0.106544
v -0.086277 0.938472 0.096138
v -0.082866 0.937858 0.095248
v -0.128113 0.946809 0.087029
v -0.127821 0.938684 0.074974
v -0.086904 0.955451 0.141616
v -0.070959 0.952712 0.139774
v -0.088609 0.955271 0.137665
v -0.088333 0.945011 0.109924
v -0.085928 0.946062 0.111209
v -0.127466 0.939143 0.036218
v -0.079546 0.940913 0.020362
v -0.063866 0.937826 0.060376
v -0.094100 0.934234 0.045694
v -0.159132 0.945333 0.073402
v -0.152680 0.945493 0.074324
v -0.160545 0.944468 0.068618
v -0.135423 0.947453 0.000681
v -0.137844 0.947357 0.000486
v -0.132675 0.945693 0.008846
v -0.134002 0.947509 0.000796
v -0.111471 0.934189 0.055881
v -0.169641 0.953710 0.081677
v -0.198914 0.968762 0.101022
v -0.215118 0.958474 0.030463
v -0.188250 0.950494 0.033866
v -0.183024 0.952574 0.056569
v -0.177257 0.919295 -0.248697
v -0.177840 0.909500 -0.218261
v -0.168256 0.872221 -0.271336
v -0.152589 0.909358 -0.290977
v -0.177567 0.870471 -0.251597
v -0.141726 0.873922 -0.207260
v -0.141054 0.916154 -0.171495
v -0.063377 0.932976 -0.355356
v -0.071627 0.883718 -0.278675
v -0.085887 0.910148 -0.327194
v -0.072691 0.900127 -0.184243
v -0.114221 0.881901 -0.255961
v -0.106238 0.878276 -0.310454
v -0.134350 0.873850 -0.236154
v -0.094887 0.882100 -0.281528
v 0.003131 0.898407 -0.399777
v 0.001556 0.915427 -0.398592
v -0.031592 0.903751 -0.412071
v -0.033021 0.888040 -0.406652
v -0.009952 0.884109 -0.384671
v -0.048001 0.970837 -0.323767
v -0.011206 0.964450 -0.332269
v -0.059610 0.895895 -0.374482
v -0.054255 0.880411 -0.363480
v -0.045637 0.921647 -0.377842
v -0.021851 0.966716 -0.211277
v -0.087859 0.975975 -0.194629
v -0.082699 0.972205 -0.187736
v -0.087819 0.975609 -0.193776
v -0.046139 0.974353 -0.221866
v 0.023976 0.951717 -0.242934
v -0.010948 0.960430 -0.216560
v -0.063426 0.985900 -0.247414
v 0.009394 0.973908 -0.300708
v 0.052586 0.946594 -0.277841
v 0.035985 0.935983 -0.235713
v -0.005472 0.880652 -0.297660
v -0.074539 0.888556 -0.224177
v -0.051562 0.914821 -0.162480
v -0.099470 0.935479 -0.075151
v -0.071805 0.926820 -0.122264
v -0.087976 0.941456 -0.134383
v -0.061119 0.927754 -0.113663
v -0.064029 0.938136 -0.114298
v -0.076482 0.939937 -0.121933
v -0.064281 0.942871 -0.113640
v -0.118637 0.890936 -0.170799
v -0.122082 0.951520 -0.113538
v -0.138647 0.946505 0.000904
v -0.169604 0.948603 -0.002700
v -0.086654 0.943319 -0.019398
v -0.129475 0.945065 0.001205
v -0.125923 0.947837 0.001458
v -0.141719 0.947938 0.001066
v -0.140132 0.947928 0.001105
v -0.146578 0.955553 -0.121710
v -0.148040 0.953081 -0.114365
v -0.157843 0.960791 -0.130966
v -0.119128 0.953875 -0.120717
v -0.136284 0.957809 -0.127134
v -0.145634 0.957148 -0.126448
v -0.169327 0.960508 -0.133447
v -0.152529 0.942522 -0.094310
v -0.174153 0.945674 -0.057593
v -0.209483 0.957175 -0.049773
v -0.203600 0.960352 -0.097921
v -0.209866 0.954186 -0.040984
v -0.210138 0.957085 -0.071939
v -0.164730 0.946487 -0.020928
v -0.182838 0.946161 -0.023139
v -0.206570 0.955503 -0.064718
v -0.211647 0.955665 -0.048752
v -0.183455 0.948292 -0.055171
v -0.154929 0.940831 -0.061666
v -0.209204 0.957083 -0.099728
v -0.210039 0.951407 -0.048548
v -0.154848 0.943209 -0.061349
v -0.171674 0.949434 -0.103328
v -0.170048 0.948472 -0.097809
v -0.190542 0.954159 -0.099748
v -0.210671 0.959745 -0.101652
v -0.208872 0.958430 -0.091935
v -0.158484 0.913595 -0.190676
v -0.153066 0.926514 -0.203018
v -0.161489 0.952066 -0.110392
v -0.170483 0.964085 -0.132944
v -0.146325 0.959047 -0.125612
v -0.088712 0.985626 -0.281960
v -0.107205 0.991284 -0.218095
v -0.162607 0.949597 -0.250146
v -0.116343 0.945053 -0.289617
v -0.097437 0.975355 -0.189190
v -0.069848 0.935952 -0.332228
v -0.211854 0.963992 0.088523
v -0.190501 0.957306 0.087140
v -0.140344 0.990878 -0.234208
v -0.152748 0.970723 -0.239885
v -0.167603 0.954381 -0.235042
v -0.154577 0.972630 -0.213438
v -0.117611 0.964809 -0.180579
v -0.120042 0.968757 -0.266781
v -0.124541 0.935452 -0.164982
v -0.156608 0.938013 -0.259480
v -0.029169 0.955309 -0.326163
v -0.010608 0.930350 -0.370396
v 0.036091 0.940869 -0.350102
v 0.046506 0.925506 -0.366138
v 0.083192 0.915571 -0.320727
v 0.067354 0.924468 -0.309967
v 0.042474 0.899424 -0.363366
v 0.083524 0.892321 -0.316975
v 0.100384 0.907221 -0.291173
v 0.023012 0.875913 -0.345202
v -0.039256 0.877096 -0.346612
v 0.093248 0.913797 -0.281297
v 0.067552 0.913390 -0.254365
v -0.085025 0.939557 -0.131740
v -0.059596 0.918144 -0.123405
v -0.065727 0.932249 -0.115962
v -0.166116 0.924523 -0.220389
v -0.140618 0.966532 -0.138182
v -0.128066 0.946386 -0.103927
v -0.145727 0.956234 -0.119364
v -0.076370 0.985580 -0.223797
v -0.081063 0.985817 -0.222180
v -0.097344 0.975233 -0.188983
v -0.022079 0.948864 0.037348
v -0.050217 0.942138 0.039933
v -0.063399 0.936660 0.060804
v -0.020535 0.946241 0.056177
v 0.011149 0.950245 0.043308
v 0.000272 0.951635 0.048224
v 0.078419 0.929600 0.026800
v 0.130224 0.918176 -0.031367
v 0.101168 0.939259 -0.090010
v 0.140848 0.917257 -0.101200
v 0.135485 0.947323 -0.141535
v -0.203079 0.961481 -0.127116
v -0.197734 0.961536 -0.128172
v -0.204412 0.961613 -0.126700
v -0.210382 0.962204 -0.124836
v -0.115087 0.957836 -0.131711
v -0.125713 0.947836 0.001464
v -0.159550 0.949307 0.073425
v -0.111033 0.933511 0.060253
v -0.102288 0.933182 0.066397
v -0.111112 0.934949 0.065035
v -0.087042 0.933768 0.081230
v -0.070571 0.933730 0.071349
v -0.073333 0.933740 0.079980
v -0.061169 0.937117 0.067499
v -0.133117 0.947544 0.000867
v -0.138592 0.945448 0.010293
v -0.111601 0.937099 0.056572
v -0.093510 0.935628 0.057402
v -0.111044 0.936809 0.060879
v -0.095663 0.934723 0.065160
v -0.110193 0.936368 0.067453
v -0.086731 0.933331 0.081666
v -0.110036 0.936287 0.068665
v -0.086284 0.935607 0.097408
v -0.111636 0.932443 0.056232
v -0.021579 0.948633 0.056339
v -0.158978 0.949281 0.072869
v -0.087648 0.957138 0.146948
v -0.086625 0.963801 0.171131
v -0.080257 0.940976 0.146496
v 0.074459 0.961413 0.131667
v 0.069779 0.957642 0.134566
v 0.079727 0.965658 0.128402
v 0.115946 0.975902 0.139318
v 0.103423 0.971361 0.137198
v 0.091919 0.970180 0.132984
v 0.092193 0.976663 0.133235
v 0.118506 0.975328 0.143308
v 0.129677 0.965996 0.145419
v 0.141109 0.975416 0.138935
v 0.169974 0.959266 0.117883
v 0.154753 0.940067 0.126012
v 0.113115 0.964582 0.144653
v 0.063105 0.956946 0.122034
v 0.002068 0.954318 0.046785
v 0.028719 0.943462 0.059318
v 0.030346 0.948906 0.076175
v 0.034543 0.941612 0.061553
v 0.007921 0.951099 0.055385
v 0.011315 0.950433 0.043284
v 0.225095 0.956080 0.073882
v 0.178557 0.968572 0.094251
v 0.211265 0.967224 0.067878
v 0.028634 0.945428 0.078081
v 0.036398 0.948115 0.087453
v 0.039059 0.946238 0.086027
v 0.157219 0.824966 -0.223823
v 0.104052 0.847036 -0.266014
v 0.112229 0.960521 -0.200746
v 0.116067 0.960648 -0.199995
v 0.107945 0.962700 -0.210526
v 0.106392 0.962267 -0.209338
v 0.107742 0.963996 -0.214535
v 0.102732 0.963141 -0.211980
v 0.147477 0.946737 -0.146340
v 0.131356 0.949727 -0.149141
v 0.167661 0.906763 -0.068509
v -0.135414 0.965634 0.133802
v 0.055447 0.947489 0.088334
v 0.187108 0.921932 -0.090249
v 0.154161 0.948944 -0.142252
v 0.151824 0.949237 -0.142317
v 0.153598 0.951510 -0.139596
v 0.156160 0.950391 -0.139899
v 0.158204 0.948466 -0.141468
v 0.154728 0.947351 -0.143824
v 0.149535 0.946303 -0.145828
v 0.155396 0.946130 -0.144952
v 0.149297 0.948373 -0.145901
v 0.140775 0.947766 -0.145204
v 0.159419 0.946765 -0.142948
v 0.163190 0.948828 -0.138503
v 0.164513 0.946815 -0.141063
v 0.169630 0.949455 -0.134750
v 0.171879 0.946528 -0.138776
v 0.177504 0.950135 -0.129647
v 0.180041 0.946741 -0.135200
v 0.166758 0.952240 -0.130656
v 0.174814 0.953733 -0.123759
v 0.164783 0.955041 -0.126060
v 0.160755 0.951122 -0.135683
v 0.158169 0.953386 -0.133115
v 0.092681 0.683753 -0.269913
v 0.225442 0.786262 -0.170991
v 0.186851 0.805954 -0.092308
v 0.345918 0.752441 -0.072234
v 0.335581 0.817028 -0.066966
v 0.224605 0.809744 -0.033988
v 0.293731 0.788940 -0.087702
v 0.182071 0.734862 -0.237615
v 0.165656 0.686866 -0.310931
v 0.189282 0.689978 -0.317219
v 0.192826 0.638270 -0.219709
v 0.283520 0.655117 -0.194042
v 0.265010 0.667383 -0.136715
v 0.208196 0.645579 -0.447607
v 0.079075 0.576742 -0.435750
v 0.010910 0.623223 -0.197429
v 0.129846 0.582165 -0.295216
v 0.101627 0.669229 -0.124454
v 0.164489 0.634185 -0.078255
v 0.334712 0.520670 -0.089198
v 0.384202 0.553028 -0.041605
v 0.197572 0.645575 -0.091195
v 0.414163 0.530578 -0.014138
v 0.313588 0.530313 0.047791
v 0.300861 0.559292 0.078600
v 0.302710 0.540022 0.075880
v 0.146930 0.553538 0.038528
v 0.231387 0.532285 0.008702
v 0.164329 0.530375 -0.005432
v 0.185038 0.567545 0.131562
v 0.204558 0.584412 0.142398
v 0.334895 0.545812 0.188514
v 0.335042 0.541677 0.156367
v 0.329478 0.536821 0.135580
v 0.282092 0.550347 0.216683
v 0.111245 0.737565 0.049743
v 0.335061 0.765906 0.049327
v 0.242335 0.735861 0.085834
v 0.197787 0.830181 0.215870
v 0.220064 0.856033 0.194440
v 0.258211 0.773591 0.111967
v 0.267776 0.688680 0.009017
v 0.193564 0.675975 0.067983
v 0.237459 0.644547 0.021369
v 0.152205 0.803157 -0.008535
v 0.099313 0.749310 0.073994
v 0.099588 0.701862 0.022829
v 0.135404 0.653765 -0.047784
v 0.109175 0.650753 0.008811
v 0.101811 0.836578 0.146520
v 0.129131 0.830991 0.231236
v 0.168154 0.849701 0.226785
v 0.100172 0.744758 0.066709
v 0.036864 0.624797 0.230489
v 0.050144 0.638076 0.225688
v 0.005685 0.669126 0.421172
v 0.104354 0.632190 0.374251
v -0.074197 0.612009 0.308834
v -0.056619 0.618221 0.416146
v -0.076872 0.716303 0.368824
v -0.067395 0.665861 0.185534
v -0.145198 0.623124 0.153564
v -0.095929 0.669716 0.198590
v -0.116224 0.685087 0.348676
v -0.159059 0.661773 0.304668
v -0.133305 0.703525 0.454690
v -0.008522 0.749938 0.250519
v -0.119610 0.849268 0.272128
v -0.093808 0.886200 0.206207
v -0.089433 0.839976 0.137616
v -0.060428 0.839848 0.192416
v -0.113735 0.781065 0.165647
v -0.258622 0.823866 0.190866
v -0.215237 0.901053 0.132433
v -0.214604 0.808462 0.286920
v -0.187283 0.713569 0.226291
v -0.127867 0.792144 0.406159
v -0.141269 0.718010 0.475421
v -0.166773 0.697218 0.356063
v -0.204682 0.710745 0.325181
v -0.168306 0.564076 0.401102
v -0.080892 0.595249 0.363965
v -0.082409 0.601441 0.358067
v 0.035706 0.624813 0.380185
v -0.086890 0.575045 0.374425
v -0.090974 0.560623 0.391451
v -0.142235 0.552792 0.418545
v 0.093605 0.701434 -0.189492
v 0.148829 0.745123 -0.174084
v 0.164550 0.706080 -0.249153
v 0.075138 0.660432 -0.374099
v 0.161315 0.782957 -0.183129
v 0.120201 0.803158 -0.088467
v 0.258291 0.763902 -0.112462
v 0.298326 0.734666 -0.145646
v 0.284809 0.730056 -0.199169
v 0.202796 0.723366 -0.253967
v 0.387908 0.735602 0.014724
v 0.390414 0.723839 -0.002047
v 0.318852 0.715552 -0.055928
v 0.304616 0.714532 -0.148604
v 0.324515 0.781541 -0.095494
v 0.346935 0.803431 -0.032821
v 0.296080 0.816162 -0.055901
v 0.302762 0.816786 -0.016769
v 0.252346 0.800715 0.034922
v 0.232865 0.698955 -0.261695
v 0.203734 0.664901 -0.407559
v 0.165352 0.666064 -0.416636
v 0.246841 0.672873 -0.274617
v 0.203963 0.660539 -0.316395
v 0.224733 0.645000 -0.400060
v 0.125474 0.608371 -0.206766
v 0.188761 0.604793 -0.297514
v 0.210230 0.636469 -0.307436
v 0.227468 0.645853 -0.258884
v 0.311448 0.687863 -0.206101
v 0.229009 0.627268 -0.369839
v 0.216750 0.597233 -0.381326
v 0.218817 0.619980 -0.435821
v 0.178299 0.597287 -0.440105
v 0.174684 0.626273 -0.447865
v 0.091671 0.576392 -0.383147
v 0.028147 0.592239 -0.396389
v 0.043754 0.581423 -0.428543
v 0.109418 0.606959 -0.441659
v -0.001595 0.617330 -0.288386
v 0.078637 0.588148 -0.292974
v 0.070212 0.612705 -0.182911
v 0.094464 0.621441 -0.424829
v 0.174979 0.575210 -0.384293
v 0.092638 0.747251 -0.135754
v 0.160076 0.612621 -0.073646
v 0.226152 0.611944 -0.047157
v 0.221957 0.575113 -0.060314
v 0.347989 0.552411 -0.085900
v 0.395127 0.522721 -0.050705
v 0.365312 0.508232 -0.030024
v 0.302980 0.519524 -0.011685
v 0.284713 0.524174 -0.059552
v 0.286018 0.553826 -0.071228
v 0.350375 0.575958 -0.057680
v 0.347380 0.585003 -0.009633
v 0.389359 0.552521 -0.009384
v 0.377731 0.505142 0.013030
v 0.367472 0.539462 0.026944
v 0.331299 0.538269 0.047744
v 0.301194 0.535573 0.104896
v 0.277710 0.536063 0.071440
v 0.325784 0.565635 0.032087
v 0.199772 0.552417 0.073259
v 0.136307 0.579965 0.094740
v 0.106023 0.623432 0.048602
v 0.116030 0.592470 -0.013982
v 0.148978 0.564041 -0.061090
v 0.221013 0.551292 -0.050461
v 0.245323 0.545808 0.107325
v 0.091835 0.558000 0.426122
v 0.046158 0.599480 0.337227
v 0.081501 0.574798 0.339842
v 0.132429 0.590830 0.190254
v 0.151254 0.622298 0.194561
v 0.158513 0.610370 0.110985
v 0.199401 0.551958 0.157015
v 0.140297 0.572223 0.217372
v 0.176719 0.665549 0.203121
v 0.237183 0.597529 0.163664
v 0.256258 0.589984 0.102348
v 0.210061 0.638172 0.104618
v 0.269623 0.584520 0.136387
v 0.279499 0.587751 0.221146
v 0.299907 0.571203 0.220580
v 0.322449 0.542015 0.179461
v 0.313986 0.587068 0.146086
v 0.306416 0.541021 0.169799
v 0.276050 0.538809 0.135795
v 0.251033 0.747813 0.237064
v 0.258825 0.818568 0.198893
v 0.192934 0.793067 0.212757
v 0.154147 0.752778 0.233706
v 0.138261 0.743977 0.158305
v 0.201081 0.733497 0.130297
v 0.109906 0.773598 0.069787
v 0.117707 0.756390 0.017113
v 0.139867 0.711999 0.058841
v 0.144687 0.733450 0.075961
v 0.302230 0.741780 0.084669
v 0.300255 0.712044 0.093151
v 0.370814 0.715163 0.108668
v 0.329116 0.710486 0.043200
v 0.264504 0.751616 0.157662
v 0.094360 0.793786 0.255836
v 0.230536 0.831820 0.120004
v 0.269925 0.805150 0.148043
v 0.408761 0.717252 0.061023
v 0.230308 0.642551 0.063858
v 0.196034 0.702845 0.053412
v 0.153810 0.675605 0.081784
v 0.293440 0.585329 0.049902
v 0.294717 0.582387 -0.013477
v 0.138379 0.814896 0.079175
v 0.185784 0.831458 0.094325
v 0.101447 0.759474 -0.051395
v 0.099561 0.786308 0.106229
v 0.090032 0.714323 -0.064442
v 0.115924 0.653246 0.079265
v 0.018539 0.804735 0.163942
v 0.015378 0.842395 0.185206
v 0.030090 0.867487 0.249945
v 0.110086 0.844717 0.206660
v 0.146737 0.856976 0.198463
v 0.034400 0.612365 0.240113
v 0.005339 0.615458 0.229327
v 0.014918 0.615373 0.207687
v 0.079289 0.632119 0.227438
v 0.070357 0.600676 0.230413
v 0.065674 0.677088 0.268162
v 0.093718 0.673601 0.258141
v 0.015249 0.690881 0.384665
v -0.045304 0.683246 0.398273
v -0.029252 0.658388 0.423628
v 0.117787 0.674408 0.317370
v 0.060475 0.691642 0.338652
v 0.156292 0.552698 0.402666
v 0.002241 0.619319 0.285234
v -0.026569 0.619662 0.395090
v -0.074178 0.620891 0.374711
v 0.005075 0.723122 0.340025
v -0.134898 0.741280 0.452236
v -0.120781 0.713772 0.440187
v -0.130245 0.699060 0.428341
v -0.098124 0.642645 0.359275
v -0.014107 0.774019 0.366951
v -0.024644 0.813466 0.371057
v -0.000425 0.663693 0.198106
v -0.029385 0.626548 0.172888
v -0.077209 0.638827 0.170438
v -0.093863 0.688059 0.219268
v -0.030205 0.709105 0.223193
v -0.142514 0.636244 0.170597
v -0.136470 0.570539 0.247867
v -0.169840 0.578480 0.242341
v -0.136927 0.652758 0.190779
v -0.129067 0.675802 0.218872
v -0.129021 0.647915 0.342466
v -0.180401 0.698067 0.288358
v -0.125057 0.690506 0.235357
v -0.141996 0.706071 0.461622
v -0.151248 0.703879 0.434813
v -0.135366 0.711819 0.464378
v -0.137570 0.711858 0.470522
v 0.019884 0.767874 0.290118
v 0.036800 0.716603 0.251760
v 0.075805 0.769960 0.255266
v 0.041829 0.794746 0.313900
v -0.056405 0.751185 0.203323
v 0.065305 0.758901 0.167683
v -0.008300 0.763799 0.332470
v -0.145751 0.716947 0.470789
v -0.150915 0.713101 0.462643
v -0.148554 0.848750 0.345800
v -0.034730 0.855358 0.338603
v -0.042552 0.865143 0.271785
v -0.083270 0.845098 0.202199
v -0.166540 0.886440 0.259741
v -0.116149 0.920730 0.155579
v -0.083766 0.806311 0.142632
v -0.178070 0.828901 0.095550
v -0.147372 0.858486 0.100101
v -0.178494 0.902816 0.103761
v -0.175563 0.762705 0.219768
v -0.207485 0.802879 0.218307
v -0.215125 0.816083 0.124327
v -0.221401 0.865128 0.076711
v -0.285314 0.888328 0.206172
v -0.252627 0.864585 0.102483
v -0.236586 0.843841 0.273820
v -0.204882 0.935448 0.202518
v -0.218471 0.804979 0.338834
v -0.210801 0.743988 0.276817
v -0.232583 0.753382 0.331856
v -0.186104 0.769691 0.402670
v -0.155491 0.735704 0.450219
v -0.202568 0.737413 0.390915
v -0.192238 0.579924 0.332665
v -0.172167 0.551566 0.344306
v -0.143744 0.586647 0.387530
v -0.170027 0.590074 0.372330
v -0.137422 0.550749 0.346665
v -0.181558 0.615714 0.260485
v -0.083525 0.579320 0.346439
v -0.039320 0.608526 0.231988
v -0.091634 0.556826 0.352676
v 0.036958 0.608917 0.271796
v 0.074307 0.590878 0.259432
v 0.154350 0.565965 0.306237
v -0.109360 0.584870 0.389506
v -0.165767 0.719884 0.444995
v 0.036741 0.770477 0.159013
v 0.048440 0.843122 0.296124
v 0.057362 0.820461 0.318692
v -0.110538 0.719102 0.232362
v 0.221354 0.666744 0.248767
v 0.154886 0.860601 0.152216
v 0.290746 0.580165 -0.051120
v 0.179437 0.728721 0.081020
v 0.241393 0.620954 0.276671
v 0.265111 0.608723 0.187398
v 0.235131 0.551778 0.208699
v 0.323951 0.583801 -0.264748
v 0.263010 0.551486 -0.185177
v 0.243146 0.564710 -0.258396
v 0.226512 0.555213 -0.113178
v 0.270235 0.590726 -0.278426
v 0.286488 0.553668 -0.261134
v 0.332381 0.582015 -0.243649
v 0.172707 0.570271 -0.153003
v 0.207160 0.559781 -0.226215
v 0.168262 0.573221 -0.157238
v 0.186951 0.565709 -0.132047
v 0.212096 0.557056 -0.113614
v 0.339507 0.551564 -0.177175
v 0.342737 0.549612 -0.247736
v 0.217266 0.554841 -0.132598
v 0.212394 0.555798 -0.183984
v 0.341226 0.551011 -0.212004
v 0.277123 0.552113 -0.141455
v 0.233936 0.552620 -0.234203
v 0.239278 0.576188 -0.251747
v 0.281347 0.578437 -0.275014
v 0.220541 0.569645 -0.134042
v 0.249811 0.585701 -0.162289
v 0.251309 0.597871 -0.241854
v 0.283789 0.609498 -0.269050
v 0.307697 0.592932 -0.277261
v 0.323090 0.604763 -0.223110
v 0.298629 0.618016 -0.249107
v 0.186852 0.566821 -0.186591
v 0.188849 0.583452 -0.174606
v 0.219348 0.587280 -0.205489
v 0.190896 0.571619 -0.134269
v 0.201946 0.584227 -0.155444
v 0.296557 0.602851 -0.198790
v 0.273367 0.613476 -0.222724
v 0.229710 0.598464 -0.184186
v 0.110086 0.040912 -0.268032
v 0.059975 0.049663 -0.306913
v 0.032807 0.021883 -0.165643
v 0.229998 0.046017 -0.217944
v 0.194760 0.064510 -0.174895
v 0.241759 0.015883 -0.107774
v 0.254786 0.009820 -0.121439
v 0.242816 0.038678 -0.106077
v 0.260959 0.034044 -0.144624
v 0.176452 0.078443 -0.104681
v 0.139575 0.048906 -0.084472
v 0.205605 0.027813 -0.129890
v 0.219889 0.061336 -0.104449
v 0.242678 0.050430 -0.113852
v 0.152426 0.022614 -0.012789
v 0.092680 0.038495 -0.156040
v -0.003222 0.048193 -0.153372
v 0.114294 0.070852 -0.141713
v 0.156595 0.076500 -0.061496
v 0.168211 0.076488 -0.087869
v 0.085435 0.126861 -0.077154
v -0.023858 0.351552 -0.015135
v 0.038619 0.017851 0.015309
v 0.120483 0.029815 0.076293
v 0.159237 0.050921 0.056975
v 0.260696 0.022015 -0.025050
v 0.254805 0.030837 -0.020424
v 0.312199 0.025339 -0.000925
v 0.309546 0.026114 -0.009573
v 0.180782 0.037252 0.087618
v 0.287534 0.021014 0.008400
v 0.164250 0.064111 0.033091
v 0.136529 0.032422 0.130200
v 0.091765 0.119659 0.082281
v 0.176882 0.045753 0.118501
v 0.167187 0.052725 0.182821
v 0.158347 0.015021 0.180662
v 0.122391 0.039259 0.220854
v 0.146311 0.036647 0.225630
v 0.050883 0.092410 0.136314
v 0.038362 0.034218 0.151294
v 0.055531 0.057959 0.139010
v -0.000436 0.020507 0.247835
v 0.018383 0.014050 0.287527
v -0.006132 0.051211 0.259286
v -0.028208 0.739562 -0.001961
v -0.038882 0.716429 -0.025852
v -0.093777 0.043528 0.282122
v -0.008011 0.116902 0.134863
v -0.067153 0.053197 0.278852
v -0.013207 0.058864 0.241603
v -0.033220 0.034037 0.273604
v -0.040316 0.019415 0.296674
v -0.043214 0.021842 0.092813
v -0.066484 0.005213 0.324950
v -0.180946 0.024292 0.142845
v -0.158173 0.064855 0.149065
v -0.265923 0.021241 0.186860
v -0.288309 0.032288 0.160443
v -0.095691 0.018159 0.280702
v -0.075924 0.120775 0.125729
v -0.261705 0.049597 0.178890
v -0.218129 0.018059 0.083390
v -0.152675 0.023933 0.116050
v -0.267714 0.054399 0.136047
v -0.238119 0.070472 0.123438
v -0.103621 0.051246 0.048977
v -0.119856 0.067611 0.038320
v -0.142949 0.100594 0.032497
v -0.243042 0.031823 0.055423
v -0.124713 0.118579 0.079562
v -0.129450 0.080972 0.059882
v -0.034109 0.524037 -0.023905
v -0.065194 0.553597 0.010446
v -0.064550 0.554344 0.026162
v -0.069868 0.539413 0.007985
v -0.010763 0.524535 0.039963
v -0.043227 0.448099 0.066092
v -0.036072 0.564490 0.016271
v -0.019987 0.569135 0.021348
v -0.074452 0.590177 0.084977
v -0.100576 0.615173 0.104141
v -0.091094 0.595202 0.075363
v -0.009055 0.146327 -0.113782
v -0.032423 0.030104 -0.095530
v -0.009220 0.017183 -0.140535
v -0.021148 0.071190 -0.129787
v -0.113120 0.060544 -0.115228
v -0.121074 0.037448 -0.115641
v -0.230362 0.041807 -0.051562
v -0.242490 0.067843 -0.113234
v -0.141982 0.104373 -0.065747
v -0.119008 0.073663 -0.121848
v -0.233803 0.111105 -0.081057
v -0.276592 0.017364 -0.077600
v -0.277067 0.023557 -0.090145
v -0.288732 0.010492 -0.104135
v -0.283352 0.018493 -0.102509
v -0.281505 0.013514 -0.089927
v -0.261993 0.023274 -0.058238
v -0.295786 0.004847 -0.121817
v -0.279983 0.027027 -0.110733
v -0.178751 0.057779 -0.147888
v -0.149645 0.044136 -0.128791
v -0.126174 0.041268 -0.127154
v -0.106373 0.626003 0.112505
v 0.083303 0.030152 -0.302502
v 0.085534 0.054358 -0.275203
v 0.079000 0.075667 -0.207016
v 0.098641 0.053967 -0.217270
v 0.080741 0.045777 -0.297986
v 0.053144 0.037105 -0.302384
v 0.065563 0.018322 -0.292754
v 0.056385 0.061372 -0.279467
v 0.096227 0.019419 -0.112905
v 0.028727 0.016494 -0.103352
v 0.075212 0.024025 -0.235264
v 0.047684 0.026607 -0.255600
v 0.179264 0.039283 -0.224025
v 0.188167 0.030859 -0.200236
v 0.186248 0.048368 -0.190897
v 0.189093 0.054938 -0.208731
v 0.210528 0.034925 -0.218796
v 0.203786 0.042918 -0.239811
v 0.211771 0.056380 -0.222317
v 0.223335 0.062911 -0.183157
v 0.235529 0.038607 -0.184842
v 0.231174 0.021601 -0.178898
v 0.193377 0.057817 -0.170651
v 0.210545 0.071597 -0.147102
v 0.230892 0.059400 -0.156043
v 0.154365 0.063328 -0.164589
v 0.165509 0.077192 -0.140937
v 0.263265 0.018840 -0.141042
v 0.255060 0.011191 -0.149583
v 0.238271 0.041714 -0.159227
v 0.240037 0.052446 -0.129896
v 0.243111 0.050549 -0.110959
v 0.258491 0.012338 -0.175286
v 0.254405 0.015715 -0.180745
v 0.220694 0.064895 -0.126789
v 0.177673 0.078222 -0.120527
v 0.115895 0.018692 -0.031957
v 0.156820 0.021880 -0.126544
v 0.243992 0.051217 -0.112485
v 0.191029 0.017605 0.016491
v 0.146398 0.037469 0.063214
v 0.214922 0.023638 -0.032526
v 0.094118 0.035072 -0.209730
v 0.162078 0.033742 -0.153543
v 0.034391 0.068670 -0.198739
v 0.027265 0.044844 -0.185631
v 0.151948 0.080544 -0.102812
v 0.219407 0.041977 -0.027642
v 0.054195 0.279422 -0.021740
v 0.083249 0.265722 0.012121
v 0.104268 0.130998 0.001881
v 0.145093 0.096698 0.002232
v 0.041990 0.092155 -0.211757
v 0.007351 0.277897 -0.034400
v 0.043820 0.383188 -0.023801
v 0.009012 0.530350 -0.061826
v -0.050638 0.392766 0.013688
v -0.058150 0.512565 -0.016099
v -0.129502 0.201518 -0.008000
v -0.056136 0.029830 -0.013274
v 0.067486 0.020236 0.125270
v 0.161731 0.022128 0.133136
v 0.131735 0.082951 0.057032
v 0.149029 0.068045 0.102172
v 0.277788 0.039754 -0.004914
v 0.280910 0.013762 -0.017038
v 0.213956 0.065737 -0.002740
v 0.333836 0.007794 -0.004961
v 0.118609 0.016874 0.154851
v 0.124266 0.070285 0.141456
v 0.100586 0.078685 0.171129
v 0.172816 0.027672 0.191037
v 0.158063 0.022979 0.209333
v 0.141019 0.024263 0.200502
v 0.098983 0.025725 0.172944
v 0.091301 0.053338 0.173027
v 0.017758 0.046898 0.224153
v 0.021268 0.032323 0.208906
v -0.054399 0.038750 0.121665
v 0.013538 0.027105 0.190401
v -0.041336 0.020778 0.268191
v -0.038257 0.056916 0.256271
v 0.008768 0.621702 0.008590
v 0.005334 0.629910 -0.025772
v -0.011559 0.714977 -0.027259
v 0.000579 0.654665 0.013836
v -0.019976 0.700056 -0.040220
v -0.037056 0.677280 -0.016561
v -0.032007 0.668697 0.009137
v -0.079189 0.045326 0.268129
v -0.079283 0.023631 0.265096
v -0.083617 0.015254 0.299914
v -0.065379 0.040731 0.295689
v -0.062731 0.064104 0.133655
v -0.028114 0.067672 0.149820
v -0.014942 0.039236 0.208678
v -0.008068 0.058630 0.210000
v -0.043177 0.048769 0.243465
v -0.054732 0.027973 0.313470
v -0.056747 0.010288 0.305450
v -0.067094 0.012190 0.284574
v -0.125803 0.043956 0.148339
v -0.220850 0.026577 0.167892
v -0.249577 0.025453 0.143452
v -0.228387 0.020142 0.106143
v -0.219686 0.054656 0.166377
v -0.025939 0.239687 0.112263
v -0.099328 0.239073 0.090953
v -0.179332 0.081324 0.103638
v 0.028681 0.240089 0.120935
v -0.157620 0.035887 0.080279
v -0.257548 0.057030 0.090687
v -0.228539 0.059866 0.078905
v -0.253922 0.036622 0.084832
v -0.265274 0.038792 0.122800
v -0.165396 0.064728 0.068222
v -0.118170 0.030090 -0.030694
v -0.139643 0.029920 -0.050844
v -0.121051 0.220538 0.051890
v -0.142475 0.116114 -0.011959
v -0.140872 0.051485 -0.055172
v -0.029459 0.587274 -0.017609
v -0.020610 0.606336 -0.050025
v -0.072656 0.536490 -0.014271
v -0.050768 0.526505 0.026319
v -0.047689 0.571305 0.029459
v -0.085608 0.590740 0.081324
v -0.058106 0.513140 0.016627
v 0.008805 0.427183 0.116608
v 0.008531 0.546767 0.044630
v -0.056655 0.420279 0.046897
v -0.080463 0.596649 0.101364
v -0.087389 0.603729 0.101078
v -0.082531 0.597020 0.102467
v -0.076088 0.593251 0.102345
v -0.105049 0.614737 0.099808
v -0.092931 0.612385 0.110815
v -0.098491 0.616903 0.111078
v -0.094167 0.608233 0.099011
v -0.098191 0.611950 0.102169
v -0.113395 0.064918 -0.101351
v -0.145166 0.082596 -0.117270
v -0.192917 0.107809 -0.071941
v -0.141238 0.037651 -0.117752
v -0.252747 0.064519 -0.077040
v -0.265286 0.037983 -0.077655
v -0.272782 0.018575 -0.070767
v -0.196021 0.086292 -0.127548
v -0.271016 0.040436 -0.108324
v -0.218747 0.055027 -0.118685
v -0.267504 0.030197 -0.113349
v -0.281940 0.017518 -0.114876
v -0.271784 0.019269 -0.114292
v -0.206454 0.045800 -0.111374
v -0.192427 0.029449 -0.090948
v -0.107119 0.626618 0.112875
v -0.112158 0.632656 0.109657
v -0.113114 0.630876 0.111783
v -0.118668 0.038094 -0.071554
v -0.092149 0.609495 0.104248
v 0.067328 0.411466 0.102878
v 0.039720 0.554274 0.032385
v 0.086347 0.405010 0.052193
v 0.054642 0.549139 -0.005889
v 0.080602 0.392350 -0.002960
v 0.044898 0.539543 -0.046586
v 0.001849 0.622939 -0.049490
v -0.031321 0.669217 -0.036465
v 0.069512 0.238801 0.076690
v -0.047150 0.030539 0.241286
v 0.038517 0.152250 0.106471
v 0.046539 0.049057 -0.274668
v 0.200477 0.033175 -0.163559
v -0.197183 0.042230 -0.063641
v -0.229955 0.030416 -0.083402
v 0.029687 0.021632 -0.292611
v 0.024903 0.031763 -0.297412
v 0.036262 0.032521 -0.300200
v 0.026148 0.026369 -0.302685
v 0.030103 0.025071 -0.295019
v 0.030505 0.026175 -0.297814
v 0.027911 0.024009 -0.297665
v 0.031427 0.032199 -0.299013
v 0.032388 0.028785 -0.297607
v 0.030536 0.028646 -0.297523
v 0.033695 0.030960 -0.300830
v 0.029592 0.028464 -0.301839
v 0.041408 0.041150 -0.307159
v 0.041045 0.041044 -0.307168
v 0.039944 0.040881 -0.307392
v 0.042974 0.041051 -0.306734
v 0.043125 0.040105 -0.305897
v 0.040812 0.040613 -0.307003
v 0.039237 0.040959 -0.307756
v 0.042771 0.041707 -0.307313
v 0.043375 0.042066 -0.307469
v 0.045220 0.040922 -0.305964
v 0.047314 0.041282 -0.305660
v 0.047376 0.039172 -0.303864
v 0.045251 0.039639 -0.304880
v 0.046154 0.043570 -0.307936
v 0.048071 0.044608 -0.308258
v 0.049220 0.041892 -0.305623
v 0.051036 0.042210 -0.305364
v 0.051013 0.038373 -0.302125
v 0.049369 0.038734 -0.302911
v 0.050081 0.045696 -0.308596
v 0.052184 0.046835 -0.308949
v 0.052799 0.042432 -0.305040
v 0.053440 0.037841 -0.300964
v 0.041217 0.041172 -0.307211
v -0.099771 0.557227 -0.065884
v -0.099189 0.551091 -0.065106
v -0.019504 0.531308 -0.062718
v -0.070193 0.554014 -0.072173
v -0.072508 0.547677 -0.080600
v -0.096914 0.549865 -0.070633
v -0.096295 0.550790 -0.064533
v -0.068580 0.548880 -0.064834
v -0.095579 0.545531 -0.069853
v -0.089052 0.544971 -0.066173
v 0.008814 0.551301 -0.075963
v 0.001172 0.566730 -0.077281
v -0.031417 0.553271 -0.065322
v -0.034423 0.538668 -0.083813
v 0.001799 0.550512 -0.094536
v -0.066052 0.540317 -0.066013
v -0.070181 0.541950 -0.075781
v -0.043182 0.550357 -0.096792
v -0.008855 0.562290 -0.108180
v -0.039239 0.559159 -0.082838
v -0.008811 0.572291 -0.095843
v 0.036426 0.592223 -0.113896
v 0.037019 0.583726 -0.122669
v 0.045378 0.587261 -0.100720
v 0.088947 0.608282 -0.131640
v 0.079885 0.609399 -0.132260
v 0.051141 0.577391 -0.097480
v 0.096378 0.603002 -0.119899
v 0.045037 0.576938 -0.113581
v 0.095891 0.608364 -0.126116
v 0.081956 0.607704 -0.134572
v 0.106420 0.634038 -0.141854
v 0.095156 0.610123 -0.131999
v 0.091587 0.613479 -0.138312
v 0.090435 0.609589 -0.132955
v 0.089122 0.605549 -0.127172
v 0.095626 0.607141 -0.126863
v 0.098408 0.612663 -0.134768
v 0.102078 0.610129 -0.129594
v 0.102544 0.615689 -0.137937
v 0.096694 0.618195 -0.143656
v 0.092442 0.619873 -0.147612
v 0.086888 0.615855 -0.143409
v 0.085978 0.610987 -0.136390
v 0.085128 0.607882 -0.132200
v 0.084157 0.604333 -0.127408
v 0.086513 0.612941 -0.139029
v 0.107259 0.613133 -0.132507
v 0.103846 0.607247 -0.124626
v 0.111373 0.610505 -0.127144
v 0.094426 0.602226 -0.119378
v 0.346352 0.000000 -0.000549
v 0.335661 0.001093 -0.001261
v 0.337005 0.024013 -0.008493
v 0.329631 0.010213 -0.005318
v 0.344270 0.000213 -0.000688
v 0.342177 0.007653 -0.003210
v 0.343154 0.008012 -0.003297
v 0.333772 0.004127 -0.002531
v 0.335827 0.004769 -0.002643
v 0.337120 0.000943 -0.001164
v 0.340119 0.015869 -0.005867
v 0.339091 0.014783 -0.005662
v 0.335100 0.020447 -0.007673
v 0.330525 0.011886 -0.005703
v 0.333469 0.008670 -0.004356
v 0.331667 0.007222 -0.003948
v 0.331664 0.014018 -0.006193
v 0.335133 0.010359 -0.004805
v 0.338175 0.005870 -0.002832
v 0.336502 0.012241 -0.005201
v 0.339217 0.006393 -0.002929
v 0.340927 0.000554 -0.000911
v 0.339229 0.000728 -0.001024
v 0.340855 0.007160 -0.003091
v 0.342623 0.000381 -0.000798
v 0.337816 0.013604 -0.005456
v 0.333918 0.018236 -0.007164
v 0.332824 0.016189 -0.006693
v 0.151513 0.968793 0.133110
v 0.153654 0.968882 0.130453
v 0.150905 0.974250 0.130058
v 0.148252 0.972308 0.134816
v 0.147796 0.968254 0.136740
v 0.151603 0.965605 0.133772
v 0.154296 0.964758 0.131787
v 0.197057 0.962833 0.078811
v 0.190955 0.965228 0.082114
v 0.208469 0.966255 0.072282
v 0.198754 0.958939 0.080104
v 0.215823 0.962110 0.072298
v 0.227275 0.965424 0.066400
v 0.227322 0.971537 0.062679
v 0.258401 0.974851 0.049400
v 0.249430 0.967686 0.055757
v 0.253594 0.969298 0.052330
v 0.241166 0.962792 0.062330
v 0.232412 0.958654 0.068832
v 0.237771 0.961768 0.064655
v 0.226277 0.951729 0.075114
v 0.188600 0.965699 0.085286
v 0.187537 0.965733 0.086461
v 0.183032 0.966441 0.092377
v 0.179202 0.969299 0.094708
v 0.179768 0.960874 0.103043
v 0.168650 0.965748 0.113638
v 0.169654 0.959593 0.118754
v 0.180141 0.955324 0.108533
v 0.159425 0.968427 0.123666
v 0.161100 0.963398 0.125847
v 0.155728 0.969178 0.127712
v 0.156837 0.963959 0.129915
v 0.157576 0.973661 0.121406
v 0.153403 0.975418 0.125961
v 0.168444 0.971925 0.107351
v 0.141445 0.974555 0.140982
v 0.141750 0.975420 0.141651
v 0.135732 0.977788 0.144821
v 0.134443 0.977107 0.144787
v 0.128158 0.973787 0.144625
v 0.136112 0.969018 0.143380
v 0.128290 0.967447 0.144861
v 0.132856 0.965321 0.144379
v 0.124483 0.895727 -0.051522
v 0.123572 0.897100 -0.049984
v 0.126094 0.895466 -0.049051
v 0.122789 0.898281 -0.048660
v 0.124578 0.897435 -0.047249
v 0.127526 0.895234 -0.046853
v 0.125616 0.897442 -0.044770
v 0.127936 0.895158 -0.044392
v 0.125539 0.897556 -0.042649
v 0.127459 0.895219 -0.042134
v 0.123591 0.898833 -0.045797
v 0.123286 0.899508 -0.043897
v 0.121905 0.899615 -0.047167
v 0.120965 0.901032 -0.045579
v 0.115367 0.904327 -0.046869
v 0.111464 0.908166 -0.044645
v 0.111076 0.908323 -0.045750
v 0.107420 0.912142 -0.042341
v 0.106791 0.912513 -0.043450
v 0.106553 0.912534 -0.044570
v 0.103829 0.915686 -0.040249
v 0.102912 0.916353 -0.041109
v 0.100252 0.918967 -0.036679
v 0.101021 0.918462 -0.035684
v 0.096914 0.921592 -0.033002
v 0.098219 0.920742 -0.031166
v 0.093761 0.923820 -0.029892
v 0.095289 0.923126 -0.026441
v 0.099119 0.919695 -0.038483
v 0.095578 0.922236 -0.035731
v 0.092232 0.924514 -0.033346
v 0.094026 0.922986 -0.038640
v 0.090652 0.925232 -0.036915
v 0.097892 0.920413 -0.040616
v 0.103436 0.915900 -0.040653
v 0.103074 0.916085 -0.041233
v 0.002986 0.952015 0.044034
v 0.008992 0.950633 0.051594
v -0.016994 0.948071 0.118688
v -0.032314 0.944448 0.107289
v -0.020945 0.950530 0.128523
v -0.005070 0.951599 0.048907
v -0.021139 0.948229 0.046676
v 0.005845 0.952132 0.046197
v 0.001157 0.953696 0.048735
v 0.001788 0.953306 0.039538
v 0.011319 0.950307 0.043235
v 0.007666 0.952563 0.060352
v 0.015409 0.961218 0.085601
v 0.024422 0.953226 0.078873
v 0.042367 0.947039 0.086818
v 0.034565 0.941465 0.061479
v -0.022505 0.946103 0.113100
v -0.013393 0.948702 0.120689
v -0.017938 0.956249 0.144353
v -0.006038 0.953270 0.134916
v -0.025260 0.945930 0.102263
v -0.038058 0.942881 0.083914
v -0.052623 0.941275 0.102689
v -0.068920 0.946892 0.133077
v -0.034378 0.947654 0.123423
v -0.045974 0.950746 0.138362
v -0.033159 0.958483 0.152533
v -0.086687 0.944941 0.131497
v 0.002895 0.953242 0.039446
v -0.020189 0.947697 0.062688
v 0.002758 0.952289 0.059670
v -0.010726 0.951049 0.041194
v -0.021862 0.948708 0.036545
v -0.021075 0.947306 0.075755
v 0.001371 0.953077 0.070953
v -0.015380 0.948507 0.092037
v 0.002370 0.953049 0.086579
v -0.007753 0.950235 0.111831
v 0.003727 0.953018 0.107226
v 0.002477 0.952462 0.126015
v 0.004594 0.953026 0.117543
v -0.075225 0.934336 0.082242
v -0.072534 0.933946 0.078907
v -0.081249 0.933384 0.081066
v -0.084197 0.933306 0.082845
v -0.086511 0.933062 0.081480
v -0.086558 0.933536 0.083329
v -0.060962 0.936807 0.067380
v -0.030982 0.944774 0.062775
v -0.038339 0.943403 0.053527
v -0.062995 0.936965 0.061015
v -0.058392 0.943238 0.104841
v -0.036781 0.944673 0.074011
v 0.092657 0.971015 0.132423
v 0.084754 0.971662 0.129258
v 0.084669 0.971962 0.129198
v 0.075773 0.970786 0.126301
v 0.075786 0.969904 0.126431
v 0.067948 0.964599 0.125250
v 0.067731 0.963757 0.125439
v 0.061421 0.959733 0.124654
v 0.061200 0.956114 0.125794
v 0.067299 0.965985 0.124639
v 0.061548 0.961811 0.123999
v 0.066485 0.966952 0.124105
v 0.061645 0.963403 0.123497
v 0.065487 0.967989 0.123452
v 0.061754 0.965181 0.122937
v 0.064595 0.969442 0.122609
v 0.061848 0.966725 0.122451
v 0.069770 0.972148 0.123665
v 0.067784 0.972598 0.122792
v 0.071754 0.971698 0.124536
v 0.073777 0.971239 0.125425
v 0.098626 0.971790 0.134431
v 0.100194 0.976735 0.133527
v 0.099933 0.972035 0.134846
v 0.102915 0.974789 0.135134
v 0.103249 0.972676 0.135896
v 0.105126 0.974738 0.135979
v 0.105670 0.973145 0.136663
v 0.104986 0.975200 0.135787
v 0.106987 0.973400 0.137081
v 0.105102 0.973035 0.136484
v -0.027236 0.946021 0.061268
v -0.031140 0.945167 0.062455
v -0.037164 0.943360 0.058200
v -0.031184 0.944846 0.058573
v -0.028001 0.945851 0.060041
v -0.030439 0.945369 0.060999
v -0.029979 0.945573 0.062050
v -0.031934 0.944929 0.061894
v -0.036436 0.943579 0.058715
v -0.033592 0.944341 0.057673
v -0.034058 0.944132 0.058394
v -0.030953 0.944971 0.058047
v -0.032997 0.944565 0.057550
v -0.030535 0.945197 0.057094
v -0.032379 0.944755 0.058494
v -0.029972 0.945414 0.056877
v -0.031710 0.944958 0.059250
v -0.029252 0.945573 0.058033
v -0.031045 0.945160 0.060012
v -0.028643 0.945709 0.059010
v -0.032805 0.944668 0.061279
v -0.033646 0.944415 0.060685
v -0.034484 0.944164 0.060093
v -0.035373 0.943897 0.059465
v -0.062915 0.936795 0.085998
v -0.062353 0.936562 0.087224
v -0.061831 0.936665 0.087401
v -0.063401 0.936567 0.085278
v -0.065984 0.935863 0.084116
v -0.063468 0.936211 0.083523
v -0.068933 0.935192 0.082018
v -0.067623 0.935327 0.082084
v -0.062514 0.936529 0.084162
v -0.030724 0.944508 0.060702
v -0.032287 0.944114 0.061420
v -0.030861 0.944334 0.062362
v -0.029910 0.944578 0.062040
v -0.028762 0.944918 0.061653
v -0.029821 0.944865 0.059523
v -0.027406 0.945368 0.061200
v -0.028864 0.945185 0.058838
v -0.030275 0.945007 0.056553
v -0.031042 0.944384 0.058076
v -0.034698 0.943741 0.059828
v -0.034033 0.943884 0.058136
v -0.034625 0.943785 0.058148
v -0.063381 0.936791 0.087392
v -0.061886 0.936688 0.084503
v -0.064029 0.935971 0.082788
v -0.063895 0.936367 0.087078
v -0.062132 0.936574 0.087463
v -0.064066 0.936794 0.089017
v -0.037285 0.948610 0.125535
v -0.035316 0.949648 0.127830
v -0.033611 0.949602 0.126083
v -0.035762 0.948642 0.124041
v -0.033302 0.945656 0.125287
v -0.034169 0.945422 0.133029
v -0.033951 0.948491 0.120885
v -0.032841 0.945781 0.121179
v -0.032401 0.948251 0.117530
v -0.032407 0.945898 0.117304
v -0.031091 0.949535 0.123474
v -0.028942 0.949503 0.120599
v -0.026866 0.949446 0.117663
v -0.030780 0.948024 0.114169
v -0.028139 0.950994 0.126534
v -0.025488 0.950966 0.123989
v -0.022988 0.950894 0.121361
v -0.020835 0.950862 0.118482
v -0.024823 0.949380 0.114720
v -0.022670 0.952383 0.126974
v -0.020006 0.952361 0.124439
v -0.017346 0.952338 0.121907
v -0.014678 0.952316 0.119367
v -0.018634 0.950851 0.115666
v -0.022677 0.949354 0.111885
v -0.026747 0.947847 0.108078
v -0.028853 0.947900 0.111026
v -0.030934 0.946296 0.104161
v -0.031440 0.946160 0.108671
v -0.031942 0.946024 0.113150
v -0.025341 0.952405 0.129515
v -0.030820 0.951010 0.129059
v -0.028013 0.952428 0.132059
v -0.033421 0.950960 0.131254
v -0.030714 0.952450 0.134629
v -0.030612 0.947803 0.124211
v -0.026120 0.945401 0.119489
v -0.033617 0.944737 0.113787
v -0.036072 0.948239 0.120523
v -0.026492 0.948097 0.132015
v -0.019255 0.946224 0.126552
v -0.038105 0.951140 0.126103
v -0.031788 0.952279 0.122823
v -0.012151 0.944386 0.121188
v -0.021533 0.942717 0.113962
v -0.031019 0.941030 0.106655
v -0.146254 0.943575 0.073027
v -0.145539 0.941535 0.072478
v -0.142967 0.941271 0.073146
v -0.146614 0.942924 0.073122
v -0.148277 0.943677 0.073111
v -0.146290 0.944550 0.075821
v -0.106906 0.707917 0.082065
v -0.142198 0.734072 -0.003058
v -0.203291 0.746195 -0.040697
v -0.147574 0.738988 0.084737
v -0.407778 0.685956 0.021592
v -0.342143 0.722806 0.034364
v -0.167863 0.730080 0.106109
v -0.216500 0.661477 0.160339
v -0.249758 0.658575 0.179112
v -0.221717 0.599601 0.153430
v -0.314015 0.519807 0.127250
v -0.320205 0.523206 0.119779
v -0.222695 0.574002 0.154400
v -0.196703 0.597808 0.128581
v -0.301792 0.557654 0.126481
v -0.296149 0.580846 0.056210
v -0.234282 0.583284 -0.015764
v -0.273833 0.556902 0.027329
v -0.214066 0.538202 0.117107
v -0.311757 0.542139 0.073267
v -0.344335 0.571139 0.018155
v -0.361591 0.558476 -0.012518
v -0.342673 0.558544 -0.019367
v -0.317418 0.578483 0.031539
v -0.322260 0.614548 -0.058456
v -0.311441 0.625266 -0.004988
v -0.343611 0.605612 -0.082928
v -0.139399 0.724640 -0.023254
v -0.176191 0.570610 -0.411666
v -0.103478 0.575394 -0.363328
v -0.181849 0.601724 -0.290953
v -0.101413 0.567717 -0.388098
v -0.179864 0.569907 -0.390996
v -0.173110 0.601393 -0.318934
v -0.131894 0.683022 0.087557
v -0.153658 0.664588 0.017805
v -0.119894 0.700554 0.030550
v -0.126682 0.726262 0.035733
v -0.122229 0.722945 0.086256
v -0.140763 0.698150 0.104215
v -0.182923 0.708500 -0.048370
v -0.164275 0.749657 -0.008260
v -0.156352 0.749847 0.053800
v -0.237794 0.712340 -0.047327
v -0.247822 0.724105 -0.020358
v -0.193817 0.759962 -0.007087
v -0.382952 0.635915 0.026374
v -0.383223 0.636245 0.055107
v -0.402295 0.654573 0.074865
v -0.422177 0.652293 0.021778
v -0.361503 0.705742 -0.012578
v -0.363912 0.652466 -0.033469
v -0.384470 0.691580 0.066239
v -0.318258 0.679353 0.096355
v -0.302851 0.711528 0.040405
v -0.299254 0.698719 -0.037444
v -0.198237 0.751035 0.072185
v -0.228328 0.708282 0.130250
v -0.201681 0.690819 0.127062
v -0.174271 0.665305 0.120876
v -0.217634 0.620824 0.178104
v -0.200044 0.632948 0.157118
v -0.258041 0.619464 0.174021
v -0.241462 0.613383 0.171800
v -0.229051 0.617704 0.188663
v -0.256577 0.633925 0.185156
v -0.276832 0.655485 0.165014
v -0.280218 0.637428 0.169645
v -0.263791 0.700119 0.120673
v -0.255564 0.616165 0.137090
v -0.235207 0.604890 0.123237
v -0.255087 0.588699 0.122407
v -0.210602 0.556206 0.154746
v -0.285998 0.540980 0.149613
v -0.302298 0.508643 0.109668
v -0.272354 0.521950 0.138696
v -0.316240 0.514463 0.095674
v -0.197862 0.566933 0.075058
v -0.161253 0.639124 0.098617
v -0.170831 0.607026 0.049128
v -0.275757 0.581706 0.072615
v -0.262435 0.605163 0.064446
v -0.298540 0.608458 0.030694
v -0.301790 0.536314 0.089908
v -0.302299 0.631680 0.035640
v -0.332196 0.637387 0.029234
v -0.151843 0.609068 -0.069267
v -0.233621 0.543098 0.036416
v -0.289788 0.514922 0.081898
v -0.308440 0.522219 0.074422
v -0.303549 0.570821 0.035631
v -0.321874 0.569888 0.005249
v -0.304090 0.570864 -0.007805
v -0.258936 0.522249 0.103764
v -0.320082 0.599511 -0.012072
v -0.354163 0.589835 -0.025087
v -0.340660 0.554008 -0.041818
v -0.361762 0.546163 -0.127661
v -0.381088 0.557944 -0.038160
v -0.108888 0.591207 -0.309314
v -0.215028 0.552920 -0.175292
v -0.275513 0.551610 -0.200276
v -0.192846 0.568037 -0.289744
v -0.202276 0.615662 -0.234963
v -0.182070 0.648131 -0.162705
v -0.309067 0.552001 -0.095059
v -0.264908 0.661287 -0.107653
v -0.278183 0.621397 0.074326
v -0.306642 0.632370 0.092268
v -0.331305 0.638917 0.117292
v -0.334977 0.652076 0.125130
v -0.272664 0.622922 0.154419
v -0.253284 0.733842 0.052470
v -0.220005 0.824024 0.007993
v -0.276255 0.851268 0.029018
v -0.286027 0.783093 0.112557
v -0.270251 0.791381 0.099677
v -0.304124 0.740001 -0.080731
v -0.304751 0.678393 -0.244976
v -0.286560 0.659863 -0.392102
v -0.354982 0.644306 -0.334550
v -0.272559 0.656485 -0.251580
v -0.219468 0.650969 -0.264215
v -0.279085 0.654127 -0.388937
v -0.214370 0.647303 -0.325660
v -0.351566 0.687578 -0.353958
v -0.306086 0.746876 -0.254435
v -0.298509 0.774202 -0.187648
v -0.335290 0.770346 -0.170168
v -0.283674 0.820042 -0.084389
v -0.359074 0.780170 -0.078865
v -0.227800 0.795036 -0.090592
v -0.212155 0.750848 -0.116095
v -0.216708 0.770664 -0.090895
v -0.204837 0.712826 -0.170446
v -0.222059 0.766516 -0.112204
v -0.250580 0.820218 0.063991
v -0.268246 0.792865 0.075148
v -0.246197 0.780599 0.006771
v -0.244981 0.750764 -0.073391
v -0.212438 0.765616 -0.075340
v -0.284654 0.819622 0.109616
v -0.253554 0.811882 0.102788
v -0.227192 0.851995 -0.042542
v -0.343085 0.843467 0.011251
v -0.314818 0.807252 0.102126
v -0.293755 0.774262 0.079553
v -0.301255 0.777585 0.107886
v -0.315692 0.773197 0.083317
v -0.332071 0.796897 0.073961
v -0.289338 0.773084 0.000032
v -0.325880 0.783515 -0.001058
v -0.352302 0.757363 -0.078372
v -0.311330 0.700768 -0.182161
v -0.250865 0.707929 -0.158533
v -0.309776 0.659078 -0.384527
v -0.303611 0.684606 -0.378816
v -0.271530 0.670494 -0.380884
v -0.302103 0.647552 -0.375657
v -0.260110 0.654014 -0.376811
v -0.333929 0.638881 -0.356618
v -0.298128 0.635944 -0.322900
v -0.319343 0.649266 -0.293881
v -0.341834 0.672574 -0.300822
v -0.358490 0.661956 -0.348687
v -0.343413 0.657583 -0.371967
v -0.274509 0.646626 -0.355774
v -0.213582 0.670105 -0.335664
v -0.200571 0.689816 -0.267416
v -0.388914 0.712803 -0.214380
v -0.338423 0.691120 -0.377583
v -0.330786 0.703682 -0.304218
v -0.311538 0.726080 -0.323672
v -0.363738 0.761889 -0.203645
v -0.320037 0.707365 -0.248426
v -0.245655 0.751819 -0.273602
v -0.272200 0.720890 -0.344648
v -0.254015 0.775267 -0.189795
v -0.324532 0.808767 -0.085943
v -0.244489 0.811822 -0.111506
v -0.341412 0.812075 0.003418
v -0.213276 0.808403 -0.068637
v -0.214426 0.727781 -0.170066
v -0.227571 0.753168 -0.179577
v -0.217118 0.724539 -0.274086
v -0.236100 0.698220 -0.340314
v -0.145357 0.945029 0.071202
v -0.144545 0.944585 0.075694
v -0.138655 0.942930 0.077186
v -0.147152 0.946586 0.073874
v -0.156442 0.950584 0.070253
v -0.148719 0.948192 0.072129
v -0.144314 0.946827 0.073199
v -0.142542 0.945594 0.071944
v -0.145158 0.944758 0.075539
v -0.086355 0.604580 0.115164
v -0.086106 0.604147 0.116135
v -0.112149 0.634913 0.120338
v -0.096976 0.623406 0.100365
v -0.090426 0.608155 0.119543
v -0.113889 0.638549 0.122685
v -0.109814 0.631226 0.109789
v -0.107356 0.631178 0.127443
v -0.113555 0.639727 0.109353
v -0.111693 0.636842 0.113929
v -0.109228 0.634925 0.104097
v -0.105790 0.625307 0.103166
v -0.098294 0.619838 0.122418
v -0.098048 0.619373 0.121416
v -0.092075 0.612071 0.119024
v -0.101605 0.620736 0.103661
v -0.087579 0.606685 0.117996
v -0.116215 0.554285 -0.062797
v -0.109407 0.548254 -0.075329
v -0.125587 0.551670 -0.067986
v -0.122706 0.548930 -0.073110
v -0.114014 0.552336 -0.066847
v -0.116698 0.551846 -0.067655
v -0.119152 0.553466 -0.064423
v -0.114442 0.548510 -0.074489
v -0.114915 0.549977 -0.071518
v -0.111686 0.550273 -0.071134
v -0.122179 0.552621 -0.066099
v -0.120283 0.551356 -0.068451
v -0.124513 0.550649 -0.069895
v -0.123646 0.549824 -0.071437
v -0.119112 0.550124 -0.070950
v -0.118777 0.548730 -0.073766
v -0.089714 0.731239 -0.186651
v -0.037819 0.726946 -0.120226
v -0.026893 0.708096 -0.153750
v -0.054514 0.715821 -0.149794
v -0.012783 0.703157 -0.172115
v -0.019742 0.701810 -0.187450
v -0.031884 0.740098 -0.193613
v -0.042767 0.732290 -0.189152
v -0.102553 0.724473 -0.194035
v -0.126426 0.713570 -0.193290
v -0.011411 0.710839 -0.207176
v -0.145392 0.733361 -0.335570
v -0.109034 0.746753 -0.385495
v -0.118002 0.713053 -0.458515
v -0.126654 0.733115 -0.211921
v -0.097127 0.738820 -0.201116
v -0.134019 0.723070 -0.192864
v -0.056801 0.744289 -0.146190
v -0.065056 0.740553 -0.165902
v -0.034552 0.750121 -0.130325
v -0.050176 0.749712 -0.177284
v -0.027412 0.744114 -0.130781
v -0.133285 0.748712 -0.328664
v -0.089965 0.716217 -0.166193
v -0.105689 0.715795 -0.185067
v -0.093976 0.716793 -0.172073
v -0.060707 0.721478 -0.131387
v -0.029766 0.724459 -0.141113
v -0.029494 0.737110 -0.147459
v -0.051234 0.740596 -0.125609
v -0.020861 0.716371 -0.156611
v -0.089037 0.726530 -0.144024
v -0.017406 0.723219 -0.184763
v -0.022432 0.730828 -0.166580
v -0.033291 0.746079 -0.174893
v -0.142991 0.717447 -0.234108
v -0.119269 0.725310 -0.248578
v -0.168953 0.728635 -0.307313
v -0.190111 0.730218 -0.378059
v -0.157252 0.722283 -0.392484
v -0.100944 0.712617 -0.409818
v -0.107460 0.723651 -0.362278
v -0.156830 0.742350 -0.404391
v -0.111262 0.734779 -0.322762
v -0.159197 0.717189 -0.421066
v -0.196933 0.726532 -0.407576
v -0.077796 0.734420 -0.203794
v -0.036627 0.745663 -0.149814
v -0.139597 0.742556 -0.272744
v -0.130010 0.742888 -0.302103
v -0.121547 0.736897 -0.309466
v -0.116203 0.736681 -0.262402
v -0.113809 0.732383 -0.290946
v -0.121327 0.737067 -0.309200
v -0.129967 0.734055 -0.308577
v -0.096028 0.732977 -0.260444
v -0.115938 0.732472 -0.262359
v -0.095889 0.737980 -0.260689
v -0.077424 0.739495 -0.203950
v -0.073328 0.739171 -0.175115
v -0.114272 0.735570 -0.298004
v -0.104797 0.737309 -0.287606
v -0.091388 0.734717 -0.190365
v -0.109994 0.734105 -0.261864
v -0.110524 0.734895 -0.277748
v -0.115242 0.733520 -0.278231
v -0.101485 0.737490 -0.277726
v -0.106131 0.736180 -0.277621
v -0.103846 0.735794 -0.261352
v -0.082768 0.737666 -0.198751
v -0.077036 0.738506 -0.186932
v -0.072636 0.739984 -0.189324
v -0.081674 0.736804 -0.181524
v -0.111868 0.736010 -0.296065
v -0.108943 0.736546 -0.293706
v -0.085754 0.736644 -0.195846
v -0.163011 0.839134 -0.233453
v -0.154576 0.823366 -0.232832
v -0.164903 0.831700 -0.224949
v -0.162018 0.821942 -0.223059
v -0.158371 0.833430 -0.235335
v -0.160222 0.831537 -0.231276
v -0.164176 0.837917 -0.230976
v -0.157063 0.822890 -0.229566
v -0.158355 0.826821 -0.230233
v -0.156144 0.827783 -0.234060
v -0.165324 0.835522 -0.227553
v -0.162007 0.829680 -0.227352
v -0.164216 0.828789 -0.223928
v -0.163207 0.825645 -0.223529
v -0.160746 0.825870 -0.226634
v -0.159701 0.822385 -0.226102
v -0.154184 0.815677 -0.221530
v -0.155019 0.818900 -0.222673
v -0.152691 0.812709 -0.228037
v -0.153349 0.812454 -0.220386
v -0.130423 0.748740 -0.212429
v -0.130183 0.749237 -0.213055
v -0.129557 0.747708 -0.212445
v -0.130512 0.748051 -0.211794
v -0.130851 0.748031 -0.211607
v -0.130381 0.748441 -0.212442
v -0.129861 0.748894 -0.213366
v -0.129388 0.749308 -0.214209
v -0.129770 0.749728 -0.213846
v -0.128919 0.749716 -0.215042
v -0.129359 0.750215 -0.214630
v -0.128430 0.748221 -0.213943
v -0.128918 0.747813 -0.213146
v -0.128345 0.746084 -0.212326
v -0.129419 0.746582 -0.211683
v -0.127682 0.746160 -0.213028
v -0.127126 0.744412 -0.212176
v -0.128215 0.744938 -0.211541
v -0.127908 0.748503 -0.214672
v -0.127136 0.746380 -0.213732
v -0.126386 0.744319 -0.212819
v -0.125644 0.742280 -0.211915
v -0.127026 0.743249 -0.211348
v -0.128296 0.744139 -0.210827
v -0.129597 0.745051 -0.210294
v -0.129472 0.745767 -0.210984
v -0.130894 0.745960 -0.209762
v -0.130724 0.746617 -0.210449
v -0.130624 0.747335 -0.211117
v -0.131820 0.747185 -0.209883
v -0.131330 0.747613 -0.210755
v -0.132186 0.746866 -0.209232
v -0.128597 0.750397 -0.215511
v -0.128702 0.749906 -0.215428
v -0.129903 0.753479 -0.216227
v -0.129323 0.753688 -0.217263
v -0.129700 0.754409 -0.217305
v -0.130212 0.754188 -0.216361
v -0.130100 0.755173 -0.217350
v -0.130555 0.754977 -0.216511
v -0.130500 0.755936 -0.217394
v -0.130898 0.755765 -0.216660
v -0.130900 0.756700 -0.217439
v -0.131241 0.756553 -0.216810
v -0.131300 0.757464 -0.217484
v -0.131585 0.757341 -0.216960
v -0.131699 0.758224 -0.217528
v -0.131932 0.758138 -0.217111
v -0.131830 0.758475 -0.217543
v -0.155754 0.819973 -0.223863
v -0.161379 0.817152 -0.218016
v -0.151085 0.812950 -0.228441
v -0.153069 0.812173 -0.219978
v -0.154405 0.817944 -0.225186
v -0.156128 0.816398 -0.223375
v -0.157311 0.819192 -0.222244
v -0.159423 0.818133 -0.220050
v -0.157847 0.815619 -0.221224
v -0.158249 0.815276 -0.218755
v -0.151858 0.812647 -0.225142
v -0.154301 0.814172 -0.224815
v -0.152696 0.815374 -0.226861
v -0.155489 0.813623 -0.219407
v -0.155193 0.814113 -0.222190
v -0.152513 0.812390 -0.222350
vt 0.622143 0.284827
vt 0.622032 0.295840
vt 0.603703 0.292843
vt 0.604329 0.285458
vt 0.867877 0.783787
vt 0.928255 0.777179
vt 0.923626 0.815323
vt 0.898047 0.826426
vt 0.130261 0.696902
vt 0.143452 0.733926
vt 0.121832 0.744460
vt 0.117848 0.684787
vt 0.928255 0.844641
vt 0.920314 0.840838
vt 0.927569 0.834319
vt 0.852859 0.877294
vt 0.912666 0.846079
vt 0.910375 0.879297
vt 0.854900 0.884594
vt 0.768888 0.483541
vt 0.775569 0.491804
vt 0.790788 0.545330
vt 0.763195 0.550342
vt 0.779663 0.906877
vt 0.786725 0.913419
vt 0.780460 0.919876
vt 0.771810 0.915852
vt 0.771810 0.877603
vt 0.781878 0.873801
vt 0.791426 0.895145
vt 0.795700 0.906472
vt 0.212903 0.052904
vt 0.215412 0.059114
vt 0.209579 0.066608
vt 0.203353 0.050775
vt 0.213573 0.040476
vt 0.215412 0.041201
vt 0.542781 0.015294
vt 0.520023 0.020569
vt 0.513251 0.002656
vt 0.531579 0.007602
vt 0.800708 0.891528
vt 0.788498 0.886545
vt 0.190224 0.328498
vt 0.185989 0.320814
vt 0.206909 0.307284
vt 0.206909 0.330204
vt 0.151639 0.284411
vt 0.151639 0.315847
vt 0.147827 0.318866
vt 0.145574 0.298817
vt 0.563413 0.569991
vt 0.546864 0.574343
vt 0.572296 0.539574
vt 0.585663 0.546929
vt 0.540091 0.574883
vt 0.551514 0.533792
vt 0.651327 0.596658
vt 0.692984 0.556408
vt 0.688136 0.589573
vt 0.662273 0.600657
vt 0.453499 0.300443
vt 0.450731 0.296435
vt 0.453431 0.285178
vt 0.453499 0.293180
vt 0.439327 0.130844
vt 0.437806 0.144553
vt 0.437422 0.131365
vt 0.437326 0.124368
vt 0.068025 0.027941
vt 0.067638 0.028344
vt 0.067638 0.025984
vt 0.067772 0.027139
vt 0.549623 0.034012
vt 0.547905 0.000943
vt 0.562622 0.019457
vt 0.547905 0.029051
vt 0.536177 0.512387
vt 0.548517 0.501003
vt 0.554228 0.514954
vt 0.529126 0.541370
vt 0.506212 0.569897
vt 0.491377 0.559451
vt 0.510852 0.527028
vt 0.435833 0.143018
vt 0.435833 0.128244
vt 0.185957 0.408312
vt 0.185700 0.402183
vt 0.198406 0.393615
vt 0.198406 0.409566
vt 0.092779 0.732965
vt 0.090216 0.744246
vt 0.074680 0.719666
vt 0.081781 0.718963
vt 0.141852 0.221839
vt 0.135030 0.239852
vt 0.127364 0.224636
vt 0.144553 0.216787
vt 0.138414 0.774640
vt 0.117848 0.784699
vt 0.118252 0.785119
vt 0.115912 0.274934
vt 0.133553 0.263544
vt 0.157961 0.778319
vt 0.397820 0.553990
vt 0.395148 0.527887
vt 0.415235 0.525308
vt 0.415235 0.558370
vt 0.972158 0.067030
vt 0.993445 0.067939
vt 0.993445 0.094951
vt 0.973126 0.082755
vt 0.956002 0.487316
vt 0.945454 0.488928
vt 0.945454 0.437808
vt 0.963685 0.461528
vt 0.964161 0.391372
vt 0.980691 0.404151
vt 0.968208 0.423379
vt 0.964161 0.436492
vt 0.782034 0.104101
vt 0.796246 0.113723
vt 0.787322 0.117406
vt 0.762973 0.112558
vt 0.619156 0.778034
vt 0.619156 0.754868
vt 0.637732 0.748482
vt 0.634499 0.768089
vt 0.817587 0.710204
vt 0.818489 0.692993
vt 0.832000 0.686333
vt 0.844265 0.724138
vt 0.898494 0.850310
vt 0.873827 0.842781
vt 0.874859 0.822400
vt 0.891679 0.822400
vt 0.759436 0.136045
vt 0.778296 0.153212
vt 0.631360 0.369921
vt 0.631360 0.346148
vt 0.648856 0.349474
vt 0.654739 0.378388
vt 0.797959 0.158098
vt 0.807794 0.144289
vt 0.853144 0.690776
vt 0.842730 0.722994
vt 0.200998 0.804960
vt 0.207438 0.773956
vt 0.232660 0.768752
vt 0.235252 0.795671
vt 0.935341 0.880609
vt 0.932948 0.904058
vt 0.915966 0.903674
vt 0.913018 0.883056
vt 0.855979 0.990611
vt 0.832922 0.990611
vt 0.839419 0.962625
vt 0.853016 0.962864
vt 0.784953 0.583879
vt 0.790788 0.581158
vt 0.061393 0.713906
vt 0.073843 0.747542
vt 0.235252 0.735501
vt 0.209601 0.737664
vt 0.477567 0.457066
vt 0.502679 0.465154
vt 0.510186 0.493414
vt 0.477567 0.496014
vt 0.643404 0.815979
vt 0.643404 0.780103
vt 0.661102 0.776904
vt 0.669834 0.819132
vt 0.787352 0.184183
vt 0.805348 0.193855
vt 0.833525 0.644044
vt 0.850920 0.643293
vt 0.845131 0.591595
vt 0.863802 0.591848
vt 0.867798 0.604350
vt 0.837177 0.602316
vt 0.828223 0.583345
vt 0.860528 0.582035
vt 0.872985 0.589674
vt 0.300443 0.147615
vt 0.299449 0.156223
vt 0.290987 0.157307
vt 0.285199 0.149956
vt 0.292308 0.137761
vt 0.300443 0.132326
vt 0.248067 0.293357
vt 0.241486 0.273578
vt 0.257927 0.258941
vt 0.257927 0.286536
vt 0.031178 0.001432
vt 0.031178 0.012755
vt 0.021463 0.002866
vt 0.023150 0.002653
vt 0.403897 0.762444
vt 0.391020 0.748619
vt 0.395114 0.733288
vt 0.403897 0.732546
vt 0.487395 0.578708
vt 0.469272 0.581982
vt 0.045531 0.012889
vt 0.046767 0.011785
vt 0.046767 0.014172
vt 0.046087 0.013810
vt 0.159591 0.139240
vt 0.162976 0.139308
vt 0.159591 0.140301
vt 0.159591 0.132009
vt 0.280023 0.454812
vt 0.283437 0.463419
vt 0.267142 0.459840
vt 0.267142 0.445894
vt 0.302406 0.476619
vt 0.304537 0.480242
vt 0.305049 0.487565
vt 0.300294 0.485918
vt 0.301046 0.476635
vt 0.304264 0.476598
vt 0.279016 0.444507
vt 0.282112 0.444974
vt 0.278947 0.455685
vt 0.122169 0.145909
vt 0.122918 0.141474
vt 0.125568 0.141474
vt 0.126129 0.147336
vt 0.001426 0.134211
vt 0.001426 0.124877
vt 0.003791 0.128569
vt 0.002637 0.134632
vt 0.024626 0.017006
vt 0.025509 0.016170
vt 0.024015 0.013469
vt 0.025509 0.010034
vt 0.946492 0.071055
vt 0.945371 0.102235
vt 0.932131 0.078740
vt 0.938609 0.066037
vt 0.952347 0.338921
vt 0.943597 0.359863
vt 0.942129 0.362799
vt 0.936333 0.345031
vt 0.417742 0.137507
vt 0.416970 0.123131
vt 0.423738 0.120299
vt 0.423305 0.142896
vt 0.419174 0.147387
vt 0.418594 0.144986
vt 0.023541 0.446139
vt 0.028344 0.444487
vt 0.023127 0.449247
vt 0.023141 0.448441
vt 0.106505 0.027691
vt 0.107706 0.019654
vt 0.107706 0.028344
vt 0.105804 0.027304
vt 0.416386 0.145765
vt 0.415933 0.146980
vt 0.433825 0.553193
vt 0.451146 0.562268
vt 0.445959 0.582529
vt 0.438130 0.569813
vt 0.932728 0.113751
vt 0.932067 0.112450
vt 0.934214 0.109979
vt 0.933115 0.114792
vt 0.034734 0.197052
vt 0.035484 0.196612
vt 0.035135 0.197785
vt 0.032184 0.194053
vt 0.146149 0.133971
vt 0.147387 0.130923
vt 0.147387 0.134632
vt 0.146995 0.134087
vt 0.333038 0.395984
vt 0.331206 0.396811
vt 0.331180 0.386192
vt 0.333038 0.381034
vt 0.636449 0.232532
vt 0.636312 0.217699
vt 0.643401 0.204488
vt 0.643401 0.236670
vt 0.419356 0.452573
vt 0.417384 0.453499
vt 0.417384 0.440869
vt 0.419486 0.445311
vt 0.136431 0.480077
vt 0.133777 0.465262
vt 0.147387 0.469566
vt 0.147387 0.480425
vt 0.967720 0.918590
vt 0.978300 0.906494
vt 0.979274 0.936534
vt 0.967720 0.943844
vt 0.602303 0.948606
vt 0.602303 0.982108
vt 0.579554 0.964199
vt 0.581573 0.936504
vt 0.131297 0.669441
vt 0.103579 0.674579
vt 0.100574 0.643913
vt 0.133215 0.649063
vt 0.702653 0.808081
vt 0.692253 0.816770
vt 0.681662 0.776641
vt 0.710009 0.781113
vt 0.665297 0.758990
vt 0.645790 0.750491
vt 0.665334 0.728781
vt 0.681131 0.752608
vt 0.922599 0.480710
vt 0.920339 0.463124
vt 0.933924 0.458032
vt 0.932843 0.484677
vt 0.614837 0.716018
vt 0.584877 0.710132
vt 0.580824 0.694800
vt 0.599361 0.694513
vt 0.599920 0.677910
vt 0.617987 0.691726
vt 0.213995 0.392093
vt 0.213995 0.409566
vt 0.206597 0.409083
vt 0.207112 0.392909
vt 0.798717 0.221102
vt 0.804960 0.224801
vt 0.804109 0.240809
vt 0.793153 0.237928
vt 0.029277 0.183309
vt 0.034012 0.184498
vt 0.033673 0.189656
vt 0.029277 0.191320
vt 0.100620 0.780964
vt 0.078951 0.777589
vt 0.987907 0.027596
vt 0.992028 0.046326
vt 0.963358 0.072276
vt 0.963358 0.033375
vt 0.828392 0.972188
vt 0.824892 0.947685
vt 0.833304 0.943549
vt 0.833304 0.967124
vt 0.728432 0.475026
vt 0.719651 0.476812
vt 0.706829 0.461930
vt 0.719495 0.456134
vt 0.124230 0.194404
vt 0.134447 0.212129
vt 0.125294 0.209746
vt 0.115912 0.180947
vt 0.068564 0.348627
vt 0.066104 0.330828
vt 0.069442 0.332908
vt 0.066104 0.344717
vt 0.353332 0.625061
vt 0.341595 0.629749
vt 0.339468 0.625933
vt 0.362862 0.616108
vt 0.390445 0.606033
vt 0.401647 0.615299
vt 0.380708 0.623644
vt 0.398961 0.583181
vt 0.420173 0.601831
vt 0.356306 0.600770
vt 0.393152 0.629994
vt 0.379774 0.632064
vt 0.357170 0.628600
vt 0.408487 0.622204
vt 0.479427 0.327369
vt 0.477699 0.319388
vt 0.476647 0.314768
vt 0.484677 0.314768
vt 0.547540 0.765915
vt 0.543743 0.729840
vt 0.593818 0.739792
vt 0.602505 0.773782
vt 0.503627 0.501593
vt 0.471423 0.520882
vt 0.484929 0.502407
vt 0.045003 0.369266
vt 0.046327 0.370499
vt 0.042425 0.364181
vt 0.048184 0.369024
vt 0.620244 0.538712
vt 0.636037 0.545492
vt 0.628412 0.545547
vt 0.621959 0.556772
vt 0.438418 0.523878
vt 0.442280 0.509237
vt 0.462797 0.507340
vt 0.472549 0.496933
vt 0.441544 0.536189
vt 0.432393 0.538534
vt 0.420680 0.528846
vt 0.459802 0.544417
vt 0.436137 0.541266
vt 0.004252 0.161919
vt 0.001777 0.168645
vt 0.001777 0.161043
vt 0.001777 0.161806
vt 0.397468 0.465267
vt 0.396418 0.459818
vt 0.402480 0.459883
vt 0.402480 0.471922
vt 0.332107 0.351203
vt 0.335872 0.350870
vt 0.335557 0.356077
vt 0.332107 0.367050
vt 0.321701 0.001080
vt 0.316325 0.019838
vt 0.297946 0.025509
vt 0.297946 0.001174
vt 0.756244 0.479454
vt 0.754009 0.465659
vt 0.769530 0.465659
vt 0.761353 0.477255
vt 0.428158 0.523364
vt 0.421426 0.517965
vt 0.473782 0.013671
vt 0.467454 0.006024
vt 0.474756 0.001738
vt 0.474756 0.015589
vt 0.760814 0.479568
vt 0.763700 0.494597
vt 0.743075 0.304225
vt 0.744021 0.323118
vt 0.722582 0.309372
vt 0.744021 0.291290
vt 0.018509 0.095499
vt 0.021258 0.105339
vt 0.018509 0.106289
vt 0.019244 0.095524
vt 0.172606 0.011164
vt 0.171878 0.011337
vt 0.169303 0.002103
vt 0.174314 0.002103
vt 0.376531 0.024092
vt 0.377901 0.014929
vt 0.376531 0.001315
vt 0.386891 0.008855
vt 0.323249 0.590701
vt 0.348582 0.582435
vt 0.331232 0.610348
vt 0.663000 0.391377
vt 0.685677 0.379120
vt 0.688905 0.409087
vt 0.665417 0.417869
vt 0.898698 0.936524
vt 0.894844 0.915544
vt 0.910417 0.918138
vt 0.911128 0.920872
vt 0.714866 0.423043
vt 0.694742 0.440086
vt 0.710247 0.394760
vt 0.724767 0.385127
vt 0.728432 0.399510
vt 0.920339 0.429051
vt 0.930043 0.427293
vt 0.183139 0.085330
vt 0.178168 0.086448
vt 0.178168 0.077254
vt 0.187068 0.082516
vt 0.980691 0.612913
vt 0.964727 0.629229
vt 0.964727 0.585686
vt 0.980657 0.601081
vt 0.141348 0.901504
vt 0.172896 0.900400
vt 0.157835 0.931201
vt 0.141348 0.926276
vt 0.376029 0.929538
vt 0.386189 0.936450
vt 0.401063 0.976439
vt 0.373487 0.959343
vt 0.389031 0.927727
vt 0.401063 0.941953
vt 0.282014 0.326256
vt 0.277391 0.314826
vt 0.299026 0.314826
vt 0.296858 0.338707
vt 0.678903 0.456178
vt 0.696212 0.475685
vt 0.680379 0.491763
vt 0.659688 0.467021
vt 0.706764 0.488222
vt 0.216044 0.868264
vt 0.231001 0.862357
vt 0.229368 0.889672
vt 0.217362 0.891668
vt 0.231001 0.919387
vt 0.221594 0.917703
vt 0.775462 0.263400
vt 0.786139 0.237207
vt 0.788173 0.264455
vt 0.787547 0.295914
vt 0.776940 0.293280
vt 0.788691 0.318866
vt 0.780218 0.310817
vt 0.804960 0.267081
vt 0.802971 0.302405
vt 0.622143 0.317449
vt 0.605529 0.314382
vt 0.517912 0.718665
vt 0.519133 0.693822
vt 0.542725 0.699868
vt 0.517912 0.753285
vt 0.521741 0.678541
vt 0.543621 0.688965
vt 0.433980 0.591324
vt 0.444124 0.608682
vt 0.428673 0.619488
vt 0.202312 0.924003
vt 0.187244 0.899998
vt 0.443965 0.588905
vt 0.449572 0.605621
vt 0.386179 0.571057
vt 0.152076 0.956599
vt 0.151510 0.954580
vt 0.043026 0.277463
vt 0.061766 0.300925
vt 0.065495 0.313003
vt 0.043026 0.320283
vt 0.596634 0.376260
vt 0.585423 0.384057
vt 0.585715 0.377468
vt 0.585423 0.351597
vt 0.089141 0.810629
vt 0.061393 0.809450
vt 0.037725 0.359638
vt 0.043407 0.371465
vt 0.038434 0.369958
vt 0.037063 0.357548
vt 0.043317 0.374923
vt 0.037063 0.376971
vt 0.700831 0.373669
vt 0.873258 0.946965
vt 0.888407 0.959723
vt 0.888465 0.969353
vt 0.873416 0.963979
vt 0.898647 0.956040
vt 0.904457 0.963450
vt 0.873258 0.920130
vt 0.024092 0.404222
vt 0.024092 0.425155
vt 0.018644 0.413469
vt 0.910105 0.505571
vt 0.905865 0.484917
vt 0.931156 0.491522
vt 0.932507 0.522809
vt 0.923046 0.545615
vt 0.905865 0.521899
vt 0.032618 0.624366
vt 0.031131 0.624296
vt 0.085761 0.626651
vt 0.195888 0.018792
vt 0.201240 0.001582
vt 0.201240 0.085031
vt 0.189023 0.073039
vt 0.123040 0.121918
vt 0.123295 0.136573
vt 0.113710 0.144553
vt 0.113710 0.122240
vt 0.695890 0.493890
vt 0.708416 0.495622
vt 0.634898 0.388061
vt 0.603218 0.375306
vt 0.582288 0.342610
vt 0.602886 0.314933
vt 0.711426 0.500776
vt 0.710729 0.582391
vt 0.580985 0.306836
vt 0.594800 0.286509
vt 0.872985 0.646236
vt 0.838104 0.627850
vt 0.582566 0.780259
vt 0.583879 0.794912
vt 0.579569 0.807794
vt 0.579569 0.781245
vt 0.018191 0.034410
vt 0.018423 0.031700
vt 0.018233 0.035113
vt 0.018423 0.038264
vt 0.154229 0.301477
vt 0.158213 0.278759
vt 0.160142 0.282218
vt 0.160142 0.303277
vt 0.110930 0.185949
vt 0.113375 0.179153
vt 0.112199 0.183174
vt 0.113375 0.187068
vt 0.627812 0.748503
vt 0.890061 0.169683
vt 0.898494 0.211485
vt 0.857538 0.212583
vt 0.854229 0.183950
vt 0.694824 0.745797
vt 0.690894 0.725141
vt 0.935148 0.793047
vt 0.928275 0.797382
vt 0.933890 0.787787
vt 0.946678 0.788061
vt 0.942566 0.308936
vt 0.936333 0.310515
vt 0.426967 0.571357
vt 0.428035 0.569400
vt 0.428752 0.576049
vt 0.425444 0.572925
vt 0.430585 0.585613
vt 0.440227 0.585934
vt 0.436557 0.588610
vt 0.445007 0.586143
vt 0.128964 0.190508
vt 0.127214 0.190629
vt 0.128964 0.195571
vt 0.126712 0.194756
vt 0.949481 0.843224
vt 0.951420 0.817280
vt 0.959433 0.813268
vt 0.952505 0.842632
vt 0.950729 0.815230
vt 0.956732 0.810264
vt 0.949676 0.812102
vt 0.957174 0.801021
vt 0.949481 0.811525
vt 0.954068 0.793579
vt 0.282613 0.329947
vt 0.283437 0.342190
vt 0.283022 0.344376
vt 0.282613 0.342398
vt 0.463806 0.589548
vt 0.415933 0.106593
vt 0.023236 0.446073
vt 0.023127 0.434467
vt 0.937515 0.059579
vt 0.932067 0.060043
vt 0.085266 0.049601
vt 0.085350 0.045627
vt 0.085266 0.045413
vt 0.086448 0.048416
vt 0.002817 0.134513
vt 0.005669 0.132626
vt 0.015144 0.181494
vt 0.017006 0.186791
vt 0.015046 0.187068
vt 0.016880 0.181494
vt 0.309535 0.482467
vt 0.307840 0.482637
vt 0.307330 0.476564
vt 0.310363 0.476529
vt 0.310363 0.488928
vt 0.154250 0.125351
vt 0.154473 0.127636
vt 0.149633 0.133215
vt 0.149633 0.124727
vt 0.687818 0.094488
vt 0.693003 0.099895
vt 0.687821 0.119043
vt 0.677919 0.112702
vt 0.677919 0.087814
vt 0.683338 0.087961
vt 0.854936 0.566756
vt 0.831822 0.568227
vt 0.118964 0.150221
vt 0.121063 0.141474
vt 0.270629 0.443828
vt 0.378052 0.286844
vt 0.376340 0.301728
vt 0.384057 0.304694
vt 0.375809 0.304694
vt 0.114760 0.097535
vt 0.119043 0.116209
vt 0.113167 0.102790
vt 0.119043 0.100704
vt 0.016995 0.028344
vt 0.016995 0.001680
vt 0.018469 0.001885
vt 0.024092 0.022407
vt 0.059522 0.032595
vt 0.058115 0.026462
vt 0.059522 0.025953
vt 0.620385 0.916310
vt 0.623135 0.871775
vt 0.633481 0.875270
vt 0.629273 0.916918
vt 0.953502 0.544191
vt 0.962744 0.542964
vt 0.966519 0.581077
vt 0.953502 0.592383
vt 0.913018 0.938175
vt 0.933913 0.926577
vt 0.610066 0.868472
vt 0.633481 0.851998
vt 0.195668 0.735395
vt 0.192941 0.766589
vt 0.605137 0.916146
vt 0.605137 0.948096
vt 0.579830 0.932954
vt 0.587062 0.909960
vt 0.541716 0.502677
vt 0.056995 0.379504
vt 0.057739 0.377051
vt 0.059208 0.375745
vt 0.057527 0.380685
vt 0.067450 0.168645
vt 0.067572 0.166127
vt 0.067450 0.165395
vt 0.068025 0.165972
vt 0.059522 0.383813
vt 0.056656 0.384057
vt 0.057946 0.372336
vt 0.056656 0.366722
vt 0.791645 0.918743
vt 0.774714 0.935341
vt 0.581062 0.574411
vt 0.586714 0.547704
vt 0.500829 0.024440
vt 0.497648 0.002064
vt 0.521731 0.038559
vt 0.497648 0.056687
vt 0.696704 0.605471
vt 0.711426 0.613715
vt 0.462002 0.623689
vt 0.446480 0.632064
vt 0.874668 0.243756
vt 0.854229 0.241082
vt 0.186652 0.766769
vt 0.192737 0.718301
vt 0.323761 0.148045
vt 0.325952 0.160368
vt 0.318261 0.168645
vt 0.318261 0.144611
vt 0.192737 0.080565
vt 0.189855 0.085814
vt 0.191476 0.086448
vt 0.189855 0.078458
vt 0.426997 0.556658
vt 0.168984 0.924018
vt 0.153320 0.954875
vt 0.341541 0.362588
vt 0.341541 0.374714
vt 0.338432 0.385474
vt 0.331227 0.372784
vt 0.068025 0.314083
vt 0.063298 0.320266
vt 0.112769 0.092117
vt 0.112769 0.082292
vt 0.114797 0.087782
vt 0.119043 0.086955
vt 0.027129 0.222718
vt 0.034012 0.240752
vt 0.027129 0.245173
vt 0.458928 0.898112
vt 0.464836 0.911632
vt 0.462366 0.928820
vt 0.458928 0.950930
vt 0.167228 0.140301
vt 0.166608 0.137780
vt 0.167228 0.135109
vt 0.038264 0.058042
vt 0.038264 0.068025
vt 0.037997 0.061918
vt 0.386171 0.014362
vt 0.388308 0.010649
vt 0.388308 0.020900
vt 0.387166 0.028344
vt 0.066608 0.017006
vt 0.066268 0.015625
vt 0.066608 0.014667
vt 0.021481 0.027608
vt 0.025509 0.039629
vt 0.021481 0.046767
vt 0.430824 0.136050
vt 0.426231 0.122136
vt 0.427281 0.115361
vt 0.430824 0.118507
vt 0.072276 0.049601
vt 0.071819 0.049479
vt 0.071577 0.046921
vt 0.072276 0.045040
vt 0.443578 0.283437
vt 0.439855 0.279211
vt 0.443578 0.267548
vt 0.137467 0.707174
vt 0.133339 0.680784
vt 0.137467 0.677009
vt 0.293357 0.026926
vt 0.277149 0.016129
vt 0.293357 0.001344
vt 0.463491 0.005238
vt 0.237248 0.885918
vt 0.239504 0.898464
vt 0.237248 0.914083
vt 0.059168 0.002119
vt 0.059522 0.011740
vt 0.059168 0.021258
vt 0.350220 0.022393
vt 0.354296 0.015326
vt 0.354296 0.032595
vt 0.367353 0.261742
vt 0.372719 0.273225
vt 0.367353 0.284854
vt 0.221081 0.843224
vt 0.218372 0.829815
vt 0.221081 0.815221
vt 0.938190 0.524087
vt 0.945718 0.492877
vt 0.965102 0.491136
vt 0.965102 0.541364
vt 0.806639 0.677195
vt 0.602813 0.865766
vt 0.608013 0.904120
vt 0.194939 0.711057
vt 0.600887 0.892191
vt 0.129273 0.300783
vt 0.144553 0.292169
vt 0.139634 0.303100
vt 0.144553 0.316032
vt 0.912666 0.915500
vt 0.862233 0.904516
vt 0.291940 0.310996
vt 0.261253 0.314615
vt 0.261253 0.259055
vt 0.827227 0.729849
vt 0.806639 0.723129
vt 0.412400 0.219663
vt 0.393153 0.213312
vt 0.403771 0.199906
vt 0.412400 0.198054
vt 0.416652 0.421069
vt 0.414625 0.444996
vt 0.393533 0.434543
vt 0.393533 0.405118
vt 0.763577 0.204074
vt 0.759436 0.179952
vt 0.233865 0.873435
vt 0.235252 0.907964
vt 0.233375 0.924003
vt 0.233375 0.867990
vt 0.343102 0.774936
vt 0.347210 0.824801
vt 0.309004 0.817260
vt 0.309004 0.732403
vt 0.013226 0.631285
vt 0.009324 0.644821
vt 0.911249 0.920908
vt 0.911030 0.938609
vt 0.037834 0.673262
vt 0.005437 0.674579
vt 0.449785 0.945261
vt 0.409455 0.938286
vt 0.409455 0.907727
vt 0.446571 0.886605
vt 0.454916 0.919840
vt 0.844641 0.310550
vt 0.844641 0.389725
vt 0.826743 0.369291
vt 0.921169 0.125674
vt 0.921169 0.187068
vt 0.896996 0.178549
vt 0.929672 0.061759
vt 0.929672 0.120461
vt 0.906187 0.114893
vt 0.048184 0.898168
vt 0.048184 0.952347
vt 0.028370 0.935831
vt 0.289372 0.595129
vt 0.300443 0.609270
vt 0.289372 0.627812
vt 0.369885 0.974065
vt 0.337928 0.979274
vt 0.350738 0.946306
vt 0.369885 0.931030
vt 0.590942 0.398563
vt 0.615225 0.407529
vt 0.614012 0.423738
vt 0.611067 0.420023
vt 0.596534 0.418481
vt 0.580985 0.404042
vt 0.001312 0.003573
vt 0.021258 0.051629
vt 0.014015 0.121878
vt 0.001312 0.120395
vt 0.520130 0.441063
vt 0.530027 0.463397
vt 0.520130 0.497431
vt 0.524358 0.196988
vt 0.514371 0.158143
vt 0.519016 0.135809
vt 0.524358 0.120089
vt 0.028344 0.100620
vt 0.018979 0.091803
vt 0.028344 0.082073
vt 0.706544 0.615057
vt 0.692020 0.605616
vt 0.675229 0.588793
vt 0.973605 0.011655
vt 0.967587 0.029360
vt 0.965484 0.029761
vt 0.965484 0.001534
vt 0.866918 0.388939
vt 0.851276 0.387923
vt 0.859055 0.357785
vt 0.870150 0.327511
vt 0.593800 0.593800
vt 0.578732 0.582757
vt 0.593800 0.560824
vt 0.539251 0.589548
vt 0.957267 0.698051
vt 0.960850 0.716226
vt 0.957267 0.736935
vt 0.036847 0.878654
vt 0.032452 0.861939
vt 0.036847 0.850659
vt 0.308946 0.233087
vt 0.308946 0.256510
vt 0.302476 0.252900
vt 0.774368 0.055154
vt 0.774990 0.071933
vt 0.772293 0.093535
vt 0.758109 0.076790
vt 0.736935 0.678831
vt 0.728577 0.660439
vt 0.735122 0.651650
vt 0.736935 0.649607
vt 0.612954 0.529035
vt 0.774595 0.045843
vt 0.751216 0.023695
vt 0.643966 0.596272
vt 0.779451 0.043667
vt 0.765139 0.001306
vt 0.887157 0.702923
vt 0.867308 0.688013
vt 0.861280 0.674645
vt 0.870997 0.655995
vt 0.370901 0.889580
vt 0.386891 0.906090
vt 0.379895 0.925143
vt 0.361800 0.916010
vt 0.361404 0.931853
vt 0.345507 0.933924
vt 0.347413 0.911953
vt 0.345507 0.873704
vt 0.012755 0.127661
vt 0.011992 0.128026
vt 0.011440 0.128964
vt 0.011440 0.125385
vt 0.022675 0.008503
vt 0.022253 0.007995
vt 0.022675 0.007267
vt 0.946678 0.843224
vt 0.930215 0.817592
vt 0.927627 0.802764
vt 0.632064 0.582462
vt 0.631049 0.574117
vt 0.632064 0.549388
vt 0.001200 0.712179
vt 0.001417 0.728494
vt 0.001200 0.742604
vt 0.456333 0.963685
vt 0.456016 0.932637
vt 0.456333 0.925107
vt 0.036847 0.192006
vt 0.036847 0.199823
vt 0.636035 0.908217
vt 0.639150 0.909760
vt 0.636035 0.941544
vt 0.636649 0.953764
vt 0.764055 0.109123
vt 0.751216 0.108702
vt 0.878659 0.642922
vt 0.887157 0.629206
vt 0.860530 0.395830
vt 0.870150 0.402480
vt 0.942749 0.064093
vt 0.951079 0.065930
vt 0.953764 0.103563
vt 0.089283 0.037211
vt 0.089283 0.048184
vt 0.086208 0.041918
vt 0.087529 0.037245
vt 0.050110 0.373965
vt 0.053853 0.365511
vt 0.053853 0.378414
vt 0.050128 0.379805
vt 0.139479 0.257927
vt 0.139479 0.235189
vt 0.141367 0.243767
vt 0.141718 0.254462
vt 0.170731 0.134836
vt 0.169659 0.135146
vt 0.169659 0.133347
vt 0.170996 0.133423
vt 0.075692 0.132723
vt 0.076528 0.134236
vt 0.075183 0.134567
vt 0.074649 0.132469
vt 0.171479 0.135707
vt 0.169659 0.137467
vt 0.034012 0.005685
vt 0.033790 0.007958
vt 0.033994 0.008503
vt 0.033108 0.005352
vt 0.034012 0.001193
vt 0.073838 0.132390
vt 0.074038 0.134599
vt 0.075300 0.137467
vt 0.073838 0.137200
vt 0.485935 0.205245
vt 0.484429 0.205277
vt 0.483704 0.201575
vt 0.486094 0.201424
vt 0.482575 0.196974
vt 0.485756 0.196974
vt 0.481182 0.202023
vt 0.479203 0.196974
vt 0.478570 0.201965
vt 0.482603 0.205768
vt 0.480873 0.206373
vt 0.483863 0.208682
vt 0.483253 0.209743
vt 0.485015 0.208142
vt 0.303956 0.674752
vt 0.263849 0.663906
vt 0.261075 0.631545
vt 0.301371 0.635524
vt 0.332620 0.643454
vt 0.353997 0.696802
vt 0.118236 0.002121
vt 0.147387 0.017382
vt 0.132422 0.067979
vt 0.107251 0.045562
vt 0.068510 0.161372
vt 0.103584 0.156547
vt 0.107887 0.186480
vt 0.086013 0.201403
vt 0.987777 0.097802
vt 0.976012 0.144553
vt 0.966082 0.133952
vt 0.957538 0.097802
vt 0.083934 0.118534
vt 0.113375 0.109677
vt 0.095282 0.089801
vt 0.074157 0.056968
vt 0.292853 0.116209
vt 0.244918 0.105263
vt 0.252618 0.103083
vt 0.292896 0.091975
vt 0.343607 0.071119
vt 0.338389 0.101871
vt 0.371302 0.831029
vt 0.356202 0.875819
vt 0.348032 0.868779
vt 0.350693 0.831684
vt 0.348032 0.808092
vt 0.361789 0.800188
vt 0.040183 0.009049
vt 0.052319 0.025836
vt 0.037596 0.039335
vt 0.026512 0.019100
vt 0.648952 0.889318
vt 0.671959 0.891023
vt 0.668499 0.906956
vt 0.648952 0.910107
vt 0.650718 0.948096
vt 0.687233 0.920834
vt 0.042935 0.075736
vt 0.705757 0.897002
vt 0.296631 0.623241
vt 0.307574 0.615935
vt 0.972199 0.185080
vt 0.960982 0.194154
vt 0.960982 0.150738
vt 0.980691 0.147730
vt 0.315899 0.604233
vt 0.338380 0.632369
vt 0.385474 0.637453
vt 0.385346 0.657057
vt 0.846778 0.175731
vt 0.852608 0.140530
vt 0.867760 0.144877
vt 0.863431 0.175559
vt 0.463365 0.938717
vt 0.478406 0.942137
vt 0.478501 0.986359
vt 0.463365 0.985729
vt 0.845458 0.015136
vt 0.882418 0.006705
vt 0.887157 0.043558
vt 0.855876 0.049387
vt 0.285642 0.608352
vt 0.247358 0.609389
vt 0.250547 0.589744
vt 0.276852 0.591195
vt 0.747675 0.599296
vt 0.746409 0.578254
vt 0.773782 0.570658
vt 0.773782 0.600886
vt 0.319302 0.588108
vt 0.276589 0.572906
vt 0.323118 0.566356
vt 0.275310 0.059969
vt 0.338153 0.040637
vt 0.226391 0.578676
vt 0.215953 0.591917
vt 0.194144 0.571773
vt 0.213479 0.566356
vt 0.479115 0.001245
vt 0.494382 0.001287
vt 0.496014 0.024660
vt 0.481342 0.020689
vt 0.460027 0.712334
vt 0.462002 0.731836
vt 0.436323 0.728391
vt 0.440905 0.711451
vt 0.384476 0.332212
vt 0.383127 0.313404
vt 0.398228 0.314612
vt 0.398228 0.335872
vt 0.587094 0.164029
vt 0.601073 0.185949
vt 0.567939 0.191266
vt 0.571801 0.173994
vt 0.585959 0.284854
vt 0.567139 0.245542
vt 0.607394 0.229533
vt 0.616395 0.280620
vt 0.942427 0.705757
vt 0.923610 0.689293
vt 0.906512 0.653438
vt 0.942427 0.648343
vt 0.869262 0.082923
vt 0.845458 0.083614
vt 0.630715 0.218835
vt 0.637732 0.169165
vt 0.637732 0.259011
vt 0.183922 0.659984
vt 0.149671 0.680653
vt 0.135137 0.657987
vt 0.152100 0.645954
vt 0.858754 0.836731
vt 0.854285 0.839596
vt 0.840616 0.824287
vt 0.871568 0.795315
vt 0.168645 0.980750
vt 0.148971 0.982108
vt 0.160060 0.947297
vt 0.168645 0.944153
vt 0.871568 0.847450
vt 0.853702 0.872985
vt 0.331621 0.842024
vt 0.315614 0.881488
vt 0.294113 0.878584
vt 0.294113 0.807069
vt 0.668459 0.344661
vt 0.684499 0.341600
vt 0.684499 0.374136
vt 0.667453 0.370039
vt 0.388069 0.422321
vt 0.355338 0.414450
vt 0.369653 0.384328
vt 0.393100 0.393339
vt 0.874015 0.149734
vt 0.873965 0.120613
vt 0.885164 0.121375
vt 0.890748 0.153056
vt 0.550994 0.338596
vt 0.536434 0.347210
vt 0.536434 0.313998
vt 0.554119 0.316560
vt 0.071788 0.024924
vt 0.066472 0.003563
vt 0.090700 0.002289
vt 0.087467 0.028963
vt 0.083121 0.045350
vt 0.066472 0.038615
vt 0.278197 0.032449
vt 0.313510 0.025695
vt 0.365633 0.078973
vt 0.365633 0.102037
vt 0.344428 0.093830
vt 0.344383 0.077970
vt 0.931161 0.754653
vt 0.947244 0.757902
vt 0.947379 0.778115
vt 0.933107 0.780954
vt 0.924845 0.611926
vt 0.932507 0.605835
vt 0.932507 0.644818
vt 0.918631 0.632001
vt 0.347483 0.367975
vt 0.342680 0.354083
vt 0.331884 0.343921
vt 0.350903 0.346265
vt 0.571125 0.064473
vt 0.571125 0.097786
vt 0.561911 0.079771
vt 0.563372 0.065557
vt 0.918869 0.588331
vt 0.926842 0.592589
vt 0.386294 0.349966
vt 0.973605 0.807794
vt 0.958153 0.795813
vt 0.970977 0.785911
vt 0.737978 0.902333
vt 0.709810 0.888465
vt 0.708728 0.860861
vt 0.738313 0.871893
vt 0.769530 0.876463
vt 0.769530 0.910864
vt 0.703965 0.919947
vt 0.733415 0.926838
vt 0.410912 0.329435
vt 0.442161 0.341135
vt 0.414334 0.365245
vt 0.349733 0.321623
vt 0.376783 0.315615
vt 0.405126 0.307269
vt 0.440951 0.311848
vt 0.713059 0.570053
vt 0.718372 0.530630
vt 0.736815 0.532294
vt 0.726483 0.572962
vt 0.488928 0.182854
vt 0.478764 0.192737
vt 0.472918 0.165281
vt 0.488928 0.152761
vt 0.363458 0.289924
vt 0.346942 0.287355
vt 0.347140 0.244020
vt 0.362928 0.249495
vt 0.762445 0.533807
vt 0.743046 0.579628
vt 0.630247 0.850115
vt 0.598953 0.855979
vt 0.609058 0.824410
vt 0.637092 0.822568
vt 0.949513 0.595217
vt 0.930070 0.588306
vt 0.932436 0.567185
vt 0.949513 0.561968
vt 0.737043 0.240921
vt 0.728838 0.203509
vt 0.730606 0.214413
vt 0.743108 0.238870
vt 0.810629 0.711411
vt 0.805369 0.711214
vt 0.799254 0.722763
vt 0.779539 0.709119
vt 0.304697 0.339207
vt 0.300283 0.326678
vt 0.308299 0.323899
vt 0.312778 0.344260
vt 0.329014 0.323922
vt 0.532861 0.274022
vt 0.492729 0.282019
vt 0.503942 0.248239
vt 0.524826 0.226970
vt 0.475645 0.018404
vt 0.476499 0.065690
vt 0.441204 0.071099
vt 0.426790 0.038945
vt 0.835388 0.937704
vt 0.822517 0.945033
vt 0.814889 0.934986
vt 0.837555 0.918489
vt 0.304694 0.238087
vt 0.291246 0.235792
vt 0.291246 0.212833
vt 0.303692 0.218193
vt 0.733142 0.385618
vt 0.727157 0.368433
vt 0.752686 0.381607
vt 0.731958 0.400183
vt 0.592843 0.065838
vt 0.590154 0.030626
vt 0.637732 0.023610
vt 0.632910 0.047189
vt 0.453701 0.884322
vt 0.454768 0.845858
vt 0.482849 0.843017
vt 0.483243 0.872150
vt 0.994863 0.358494
vt 0.994863 0.384246
vt 0.983311 0.385474
vt 0.970553 0.357793
vt 0.488334 0.249779
vt 0.472932 0.263193
vt 0.487995 0.214144
vt 0.508562 0.194328
vt 0.480620 0.233616
vt 0.583417 0.111713
vt 0.622392 0.097958
vt 0.598599 0.137594
vt 0.573520 0.125976
vt 0.107741 0.833216
vt 0.122719 0.851059
vt 0.097478 0.856987
vt 0.088529 0.819689
vt 0.453701 0.803526
vt 0.493367 0.806605
vt 0.788774 0.003371
vt 0.806428 0.021425
vt 0.793696 0.039191
vt 0.777114 0.004650
vt 0.600279 0.799333
vt 0.590768 0.787045
vt 0.613287 0.768945
vt 0.619779 0.790745
vt 0.590768 0.822128
vt 0.834429 0.055012
vt 0.814607 0.079960
vt 0.072577 0.129079
vt 0.047789 0.120256
vt 0.022331 0.116464
vt 0.700816 0.351489
vt 0.719191 0.313510
vt 0.738003 0.336838
vt 0.829281 0.890721
vt 0.798361 0.923341
vt 0.826516 0.943424
vt 0.798361 0.946678
vt 0.759610 0.340953
vt 0.214767 0.726627
vt 0.184405 0.698253
vt 0.210625 0.680219
vt 0.230560 0.704401
vt 0.253676 0.711711
vt 0.250068 0.731266
vt 0.759610 0.419590
vt 0.738388 0.420903
vt 0.217797 0.654530
vt 0.241947 0.645954
vt 0.246829 0.676979
vt 0.082710 0.669896
vt 0.097152 0.698576
vt 0.046674 0.698408
vt 0.035658 0.679385
vt 0.064102 0.167367
vt 0.085473 0.209866
vt 0.057405 0.231045
vt 0.041576 0.188735
vt 0.313516 0.366953
vt 0.313040 0.347340
vt 0.330204 0.353768
vt 0.330204 0.369885
vt 0.116209 0.682408
vt 0.111268 0.707762
vt 0.383938 0.198652
vt 0.378717 0.194929
vt 0.391843 0.187458
vt 0.396688 0.198351
vt 0.055270 0.667493
vt 0.039135 0.665787
vt 0.039135 0.648326
vt 0.046797 0.647579
vt 0.043811 0.635107
vt 0.055217 0.652581
vt 0.723122 0.480029
vt 0.749411 0.470329
vt 0.753384 0.484994
vt 0.728019 0.492882
vt 0.949046 0.965720
vt 0.965508 0.954362
vt 0.966006 0.985887
vt 0.947678 0.983331
vt 0.162089 0.814427
vt 0.144927 0.784793
vt 0.175080 0.775454
vt 0.196282 0.811482
vt 0.179345 0.857309
vt 0.144927 0.861647
vt 0.386482 0.130808
vt 0.373620 0.167369
vt 0.330922 0.147926
vt 0.343106 0.119563
vt 0.344255 0.101183
vt 0.364797 0.108370
vt 0.760097 0.975022
vt 0.735299 0.975022
vt 0.731946 0.956111
vt 0.766683 0.953672
vt 0.990611 0.994863
vt 0.990611 0.950704
vt 0.523784 0.666076
vt 0.523784 0.618133
vt 0.552894 0.621979
vt 0.553142 0.637467
vt 0.966943 0.756776
vt 0.976402 0.721655
vt 0.986050 0.725419
vt 0.993445 0.756776
vt 0.730541 0.930813
vt 0.766577 0.938081
vt 0.190829 0.032847
vt 0.159097 0.061874
vt 0.141938 0.055802
vt 0.154454 0.000922
vt 0.674818 0.866736
vt 0.705757 0.867548
vt 0.690301 0.888850
vt 0.668694 0.881930
vt 0.660067 0.860506
vt 0.660928 0.847384
vt 0.693647 0.840019
vt 0.635777 0.889991
vt 0.636748 0.880100
vt 0.447958 0.608662
vt 0.500734 0.597854
vt 0.497791 0.615057
vt 0.454528 0.609799
vt 0.639169 0.868063
vt 0.642586 0.851285
vt 0.756284 0.921333
vt 0.775199 0.924020
vt 0.758635 0.823761
vt 0.741936 0.807944
vt 0.770079 0.793713
vt 0.772365 0.818542
vt 0.736526 0.782818
vt 0.755377 0.778752
vt 0.724301 0.640670
vt 0.714947 0.623493
vt 0.743001 0.603992
vt 0.753360 0.604288
vt 0.953009 0.693168
vt 0.947928 0.695837
vt 0.945911 0.682877
vt 0.957189 0.681199
vt 0.318806 0.486967
vt 0.312638 0.476805
vt 0.323118 0.478082
vt 0.323118 0.488928
vt 0.361763 0.432241
vt 0.361568 0.425865
vt 0.362955 0.423715
vt 0.365633 0.427998
vt 0.250314 0.740353
vt 0.259156 0.715691
vt 0.277783 0.741714
vt 0.253273 0.767141
vt 0.195571 0.088313
vt 0.176601 0.126338
vt 0.156017 0.098440
vt 0.175614 0.093310
vt 0.446258 0.108647
vt 0.487406 0.106318
vt 0.490345 0.143501
vt 0.468620 0.166199
vt 0.170811 0.071659
vt 0.185554 0.076692
vt 0.110896 0.286801
vt 0.099591 0.325228
vt 0.056627 0.286689
vt 0.079337 0.262512
vt 0.113166 0.236495
vt 0.118598 0.247550
vt 0.290523 0.830940
vt 0.268974 0.864063
vt 0.259562 0.849119
vt 0.268471 0.809254
vt 0.242062 0.881488
vt 0.226673 0.847238
vt 0.957503 0.249718
vt 0.942642 0.257927
vt 0.942642 0.204390
vt 0.960850 0.215030
vt 0.912666 0.540600
vt 0.898862 0.574084
vt 0.872793 0.582343
vt 0.868600 0.540600
vt 0.448228 0.198182
vt 0.479059 0.225449
vt 0.474274 0.247284
vt 0.459823 0.274956
vt 0.426821 0.252114
vt 0.409905 0.236105
vt 0.432784 0.187654
vt 0.918149 0.019374
vt 0.948096 0.001211
vt 0.948096 0.057624
vt 0.922052 0.058105
vt 0.430824 0.807368
vt 0.422082 0.837359
vt 0.389325 0.821339
vt 0.407879 0.780539
vt 0.811668 0.847009
vt 0.838972 0.847521
vt 0.816246 0.898494
vt 0.782141 0.870913
vt 0.806552 0.823927
vt 0.835162 0.827359
vt 0.764483 0.823927
vt 0.949800 0.320283
vt 0.944459 0.269747
vt 0.973605 0.280070
vt 0.971934 0.320283
vt 0.147387 0.322477
vt 0.133246 0.344376
vt 0.242203 0.905262
vt 0.275105 0.901473
vt 0.268716 0.931089
vt 0.242916 0.931089
vt 0.796457 0.961416
vt 0.769540 0.982108
vt 0.769540 0.943106
vt 0.792234 0.934373
vt 0.292097 0.874336
vt 0.267713 0.868200
vt 0.533245 0.825680
vt 0.513452 0.787480
vt 0.551270 0.773281
vt 0.558899 0.812952
vt 0.566014 0.845128
vt 0.557962 0.850277
vt 0.570211 0.861647
vt 0.571782 0.858733
vt 0.566873 0.622181
vt 0.563301 0.628201
vt 0.363656 0.419371
vt 0.365633 0.420548
vt 0.945612 0.645248
vt 0.972188 0.645248
vt 0.291229 0.924895
vt 0.299026 0.903833
vt 0.710337 0.806058
vt 0.712397 0.773514
vt 0.841102 0.315417
vt 0.831367 0.327369
vt 0.828257 0.304292
vt 0.839899 0.295801
vt 0.577330 0.615057
vt 0.551247 0.613821
vt 0.551683 0.597037
vt 0.586714 0.601055
vt 0.828514 0.247069
vt 0.858813 0.244537
vt 0.858813 0.282942
vt 0.814046 0.267766
vt 0.537637 0.661526
vt 0.539747 0.673225
vt 0.528118 0.666152
vt 0.535034 0.658193
vt 0.402785 0.169930
vt 0.708246 0.031895
vt 0.732105 0.003872
vt 0.748273 0.009826
vt 0.748273 0.059593
vt 0.365961 0.185375
vt 0.337979 0.167207
vt 0.545615 0.683082
vt 0.527706 0.678596
vt 0.571219 0.577154
vt 0.552749 0.576120
vt 0.369095 0.212194
vt 0.355584 0.204286
vt 0.321511 0.180563
vt 0.310006 0.219701
vt 0.424554 0.192899
vt 0.752906 0.644914
vt 0.773524 0.651728
vt 0.746603 0.696006
vt 0.738489 0.683236
vt 0.770197 0.604127
vt 0.782285 0.603992
vt 0.933924 0.357543
vt 0.917199 0.355317
vt 0.918797 0.321882
vt 0.933583 0.318387
vt 0.576794 0.808278
vt 0.575416 0.842524
vt 0.576794 0.773799
vt 0.723198 0.841463
vt 0.711463 0.839290
vt 0.574621 0.854538
vt 0.717640 0.854287
vt 0.712820 0.851190
vt 0.392530 0.841789
vt 0.430824 0.861647
vt 0.226673 0.800198
vt 0.068198 0.946062
vt 0.111957 0.940721
vt 0.111957 0.987777
vt 0.073616 0.987519
vt 0.411177 0.277768
vt 0.397479 0.262596
vt 0.878654 0.477591
vt 0.861798 0.464295
vt 0.863799 0.411396
vt 0.878654 0.402758
vt 0.441465 0.124150
vt 0.060300 0.710150
vt 0.111518 0.722763
vt 0.397479 0.088555
vt 0.400497 0.089783
vt 0.001191 0.695322
vt 0.006201 0.722763
vt 0.673837 0.151825
vt 0.680224 0.126962
vt 0.688751 0.126476
vt 0.688751 0.158725
vt 0.038310 0.243703
vt 0.493536 0.166001
vt 0.509398 0.167675
vt 0.280602 0.935062
vt 0.269773 0.983525
vt 0.253062 0.980138
vt 0.252552 0.935062
vt 0.493669 0.119578
vt 0.520495 0.120749
vt 0.141938 0.104457
vt 0.163988 0.134632
vt 0.492391 0.062985
vt 0.532861 0.065861
vt 0.469468 0.880011
vt 0.487691 0.886327
vt 0.473844 0.931849
vt 0.464498 0.903996
vt 0.654849 0.829743
vt 0.705757 0.816245
vt 0.644426 0.840896
vt 0.821769 0.591685
vt 0.836138 0.598939
vt 0.824876 0.630646
vt 0.800211 0.624915
vt 0.800211 0.566534
vt 0.808362 0.538957
vt 0.929787 0.379805
vt 0.904835 0.364181
vt 0.244223 0.966165
vt 0.224101 0.980691
vt 0.220056 0.962904
vt 0.249167 0.948416
vt 0.824954 0.371512
vt 0.827635 0.386118
vt 0.797620 0.406732
vt 0.793379 0.377001
vt 0.796493 0.314437
vt 0.827635 0.321424
vt 0.276083 0.784271
vt 0.250314 0.801258
vt 0.303573 0.743455
vt 0.306112 0.773377
vt 0.713059 0.493711
vt 0.299297 0.793887
vt 0.275501 0.810629
vt 0.518113 0.185593
vt 0.402008 0.065444
vt 0.767009 0.854765
vt 0.733568 0.855544
vt 0.639150 0.789105
vt 0.039300 0.152997
vt 0.001219 0.149399
vt 0.842562 0.074496
vt 0.829058 0.092837
vt 0.754026 0.233881
vt 0.753277 0.207242
vt 0.778034 0.207242
vt 0.772993 0.236670
vt 0.801718 0.093534
vt 0.777114 0.068009
vt 0.901452 0.117898
vt 0.906997 0.147139
vt 0.887430 0.088051
vt 0.906997 0.084919
vt 0.815793 0.001069
vt 0.840671 0.023796
vt 0.890934 0.285709
vt 0.883054 0.266387
vt 0.892515 0.254221
vt 0.904163 0.261853
vt 0.517272 0.828574
vt 0.514261 0.859312
vt 0.575466 0.168645
vt 0.557757 0.147748
vt 0.028593 0.173980
vt 0.012178 0.178556
vt 0.904163 0.322116
vt 0.879062 0.327369
vt 0.860328 0.286348
vt 0.869162 0.259206
vt 0.403964 0.048045
vt 0.779539 0.628434
vt 0.805944 0.636156
vt 0.800914 0.673731
vt 0.779587 0.675296
vt 0.034012 0.953576
vt 0.021608 0.992534
vt 0.002293 0.993445
vt 0.002293 0.947731
vt 0.911224 0.584091
vt 0.915063 0.552252
vt 0.300723 0.298624
vt 0.317843 0.283505
vt 0.272358 0.188512
vt 0.284266 0.156081
vt 0.581529 0.866013
vt 0.594214 0.862853
vt 0.594917 0.894693
vt 0.579203 0.898494
vt 0.579203 0.828706
vt 0.605137 0.827564
vt 0.853144 0.051003
vt 0.948450 0.537467
vt 0.973605 0.762637
vt 0.335664 0.404791
vt 0.625973 0.141267
vt 0.203184 0.609003
vt 0.181023 0.588664
vt 0.444044 0.770222
vt 0.456826 0.766027
vt 0.452191 0.801992
vt 0.436641 0.807794
vt 0.411752 0.772152
vt 0.382759 0.696334
vt 0.479115 0.055010
vt 0.487829 0.075111
vt 0.490345 0.973433
vt 0.489892 0.940088
vt 0.875819 0.097281
vt 0.850505 0.096482
vt 0.100332 0.221081
vt 0.113375 0.193761
vt 0.247149 0.578956
vt 0.834386 0.143510
vt 0.810801 0.096482
vt 0.579057 0.081219
vt 0.637732 0.069954
vt 0.304520 0.728432
vt 0.261075 0.711793
vt 0.362101 0.728016
vt 0.462002 0.786681
vt 0.115980 0.940400
vt 0.140680 0.944250
vt 0.145970 0.965372
vt 0.115980 0.987777
vt 0.714055 0.858813
vt 0.710337 0.855789
vt 0.908653 0.588554
vt 0.886816 0.609389
vt 0.722793 0.710009
vt 0.723775 0.690866
vt 0.088529 0.892825
vt 0.123295 0.872940
vt 0.328939 0.001832
vt 0.354296 0.001832
vt 0.354215 0.011828
vt 0.335132 0.035430
vt 0.403384 0.019058
vt 0.435843 0.011725
vt 0.633481 0.918338
vt 0.633481 0.956273
vt 0.607102 0.969353
vt 0.607630 0.924160
vt 0.398328 0.054988
vt 0.408149 0.025695
vt 0.749011 0.235108
vt 0.744310 0.211400
vt 0.756776 0.194321
vt 0.517188 0.898149
vt 0.545566 0.893184
vt 0.562622 0.950930
vt 0.510600 0.950930
vt 0.171834 0.924883
vt 0.203226 0.932338
vt 0.221081 0.977856
vt 0.171834 0.974863
vt 0.716459 0.168322
vt 0.756776 0.133587
vt 0.550107 0.058634
vt 0.562975 0.032570
vt 0.220056 0.930516
vt 0.249424 0.936531
vt 0.204074 0.780802
vt 0.513020 0.905425
vt 0.513020 0.875179
vt 0.498811 0.938175
vt 0.737275 0.113375
vt 0.709865 0.101852
vt 0.442161 0.175209
vt 0.904835 0.332671
vt 0.545615 0.650746
vt 0.002001 0.216392
vt 0.004252 0.229166
vt 0.002001 0.240921
vt 0.642206 0.001089
vt 0.649070 0.024150
vt 0.642206 0.034012
vt 0.699035 0.002201
vt 0.723026 0.423610
vt 0.761027 0.423387
vt 0.740021 0.462002
vt 0.723026 0.457167
vt 0.169246 0.715547
vt 0.139226 0.712238
vt 0.323045 0.402405
vt 0.347267 0.413841
vt 0.352879 0.428039
vt 0.323045 0.442161
vt 0.593904 0.022037
vt 0.032813 0.756801
vt 0.023674 0.722650
vt 0.032986 0.709240
vt 0.045533 0.735199
vt 0.024331 0.796908
vt 0.010976 0.786245
vt 0.012066 0.750168
vt 0.013751 0.720933
vt 0.288980 0.384080
vt 0.289105 0.398513
vt 0.282081 0.403897
vt 0.282081 0.385115
vt 0.069442 0.768580
vt 0.069442 0.788296
vt 0.057790 0.788026
vt 0.059671 0.758629
vt 0.452081 0.331621
vt 0.447815 0.330733
vt 0.443849 0.312802
vt 0.452081 0.310902
vt 0.002184 0.859458
vt 0.013801 0.858761
vt 0.004486 0.866299
vt 0.007193 0.860990
vt 0.002184 0.830823
vt 0.024390 0.839882
vt 0.439001 0.863779
vt 0.435394 0.844746
vt 0.448349 0.848542
vt 0.450664 0.868433
vt 0.443534 0.881488
vt 0.435152 0.868715
vt 0.507859 0.965289
vt 0.518427 0.975547
vt 0.493320 0.981516
vt 0.493232 0.963499
vt 0.512231 0.955126
vt 0.532861 0.963554
vt 0.430598 0.825376
vt 0.440427 0.808973
vt 0.450664 0.807693
vt 0.448498 0.827363
vt 0.064426 0.744802
vt 0.054969 0.724658
vt 0.852078 0.483259
vt 0.849328 0.482844
vt 0.851913 0.469389
vt 0.858813 0.466914
vt 0.049062 0.708191
vt 0.836291 0.481248
vt 0.840280 0.469988
vt 0.440360 0.149275
vt 0.442161 0.164393
vt 0.434000 0.164393
vt 0.439330 0.148948
vt 0.026816 0.864075
vt 0.017578 0.872985
vt 0.493232 0.999114
vt 0.527261 0.989384
vt 0.003834 0.795301
vt 0.035610 0.811282
vt 0.827572 0.418139
vt 0.843085 0.419859
vt 0.842141 0.449636
vt 0.828561 0.448585
vt 0.829164 0.399942
vt 0.845639 0.401475
vt 0.854762 0.447531
vt 0.036847 0.845901
vt 0.858741 0.423237
vt 0.858813 0.401526
vt 0.410983 0.280432
vt 0.407259 0.301860
vt 0.399367 0.293744
vt 0.397718 0.280432
vt 0.037930 0.807794
vt 0.277768 0.075685
vt 0.272534 0.085340
vt 0.254915 0.068434
vt 0.268581 0.063470
vt 0.268697 0.091610
vt 0.254915 0.097786
vt 0.326246 0.385228
vt 0.327369 0.388308
vt 0.323652 0.372438
vt 0.327369 0.372042
vt 0.454133 0.279032
vt 0.468297 0.277398
vt 0.473889 0.311915
vt 0.459839 0.305288
vt 0.143136 0.196386
vt 0.142067 0.207800
vt 0.135790 0.209743
vt 0.135790 0.194458
vt 0.250860 0.457750
vt 0.250860 0.443195
vt 0.265013 0.442597
vt 0.261218 0.454306
vt 0.273183 0.231489
vt 0.256131 0.251057
vt 0.235307 0.239470
vt 0.250159 0.210184
vt 0.267197 0.183202
vt 0.274750 0.207246
vt 0.293229 0.293615
vt 0.287492 0.270250
vt 0.303289 0.265900
vt 0.310363 0.285147
vt 0.949513 0.350494
vt 0.949513 0.377460
vt 0.940279 0.378388
vt 0.941043 0.371497
vt 0.396403 0.921169
vt 0.385980 0.919174
vt 0.395058 0.902348
vt 0.406812 0.907230
vt 0.164393 0.309105
vt 0.162842 0.326411
vt 0.154389 0.330204
vt 0.154389 0.307044
vt 0.388308 0.112390
vt 0.388308 0.127547
vt 0.382055 0.121449
vt 0.384414 0.111177
vt 0.887083 0.494876
vt 0.871437 0.500364
vt 0.867792 0.490270
vt 0.879104 0.482292
vt 0.896784 0.471031
vt 0.901095 0.483740
vt 0.401165 0.249424
vt 0.398811 0.248382
vt 0.397234 0.228676
vt 0.409566 0.228676
vt 0.964023 0.195683
vt 0.973543 0.189182
vt 0.980624 0.189305
vt 0.965621 0.204688
vt 0.430542 0.874040
vt 0.430824 0.893184
vt 0.424441 0.893241
vt 0.423825 0.871611
vt 0.001731 0.780832
vt 0.001224 0.767238
vt 0.007086 0.771327
vt 0.001224 0.785120
vt 0.411473 0.895466
vt 0.403793 0.891260
vt 0.414012 0.881180
vt 0.419176 0.873002
vt 0.222983 0.316641
vt 0.229584 0.319779
vt 0.226223 0.334254
vt 0.222983 0.335872
vt 0.035430 0.371302
vt 0.017655 0.355417
vt 0.023371 0.351726
vt 0.032146 0.357469
vt 0.388414 0.856071
vt 0.403910 0.875317
vt 0.394505 0.882506
vt 0.385980 0.863727
vt 0.408911 0.864993
vt 0.418532 0.874290
vt 0.048184 0.413008
vt 0.026081 0.435075
vt 0.026081 0.393143
vt 0.043033 0.396817
vt 0.418980 0.873819
vt 0.739770 0.601284
vt 0.715216 0.602303
vt 0.715216 0.572806
vt 0.716891 0.574178
vt 0.218516 0.245986
vt 0.172988 0.259884
vt 0.160326 0.235123
vt 0.183042 0.229207
vt 0.159561 0.201855
vt 0.199629 0.221256
vt 0.274936 0.268965
vt 0.578139 0.869532
vt 0.573321 0.894365
vt 0.563157 0.896684
vt 0.560612 0.858056
vt 0.234733 0.277564
vt 0.223817 0.267388
vt 0.544198 0.494597
vt 0.525827 0.484537
vt 0.533648 0.462296
vt 0.544198 0.461412
vt 0.419434 0.711470
vt 0.416615 0.728432
vt 0.390484 0.728432
vt 0.402765 0.703628
vt 0.443488 0.694848
vt 0.439435 0.708351
vt 0.455161 0.341681
vt 0.480966 0.376029
vt 0.436414 0.378266
vt 0.441931 0.357964
vt 0.824238 0.413782
vt 0.814220 0.452687
vt 0.804810 0.451555
vt 0.807012 0.403477
vt 0.867792 0.537112
vt 0.874632 0.521401
vt 0.885943 0.517543
vt 0.878402 0.536689
vt 0.575766 0.446287
vt 0.602608 0.525607
vt 0.579995 0.529407
vt 0.549296 0.468734
vt 0.470629 0.413972
vt 0.443768 0.410970
vt 0.051019 0.883392
vt 0.021260 0.945261
vt 0.004586 0.940454
vt 0.002230 0.883392
vt 0.345314 0.553292
vt 0.377364 0.530016
vt 0.399646 0.560922
vt 0.355207 0.572542
vt 0.620712 0.345793
vt 0.637357 0.264393
vt 0.658242 0.258759
vt 0.657653 0.336944
vt 0.161161 0.481477
vt 0.182811 0.464018
vt 0.243547 0.478666
vt 0.248716 0.486094
vt 0.240185 0.501900
vt 0.296416 0.489968
vt 0.397397 0.509228
vt 0.269006 0.569905
vt 0.203674 0.175982
vt 0.160460 0.187886
vt 0.198766 0.119032
vt 0.237920 0.108186
vt 0.243325 0.147610
vt 0.155283 0.151930
vt 0.126246 0.186125
vt 0.136494 0.176771
vt 0.419951 0.437444
vt 0.423862 0.425007
vt 0.441009 0.439561
vt 0.426874 0.460791
vt 0.804810 0.472346
vt 0.809952 0.470292
vt 0.816892 0.482984
vt 0.809064 0.496014
vt 0.960167 0.067856
vt 0.960850 0.093534
vt 0.955455 0.078636
vt 0.960850 0.044340
vt 0.830469 0.454905
vt 0.795189 0.532178
vt 0.792713 0.531771
vt 0.787599 0.514908
vt 0.799237 0.519251
vt 0.046075 0.962283
vt 0.049601 0.975623
vt 0.035878 0.983525
vt 0.035878 0.946435
vt 0.136872 0.275244
vt 0.146702 0.281126
vt 0.407765 0.402967
vt 0.108153 0.169896
vt 0.129267 0.162566
vt 0.466855 0.455281
vt 0.434659 0.482473
vt 0.470006 0.485844
vt 0.444654 0.499223
vt 0.410200 0.499711
vt 0.410196 0.522941
vt 0.160142 0.479008
vt 0.149662 0.478364
vt 0.154306 0.468907
vt 0.160142 0.465122
vt 0.107533 0.156368
vt 0.129862 0.148717
vt 0.891945 0.717806
vt 0.894040 0.708159
vt 0.914551 0.742991
vt 0.901415 0.746032
vt 0.696223 0.754215
vt 0.710761 0.755857
vt 0.711426 0.765279
vt 0.699633 0.765009
vt 0.699436 0.725581
vt 0.711426 0.730870
vt 0.918335 0.772365
vt 0.903423 0.770760
vt 0.970770 0.683681
vt 0.970770 0.731266
vt 0.964253 0.724417
vt 0.957732 0.687042
vt 0.887780 0.772365
vt 0.890545 0.744303
vt 0.156644 0.131606
vt 0.935787 0.431455
vt 0.935420 0.385755
vt 0.952347 0.384750
vt 0.952347 0.437910
vt 0.977856 0.317293
vt 0.977856 0.354296
vt 0.969053 0.348690
vt 0.968480 0.330040
vt 0.962935 0.477816
vt 0.966527 0.458212
vt 0.973605 0.461289
vt 0.973605 0.497431
vt 0.410983 0.125981
vt 0.403006 0.105285
vt 0.405075 0.097463
vt 0.410983 0.102848
vt 0.096870 0.004665
vt 0.104872 0.004236
vt 0.104872 0.018712
vt 0.090556 0.021269
vt 0.011100 0.210563
vt 0.023123 0.177842
vt 0.032595 0.210115
vt 0.024976 0.222019
vt 0.109123 0.084174
vt 0.109123 0.103742
vt 0.101293 0.110540
vt 0.097957 0.096307
vt 0.320884 0.109158
vt 0.334455 0.116518
vt 0.331946 0.135258
vt 0.320884 0.143136
vt 0.928862 0.932898
vt 0.932507 0.966859
vt 0.917321 0.976439
vt 0.917321 0.939235
vt 0.113716 0.464802
vt 0.122673 0.464802
vt 0.123295 0.475845
vt 0.113152 0.477591
vt 0.809240 0.728804
vt 0.820549 0.730544
vt 0.819547 0.742088
vt 0.803564 0.742194
vt 0.280349 0.439841
vt 0.282760 0.406991
vt 0.307590 0.421019
vt 0.307026 0.436324
vt 0.941685 0.107872
vt 0.959433 0.129506
vt 0.949831 0.161559
vt 0.941685 0.155630
vt 0.103084 0.036529
vt 0.093943 0.039681
vt 0.930861 0.163197
vt 0.928970 0.144635
vt 0.936077 0.142135
vt 0.939592 0.164045
vt 0.925658 0.130263
vt 0.935482 0.117412
vt 0.237105 0.410983
vt 0.237105 0.392076
vt 0.249424 0.392667
vt 0.248113 0.404615
vt 0.782470 0.448595
vt 0.778351 0.456412
vt 0.770194 0.448558
vt 0.777366 0.435457
vt 0.820549 0.758193
vt 0.807092 0.753867
vt 0.778047 0.467670
vt 0.764661 0.458648
vt 0.219450 0.049122
vt 0.221849 0.025418
vt 0.238758 0.022079
vt 0.245557 0.042537
vt 0.827160 0.794615
vt 0.847476 0.782817
vt 0.844669 0.815485
vt 0.832722 0.817715
vt 0.250686 0.053921
vt 0.221357 0.068758
vt 0.320360 0.373936
vt 0.325952 0.392602
vt 0.226419 0.001980
vt 0.244730 0.001213
vt 0.761387 0.371302
vt 0.762533 0.346434
vt 0.775199 0.344269
vt 0.775199 0.366624
vt 0.257927 0.133215
vt 0.244285 0.127708
vt 0.241788 0.107563
vt 0.257927 0.115053
vt 0.755802 0.451833
vt 0.759573 0.441083
vt 0.267624 0.386541
vt 0.202569 0.391041
vt 0.216571 0.360461
vt 0.273973 0.353247
vt 0.305295 0.348290
vt 0.313197 0.373804
vt 0.221039 0.440744
vt 0.224120 0.414902
vt 0.296695 0.955181
vt 0.299247 0.932956
vt 0.320886 0.937319
vt 0.318078 0.954105
vt 0.270828 0.052543
vt 0.238412 0.077755
vt 0.821484 0.776643
vt 0.833729 0.730201
vt 0.847476 0.734920
vt 0.839586 0.768383
vt 0.194623 0.104677
vt 0.954311 0.391143
vt 0.955228 0.375312
vt 0.973605 0.380581
vt 0.964778 0.389589
vt 0.002195 0.206909
vt 0.002195 0.183365
vt 0.012755 0.180620
vt 0.010456 0.200607
vt 0.342958 0.929360
vt 0.339592 0.944937
vt 0.302290 0.900327
vt 0.325331 0.905781
vt 0.342958 0.896845
vt 0.250875 0.077307
vt 0.517147 0.859386
vt 0.528503 0.854117
vt 0.545269 0.889586
vt 0.515967 0.892825
vt 0.542808 0.840077
vt 0.559787 0.892825
vt 0.526929 0.841179
vt 0.523091 0.821433
vt 0.280423 0.329371
vt 0.224971 0.338826
vt 0.044991 0.460047
vt 0.087913 0.460945
vt 0.038841 0.486094
vt 0.012074 0.480554
vt 0.263954 0.038664
vt 0.993445 0.817360
vt 0.985817 0.837617
vt 0.965501 0.837846
vt 0.959665 0.819947
vt 0.367764 0.803259
vt 0.370783 0.771437
vt 0.389195 0.764762
vt 0.392560 0.804960
vt 0.984942 0.449002
vt 0.971209 0.450664
vt 0.966863 0.438944
vt 0.970130 0.425676
vt 0.971008 0.256715
vt 0.972188 0.269265
vt 0.955734 0.261613
vt 0.959371 0.252927
vt 0.638752 0.939254
vt 0.641751 0.905519
vt 0.646236 0.905941
vt 0.642496 0.945261
vt 0.236135 0.444504
vt 0.248007 0.447008
vt 0.248007 0.460585
vt 0.239825 0.459115
vt 0.257524 0.465555
vt 0.256035 0.475915
vt 0.243954 0.462798
vt 0.891927 0.675434
vt 0.902013 0.650866
vt 0.909832 0.669534
vt 0.909832 0.714260
vt 0.065163 0.354271
vt 0.109101 0.358398
vt 0.112733 0.395394
vt 0.051642 0.361012
vt 0.002224 0.341603
vt 0.002692 0.329371
vt 0.045360 0.342077
vt 0.050370 0.335397
vt 0.071543 0.336680
vt 0.077922 0.331095
vt 0.122087 0.347723
vt 0.351896 0.778016
vt 0.364531 0.728669
vt 0.376871 0.726074
vt 0.636272 0.904817
vt 0.636204 0.896312
vt 0.640480 0.893683
vt 0.967564 0.224150
vt 0.972188 0.222899
vt 0.978424 0.530942
vt 0.982108 0.562367
vt 0.969566 0.569708
vt 0.969566 0.533045
vt 0.032795 0.089283
vt 0.032795 0.079360
vt 0.035430 0.080722
vt 0.033526 0.080275
vt 0.135464 0.133590
vt 0.136050 0.130500
vt 0.136050 0.138884
vt 0.133257 0.136583
vt 0.178565 0.011535
vt 0.176029 0.015589
vt 0.177397 0.013263
vt 0.176029 0.009647
vt 0.644598 0.892609
vt 0.626395 0.441305
vt 0.624281 0.519612
vt 0.387236 0.668787
vt 0.447613 0.681517
vt 0.151639 0.341541
vt 0.144765 0.340339
vt 0.143919 0.332821
vt 0.151639 0.321963
vt 0.959645 0.911556
vt 0.963685 0.927114
vt 0.935488 0.944455
vt 0.937510 0.919136
vt 0.230640 0.572542
vt 0.219903 0.524698
vt 0.315357 0.414487
vt 0.320283 0.411303
vt 0.320283 0.432241
vt 0.313435 0.425952
vt 0.194618 0.881488
vt 0.199067 0.872869
vt 0.206566 0.870864
vt 0.201264 0.881321
vt 0.530290 0.238483
vt 0.546047 0.201974
vt 0.558171 0.214368
vt 0.550017 0.238301
vt 0.546917 0.252658
vt 0.534994 0.256222
vt 0.551262 0.262734
vt 0.541255 0.262212
vt 0.171261 0.887990
vt 0.161776 0.895489
vt 0.146001 0.877873
vt 0.173368 0.861987
vt 0.564039 0.235714
vt 0.561396 0.255251
vt 0.181044 0.878865
vt 0.183649 0.906589
vt 0.177640 0.906661
vt 0.192737 0.857908
vt 0.935897 0.965102
vt 0.963685 0.952735
vt 0.544574 0.264287
vt 0.549842 0.268044
vt 0.561200 0.263469
vt 0.556507 0.272329
vt 0.556540 0.267406
vt 0.561267 0.268014
vt 0.564039 0.277768
vt 0.104978 0.471380
vt 0.098570 0.479008
vt 0.098570 0.465152
vt 0.110540 0.465322
vt 0.206635 0.806143
vt 0.216728 0.815222
vt 0.209026 0.841440
vt 0.194618 0.844871
vt 0.192737 0.924003
vt 0.187443 0.915591
vt 0.187868 0.910537
vt 0.182670 0.913177
vt 0.222498 0.860629
vt 0.216059 0.836630
vt 0.419652 0.268357
vt 0.437096 0.263026
vt 0.437910 0.286891
vt 0.417813 0.287217
vt 0.001551 0.143135
vt 0.001551 0.138451
vt 0.002834 0.139102
vt 0.001782 0.142717
vt 0.211160 0.001099
vt 0.211160 0.036847
vt 0.207302 0.032815
vt 0.203633 0.005233
vt 0.342958 0.730974
vt 0.342958 0.761027
vt 0.327139 0.751633
vt 0.322461 0.730790
vt 0.430824 0.986359
vt 0.412689 0.984757
vt 0.405181 0.940147
vt 0.430824 0.944953
vt 0.284174 0.141495
vt 0.267279 0.128957
vt 0.646236 0.889998
vt 0.642819 0.890328
vt 0.197013 0.447320
vt 0.097543 0.433324
vt 0.073062 0.391468
vt 0.142537 0.404646
vt 0.140048 0.435937
vt 0.063718 0.406151
vt 0.031861 0.382898
vt 0.020048 0.373936
vt 0.022008 0.258779
vt 0.032595 0.328786
vt 0.005153 0.325609
vt 0.001141 0.256645
vt 0.559037 0.363870
vt 0.554644 0.292478
vt 0.578211 0.288370
vt 0.578211 0.362115
vt 0.577719 0.409645
vt 0.566987 0.411828
vt 0.666833 0.218203
vt 0.677414 0.261382
vt 0.653705 0.223257
vt 0.036847 0.074288
vt 0.024268 0.080779
vt 0.024268 0.049316
vt 0.033397 0.037171
vt 0.567368 0.449061
vt 0.557435 0.453499
vt 0.677414 0.340768
vt 0.837413 0.487469
vt 0.864482 0.488596
vt 0.864482 0.568290
vt 0.839054 0.544362
vt 0.608131 0.581045
vt 0.626395 0.570119
vt 0.131142 0.601662
vt 0.137467 0.623561
vt 0.059390 0.621269
vt 0.061408 0.592698
vt 0.386536 0.731857
vt 0.001140 0.478401
vt 0.037305 0.438238
vt 0.954311 0.342929
vt 0.964293 0.342176
vt 0.253513 0.021975
vt 0.252431 0.016090
vt 0.768745 0.423421
vt 0.315557 0.146430
vt 0.316032 0.168645
vt 0.306380 0.165888
vt 0.306508 0.145185
vt 0.305582 0.125955
vt 0.316032 0.125146
vt 0.917750 0.399622
vt 0.921265 0.381946
vt 0.755802 0.374830
vt 0.791927 0.364996
vt 0.788379 0.388388
vt 0.776245 0.401536
vt 0.384400 0.707142
vt 0.392560 0.717273
vt 0.792345 0.418194
vt 0.793623 0.395174
vt 0.653126 0.421687
vt 0.631286 0.448358
vt 0.622116 0.414491
vt 0.663242 0.375181
vt 0.022573 0.601658
vt 0.001317 0.623561
vt 0.515354 0.453632
vt 0.522941 0.420047
vt 0.802126 0.471043
vt 0.776197 0.481871
vt 0.785374 0.453592
vt 0.797043 0.449226
vt 0.399233 0.390201
vt 0.493621 0.312510
vt 0.481874 0.277636
vt 0.485387 0.687403
vt 0.483305 0.694222
vt 0.477510 0.707702
vt 0.906165 0.534130
vt 0.899133 0.512153
vt 0.979961 0.188141
vt 0.980691 0.188717
vt 0.233835 0.391310
vt 0.233835 0.409935
vt 0.217560 0.412400
vt 0.220651 0.393590
vt 0.309174 0.433128
vt 0.320283 0.435044
vt 0.317269 0.446542
vt 0.309174 0.452081
vt 0.227533 0.295790
vt 0.244121 0.302832
vt 0.245530 0.317328
vt 0.222255 0.313200
vt 0.906746 0.466973
vt 0.911249 0.481146
vt 0.256824 0.321073
vt 0.257137 0.306603
vt 0.286772 0.234713
vt 0.579628 0.910190
vt 0.560612 0.918335
vt 0.080779 0.469866
vt 0.080779 0.481098
vt 0.070736 0.481842
vt 0.071387 0.472183
vt 0.299026 0.475045
vt 0.296198 0.483016
vt 0.288594 0.488928
vt 0.288594 0.477131
vt 0.126129 0.270911
vt 0.126129 0.293357
vt 0.118329 0.289840
vt 0.115374 0.279155
vt 0.939592 0.174314
vt 0.925276 0.168563
vt 0.291948 0.395394
vt 0.291948 0.383561
vt 0.303277 0.381453
vt 0.299968 0.389298
vt 0.393977 0.059538
vt 0.393977 0.082197
vt 0.386167 0.079268
vt 0.382622 0.068436
vt 0.264595 0.465197
vt 0.265013 0.457673
vt 0.989321 0.850004
vt 0.993445 0.855979
vt 0.074586 0.053853
vt 0.074586 0.044175
vt 0.075111 0.053186
vt 0.021258 0.070767
vt 0.021258 0.075111
vt 0.020927 0.074764
vt 0.433926 0.722130
vt 0.399233 0.503500
vt 0.401068 0.499583
vt 0.404944 0.475493
vt 0.407978 0.466783
vt 0.405475 0.451065
vt 0.060939 0.409268
vt 0.060939 0.430824
vt 0.041242 0.422679
vt 0.392016 0.002247
vt 0.401063 0.024092
vt 0.391833 0.024092
vt 0.416919 0.376971
vt 0.422068 0.361579
vt 0.430694 0.355779
vt 0.432241 0.376971
vt 0.395560 0.120512
vt 0.402602 0.138884
vt 0.663242 0.452974
vt 0.646065 0.494076
vt 0.631455 0.496014
vt 0.046767 0.220160
vt 0.035646 0.239504
vt 0.035646 0.204531
vt 0.978871 0.414159
vt 0.984942 0.421119
vt 0.351668 0.779964
vt 0.416729 0.197514
vt 0.420903 0.201797
vt 0.416729 0.212578
vt 0.417813 0.303277
vt 0.207155 0.276351
vt 0.207155 0.252096
vt 0.216829 0.260799
vt 0.216194 0.268795
vt 0.310363 0.119289
vt 0.280751 0.127034
vt 0.282771 0.976439
vt 0.282771 0.931883
vt 0.287975 0.950224
vt 0.287540 0.974829
vt 0.642813 0.954673
vt 0.678831 0.942165
vt 0.673595 0.959248
vt 0.642898 0.979485
vt 0.976439 0.508192
vt 0.972039 0.526227
vt 0.968086 0.531444
vt 0.968086 0.492377
vt 0.001994 0.484835
vt 0.005152 0.483461
vt 0.009920 0.504117
vt 0.001994 0.517272
vt 0.296191 0.935037
vt 0.170009 0.543928
vt 0.182817 0.536565
vt 0.182817 0.569708
vt 0.678831 0.987777
vt 0.668452 0.985106
vt 0.498582 0.706558
vt 0.498788 0.696302
vt 0.500266 0.689449
vt 0.001602 0.755203
vt 0.014172 0.028344
vt 0.013346 0.015337
vt 0.014172 0.001263
vt 0.980691 0.226749
vt 0.140466 0.867316
vt 0.117230 0.840692
vt 0.137650 0.831637
vt 0.211369 0.323118
vt 0.212533 0.287245
vt 0.017655 0.369119
vt 0.392281 0.251773
vt 0.395394 0.232950
vt 0.395394 0.253676
vt 0.126141 0.298186
vt 0.138370 0.289370
vt 0.073694 0.420545
vt 0.066039 0.417149
vt 0.063695 0.412303
vt 0.065853 0.409749
vt 0.118189 0.807044
vt 0.115954 0.827390
vt 0.802126 0.544198
vt 0.072806 0.430824
vt 0.063695 0.429626
vt 0.120726 0.811587
vt 0.117939 0.799533
vt 0.122313 0.795937
vt 0.115954 0.787950
vt 0.135307 0.789728
vt 0.150221 0.810791
vt 0.164393 0.007086
vt 0.163099 0.005383
vt 0.162728 0.004038
vt 0.164393 0.004122
vt 0.020751 0.113375
vt 0.020751 0.110161
vt 0.022675 0.109972
vt 0.022611 0.110899
vt 0.126363 0.075418
vt 0.127280 0.076644
vt 0.127546 0.077816
vt 0.126363 0.077945
vt 0.164393 0.001179
vt 0.162413 0.001678
vt 0.161102 0.003876
vt 0.160054 0.002273
vt 0.061526 0.014784
vt 0.061765 0.014580
vt 0.062356 0.015727
vt 0.061526 0.017006
vt 0.006201 0.007668
vt 0.006684 0.006792
vt 0.007276 0.006943
vt 0.006365 0.007871
vt 0.005745 0.008503
vt 0.005997 0.008203
vt 0.006234 0.007479
vt 0.006254 0.006732
vt 0.006199 0.006375
vt 0.007357 0.005806
vt 0.007701 0.004775
vt 0.008950 0.005237
vt 0.008113 0.006090
vt 0.006056 0.004769
vt 0.005957 0.003661
vt 0.007850 0.003772
vt 0.008146 0.002876
vt 0.010382 0.003777
vt 0.009735 0.004437
vt 0.005854 0.002499
vt 0.005745 0.001284
vt 0.008483 0.002027
vt 0.011338 0.002803
vt 0.006175 0.007560
vt 0.255093 0.392449
vt 0.255093 0.407703
vt 0.250240 0.408149
vt 0.251037 0.394766
vt 0.123295 0.075856
vt 0.123295 0.080498
vt 0.121225 0.078215
vt 0.121214 0.078480
vt 0.065358 0.371188
vt 0.068559 0.373109
vt 0.069442 0.386891
vt 0.065358 0.386604
vt 0.121839 0.082197
vt 0.680430 0.081582
vt 0.683865 0.063256
vt 0.692331 0.063606
vt 0.692853 0.082367
vt 0.342958 0.894243
vt 0.330329 0.891851
vt 0.332897 0.877242
vt 0.342958 0.877535
vt 0.432802 0.983525
vt 0.433267 0.959720
vt 0.438050 0.957415
vt 0.443309 0.975034
vt 0.700088 0.099076
vt 0.696117 0.099203
vt 0.432802 0.947933
vt 0.434358 0.944693
vt 0.287688 0.449036
vt 0.287688 0.461288
vt 0.285530 0.462002
vt 0.284166 0.450555
vt 0.440995 0.955319
vt 0.450664 0.968819
vt 0.100777 0.813354
vt 0.103356 0.795081
vt 0.113375 0.794444
vt 0.110120 0.813463
vt 0.850310 0.886726
vt 0.844516 0.902746
vt 0.839726 0.901855
vt 0.842488 0.885306
vt 0.879448 0.395394
vt 0.872409 0.393413
vt 0.872612 0.375883
vt 0.880071 0.376297
vt 0.872409 0.349871
vt 0.878359 0.350062
vt 0.845901 0.868313
vt 0.833630 0.883199
vt 0.836348 0.865195
vt 0.843467 0.840051
vt 0.850310 0.843124
vt 0.693723 0.036225
vt 0.696675 0.007430
vt 0.699462 0.010973
vt 0.700088 0.036377
vt 0.687707 0.036142
vt 0.690782 0.007674
vt 0.341335 0.829954
vt 0.342070 0.854020
vt 0.333349 0.853670
vt 0.338473 0.826971
vt 0.110756 0.737341
vt 0.111362 0.768056
vt 0.104842 0.769163
vt 0.105598 0.743042
vt 0.100777 0.725091
vt 0.836316 0.901972
vt 0.409992 0.131619
vt 0.413817 0.132943
vt 0.412307 0.145970
vt 0.409992 0.142320
vt 0.116209 0.145674
vt 0.116209 0.149764
vt 0.112520 0.150221
vt 0.114938 0.146173
vt 0.874815 0.324130
vt 0.873323 0.325076
vt 0.005693 0.461592
vt 0.007176 0.460068
vt 0.009471 0.462683
vt 0.007025 0.464250
vt 0.003619 0.460924
vt 0.005006 0.457612
vt 0.003885 0.464346
vt 0.001081 0.460248
vt 0.001402 0.456051
vt 0.001704 0.453103
vt 0.005091 0.453982
vt 0.007673 0.457324
vt 0.009383 0.459266
vt 0.011337 0.461487
vt 0.182399 0.003138
vt 0.181286 0.004252
vt 0.181286 0.001022
vt 0.184234 0.001565
vt 0.001081 0.464045
vt 0.004813 0.467247
vt 0.001273 0.467670
vt 0.037053 0.002474
vt 0.039384 0.001434
vt 0.039681 0.005270
vt 0.037053 0.008503
vt 0.232418 0.456333
vt 0.231474 0.455861
vt 0.231853 0.451770
vt 0.232380 0.451762
vt 0.227570 0.453908
vt 0.227236 0.452017
vt 0.228324 0.452063
vt 0.228232 0.454239
vt 0.232418 0.442731
vt 0.232392 0.447322
vt 0.231706 0.447661
vt 0.230862 0.444123
vt 0.226397 0.448117
vt 0.227127 0.447464
vt 0.227927 0.449628
vt 0.226810 0.450034
vt 0.228058 0.446632
vt 0.229023 0.449086
vt 0.229635 0.451943
vt 0.230016 0.448420
vt 0.230224 0.451873
vt 0.229958 0.455102
vt 0.229188 0.454717
vt 0.231138 0.451784
vt 0.230727 0.455487
vt 0.230887 0.447999
vt 0.229898 0.444986
vt 0.229005 0.445785
vt 0.005503 0.172819
vt 0.004906 0.174195
vt 0.002320 0.172748
vt 0.004226 0.170914
vt 0.006477 0.170563
vt 0.007086 0.172869
vt 0.007086 0.174458
vt 0.063773 0.338904
vt 0.063550 0.345760
vt 0.061306 0.345793
vt 0.060462 0.336195
vt 0.060519 0.329462
vt 0.063773 0.327866
vt 0.110540 0.137115
vt 0.110540 0.143136
vt 0.109718 0.140624
vt 0.057206 0.322818
vt 0.056125 0.328581
vt 0.057070 0.324934
vt 0.053347 0.333513
vt 0.021258 0.432983
vt 0.020157 0.436492
vt 0.020910 0.431013
vt 0.020809 0.430216
vt 0.020157 0.426506
vt 0.021031 0.424167
vt 0.053163 0.021258
vt 0.052984 0.013176
vt 0.056687 0.012929
vt 0.056687 0.020565
vt 0.053641 0.006313
vt 0.056156 0.007074
vt 0.006517 0.178565
vt 0.003695 0.177874
vt 0.004194 0.175542
vt 0.007086 0.175957
vt 0.053999 0.003619
vt 0.051000 0.005485
vt 0.051160 0.002262
vt 0.000912 0.174446
vt 0.049049 0.014073
vt 0.181399 0.127546
vt 0.179830 0.127035
vt 0.181221 0.122562
vt 0.181399 0.122282
vt 0.138664 0.058105
vt 0.138884 0.058086
vt 0.138562 0.054659
vt 0.138884 0.054083
vt 0.091485 0.048184
vt 0.091485 0.044084
vt 0.094097 0.041620
vt 0.094951 0.045804
vt 0.197335 0.094951
vt 0.197335 0.090262
vt 0.199823 0.091747
vt 0.199649 0.094301
vt 0.119043 0.085031
vt 0.117019 0.084074
vt 0.119043 0.078359
vt 0.109123 0.174546
vt 0.109123 0.179982
vt 0.108511 0.176423
vt 0.140309 0.111923
vt 0.141407 0.111923
vt 0.140606 0.113277
vt 0.142107 0.113079
vt 0.140870 0.114482
vt 0.142352 0.111923
vt 0.142640 0.114233
vt 0.141572 0.115504
vt 0.143415 0.114968
vt 0.142507 0.116209
vt 0.143205 0.113023
vt 0.144093 0.113478
vt 0.143419 0.111923
vt 0.144553 0.111923
vt 0.107967 0.154473
vt 0.107974 0.151531
vt 0.108530 0.151520
vt 0.109123 0.148406
vt 0.107981 0.148483
vt 0.108597 0.148320
vt 0.107967 0.145764
vt 0.108548 0.145366
vt 0.104872 0.042495
vt 0.104152 0.042515
vt 0.104833 0.039896
vt 0.104152 0.039813
vt 0.065427 0.025736
vt 0.064782 0.025531
vt 0.065537 0.022788
vt 0.066697 0.023101
vt 0.066130 0.020346
vt 0.068025 0.020346
vt 0.063681 0.025308
vt 0.064004 0.022715
vt 0.064234 0.020346
vt 0.062342 0.022573
vt 0.062274 0.020346
vt 0.062420 0.025124
vt 0.063953 0.028407
vt 0.063609 0.028349
vt 0.108567 0.145536
vt 0.108235 0.145628
vt 0.064228 0.028521
vt 0.063740 0.031178
vt 0.132398 0.199783
vt 0.133215 0.201201
vt 0.130416 0.201240
vt 0.132691 0.197359
vt 0.895269 0.460667
vt 0.899741 0.459265
vt 0.898295 0.463419
vt 0.897065 0.460593
vt 0.893312 0.456310
vt 0.901863 0.455225
vt 0.913006 0.446908
vt 0.914036 0.452358
vt 0.445601 0.291111
vt 0.440354 0.304067
vt 0.431367 0.307529
vt 0.432687 0.295336
vt 0.044456 0.006237
vt 0.046767 0.008503
vt 0.042836 0.005484
vt 0.046767 0.001561
vt 0.907869 0.423833
vt 0.909270 0.418582
vt 0.915528 0.412832
vt 0.917446 0.420218
vt 0.898021 0.424166
vt 0.899627 0.428290
vt 0.888897 0.432243
vt 0.888100 0.420223
vt 0.890567 0.402829
vt 0.902051 0.416835
vt 0.901827 0.407246
vt 0.911822 0.405012
vt 0.885780 0.452609
vt 0.890656 0.446222
vt 0.899633 0.454091
vt 0.888758 0.457888
vt 0.882658 0.456615
vt 0.893959 0.440528
vt 0.902336 0.448988
vt 0.901019 0.435391
vt 0.907171 0.442773
vt 0.909915 0.429348
vt 0.913575 0.434571
vt 0.918335 0.426391
vt 0.916854 0.430527
vt 0.894048 0.462544
vt 0.008477 0.011255
vt 0.009920 0.009632
vt 0.009647 0.014178
vt 0.009028 0.015808
vt 0.009920 0.016836
vt 0.008976 0.017006
vt 0.354825 0.433087
vt 0.354825 0.417316
vt 0.359965 0.420445
vt 0.358110 0.433658
vt 0.133215 0.197518
vt 0.909970 0.424038
vt 0.446413 0.307529
vt 0.444659 0.286814
vt 0.942122 0.483194
vt 0.942427 0.494473
vt 0.940164 0.499061
vt 0.940045 0.480876
vt 0.886783 0.436725
vt 0.935819 0.518689
vt 0.935819 0.462959
vt 0.903842 0.424575
vt 0.886532 0.417648
vt 0.882658 0.398359
vt 0.036847 0.051019
vt 0.036708 0.046764
vt 0.036847 0.046689
vt 0.039294 0.073472
vt 0.039681 0.077806
vt 0.039294 0.077945
vt 0.039428 0.073458
vt 0.030811 0.032557
vt 0.031178 0.032342
vt 0.031178 0.036536
vt 0.030886 0.036847
vt 0.111789 0.006281
vt 0.112000 0.005890
vt 0.112507 0.009901
vt 0.111324 0.011337
vt 0.112668 0.005581
vt 0.113186 0.009076
vt 0.113249 0.005485
vt 0.113706 0.008444
vt 0.113929 0.005426
vt 0.114287 0.007738
vt 0.114756 0.005179
vt 0.114792 0.007125
vt 0.113871 0.002424
vt 0.114714 0.002919
vt 0.113030 0.001929
vt 0.112171 0.001425
vt 0.111324 0.000927
vt 0.040131 0.197788
vt 0.042515 0.197148
vt 0.041827 0.198888
vt 0.040803 0.199411
vt 0.042034 0.200049
vt 0.041293 0.200596
vt 0.042251 0.199900
vt 0.041559 0.201240
vt 0.039871 0.197148
vt 0.093534 0.002105
vt 0.093534 0.005067
vt 0.092812 0.005669
vt 0.092694 0.004373
vt 0.022813 0.100636
vt 0.023519 0.100845
vt 0.023410 0.102186
vt 0.022826 0.102098
vt 0.022813 0.102740
vt 0.023206 0.103059
vt 0.133051 0.143136
vt 0.133165 0.142745
vt 0.133051 0.141268
vt 0.133215 0.141518
vt 0.109885 0.022157
vt 0.110216 0.020935
vt 0.110522 0.021253
vt 0.110118 0.022341
vt 0.110540 0.021525
vt 0.110540 0.022675
vt 0.025326 0.101698
vt 0.025474 0.102989
vt 0.024922 0.102811
vt 0.025341 0.101383
vt 0.024454 0.102581
vt 0.024676 0.101187
vt 0.023983 0.102353
vt 0.024113 0.101020
vt 0.023637 0.103410
vt 0.024053 0.103749
vt 0.024468 0.104086
vt 0.024908 0.104444
vt 0.025509 0.103307
vt 0.025434 0.104872
vt 0.065146 0.034620
vt 0.065190 0.035292
vt 0.065078 0.035430
vt 0.065078 0.034275
vt 0.115165 0.115761
vt 0.115486 0.114320
vt 0.116175 0.114908
vt 0.115110 0.117626
vt 0.115110 0.113049
vt 0.116209 0.114306
vt 0.179982 0.018695
vt 0.179260 0.018682
vt 0.178908 0.017554
vt 0.178908 0.019841
vt 0.178814 0.019621
vt 0.179127 0.019018
vt 0.178814 0.016018
vt 0.179200 0.016486
vt 0.160239 0.142943
vt 0.159363 0.143077
vt 0.159731 0.142286
vt 0.160233 0.142156
vt 0.160840 0.141993
vt 0.160954 0.143180
vt 0.161559 0.141795
vt 0.161559 0.143196
vt 0.161559 0.144553
vt 0.160802 0.144157
vt 0.055270 0.023176
vt 0.055270 0.024092
vt 0.054990 0.023973
vt 0.027537 0.011797
vt 0.028344 0.013236
vt 0.027256 0.014172
vt 0.027256 0.011987
vt 0.049427 0.002356
vt 0.049601 0.002273
vt 0.049010 0.002834
vt 0.049010 0.001572
vt 0.111957 0.099203
vt 0.111911 0.097578
vt 0.111957 0.096695
vt 0.169513 0.400994
vt 0.169439 0.399392
vt 0.170675 0.399440
vt 0.170595 0.401005
vt 0.131117 0.191151
vt 0.132127 0.190770
vt 0.133215 0.192312
vt 0.131117 0.195571
vt 0.080779 0.052436
vt 0.079215 0.052131
vt 0.079381 0.050339
vt 0.080779 0.050374
vt 0.079586 0.048490
vt 0.080779 0.048428
vt 0.172364 0.401535
vt 0.172511 0.399520
vt 0.174306 0.399820
vt 0.174106 0.402234
vt 0.176095 0.400170
vt 0.175876 0.402909
vt 0.172532 0.397265
vt 0.174394 0.397274
vt 0.176229 0.397368
vt 0.178027 0.397669
vt 0.177874 0.400535
vt 0.174392 0.395096
vt 0.176255 0.395096
vt 0.178116 0.395096
vt 0.179982 0.395096
vt 0.179820 0.397928
vt 0.179654 0.400821
vt 0.179487 0.403735
vt 0.177682 0.403391
vt 0.179315 0.406732
vt 0.177543 0.405292
vt 0.175783 0.403863
vt 0.080779 0.046342
vt 0.079787 0.046628
vt 0.172524 0.395096
vt 0.170666 0.397275
vt 0.170655 0.395096
vt 0.168945 0.397383
vt 0.168766 0.395096
vt 0.098107 0.043933
vt 0.099663 0.042253
vt 0.102037 0.043933
vt 0.100896 0.040681
vt 0.102004 0.039518
vt 0.327527 0.481375
vt 0.330815 0.481265
vt 0.330785 0.486019
vt 0.327318 0.484609
vt 0.325668 0.477350
vt 0.330102 0.476332
vt 0.194718 0.113827
vt 0.195571 0.115935
vt 0.193063 0.117626
vt 0.193063 0.114055
vt 0.334455 0.475332
vt 0.334455 0.481388
vt 0.334455 0.487511
vt 0.191320 0.109123
vt 0.189551 0.105306
vt 0.191320 0.103891
vt 0.005075 0.136863
vt 0.005669 0.137783
vt 0.005075 0.138884
vt 0.005231 0.136944
vt 0.089283 0.034012
vt 0.089053 0.034008
vt 0.088274 0.033985
vt 0.089283 0.032548
vt 0.035430 0.086448
vt 0.034828 0.085683
vt 0.035430 0.084413
vt 0.662482 0.683082
vt 0.645664 0.678414
vt 0.644565 0.640910
vt 0.665016 0.656474
vt 0.838889 0.958511
vt 0.838889 0.933271
vt 0.850122 0.933864
vt 0.849896 0.959433
vt 0.827236 0.466702
vt 0.836138 0.471321
vt 0.833593 0.486027
vt 0.821698 0.483415
vt 0.500008 0.377980
vt 0.505934 0.385164
vt 0.505708 0.410983
vt 0.488559 0.385661
vt 0.856673 0.913816
vt 0.851502 0.904435
vt 0.869989 0.909986
vt 0.870151 0.941063
vt 0.726911 0.680822
vt 0.716153 0.698222
vt 0.703187 0.690816
vt 0.718775 0.664139
vt 0.483775 0.410983
vt 0.477697 0.394332
vt 0.864810 0.957410
vt 0.819316 0.153057
vt 0.825000 0.166838
vt 0.804849 0.171179
vt 0.804091 0.153057
vt 0.657766 0.121236
vt 0.669342 0.113281
vt 0.683082 0.118469
vt 0.668050 0.140301
vt 0.908453 0.014530
vt 0.917969 0.040992
vt 0.889965 0.048077
vt 0.891289 0.010462
vt 0.695651 0.111570
vt 0.713281 0.106788
vt 0.717095 0.134009
vt 0.695984 0.136603
vt 0.186698 0.529208
vt 0.215412 0.517115
vt 0.215412 0.549867
vt 0.185078 0.549568
vt 0.649480 0.703521
vt 0.661576 0.688917
vt 0.690022 0.717009
vt 0.658631 0.728720
vt 0.629450 0.734101
vt 0.622390 0.709448
vt 0.844641 0.157675
vt 0.844362 0.195682
vt 0.828333 0.194621
vt 0.809900 0.195453
vt 0.825831 0.217545
vt 0.838765 0.231628
vt 0.814869 0.237067
vt 0.811197 0.222894
vt 0.834885 0.243690
vt 0.818619 0.243756
vt 0.703555 0.223903
vt 0.707720 0.209659
vt 0.717095 0.210264
vt 0.716718 0.223915
vt 0.669671 0.211960
vt 0.678380 0.196761
vt 0.817767 0.546071
vt 0.806989 0.532804
vt 0.829733 0.530046
vt 0.833017 0.542176
vt 0.658591 0.018682
vt 0.672011 0.023573
vt 0.662502 0.039132
vt 0.650685 0.033256
vt 0.517855 0.673259
vt 0.501105 0.674579
vt 0.496599 0.662668
vt 0.520106 0.661804
vt 0.161559 0.208720
vt 0.157471 0.219598
vt 0.148576 0.225332
vt 0.148576 0.199444
vt 0.488012 0.617695
vt 0.503329 0.632105
vt 0.487942 0.637253
vt 0.482906 0.618223
vt 0.011358 0.595233
vt 0.001303 0.600129
vt 0.001303 0.578650
vt 0.014172 0.576447
vt 0.013583 0.599803
vt 0.005951 0.609389
vt 0.316032 0.957456
vt 0.316032 0.993445
vt 0.303256 0.992481
vt 0.307434 0.957020
vt 0.588718 0.677051
vt 0.563547 0.683082
vt 0.561148 0.664152
vt 0.583787 0.650624
vt 0.810715 0.506178
vt 0.829114 0.509087
vt 0.610951 0.647507
vt 0.618793 0.674056
vt 0.458308 0.654252
vt 0.470713 0.658400
vt 0.469055 0.672551
vt 0.444730 0.667671
vt 0.464298 0.632202
vt 0.474471 0.630837
vt 0.442340 0.649880
vt 0.374451 0.825212
vt 0.367283 0.812315
vt 0.384393 0.807247
vt 0.385644 0.825315
vt 0.598228 0.602629
vt 0.635001 0.598392
vt 0.572413 0.623717
vt 0.536563 0.388195
vt 0.538090 0.420758
vt 0.527710 0.417695
vt 0.520310 0.392936
vt 0.510739 0.379576
vt 0.518581 0.371747
vt 0.558370 0.391147
vt 0.552220 0.428298
vt 0.547214 0.647164
vt 0.290396 0.962689
vt 0.289973 0.986036
vt 0.522645 0.415154
vt 0.512254 0.391126
vt 0.467345 0.624269
vt 0.474683 0.617293
vt 0.286271 0.474425
vt 0.286271 0.488928
vt 0.276222 0.487246
vt 0.273173 0.473974
vt 0.079362 0.323118
vt 0.070678 0.321683
vt 0.070678 0.303819
vt 0.076910 0.309247
vt 0.429924 0.641055
vt 0.421693 0.661786
vt 0.407641 0.650140
vt 0.501990 0.370384
vt 0.502975 0.359767
vt 0.654016 0.163097
vt 0.640106 0.172896
vt 0.640106 0.143857
vt 0.658990 0.141182
vt 0.746856 0.138884
vt 0.728146 0.138548
vt 0.721249 0.129729
vt 0.746856 0.108506
vt 0.874805 0.075111
vt 0.919752 0.075111
vt 0.424904 0.674579
vt 0.710009 0.951058
vt 0.683204 0.973605
vt 0.683204 0.926979
vt 0.698248 0.922686
vt 0.718410 0.767521
vt 0.775718 0.742098
vt 0.776616 0.768371
vt 0.733427 0.776616
vt 0.939592 0.201221
vt 0.897454 0.248007
vt 0.905590 0.185906
vt 0.897454 0.186023
vt 0.905191 0.264772
vt 0.942427 0.267695
vt 0.941964 0.279182
vt 0.905191 0.275269
vt 0.940700 0.304427
vt 0.907244 0.325952
vt 0.129219 0.144553
vt 0.119717 0.094392
vt 0.138884 0.062949
vt 0.138884 0.108564
vt 0.960850 0.393328
vt 0.957796 0.442161
vt 0.960850 0.435727
vt 0.955280 0.403068
vt 0.259941 0.476174
vt 0.302993 0.461676
vt 0.341343 0.473407
vt 0.274027 0.471508
vt 0.529010 0.277691
vt 0.558370 0.285193
vt 0.516543 0.331593
vt 0.491413 0.320288
vt 0.679279 0.284350
vt 0.680408 0.230825
vt 0.718279 0.228159
vt 0.748273 0.266833
vt 0.710365 0.321844
vt 0.679279 0.338707
vt 0.138884 0.877556
vt 0.138884 0.938004
vt 0.082779 0.938175
vt 0.097014 0.890681
vt 0.549337 0.361205
vt 0.483204 0.364164
vt 0.737722 0.709793
vt 0.776616 0.673609
vt 0.493242 0.375164
vt 0.397384 0.630610
vt 0.413417 0.633669
vt 0.547072 0.446413
vt 0.534169 0.435973
vt 0.526063 0.429535
vt 0.623015 0.101672
vt 0.627809 0.134579
vt 0.643099 0.102110
vt 0.636385 0.088155
vt 0.644409 0.066252
vt 0.660385 0.073881
vt 0.678038 0.077205
vt 0.039350 0.297428
vt 0.031616 0.299172
vt 0.025235 0.257526
vt 0.041098 0.256377
vt 0.674720 0.041899
vt 0.683082 0.043355
vt 0.041098 0.334455
vt 0.035633 0.333784
vt 0.678028 0.030280
vt 0.701506 0.341081
vt 0.697208 0.352702
vt 0.688230 0.353892
vt 0.690392 0.339749
vt 0.713692 0.175323
vt 0.693854 0.169592
vt 0.374798 0.848109
vt 0.386891 0.850374
vt 0.379293 0.881488
vt 0.367283 0.879216
vt 0.302452 0.459167
vt 0.290601 0.459167
vt 0.289466 0.446190
vt 0.304694 0.438639
vt 0.836138 0.548909
vt 0.830829 0.554119
vt 0.650505 0.173616
vt 0.667720 0.152815
vt 0.635764 0.199142
vt 0.675777 0.665465
vt 0.689230 0.637849
vt 0.989194 0.906997
vt 0.954925 0.897617
vt 0.954550 0.888060
vt 0.989194 0.863409
vt 0.726697 0.734101
vt 0.402480 0.476174
vt 0.369643 0.432235
vt 0.912413 0.718454
vt 0.913351 0.693739
vt 0.932507 0.700941
vt 0.932507 0.751107
vt 0.710981 0.630235
vt 0.729849 0.655394
vt 0.688151 0.617136
vt 0.703190 0.617063
vt 0.203394 0.252817
vt 0.206909 0.298297
vt 0.167376 0.334455
vt 0.167376 0.275909
vt 0.668425 0.607419
vt 0.680248 0.629436
vt 0.701506 0.359727
vt 0.695133 0.368468
vt 0.937222 0.229320
vt 0.935894 0.242194
vt 0.027842 0.589110
vt 0.010657 0.568689
vt 0.017116 0.554798
vt 0.043722 0.569768
vt 0.079159 0.573205
vt 0.076385 0.591120
vt 0.746392 0.277232
vt 0.767168 0.239663
vt 0.779451 0.248486
vt 0.771333 0.266858
vt 0.771504 0.298201
vt 0.751460 0.319187
vt 0.196259 0.517648
vt 0.182876 0.485077
vt 0.227463 0.490505
vt 0.233835 0.505831
vt 0.373156 0.030991
vt 0.356240 0.034012
vt 0.358601 0.019367
vt 0.369850 0.022512
vt 0.952750 0.901329
vt 0.946337 0.900546
vt 0.939843 0.889843
vt 0.950096 0.886649
vt 0.356240 0.002206
vt 0.374136 0.009763
vt 0.080722 0.544383
vt 0.045126 0.548935
vt 0.530047 0.135683
vt 0.529091 0.091275
vt 0.546698 0.093610
vt 0.554137 0.136258
vt 0.125434 0.544383
vt 0.120744 0.571648
vt 0.385332 0.253387
vt 0.365851 0.253742
vt 0.378212 0.200170
vt 0.396811 0.223543
vt 0.829371 0.987450
vt 0.817241 0.989954
vt 0.816989 0.976571
vt 0.833304 0.978300
vt 0.084365 0.819966
vt 0.086283 0.824505
vt 0.073364 0.823587
vt 0.073115 0.815796
vt 0.868276 0.780868
vt 0.869253 0.770247
vt 0.879584 0.769983
vt 0.873040 0.779234
vt 0.039689 0.822806
vt 0.055257 0.822471
vt 0.057325 0.845770
vt 0.039073 0.846903
vt 0.389458 0.308035
vt 0.379223 0.282534
vt 0.395511 0.285903
vt 0.396811 0.311780
vt 0.042586 0.813167
vt 0.056290 0.810387
vt 0.066382 0.887157
vt 0.076987 0.839118
vt 0.089283 0.867751
vt 0.022675 0.396744
vt 0.013135 0.423564
vt 0.001433 0.426386
vt 0.001433 0.391415
vt 0.089283 0.834532
vt 0.020743 0.450532
vt 0.011146 0.456333
vt 0.563841 0.209743
vt 0.527558 0.189522
vt 0.259311 0.392003
vt 0.272099 0.387694
vt 0.272099 0.404953
vt 0.258385 0.405314
vt 0.263202 0.029865
vt 0.260815 0.001670
vt 0.274934 0.003736
vt 0.274934 0.036847
vt 0.065759 0.944719
vt 0.052277 0.945261
vt 0.052014 0.921068
vt 0.068362 0.918384
vt 0.046041 0.515304
vt 0.068944 0.484115
vt 0.087914 0.496543
vt 0.081652 0.516310
vt 0.083662 0.890389
vt 0.085031 0.919420
vt 0.062630 0.893112
vt 0.040424 0.547033
vt 0.001312 0.536635
vt 0.009774 0.515957
vt 0.561205 0.992028
vt 0.542074 0.991139
vt 0.532886 0.953361
vt 0.561205 0.953671
vt 0.083312 0.538680
vt 0.133162 0.498675
vt 0.137138 0.519660
vt 0.125399 0.540481
vt 0.132703 0.479091
vt 0.163541 0.547033
vt 0.564039 0.131742
vt 0.561484 0.086623
vt 0.939394 0.751841
vt 0.941508 0.711585
vt 0.955181 0.702551
vt 0.955181 0.755359
vt 0.949954 0.623042
vt 0.955488 0.635413
vt 0.946953 0.640567
vt 0.935987 0.617415
vt 0.962267 0.588084
vt 0.961878 0.614075
vt 0.505505 0.724502
vt 0.506018 0.751420
vt 0.491677 0.753557
vt 0.497145 0.720814
vt 0.126040 0.595217
vt 0.008240 0.347106
vt 0.003766 0.348069
vt 0.166804 0.562017
vt 0.177148 0.587253
vt 0.493926 0.802126
vt 0.474517 0.797354
vt 0.473499 0.754465
vt 0.473997 0.716104
vt 0.512276 0.802126
vt 0.870619 0.704838
vt 0.871358 0.739624
vt 0.851042 0.744993
vt 0.851042 0.705338
vt 0.889991 0.706951
vt 0.889761 0.739160
vt 0.853988 0.774499
vt 0.533517 0.058759
vt 0.548065 0.058978
vt 0.962267 0.004956
vt 0.961302 0.039593
vt 0.950198 0.052436
vt 0.950198 0.001237
vt 0.893987 0.326777
vt 0.905580 0.386090
vt 0.883164 0.395394
vt 0.883164 0.331294
vt 0.822029 0.949179
vt 0.800167 0.978802
vt 0.799388 0.948995
vt 0.799388 0.993445
vt 0.042004 0.874479
vt 0.052014 0.887214
vt 0.399646 0.094533
vt 0.399364 0.107489
vt 0.370422 0.110540
vt 0.370422 0.068951
vt 0.932090 0.847872
vt 0.951327 0.847606
vt 0.970771 0.847606
vt 0.959094 0.880859
vt 0.398782 0.457237
vt 0.391997 0.457750
vt 0.388657 0.441129
vt 0.402480 0.441129
vt 0.766268 0.336773
vt 0.779451 0.342958
vt 0.415235 0.001041
vt 0.412242 0.010751
vt 0.400326 0.017006
vt 0.399653 0.001041
vt 0.542649 0.042322
vt 0.527558 0.045432
vt 0.505270 0.704011
vt 0.514437 0.753325
vt 0.962267 0.635498
vt 0.500213 0.710917
vt 0.175731 0.077524
vt 0.174685 0.079303
vt 0.175716 0.082197
vt 0.174083 0.077524
vt 0.018423 0.116209
vt 0.017116 0.115228
vt 0.018423 0.109942
vt 0.017987 0.114110
vt 0.077968 0.125579
vt 0.077968 0.123334
vt 0.079362 0.125151
vt 0.079184 0.126129
vt 0.066757 0.041797
vt 0.068025 0.041797
vt 0.067191 0.043906
vt 0.067520 0.043933
vt 0.447145 0.284312
vt 0.450664 0.271821
vt 0.450664 0.284426
vt 0.447254 0.284854
vt 0.148804 0.229429
vt 0.148155 0.227156
vt 0.152626 0.233106
vt 0.144701 0.231197
vt 0.020110 0.084563
vt 0.021258 0.078550
vt 0.020765 0.081310
vt 0.021258 0.085031
vt 0.194154 0.002168
vt 0.194154 0.007086
vt 0.192083 0.005104
vt 0.154473 0.237556
vt 0.144715 0.238967
vt 0.145077 0.239368
vt 0.145009 0.249424
vt 0.144701 0.244286
vt 0.153293 0.240464
vt 0.063307 0.012450
vt 0.065190 0.012301
vt 0.065000 0.012755
vt 0.031178 0.093247
vt 0.030732 0.094951
vt 0.030732 0.091501
vt 0.063307 0.001099
vt 0.008503 0.134632
vt 0.007382 0.129500
vt 0.008503 0.125721
vt 0.107706 0.006328
vt 0.107357 0.011337
vt 0.107357 0.001502
vt 0.136050 0.001162
vt 0.136050 0.003535
vt 0.134619 0.003354
vt 0.134307 0.001313
vt 0.136050 0.008503
vt 0.133951 0.007052
vt 0.134474 0.005551
vt 0.136050 0.006046
vt 0.130488 0.001643
vt 0.132510 0.001468
vt 0.132780 0.002979
vt 0.130496 0.002771
vt 0.130507 0.004671
vt 0.130501 0.003683
vt 0.132692 0.004404
vt 0.132145 0.005803
vt 0.374122 0.430145
vt 0.385474 0.424099
vt 0.385474 0.444996
vt 0.377068 0.437501
vt 0.141904 0.000894
vt 0.150070 0.001864
vt 0.150221 0.008226
vt 0.141904 0.011337
vt 0.348627 0.488588
vt 0.337865 0.488928
vt 0.338172 0.479507
vt 0.348627 0.477468
vt 0.456333 0.012755
vt 0.449047 0.007891
vt 0.447858 0.001119
vt 0.456333 0.001371
vt 0.113566 0.199261
vt 0.118307 0.205334
vt 0.122748 0.214939
vt 0.109313 0.211278
vt 0.186806 0.015027
vt 0.182116 0.016515
vt 0.179619 0.007277
vt 0.191320 0.002026
vt 0.576794 0.960073
vt 0.568557 0.963685
vt 0.565015 0.948587
vt 0.574850 0.941391
vt 0.974654 0.650460
vt 0.988568 0.650460
vt 0.989194 0.666977
vt 0.966752 0.662825
vt 0.432241 0.756776
vt 0.421244 0.756496
vt 0.423890 0.746803
vt 0.431639 0.746184
vt 0.085019 0.430824
vt 0.078410 0.425377
vt 0.078410 0.414421
vt 0.086448 0.419689
vt 0.975916 0.676721
vt 0.982669 0.685917
vt 0.427994 0.160142
vt 0.423374 0.155124
vt 0.431779 0.147530
vt 0.433658 0.155048
vt 0.409817 0.752585
vt 0.414042 0.744018
vt 0.234648 0.317777
vt 0.239504 0.328758
vt 0.231386 0.335872
vt 0.231386 0.318533
vt 0.427058 0.139429
vt 0.433658 0.138732
vt 0.258265 0.627894
vt 0.258047 0.637912
vt 0.236632 0.640324
vt 0.230913 0.628038
vt 0.576794 0.918896
vt 0.571618 0.915587
vt 0.328786 0.029194
vt 0.323668 0.029761
vt 0.320206 0.018798
vt 0.328786 0.011624
vt 0.186226 0.628830
vt 0.197896 0.643401
vt 0.162390 0.643401
vt 0.160232 0.624898
vt 0.159340 0.594729
vt 0.179118 0.605961
vt 0.850126 0.331335
vt 0.861433 0.321311
vt 0.861095 0.345791
vt 0.848319 0.367050
vt 0.819132 0.777029
vt 0.819132 0.816298
vt 0.796905 0.790581
vt 0.802136 0.750704
vt 0.848319 0.300290
vt 0.861647 0.301100
vt 0.134759 0.595823
vt 0.147500 0.621092
vt 0.277397 0.214129
vt 0.280056 0.204063
vt 0.289105 0.206164
vt 0.287585 0.216196
vt 0.123295 0.225332
vt 0.109055 0.225332
vt 0.427475 0.726115
vt 0.430858 0.729429
vt 0.426685 0.736427
vt 0.421660 0.733701
vt 0.280902 0.229584
vt 0.289105 0.228853
vt 0.777294 0.781088
vt 0.781288 0.744430
vt 0.793583 0.723943
vt 0.854966 0.288107
vt 0.859015 0.293124
vt 0.422321 0.553615
vt 0.422321 0.582291
vt 0.411333 0.586714
vt 0.409183 0.572411
vt 0.900252 0.648272
vt 0.889130 0.653322
vt 0.893884 0.623169
vt 0.908919 0.617137
vt 0.026081 0.030573
vt 0.025919 0.030607
vt 0.028344 0.026669
vt 0.028344 0.038264
vt 0.945155 0.173935
vt 0.958016 0.153825
vt 0.958016 0.192657
vt 0.947601 0.204074
vt 0.918335 0.618586
vt 0.910062 0.647337
vt 0.776344 0.796525
vt 0.148499 0.641928
vt 0.432241 0.736315
vt 0.191320 0.028344
vt 0.186886 0.026425
vt 0.087730 0.110540
vt 0.091658 0.099765
vt 0.096190 0.100902
vt 0.097786 0.110540
vt 0.369202 0.290305
vt 0.374136 0.277391
vt 0.374136 0.300443
vt 0.195394 0.614775
vt 0.200292 0.625527
vt 0.263596 0.629601
vt 0.200360 0.621737
vt 0.247432 0.641903
vt 0.256510 0.641903
vt 0.252804 0.650195
vt 0.251429 0.658820
vt 0.255544 0.671745
vt 0.250327 0.661951
vt 0.889130 0.614245
vt 0.911095 0.589075
vt 0.095130 0.463419
vt 0.096368 0.479008
vt 0.086323 0.479008
vt 0.087788 0.463702
vt 0.713464 0.972188
vt 0.714073 0.945462
vt 0.713464 0.924680
vt 0.728432 0.940316
vt 0.138302 0.119650
vt 0.141415 0.119525
vt 0.140782 0.127451
vt 0.138302 0.127599
vt 0.148804 0.119228
vt 0.145506 0.127622
vt 0.143083 0.127474
vt 0.144636 0.119395
vt 0.273516 0.488928
vt 0.269711 0.488928
vt 0.267883 0.482549
vt 0.270376 0.481848
vt 0.265291 0.476856
vt 0.264276 0.482226
vt 0.138412 0.137467
vt 0.139701 0.136554
vt 0.143568 0.132483
vt 0.141270 0.135443
vt 0.263574 0.488928
vt 0.267585 0.488928
vt 0.188225 0.112945
vt 0.189903 0.115878
vt 0.187689 0.116885
vt 0.186870 0.113590
vt 0.189392 0.121092
vt 0.187449 0.121355
vt 0.187526 0.119328
vt 0.189693 0.118803
vt 0.183929 0.116847
vt 0.185075 0.114851
vt 0.185550 0.117873
vt 0.183577 0.118354
vt 0.183577 0.121878
vt 0.183577 0.119972
vt 0.185442 0.119839
vt 0.185388 0.121633
vt 0.110509 0.015028
vt 0.111957 0.014111
vt 0.111957 0.018423
vt 0.109061 0.015944
vt 0.106289 0.030461
vt 0.106289 0.032237
vt 0.106289 0.034012
vt 0.042222 0.205316
vt 0.042518 0.205078
vt 0.042567 0.205796
vt 0.041983 0.205644
vt 0.011337 0.022099
vt 0.011337 0.022575
vt 0.011294 0.022675
vt 0.011267 0.022197
vt 0.023986 0.028344
vt 0.023871 0.028338
vt 0.023871 0.027829
vt 0.024092 0.028006
vt 0.056385 0.002766
vt 0.056385 0.002275
vt 0.056643 0.002350
vt 0.056599 0.002834
vt 0.056385 0.001789
vt 0.056687 0.001869
vt 0.042935 0.204841
vt 0.043349 0.204606
vt 0.043493 0.205541
vt 0.043044 0.205739
vt 0.043005 0.206552
vt 0.042376 0.206328
vt 0.043491 0.206509
vt 0.043435 0.207332
vt 0.042803 0.207094
vt 0.043933 0.205401
vt 0.043933 0.206399
vt 0.043933 0.207368
vt 0.043933 0.208326
vt 0.043207 0.207882
vt 0.042541 0.207474
vt 0.041858 0.207056
vt 0.042130 0.206715
vt 0.041177 0.206639
vt 0.041466 0.206326
vt 0.041720 0.205984
vt 0.040854 0.206054
vt 0.041330 0.205826
vt 0.041794 0.205604
vt 0.040500 0.206224
vt 0.043933 0.204511
vt 0.056504 0.001355
vt 0.056385 0.001564
vt 0.126129 0.004155
vt 0.125563 0.004252
vt 0.125563 0.003866
vt 0.126078 0.003794
vt 0.125563 0.003458
vt 0.126021 0.003394
vt 0.125563 0.003049
vt 0.125964 0.002993
vt 0.125563 0.002641
vt 0.125906 0.002593
vt 0.125563 0.002232
vt 0.125849 0.002192
vt 0.125563 0.001826
vt 0.125791 0.001787
vt 0.125563 0.001692
vt 0.194154 0.012356
vt 0.194154 0.013700
vt 0.192798 0.013583
vt 0.193130 0.012012
vt 0.190456 0.011115
vt 0.191742 0.011547
vt 0.191554 0.013062
vt 0.190460 0.012418
vt 0.194154 0.017006
vt 0.192717 0.016058
vt 0.192828 0.015091
vt 0.194154 0.015401
vt 0.116374 0.198946
vt 0.116374 0.197532
vt 0.117787 0.197799
vt 0.117540 0.199348
vt 0.116374 0.195919
vt 0.117610 0.196237
vt 0.191715 0.014235
vt 0.119043 0.198404
vt 0.118914 0.199823
s 1
usemtl tripo_mat_146a7089-1f7a-458e-9b83-6e31c280a5da
f 1/1 107/2 105/3 3/4
f 2/5 108/6 6/7 109/8
f 6/9 108/10 111/11 112/12
f 7/13 113/14 112/15
f 7/16 114/17 115/18 113/19
f 7/20 112/21 111/22 114/23
f 8/24 116/25 117/26 118/27
f 8/24 119/28 120/29 121/30
f 8/24 121/30 9/31 116/25
f 9/32 121/33 10/34 122/35
f 9/32 122/35 13/36 116/37
f 10/38 123/39 12/40 122/41
f 10/42 121/30 120/29 124/43
f 10/44 124/45 125/46 123/47
f 11/48 127/49 39/50 128/51
f 11/52 128/53 14/54 129/55
f 14/54 128/53 131/56 17/57
f 15/58 132/59 133/60 134/61
f 19/62 135/63 80/64 79/65
f 15/66 134/67 19/68 79/69
f 16/70 136/71 137/72 138/73
f 14/74 139/75 140/76 141/77
f 17/57 142/78 135/79 143/80
f 18/81 41/82 144/83 145/84
f 18/81 17/57 131/56 41/82
f 19/68 134/67 143/85 135/86
f 20/87 135/88 142/89 146/90
f 20/91 146/92 147/93 148/94
f 20/95 148/96 149/97 135/98
f 21/99 148/100 147/101 111/11
f 150/102 149/97 148/96 21/103
f 21/99 111/11 108/10 150/104
f 22/105 66/106 151/107 152/108
f 22/109 152/110 28/111 26/112
f 22/113 24/114 67/115 66/116
f 24/117 32/118 153/119 67/120
f 25/121 31/122 154/123 32/124
f 26/125 28/126 155/127 27/128
f 26/129 27/130 156/131 31/132
f 29/133 157/134 33/135 158/136
f 30/137 32/124 154/123 159/138
f 30/139 160/140 161/141 32/142
f 162/143 159/138 154/123 163/144
f 31/132 156/131 163/145 154/146
f 32/147 161/148 164/149 153/150
f 33/151 157/152 165/153 35/154
f 33/155 35/156 166/157 158/158
f 34/159 114/23 111/22 147/160
f 34/161 147/93 146/92 73/162
f 34/163 164/149 161/148 167/164
f 34/165 167/166 115/167 114/168
f 34/169 73/170 72/171 164/172
f 168/173 159/138 162/143 169/174
f 170/175 171/176 163/145 156/131
f 36/177 173/178 174/179 175/180
f 36/177 46/181 176/182 173/178
f 173/178 176/182 177/183 174/179
f 37/184 178/185 38/186 179/187
f 37/184 179/187 180/188 181/189
f 38/190 182/191 183/192 179/193
f 39/194 40/195 184/196 185/197
f 39/198 186/199 131/200 128/201
f 41/82 56/202 187/203 144/83
f 42/204 188/205 189/206 44/207
f 43/208 190/209 191/210 192/211
f 45/212 193/213 46/214 194/215
f 45/216 195/217 196/218 193/219
f 45/216 197/220 198/221 195/217
f 45/212 199/222 200/223 197/224
f 47/225 201/226 202/227 203/228
f 48/229 204/230 205/231 206/232
f 48/233 206/234 207/235 208/236
f 49/237 212/238 50/239 213/240
f 446/241 54/242 51/243 50/244
f 52/245 218/246 219/247 216/248
f 52/245 216/248 215/249 55/250
f 53/251 51/252 54/253 220/254
f 54/255 221/256 222/257 220/258
f 55/250 215/249 223/259 224/260
f 57/261 226/262 227/263 228/264
f 58/265 229/266 230/267 231/268
f 59/269 232/270 233/271 234/272
f 59/273 86/274 235/275 232/276
f 60/277 61/278 62/279 64/280
f 60/281 64/282 446/283 237/284
f 61/285 60/286 238/287 104/288
f 63/289 239/290 240/291 241/292
f 242/293 243/294 244/295 245/296
f 65/297 246/298 247/299 248/300
f 66/301 67/302 249/303 151/304
f 67/305 153/306 250/307 251/308
f 68/309 252/310 247/311 253/312
f 68/309 253/312 250/307 72/171
f 69/313 254/314 102/315 103/316
f 255/317 256/318 254/319 69/320
f 69/320 103/321 244/322 255/317
f 71/323 257/324 258/325 259/326
f 71/327 260/328 261/329 257/330
f 71/331 259/332 74/333 260/334
f 72/171 250/307 153/306 164/172
f 72/171 73/170 252/310 68/309
f 73/162 146/92 82/335 252/336
f 262/337 263/338 151/339 249/340
f 74/341 264/342 265/343 260/344
f 74/345 259/346 266/347 264/348
f 75/349 80/350 267/351 268/352
f 75/353 268/354 269/355 76/356
f 76/357 269/358 270/359 271/360
f 77/361 272/362 273/363 271/360
f 275/364 276/365 272/362 77/361
f 77/361 271/360 274/366 275/364
f 78/367 80/368 75/369 273/363
f 78/367 273/363 272/362 277/370
f 78/371 81/372 79/373 80/374
f 80/350 135/98 149/97 267/351
f 23/375 278/376 279/377 280/378
f 82/379 145/84 281/380 84/381
f 83/382 285/383 286/384 287/385
f 84/386 287/387 286/388 82/389
f 281/380 93/390 92/391 99/392
f 84/381 281/380 99/392 289/393
f 85/394 290/395 291/396 93/390
f 292/397 293/398 290/395 85/394
f 85/394 93/390 281/380 292/397
f 86/399 294/400 295/401 296/402
f 88/403 298/404 302/405 303/406
f 89/407 304/408 98/409 92/410
f 89/411 305/412 306/413 307/414
f 90/415 308/416 309/417 94/418
f 93/390 310/419 311/420 92/391
f 94/421 312/422 313/423 314/424
f 94/418 314/425 315/426 90/415
f 95/427 316/428 317/429 318/430
f 96/431 319/432 320/433 321/434
f 96/435 321/436 322/437 323/438
f 89/439 326/440 327/441 328/442
f 100/443 329/444 274/366 330/445
f 100/446 331/447 332/448 329/449
f 101/450 330/451 270/452 333/453
f 102/454 334/455 332/448 245/456
f 102/454 264/348 266/347 334/455
f 102/454 245/456 244/457 103/458
f 102/315 254/314 265/459 264/460
f 104/461 238/462 335/463 336/464
f 340/465 341/466 342/467 337/468
f 340/469 65/470 343/471 341/472
f 340/473 339/474 246/475 65/476
f 339/474 338/477 344/478 246/475
f 338/479 337/480 342/481 344/482
f 334/455 345/483 329/449 332/448
f 334/455 266/347 346/484 345/483
f 346/484 347/485 275/486 345/483
f 346/484 266/347 259/346 258/487
f 346/488 258/489 348/490 347/491
f 348/490 349/492 350/493 347/491
f 348/494 258/495 257/330 351/496
f 348/494 351/496 352/497 349/498
f 352/497 107/499 353/500 349/498
f 352/497 351/496 354/501 106/502
f 352/503 106/504 105/3 107/2
f 354/501 351/496 257/330 261/329
f 354/505 261/506 355/507 278/376
f 354/505 278/376 23/375 106/508
f 355/507 261/506 260/509 265/510
f 355/507 265/510 254/319 256/318
f 355/507 256/318 279/377 278/376
f 350/511 356/512 357/513 276/365
f 350/493 276/514 275/515 347/491
f 350/511 349/516 353/517 356/512
f 345/518 275/364 274/366 329/444
f 341/472 343/471 358/519 283/520
f 341/521 283/522 282/523 280/524
f 82/525 286/526 358/527 343/528
f 248/529 247/530 252/336 82/335
f 358/531 286/384 285/383 360/532
f 358/531 360/532 282/533 283/534
f 360/532 285/383 284/535 359/536
f 332/448 331/447 242/537 245/456
f 331/538 361/539 243/540 242/541
f 361/539 325/542 324/543 243/540
f 331/538 100/544 330/451 101/450
f 361/539 331/538 101/450 325/542
f 330/445 274/366 271/360 270/359
f 362/545 363/546 364/547
f 324/548 97/549 288/550 255/551
f 324/548 255/551 244/552 243/553
f 365/554 366/555 262/556 249/303
f 366/557 367/558 263/559 262/560
f 368/561 369/562 370/563 371/564
f 132/59 15/58 368/565 373/566
f 372/567 374/568 375/569 376/570
f 372/571 376/572 133/60 132/59
f 375/569 377/573 378/574 376/570
f 375/575 374/576 175/180 174/179
f 381/577 91/578 309/579 382/580
f 379/581 380/582 381/583 382/584
f 300/585 87/586 299/587 383/588
f 296/589 384/590 235/591 86/592
f 288/593 279/377 256/318 255/317
f 281/380 145/84 144/83 292/397
f 276/365 357/513 277/370 272/362
f 263/594 150/595 152/596 151/597
f 70/598 253/312 247/311 246/599
f 214/600 62/601 61/602 385/603
f 237/604 446/241 50/244 229/605
f 386/606 236/607 387/608 388/609
f 389/610 387/608 390/611 391/612
f 390/611 228/264 227/263 392/613
f 390/611 387/608 236/607 228/264
f 233/614 393/615 394/616 234/617
f 394/618 395/619 396/620 234/621
f 395/619 397/622 398/623 396/620
f 398/623 397/622 399/624 400/625
f 400/625 399/624 401/626 402/627
f 230/267 229/266 50/239 212/238
f 292/397 144/83 187/203 226/262
f 225/628 236/629 386/630 403/631
f 227/263 226/262 187/203 404/632
f 219/247 218/246 405/633
f 406/634 407/635 51/252 53/251
f 408/636 213/240 50/239 51/637
f 207/638 206/639 409/640 410/641
f 409/642 206/232 205/231 411/643
f 203/644 202/645 412/646 413/647
f 203/648 413/649 414/650 415/651
f 414/650 413/649 195/217 198/221
f 413/649 412/652 196/218 195/217
f 412/653 416/654 417/655 196/656
f 417/657 418/658 419/659 420/660
f 417/657 420/660 193/661 196/662
f 420/663 176/182 46/181 193/664
f 204/665 421/666 201/226 47/225
f 199/222 45/212 194/215 422/667
f 423/668 424/669 425/670 426/671
f 423/672 426/673 427/674 428/675
f 429/676 172/677 430/678 431/679
f 432/680 433/681 434/682
f 171/683 435/684 165/685 169/686
f 171/687 169/688 162/689 163/690
f 169/691 165/153 157/152 168/692
f 435/684 166/693 35/694 165/685
f 436/695 167/164 161/148 160/696
f 436/697 160/698 29/699 158/700
f 142/78 17/57 18/81 145/84
f 142/78 145/84 82/379 146/701
f 137/702 437/703 438/704 138/705
f 137/706 136/707 439/708 440/709
f 438/704 441/710 442/711 138/705
f 438/704 437/703 110/712 4/713
f 117/26 116/25 13/714 443/715
f 130/716 11/52 129/55 444/717
f 445/718 130/719 12/40 123/39
f 445/718 123/39 125/720 183/721
f 5/722 133/60 376/572 378/723
f 357/513 356/512 1/724 3/725
f 155/726 28/727 152/596 150/595
f 155/728 150/104 108/10 2/729
f 353/730 107/731 1/732 356/733
f 215/734 216/735 217/736 223/737
f 57/261 228/264 236/607 225/738
f 75/369 76/357 271/360 273/363
f 65/470 248/739 82/740 343/471
f 337/741 338/742 339/743 340/744
f 280/524 282/523 360/745 359/746
f 372/571 132/59 373/566
f 421/747 204/748 47/749 203/750
f 186/751 39/752 185/753
f 388/609 387/608 389/610
f 310/419 93/390 291/396
f 289/754 99/755 92/756 311/757
f 119/28 8/24 118/27
f 437/758 137/759 440/760
f 438/761 4/762 110/763
f 139/75 14/74 141/77
f 190/209 43/208 192/211
f 205/764 204/765 48/766 208/767
f 229/768 58/769 231/770
f 238/771 60/772 237/773
f 385/774 61/775 104/776 336/777
f 406/778 53/779 220/780 222/781
f 408/782 51/783 407/784
f 395/785 394/786 393/787
f 305/788 89/789 307/790
f 312/422 94/421 309/791
f 308/792 90/793 315/794
f 316/428 95/427 318/430
f 319/795 96/796 323/797
f 326/798 89/799 328/800
f 370/801 369/802 368/803
f 309/804 91/805 381/806
f 425/670 424/669 423/668
f 6/7 112/15 113/14 109/8
f 170/807 156/808 155/809 2/810
f 156/131 27/130 155/811
f 115/812 435/684 171/683 170/813
f 115/814 167/164 436/695
f 115/815 436/697 158/700
f 115/816 158/817 166/818
f 115/816 166/818 435/819
f 113/19 115/18 170/820 109/821
f 170/822 2/823 109/824
f 31/132 25/825 22/826 26/129
f 25/827 32/828 24/829 22/830
f 160/831 30/832 159/833 29/834
f 159/138 168/173 157/835 29/836
f 268/837 267/838 149/839 367/840
f 149/841 150/842 263/843 367/844
f 367/845 366/555 365/554 97/846
f 367/847 97/848 101/450 333/453
f 365/554 279/849 288/850 97/846
f 253/851 342/852 341/853 280/854 279/855
f 365/554 249/303 67/302
f 365/856 67/857 251/858
f 365/859 251/860 250/861
f 365/862 250/863 253/864
f 365/865 253/866 279/867
f 253/868 70/869 246/870
f 253/871 246/872 344/873
f 253/871 344/873 342/874
f 175/875 374/568 372/567 447/876
f 372/567 422/877 194/878 447/876
f 194/878 46/879 447/876
f 46/879 36/880 175/875 447/876
f 378/881 375/882 420/883 419/884
f 378/885 377/886 375/887
f 375/888 174/889 176/890 420/891
f 174/892 177/893 176/894
f 129/895 14/896 5/722 378/723
f 14/896 17/897 133/60 5/722
f 17/898 143/899 134/900 133/901
f 184/902 127/903 11/904 444/905
f 11/906 130/907 444/908
f 187/203 41/82 131/56 186/909
f 187/910 56/911 41/912
f 293/398 292/397 226/262
f 293/398 226/262 57/261
f 293/398 57/261 225/738
f 293/913 225/914 403/915
f 357/916 3/917 105/918
f 78/919 277/920 357/921 23/922
f 280/923 359/924 83/925 287/926
f 368/565 287/387 84/386 289/927
f 81/928 78/919 23/922 280/929
f 368/565 15/58 79/930 287/387
f 79/931 81/928 280/929 287/932
f 443/933 13/934 122/935 124/936
f 125/937 124/938 122/939 448/940
f 122/939 12/941 130/942 448/940
f 130/942 445/943 448/940
f 445/943 183/944 125/937 448/940
f 439/945 136/946 138/947 442/948
f 136/949 16/950 138/951
f 221/952 446/953 64/954 385/603
f 221/955 54/956 446/957
f 405/958 218/959 52/960
f 405/961 52/962 55/963
f 405/633 55/250 224/260
f 294/964 86/965 59/269 234/272
f 294/966 234/967 396/968 400/969
f 396/620 398/623 400/625
f 23/922 357/921 105/970 106/971
f 120/972 126/973 443/933 124/936
f 39/974 127/903 184/902 40/975
f 49/237 210/976 408/636 209/977
f 49/237 209/977 211/978 212/238
f 49/237 213/240 408/636 210/976
f 62/601 214/600 385/603 64/954
f 83/979 359/980 284/981 285/982
f 88/983 303/984 297/985 298/986
f 87/987 300/988 301/989 299/990
f 97/848 324/543 325/542 101/450
f 449/991 450/992 451/993 452/994
f 449/995 452/996 453/997 454/998
f 449/991 454/999 455/1000 450/992
f 455/1001 454/1002 456/1003 457/1004
f 458/1005 455/1001 457/1004
f 456/1006 454/998 453/997 459/1007
f 459/1007 453/997 460/1008 461/1009
f 461/1010 460/1011 462/1012 463/1013
f 463/1013 462/1012 464/1014 465/1015
f 464/1014 462/1012 466/1016 467/1017
f 468/1018 466/1016 469/1019 470/1020
f 470/1020 469/1019 452/1021 451/1022
f 469/1019 466/1016 462/1012 460/1011
f 469/1019 460/1011 453/1023 452/1021
f 467/1017 466/1016 468/1018
f 471/1024 558/1025 559/1026 560/1027
f 471/1024 560/1027 479/1028 561/1029
f 472/1030 562/1031 563/1032 473/1033
f 472/1034 564/1035 565/1036 566/1037
f 472/1038 567/1039 478/1040 562/1041
f 472/1034 473/1042 476/1043 564/1035
f 473/1033 563/1032 515/1044 476/1045
f 474/1046 568/1047 569/1048 570/1049
f 474/1046 570/1049 483/1050 571/1051
f 474/1052 571/1053 565/1054 572/1055
f 475/1056 573/1057 474/1052 572/1055
f 475/1058 574/1059 575/1060 573/1061
f 475/1062 572/1063 477/1064 574/1065
f 476/1066 574/1065 477/1064 564/1067
f 476/1045 576/1068 575/1060 574/1059
f 477/1064 572/1063 565/1069 564/1067
f 478/1070 567/1071 479/1028 560/1027
f 478/1072 560/1073 559/1074 562/1075
f 479/1028 567/1071 577/1076 480/1077
f 480/1077 578/1078 579/1079 479/1028
f 480/1080 577/1081 580/1082 581/1083
f 480/1084 581/1085 582/1086 578/1087
f 481/1088 583/1089 487/1090 584/1091
f 481/1092 584/1093 585/1094 586/1095
f 482/1096 587/1097 571/1098 483/1099
f 482/1100 586/1095 580/1101 587/1102
f 483/1050 570/1049 512/1103 492/1104
f 588/1105 589/1106 590/1107 582/1108
f 484/1109 590/1110 591/1111 592/1112
f 484/1113 592/1114 579/1115 578/1116
f 484/1117 578/1118 582/1119 590/1120
f 485/1121 593/1122 594/1123 595/1124
f 486/1125 597/1126 598/1127 599/1128
f 486/1129 599/1130 488/1131 558/1132
f 487/1090 601/1133 589/1134 584/1091
f 487/1135 598/1127 593/1122 601/1136
f 487/1135 583/1137 599/1128 598/1127
f 488/1138 602/1139 559/1140 558/1141
f 489/1142 603/1143 518/1144 488/1145
f 604/1146 605/1147 603/1148 489/1149
f 489/1142 488/1145 492/1150 604/1151
f 488/1152 599/1153 583/1154 492/1155
f 490/1156 606/1157 607/1158 608/1159
f 490/1160 608/1161 609/1162 610/1163
f 490/1164 610/1165 611/1166 606/1167
f 491/1168 607/1169 606/1170 612/1171
f 491/1172 612/1173 613/1174 614/1175
f 491/1172 614/1175 493/1176 607/1177
f 492/1104 512/1103 514/1178 604/1179
f 493/1180 615/1181 608/1182 607/1183
f 493/1184 614/1185 616/1186 615/1187
f 617/1188 494/1189 615/1190 616/1191
f 494/1192 496/1193 618/1194 619/1195
f 495/1196 504/1197 618/1198 496/1199
f 494/1189 617/1188 495/1200 496/1201
f 494/1192 619/1195 498/1202 609/1162
f 495/1203 617/1204 616/1186 620/1205
f 497/1206 621/1207 500/1208 622/1209
f 497/1206 622/1209 623/1210 624/1211
f 498/1212 621/1207 497/1206 499/1213
f 498/1202 499/1214 625/1215 626/1216
f 498/1202 619/1195 627/1217 621/1218
f 498/1202 626/1216 610/1163 609/1162
f 499/1214 497/1219 624/1220 625/1215
f 500/1221 631/1222 632/1223 501/1224
f 500/1225 501/1226 633/1227 622/1228
f 500/1229 634/1230 635/1231 631/1232
f 500/1229 621/1218 627/1217 634/1230
f 501/1224 632/1223 636/1233 637/1234
f 501/1235 638/1236 639/1237 633/1238
f 501/1239 637/1240 640/1241 638/1242
f 502/1243 641/1244 642/1245 643/1246
f 502/1247 643/1248 503/1249 644/1250
f 503/1251 643/1252 645/1253 504/1254
f 504/1254 645/1253 646/1255 618/1194
f 647/1256 648/1257 649/1258 650/1259
f 647/1260 650/1261 651/1262 652/1263
f 506/1264 516/1265 653/1266 654/1267
f 655/1268 656/1269 516/1270 506/1271
f 506/1272 654/1273 517/1274 655/1275
f 507/1276 568/1277 474/1278 573/1279
f 508/1280 512/1281 660/1282 658/1283
f 508/1284 658/1285 657/1286 511/1287
f 509/1288 649/1258 648/1257 510/1289
f 509/1288 521/1290 662/1291 649/1258
f 509/1288 510/1289 522/1292 521/1290
f 511/1293 576/1294 663/1295 664/1296
f 511/1297 664/1298 661/1299 508/1300
f 512/1281 570/1301 569/1302 660/1282
f 513/1303 666/1304 514/1305 667/1306
f 513/1307 667/1308 655/1309 668/1310
f 513/1307 668/1310 639/1237 666/1311
f 514/1305 666/1304 669/1312 670/1313
f 476/1045 515/1044 671/1314 672/1315
f 476/1045 672/1315 663/1316 576/1068
f 515/1317 563/1318 673/1319 654/1273
f 515/1320 654/1267 653/1266 671/1321
f 516/1265 523/1322 674/1323 653/1266
f 517/1274 654/1273 673/1319 675/1324
f 517/1325 675/1326 518/1327 519/1328
f 517/1325 519/1328 623/1329 676/1330
f 517/1274 676/1331 668/1332 655/1275
f 518/1327 603/1333 625/1334 624/1335
f 518/1327 624/1335 623/1329 519/1328
f 520/1336 674/1337 677/1338 678/1339
f 520/1340 678/1341 679/1342 680/1343
f 521/1344 522/1345 681/1346 680/1347
f 520/1336 671/1348 653/1349 674/1337
f 524/1350 682/1351 683/1352 684/1353
f 685/1354 686/1355 682/1356 524/1357
f 524/1357 684/1358 525/1359 685/1354
f 525/1360 687/1361 688/1362 685/1363
f 526/1364 689/1365 690/1366 691/1367
f 527/1368 692/1369 693/1370 554/1371
f 527/1368 554/1371 628/1372 694/1373
f 528/1374 695/1375 554/1376 696/1377
f 528/1374 696/1377 529/1378 697/1379
f 529/1380 691/1381 690/1382 697/1383
f 530/1384 690/1366 689/1365 698/1385
f 530/1386 547/1387 699/1388 700/1389
f 530/1390 700/1391 701/1392 534/1393
f 530/1394 702/1395 697/1383 690/1382
f 530/1396 703/1397 704/1398 547/1399
f 531/1400 705/1401 706/1402 707/1403
f 531/1400 533/1404 708/1405 709/1406
f 532/1407 710/1408 531/1400 707/1403
f 532/1409 711/1410 712/1411 710/1412
f 533/1404 713/1413 714/1414 708/1405
f 533/1404 531/1400 710/1408 713/1413
f 534/1415 715/1416 702/1395 530/1394
f 534/1417 549/1418 535/1419 715/1420
f 535/1419 549/1418 550/1421 716/1422
f 535/1423 716/1424 717/1425 714/1426
f 536/1427 718/1428 719/1429 701/1430
f 536/1431 701/1432 700/1433 720/1434
f 536/1435 720/1436 721/1437 718/1438
f 537/1439 722/1440 723/1441 709/1442
f 537/1443 724/1444 725/1445 722/1446
f 727/1447 651/1262 650/1261 724/1448
f 537/1449 726/1450 727/1447 724/1448
f 728/1451 703/1397 530/1396 698/1452
f 538/1453 731/1454 732/1455 733/1456
f 538/1453 733/1456 541/1457 734/1458
f 538/1459 734/1460 539/1461 735/1462
f 539/1461 734/1460 540/1463 736/1464
f 540/1465 737/1466 738/1467 739/1468
f 540/1469 739/1470 740/1471 736/1472
f 541/1457 733/1456 679/1342 678/1341
f 542/1473 726/1450 741/1474 742/1475
f 542/1473 742/1475 543/1476 743/1477
f 542/1473 743/1477 738/1478 737/1479
f 543/1480 745/1481 746/1482 743/1483
f 543/1484 742/1485 747/1486 745/1487
f 544/1488 746/1489 745/1490 748/1491
f 544/1488 740/1492 744/1493 746/1489
f 544/1488 748/1491 736/1494 740/1492
f 545/1495 538/1496 735/1497 747/1498
f 545/1499 749/1500 731/1454 538/1453
f 545/1501 750/1502 751/1503 749/1504
f 546/1505 717/1506 716/1507 750/1508
f 546/1509 750/1502 545/1501 741/1510
f 547/1511 731/1512 749/1513 752/1514
f 547/1511 752/1514 753/1515 699/1516
f 548/1517 699/1516 753/1515 729/1518
f 548/1519 720/1520 700/1389 699/1388
f 548/1521 729/1522 721/1437 720/1436
f 549/1523 534/1524 701/1430 719/1429
f 550/1525 751/1503 750/1502 716/1526
f 550/1421 549/1418 754/1527 751/1528
f 551/1529 557/1530 757/1531 758/1532
f 551/1533 756/1534 759/1535 557/1536
f 535/1537 760/1538 755/1539 758/1532
f 535/1537 758/1532 757/1531 715/1540
f 552/1541 555/1542 761/1543 553/1544
f 528/1374 762/1545 683/1352 695/1375
f 528/1546 763/1547 759/1548 711/1549
f 554/1376 695/1375 764/1550 629/1551
f 555/1542 556/1552 763/1553 761/1543
f 556/1554 557/1536 759/1535 763/1555
f 764/1550 695/1375 683/1352 682/1351
f 764/1550 682/1351 686/1556 765/1557
f 764/1550 765/1557 630/1558 629/1551
f 765/1557 686/1556 631/1232 635/1231
f 765/1557 635/1231 766/1559 630/1558
f 762/1545 706/1560 684/1353 683/1352
f 760/1561 712/1562 756/1563 755/1564
f 760/1561 535/1423 714/1426 713/1565
f 760/1561 713/1565 710/1566 712/1562
f 759/1535 756/1534 712/1411 711/1410
f 757/1567 767/1568 702/1569 715/1570
f 754/1571 768/1572 753/1515 752/1514
f 754/1571 752/1514 749/1513 751/1573
f 754/1527 549/1418 719/1574 768/1575
f 768/1572 730/1576 729/1518 753/1515
f 768/1575 719/1574 718/1577 730/1578
f 545/1579 747/1486 742/1485 741/1580
f 748/1581 735/1462 539/1461 736/1464
f 748/1582 745/1583 747/1584 735/1585
f 746/1586 744/1587 738/1478 743/1477
f 542/1588 737/1589 677/1590 769/1591
f 542/1473 769/1592 727/1447 726/1450
f 769/1593 677/1338 674/1337 523/1594
f 769/1592 523/1595 516/1596 727/1447
f 541/1597 678/1339 677/1338 737/1598
f 540/1599 734/1600 541/1601 737/1602
f 733/1456 732/1455 770/1603 679/1342
f 770/1604 771/1605 662/1291 521/1290
f 770/1606 521/1607 680/1608 679/1609
f 770/1604 732/1610 704/1611 771/1605
f 771/1612 725/1445 724/1444 662/1613
f 771/1612 704/1398 703/1397 725/1445
f 732/1610 731/1614 547/1615 704/1611
f 728/1616 698/1617 723/1618 722/1619
f 728/1451 722/1446 725/1445 703/1397
f 772/1620 537/1621 709/1406 708/1405
f 772/1620 708/1405 714/1414 717/1622
f 772/1623 717/1624 546/1625 741/1626
f 772/1623 741/1626 726/1627 537/1628
f 767/1568 757/1567 557/1629 556/1630
f 691/1631 529/1632 696/1633 526/1634
f 688/1362 636/1233 632/1223 685/1363
f 688/1635 687/1636 693/1637 692/1638
f 688/1635 692/1638 773/1639 636/1640
f 705/1641 531/1642 709/1442 723/1441
f 705/1641 723/1441 687/1643 525/1644
f 686/1645 685/1363 632/1223 631/1222
f 684/1646 706/1647 705/1641 525/1644
f 724/1648 650/1259 649/1258 662/1291
f 727/1447 516/1596 656/1649 651/1262
f 676/1650 623/1210 622/1209 633/1651
f 676/1652 633/1238 639/1237 668/1310
f 672/1315 774/1653 510/1654 663/1316
f 670/1313 669/1312 620/1655 613/1656
f 670/1657 613/1658 612/1659 775/1660
f 670/1313 775/1661 604/1662 514/1305
f 775/1663 612/1664 606/1167 611/1166
f 775/1663 611/1166 605/1665 604/1666
f 666/1304 639/1667 638/1668 669/1312
f 667/1669 776/1670 656/1671 655/1672
f 665/1673 659/1674 658/1283 660/1282
f 663/1295 510/1675 648/1676 664/1296
f 681/1677 522/1678 510/1654 774/1653
f 667/1669 514/1679 512/1680 508/1681
f 776/1670 667/1669 508/1681 652/1682
f 776/1683 652/1263 651/1262 656/1649
f 773/1684 777/1685 641/1686 778/1687
f 773/1688 778/1689 637/1690 636/1691
f 778/1687 641/1686 502/1247 644/1250
f 778/1692 644/1693 640/1241 637/1240
f 646/1255 627/1217 619/1195 618/1194
f 646/1255 645/1253 505/1694 779/1695
f 646/1255 779/1695 634/1230 627/1217
f 694/1696 628/1697 630/1558 766/1559
f 626/1698 605/1699 611/1700 610/1701
f 626/1698 625/1702 603/1703 605/1699
f 495/1704 620/1655 669/1312 638/1668
f 640/1241 644/1693 495/1705 638/1242
f 620/1205 616/1186 614/1185 613/1706
f 494/1192 609/1162 608/1161 615/1707
f 601/1136 593/1122 485/1121 591/1708
f 601/1709 591/1710 590/1107 589/1106
f 600/1711 579/1115 592/1114 596/1712
f 600/1711 595/1713 594/1714 561/1715
f 600/1716 561/1029 479/1028 579/1079
f 518/1327 675/1326 602/1139 488/1138
f 598/1127 597/1126 594/1123 593/1122
f 596/1717 592/1112 591/1111 485/1718
f 589/1106 588/1105 585/1094 584/1093
f 588/1719 582/1086 581/1085 585/1720
f 587/1721 580/1082 577/1081 566/1722
f 587/1723 566/1037 565/1036 571/1724
f 585/1094 581/1725 580/1101 586/1095
f 577/1081 567/1726 472/1727 566/1722
f 576/1294 511/1293 657/1728 507/1276
f 575/1729 576/1294 507/1276 573/1279
f 597/1730 486/1731 558/1025 471/1024
f 597/1730 471/1024 561/1029 594/1732
f 485/1733 595/1713 600/1711 596/1712
f 554/1734 629/1735 630/1736 628/1737
f 718/1577 721/1738 729/1739 730/1578
f 738/1740 744/1741 740/1471 739/1470
f 551/1742 758/1743 755/1564 756/1563
f 647/1744 661/1299 664/1298 648/1745
f 644/1746 503/1747 504/1748 495/1749
f 647/1260 652/1263 508/1750 661/1751
f 586/1752 482/1753 483/1754 481/1755
f 481/1756 483/1050 492/1104 583/1757
f 645/1758 643/1246 642/1245 505/1759
f 642/1245 641/1244 779/1760 505/1759
f 777/1761 773/1762 692/1763 766/1764
f 692/1765 527/1766 694/1767 766/1768
f 641/1244 777/1769 766/1770 779/1760
f 766/1559 635/1231 634/1230 779/1695
f 507/1276 659/1771 665/1772 568/1277
f 681/1677 774/1653 520/1340 680/1343
f 774/1653 672/1315 671/1314 520/1340
f 696/1633 554/1773 689/1774 526/1634
f 554/1371 693/1370 689/1775
f 693/1776 698/1617 689/1777
f 693/1776 687/1778 723/1618 698/1617
f 711/1549 532/1779 707/1780 528/1546
f 707/1781 706/1560 762/1545 528/1374
f 697/1782 702/1569 767/1568
f 697/1782 767/1568 556/1630
f 697/1783 556/1552 555/1542
f 697/1783 555/1542 552/1541
f 697/1783 552/1541 553/1544
f 697/1784 553/1785 761/1786
f 697/1787 761/1788 763/1789
f 697/1790 763/1547 528/1546
f 602/1791 563/1792 562/1793 559/1794
f 602/1139 675/1326 673/1795 563/1796
f 507/1797 657/1798 658/1799 659/1800
f 568/1277 665/1772 569/1801
f 665/1673 660/1282 569/1302
f 781/1802 794/1803 790/1804 795/1805
f 781/1802 796/1806 792/1807 797/1808
f 781/1802 797/1808 783/1809 794/1803
f 782/1810 798/1811 788/1812 799/1813
f 782/1814 800/1815 785/1816 798/1817
f 782/1818 799/1819 784/1820 800/1821
f 783/1822 801/1823 791/1824 794/1825
f 783/1822 797/1826 802/1827 801/1823
f 784/1828 799/1829 803/1830 804/1831
f 784/1828 804/1831 805/1832 800/1833
f 786/1834 806/1835 796/1836 793/1837
f 786/1834 780/1838 807/1839 806/1835
f 788/1840 808/1841 809/1842 810/1843
f 788/1840 810/1843 803/1830 799/1829
f 788/1844 798/1817 795/1805 808/1845
f 789/1846 787/1847 809/1848 808/1849
f 789/1850 808/1845 795/1805 790/1804
f 787/1847 811/1851 812/1852 809/1848
f 790/1853 794/1854 791/1855 811/1856
f 791/1824 801/1823 812/1857 811/1858
f 792/1859 796/1836 806/1835 813/1860
f 792/1861 813/1862 802/1827 797/1826
f 813/1863 814/1864 815/1865 802/1866
f 813/1863 806/1867 807/1868 814/1864
f 815/1865 810/1869 809/1848 812/1852
f 815/1870 812/1857 801/1823 802/1827
f 815/1865 814/1864 803/1871 810/1869
f 814/1864 807/1868 804/1872 803/1871
f 807/1873 780/1874 805/1875 804/1876
f 798/1817 785/1816 781/1802 795/1805
f 796/1806 781/1802 785/1816 793/1877
f 805/1878 780/1879 785/1880 800/1881
f 780/1879 786/1882 793/1883 785/1880
f 787/1884 789/1885 790/1886 811/1887
f 816/1888 923/1889 924/1890 925/1891
f 817/1892 926/1893 922/1894 927/1895
f 817/1896 929/1897 923/1898 926/1899
f 818/1900 831/1901 930/1902 931/1903
f 818/1900 931/1903 900/1904 901/1905
f 816/1906 932/1907 933/1908 928/1909
f 816/1910 928/1911 927/1912 922/1913
f 819/1914 940/1915 941/1916 942/1917
f 819/1918 942/1919 943/1920 938/1921
f 820/1922 937/1923 936/1924 944/1925
f 820/1926 945/1927 946/1928 941/1929
f 820/1926 941/1929 940/1930 937/1931
f 820/1932 944/1933 947/1934 948/1935
f 821/1936 823/1937 829/1938 822/1939
f 821/1940 949/1941 824/1942 823/1943
f 822/1944 950/1945 949/1946 821/1947
f 824/1942 951/1948 946/1949 952/1950
f 824/1942 952/1950 953/1951 823/1943
f 824/1952 949/1953 954/1954 955/1955
f 824/1956 943/1957 942/1958 951/1959
f 825/1960 956/1961 945/1962 957/1963
f 825/1960 828/1964 829/1965 956/1961
f 826/1966 958/1967 930/1968 959/1969
f 829/1965 960/1970 952/1950 956/1961
f 830/1971 961/1972 840/1973 962/1974
f 826/1975 963/1976 961/1977 830/1978
f 830/1978 962/1979 958/1980 826/1975
f 831/1901 818/1900 932/1907 964/1981
f 831/1982 964/1983 925/1984 833/1985
f 831/1901 965/1986 959/1987 930/1902
f 831/1988 833/1989 947/1990 965/1991
f 832/1992 901/1993 900/1994 902/1995
f 832/1992 902/1995 966/1996 967/1997
f 833/1998 925/1891 924/1890 836/1999
f 834/2000 968/2001 833/1998 836/1999
f 834/2002 969/2003 963/2004 826/2005
f 835/2006 957/2007 948/2008 968/2009
f 836/2010 970/2011 971/2012 972/2013
f 836/1999 972/2014 973/2015 834/2000
f 836/2016 924/2017 974/2018 899/2019
f 975/2020 837/2021 976/2022 970/2023
f 837/2024 888/2025 977/2026 976/2027
f 837/2028 978/2029 979/2030 888/2031
f 837/2021 907/2032 980/2033 978/2034
f 837/2021 975/2020 899/2035 907/2032
f 838/2036 958/1980 962/1979 839/2037
f 838/2036 869/2038 882/2039 981/2040
f 838/2036 839/2037 982/2041 869/2038
f 839/2037 962/1979 983/2042 848/2043
f 840/2044 847/2045 984/2046 985/2047
f 841/2048 842/2049 986/2050 844/2051
f 963/2004 969/2003 842/2049 841/2048
f 841/2052 844/2053 987/2054 963/2055
f 842/2049 969/2003 988/2056 986/2050
f 843/2057 844/2058 986/2059 846/2060
f 845/2061 850/2062 983/2063 962/2064
f 846/2065 961/1977 963/1976 987/2066
f 847/2045 988/2067 973/2015 984/2046
f 848/2043 983/2042 852/2068 990/2069
f 848/2043 990/2069 982/2041 839/2037
f 849/2070 991/2071 985/2047 984/2046
f 849/2070 855/2072 992/2073 991/2071
f 851/2074 991/2071 992/2073 854/2075
f 852/2076 993/2077 994/2078 995/2079
f 852/2068 995/2080 996/2081 990/2069
f 853/2082 854/2083 992/2084 997/2085
f 853/2086 995/2087 994/2088 854/2089
f 853/2086 997/2090 996/2091 995/2087
f 855/2092 857/2093 997/2085 992/2084
f 855/2094 998/2095 999/2096 857/2097
f 856/2098 996/2099 997/2085 857/2093
f 856/2100 982/2041 990/2069 996/2081
f 856/2101 1000/2102 869/2103 982/2104
f 857/2105 999/2106 1001/2107 856/2108
f 858/2109 999/2110 998/2111 859/2112
f 858/2113 867/2114 868/2115 1002/2116
f 860/2117 866/2118 1003/2119 867/2120
f 1005/2121 1006/2122 1007/2123 1004/2124
f 861/2125 1006/2126 1008/2127 862/2128
f 861/2129 862/2130 1009/2131 1010/2132
f 861/2133 1010/2134 1007/2135 1006/2136
f 863/2137 1011/2138 1012/2139 875/2140
f 863/2141 875/2142 1013/2143 1014/2144
f 864/2145 876/2146 1015/2147 1016/2148
f 864/2149 1016/2150 1017/2151 1018/2152
f 865/2153 1014/2154 867/2120 1003/2119
f 865/2155 1003/2156 1019/2157 1011/2158
f 866/2159 1018/2160 1019/2157 1003/2156
f 867/2161 1014/2162 1020/2163 868/2164
f 868/2165 1021/2166 1022/2167 1002/2168
f 870/2169 1020/2170 1014/2144 1013/2143
f 870/2171 1013/2172 1022/2167 1021/2166
f 871/2173 1024/2174 1025/2175 1026/2176
f 871/2177 872/2178 1027/2179 1024/2180
f 871/2173 1026/2176 878/2181 879/2182
f 872/2183 1023/2184 1015/2147 876/2146
f 873/2185 874/2186 1025/2175 1024/2174
f 873/2187 1024/2188 1027/2189 877/2190
f 873/2191 877/2192 880/2193 874/2194
f 875/2195 1012/2196 1022/2167 1013/2172
f 876/2197 1028/2198 1029/2199 886/2200
f 876/2197 886/2200 1030/2201 872/2202
f 876/2146 864/2145 1031/2203 1028/2204
f 877/2205 1027/2206 881/2207 880/2208
f 878/2181 885/2209 1032/2210 879/2182
f 879/2211 1000/2212 1015/2213 1023/2214
f 879/2182 1032/2210 869/2038 1000/2215
f 1033/2216 1034/2217 885/2218 1035/2219
f 880/2220 1033/2221 1035/2222 1036/2223
f 880/2208 881/2207 1034/2224 1033/2225
f 881/2207 1027/2206 872/2226 1030/2227
f 881/2207 1030/2227 1037/2228 1034/2224
f 882/2039 869/2038 1032/2210 1037/2229
f 882/2230 883/2231 1038/2232 981/2233
f 883/2231 884/2234 1039/2235 1038/2232
f 883/2231 887/2236 886/2237 884/2234
f 884/2238 886/2200 1029/2199 1040/2239
f 1041/2240 980/2241 907/2242 1042/2243
f 885/2209 878/2181 1026/2176 1035/2244
f 886/2245 887/2246 1037/2247 1030/2248
f 888/2249 1043/2250 1044/2251 977/2252
f 888/2253 979/2254 1045/2255 889/2256
f 890/2257 1046/2258 894/2259 1047/2260
f 890/2261 1048/2262 898/2263 889/2264
f 890/2265 891/2266 1049/2267 1046/2268
f 891/2269 1045/2270 979/2030 1049/2271
f 892/2272 894/2273 1046/2274 893/2275
f 892/2276 893/2277 1050/2278 1051/2279
f 1051/2279 1007/2280 1010/2281 895/2282
f 892/2276 1051/2279 895/2282 894/2283
f 893/2277 1046/2284 1049/2285 1052/2286
f 895/2287 1010/2288 1009/2289 1043/2250
f 896/2290 1053/2291 1054/2292 1048/2262
f 896/2293 1048/2294 890/2257 1047/2260
f 896/2295 1047/2296 889/2297 898/2298
f 896/2299 1055/2300 1056/2301 1053/2302
f 897/2303 1057/2304 1058/2305 1059/2306
f 897/2307 1060/2308 1061/2309 1057/2310
f 898/2263 1048/2262 1054/2292 1060/2311
f 899/2312 975/2313 970/2011 836/2010
f 899/2314 974/2315 966/1996 902/1995
f 1062/2316 903/2317 908/2318 1063/2319
f 1062/2320 1063/2321 1064/2322 907/2323
f 899/2035 902/2324 1062/2325 907/2032
f 900/1904 931/1903 838/2036 981/2040
f 903/2326 1062/2327 1065/2328 904/2329
f 904/2330 1065/2331 919/2332 920/2333
f 905/2334 1064/2335 909/2336 1066/2337
f 905/2334 1066/2337 1067/2338 915/2339
f 911/2340 1068/2341 915/2339 1067/2338
f 906/2342 1066/2343 909/2344 1069/2345
f 906/2346 1070/2347 1067/2338 1066/2337
f 906/2342 1071/2348 1072/2349 1070/2350
f 906/2342 1069/2345 918/2351 1071/2348
f 909/2352 1064/2322 1063/2321 1069/2353
f 910/2354 1068/2341 911/2340 914/2355
f 911/2340 1067/2338 1070/2347 917/2356
f 912/2357 914/2355 911/2340 913/2358
f 912/2357 913/2358 1073/2359 916/2360
f 912/2361 916/2362 1074/2363 914/2364
f 911/2340 917/2356 1073/2359 913/2358
f 914/2365 1074/2366 1075/2367 1076/2368
f 916/2369 1073/2370 1072/2349 1074/2371
f 917/2372 1070/2350 1072/2349 1073/2370
f 918/2373 919/2332 1075/2367 1071/2374
f 918/2375 1069/2376 1063/2377 919/2378
f 919/2332 1065/2331 1076/2368 1075/2367
f 921/2379 1078/2380 1079/2381 1077/2382
f 1075/2383 1074/2384 1072/2385 1071/2386
f 1080/2387 1076/2388 1065/2389 1062/2390
f 1080/2391 1062/2392 902/2393 900/2394
f 1080/2395 900/1904 981/2040 1038/2396
f 1061/2397 1060/2311 1054/2292 1081/2398
f 1052/2399 978/2029 980/2241 1040/2400
f 1052/2286 1040/2239 1029/2199 893/2277
f 1052/2399 1049/2271 979/2030 978/2029
f 1051/2401 1050/2402 1082/2403 1083/2404
f 1051/2401 1083/2404 1004/2405 1007/2406
f 1083/2407 1082/2408 1084/2409 1085/2410
f 1083/2407 1085/2410 1005/2121 1004/2124
f 1085/2411 1084/2412 1086/2413 1087/2414
f 1085/2411 1087/2414 1088/2415 1005/2416
f 1088/2417 1087/2418 977/2026 1044/2419
f 1088/2420 1044/2421 1089/2422 1008/2423
f 1088/2415 1008/2424 1006/2425 1005/2416
f 1087/2418 1086/2426 976/2027 977/2026
f 1086/2427 1084/2428 1090/2429 971/2430
f 1086/2431 971/2012 970/2011 976/2432
f 1084/2433 1082/2434 1031/2435 1090/2436
f 1082/2403 1050/2402 1028/2204 1031/2203
f 1050/2278 893/2277 1029/2199 1028/2198
f 1044/2251 1043/2250 1009/2289 1089/2437
f 1042/2243 1039/2438 884/2439 1041/2240
f 1041/2240 884/2439 1040/2400 980/2241
f 1037/2440 1032/2441 885/2218 1034/2217
f 1035/2244 1026/2176 1025/2175 1036/2442
f 1036/2442 1025/2175 874/2186 880/2443
f 1022/2167 1012/2196 1091/2444 1002/2168
f 1019/2445 1018/2446 1017/2447 1091/2448
f 1019/2445 1091/2448 1012/2449 1011/2450
f 1016/2451 1015/2452 1000/2102 856/2101
f 1016/2453 856/2454 1001/2455 1017/2456
f 1089/2437 1009/2289 862/2457 1008/2458
f 858/2459 1002/2168 1091/2444 1017/2456
f 1001/2455 999/2460 858/2459 1017/2456
f 1092/2461 855/2462 849/2463 1090/2464
f 1092/2465 1090/2436 1031/2435 864/2466
f 1090/2467 849/2070 972/2014 971/2468
f 849/2070 984/2046 973/2015 972/2014
f 961/2469 846/2060 986/2059 988/2470
f 847/2471 840/2472 961/2469 988/2470
f 988/2067 969/2473 834/2000 973/2015
f 838/2036 931/1903 930/1902 958/1980
f 974/2474 924/1890 923/1889 929/2475
f 974/2315 929/2476 1093/2477 966/1996
f 966/1996 1093/2477 933/2478 967/1997
f 833/2479 968/2009 948/2008 947/2480
f 953/2481 960/2482 829/1938 823/1937
f 956/1961 952/1950 946/1949 945/1962
f 957/2007 945/1927 820/1926 948/2008
f 951/1948 942/1917 941/1916 946/1949
f 1094/2483 965/2484 947/2485 944/2486
f 1094/2487 944/2488 936/2489 935/2490
f 1094/2491 935/2492 938/2493 943/2494
f 940/1930 939/2495 934/2496 937/1931
f 939/2497 938/2493 935/2492 934/2498
f 967/2499 933/1908 932/1907 818/1900
f 964/1983 932/2500 816/2501 925/1984
f 934/2502 935/2503 936/2504 937/2505
f 819/2506 938/2507 939/2508 940/2509
f 851/2510 854/2511 994/2512 993/2513
f 863/2514 1014/2515 865/2155 1011/2158
f 868/2516 1020/2517 870/2518 1021/2519
f 871/2177 879/2211 1023/2214 872/2178
f 816/2520 922/2521 926/2522 923/2523
f 889/2524 1045/2270 891/2269 890/2525
f 887/2246 883/2526 882/2527 1037/2247
f 953/2528 952/2529 960/2530
f 1078/2531 921/2532 1077/2533
f 901/1993 832/1992 967/1997 818/2534
f 985/2047 991/2071 851/2074 993/2535 852/2536 983/2537 850/2538
f 985/2047 850/2538 845/2539
f 985/2540 845/2541 962/2542
f 985/2543 962/2544 840/2545
f 1018/2546 866/2547 860/2548 998/2549
f 860/2550 867/2114 858/2113 998/2551
f 1092/2461 864/2552 855/2462
f 864/2552 1018/2553 998/2554 855/2462
f 858/2555 859/2556 998/2557
f 889/2256 1047/2558 894/2559 888/2253
f 894/2560 895/2287 1043/2250 888/2249
f 904/2561 920/2562 919/2563
f 904/2564 919/2378 1063/2377
f 904/2565 1063/2566 908/2567
f 904/2565 908/2567 903/2568
f 1076/2569 1080/2395 1038/2396 1039/2570
f 914/2571 1076/2572 1096/2573 910/2574
f 1064/2575 905/2576 1095/2577 907/2578
f 905/2579 915/2580 1068/2581 1095/2582
f 1068/2583 910/2584 1096/2585 1095/2586
f 1095/2587 1096/2573 1076/2572
f 1095/2588 1076/2589 1039/2590
f 1095/2577 1039/2591 1042/2592
f 1095/2577 1042/2592 907/2578
f 928/2593 933/2478 1093/2477 927/2594
f 1093/2477 929/2476 817/2595 927/2594
f 954/2596 949/1946 950/1945
f 954/2597 950/2598 822/2599
f 954/2600 822/1939 829/1938
f 954/2601 829/2602 827/2603
f 954/2604 827/2605 1094/2491
f 954/2604 1094/2491 943/2494
f 954/2606 943/1957 824/1956
f 954/2607 824/2608 955/2609
f 989/2610 846/2065 987/2066 844/2611
f 1055/2612 1060/2613 897/2614 1059/2615
f 825/2616 827/2603 829/2602 828/2617
f 843/2057 846/2060 989/2618 844/2058
f 896/2619 898/2620 1060/2613 1055/2612
f 827/2605 959/1987 965/1986 1094/2491
f 827/2603 825/2616 957/2621 835/2622 968/2623 834/2624 826/2625 959/2626
f 1097/2627 1101/2628 1102/2629 1103/2630
f 1098/2631 1104/2632 1105/2633 1106/2634
f 1099/2635 1107/2636 1105/2637 1104/2638
f 1100/2639 1103/2630 1102/2629 1108/2640
f 1108/2640 1102/2629 1105/2641 1107/2642
f 1106/2643 1105/2644 1102/2645 1101/2646
f 1110/2647 1112/2648 1113/2649 1114/2650
f 1110/2647 1114/2650 1115/2651 1111/2652
f 1110/2647 1109/2653 1116/2654 1112/2648
f 1116/2654 1117/2655 1118/2656 1112/2648
f 1118/2656 1119/2657 1120/2658 1121/2659
f 1118/2656 1121/2659 1113/2649 1112/2648
f 1118/2656 1117/2655 1122/2660 1119/2657
f 1122/2660 1123/2661 1124/2662 1119/2657
f 1124/2662 1125/2663 1126/2664 1127/2665
f 1124/2662 1127/2665 1120/2658 1119/2657
f 1124/2662 1123/2661 1128/2666 1125/2663
f 1128/2666 1129/2667 1130/2668 1125/2663
f 1130/2668 1131/2669 1126/2664 1125/2663
f 1111/2652 1115/2651 1117/2655 1132/2670
f 1117/2655 1116/2654 1109/2653 1132/2670
f 1109/2653 1110/2647 1111/2652 1132/2670
f 1133/2671 1136/2672 1137/2673 1138/2674
f 1133/2675 1138/2676 1134/2677 1139/2678
f 1133/2679 1139/2680 1140/2681 1136/2682
f 1138/2676 1141/2683 1134/2677
f 1135/2684 1143/2685 1144/2686 1145/2687
f 1135/2688 1146/2689 1147/2690 1143/2691
f 1135/2692 1148/2693 1149/2694 1146/2695
f 1135/2684 1145/2687 1140/2696 1148/2697
f 1149/2694 1148/2693 1142/2698 1141/2699
f 1149/2700 1141/2701 1138/2702 1137/2703
f 1149/2694 1137/2704 1150/2705 1146/2695
f 1150/2706 1151/2707 1147/2708 1146/2709
f 1150/2710 1137/2711 1136/2712 1152/2713
f 1150/2714 1152/2715 1153/2716 1151/2717
f 1153/2716 1154/2718 1155/2719 1151/2717
f 1153/2720 1152/2713 1145/2721 1144/2722
f 1153/2720 1144/2722 1156/2723 1154/2724
f 1156/2725 1157/2726 1158/2727 1154/2728
f 1156/2725 1144/2686 1143/2685 1159/2729
f 1156/2725 1159/2729 1160/2730 1157/2726
f 1160/2731 1159/2732 1161/2733 1162/2734
f 1162/2735 1161/2736 1155/2737 1163/2738
f 1164/2739 1162/2735 1163/2738
f 1161/2733 1159/2732 1143/2691 1147/2690
f 1161/2736 1147/2708 1151/2707 1155/2737
f 1152/2713 1136/2712 1140/2740 1145/2721
f 1148/2741 1140/2742 1139/2743 1142/2744
f 1134/2745 1141/2746 1142/2747 1139/2748
f 1163/2749 1155/2719 1154/2718 1158/2750
f 1165/2751 1167/2752 1168/2753 1169/2754
f 1165/2751 1170/2755 1166/2756 1167/2752
f 1165/2751 1169/2754 1171/2757 1170/2755
f 1166/2756 1170/2755 1172/2758 1173/2759
f 1166/2756 1173/2759 1174/2760 1175/2761
f 1166/2756 1176/2762 1177/2763 1167/2752
f 1177/2763 1178/2764 1168/2753 1167/2752
f 1179/2765 1176/2766 1166/2767 1175/2768
f 1172/2758 1170/2755 1171/2757 1180/2769
f 1180/2769 1171/2757 1181/2770 1182/2771
f 1181/2772 1171/2773 1169/2774 1183/2775
f 1184/2776 1188/2777 1189/2778 1190/2779
f 1185/2780 1191/2781 1192/2782 1193/2783
f 1186/2784 1194/2785 1195/2786 1196/2787
f 1187/2788 1197/2789 1198/2790 1199/2791
f 1198/2790 1197/2789 1200/2792 1201/2793
f 1198/2790 1201/2793 1202/2794 1192/2782
f 1198/2790 1192/2782 1191/2781 1199/2791
f 1202/2794 1201/2793 1203/2795 1204/2796
f 1202/2794 1204/2796 1205/2797 1206/2798
f 1202/2794 1206/2798 1193/2783 1192/2782
f 1205/2797 1204/2796 1207/2799 1208/2800
f 1208/2800 1207/2799 1189/2778 1188/2777
f 1207/2799 1209/2801 1195/2786 1189/2778
f 1207/2799 1204/2796 1203/2795 1209/2801
f 1209/2801 1210/2802 1196/2787 1195/2786
f 1209/2801 1203/2795 1211/2803 1210/2802
f 1211/2803 1203/2795 1201/2793 1200/2792
f 1195/2786 1194/2785 1190/2779 1189/2778
f 1212/2804 1213/2805 1214/2806 1215/2807
f 1212/2804 1215/2807 1216/2808 1217/2809
f 1212/2804 1217/2809 1218/2810 1213/2805
f 1221/2811 1219/2812 1222/2813 1223/2814
f 1221/2811 1223/2814 1224/2815 1225/2816
f 1226/2817 1227/2818 1228/2819
f 1229/2820 1224/2815 1230/2821 1231/2822
f 1230/2821 1224/2815 1223/2814 1232/2823
f 1220/2824 1219/2825 1233/2826 1234/2827
f 1234/2827 1233/2826 1235/2828 1236/2829
f 1237/2830 1238/2831 1239/2832 1240/2833
f 1239/2832 1238/2831 1241/2834 1242/2835
f 1242/2836 1241/2837 1243/2838 1244/2839
f 1244/2839 1243/2838 1213/2805 1218/2810
f 1243/2840 1241/2834 1245/2841 1246/2842
f 1243/2838 1246/2843 1214/2806 1213/2805
f 1245/2841 1241/2834 1238/2831 1247/2844
f 1216/2845 1215/2846 1248/2847 1249/2848
f 1249/2849 1248/2850 1250/2851 1251/2852
f 1249/2853 1251/2854 1252/2855 1253/2856
f 1253/2857 1252/2858 1254/2859 1255/2860
f 1247/2844 1238/2831 1237/2830
f 1225/2816 1224/2815 1229/2820
f 1222/2861 1219/2862 1221/2863
f 1233/2864 1219/2865 1220/2866
f 1256/2867 1257/2868 1258/2869
f 1260/2870 1261/2871 1258/2869 1257/2868
f 1257/2868 1259/2872 1260/2870
f 1261/2871 1260/2870 1262/2873 1263/2874
f 1263/2874 1262/2873 1264/2875 1265/2876
f 1264/2875 1262/2873 1266/2877 1267/2878
f 1267/2878 1266/2877 1268/2879 1269/2880
f 1268/2879 1266/2877 1260/2870 1259/2872
f 1266/2877 1262/2873 1260/2870
f 1270/2881 1271/2882 1272/2883
f 1275/2884 1272/2883 1271/2882 1273/2885
f 1273/2885 1274/2886 1275/2884
f 1275/2884 1274/2886 1276/2887 1277/2888
f 1277/2889 1276/2890 1278/2891 1279/2892
f 1279/2893 1278/2894 1280/2895 1281/2896
f 1280/2895 1282/2897 1283/2898 1281/2896
f 1280/2895 1278/2894 1284/2899 1285/2900
f 1280/2895 1285/2900 1286/2901 1282/2897
f 1286/2901 1285/2900 1287/2902 1288/2903
f 1287/2902 1285/2900 1284/2899 1289/2904
f 1289/2904 1284/2899 1290/2905 1291/2906
f 1291/2907 1290/2908 1274/2886 1273/2885
f 1290/2905 1284/2899 1278/2894 1276/2909
f 1290/2905 1276/2909 1274/2910
f 1292/2911 1299/2912 1300/2913 1301/2914
f 1292/2915 1293/2916 1302/2917 1299/2918
f 1292/2915 1297/2919 1303/2920 1293/2916
f 1293/2916 1303/2920 1304/2921 1305/2922
f 1293/2923 1305/2924 1306/2925 1307/2926
f 1294/2927 1308/2928 1309/2929 1296/2930
f 1294/2931 1296/2932 1310/2933 1311/2934
f 1295/2935 1312/2936 1313/2937 1314/2938
f 1295/2935 1314/2938 1315/2939 1316/2940
f 1296/2932 1317/2941 1318/2942 1310/2933
f 1297/2919 1298/2943 1321/2944 1322/2945
f 1297/2919 1323/2946 1324/2947 1298/2943
f 1322/2945 1321/2944 1325/2948 1326/2949
f 1326/2949 1325/2948 1327/2950 1328/2951
f 1328/2951 1327/2950 1329/2952 1330/2953
f 1330/2953 1329/2952 1331/2954 1332/2955
f 1331/2954 1329/2952 1294/2931 1311/2934
f 1329/2952 1327/2950 1312/2936 1294/2931
f 1327/2950 1325/2948 1313/2937 1312/2936
f 1320/2956 1323/2946 1297/2919 1292/2915
f 1333/2957 1334/2958 1335/2959 1336/2960
f 1336/2960 1335/2959 1337/2961 1338/2962
f 1339/2963 1340/2964 1341/2965 1342/2966
f 1320/2967 1292/2911 1301/2914
f 1317/2941 1296/2932 1309/2968
f 1303/2920 1297/2919 1322/2945
f 1306/2925 1305/2924 1304/2969
f 1302/2970 1293/2923 1307/2926
f 1314/2971 1313/2972 1344/2973 1343/2974
f 1325/2948 1321/2944 1344/2975 1313/2937
f 1343/2974 1344/2973 1324/2976 1319/2977
f 1344/2975 1321/2944 1298/2943 1324/2947
f 1308/2978 1294/2931 1312/2936
f 1308/2978 1312/2936 1295/2935
f 1308/2978 1295/2935 1316/2940
f 1314/2938 1343/2979 1319/2980 1315/2939
f 1345/2981 1346/2982 1347/2983
f 1346/2984 1348/2985 1349/2986 1347/2987
f 1349/2988 1348/2989 1350/2990 1351/2991
f 1351/2992 1350/2993 1352/2994 1353/2995
f 1352/2994 1350/2993 1354/2996 1355/2997
f 1355/2997 1354/2996 1356/2998 1357/2999
f 1357/2999 1356/2998 1358/3000 1359/3001
f 1359/3001 1358/3000 1360/3002 1361/3003
f 1360/3002 1358/3000 1362/3004 1363/3005
f 1362/3004 1358/3000 1356/2998 1364/3006
f 1364/3006 1356/2998 1354/2996 1365/3007
f 1365/3007 1354/2996 1350/2993 1348/3008
f 1368/3009 1367/3010 1369/3011 1370/3012
f 1370/3012 1369/3011 1371/3013 1372/3014
f 1372/3014 1371/3013 1373/3015 1374/3016
f 1366/3017 1367/3010 1368/3009
f 1373/3015 1371/3013 1369/3011 1367/3010
f 1367/3018 1375/3019 1374/3020 1373/3021
f 1376/3022 1380/3023 1381/3024 1382/3025
f 1377/3026 1382/3025 1381/3024 1383/3027
f 1378/3028 1384/3029 1385/3030 1386/3031
f 1379/3032 1386/3033 1385/3034 1387/3035
f 1387/3035 1385/3034 1388/3036 1389/3037
f 1389/3038 1388/3039 1390/3040 1391/3041
f 1391/3041 1390/3040 1392/3042 1393/3043
f 1393/3043 1392/3042 1394/3044 1395/3045
f 1395/3045 1394/3044 1381/3024 1380/3023
f 1394/3044 1396/3046 1383/3027 1381/3024
f 1394/3044 1392/3042 1397/3047 1396/3046
f 1397/3047 1392/3042 1390/3040 1398/3048
f 1398/3048 1390/3040 1388/3039 1399/3049
f 1399/3049 1388/3039 1385/3050 1384/3051
f 1400/3052 1401/3053 1402/3054 1403/3055
f 1404/3056 1403/3057 1405/3058 1406/3059
f 1405/3058 1403/3057 1402/3060 1408/3061
f 1408/3062 1403/3063 1404/3064
f 1408/3062 1402/3065 1401/3066
f 1408/3062 1401/3066 1400/3067
f 1408/3062 1400/3067 1403/3063
f 1404/3064 1406/3068 1407/3069 1408/3062
f 1409/3070 1410/3071 1411/3072 1412/3073
f 1409/3070 1412/3073 1413/3074 1414/3075
f 1413/3074 1415/3076 1416/3077 1414/3075
f 1416/3077 1417/3078 1418/3079 1414/3075
f 1419/3080 1420/3081 1421/3082
f 1410/3071 1409/3070 1414/3075 1418/3079
f 1422/3083 1423/3084 1424/3085 1425/3086
f 1422/3087 1425/3088 1426/3089 1427/3090
f 1423/3091 1422/3092 1427/3093
f 1428/3094 1429/3095 1430/3096 1431/3097
f 1428/3098 1431/3099 1432/3100 1433/3101
f 1432/3102 1431/3103 1434/3104 1435/3105
f 1434/3104 1436/3106 1437/3107 1435/3105
f 1434/3108 1431/3097 1430/3096 1438/3109
f 1434/3108 1438/3109 1439/3110 1436/3111
f 1439/3110 1440/3112 1441/3113 1436/3111
f 1439/3110 1438/3109 1442/3114 1443/3115
f 1439/3110 1443/3115 1444/3116 1440/3112
f 1444/3116 1445/3117 1446/3118 1440/3112
f 1444/3116 1443/3115 1447/3119 1448/3120
f 1444/3116 1448/3120 1449/3121 1445/3117
f 1449/3121 1450/3122 1451/3123 1445/3117
f 1451/3123 1452/3124 1446/3118 1445/3117
f 1452/3124 1453/3125 1454/3126 1446/3118
f 1454/3126 1453/3125 1455/3127 1456/3128
f 1454/3126 1456/3128 1457/3129 1441/3113
f 1454/3126 1441/3113 1440/3112 1446/3118
f 1457/3130 1437/3107 1436/3106 1441/3131
f 1447/3119 1443/3115 1442/3114 1458/3132
f 1458/3132 1442/3114 1459/3133 1460/3134
f 1460/3134 1459/3133 1461/3135 1462/3136
f 1461/3135 1459/3133 1430/3096 1429/3095
f 1459/3133 1442/3114 1438/3109 1430/3096
f 1462/3137 1461/3138 1433/3139
f 1461/3138 1429/3140 1428/3141 1433/3139
f 1463/3142 1464/3143 1465/3144 1466/3145
f 1463/3142 1467/3146 1468/3147 1464/3143
f 1463/3148 1466/3149 1469/3150 1470/3151
f 1468/3147 1471/3152 1472/3153 1464/3143
f 1472/3153 1473/3154 1465/3144 1464/3143
f 1467/3155 1463/3156 1470/3157
f 1474/3158 1475/3159 1476/3160 1477/3161
f 1474/3162 1477/3163 1478/3164 1479/3165
f 1475/3166 1474/3167 1479/3168
f 1480/3169 1514/3170 1515/3171 1516/3172
f 1480/3173 1516/3174 1517/3175 1518/3176
f 1480/3177 1518/3178 1519/3179 1514/3180
f 1481/3181 1507/3182 1520/3183 1521/3184
f 1481/3185 1517/3175 1516/3174 1507/3186
f 1481/3185 1521/3187 1522/3188 1517/3175
f 1482/3189 1523/3190 1524/3191 1525/3192
f 1482/3193 1525/3194 1521/3184 1520/3183
f 1483/3195 1518/3176 1517/3175 1522/3188
f 1483/3196 1486/3197 1519/3198 1518/3199
f 1526/3200 1527/3201 1528/3202 1529/3203
f 1484/3204 1530/3205 1531/3206 1529/3207
f 1484/3208 1529/3209 1528/3210 1532/3211
f 1485/3212 1532/3213 1533/3214 1534/3215
f 1485/3216 1534/3217 1535/3218 1530/3219
f 1485/3216 1530/3219 1484/3220 1532/3221
f 1486/3197 1536/3222 1537/3223 1538/3224
f 1486/3197 1538/3224 1539/3225 1519/3198
f 1487/3226 1538/3224 1537/3223 1488/3227
f 1487/3226 1488/3227 1540/3228 1541/3229
f 1487/3226 1541/3229 1539/3225 1538/3224
f 1488/3227 1545/3230 1544/3231 1540/3228
f 1488/3232 1546/3233 1547/3234 1545/3235
f 1488/3232 1537/3236 1548/3237 1546/3233
f 1489/3238 1493/3239 1541/3240 1540/3241
f 1489/3242 1543/3243 1549/3244 1550/3245
f 1489/3246 1550/3247 1551/3248 1492/3249
f 1489/3250 1492/3251 1552/3252 1493/3253
f 1490/3254 1553/3255 1494/3256 1491/3257
f 1490/3258 1554/3259 1555/3260 1553/3261
f 1490/3258 1491/3262 1556/3263 1554/3259
f 1492/3264 1553/3265 1555/3266 1552/3267
f 1493/3268 1552/3269 1498/3270 1557/3271
f 1493/3239 1558/3272 1539/3273 1541/3240
f 1493/3268 1557/3271 1559/3274 1558/3275
f 1492/3249 1551/3248 1494/3256 1553/3255
f 1495/3276 1560/3277 1561/3278 1562/3279
f 1499/3280 1563/3281 1560/3277 1495/3276
f 1495/3276 1562/3279 1503/3282 1499/3280
f 1564/3283 1565/3284 1505/3285 1562/3286
f 1496/3287 1566/3288 1515/3171 1559/3274
f 1496/3287 1559/3274 1557/3271 1567/3289
f 1497/3290 1568/3291 1569/3292 1570/3293
f 1497/3290 1570/3293 1571/3294 1572/3295
f 1497/3290 1567/3296 1573/3297 1568/3291
f 1498/3270 1573/3298 1567/3289 1557/3271
f 1498/3299 1552/3267 1555/3266 1573/3300
f 1499/3301 1503/3302 1570/3293 1569/3292
f 1499/3280 1569/3303 1556/3304 1563/3281
f 1500/3305 1501/3306 1502/3307 1571/3308
f 1500/3309 1571/3310 1570/3311 1503/3312
f 1500/3313 1503/3282 1574/3314 1575/3315
f 1502/3316 1576/3317 1572/3295 1571/3294
f 1504/3318 1506/3319 1575/3320 1574/3321
f 1504/3322 1574/3323 1505/3324 1531/3325
f 1504/3326 1531/3206 1530/3205 1535/3327
f 1505/3328 1574/3314 1503/3282 1562/3279
f 1506/3329 1577/3330 1578/3331 1575/3332
f 1510/3333 1580/3334 1581/3335 1582/3336
f 1579/3337 1508/3338 1510/3339 1582/3340
f 1508/3341 1511/3342 1509/3343 1512/3344
f 1509/3343 1579/3345 1582/3346 1512/3344
f 1512/3347 1582/3348 1583/3349 1513/3350
f 1510/3351 1508/3352 1512/3353 1513/3354
f 1513/3355 1583/3356 1584/3357 1510/3358
f 1581/3359 1580/3360 1585/3361 1577/3362
f 1581/3363 1577/3364 1506/3365 1586/3366
f 1581/3363 1586/3366 1583/3367 1582/3368
f 1585/3369 1580/3370 1566/3371 1496/3372
f 1585/3361 1496/3373 1572/3295 1576/3317
f 1585/3361 1576/3317 1578/3374 1577/3362
f 1580/3334 1510/3333 1584/3375 1566/3376
f 1578/3374 1576/3317 1502/3316 1501/3377
f 1578/3378 1501/3379 1500/3313 1575/3315
f 1573/3297 1555/3380 1554/3381 1568/3291
f 1569/3292 1568/3291 1554/3381 1556/3382
f 1497/3290 1572/3295 1496/3373 1567/3296
f 1505/3383 1526/3200 1529/3203 1531/3384
f 1505/3383 1565/3385 1527/3201 1526/3200
f 1565/3385 1564/3386 1587/3387 1588/3388
f 1565/3385 1588/3388 1589/3389 1527/3201
f 1589/3390 1590/3391 1528/3392 1527/3393
f 1589/3389 1588/3388 1591/3394 1547/3395
f 1589/3390 1547/3396 1546/3397 1590/3391
f 1591/3394 1588/3388 1587/3387 1549/3244
f 1591/3394 1549/3244 1543/3243 1542/3398
f 1591/3399 1542/3400 1545/3401 1547/3402
f 1590/3403 1533/3404 1532/3211 1528/3210
f 1590/3403 1546/3233 1548/3237 1533/3404
f 1587/3405 1564/3283 1562/3286 1561/3406
f 1587/3405 1561/3406 1550/3407 1549/3408
f 1561/3278 1560/3277 1551/3248 1550/3247
f 1559/3274 1515/3171 1514/3170 1558/3275
f 1558/3272 1514/3180 1519/3179 1539/3273
f 1563/3409 1556/3410 1491/3411 1494/3412
f 1563/3281 1494/3256 1551/3248 1560/3277
f 1489/3238 1540/3241 1544/3413 1543/3414
f 1548/3237 1592/3415 1534/3416 1533/3404
f 1548/3237 1537/3236 1536/3417 1592/3415
f 1592/3418 1524/3191 1535/3218 1534/3217
f 1592/3418 1536/3419 1525/3192 1524/3191
f 1586/3420 1506/3421 1504/3422 1535/3423
f 1586/3424 1535/3218 1524/3191 1523/3190
f 1520/3425 1584/3357 1583/3356 1586/3426
f 1523/3427 1482/3428 1520/3429 1586/3430
f 1522/3431 1521/3432 1525/3192 1536/3419
f 1522/3431 1536/3419 1486/3433 1483/3434
f 1515/3435 1566/3436 1584/3437 1520/3438
f 1516/3172 1515/3171 1520/3439 1507/3440
f 1542/3400 1543/3441 1544/3442 1545/3401
f 1508/3338 1579/3337 1509/3443 1511/3444
f 1593/3445 1616/3446 1617/3447 1618/3448
f 1593/3445 1618/3448 1619/3449 1620/3450
f 1594/3451 1621/3452 1622/3453 1616/3454
f 1594/3451 1616/3454 1593/3455 1623/3456
f 1594/3457 1624/3458 1625/3459 1621/3460
f 1595/3461 1626/3462 1617/3463 1596/3464
f 1595/3465 1627/3466 1628/3467 1626/3468
f 1596/3464 1617/3463 1616/3469 1622/3470
f 1597/3471 1619/3449 1618/3448 1630/3472
f 1597/3473 1630/3474 1631/3475 1632/3476
f 1597/3471 1633/3477 1634/3478 1619/3449
f 1598/3479 1601/3480 1634/3481 1633/3482
f 1599/3483 1635/3484 1636/3485 1637/3486
f 1599/3487 1603/3488 1638/3489 1635/3490
f 1599/3491 1637/3492 1639/3493 1603/3494
f 1600/3495 1640/3496 1641/3497 1642/3498
f 1600/3499 1642/3500 1643/3501 1644/3502
f 1600/3495 1644/3503 1645/3504 1640/3496
f 1602/3505 1641/3497 1646/3506 1604/3507
f 1602/3508 1604/3509 1647/3510 1648/3511
f 1603/3488 1639/3512 1646/3506 1638/3489
f 1604/3509 1646/3513 1639/3514 1647/3510
f 1597/3473 1632/3476 1649/3515 1633/3516
f 1605/3517 1650/3518 1645/3519 1644/3520
f 1605/3521 1651/3522 1652/3523 1650/3524
f 1605/3525 1644/3526 1643/3527 1651/3528
f 1606/3529 1653/3530 1608/3531 1607/3532
f 1606/3533 1652/3534 1651/3528 1654/3535
f 1606/3529 1655/3536 1656/3537 1652/3538
f 1606/3539 1654/3540 1649/3541 1653/3542
f 1606/3529 1607/3532 1657/3543 1655/3536
f 1607/3532 1608/3531 1658/3544 1609/3545
f 1607/3532 1609/3545 1659/3546 1657/3543
f 1608/3531 1653/3530 1610/3547 1658/3544
f 1609/3545 1658/3544 1624/3458 1594/3457
f 1609/3545 1594/3457 1623/3548 1659/3546
f 1610/3549 1632/3476 1631/3475 1660/3550
f 1610/3551 1660/3552 1624/3553 1658/3554
f 1611/3555 1613/3556 1615/3557 1659/3558
f 1611/3555 1659/3558 1623/3559 1661/3560
f 1612/3561 1662/3562 1663/3563 1615/3564
f 1614/3565 1620/3450 1619/3449 1634/3478
f 1614/3566 1602/3508 1648/3511 1662/3567
f 1614/3565 1634/3478 1601/3568 1602/3569
f 1663/3563 1664/3570 1655/3571 1657/3572
f 1663/3563 1657/3572 1659/3573 1615/3564
f 1663/3563 1662/3562 1648/3574 1664/3570
f 1664/3575 1665/3576 1656/3577 1655/3578
f 1664/3575 1648/3579 1647/3580 1665/3576
f 1665/3576 1637/3492 1636/3581 1656/3577
f 1665/3576 1647/3580 1639/3493 1637/3492
f 1660/3550 1631/3475 1628/3582 1629/3583
f 1660/3584 1629/3585 1625/3586 1624/3587
f 1610/3588 1653/3589 1649/3590 1632/3591
f 1656/3592 1636/3485 1650/3593 1652/3594
f 1650/3593 1636/3485 1635/3484 1645/3595
f 1646/3506 1641/3497 1640/3496 1638/3489
f 1645/3504 1635/3490 1638/3489 1640/3496
f 1642/3498 1641/3497 1602/3505 1601/3596
f 1642/3500 1601/3480 1598/3479 1643/3501
f 1654/3535 1651/3528 1643/3527 1598/3597
f 1654/3598 1598/3599 1633/3600 1649/3601
f 1631/3602 1630/3603 1626/3468 1628/3467
f 1630/3603 1618/3604 1617/3605 1626/3468
f 1627/3606 1595/3607 1621/3608 1625/3609
f 1661/3610 1623/3456 1593/3455 1620/3611
f 1595/3612 1596/3613 1622/3614 1621/3615
f 1625/3616 1629/3583 1628/3582 1627/3617
f 1620/3618 1614/3619 1662/3562 1612/3561
f 1661/3560 1620/3620 1613/3556 1611/3555
f 1620/3618 1612/3561 1615/3564 1613/3621
f 1666/3622 1667/3623 1668/3624 1669/3625
f 1666/3626 1669/3627 1670/3628 1671/3629
f 1666/3630 1671/3631 1672/3632 1673/3633
f 1666/3634 1673/3635 1674/3636 1667/3637
f 1675/3638 1678/3639 1679/3640 1676/3641
f 1677/3642 1680/3643 1681/3644 1682/3645
f 1677/3646 1683/3647 1684/3648 1680/3649
f 1685/3650 1684/3651 1683/3652
f 1682/3645 1681/3644 1686/3653 1687/3654
f 1687/3654 1688/3655 1675/3656 1689/3657
f 1687/3654 1686/3653 1690/3658 1688/3655
f 1691/3659 1675/3660 1676/3661
f 1691/3662 1676/3663 1679/3664
f 1678/3665 1675/3660 1691/3659
f 1683/3666 1677/3667 1682/3668
f 1689/3669 1675/3670 1688/3671
f 1692/3672 1696/3673 1697/3674 1698/3675
f 1693/3676 1699/3677 1700/3678 1701/3679
f 1694/3680 1702/3681 1703/3682 1704/3683
f 1695/3684 1705/3685 1706/3686 1707/3687
f 1706/3686 1705/3685 1704/3683 1703/3682
f 1706/3686 1703/3682 1697/3674 1700/3678
f 1706/3686 1700/3678 1699/3677 1707/3687
f 1703/3682 1702/3681 1698/3675 1697/3674
f 1700/3678 1697/3674 1696/3673 1701/3679
f 1708/3688 1731/3689 1717/3690 1716/3691
f 1708/3692 1716/3693 1732/3694 1733/3695
f 1709/3696 1734/3697 1711/3698 1735/3699
f 1709/3700 1735/3701 1736/3702 1729/3703
f 1709/3704 1737/3705 1725/3706 1734/3707
f 1710/3708 1738/3709 1735/3710 1711/3711
f 1711/3712 1734/3713 1739/3714 1731/3715
f 1711/3716 1726/3717 1715/3718 1710/3719
f 1712/3720 1740/3721 1741/3722 1738/3723
f 1712/3724 1713/3725 1718/3726 1740/3727
f 1713/3728 1710/3719 1715/3718 1718/3729
f 1714/3730 1715/3731 1728/3732 1742/3733
f 1714/3734 1742/3735 1741/3722 1740/3721
f 1714/3736 1740/3737 1718/3738 1715/3739
f 1715/3731 1726/3740 1725/3741 1728/3732
f 1716/3742 1717/3743 1743/3744 1744/3745
f 1717/3746 1731/3715 1739/3714 1724/3747
f 1717/3748 1724/3749 1722/3750 1743/3751
f 1719/3752 1745/3753 1746/3754 1747/3755
f 1719/3752 1747/3755 1748/3756 1749/3757
f 1720/3758 1749/3759 1748/3760 1721/3761
f 1720/3762 1721/3763 1750/3764 1730/3765
f 1720/3758 1730/3766 1751/3767 1749/3759
f 1721/3768 1748/3756 1747/3755 1752/3769
f 1725/3770 1737/3771 1727/3772 1755/3773
f 1725/3706 1726/3774 1739/3775 1734/3707
f 1727/3776 1729/3777 1736/3778 1755/3779
f 1728/3780 1725/3770 1755/3773 1742/3781
f 1730/3765 1746/3782 1745/3783 1756/3784
f 1730/3766 1757/3785 1758/3786 1751/3767
f 1730/3787 1756/3788 1759/3789 1760/3790
f 1759/3791 1756/3792 1722/3793 1723/3794
f 1758/3795 1761/3796 1762/3797 1751/3798
f 1756/3799 1745/3800 1743/3801 1722/3802
f 1755/3779 1736/3778 1741/3722 1742/3735
f 1754/3803 1763/3804 1759/3791 1723/3794
f 1753/3805 1746/3782 1730/3765 1750/3764
f 1753/3806 1752/3769 1747/3755 1746/3754
f 1741/3722 1736/3778 1735/3807 1738/3723
f 1710/3708 1713/3808 1712/3809 1738/3709
f 1709/3810 1729/3811 1727/3812 1737/3813
f 1757/3814 1730/3815 1760/3816
f 1719/3752 1749/3757 1751/3817 1762/3818
f 1732/3819 1716/3742 1744/3745 1761/3820
f 1744/3745 1743/3744 1762/3818 1761/3820
f 1743/3744 1745/3753 1719/3752 1762/3818
f 1754/3821 1723/3822 1708/3823 1733/3824
f 1723/3822 1739/3825 1731/3826 1708/3823
f 1723/3794 1722/3793 1724/3827 1739/3828
f 1711/3829 1731/3830 1739/3831 1726/3832
f 1721/3833 1752/3834 1753/3835 1750/3836
f 1764/3837 1771/3838 1772/3839 1773/3840
f 1765/3841 1774/3842 1775/3843 1776/3844
f 1766/3845 1777/3846 1778/3847 1779/3848
f 1767/3849 1779/3848 1778/3847 1780/3850
f 1768/3851 1773/3840 1772/3839 1781/3852
f 1769/3853 1782/3854 1775/3843 1774/3842
f 1770/3855 1780/3850 1778/3847 1783/3856
f 1783/3856 1778/3847 1777/3846
f 1782/3854 1781/3852 1772/3839 1775/3843
f 1775/3843 1772/3839 1771/3838 1776/3844
f 1784/3857 1788/3858 1789/3859 1790/3860
f 1785/3861 1791/3862 1792/3863 1793/3864
f 1786/3865 1794/3866 1795/3867 1796/3868
f 1787/3869 1797/3870 1798/3871 1799/3872
f 1798/3871 1797/3870 1796/3868 1795/3867
f 1798/3871 1795/3867 1789/3859 1792/3863
f 1798/3871 1792/3863 1791/3862 1799/3872
f 1795/3867 1794/3866 1790/3860 1789/3859
f 1793/3864 1792/3863 1789/3859 1788/3858
f 1800/3873 1801/3874 1802/3875 1803/3876
f 1801/3877 1800/3878 1803/3879
f 1804/3880 1805/3881 1806/3882 1807/3883
f 1804/3884 1807/3885 1808/3886 1809/3887
f 1804/3888 1809/3889 1810/3890 1805/3891
f 1810/3892 1811/3893 1812/3894 1805/3895
f 1812/3894 1811/3893 1813/3896 1814/3897
f 1812/3898 1814/3899 1815/3900 1816/3901
f 1812/3898 1816/3901 1806/3882 1805/3881
f 1816/3901 1817/3902 1818/3903 1806/3882
f 1816/3901 1815/3900 1819/3904 1817/3902
f 1819/3904 1820/3905 1821/3906 1817/3902
f 1819/3904 1815/3900 1822/3907 1823/3908
f 1819/3904 1823/3908 1824/3909 1820/3905
f 1824/3909 1825/3910 1826/3911 1820/3905
f 1826/3911 1827/3912 1821/3906 1820/3905
f 1827/3912 1828/3913 1829/3914 1821/3906
f 1829/3914 1828/3913 1830/3915 1831/3916
f 1829/3914 1831/3916 1832/3917 1818/3903
f 1829/3914 1818/3903 1817/3902 1821/3906
f 1832/3917 1831/3916 1833/3918 1834/3919
f 1832/3917 1834/3919 1808/3920 1807/3883
f 1832/3917 1807/3883 1806/3882 1818/3903
f 1833/3918 1831/3916 1830/3915 1835/3921
f 1822/3907 1815/3900 1814/3899 1836/3922
f 1836/3923 1814/3897 1813/3896 1837/3924
f 1838/3925 1839/3926 1840/3927 1841/3928
f 1841/3928 1840/3927 1842/3929 1843/3930
f 1843/3930 1842/3929 1844/3931 1845/3932
f 1845/3932 1844/3931 1846/3933 1847/3934
f 1847/3934 1846/3933 1848/3935 1849/3936
f 1849/3936 1848/3935 1850/3937 1851/3938
f 1851/3938 1850/3937 1852/3939
f 1853/3940 1857/3941 1858/3942 1859/3943
f 1854/3944 1860/3945 1861/3946 1862/3947
f 1855/3948 1863/3949 1864/3950 1865/3951
f 1856/3952 1866/3953 1867/3954 1868/3955
f 1867/3954 1866/3953 1862/3956 1861/3957
f 1867/3958 1861/3946 1858/3942 1864/3950
f 1867/3954 1864/3959 1863/3960 1868/3955
f 1864/3950 1858/3942 1857/3941 1865/3951
f 1861/3946 1860/3945 1859/3943 1858/3942
