# This file uses centimeters as units for non-parametric coordinates.

mtllib FlowerV1.mtl
g default
v -0.284630 0.810732 -0.083866
v -0.291367 0.825455 -0.092004
v -0.301861 0.836350 -0.101982
v -0.315085 0.842351 -0.112822
v -0.329743 0.842870 -0.123464
v -0.344401 0.837858 -0.132866
v -0.357624 0.827803 -0.140107
v -0.368118 0.813692 -0.144479
v -0.374856 0.796904 -0.145554
v -0.377190 0.779087 -0.143209
v -0.374868 0.761978 -0.137707
v -0.368131 0.747256 -0.129569
v -0.357637 0.736361 -0.119591
v -0.344413 0.730360 -0.108751
v -0.329743 0.729836 -0.098126
v -0.315085 0.734849 -0.088724
v -0.301861 0.744903 -0.081483
v -0.291367 0.759015 -0.077111
v -0.284630 0.775803 -0.076036
v -0.282308 0.793623 -0.078364
v -0.231582 0.900227 0.089748
v -0.256907 0.955548 0.059181
v -0.296337 0.996485 0.021691
v -0.346026 1.019035 -0.019035
v -0.401126 1.020994 -0.058988
v -0.456222 1.002166 -0.094286
v -0.505907 0.964388 -0.121495
v -0.545362 0.911373 -0.137887
v -0.570689 0.848298 -0.141910
v -0.579422 0.781342 -0.133152
v -0.570698 0.717057 -0.112477
v -0.545383 0.661739 -0.081899
v -0.505952 0.620802 -0.044408
v -0.456268 0.598253 -0.003677
v -0.401183 0.596298 0.036297
v -0.346095 0.615129 0.071607
v -0.296385 0.652900 0.098781
v -0.256955 0.705923 0.115208
v -0.231619 0.768995 0.119219
v -0.222872 0.835946 0.110439
v -0.208177 0.922258 0.125613
v -0.238220 0.988677 0.088254
v -0.286075 1.038056 0.043738
v -0.345850 1.065182 -0.005256
v -0.411874 1.067459 -0.053683
v -0.478444 1.044898 -0.095745
v -0.538224 0.999454 -0.128465
v -0.585403 0.935587 -0.148582
v -0.616146 0.859794 -0.153039
v -0.626650 0.779245 -0.142504
v -0.615881 0.701825 -0.118016
v -0.585701 0.635362 -0.080846
v -0.538267 0.586115 -0.035746
v -0.478221 0.558904 0.012872
v -0.412229 0.556638 0.061344
v -0.345959 0.579292 0.103823
v -0.285893 0.624647 0.136144
v -0.238725 0.688517 0.156277
v -0.208232 0.764389 0.161083
v -0.197420 0.844841 0.150119
v -0.138651 0.972567 0.196839
v -0.171867 1.063603 0.131092
v -0.248846 1.136339 0.081092
v -0.333389 1.174705 0.011816
v -0.420655 1.176017 -0.065175
v -0.520918 1.146022 -0.116138
v -0.605479 1.081760 -0.162383
v -0.666077 0.989528 -0.199361
v -0.715663 0.884247 -0.197157
v -0.730515 0.770333 -0.182262
v -0.709181 0.658938 -0.156132
v -0.672612 0.566854 -0.095055
v -0.605530 0.497208 -0.031273
v -0.514492 0.456815 0.028960
v -0.427281 0.455520 0.106026
v -0.333565 0.487558 0.166106
v -0.242517 0.549795 0.203318
v -0.181904 0.642023 0.240275
v -0.138774 0.749319 0.247061
v -0.117370 0.861188 0.223043
v -0.158982 0.966880 0.197070
v -0.185528 1.051887 0.127518
v -0.263779 1.122635 0.086983
v -0.344190 1.159125 0.021104
v -0.423865 1.159337 -0.056741
v -0.522532 1.131844 -0.100598
v -0.602956 1.070728 -0.144577
v -0.657284 0.981977 -0.184348
v -0.707749 0.882881 -0.177647
v -0.721879 0.774544 -0.163475
v -0.698289 0.667571 -0.143219
v -0.666814 0.581026 -0.080530
v -0.603015 0.514789 -0.019870
v -0.513125 0.475340 0.032808
v -0.433482 0.475138 0.110697
v -0.344349 0.505607 0.167832
v -0.254456 0.563767 0.198625
v -0.200111 0.652512 0.238371
v -0.159084 0.754554 0.244815
v -0.135436 0.859920 0.217387
v -0.236623 0.931138 0.165228
v -0.252635 0.993177 0.108328
v -0.314520 1.046936 0.083353
v -0.374295 1.074063 0.034358
v -0.431110 1.073463 -0.026895
v -0.506889 1.053778 -0.056130
v -0.566689 1.008340 -0.088822
v -0.604650 0.941596 -0.121778
v -0.644602 0.868677 -0.113410
v -0.655096 0.788126 -0.102889
v -0.635137 0.707836 -0.091199
v -0.614169 0.644249 -0.041201
v -0.566735 0.595002 0.003899
v -0.497455 0.564908 0.039658
v -0.440685 0.565521 0.100972
v -0.374418 0.588176 0.143456
v -0.305147 0.630657 0.162958
v -0.267171 0.697397 0.195892
v -0.236679 0.773269 0.200699
v -0.216654 0.850845 0.176905
v -0.264128 0.910387 0.135072
v -0.275001 0.961197 0.084380
v -0.328883 1.006645 0.067015
v -0.378571 1.029195 0.026289
v -0.424185 1.028193 -0.026875
v -0.488768 1.012326 -0.048962
v -0.538478 0.974556 -0.076136
v -0.568433 0.918575 -0.105759
v -0.603244 0.858461 -0.096574
v -0.611987 0.791508 -0.087800
v -0.593777 0.724262 -0.080337
v -0.577948 0.671905 -0.036547
v -0.538518 0.630968 0.000943
v -0.479346 0.605458 0.028463
v -0.433737 0.606461 0.081633
v -0.378652 0.625293 0.116947
v -0.319469 0.660106 0.130928
v -0.289501 0.716083 0.160532
v -0.264165 0.779155 0.164543
v -0.245931 0.843145 0.142552
v -0.284598 0.883882 0.086813
v -0.289877 0.922152 0.043316
v -0.334676 0.958249 0.034336
v -0.373088 0.975676 0.002928
v -0.406223 0.974248 -0.041053
v -0.458204 0.962648 -0.055191
v -0.496598 0.933475 -0.076180
v -0.517636 0.889581 -0.101982
v -0.546607 0.843801 -0.091985
v -0.553345 0.792084 -0.085230
v -0.537216 0.739500 -0.082341
v -0.527079 0.699713 -0.045609
v -0.496624 0.668095 -0.016652
v -0.448807 0.647732 0.001659
v -0.415685 0.649163 0.045657
v -0.373144 0.663710 0.072940
v -0.325352 0.689949 0.080841
v -0.304295 0.733837 0.106617
v -0.284717 0.782550 0.109703
v -0.268551 0.831323 0.089817
v -0.307041 0.817728 -0.052656
v -0.314939 0.832813 -0.059178
v -0.328980 0.844816 -0.064216
v -0.343824 0.851323 -0.072798
v -0.359882 0.852279 -0.081491
v -0.376922 0.848010 -0.087576
v -0.390145 0.837956 -0.094818
v -0.398365 0.823134 -0.102357
v -0.407377 0.807056 -0.100265
v -0.409698 0.789236 -0.097937
v -0.405102 0.771417 -0.095602
v -0.400639 0.757404 -0.084296
v -0.390145 0.746509 -0.074319
v -0.374647 0.739798 -0.066646
v -0.362264 0.739989 -0.052836
v -0.347606 0.745001 -0.043435
v -0.332108 0.754345 -0.039361
v -0.323888 0.769167 -0.031821
v -0.317342 0.786015 -0.030480
v -0.308476 0.801792 -0.041922
v -0.320583 0.783494 -0.123551
v -0.360812 0.796052 -0.067527
v 0.372010 0.742718 0.147196
v 0.364241 0.759065 0.146304
v 0.352140 0.772490 0.147613
v 0.336892 0.781679 0.150995
v 0.319989 0.785733 0.156119
v 0.303087 0.784254 0.162483
v 0.287839 0.777388 0.169464
v 0.275738 0.765806 0.176378
v 0.267969 0.750643 0.182550
v 0.265299 0.733387 0.187395
v 0.267976 0.715718 0.190400
v 0.275745 0.699371 0.191292
v 0.287846 0.685946 0.189983
v 0.303094 0.676757 0.186601
v 0.319989 0.672699 0.181457
v 0.336892 0.674177 0.175093
v 0.352140 0.681043 0.168112
v 0.364241 0.692625 0.161197
v 0.372010 0.707788 0.155026
v 0.374687 0.725049 0.150201
v 0.556342 0.805632 0.202231
v 0.527154 0.867057 0.198894
v 0.481686 0.917500 0.203814
v 0.424396 0.952029 0.216527
v 0.360900 0.967269 0.235817
v 0.297402 0.961720 0.259761
v 0.240109 0.935922 0.285991
v 0.194656 0.892414 0.312013
v 0.165470 0.835443 0.335222
v 0.155417 0.770591 0.353364
v 0.165476 0.704203 0.364656
v 0.194668 0.642781 0.368006
v 0.240135 0.592337 0.363087
v 0.297428 0.557810 0.350380
v 0.360933 0.542576 0.331114
v 0.424436 0.548127 0.307184
v 0.481714 0.573917 0.280914
v 0.527182 0.617434 0.254932
v 0.556362 0.674401 0.231710
v 0.566407 0.739248 0.213543
v 0.602327 0.819892 0.203433
v 0.566974 0.893635 0.198742
v 0.512516 0.954470 0.205334
v 0.443595 0.996007 0.220627
v 0.367060 1.014247 0.243414
v 0.290837 1.007676 0.272682
v 0.221919 0.976643 0.304251
v 0.167075 0.924201 0.335097
v 0.132122 0.855764 0.363458
v 0.120027 0.777746 0.385283
v 0.131970 0.697782 0.398425
v 0.167246 0.623990 0.402897
v 0.221944 0.563306 0.396979
v 0.290710 0.521671 0.381250
v 0.367263 0.503443 0.358516
v 0.443658 0.510122 0.329730
v 0.512412 0.541052 0.297701
v 0.567263 0.593498 0.266872
v 0.602359 0.662025 0.238914
v 0.614278 0.739932 0.216595
v 0.708289 0.850550 0.186997
v 0.652976 0.951500 0.165472
v 0.581294 1.040883 0.189734
v 0.483830 1.099629 0.211377
v 0.372092 1.123225 0.233794
v 0.267804 1.116135 0.285012
v 0.170350 1.072255 0.329689
v 0.089280 0.995886 0.363479
v 0.043350 0.901301 0.413397
v 0.026243 0.790966 0.444257
v 0.039635 0.675682 0.453039
v 0.093025 0.573525 0.469179
v 0.170380 0.487705 0.460810
v 0.264122 0.426621 0.428739
v 0.375890 0.403044 0.406408
v 0.483930 0.412491 0.365704
v 0.577667 0.454036 0.310610
v 0.658729 0.530400 0.276796
v 0.708358 0.627309 0.237246
v 0.721711 0.735285 0.195866
v 0.695575 0.848563 0.203734
v 0.640080 0.942757 0.175165
v 0.574794 1.029579 0.206331
v 0.482103 1.085452 0.226923
v 0.373932 1.106698 0.242913
v 0.276646 1.101147 0.296941
v 0.183963 1.059416 0.339435
v 0.104966 0.985595 0.366264
v 0.063179 0.896829 0.419048
v 0.046912 0.791896 0.448405
v 0.057757 0.681067 0.451459
v 0.110428 0.585099 0.472115
v 0.183997 0.503479 0.464155
v 0.271255 0.444194 0.428341
v 0.379444 0.422959 0.412402
v 0.482194 0.431942 0.373685
v 0.569451 0.470265 0.315985
v 0.648437 0.544080 0.289128
v 0.695634 0.636243 0.251501
v 0.706445 0.737750 0.206859
v 0.618630 0.830132 0.249113
v 0.575235 0.898824 0.221889
v 0.528819 0.964709 0.251014
v 0.459898 1.006247 0.266308
v 0.378084 1.021171 0.274304
v 0.307140 1.017916 0.318362
v 0.238233 0.986890 0.349963
v 0.178106 0.931129 0.366006
v 0.148431 0.866007 0.409155
v 0.136330 0.787986 0.430963
v 0.143006 0.704714 0.429348
v 0.183561 0.634238 0.448613
v 0.238259 0.573554 0.442695
v 0.301733 0.528595 0.412138
v 0.383572 0.513687 0.404213
v 0.459968 0.520367 0.375431
v 0.523447 0.547983 0.328621
v 0.583565 0.603738 0.312553
v 0.618663 0.672266 0.284597
v 0.625301 0.746856 0.247483
v 0.574994 0.817347 0.254495
v 0.537524 0.873570 0.227951
v 0.500339 0.929216 0.256078
v 0.443048 0.963745 0.268791
v 0.374116 0.975570 0.272847
v 0.316055 0.973436 0.312025
v 0.258776 0.947646 0.338296
v 0.207878 0.900719 0.349061
v 0.184128 0.847162 0.387500
v 0.174080 0.782314 0.405660
v 0.178702 0.712511 0.401718
v 0.213331 0.654504 0.420302
v 0.258799 0.604060 0.415383
v 0.310655 0.566118 0.387441
v 0.379590 0.554295 0.383392
v 0.443095 0.559847 0.359467
v 0.494944 0.582227 0.317984
v 0.545834 0.629149 0.307196
v 0.575015 0.686117 0.283974
v 0.579623 0.747549 0.250572
v 0.520120 0.799279 0.243873
v 0.489392 0.841581 0.218363
v 0.462495 0.885706 0.245197
v 0.418265 0.912387 0.255072
v 0.363822 0.920766 0.254839
v 0.320179 0.919874 0.288468
v 0.275938 0.899954 0.308758
v 0.235423 0.862953 0.313703
v 0.218274 0.822338 0.346739
v 0.210505 0.772245 0.360741
v 0.212891 0.717587 0.354381
v 0.240836 0.673536 0.372091
v 0.275954 0.634575 0.368291
v 0.314794 0.604508 0.343314
v 0.369244 0.596134 0.343566
v 0.418296 0.600424 0.325096
v 0.457151 0.616961 0.289714
v 0.497655 0.653955 0.284738
v 0.520189 0.697952 0.266788
v 0.522554 0.744651 0.237644
v 0.384854 0.750785 0.183184
v 0.377750 0.767550 0.184157
v 0.367682 0.782252 0.191162
v 0.353363 0.792025 0.197148
v 0.337263 0.796582 0.204519
v 0.321725 0.795961 0.214707
v 0.306477 0.789095 0.221688
v 0.293073 0.776695 0.224951
v 0.286607 0.762350 0.234775
v 0.283930 0.745089 0.239599
v 0.285303 0.726602 0.238952
v 0.294376 0.711073 0.243496
v 0.306477 0.697648 0.242187
v 0.320421 0.687640 0.235153
v 0.338628 0.684405 0.233681
v 0.355530 0.685884 0.227318
v 0.369475 0.691931 0.216684
v 0.382879 0.704332 0.213422
v 0.390758 0.719564 0.207557
v 0.389684 0.734469 0.192222
v 0.314740 0.725919 0.154079
v 0.337796 0.740400 0.218681
v 0.181048 1.341641 -0.063860
v 0.175150 1.358651 -0.061795
v 0.165964 1.373109 -0.055881
v 0.154389 1.383598 -0.046696
v 0.141558 1.389094 -0.035140
v 0.128728 1.389057 -0.022343
v 0.117153 1.383492 -0.009559
v 0.107967 1.372943 0.001961
v 0.102069 1.358442 0.011090
v 0.100052 1.341413 0.016948
v 0.102084 1.323516 0.018935
v 0.107982 1.306506 0.016870
v 0.117168 1.292049 0.010955
v 0.128743 1.281559 0.001770
v 0.141558 1.276060 -0.009801
v 0.154389 1.276096 -0.022598
v 0.165964 1.281662 -0.035382
v 0.175150 1.292211 -0.046902
v 0.181048 1.306711 -0.056030
v 0.183080 1.323744 -0.061874
v 0.376620 1.386131 -0.091015
v 0.354470 1.450046 -0.083245
v 0.319955 1.504368 -0.061022
v 0.276469 1.543784 -0.026506
v 0.228287 1.564440 0.016945
v 0.180101 1.564308 0.065051
v 0.136610 1.543397 0.113085
v 0.102125 1.503766 0.156401
v 0.079979 1.449284 0.190715
v 0.072354 1.385289 0.212682
v 0.079990 1.318043 0.220146
v 0.102150 1.254131 0.212386
v 0.136665 1.199808 0.190163
v 0.180156 1.160393 0.155652
v 0.228356 1.139742 0.112220
v 0.276553 1.139876 0.064125
v 0.320014 1.160781 0.016060
v 0.354529 1.200418 -0.027226
v 0.376664 1.254897 -0.061550
v 0.384271 1.318888 -0.083536
v 0.420111 1.396052 -0.109171
v 0.392953 1.472826 -0.100337
v 0.351941 1.538291 -0.073091
v 0.299625 1.585708 -0.031569
v 0.241346 1.610486 0.020384
v 0.183728 1.610406 0.078607
v 0.131419 1.585252 0.136403
v 0.089588 1.537498 0.188164
v 0.063279 1.472032 0.229778
v 0.054106 1.395046 0.256204
v 0.062957 1.314073 0.264848
v 0.089950 1.237262 0.255849
v 0.131472 1.171912 0.229114
v 0.183458 1.124420 0.187262
v 0.241777 1.099652 0.135349
v 0.299758 1.099813 0.077491
v 0.351720 1.124889 0.019346
v 0.393565 1.172646 -0.032402
v 0.420178 1.238181 -0.073711
v 0.428977 1.315083 -0.100512
v 0.512199 1.417105 -0.168453
v 0.462525 1.523147 -0.167264
v 0.415829 1.618270 -0.117392
v 0.341854 1.685331 -0.058660
v 0.252014 1.718703 0.007367
v 0.177966 1.720262 0.097167
v 0.104013 1.684694 0.178927
v 0.037415 1.615487 0.244664
v 0.007631 1.524573 0.310962
v -0.005346 1.415697 0.348330
v -0.000245 1.299516 0.353112
v 0.045354 1.192558 0.347836
v 0.104075 1.100140 0.310028
v 0.170159 1.031305 0.243380
v 0.260065 0.997947 0.177418
v 0.342067 0.998178 0.095599
v 0.408139 1.031972 0.005932
v 0.474720 1.101176 -0.059823
v 0.512347 1.193854 -0.118251
v 0.517364 1.300939 -0.163605
v 0.507396 1.415968 -0.147926
v 0.454026 1.515442 -0.152943
v 0.415738 1.607286 -0.099369
v 0.345390 1.671066 -0.043505
v 0.255914 1.701898 0.015244
v 0.189513 1.704285 0.104685
v 0.119183 1.670459 0.182446
v 0.051828 1.603735 0.240937
v 0.027519 1.518175 0.308021
v 0.015183 1.414629 0.343565
v 0.016025 1.303233 0.344091
v 0.063407 1.202413 0.343101
v 0.119254 1.114517 0.307143
v 0.178084 1.048147 0.239724
v 0.267598 1.017324 0.181013
v 0.345584 1.017542 0.103195
v 0.404410 1.048781 0.013892
v 0.471743 1.115500 -0.044621
v 0.507519 1.203639 -0.100199
v 0.508291 1.304584 -0.147346
v 0.454672 1.403825 -0.074494
v 0.410466 1.476765 -0.082766
v 0.386502 1.546064 -0.038415
v 0.334186 1.593482 0.003107
v 0.264717 1.615742 0.043832
v 0.218289 1.618179 0.113283
v 0.166004 1.593031 0.171104
v 0.112973 1.542758 0.211628
v 0.097853 1.479808 0.264467
v 0.088667 1.402819 0.290881
v 0.086353 1.319335 0.288322
v 0.124538 1.245041 0.290552
v 0.166059 1.179691 0.263817
v 0.206827 1.129676 0.210709
v 0.276350 1.107428 0.170038
v 0.334335 1.107590 0.112184
v 0.375114 1.130151 0.042818
v 0.428126 1.180419 0.002274
v 0.454740 1.245954 -0.039032
v 0.452346 1.320339 -0.077065
v 0.416162 1.395025 -0.051341
v 0.376454 1.454990 -0.061187
v 0.359497 1.513262 -0.021348
v 0.316011 1.552678 0.013168
v 0.256303 1.570741 0.045054
v 0.219643 1.573201 0.104725
v 0.176182 1.552297 0.152790
v 0.130155 1.510070 0.184524
v 0.119532 1.458181 0.230399
v 0.111920 1.394188 0.252380
v 0.108030 1.324350 0.248279
v 0.141716 1.263030 0.252084
v 0.176231 1.208707 0.229861
v 0.208196 1.166700 0.183786
v 0.267909 1.148638 0.151904
v 0.316109 1.148773 0.103812
v 0.348060 1.167089 0.044200
v 0.394071 1.209312 0.012448
v 0.416206 1.263791 -0.021876
v 0.412287 1.325189 -0.055426
v 0.360379 1.382322 -0.038023
v 0.325921 1.427786 -0.049430
v 0.316690 1.473663 -0.014780
v 0.283143 1.504116 0.011921
v 0.234481 1.517495 0.033995
v 0.208714 1.519969 0.082640
v 0.175145 1.503823 0.119763
v 0.137046 1.470634 0.141717
v 0.131373 1.431125 0.179690
v 0.125475 1.381695 0.196648
v 0.119962 1.327190 0.190964
v 0.148519 1.280399 0.196451
v 0.175178 1.238441 0.179286
v 0.197298 1.205418 0.141121
v 0.245975 1.192042 0.119062
v 0.283210 1.192148 0.081924
v 0.305361 1.205726 0.033344
v 0.343438 1.238910 0.011368
v 0.360524 1.280985 -0.015154
v 0.354966 1.327839 -0.043607
v 0.208276 1.347765 -0.036541
v 0.203789 1.365092 -0.033061
v 0.198913 1.380519 -0.022822
v 0.189307 1.391452 -0.011661
v 0.178177 1.397330 0.001601
v 0.168240 1.397944 0.017301
v 0.156665 1.392379 0.030085
v 0.144716 1.381208 0.038832
v 0.141581 1.367329 0.050733
v 0.139549 1.350296 0.056577
v 0.138818 1.331778 0.055791
v 0.147479 1.315389 0.056498
v 0.156665 1.300932 0.050584
v 0.165476 1.289821 0.038626
v 0.181071 1.284947 0.029843
v 0.193901 1.284983 0.017046
v 0.202713 1.289927 0.001490
v 0.214662 1.301098 -0.007258
v 0.220792 1.315650 -0.016154
v 0.214873 1.330895 -0.029975
v 0.130430 1.330074 -0.033636
v 0.179307 1.341067 0.015404
v 0.167998 1.316425 -0.032969
v 0.166604 1.294605 -0.020793
v 0.153894 1.285416 -0.003258
v 0.134120 1.294451 0.011666
v 0.115299 1.316659 0.019256
v 0.104885 1.342631 0.017178
v 0.106493 1.363712 0.005454
v 0.119635 1.371406 -0.011168
v 0.139181 1.363160 -0.026574
v 0.157529 1.342592 -0.035166
v 0.008226 0.998058 -0.056985
v 0.041411 0.999349 -0.049806
v 0.060119 0.996856 -0.022527
v 0.055747 0.991138 0.014083
v 0.029634 0.984292 0.045961
v -0.007267 0.979194 0.061165
v -0.039913 0.978048 0.054114
v -0.056068 0.981227 0.027446
v -0.052389 0.986758 -0.009329
v -0.027842 0.993184 -0.041582
v 0.136107 1.330688 -0.008604
v -0.001073 0.988209 0.001718
v 0.053539 1.211985 -0.066165
v 0.035461 1.232371 -0.068134
v 0.021213 1.246162 -0.055791
v 0.016237 1.248090 -0.033849
v 0.022434 1.237418 -0.010689
v 0.037436 1.218223 0.004841
v 0.055514 1.197837 0.006810
v 0.069763 1.184046 -0.005533
v 0.074738 1.182119 -0.027475
v 0.068542 1.192790 -0.050635
v -0.364973 0.798500 -0.117242
v -0.350643 0.810744 -0.100779
v -0.340190 0.806121 -0.080215
v -0.338498 0.784658 -0.064990
v -0.345528 0.755889 -0.059701
v -0.358200 0.731575 -0.065667
v -0.372213 0.719949 -0.081569
v -0.382026 0.725819 -0.100997
v -0.384056 0.746623 -0.116822
v -0.377728 0.774023 -0.123356
v -0.043042 0.638855 -0.046294
v -0.039616 0.665795 -0.040091
v -0.040011 0.680019 -0.020804
v -0.043960 0.674850 0.003983
v -0.049928 0.651979 0.024756
v -0.055713 0.620979 0.033723
v -0.059181 0.594501 0.027600
v -0.058989 0.582458 0.008692
v -0.054986 0.587035 -0.016199
v -0.048893 0.608568 -0.037203
v -0.362083 0.764070 -0.092336
v -0.049254 0.628591 -0.006516
v -0.232050 0.683526 -0.115570
v -0.250955 0.665517 -0.123605
v -0.267621 0.651041 -0.115971
v -0.275681 0.645629 -0.095584
v -0.272058 0.651346 -0.070230
v -0.258135 0.666010 -0.049594
v -0.239230 0.684020 -0.041559
v -0.222564 0.698495 -0.049193
v -0.214504 0.703908 -0.069581
v -0.218127 0.698190 -0.094935
v 0.048492 0.685739 -0.048010
v 0.054382 0.709647 -0.043539
v 0.058828 0.723098 -0.024756
v 0.060133 0.718436 0.001165
v 0.057798 0.699377 0.024324
v 0.052715 0.674315 0.035874
v 0.046825 0.651299 0.031403
v 0.042379 0.639654 0.012620
v 0.041074 0.643361 -0.013302
v 0.043409 0.660442 -0.036460
v 0.382897 0.748163 0.161594
v 0.383924 0.781271 0.168973
v 0.365776 0.802318 0.177937
v 0.335383 0.801717 0.185061
v 0.304355 0.779346 0.187624
v 0.284544 0.744790 0.184648
v 0.283517 0.712254 0.177270
v 0.301665 0.693917 0.168306
v 0.332058 0.693782 0.161182
v 0.363086 0.714491 0.158618
v 0.050603 0.678627 -0.006068
v 0.333721 0.744830 0.173121
v 0.195027 0.654408 0.043838
v 0.183490 0.630194 0.049023
v 0.168582 0.619079 0.063156
v 0.155997 0.625308 0.080841
v 0.150543 0.646503 0.095321
v 0.154302 0.674566 0.101066
v 0.165839 0.698780 0.095882
v 0.180747 0.709895 0.081748
v 0.193332 0.703666 0.064063
v 0.198786 0.682471 0.049583
v 0.055342 -0.012764 -0.034882
v 0.019425 -0.012764 -0.060977
v -0.024970 -0.012764 -0.060977
v -0.060886 -0.012764 -0.034882
v -0.074605 -0.012764 0.007340
v -0.060886 -0.012764 0.049563
v -0.024970 -0.012764 0.075657
v 0.019425 -0.012764 0.075657
v 0.055341 -0.012764 0.049563
v 0.069060 -0.012764 0.007340
v 0.036075 0.999727 -0.020884
v 0.012066 0.999727 -0.038328
v -0.017611 0.999727 -0.038328
v -0.041620 0.999727 -0.020884
v -0.050791 0.999727 0.007340
v -0.041620 0.999727 0.035565
v -0.017611 0.999727 0.053009
v 0.012066 0.999727 0.053009
v 0.036075 0.999727 0.035565
v 0.045246 0.999727 0.007340
v -0.002772 -0.012764 0.007340
v -0.002772 0.999727 0.007340
v -0.348481 0.762092 -0.076338
v -0.355475 0.762092 -0.081419
v -0.364120 0.762092 -0.081419
v -0.371114 0.762092 -0.076338
v -0.373786 0.762092 -0.068116
v -0.371114 0.762092 -0.059894
v -0.364120 0.762092 -0.054812
v -0.355475 0.762092 -0.054812
v -0.348481 0.762092 -0.059894
v -0.345810 0.762092 -0.068116
v -0.338272 0.768522 -0.083755
v -0.351576 0.768522 -0.093420
v -0.368020 0.768522 -0.093420
v -0.381323 0.768522 -0.083755
v -0.386404 0.768522 -0.068116
v -0.381323 0.768522 -0.052477
v -0.368020 0.768522 -0.042811
v -0.351576 0.768522 -0.042811
v -0.338272 0.768522 -0.052477
v -0.333191 0.768522 -0.068116
v -0.330170 0.778536 -0.089641
v -0.348481 0.778536 -0.102945
v -0.371114 0.778536 -0.102945
v -0.389425 0.778536 -0.089641
v -0.396419 0.778536 -0.068116
v -0.389425 0.778536 -0.046590
v -0.371114 0.778536 -0.033287
v -0.348481 0.778536 -0.033287
v -0.330170 0.778536 -0.046590
v -0.323176 0.778536 -0.068116
v -0.324969 0.791155 -0.093420
v -0.346494 0.791155 -0.109060
v -0.373101 0.791155 -0.109060
v -0.394626 0.791155 -0.093420
v -0.402848 0.791155 -0.068116
v -0.394626 0.791155 -0.042811
v -0.373101 0.791155 -0.027172
v -0.346494 0.791155 -0.027172
v -0.324969 0.791155 -0.042811
v -0.316747 0.791155 -0.068116
v -0.323176 0.805143 -0.094723
v -0.345810 0.805143 -0.111167
v -0.373786 0.805143 -0.111167
v -0.396419 0.805143 -0.094723
v -0.405064 0.805143 -0.068116
v -0.396419 0.805143 -0.041509
v -0.373786 0.805143 -0.025065
v -0.345810 0.805143 -0.025065
v -0.323176 0.805143 -0.041509
v -0.314531 0.805143 -0.068116
v -0.324969 0.819131 -0.093420
v -0.346494 0.819131 -0.109060
v -0.373101 0.819131 -0.109060
v -0.394626 0.819131 -0.093420
v -0.402848 0.819131 -0.068116
v -0.394626 0.819131 -0.042811
v -0.373101 0.819131 -0.027172
v -0.346494 0.819131 -0.027172
v -0.324969 0.819131 -0.042811
v -0.316747 0.819131 -0.068116
v -0.330170 0.831750 -0.089641
v -0.348481 0.831750 -0.102945
v -0.371114 0.831750 -0.102945
v -0.389425 0.831750 -0.089641
v -0.396419 0.831750 -0.068116
v -0.389425 0.831750 -0.046590
v -0.371114 0.831750 -0.033287
v -0.348481 0.831750 -0.033287
v -0.330170 0.831750 -0.046590
v -0.323176 0.831750 -0.068116
v -0.338272 0.841764 -0.083755
v -0.351576 0.841764 -0.093420
v -0.368020 0.841764 -0.093420
v -0.381323 0.841764 -0.083755
v -0.386404 0.841764 -0.068116
v -0.381323 0.841764 -0.052477
v -0.368020 0.841764 -0.042811
v -0.351576 0.841764 -0.042811
v -0.338272 0.841764 -0.052477
v -0.333191 0.841764 -0.068116
v -0.348481 0.848194 -0.076338
v -0.355475 0.848194 -0.081419
v -0.364120 0.848194 -0.081419
v -0.371114 0.848194 -0.076338
v -0.373786 0.848194 -0.068116
v -0.371114 0.848194 -0.059894
v -0.364120 0.848194 -0.054812
v -0.355475 0.848194 -0.054812
v -0.348481 0.848194 -0.059894
v -0.345810 0.848194 -0.068116
v -0.359798 0.759877 -0.068116
v -0.359798 0.850409 -0.068116
v 0.342304 0.697308 0.216489
v 0.335310 0.697308 0.211408
v 0.326664 0.697308 0.211408
v 0.319670 0.697308 0.216489
v 0.316999 0.697308 0.224711
v 0.319670 0.697308 0.232933
v 0.326664 0.697308 0.238015
v 0.335310 0.697308 0.238015
v 0.342304 0.697308 0.232933
v 0.344975 0.697308 0.224711
v 0.352512 0.703738 0.209072
v 0.339209 0.703738 0.199407
v 0.322765 0.703738 0.199407
v 0.309462 0.703738 0.209072
v 0.304380 0.703738 0.224711
v 0.309462 0.703738 0.240350
v 0.322765 0.703738 0.250016
v 0.339209 0.703738 0.250016
v 0.352512 0.703738 0.240350
v 0.357594 0.703738 0.224711
v 0.360614 0.713752 0.203186
v 0.342304 0.713752 0.189882
v 0.319670 0.713752 0.189882
v 0.301360 0.713752 0.203186
v 0.294366 0.713752 0.224711
v 0.301360 0.713752 0.246237
v 0.319670 0.713752 0.259540
v 0.342304 0.713752 0.259540
v 0.360614 0.713752 0.246237
v 0.367608 0.713752 0.224711
v 0.365816 0.726371 0.199407
v 0.344290 0.726371 0.183767
v 0.317684 0.726371 0.183767
v 0.296158 0.726371 0.199407
v 0.287936 0.726371 0.224711
v 0.296158 0.726371 0.250016
v 0.317684 0.726371 0.265655
v 0.344290 0.726371 0.265655
v 0.365816 0.726371 0.250016
v 0.374038 0.726371 0.224711
v 0.367608 0.740359 0.198104
v 0.344975 0.740359 0.181660
v 0.316999 0.740359 0.181660
v 0.294366 0.740359 0.198104
v 0.285721 0.740359 0.224711
v 0.294366 0.740359 0.251318
v 0.316999 0.740359 0.267762
v 0.344975 0.740359 0.267762
v 0.367608 0.740359 0.251318
v 0.376253 0.740359 0.224711
v 0.365816 0.754347 0.199407
v 0.344290 0.754347 0.183767
v 0.317684 0.754347 0.183767
v 0.296158 0.754347 0.199407
v 0.287936 0.754347 0.224711
v 0.296158 0.754347 0.250016
v 0.317684 0.754347 0.265655
v 0.344290 0.754347 0.265655
v 0.365816 0.754347 0.250016
v 0.374038 0.754347 0.224711
v 0.360614 0.766966 0.203186
v 0.342304 0.766966 0.189882
v 0.319670 0.766966 0.189882
v 0.301360 0.766966 0.203186
v 0.294366 0.766966 0.224711
v 0.301360 0.766966 0.246237
v 0.319670 0.766966 0.259540
v 0.342304 0.766966 0.259540
v 0.360614 0.766966 0.246237
v 0.367608 0.766966 0.224711
v 0.352512 0.776980 0.209072
v 0.339209 0.776980 0.199407
v 0.322765 0.776980 0.199407
v 0.309462 0.776980 0.209072
v 0.304380 0.776980 0.224711
v 0.309462 0.776980 0.240350
v 0.322765 0.776980 0.250016
v 0.339209 0.776980 0.250016
v 0.352512 0.776980 0.240350
v 0.357594 0.776980 0.224711
v 0.342304 0.783410 0.216489
v 0.335310 0.783410 0.211408
v 0.326664 0.783410 0.211408
v 0.319670 0.783410 0.216489
v 0.316999 0.783410 0.224711
v 0.319670 0.783410 0.232933
v 0.326664 0.783410 0.238015
v 0.335310 0.783410 0.238015
v 0.342304 0.783410 0.232933
v 0.344975 0.783410 0.224711
v 0.330987 0.695093 0.224711
v 0.330987 0.785625 0.224711
v 0.184006 1.302891 0.006783
v 0.177012 1.302891 0.001701
v 0.168367 1.302891 0.001701
v 0.161373 1.302891 0.006783
v 0.158701 1.302891 0.015005
v 0.161373 1.302891 0.023227
v 0.168367 1.302891 0.028308
v 0.177012 1.302891 0.028308
v 0.184006 1.302891 0.023227
v 0.186677 1.302891 0.015005
v 0.194214 1.309321 -0.000634
v 0.180911 1.309321 -0.010300
v 0.164467 1.309321 -0.010300
v 0.151164 1.309321 -0.000634
v 0.146082 1.309321 0.015005
v 0.151164 1.309321 0.030644
v 0.164467 1.309321 0.040310
v 0.180911 1.309321 0.040310
v 0.194214 1.309321 0.030644
v 0.199296 1.309321 0.015005
v 0.202316 1.319335 -0.006521
v 0.184006 1.319335 -0.019824
v 0.161373 1.319335 -0.019824
v 0.143062 1.319335 -0.006521
v 0.136068 1.319335 0.015005
v 0.143062 1.319335 0.036530
v 0.161373 1.319335 0.049834
v 0.184006 1.319335 0.049834
v 0.202316 1.319335 0.036530
v 0.209310 1.319335 0.015005
v 0.207518 1.331954 -0.010300
v 0.185993 1.331954 -0.025939
v 0.159386 1.331954 -0.025939
v 0.137860 1.331954 -0.010300
v 0.129638 1.331954 0.015005
v 0.137860 1.331954 0.040310
v 0.159386 1.331954 0.055949
v 0.185993 1.331954 0.055949
v 0.207518 1.331954 0.040310
v 0.215740 1.331954 0.015005
v 0.209310 1.345942 -0.011602
v 0.186677 1.345942 -0.028046
v 0.158701 1.345942 -0.028046
v 0.136068 1.345942 -0.011602
v 0.127423 1.345942 0.015005
v 0.136068 1.345942 0.041612
v 0.158701 1.345942 0.058056
v 0.186677 1.345942 0.058056
v 0.209310 1.345942 0.041612
v 0.217955 1.345942 0.015005
v 0.207518 1.359930 -0.010300
v 0.185993 1.359930 -0.025939
v 0.159386 1.359930 -0.025939
v 0.137860 1.359930 -0.010300
v 0.129638 1.359930 0.015005
v 0.137860 1.359930 0.040310
v 0.159386 1.359930 0.055949
v 0.185993 1.359930 0.055949
v 0.207518 1.359930 0.040310
v 0.215740 1.359930 0.015005
v 0.202316 1.372549 -0.006521
v 0.184006 1.372549 -0.019824
v 0.161373 1.372549 -0.019824
v 0.143062 1.372549 -0.006521
v 0.136068 1.372549 0.015005
v 0.143062 1.372549 0.036530
v 0.161373 1.372549 0.049834
v 0.184006 1.372549 0.049834
v 0.202316 1.372549 0.036530
v 0.209310 1.372549 0.015005
v 0.194214 1.382563 -0.000634
v 0.180911 1.382563 -0.010300
v 0.164467 1.382563 -0.010300
v 0.151164 1.382563 -0.000634
v 0.146082 1.382563 0.015005
v 0.151164 1.382563 0.030644
v 0.164467 1.382563 0.040310
v 0.180911 1.382563 0.040310
v 0.194214 1.382563 0.030644
v 0.199296 1.382563 0.015005
v 0.184006 1.388993 0.006783
v 0.177012 1.388993 0.001701
v 0.168367 1.388993 0.001701
v 0.161373 1.388993 0.006783
v 0.158701 1.388993 0.015005
v 0.161373 1.388993 0.023227
v 0.168367 1.388993 0.028308
v 0.177012 1.388993 0.028308
v 0.184006 1.388993 0.023227
v 0.186677 1.388993 0.015005
v 0.172689 1.300676 0.015005
v 0.172689 1.391208 0.015005
vt 0.000000 0.050000
vt 0.050000 0.050000
vt 0.100000 0.050000
vt 0.150000 0.050000
vt 0.200000 0.050000
vt 0.250000 0.050000
vt 0.300000 0.050000
vt 0.350000 0.050000
vt 0.400000 0.050000
vt 0.450000 0.050000
vt 0.500000 0.050000
vt 0.550000 0.050000
vt 0.600000 0.050000
vt 0.650000 0.050000
vt 0.700000 0.050000
vt 0.750000 0.050000
vt 0.800000 0.050000
vt 0.850000 0.050000
vt 0.900000 0.050000
vt 0.950000 0.050000
vt 1.000000 0.050000
vt 0.000000 0.200000
vt 0.050000 0.200000
vt 0.100000 0.200000
vt 0.150000 0.200000
vt 0.200000 0.200000
vt 0.250000 0.200000
vt 0.300000 0.200000
vt 0.350000 0.200000
vt 0.400000 0.200000
vt 0.450000 0.200000
vt 0.500000 0.200000
vt 0.550000 0.200000
vt 0.600000 0.200000
vt 0.650000 0.200000
vt 0.700000 0.200000
vt 0.750000 0.200000
vt 0.800000 0.200000
vt 0.850000 0.200000
vt 0.900000 0.200000
vt 0.950000 0.200000
vt 1.000000 0.200000
vt 0.000000 0.250000
vt 0.050000 0.250000
vt 0.100000 0.250000
vt 0.150000 0.250000
vt 0.200000 0.250000
vt 0.250000 0.250000
vt 0.300000 0.250000
vt 0.350000 0.250000
vt 0.400000 0.250000
vt 0.450000 0.250000
vt 0.500000 0.250000
vt 0.550000 0.250000
vt 0.600000 0.250000
vt 0.650000 0.250000
vt 0.700000 0.250000
vt 0.750000 0.250000
vt 0.800000 0.250000
vt 0.850000 0.250000
vt 0.900000 0.250000
vt 0.950000 0.250000
vt 1.000000 0.250000
vt 0.000000 0.500000
vt 0.050000 0.500000
vt 0.100000 0.500000
vt 0.150000 0.500000
vt 0.200000 0.500000
vt 0.250000 0.500000
vt 0.300000 0.500000
vt 0.350000 0.500000
vt 0.400000 0.500000
vt 0.450000 0.500000
vt 0.500000 0.500000
vt 0.550000 0.500000
vt 0.600000 0.500000
vt 0.650000 0.500000
vt 0.700000 0.500000
vt 0.750000 0.500000
vt 0.800000 0.500000
vt 0.850000 0.500000
vt 0.900000 0.500000
vt 0.950000 0.500000
vt 1.000000 0.500000
vt 0.000000 0.600000
vt 0.050000 0.600000
vt 0.100000 0.600000
vt 0.150000 0.600000
vt 0.200000 0.600000
vt 0.250000 0.600000
vt 0.300000 0.600000
vt 0.350000 0.600000
vt 0.400000 0.600000
vt 0.450000 0.600000
vt 0.500000 0.600000
vt 0.550000 0.600000
vt 0.600000 0.600000
vt 0.650000 0.600000
vt 0.700000 0.600000
vt 0.750000 0.600000
vt 0.800000 0.600000
vt 0.850000 0.600000
vt 0.900000 0.600000
vt 0.950000 0.600000
vt 1.000000 0.600000
vt 0.000000 0.750000
vt 0.050000 0.750000
vt 0.100000 0.750000
vt 0.150000 0.750000
vt 0.200000 0.750000
vt 0.250000 0.750000
vt 0.300000 0.750000
vt 0.350000 0.750000
vt 0.400000 0.750000
vt 0.450000 0.750000
vt 0.500000 0.750000
vt 0.550000 0.750000
vt 0.600000 0.750000
vt 0.650000 0.750000
vt 0.700000 0.750000
vt 0.750000 0.750000
vt 0.800000 0.750000
vt 0.850000 0.750000
vt 0.900000 0.750000
vt 0.950000 0.750000
vt 1.000000 0.750000
vt 0.000000 0.800000
vt 0.050000 0.800000
vt 0.100000 0.800000
vt 0.150000 0.800000
vt 0.200000 0.800000
vt 0.250000 0.800000
vt 0.300000 0.800000
vt 0.350000 0.800000
vt 0.400000 0.800000
vt 0.450000 0.800000
vt 0.500000 0.800000
vt 0.550000 0.800000
vt 0.600000 0.800000
vt 0.650000 0.800000
vt 0.700000 0.800000
vt 0.750000 0.800000
vt 0.800000 0.800000
vt 0.850000 0.800000
vt 0.900000 0.800000
vt 0.950000 0.800000
vt 1.000000 0.800000
vt 0.000000 0.850000
vt 0.050000 0.850000
vt 0.100000 0.850000
vt 0.150000 0.850000
vt 0.200000 0.850000
vt 0.250000 0.850000
vt 0.300000 0.850000
vt 0.350000 0.850000
vt 0.400000 0.850000
vt 0.450000 0.850000
vt 0.500000 0.850000
vt 0.550000 0.850000
vt 0.600000 0.850000
vt 0.650000 0.850000
vt 0.700000 0.850000
vt 0.750000 0.850000
vt 0.800000 0.850000
vt 0.850000 0.850000
vt 0.900000 0.850000
vt 0.950000 0.850000
vt 1.000000 0.850000
vt 0.000000 0.950000
vt 0.050000 0.950000
vt 0.100000 0.950000
vt 0.150000 0.950000
vt 0.200000 0.950000
vt 0.250000 0.950000
vt 0.300000 0.950000
vt 0.350000 0.950000
vt 0.400000 0.950000
vt 0.450000 0.950000
vt 0.500000 0.950000
vt 0.550000 0.950000
vt 0.600000 0.950000
vt 0.650000 0.950000
vt 0.700000 0.950000
vt 0.750000 0.950000
vt 0.800000 0.950000
vt 0.850000 0.950000
vt 0.900000 0.950000
vt 0.950000 0.950000
vt 1.000000 0.950000
vt 0.025000 0.000000
vt 0.075000 0.000000
vt 0.125000 0.000000
vt 0.175000 0.000000
vt 0.225000 0.000000
vt 0.275000 0.000000
vt 0.325000 0.000000
vt 0.375000 0.000000
vt 0.425000 0.000000
vt 0.475000 0.000000
vt 0.525000 0.000000
vt 0.575000 0.000000
vt 0.625000 0.000000
vt 0.675000 0.000000
vt 0.725000 0.000000
vt 0.775000 0.000000
vt 0.825000 0.000000
vt 0.875000 0.000000
vt 0.925000 0.000000
vt 0.975000 0.000000
vt 0.025000 1.000000
vt 0.075000 1.000000
vt 0.125000 1.000000
vt 0.175000 1.000000
vt 0.225000 1.000000
vt 0.275000 1.000000
vt 0.325000 1.000000
vt 0.375000 1.000000
vt 0.425000 1.000000
vt 0.475000 1.000000
vt 0.525000 1.000000
vt 0.575000 1.000000
vt 0.625000 1.000000
vt 0.675000 1.000000
vt 0.725000 1.000000
vt 0.775000 1.000000
vt 0.825000 1.000000
vt 0.875000 1.000000
vt 0.925000 1.000000
vt 0.975000 1.000000
vt 0.000000 0.050000
vt 0.050000 0.050000
vt 0.050000 0.200000
vt 0.000000 0.200000
vt 0.100000 0.050000
vt 0.100000 0.200000
vt 0.150000 0.050000
vt 0.150000 0.200000
vt 0.200000 0.050000
vt 0.200000 0.200000
vt 0.250000 0.050000
vt 0.250000 0.200000
vt 0.300000 0.050000
vt 0.300000 0.200000
vt 0.350000 0.050000
vt 0.350000 0.200000
vt 0.400000 0.050000
vt 0.400000 0.200000
vt 0.450000 0.050000
vt 0.450000 0.200000
vt 0.500000 0.050000
vt 0.500000 0.200000
vt 0.550000 0.050000
vt 0.550000 0.200000
vt 0.600000 0.050000
vt 0.600000 0.200000
vt 0.650000 0.050000
vt 0.650000 0.200000
vt 0.700000 0.050000
vt 0.700000 0.200000
vt 0.750000 0.050000
vt 0.750000 0.200000
vt 0.800000 0.050000
vt 0.800000 0.200000
vt 0.850000 0.050000
vt 0.850000 0.200000
vt 0.900000 0.050000
vt 0.900000 0.200000
vt 0.950000 0.050000
vt 0.950000 0.200000
vt 1.000000 0.050000
vt 1.000000 0.200000
vt 0.050000 0.250000
vt 0.000000 0.250000
vt 0.100000 0.250000
vt 0.150000 0.250000
vt 0.200000 0.250000
vt 0.250000 0.250000
vt 0.300000 0.250000
vt 0.350000 0.250000
vt 0.400000 0.250000
vt 0.450000 0.250000
vt 0.500000 0.250000
vt 0.550000 0.250000
vt 0.600000 0.250000
vt 0.650000 0.250000
vt 0.700000 0.250000
vt 0.750000 0.250000
vt 0.800000 0.250000
vt 0.850000 0.250000
vt 0.900000 0.250000
vt 0.950000 0.250000
vt 1.000000 0.250000
vt 0.050000 0.500000
vt 0.000000 0.500000
vt 0.100000 0.500000
vt 0.150000 0.500000
vt 0.200000 0.500000
vt 0.250000 0.500000
vt 0.300000 0.500000
vt 0.350000 0.500000
vt 0.400000 0.500000
vt 0.450000 0.500000
vt 0.500000 0.500000
vt 0.550000 0.500000
vt 0.600000 0.500000
vt 0.650000 0.500000
vt 0.700000 0.500000
vt 0.750000 0.500000
vt 0.800000 0.500000
vt 0.850000 0.500000
vt 0.900000 0.500000
vt 0.950000 0.500000
vt 1.000000 0.500000
vt 0.050000 0.600000
vt 0.000000 0.600000
vt 0.100000 0.600000
vt 0.150000 0.600000
vt 0.200000 0.600000
vt 0.250000 0.600000
vt 0.300000 0.600000
vt 0.350000 0.600000
vt 0.400000 0.600000
vt 0.450000 0.600000
vt 0.500000 0.600000
vt 0.550000 0.600000
vt 0.600000 0.600000
vt 0.650000 0.600000
vt 0.700000 0.600000
vt 0.750000 0.600000
vt 0.800000 0.600000
vt 0.850000 0.600000
vt 0.900000 0.600000
vt 0.950000 0.600000
vt 1.000000 0.600000
vt 0.050000 0.750000
vt 0.000000 0.750000
vt 0.100000 0.750000
vt 0.150000 0.750000
vt 0.200000 0.750000
vt 0.250000 0.750000
vt 0.300000 0.750000
vt 0.350000 0.750000
vt 0.400000 0.750000
vt 0.450000 0.750000
vt 0.500000 0.750000
vt 0.550000 0.750000
vt 0.600000 0.750000
vt 0.650000 0.750000
vt 0.700000 0.750000
vt 0.750000 0.750000
vt 0.800000 0.750000
vt 0.850000 0.750000
vt 0.900000 0.750000
vt 0.950000 0.750000
vt 1.000000 0.750000
vt 0.050000 0.800000
vt 0.000000 0.800000
vt 0.100000 0.800000
vt 0.150000 0.800000
vt 0.200000 0.800000
vt 0.250000 0.800000
vt 0.300000 0.800000
vt 0.350000 0.800000
vt 0.400000 0.800000
vt 0.450000 0.800000
vt 0.500000 0.800000
vt 0.550000 0.800000
vt 0.600000 0.800000
vt 0.650000 0.800000
vt 0.700000 0.800000
vt 0.750000 0.800000
vt 0.800000 0.800000
vt 0.850000 0.800000
vt 0.900000 0.800000
vt 0.950000 0.800000
vt 1.000000 0.800000
vt 0.050000 0.850000
vt 0.000000 0.850000
vt 0.100000 0.850000
vt 0.150000 0.850000
vt 0.200000 0.850000
vt 0.250000 0.850000
vt 0.300000 0.850000
vt 0.350000 0.850000
vt 0.400000 0.850000
vt 0.450000 0.850000
vt 0.500000 0.850000
vt 0.550000 0.850000
vt 0.600000 0.850000
vt 0.650000 0.850000
vt 0.700000 0.850000
vt 0.750000 0.850000
vt 0.800000 0.850000
vt 0.850000 0.850000
vt 0.900000 0.850000
vt 0.950000 0.850000
vt 1.000000 0.850000
vt 0.050000 0.950000
vt 0.000000 0.950000
vt 0.100000 0.950000
vt 0.150000 0.950000
vt 0.200000 0.950000
vt 0.250000 0.950000
vt 0.300000 0.950000
vt 0.350000 0.950000
vt 0.400000 0.950000
vt 0.450000 0.950000
vt 0.500000 0.950000
vt 0.550000 0.950000
vt 0.600000 0.950000
vt 0.650000 0.950000
vt 0.700000 0.950000
vt 0.750000 0.950000
vt 0.800000 0.950000
vt 0.850000 0.950000
vt 0.900000 0.950000
vt 0.950000 0.950000
vt 1.000000 0.950000
vt 0.025000 0.000000
vt 0.075000 0.000000
vt 0.125000 0.000000
vt 0.175000 0.000000
vt 0.225000 0.000000
vt 0.275000 0.000000
vt 0.325000 0.000000
vt 0.375000 0.000000
vt 0.425000 0.000000
vt 0.475000 0.000000
vt 0.525000 0.000000
vt 0.575000 0.000000
vt 0.625000 0.000000
vt 0.675000 0.000000
vt 0.725000 0.000000
vt 0.775000 0.000000
vt 0.825000 0.000000
vt 0.875000 0.000000
vt 0.925000 0.000000
vt 0.975000 0.000000
vt 0.025000 1.000000
vt 0.075000 1.000000
vt 0.125000 1.000000
vt 0.175000 1.000000
vt 0.225000 1.000000
vt 0.275000 1.000000
vt 0.325000 1.000000
vt 0.375000 1.000000
vt 0.425000 1.000000
vt 0.475000 1.000000
vt 0.525000 1.000000
vt 0.575000 1.000000
vt 0.625000 1.000000
vt 0.675000 1.000000
vt 0.725000 1.000000
vt 0.775000 1.000000
vt 0.825000 1.000000
vt 0.875000 1.000000
vt 0.925000 1.000000
vt 0.975000 1.000000
vt 0.000000 0.050000
vt 0.050000 0.050000
vt 0.050000 0.200000
vt 0.000000 0.200000
vt 0.100000 0.050000
vt 0.100000 0.200000
vt 0.150000 0.050000
vt 0.150000 0.200000
vt 0.200000 0.050000
vt 0.200000 0.200000
vt 0.250000 0.050000
vt 0.250000 0.200000
vt 0.300000 0.050000
vt 0.300000 0.200000
vt 0.350000 0.050000
vt 0.350000 0.200000
vt 0.400000 0.050000
vt 0.400000 0.200000
vt 0.450000 0.050000
vt 0.450000 0.200000
vt 0.500000 0.050000
vt 0.500000 0.200000
vt 0.550000 0.050000
vt 0.550000 0.200000
vt 0.600000 0.050000
vt 0.600000 0.200000
vt 0.650000 0.050000
vt 0.650000 0.200000
vt 0.700000 0.050000
vt 0.700000 0.200000
vt 0.750000 0.050000
vt 0.750000 0.200000
vt 0.800000 0.050000
vt 0.800000 0.200000
vt 0.850000 0.050000
vt 0.850000 0.200000
vt 0.900000 0.050000
vt 0.900000 0.200000
vt 0.950000 0.050000
vt 0.950000 0.200000
vt 1.000000 0.050000
vt 1.000000 0.200000
vt 0.050000 0.250000
vt 0.000000 0.250000
vt 0.100000 0.250000
vt 0.150000 0.250000
vt 0.200000 0.250000
vt 0.250000 0.250000
vt 0.300000 0.250000
vt 0.350000 0.250000
vt 0.400000 0.250000
vt 0.450000 0.250000
vt 0.500000 0.250000
vt 0.550000 0.250000
vt 0.600000 0.250000
vt 0.650000 0.250000
vt 0.700000 0.250000
vt 0.750000 0.250000
vt 0.800000 0.250000
vt 0.850000 0.250000
vt 0.900000 0.250000
vt 0.950000 0.250000
vt 1.000000 0.250000
vt 0.050000 0.500000
vt 0.000000 0.500000
vt 0.100000 0.500000
vt 0.150000 0.500000
vt 0.200000 0.500000
vt 0.250000 0.500000
vt 0.300000 0.500000
vt 0.350000 0.500000
vt 0.400000 0.500000
vt 0.450000 0.500000
vt 0.500000 0.500000
vt 0.550000 0.500000
vt 0.600000 0.500000
vt 0.650000 0.500000
vt 0.700000 0.500000
vt 0.750000 0.500000
vt 0.800000 0.500000
vt 0.850000 0.500000
vt 0.900000 0.500000
vt 0.950000 0.500000
vt 1.000000 0.500000
vt 0.050000 0.600000
vt 0.000000 0.600000
vt 0.100000 0.600000
vt 0.150000 0.600000
vt 0.200000 0.600000
vt 0.250000 0.600000
vt 0.300000 0.600000
vt 0.350000 0.600000
vt 0.400000 0.600000
vt 0.450000 0.600000
vt 0.500000 0.600000
vt 0.550000 0.600000
vt 0.600000 0.600000
vt 0.650000 0.600000
vt 0.700000 0.600000
vt 0.750000 0.600000
vt 0.800000 0.600000
vt 0.850000 0.600000
vt 0.900000 0.600000
vt 0.950000 0.600000
vt 1.000000 0.600000
vt 0.050000 0.750000
vt 0.000000 0.750000
vt 0.100000 0.750000
vt 0.150000 0.750000
vt 0.200000 0.750000
vt 0.250000 0.750000
vt 0.300000 0.750000
vt 0.350000 0.750000
vt 0.400000 0.750000
vt 0.450000 0.750000
vt 0.500000 0.750000
vt 0.550000 0.750000
vt 0.600000 0.750000
vt 0.650000 0.750000
vt 0.700000 0.750000
vt 0.750000 0.750000
vt 0.800000 0.750000
vt 0.850000 0.750000
vt 0.900000 0.750000
vt 0.950000 0.750000
vt 1.000000 0.750000
vt 0.050000 0.800000
vt 0.000000 0.800000
vt 0.100000 0.800000
vt 0.150000 0.800000
vt 0.200000 0.800000
vt 0.250000 0.800000
vt 0.300000 0.800000
vt 0.350000 0.800000
vt 0.400000 0.800000
vt 0.450000 0.800000
vt 0.500000 0.800000
vt 0.550000 0.800000
vt 0.600000 0.800000
vt 0.650000 0.800000
vt 0.700000 0.800000
vt 0.750000 0.800000
vt 0.800000 0.800000
vt 0.850000 0.800000
vt 0.900000 0.800000
vt 0.950000 0.800000
vt 1.000000 0.800000
vt 0.050000 0.850000
vt 0.000000 0.850000
vt 0.100000 0.850000
vt 0.150000 0.850000
vt 0.200000 0.850000
vt 0.250000 0.850000
vt 0.300000 0.850000
vt 0.350000 0.850000
vt 0.400000 0.850000
vt 0.450000 0.850000
vt 0.500000 0.850000
vt 0.550000 0.850000
vt 0.600000 0.850000
vt 0.650000 0.850000
vt 0.700000 0.850000
vt 0.750000 0.850000
vt 0.800000 0.850000
vt 0.850000 0.850000
vt 0.900000 0.850000
vt 0.950000 0.850000
vt 1.000000 0.850000
vt 0.050000 0.950000
vt 0.000000 0.950000
vt 0.100000 0.950000
vt 0.150000 0.950000
vt 0.200000 0.950000
vt 0.250000 0.950000
vt 0.300000 0.950000
vt 0.350000 0.950000
vt 0.400000 0.950000
vt 0.450000 0.950000
vt 0.500000 0.950000
vt 0.550000 0.950000
vt 0.600000 0.950000
vt 0.650000 0.950000
vt 0.700000 0.950000
vt 0.750000 0.950000
vt 0.800000 0.950000
vt 0.850000 0.950000
vt 0.900000 0.950000
vt 0.950000 0.950000
vt 1.000000 0.950000
vt 0.025000 0.000000
vt 0.075000 0.000000
vt 0.125000 0.000000
vt 0.175000 0.000000
vt 0.225000 0.000000
vt 0.275000 0.000000
vt 0.325000 0.000000
vt 0.375000 0.000000
vt 0.425000 0.000000
vt 0.475000 0.000000
vt 0.525000 0.000000
vt 0.575000 0.000000
vt 0.625000 0.000000
vt 0.675000 0.000000
vt 0.725000 0.000000
vt 0.775000 0.000000
vt 0.825000 0.000000
vt 0.875000 0.000000
vt 0.925000 0.000000
vt 0.975000 0.000000
vt 0.025000 1.000000
vt 0.075000 1.000000
vt 0.125000 1.000000
vt 0.175000 1.000000
vt 0.225000 1.000000
vt 0.275000 1.000000
vt 0.325000 1.000000
vt 0.375000 1.000000
vt 0.425000 1.000000
vt 0.475000 1.000000
vt 0.525000 1.000000
vt 0.575000 1.000000
vt 0.625000 1.000000
vt 0.675000 1.000000
vt 0.725000 1.000000
vt 0.775000 1.000000
vt 0.825000 1.000000
vt 0.875000 1.000000
vt 0.925000 1.000000
vt 0.975000 1.000000
vt 0.428799 0.486218
vt 0.434283 0.486218
vt 0.434283 0.522265
vt 0.428799 0.522265
vt 0.439767 0.486218
vt 0.439767 0.522265
vt 0.445251 0.486218
vt 0.445251 0.522265
vt 0.450735 0.486218
vt 0.450735 0.522265
vt 0.456220 0.486218
vt 0.456220 0.522265
vt 0.461704 0.486218
vt 0.461704 0.522265
vt 0.467188 0.486218
vt 0.467188 0.522265
vt 0.472672 0.486218
vt 0.472672 0.522265
vt 0.478156 0.486218
vt 0.478156 0.522265
vt 0.483640 0.486218
vt 0.483640 0.522265
vt 0.466811 0.419344
vt 0.483949 0.431795
vt 0.456220 0.451942
vt 0.445628 0.419344
vt 0.428490 0.431795
vt 0.421943 0.451942
vt 0.428490 0.472089
vt 0.445628 0.484540
vt 0.466811 0.484540
vt 0.483949 0.472089
vt 0.490496 0.451942
vt 0.483949 0.622904
vt 0.466811 0.635355
vt 0.456220 0.602757
vt 0.445628 0.635355
vt 0.428490 0.622904
vt 0.421943 0.602757
vt 0.428490 0.582610
vt 0.445628 0.570158
vt 0.466811 0.570158
vt 0.483949 0.582610
vt 0.490496 0.602757
vt 0.483640 0.568481
vt 0.478156 0.568481
vt 0.472672 0.568481
vt 0.467188 0.568481
vt 0.461704 0.568481
vt 0.456220 0.568481
vt 0.450735 0.568481
vt 0.445251 0.568481
vt 0.439767 0.568481
vt 0.434283 0.568481
vt 0.428799 0.568481
vt 0.428799 0.486218
vt 0.434283 0.486218
vt 0.434283 0.522265
vt 0.428799 0.522265
vt 0.439767 0.486218
vt 0.439767 0.522265
vt 0.445251 0.486218
vt 0.445251 0.522265
vt 0.450735 0.486218
vt 0.450735 0.522265
vt 0.456220 0.486218
vt 0.456220 0.522265
vt 0.461704 0.486218
vt 0.461704 0.522265
vt 0.467188 0.486218
vt 0.467188 0.522265
vt 0.472672 0.486218
vt 0.472672 0.522265
vt 0.478156 0.486218
vt 0.478156 0.522265
vt 0.483640 0.486218
vt 0.483640 0.522265
vt 0.466811 0.419344
vt 0.483949 0.431795
vt 0.456220 0.451942
vt 0.445628 0.419344
vt 0.428490 0.431795
vt 0.421943 0.451942
vt 0.428490 0.472089
vt 0.445628 0.484540
vt 0.466811 0.484540
vt 0.483949 0.472089
vt 0.490496 0.451942
vt 0.483949 0.622904
vt 0.466811 0.635355
vt 0.456220 0.602757
vt 0.445628 0.635355
vt 0.428490 0.622904
vt 0.421943 0.602757
vt 0.428490 0.582610
vt 0.445628 0.570158
vt 0.466811 0.570158
vt 0.483949 0.582610
vt 0.490496 0.602757
vt 0.483640 0.568481
vt 0.478156 0.568481
vt 0.472672 0.568481
vt 0.467188 0.568481
vt 0.461704 0.568481
vt 0.456220 0.568481
vt 0.450735 0.568481
vt 0.445251 0.568481
vt 0.439767 0.568481
vt 0.434283 0.568481
vt 0.428799 0.568481
vt 0.428799 0.486218
vt 0.434283 0.486218
vt 0.434283 0.522265
vt 0.428799 0.522265
vt 0.439767 0.486218
vt 0.439767 0.522265
vt 0.445251 0.486218
vt 0.445251 0.522265
vt 0.450735 0.486218
vt 0.450735 0.522265
vt 0.456220 0.486218
vt 0.456220 0.522265
vt 0.461704 0.486218
vt 0.461704 0.522265
vt 0.467188 0.486218
vt 0.467188 0.522265
vt 0.472672 0.486218
vt 0.472672 0.522265
vt 0.478156 0.486218
vt 0.478156 0.522265
vt 0.483640 0.486218
vt 0.483640 0.522265
vt 0.466811 0.419344
vt 0.483949 0.431795
vt 0.456220 0.451942
vt 0.445628 0.419344
vt 0.428490 0.431795
vt 0.421943 0.451942
vt 0.428490 0.472089
vt 0.445628 0.484540
vt 0.466811 0.484540
vt 0.483949 0.472089
vt 0.490496 0.451942
vt 0.483949 0.622904
vt 0.466811 0.635355
vt 0.456220 0.602757
vt 0.445628 0.635355
vt 0.428490 0.622904
vt 0.421943 0.602757
vt 0.428490 0.582610
vt 0.445628 0.570158
vt 0.466811 0.570158
vt 0.483949 0.582610
vt 0.490496 0.602757
vt 0.483640 0.568481
vt 0.478156 0.568481
vt 0.472672 0.568481
vt 0.467188 0.568481
vt 0.461704 0.568481
vt 0.456220 0.568481
vt 0.450735 0.568481
vt 0.445251 0.568481
vt 0.439767 0.568481
vt 0.434283 0.568481
vt 0.428799 0.568481
vt 0.428799 0.486218
vt 0.434283 0.486218
vt 0.434283 0.568481
vt 0.428799 0.568481
vt 0.439767 0.486218
vt 0.439767 0.568481
vt 0.445251 0.486218
vt 0.445251 0.568481
vt 0.450735 0.486218
vt 0.450735 0.568481
vt 0.456220 0.486218
vt 0.456220 0.568481
vt 0.461704 0.486218
vt 0.461704 0.568481
vt 0.467188 0.486218
vt 0.467188 0.568481
vt 0.472672 0.486218
vt 0.472672 0.568481
vt 0.478156 0.486218
vt 0.478156 0.568481
vt 0.483640 0.486218
vt 0.483640 0.568481
vt 0.466811 0.419344
vt 0.483949 0.431795
vt 0.456220 0.451942
vt 0.445628 0.419344
vt 0.428490 0.431795
vt 0.421943 0.451942
vt 0.428490 0.472089
vt 0.445628 0.484540
vt 0.466811 0.484540
vt 0.483949 0.472089
vt 0.490496 0.451942
vt 0.483949 0.622904
vt 0.466811 0.635355
vt 0.456220 0.602757
vt 0.445628 0.635355
vt 0.428490 0.622904
vt 0.421943 0.602757
vt 0.428490 0.582610
vt 0.445628 0.570158
vt 0.466811 0.570158
vt 0.483949 0.582610
vt 0.490496 0.602757
vt 0.000000 0.100000
vt 0.100000 0.100000
vt 0.100000 0.200000
vt 0.000000 0.200000
vt 0.200000 0.100000
vt 0.200000 0.200000
vt 0.300000 0.100000
vt 0.300000 0.200000
vt 0.400000 0.100000
vt 0.400000 0.200000
vt 0.500000 0.100000
vt 0.500000 0.200000
vt 0.600000 0.100000
vt 0.600000 0.200000
vt 0.700000 0.100000
vt 0.700000 0.200000
vt 0.800000 0.100000
vt 0.800000 0.200000
vt 0.900000 0.100000
vt 0.900000 0.200000
vt 1.000000 0.100000
vt 1.000000 0.200000
vt 0.100000 0.300000
vt 0.000000 0.300000
vt 0.200000 0.300000
vt 0.300000 0.300000
vt 0.400000 0.300000
vt 0.500000 0.300000
vt 0.600000 0.300000
vt 0.700000 0.300000
vt 0.800000 0.300000
vt 0.900000 0.300000
vt 1.000000 0.300000
vt 0.100000 0.400000
vt 0.000000 0.400000
vt 0.200000 0.400000
vt 0.300000 0.400000
vt 0.400000 0.400000
vt 0.500000 0.400000
vt 0.600000 0.400000
vt 0.700000 0.400000
vt 0.800000 0.400000
vt 0.900000 0.400000
vt 1.000000 0.400000
vt 0.100000 0.500000
vt 0.000000 0.500000
vt 0.200000 0.500000
vt 0.300000 0.500000
vt 0.400000 0.500000
vt 0.500000 0.500000
vt 0.600000 0.500000
vt 0.700000 0.500000
vt 0.800000 0.500000
vt 0.900000 0.500000
vt 1.000000 0.500000
vt 0.100000 0.600000
vt 0.000000 0.600000
vt 0.200000 0.600000
vt 0.300000 0.600000
vt 0.400000 0.600000
vt 0.500000 0.600000
vt 0.600000 0.600000
vt 0.700000 0.600000
vt 0.800000 0.600000
vt 0.900000 0.600000
vt 1.000000 0.600000
vt 0.100000 0.700000
vt 0.000000 0.700000
vt 0.200000 0.700000
vt 0.300000 0.700000
vt 0.400000 0.700000
vt 0.500000 0.700000
vt 0.600000 0.700000
vt 0.700000 0.700000
vt 0.800000 0.700000
vt 0.900000 0.700000
vt 1.000000 0.700000
vt 0.100000 0.800000
vt 0.000000 0.800000
vt 0.200000 0.800000
vt 0.300000 0.800000
vt 0.400000 0.800000
vt 0.500000 0.800000
vt 0.600000 0.800000
vt 0.700000 0.800000
vt 0.800000 0.800000
vt 0.900000 0.800000
vt 1.000000 0.800000
vt 0.100000 0.900000
vt 0.000000 0.900000
vt 0.200000 0.900000
vt 0.300000 0.900000
vt 0.400000 0.900000
vt 0.500000 0.900000
vt 0.600000 0.900000
vt 0.700000 0.900000
vt 0.800000 0.900000
vt 0.900000 0.900000
vt 1.000000 0.900000
vt 0.050000 0.000000
vt 0.150000 0.000000
vt 0.250000 0.000000
vt 0.350000 0.000000
vt 0.450000 0.000000
vt 0.550000 0.000000
vt 0.650000 0.000000
vt 0.750000 0.000000
vt 0.850000 0.000000
vt 0.950000 0.000000
vt 0.050000 1.000000
vt 0.150000 1.000000
vt 0.250000 1.000000
vt 0.350000 1.000000
vt 0.450000 1.000000
vt 0.550000 1.000000
vt 0.650000 1.000000
vt 0.750000 1.000000
vt 0.850000 1.000000
vt 0.950000 1.000000
vt 0.000000 0.100000
vt 0.100000 0.100000
vt 0.100000 0.200000
vt 0.000000 0.200000
vt 0.200000 0.100000
vt 0.200000 0.200000
vt 0.300000 0.100000
vt 0.300000 0.200000
vt 0.400000 0.100000
vt 0.400000 0.200000
vt 0.500000 0.100000
vt 0.500000 0.200000
vt 0.600000 0.100000
vt 0.600000 0.200000
vt 0.700000 0.100000
vt 0.700000 0.200000
vt 0.800000 0.100000
vt 0.800000 0.200000
vt 0.900000 0.100000
vt 0.900000 0.200000
vt 1.000000 0.100000
vt 1.000000 0.200000
vt 0.100000 0.300000
vt 0.000000 0.300000
vt 0.200000 0.300000
vt 0.300000 0.300000
vt 0.400000 0.300000
vt 0.500000 0.300000
vt 0.600000 0.300000
vt 0.700000 0.300000
vt 0.800000 0.300000
vt 0.900000 0.300000
vt 1.000000 0.300000
vt 0.100000 0.400000
vt 0.000000 0.400000
vt 0.200000 0.400000
vt 0.300000 0.400000
vt 0.400000 0.400000
vt 0.500000 0.400000
vt 0.600000 0.400000
vt 0.700000 0.400000
vt 0.800000 0.400000
vt 0.900000 0.400000
vt 1.000000 0.400000
vt 0.100000 0.500000
vt 0.000000 0.500000
vt 0.200000 0.500000
vt 0.300000 0.500000
vt 0.400000 0.500000
vt 0.500000 0.500000
vt 0.600000 0.500000
vt 0.700000 0.500000
vt 0.800000 0.500000
vt 0.900000 0.500000
vt 1.000000 0.500000
vt 0.100000 0.600000
vt 0.000000 0.600000
vt 0.200000 0.600000
vt 0.300000 0.600000
vt 0.400000 0.600000
vt 0.500000 0.600000
vt 0.600000 0.600000
vt 0.700000 0.600000
vt 0.800000 0.600000
vt 0.900000 0.600000
vt 1.000000 0.600000
vt 0.100000 0.700000
vt 0.000000 0.700000
vt 0.200000 0.700000
vt 0.300000 0.700000
vt 0.400000 0.700000
vt 0.500000 0.700000
vt 0.600000 0.700000
vt 0.700000 0.700000
vt 0.800000 0.700000
vt 0.900000 0.700000
vt 1.000000 0.700000
vt 0.100000 0.800000
vt 0.000000 0.800000
vt 0.200000 0.800000
vt 0.300000 0.800000
vt 0.400000 0.800000
vt 0.500000 0.800000
vt 0.600000 0.800000
vt 0.700000 0.800000
vt 0.800000 0.800000
vt 0.900000 0.800000
vt 1.000000 0.800000
vt 0.100000 0.900000
vt 0.000000 0.900000
vt 0.200000 0.900000
vt 0.300000 0.900000
vt 0.400000 0.900000
vt 0.500000 0.900000
vt 0.600000 0.900000
vt 0.700000 0.900000
vt 0.800000 0.900000
vt 0.900000 0.900000
vt 1.000000 0.900000
vt 0.050000 0.000000
vt 0.150000 0.000000
vt 0.250000 0.000000
vt 0.350000 0.000000
vt 0.450000 0.000000
vt 0.550000 0.000000
vt 0.650000 0.000000
vt 0.750000 0.000000
vt 0.850000 0.000000
vt 0.950000 0.000000
vt 0.050000 1.000000
vt 0.150000 1.000000
vt 0.250000 1.000000
vt 0.350000 1.000000
vt 0.450000 1.000000
vt 0.550000 1.000000
vt 0.650000 1.000000
vt 0.750000 1.000000
vt 0.850000 1.000000
vt 0.950000 1.000000
vt 0.000000 0.100000
vt 0.100000 0.100000
vt 0.100000 0.200000
vt 0.000000 0.200000
vt 0.200000 0.100000
vt 0.200000 0.200000
vt 0.300000 0.100000
vt 0.300000 0.200000
vt 0.400000 0.100000
vt 0.400000 0.200000
vt 0.500000 0.100000
vt 0.500000 0.200000
vt 0.600000 0.100000
vt 0.600000 0.200000
vt 0.700000 0.100000
vt 0.700000 0.200000
vt 0.800000 0.100000
vt 0.800000 0.200000
vt 0.900000 0.100000
vt 0.900000 0.200000
vt 1.000000 0.100000
vt 1.000000 0.200000
vt 0.100000 0.300000
vt 0.000000 0.300000
vt 0.200000 0.300000
vt 0.300000 0.300000
vt 0.400000 0.300000
vt 0.500000 0.300000
vt 0.600000 0.300000
vt 0.700000 0.300000
vt 0.800000 0.300000
vt 0.900000 0.300000
vt 1.000000 0.300000
vt 0.100000 0.400000
vt 0.000000 0.400000
vt 0.200000 0.400000
vt 0.300000 0.400000
vt 0.400000 0.400000
vt 0.500000 0.400000
vt 0.600000 0.400000
vt 0.700000 0.400000
vt 0.800000 0.400000
vt 0.900000 0.400000
vt 1.000000 0.400000
vt 0.100000 0.500000
vt 0.000000 0.500000
vt 0.200000 0.500000
vt 0.300000 0.500000
vt 0.400000 0.500000
vt 0.500000 0.500000
vt 0.600000 0.500000
vt 0.700000 0.500000
vt 0.800000 0.500000
vt 0.900000 0.500000
vt 1.000000 0.500000
vt 0.100000 0.600000
vt 0.000000 0.600000
vt 0.200000 0.600000
vt 0.300000 0.600000
vt 0.400000 0.600000
vt 0.500000 0.600000
vt 0.600000 0.600000
vt 0.700000 0.600000
vt 0.800000 0.600000
vt 0.900000 0.600000
vt 1.000000 0.600000
vt 0.100000 0.700000
vt 0.000000 0.700000
vt 0.200000 0.700000
vt 0.300000 0.700000
vt 0.400000 0.700000
vt 0.500000 0.700000
vt 0.600000 0.700000
vt 0.700000 0.700000
vt 0.800000 0.700000
vt 0.900000 0.700000
vt 1.000000 0.700000
vt 0.100000 0.800000
vt 0.000000 0.800000
vt 0.200000 0.800000
vt 0.300000 0.800000
vt 0.400000 0.800000
vt 0.500000 0.800000
vt 0.600000 0.800000
vt 0.700000 0.800000
vt 0.800000 0.800000
vt 0.900000 0.800000
vt 1.000000 0.800000
vt 0.100000 0.900000
vt 0.000000 0.900000
vt 0.200000 0.900000
vt 0.300000 0.900000
vt 0.400000 0.900000
vt 0.500000 0.900000
vt 0.600000 0.900000
vt 0.700000 0.900000
vt 0.800000 0.900000
vt 0.900000 0.900000
vt 1.000000 0.900000
vt 0.050000 0.000000
vt 0.150000 0.000000
vt 0.250000 0.000000
vt 0.350000 0.000000
vt 0.450000 0.000000
vt 0.550000 0.000000
vt 0.650000 0.000000
vt 0.750000 0.000000
vt 0.850000 0.000000
vt 0.950000 0.000000
vt 0.050000 1.000000
vt 0.150000 1.000000
vt 0.250000 1.000000
vt 0.350000 1.000000
vt 0.450000 1.000000
vt 0.550000 1.000000
vt 0.650000 1.000000
vt 0.750000 1.000000
vt 0.850000 1.000000
vt 0.950000 1.000000
vn 0.926112 0.108735 -0.361238
vn 0.856382 0.261132 -0.445444
vn 0.842201 0.217844 -0.493195
vn 0.905982 0.079243 -0.415834
vn 0.747833 0.373814 -0.548642
vn 0.742966 0.321910 -0.586836
vn 0.610882 0.435953 -0.660884
vn 0.619102 0.378354 -0.688158
vn 0.459073 0.441371 -0.771002
vn 0.480339 0.382655 -0.789208
vn 0.307492 0.389578 -0.868146
vn 0.341287 0.336072 -0.877826
vn 0.170611 0.285478 -0.943077
vn 0.217247 0.241801 -0.945693
vn 0.061873 0.139380 -0.988304
vn 0.118422 0.107581 -0.987118
vn -0.007841 -0.034391 -0.999378
vn 0.053895 -0.051108 -0.997238
vn -0.031873 -0.218789 -0.975252
vn 0.032143 -0.218173 -0.975381
vn -0.007806 -0.395748 -0.918326
vn 0.054963 -0.380032 -0.923339
vn 0.061946 -0.548164 -0.834074
vn 0.118041 -0.519790 -0.846100
vn 0.170586 -0.660956 -0.730779
vn 0.216485 -0.621996 -0.752499
vn 0.307333 -0.723074 -0.618637
vn 0.342166 -0.678323 -0.650231
vn 0.459032 -0.728474 -0.508543
vn 0.480596 -0.683829 -0.549005
vn 0.610769 -0.676643 -0.411237
vn 0.618056 -0.636888 -0.460848
vn 0.747737 -0.572513 -0.336331
vn 0.743456 -0.541175 -0.392941
vn 0.856396 -0.426456 -0.291071
vn 0.842967 -0.407829 -0.350830
vn 0.926079 -0.252908 -0.280027
vn 0.906056 -0.250656 -0.340932
vn 0.950144 -0.068485 -0.304199
vn 0.927821 -0.081968 -0.363908
vn 0.695695 -0.038989 -0.717279
vn 0.741751 -0.089326 -0.664701
vn 0.647819 0.058180 -0.759569
vn 0.639132 0.068376 -0.766052
vn 0.558258 0.046038 -0.828389
vn 0.469118 0.042773 -0.882099
vn 0.448599 0.027274 -0.893317
vn 0.408451 -0.067664 -0.910269
vn 0.348687 -0.152030 -0.924827
vn 0.345068 -0.179823 -0.921191
vn 0.382131 -0.270001 -0.883785
vn 0.397614 -0.364545 -0.842027
vn 0.414044 -0.381584 -0.826415
vn 0.501359 -0.393789 -0.770434
vn 0.575792 -0.419407 -0.701827
vn 0.598664 -0.411653 -0.687127
vn 0.667820 -0.336975 -0.663675
vn 0.736171 -0.271629 -0.619895
vn 0.746459 -0.245720 -0.618402
vn 0.743861 -0.146911 -0.651988
vn 0.730158 0.008289 -0.683228
vn 0.797315 -0.046572 -0.601764
vn 0.680107 0.159049 -0.715652
vn 0.647090 0.189903 -0.738384
vn 0.544008 0.136631 -0.827881
vn 0.416083 0.154824 -0.896049
vn 0.369427 0.119517 -0.921542
vn 0.335686 -0.021521 -0.941728
vn 0.233658 -0.124001 -0.964379
vn 0.225366 -0.186999 -0.956160
vn 0.298919 -0.302767 -0.904975
vn 0.296662 -0.438002 -0.848614
vn 0.333869 -0.476574 -0.813270
vn 0.464692 -0.474777 -0.747428
vn 0.553709 -0.527834 -0.644048
vn 0.605537 -0.510142 -0.610803
vn 0.696044 -0.395696 -0.599123
vn 0.792334 -0.319896 -0.519494
vn 0.815961 -0.260843 -0.515915
vn 0.802004 -0.131397 -0.582687
vn -0.408150 0.327692 0.852075
vn -0.448455 0.281345 0.848371
vn -0.391175 0.284957 0.875090
vn -0.566127 0.387415 0.727606
vn -0.557682 0.399247 0.727731
vn -0.552556 0.389264 0.736991
vn -0.708399 0.270919 0.651746
vn -0.710697 0.283086 0.644028
vn -0.700458 0.285234 0.654217
vn -0.727816 0.075717 0.681580
vn -0.737570 0.077670 0.670789
vn -0.732120 0.090349 0.675157
vn -0.608605 -0.037753 0.792575
vn -0.616490 -0.047925 0.785903
vn -0.621585 -0.034583 0.782583
vn -0.449164 0.024345 0.893118
vn -0.447486 0.010005 0.894235
vn -0.460006 0.013517 0.887813
vn -0.380573 0.211095 0.900335
vn -0.369327 0.204013 0.906629
vn -0.517259 0.233959 0.823229
vn -0.579331 0.222937 0.784012
vn -0.469389 0.131821 0.873097
vn -0.633478 0.221321 0.741433
vn -0.571800 0.244988 0.782960
vn -0.508032 0.240202 0.827168
vn -0.643120 0.137533 0.753314
vn -0.616899 0.210646 0.758330
vn -0.569435 0.269711 0.776530
vn -0.593131 0.088127 0.800268
vn -0.624731 0.150690 0.766161
vn -0.631899 0.224330 0.741876
vn -0.524865 0.113253 0.843618
vn -0.589328 0.113897 0.799825
vn -0.644296 0.141188 0.751631
vn -0.494838 0.192275 0.847446
vn -0.539914 0.130937 0.831474
vn -0.596127 0.089203 0.797920
vn -0.527177 0.260476 0.808849
vn -0.516619 0.187979 0.835326
vn -0.773767 -0.076113 0.628882
vn -0.860283 0.035599 0.508572
vn -0.602930 -0.263871 0.752893
vn -0.707890 -0.205153 0.675873
vn -0.532134 -0.196545 0.823531
vn -0.334925 -0.148192 0.930518
vn -0.400164 -0.197857 0.894830
vn -0.285597 -0.009414 0.958304
vn -0.181008 0.195005 0.963955
vn -0.192515 0.107412 0.975398
vn -0.242290 0.323212 0.914784
vn -0.307698 0.512122 0.801906
vn -0.256008 0.458463 0.851042
vn -0.438007 0.526436 0.728708
vn -0.610653 0.541500 0.577824
vn -0.538536 0.566149 0.624063
vn -0.711545 0.433044 0.553332
vn -0.840046 0.259071 0.476659
vn -0.806717 0.341821 0.482044
vn -0.837272 0.120309 0.533388
vn -0.837941 -0.264278 0.477505
vn -0.948268 -0.064754 0.310796
vn -0.622166 -0.468615 0.627144
vn -0.674904 -0.431179 0.598823
vn -0.454422 -0.405057 0.793366
vn -0.217918 -0.338782 0.915281
vn -0.244586 -0.358825 0.900790
vn -0.102360 -0.116969 0.987846
vn 0.035329 0.142815 0.989119
vn 0.030828 0.107923 0.993681
vn -0.036850 0.384942 0.922205
vn -0.116361 0.624686 0.772158
vn -0.095574 0.603214 0.791833
vn -0.332157 0.691527 0.641453
vn -0.548515 0.709179 0.442941
vn -0.519722 0.718961 0.461502
vn -0.744980 0.550432 0.376869
vn -0.905042 0.325828 0.273378
vn -0.887355 0.375430 0.267682
vn -0.943209 0.127241 0.306865
vn -0.835578 -0.259735 0.484095
vn -0.951303 -0.052087 0.303825
vn -0.608922 -0.486110 0.626826
vn -0.644451 -0.449901 0.618281
vn -0.447983 -0.399842 0.799649
vn -0.211272 -0.345278 0.914411
vn -0.238993 -0.365719 0.899517
vn -0.113772 -0.110582 0.987334
vn 0.043999 0.141767 0.988922
vn 0.039414 0.106565 0.993524
vn -0.049524 0.381688 0.922964
vn -0.109229 0.629318 0.769434
vn -0.088284 0.607570 0.789345
vn -0.339203 0.682208 0.647713
vn -0.546583 0.714694 0.436417
vn -0.517441 0.724656 0.455114
vn -0.743989 0.543933 0.388094
vn -0.907624 0.325662 0.264884
vn -0.879163 0.407487 0.247035
vn -0.942307 0.148576 0.299970
vn 0.573727 -0.179248 -0.799192
vn -0.512130 0.237228 0.825497
vn 0.274829 -0.025743 -0.961149
vn 0.194442 0.143463 -0.970366
vn 0.140669 0.107784 -0.984172
vn 0.214606 -0.046238 -0.975606
vn 0.069278 0.282316 -0.956817
vn 0.026987 0.235692 -0.971453
vn -0.088622 0.377473 -0.921770
vn -0.115627 0.321976 -0.939660
vn -0.263593 0.419482 -0.868651
vn -0.275989 0.359772 -0.891288
vn -0.438312 0.404227 -0.802797
vn -0.435710 0.346645 -0.830659
vn -0.596134 0.333128 -0.730514
vn -0.578687 0.282274 -0.765142
vn -0.721440 0.213237 -0.658828
vn -0.693080 0.171930 -0.700057
vn -0.801803 0.056271 -0.594933
vn -0.766979 0.028741 -0.641028
vn -0.829477 -0.122337 -0.544978
vn -0.792040 -0.133082 -0.595787
vn -0.801744 -0.305096 -0.513929
vn -0.766223 -0.300386 -0.568041
vn -0.721312 -0.474330 -0.504698
vn -0.692999 -0.455407 -0.558890
vn -0.596036 -0.613316 -0.518251
vn -0.579480 -0.581349 -0.571171
vn -0.438331 -0.708405 -0.553198
vn -0.435034 -0.667924 -0.603840
vn -0.263442 -0.750375 -0.606247
vn -0.274941 -0.706857 -0.651736
vn -0.088495 -0.735125 -0.672131
vn -0.116453 -0.693056 -0.711415
vn 0.069364 -0.664009 -0.744500
vn 0.027608 -0.627517 -0.778114
vn 0.194641 -0.544149 -0.816099
vn 0.142788 -0.518212 -0.843248
vn 0.274922 -0.387393 -0.879968
vn 0.215401 -0.376234 -0.901138
vn 0.302585 -0.208761 -0.929979
vn 0.239875 -0.212723 -0.947211
vn -0.167953 -0.098084 -0.980903
vn -0.108336 -0.160254 -0.981113
vn -0.212181 0.009399 -0.977185
vn -0.220583 0.021508 -0.975131
vn -0.321180 0.019490 -0.946818
vn -0.416396 0.036869 -0.908436
vn -0.440023 0.026314 -0.897601
vn -0.493764 -0.058111 -0.867652
vn -0.555203 -0.128905 -0.821665
vn -0.559372 -0.155825 -0.814138
vn -0.524093 -0.254104 -0.812870
vn -0.498761 -0.353219 -0.791501
vn -0.479819 -0.374218 -0.793558
vn -0.386618 -0.406638 -0.827752
vn -0.293333 -0.451035 -0.842925
vn -0.266947 -0.448797 -0.852831
vn -0.194696 -0.389954 -0.900016
vn -0.108480 -0.341916 -0.933448
vn -0.096685 -0.318479 -0.942986
vn -0.107257 -0.218197 -0.969993
vn -0.112458 -0.060880 -0.991790
vn -0.018440 -0.133789 -0.990838
vn -0.140638 0.098641 -0.985135
vn -0.172462 0.136755 -0.975477
vn -0.313034 0.110767 -0.943261
vn -0.438565 0.157341 -0.884819
vn -0.492290 0.133275 -0.860168
vn -0.553025 0.002816 -0.833160
vn -0.648796 -0.077515 -0.757004
vn -0.658316 -0.138518 -0.739887
vn -0.595335 -0.269575 -0.756905
vn -0.576037 -0.406718 -0.709057
vn -0.533148 -0.454259 -0.713724
vn -0.404216 -0.481549 -0.777637
vn -0.279748 -0.558511 -0.780901
vn -0.219987 -0.553315 -0.803398
vn -0.137514 -0.458238 -0.878127
vn -0.004728 -0.408090 -0.912930
vn 0.022400 -0.354721 -0.934704
vn -0.015648 -0.219451 -0.975498
vn 0.494015 0.318077 0.809183
vn 0.459292 0.280132 0.842957
vn 0.514576 0.271139 0.813446
vn 0.313715 0.415679 0.853694
vn 0.320851 0.425767 0.846036
vn 0.329406 0.414252 0.848462
vn 0.149805 0.333469 0.930783
vn 0.144510 0.346486 0.926857
vn 0.158944 0.345871 0.924722
vn 0.127430 0.142947 0.981493
vn 0.113531 0.147549 0.982517
vn 0.122426 0.158621 0.979720
vn 0.264861 0.000739 0.964286
vn 0.253164 -0.007241 0.967396
vn 0.249925 0.007035 0.968240
vn 0.448695 0.024398 0.893352
vn 0.448017 0.009946 0.893970
vn 0.436236 0.016179 0.899687
vn 0.527653 0.194626 0.826864
vn 0.537954 0.185130 0.822394
vn 0.390751 0.248125 0.886424
vn 0.321458 0.251812 0.912828
vn 0.440093 0.135101 0.887731
vn 0.255807 0.263612 0.930092
vn 0.328942 0.272183 0.904275
vn 0.400373 0.252257 0.880947
vn 0.244706 0.182146 0.952335
vn 0.276981 0.248709 0.928130
vn 0.329622 0.296565 0.896325
vn 0.302336 0.120690 0.945530
vn 0.267963 0.190640 0.944379
vn 0.257614 0.266241 0.928844
vn 0.381026 0.129359 0.915470
vn 0.308783 0.145312 0.939967
vn 0.243335 0.186087 0.951924
vn 0.415635 0.201144 0.887011
vn 0.365752 0.150439 0.918474
vn 0.298917 0.122484 0.946386
vn 0.378275 0.277150 0.883230
vn 0.392544 0.201873 0.897305
vn 0.031904 0.006959 0.999467
vn -0.094096 0.142468 0.985317
vn 0.196642 -0.218376 0.955847
vn 0.084723 -0.135372 0.987166
vn 0.305901 -0.171212 0.936542
vn 0.514480 -0.168297 0.840825
vn 0.439271 -0.202236 0.875295
vn 0.589944 -0.043493 0.806272
vn 0.691844 0.137803 0.708775
vn 0.678631 0.052979 0.732567
vn 0.639839 0.278695 0.716195
vn 0.545762 0.485464 0.682985
vn 0.605359 0.419343 0.676529
vn 0.414166 0.529106 0.740617
vn 0.196454 0.587880 0.784731
vn 0.279598 0.595144 0.753411
vn 0.098829 0.501654 0.859404
vn -0.067871 0.360738 0.930195
vn -0.029436 0.435451 0.899731
vn -0.045966 0.219211 0.974594
vn -0.158839 -0.152661 0.975431
vn -0.319909 0.077253 0.944294
vn 0.049520 -0.404492 0.913200
vn 0.002908 -0.355931 0.934508
vn 0.290459 -0.386696 0.875271
vn 0.537011 -0.374514 0.755883
vn 0.506391 -0.388142 0.770009
vn 0.701382 -0.184046 0.688614
vn 0.828994 0.046030 0.557360
vn 0.823782 0.012226 0.566774
vn 0.776787 0.302086 0.552582
vn 0.654061 0.564475 0.503559
vn 0.677980 0.537997 0.500902
vn 0.436282 0.679867 0.589439
vn 0.155765 0.753158 0.639132
vn 0.189030 0.755991 0.626694
vn -0.039578 0.638285 0.768782
vn -0.254946 0.455720 0.852832
vn -0.240313 0.501703 0.830990
vn -0.285994 0.264884 0.920893
vn -0.151434 -0.149211 0.977141
vn -0.324953 0.090825 0.941359
vn 0.053907 -0.423961 0.904075
vn 0.032795 -0.381410 0.923824
vn 0.300124 -0.383284 0.873510
vn 0.539056 -0.381982 0.750672
vn 0.507430 -0.395779 0.765424
vn 0.695437 -0.175716 0.696772
vn 0.833722 0.043482 0.550471
vn 0.828436 0.009385 0.560004
vn 0.769399 0.301078 0.563362
vn 0.656897 0.567991 0.495855
vn 0.681045 0.541194 0.493241
vn 0.435463 0.671429 0.599629
vn 0.152710 0.758799 0.633170
vn 0.186317 0.761734 0.620522
vn -0.031266 0.630745 0.775360
vn -0.263209 0.456769 0.849755
vn -0.246179 0.533500 0.809181
vn -0.287138 0.286245 0.914120
vn -0.328999 -0.206653 -0.921441
vn 0.396126 0.250218 0.883445
vn -0.149695 -0.031811 -0.988220
vn -0.210707 0.144252 -0.966847
vn -0.268434 0.113980 -0.956531
vn -0.212131 -0.046358 -0.976141
vn -0.305718 0.293783 -0.905664
vn -0.354393 0.251570 -0.900621
vn -0.425572 0.402409 -0.810528
vn -0.462555 0.350016 -0.814575
vn -0.558356 0.459343 -0.690828
vn -0.584446 0.401501 -0.705138
vn -0.690954 0.458992 -0.558489
vn -0.705410 0.401986 -0.583785
vn -0.810749 0.401356 -0.426144
vn -0.813920 0.349811 -0.463861
vn -0.905833 0.292153 -0.306780
vn -0.900953 0.249235 -0.355199
vn -0.966825 0.142043 -0.212303
vn -0.956820 0.112340 -0.268096
vn -0.987816 -0.034205 -0.151819
vn -0.975835 -0.047346 -0.213319
vn -0.966773 -0.219329 -0.131323
vn -0.956461 -0.216842 -0.195350
vn -0.905716 -0.395425 -0.152702
vn -0.900655 -0.378121 -0.214113
vn -0.810618 -0.545098 -0.213932
vn -0.814482 -0.513747 -0.269597
vn -0.690894 -0.653642 -0.308898
vn -0.705049 -0.612635 -0.357191
vn -0.558151 -0.710531 -0.428501
vn -0.583310 -0.665236 -0.466059
vn -0.425360 -0.710205 -0.560961
vn -0.463010 -0.664955 -0.586052
vn -0.305565 -0.652555 -0.693399
vn -0.353897 -0.611693 -0.707523
vn -0.210474 -0.543381 -0.812673
vn -0.266266 -0.512224 -0.816535
vn -0.149564 -0.393472 -0.907089
vn -0.211207 -0.376437 -0.902046
vn -0.128605 -0.217198 -0.967619
vn -0.192912 -0.215001 -0.957371
vn -0.565820 -0.062499 -0.822156
vn -0.517623 -0.129897 -0.845691
vn -0.594434 0.048517 -0.802680
vn -0.600081 0.061307 -0.797586
vn -0.679761 0.068032 -0.730271
vn -0.748619 0.093368 -0.656393
vn -0.766540 0.084827 -0.636569
vn -0.810699 0.005150 -0.585441
vn -0.853959 -0.060566 -0.516803
vn -0.857123 -0.087131 -0.507689
vn -0.833713 -0.188256 -0.519117
vn -0.811105 -0.289695 -0.508120
vn -0.796727 -0.312311 -0.517386
vn -0.729358 -0.352517 -0.586318
vn -0.655177 -0.405037 -0.637721
vn -0.635142 -0.405050 -0.657669
vn -0.583681 -0.352206 -0.731620
vn -0.514891 -0.311685 -0.798586
vn -0.505968 -0.289253 -0.812606
vn -0.517417 -0.187902 -0.834849
vn -0.516576 -0.030374 -0.855702
vn -0.437716 -0.111667 -0.892152
vn -0.524623 0.130903 -0.841210
vn -0.545958 0.171596 -0.820051
vn -0.662474 0.158075 -0.732216
vn -0.747834 0.214876 -0.628150
vn -0.788582 0.195392 -0.583061
vn -0.844549 0.070593 -0.530805
vn -0.907365 -0.002047 -0.420340
vn -0.914573 -0.062239 -0.399602
vn -0.876629 -0.198190 -0.438455
vn -0.852084 -0.337460 -0.400093
vn -0.819533 -0.388659 -0.421081
vn -0.731565 -0.426468 -0.531919
vn -0.627221 -0.514527 -0.584684
vn -0.581858 -0.514429 -0.629924
vn -0.529143 -0.425909 -0.733901
vn -0.418516 -0.387565 -0.821364
vn -0.397976 -0.336507 -0.853451
vn -0.436778 -0.197510 -0.877619
vn 0.810846 0.254795 0.526885
vn 0.789798 0.219556 0.572725
vn 0.826900 0.206083 0.523227
vn 0.674821 0.367739 0.639831
vn 0.679063 0.377276 0.629712
vn 0.686752 0.364972 0.628623
vn 0.550464 0.299509 0.779284
vn 0.545249 0.313036 0.777632
vn 0.557393 0.311131 0.769747
vn 0.533485 0.110895 0.838508
vn 0.521737 0.116741 0.845081
vn 0.529668 0.126997 0.838644
vn 0.637795 -0.043037 0.769003
vn 0.627739 -0.049962 0.776819
vn 0.626471 -0.035468 0.778637
vn 0.777336 -0.035060 0.628108
vn 0.775639 -0.049397 0.629241
vn 0.767896 -0.042217 0.639181
vn 0.837211 0.128435 0.531585
vn 0.843826 0.118119 0.523456
vn 0.742648 0.193159 0.641221
vn 0.691078 0.202708 0.693773
vn 0.777456 0.076055 0.624322
vn 0.639789 0.220179 0.736336
vn 0.696216 0.222466 0.682489
vn 0.749490 0.196493 0.632182
vn 0.631370 0.139660 0.762802
vn 0.656793 0.203425 0.726114
vn 0.695808 0.246835 0.674480
vn 0.675112 0.073287 0.734066
vn 0.649952 0.146125 0.745794
vn 0.641155 0.222654 0.734401
vn 0.734832 0.075244 0.674062
vn 0.680937 0.097314 0.725848
vn 0.630323 0.143717 0.762914
vn 0.761099 0.144076 0.632432
vn 0.724177 0.097582 0.682675
vn 0.672532 0.075372 0.736220
vn 0.732706 0.223271 0.642877
vn 0.744483 0.146731 0.651317
vn 0.441752 -0.016012 0.896995
vn 0.334250 0.130821 0.933361
vn 0.552232 -0.254694 0.793833
vn 0.471389 -0.162342 0.866855
vn 0.647651 -0.217456 0.730248
vn 0.797479 -0.231923 0.556992
vn 0.740396 -0.259445 0.620082
vn 0.863159 -0.113964 0.491904
vn 0.932062 0.059049 0.357455
vn 0.922057 -0.024649 0.386269
vn 0.901016 0.203969 0.382841
vn 0.821173 0.419172 0.387258
vn 0.866410 0.347968 0.358122
vn 0.729712 0.473632 0.493147
vn 0.556027 0.551388 0.621936
vn 0.619135 0.551559 0.558976
vn 0.490375 0.473080 0.731934
vn 0.355463 0.346790 0.867976
vn 0.384640 0.418225 0.822885
vn 0.380543 0.202985 0.902211
vn 0.244213 -0.156801 0.956961
vn 0.106650 0.087595 0.990431
vn 0.384100 -0.425521 0.819389
vn 0.355135 -0.373296 0.857047
vn 0.588466 -0.429322 0.685121
vn 0.763803 -0.437598 0.474460
vn 0.740619 -0.448617 0.500227
vn 0.902638 -0.261835 0.341596
vn 0.985430 -0.041962 0.164822
vn 0.981465 -0.075322 0.176222
vn 0.959817 0.217866 0.176879
vn 0.852630 0.491407 0.177597
vn 0.870764 0.462889 0.165842
vn 0.701345 0.624696 0.343322
vn 0.474384 0.722598 0.502804
vn 0.499664 0.722592 0.477700
vn 0.340195 0.623706 0.703746
vn 0.162793 0.460189 0.872768
vn 0.171299 0.505050 0.845921
vn 0.145082 0.271718 0.951378
vn 0.251948 -0.154086 0.955395
vn 0.102122 0.101632 0.989567
vn 0.382514 -0.445125 0.809659
vn 0.375459 -0.401210 0.835501
vn 0.596814 -0.426782 0.679464
vn 0.762816 -0.445118 0.469022
vn 0.738964 -0.456222 0.495776
vn 0.901384 -0.253156 0.351312
vn 0.986638 -0.044799 0.156649
vn 0.982628 -0.078445 0.168193
vn 0.957474 0.217331 0.189764
vn 0.852348 0.494799 0.169340
vn 0.870679 0.465941 0.157535
vn 0.704026 0.616168 0.353108
vn 0.469677 0.728615 0.498521
vn 0.495190 0.728684 0.473082
vn 0.349742 0.615299 0.706461
vn 0.154133 0.462059 0.873353
vn 0.159928 0.537683 0.827841
vn 0.143227 0.293225 0.945254
vn -0.697289 -0.156882 -0.699411
vn 0.746483 0.194806 0.636249
vn 0.550914 -0.333892 -0.764860
vn 0.550914 -0.333892 -0.764860
vn 0.450548 -0.171693 -0.876087
vn 0.480918 -0.218025 -0.849225
vn 0.767326 -0.616096 -0.177866
vn 0.767327 -0.616096 -0.177866
vn 0.879834 -0.271973 -0.389773
vn 0.871694 -0.334076 -0.358528
vn 0.622808 -0.529820 0.575674
vn 0.622808 -0.529820 0.575674
vn 0.913500 -0.245917 0.324104
vn 0.922911 -0.229648 0.309027
vn 0.269094 -0.265464 0.925806
vn 0.269094 -0.265464 0.925806
vn 0.548776 -0.114705 0.828063
vn 0.646995 -0.048563 0.760946
vn -0.164027 -0.014698 0.986346
vn -0.164027 -0.014698 0.986346
vn 0.056146 0.073761 0.995694
vn 0.188775 0.125636 0.973951
vn -0.617093 0.289822 0.731573
vn -0.617093 0.289822 0.731573
vn -0.468638 0.293207 0.833311
vn -0.382739 0.291115 0.876791
vn -0.802468 0.582612 0.128870
vn -0.802468 0.582612 0.128870
vn -0.835257 0.438742 0.331438
vn -0.834843 0.389237 0.389270
vn -0.558570 0.630835 -0.538560
vn -0.558570 0.630835 -0.538560
vn -0.876116 0.392604 -0.279789
vn -0.885250 0.380550 -0.267423
vn -0.150875 0.406053 -0.901309
vn -0.150875 0.406053 -0.901309
vn -0.591627 0.210198 -0.778328
vn -0.523255 0.249344 -0.814881
vn 0.225599 0.051283 -0.972869
vn 0.225599 0.051283 -0.972869
vn -0.098750 0.004338 -0.995103
vn -0.005520 0.018041 -0.999822
vn 0.665110 0.337055 0.666351
vn 0.661771 0.328370 0.673967
vn 0.666389 0.324943 0.671073
vn 0.664492 0.339681 0.665632
vn 0.662516 0.337688 0.668610
vn 0.669260 0.329698 0.665875
vn 0.673035 0.321073 0.666286
vn 0.671054 0.316305 0.670551
vn 0.667771 0.312664 0.675517
vn 0.666121 0.311870 0.677510
vn 0.663725 0.317121 0.677424
vn 0.069879 -0.985553 -0.154281
vn 0.077083 -0.985741 -0.149574
vn 0.070714 -0.986594 -0.147080
vn 0.081800 -0.986015 -0.145199
vn 0.082238 -0.986114 -0.144279
vn 0.080091 -0.986487 -0.142932
vn 0.070966 -0.987274 -0.142317
vn 0.060226 -0.987326 -0.146833
vn 0.056366 -0.987458 -0.147479
vn 0.059389 -0.987471 -0.146199
vn 0.064070 -0.986159 -0.152924
vn -0.245515 -0.017581 -0.969233
vn -0.245515 -0.017581 -0.969233
vn -0.741393 0.106548 -0.662559
vn -0.741393 0.106548 -0.662559
vn -0.962233 0.240764 -0.127044
vn -0.962233 0.240764 -0.127044
vn -0.827155 0.322013 0.460568
vn -0.827155 0.322013 0.460568
vn -0.318871 0.287948 0.902999
vn -0.318871 0.287948 0.902999
vn 0.272361 0.157758 0.949174
vn 0.272361 0.157758 0.949174
vn 0.740294 0.024473 0.671838
vn 0.740294 0.024473 0.671838
vn 0.986068 -0.064709 0.153237
vn 0.986068 -0.064709 0.153237
vn 0.880711 -0.104143 -0.462063
vn 0.880711 -0.104143 -0.462063
vn 0.396020 -0.092871 -0.913533
vn 0.396020 -0.092871 -0.913533
vn 0.460881 0.513773 -0.723620
vn 0.460881 0.513773 -0.723620
vn 0.406151 0.441938 -0.799832
vn 0.426632 0.468673 -0.773519
vn 0.632924 0.744684 -0.211786
vn 0.632924 0.744684 -0.211786
vn 0.423684 0.841178 -0.336023
vn 0.472240 0.824910 -0.310664
vn 0.457184 0.668684 0.586383
vn 0.457184 0.668684 0.586383
vn 0.246466 0.876651 0.413205
vn 0.231126 0.887028 0.399703
vn 0.041449 0.265165 0.963312
vn 0.041449 0.265165 0.963312
vn -0.047180 0.462076 0.885585
vn -0.087121 0.544515 0.834215
vn -0.247565 -0.132800 0.959727
vn -0.247565 -0.132800 0.959727
vn -0.284376 0.009688 0.958664
vn -0.304295 0.098805 0.947440
vn -0.450572 -0.524850 0.722161
vn -0.450572 -0.524850 0.722161
vn -0.450297 -0.439888 0.777002
vn -0.448333 -0.393911 0.802391
vn -0.584991 -0.792415 0.172815
vn -0.584991 -0.792415 0.172815
vn -0.488124 -0.824749 0.285524
vn -0.458705 -0.830433 0.316181
vn -0.503358 -0.657940 -0.560131
vn -0.503358 -0.657940 -0.560131
vn -0.291357 -0.880646 -0.373596
vn -0.289987 -0.881627 -0.372345
vn -0.184437 -0.222615 -0.957301
vn -0.184437 -0.222615 -0.957301
vn 0.032679 -0.545166 -0.837691
vn -0.017342 -0.478277 -0.878038
vn 0.171888 0.193592 -0.965907
vn 0.171888 0.193592 -0.965907
vn 0.274044 -0.052534 -0.960281
vn 0.239339 0.036109 -0.970264
vn -0.822220 0.290097 0.489692
vn -0.815482 0.292727 0.499299
vn -0.815029 0.298548 0.496585
vn -0.823645 0.287991 0.488539
vn -0.821653 0.287617 0.492100
vn -0.819107 0.297950 0.490193
vn -0.815026 0.306278 0.491860
vn -0.811257 0.307601 0.497236
vn -0.807708 0.307188 0.503233
vn -0.806584 0.306349 0.505541
vn -0.809051 0.301199 0.504694
vn 0.981664 -0.152876 0.113867
vn 0.981974 -0.145398 0.120773
vn 0.980701 -0.152407 0.122467
vn 0.981911 -0.141535 0.125774
vn 0.981824 -0.141167 0.126859
vn 0.981381 -0.143077 0.128139
vn 0.979921 -0.152506 0.128443
vn 0.979032 -0.163506 0.121501
vn 0.978538 -0.166444 0.121489
vn 0.978760 -0.163734 0.123371
vn 0.980491 -0.159143 0.115374
vn 0.321564 -0.185124 -0.928615
vn 0.321563 -0.185124 -0.928615
vn 0.134194 -0.667395 -0.732514
vn 0.134194 -0.667395 -0.732514
vn -0.161990 -0.953661 -0.253556
vn -0.161990 -0.953661 -0.253556
vn -0.406502 -0.836612 0.367202
vn -0.406502 -0.836612 0.367202
vn -0.445247 -0.348286 0.824895
vn -0.445247 -0.348286 0.824895
vn -0.320147 0.178979 0.930308
vn -0.320147 0.178979 0.930308
vn -0.142905 0.652586 0.744117
vn -0.142905 0.652586 0.744117
vn 0.060233 0.968205 0.242800
vn 0.060233 0.968205 0.242800
vn 0.259646 0.874592 -0.409479
vn 0.259646 0.874592 -0.409479
vn 0.367057 0.391319 -0.843883
vn 0.367057 0.391319 -0.843883
vn 0.544479 0.063318 -0.836381
vn 0.544479 0.063318 -0.836381
vn 0.498866 0.120324 -0.858286
vn 0.514294 0.101522 -0.851584
vn 0.503140 0.606108 -0.616022
vn 0.503140 0.606108 -0.616022
vn 0.309099 0.583856 -0.750713
vn 0.354242 0.591733 -0.724130
vn 0.113218 0.993549 -0.006442
vn 0.113218 0.993549 -0.006442
vn -0.064921 0.945887 -0.317935
vn -0.061643 0.947932 -0.312452
vn -0.306554 0.804305 0.509036
vn -0.306554 0.804305 0.509036
vn -0.430971 0.835323 0.341320
vn -0.477602 0.837276 0.266205
vn -0.494242 0.424365 0.758709
vn -0.494242 0.424365 0.758709
vn -0.553645 0.404729 0.727786
vn -0.596947 0.388503 0.701940
vn -0.532196 -0.068241 0.843866
vn -0.532196 -0.068241 0.843866
vn -0.505379 -0.104621 0.856531
vn -0.488687 -0.126426 0.863250
vn -0.437052 -0.646650 0.625163
vn -0.437052 -0.646650 0.625163
vn -0.311787 -0.620104 0.719903
vn -0.276354 -0.610167 0.742513
vn -0.166344 -0.985969 0.013995
vn -0.166344 -0.985969 0.013995
vn 0.015641 -0.956123 0.292547
vn 0.008003 -0.959539 0.281463
vn 0.162954 -0.821791 -0.545990
vn 0.162954 -0.821791 -0.545990
vn 0.387486 -0.856441 -0.341121
vn 0.325349 -0.854653 -0.404618
vn 0.413341 -0.413046 -0.811506
vn 0.413341 -0.413046 -0.811506
vn 0.542365 -0.380020 -0.749283
vn 0.496503 -0.393064 -0.773942
vn -0.972677 0.217278 0.081791
vn -0.969841 0.227531 0.087396
vn -0.969774 0.230009 0.081455
vn -0.973230 0.214590 0.082309
vn -0.972378 0.217277 0.085277
vn -0.971517 0.224126 0.076958
vn -0.969903 0.232382 0.072712
vn -0.968286 0.238019 0.075953
vn -0.966713 0.242765 0.080822
vn -0.966195 0.244034 0.083149
vn -0.967195 0.239066 0.085912
vn 0.236736 -0.220072 0.946322
vn 0.232030 -0.211585 0.949418
vn 0.228669 -0.218059 0.948768
vn 0.228215 -0.206938 0.951365
vn 0.227270 -0.206384 0.951711
vn 0.225576 -0.208000 0.951762
vn 0.222941 -0.217068 0.950357
vn 0.226784 -0.228962 0.946650
vn 0.226045 -0.231802 0.946135
vn 0.224945 -0.228844 0.947117
vn 0.233725 -0.225858 0.945706
vn 0.610503 -0.357587 -0.706695
vn 0.610503 -0.357587 -0.706695
vn 0.508415 -0.837949 -0.198383
vn 0.508415 -0.837949 -0.198383
vn 0.133526 -0.879431 0.456916
vn 0.133526 -0.879431 0.456916
vn -0.196848 -0.584387 0.787237
vn -0.196848 -0.584387 0.787237
vn -0.468991 -0.151398 0.870130
vn -0.468991 -0.151398 0.870130
vn -0.644094 0.368753 0.670197
vn -0.644094 0.368753 0.670197
vn -0.558277 0.821980 0.112587
vn -0.558277 0.821980 0.112587
vn -0.171489 0.854188 -0.490871
vn -0.171489 0.854188 -0.490871
vn 0.211378 0.561948 -0.799709
vn 0.211378 0.561948 -0.799709
vn 0.474621 0.148974 -0.867492
vn 0.474621 0.148974 -0.867492
vn 0.587638 0.022364 -0.808815
vn 0.587638 0.022364 -0.808815
vn 0.587638 0.022364 -0.808815
vn 0.587638 0.022364 -0.808815
vn 0.000000 0.022364 -0.999750
vn 0.000000 0.022364 -0.999750
vn 0.000000 0.022364 -0.999750
vn 0.000000 0.022364 -0.999750
vn -0.587638 0.022364 -0.808815
vn -0.587638 0.022364 -0.808815
vn -0.587638 0.022364 -0.808815
vn -0.587638 0.022364 -0.808815
vn -0.950819 0.022364 -0.308940
vn -0.950819 0.022364 -0.308940
vn -0.950819 0.022364 -0.308940
vn -0.950819 0.022364 -0.308940
vn -0.950819 0.022364 0.308940
vn -0.950819 0.022364 0.308940
vn -0.950819 0.022364 0.308940
vn -0.950819 0.022364 0.308940
vn -0.587638 0.022364 0.808815
vn -0.587638 0.022364 0.808815
vn -0.587638 0.022364 0.808815
vn -0.587638 0.022364 0.808815
vn 0.000000 0.022364 0.999750
vn 0.000000 0.022364 0.999750
vn 0.000000 0.022364 0.999750
vn 0.000000 0.022364 0.999750
vn 0.587638 0.022364 0.808815
vn 0.587638 0.022364 0.808815
vn 0.587638 0.022364 0.808815
vn 0.587638 0.022364 0.808815
vn 0.950819 0.022364 0.308940
vn 0.950819 0.022364 0.308940
vn 0.950819 0.022364 0.308940
vn 0.950819 0.022364 0.308940
vn 0.950819 0.022364 -0.308940
vn 0.950819 0.022364 -0.308940
vn 0.950819 0.022364 -0.308940
vn 0.950819 0.022364 -0.308940
vn 0.000000 -1.000000 0.000000
vn 0.000000 -1.000000 0.000000
vn 0.000000 -1.000000 0.000000
vn 0.000000 -1.000000 0.000000
vn 0.000000 -1.000000 0.000000
vn 0.000000 -1.000000 0.000000
vn 0.000000 -1.000000 0.000000
vn 0.000000 -1.000000 0.000000
vn 0.000000 -1.000000 0.000000
vn 0.000000 -1.000000 0.000000
vn 0.000000 -1.000000 0.000000
vn -0.000001 1.000000 -0.000006
vn -0.000001 1.000000 -0.000003
vn 0.000000 1.000000 -0.000001
vn 0.000001 1.000000 0.000001
vn 0.000001 1.000000 0.000004
vn 0.000002 1.000000 -0.000000
vn 0.000001 1.000000 -0.000003
vn 0.000001 1.000000 -0.000002
vn -0.000001 1.000000 -0.000001
vn -0.000001 1.000000 0.000004
vn -0.000002 1.000000 0.000000
vn 0.277578 -0.881467 -0.382056
vn 0.277578 -0.881467 -0.382056
vn 0.277578 -0.881467 -0.382056
vn 0.277578 -0.881467 -0.382056
vn 0.000000 -0.881467 -0.472245
vn 0.000000 -0.881467 -0.472245
vn 0.000000 -0.881467 -0.472245
vn 0.000000 -0.881467 -0.472245
vn -0.277579 -0.881467 -0.382054
vn -0.277579 -0.881467 -0.382054
vn -0.277579 -0.881467 -0.382054
vn -0.277579 -0.881467 -0.382054
vn -0.449132 -0.881466 -0.145937
vn -0.449132 -0.881466 -0.145937
vn -0.449132 -0.881466 -0.145937
vn -0.449132 -0.881466 -0.145937
vn -0.449132 -0.881466 0.145937
vn -0.449132 -0.881466 0.145937
vn -0.449132 -0.881466 0.145937
vn -0.449132 -0.881466 0.145937
vn -0.277579 -0.881466 0.382057
vn -0.277579 -0.881466 0.382057
vn -0.277579 -0.881466 0.382057
vn -0.277579 -0.881466 0.382057
vn 0.000000 -0.881467 0.472245
vn 0.000000 -0.881467 0.472245
vn 0.000000 -0.881467 0.472245
vn 0.000000 -0.881467 0.472245
vn 0.277579 -0.881468 0.382054
vn 0.277579 -0.881468 0.382054
vn 0.277579 -0.881468 0.382054
vn 0.277579 -0.881468 0.382054
vn 0.449131 -0.881467 0.145937
vn 0.449131 -0.881467 0.145937
vn 0.449131 -0.881467 0.145937
vn 0.449131 -0.881467 0.145937
vn 0.449131 -0.881467 -0.145937
vn 0.449131 -0.881467 -0.145937
vn 0.449131 -0.881467 -0.145937
vn 0.449131 -0.881467 -0.145937
vn 0.425918 -0.689157 -0.586223
vn 0.425918 -0.689157 -0.586223
vn 0.425918 -0.689157 -0.586223
vn 0.425918 -0.689157 -0.586223
vn -0.000000 -0.689154 -0.724615
vn -0.000000 -0.689154 -0.724615
vn -0.000000 -0.689154 -0.724615
vn -0.000000 -0.689154 -0.724615
vn -0.425916 -0.689154 -0.586227
vn -0.425916 -0.689154 -0.586227
vn -0.425916 -0.689154 -0.586227
vn -0.425916 -0.689154 -0.586227
vn -0.689149 -0.689155 -0.223915
vn -0.689149 -0.689155 -0.223915
vn -0.689149 -0.689155 -0.223915
vn -0.689149 -0.689155 -0.223915
vn -0.689149 -0.689155 0.223917
vn -0.689149 -0.689155 0.223917
vn -0.689149 -0.689155 0.223917
vn -0.689149 -0.689155 0.223917
vn -0.425918 -0.689154 0.586225
vn -0.425918 -0.689154 0.586225
vn -0.425918 -0.689154 0.586225
vn -0.425918 -0.689154 0.586225
vn 0.000000 -0.689154 0.724615
vn 0.000000 -0.689154 0.724615
vn 0.000000 -0.689154 0.724615
vn 0.000000 -0.689154 0.724615
vn 0.425919 -0.689157 0.586222
vn 0.425918 -0.689157 0.586222
vn 0.425919 -0.689157 0.586222
vn 0.425919 -0.689157 0.586222
vn 0.689150 -0.689154 0.223917
vn 0.689150 -0.689154 0.223917
vn 0.689150 -0.689154 0.223917
vn 0.689150 -0.689154 0.223917
vn 0.689149 -0.689155 -0.223917
vn 0.689149 -0.689155 -0.223917
vn 0.689149 -0.689155 -0.223917
vn 0.689149 -0.689155 -0.223917
vn 0.528952 -0.436081 -0.728040
vn 0.528952 -0.436081 -0.728040
vn 0.528952 -0.436081 -0.728040
vn 0.528952 -0.436081 -0.728040
vn 0.000000 -0.436083 -0.899907
vn 0.000000 -0.436083 -0.899907
vn 0.000000 -0.436083 -0.899907
vn 0.000000 -0.436083 -0.899907
vn -0.528954 -0.436083 -0.728038
vn -0.528954 -0.436083 -0.728038
vn -0.528954 -0.436083 -0.728038
vn -0.528954 -0.436083 -0.728038
vn -0.855863 -0.436081 -0.278086
vn -0.855863 -0.436081 -0.278086
vn -0.855863 -0.436081 -0.278086
vn -0.855863 -0.436081 -0.278086
vn -0.855863 -0.436080 0.278088
vn -0.855863 -0.436080 0.278088
vn -0.855863 -0.436080 0.278088
vn -0.855863 -0.436080 0.278088
vn -0.528953 -0.436083 0.728039
vn -0.528953 -0.436083 0.728039
vn -0.528953 -0.436083 0.728039
vn -0.528953 -0.436083 0.728039
vn 0.000000 -0.436082 0.899907
vn 0.000000 -0.436082 0.899907
vn 0.000000 -0.436082 0.899907
vn 0.000000 -0.436082 0.899907
vn 0.528954 -0.436082 0.728039
vn 0.528954 -0.436082 0.728039
vn 0.528954 -0.436082 0.728039
vn 0.528954 -0.436082 0.728039
vn 0.855863 -0.436081 0.278087
vn 0.855863 -0.436081 0.278087
vn 0.855862 -0.436081 0.278087
vn 0.855862 -0.436081 0.278087
vn 0.855863 -0.436080 -0.278088
vn 0.855863 -0.436080 -0.278088
vn 0.855863 -0.436080 -0.278088
vn 0.855863 -0.436080 -0.278088
vn 0.581227 -0.148952 -0.799993
vn 0.581227 -0.148952 -0.799993
vn 0.581227 -0.148952 -0.799993
vn 0.581227 -0.148952 -0.799993
vn -0.000000 -0.148952 -0.988844
vn -0.000000 -0.148952 -0.988844
vn -0.000000 -0.148952 -0.988844
vn -0.000000 -0.148952 -0.988844
vn -0.581227 -0.148951 -0.799993
vn -0.581227 -0.148951 -0.799993
vn -0.581227 -0.148951 -0.799993
vn -0.581227 -0.148951 -0.799993
vn -0.940447 -0.148954 -0.305569
vn -0.940447 -0.148954 -0.305569
vn -0.940447 -0.148954 -0.305569
vn -0.940447 -0.148954 -0.305569
vn -0.940447 -0.148954 0.305569
vn -0.940447 -0.148954 0.305569
vn -0.940447 -0.148954 0.305570
vn -0.940447 -0.148954 0.305569
vn -0.581227 -0.148952 0.799993
vn -0.581227 -0.148952 0.799993
vn -0.581227 -0.148952 0.799993
vn -0.581227 -0.148952 0.799993
vn 0.000000 -0.148952 0.988844
vn 0.000000 -0.148952 0.988844
vn 0.000000 -0.148952 0.988844
vn 0.000000 -0.148952 0.988844
vn 0.581228 -0.148951 0.799992
vn 0.581228 -0.148951 0.799993
vn 0.581228 -0.148951 0.799992
vn 0.581228 -0.148951 0.799992
vn 0.940447 -0.148954 0.305570
vn 0.940447 -0.148954 0.305570
vn 0.940447 -0.148954 0.305570
vn 0.940447 -0.148954 0.305570
vn 0.940447 -0.148954 -0.305569
vn 0.940447 -0.148954 -0.305569
vn 0.940447 -0.148954 -0.305569
vn 0.940447 -0.148954 -0.305569
vn 0.581229 0.148953 -0.799992
vn 0.581229 0.148953 -0.799992
vn 0.581229 0.148953 -0.799992
vn 0.581229 0.148953 -0.799992
vn -0.000000 0.148953 -0.988844
vn -0.000000 0.148953 -0.988844
vn -0.000000 0.148953 -0.988844
vn -0.000000 0.148953 -0.988844
vn -0.581227 0.148951 -0.799993
vn -0.581227 0.148951 -0.799993
vn -0.581227 0.148951 -0.799993
vn -0.581227 0.148951 -0.799993
vn -0.940447 0.148954 -0.305568
vn -0.940447 0.148954 -0.305568
vn -0.940447 0.148954 -0.305568
vn -0.940447 0.148954 -0.305568
vn -0.940447 0.148954 0.305569
vn -0.940447 0.148955 0.305569
vn -0.940447 0.148954 0.305569
vn -0.940447 0.148955 0.305569
vn -0.581228 0.148952 0.799992
vn -0.581228 0.148952 0.799992
vn -0.581228 0.148952 0.799992
vn -0.581228 0.148952 0.799992
vn 0.000000 0.148953 0.988844
vn 0.000000 0.148953 0.988844
vn 0.000000 0.148953 0.988844
vn 0.000000 0.148953 0.988844
vn 0.581227 0.148951 0.799993
vn 0.581228 0.148951 0.799993
vn 0.581228 0.148951 0.799993
vn 0.581228 0.148951 0.799993
vn 0.940447 0.148954 0.305569
vn 0.940447 0.148954 0.305569
vn 0.940447 0.148954 0.305569
vn 0.940447 0.148954 0.305569
vn 0.940447 0.148954 -0.305569
vn 0.940447 0.148954 -0.305569
vn 0.940447 0.148954 -0.305569
vn 0.940447 0.148955 -0.305569
vn 0.528953 0.436081 -0.728040
vn 0.528953 0.436081 -0.728040
vn 0.528953 0.436082 -0.728040
vn 0.528953 0.436082 -0.728040
vn 0.000000 0.436081 -0.899908
vn 0.000000 0.436081 -0.899908
vn 0.000000 0.436081 -0.899908
vn 0.000000 0.436081 -0.899908
vn -0.528953 0.436082 -0.728040
vn -0.528952 0.436082 -0.728040
vn -0.528953 0.436082 -0.728040
vn -0.528953 0.436082 -0.728040
vn -0.855863 0.436081 -0.278087
vn -0.855863 0.436081 -0.278087
vn -0.855863 0.436081 -0.278087
vn -0.855863 0.436081 -0.278087
vn -0.855863 0.436082 0.278085
vn -0.855863 0.436082 0.278085
vn -0.855863 0.436082 0.278085
vn -0.855863 0.436082 0.278085
vn -0.528953 0.436083 0.728039
vn -0.528953 0.436083 0.728039
vn -0.528953 0.436083 0.728039
vn -0.528953 0.436083 0.728039
vn 0.000000 0.436080 0.899908
vn 0.000000 0.436080 0.899908
vn 0.000000 0.436080 0.899908
vn 0.000000 0.436080 0.899908
vn 0.528954 0.436082 0.728039
vn 0.528954 0.436082 0.728039
vn 0.528954 0.436082 0.728039
vn 0.528954 0.436082 0.728039
vn 0.855863 0.436081 0.278087
vn 0.855863 0.436081 0.278087
vn 0.855863 0.436081 0.278087
vn 0.855863 0.436081 0.278087
vn 0.855863 0.436082 -0.278087
vn 0.855863 0.436082 -0.278086
vn 0.855863 0.436082 -0.278086
vn 0.855863 0.436082 -0.278087
vn 0.425917 0.689156 -0.586224
vn 0.425917 0.689156 -0.586224
vn 0.425917 0.689156 -0.586224
vn 0.425917 0.689156 -0.586224
vn -0.000000 0.689154 -0.724615
vn -0.000000 0.689154 -0.724615
vn -0.000000 0.689154 -0.724615
vn -0.000000 0.689154 -0.724615
vn -0.425918 0.689156 -0.586224
vn -0.425918 0.689156 -0.586224
vn -0.425918 0.689156 -0.586224
vn -0.425918 0.689156 -0.586224
vn -0.689149 0.689155 -0.223917
vn -0.689149 0.689155 -0.223917
vn -0.689149 0.689155 -0.223917
vn -0.689149 0.689155 -0.223917
vn -0.689149 0.689156 0.223917
vn -0.689149 0.689156 0.223917
vn -0.689149 0.689156 0.223917
vn -0.689149 0.689156 0.223917
vn -0.425917 0.689153 0.586227
vn -0.425917 0.689153 0.586227
vn -0.425917 0.689153 0.586227
vn -0.425917 0.689153 0.586227
vn 0.000000 0.689154 0.724615
vn 0.000000 0.689154 0.724615
vn 0.000000 0.689154 0.724615
vn 0.000000 0.689154 0.724615
vn 0.425917 0.689155 0.586226
vn 0.425917 0.689155 0.586226
vn 0.425917 0.689155 0.586226
vn 0.425917 0.689155 0.586226
vn 0.689150 0.689154 0.223917
vn 0.689150 0.689154 0.223917
vn 0.689150 0.689154 0.223917
vn 0.689150 0.689154 0.223917
vn 0.689149 0.689155 -0.223917
vn 0.689149 0.689155 -0.223917
vn 0.689149 0.689155 -0.223917
vn 0.689149 0.689155 -0.223917
vn 0.277578 0.881468 -0.382054
vn 0.277578 0.881468 -0.382054
vn 0.277578 0.881468 -0.382054
vn 0.277578 0.881468 -0.382054
vn 0.000000 0.881467 -0.472246
vn 0.000000 0.881467 -0.472246
vn 0.000000 0.881467 -0.472246
vn 0.000000 0.881467 -0.472246
vn -0.277579 0.881468 -0.382053
vn -0.277579 0.881468 -0.382053
vn -0.277579 0.881468 -0.382053
vn -0.277579 0.881468 -0.382053
vn -0.449132 0.881467 -0.145931
vn -0.449132 0.881467 -0.145931
vn -0.449133 0.881467 -0.145931
vn -0.449132 0.881467 -0.145931
vn -0.449133 0.881467 0.145931
vn -0.449132 0.881467 0.145931
vn -0.449132 0.881467 0.145931
vn -0.449133 0.881467 0.145931
vn -0.277579 0.881467 0.382054
vn -0.277579 0.881467 0.382054
vn -0.277579 0.881467 0.382054
vn -0.277579 0.881467 0.382054
vn 0.000000 0.881467 0.472246
vn 0.000000 0.881467 0.472246
vn 0.000000 0.881467 0.472246
vn 0.000000 0.881467 0.472246
vn 0.277579 0.881468 0.382052
vn 0.277579 0.881468 0.382052
vn 0.277579 0.881468 0.382052
vn 0.277579 0.881468 0.382052
vn 0.449131 0.881468 0.145931
vn 0.449131 0.881468 0.145931
vn 0.449131 0.881468 0.145931
vn 0.449131 0.881468 0.145931
vn 0.449132 0.881467 -0.145931
vn 0.449132 0.881467 -0.145931
vn 0.449132 0.881467 -0.145931
vn 0.449132 0.881467 -0.145931
vn 0.096558 -0.986415 -0.132897
vn 0.096558 -0.986415 -0.132897
vn 0.096558 -0.986415 -0.132897
vn 0.000000 -0.986416 -0.164268
vn 0.000000 -0.986416 -0.164268
vn 0.000000 -0.986416 -0.164268
vn -0.096558 -0.986416 -0.132889
vn -0.096558 -0.986416 -0.132889
vn -0.096558 -0.986416 -0.132889
vn -0.156234 -0.986414 -0.050773
vn -0.156234 -0.986414 -0.050773
vn -0.156234 -0.986414 -0.050773
vn -0.156234 -0.986414 0.050773
vn -0.156234 -0.986414 0.050773
vn -0.156234 -0.986414 0.050773
vn -0.096557 -0.986415 0.132897
vn -0.096557 -0.986415 0.132897
vn -0.096557 -0.986415 0.132897
vn 0.000000 -0.986416 0.164268
vn 0.000000 -0.986416 0.164268
vn 0.000000 -0.986416 0.164268
vn 0.096558 -0.986416 0.132889
vn 0.096558 -0.986416 0.132889
vn 0.096558 -0.986416 0.132889
vn 0.156234 -0.986414 0.050773
vn 0.156234 -0.986414 0.050773
vn 0.156234 -0.986414 0.050773
vn 0.156234 -0.986414 -0.050773
vn 0.156234 -0.986414 -0.050773
vn 0.156234 -0.986414 -0.050773
vn 0.096558 0.986416 -0.132889
vn 0.096558 0.986416 -0.132889
vn 0.096558 0.986416 -0.132889
vn 0.000000 0.986414 -0.164277
vn 0.000000 0.986414 -0.164277
vn 0.000000 0.986414 -0.164277
vn -0.096558 0.986415 -0.132897
vn -0.096558 0.986415 -0.132897
vn -0.096558 0.986415 -0.132897
vn -0.156234 0.986415 -0.050755
vn -0.156234 0.986415 -0.050755
vn -0.156234 0.986415 -0.050755
vn -0.156234 0.986415 0.050755
vn -0.156234 0.986415 0.050755
vn -0.156234 0.986415 0.050755
vn -0.096558 0.986416 0.132889
vn -0.096558 0.986416 0.132889
vn -0.096558 0.986416 0.132889
vn 0.000000 0.986414 0.164277
vn 0.000000 0.986414 0.164277
vn 0.000000 0.986414 0.164277
vn 0.096557 0.986415 0.132897
vn 0.096557 0.986415 0.132897
vn 0.096557 0.986415 0.132897
vn 0.156234 0.986415 0.050755
vn 0.156234 0.986415 0.050755
vn 0.156234 0.986415 0.050755
vn 0.156234 0.986415 -0.050755
vn 0.156234 0.986415 -0.050755
vn 0.156234 0.986415 -0.050755
vn 0.277577 -0.881469 -0.382051
vn 0.277577 -0.881469 -0.382051
vn 0.277577 -0.881469 -0.382051
vn 0.277577 -0.881469 -0.382051
vn 0.000000 -0.881469 -0.472241
vn 0.000000 -0.881469 -0.472241
vn 0.000000 -0.881469 -0.472241
vn 0.000000 -0.881469 -0.472241
vn -0.277577 -0.881469 -0.382052
vn -0.277577 -0.881469 -0.382052
vn -0.277577 -0.881469 -0.382052
vn -0.277577 -0.881469 -0.382052
vn -0.449129 -0.881468 -0.145934
vn -0.449129 -0.881468 -0.145934
vn -0.449129 -0.881468 -0.145934
vn -0.449129 -0.881468 -0.145934
vn -0.449128 -0.881469 0.145931
vn -0.449128 -0.881469 0.145931
vn -0.449128 -0.881469 0.145931
vn -0.449128 -0.881469 0.145931
vn -0.277578 -0.881469 0.382051
vn -0.277578 -0.881469 0.382051
vn -0.277578 -0.881469 0.382051
vn -0.277578 -0.881469 0.382051
vn 0.000000 -0.881469 0.472241
vn 0.000000 -0.881469 0.472241
vn 0.000000 -0.881469 0.472241
vn 0.000000 -0.881469 0.472241
vn 0.277578 -0.881469 0.382052
vn 0.277578 -0.881469 0.382052
vn 0.277578 -0.881469 0.382052
vn 0.277578 -0.881469 0.382052
vn 0.449129 -0.881468 0.145934
vn 0.449129 -0.881468 0.145934
vn 0.449129 -0.881468 0.145934
vn 0.449129 -0.881468 0.145934
vn 0.449129 -0.881469 -0.145931
vn 0.449129 -0.881469 -0.145931
vn 0.449129 -0.881469 -0.145931
vn 0.449129 -0.881469 -0.145931
vn 0.425920 -0.689150 -0.586230
vn 0.425920 -0.689150 -0.586230
vn 0.425920 -0.689150 -0.586230
vn 0.425920 -0.689150 -0.586230
vn 0.000000 -0.689150 -0.724618
vn 0.000000 -0.689150 -0.724618
vn 0.000000 -0.689150 -0.724618
vn 0.000000 -0.689150 -0.724618
vn -0.425920 -0.689151 -0.586228
vn -0.425920 -0.689151 -0.586228
vn -0.425920 -0.689151 -0.586228
vn -0.425920 -0.689151 -0.586228
vn -0.689151 -0.689152 -0.223920
vn -0.689151 -0.689152 -0.223920
vn -0.689151 -0.689152 -0.223920
vn -0.689151 -0.689152 -0.223920
vn -0.689151 -0.689152 0.223920
vn -0.689151 -0.689152 0.223920
vn -0.689151 -0.689152 0.223920
vn -0.689151 -0.689152 0.223920
vn -0.425920 -0.689150 0.586229
vn -0.425920 -0.689150 0.586229
vn -0.425920 -0.689150 0.586229
vn -0.425920 -0.689150 0.586229
vn 0.000000 -0.689150 0.724619
vn 0.000000 -0.689150 0.724619
vn 0.000000 -0.689150 0.724619
vn 0.000000 -0.689150 0.724619
vn 0.425920 -0.689150 0.586228
vn 0.425920 -0.689150 0.586228
vn 0.425920 -0.689150 0.586228
vn 0.425920 -0.689150 0.586228
vn 0.689152 -0.689151 0.223920
vn 0.689152 -0.689151 0.223920
vn 0.689152 -0.689151 0.223920
vn 0.689152 -0.689151 0.223920
vn 0.689152 -0.689151 -0.223920
vn 0.689152 -0.689151 -0.223920
vn 0.689152 -0.689151 -0.223920
vn 0.689152 -0.689151 -0.223920
vn 0.528952 -0.436083 -0.728039
vn 0.528952 -0.436083 -0.728039
vn 0.528952 -0.436084 -0.728039
vn 0.528952 -0.436083 -0.728039
vn 0.000000 -0.436083 -0.899906
vn 0.000000 -0.436083 -0.899906
vn 0.000000 -0.436083 -0.899906
vn 0.000000 -0.436083 -0.899906
vn -0.528952 -0.436083 -0.728039
vn -0.528952 -0.436084 -0.728039
vn -0.528952 -0.436084 -0.728039
vn -0.528952 -0.436083 -0.728039
vn -0.855862 -0.436082 -0.278086
vn -0.855862 -0.436082 -0.278086
vn -0.855862 -0.436083 -0.278086
vn -0.855862 -0.436083 -0.278086
vn -0.855863 -0.436081 0.278088
vn -0.855863 -0.436081 0.278088
vn -0.855863 -0.436081 0.278088
vn -0.855863 -0.436081 0.278088
vn -0.528952 -0.436084 0.728039
vn -0.528952 -0.436084 0.728039
vn -0.528952 -0.436084 0.728039
vn -0.528952 -0.436084 0.728039
vn 0.000000 -0.436084 0.899906
vn 0.000000 -0.436084 0.899906
vn 0.000000 -0.436084 0.899906
vn 0.000000 -0.436084 0.899906
vn 0.528952 -0.436084 0.728039
vn 0.528952 -0.436084 0.728039
vn 0.528952 -0.436084 0.728039
vn 0.528952 -0.436084 0.728039
vn 0.855863 -0.436082 0.278085
vn 0.855863 -0.436082 0.278086
vn 0.855863 -0.436082 0.278086
vn 0.855863 -0.436082 0.278086
vn 0.855862 -0.436082 -0.278087
vn 0.855862 -0.436082 -0.278087
vn 0.855862 -0.436082 -0.278087
vn 0.855862 -0.436082 -0.278087
vn 0.581228 -0.148951 -0.799992
vn 0.581228 -0.148951 -0.799992
vn 0.581228 -0.148951 -0.799993
vn 0.581228 -0.148951 -0.799993
vn 0.000000 -0.148952 -0.988844
vn 0.000000 -0.148952 -0.988844
vn 0.000000 -0.148952 -0.988844
vn 0.000000 -0.148952 -0.988844
vn -0.581227 -0.148951 -0.799993
vn -0.581227 -0.148952 -0.799993
vn -0.581227 -0.148952 -0.799993
vn -0.581227 -0.148952 -0.799993
vn -0.940447 -0.148952 -0.305569
vn -0.940447 -0.148952 -0.305569
vn -0.940447 -0.148952 -0.305569
vn -0.940447 -0.148952 -0.305569
vn -0.940447 -0.148953 0.305570
vn -0.940447 -0.148953 0.305570
vn -0.940447 -0.148953 0.305570
vn -0.940447 -0.148953 0.305570
vn -0.581228 -0.148953 0.799992
vn -0.581228 -0.148953 0.799992
vn -0.581228 -0.148953 0.799992
vn -0.581228 -0.148953 0.799992
vn 0.000000 -0.148953 0.988844
vn 0.000000 -0.148953 0.988844
vn 0.000000 -0.148953 0.988844
vn 0.000000 -0.148953 0.988844
vn 0.581227 -0.148952 0.799993
vn 0.581227 -0.148952 0.799993
vn 0.581227 -0.148952 0.799993
vn 0.581227 -0.148952 0.799993
vn 0.940447 -0.148951 0.305571
vn 0.940447 -0.148951 0.305571
vn 0.940447 -0.148951 0.305571
vn 0.940447 -0.148951 0.305571
vn 0.940447 -0.148952 -0.305571
vn 0.940447 -0.148952 -0.305571
vn 0.940447 -0.148952 -0.305571
vn 0.940447 -0.148952 -0.305571
vn 0.581229 0.148952 -0.799991
vn 0.581229 0.148952 -0.799991
vn 0.581229 0.148952 -0.799991
vn 0.581229 0.148952 -0.799991
vn 0.000000 0.148953 -0.988844
vn 0.000000 0.148953 -0.988844
vn 0.000000 0.148953 -0.988844
vn 0.000000 0.148953 -0.988844
vn -0.581229 0.148952 -0.799991
vn -0.581229 0.148952 -0.799991
vn -0.581229 0.148952 -0.799991
vn -0.581229 0.148952 -0.799991
vn -0.940448 0.148952 -0.305568
vn -0.940448 0.148952 -0.305568
vn -0.940448 0.148952 -0.305568
vn -0.940448 0.148952 -0.305568
vn -0.940447 0.148953 0.305570
vn -0.940447 0.148953 0.305570
vn -0.940447 0.148953 0.305570
vn -0.940447 0.148953 0.305570
vn -0.581228 0.148953 0.799992
vn -0.581228 0.148953 0.799992
vn -0.581228 0.148953 0.799992
vn -0.581228 0.148953 0.799992
vn 0.000000 0.148954 0.988844
vn 0.000000 0.148954 0.988844
vn 0.000000 0.148954 0.988844
vn 0.000000 0.148954 0.988844
vn 0.581230 0.148953 0.799990
vn 0.581230 0.148953 0.799990
vn 0.581230 0.148953 0.799990
vn 0.581230 0.148953 0.799990
vn 0.940447 0.148951 0.305569
vn 0.940447 0.148951 0.305569
vn 0.940447 0.148951 0.305569
vn 0.940447 0.148951 0.305569
vn 0.940447 0.148952 -0.305569
vn 0.940447 0.148952 -0.305569
vn 0.940447 0.148952 -0.305569
vn 0.940447 0.148952 -0.305569
vn 0.528951 0.436081 -0.728041
vn 0.528951 0.436081 -0.728041
vn 0.528951 0.436081 -0.728041
vn 0.528951 0.436081 -0.728041
vn 0.000000 0.436081 -0.899908
vn 0.000000 0.436081 -0.899908
vn 0.000000 0.436081 -0.899908
vn 0.000000 0.436081 -0.899908
vn -0.528952 0.436081 -0.728040
vn -0.528952 0.436082 -0.728040
vn -0.528952 0.436081 -0.728040
vn -0.528952 0.436081 -0.728040
vn -0.855863 0.436081 -0.278087
vn -0.855862 0.436081 -0.278087
vn -0.855862 0.436081 -0.278087
vn -0.855863 0.436081 -0.278087
vn -0.855864 0.436079 0.278087
vn -0.855864 0.436079 0.278087
vn -0.855864 0.436079 0.278087
vn -0.855864 0.436079 0.278087
vn -0.528951 0.436082 0.728041
vn -0.528951 0.436082 0.728041
vn -0.528951 0.436082 0.728041
vn -0.528951 0.436082 0.728041
vn 0.000000 0.436081 0.899907
vn 0.000000 0.436081 0.899907
vn 0.000000 0.436081 0.899907
vn 0.000000 0.436081 0.899907
vn 0.528952 0.436082 0.728040
vn 0.528952 0.436082 0.728040
vn 0.528952 0.436082 0.728040
vn 0.528952 0.436082 0.728040
vn 0.855863 0.436080 0.278086
vn 0.855863 0.436080 0.278086
vn 0.855863 0.436080 0.278086
vn 0.855863 0.436080 0.278086
vn 0.855863 0.436081 -0.278085
vn 0.855863 0.436081 -0.278085
vn 0.855863 0.436081 -0.278085
vn 0.855863 0.436081 -0.278085
vn 0.425918 0.689155 -0.586224
vn 0.425918 0.689155 -0.586224
vn 0.425918 0.689155 -0.586224
vn 0.425918 0.689155 -0.586224
vn 0.000000 0.689157 -0.724612
vn 0.000000 0.689157 -0.724612
vn 0.000000 0.689157 -0.724612
vn 0.000000 0.689157 -0.724612
vn -0.425919 0.689154 -0.586226
vn -0.425919 0.689154 -0.586226
vn -0.425919 0.689154 -0.586226
vn -0.425919 0.689154 -0.586226
vn -0.689149 0.689155 -0.223917
vn -0.689149 0.689155 -0.223917
vn -0.689149 0.689155 -0.223917
vn -0.689149 0.689155 -0.223917
vn -0.689149 0.689156 0.223915
vn -0.689149 0.689156 0.223915
vn -0.689149 0.689156 0.223915
vn -0.689149 0.689156 0.223915
vn -0.425918 0.689155 0.586224
vn -0.425918 0.689155 0.586224
vn -0.425918 0.689155 0.586224
vn -0.425918 0.689155 0.586224
vn 0.000000 0.689157 0.724612
vn 0.000000 0.689157 0.724612
vn 0.000000 0.689157 0.724612
vn 0.000000 0.689157 0.724612
vn 0.425918 0.689154 0.586226
vn 0.425918 0.689154 0.586226
vn 0.425918 0.689154 0.586226
vn 0.425918 0.689154 0.586226
vn 0.689150 0.689154 0.223917
vn 0.689150 0.689154 0.223917
vn 0.689150 0.689154 0.223917
vn 0.689150 0.689154 0.223917
vn 0.689150 0.689155 -0.223915
vn 0.689150 0.689155 -0.223915
vn 0.689150 0.689155 -0.223915
vn 0.689150 0.689155 -0.223915
vn 0.277578 0.881469 -0.382051
vn 0.277578 0.881469 -0.382051
vn 0.277578 0.881469 -0.382051
vn 0.277578 0.881469 -0.382051
vn 0.000000 0.881465 -0.472250
vn 0.000000 0.881465 -0.472250
vn 0.000000 0.881465 -0.472250
vn 0.000000 0.881465 -0.472250
vn -0.277578 0.881468 -0.382053
vn -0.277578 0.881468 -0.382053
vn -0.277578 0.881468 -0.382053
vn -0.277578 0.881468 -0.382053
vn -0.449131 0.881467 -0.145934
vn -0.449131 0.881467 -0.145934
vn -0.449131 0.881467 -0.145934
vn -0.449131 0.881467 -0.145934
vn -0.449131 0.881468 0.145931
vn -0.449131 0.881468 0.145931
vn -0.449131 0.881468 0.145931
vn -0.449131 0.881468 0.145931
vn -0.277579 0.881468 0.382051
vn -0.277579 0.881468 0.382051
vn -0.277579 0.881468 0.382051
vn -0.277579 0.881468 0.382051
vn 0.000000 0.881465 0.472250
vn 0.000000 0.881465 0.472250
vn 0.000000 0.881465 0.472250
vn 0.000000 0.881465 0.472250
vn 0.277579 0.881468 0.382053
vn 0.277579 0.881468 0.382053
vn 0.277579 0.881468 0.382053
vn 0.277579 0.881468 0.382053
vn 0.449132 0.881467 0.145934
vn 0.449132 0.881467 0.145934
vn 0.449132 0.881467 0.145934
vn 0.449132 0.881467 0.145934
vn 0.449132 0.881467 -0.145931
vn 0.449132 0.881467 -0.145931
vn 0.449132 0.881467 -0.145931
vn 0.449132 0.881467 -0.145931
vn 0.096557 -0.986415 -0.132902
vn 0.096557 -0.986415 -0.132902
vn 0.096557 -0.986415 -0.132902
vn 0.000000 -0.986415 -0.164275
vn 0.000000 -0.986415 -0.164275
vn 0.000000 -0.986415 -0.164275
vn -0.096557 -0.986415 -0.132899
vn -0.096557 -0.986415 -0.132899
vn -0.096557 -0.986415 -0.132898
vn -0.156234 -0.986415 -0.050755
vn -0.156234 -0.986415 -0.050755
vn -0.156234 -0.986415 -0.050755
vn -0.156235 -0.986415 0.050755
vn -0.156235 -0.986415 0.050755
vn -0.156235 -0.986415 0.050755
vn -0.096557 -0.986414 0.132903
vn -0.096557 -0.986414 0.132903
vn -0.096557 -0.986414 0.132903
vn 0.000000 -0.986415 0.164275
vn 0.000000 -0.986415 0.164275
vn 0.000000 -0.986415 0.164275
vn 0.096557 -0.986415 0.132898
vn 0.096557 -0.986415 0.132898
vn 0.096557 -0.986415 0.132898
vn 0.156235 -0.986415 0.050755
vn 0.156235 -0.986415 0.050755
vn 0.156235 -0.986415 0.050755
vn 0.156234 -0.986415 -0.050755
vn 0.156234 -0.986415 -0.050755
vn 0.156234 -0.986415 -0.050755
vn 0.096557 0.986416 -0.132889
vn 0.096557 0.986416 -0.132889
vn 0.096557 0.986416 -0.132889
vn 0.000000 0.986415 -0.164275
vn 0.000000 0.986415 -0.164275
vn 0.000000 0.986415 -0.164275
vn -0.096557 0.986415 -0.132899
vn -0.096557 0.986415 -0.132899
vn -0.096558 0.986415 -0.132899
vn -0.156234 0.986415 -0.050755
vn -0.156234 0.986415 -0.050755
vn -0.156234 0.986415 -0.050755
vn -0.156235 0.986415 0.050755
vn -0.156235 0.986415 0.050755
vn -0.156235 0.986415 0.050755
vn -0.096558 0.986416 0.132890
vn -0.096558 0.986416 0.132890
vn -0.096558 0.986416 0.132890
vn 0.000000 0.986415 0.164275
vn 0.000000 0.986415 0.164275
vn 0.000000 0.986415 0.164275
vn 0.096557 0.986415 0.132897
vn 0.096557 0.986415 0.132897
vn 0.096557 0.986415 0.132897
vn 0.156235 0.986415 0.050755
vn 0.156235 0.986415 0.050755
vn 0.156235 0.986415 0.050755
vn 0.156234 0.986415 -0.050755
vn 0.156234 0.986415 -0.050755
vn 0.156234 0.986415 -0.050755
vn 0.277579 -0.881468 -0.382054
vn 0.277579 -0.881468 -0.382054
vn 0.277579 -0.881468 -0.382054
vn 0.277579 -0.881468 -0.382053
vn -0.000000 -0.881469 -0.472243
vn -0.000000 -0.881469 -0.472243
vn -0.000000 -0.881469 -0.472243
vn -0.000000 -0.881469 -0.472243
vn -0.277578 -0.881466 -0.382059
vn -0.277578 -0.881465 -0.382059
vn -0.277578 -0.881465 -0.382059
vn -0.277578 -0.881466 -0.382059
vn -0.449132 -0.881468 -0.145925
vn -0.449132 -0.881468 -0.145925
vn -0.449132 -0.881468 -0.145925
vn -0.449132 -0.881468 -0.145925
vn -0.449132 -0.881468 0.145931
vn -0.449131 -0.881468 0.145931
vn -0.449132 -0.881468 0.145931
vn -0.449132 -0.881468 0.145931
vn -0.277579 -0.881468 0.382054
vn -0.277579 -0.881468 0.382054
vn -0.277579 -0.881468 0.382053
vn -0.277579 -0.881468 0.382053
vn 0.000000 -0.881468 0.472243
vn 0.000000 -0.881468 0.472243
vn 0.000000 -0.881468 0.472243
vn 0.000000 -0.881469 0.472243
vn 0.277578 -0.881467 0.382056
vn 0.277578 -0.881467 0.382056
vn 0.277578 -0.881467 0.382056
vn 0.277578 -0.881467 0.382056
vn 0.449132 -0.881468 0.145925
vn 0.449132 -0.881468 0.145925
vn 0.449132 -0.881468 0.145925
vn 0.449132 -0.881468 0.145925
vn 0.449131 -0.881468 -0.145931
vn 0.449131 -0.881468 -0.145931
vn 0.449131 -0.881468 -0.145931
vn 0.449131 -0.881468 -0.145931
vn 0.425918 -0.689154 -0.586227
vn 0.425918 -0.689154 -0.586227
vn 0.425918 -0.689154 -0.586227
vn 0.425918 -0.689154 -0.586227
vn 0.000000 -0.689155 -0.724614
vn 0.000000 -0.689155 -0.724614
vn 0.000000 -0.689155 -0.724614
vn 0.000000 -0.689155 -0.724614
vn -0.425918 -0.689155 -0.586224
vn -0.425918 -0.689155 -0.586224
vn -0.425918 -0.689155 -0.586224
vn -0.425918 -0.689155 -0.586224
vn -0.689149 -0.689154 -0.223921
vn -0.689149 -0.689154 -0.223921
vn -0.689149 -0.689154 -0.223921
vn -0.689149 -0.689154 -0.223921
vn -0.689149 -0.689154 0.223921
vn -0.689149 -0.689154 0.223921
vn -0.689149 -0.689154 0.223921
vn -0.689149 -0.689154 0.223921
vn -0.425918 -0.689155 0.586224
vn -0.425918 -0.689155 0.586224
vn -0.425918 -0.689155 0.586224
vn -0.425918 -0.689155 0.586224
vn 0.000000 -0.689156 0.724613
vn 0.000000 -0.689156 0.724613
vn 0.000000 -0.689156 0.724613
vn 0.000000 -0.689156 0.724613
vn 0.425917 -0.689154 0.586227
vn 0.425917 -0.689154 0.586227
vn 0.425917 -0.689154 0.586227
vn 0.425917 -0.689154 0.586227
vn 0.689150 -0.689155 0.223917
vn 0.689150 -0.689155 0.223917
vn 0.689150 -0.689155 0.223917
vn 0.689150 -0.689155 0.223917
vn 0.689150 -0.689155 -0.223914
vn 0.689150 -0.689155 -0.223914
vn 0.689150 -0.689155 -0.223914
vn 0.689150 -0.689155 -0.223914
vn 0.528952 -0.436082 -0.728040
vn 0.528952 -0.436082 -0.728040
vn 0.528952 -0.436082 -0.728040
vn 0.528952 -0.436082 -0.728040
vn -0.000000 -0.436080 -0.899908
vn -0.000000 -0.436080 -0.899908
vn -0.000000 -0.436080 -0.899908
vn -0.000000 -0.436080 -0.899908
vn -0.528953 -0.436082 -0.728039
vn -0.528953 -0.436082 -0.728039
vn -0.528953 -0.436082 -0.728039
vn -0.528953 -0.436082 -0.728039
vn -0.855863 -0.436081 -0.278087
vn -0.855863 -0.436081 -0.278087
vn -0.855863 -0.436081 -0.278087
vn -0.855863 -0.436081 -0.278087
vn -0.855863 -0.436081 0.278087
vn -0.855863 -0.436082 0.278087
vn -0.855863 -0.436082 0.278087
vn -0.855863 -0.436081 0.278087
vn -0.528952 -0.436081 0.728041
vn -0.528952 -0.436081 0.728041
vn -0.528952 -0.436081 0.728041
vn -0.528952 -0.436081 0.728041
vn 0.000000 -0.436078 0.899909
vn 0.000000 -0.436078 0.899909
vn 0.000000 -0.436078 0.899909
vn 0.000000 -0.436078 0.899909
vn 0.528951 -0.436080 0.728042
vn 0.528951 -0.436080 0.728042
vn 0.528951 -0.436080 0.728042
vn 0.528951 -0.436080 0.728042
vn 0.855862 -0.436081 0.278088
vn 0.855862 -0.436081 0.278088
vn 0.855862 -0.436081 0.278088
vn 0.855862 -0.436081 0.278088
vn 0.855861 -0.436083 -0.278089
vn 0.855861 -0.436082 -0.278089
vn 0.855861 -0.436082 -0.278089
vn 0.855861 -0.436082 -0.278089
vn 0.581229 -0.148953 -0.799991
vn 0.581229 -0.148953 -0.799991
vn 0.581229 -0.148953 -0.799991
vn 0.581229 -0.148953 -0.799991
vn 0.000000 -0.148952 -0.988844
vn 0.000000 -0.148952 -0.988844
vn 0.000000 -0.148952 -0.988844
vn 0.000000 -0.148952 -0.988844
vn -0.581228 -0.148952 -0.799992
vn -0.581228 -0.148952 -0.799992
vn -0.581228 -0.148952 -0.799992
vn -0.581228 -0.148952 -0.799992
vn -0.940447 -0.148952 -0.305571
vn -0.940447 -0.148952 -0.305571
vn -0.940447 -0.148952 -0.305571
vn -0.940447 -0.148952 -0.305571
vn -0.940448 -0.148952 0.305568
vn -0.940448 -0.148952 0.305568
vn -0.940448 -0.148952 0.305568
vn -0.940448 -0.148952 0.305568
vn -0.581226 -0.148951 0.799993
vn -0.581226 -0.148951 0.799993
vn -0.581226 -0.148951 0.799993
vn -0.581226 -0.148951 0.799993
vn 0.000000 -0.148954 0.988844
vn 0.000000 -0.148954 0.988844
vn 0.000000 -0.148954 0.988844
vn 0.000000 -0.148954 0.988844
vn 0.581229 -0.148952 0.799991
vn 0.581229 -0.148952 0.799991
vn 0.581229 -0.148952 0.799991
vn 0.581229 -0.148952 0.799991
vn 0.940447 -0.148951 0.305571
vn 0.940447 -0.148951 0.305571
vn 0.940447 -0.148951 0.305571
vn 0.940447 -0.148951 0.305571
vn 0.940447 -0.148952 -0.305569
vn 0.940447 -0.148952 -0.305569
vn 0.940447 -0.148952 -0.305569
vn 0.940447 -0.148952 -0.305569
vn 0.581226 0.148952 -0.799993
vn 0.581226 0.148952 -0.799993
vn 0.581226 0.148952 -0.799993
vn 0.581226 0.148952 -0.799993
vn 0.000000 0.148954 -0.988844
vn 0.000000 0.148954 -0.988844
vn 0.000000 0.148954 -0.988844
vn 0.000000 0.148954 -0.988844
vn -0.581227 0.148952 -0.799993
vn -0.581227 0.148952 -0.799993
vn -0.581227 0.148952 -0.799993
vn -0.581227 0.148952 -0.799993
vn -0.940447 0.148953 -0.305569
vn -0.940447 0.148953 -0.305569
vn -0.940447 0.148953 -0.305569
vn -0.940447 0.148953 -0.305569
vn -0.940447 0.148952 0.305570
vn -0.940447 0.148952 0.305570
vn -0.940447 0.148952 0.305570
vn -0.940447 0.148952 0.305570
vn -0.581229 0.148952 0.799991
vn -0.581229 0.148952 0.799991
vn -0.581229 0.148952 0.799991
vn -0.581229 0.148952 0.799992
vn 0.000000 0.148952 0.988845
vn 0.000000 0.148952 0.988845
vn 0.000000 0.148952 0.988845
vn 0.000000 0.148952 0.988845
vn 0.581228 0.148952 0.799992
vn 0.581228 0.148952 0.799992
vn 0.581228 0.148952 0.799992
vn 0.581228 0.148952 0.799992
vn 0.940447 0.148951 0.305569
vn 0.940447 0.148951 0.305569
vn 0.940447 0.148951 0.305569
vn 0.940447 0.148951 0.305569
vn 0.940448 0.148952 -0.305568
vn 0.940448 0.148952 -0.305568
vn 0.940448 0.148952 -0.305568
vn 0.940448 0.148952 -0.305568
vn 0.528952 0.436082 -0.728040
vn 0.528952 0.436082 -0.728040
vn 0.528952 0.436082 -0.728040
vn 0.528952 0.436082 -0.728040
vn -0.000000 0.436080 -0.899908
vn -0.000000 0.436080 -0.899908
vn -0.000000 0.436080 -0.899908
vn -0.000000 0.436080 -0.899908
vn -0.528953 0.436082 -0.728040
vn -0.528953 0.436082 -0.728040
vn -0.528953 0.436082 -0.728040
vn -0.528953 0.436082 -0.728040
vn -0.855863 0.436081 -0.278087
vn -0.855863 0.436081 -0.278087
vn -0.855863 0.436081 -0.278087
vn -0.855863 0.436081 -0.278087
vn -0.855863 0.436081 0.278087
vn -0.855863 0.436082 0.278087
vn -0.855863 0.436082 0.278087
vn -0.855863 0.436081 0.278087
vn -0.528953 0.436082 0.728040
vn -0.528953 0.436082 0.728040
vn -0.528953 0.436082 0.728040
vn -0.528953 0.436082 0.728040
vn 0.000000 0.436080 0.899908
vn 0.000000 0.436080 0.899908
vn 0.000000 0.436080 0.899908
vn 0.000000 0.436080 0.899908
vn 0.528954 0.436082 0.728038
vn 0.528954 0.436082 0.728038
vn 0.528954 0.436082 0.728038
vn 0.528954 0.436082 0.728038
vn 0.855863 0.436081 0.278087
vn 0.855863 0.436081 0.278087
vn 0.855863 0.436081 0.278087
vn 0.855863 0.436081 0.278087
vn 0.855862 0.436083 -0.278086
vn 0.855862 0.436083 -0.278086
vn 0.855862 0.436083 -0.278086
vn 0.855862 0.436083 -0.278086
vn 0.425919 0.689155 -0.586224
vn 0.425919 0.689155 -0.586224
vn 0.425919 0.689155 -0.586224
vn 0.425919 0.689155 -0.586224
vn 0.000000 0.689153 -0.724616
vn 0.000000 0.689153 -0.724616
vn 0.000000 0.689153 -0.724616
vn 0.000000 0.689153 -0.724616
vn -0.425917 0.689153 -0.586228
vn -0.425917 0.689153 -0.586228
vn -0.425917 0.689153 -0.586228
vn -0.425917 0.689153 -0.586228
vn -0.689149 0.689154 -0.223921
vn -0.689149 0.689154 -0.223921
vn -0.689149 0.689154 -0.223921
vn -0.689149 0.689154 -0.223921
vn -0.689150 0.689155 0.223917
vn -0.689150 0.689155 0.223917
vn -0.689150 0.689155 0.223917
vn -0.689150 0.689155 0.223917
vn -0.425916 0.689153 0.586229
vn -0.425916 0.689153 0.586229
vn -0.425916 0.689153 0.586229
vn -0.425916 0.689153 0.586229
vn 0.000000 0.689155 0.724614
vn 0.000000 0.689155 0.724614
vn 0.000000 0.689155 0.724614
vn 0.000000 0.689155 0.724614
vn 0.425918 0.689156 0.586223
vn 0.425918 0.689156 0.586223
vn 0.425918 0.689156 0.586223
vn 0.425918 0.689156 0.586223
vn 0.689149 0.689154 0.223921
vn 0.689149 0.689154 0.223921
vn 0.689149 0.689154 0.223921
vn 0.689149 0.689154 0.223921
vn 0.689149 0.689154 -0.223921
vn 0.689149 0.689154 -0.223921
vn 0.689149 0.689154 -0.223921
vn 0.689149 0.689154 -0.223921
vn 0.277578 0.881466 -0.382059
vn 0.277578 0.881466 -0.382059
vn 0.277578 0.881466 -0.382059
vn 0.277578 0.881466 -0.382059
vn -0.000000 0.881466 -0.472247
vn -0.000000 0.881466 -0.472247
vn -0.000000 0.881466 -0.472247
vn -0.000000 0.881466 -0.472247
vn -0.277580 0.881472 -0.382043
vn -0.277580 0.881472 -0.382043
vn -0.277580 0.881472 -0.382043
vn -0.277580 0.881472 -0.382043
vn -0.449131 0.881467 -0.145937
vn -0.449131 0.881467 -0.145937
vn -0.449131 0.881467 -0.145937
vn -0.449131 0.881467 -0.145937
vn -0.449132 0.881468 0.145925
vn -0.449132 0.881468 0.145925
vn -0.449132 0.881468 0.145925
vn -0.449132 0.881468 0.145925
vn -0.277579 0.881468 0.382054
vn -0.277579 0.881468 0.382054
vn -0.277579 0.881468 0.382054
vn -0.277579 0.881468 0.382054
vn 0.000000 0.881471 0.472238
vn 0.000000 0.881471 0.472238
vn 0.000000 0.881471 0.472238
vn 0.000000 0.881471 0.472238
vn 0.277578 0.881467 0.382056
vn 0.277578 0.881467 0.382056
vn 0.277578 0.881467 0.382056
vn 0.277578 0.881467 0.382056
vn 0.449131 0.881468 0.145931
vn 0.449131 0.881468 0.145931
vn 0.449131 0.881468 0.145931
vn 0.449132 0.881468 0.145931
vn 0.449131 0.881467 -0.145937
vn 0.449131 0.881467 -0.145937
vn 0.449131 0.881467 -0.145937
vn 0.449131 0.881467 -0.145937
vn 0.096558 -0.986413 -0.132915
vn 0.096558 -0.986413 -0.132915
vn 0.096558 -0.986413 -0.132915
vn -0.000000 -0.986416 -0.164268
vn -0.000000 -0.986416 -0.164268
vn -0.000000 -0.986416 -0.164268
vn -0.096558 -0.986414 -0.132906
vn -0.096558 -0.986414 -0.132906
vn -0.096558 -0.986414 -0.132906
vn -0.156234 -0.986414 -0.050773
vn -0.156234 -0.986414 -0.050773
vn -0.156234 -0.986414 -0.050773
vn -0.156234 -0.986414 0.050773
vn -0.156234 -0.986414 0.050773
vn -0.156234 -0.986414 0.050773
vn -0.096558 -0.986415 0.132898
vn -0.096558 -0.986415 0.132898
vn -0.096558 -0.986415 0.132898
vn 0.000000 -0.986416 0.164268
vn 0.000000 -0.986416 0.164268
vn 0.000000 -0.986416 0.164268
vn 0.096558 -0.986412 0.132924
vn 0.096558 -0.986412 0.132924
vn 0.096558 -0.986412 0.132924
vn 0.156234 -0.986414 0.050773
vn 0.156234 -0.986414 0.050773
vn 0.156234 -0.986414 0.050773
vn 0.156234 -0.986414 -0.050773
vn 0.156234 -0.986414 -0.050773
vn 0.156234 -0.986414 -0.050773
vn 0.096558 0.986414 -0.132907
vn 0.096558 0.986414 -0.132907
vn 0.096558 0.986414 -0.132907
vn -0.000000 0.986413 -0.164285
vn -0.000000 0.986413 -0.164285
vn -0.000000 0.986413 -0.164285
vn -0.096557 0.986415 -0.132897
vn -0.096557 0.986415 -0.132897
vn -0.096557 0.986415 -0.132897
vn -0.156234 0.986415 -0.050756
vn -0.156234 0.986415 -0.050756
vn -0.156234 0.986415 -0.050756
vn -0.156234 0.986414 0.050773
vn -0.156234 0.986414 0.050773
vn -0.156234 0.986414 0.050773
vn -0.096558 0.986414 0.132907
vn -0.096558 0.986414 0.132907
vn -0.096558 0.986414 0.132907
vn 0.000000 0.986413 0.164285
vn 0.000000 0.986413 0.164285
vn 0.000000 0.986413 0.164285
vn 0.096558 0.986415 0.132898
vn 0.096558 0.986415 0.132898
vn 0.096558 0.986415 0.132898
vn 0.156234 0.986415 0.050755
vn 0.156234 0.986415 0.050755
vn 0.156234 0.986415 0.050755
vn 0.156235 0.986416 -0.050738
vn 0.156235 0.986416 -0.050738
vn 0.156234 0.986416 -0.050738
s 1
g pSphere11
usemtl lambert7SG
f 1/1/1 2/2/2 22/23/3 21/22/4
f 2/2/2 3/3/5 23/24/6 22/23/3
f 3/3/5 4/4/7 24/25/8 23/24/6
f 4/4/7 5/5/9 25/26/10 24/25/8
f 5/5/9 6/6/11 26/27/12 25/26/10
f 6/6/11 7/7/13 27/28/14 26/27/12
f 7/7/13 8/8/15 28/29/16 27/28/14
f 8/8/15 9/9/17 29/30/18 28/29/16
f 9/9/17 10/10/19 30/31/20 29/30/18
f 10/10/19 11/11/21 31/32/22 30/31/20
f 11/11/21 12/12/23 32/33/24 31/32/22
f 12/12/23 13/13/25 33/34/26 32/33/24
f 13/13/25 14/14/27 34/35/28 33/34/26
f 14/14/27 15/15/29 35/36/30 34/35/28
f 15/15/29 16/16/31 36/37/32 35/36/30
f 16/16/31 17/17/33 37/38/34 36/37/32
f 17/17/33 18/18/35 38/39/36 37/38/34
f 18/18/35 19/19/37 39/40/38 38/39/36
f 19/19/37 20/20/39 40/41/40 39/40/38
f 20/20/39 1/21/1 21/42/4 40/41/40
f 21/22/4 22/23/3 42/44/41 41/43/42
f 22/23/3 23/24/6 43/45/43 42/44/41
f 23/24/6 24/25/8 44/46/44 43/45/43
f 24/25/8 25/26/10 45/47/45 44/46/44
f 25/26/10 26/27/12 46/48/46 45/47/45
f 26/27/12 27/28/14 47/49/47 46/48/46
f 27/28/14 28/29/16 48/50/48 47/49/47
f 28/29/16 29/30/18 49/51/49 48/50/48
f 29/30/18 30/31/20 50/52/50 49/51/49
f 30/31/20 31/32/22 51/53/51 50/52/50
f 31/32/22 32/33/24 52/54/52 51/53/51
f 32/33/24 33/34/26 53/55/53 52/54/52
f 33/34/26 34/35/28 54/56/54 53/55/53
f 34/35/28 35/36/30 55/57/55 54/56/54
f 35/36/30 36/37/32 56/58/56 55/57/55
f 36/37/32 37/38/34 57/59/57 56/58/56
f 37/38/34 38/39/36 58/60/58 57/59/57
f 38/39/36 39/40/38 59/61/59 58/60/58
f 39/40/38 40/41/40 60/62/60 59/61/59
f 40/41/40 21/42/4 41/63/42 60/62/60
f 41/43/42 42/44/41 62/65/61 61/64/62
f 42/44/41 43/45/43 63/66/63 62/65/61
f 43/45/43 44/46/44 64/67/64 63/66/63
f 44/46/44 45/47/45 65/68/65 64/67/64
f 45/47/45 46/48/46 66/69/66 65/68/65
f 46/48/46 47/49/47 67/70/67 66/69/66
f 47/49/47 48/50/48 68/71/68 67/70/67
f 48/50/48 49/51/49 69/72/69 68/71/68
f 49/51/49 50/52/50 70/73/70 69/72/69
f 50/52/50 51/53/51 71/74/71 70/73/70
f 51/53/51 52/54/52 72/75/72 71/74/71
f 52/54/52 53/55/53 73/76/73 72/75/72
f 53/55/53 54/56/54 74/77/74 73/76/73
f 54/56/54 55/57/55 75/78/75 74/77/74
f 55/57/55 56/58/56 76/79/76 75/78/75
f 56/58/56 57/59/57 77/80/77 76/79/76
f 57/59/57 58/60/58 78/81/78 77/80/77
f 58/60/58 59/61/59 79/82/79 78/81/78
f 59/61/59 60/62/60 80/83/80 79/82/79
f 60/62/60 41/63/42 61/84/62 80/83/80
f 61/64/62 62/65/61 82/86/81 81/85/82
f 62/65/61 63/66/63 83/87/83 82/86/81
f 63/66/63 64/67/64 84/88/84 83/87/83
f 64/67/64 65/68/65 85/89/85 84/88/84
f 65/68/65 66/69/66 86/90/86 85/89/85
f 66/69/66 67/70/67 87/91/87 86/90/86
f 67/70/67 68/71/68 88/92/88 87/91/87
f 68/71/68 69/72/69 89/93/89 88/92/88
f 69/72/69 70/73/70 90/94/90 89/93/89
f 70/73/70 71/74/71 91/95/91 90/94/90
f 71/74/71 72/75/72 92/96/92 91/95/91
f 72/75/72 73/76/73 93/97/93 92/96/92
f 73/76/73 74/77/74 94/98/94 93/97/93
f 74/77/74 75/78/75 95/99/95 94/98/94
f 75/78/75 76/79/76 96/100/96 95/99/95
f 76/79/76 77/80/77 97/101/97 96/100/96
f 77/80/77 78/81/78 98/102/98 97/101/97
f 78/81/78 79/82/79 99/103/99 98/102/98
f 79/82/79 80/83/80 100/104/100 99/103/99
f 80/83/80 61/84/62 81/105/82 100/104/100
f 81/85/82 82/86/81 102/107/101 101/106/102
f 82/86/81 83/87/83 103/108/103 102/107/101
f 83/87/83 84/88/84 104/109/104 103/108/103
f 84/88/84 85/89/85 105/110/105 104/109/104
f 85/89/85 86/90/86 106/111/106 105/110/105
f 86/90/86 87/91/87 107/112/107 106/111/106
f 87/91/87 88/92/88 108/113/108 107/112/107
f 88/92/88 89/93/89 109/114/109 108/113/108
f 89/93/89 90/94/90 110/115/110 109/114/109
f 90/94/90 91/95/91 111/116/111 110/115/110
f 91/95/91 92/96/92 112/117/112 111/116/111
f 92/96/92 93/97/93 113/118/113 112/117/112
f 93/97/93 94/98/94 114/119/114 113/118/113
f 94/98/94 95/99/95 115/120/115 114/119/114
f 95/99/95 96/100/96 116/121/116 115/120/115
f 96/100/96 97/101/97 117/122/117 116/121/116
f 97/101/97 98/102/98 118/123/118 117/122/117
f 98/102/98 99/103/99 119/124/119 118/123/118
f 99/103/99 100/104/100 120/125/120 119/124/119
f 100/104/100 81/105/82 101/126/102 120/125/120
f 101/106/102 102/107/101 122/128/121 121/127/122
f 102/107/101 103/108/103 123/129/123 122/128/121
f 103/108/103 104/109/104 124/130/124 123/129/123
f 104/109/104 105/110/105 125/131/125 124/130/124
f 105/110/105 106/111/106 126/132/126 125/131/125
f 106/111/106 107/112/107 127/133/127 126/132/126
f 107/112/107 108/113/108 128/134/128 127/133/127
f 108/113/108 109/114/109 129/135/129 128/134/128
f 109/114/109 110/115/110 130/136/130 129/135/129
f 110/115/110 111/116/111 131/137/131 130/136/130
f 111/116/111 112/117/112 132/138/132 131/137/131
f 112/117/112 113/118/113 133/139/133 132/138/132
f 113/118/113 114/119/114 134/140/134 133/139/133
f 114/119/114 115/120/115 135/141/135 134/140/134
f 115/120/115 116/121/116 136/142/136 135/141/135
f 116/121/116 117/122/117 137/143/137 136/142/136
f 117/122/117 118/123/118 138/144/138 137/143/137
f 118/123/118 119/124/119 139/145/139 138/144/138
f 119/124/119 120/125/120 140/146/140 139/145/139
f 120/125/120 101/126/102 121/147/122 140/146/140
f 121/127/122 122/128/121 142/149/141 141/148/142
f 122/128/121 123/129/123 143/150/143 142/149/141
f 123/129/123 124/130/124 144/151/144 143/150/143
f 124/130/124 125/131/125 145/152/145 144/151/144
f 125/131/125 126/132/126 146/153/146 145/152/145
f 126/132/126 127/133/127 147/154/147 146/153/146
f 127/133/127 128/134/128 148/155/148 147/154/147
f 128/134/128 129/135/129 149/156/149 148/155/148
f 129/135/129 130/136/130 150/157/150 149/156/149
f 130/136/130 131/137/131 151/158/151 150/157/150
f 131/137/131 132/138/132 152/159/152 151/158/151
f 132/138/132 133/139/133 153/160/153 152/159/152
f 133/139/133 134/140/134 154/161/154 153/160/153
f 134/140/134 135/141/135 155/162/155 154/161/154
f 135/141/135 136/142/136 156/163/156 155/162/155
f 136/142/136 137/143/137 157/164/157 156/163/156
f 137/143/137 138/144/138 158/165/158 157/164/157
f 138/144/138 139/145/139 159/166/159 158/165/158
f 139/145/139 140/146/140 160/167/160 159/166/159
f 140/146/140 121/147/122 141/168/142 160/167/160
f 141/148/142 142/149/141 162/170/161 161/169/162
f 142/149/141 143/150/143 163/171/163 162/170/161
f 143/150/143 144/151/144 164/172/164 163/171/163
f 144/151/144 145/152/145 165/173/165 164/172/164
f 145/152/145 146/153/146 166/174/166 165/173/165
f 146/153/146 147/154/147 167/175/167 166/174/166
f 147/154/147 148/155/148 168/176/168 167/175/167
f 148/155/148 149/156/149 169/177/169 168/176/168
f 149/156/149 150/157/150 170/178/170 169/177/169
f 150/157/150 151/158/151 171/179/171 170/178/170
f 151/158/151 152/159/152 172/180/172 171/179/171
f 152/159/152 153/160/153 173/181/173 172/180/172
f 153/160/153 154/161/154 174/182/174 173/181/173
f 154/161/154 155/162/155 175/183/175 174/182/174
f 155/162/155 156/163/156 176/184/176 175/183/175
f 156/163/156 157/164/157 177/185/177 176/184/176
f 157/164/157 158/165/158 178/186/178 177/185/177
f 158/165/158 159/166/159 179/187/179 178/186/178
f 159/166/159 160/167/160 180/188/180 179/187/179
f 160/167/160 141/168/142 161/189/162 180/188/180
f 2/2/2 1/1/1 181/190/181
f 3/3/5 2/2/2 181/191/181
f 4/4/7 3/3/5 181/192/181
f 5/5/9 4/4/7 181/193/181
f 6/6/11 5/5/9 181/194/181
f 7/7/13 6/6/11 181/195/181
f 8/8/15 7/7/13 181/196/181
f 9/9/17 8/8/15 181/197/181
f 10/10/19 9/9/17 181/198/181
f 11/11/21 10/10/19 181/199/181
f 12/12/23 11/11/21 181/200/181
f 13/13/25 12/12/23 181/201/181
f 14/14/27 13/13/25 181/202/181
f 15/15/29 14/14/27 181/203/181
f 16/16/31 15/15/29 181/204/181
f 17/17/33 16/16/31 181/205/181
f 18/18/35 17/17/33 181/206/181
f 19/19/37 18/18/35 181/207/181
f 20/20/39 19/19/37 181/208/181
f 1/21/1 20/20/39 181/209/181
f 161/169/162 162/170/161 182/210/182
f 162/170/161 163/171/163 182/211/182
f 163/171/163 164/172/164 182/212/182
f 164/172/164 165/173/165 182/213/182
f 165/173/165 166/174/166 182/214/182
f 166/174/166 167/175/167 182/215/182
f 167/175/167 168/176/168 182/216/182
f 168/176/168 169/177/169 182/217/182
f 169/177/169 170/178/170 182/218/182
f 170/178/170 171/179/171 182/219/182
f 171/179/171 172/180/172 182/220/182
f 172/180/172 173/181/173 182/221/182
f 173/181/173 174/182/174 182/222/182
f 174/182/174 175/183/175 182/223/182
f 175/183/175 176/184/176 182/224/182
f 176/184/176 177/185/177 182/225/182
f 177/185/177 178/186/178 182/226/182
f 178/186/178 179/187/179 182/227/182
f 179/187/179 180/188/180 182/228/182
f 180/188/180 161/189/162 182/229/182
s 2
f 183/230/183 184/231/184 204/232/185 203/233/186
f 184/231/184 185/234/187 205/235/188 204/232/185
f 185/234/187 186/236/189 206/237/190 205/235/188
f 186/236/189 187/238/191 207/239/192 206/237/190
f 187/238/191 188/240/193 208/241/194 207/239/192
f 188/240/193 189/242/195 209/243/196 208/241/194
f 189/242/195 190/244/197 210/245/198 209/243/196
f 190/244/197 191/246/199 211/247/200 210/245/198
f 191/246/199 192/248/201 212/249/202 211/247/200
f 192/248/201 193/250/203 213/251/204 212/249/202
f 193/250/203 194/252/205 214/253/206 213/251/204
f 194/252/205 195/254/207 215/255/208 214/253/206
f 195/254/207 196/256/209 216/257/210 215/255/208
f 196/256/209 197/258/211 217/259/212 216/257/210
f 197/258/211 198/260/213 218/261/214 217/259/212
f 198/260/213 199/262/215 219/263/216 218/261/214
f 199/262/215 200/264/217 220/265/218 219/263/216
f 200/264/217 201/266/219 221/267/220 220/265/218
f 201/266/219 202/268/221 222/269/222 221/267/220
f 202/268/221 183/270/183 203/271/186 222/269/222
f 203/233/186 204/232/185 224/272/223 223/273/224
f 204/232/185 205/235/188 225/274/225 224/272/223
f 205/235/188 206/237/190 226/275/226 225/274/225
f 206/237/190 207/239/192 227/276/227 226/275/226
f 207/239/192 208/241/194 228/277/228 227/276/227
f 208/241/194 209/243/196 229/278/229 228/277/228
f 209/243/196 210/245/198 230/279/230 229/278/229
f 210/245/198 211/247/200 231/280/231 230/279/230
f 211/247/200 212/249/202 232/281/232 231/280/231
f 212/249/202 213/251/204 233/282/233 232/281/232
f 213/251/204 214/253/206 234/283/234 233/282/233
f 214/253/206 215/255/208 235/284/235 234/283/234
f 215/255/208 216/257/210 236/285/236 235/284/235
f 216/257/210 217/259/212 237/286/237 236/285/236
f 217/259/212 218/261/214 238/287/238 237/286/237
f 218/261/214 219/263/216 239/288/239 238/287/238
f 219/263/216 220/265/218 240/289/240 239/288/239
f 220/265/218 221/267/220 241/290/241 240/289/240
f 221/267/220 222/269/222 242/291/242 241/290/241
f 222/269/222 203/271/186 223/292/224 242/291/242
f 223/273/224 224/272/223 244/293/243 243/294/244
f 224/272/223 225/274/225 245/295/245 244/293/243
f 225/274/225 226/275/226 246/296/246 245/295/245
f 226/275/226 227/276/227 247/297/247 246/296/246
f 227/276/227 228/277/228 248/298/248 247/297/247
f 228/277/228 229/278/229 249/299/249 248/298/248
f 229/278/229 230/279/230 250/300/250 249/299/249
f 230/279/230 231/280/231 251/301/251 250/300/250
f 231/280/231 232/281/232 252/302/252 251/301/251
f 232/281/232 233/282/233 253/303/253 252/302/252
f 233/282/233 234/283/234 254/304/254 253/303/253
f 234/283/234 235/284/235 255/305/255 254/304/254
f 235/284/235 236/285/236 256/306/256 255/305/255
f 236/285/236 237/286/237 257/307/257 256/306/256
f 237/286/237 238/287/238 258/308/258 257/307/257
f 238/287/238 239/288/239 259/309/259 258/308/258
f 239/288/239 240/289/240 260/310/260 259/309/259
f 240/289/240 241/290/241 261/311/261 260/310/260
f 241/290/241 242/291/242 262/312/262 261/311/261
f 242/291/242 223/292/224 243/313/244 262/312/262
f 243/294/244 244/293/243 264/314/263 263/315/264
f 244/293/243 245/295/245 265/316/265 264/314/263
f 245/295/245 246/296/246 266/317/266 265/316/265
f 246/296/246 247/297/247 267/318/267 266/317/266
f 247/297/247 248/298/248 268/319/268 267/318/267
f 248/298/248 249/299/249 269/320/269 268/319/268
f 249/299/249 250/300/250 270/321/270 269/320/269
f 250/300/250 251/301/251 271/322/271 270/321/270
f 251/301/251 252/302/252 272/323/272 271/322/271
f 252/302/252 253/303/253 273/324/273 272/323/272
f 253/303/253 254/304/254 274/325/274 273/324/273
f 254/304/254 255/305/255 275/326/275 274/325/274
f 255/305/255 256/306/256 276/327/276 275/326/275
f 256/306/256 257/307/257 277/328/277 276/327/276
f 257/307/257 258/308/258 278/329/278 277/328/277
f 258/308/258 259/309/259 279/330/279 278/329/278
f 259/309/259 260/310/260 280/331/280 279/330/279
f 260/310/260 261/311/261 281/332/281 280/331/280
f 261/311/261 262/312/262 282/333/282 281/332/281
f 262/312/262 243/313/244 263/334/264 282/333/282
f 263/315/264 264/314/263 284/335/283 283/336/284
f 264/314/263 265/316/265 285/337/285 284/335/283
f 265/316/265 266/317/266 286/338/286 285/337/285
f 266/317/266 267/318/267 287/339/287 286/338/286
f 267/318/267 268/319/268 288/340/288 287/339/287
f 268/319/268 269/320/269 289/341/289 288/340/288
f 269/320/269 270/321/270 290/342/290 289/341/289
f 270/321/270 271/322/271 291/343/291 290/342/290
f 271/322/271 272/323/272 292/344/292 291/343/291
f 272/323/272 273/324/273 293/345/293 292/344/292
f 273/324/273 274/325/274 294/346/294 293/345/293
f 274/325/274 275/326/275 295/347/295 294/346/294
f 275/326/275 276/327/276 296/348/296 295/347/295
f 276/327/276 277/328/277 297/349/297 296/348/296
f 277/328/277 278/329/278 298/350/298 297/349/297
f 278/329/278 279/330/279 299/351/299 298/350/298
f 279/330/279 280/331/280 300/352/300 299/351/299
f 280/331/280 281/332/281 301/353/301 300/352/300
f 281/332/281 282/333/282 302/354/302 301/353/301
f 282/333/282 263/334/264 283/355/284 302/354/302
f 283/336/284 284/335/283 304/356/303 303/357/304
f 284/335/283 285/337/285 305/358/305 304/356/303
f 285/337/285 286/338/286 306/359/306 305/358/305
f 286/338/286 287/339/287 307/360/307 306/359/306
f 287/339/287 288/340/288 308/361/308 307/360/307
f 288/340/288 289/341/289 309/362/309 308/361/308
f 289/341/289 290/342/290 310/363/310 309/362/309
f 290/342/290 291/343/291 311/364/311 310/363/310
f 291/343/291 292/344/292 312/365/312 311/364/311
f 292/344/292 293/345/293 313/366/313 312/365/312
f 293/345/293 294/346/294 314/367/314 313/366/313
f 294/346/294 295/347/295 315/368/315 314/367/314
f 295/347/295 296/348/296 316/369/316 315/368/315
f 296/348/296 297/349/297 317/370/317 316/369/316
f 297/349/297 298/350/298 318/371/318 317/370/317
f 298/350/298 299/351/299 319/372/319 318/371/318
f 299/351/299 300/352/300 320/373/320 319/372/319
f 300/352/300 301/353/301 321/374/321 320/373/320
f 301/353/301 302/354/302 322/375/322 321/374/321
f 302/354/302 283/355/284 303/376/304 322/375/322
f 303/357/304 304/356/303 324/377/323 323/378/324
f 304/356/303 305/358/305 325/379/325 324/377/323
f 305/358/305 306/359/306 326/380/326 325/379/325
f 306/359/306 307/360/307 327/381/327 326/380/326
f 307/360/307 308/361/308 328/382/328 327/381/327
f 308/361/308 309/362/309 329/383/329 328/382/328
f 309/362/309 310/363/310 330/384/330 329/383/329
f 310/363/310 311/364/311 331/385/331 330/384/330
f 311/364/311 312/365/312 332/386/332 331/385/331
f 312/365/312 313/366/313 333/387/333 332/386/332
f 313/366/313 314/367/314 334/388/334 333/387/333
f 314/367/314 315/368/315 335/389/335 334/388/334
f 315/368/315 316/369/316 336/390/336 335/389/335
f 316/369/316 317/370/317 337/391/337 336/390/336
f 317/370/317 318/371/318 338/392/338 337/391/337
f 318/371/318 319/372/319 339/393/339 338/392/338
f 319/372/319 320/373/320 340/394/340 339/393/339
f 320/373/320 321/374/321 341/395/341 340/394/340
f 321/374/321 322/375/322 342/396/342 341/395/341
f 322/375/322 303/376/304 323/397/324 342/396/342
f 323/378/324 324/377/323 344/398/343 343/399/344
f 324/377/323 325/379/325 345/400/345 344/398/343
f 325/379/325 326/380/326 346/401/346 345/400/345
f 326/380/326 327/381/327 347/402/347 346/401/346
f 327/381/327 328/382/328 348/403/348 347/402/347
f 328/382/328 329/383/329 349/404/349 348/403/348
f 329/383/329 330/384/330 350/405/350 349/404/349
f 330/384/330 331/385/331 351/406/351 350/405/350
f 331/385/331 332/386/332 352/407/352 351/406/351
f 332/386/332 333/387/333 353/408/353 352/407/352
f 333/387/333 334/388/334 354/409/354 353/408/353
f 334/388/334 335/389/335 355/410/355 354/409/354
f 335/389/335 336/390/336 356/411/356 355/410/355
f 336/390/336 337/391/337 357/412/357 356/411/356
f 337/391/337 338/392/338 358/413/358 357/412/357
f 338/392/338 339/393/339 359/414/359 358/413/358
f 339/393/339 340/394/340 360/415/360 359/414/359
f 340/394/340 341/395/341 361/416/361 360/415/360
f 341/395/341 342/396/342 362/417/362 361/416/361
f 342/396/342 323/397/324 343/418/344 362/417/362
f 184/231/184 183/230/183 363/419/363
f 185/234/187 184/231/184 363/420/363
f 186/236/189 185/234/187 363/421/363
f 187/238/191 186/236/189 363/422/363
f 188/240/193 187/238/191 363/423/363
f 189/242/195 188/240/193 363/424/363
f 190/244/197 189/242/195 363/425/363
f 191/246/199 190/244/197 363/426/363
f 192/248/201 191/246/199 363/427/363
f 193/250/203 192/248/201 363/428/363
f 194/252/205 193/250/203 363/429/363
f 195/254/207 194/252/205 363/430/363
f 196/256/209 195/254/207 363/431/363
f 197/258/211 196/256/209 363/432/363
f 198/260/213 197/258/211 363/433/363
f 199/262/215 198/260/213 363/434/363
f 200/264/217 199/262/215 363/435/363
f 201/266/219 200/264/217 363/436/363
f 202/268/221 201/266/219 363/437/363
f 183/270/183 202/268/221 363/438/363
f 343/399/344 344/398/343 364/439/364
f 344/398/343 345/400/345 364/440/364
f 345/400/345 346/401/346 364/441/364
f 346/401/346 347/402/347 364/442/364
f 347/402/347 348/403/348 364/443/364
f 348/403/348 349/404/349 364/444/364
f 349/404/349 350/405/350 364/445/364
f 350/405/350 351/406/351 364/446/364
f 351/406/351 352/407/352 364/447/364
f 352/407/352 353/408/353 364/448/364
f 353/408/353 354/409/354 364/449/364
f 354/409/354 355/410/355 364/450/364
f 355/410/355 356/411/356 364/451/364
f 356/411/356 357/412/357 364/452/364
f 357/412/357 358/413/358 364/453/364
f 358/413/358 359/414/359 364/454/364
f 359/414/359 360/415/360 364/455/364
f 360/415/360 361/416/361 364/456/364
f 361/416/361 362/417/362 364/457/364
f 362/417/362 343/418/344 364/458/364
s 3
f 365/459/365 366/460/366 386/461/367 385/462/368
f 366/460/366 367/463/369 387/464/370 386/461/367
f 367/463/369 368/465/371 388/466/372 387/464/370
f 368/465/371 369/467/373 389/468/374 388/466/372
f 369/467/373 370/469/375 390/470/376 389/468/374
f 370/469/375 371/471/377 391/472/378 390/470/376
f 371/471/377 372/473/379 392/474/380 391/472/378
f 372/473/379 373/475/381 393/476/382 392/474/380
f 373/475/381 374/477/383 394/478/384 393/476/382
f 374/477/383 375/479/385 395/480/386 394/478/384
f 375/479/385 376/481/387 396/482/388 395/480/386
f 376/481/387 377/483/389 397/484/390 396/482/388
f 377/483/389 378/485/391 398/486/392 397/484/390
f 378/485/391 379/487/393 399/488/394 398/486/392
f 379/487/393 380/489/395 400/490/396 399/488/394
f 380/489/395 381/491/397 401/492/398 400/490/396
f 381/491/397 382/493/399 402/494/400 401/492/398
f 382/493/399 383/495/401 403/496/402 402/494/400
f 383/495/401 384/497/403 404/498/404 403/496/402
f 384/497/403 365/499/365 385/500/368 404/498/404
f 385/462/368 386/461/367 406/501/405 405/502/406
f 386/461/367 387/464/370 407/503/407 406/501/405
f 387/464/370 388/466/372 408/504/408 407/503/407
f 388/466/372 389/468/374 409/505/409 408/504/408
f 389/468/374 390/470/376 410/506/410 409/505/409
f 390/470/376 391/472/378 411/507/411 410/506/410
f 391/472/378 392/474/380 412/508/412 411/507/411
f 392/474/380 393/476/382 413/509/413 412/508/412
f 393/476/382 394/478/384 414/510/414 413/509/413
f 394/478/384 395/480/386 415/511/415 414/510/414
f 395/480/386 396/482/388 416/512/416 415/511/415
f 396/482/388 397/484/390 417/513/417 416/512/416
f 397/484/390 398/486/392 418/514/418 417/513/417
f 398/486/392 399/488/394 419/515/419 418/514/418
f 399/488/394 400/490/396 420/516/420 419/515/419
f 400/490/396 401/492/398 421/517/421 420/516/420
f 401/492/398 402/494/400 422/518/422 421/517/421
f 402/494/400 403/496/402 423/519/423 422/518/422
f 403/496/402 404/498/404 424/520/424 423/519/423
f 404/498/404 385/500/368 405/521/406 424/520/424
f 405/502/406 406/501/405 426/522/425 425/523/426
f 406/501/405 407/503/407 427/524/427 426/522/425
f 407/503/407 408/504/408 428/525/428 427/524/427
f 408/504/408 409/505/409 429/526/429 428/525/428
f 409/505/409 410/506/410 430/527/430 429/526/429
f 410/506/410 411/507/411 431/528/431 430/527/430
f 411/507/411 412/508/412 432/529/432 431/528/431
f 412/508/412 413/509/413 433/530/433 432/529/432
f 413/509/413 414/510/414 434/531/434 433/530/433
f 414/510/414 415/511/415 435/532/435 434/531/434
f 415/511/415 416/512/416 436/533/436 435/532/435
f 416/512/416 417/513/417 437/534/437 436/533/436
f 417/513/417 418/514/418 438/535/438 437/534/437
f 418/514/418 419/515/419 439/536/439 438/535/438
f 419/515/419 420/516/420 440/537/440 439/536/439
f 420/516/420 421/517/421 441/538/441 440/537/440
f 421/517/421 422/518/422 442/539/442 441/538/441
f 422/518/422 423/519/423 443/540/443 442/539/442
f 423/519/423 424/520/424 444/541/444 443/540/443
f 424/520/424 405/521/406 425/542/426 444/541/444
f 425/523/426 426/522/425 446/543/445 445/544/446
f 426/522/425 427/524/427 447/545/447 446/543/445
f 427/524/427 428/525/428 448/546/448 447/545/447
f 428/525/428 429/526/429 449/547/449 448/546/448
f 429/526/429 430/527/430 450/548/450 449/547/449
f 430/527/430 431/528/431 451/549/451 450/548/450
f 431/528/431 432/529/432 452/550/452 451/549/451
f 432/529/432 433/530/433 453/551/453 452/550/452
f 433/530/433 434/531/434 454/552/454 453/551/453
f 434/531/434 435/532/435 455/553/455 454/552/454
f 435/532/435 436/533/436 456/554/456 455/553/455
f 436/533/436 437/534/437 457/555/457 456/554/456
f 437/534/437 438/535/438 458/556/458 457/555/457
f 438/535/438 439/536/439 459/557/459 458/556/458
f 439/536/439 440/537/440 460/558/460 459/557/459
f 440/537/440 441/538/441 461/559/461 460/558/460
f 441/538/441 442/539/442 462/560/462 461/559/461
f 442/539/442 443/540/443 463/561/463 462/560/462
f 443/540/443 444/541/444 464/562/464 463/561/463
f 444/541/444 425/542/426 445/563/446 464/562/464
f 445/544/446 446/543/445 466/564/465 465/565/466
f 446/543/445 447/545/447 467/566/467 466/564/465
f 447/545/447 448/546/448 468/567/468 467/566/467
f 448/546/448 449/547/449 469/568/469 468/567/468
f 449/547/449 450/548/450 470/569/470 469/568/469
f 450/548/450 451/549/451 471/570/471 470/569/470
f 451/549/451 452/550/452 472/571/472 471/570/471
f 452/550/452 453/551/453 473/572/473 472/571/472
f 453/551/453 454/552/454 474/573/474 473/572/473
f 454/552/454 455/553/455 475/574/475 474/573/474
f 455/553/455 456/554/456 476/575/476 475/574/475
f 456/554/456 457/555/457 477/576/477 476/575/476
f 457/555/457 458/556/458 478/577/478 477/576/477
f 458/556/458 459/557/459 479/578/479 478/577/478
f 459/557/459 460/558/460 480/579/480 479/578/479
f 460/558/460 461/559/461 481/580/481 480/579/480
f 461/559/461 462/560/462 482/581/482 481/580/481
f 462/560/462 463/561/463 483/582/483 482/581/482
f 463/561/463 464/562/464 484/583/484 483/582/483
f 464/562/464 445/563/446 465/584/466 484/583/484
f 465/565/466 466/564/465 486/585/485 485/586/486
f 466/564/465 467/566/467 487/587/487 486/585/485
f 467/566/467 468/567/468 488/588/488 487/587/487
f 468/567/468 469/568/469 489/589/489 488/588/488
f 469/568/469 470/569/470 490/590/490 489/589/489
f 470/569/470 471/570/471 491/591/491 490/590/490
f 471/570/471 472/571/472 492/592/492 491/591/491
f 472/571/472 473/572/473 493/593/493 492/592/492
f 473/572/473 474/573/474 494/594/494 493/593/493
f 474/573/474 475/574/475 495/595/495 494/594/494
f 475/574/475 476/575/476 496/596/496 495/595/495
f 476/575/476 477/576/477 497/597/497 496/596/496
f 477/576/477 478/577/478 498/598/498 497/597/497
f 478/577/478 479/578/479 499/599/499 498/598/498
f 479/578/479 480/579/480 500/600/500 499/599/499
f 480/579/480 481/580/481 501/601/501 500/600/500
f 481/580/481 482/581/482 502/602/502 501/601/501
f 482/581/482 483/582/483 503/603/503 502/602/502
f 483/582/483 484/583/484 504/604/504 503/603/503
f 484/583/484 465/584/466 485/605/486 504/604/504
f 485/586/486 486/585/485 506/606/505 505/607/506
f 486/585/485 487/587/487 507/608/507 506/606/505
f 487/587/487 488/588/488 508/609/508 507/608/507
f 488/588/488 489/589/489 509/610/509 508/609/508
f 489/589/489 490/590/490 510/611/510 509/610/509
f 490/590/490 491/591/491 511/612/511 510/611/510
f 491/591/491 492/592/492 512/613/512 511/612/511
f 492/592/492 493/593/493 513/614/513 512/613/512
f 493/593/493 494/594/494 514/615/514 513/614/513
f 494/594/494 495/595/495 515/616/515 514/615/514
f 495/595/495 496/596/496 516/617/516 515/616/515
f 496/596/496 497/597/497 517/618/517 516/617/516
f 497/597/497 498/598/498 518/619/518 517/618/517
f 498/598/498 499/599/499 519/620/519 518/619/518
f 499/599/499 500/600/500 520/621/520 519/620/519
f 500/600/500 501/601/501 521/622/521 520/621/520
f 501/601/501 502/602/502 522/623/522 521/622/521
f 502/602/502 503/603/503 523/624/523 522/623/522
f 503/603/503 504/604/504 524/625/524 523/624/523
f 504/604/504 485/605/486 505/626/506 524/625/524
f 505/607/506 506/606/505 526/627/525 525/628/526
f 506/606/505 507/608/507 527/629/527 526/627/525
f 507/608/507 508/609/508 528/630/528 527/629/527
f 508/609/508 509/610/509 529/631/529 528/630/528
f 509/610/509 510/611/510 530/632/530 529/631/529
f 510/611/510 511/612/511 531/633/531 530/632/530
f 511/612/511 512/613/512 532/634/532 531/633/531
f 512/613/512 513/614/513 533/635/533 532/634/532
f 513/614/513 514/615/514 534/636/534 533/635/533
f 514/615/514 515/616/515 535/637/535 534/636/534
f 515/616/515 516/617/516 536/638/536 535/637/535
f 516/617/516 517/618/517 537/639/537 536/638/536
f 517/618/517 518/619/518 538/640/538 537/639/537
f 518/619/518 519/620/519 539/641/539 538/640/538
f 519/620/519 520/621/520 540/642/540 539/641/539
f 520/621/520 521/622/521 541/643/541 540/642/540
f 521/622/521 522/623/522 542/644/542 541/643/541
f 522/623/522 523/624/523 543/645/543 542/644/542
f 523/624/523 524/625/524 544/646/544 543/645/543
f 524/625/524 505/626/506 525/647/526 544/646/544
f 366/460/366 365/459/365 545/648/545
f 367/463/369 366/460/366 545/649/545
f 368/465/371 367/463/369 545/650/545
f 369/467/373 368/465/371 545/651/545
f 370/469/375 369/467/373 545/652/545
f 371/471/377 370/469/375 545/653/545
f 372/473/379 371/471/377 545/654/545
f 373/475/381 372/473/379 545/655/545
f 374/477/383 373/475/381 545/656/545
f 375/479/385 374/477/383 545/657/545
f 376/481/387 375/479/385 545/658/545
f 377/483/389 376/481/387 545/659/545
f 378/485/391 377/483/389 545/660/545
f 379/487/393 378/485/391 545/661/545
f 380/489/395 379/487/393 545/662/545
f 381/491/397 380/489/395 545/663/545
f 382/493/399 381/491/397 545/664/545
f 383/495/401 382/493/399 545/665/545
f 384/497/403 383/495/401 545/666/545
f 365/499/365 384/497/403 545/667/545
f 525/628/526 526/627/525 546/668/546
f 526/627/525 527/629/527 546/669/546
f 527/629/527 528/630/528 546/670/546
f 528/630/528 529/631/529 546/671/546
f 529/631/529 530/632/530 546/672/546
f 530/632/530 531/633/531 546/673/546
f 531/633/531 532/634/532 546/674/546
f 532/634/532 533/635/533 546/675/546
f 533/635/533 534/636/534 546/676/546
f 534/636/534 535/637/535 546/677/546
f 535/637/535 536/638/536 546/678/546
f 536/638/536 537/639/537 546/679/546
f 537/639/537 538/640/538 546/680/546
f 538/640/538 539/641/539 546/681/546
f 539/641/539 540/642/540 546/682/546
f 540/642/540 541/643/541 546/683/546
f 541/643/541 542/644/542 546/684/546
f 542/644/542 543/645/543 546/685/546
f 543/645/543 544/646/544 546/686/546
f 544/646/544 525/647/526 546/687/546
s 4
usemtl lambert2SG
f 547/688/547 548/689/548 578/690/549 569/691/550
s 5
f 548/689/551 549/692/552 577/693/553 578/690/554
s 6
f 549/692/555 550/694/556 576/695/557 577/693/558
s 7
f 550/694/559 551/696/560 575/697/561 576/695/562
s 8
f 551/696/563 552/698/564 574/699/565 575/697/566
s 9
f 552/698/567 553/700/568 573/701/569 574/699/570
s 10
f 553/700/571 554/702/572 572/703/573 573/701/574
s 11
f 554/702/575 555/704/576 571/705/577 572/703/578
s 12
f 555/704/579 556/706/580 570/707/581 571/705/582
s 13
f 556/706/583 547/708/584 569/709/585 570/707/586
s 14
f 548/710/587 547/711/588 567/712/589
f 549/713/590 548/710/587 567/712/589
f 550/714/591 549/713/590 567/712/589
f 551/715/592 550/714/591 567/712/589
f 552/716/593 551/715/592 567/712/589
f 553/717/594 552/716/593 567/712/589
f 554/718/595 553/717/594 567/712/589
f 555/719/596 554/718/595 567/712/589
f 556/720/597 555/719/596 567/712/589
f 547/711/588 556/720/597 567/712/589
s 15
f 557/721/598 558/722/599 568/723/600
f 558/722/599 559/724/601 568/723/600
f 559/724/601 560/725/602 568/723/600
f 560/725/602 561/726/603 568/723/600
f 561/726/603 562/727/604 568/723/600
f 562/727/604 563/728/605 568/723/600
f 563/728/605 564/729/606 568/723/600
f 564/729/606 565/730/607 568/723/600
f 565/730/607 566/731/608 568/723/600
f 566/731/608 557/721/598 568/723/600
s 13
f 570/707/586 569/709/585 557/732/609 566/733/610
s 12
f 571/705/582 570/707/581 566/733/611 565/734/612
s 11
f 572/703/578 571/705/577 565/734/613 564/735/614
s 10
f 573/701/574 572/703/573 564/735/615 563/736/616
s 9
f 574/699/570 573/701/569 563/736/617 562/737/618
s 8
f 575/697/566 574/699/565 562/737/619 561/738/620
s 7
f 576/695/562 575/697/561 561/738/621 560/739/622
s 6
f 577/693/558 576/695/557 560/739/623 559/740/624
s 5
f 578/690/554 577/693/553 559/740/625 558/741/626
s 4
f 569/691/550 578/690/549 558/741/627 557/742/628
s 16
f 579/743/629 580/744/630 610/745/631 601/746/632
s 17
f 580/744/633 581/747/634 609/748/635 610/745/636
s 18
f 581/747/637 582/749/638 608/750/639 609/748/640
s 19
f 582/749/641 583/751/642 607/752/643 608/750/644
s 20
f 583/751/645 584/753/646 606/754/647 607/752/648
s 21
f 584/753/649 585/755/650 605/756/651 606/754/652
s 22
f 585/755/653 586/757/654 604/758/655 605/756/656
s 23
f 586/757/657 587/759/658 603/760/659 604/758/660
s 24
f 587/759/661 588/761/662 602/762/663 603/760/664
s 25
f 588/761/665 579/763/666 601/764/667 602/762/668
s 26
f 580/765/669 579/766/670 599/767/671
f 581/768/672 580/765/669 599/767/671
f 582/769/673 581/768/672 599/767/671
f 583/770/674 582/769/673 599/767/671
f 584/771/675 583/770/674 599/767/671
f 585/772/676 584/771/675 599/767/671
f 586/773/677 585/772/676 599/767/671
f 587/774/678 586/773/677 599/767/671
f 588/775/679 587/774/678 599/767/671
f 579/766/670 588/775/679 599/767/671
s 27
f 589/776/680 590/777/681 600/778/682
f 590/777/681 591/779/683 600/778/682
f 591/779/683 592/780/684 600/778/682
f 592/780/684 593/781/685 600/778/682
f 593/781/685 594/782/686 600/778/682
f 594/782/686 595/783/687 600/778/682
f 595/783/687 596/784/688 600/778/682
f 596/784/688 597/785/689 600/778/682
f 597/785/689 598/786/690 600/778/682
f 598/786/690 589/776/680 600/778/682
s 25
f 602/762/668 601/764/667 589/787/691 598/788/692
s 24
f 603/760/664 602/762/663 598/788/693 597/789/694
s 23
f 604/758/660 603/760/659 597/789/695 596/790/696
s 22
f 605/756/656 604/758/655 596/790/697 595/791/698
s 21
f 606/754/652 605/756/651 595/791/699 594/792/700
s 20
f 607/752/648 606/754/647 594/792/701 593/793/702
s 19
f 608/750/644 607/752/643 593/793/703 592/794/704
s 18
f 609/748/640 608/750/639 592/794/705 591/795/706
s 17
f 610/745/636 609/748/635 591/795/707 590/796/708
s 16
f 601/746/632 610/745/631 590/796/709 589/797/710
s 28
f 611/798/711 612/799/712 642/800/713 633/801/714
s 29
f 612/799/715 613/802/716 641/803/717 642/800/718
s 30
f 613/802/719 614/804/720 640/805/721 641/803/722
s 31
f 614/804/723 615/806/724 639/807/725 640/805/726
s 32
f 615/806/727 616/808/728 638/809/729 639/807/730
s 33
f 616/808/731 617/810/732 637/811/733 638/809/734
s 34
f 617/810/735 618/812/736 636/813/737 637/811/738
s 35
f 618/812/739 619/814/740 635/815/741 636/813/742
s 36
f 619/814/743 620/816/744 634/817/745 635/815/746
s 37
f 620/816/747 611/818/748 633/819/749 634/817/750
s 38
f 612/820/751 611/821/752 631/822/753
f 613/823/754 612/820/751 631/822/753
f 614/824/755 613/823/754 631/822/753
f 615/825/756 614/824/755 631/822/753
f 616/826/757 615/825/756 631/822/753
f 617/827/758 616/826/757 631/822/753
f 618/828/759 617/827/758 631/822/753
f 619/829/760 618/828/759 631/822/753
f 620/830/761 619/829/760 631/822/753
f 611/821/752 620/830/761 631/822/753
s 39
f 621/831/762 622/832/763 632/833/764
f 622/832/763 623/834/765 632/833/764
f 623/834/765 624/835/766 632/833/764
f 624/835/766 625/836/767 632/833/764
f 625/836/767 626/837/768 632/833/764
f 626/837/768 627/838/769 632/833/764
f 627/838/769 628/839/770 632/833/764
f 628/839/770 629/840/771 632/833/764
f 629/840/771 630/841/772 632/833/764
f 630/841/772 621/831/762 632/833/764
s 37
f 634/817/750 633/819/749 621/842/773 630/843/774
s 36
f 635/815/746 634/817/745 630/843/775 629/844/776
s 35
f 636/813/742 635/815/741 629/844/777 628/845/778
s 34
f 637/811/738 636/813/737 628/845/779 627/846/780
s 33
f 638/809/734 637/811/733 627/846/781 626/847/782
s 32
f 639/807/730 638/809/729 626/847/783 625/848/784
s 31
f 640/805/726 639/807/725 625/848/785 624/849/786
s 30
f 641/803/722 640/805/721 624/849/787 623/850/788
s 29
f 642/800/718 641/803/717 623/850/789 622/851/790
s 28
f 633/801/714 642/800/713 622/851/791 621/852/792
s off
f 643/853/793 644/854/794 654/855/795 653/856/796
f 644/854/797 645/857/798 655/858/799 654/855/800
f 645/857/801 646/859/802 656/860/803 655/858/804
f 646/859/805 647/861/806 657/862/807 656/860/808
f 647/861/809 648/863/810 658/864/811 657/862/812
f 648/863/813 649/865/814 659/866/815 658/864/816
f 649/865/817 650/867/818 660/868/819 659/866/820
f 650/867/821 651/869/822 661/870/823 660/868/824
f 651/869/825 652/871/826 662/872/827 661/870/828
f 652/871/829 643/873/830 653/874/831 662/872/832
s 40
f 644/875/833 643/876/834 663/877/835
f 645/878/836 644/875/833 663/877/835
f 646/879/837 645/878/836 663/877/835
f 647/880/838 646/879/837 663/877/835
f 648/881/839 647/880/838 663/877/835
f 649/882/840 648/881/839 663/877/835
f 650/883/841 649/882/840 663/877/835
f 651/884/842 650/883/841 663/877/835
f 652/885/843 651/884/842 663/877/835
f 643/876/834 652/885/843 663/877/835
s 41
f 653/886/844 654/887/845 664/888/846
f 654/887/845 655/889/847 664/888/846
f 655/889/847 656/890/848 664/888/846
f 656/890/848 657/891/849 664/888/846
f 657/891/849 658/892/850 664/888/846
f 658/892/850 659/893/851 664/888/846
f 659/893/851 660/894/852 664/888/846
f 660/894/852 661/895/853 664/888/846
f 661/895/853 662/896/854 664/888/846
f 662/896/854 653/886/844 664/888/846
s off
usemtl lambert8SG
f 665/897/855 666/898/856 676/899/857 675/900/858
f 666/898/859 667/901/860 677/902/861 676/899/862
f 667/901/863 668/903/864 678/904/865 677/902/866
f 668/903/867 669/905/868 679/906/869 678/904/870
f 669/905/871 670/907/872 680/908/873 679/906/874
f 670/907/875 671/909/876 681/910/877 680/908/878
f 671/909/879 672/911/880 682/912/881 681/910/882
f 672/911/883 673/913/884 683/914/885 682/912/886
f 673/913/887 674/915/888 684/916/889 683/914/890
f 674/915/891 665/917/892 675/918/893 684/916/894
f 675/900/895 676/899/896 686/919/897 685/920/898
f 676/899/899 677/902/900 687/921/901 686/919/902
f 677/902/903 678/904/904 688/922/905 687/921/906
f 678/904/907 679/906/908 689/923/909 688/922/910
f 679/906/911 680/908/912 690/924/913 689/923/914
f 680/908/915 681/910/916 691/925/917 690/924/918
f 681/910/919 682/912/920 692/926/921 691/925/922
f 682/912/923 683/914/924 693/927/925 692/926/926
f 683/914/927 684/916/928 694/928/929 693/927/930
f 684/916/931 675/918/932 685/929/933 694/928/934
f 685/920/935 686/919/936 696/930/937 695/931/938
f 686/919/939 687/921/940 697/932/941 696/930/942
f 687/921/943 688/922/944 698/933/945 697/932/946
f 688/922/947 689/923/948 699/934/949 698/933/950
f 689/923/951 690/924/952 700/935/953 699/934/954
f 690/924/955 691/925/956 701/936/957 700/935/958
f 691/925/959 692/926/960 702/937/961 701/936/962
f 692/926/963 693/927/964 703/938/965 702/937/966
f 693/927/967 694/928/968 704/939/969 703/938/970
f 694/928/971 685/929/972 695/940/973 704/939/974
f 695/931/975 696/930/976 706/941/977 705/942/978
f 696/930/979 697/932/980 707/943/981 706/941/982
f 697/932/983 698/933/984 708/944/985 707/943/986
f 698/933/987 699/934/988 709/945/989 708/944/990
f 699/934/991 700/935/992 710/946/993 709/945/994
f 700/935/995 701/936/996 711/947/997 710/946/998
f 701/936/999 702/937/1000 712/948/1001 711/947/1002
f 702/937/1003 703/938/1004 713/949/1005 712/948/1006
f 703/938/1007 704/939/1008 714/950/1009 713/949/1010
f 704/939/1011 695/940/1012 705/951/1013 714/950/1014
f 705/942/1015 706/941/1016 716/952/1017 715/953/1018
f 706/941/1019 707/943/1020 717/954/1021 716/952/1022
f 707/943/1023 708/944/1024 718/955/1025 717/954/1026
f 708/944/1027 709/945/1028 719/956/1029 718/955/1030
f 709/945/1031 710/946/1032 720/957/1033 719/956/1034
f 710/946/1035 711/947/1036 721/958/1037 720/957/1038
f 711/947/1039 712/948/1040 722/959/1041 721/958/1042
f 712/948/1043 713/949/1044 723/960/1045 722/959/1046
f 713/949/1047 714/950/1048 724/961/1049 723/960/1050
f 714/950/1051 705/951/1052 715/962/1053 724/961/1054
f 715/953/1055 716/952/1056 726/963/1057 725/964/1058
f 716/952/1059 717/954/1060 727/965/1061 726/963/1062
f 717/954/1063 718/955/1064 728/966/1065 727/965/1066
f 718/955/1067 719/956/1068 729/967/1069 728/966/1070
f 719/956/1071 720/957/1072 730/968/1073 729/967/1074
f 720/957/1075 721/958/1076 731/969/1077 730/968/1078
f 721/958/1079 722/959/1080 732/970/1081 731/969/1082
f 722/959/1083 723/960/1084 733/971/1085 732/970/1086
f 723/960/1087 724/961/1088 734/972/1089 733/971/1090
f 724/961/1091 715/962/1092 725/973/1093 734/972/1094
f 725/964/1095 726/963/1096 736/974/1097 735/975/1098
f 726/963/1099 727/965/1100 737/976/1101 736/974/1102
f 727/965/1103 728/966/1104 738/977/1105 737/976/1106
f 728/966/1107 729/967/1108 739/978/1109 738/977/1110
f 729/967/1111 730/968/1112 740/979/1113 739/978/1114
f 730/968/1115 731/969/1116 741/980/1117 740/979/1118
f 731/969/1119 732/970/1120 742/981/1121 741/980/1122
f 732/970/1123 733/971/1124 743/982/1125 742/981/1126
f 733/971/1127 734/972/1128 744/983/1129 743/982/1130
f 734/972/1131 725/973/1132 735/984/1133 744/983/1134
f 735/975/1135 736/974/1136 746/985/1137 745/986/1138
f 736/974/1139 737/976/1140 747/987/1141 746/985/1142
f 737/976/1143 738/977/1144 748/988/1145 747/987/1146
f 738/977/1147 739/978/1148 749/989/1149 748/988/1150
f 739/978/1151 740/979/1152 750/990/1153 749/989/1154
f 740/979/1155 741/980/1156 751/991/1157 750/990/1158
f 741/980/1159 742/981/1160 752/992/1161 751/991/1162
f 742/981/1163 743/982/1164 753/993/1165 752/992/1166
f 743/982/1167 744/983/1168 754/994/1169 753/993/1170
f 744/983/1171 735/984/1172 745/995/1173 754/994/1174
f 666/898/1175 665/897/1176 755/996/1177
f 667/901/1178 666/898/1179 755/997/1180
f 668/903/1181 667/901/1182 755/998/1183
f 669/905/1184 668/903/1185 755/999/1186
f 670/907/1187 669/905/1188 755/1000/1189
f 671/909/1190 670/907/1191 755/1001/1192
f 672/911/1193 671/909/1194 755/1002/1195
f 673/913/1196 672/911/1197 755/1003/1198
f 674/915/1199 673/913/1200 755/1004/1201
f 665/917/1202 674/915/1203 755/1005/1204
f 745/986/1205 746/985/1206 756/1006/1207
f 746/985/1208 747/987/1209 756/1007/1210
f 747/987/1211 748/988/1212 756/1008/1213
f 748/988/1214 749/989/1215 756/1009/1216
f 749/989/1217 750/990/1218 756/1010/1219
f 750/990/1220 751/991/1221 756/1011/1222
f 751/991/1223 752/992/1224 756/1012/1225
f 752/992/1226 753/993/1227 756/1013/1228
f 753/993/1229 754/994/1230 756/1014/1231
f 754/994/1232 745/995/1233 756/1015/1234
f 757/1016/1235 758/1017/1236 768/1018/1237 767/1019/1238
f 758/1017/1239 759/1020/1240 769/1021/1241 768/1018/1242
f 759/1020/1243 760/1022/1244 770/1023/1245 769/1021/1246
f 760/1022/1247 761/1024/1248 771/1025/1249 770/1023/1250
f 761/1024/1251 762/1026/1252 772/1027/1253 771/1025/1254
f 762/1026/1255 763/1028/1256 773/1029/1257 772/1027/1258
f 763/1028/1259 764/1030/1260 774/1031/1261 773/1029/1262
f 764/1030/1263 765/1032/1264 775/1033/1265 774/1031/1266
f 765/1032/1267 766/1034/1268 776/1035/1269 775/1033/1270
f 766/1034/1271 757/1036/1272 767/1037/1273 776/1035/1274
f 767/1019/1275 768/1018/1276 778/1038/1277 777/1039/1278
f 768/1018/1279 769/1021/1280 779/1040/1281 778/1038/1282
f 769/1021/1283 770/1023/1284 780/1041/1285 779/1040/1286
f 770/1023/1287 771/1025/1288 781/1042/1289 780/1041/1290
f 771/1025/1291 772/1027/1292 782/1043/1293 781/1042/1294
f 772/1027/1295 773/1029/1296 783/1044/1297 782/1043/1298
f 773/1029/1299 774/1031/1300 784/1045/1301 783/1044/1302
f 774/1031/1303 775/1033/1304 785/1046/1305 784/1045/1306
f 775/1033/1307 776/1035/1308 786/1047/1309 785/1046/1310
f 776/1035/1311 767/1037/1312 777/1048/1313 786/1047/1314
f 777/1039/1315 778/1038/1316 788/1049/1317 787/1050/1318
f 778/1038/1319 779/1040/1320 789/1051/1321 788/1049/1322
f 779/1040/1323 780/1041/1324 790/1052/1325 789/1051/1326
f 780/1041/1327 781/1042/1328 791/1053/1329 790/1052/1330
f 781/1042/1331 782/1043/1332 792/1054/1333 791/1053/1334
f 782/1043/1335 783/1044/1336 793/1055/1337 792/1054/1338
f 783/1044/1339 784/1045/1340 794/1056/1341 793/1055/1342
f 784/1045/1343 785/1046/1344 795/1057/1345 794/1056/1346
f 785/1046/1347 786/1047/1348 796/1058/1349 795/1057/1350
f 786/1047/1351 777/1048/1352 787/1059/1353 796/1058/1354
f 787/1050/1355 788/1049/1356 798/1060/1357 797/1061/1358
f 788/1049/1359 789/1051/1360 799/1062/1361 798/1060/1362
f 789/1051/1363 790/1052/1364 800/1063/1365 799/1062/1366
f 790/1052/1367 791/1053/1368 801/1064/1369 800/1063/1370
f 791/1053/1371 792/1054/1372 802/1065/1373 801/1064/1374
f 792/1054/1375 793/1055/1376 803/1066/1377 802/1065/1378
f 793/1055/1379 794/1056/1380 804/1067/1381 803/1066/1382
f 794/1056/1383 795/1057/1384 805/1068/1385 804/1067/1386
f 795/1057/1387 796/1058/1388 806/1069/1389 805/1068/1390
f 796/1058/1391 787/1059/1392 797/1070/1393 806/1069/1394
f 797/1061/1395 798/1060/1396 808/1071/1397 807/1072/1398
f 798/1060/1399 799/1062/1400 809/1073/1401 808/1071/1402
f 799/1062/1403 800/1063/1404 810/1074/1405 809/1073/1406
f 800/1063/1407 801/1064/1408 811/1075/1409 810/1074/1410
f 801/1064/1411 802/1065/1412 812/1076/1413 811/1075/1414
f 802/1065/1415 803/1066/1416 813/1077/1417 812/1076/1418
f 803/1066/1419 804/1067/1420 814/1078/1421 813/1077/1422
f 804/1067/1423 805/1068/1424 815/1079/1425 814/1078/1426
f 805/1068/1427 806/1069/1428 816/1080/1429 815/1079/1430
f 806/1069/1431 797/1070/1432 807/1081/1433 816/1080/1434
f 807/1072/1435 808/1071/1436 818/1082/1437 817/1083/1438
f 808/1071/1439 809/1073/1440 819/1084/1441 818/1082/1442
f 809/1073/1443 810/1074/1444 820/1085/1445 819/1084/1446
f 810/1074/1447 811/1075/1448 821/1086/1449 820/1085/1450
f 811/1075/1451 812/1076/1452 822/1087/1453 821/1086/1454
f 812/1076/1455 813/1077/1456 823/1088/1457 822/1087/1458
f 813/1077/1459 814/1078/1460 824/1089/1461 823/1088/1462
f 814/1078/1463 815/1079/1464 825/1090/1465 824/1089/1466
f 815/1079/1467 816/1080/1468 826/1091/1469 825/1090/1470
f 816/1080/1471 807/1081/1472 817/1092/1473 826/1091/1474
f 817/1083/1475 818/1082/1476 828/1093/1477 827/1094/1478
f 818/1082/1479 819/1084/1480 829/1095/1481 828/1093/1482
f 819/1084/1483 820/1085/1484 830/1096/1485 829/1095/1486
f 820/1085/1487 821/1086/1488 831/1097/1489 830/1096/1490
f 821/1086/1491 822/1087/1492 832/1098/1493 831/1097/1494
f 822/1087/1495 823/1088/1496 833/1099/1497 832/1098/1498
f 823/1088/1499 824/1089/1500 834/1100/1501 833/1099/1502
f 824/1089/1503 825/1090/1504 835/1101/1505 834/1100/1506
f 825/1090/1507 826/1091/1508 836/1102/1509 835/1101/1510
f 826/1091/1511 817/1092/1512 827/1103/1513 836/1102/1514
f 827/1094/1515 828/1093/1516 838/1104/1517 837/1105/1518
f 828/1093/1519 829/1095/1520 839/1106/1521 838/1104/1522
f 829/1095/1523 830/1096/1524 840/1107/1525 839/1106/1526
f 830/1096/1527 831/1097/1528 841/1108/1529 840/1107/1530
f 831/1097/1531 832/1098/1532 842/1109/1533 841/1108/1534
f 832/1098/1535 833/1099/1536 843/1110/1537 842/1109/1538
f 833/1099/1539 834/1100/1540 844/1111/1541 843/1110/1542
f 834/1100/1543 835/1101/1544 845/1112/1545 844/1111/1546
f 835/1101/1547 836/1102/1548 846/1113/1549 845/1112/1550
f 836/1102/1551 827/1103/1552 837/1114/1553 846/1113/1554
f 758/1017/1555 757/1016/1556 847/1115/1557
f 759/1020/1558 758/1017/1559 847/1116/1560
f 760/1022/1561 759/1020/1562 847/1117/1563
f 761/1024/1564 760/1022/1565 847/1118/1566
f 762/1026/1567 761/1024/1568 847/1119/1569
f 763/1028/1570 762/1026/1571 847/1120/1572
f 764/1030/1573 763/1028/1574 847/1121/1575
f 765/1032/1576 764/1030/1577 847/1122/1578
f 766/1034/1579 765/1032/1580 847/1123/1581
f 757/1036/1582 766/1034/1583 847/1124/1584
f 837/1105/1585 838/1104/1586 848/1125/1587
f 838/1104/1588 839/1106/1589 848/1126/1590
f 839/1106/1591 840/1107/1592 848/1127/1593
f 840/1107/1594 841/1108/1595 848/1128/1596
f 841/1108/1597 842/1109/1598 848/1129/1599
f 842/1109/1600 843/1110/1601 848/1130/1602
f 843/1110/1603 844/1111/1604 848/1131/1605
f 844/1111/1606 845/1112/1607 848/1132/1608
f 845/1112/1609 846/1113/1610 848/1133/1611
f 846/1113/1612 837/1114/1613 848/1134/1614
f 849/1135/1615 850/1136/1616 860/1137/1617 859/1138/1618
f 850/1136/1619 851/1139/1620 861/1140/1621 860/1137/1622
f 851/1139/1623 852/1141/1624 862/1142/1625 861/1140/1626
f 852/1141/1627 853/1143/1628 863/1144/1629 862/1142/1630
f 853/1143/1631 854/1145/1632 864/1146/1633 863/1144/1634
f 854/1145/1635 855/1147/1636 865/1148/1637 864/1146/1638
f 855/1147/1639 856/1149/1640 866/1150/1641 865/1148/1642
f 856/1149/1643 857/1151/1644 867/1152/1645 866/1150/1646
f 857/1151/1647 858/1153/1648 868/1154/1649 867/1152/1650
f 858/1153/1651 849/1155/1652 859/1156/1653 868/1154/1654
f 859/1138/1655 860/1137/1656 870/1157/1657 869/1158/1658
f 860/1137/1659 861/1140/1660 871/1159/1661 870/1157/1662
f 861/1140/1663 862/1142/1664 872/1160/1665 871/1159/1666
f 862/1142/1667 863/1144/1668 873/1161/1669 872/1160/1670
f 863/1144/1671 864/1146/1672 874/1162/1673 873/1161/1674
f 864/1146/1675 865/1148/1676 875/1163/1677 874/1162/1678
f 865/1148/1679 866/1150/1680 876/1164/1681 875/1163/1682
f 866/1150/1683 867/1152/1684 877/1165/1685 876/1164/1686
f 867/1152/1687 868/1154/1688 878/1166/1689 877/1165/1690
f 868/1154/1691 859/1156/1692 869/1167/1693 878/1166/1694
f 869/1158/1695 870/1157/1696 880/1168/1697 879/1169/1698
f 870/1157/1699 871/1159/1700 881/1170/1701 880/1168/1702
f 871/1159/1703 872/1160/1704 882/1171/1705 881/1170/1706
f 872/1160/1707 873/1161/1708 883/1172/1709 882/1171/1710
f 873/1161/1711 874/1162/1712 884/1173/1713 883/1172/1714
f 874/1162/1715 875/1163/1716 885/1174/1717 884/1173/1718
f 875/1163/1719 876/1164/1720 886/1175/1721 885/1174/1722
f 876/1164/1723 877/1165/1724 887/1176/1725 886/1175/1726
f 877/1165/1727 878/1166/1728 888/1177/1729 887/1176/1730
f 878/1166/1731 869/1167/1732 879/1178/1733 888/1177/1734
f 879/1169/1735 880/1168/1736 890/1179/1737 889/1180/1738
f 880/1168/1739 881/1170/1740 891/1181/1741 890/1179/1742
f 881/1170/1743 882/1171/1744 892/1182/1745 891/1181/1746
f 882/1171/1747 883/1172/1748 893/1183/1749 892/1182/1750
f 883/1172/1751 884/1173/1752 894/1184/1753 893/1183/1754
f 884/1173/1755 885/1174/1756 895/1185/1757 894/1184/1758
f 885/1174/1759 886/1175/1760 896/1186/1761 895/1185/1762
f 886/1175/1763 887/1176/1764 897/1187/1765 896/1186/1766
f 887/1176/1767 888/1177/1768 898/1188/1769 897/1187/1770
f 888/1177/1771 879/1178/1772 889/1189/1773 898/1188/1774
f 889/1180/1775 890/1179/1776 900/1190/1777 899/1191/1778
f 890/1179/1779 891/1181/1780 901/1192/1781 900/1190/1782
f 891/1181/1783 892/1182/1784 902/1193/1785 901/1192/1786
f 892/1182/1787 893/1183/1788 903/1194/1789 902/1193/1790
f 893/1183/1791 894/1184/1792 904/1195/1793 903/1194/1794
f 894/1184/1795 895/1185/1796 905/1196/1797 904/1195/1798
f 895/1185/1799 896/1186/1800 906/1197/1801 905/1196/1802
f 896/1186/1803 897/1187/1804 907/1198/1805 906/1197/1806
f 897/1187/1807 898/1188/1808 908/1199/1809 907/1198/1810
f 898/1188/1811 889/1189/1812 899/1200/1813 908/1199/1814
f 899/1191/1815 900/1190/1816 910/1201/1817 909/1202/1818
f 900/1190/1819 901/1192/1820 911/1203/1821 910/1201/1822
f 901/1192/1823 902/1193/1824 912/1204/1825 911/1203/1826
f 902/1193/1827 903/1194/1828 913/1205/1829 912/1204/1830
f 903/1194/1831 904/1195/1832 914/1206/1833 913/1205/1834
f 904/1195/1835 905/1196/1836 915/1207/1837 914/1206/1838
f 905/1196/1839 906/1197/1840 916/1208/1841 915/1207/1842
f 906/1197/1843 907/1198/1844 917/1209/1845 916/1208/1846
f 907/1198/1847 908/1199/1848 918/1210/1849 917/1209/1850
f 908/1199/1851 899/1200/1852 909/1211/1853 918/1210/1854
f 909/1202/1855 910/1201/1856 920/1212/1857 919/1213/1858
f 910/1201/1859 911/1203/1860 921/1214/1861 920/1212/1862
f 911/1203/1863 912/1204/1864 922/1215/1865 921/1214/1866
f 912/1204/1867 913/1205/1868 923/1216/1869 922/1215/1870
f 913/1205/1871 914/1206/1872 924/1217/1873 923/1216/1874
f 914/1206/1875 915/1207/1876 925/1218/1877 924/1217/1878
f 915/1207/1879 916/1208/1880 926/1219/1881 925/1218/1882
f 916/1208/1883 917/1209/1884 927/1220/1885 926/1219/1886
f 917/1209/1887 918/1210/1888 928/1221/1889 927/1220/1890
f 918/1210/1891 909/1211/1892 919/1222/1893 928/1221/1894
f 919/1213/1895 920/1212/1896 930/1223/1897 929/1224/1898
f 920/1212/1899 921/1214/1900 931/1225/1901 930/1223/1902
f 921/1214/1903 922/1215/1904 932/1226/1905 931/1225/1906
f 922/1215/1907 923/1216/1908 933/1227/1909 932/1226/1910
f 923/1216/1911 924/1217/1912 934/1228/1913 933/1227/1914
f 924/1217/1915 925/1218/1916 935/1229/1917 934/1228/1918
f 925/1218/1919 926/1219/1920 936/1230/1921 935/1229/1922
f 926/1219/1923 927/1220/1924 937/1231/1925 936/1230/1926
f 927/1220/1927 928/1221/1928 938/1232/1929 937/1231/1930
f 928/1221/1931 919/1222/1932 929/1233/1933 938/1232/1934
f 850/1136/1935 849/1135/1936 939/1234/1937
f 851/1139/1938 850/1136/1939 939/1235/1940
f 852/1141/1941 851/1139/1942 939/1236/1943
f 853/1143/1944 852/1141/1945 939/1237/1946
f 854/1145/1947 853/1143/1948 939/1238/1949
f 855/1147/1950 854/1145/1951 939/1239/1952
f 856/1149/1953 855/1147/1954 939/1240/1955
f 857/1151/1956 856/1149/1957 939/1241/1958
f 858/1153/1959 857/1151/1960 939/1242/1961
f 849/1155/1962 858/1153/1963 939/1243/1964
f 929/1224/1965 930/1223/1966 940/1244/1967
f 930/1223/1968 931/1225/1969 940/1245/1970
f 931/1225/1971 932/1226/1972 940/1246/1973
f 932/1226/1974 933/1227/1975 940/1247/1976
f 933/1227/1977 934/1228/1978 940/1248/1979
f 934/1228/1980 935/1229/1981 940/1249/1982
f 935/1229/1983 936/1230/1984 940/1250/1985
f 936/1230/1986 937/1231/1987 940/1251/1988
f 937/1231/1989 938/1232/1990 940/1252/1991
f 938/1232/1992 929/1233/1993 940/1253/1994
