# Blender 4.5.0
# www.blender.org
mtllib tripo_convert_5462af06-926d-40cd-8cd8-a2dadf7b34ef.mtl
o tripo_node_5462af06-926d-40cd-8cd8-a2dadf7b34ef
v 0.200367 0.853091 -0.112838
v 0.192750 0.834882 -0.120475
v 0.146360 0.845248 -0.128006
v 0.164610 0.865213 -0.123454
v 0.131266 0.841074 -0.092075
v 0.137372 0.829653 -0.104309
v 0.169893 0.807344 -0.071362
v 0.189500 0.792602 -0.074433
v 0.175185 0.815244 -0.088110
v 0.190979 0.808162 -0.087914
v 0.202308 0.802983 -0.066664
v 0.199125 0.792571 -0.068739
v 0.136420 0.766103 -0.094071
v 0.134809 0.776759 -0.096910
v 0.134529 0.782603 -0.089617
v 0.151926 0.780822 -0.072536
v 0.184670 0.861610 -0.119615
v 0.176928 0.854105 -0.101601
v 0.195390 0.845377 -0.096590
v 0.213091 0.848382 -0.121119
v 0.190879 0.862070 -0.139059
v 0.210519 0.834038 -0.095888
v 0.179379 0.841386 -0.126455
v 0.187680 0.850984 -0.142444
v 0.209055 0.836542 -0.126460
v 0.206739 0.821419 -0.104446
v 0.187501 0.826410 -0.106642
v 0.171616 0.830930 -0.109440
v 0.161720 0.845480 -0.129423
v 0.157174 0.834616 -0.112554
v 0.140195 0.837691 -0.116038
v 0.122783 0.842829 -0.117995
v 0.135751 0.852826 -0.134180
v 0.158685 0.856573 -0.144467
v 0.158581 0.866510 -0.138682
v 0.140503 0.862193 -0.122893
v 0.157048 0.860497 -0.110422
v 0.132657 0.851683 -0.105258
v 0.124071 0.830002 -0.096562
v 0.141934 0.836165 -0.081827
v 0.149922 0.849768 -0.093800
v 0.136984 0.819851 -0.083441
v 0.148382 0.824756 -0.097794
v 0.152624 0.813044 -0.075259
v 0.161907 0.819994 -0.092551
v 0.175825 0.819589 -0.071981
v 0.158672 0.829068 -0.073887
v 0.189685 0.804415 -0.063768
v 0.190392 0.811716 -0.073597
v 0.180194 0.790188 -0.079432
v 0.190420 0.791625 -0.089070
v 0.199106 0.793765 -0.078936
v 0.189042 0.790787 -0.063592
v 0.174303 0.789273 -0.066580
v 0.161265 0.801678 -0.088223
v 0.153164 0.798701 -0.068474
v 0.170832 0.796455 -0.101332
v 0.174384 0.783995 -0.099956
v 0.201856 0.806949 -0.076229
v 0.195718 0.821469 -0.078945
v 0.155267 0.773172 -0.100648
v 0.152746 0.777274 -0.084342
v 0.134417 0.771835 -0.079561
v 0.150561 0.785664 -0.103515
v 0.145096 0.792639 -0.089493
v 0.140221 0.788991 -0.070109
v 0.168000 0.784766 -0.083912
v 0.161029 0.785643 -0.066623
v 0.184914 0.832690 -0.080376
v 0.168122 0.842353 -0.085469
v 0.123801 0.811959 -0.125830
v 0.127512 0.822896 -0.124848
v 0.048254 0.812822 -0.048056
v 0.061498 0.818590 -0.051070
v 0.032627 0.804854 -0.069822
v 0.022975 0.836931 -0.080181
v 0.057978 0.878112 -0.156357
v 0.054915 0.860831 -0.156141
v 0.066889 0.853878 -0.152924
v 0.093795 0.863777 -0.145720
v 0.087757 0.845484 -0.095601
v 0.064194 0.853128 -0.105805
v 0.032276 0.824441 -0.089952
v 0.081584 0.834587 -0.100474
v 0.076606 0.809121 -0.070778
v 0.120467 0.830548 -0.114887
v 0.113493 0.817490 -0.115114
v 0.106825 0.824084 -0.133223
v 0.118822 0.817351 -0.143378
v 0.124647 0.830911 -0.138350
v 0.115936 0.843825 -0.126111
v 0.064090 0.830457 -0.061528
v 0.043455 0.824921 -0.056736
v 0.024177 0.812320 -0.055046
v 0.042408 0.798141 -0.043173
v 0.069469 0.805850 -0.045398
v 0.081905 0.823217 -0.060501
v 0.046737 0.802604 -0.066053
v 0.042327 0.788116 -0.052275
v 0.019378 0.799553 -0.063559
v 0.031521 0.814947 -0.080183
v 0.049305 0.817929 -0.081154
v 0.012975 0.814809 -0.078977
v 0.018062 0.829276 -0.093620
v 0.020450 0.826910 -0.068776
v 0.040448 0.846529 -0.087372
v 0.036000 0.845334 -0.105322
v 0.042031 0.837599 -0.071133
v 0.063501 0.877836 -0.137543
v 0.081049 0.871723 -0.142631
v 0.073570 0.871318 -0.163338
v 0.044725 0.869124 -0.159573
v 0.049103 0.871429 -0.134347
v 0.064133 0.860155 -0.176962
v 0.064510 0.853269 -0.164256
v 0.058325 0.860735 -0.144232
v 0.077214 0.848073 -0.145455
v 0.066491 0.855803 -0.129133
v 0.082787 0.841686 -0.162298
v 0.093611 0.858195 -0.163493
v 0.104949 0.855800 -0.137094
v 0.112849 0.843778 -0.153815
v 0.091002 0.864643 -0.125986
v 0.105628 0.839904 -0.105363
v 0.100228 0.853032 -0.115090
v 0.083785 0.857628 -0.107372
v 0.065409 0.850388 -0.092929
v 0.091684 0.833567 -0.096425
v 0.101064 0.826814 -0.106574
v 0.085043 0.836009 -0.077306
v 0.093036 0.825644 -0.081646
v 0.065130 0.841520 -0.075896
v 0.059476 0.864396 -0.117218
v 0.074839 0.848030 -0.117332
v 0.075134 0.869269 -0.119791
v 0.065269 0.832456 -0.096182
v 0.045822 0.830409 -0.094951
v 0.086684 0.840778 -0.133961
v 0.096008 0.831637 -0.119303
v 0.079722 0.820923 -0.083099
v 0.064868 0.819841 -0.082211
v 0.089375 0.809919 -0.064636
v 0.071453 0.793061 -0.051401
v 0.063350 0.803744 -0.066055
v 0.097423 0.831901 -0.149850
v 0.088441 0.844906 -0.174502
v 0.108470 0.829509 -0.161785
v 0.117698 0.835868 -0.111128
v 0.117846 0.835471 -0.111345
v 0.118230 0.835120 -0.111014
v 0.117819 0.835865 -0.110911
v 0.117377 0.836376 -0.111249
v 0.117412 0.836197 -0.111442
v 0.117408 0.836611 -0.110808
v 0.116828 0.837273 -0.111408
v 0.117022 0.836791 -0.111625
v 0.116438 0.837109 -0.111742
v 0.116552 0.836452 -0.111195
v 0.116340 0.837673 -0.112211
v 0.116646 0.835909 -0.110743
v 0.117198 0.835619 -0.111051
v 0.117729 0.835133 -0.111136
v 0.117222 0.835112 -0.110560
v 0.117538 0.834814 -0.110600
v 0.118055 0.834289 -0.110630
v 0.118290 0.834605 -0.111211
v 0.117284 0.834570 -0.110074
v 0.117827 0.833983 -0.110068
v 0.116836 0.834814 -0.109831
v 0.116933 0.834251 -0.109363
v 0.117585 0.833659 -0.109472
v 0.117043 0.833619 -0.108836
v 0.117359 0.833355 -0.108913
v 0.117140 0.833061 -0.108371
v 0.116743 0.835348 -0.110276
v 0.113441 0.777141 -0.034246
v 0.163479 0.773506 -0.023442
v 0.161333 0.781950 -0.014765
v 0.092348 0.762368 -0.033166
v 0.145543 0.756565 -0.017644
v 0.119988 0.766951 -0.021282
v 0.105932 0.762591 -0.046778
v 0.113411 0.759608 -0.035910
v 0.156447 0.758629 -0.048480
v 0.081466 0.740358 -0.040376
v 0.097908 0.747302 -0.037834
v 0.090194 0.733738 -0.024967
v 0.109582 0.703639 0.050926
v 0.089668 0.762949 0.057574
v 0.104458 0.775332 0.054197
v 0.111139 0.743567 0.052955
v 0.151918 0.721588 0.019127
v 0.143033 0.766191 -0.007841
v 0.138956 0.724226 -0.003005
v 0.151527 0.719965 0.010756
v 0.120423 0.716288 0.001503
v 0.143626 0.725577 -0.013387
v 0.149054 0.704116 0.003576
v 0.163145 0.721346 0.023890
v 0.207290 0.690121 0.061423
v 0.164180 0.766031 -0.029463
v 0.175917 0.765746 -0.051680
v 0.181337 0.771218 -0.039378
v 0.098262 0.637118 0.005846
v 0.076593 0.644958 0.014776
v 0.374286 0.576133 0.073760
v 0.346650 0.597263 0.081445
v 0.374210 0.597935 0.092665
v 0.369435 0.571167 0.105210
v 0.225281 0.604604 0.082799
v 0.204935 0.622920 0.061628
v 0.188420 0.659956 0.068614
v 0.194440 0.664461 0.053644
v 0.217139 0.656819 0.045431
v 0.095362 0.611894 0.014531
v 0.085700 0.615374 0.022142
v 0.039491 0.695981 0.017067
v 0.117341 0.615363 0.063023
v 0.106778 0.613709 0.076205
v 0.127957 0.630351 0.062544
v 0.132032 0.662456 0.084268
v 0.132321 0.682410 0.074291
v 0.101792 0.695643 0.044135
v 0.083034 0.691222 0.039527
v 0.093700 0.684504 0.039989
v 0.130323 0.691025 0.031034
v 0.131662 0.707167 0.026930
v 0.214368 0.679233 0.047782
v 0.201741 0.689695 0.077698
v 0.183358 0.686592 0.080981
v 0.192378 0.693895 0.080054
v 0.211020 0.680794 0.101103
v 0.216225 0.676053 0.096936
v 0.202959 0.678048 0.091374
v 0.198517 0.681851 0.096960
v 0.283001 0.678726 0.079052
v 0.291131 0.690292 0.081940
v 0.314148 0.644750 0.090452
v 0.302505 0.634011 0.101844
v 0.293247 0.621527 0.086291
v 0.288819 0.628839 0.090204
v 0.251298 0.626880 0.076546
v 0.256515 0.631479 0.081887
v 0.276307 0.633339 0.074188
v 0.275176 0.622011 0.070484
v 0.237515 0.664391 0.075855
v 0.245798 0.664571 0.051324
v 0.299470 0.678829 0.070969
v 0.308696 0.689119 0.076147
v 0.338228 0.626485 0.063849
v 0.323406 0.648202 0.085338
v 0.252161 0.576264 0.122612
v 0.299994 0.596247 0.108418
v 0.306509 0.595915 0.109333
v 0.272424 0.569878 0.115030
v 0.105579 0.774304 -0.035562
v 0.127978 0.774612 -0.028366
v 0.129775 0.765943 -0.029913
v 0.168916 0.770401 -0.002311
v 0.170067 0.761119 -0.014110
v 0.146160 0.770553 -0.026190
v 0.144134 0.778616 -0.020628
v 0.089225 0.750693 -0.048983
v 0.097861 0.755429 -0.021832
v 0.125775 0.756864 -0.022099
v 0.170640 0.743672 -0.003586
v 0.147555 0.738575 -0.006687
v 0.147616 0.745072 0.003942
v 0.110932 0.745834 -0.022201
v 0.156988 0.771645 -0.058296
v 0.171392 0.753134 -0.040753
v 0.141753 0.749632 -0.045803
v 0.128757 0.761335 -0.054828
v 0.156915 0.739222 -0.031608
v 0.146982 0.700886 0.067214
v 0.129196 0.710872 0.049586
v 0.094788 0.683477 0.054307
v 0.108639 0.670232 0.064935
v 0.090451 0.700866 0.041434
v 0.098316 0.710712 0.043206
v 0.122452 0.710938 0.031415
v 0.073810 0.748830 0.054295
v 0.090920 0.740457 0.062884
v 0.103947 0.761965 0.062231
v 0.092624 0.777422 0.048045
v 0.062953 0.763284 0.038198
v 0.107410 0.754368 0.044106
v 0.104637 0.768163 0.035058
v 0.090792 0.725542 0.037701
v 0.080844 0.741052 0.029103
v 0.157622 0.726680 0.034229
v 0.163376 0.732181 0.014434
v 0.168957 0.749506 0.007384
v 0.148979 0.678549 0.031030
v 0.155329 0.703488 0.018999
v 0.138261 0.719574 0.027409
v 0.143817 0.720331 0.044107
v 0.132039 0.736458 -0.018913
v 0.108683 0.714978 -0.011052
v 0.087515 0.691695 0.000945
v 0.103340 0.689823 0.017233
v 0.119557 0.737803 -0.027075
v 0.136978 0.723612 -0.024661
v 0.162817 0.740346 -0.016344
v 0.147923 0.754737 -0.024830
v 0.127490 0.700979 -0.008801
v 0.141168 0.674172 0.015160
v 0.118707 0.676053 0.000661
v 0.228626 0.699573 0.068265
v 0.208086 0.703791 0.050116
v 0.212920 0.710972 0.065721
v 0.169793 0.722357 0.046688
v 0.177891 0.716380 0.031686
v 0.197794 0.688377 0.046772
v 0.200127 0.708705 0.044959
v 0.224973 0.689730 0.082294
v 0.182272 0.671285 0.088118
v 0.179887 0.757724 -0.025870
v 0.160297 0.776976 -0.041372
v 0.133253 0.764189 -0.037759
v 0.082828 0.631786 -0.002382
v 0.086202 0.654618 -0.010222
v 0.106381 0.652563 0.004559
v 0.104654 0.627683 0.013729
v 0.088713 0.618585 0.006801
v 0.123682 0.644093 0.019530
v 0.068678 0.634201 0.004433
v 0.076432 0.620155 0.014646
v 0.085273 0.638015 0.023217
v 0.077460 0.662743 0.009568
v 0.068411 0.659282 -0.008980
v 0.093345 0.659531 0.024619
v 0.377433 0.592675 0.063647
v 0.383455 0.595926 0.077156
v 0.385211 0.572293 0.081056
v 0.362805 0.574982 0.083418
v 0.362027 0.594960 0.071175
v 0.364665 0.559434 0.091551
v 0.333444 0.610967 0.080244
v 0.351620 0.614184 0.064767
v 0.338446 0.584561 0.095832
v 0.313947 0.605808 0.096951
v 0.369227 0.621207 0.076130
v 0.359940 0.612769 0.096177
v 0.374739 0.583495 0.098228
v 0.350779 0.600092 0.110948
v 0.342702 0.583251 0.119292
v 0.334467 0.571000 0.108918
v 0.246959 0.604008 0.078228
v 0.255946 0.591113 0.093698
v 0.237033 0.579429 0.096806
v 0.236651 0.589279 0.108186
v 0.223548 0.607766 0.091574
v 0.224518 0.618714 0.073610
v 0.240992 0.621991 0.078620
v 0.190998 0.616909 0.059861
v 0.208177 0.641570 0.051648
v 0.226104 0.635976 0.063767
v 0.196081 0.631710 0.077029
v 0.165901 0.658212 0.059660
v 0.174508 0.668876 0.045362
v 0.163718 0.628543 0.081453
v 0.154053 0.638978 0.071109
v 0.216094 0.644031 0.083369
v 0.216276 0.661571 0.072528
v 0.182741 0.691086 0.039095
v 0.230508 0.654290 0.053208
v 0.237162 0.674820 0.041143
v 0.108575 0.616169 0.024635
v 0.096980 0.625826 0.031232
v 0.024435 0.685377 0.020582
v 0.028372 0.729928 0.014074
v 0.044704 0.724621 0.012130
v 0.053198 0.690634 0.025937
v 0.050617 0.670017 0.029101
v 0.060255 0.716924 0.023648
v 0.132037 0.619918 0.068935
v 0.133383 0.606866 0.078682
v 0.108938 0.605840 0.064521
v 0.098967 0.620259 0.054138
v 0.113979 0.625878 0.057143
v 0.126651 0.616604 0.087952
v 0.118836 0.635163 0.084010
v 0.098764 0.626226 0.070184
v 0.136818 0.644184 0.060717
v 0.116022 0.644054 0.050575
v 0.146132 0.650602 0.092786
v 0.161492 0.675601 0.086629
v 0.112653 0.652808 0.076362
v 0.168022 0.693639 0.077031
v 0.076599 0.710757 0.054522
v 0.068164 0.684700 0.049702
v 0.069971 0.690037 0.034221
v 0.076992 0.708681 0.034414
v 0.068740 0.673391 0.036243
v 0.107557 0.665968 0.037068
v 0.094595 0.663924 0.052685
v 0.032521 0.695471 0.035941
v 0.046409 0.686692 0.043601
v 0.138718 0.687196 0.038183
v 0.125449 0.662484 0.046471
v 0.146025 0.711458 0.027176
v 0.154163 0.706056 0.031476
v 0.112863 0.652314 0.036289
v 0.130492 0.638708 0.035319
v 0.223257 0.674860 0.062455
v 0.158795 0.636239 0.096047
v 0.173630 0.704646 0.067673
v 0.213819 0.697603 0.085291
v 0.310824 0.670500 0.072574
v 0.288231 0.665785 0.087713
v 0.299598 0.677492 0.094544
v 0.319233 0.681401 0.079698
v 0.313591 0.648479 0.073604
v 0.295784 0.654343 0.094142
v 0.314757 0.655785 0.083338
v 0.316250 0.611274 0.117256
v 0.328577 0.621425 0.108724
v 0.315187 0.644458 0.101182
v 0.305378 0.662125 0.100858
v 0.296332 0.601077 0.099509
v 0.284999 0.611453 0.084598
v 0.318813 0.628679 0.074914
v 0.265670 0.631389 0.077070
v 0.270121 0.619419 0.099478
v 0.288157 0.608274 0.110389
v 0.243285 0.633754 0.072018
v 0.262383 0.614593 0.074032
v 0.245731 0.627592 0.090971
v 0.257241 0.608869 0.106144
v 0.259226 0.653531 0.075190
v 0.240342 0.651382 0.084286
v 0.247288 0.650856 0.061855
v 0.271852 0.602217 0.089341
v 0.246643 0.672002 0.068095
v 0.345182 0.640128 0.058214
v 0.366637 0.620089 0.057283
v 0.325071 0.664653 0.088908
v 0.325723 0.648198 0.093095
v 0.339347 0.630174 0.096431
v 0.346196 0.638203 0.079275
v 0.262192 0.583480 0.123120
v 0.247762 0.599264 0.109455
v 0.258819 0.568693 0.111179
v 0.297407 0.590871 0.113376
v 0.285980 0.591689 0.101642
v 0.271743 0.580853 0.106376
v 0.287994 0.576284 0.118236
v 0.273215 0.594214 0.119704
v 0.232030 0.619137 0.093406
v 0.196982 0.711049 0.060281
v 0.188773 0.710793 0.037847
v 0.182203 0.716449 0.053239
v 0.157690 0.712986 0.058982
v 0.167264 0.698928 0.037264
v 0.156860 0.678316 0.043233
v 0.146840 0.661548 0.055286
v 0.096899 0.639341 0.044452
v 0.094541 0.644908 0.061919
v 0.053219 0.719439 0.047385
v 0.037090 0.728524 0.033790
v 0.062119 0.771676 0.017426
v 0.073056 0.756220 0.018305
v 0.097377 0.779569 0.025214
v 0.083754 0.691889 -0.017951
v 0.100127 0.682130 -0.015238
v 0.104995 0.710636 -0.021307
v 0.113982 0.704059 -0.018992
v 0.111922 0.730100 -0.037312
v 0.125495 0.726648 -0.034282
v 0.164495 0.728655 0.005944
v 0.131387 0.695201 0.029892
v 0.195621 0.789829 -0.012190
v 0.179370 0.849145 -0.001277
v 0.200422 0.806799 -0.008076
v 0.225859 0.823570 0.009758
v 0.213358 0.818582 0.002306
v 0.242663 0.775512 0.009002
v 0.218130 0.789528 0.030404
v 0.216468 0.802367 0.032066
v 0.210292 0.804966 0.026868
v 0.203136 0.792566 0.039849
v 0.195815 0.794853 0.067983
v 0.207178 0.782078 0.053045
v 0.164099 0.875078 0.009926
v 0.142603 0.868144 -0.001987
v 0.147940 0.878934 0.003617
v 0.158262 0.694086 0.107405
v 0.230721 0.734699 0.028401
v 0.183862 0.779564 0.000064
v 0.191380 0.762889 0.010515
v 0.188510 0.776502 0.033785
v 0.197070 0.778536 0.034078
v 0.191419 0.771927 0.037617
v 0.179107 0.761768 0.029643
v 0.173222 0.725876 0.064757
v 0.200726 0.771139 0.068532
v 0.220204 0.770718 0.083905
v 0.158661 0.706332 0.076021
v 0.230678 0.765338 0.081948
v 0.228330 0.756101 0.068619
v 0.234877 0.744088 0.037509
v 0.304004 0.768570 0.018876
v 0.340554 0.703881 0.017287
v 0.361609 0.689261 0.045101
v 0.373207 0.718483 -0.000118
v 0.237910 0.764153 -0.002358
v 0.306135 0.760275 0.002434
v 0.376380 0.760881 0.002718
v 0.352000 0.766540 -0.017638
v 0.387869 0.653843 0.015687
v 0.160402 0.693361 0.085926
v 0.371918 0.679167 0.013053
v 0.397703 0.658790 0.023951
v 0.161812 0.679280 0.096225
v 0.168652 0.794635 0.001052
v 0.193797 0.803964 -0.023002
v 0.218037 0.791327 -0.021259
v 0.207714 0.778309 -0.010151
v 0.177942 0.857316 -0.013945
v 0.195761 0.846412 -0.016926
v 0.190142 0.841151 -0.001113
v 0.184772 0.835438 0.013984
v 0.169445 0.847140 0.011675
v 0.158530 0.860607 -0.000864
v 0.217204 0.795376 -0.008043
v 0.187365 0.796762 0.006163
v 0.211200 0.786625 0.005932
v 0.222429 0.816318 0.019945
v 0.231598 0.801027 0.016776
v 0.233494 0.816183 -0.001189
v 0.218577 0.840087 0.003658
v 0.210960 0.836121 0.019362
v 0.221868 0.837063 -0.013460
v 0.212023 0.812081 0.013281
v 0.199310 0.823797 0.013936
v 0.203679 0.828820 0.000483
v 0.211582 0.831395 -0.013797
v 0.223604 0.813705 -0.004694
v 0.223154 0.801427 0.012417
v 0.239702 0.786304 -0.008452
v 0.204487 0.773539 0.019321
v 0.228923 0.763408 0.026266
v 0.245942 0.750426 0.030812
v 0.257555 0.760412 0.018011
v 0.272432 0.778134 0.002344
v 0.274886 0.788091 -0.011086
v 0.272668 0.766102 0.012309
v 0.212600 0.793375 0.026030
v 0.207989 0.777379 0.039669
v 0.235499 0.784580 0.055051
v 0.202059 0.825328 0.030922
v 0.196691 0.819785 0.026790
v 0.209316 0.800125 0.052224
v 0.225367 0.784315 0.067881
v 0.189288 0.784527 0.058291
v 0.192004 0.779584 0.044211
v 0.209230 0.782732 0.078535
v 0.212400 0.762158 0.071522
v 0.178582 0.866896 0.013952
v 0.182067 0.873968 -0.006805
v 0.160226 0.880406 -0.003853
v 0.150769 0.871011 0.017700
v 0.167043 0.856516 0.031015
v 0.153568 0.871734 -0.015312
v 0.143434 0.859000 0.012628
v 0.171283 0.707789 0.102447
v 0.145520 0.712752 0.089998
v 0.145686 0.695092 0.102257
v 0.177861 0.692319 0.091263
v 0.213440 0.739881 0.028436
v 0.220213 0.749719 0.015141
v 0.241292 0.739775 0.020418
v 0.219234 0.751830 0.035109
v 0.169873 0.772028 0.019739
v 0.192040 0.752708 0.028700
v 0.182719 0.781448 0.020886
v 0.197204 0.763508 0.028064
v 0.161393 0.726086 0.062173
v 0.159908 0.728357 0.081285
v 0.180552 0.725266 0.086734
v 0.176940 0.713300 0.075308
v 0.142041 0.706284 0.072082
v 0.145626 0.682643 0.090213
v 0.303867 0.783827 0.002099
v 0.297099 0.752420 0.010664
v 0.312882 0.729738 0.025959
v 0.321575 0.737316 0.032425
v 0.341994 0.744260 0.028485
v 0.336141 0.774798 0.013387
v 0.335025 0.789831 -0.004682
v 0.273226 0.758777 0.007281
v 0.339756 0.731450 0.009601
v 0.358466 0.726388 0.001642
v 0.351707 0.695731 0.016547
v 0.330891 0.697235 0.028214
v 0.323632 0.730442 0.017601
v 0.345298 0.678016 0.033479
v 0.351341 0.707034 0.039087
v 0.333608 0.703292 0.045325
v 0.352885 0.677330 0.051702
v 0.371128 0.664088 0.045828
v 0.374478 0.683547 0.039643
v 0.365455 0.707032 0.031297
v 0.373904 0.753117 -0.016775
v 0.385239 0.761021 -0.009676
v 0.381857 0.726618 0.006013
v 0.392024 0.698618 0.007929
v 0.384421 0.689109 -0.003043
v 0.360682 0.688475 0.015713
v 0.358528 0.751742 -0.008930
v 0.272754 0.767359 -0.003687
v 0.255311 0.749348 0.009368
v 0.238002 0.781830 -0.015936
v 0.274174 0.779026 -0.016866
v 0.305907 0.777472 -0.011772
v 0.332566 0.773568 -0.015667
v 0.334521 0.756664 -0.002722
v 0.375417 0.734709 0.014812
v 0.360940 0.771067 0.005614
v 0.359866 0.742544 0.022365
v 0.364615 0.782271 -0.013523
v 0.360911 0.776466 -0.026775
v 0.332351 0.790669 -0.020971
v 0.391040 0.664941 0.006569
v 0.401679 0.672734 0.015237
v 0.387478 0.658434 0.034756
v 0.376791 0.651220 0.026698
v 0.373474 0.665576 0.020483
v 0.359742 0.668969 0.029503
v 0.388708 0.678863 0.029657
v 0.380220 0.702941 0.022150
v 0.361387 0.655553 0.038377
v 0.341597 0.668316 0.046556
v 0.318729 0.696396 0.041354
v 0.304571 0.787064 -0.011742
v 0.159236 0.843426 0.026757
v 0.180737 0.829911 0.028582
v 0.187565 0.840371 0.032608
v 0.196554 0.853187 0.017273
v 0.203144 0.859578 -0.003280
v 0.203895 0.856863 -0.021002
v 0.178901 0.869784 -0.023500
v 0.180219 0.776857 0.029091
v 0.186136 0.907232 -0.024604
v 0.143219 0.908777 -0.016339
v 0.167001 0.937737 -0.036053
v 0.164563 0.919216 -0.035737
v 0.200860 0.919759 -0.013907
v 0.185670 0.882534 0.023481
v 0.194601 0.889141 0.020303
v 0.194919 0.889735 0.019826
v 0.186755 0.882060 0.010579
v 0.206503 0.878844 0.060471
v 0.202634 0.875442 0.033352
v 0.147139 0.867074 0.095160
v 0.144615 0.853082 0.085868
v 0.123642 0.837020 0.116593
v 0.166024 0.890013 0.027861
v 0.147581 0.911623 0.011578
v 0.048566 0.860297 0.073020
v 0.085990 0.801434 0.096340
v 0.092549 0.849844 0.095929
v 0.096301 0.838522 0.096105
v 0.052677 0.857726 0.097568
v 0.017000 0.852100 0.077466
v 0.027625 0.848173 0.074166
v 0.041664 0.734524 0.107707
v 0.055405 0.750381 0.108366
v 0.017122 0.750125 0.101163
v 0.128938 0.847759 0.118232
v 0.106799 0.850122 0.111948
v 0.114249 0.833178 0.115247
v 0.074430 0.815287 0.124275
v 0.095281 0.767221 0.123660
v 0.102972 0.782264 0.141164
v 0.199991 0.822002 0.109097
v 0.206656 0.830110 0.119188
v 0.034264 0.756542 0.118636
v 0.065608 0.805460 0.108009
v 0.056325 0.803576 0.127777
v 0.046072 0.824281 0.134931
v 0.054424 0.819410 0.111850
v 0.178439 0.899543 -0.011350
v 0.165916 0.906158 -0.016789
v 0.176776 0.913884 -0.031097
v 0.184975 0.921341 -0.043963
v 0.202072 0.907636 -0.031440
v 0.198910 0.891696 -0.008611
v 0.153654 0.915127 -0.027065
v 0.148912 0.897794 -0.001767
v 0.128438 0.916774 -0.014816
v 0.142308 0.925878 -0.036075
v 0.133783 0.899312 0.011472
v 0.155584 0.934395 -0.023424
v 0.181060 0.929333 -0.016225
v 0.189709 0.933168 -0.036159
v 0.162756 0.927114 -0.045868
v 0.174085 0.919014 0.002356
v 0.198582 0.907784 0.003430
v 0.211978 0.896357 -0.000562
v 0.211675 0.916091 -0.025758
v 0.168042 0.887858 0.007017
v 0.190777 0.870839 0.047467
v 0.177272 0.876274 0.046749
v 0.162410 0.883718 0.043120
v 0.183144 0.897060 0.035217
v 0.204041 0.890403 0.042230
v 0.170188 0.904084 0.018277
v 0.219035 0.873276 0.053613
v 0.192731 0.888091 0.057297
v 0.180564 0.875306 0.077651
v 0.199822 0.867833 0.076613
v 0.214705 0.856831 0.072392
v 0.208608 0.863733 0.046533
v 0.159368 0.880716 0.071603
v 0.153880 0.871804 0.063067
v 0.121389 0.848426 0.090860
v 0.119147 0.856822 0.094806
v 0.123527 0.853491 0.108802
v 0.146015 0.857350 0.111793
v 0.173721 0.864131 0.100031
v 0.170332 0.853713 0.116337
v 0.143393 0.843856 0.101162
v 0.124577 0.843403 0.101652
v 0.164266 0.849008 0.088504
v 0.163266 0.839159 0.103335
v 0.170028 0.863743 0.067167
v 0.142336 0.835241 0.116235
v 0.143229 0.845230 0.123396
v 0.117204 0.822552 0.142689
v 0.106176 0.820197 0.129179
v 0.108486 0.838152 0.105037
v 0.171489 0.894556 0.051423
v 0.147529 0.924454 -0.004730
v 0.063938 0.859611 0.081308
v 0.049592 0.846837 0.086186
v 0.035782 0.856389 0.070082
v 0.041245 0.868920 0.079509
v 0.059793 0.868916 0.087605
v 0.027067 0.862506 0.076426
v 0.076540 0.793071 0.094369
v 0.064824 0.799145 0.083859
v 0.086293 0.818331 0.087180
v 0.094132 0.816593 0.107071
v 0.093558 0.799660 0.123299
v 0.099818 0.788010 0.112164
v 0.078350 0.850625 0.092922
v 0.072884 0.854403 0.104619
v 0.082536 0.846129 0.121910
v 0.100644 0.847117 0.090639
v 0.080105 0.826389 0.096254
v 0.040867 0.854034 0.096234
v 0.042944 0.837828 0.117554
v 0.058935 0.846290 0.114663
v 0.035145 0.836892 0.089502
v 0.019467 0.837126 0.091094
v 0.027994 0.846718 0.095079
v 0.039630 0.747420 0.097799
v 0.059303 0.737359 0.118796
v 0.029397 0.720916 0.110337
v 0.022988 0.743493 0.089572
v 0.061111 0.723238 0.132994
v 0.067453 0.761481 0.109839
v 0.083250 0.751317 0.126107
v 0.048504 0.764870 0.092369
v 0.028209 0.738854 0.120273
v 0.027151 0.765655 0.101068
v 0.030961 0.767108 0.081173
v 0.098188 0.836690 0.137785
v 0.087956 0.827072 0.116309
v 0.079029 0.803924 0.137128
v 0.072363 0.836668 0.101576
v 0.111580 0.771163 0.129014
v 0.097677 0.741443 0.142318
v 0.082151 0.774511 0.110892
v 0.074706 0.783142 0.129969
v 0.085952 0.760667 0.146370
v 0.205502 0.828117 0.098594
v 0.212746 0.837210 0.108426
v 0.184710 0.822389 0.116560
v 0.184305 0.833550 0.102224
v 0.190572 0.831573 0.127743
v 0.193429 0.846779 0.115046
v 0.051921 0.766507 0.126402
v 0.044608 0.783493 0.104740
v 0.056987 0.741237 0.139213
v 0.047226 0.786812 0.082352
v 0.039328 0.791704 0.134139
v 0.027782 0.814270 0.108977
v 0.080409 0.795537 0.155638
v 0.028359 0.826095 0.115343
v 0.038476 0.808712 0.140355
v 0.065642 0.833175 0.135473
v 0.072192 0.814415 0.152166
v 0.063835 0.780344 0.093211
v 0.213447 0.847352 0.091128
v 0.195719 0.857546 0.098347
v 0.165135 0.838289 0.129387
v 0.161618 0.828232 0.120194
v 0.206198 0.838706 0.085154
v 0.206470 0.850506 0.068157
v 0.186314 0.857434 0.068854
v 0.184732 0.843626 0.088433
v 0.250890 0.774513 0.098710
v 0.235352 0.786072 0.112269
v 0.214913 0.725590 0.084608
v 0.224274 0.698593 0.098528
v 0.234805 0.710328 0.108691
v 0.226990 0.725055 0.080340
v 0.316177 0.704744 0.085702
v 0.334772 0.720510 0.089490
v 0.355798 0.654614 0.095494
v 0.374243 0.666619 0.075982
v 0.383631 0.660514 0.093484
v 0.360700 0.694232 0.100430
v 0.301713 0.685258 0.181233
v 0.318063 0.670769 0.109736
v 0.326792 0.671997 0.103290
v 0.304673 0.667959 0.174117
v 0.308513 0.674582 0.169458
v 0.294763 0.669775 0.167453
v 0.345349 0.673335 0.203922
v 0.378337 0.650301 0.195376
v 0.379857 0.645433 0.216605
v 0.345296 0.689006 0.225127
v 0.369714 0.663470 0.221928
v 0.300102 0.691283 0.212456
v 0.292779 0.690722 0.210964
v 0.329549 0.677940 0.209645
v 0.296416 0.681096 0.215617
v 0.288338 0.673370 0.214348
v 0.293234 0.681668 0.220857
v 0.282476 0.683586 0.194060
v 0.269492 0.683932 0.182801
v 0.244595 0.674804 0.229779
v 0.282832 0.666685 0.180632
v 0.288361 0.668742 0.186755
v 0.273842 0.667120 0.170228
v 0.229921 0.671913 0.117843
v 0.249660 0.679724 0.109198
v 0.253294 0.667713 0.156514
v 0.259588 0.684934 0.145980
v 0.254796 0.691444 0.142104
v 0.166664 0.681786 0.134671
v 0.167830 0.679519 0.122220
v 0.200560 0.704523 0.126793
v 0.211201 0.682891 0.124212
v 0.199489 0.703416 0.224486
v 0.209424 0.636450 0.216690
v 0.209131 0.638342 0.168371
v 0.199846 0.650744 0.207854
v 0.243142 0.660725 0.136461
v 0.234217 0.628251 0.151610
v 0.223652 0.630241 0.263020
v 0.305455 0.631195 0.251790
v 0.260152 0.610916 0.250124
v 0.260758 0.615351 0.246679
v 0.242212 0.617898 0.256407
v 0.277795 0.591811 0.256846
v 0.226077 0.616108 0.261826
v 0.290845 0.599220 0.269164
v 0.249493 0.784702 0.122093
v 0.239986 0.772011 0.115147
v 0.246866 0.695489 0.111969
v 0.218216 0.715052 0.207490
v 0.276085 0.764049 0.093200
v 0.263999 0.760628 0.109090
v 0.247358 0.773755 0.103752
v 0.250092 0.787998 0.109233
v 0.276168 0.774648 0.113169
v 0.252856 0.757461 0.112486
v 0.255351 0.746655 0.100809
v 0.233609 0.773564 0.103665
v 0.246175 0.748171 0.110536
v 0.236337 0.782059 0.124290
v 0.208655 0.719289 0.099447
v 0.224381 0.722198 0.096990
v 0.227325 0.711463 0.086776
v 0.215440 0.707122 0.095209
v 0.241406 0.715625 0.081655
v 0.237746 0.696332 0.094178
v 0.218784 0.688409 0.108523
v 0.206468 0.694617 0.112015
v 0.235516 0.679920 0.106809
v 0.244387 0.702774 0.126569
v 0.239206 0.715827 0.096478
v 0.220880 0.711896 0.117386
v 0.227687 0.700375 0.139502
v 0.308453 0.719420 0.089988
v 0.328413 0.723309 0.075896
v 0.329105 0.705925 0.078098
v 0.312346 0.690380 0.098521
v 0.299832 0.695806 0.109195
v 0.327767 0.686588 0.093109
v 0.353085 0.713603 0.086737
v 0.354606 0.715560 0.068837
v 0.325386 0.714404 0.101153
v 0.346924 0.703755 0.102057
v 0.364101 0.643547 0.100682
v 0.341456 0.650683 0.112319
v 0.340774 0.660448 0.101832
v 0.343240 0.678494 0.089675
v 0.359302 0.666140 0.086890
v 0.373671 0.654240 0.083633
v 0.386819 0.672343 0.084328
v 0.365568 0.682302 0.072371
v 0.379625 0.694566 0.070550
v 0.372664 0.659376 0.104319
v 0.375344 0.676506 0.097840
v 0.371613 0.695754 0.089045
v 0.339595 0.690447 0.113600
v 0.358787 0.681450 0.108315
v 0.299780 0.711246 0.163377
v 0.278288 0.715749 0.178213
v 0.283066 0.693066 0.189378
v 0.310441 0.703345 0.146287
v 0.305143 0.681284 0.116794
v 0.328001 0.677998 0.121705
v 0.294109 0.680092 0.162908
v 0.278673 0.686002 0.172306
v 0.290493 0.702669 0.147539
v 0.351157 0.657362 0.209799
v 0.327435 0.666033 0.218204
v 0.318705 0.691201 0.206004
v 0.347878 0.690073 0.191449
v 0.368074 0.663168 0.195074
v 0.371778 0.640837 0.204600
v 0.381736 0.676933 0.185205
v 0.382616 0.657684 0.211860
v 0.375229 0.683384 0.206503
v 0.364264 0.649228 0.227938
v 0.354109 0.638049 0.220685
v 0.327566 0.684365 0.231715
v 0.344172 0.664244 0.235143
v 0.359479 0.677109 0.223837
v 0.347914 0.702431 0.211828
v 0.318361 0.699901 0.221961
v 0.314044 0.707536 0.207549
v 0.308900 0.682626 0.216155
v 0.273464 0.680719 0.221151
v 0.306621 0.676023 0.230672
v 0.297086 0.665976 0.224934
v 0.290986 0.656417 0.215051
v 0.274720 0.674574 0.230399
v 0.283866 0.663923 0.239965
v 0.257896 0.661611 0.225783
v 0.253191 0.711642 0.182099
v 0.269290 0.707452 0.161517
v 0.224596 0.679352 0.242019
v 0.232707 0.667119 0.247474
v 0.253178 0.671395 0.240057
v 0.232736 0.690679 0.217221
v 0.220725 0.697292 0.230918
v 0.230749 0.667719 0.231104
v 0.218902 0.680480 0.221822
v 0.239770 0.655002 0.236436
v 0.284586 0.679416 0.156746
v 0.259538 0.696710 0.165361
v 0.267036 0.669067 0.152474
v 0.273576 0.673374 0.144250
v 0.241970 0.682105 0.117943
v 0.239371 0.674020 0.129898
v 0.227362 0.665684 0.134971
v 0.252610 0.694036 0.094447
v 0.242046 0.654994 0.164550
v 0.257136 0.636513 0.161576
v 0.266578 0.662597 0.149677
v 0.243602 0.684552 0.150771
v 0.224465 0.674332 0.159408
v 0.261703 0.657121 0.135945
v 0.253654 0.677916 0.125327
v 0.246947 0.713145 0.131892
v 0.265883 0.710927 0.121348
v 0.268336 0.689849 0.135567
v 0.178676 0.664548 0.134570
v 0.176816 0.669006 0.145778
v 0.181592 0.692990 0.132477
v 0.189080 0.689840 0.120949
v 0.191355 0.680662 0.148814
v 0.207754 0.691349 0.147106
v 0.208525 0.654682 0.140137
v 0.204249 0.690027 0.215234
v 0.196562 0.688089 0.236891
v 0.220663 0.700919 0.209154
v 0.215749 0.650185 0.222497
v 0.218394 0.653574 0.209568
v 0.216626 0.641928 0.207750
v 0.200283 0.648676 0.222061
v 0.218364 0.659568 0.237465
v 0.216832 0.657945 0.250117
v 0.204143 0.670539 0.245932
v 0.205628 0.641435 0.234046
v 0.210049 0.629497 0.226881
v 0.228750 0.634213 0.215134
v 0.225362 0.643971 0.168648
v 0.208496 0.664288 0.162428
v 0.191174 0.651841 0.160999
v 0.186049 0.641349 0.146333
v 0.205626 0.620024 0.161832
v 0.235149 0.622262 0.167695
v 0.250059 0.635784 0.147392
v 0.233028 0.651125 0.141851
v 0.257207 0.609181 0.237080
v 0.258344 0.620630 0.244558
v 0.254677 0.606388 0.255739
v 0.239749 0.610004 0.242324
v 0.218593 0.635934 0.148530
v 0.250449 0.634248 0.271914
v 0.241863 0.654331 0.258546
v 0.222487 0.646564 0.255933
v 0.226206 0.647427 0.246054
v 0.228839 0.632246 0.254726
v 0.319455 0.623052 0.241548
v 0.311723 0.649395 0.229306
v 0.296481 0.648304 0.247242
v 0.275993 0.644020 0.261401
v 0.292185 0.622950 0.263526
v 0.306862 0.603409 0.259164
v 0.264630 0.606412 0.255297
v 0.250946 0.627166 0.249775
v 0.278170 0.634188 0.234417
v 0.284929 0.617865 0.240207
v 0.224256 0.619181 0.262814
v 0.286082 0.585358 0.267902
v 0.263219 0.594691 0.275246
v 0.263546 0.596603 0.261049
v 0.285862 0.600609 0.248536
v 0.306513 0.587504 0.247274
v 0.241097 0.604866 0.265148
v 0.275292 0.611936 0.274298
v 0.229984 0.628712 0.250032
v 0.221508 0.618860 0.260961
v 0.248654 0.767937 0.140285
v 0.263393 0.774021 0.131426
v 0.243782 0.755061 0.120082
v 0.251948 0.760689 0.125226
v 0.264381 0.736900 0.140019
v 0.261196 0.744943 0.147788
v 0.280943 0.730736 0.127535
v 0.296032 0.731835 0.121482
v 0.290677 0.741274 0.133414
v 0.273459 0.746140 0.146480
v 0.244778 0.724380 0.145869
v 0.267252 0.720848 0.133868
v 0.280794 0.698256 0.147055
v 0.249226 0.635183 0.235155
v 0.232918 0.645031 0.228772
v 0.217473 0.636352 0.242991
v 0.252863 0.628292 0.218467
v 0.239550 0.644875 0.211926
v 0.234711 0.622758 0.228256
v 0.216971 0.619549 0.239048
v 0.310619 0.614184 0.229092
v 0.302305 0.640316 0.218601
v 0.267943 0.648484 0.230263
v 0.246513 0.641199 0.243163
v 0.263696 0.660452 0.252198
v 0.221740 0.617897 0.260526
v 0.328164 0.653741 0.233803
v 0.349365 0.709099 0.192428
v 0.318264 0.696382 0.115535
v 0.351975 0.664581 0.116084
v 0.347993 0.698568 0.072728
v 0.285691 0.683329 0.204522
v 0.200738 0.672381 0.220613
v 0.206402 0.656935 0.211902
v 0.212055 0.669100 0.226297
v 0.204591 0.653951 0.219376
v 0.300963 0.682489 0.198496
v 0.314821 0.684976 0.125296
v 0.134580 0.866439 0.116217
v 0.123198 0.857664 0.154290
v 0.109267 0.854067 0.130288
v 0.092457 0.844701 0.141697
v 0.108367 0.838186 0.149700
v 0.047004 0.831514 0.152391
v 0.031100 0.797865 0.166935
v 0.084215 0.838427 0.170582
v 0.023628 0.830442 0.171847
v 0.074401 0.830402 0.200101
v 0.075173 0.817654 0.186704
v 0.035116 0.801477 0.195248
v 0.122943 0.867475 0.113143
v 0.113565 0.879377 0.102758
v 0.142680 0.861295 0.134467
v 0.128801 0.855160 0.129160
v 0.122709 0.879498 0.119716
v 0.126588 0.869297 0.139186
v 0.134200 0.846199 0.155256
v 0.106985 0.869735 0.141614
v 0.108782 0.855444 0.157520
v 0.111578 0.842692 0.165061
v 0.120712 0.843657 0.143252
v 0.083406 0.855783 0.127174
v 0.104053 0.863947 0.117199
v 0.063214 0.842845 0.150777
v 0.058364 0.852116 0.138508
v 0.085698 0.836442 0.154272
v 0.066876 0.837202 0.160332
v 0.051430 0.822678 0.163758
v 0.036434 0.813919 0.159164
v 0.036481 0.834813 0.141368
v 0.021197 0.808781 0.150538
v 0.044075 0.802908 0.173953
v 0.020882 0.784025 0.169062
v 0.003433 0.808223 0.148971
v 0.045716 0.787269 0.187464
v 0.084521 0.818608 0.192674
v 0.072986 0.829436 0.172876
v 0.069380 0.843665 0.182304
v 0.086662 0.853409 0.157670
v 0.063316 0.854907 0.164725
v 0.009128 0.820929 0.161970
v 0.013674 0.791974 0.178882
v 0.026866 0.813194 0.185119
v 0.048010 0.831773 0.187107
v 0.040416 0.846069 0.169565
v 0.028908 0.852941 0.153188
v 0.054605 0.815839 0.202363
v 0.066362 0.800573 0.205182
v 0.064667 0.804294 0.190669
v 0.058472 0.815296 0.175839
v 0.039226 0.784812 0.197304
v 0.059292 0.864310 0.149748
v 0.056760 0.870522 0.133544
v 0.018958 0.852620 0.132385
v 0.055892 0.862702 0.128346
v 0.027712 0.841499 0.128809
v 0.080885 0.872726 0.129813
v 0.075459 0.868347 0.117535
v 0.103051 0.878771 0.124017
v 0.097953 0.876353 0.106602
v 0.085503 0.865174 0.144207
v 0.013551 0.783824 0.068627
v 0.006507 0.788055 0.077613
v 0.002071 0.784787 0.059653
v -0.005176 0.816863 -0.037143
v -0.006046 0.813334 -0.015982
v -0.023761 0.816558 -0.038036
v -0.018536 0.835238 -0.063509
v -0.021965 0.824145 0.052968
v -0.021822 0.815958 -0.013763
v -0.032222 0.829853 -0.095334
v -0.012892 0.842117 -0.093155
v -0.050198 0.824041 -0.122515
v 0.059680 0.824270 -0.112208
v 0.078163 0.824969 -0.103155
v 0.018139 0.803597 -0.087707
v 0.052880 0.809024 -0.088523
v 0.060465 0.804625 -0.093619
v 0.069554 0.803392 -0.086495
v 0.054798 0.806748 -0.102266
v 0.042895 0.812778 -0.096960
v 0.006082 0.788727 -0.096392
v -0.030664 0.788912 -0.127643
v 0.004035 0.798273 -0.084732
v 0.012158 0.789550 -0.082521
v -0.002029 0.800168 -0.086465
v -0.035976 0.806131 -0.086994
v -0.031985 0.789822 -0.069955
v 0.009592 0.750772 -0.061229
v 0.070079 0.758472 -0.082488
v -0.016146 0.763265 -0.168188
v -0.013336 0.753535 -0.178512
v 0.042261 0.785228 -0.103924
v 0.026447 0.782023 -0.104576
v 0.008531 0.736547 -0.079293
v 0.060238 0.729404 -0.066465
v 0.035170 0.733137 -0.048113
v -0.027342 0.768076 -0.006476
v -0.004896 0.767966 -0.004008
v -0.010761 0.759295 0.036993
v -0.027258 0.763408 0.081464
v -0.029662 0.772005 0.101358
v -0.018918 0.717249 0.080969
v -0.018775 0.756173 0.064795
v 0.281844 0.517653 -0.153665
v 0.275109 0.488362 -0.175670
v 0.269330 0.519172 -0.131588
v 0.224585 0.488770 -0.143403
v 0.233806 0.508848 -0.141864
v 0.227509 0.527009 -0.155087
v 0.238631 0.525792 -0.148192
v 0.210714 0.539007 -0.150979
v 0.228933 0.529345 -0.136160
v 0.222635 0.525287 -0.140053
v 0.239715 0.541364 -0.173473
v 0.234123 0.568368 -0.153107
v -0.013205 0.675455 -0.146158
v -0.019766 0.661889 -0.072176
v -0.037059 0.654564 -0.068927
v -0.020844 0.573992 -0.057441
v -0.030242 0.648194 0.001982
v -0.018879 0.662738 0.006444
v -0.022446 0.574613 0.009959
v -0.003997 0.570972 0.010642
v -0.008021 0.658087 0.007517
v -0.005589 0.576795 -0.055726
v 0.010440 0.537608 -0.048146
v 0.208094 0.527153 -0.165556
v 0.207719 0.548138 -0.157070
v 0.014129 0.293496 -0.073249
v -0.022205 0.334042 -0.076751
v 0.038575 0.325162 -0.031510
v -0.021763 0.028676 -0.110160
v -0.026787 0.040734 -0.091030
v -0.025335 0.008960 -0.098527
v 0.028494 0.044108 0.018665
v 0.028812 0.045150 -0.094833
v 0.032787 0.012956 -0.093775
v -0.003127 0.000232 -0.131766
v 0.021747 0.001437 -0.123879
v 0.015144 0.017466 -0.140866
v 0.059903 0.026898 -0.091184
v 0.096644 0.016271 -0.059353
v 0.263296 0.450972 -0.169113
v 0.257384 0.454983 -0.177287
v 0.277709 0.480990 -0.155685
v 0.198543 0.463798 -0.043079
v 0.207691 0.454088 -0.059808
v 0.075733 0.022007 -0.044180
v 0.060708 0.051064 -0.021822
v 0.034560 0.003711 0.011678
v 0.019408 0.027735 0.052913
v -0.034633 0.020871 0.023807
v -0.007587 0.015912 0.075270
v 0.000290 0.000297 0.062170
v -0.016997 0.051158 0.032006
v -0.022288 0.561304 0.052972
v -0.016215 0.551114 0.059159
v -0.011789 0.544903 0.047351
v 0.038545 0.701724 0.241915
v 0.035636 0.680285 0.221246
v 0.018134 0.691362 0.198544
v -0.029777 0.672160 0.135372
v 0.011844 0.678778 0.219686
v -0.016771 0.665150 0.242570
v -0.011085 0.643512 0.233152
v 0.021130 0.667975 0.243053
v 0.042251 0.657659 0.308940
v 0.017887 0.633727 0.318726
v 0.021416 0.642522 0.330880
v 0.004995 0.645752 0.254051
v -0.008740 0.651721 0.255188
v 0.004410 0.680926 0.325034
v -0.007598 0.697420 0.321122
v -0.013070 0.670486 0.257863
v -0.030795 0.693865 0.275507
v -0.008381 0.672594 0.257431
v -0.001281 0.681418 0.301570
v 0.013255 0.679657 0.310559
v 0.019374 0.672201 0.294660
v 0.032195 0.700556 0.322796
v 0.019199 0.680259 0.330668
v 0.043325 0.664846 0.321942
v 0.089517 0.791634 0.200952
v 0.108063 0.790475 0.193968
v 0.095573 0.801034 0.188102
v 0.053611 0.755352 0.203700
v 0.081803 0.733506 0.216695
v 0.090897 0.725683 0.231330
v 0.066899 0.729428 0.249965
v 0.082936 0.732321 0.233797
v 0.069686 0.740556 0.221171
v 0.069946 0.760029 0.215136
v 0.023221 0.768210 0.245917
v 0.008606 0.764866 0.239404
v -0.016198 0.771282 0.232928
v -0.026758 0.785511 0.242309
v -0.023218 0.771516 0.248640
v -0.010318 0.780768 0.253748
v -0.024888 0.723996 0.215806
v -0.022745 0.759001 0.223426
v -0.022044 0.735839 0.212529
v -0.008055 0.718736 0.206028
v -0.006865 0.712034 0.213162
v -0.031933 0.699562 0.158731
v 0.025729 0.756716 0.199866
v 0.017949 0.751430 0.194088
v 0.006919 0.757276 0.195866
v 0.000674 0.820871 0.218981
v 0.085797 0.789143 0.182366
v 0.005067 0.790250 0.221916
v -0.006794 0.780112 0.242477
v 0.002512 0.786760 0.227538
v -0.001683 0.805431 0.228003
v -0.019592 0.789256 0.260886
v 0.023805 0.758537 0.256913
v 0.056175 0.703156 0.284650
v 0.061260 0.709898 0.271702
v 0.021863 0.724777 0.287629
v 0.027263 0.712860 0.313200
v 0.023025 0.716155 0.282386
v 0.009699 0.716566 0.282190
v 0.016102 0.721671 0.268536
v -0.059623 0.755634 0.256461
v -0.058756 0.738622 0.240329
v -0.066384 0.746737 0.252039
v -0.070578 0.735473 0.263927
v -0.040491 0.749029 0.200226
v -0.102668 0.720907 0.170916
v -0.106594 0.753944 0.231861
v -0.084403 0.735493 0.259044
v -0.085107 0.747822 0.279236
v -0.084073 0.746782 0.249733
v -0.107241 0.795917 0.212787
v -0.088543 0.795733 0.174308
v -0.054485 0.755410 0.207299
v -0.037159 0.771932 0.210647
v -0.031537 0.793336 0.240555
v -0.080494 0.786595 0.269726
v -0.096039 0.789479 0.254779
v -0.055977 0.852597 0.217468
v -0.051240 0.879683 0.206391
v -0.070759 0.887057 0.201285
v -0.098974 0.866779 0.194250
v -0.079600 0.849301 0.211618
v -0.105798 0.865627 0.231328
v -0.089633 0.833387 0.194025
v -0.088890 0.827615 0.208529
v -0.103110 0.797588 0.204383
v -0.075383 0.804578 0.169606
v -0.069696 0.796285 0.164021
v -0.054574 0.819027 0.179093
v -0.033809 0.822654 0.216565
v -0.039376 0.800111 0.252426
v -0.030570 0.813002 0.229552
v -0.106836 0.843640 0.049597
v -0.045632 0.818431 0.067083
v -0.044769 0.807960 0.039789
v -0.060449 0.773093 0.079486
v -0.044118 0.740662 0.073076
v -0.055132 0.750277 0.093787
v -0.045936 0.763650 0.096979
v -0.083209 0.766492 0.119478
v -0.074937 0.758680 0.109782
v -0.041319 0.717973 0.138443
v -0.076770 0.732635 0.155988
v -0.067544 0.753434 0.145954
v -0.042272 0.776591 0.093731
v -0.027934 0.759865 0.099033
v -0.072419 0.772834 0.101051
v -0.056674 0.786837 0.156694
v -0.080994 0.772110 0.156290
v -0.091694 0.774452 0.159569
v -0.081716 0.779084 0.158469
v -0.095965 0.760410 0.143307
v -0.102695 0.761493 0.141979
v -0.108349 0.798128 0.152024
v -0.103988 0.724242 0.140452
v -0.087394 0.720684 0.148394
v -0.083258 0.718096 0.148312
v -0.096337 0.728215 0.144404
v -0.095247 0.735077 0.141914
v -0.100311 0.752786 0.131478
v -0.106318 0.773957 0.084971
v -0.104655 0.777686 0.092560
v -0.096110 0.778429 0.095713
v -0.091360 0.766337 0.081639
v -0.090796 0.778706 0.083539
v -0.103121 0.785398 0.091702
v -0.088555 0.783535 0.093914
v -0.145493 0.788605 0.037512
v -0.142220 0.779055 0.019281
v -0.149025 0.773026 0.028638
v -0.142120 0.780447 -0.019097
v -0.140507 0.751778 -0.034088
v -0.144872 0.733737 -0.007753
v -0.162592 0.756120 -0.003911
v -0.114325 0.761852 0.082661
v -0.115674 0.765839 0.088491
v -0.114867 0.771301 0.072978
v -0.117270 0.732988 0.072301
v -0.109519 0.730653 0.098969
v -0.121786 0.749036 0.108332
v -0.130230 0.740298 0.111797
v -0.101446 0.775875 0.096579
v -0.145799 0.786309 0.061299
v -0.147430 0.784059 0.115070
v -0.142459 0.773284 0.097462
v -0.192747 0.785456 0.003902
v -0.200332 0.781837 -0.000634
v -0.186121 0.776558 0.007413
v -0.198961 0.723809 0.093347
v -0.190814 0.730289 0.103249
v -0.172933 0.751724 -0.010823
v -0.179033 0.738867 -0.013129
v -0.179438 0.762197 -0.003418
v -0.181506 0.767148 -0.016442
v -0.234984 0.799261 -0.003092
v -0.199348 0.808426 0.002793
v -0.200558 0.818449 -0.027323
v -0.210217 0.823641 -0.018413
v -0.130143 0.841564 0.069709
v -0.130922 0.845924 0.050790
v -0.100883 0.799734 0.087927
v -0.120590 0.830566 0.052192
v -0.159672 0.780544 0.119799
v -0.146544 0.786790 0.154483
v -0.136211 0.763206 0.190136
v -0.142748 0.768301 0.207006
v -0.132128 0.797643 0.132978
v -0.147067 0.775884 0.131020
v -0.112696 0.777041 0.267094
v -0.105449 0.775601 0.257008
v -0.125524 0.795624 0.212660
v -0.115856 0.814524 0.145843
v -0.109218 0.827742 0.150789
v -0.154434 0.742545 0.142977
v -0.166422 0.734369 0.145579
v -0.137844 0.751219 0.162587
v -0.124417 0.753136 0.170638
v -0.124270 0.754558 0.143260
v -0.120102 0.745997 0.165046
v -0.111536 0.756248 0.235383
v -0.122285 0.751603 0.194745
v -0.162708 0.727768 0.138329
v -0.215228 0.713747 0.124971
v -0.136619 0.715799 0.219049
v -0.069316 0.701991 0.296626
v -0.050410 0.697279 0.288729
v -0.056021 0.699435 0.292304
v -0.062939 0.698022 0.247892
v -0.047359 0.682820 0.282915
v -0.048828 0.649247 0.251931
v -0.044186 0.617820 0.227856
v -0.043669 0.655766 0.239600
v -0.064960 0.645016 0.263136
v -0.077393 0.002355 0.018968
v -0.058592 0.003648 0.031048
v -0.017477 0.000444 0.012634
v -0.044549 0.530904 -0.010742
v -0.062221 0.521749 0.014115
v -0.038749 0.569649 -0.009973
v -0.051664 0.540634 0.018822
v -0.047506 0.505756 0.044807
v -0.047666 0.531402 0.052075
v -0.054395 0.546317 0.056344
v -0.136025 0.666385 0.013658
v -0.124327 0.678490 0.145632
v -0.105786 0.641654 0.152346
v -0.101488 0.647369 0.161047
v -0.112490 0.675177 0.165605
v -0.076469 0.646915 0.108912
v -0.066927 0.651197 0.111160
v -0.040782 0.652183 0.174716
v -0.044062 0.645629 0.164298
v -0.065075 0.648547 0.017235
v -0.048813 0.656298 0.011164
v -0.060860 0.653409 0.034842
v -0.043406 0.660089 0.031372
v -0.070496 0.688351 0.102670
v -0.039185 0.712333 0.154611
v -0.079790 0.700509 0.186240
v -0.081065 0.703110 0.180157
v -0.081842 0.715852 0.141470
v -0.096926 0.714713 0.157328
v -0.098519 0.695570 0.155822
v -0.107758 0.704106 0.161189
v -0.101840 0.701626 0.124913
v -0.084654 0.672726 0.116694
v -0.122966 0.723476 0.082231
v -0.149460 0.665188 -0.006057
v -0.153993 0.638164 -0.029658
v -0.170489 0.621332 -0.022688
v -0.149413 0.632370 0.010585
v -0.144696 0.634082 0.019892
v -0.169968 0.689406 0.104831
v -0.158367 0.672828 0.108498
v -0.138875 0.711512 0.201609
v -0.199169 0.666329 -0.003322
v -0.219968 0.668152 -0.020549
v -0.172541 0.711136 -0.048882
v -0.205659 0.699731 0.015498
v -0.197358 0.724404 0.019209
v -0.209771 0.701284 0.110118
v -0.267713 0.634340 -0.060290
v -0.253585 0.627124 -0.039957
v -0.268595 0.593221 -0.068714
v -0.265392 0.604456 -0.086035
v -0.248015 0.571496 -0.095249
v -0.230474 0.571724 -0.075817
v -0.208944 0.610313 -0.048831
v -0.197393 0.652955 -0.093240
v -0.232248 0.643514 -0.039628
v -0.223693 0.629220 -0.052017
v -0.223972 0.682031 -0.105780
v -0.200955 0.685239 -0.089603
v -0.208296 0.687940 -0.082679
v -0.201148 0.646561 -0.066499
v -0.176706 0.661258 -0.076748
v -0.178556 0.674216 -0.118364
v -0.141979 0.681514 -0.169147
v -0.055237 0.669617 -0.149511
v -0.042967 0.683119 -0.142555
v -0.045417 0.685141 -0.080442
v -0.139422 0.682641 -0.089712
v -0.090468 0.678125 -0.103190
v -0.151434 0.579436 -0.053611
v -0.162868 0.574326 -0.061637
v -0.105108 0.661513 -0.101470
v -0.134655 0.665991 -0.119245
v -0.129103 0.655421 -0.147738
v -0.131022 0.650369 -0.157237
v -0.145892 0.663600 -0.122865
v -0.159932 0.645075 -0.085083
v -0.150196 0.652708 -0.114449
v -0.185557 0.648941 -0.100147
v -0.175910 0.626523 -0.075667
v -0.183521 0.660913 -0.038911
v -0.217980 0.438955 -0.216937
v -0.186247 0.434903 -0.226947
v -0.037304 0.307916 -0.042461
v -0.059877 0.044981 -0.037268
v -0.060333 0.006729 -0.031626
v -0.062153 0.023718 -0.090236
v -0.093406 0.003657 -0.065230
v -0.072140 0.000186 -0.080129
v -0.093287 0.016753 -0.068234
v -0.260076 0.382892 -0.227457
v -0.251048 0.322597 -0.226728
v -0.266627 0.360390 -0.223997
v -0.251680 0.387001 -0.234792
v -0.258879 0.374924 -0.241991
v -0.257928 0.300829 -0.239095
v -0.280347 0.312698 -0.239871
v -0.262846 0.446540 -0.268557
v -0.252392 0.417676 -0.251412
v -0.247959 0.432036 -0.253772
v -0.244818 0.418916 -0.273633
v -0.240694 0.452612 -0.258600
v -0.226273 0.424418 -0.258245
v -0.215558 0.384051 -0.262521
v -0.255557 0.323548 -0.244693
v -0.227293 0.416552 -0.235542
v -0.238894 0.421468 -0.238988
v -0.219888 0.420958 -0.261660
v -0.196925 0.386619 -0.264923
v -0.204676 0.372713 -0.267942
v -0.146779 0.433399 -0.272745
v -0.116905 0.437384 -0.282702
v -0.158574 0.438882 -0.292337
v -0.214091 0.384744 -0.281243
v -0.158134 0.453108 -0.263855
v -0.110352 0.443277 -0.295092
v -0.122238 0.463226 -0.301429
v -0.145113 0.460584 -0.273307
v -0.123440 0.470560 -0.265350
v -0.195619 0.490792 -0.268869
v -0.197735 0.456947 -0.234896
v -0.221552 0.441308 -0.229865
v -0.249960 0.446125 -0.251021
v -0.198411 0.483758 -0.264601
v -0.194207 0.479048 -0.277332
v -0.189669 0.499710 -0.279231
v -0.181287 0.503139 -0.272608
v -0.186101 0.494956 -0.274610
v -0.146267 0.514823 -0.278290
v -0.172163 0.517574 -0.268092
v -0.205407 0.743736 -0.181936
v -0.201559 0.738863 -0.157166
v -0.195173 0.744498 -0.158587
v -0.200836 0.717635 -0.134646
v -0.189823 0.730946 -0.089770
v -0.224436 0.707145 -0.025738
v -0.222596 0.703430 -0.040998
v -0.221510 0.680537 -0.097248
v -0.217524 0.693523 -0.103487
v -0.212190 0.703644 -0.124727
v -0.201373 0.693589 -0.129037
v -0.201383 0.704576 -0.142841
v -0.181219 0.693480 -0.033429
v -0.180809 0.701253 -0.043831
v -0.176852 0.720660 -0.052106
v -0.168731 0.702397 -0.046888
v -0.181271 0.719034 -0.070183
v -0.166158 0.730636 -0.068031
v -0.176147 0.715471 -0.091947
v -0.173312 0.722242 -0.100086
v -0.191563 0.732386 -0.146517
v -0.191860 0.723758 -0.122693
v -0.169053 0.741573 -0.150802
v -0.181870 0.738261 -0.143352
v -0.169451 0.742571 -0.144283
v -0.190608 0.738262 -0.150515
v -0.183988 0.722766 -0.118234
v -0.200559 0.713050 -0.112409
v -0.182646 0.700791 -0.139416
v -0.168555 0.683479 -0.108896
v -0.157448 0.690820 -0.141869
v -0.150939 0.711855 -0.140666
v -0.147012 0.707312 -0.115347
v -0.162492 0.709256 -0.111014
v -0.133656 0.754538 -0.133235
v -0.154486 0.724569 -0.112739
v -0.160811 0.718129 -0.115893
v -0.162324 0.706111 -0.101772
v -0.160986 0.731686 -0.089796
v -0.140163 0.745864 -0.062221
v -0.118785 0.742158 -0.036133
v -0.158663 0.691401 -0.089918
v -0.142357 0.687377 -0.105905
v -0.031771 0.689935 -0.062931
v -0.100231 0.732793 -0.143155
v -0.093595 0.731277 -0.135761
v -0.091837 0.750506 -0.138776
v -0.089676 0.730056 -0.154383
v -0.086866 0.719360 -0.203038
v -0.108639 0.719304 -0.209211
v -0.109233 0.717828 -0.186398
v -0.032414 0.749791 -0.150439
v -0.077375 0.765520 -0.159562
v -0.090639 0.779639 -0.154393
v -0.071595 0.769080 -0.146806
v -0.062806 0.767381 -0.168745
v -0.069163 0.747593 -0.172400
v -0.121271 0.775946 -0.174502
v -0.108687 0.777284 -0.178067
v -0.112602 0.878399 -0.185169
v -0.103790 0.864780 -0.186996
v -0.104875 0.877478 -0.197768
v -0.107314 0.858894 -0.172306
v -0.053005 0.799332 -0.161534
v -0.051320 0.786725 -0.149985
v -0.115109 0.831566 -0.154608
v -0.115078 0.823406 -0.161911
v -0.042077 0.847934 -0.132831
v -0.047006 0.791346 -0.129908
v -0.069306 0.767714 -0.118875
v -0.066076 0.758068 -0.128292
v -0.068513 0.753644 -0.123512
v -0.054713 0.765473 -0.110169
v -0.064454 0.774422 -0.104387
v -0.076628 0.806342 -0.089616
v -0.126622 0.817197 -0.079810
v -0.136880 0.833338 -0.069694
v -0.112829 0.805496 -0.047315
v -0.089127 0.797238 -0.062723
v -0.128782 0.763847 -0.122717
v -0.082656 0.810918 -0.111133
v -0.126887 0.841320 -0.098667
v -0.133123 0.795644 -0.139628
v -0.141096 0.802056 -0.139999
v -0.180922 0.765414 -0.163396
v -0.205900 0.754206 -0.168118
v -0.163745 0.757057 -0.068335
v -0.175592 0.735637 -0.066439
v -0.221724 0.818519 -0.028991
v -0.148705 0.829829 -0.070980
v -0.142752 0.853732 -0.186733
v -0.142863 0.864513 -0.191223
v -0.137776 0.843971 -0.189721
v -0.182685 0.758991 -0.176995
v -0.159595 0.765432 -0.177581
v -0.177724 0.774982 -0.160534
v -0.167004 0.775843 -0.166444
v -0.155758 0.751484 -0.171563
v -0.152242 0.755903 -0.176766
v -0.152161 0.754975 -0.183611
v -0.178589 0.748797 -0.192213
v -0.236265 0.428165 -0.232531
v 0.010914 0.809635 0.027657
v 0.011028 0.794538 0.039100
v 0.024960 0.782197 0.020464
v 0.008297 0.796686 0.017653
v 0.003928 0.751962 0.073430
v -0.003367 0.755962 0.086906
v -0.004404 0.789866 0.070594
v -0.002410 0.773552 -0.038945
v -0.027344 0.772360 -0.039596
v -0.020593 0.785629 0.005600
v 0.001936 0.780885 0.009218
v -0.013463 0.844023 -0.077446
v -0.041538 0.840253 -0.081263
v -0.039351 0.826885 -0.065487
v -0.034827 0.804711 -0.056071
v -0.013605 0.811504 -0.062625
v -0.004346 0.819512 -0.075225
v -0.035236 0.826565 0.063385
v -0.033305 0.807123 0.082509
v -0.013714 0.810739 0.078329
v -0.027215 0.835677 0.034053
v -0.046461 0.829671 0.045199
v -0.008405 0.815530 0.043526
v -0.004524 0.824764 0.028206
v -0.026270 0.817756 0.054118
v -0.018360 0.807312 0.046304
v -0.017490 0.802979 0.068379
v -0.017331 0.818031 -0.088925
v -0.031841 0.821344 -0.100138
v -0.031093 0.838514 -0.111563
v -0.046446 0.834979 -0.104827
v -0.058632 0.823735 -0.092204
v -0.001770 0.824136 -0.088176
v -0.035957 0.829427 -0.121020
v -0.044570 0.813576 -0.107945
v -0.061607 0.803340 -0.116379
v -0.073043 0.803513 -0.121544
v -0.056598 0.829916 -0.130259
v -0.040825 0.836404 -0.130681
v 0.064412 0.823823 -0.097071
v 0.061369 0.815178 -0.103342
v 0.047789 0.820957 -0.109880
v 0.051307 0.818427 -0.096739
v 0.063718 0.808401 -0.081609
v 0.040610 0.796279 -0.076592
v 0.028653 0.784077 -0.067474
v 0.034391 0.808738 -0.107244
v 0.019321 0.798086 -0.104298
v 0.058518 0.790811 -0.069532
v 0.074303 0.797204 -0.096727
v 0.077109 0.784887 -0.069540
v 0.090832 0.778248 -0.080541
v 0.019344 0.771161 -0.098250
v 0.010259 0.752934 -0.088520
v -0.007393 0.760064 -0.088704
v -0.042222 0.775967 -0.117372
v -0.047211 0.771341 -0.131425
v -0.034748 0.785842 -0.141977
v -0.050136 0.800566 -0.142668
v -0.058002 0.779702 -0.123378
v 0.003608 0.798847 -0.081900
v -0.016255 0.797979 -0.076019
v 0.000156 0.765622 -0.076554
v 0.016029 0.765393 -0.064377
v -0.051030 0.791332 -0.079281
v -0.054708 0.796247 -0.101092
v -0.063502 0.788738 -0.096010
v -0.064120 0.796383 -0.075183
v -0.001719 0.742824 -0.065315
v 0.021406 0.740632 -0.052884
v 0.034518 0.756292 -0.055473
v 0.011985 0.724782 -0.053047
v 0.068139 0.744881 -0.074264
v 0.047590 0.747601 -0.077637
v 0.053604 0.763891 -0.086983
v 0.064887 0.780450 -0.098042
v 0.085123 0.766009 -0.086947
v 0.086893 0.741731 -0.070019
v -0.036975 0.767132 -0.167488
v -0.004328 0.742688 -0.159885
v -0.035617 0.752524 -0.180570
v -0.014553 0.729122 -0.178172
v -0.035584 0.728885 -0.188024
v 0.034938 0.767406 -0.091938
v 0.022077 0.730562 -0.072660
v 0.011718 0.713857 -0.063804
v -0.006325 0.733089 -0.075133
v 0.028608 0.750338 -0.082303
v 0.042394 0.727809 -0.067724
v 0.068511 0.718623 -0.057545
v 0.039591 0.707730 -0.057511
v 0.050476 0.743981 -0.048870
v 0.036222 0.716936 -0.046254
v 0.064230 0.728143 -0.046669
v -0.032402 0.751206 0.006953
v -0.038112 0.781729 0.011079
v -0.036873 0.711731 -0.021492
v -0.030658 0.702470 -0.004408
v -0.025293 0.718065 -0.040722
v 0.006194 0.726149 -0.012578
v 0.000539 0.723274 -0.037919
v 0.010368 0.752565 0.012092
v -0.002069 0.724465 0.008351
v 0.021553 0.767403 0.020009
v 0.002341 0.778728 0.039099
v -0.010818 0.728726 0.019429
v -0.040993 0.770033 0.030960
v -0.029926 0.738233 0.019870
v -0.048070 0.760901 0.074562
v -0.048016 0.775276 0.067422
v -0.031022 0.781231 0.074194
v -0.016967 0.782985 0.081935
v -0.017772 0.787414 0.094825
v -0.044299 0.772929 0.103184
v -0.045691 0.760030 0.107610
v -0.036135 0.738019 0.088630
v -0.045339 0.726583 0.083583
v -0.037796 0.711232 0.069102
v -0.033649 0.663784 0.032214
v -0.016481 0.669418 0.051198
v -0.002645 0.680067 0.035491
v -0.000683 0.720682 0.061301
v -0.016505 0.724744 0.047030
v -0.035304 0.713924 0.049416
v 0.238368 0.552343 -0.150171
v 0.246334 0.541185 -0.161343
v 0.240582 0.561714 -0.164543
v 0.267915 0.516042 -0.154289
v 0.280134 0.510433 -0.138580
v 0.292005 0.499393 -0.149912
v 0.290121 0.507114 -0.163225
v 0.271582 0.501999 -0.167068
v 0.290286 0.484892 -0.175506
v 0.262566 0.478460 -0.176600
v 0.254618 0.493417 -0.166568
v 0.274350 0.466019 -0.181006
v 0.250459 0.517925 -0.134275
v 0.262291 0.503086 -0.136065
v 0.250633 0.508250 -0.153143
v 0.235781 0.497152 -0.149462
v 0.237415 0.480997 -0.161600
v 0.236629 0.471333 -0.148026
v 0.220030 0.493588 -0.131581
v 0.202967 0.466982 -0.121260
v 0.200721 0.460412 -0.144849
v 0.245377 0.493559 -0.136022
v 0.254864 0.481102 -0.147277
v 0.229600 0.509293 -0.155052
v 0.242968 0.537420 -0.137378
v 0.206020 0.505056 -0.129962
v 0.214366 0.537390 -0.170429
v 0.231279 0.538242 -0.139163
v 0.226053 0.546596 -0.149785
v 0.219404 0.561269 -0.153862
v 0.227194 0.527531 -0.114463
v 0.216873 0.530260 -0.115306
v 0.241548 0.538882 -0.107098
v 0.230375 0.543885 -0.107276
v 0.230141 0.554204 -0.168359
v -0.014528 0.680348 0.005899
v -0.010489 0.679541 0.024181
v -0.028527 0.680051 -0.138379
v -0.031963 0.703215 -0.159468
v -0.028471 0.685165 -0.170139
v -0.016570 0.697998 -0.179841
v -0.001235 0.710666 -0.156728
v -0.009265 0.624504 -0.116781
v -0.030390 0.630022 -0.102329
v -0.004942 0.691254 -0.122316
v 0.003488 0.634351 -0.096706
v -0.014283 0.722552 -0.137155
v -0.026888 0.664929 -0.064070
v -0.033226 0.661954 -0.076926
v -0.012667 0.677283 -0.085863
v -0.019015 0.684274 -0.070941
v -0.029502 0.679362 -0.087332
v -0.054243 0.664935 -0.057979
v -0.052009 0.673698 -0.071442
v -0.040745 0.677209 -0.056393
v -0.006595 0.566371 -0.092859
v -0.011391 0.527643 -0.081977
v -0.032460 0.531501 -0.052656
v -0.039247 0.565017 -0.023758
v -0.038536 0.620704 -0.019442
v -0.023447 0.611419 -0.043419
v -0.003162 0.608011 -0.044270
v -0.016083 0.638107 -0.086129
v -0.031958 0.663063 -0.003942
v -0.038100 0.662887 -0.023544
v -0.031795 0.619278 0.006168
v -0.021348 0.692226 0.003774
v -0.020351 0.629780 0.026119
v 0.002833 0.517097 0.030744
v 0.011828 0.531197 -0.002549
v -0.007449 0.584421 0.023354
v -0.000373 0.569278 0.046670
v 0.010897 0.571447 -0.032837
v 0.013226 0.605870 -0.024801
v 0.001828 0.597977 0.003946
v 0.011075 0.662129 -0.019079
v 0.009241 0.574278 -0.071232
v 0.019442 0.463350 -0.021505
v 0.016586 0.462675 -0.052963
v -0.008282 0.459352 -0.072696
v 0.047101 0.345141 -0.077435
v 0.067500 0.326003 -0.081689
v 0.042347 0.287549 -0.065128
v 0.034850 0.217091 -0.063560
v 0.013087 0.216035 -0.074755
v -0.017975 0.279802 -0.082338
v -0.038674 0.314848 -0.103525
v -0.010375 0.215025 -0.068867
v -0.007867 0.376351 -0.066221
v 0.016777 0.378778 -0.052739
v 0.020613 0.341111 -0.055758
v 0.021952 0.378381 -0.032335
v 0.013818 0.375855 -0.007616
v 0.022604 0.321005 -0.000344
v -0.083808 0.376639 -0.128141
v -0.101940 0.371071 -0.119744
v -0.049784 0.340632 -0.073810
v 0.004128 0.050354 -0.109822
v -0.000574 0.032904 -0.127309
v -0.007047 0.020556 -0.140911
v -0.042167 0.010359 -0.089633
v -0.058746 0.045918 -0.070647
v -0.044159 0.105638 -0.056492
v -0.020939 0.107101 -0.082210
v 0.008535 0.108507 -0.091430
v -0.005857 0.000205 -0.096801
v -0.005445 0.000041 -0.062957
v -0.029861 0.000181 -0.064316
v -0.051694 0.000254 -0.070734
v 0.026881 0.104043 0.015536
v -0.006470 0.105636 0.027759
v 0.029622 0.007470 0.033079
v 0.042315 0.027628 0.020807
v 0.069708 0.036659 -0.002759
v 0.050500 0.105154 -0.013949
v 0.020375 0.023225 -0.128970
v 0.061371 0.056990 -0.068164
v 0.034861 0.108564 -0.077531
v 0.044347 0.000778 -0.075013
v 0.021455 0.000183 -0.066948
v 0.013968 0.000268 -0.095907
v 0.061099 0.001212 -0.083589
v 0.009949 0.000172 -0.132501
v 0.089865 0.023072 -0.082790
v 0.080293 0.000259 -0.073122
v 0.088012 0.001894 -0.061175
v 0.075494 0.003679 -0.050338
v 0.278600 0.459797 -0.168664
v 0.250373 0.459825 -0.158712
v 0.246569 0.465328 -0.172014
v 0.265031 0.470344 -0.157556
v 0.272447 0.491124 -0.147741
v 0.292448 0.479563 -0.162146
v 0.028227 0.218309 0.013825
v 0.049723 0.215650 -0.011833
v 0.050708 0.216655 -0.036230
v 0.055499 0.294513 -0.046206
v 0.079080 0.328428 -0.058129
v 0.059496 0.350559 -0.051476
v 0.207560 0.484676 -0.045302
v 0.182209 0.485607 -0.067406
v 0.184263 0.464753 -0.053478
v 0.215988 0.450691 -0.036836
v 0.241262 0.469560 -0.046174
v 0.213698 0.474475 -0.067655
v 0.069332 0.015773 -0.024381
v 0.055096 0.107657 -0.049223
v -0.005136 0.000164 0.041840
v 0.023940 0.008713 0.067049
v -0.010934 0.028582 0.059088
v -0.048584 0.052446 0.011142
v -0.063096 0.033003 0.015461
v -0.024823 0.012165 0.049589
v -0.050179 0.000221 0.001432
v -0.014508 0.003016 0.068514
v -0.034285 0.106009 0.010892
v -0.016067 0.571124 0.094637
v -0.005810 0.560356 0.103300
v -0.032649 0.556746 0.041203
v -0.057027 0.553731 0.040632
v -0.031185 0.571706 0.093002
v -0.044448 0.559888 0.099821
v 0.023759 0.696343 0.229128
v 0.025885 0.676583 0.234282
v 0.048885 0.691486 0.249283
v 0.055248 0.724419 0.253033
v 0.034763 0.722167 0.245863
v 0.031667 0.731513 0.236057
v 0.041427 0.726133 0.230996
v 0.027566 0.720318 0.222249
v 0.025272 0.683807 0.209788
v 0.038150 0.702740 0.214375
v 0.050715 0.693664 0.230096
v 0.032495 0.665695 0.226868
v 0.014039 0.667807 0.209078
v 0.059385 0.683946 0.242965
v 0.003102 0.684622 0.193182
v 0.009850 0.715886 0.183589
v 0.025133 0.709687 0.197621
v -0.027909 0.650990 0.111164
v -0.008616 0.652544 0.111909
v -0.006707 0.682157 0.137406
v -0.014692 0.686287 0.151181
v -0.038329 0.691859 0.117039
v -0.036865 0.662280 0.096060
v -0.036069 0.656547 0.152334
v -0.053607 0.673921 0.155566
v -0.049475 0.691877 0.141663
v -0.021690 0.677591 0.154320
v -0.030321 0.662391 0.165810
v 0.006452 0.694016 0.210909
v -0.036179 0.649596 0.223806
v -0.008783 0.677739 0.245139
v 0.006557 0.672958 0.241442
v 0.006091 0.654027 0.238988
v 0.006751 0.634963 0.241448
v -0.040391 0.673032 0.255265
v -0.021178 0.678089 0.259326
v -0.010170 0.670245 0.274891
v -0.010752 0.661030 0.266452
v -0.010925 0.623087 0.210220
v -0.027647 0.633158 0.200539
v -0.027430 0.628918 0.251277
v -0.021320 0.610133 0.226005
v 0.034021 0.682199 0.249776
v 0.053173 0.667636 0.253909
v 0.027812 0.650800 0.243305
v 0.015907 0.692533 0.248036
v -0.028266 0.641023 0.264182
v 0.035001 0.666939 0.301054
v 0.036868 0.679692 0.310784
v 0.031710 0.645042 0.314849
v 0.017334 0.654158 0.306568
v 0.034786 0.651736 0.329457
v 0.005000 0.655311 0.322624
v 0.000628 0.643357 0.310065
v 0.022554 0.668762 0.320444
v 0.019024 0.655308 0.260359
v 0.002543 0.667132 0.259389
v 0.031740 0.636533 0.254753
v -0.029194 0.655344 0.276479
v 0.005938 0.688952 0.316399
v 0.025048 0.689225 0.316351
v 0.017655 0.699739 0.326765
v 0.001880 0.698475 0.325829
v -0.003300 0.708768 0.298489
v 0.011897 0.704321 0.302694
v 0.006476 0.717370 0.307945
v -0.062289 0.696273 0.296168
v -0.043387 0.690229 0.267781
v -0.053619 0.701154 0.279024
v -0.002680 0.657715 0.300100
v -0.003966 0.671642 0.308672
v -0.030968 0.671630 0.286594
v 0.018535 0.688417 0.301145
v 0.005140 0.665211 0.296649
v 0.026591 0.704543 0.302284
v 0.018171 0.716258 0.310433
v 0.084001 0.795418 0.190998
v 0.072387 0.776782 0.198733
v 0.083364 0.779243 0.209178
v 0.101740 0.780982 0.215963
v 0.099684 0.796636 0.198824
v 0.115414 0.777415 0.208993
v 0.100864 0.772487 0.201801
v 0.097893 0.790701 0.187090
v 0.043955 0.747411 0.221528
v 0.059216 0.748511 0.233268
v 0.053854 0.745621 0.208153
v 0.028688 0.746086 0.208261
v 0.080888 0.750473 0.205098
v 0.100789 0.749226 0.218565
v 0.067761 0.755875 0.208929
v 0.105191 0.752048 0.232274
v 0.055236 0.730895 0.238875
v 0.046294 0.744089 0.242835
v 0.061216 0.754171 0.255018
v 0.075640 0.743855 0.242051
v 0.051309 0.749659 0.262150
v 0.067322 0.718770 0.233640
v 0.052920 0.722338 0.219062
v 0.090611 0.758803 0.228380
v 0.039244 0.730203 0.202299
v 0.035085 0.758836 0.244978
v 0.021226 0.746756 0.237803
v 0.020447 0.782622 0.253654
v 0.043663 0.775160 0.257887
v 0.009105 0.785042 0.237310
v -0.009196 0.767544 0.243003
v -0.013197 0.749205 0.233863
v 0.002672 0.747790 0.232236
v -0.008740 0.753948 0.223008
v 0.028204 0.742743 0.251991
v -0.026307 0.777470 0.230027
v -0.033817 0.787788 0.253166
v -0.032218 0.799690 0.242683
v -0.021850 0.794045 0.247497
v -0.034970 0.784977 0.223548
v -0.047526 0.787363 0.219998
v -0.033965 0.777844 0.230677
v -0.026131 0.798994 0.260098
v -0.018170 0.722676 0.206231
v -0.020165 0.716836 0.213565
v -0.016304 0.730679 0.223117
v -0.048016 0.717688 0.233554
v -0.049223 0.705595 0.227709
v -0.005206 0.734104 0.213129
v -0.000571 0.728346 0.223269
v -0.016807 0.704706 0.163615
v -0.059581 0.691892 0.177753
v -0.044660 0.678668 0.174064
v -0.017628 0.729138 0.184408
v -0.032838 0.729746 0.179062
v -0.039694 0.737314 0.170482
v 0.025416 0.742285 0.187071
v 0.017885 0.770458 0.196515
v 0.008954 0.720569 0.201038
v -0.001988 0.768123 0.179977
v -0.000210 0.781373 0.191881
v 0.016002 0.777328 0.213615
v 0.002328 0.777637 0.212955
v -0.018515 0.771783 0.214019
v -0.017458 0.751108 0.202054
v -0.019000 0.805050 0.225255
v -0.016249 0.821279 0.233260
v 0.002987 0.809247 0.210745
v -0.018169 0.814591 0.207841
v -0.016213 0.826436 0.218377
v 0.008137 0.819419 0.233120
v 0.020055 0.803286 0.216759
v 0.081607 0.770465 0.192404
v 0.021808 0.786797 0.207279
v -0.017438 0.789747 0.219573
v 0.011914 0.779584 0.257543
v 0.035017 0.769547 0.265856
v 0.061429 0.686541 0.279327
v 0.063630 0.693140 0.264897
v 0.047724 0.717403 0.270376
v 0.043648 0.711472 0.284989
v 0.040102 0.693360 0.277004
v 0.043662 0.700713 0.259225
v 0.028868 0.722557 0.269498
v 0.026951 0.720805 0.291730
v 0.003429 0.708030 0.273757
v 0.019143 0.701692 0.274886
v 0.007494 0.712810 0.260058
v 0.025334 0.707831 0.257625
v -0.054038 0.736934 0.255125
v -0.065605 0.749882 0.273905
v -0.069686 0.768035 0.257645
v -0.071489 0.771436 0.274126
v -0.046179 0.740659 0.216955
v -0.058820 0.753790 0.218799
v -0.071326 0.750103 0.237302
v -0.052997 0.712882 0.258062
v -0.082465 0.754817 0.261590
v -0.091980 0.736989 0.267883
v -0.075224 0.713438 0.266373
v -0.097350 0.727252 0.261409
v -0.043782 0.758772 0.187861
v -0.054473 0.727794 0.215479
v -0.048044 0.738581 0.205029
v -0.085189 0.723771 0.166586
v -0.128751 0.732882 0.174022
v -0.107436 0.734928 0.175749
v -0.090283 0.719911 0.178047
v -0.114008 0.711492 0.188761
v -0.137153 0.722176 0.190541
v -0.097538 0.703740 0.176985
v -0.097066 0.703836 0.186551
v -0.099030 0.744638 0.239054
v -0.103151 0.741007 0.246266
v -0.106777 0.760578 0.224134
v -0.091999 0.750672 0.227156
v -0.092370 0.764186 0.277823
v -0.110688 0.754092 0.273327
v -0.095060 0.761703 0.241870
v -0.080560 0.761506 0.232709
v -0.098096 0.785998 0.218197
v -0.089844 0.786346 0.204176
v -0.114384 0.789773 0.204489
v -0.113263 0.784194 0.226072
v -0.084712 0.802935 0.168375
v -0.092749 0.809389 0.166537
v -0.100065 0.799487 0.173538
v -0.102927 0.791304 0.166841
v -0.092436 0.786243 0.168646
v -0.076696 0.792642 0.179011
v -0.076323 0.803475 0.187922
v -0.088283 0.800546 0.179907
v -0.082752 0.781820 0.168314
v -0.066027 0.752605 0.207131
v -0.068039 0.762741 0.215916
v -0.048959 0.775554 0.202198
v -0.096717 0.786186 0.270182
v -0.083152 0.780085 0.255684
v -0.098269 0.764369 0.260200
v -0.059737 0.823918 0.205616
v -0.036751 0.834022 0.205585
v -0.062203 0.848485 0.209651
v -0.070251 0.858304 0.210509
v -0.052436 0.861161 0.200876
v -0.053974 0.835282 0.193839
v -0.034852 0.870531 0.200460
v -0.049907 0.860926 0.230018
v -0.061836 0.875876 0.219363
v -0.062959 0.889701 0.186090
v -0.057252 0.880661 0.171665
v -0.099508 0.893285 0.179150
v -0.095607 0.885377 0.205285
v -0.086474 0.871955 0.228594
v -0.099197 0.874623 0.179095
v -0.069090 0.871934 0.183377
v -0.084047 0.863625 0.201244
v -0.096754 0.853571 0.220711
v -0.117768 0.856134 0.208050
v -0.125936 0.862480 0.192152
v -0.078007 0.843004 0.201453
v -0.078237 0.850160 0.228885
v -0.119049 0.874366 0.213821
v -0.108659 0.851910 0.240886
v -0.079868 0.854324 0.244239
v -0.131240 0.858071 0.221453
v -0.075056 0.827937 0.185769
v -0.091662 0.818785 0.184807
v -0.082977 0.815616 0.197653
v -0.095804 0.777973 0.199849
v -0.072567 0.806847 0.157149
v -0.049254 0.791352 0.167784
v -0.063566 0.798786 0.138437
v -0.033938 0.810134 0.184401
v -0.040818 0.811686 0.211060
v -0.040466 0.798488 0.203149
v -0.093821 0.832046 0.055636
v -0.097375 0.820942 0.042641
v -0.115287 0.835435 0.042672
v -0.120314 0.845124 0.060928
v -0.109892 0.833480 0.071747
v -0.057070 0.816928 0.055561
v -0.062530 0.796562 0.065654
v -0.048589 0.802129 0.077444
v -0.035848 0.815861 0.018132
v -0.031788 0.802628 0.044269
v -0.037739 0.811431 0.051925
v -0.049866 0.809089 0.046734
v -0.051948 0.792507 0.055162
v -0.066555 0.764657 0.077599
v -0.049417 0.777052 0.087763
v -0.082431 0.777525 0.084332
v -0.080657 0.772567 0.089615
v -0.069779 0.731307 0.092788
v -0.071554 0.746969 0.081116
v -0.073285 0.763581 0.121021
v -0.084857 0.789097 0.106581
v -0.096312 0.782922 0.104715
v -0.081802 0.766690 0.105740
v -0.060455 0.764437 0.104476
v -0.057088 0.761472 0.116664
v -0.023653 0.731901 0.130218
v -0.025728 0.705202 0.107642
v -0.035793 0.747175 0.160334
v -0.021730 0.755228 0.157009
v -0.064210 0.706304 0.144787
v -0.057627 0.726571 0.145616
v -0.064271 0.718628 0.162515
v -0.089355 0.757880 0.163118
v -0.103409 0.747247 0.159611
v -0.077262 0.769875 0.136266
v -0.068892 0.781757 0.092105
v -0.060656 0.782528 0.106435
v -0.059022 0.789771 0.178594
v -0.070052 0.780106 0.167887
v -0.086136 0.789271 0.154757
v -0.106968 0.765358 0.165099
v -0.100925 0.782879 0.154692
v -0.119840 0.776443 0.161542
v -0.098628 0.766185 0.137900
v -0.091341 0.778520 0.130776
v -0.119648 0.766398 0.148992
v -0.107710 0.739765 0.144231
v -0.094616 0.784247 0.144732
v -0.109366 0.792430 0.141170
v -0.129194 0.789528 0.152302
v -0.132779 0.796638 0.143192
v -0.089587 0.712136 0.131335
v -0.122251 0.738059 0.147055
v -0.112645 0.720009 0.151784
v -0.083101 0.700694 0.158936
v -0.075273 0.725382 0.127289
v -0.094319 0.740319 0.113375
v -0.108383 0.759652 0.118858
v -0.102529 0.783011 0.081042
v -0.092853 0.779344 0.077759
v -0.104398 0.781996 0.092373
v -0.095794 0.750264 0.094541
v -0.092944 0.780217 0.088282
v -0.093662 0.780344 0.088815
v -0.090010 0.778522 0.088540
v -0.105839 0.783467 0.088579
v -0.103130 0.781795 0.094646
v -0.103541 0.781209 0.092265
v -0.110487 0.797134 0.092299
v -0.114778 0.793569 0.084953
v -0.117475 0.780189 0.036210
v -0.122360 0.772302 0.016988
v -0.144212 0.777214 0.034599
v -0.133495 0.757909 0.024290
v -0.128670 0.764816 0.040846
v -0.139149 0.783310 -0.033257
v -0.160513 0.791760 -0.028814
v -0.155408 0.784381 -0.013261
v -0.153729 0.772877 0.001667
v -0.136826 0.768423 -0.007795
v -0.124779 0.763736 -0.026900
v -0.153872 0.761101 -0.031312
v -0.144828 0.774913 -0.047191
v -0.127339 0.755647 -0.044173
v -0.141112 0.740906 -0.025819
v -0.162115 0.748421 -0.018496
v -0.126702 0.746729 -0.016717
v -0.139505 0.750535 0.002380
v -0.158795 0.759411 0.013612
v -0.109322 0.758295 0.072518
v -0.119499 0.749436 0.093591
v -0.107546 0.741507 0.082566
v -0.137171 0.757405 0.102266
v -0.120536 0.750037 0.064103
v -0.129404 0.764575 0.061399
v -0.135249 0.778696 0.056708
v -0.126676 0.786514 0.061008
v -0.134429 0.747683 0.078209
v -0.083521 0.723084 0.108883
v -0.098271 0.713313 0.096283
v -0.115091 0.705335 0.087490
v -0.130277 0.748138 0.120577
v -0.152178 0.750612 0.107123
v -0.139540 0.729244 0.107901
v -0.133810 0.784923 0.084083
v -0.082816 0.760308 0.093881
v -0.141774 0.766097 0.072507
v -0.161855 0.769919 0.087127
v -0.154823 0.791413 0.067007
v -0.159381 0.772009 0.134088
v -0.128047 0.775627 0.114589
v -0.138551 0.765994 0.112416
v -0.136620 0.767559 0.135666
v -0.157880 0.775904 0.100353
v -0.148247 0.796178 0.078620
v -0.170334 0.784211 -0.002872
v -0.193640 0.792184 0.013241
v -0.199400 0.780399 0.015410
v -0.197575 0.794640 -0.004802
v -0.186244 0.804094 -0.001526
v -0.211705 0.790436 0.000438
v -0.179271 0.791171 -0.014196
v -0.188719 0.784809 -0.026792
v -0.220216 0.788879 0.012091
v -0.191029 0.770153 -0.001871
v -0.170622 0.718372 0.105776
v -0.181207 0.710677 0.094663
v -0.197667 0.707609 0.104481
v -0.214332 0.722486 0.101423
v -0.205802 0.725787 0.115335
v -0.186366 0.709565 0.125022
v -0.190022 0.743441 -0.006971
v -0.154235 0.719019 -0.009710
v -0.162984 0.712407 -0.022728
v -0.184968 0.730209 -0.017907
v -0.198137 0.742755 -0.012125
v -0.190217 0.753537 -0.018669
v -0.194543 0.734984 0.006201
v -0.179115 0.727327 0.008893
v -0.169707 0.766195 -0.025770
v -0.222507 0.812808 -0.001849
v -0.228597 0.820271 -0.017828
v -0.226283 0.801030 -0.011873
v -0.209417 0.800819 0.010175
v -0.204667 0.817170 -0.006903
v -0.189866 0.814035 -0.016632
v -0.208263 0.804849 -0.016102
v -0.132883 0.834380 0.058951
v -0.132274 0.821904 0.071249
v -0.128799 0.830190 0.081368
v -0.088000 0.797935 0.078431
v -0.086047 0.815091 0.065992
v -0.104043 0.818009 0.080431
v -0.122116 0.813184 0.089985
v -0.114103 0.820608 0.057174
v -0.144925 0.758697 0.124334
v -0.145167 0.782677 0.143277
v -0.142885 0.766936 0.155212
v -0.140429 0.771965 0.165338
v -0.140875 0.758559 0.198296
v -0.131762 0.768128 0.203325
v -0.112343 0.765522 0.195763
v -0.116444 0.758185 0.183278
v -0.140128 0.742419 0.214621
v -0.141454 0.753468 0.224135
v -0.109365 0.788510 0.128435
v -0.130406 0.781595 0.139353
v -0.108517 0.775098 0.136226
v -0.150807 0.759023 0.142581
v -0.113128 0.797148 0.164370
v -0.125200 0.811207 0.154327
v -0.114766 0.831999 0.140498
v -0.096040 0.828966 0.131127
v -0.076931 0.814829 0.130426
v -0.094241 0.797095 0.151945
v -0.117429 0.778270 0.217757
v -0.122932 0.828366 0.152141
v -0.097066 0.825409 0.150053
v -0.116542 0.822673 0.160126
v -0.104355 0.816098 0.164109
v -0.120618 0.815389 0.168779
v -0.168659 0.722619 0.155786
v -0.152463 0.729054 0.159051
v -0.137168 0.733092 0.153854
v -0.143217 0.747692 0.146629
v -0.148462 0.750693 0.134901
v -0.151907 0.733528 0.132091
v -0.139300 0.740539 0.130009
v -0.162241 0.717349 0.143363
v -0.149965 0.741571 0.175323
v -0.132821 0.743413 0.187332
v -0.134860 0.729271 0.128102
v -0.127414 0.708362 0.107697
v -0.115783 0.717910 0.117704
v -0.123637 0.713204 0.129657
v -0.109870 0.729194 0.192402
v -0.104200 0.771733 0.233915
v -0.116481 0.766507 0.229129
v -0.135567 0.735151 0.239707
v -0.122404 0.703496 0.253636
v -0.104698 0.719830 0.248167
v -0.085496 0.725378 0.231764
v -0.102328 0.746839 0.219006
v -0.113670 0.740102 0.202142
v -0.095403 0.744366 0.185032
v -0.146661 0.721098 0.135309
v -0.223785 0.707964 0.113916
v -0.203329 0.695450 0.134455
v -0.215757 0.680583 0.125734
v -0.151313 0.709663 0.211168
v -0.130702 0.686663 0.217610
v -0.122091 0.698614 0.225308
v -0.135896 0.731398 0.206095
v -0.156616 0.730827 0.197218
v -0.113975 0.716236 0.210580
v -0.059453 0.697275 0.288254
v -0.102684 0.690624 0.222065
v -0.102370 0.679880 0.209420
v -0.079605 0.685371 0.193795
v -0.092961 0.700612 0.210242
v -0.077007 0.708773 0.251933
v -0.066502 0.718258 0.232588
v -0.046448 0.662402 0.267607
v -0.044473 0.628828 0.253472
v -0.068080 0.625078 0.260140
v -0.073806 0.688192 0.242376
v -0.087276 0.677063 0.257496
v -0.064617 0.633547 0.247960
v -0.066404 0.642539 0.230729
v -0.055797 0.622529 0.209656
v -0.063954 0.692894 0.225666
v -0.059832 0.650932 0.218899
v -0.069289 0.668059 0.227306
v -0.075529 0.695949 0.217038
v -0.102094 0.662746 0.263591
v -0.069783 0.022021 -0.018099
v -0.070973 0.002275 -0.009196
v -0.041425 0.000202 -0.033740
v -0.008255 0.000000 -0.030845
v -0.042736 0.461982 -0.027868
v -0.043115 0.455286 -0.003464
v -0.033020 0.573486 0.023510
v -0.059237 0.567294 0.005074
v -0.070931 0.555081 -0.016118
v -0.067541 0.535492 0.021524
v -0.023611 0.448336 0.016593
v -0.070017 0.555952 0.033435
v -0.030403 0.515381 0.072981
v -0.076415 0.528467 0.052374
v -0.083356 0.544936 0.033996
v -0.019442 0.541174 0.113957
v -0.041072 0.546141 0.109535
v -0.127842 0.662048 -0.000070
v -0.135570 0.693074 -0.006351
v -0.145161 0.687635 0.014844
v -0.159916 0.674625 0.031137
v -0.143928 0.654491 0.023128
v -0.133887 0.642507 0.010871
v -0.130468 0.666957 0.152531
v -0.146498 0.681417 0.153629
v -0.131738 0.690555 0.143722
v -0.110952 0.679058 0.139002
v -0.113677 0.659932 0.147563
v -0.116020 0.697769 0.133085
v -0.119448 0.644494 0.156612
v -0.097624 0.656453 0.142150
v -0.110370 0.651124 0.166265
v -0.093991 0.663787 0.155525
v -0.102685 0.671202 0.161339
v -0.121613 0.695464 0.164381
v -0.139192 0.685323 0.170443
v -0.124516 0.663309 0.170829
v -0.089992 0.649987 0.102812
v -0.077522 0.659339 0.098721
v -0.061193 0.660090 0.117927
v -0.074709 0.660181 0.117209
v -0.088219 0.662071 0.111988
v -0.066588 0.669427 0.103741
v -0.057550 0.660283 0.182598
v -0.061698 0.658480 0.169068
v -0.077272 0.689747 0.042133
v -0.085923 0.687388 0.017639
v -0.063535 0.698023 0.009225
v -0.054871 0.700438 0.034394
v -0.079790 0.680672 0.096876
v -0.089842 0.697026 0.095435
v -0.074124 0.704355 0.104832
v -0.059618 0.683173 0.110607
v -0.062376 0.706132 0.118059
v -0.100052 0.694968 0.196674
v -0.091592 0.715262 0.192319
v -0.092326 0.691991 0.180574
v -0.077057 0.675973 0.185242
v -0.078599 0.693114 0.125544
v -0.066693 0.698730 0.130695
v -0.087697 0.690581 0.167826
v -0.098188 0.681349 0.132214
v -0.130052 0.715922 0.162470
v -0.116051 0.690557 0.107393
v -0.091107 0.685130 0.117653
v -0.102879 0.672339 0.107920
v -0.073746 0.674587 0.121813
v -0.141022 0.722113 0.094207
v -0.152479 0.745949 0.093448
v -0.132484 0.702645 0.092649
v -0.174625 0.727568 -0.044815
v -0.158161 0.681892 -0.008389
v -0.143102 0.688492 -0.021289
v -0.136234 0.660102 -0.012674
v -0.142740 0.641637 0.000459
v -0.156441 0.653803 0.004808
v -0.170665 0.670607 0.007447
v -0.162374 0.637307 -0.018301
v -0.168724 0.631667 -0.033419
v -0.153313 0.650753 -0.037919
v -0.163182 0.655682 -0.022254
v -0.166859 0.645182 -0.042209
v -0.183579 0.641514 -0.004638
v -0.190879 0.627158 -0.010852
v -0.188768 0.637531 -0.022346
v -0.163874 0.638553 0.017805
v -0.156025 0.639497 0.029630
v -0.184836 0.689067 0.109495
v -0.167618 0.664089 0.102640
v -0.124984 0.632593 0.094278
v -0.136605 0.627836 0.085410
v -0.159675 0.669032 0.125768
v -0.122660 0.625143 0.110602
v -0.120880 0.700506 0.202666
v -0.205028 0.680745 -0.006890
v -0.222753 0.676628 -0.003440
v -0.208184 0.656214 0.000961
v -0.181424 0.660467 -0.009568
v -0.185005 0.679132 -0.015975
v -0.208750 0.654320 -0.018586
v -0.216702 0.646455 -0.005811
v -0.232040 0.669287 -0.011769
v -0.217265 0.678226 -0.028069
v -0.201652 0.664772 -0.028764
v -0.234109 0.685977 -0.023552
v -0.201507 0.710457 0.005739
v -0.184719 0.691539 0.006196
v -0.198155 0.681184 0.021607
v -0.197385 0.684593 0.038695
v -0.208761 0.707045 0.030641
v -0.212235 0.723292 0.014706
v -0.189146 0.714381 0.025892
v -0.206742 0.732326 -0.001573
v -0.204055 0.683899 0.111108
v -0.267667 0.620835 -0.074586
v -0.286585 0.615066 -0.063331
v -0.277763 0.631985 -0.047389
v -0.255584 0.643541 -0.038793
v -0.246988 0.635733 -0.057341
v -0.243624 0.615711 -0.077201
v -0.261543 0.619284 -0.048363
v -0.241943 0.613061 -0.048531
v -0.239487 0.624130 -0.037746
v -0.266996 0.606535 -0.059111
v -0.281607 0.593964 -0.082818
v -0.256783 0.582514 -0.073702
v -0.246610 0.598516 -0.060902
v -0.264643 0.577521 -0.093545
v -0.250799 0.594398 -0.090487
v -0.236063 0.580097 -0.092444
v -0.242214 0.573028 -0.077013
v -0.221235 0.603992 -0.076670
v -0.211742 0.587266 -0.062349
v -0.227701 0.590718 -0.062001
v -0.225574 0.610343 -0.045954
v -0.209263 0.603440 -0.028763
v -0.225672 0.619599 -0.032618
v -0.211226 0.641751 -0.056163
v -0.194987 0.626151 -0.059420
v -0.176222 0.663090 -0.105510
v -0.187706 0.670310 -0.094779
v -0.202683 0.678193 -0.099376
v -0.212142 0.662955 -0.098303
v -0.201417 0.662457 -0.111638
v -0.216252 0.634335 -0.029221
v -0.204095 0.647341 -0.037752
v -0.218729 0.655334 -0.050393
v -0.218155 0.703535 -0.094254
v -0.217054 0.698816 -0.116983
v -0.214694 0.681208 -0.121931
v -0.210204 0.706420 -0.109190
v -0.195222 0.697684 -0.098647
v -0.200065 0.704285 -0.087706
v -0.202988 0.659640 -0.068138
v -0.184164 0.649399 -0.079704
v -0.188208 0.637390 -0.071441
v -0.152960 0.688578 -0.062584
v -0.150954 0.681042 -0.077807
v -0.136169 0.684424 -0.071593
v -0.142454 0.693303 -0.069489
v -0.167655 0.633115 -0.084784
v -0.191854 0.657462 -0.054057
v -0.176103 0.640680 -0.049023
v -0.166937 0.658314 -0.066913
v -0.162751 0.677430 -0.080839
v -0.166628 0.675575 -0.088971
v -0.152671 0.665439 -0.094001
v -0.188272 0.673733 -0.114333
v -0.166519 0.658967 -0.117977
v -0.153590 0.679722 -0.111676
v -0.148428 0.668885 -0.160965
v -0.168030 0.688581 -0.163806
v -0.148350 0.698307 -0.175614
v -0.122554 0.681128 -0.174775
v -0.125232 0.662729 -0.165634
v -0.127482 0.708074 -0.183508
v -0.065806 0.670753 -0.165726
v -0.059727 0.688834 -0.167555
v -0.047063 0.684578 -0.153380
v -0.057464 0.680298 -0.142617
v -0.070689 0.682667 -0.156826
v -0.045708 0.707561 -0.148196
v -0.042520 0.703360 -0.131256
v -0.057877 0.700541 -0.132934
v -0.070633 0.693224 -0.070138
v -0.053568 0.701474 -0.083543
v -0.033920 0.703289 -0.096577
v -0.118664 0.669101 -0.097612
v -0.113784 0.680119 -0.089416
v -0.127707 0.685253 -0.082096
v -0.114017 0.681007 -0.108697
v -0.149764 0.667993 -0.084664
v -0.166402 0.690855 -0.076936
v -0.099649 0.676782 -0.096447
v -0.099607 0.673934 -0.114034
v -0.088496 0.702379 -0.111205
v -0.100613 0.701975 -0.099659
v -0.089482 0.698504 -0.129370
v -0.144292 0.592493 -0.062391
v -0.161234 0.606459 -0.045195
v -0.170471 0.588964 -0.036352
v -0.158535 0.587818 -0.071867
v -0.183618 0.579045 -0.044047
v -0.179564 0.595889 -0.057010
v -0.153083 0.672631 -0.126439
v -0.138821 0.679102 -0.126281
v -0.145429 0.666626 -0.110670
v -0.121585 0.667404 -0.152279
v -0.143032 0.672869 -0.141895
v -0.152554 0.656907 -0.139558
v -0.154455 0.656187 -0.153785
v -0.158578 0.649946 -0.072032
v -0.158162 0.625349 -0.056593
v -0.145085 0.617061 -0.075876
v -0.158128 0.609461 -0.081846
v -0.175497 0.612847 -0.068531
v -0.195617 0.675547 -0.039312
v -0.189751 0.685650 -0.050734
v -0.172052 0.663291 -0.048837
v -0.184877 0.649782 -0.031517
v -0.193419 0.435509 -0.198834
v -0.177212 0.448795 -0.205325
v -0.227822 0.415465 -0.227726
v -0.211261 0.421807 -0.226670
v -0.213267 0.435533 -0.231485
v -0.207551 0.468168 -0.252114
v -0.193184 0.461701 -0.250939
v -0.162902 0.451650 -0.224334
v -0.131544 0.407744 -0.192362
v -0.150176 0.391510 -0.188552
v -0.181789 0.470668 -0.244482
v -0.158058 0.405968 -0.166696
v -0.061767 0.314671 -0.087832
v -0.040635 0.282622 -0.065625
v -0.025717 0.312087 -0.006991
v -0.033602 0.370048 -0.013588
v -0.035970 0.370836 -0.038391
v -0.047936 0.106648 -0.026266
v -0.077605 0.027859 -0.077945
v -0.081552 0.025635 -0.057052
v -0.074987 0.012331 -0.045346
v -0.065081 0.001083 -0.050588
v -0.073184 0.008818 -0.095515
v -0.089501 0.015136 -0.083910
v -0.085127 0.000552 -0.073696
v -0.250464 0.366520 -0.226329
v -0.237526 0.367375 -0.237750
v -0.281332 0.366505 -0.227717
v -0.243931 0.405403 -0.227268
v -0.253713 0.410962 -0.227350
v -0.247467 0.342313 -0.224335
v -0.269572 0.339025 -0.223160
v -0.265853 0.313766 -0.228581
v -0.240583 0.314955 -0.240660
v -0.232019 0.343067 -0.238608
v -0.289598 0.335503 -0.230751
v -0.257755 0.401808 -0.237071
v -0.241375 0.412161 -0.232611
v -0.266191 0.381970 -0.241040
v -0.256725 0.359632 -0.242825
v -0.278374 0.362866 -0.241507
v -0.268377 0.315039 -0.244299
v -0.277869 0.337963 -0.242546
v -0.253341 0.429076 -0.270567
v -0.238260 0.435480 -0.257553
v -0.250271 0.450235 -0.267942
v -0.242028 0.441811 -0.275691
v -0.248144 0.404525 -0.263520
v -0.231841 0.406142 -0.251451
v -0.237527 0.418434 -0.241517
v -0.227865 0.396536 -0.283537
v -0.236458 0.387964 -0.273743
v -0.226676 0.425392 -0.279596
v -0.213981 0.403052 -0.275718
v -0.226622 0.444273 -0.259456
v -0.219688 0.407406 -0.241537
v -0.223258 0.394063 -0.258162
v -0.218278 0.377395 -0.271494
v -0.205319 0.380721 -0.258140
v -0.208642 0.396327 -0.245270
v -0.255224 0.341520 -0.243740
v -0.204029 0.403521 -0.262153
v -0.203356 0.384091 -0.274025
v -0.142485 0.453450 -0.259508
v -0.161318 0.441054 -0.275321
v -0.150462 0.446705 -0.285382
v -0.107271 0.447637 -0.268680
v -0.126915 0.456974 -0.278170
v -0.134863 0.442969 -0.294693
v -0.105317 0.456494 -0.287620
v -0.128831 0.449694 -0.308214
v -0.177817 0.458736 -0.277997
v -0.182107 0.456661 -0.295949
v -0.165861 0.468383 -0.288334
v -0.156062 0.476522 -0.252279
v -0.166940 0.467628 -0.261310
v -0.130937 0.479543 -0.300627
v -0.111052 0.480979 -0.281016
v -0.149119 0.470069 -0.312288
v -0.155042 0.477150 -0.270562
v -0.137002 0.485396 -0.265039
v -0.146948 0.472075 -0.283789
v -0.104935 0.474205 -0.257124
v -0.124459 0.502467 -0.251865
v -0.190239 0.479752 -0.272685
v -0.182869 0.483329 -0.263243
v -0.176371 0.491783 -0.257109
v -0.189115 0.498969 -0.266406
v -0.212370 0.476624 -0.260568
v -0.182119 0.489267 -0.279540
v -0.199411 0.474168 -0.268235
v -0.174352 0.483282 -0.296565
v -0.164847 0.488501 -0.283595
v -0.156903 0.499406 -0.268184
v -0.173255 0.492697 -0.268701
v -0.180244 0.507939 -0.288480
v -0.165484 0.492027 -0.306662
v -0.153158 0.515649 -0.257221
v -0.128531 0.503621 -0.278264
v -0.145220 0.498593 -0.297077
v -0.163322 0.513780 -0.286808
v -0.206161 0.728448 -0.173347
v -0.215513 0.733891 -0.161484
v -0.212273 0.753911 -0.176580
v -0.193922 0.747972 -0.187313
v -0.186678 0.729893 -0.180720
v -0.199754 0.763897 -0.186333
v -0.198219 0.738741 -0.137380
v -0.196407 0.759287 -0.173361
v -0.180384 0.745019 -0.167341
v -0.178753 0.734993 -0.151615
v -0.203158 0.706769 -0.120407
v -0.191430 0.705603 -0.116509
v -0.186015 0.713577 -0.084833
v -0.173741 0.725580 -0.076785
v -0.225335 0.695313 -0.013394
v -0.209061 0.697607 -0.017138
v -0.214489 0.710828 -0.030679
v -0.228199 0.696953 -0.034599
v -0.198789 0.708104 -0.038972
v -0.207958 0.699470 -0.047716
v -0.212049 0.688585 -0.037722
v -0.208662 0.718036 -0.104282
v -0.207866 0.696532 -0.111980
v -0.182052 0.674850 -0.138201
v -0.168786 0.682486 -0.137811
v -0.192572 0.697247 -0.026502
v -0.169399 0.675530 -0.028904
v -0.179656 0.752715 -0.069918
v -0.140026 0.711137 -0.070802
v -0.120554 0.669763 -0.057895
v -0.132482 0.677577 -0.026978
v -0.143551 0.717374 -0.039714
v -0.157422 0.742072 -0.051800
v -0.176131 0.705735 -0.064029
v -0.160454 0.715050 -0.072686
v -0.178707 0.699935 -0.077248
v -0.153645 0.745247 -0.086899
v -0.166671 0.706715 -0.090695
v -0.159649 0.731725 -0.109268
v -0.148092 0.737538 -0.098541
v -0.180016 0.730968 -0.125647
v -0.199829 0.724430 -0.115070
v -0.192070 0.715588 -0.098807
v -0.192586 0.709033 -0.107363
v -0.172013 0.760387 -0.151270
v -0.174689 0.753110 -0.156741
v -0.169736 0.749047 -0.170872
v -0.162111 0.725644 -0.129414
v -0.178581 0.705915 -0.114825
v -0.150579 0.719766 -0.116366
v -0.165225 0.700541 -0.135286
v -0.180738 0.688654 -0.104301
v -0.141774 0.689750 -0.146296
v -0.150667 0.743096 -0.151467
v -0.129897 0.713234 -0.164646
v -0.139600 0.746456 -0.170484
v -0.120417 0.688213 -0.159409
v -0.126950 0.719167 -0.118931
v -0.129597 0.702147 -0.111524
v -0.144397 0.700821 -0.109394
v -0.152315 0.748779 -0.116552
v -0.142170 0.739703 -0.119664
v -0.146387 0.763222 -0.126330
v -0.116890 0.740533 -0.135875
v -0.133329 0.728203 -0.119250
v -0.119102 0.765246 -0.136496
v -0.105245 0.750070 -0.134548
v -0.140548 0.773964 -0.141192
v -0.131629 0.777505 -0.142076
v -0.140396 0.775549 -0.135631
v -0.143495 0.697097 -0.130944
v -0.161197 0.686751 -0.131086
v -0.160406 0.691621 -0.098978
v -0.147817 0.722098 -0.085649
v -0.135528 0.730409 -0.095665
v -0.123686 0.727555 -0.053593
v -0.108133 0.729191 -0.076161
v -0.141819 0.755586 -0.080073
v -0.106988 0.701702 -0.122977
v -0.021610 0.712129 -0.080101
v -0.039416 0.710602 -0.065010
v -0.059050 0.701904 -0.053684
v -0.097788 0.729091 -0.115850
v -0.110496 0.748298 -0.118496
v -0.082981 0.740007 -0.137047
v -0.079818 0.742671 -0.123675
v -0.094848 0.758071 -0.132898
v -0.103583 0.763120 -0.146285
v -0.098031 0.752817 -0.148693
v -0.108110 0.752690 -0.164092
v -0.104217 0.741120 -0.167267
v -0.100937 0.730466 -0.169558
v -0.099131 0.713094 -0.176811
v -0.086114 0.707104 -0.163987
v -0.071740 0.702706 -0.148877
v -0.075377 0.723776 -0.141113
v -0.084837 0.725292 -0.198267
v -0.087656 0.719732 -0.189125
v -0.086911 0.705718 -0.192686
v -0.102204 0.705058 -0.206836
v -0.105214 0.735552 -0.208225
v -0.065869 0.715102 -0.204681
v -0.072920 0.714847 -0.193049
v -0.092222 0.690584 -0.198639
v -0.121408 0.722786 -0.200032
v -0.123260 0.741466 -0.201739
v -0.112363 0.704761 -0.197907
v -0.100576 0.693999 -0.188168
v -0.113681 0.730183 -0.184985
v -0.063115 0.762748 -0.155904
v -0.045927 0.732805 -0.160161
v -0.031207 0.715714 -0.143213
v -0.093317 0.761929 -0.167869
v -0.103546 0.776220 -0.164384
v -0.077998 0.792726 -0.157785
v -0.080053 0.767039 -0.173333
v -0.070339 0.753597 -0.154870
v -0.083370 0.747923 -0.170502
v -0.112537 0.776168 -0.159794
v -0.102978 0.774990 -0.146464
v -0.088964 0.769740 -0.131828
v -0.082834 0.778749 -0.134411
v -0.069855 0.792192 -0.139357
v -0.057338 0.756402 -0.185070
v -0.075225 0.769663 -0.194946
v -0.078251 0.776888 -0.178359
v -0.069479 0.729818 -0.182793
v -0.049307 0.716894 -0.173571
v -0.093298 0.767053 -0.182911
v -0.089770 0.750085 -0.188517
v -0.086468 0.737382 -0.192246
v -0.123118 0.766784 -0.177516
v -0.112337 0.764405 -0.160816
v -0.116806 0.774812 -0.195469
v -0.103570 0.762296 -0.178833
v -0.094888 0.782351 -0.182805
v -0.096663 0.774300 -0.197410
v -0.128076 0.875109 -0.187234
v -0.125370 0.856507 -0.172623
v -0.123722 0.870134 -0.201533
v -0.121699 0.861432 -0.189001
v -0.126193 0.821020 -0.143884
v -0.121670 0.810305 -0.151472
v -0.122794 0.840651 -0.167689
v -0.137363 0.832750 -0.158849
v -0.124397 0.828972 -0.172298
v -0.135390 0.813634 -0.160763
v -0.062317 0.838400 -0.120456
v -0.085770 0.770788 -0.110868
v -0.092245 0.777498 -0.100393
v -0.054649 0.743673 -0.110306
v -0.069211 0.743686 -0.101499
v -0.043075 0.745634 -0.114894
v -0.052467 0.728669 -0.124672
v -0.052021 0.731470 -0.139346
v -0.043619 0.752745 -0.098951
v -0.058104 0.754899 -0.084529
v -0.079641 0.774785 -0.096489
v -0.061573 0.813574 -0.077707
v -0.129574 0.827529 -0.092001
v -0.109932 0.823439 -0.094033
v -0.110445 0.811292 -0.077976
v -0.111917 0.799349 -0.063135
v -0.137280 0.810437 -0.068505
v -0.142987 0.826229 -0.086271
v -0.122273 0.824944 -0.059595
v -0.111120 0.834440 -0.076554
v -0.132639 0.841464 -0.084438
v -0.138570 0.815228 -0.053217
v -0.100238 0.812608 -0.055814
v -0.092607 0.805463 -0.078205
v -0.091844 0.822342 -0.073192
v -0.138058 0.751111 -0.107671
v -0.133664 0.777433 -0.136045
v -0.122007 0.741646 -0.105072
v -0.106354 0.836907 -0.093728
v -0.139695 0.795652 -0.146401
v -0.153803 0.821479 -0.158471
v -0.144996 0.795127 -0.148400
v -0.151497 0.813320 -0.166366
v -0.166677 0.764226 -0.173043
v -0.152211 0.851216 -0.192763
v -0.155209 0.837251 -0.179654
v -0.145083 0.842970 -0.178111
v -0.138337 0.856869 -0.192668
v -0.141683 0.860741 -0.201188
v -0.145936 0.831118 -0.182618
v -0.177288 0.764328 -0.187021
v -0.160308 0.767529 -0.160709
v -0.140774 0.737884 -0.186620
v -0.169285 0.737847 -0.190118
v -0.159209 0.722200 -0.185349
v -0.178308 0.712046 -0.173344
v -0.181538 0.676671 -0.153929
v -0.197341 0.704339 -0.162888
v -0.093803 0.828227 -0.087680
v -0.099023 0.816145 -0.090390
v -0.123684 0.718069 -0.093775
v -0.109171 0.724897 -0.102140
v -0.115375 0.700809 -0.091699
v -0.129944 0.698309 -0.081405
v -0.137686 0.711303 -0.083167
v -0.150638 0.704735 -0.070458
v -0.165415 0.694354 -0.061254
v -0.100798 0.753663 -0.078937
v -0.079958 0.756027 -0.076089
v -0.093978 0.723297 -0.061967
v -0.073853 0.731275 -0.061261
v -0.050210 0.736009 -0.072238
v -0.032096 0.737068 -0.089071
v -0.014825 0.707319 -0.097746
v -0.027919 0.732410 -0.108206
v -0.044377 0.725956 -0.103980
v -0.063724 0.723671 -0.090856
v -0.085552 0.720722 -0.077058
v -0.092176 0.745380 -0.090515
v -0.075542 0.690182 -0.053888
v -0.058623 0.709881 -0.163662
v -0.062383 0.730272 -0.158424
v -0.072994 0.713297 -0.176245
v -0.075786 0.730422 -0.172790
v -0.090535 0.732412 -0.187000
v -0.096187 0.747532 -0.183413
v -0.074889 0.694855 -0.180431
v -0.078947 0.678670 -0.183058
v -0.085744 0.686272 -0.173015
v -0.065079 0.722700 -0.126390
v -0.078872 0.749537 -0.204377
v -0.100520 0.757319 -0.204335
v -0.120743 0.759012 -0.200878
v -0.117843 0.741621 -0.183432
v -0.121603 0.754769 -0.181164
v -0.058117 0.737255 -0.196719
v -0.042737 0.702978 -0.197722
v -0.053335 0.696438 -0.185809
v -0.024328 0.689759 -0.121649
v -0.108005 0.684891 -0.035548
v -0.094334 0.679382 -0.055500
v -0.085379 0.626723 -0.014280
v -0.080430 0.622103 -0.031272
v -0.102492 0.612767 -0.034639
v -0.109776 0.618165 -0.008871
v -0.195193 0.692686 -0.106524
v -0.214919 0.686883 -0.107192
v -0.157755 0.461896 -0.301272
v -0.022230 0.216776 0.003944
v -0.034650 0.215487 -0.026407
v -0.029539 0.214379 -0.048094
v 0.002238 0.217213 0.019703
v -0.003217 0.315424 0.009083
v -0.012823 0.372057 0.003978
v 0.009259 0.455891 0.004930
v -0.101962 0.354788 -0.134557
v -0.084977 0.363986 -0.144267
v -0.139794 0.419359 -0.174168
v -0.160941 0.672226 -0.045061
v -0.183779 0.626814 -0.034903
v -0.194964 0.613181 -0.026206
v -0.180580 0.653434 0.106639
v -0.183103 0.648439 0.122376
v -0.147102 0.615943 0.089443
v -0.145511 0.608252 0.104267
v -0.133247 0.613295 0.114608
v -0.171965 0.658207 0.132877
v -0.107519 0.563773 0.075940
v -0.092568 0.569588 0.085612
v -0.084752 0.579607 0.080034
v -0.087345 0.587427 0.066103
v -0.099333 0.584685 0.056375
v -0.110418 0.572846 0.060037
v -0.192892 0.719617 -0.006701
v -0.173796 0.702197 -0.008682
v -0.176204 0.697783 0.031573
v -0.160893 0.710394 0.013145
v -0.177551 0.657905 0.039460
v -0.182888 0.656077 0.023812
v -0.122075 0.682115 0.093094
v -0.107049 0.688403 0.089323
v -0.092633 0.671331 0.092260
v -0.105735 0.662673 0.096474
v -0.058787 0.677331 0.124737
v -0.147499 0.708916 0.167327
v -0.164228 0.701499 0.163143
v -0.153795 0.676264 0.165649
v -0.137147 0.655461 0.162751
v -0.157431 0.700180 0.149739
v -0.139804 0.705698 0.140284
v -0.068945 0.688916 0.157530
v -0.077916 0.675212 0.170763
v -0.092973 0.751829 0.010335
v -0.083120 0.758185 0.038350
v -0.105065 0.740925 0.047463
v -0.114723 0.734699 0.021004
v -0.019520 0.577691 0.173157
v -0.039712 0.579106 0.171799
v -0.047400 0.591690 0.162760
v -0.038301 0.604849 0.155198
v -0.047339 0.632375 0.198866
v -0.020418 0.605690 0.156221
v -0.009736 0.592991 0.164499
v -0.030684 0.605205 0.073485
v -0.035637 0.610563 0.059644
v -0.026630 0.621604 0.049513
v -0.007326 0.622066 0.050568
v -0.025773 0.671423 0.084626
v -0.007801 0.670876 0.085818
v 0.000741 0.662115 0.098931
v 0.000544 0.611147 0.067087
v -0.007245 0.706049 0.110085
v 0.001909 0.695887 0.123101
v -0.006276 0.731493 0.134250
v 0.001963 0.719942 0.146083
v -0.003441 0.709180 0.157972
v 0.003136 0.743380 0.173931
v -0.001767 0.734340 0.178982
v -0.006140 0.752338 0.160141
v -0.013942 0.603581 0.078489
v -0.034033 0.462206 -0.055334
v -0.027263 0.367762 -0.056218
v 0.027460 0.000106 -0.037620
v -0.098896 0.661705 0.250592
v -0.117671 0.697399 0.239345
v -0.097319 0.699034 0.226813
v -0.083461 0.668072 0.236658
v -0.131603 0.723212 0.227472
v -0.104955 0.723222 0.213299
v -0.080570 0.720993 0.198489
v -0.071286 0.726131 0.210442
v -0.089848 0.752901 0.196901
v -0.110998 0.754551 0.214562
v -0.090412 0.727584 0.248015
v -0.079347 0.734663 0.231927
v -0.071357 0.743416 0.218189
v -0.085703 0.758219 0.215251
v -0.080535 0.764627 0.205040
v -0.101367 0.771693 0.212688
v -0.078407 0.771664 0.211241
v -0.088927 0.772686 0.226134
v -0.111888 0.805277 0.173063
v -0.130523 0.881140 0.192356
v -0.100295 0.884148 0.164017
v -0.122339 0.870735 0.179146
v -0.138162 0.869598 0.204502
v -0.081664 0.818506 0.150710
v -0.089745 0.803917 0.053182
v -0.108517 0.807712 0.065172
v -0.125211 0.807529 0.079977
v -0.104955 0.795319 0.073306
v -0.088815 0.791641 0.064427
v -0.167976 0.784748 -0.041300
v -0.138631 0.796790 0.055700
v -0.092849 0.776718 0.091419
v -0.096587 0.784289 0.091464
v -0.108460 0.755864 0.141454
v -0.052114 0.805588 0.191192
v -0.035473 0.768507 0.179890
v -0.019451 0.773688 0.176259
v -0.038239 0.784110 0.192837
v -0.018575 0.788367 0.188301
v -0.018726 0.801162 0.198030
v 0.001774 0.795329 0.201255
v -0.034176 0.797601 0.062719
v -0.013710 0.811105 0.013187
v -0.002319 0.698005 0.251989
v -0.004018 0.692752 0.264848
v 0.012836 0.685043 0.267451
v 0.033571 0.673875 0.269199
v 0.054210 0.660435 0.268279
v 0.059394 0.000500 -0.052988
v 0.201969 0.517045 -0.088311
v 0.222925 0.509619 -0.087976
v 0.245943 0.518389 -0.077501
v 0.223353 0.524795 -0.073393
v 0.114721 0.371495 -0.104896
v 0.123304 0.374642 -0.083147
v 0.107973 0.392757 -0.081057
v 0.099157 0.389351 -0.103985
v 0.173712 0.424458 -0.107166
v 0.154866 0.440648 -0.105989
v 0.146493 0.436748 -0.129949
v 0.166290 0.419367 -0.131883
v 0.184394 0.481116 -0.121510
v 0.176609 0.478349 -0.144956
v 0.197287 0.508397 -0.143596
v -0.000210 0.662071 -0.040610
v -0.024808 0.661843 -0.041889
v 0.086623 0.751086 -0.058099
v 0.068902 0.762347 -0.057341
v 0.048660 0.773406 -0.059965
v 0.226808 0.520593 -0.164782
v 0.238690 0.529274 -0.157126
v -0.029212 0.781836 0.236718
v -0.032633 0.730229 0.211054
v -0.032633 0.730229 0.211054
v -0.030686 0.721809 0.213443
v -0.037121 0.793350 0.233148
v -0.079284 0.735144 0.155780
v -0.162458 0.778244 0.007799
v -0.168395 0.767404 0.016537
v -0.175316 0.753443 -0.007015
v -0.186081 0.763913 -0.001954
v -0.113461 0.756175 0.232489
v -0.113139 0.747288 0.232166
v -0.077295 0.785774 -0.117541
v -0.070571 0.778308 -0.113159
v -0.076401 0.786039 -0.099467
v -0.083208 0.786260 -0.109388
v -0.111406 0.745885 0.139625
v 0.039227 0.780372 -0.055197
v 0.039090 0.780229 -0.056334
v 0.038070 0.780020 -0.056959
v 0.039065 0.780073 -0.056654
v 0.039944 0.780362 -0.055208
v 0.039985 0.780405 -0.055840
v 0.040056 0.780096 -0.056493
v 0.038525 0.779763 -0.058179
v 0.038508 0.779932 -0.057930
v 0.038814 0.779791 -0.058979
v 0.039335 0.779922 -0.058665
v 0.039230 0.779773 -0.058098
v 0.039192 0.780056 -0.057617
v 0.040098 0.780234 -0.057119
v 0.040204 0.780100 -0.058137
v 0.041130 0.780282 -0.057619
v 0.041090 0.780086 -0.057306
v 0.040174 0.779883 -0.057758
v 0.041026 0.780417 -0.056602
v 0.041938 0.780599 -0.056075
v 0.042054 0.780465 -0.057097
v 0.040899 0.780581 -0.055355
v 0.041854 0.780582 -0.054890
v 0.042814 0.780648 -0.054847
v 0.042868 0.780771 -0.055637
v 0.040877 0.780439 -0.054937
v 0.041855 0.780437 -0.054895
v 0.042796 0.780480 -0.054854
v 0.043557 0.780520 -0.054820
v 0.043772 0.780666 -0.054806
v 0.041982 0.780152 -0.056122
v 0.042928 0.780251 -0.055761
v 0.043837 0.780439 -0.055276
v 0.042923 0.780453 -0.056299
v 0.043830 0.780632 -0.055793
v 0.044499 0.780762 -0.055415
v 0.044664 0.780621 -0.054864
v 0.044463 0.780885 -0.054769
v 0.043918 0.780781 -0.056091
v 0.044613 0.780950 -0.055784
v 0.043763 0.780939 -0.055193
v 0.043002 0.780619 -0.056596
v 0.042000 0.780272 -0.056817
v 0.041012 0.780125 -0.056303
v -0.022313 0.829388 0.107590
v -0.015225 0.836509 0.125095
v -0.010503 0.820219 0.131122
v -0.047516 0.850590 0.088099
v -0.036532 0.811416 0.121086
v -0.053798 0.837902 0.098633
v -0.068545 0.854121 0.100365
v -0.044007 0.865814 0.086583
v -0.060100 0.865727 0.093706
v -0.047624 0.870026 0.104102
v -0.065461 0.859796 0.101098
v -0.080907 0.925314 0.086092
v -0.041361 0.910109 0.138831
v -0.052250 0.877958 0.138553
v -0.042041 0.901248 0.118530
v -0.062334 0.886045 0.152559
v -0.075010 0.890237 0.090882
v -0.058591 0.876301 0.080485
v -0.069560 0.933109 0.081083
v -0.076404 0.915584 0.069535
v -0.059461 0.905438 0.047221
v -0.084648 0.907238 0.067455
v -0.080265 0.911732 0.064691
v -0.083059 0.909715 0.068909
v -0.077162 0.914664 0.061006
v -0.112560 0.945758 0.054473
v -0.132253 0.951519 0.066248
v -0.120887 0.906440 0.068287
v -0.118988 0.919744 0.075568
v -0.106212 0.931775 0.076571
v -0.118038 0.954738 0.076302
v -0.109501 0.888045 0.075320
v -0.107590 0.884458 0.058578
v -0.009097 0.829447 0.107854
v -0.013358 0.811768 0.121362
v -0.027525 0.819419 0.115310
v -0.044312 0.827234 0.108742
v -0.030403 0.837534 0.100883
v -0.018561 0.845514 0.094358
v -0.028509 0.850128 0.116238
v -0.045965 0.836707 0.127488
v -0.025146 0.821755 0.135694
v -0.002757 0.834486 0.117390
v -0.014102 0.854576 0.103215
v -0.032280 0.800130 0.133270
v -0.070232 0.835554 0.099380
v -0.064788 0.856933 0.091503
v -0.062223 0.819033 0.130202
v -0.057942 0.816907 0.116062
v -0.071408 0.843872 0.111417
v -0.059382 0.852130 0.111613
v -0.043695 0.880265 0.076304
v -0.035103 0.890454 0.082609
v -0.034231 0.870479 0.094575
v -0.079783 0.872750 0.081861
v -0.065590 0.884979 0.068578
v -0.088168 0.863002 0.095458
v -0.050247 0.892901 0.087504
v -0.061262 0.892536 0.089288
v -0.062527 0.875377 0.103287
v -0.039641 0.920370 0.100101
v -0.059036 0.914251 0.105451
v -0.077130 0.908109 0.109934
v -0.095546 0.923541 0.090100
v -0.087720 0.909302 0.077845
v -0.078989 0.911533 0.074093
v -0.100248 0.938091 0.069418
v -0.091543 0.945441 0.061434
v -0.022168 0.905465 0.134519
v -0.033918 0.930126 0.110290
v -0.051789 0.924463 0.126428
v -0.067063 0.911465 0.138118
v -0.049946 0.898397 0.146716
v -0.031243 0.884109 0.148807
v -0.072303 0.884539 0.132512
v -0.054241 0.893658 0.125128
v -0.034047 0.881581 0.135057
v -0.055146 0.871219 0.153320
v -0.084342 0.876776 0.144180
v -0.023512 0.897542 0.121309
v -0.080589 0.893529 0.147573
v -0.087964 0.893589 0.081686
v -0.102755 0.882867 0.088133
v -0.083816 0.877767 0.100519
v -0.071616 0.900940 0.076666
v -0.046286 0.894972 0.059224
v -0.087955 0.917047 0.076546
v -0.086342 0.961465 0.061038
v -0.061959 0.947449 0.087169
v -0.084820 0.911105 0.068663
v -0.078531 0.911556 0.071357
v -0.081585 0.916234 0.070854
v -0.074562 0.921760 0.061594
v -0.073184 0.896208 0.054416
v -0.082524 0.907595 0.047418
v -0.063814 0.922306 0.054200
v -0.041218 0.906897 0.064088
v -0.097961 0.916657 0.060295
v -0.083225 0.910568 0.069164
v -0.083504 0.911368 0.069088
v -0.082756 0.912896 0.069174
v -0.093673 0.902596 0.058342
v -0.078278 0.911699 0.070899
v -0.085616 0.911875 0.070116
v -0.083276 0.913039 0.069526
v -0.093328 0.889621 0.055040
v -0.104685 0.906098 0.073761
v -0.082034 0.910257 0.071164
v -0.100989 0.894092 0.071731
v -0.059848 0.904433 0.073584
v -0.098550 0.908102 0.084780
v -0.120805 0.938926 0.061033
v -0.136503 0.942190 0.057223
v -0.119871 0.957374 0.049921
v -0.140826 0.930463 0.074909
v -0.132007 0.946103 0.078495
v -0.118075 0.959174 0.063745
v -0.135441 0.908491 0.082819
v -0.114031 0.917814 0.093272
v -0.121955 0.929770 0.073964
v -0.106308 0.949527 0.090628
v -0.094195 0.959106 0.076012
v -0.121387 0.934783 0.099080
v -0.108531 0.878492 0.065925
v -0.103395 0.869830 0.082264
v -0.088099 0.880655 0.068456
v -0.104082 0.913920 0.122511
v -0.087671 0.930727 0.114717
v -0.128976 0.918717 0.098525
v -0.112130 0.900053 0.121303
v -0.096524 0.900970 0.114875
v -0.072037 0.943684 0.100816
v -0.083635 0.909879 0.069675
v -0.079348 0.924224 0.087299
v -0.071876 0.930908 0.077590
v -0.006284 0.786714 0.081628
v -0.004600 0.789141 0.083250
v -0.003683 0.786365 0.081599
v -0.006311 0.789659 0.084422
v -0.006381 0.789480 0.084375
v -0.001361 0.786501 0.080094
v -0.005954 0.787190 0.081946
v -0.005328 0.787003 0.081578
v -0.005444 0.786792 0.081495
v -0.005508 0.789314 0.083823
v -0.005555 0.789845 0.083690
v -0.004480 0.790150 0.083691
v -0.004131 0.789295 0.082962
v -0.004447 0.788815 0.082690
v -0.004822 0.788821 0.083036
v -0.004255 0.789567 0.083354
v -0.003385 0.786382 0.081406
v -0.003302 0.787328 0.081755
v -0.003821 0.787136 0.082022
v -0.002456 0.786688 0.080592
v -0.002401 0.786785 0.080597
v -0.001780 0.786476 0.080365
v -0.003529 0.786871 0.081080
v -0.003543 0.786817 0.080940
v -0.003372 0.787173 0.081159
v -0.002304 0.787119 0.080820
v -0.001958 0.786466 0.080480
v -0.002393 0.787244 0.081107
v -0.002402 0.786440 0.080768
v -0.002643 0.787348 0.081319
v -0.002722 0.786421 0.080976
v -0.002963 0.787351 0.081536
v -0.003051 0.786402 0.081189
v -0.002993 0.787934 0.081623
v -0.003001 0.788193 0.081922
v -0.003443 0.788115 0.082186
v -0.003583 0.788599 0.082287
v -0.003644 0.788863 0.082642
v -0.004104 0.788722 0.082891
v -0.003963 0.787930 0.082457
v -0.003854 0.788126 0.082008
v -0.004704 0.788318 0.082390
v -0.004070 0.787705 0.081753
v -0.004930 0.787878 0.082123
v -0.005406 0.787979 0.082473
v -0.005128 0.788380 0.082741
v -0.005132 0.787445 0.081854
v -0.005680 0.787585 0.082210
v -0.004279 0.787284 0.081495
v -0.004462 0.786904 0.081262
v -0.004530 0.786877 0.081350
v -0.003140 0.787603 0.081416
v 0.143797 0.748331 -0.055933
v 0.152326 0.733854 -0.072187
v 0.108433 0.708933 -0.055238
v 0.131550 0.697172 -0.088806
v 0.148904 0.724398 -0.142207
v 0.160485 0.710659 -0.135530
v 0.190283 0.735636 -0.055457
v 0.187046 0.733857 -0.060550
v 0.188138 0.731603 -0.083731
v 0.174885 0.728674 -0.112768
v 0.184140 0.713023 -0.060305
v 0.193114 0.720408 -0.049279
v 0.215184 0.645138 -0.023714
v 0.123547 0.676467 -0.093921
v 0.146381 0.667485 -0.086269
v 0.122031 0.675228 -0.060431
v 0.115134 0.681773 -0.069083
v 0.205350 0.670256 -0.011779
v 0.110021 0.668738 -0.044674
v 0.203241 0.642680 -0.026265
v 0.188985 0.636907 -0.013051
v 0.123682 0.731798 -0.055311
v 0.135185 0.719351 -0.039272
v 0.155558 0.741013 -0.044272
v 0.150732 0.758598 -0.068540
v 0.117707 0.740577 -0.076752
v 0.171089 0.751905 -0.054718
v 0.156621 0.748551 -0.079754
v 0.175493 0.744655 -0.065056
v 0.162550 0.727417 -0.060890
v 0.135889 0.720581 -0.074415
v 0.125073 0.733997 -0.089578
v 0.148676 0.708141 -0.057503
v 0.096640 0.704943 -0.071530
v 0.097992 0.679187 -0.057158
v 0.115536 0.694810 -0.043717
v 0.138122 0.712691 -0.089600
v 0.127110 0.711501 -0.107567
v 0.122377 0.689976 -0.101196
v 0.133405 0.685577 -0.082268
v 0.145128 0.702425 -0.076304
v 0.155386 0.738380 -0.131120
v 0.172417 0.731368 -0.142655
v 0.156921 0.712002 -0.150957
v 0.134468 0.715954 -0.134548
v 0.138565 0.732834 -0.116800
v 0.141019 0.700115 -0.135377
v 0.174612 0.720200 -0.133815
v 0.163839 0.719062 -0.120253
v 0.151766 0.709324 -0.125351
v 0.178722 0.740192 -0.045646
v 0.174293 0.717550 -0.047065
v 0.209228 0.732676 -0.064453
v 0.188158 0.744850 -0.076134
v 0.186276 0.736808 -0.113153
v 0.183090 0.753719 -0.111430
v 0.179049 0.726947 -0.070969
v 0.184948 0.719775 -0.080844
v 0.179564 0.724810 -0.092730
v 0.200221 0.720861 -0.069056
v 0.163226 0.713359 -0.103482
v 0.174289 0.707394 -0.062390
v 0.173652 0.694595 -0.051049
v 0.183942 0.700490 -0.039917
v 0.173213 0.694990 -0.076460
v 0.167802 0.705340 -0.090559
v 0.219052 0.700792 -0.052675
v 0.194855 0.690259 -0.053077
v 0.202204 0.707498 -0.034143
v 0.218598 0.714995 -0.038670
v 0.199045 0.653803 -0.032336
v 0.220952 0.658674 -0.028236
v 0.238889 0.652723 -0.015129
v 0.218611 0.633366 -0.013701
v 0.196240 0.631920 -0.023162
v 0.122829 0.680732 -0.113557
v 0.125215 0.666142 -0.100651
v 0.136187 0.670410 -0.079807
v 0.140963 0.672351 -0.096670
v 0.157314 0.681439 -0.085222
v 0.158352 0.675173 -0.072301
v 0.150678 0.686549 -0.068966
v 0.117298 0.661024 -0.057458
v 0.101431 0.672209 -0.072997
v 0.121489 0.698832 -0.072621
v 0.135249 0.689240 -0.056574
v 0.142789 0.672403 -0.041423
v 0.103602 0.700372 -0.085557
v 0.223323 0.661418 -0.006816
v 0.230519 0.690090 -0.018353
v 0.205554 0.688266 -0.019444
v 0.184020 0.682057 -0.025259
v 0.190910 0.662012 -0.013830
v 0.205115 0.644618 -0.006918
v 0.130197 0.680262 -0.031664
v 0.181703 0.644285 -0.033041
v 0.176447 0.650120 -0.021570
v 0.170053 0.672886 -0.036351
v 0.177712 0.666855 -0.045391
v 0.196886 0.671381 -0.041708
v 0.180611 0.689544 -0.056704
v 0.224952 0.678930 -0.037705
v 0.248492 0.683960 -0.029008
v 0.236410 0.716356 -0.052131
v 0.151833 0.704883 -0.028819
v 0.161792 0.697367 -0.041098
v 0.168723 0.727498 -0.035928
v 0.163431 0.701708 -0.065098
v 0.169613 0.692437 -0.062739
v 0.158921 0.719051 -0.074622
v 0.138712 0.683927 -0.107012
v 0.153002 0.693594 -0.098294
v 0.136489 0.695149 -0.120392
v 0.150212 0.703589 -0.110556
v 0.125199 0.701175 -0.121859
v 0.154663 0.737788 -0.086198
v 0.160946 0.750804 -0.109355
v 0.308787 0.713658 -0.031180
v 0.314582 0.725202 -0.011541
v 0.287645 0.704401 -0.009005
v 0.338961 0.641964 -0.011721
v 0.362148 0.595320 -0.000684
v 0.386875 0.574002 -0.009286
v 0.388431 0.572588 0.005762
v 0.316873 0.670383 -0.001605
v 0.318052 0.661817 0.010570
v 0.344914 0.594522 0.038508
v 0.322606 0.583746 0.066415
v 0.318532 0.598035 0.057773
v 0.326264 0.608718 0.068125
v 0.330707 0.588653 0.075755
v 0.313222 0.631588 0.047064
v 0.328743 0.641327 0.025423
v 0.371076 0.613963 0.015469
v 0.294620 0.712362 -0.020218
v 0.279250 0.727795 -0.024084
v 0.307442 0.727221 -0.040915
v 0.322765 0.700517 -0.031403
v 0.311079 0.693878 -0.015918
v 0.334238 0.710274 -0.046142
v 0.330560 0.710846 -0.009217
v 0.340000 0.716596 -0.030834
v 0.312705 0.733964 -0.027840
v 0.292492 0.733681 -0.012828
v 0.295365 0.721483 0.001822
v 0.314596 0.701416 0.008448
v 0.300799 0.687934 -0.002982
v 0.295277 0.685370 0.014311
v 0.272888 0.708101 0.003978
v 0.336546 0.674392 -0.022783
v 0.349689 0.674416 -0.033469
v 0.356559 0.646619 -0.022509
v 0.324167 0.650135 -0.002153
v 0.325164 0.670449 -0.009548
v 0.370660 0.623023 -0.023406
v 0.360280 0.616455 -0.012159
v 0.329448 0.626079 0.007110
v 0.315110 0.636775 0.011349
v 0.349142 0.608227 0.003188
v 0.373247 0.597041 -0.011870
v 0.377503 0.575605 -0.004391
v 0.360853 0.578412 0.009169
v 0.339184 0.595119 0.018905
v 0.383821 0.599527 -0.019912
v 0.390928 0.606517 -0.008585
v 0.392956 0.582794 -0.000634
v 0.380925 0.591596 0.014976
v 0.371486 0.576272 0.023725
v 0.312414 0.652611 0.022550
v 0.317825 0.647666 0.031705
v 0.331555 0.674676 0.007362
v 0.341762 0.647375 0.010559
v 0.362431 0.603390 0.026239
v 0.346850 0.619478 0.029594
v 0.339691 0.607529 0.046149
v 0.337415 0.594375 0.066107
v 0.331124 0.586491 0.057126
v 0.320138 0.608677 0.042550
v 0.320255 0.614080 0.022644
v 0.307890 0.597997 0.065277
v 0.315697 0.608259 0.075477
v 0.306112 0.618349 0.044492
v 0.325226 0.624339 0.047803
v 0.306834 0.641759 0.032923
v 0.308692 0.628736 0.026827
v 0.358941 0.628317 0.015814
v 0.382399 0.610629 0.005322
v 0.369841 0.631014 0.002408
v 0.376802 0.630391 -0.012838
v 0.360551 0.649149 -0.014890
v 0.353097 0.649048 -0.002271
v 0.357910 0.679985 -0.023758
v 0.345832 0.680910 -0.005303
v 0.400230 0.486654 0.067635
v 0.383492 0.436931 0.082814
v 0.387417 0.457278 0.078934
v 0.410002 0.503379 0.076812
v 0.427717 0.485038 0.054134
v 0.442750 0.493932 0.064773
v 0.462044 0.412059 0.106287
v 0.452567 0.406680 0.094462
v 0.414383 0.417069 0.099271
v 0.388822 0.451239 0.094669
v 0.385772 0.469655 0.086829
v 0.390874 0.462974 0.095812
v 0.398666 0.462876 0.089867
v 0.397728 0.401971 0.094270
v 0.382835 0.429643 0.087667
v 0.372563 0.426552 0.094768
v 0.377894 0.438906 0.110033
v 0.387731 0.400666 0.100801
v 0.392966 0.398479 0.119201
v 0.424674 0.421560 0.105203
v 0.420019 0.447186 0.121051
v 0.389884 0.498446 0.062325
v 0.414332 0.508192 0.042164
v 0.414091 0.490261 0.057719
v 0.415739 0.466003 0.078039
v 0.361136 0.429695 0.097918
v 0.359858 0.440374 0.110328
v 0.377514 0.456410 0.092966
v 0.409948 0.411345 0.081918
v 0.394548 0.415275 0.089106
v 0.400086 0.436604 0.100125
v 0.411038 0.483984 0.089895
v 0.428084 0.481542 0.083724
v 0.426051 0.504050 0.069483
v 0.423152 0.517964 0.052745
v 0.394359 0.511123 0.071691
v 0.394389 0.481347 0.092440
v 0.439741 0.491844 0.040637
v 0.430568 0.465636 0.069510
v 0.448554 0.463853 0.060891
v 0.449246 0.497994 0.049526
v 0.444294 0.476368 0.075695
v 0.454304 0.469161 0.065532
v 0.468107 0.425327 0.096281
v 0.453129 0.430810 0.109730
v 0.449938 0.408990 0.116053
v 0.457337 0.418230 0.084851
v 0.441437 0.402613 0.105141
v 0.439264 0.419356 0.096727
v 0.389903 0.424474 0.113828
v 0.406862 0.404723 0.110253
v 0.407404 0.391534 0.095877
v 0.399169 0.466697 0.107370
v 0.417986 0.439939 0.097669
v 0.401411 0.434519 0.111541
v 0.387859 0.389202 0.107594
v 0.378505 0.412158 0.099767
v 0.365124 0.403680 0.112003
v 0.372752 0.412177 0.122634
v 0.419402 0.409151 0.117761
v 0.435769 0.440737 0.085800
v 0.415691 0.464417 0.108869
v 0.406421 0.440514 0.126338
v 0.435529 0.437480 0.119056
v 0.434439 0.459599 0.104188
v 0.427826 0.417614 0.127725
v 0.450940 0.453371 0.095906
v 0.462745 0.448518 0.082754
v 0.452824 0.440791 0.075008
v 0.328476 0.502739 0.077784
v 0.309988 0.523553 0.072511
v 0.330225 0.530834 0.083488
v 0.315003 0.521051 0.110793
v 0.300782 0.537754 0.111377
v 0.334394 0.535307 0.122413
v 0.189453 0.462808 0.096110
v 0.195145 0.442481 0.078450
v 0.179028 0.418533 0.097110
v 0.175448 0.420416 0.076389
v 0.223843 0.500039 0.058772
v 0.249105 0.498413 0.089858
v 0.219533 0.513363 0.072618
v 0.242473 0.489819 0.076729
v 0.300207 0.538604 0.088236
v 0.227918 0.469604 0.107704
v 0.272758 0.523701 0.159708
v 0.260218 0.538406 0.171426
v 0.254189 0.512095 0.183192
v 0.221711 0.539294 0.184548
v 0.227139 0.527422 0.192965
v 0.196983 0.530464 0.186533
v 0.201225 0.518794 0.196882
v 0.155495 0.489486 0.195991
v 0.198064 0.502343 0.186851
v 0.170420 0.484225 0.182198
v 0.165633 0.461384 0.192799
v 0.148237 0.471119 0.192259
v 0.265187 0.499453 0.178769
v 0.260526 0.494340 0.184848
v 0.251506 0.502170 0.222673
v 0.267808 0.491079 0.195727
v 0.265274 0.499864 0.202231
v 0.257658 0.466520 0.190831
v 0.264643 0.462043 0.173519
v 0.244363 0.475369 0.174811
v 0.272472 0.499244 0.178054
v 0.247161 0.455739 0.139337
v 0.251424 0.453042 0.127072
v 0.288628 0.490170 0.119794
v 0.284037 0.508252 0.107625
v 0.311946 0.468464 0.121353
v 0.315925 0.475607 0.125114
v 0.316774 0.543681 0.127350
v 0.288571 0.509237 0.117325
v 0.308342 0.509799 0.124954
v 0.295770 0.518208 0.130087
v 0.293155 0.558399 0.143535
v 0.282471 0.525891 0.160914
v 0.278996 0.519313 0.166539
v 0.307958 0.564301 0.161665
v 0.348286 0.540548 0.133360
v 0.316856 0.531905 0.138929
v 0.315039 0.507047 0.128451
v 0.285106 0.490752 0.193425
v 0.276348 0.502798 0.192837
v 0.321200 0.515089 0.072449
v 0.332848 0.525257 0.068118
v 0.342710 0.501621 0.077267
v 0.338271 0.483482 0.091861
v 0.323072 0.494181 0.088680
v 0.309970 0.508526 0.086709
v 0.316481 0.538156 0.075442
v 0.296193 0.521271 0.084301
v 0.319923 0.530985 0.090479
v 0.340396 0.510602 0.093201
v 0.328595 0.532160 0.094604
v 0.316834 0.544437 0.093025
v 0.324494 0.555969 0.087387
v 0.330245 0.544509 0.103749
v 0.325102 0.517087 0.103376
v 0.302159 0.529213 0.102371
v 0.324993 0.501753 0.115368
v 0.295264 0.552298 0.102332
v 0.311343 0.530043 0.109885
v 0.278399 0.538459 0.126397
v 0.326508 0.553497 0.119147
v 0.337706 0.554823 0.135623
v 0.349548 0.524692 0.144625
v 0.344424 0.509977 0.130578
v 0.200009 0.453264 0.105702
v 0.212811 0.472250 0.103202
v 0.195869 0.476243 0.093266
v 0.180702 0.477326 0.080861
v 0.176335 0.456507 0.089330
v 0.183404 0.437697 0.100074
v 0.181415 0.440514 0.069854
v 0.186694 0.463153 0.060634
v 0.203686 0.455096 0.077119
v 0.217223 0.440838 0.093619
v 0.201181 0.426229 0.090564
v 0.185075 0.420170 0.082568
v 0.194847 0.422984 0.105573
v 0.170814 0.425216 0.091134
v 0.162279 0.446509 0.077035
v 0.166706 0.437579 0.063407
v 0.212441 0.492053 0.058074
v 0.207444 0.504109 0.047941
v 0.226781 0.513137 0.052642
v 0.234763 0.496470 0.067712
v 0.223361 0.484394 0.070627
v 0.247004 0.509961 0.068301
v 0.263777 0.494735 0.102182
v 0.253826 0.476572 0.112443
v 0.243488 0.483647 0.100290
v 0.244259 0.503832 0.093720
v 0.261211 0.508783 0.103163
v 0.237376 0.512946 0.077338
v 0.206925 0.507281 0.072823
v 0.216275 0.499642 0.086535
v 0.226817 0.507936 0.082223
v 0.223328 0.518972 0.063149
v 0.203622 0.512178 0.058314
v 0.237745 0.478374 0.082683
v 0.239101 0.459974 0.118860
v 0.235724 0.464897 0.131944
v 0.228373 0.477684 0.117120
v 0.214341 0.442104 0.111224
v 0.228899 0.463267 0.087778
v 0.220407 0.483468 0.101022
v 0.289160 0.547109 0.136558
v 0.275898 0.549924 0.131853
v 0.254084 0.528370 0.152974
v 0.248644 0.529726 0.185088
v 0.240027 0.544725 0.175587
v 0.234590 0.550299 0.187800
v 0.258568 0.546360 0.184142
v 0.269413 0.551981 0.172007
v 0.273349 0.543707 0.164389
v 0.231044 0.539658 0.181909
v 0.252510 0.503590 0.203844
v 0.236697 0.514438 0.200576
v 0.273394 0.485147 0.184058
v 0.289309 0.503636 0.168407
v 0.186255 0.534869 0.176942
v 0.202353 0.521419 0.177499
v 0.198025 0.533078 0.169995
v 0.217026 0.531406 0.203527
v 0.237456 0.537980 0.203671
v 0.230146 0.513325 0.219763
v 0.209165 0.508544 0.189322
v 0.177603 0.516440 0.194096
v 0.191772 0.503687 0.206581
v 0.168783 0.525721 0.173626
v 0.205491 0.488734 0.204713
v 0.145235 0.487285 0.184183
v 0.157317 0.473792 0.201220
v 0.164796 0.502096 0.196760
v 0.152943 0.508116 0.177280
v 0.176284 0.486159 0.208871
v 0.193654 0.489375 0.192080
v 0.188731 0.510526 0.177200
v 0.177329 0.496170 0.179607
v 0.178626 0.475132 0.191677
v 0.155454 0.482352 0.174758
v 0.161747 0.501703 0.167131
v 0.159184 0.467669 0.185140
v 0.185487 0.468076 0.205563
v 0.272686 0.488836 0.180740
v 0.283775 0.501763 0.167977
v 0.274033 0.509487 0.169146
v 0.255022 0.500560 0.180939
v 0.259561 0.482185 0.187775
v 0.276586 0.480488 0.193843
v 0.265444 0.505657 0.216790
v 0.249433 0.521158 0.215012
v 0.279046 0.512886 0.202318
v 0.242627 0.476727 0.190478
v 0.255099 0.466110 0.175425
v 0.268590 0.466439 0.187792
v 0.278092 0.467604 0.165409
v 0.284753 0.473548 0.177834
v 0.264169 0.479902 0.165116
v 0.232227 0.501065 0.178294
v 0.244077 0.491723 0.166291
v 0.297093 0.482726 0.172163
v 0.269932 0.469659 0.138048
v 0.254596 0.480783 0.132572
v 0.268983 0.465860 0.123742
v 0.278853 0.488468 0.112434
v 0.299286 0.497893 0.103805
v 0.313328 0.483970 0.103763
v 0.301581 0.477184 0.119149
v 0.308280 0.486227 0.127803
v 0.303694 0.502774 0.125549
v 0.271656 0.497139 0.122310
v 0.252956 0.501252 0.114697
v 0.324602 0.471246 0.107467
v 0.326936 0.480368 0.117978
v 0.318514 0.493761 0.123148
v 0.307966 0.556971 0.118032
v 0.311791 0.548450 0.134616
v 0.312296 0.567701 0.126429
v 0.304806 0.537585 0.138086
v 0.305359 0.502244 0.138048
v 0.276956 0.497279 0.150601
v 0.258879 0.514736 0.148359
v 0.291752 0.484591 0.151431
v 0.289991 0.573981 0.142541
v 0.301162 0.541185 0.146449
v 0.284474 0.552938 0.153223
v 0.276902 0.564543 0.159483
v 0.303795 0.513258 0.156173
v 0.299517 0.552720 0.174223
v 0.311749 0.537420 0.175449
v 0.322145 0.554952 0.159369
v 0.301017 0.573966 0.153089
v 0.287588 0.563154 0.169162
v 0.321079 0.568700 0.140729
v 0.336450 0.538809 0.155241
v 0.320781 0.497296 0.151339
v 0.303171 0.506666 0.148598
v 0.302727 0.474196 0.181634
v 0.305016 0.489677 0.185897
v 0.301649 0.507056 0.186348
v 0.293358 0.522235 0.186911
v 0.324238 0.519013 0.172851
v 0.284737 0.535827 0.185984
v 0.267432 0.526762 0.202539
v 0.276833 0.545862 0.180961
v 0.259262 0.539358 0.194534
v 0.335163 0.499039 0.166287
v 0.337277 0.482630 0.156075
v 0.296451 0.489694 0.162817
v 0.290085 0.517923 0.154119
v 0.298027 0.567650 0.105792
v 0.337463 0.492782 0.105807
v 0.237045 0.500962 0.097223
v 0.228384 0.493018 0.100182
v 0.240969 0.488862 0.120686
v 0.206227 0.489606 0.089958
v 0.192452 0.495186 0.075590
v 0.185073 0.497899 0.058590
v 0.168267 0.474841 0.064571
v 0.189396 0.491032 0.046590
v 0.171466 0.467045 0.050756
v 0.199142 0.480161 0.058035
v 0.213516 0.469858 0.074616
v 0.178165 0.519033 0.165619
v 0.210941 0.543285 0.179225
v 0.092408 0.691461 0.209505
v 0.033682 0.663717 0.174503
v 0.019873 0.673562 0.193429
v 0.013539 0.634195 0.193115
v 0.034755 0.632273 0.191262
v 0.138955 0.695351 0.286515
v 0.136984 0.707526 0.278580
v 0.167533 0.682740 0.304967
v 0.235852 0.701541 0.257627
v 0.223447 0.697026 0.246641
v 0.196986 0.707557 0.247838
v 0.175720 0.707719 0.233268
v 0.175294 0.727692 0.256277
v 0.137194 0.729173 0.282436
v 0.163169 0.728516 0.230217
v 0.151357 0.743972 0.234702
v 0.166648 0.746130 0.246335
v 0.185641 0.744375 0.235764
v 0.181649 0.742026 0.230968
v 0.140688 0.792866 0.239691
v 0.146060 0.768743 0.242319
v 0.155749 0.757950 0.262576
v 0.166362 0.763496 0.236398
v 0.171285 0.752699 0.233892
v 0.242480 0.773687 0.238870
v 0.221982 0.755986 0.238654
v 0.192714 0.761961 0.206776
v 0.121687 0.747792 0.201025
v 0.116592 0.764277 0.202380
v 0.137589 0.791709 0.228586
v 0.215848 0.803018 0.229292
v 0.234458 0.776813 0.219176
v 0.186848 0.779224 0.199166
v 0.205353 0.777774 0.192392
v 0.200863 0.779281 0.204435
v 0.170786 0.740272 0.215732
v 0.157705 0.738427 0.225025
v 0.087349 0.723388 0.222529
v 0.133366 0.716753 0.195144
v 0.143172 0.731888 0.183981
v 0.069708 0.694350 0.187242
v 0.085140 0.725715 0.186190
v 0.089573 0.719268 0.186761
v 0.111687 0.704918 0.211954
v 0.114877 0.725248 0.199153
v 0.094227 0.711585 0.197014
v 0.092448 0.690729 0.193370
v 0.108336 0.693442 0.206508
v 0.107362 0.704750 0.220152
v 0.116548 0.693608 0.234522
v 0.092433 0.670130 0.228581
v 0.097266 0.715036 0.204184
v 0.067496 0.649209 0.216526
v 0.066952 0.672772 0.201927
v 0.032801 0.648279 0.181526
v 0.016875 0.641519 0.170025
v 0.021162 0.666580 0.163213
v 0.036501 0.691522 0.164959
v 0.045943 0.677284 0.179534
v 0.048864 0.659295 0.192458
v 0.030726 0.687636 0.197962
v 0.026961 0.696648 0.177444
v 0.012554 0.671842 0.176508
v 0.021883 0.659454 0.201857
v 0.037531 0.673112 0.214095
v 0.008377 0.648528 0.182444
v 0.020947 0.618445 0.189743
v 0.039673 0.623602 0.214518
v 0.028050 0.641493 0.211663
v 0.048730 0.636935 0.203750
v 0.145363 0.712662 0.272006
v 0.153059 0.693039 0.283015
v 0.134717 0.693812 0.304434
v 0.132450 0.717675 0.292177
v 0.155557 0.672838 0.296485
v 0.156733 0.701108 0.302290
v 0.178090 0.675576 0.285565
v 0.185969 0.682815 0.294728
v 0.178568 0.703460 0.292111
v 0.237410 0.689271 0.248918
v 0.244081 0.707292 0.233216
v 0.237685 0.716625 0.249346
v 0.219067 0.701012 0.264652
v 0.217352 0.685690 0.264035
v 0.216023 0.716072 0.257980
v 0.208329 0.693826 0.255985
v 0.221974 0.707590 0.239136
v 0.193693 0.687939 0.269625
v 0.182280 0.700477 0.263011
v 0.184397 0.710791 0.241636
v 0.185315 0.727480 0.231115
v 0.192707 0.724098 0.234407
v 0.215804 0.722362 0.228875
v 0.172068 0.712556 0.255667
v 0.157729 0.695186 0.231492
v 0.158921 0.704649 0.211584
v 0.178738 0.714254 0.216208
v 0.171934 0.716323 0.225126
v 0.159929 0.717315 0.223616
v 0.164202 0.713777 0.244763
v 0.190269 0.727287 0.252933
v 0.173184 0.729967 0.246465
v 0.159110 0.716592 0.263938
v 0.156400 0.734334 0.270378
v 0.154278 0.721118 0.289798
v 0.177620 0.741397 0.222888
v 0.139274 0.751129 0.224172
v 0.121026 0.732221 0.233020
v 0.135814 0.722216 0.242166
v 0.151824 0.757347 0.214753
v 0.155005 0.755063 0.249592
v 0.136985 0.718166 0.232976
v 0.210753 0.730273 0.247004
v 0.203749 0.747399 0.231469
v 0.199640 0.748901 0.213495
v 0.205620 0.737737 0.218730
v 0.181249 0.752945 0.255320
v 0.164002 0.770719 0.255440
v 0.144443 0.771184 0.260099
v 0.185123 0.768798 0.258094
v 0.138580 0.785520 0.249046
v 0.160248 0.780825 0.248507
v 0.156864 0.790094 0.238054
v 0.131893 0.779131 0.239839
v 0.154085 0.789761 0.225289
v 0.133241 0.765854 0.251385
v 0.147982 0.777179 0.233711
v 0.170861 0.779076 0.230114
v 0.240363 0.763290 0.228536
v 0.240008 0.788243 0.227360
v 0.224371 0.789840 0.240954
v 0.231102 0.769514 0.250058
v 0.234569 0.750523 0.247173
v 0.208364 0.747268 0.259573
v 0.203962 0.755806 0.244266
v 0.200729 0.769857 0.234343
v 0.222529 0.767820 0.229693
v 0.181393 0.766072 0.215416
v 0.197596 0.769184 0.195924
v 0.211704 0.753338 0.200107
v 0.141044 0.742136 0.216887
v 0.105983 0.740023 0.197320
v 0.097323 0.754157 0.184492
v 0.123509 0.761032 0.190256
v 0.141690 0.760916 0.202077
v 0.131741 0.744020 0.210124
v 0.115872 0.729163 0.211634
v 0.098814 0.753257 0.203048
v 0.108622 0.743296 0.219484
v 0.128453 0.760031 0.212805
v 0.222046 0.805579 0.211791
v 0.197465 0.802566 0.232641
v 0.205075 0.787427 0.247982
v 0.191522 0.804460 0.215012
v 0.219811 0.786174 0.215963
v 0.201848 0.768457 0.217070
v 0.218966 0.762616 0.205455
v 0.177085 0.740636 0.202774
v 0.144939 0.751364 0.185729
v 0.139731 0.736678 0.205584
v 0.079461 0.733164 0.205884
v 0.053111 0.709654 0.204666
v 0.059547 0.696261 0.222322
v 0.101590 0.709869 0.237476
v 0.071174 0.679819 0.238472
v 0.151836 0.723604 0.195235
v 0.132053 0.702652 0.206829
v 0.110366 0.705404 0.194430
v 0.123894 0.721913 0.184729
v 0.117461 0.728687 0.170652
v 0.148335 0.742777 0.174633
v 0.170832 0.731487 0.194608
v 0.098016 0.708235 0.182384
v 0.060220 0.711476 0.173139
v 0.052117 0.719247 0.184349
v 0.075621 0.737040 0.189107
v 0.112442 0.737025 0.181496
v 0.130248 0.688830 0.218865
v 0.133772 0.712820 0.219386
v 0.047006 0.654667 0.226833
v 0.060076 0.637396 0.231726
v 0.086269 0.663745 0.246587
v 0.115696 0.696430 0.246118
v 0.221553 0.745992 0.218670
v 0.221033 0.738420 0.210982
v 0.230942 0.732754 0.235156
v 0.232594 0.724079 0.222325
v 0.197555 0.787772 0.220920
v 0.171135 0.791367 0.226944
v 0.175882 0.794006 0.236963
v 0.183343 0.783452 0.250232
v 0.209247 0.767359 0.258663
v 0.125475 0.722507 0.222337
v 0.194226 0.715761 0.267346
v 0.176484 0.719542 0.279975
v 0.197223 0.702750 0.275824
v 0.200955 0.688508 0.276853
v 0.167272 0.695661 0.275551
v 0.199199 0.466067 0.324412
v 0.220286 0.420942 0.316185
v 0.206301 0.477190 0.262727
v 0.204752 0.495261 0.296393
v 0.205245 0.514032 0.285943
v 0.177693 0.496212 0.282282
v 0.185011 0.493251 0.291855
v 0.198598 0.496205 0.290319
v 0.203193 0.454347 0.363658
v 0.204575 0.474270 0.338534
v 0.236091 0.416789 0.341822
v 0.243893 0.430782 0.361356
v 0.238310 0.395252 0.373005
v 0.221794 0.390555 0.360487
v 0.192895 0.407298 0.334740
v 0.196929 0.429288 0.349967
v 0.145169 0.317416 0.373488
v 0.156861 0.348008 0.373975
v 0.159459 0.318258 0.354800
v 0.145052 0.345170 0.352400
v 0.170848 0.487815 0.297009
v 0.171637 0.493001 0.303862
v 0.186200 0.490901 0.301622
v 0.210553 0.475745 0.322473
v 0.244516 0.456881 0.333392
v 0.234042 0.444762 0.326043
v 0.196417 0.445872 0.339400
v 0.176076 0.448059 0.344512
v 0.179132 0.470263 0.327784
v 0.220989 0.432675 0.338966
v 0.192034 0.388943 0.328130
v 0.224582 0.411861 0.298837
v 0.215944 0.449787 0.293275
v 0.199853 0.452370 0.312118
v 0.218201 0.447814 0.278828
v 0.218332 0.477103 0.252060
v 0.211405 0.448403 0.273468
v 0.196981 0.458842 0.277848
v 0.182915 0.469852 0.282404
v 0.195870 0.490111 0.267573
v 0.206660 0.505675 0.251860
v 0.212156 0.501207 0.277262
v 0.199428 0.506354 0.306342
v 0.216194 0.508624 0.260343
v 0.197371 0.526193 0.276513
v 0.179682 0.517073 0.312844
v 0.169310 0.480840 0.287955
v 0.182355 0.521453 0.269931
v 0.163099 0.501498 0.305512
v 0.191119 0.481013 0.293529
v 0.201348 0.478572 0.288563
v 0.216134 0.479352 0.277050
v 0.183471 0.475159 0.336990
v 0.185653 0.454100 0.364479
v 0.217782 0.437038 0.370339
v 0.232624 0.450708 0.354817
v 0.199616 0.424755 0.378555
v 0.253465 0.414594 0.336085
v 0.250319 0.391166 0.351455
v 0.231298 0.402491 0.351007
v 0.213130 0.416503 0.351410
v 0.234433 0.419240 0.370923
v 0.250946 0.402619 0.364453
v 0.258596 0.422784 0.350259
v 0.220820 0.406126 0.379278
v 0.205680 0.391732 0.378728
v 0.232617 0.379170 0.369810
v 0.204741 0.397951 0.363886
v 0.182695 0.452857 0.321335
v 0.170406 0.413545 0.338984
v 0.180580 0.364520 0.358456
v 0.185587 0.357248 0.340718
v 0.158538 0.372442 0.368064
v 0.183932 0.418767 0.360433
v 0.148638 0.321045 0.356822
v 0.157094 0.321666 0.372818
v 0.141564 0.339866 0.377902
v 0.124774 0.331424 0.373798
v 0.130372 0.335237 0.358575
v 0.171524 0.335313 0.368629
v 0.134242 0.374386 0.372156
v 0.160286 0.335650 0.350570
v 0.175619 0.326983 0.350494
v 0.146164 0.363414 0.346743
v 0.167639 0.358289 0.342037
v 0.123958 0.367292 0.350864
v 0.155461 0.450788 0.306019
v 0.162163 0.459116 0.319197
v 0.143566 0.415941 0.333939
v 0.152080 0.416642 0.338543
v 0.111276 0.374136 0.366294
v 0.149956 0.410864 0.329109
v 0.168311 0.443952 0.304558
v 0.186279 0.433145 0.302056
v 0.166122 0.399723 0.327605
v 0.203969 0.421570 0.299109
v 0.180236 0.391234 0.328001
v 0.181584 0.414507 0.376497
v 0.168365 0.453764 0.356773
v 0.175513 0.473600 0.331824
v 0.226901 0.479231 0.262488
v 0.209616 0.509721 0.308589
v 0.217971 0.507719 0.306675
v 0.276085 0.526985 0.332566
v 0.264024 0.516456 0.318669
v 0.217214 0.514358 0.315801
v 0.209223 0.508460 0.321110
v 0.195034 0.531496 0.320937
v 0.203481 0.503965 0.337733
v 0.181034 0.483764 0.358669
v 0.201677 0.485578 0.365033
v 0.225050 0.506203 0.338159
v 0.161437 0.535027 0.333834
v 0.158582 0.545151 0.353529
v 0.204556 0.545634 0.296946
v 0.197113 0.532886 0.302857
v 0.203996 0.540567 0.310315
v 0.236419 0.568043 0.296497
v 0.239259 0.587628 0.306435
v 0.200034 0.523853 0.322040
v 0.203858 0.520921 0.305555
v 0.218103 0.526426 0.296217
v 0.214018 0.528572 0.313206
v 0.253360 0.529124 0.342051
v 0.250847 0.510538 0.342321
v 0.281918 0.509591 0.327889
v 0.291993 0.538437 0.302318
v 0.278617 0.547532 0.322479
v 0.250108 0.549094 0.336677
v 0.246352 0.512855 0.329411
v 0.242086 0.532218 0.318847
v 0.266955 0.534767 0.306505
v 0.181925 0.529041 0.330169
v 0.172737 0.542729 0.324013
v 0.193991 0.551704 0.309901
v 0.216232 0.491879 0.354283
v 0.197873 0.494216 0.345654
v 0.180421 0.507154 0.344793
v 0.193157 0.515365 0.334846
v 0.212255 0.521528 0.323029
v 0.192659 0.491296 0.368694
v 0.177531 0.505530 0.370705
v 0.164153 0.490997 0.367205
v 0.169697 0.496305 0.355050
v 0.188788 0.485987 0.353738
v 0.206635 0.505300 0.359611
v 0.223800 0.514494 0.347389
v 0.146749 0.540811 0.335111
v 0.163285 0.554870 0.319440
v 0.167398 0.521658 0.340620
v 0.149348 0.514687 0.351162
v 0.163243 0.527496 0.365140
v 0.184526 0.535292 0.355574
v 0.175202 0.550358 0.345546
v 0.144336 0.548909 0.345938
v 0.144540 0.517319 0.365326
v 0.165422 0.562014 0.331370
v 0.230137 0.547954 0.312712
v 0.219037 0.563314 0.305329
v 0.253244 0.556943 0.298133
v 0.207728 0.581452 0.298918
v 0.236828 0.585305 0.287056
v 0.267823 0.572614 0.288737
v 0.219672 0.582873 0.316340
v 0.237453 0.569443 0.327876
v 0.261082 0.575359 0.311020
v 0.192522 0.568061 0.324358
v 0.203578 0.557330 0.336290
v 0.213349 0.543812 0.344299
v 0.195272 0.519570 0.360267
v 0.219068 0.528569 0.347764
v 0.187503 0.564882 0.312035
v 0.108431 0.471629 0.452218
v 0.108069 0.475204 0.429752
v 0.120931 0.483901 0.423359
v 0.119908 0.514316 0.435824
v -0.004988 0.521054 0.390828
v 0.002863 0.516355 0.377060
v 0.065714 0.548418 0.400992
v 0.052581 0.528888 0.399854
v 0.072996 0.555493 0.390183
v 0.007280 0.552480 0.362709
v 0.008371 0.576404 0.378681
v 0.015978 0.549694 0.395853
v 0.077917 0.568968 0.374345
v 0.078820 0.572059 0.379681
v 0.077163 0.555130 0.384888
v 0.074131 0.554467 0.392599
v 0.126238 0.483501 0.446148
v 0.108451 0.502332 0.443845
v 0.090344 0.490548 0.448934
v 0.108544 0.454293 0.449891
v 0.139602 0.471727 0.438087
v 0.074055 0.475324 0.447207
v 0.108023 0.460280 0.436815
v 0.074952 0.473012 0.433134
v 0.092008 0.486064 0.425759
v 0.134122 0.473629 0.426599
v 0.113605 0.498341 0.416771
v 0.137264 0.500385 0.410339
v 0.136942 0.508507 0.431098
v 0.127225 0.540298 0.410226
v 0.110404 0.536765 0.421808
v 0.093920 0.530831 0.427830
v -0.013977 0.537179 0.382876
v -0.021067 0.527510 0.370857
v -0.003851 0.506471 0.386719
v 0.007805 0.525191 0.397199
v 0.001788 0.544853 0.390898
v 0.016101 0.509962 0.395712
v -0.006052 0.530304 0.366929
v 0.016442 0.519468 0.382234
v 0.010310 0.538191 0.370998
v 0.075204 0.547187 0.404528
v 0.060780 0.515582 0.429422
v 0.077241 0.523896 0.431086
v 0.056699 0.506278 0.415674
v 0.048878 0.565341 0.396159
v 0.038239 0.548469 0.401726
v 0.058565 0.583203 0.382551
v 0.070767 0.533213 0.396732
v 0.077459 0.509005 0.412946
v 0.047633 0.541192 0.385416
v 0.061668 0.548209 0.386742
v 0.034913 0.519251 0.400210
v 0.032516 0.530028 0.384801
v 0.025002 0.535246 0.401980
v 0.059045 0.563553 0.375524
v 0.085126 0.549315 0.405771
v 0.087797 0.535586 0.394137
v 0.019622 0.564950 0.361226
v 0.026156 0.548405 0.372856
v -0.006517 0.553269 0.355750
v 0.010528 0.577063 0.349899
v 0.001490 0.563487 0.383200
v 0.021378 0.561529 0.393471
v 0.028693 0.575535 0.387983
v 0.035425 0.590584 0.377099
v 0.003243 0.583648 0.367513
v -0.013576 0.561631 0.371500
v 0.079313 0.569300 0.370132
v 0.090399 0.557390 0.376637
v 0.062261 0.575415 0.366957
v 0.089884 0.562686 0.388629
v 0.084608 0.577084 0.375707
v 0.066899 0.591560 0.369316
v 0.098684 0.565565 0.383314
v 0.103586 0.542194 0.387307
v 0.099313 0.562486 0.374398
v 0.115096 0.550567 0.382273
v 0.135857 0.536041 0.394837
v 0.122321 0.525164 0.397139
v 0.100745 0.516594 0.406724
v 0.150102 0.503563 0.417791
v 0.111393 0.555729 0.393714
v 0.098232 0.552795 0.402970
v 0.084748 0.574507 0.368283
v 0.067345 0.585440 0.361895
v 0.042181 0.589663 0.353621
v 0.040190 0.600237 0.360285
v 0.040788 0.574237 0.363162
v 0.042270 0.557885 0.373798
v 0.002349 0.587292 0.352969
v -0.019067 0.557595 0.358246
v -0.103134 0.466873 0.252313
v -0.099034 0.449040 0.238752
v -0.085639 0.449646 0.227836
v -0.042459 0.426875 0.232428
v -0.078186 0.403037 0.282906
v -0.040441 0.358141 0.288573
v -0.037364 0.315140 0.283386
v -0.059264 0.314318 0.280592
v -0.044603 0.352893 0.264391
v -0.055355 0.399143 0.252281
v -0.055632 0.424558 0.218039
v -0.072140 0.404029 0.258065
v -0.102109 0.366045 0.295080
v -0.096924 0.357286 0.303274
v -0.089122 0.377032 0.300110
v -0.092072 0.354994 0.286638
v -0.096946 0.395753 0.289611
v -0.144829 0.355321 0.289926
v -0.128294 0.318579 0.302067
v -0.101605 0.379753 0.312434
v -0.142608 0.366232 0.315240
v -0.152767 0.318319 0.311801
v -0.134421 0.396273 0.278907
v -0.112597 0.457806 0.242166
v -0.112197 0.438149 0.257126
v -0.098013 0.450215 0.262904
v -0.078673 0.471121 0.231051
v -0.086774 0.464461 0.219055
v -0.075089 0.455312 0.248686
v -0.074568 0.436714 0.227399
v -0.093520 0.436595 0.242898
v -0.062949 0.443622 0.211840
v -0.038641 0.418166 0.217664
v -0.049720 0.452545 0.216067
v -0.052610 0.444935 0.235516
v -0.058761 0.429534 0.248665
v -0.049473 0.415564 0.242681
v -0.057206 0.404085 0.235573
v -0.052378 0.375036 0.290648
v -0.040603 0.382200 0.279876
v -0.063180 0.407972 0.270251
v -0.067612 0.357011 0.300844
v -0.094408 0.409254 0.269040
v -0.089614 0.429089 0.266908
v -0.099605 0.420361 0.261669
v -0.071886 0.433524 0.257486
v -0.028930 0.355678 0.280259
v -0.049551 0.342524 0.295476
v -0.035845 0.333136 0.287400
v -0.026555 0.325373 0.275984
v -0.048172 0.316789 0.291109
v -0.049213 0.318216 0.274095
v -0.036712 0.327616 0.266397
v -0.072705 0.322726 0.285619
v -0.062551 0.332634 0.277871
v -0.065456 0.325293 0.298713
v -0.029815 0.348748 0.258079
v -0.052045 0.340867 0.271094
v -0.053891 0.378249 0.261093
v -0.037831 0.382214 0.253487
v -0.065589 0.361564 0.272444
v -0.053378 0.403919 0.253082
v -0.065354 0.419275 0.230093
v -0.082345 0.380484 0.273565
v -0.083816 0.419134 0.246314
v -0.088435 0.363913 0.281969
v -0.117922 0.337013 0.301871
v -0.131207 0.344402 0.296559
v -0.124627 0.370583 0.291330
v -0.107798 0.331726 0.307266
v -0.082757 0.342559 0.301851
v -0.086107 0.341595 0.287451
v -0.106936 0.365066 0.319257
v -0.109317 0.394183 0.306158
v -0.074870 0.351046 0.279646
v -0.119479 0.395132 0.283888
v -0.121206 0.409787 0.295583
v -0.167230 0.350236 0.284092
v -0.164592 0.390870 0.271515
v -0.143366 0.379033 0.283060
v -0.153691 0.327761 0.293054
v -0.117874 0.338394 0.322286
v -0.139630 0.321714 0.317575
v -0.139027 0.319427 0.298802
v -0.121563 0.374855 0.317323
v -0.133297 0.353090 0.319890
v -0.135815 0.387686 0.309957
v -0.153452 0.395239 0.299944
v -0.159517 0.361409 0.309739
v -0.151301 0.337487 0.315490
v -0.164784 0.327139 0.306426
v -0.170289 0.388477 0.292270
v -0.138609 0.418324 0.282065
v -0.177306 0.354848 0.296628
v -0.055769 0.407432 0.260664
v -0.033369 0.385874 0.266606
v -0.019854 0.352005 0.267830
v -0.024050 0.666121 0.351995
v -0.016828 0.642072 0.383319
v 0.000723 0.674242 0.359733
v -0.007930 0.696655 0.344930
v -0.013670 0.683310 0.363935
v 0.055571 0.678361 0.423946
v 0.173654 0.740572 0.391802
v 0.111579 0.758743 0.310170
v 0.157450 0.739910 0.300944
v 0.169815 0.738442 0.370337
v 0.165763 0.753283 0.315640
v 0.184664 0.752152 0.383981
v 0.180364 0.748317 0.360644
v 0.146221 0.778471 0.351818
v 0.121497 0.760001 0.366465
v 0.095772 0.762973 0.358859
v 0.098462 0.762702 0.338948
v 0.089244 0.762294 0.317171
v 0.118648 0.785401 0.356003
v 0.107244 0.771786 0.350922
v 0.102403 0.770922 0.375850
v 0.157729 0.795453 0.361414
v 0.131844 0.797114 0.302660
v 0.118590 0.782842 0.291158
v 0.028164 0.822578 0.312354
v 0.019116 0.835738 0.311541
v 0.020868 0.833217 0.303026
v 0.029699 0.830871 0.322762
v 0.038024 0.754523 0.375757
v 0.040267 0.740234 0.364864
v 0.010833 0.737355 0.342311
v 0.040008 0.765308 0.358059
v 0.041033 0.757587 0.351331
v 0.048083 0.751008 0.317846
v 0.054725 0.749427 0.322077
v 0.070561 0.761466 0.317143
v 0.055347 0.759462 0.366248
v 0.065710 0.746862 0.386942
v 0.072732 0.746698 0.365027
v 0.042510 0.702588 0.344348
v 0.034647 0.715556 0.361153
v 0.051547 0.701462 0.418428
v 0.062182 0.689690 0.396824
v -0.021238 0.696681 0.350759
v 0.007986 0.718230 0.329777
v -0.072630 0.676566 0.351512
v -0.075558 0.694196 0.361160
v -0.057202 0.684263 0.373131
v -0.032676 0.686125 0.340807
v -0.034494 0.634255 0.372054
v -0.010387 0.666069 0.348768
v -0.009343 0.647316 0.359742
v -0.030269 0.657356 0.358713
v -0.034263 0.674773 0.348803
v -0.021968 0.680196 0.342533
v -0.046871 0.667833 0.355349
v -0.005454 0.655246 0.373780
v -0.021840 0.664649 0.378143
v -0.029213 0.644353 0.386887
v -0.022443 0.637126 0.368281
v 0.007316 0.701521 0.342919
v 0.011295 0.680671 0.357893
v 0.007220 0.684938 0.368606
v -0.001095 0.702926 0.361886
v -0.044883 0.705742 0.341839
v -0.038982 0.694746 0.361934
v -0.042127 0.675354 0.377582
v -0.005446 0.716445 0.353453
v 0.029853 0.682400 0.403247
v 0.046471 0.682313 0.402330
v 0.061831 0.661151 0.420293
v 0.027080 0.673866 0.419503
v 0.070334 0.690097 0.419203
v 0.037757 0.690191 0.422212
v 0.083546 0.675399 0.407701
v 0.167594 0.770793 0.381397
v 0.153517 0.754788 0.391697
v 0.143551 0.737736 0.394850
v 0.176930 0.725182 0.391730
v 0.199304 0.748747 0.374933
v 0.105984 0.745953 0.312032
v 0.105217 0.777212 0.302361
v 0.130381 0.769165 0.296022
v 0.137776 0.752413 0.304408
v 0.142786 0.731939 0.315987
v 0.158956 0.758448 0.286462
v 0.175653 0.739533 0.308205
v 0.150095 0.723342 0.329781
v 0.175485 0.766720 0.288740
v 0.173401 0.721601 0.377954
v 0.143165 0.736060 0.379949
v 0.153287 0.751883 0.367584
v 0.199076 0.742845 0.358900
v 0.168371 0.764526 0.354710
v 0.162748 0.770256 0.308166
v 0.146441 0.744902 0.333078
v 0.137424 0.766231 0.328419
v 0.184746 0.780602 0.364603
v 0.188302 0.777530 0.340862
v 0.145990 0.801468 0.342014
v 0.131907 0.770904 0.360494
v 0.104853 0.750886 0.368317
v 0.090479 0.735336 0.377377
v 0.063158 0.768354 0.361470
v 0.080699 0.780404 0.348928
v 0.080699 0.768827 0.329104
v 0.071130 0.754610 0.335301
v 0.103743 0.742992 0.345399
v 0.127486 0.780573 0.321893
v 0.105521 0.774567 0.329801
v 0.068017 0.772471 0.307458
v 0.081645 0.781500 0.306172
v 0.103436 0.728988 0.330139
v 0.075009 0.744441 0.331188
v 0.098376 0.792084 0.294266
v 0.094807 0.781458 0.324249
v 0.141408 0.784229 0.374048
v 0.099362 0.801318 0.350053
v 0.081132 0.790562 0.368621
v 0.128603 0.768126 0.382441
v 0.094220 0.790491 0.339093
v 0.106697 0.755862 0.380245
v 0.121921 0.759643 0.382572
v 0.148001 0.787904 0.303963
v 0.155441 0.791957 0.282824
v 0.128113 0.804424 0.288780
v 0.115613 0.792160 0.313866
v 0.103933 0.798938 0.302865
v 0.120080 0.795718 0.279544
v 0.145236 0.780446 0.277568
v 0.031817 0.829412 0.305528
v 0.050714 0.820710 0.315467
v 0.040638 0.813146 0.322774
v 0.027480 0.808230 0.329248
v 0.018462 0.822600 0.312863
v 0.033127 0.835907 0.313208
v 0.016950 0.828899 0.320395
v 0.039302 0.822008 0.333754
v 0.050155 0.827187 0.323473
v 0.025175 0.813951 0.336631
v 0.032941 0.743873 0.389787
v 0.024723 0.757307 0.365687
v 0.010441 0.740995 0.382369
v 0.055465 0.749923 0.357538
v 0.038505 0.729096 0.373442
v 0.026602 0.747783 0.359570
v 0.014892 0.730161 0.373151
v 0.029212 0.743965 0.335153
v 0.020639 0.750395 0.321745
v -0.002137 0.738320 0.333998
v 0.012477 0.724736 0.354605
v 0.034675 0.728961 0.351021
v 0.067961 0.742685 0.337353
v 0.057090 0.764046 0.318307
v 0.054185 0.760973 0.307422
v 0.040903 0.748953 0.308498
v 0.043655 0.734738 0.317197
v 0.056391 0.726645 0.342461
v 0.046829 0.716031 0.333481
v 0.037619 0.793637 0.355819
v 0.043988 0.788373 0.346064
v 0.026681 0.718832 0.409457
v 0.054180 0.720650 0.408512
v 0.080701 0.714187 0.403772
v 0.085687 0.736461 0.387343
v 0.090370 0.704172 0.386268
v 0.065315 0.710175 0.384284
v 0.036890 0.706524 0.389127
v 0.048196 0.708531 0.359569
v 0.028444 0.689177 0.353524
v 0.025361 0.709652 0.338329
v 0.030505 0.691548 0.370560
v 0.018659 0.708784 0.364720
v -0.002990 0.725323 0.322419
v 0.018654 0.742074 0.309666
v 0.025206 0.727446 0.323237
v -0.061333 0.683898 0.346253
v -0.064080 0.660299 0.361330
v -0.082132 0.657709 0.368073
v -0.086258 0.686598 0.348739
v -0.065474 0.702719 0.338558
v -0.071678 0.672569 0.376706
v -0.060275 0.700143 0.358889
v -0.051970 0.652446 0.386612
v -0.046760 0.687903 0.341959
v -0.055557 0.637482 0.374204
v -0.043335 0.646715 0.366727
v 0.013682 0.703053 0.391702
v 0.005282 0.709618 0.403515
v 0.061451 0.796868 0.337421
v 0.072978 0.806918 0.327946
v 0.073124 0.815487 0.337402
v 0.058248 0.806555 0.352422
v 0.069270 0.775724 0.317618
v 0.084675 0.788070 0.314286
v 0.104112 0.722485 0.350404
v -0.055009 0.727195 0.377838
v -0.104496 0.747860 0.320115
v -0.105139 0.763268 0.332140
v -0.115296 0.785812 0.308132
v -0.140837 0.751796 0.301814
v -0.142668 0.763249 0.318270
v -0.116991 0.767015 0.300338
v -0.144283 0.724549 0.334761
v -0.146574 0.732211 0.336278
v -0.127383 0.726235 0.335990
v -0.175121 0.697941 0.377154
v -0.169909 0.688423 0.354974
v -0.176276 0.658050 0.392424
v -0.167924 0.658311 0.374257
v -0.106071 0.680427 0.390649
v -0.102173 0.700927 0.374027
v -0.056478 0.708946 0.369982
v -0.046253 0.703684 0.406043
v -0.037777 0.669483 0.400681
v -0.066331 0.656718 0.423379
v -0.063674 0.656514 0.404773
v -0.039799 0.720258 0.386839
v -0.032060 0.713034 0.373734
v -0.053388 0.722231 0.363584
v -0.072139 0.722224 0.382028
v -0.058014 0.713429 0.396721
v -0.077551 0.718081 0.363268
v -0.093814 0.752959 0.333514
v -0.112180 0.743572 0.339187
v -0.111524 0.737601 0.325431
v -0.109085 0.758742 0.310032
v -0.091762 0.772174 0.309309
v -0.122081 0.749373 0.312165
v -0.106226 0.777762 0.320140
v -0.130297 0.771810 0.318841
v -0.121717 0.758188 0.332072
v -0.109604 0.779513 0.293664
v -0.138658 0.780266 0.302896
v -0.137157 0.773579 0.287214
v -0.135537 0.739847 0.313377
v -0.149827 0.733634 0.316518
v -0.153502 0.753283 0.296897
v -0.130421 0.760843 0.299650
v -0.153453 0.761670 0.308904
v -0.149156 0.741981 0.324063
v -0.137633 0.750627 0.328718
v -0.119684 0.721177 0.351976
v -0.134255 0.710887 0.348833
v -0.166548 0.713082 0.337942
v -0.173730 0.724656 0.340191
v -0.129527 0.737104 0.337007
v -0.142930 0.730575 0.350431
v -0.167955 0.721674 0.358807
v -0.135577 0.722056 0.365709
v -0.190024 0.696863 0.367587
v -0.188585 0.671265 0.383012
v -0.167740 0.683419 0.388135
v -0.157792 0.711736 0.373598
v -0.145424 0.697457 0.386655
v -0.186971 0.688352 0.348405
v -0.155049 0.700629 0.351226
v -0.144279 0.688488 0.363074
v -0.162078 0.678056 0.364573
v -0.180495 0.666946 0.364851
v -0.153762 0.665302 0.398177
v -0.176440 0.643186 0.382576
v -0.141943 0.648130 0.391600
v -0.196744 0.659828 0.370842
v -0.149631 0.663351 0.377112
v -0.113595 0.693463 0.385287
v -0.130556 0.681141 0.394154
v -0.118951 0.668319 0.389752
v -0.090498 0.691451 0.402273
v -0.098569 0.697550 0.390766
v -0.090429 0.707878 0.388229
v -0.111111 0.710490 0.366136
v -0.125689 0.708262 0.377921
v -0.088679 0.692480 0.377804
v -0.098926 0.685819 0.380653
v -0.112262 0.687820 0.373079
v -0.124074 0.699287 0.360126
v -0.045448 0.701297 0.378101
v -0.071243 0.703971 0.372389
v -0.063799 0.690891 0.383442
v -0.029492 0.702364 0.403516
v -0.075775 0.701762 0.402739
v -0.057196 0.690979 0.413725
v -0.035994 0.679530 0.418289
v -0.022976 0.666905 0.409124
v -0.039566 0.648364 0.416408
v -0.049931 0.660872 0.404278
v -0.038922 0.686001 0.389994
v -0.019243 0.693327 0.392218
v -0.057812 0.676537 0.394004
v -0.050619 0.663136 0.424236
v -0.071698 0.677022 0.417580
v -0.087769 0.664008 0.414745
v -0.085717 0.656591 0.401871
v -0.064662 0.644606 0.411560
v -0.072231 0.667670 0.397286
v -0.079817 0.681743 0.387215
v -0.094141 0.675386 0.388339
v -0.130592 0.675147 0.375044
v -0.200091 0.693254 0.351840
v 0.224416 0.618254 0.261128
v 0.224117 0.617871 0.260620
v 0.224831 0.617689 0.262107
v 0.222086 0.616137 0.260869
v 0.224386 0.617450 0.261889
v 0.224495 0.618759 0.263069
v 0.224602 0.618001 0.261568
v 0.223998 0.617646 0.261306
v 0.224255 0.618048 0.260855
v 0.223138 0.617006 0.260553
v 0.224762 0.617783 0.261945
v 0.184962 0.724090 0.224660
v 0.184972 0.725313 0.226701
v 0.184111 0.724523 0.226676
v 0.185781 0.730527 0.229728
v 0.182613 0.725830 0.228402
v 0.184092 0.725241 0.227978
v 0.184100 0.725257 0.228020
v 0.184668 0.726289 0.227897
v 0.184299 0.725665 0.227953
v 0.184536 0.724914 0.226689
v 0.184781 0.725666 0.226844
v 0.184672 0.726823 0.228070
v 0.185469 0.728677 0.230153
v 0.184536 0.727143 0.228303
v 0.183861 0.726255 0.229624
v 0.184492 0.726495 0.230103
v 0.185261 0.727442 0.230437
v 0.184644 0.725053 0.226089
v 0.070377 0.846943 0.389074
v 0.078914 0.870401 0.396117
v 0.098468 0.922575 0.318933
v 0.091818 0.972229 0.264172
v 0.090466 0.980826 0.284650
v 0.089279 0.895421 0.319497
v 0.056679 0.993540 0.260094
v 0.043956 0.895113 0.316470
v 0.046774 0.928968 0.263908
v 0.054952 0.916404 0.294748
v 0.042757 0.927462 0.303387
v 0.061344 0.929732 0.280551
v 0.026421 0.942170 0.261565
v 0.085198 0.938717 0.303463
v 0.071168 0.949902 0.288142
v 0.074563 0.972192 0.262320
v 0.048988 0.960193 0.272057
v 0.028962 0.872148 0.388839
v 0.037732 0.882610 0.349637
v 0.049423 0.903017 0.341266
v 0.074697 0.883768 0.353228
v 0.077883 0.890712 0.348456
v 0.067075 0.882113 0.330474
v 0.051490 0.844567 0.389729
v 0.069112 0.859934 0.404718
v 0.067083 0.861086 0.376740
v 0.094158 0.859495 0.378573
v 0.080303 0.835468 0.399788
v 0.037510 0.860247 0.373797
v 0.038813 0.833141 0.404158
v 0.094233 0.867410 0.391243
v 0.087516 0.885651 0.369696
v 0.072267 0.884192 0.383024
v 0.055318 0.871681 0.396084
v 0.077437 0.845216 0.410480
v 0.087161 0.915578 0.331126
v 0.103621 0.901739 0.336111
v 0.110469 0.919199 0.310012
v 0.078151 0.939257 0.311984
v 0.083915 0.932938 0.295437
v 0.104119 0.981289 0.273749
v 0.102866 0.956037 0.293683
v 0.087160 0.961596 0.276807
v 0.078439 0.982154 0.250131
v 0.079983 0.995449 0.259078
v 0.068972 0.985553 0.279525
v 0.064062 0.967983 0.298698
v 0.088129 0.966321 0.299995
v 0.079466 0.887925 0.325970
v 0.066783 0.897766 0.316577
v 0.079859 0.905025 0.310301
v 0.103538 0.889542 0.324424
v 0.086784 0.875312 0.340422
v 0.100477 0.911312 0.304258
v 0.016393 0.930168 0.264513
v 0.035123 0.946317 0.255125
v 0.032219 0.929246 0.259076
v 0.053307 0.980342 0.248281
v 0.042560 0.981592 0.274654
v 0.032422 0.966271 0.263657
v 0.054240 0.888354 0.324103
v 0.040794 0.877413 0.334404
v 0.028877 0.891231 0.318897
v 0.036012 0.910016 0.299997
v 0.049362 0.904993 0.307234
v 0.047696 0.943352 0.264480
v 0.038133 0.920824 0.276797
v 0.055049 0.931929 0.282923
v 0.034685 0.920120 0.289820
v 0.024982 0.924971 0.278618
v 0.074984 0.924850 0.290104
v 0.051728 0.932757 0.312154
v 0.041034 0.961049 0.296588
v 0.034259 0.945039 0.289283
v 0.053929 0.946384 0.289126
v 0.057164 0.933252 0.294529
v 0.031810 0.901213 0.332501
v 0.041871 0.928470 0.287368
v 0.067982 0.934236 0.292925
v 0.034621 0.937200 0.273622
v 0.060812 0.967445 0.265863
v 0.041278 0.887873 0.376257
v 0.029350 0.891823 0.359227
v 0.012926 0.864857 0.381436
v 0.043379 0.851761 0.407194
v 0.064890 0.875275 0.347913
v 0.062013 0.877445 0.360128
v 0.060441 0.895804 0.361512
v 0.070183 0.909328 0.336241
v 0.084234 0.877453 0.360900
v 0.065052 0.937791 0.313723
v -0.016079 0.766127 0.243362
v -0.016384 0.766049 0.243784
v -0.016319 0.765500 0.244031
v -0.016364 0.765804 0.243837
v -0.016487 0.766124 0.243676
v -0.016333 0.766322 0.243357
v -0.016560 0.766246 0.243300
v -0.016597 0.766685 0.243104
v -0.017064 0.765840 0.244322
v -0.017204 0.766113 0.244239
v -0.016921 0.765559 0.244407
v -0.016798 0.765317 0.244481
v -0.016665 0.765377 0.244401
v -0.016616 0.764958 0.244589
v -0.016738 0.765996 0.244122
v -0.016471 0.766619 0.243544
v -0.016802 0.766533 0.243880
v -0.016613 0.767152 0.243272
v -0.016865 0.767070 0.243639
v -0.016827 0.767632 0.243109
v -0.016928 0.767603 0.243399
v -0.016454 0.767155 0.242876
v -0.016670 0.767678 0.242656
v -0.016270 0.766709 0.243064
v -0.022049 0.969919 0.261035
v -0.014923 0.961520 0.271914
v -0.008448 0.965890 0.297113
v -0.055989 0.869416 0.297070
v -0.056408 0.882754 0.308442
v -0.071348 0.866877 0.330302
v -0.068078 0.846847 0.319727
v -0.099000 0.864551 0.327170
v -0.106735 0.871673 0.313799
v -0.088422 0.878667 0.314262
v -0.086542 0.877253 0.317844
v -0.089807 0.889272 0.330198
v -0.066835 0.927726 0.276606
v -0.105137 0.908605 0.283336
v -0.079900 0.933153 0.298891
v -0.067834 0.947232 0.282061
v -0.044602 0.920995 0.312187
v -0.065079 0.902420 0.303237
v -0.176600 0.842975 0.276514
v -0.186438 0.830359 0.285410
v -0.135672 0.837854 0.297459
v -0.168390 0.829765 0.321052
v -0.194052 0.828110 0.311981
v -0.184933 0.858066 0.288157
v -0.117905 0.922102 0.290014
v -0.144008 0.805317 0.327557
v -0.123668 0.779457 0.333436
v -0.176162 0.768777 0.354158
v -0.174424 0.800910 0.316788
v -0.142063 0.752856 0.350028
v -0.152071 0.751949 0.374144
v -0.172825 0.752846 0.338553
v -0.138239 0.767194 0.370106
v -0.133378 0.779668 0.330531
v -0.005476 0.976012 0.255363
v 0.002328 0.956897 0.278507
v -0.028503 0.952519 0.280272
v -0.041397 0.964517 0.264672
v -0.049791 0.975180 0.250708
v -0.044991 0.982033 0.275408
v -0.019890 0.980702 0.281916
v -0.018264 0.938308 0.296888
v -0.021951 0.946082 0.310392
v -0.039398 0.959307 0.300693
v -0.049237 0.873112 0.319960
v -0.044881 0.859462 0.309805
v -0.067470 0.858872 0.307089
v -0.069258 0.873650 0.290217
v -0.069193 0.885878 0.302326
v -0.068401 0.875883 0.320680
v -0.093717 0.842866 0.343032
v -0.055405 0.855175 0.338412
v -0.052020 0.840505 0.329396
v -0.089828 0.828866 0.334571
v -0.091441 0.841880 0.319257
v -0.092921 0.854716 0.304956
v -0.133240 0.846439 0.318294
v -0.132057 0.833724 0.323590
v -0.110376 0.880099 0.319575
v -0.100525 0.884822 0.307860
v -0.131607 0.857063 0.308161
v -0.095595 0.880993 0.303365
v -0.128050 0.863014 0.296295
v -0.078982 0.895097 0.306011
v -0.069918 0.885837 0.317336
v -0.069134 0.882774 0.331796
v -0.074511 0.900155 0.329826
v -0.104535 0.897725 0.321640
v -0.087552 0.913341 0.317818
v -0.058205 0.922177 0.285090
v -0.078027 0.917783 0.283685
v -0.078173 0.926530 0.273956
v -0.058537 0.945556 0.282015
v -0.048478 0.939569 0.290436
v -0.092137 0.914218 0.282643
v -0.085489 0.904496 0.295020
v -0.105874 0.897332 0.294274
v -0.126244 0.894207 0.296061
v -0.117653 0.911514 0.276158
v -0.101287 0.924505 0.268310
v -0.070472 0.928906 0.306842
v -0.058707 0.959227 0.291214
v -0.102342 0.934679 0.283933
v -0.097910 0.924609 0.303771
v -0.057017 0.924842 0.311656
v -0.051287 0.904960 0.304210
v -0.050987 0.916110 0.293147
v -0.042345 0.929676 0.299852
v -0.069401 0.909158 0.295361
v -0.160830 0.841915 0.283934
v -0.177746 0.822526 0.296481
v -0.207591 0.831407 0.283585
v -0.188962 0.857838 0.266523
v -0.152704 0.861446 0.267829
v -0.196545 0.810447 0.300937
v -0.128093 0.859319 0.287795
v -0.162724 0.815405 0.308388
v -0.130666 0.830567 0.310320
v -0.156334 0.810954 0.314650
v -0.166001 0.798493 0.328388
v -0.155313 0.815155 0.326403
v -0.168263 0.849506 0.306290
v -0.194807 0.842911 0.299461
v -0.160730 0.862894 0.289807
v -0.116558 0.910498 0.304756
v -0.154014 0.798222 0.336087
v -0.131769 0.793752 0.348856
v -0.117162 0.801117 0.335476
v -0.130533 0.828828 0.322042
v -0.119303 0.760326 0.350518
v -0.133933 0.764387 0.343427
v -0.102086 0.761118 0.363843
v -0.189620 0.760378 0.347818
v -0.177365 0.740156 0.366896
v -0.166355 0.759532 0.365645
v -0.150084 0.778554 0.359101
v -0.167332 0.783353 0.347186
v -0.181356 0.781662 0.335921
v -0.167711 0.788904 0.313362
v -0.173656 0.767174 0.326224
v -0.187590 0.776771 0.324748
v -0.152605 0.773655 0.329347
v -0.155841 0.758460 0.341017
v -0.139647 0.740364 0.359862
v -0.161934 0.743115 0.350563
v -0.146886 0.736534 0.380196
v -0.119268 0.766839 0.370703
v -0.189910 0.749881 0.337979
v -0.174112 0.730162 0.357233
v -0.139754 0.728201 0.371544
v -0.090276 0.869731 0.289027
v -0.085640 0.875549 0.321065
v 0.079830 0.774459 0.317924
v 0.080368 0.775279 0.318194
v 0.079118 0.775264 0.318896
v 0.077656 0.775622 0.319202
v 0.079953 0.774958 0.318449
v 0.079393 0.774464 0.318114
v 0.078662 0.774473 0.318431
v 0.079459 0.775139 0.318713
v -0.083133 0.909778 0.069322
v -0.082195 0.908687 0.069881
v -0.083517 0.909793 0.070185
v -0.083053 0.909531 0.070192
v -0.082923 0.909511 0.069466
v -0.082553 0.909092 0.069677
v -0.082720 0.909155 0.070381
v -0.082468 0.908864 0.070564
v -0.083159 0.909546 0.070792
v -0.083018 0.909360 0.071040
v -0.082743 0.909041 0.071250
v -0.083056 0.909322 0.071532
v -0.082966 0.909185 0.071807
v -0.083528 0.909529 0.071102
v -0.318108 0.800242 -0.006272
v -0.332002 0.806349 -0.000970
v -0.309823 0.829634 0.021468
v -0.290091 0.813985 0.012950
v -0.301525 0.850942 -0.027432
v -0.274528 0.846051 -0.005906
v -0.171670 0.875340 -0.009864
v -0.153642 0.903441 -0.017758
v -0.211006 0.908303 -0.028574
v -0.242846 0.869403 -0.009482
v -0.283181 0.869679 -0.030123
v -0.296928 0.865679 -0.031329
v -0.244532 0.877797 -0.001872
v -0.220869 0.877233 0.004672
v -0.173619 0.908597 -0.019035
v -0.172953 0.894430 -0.040149
v -0.192095 0.893248 -0.041310
v -0.209784 0.891075 -0.042710
v -0.293932 0.877475 -0.068161
v -0.310812 0.905937 -0.085944
v -0.302267 0.897779 -0.062789
v -0.310963 0.888302 -0.095213
v -0.324226 0.864192 -0.073235
v -0.340333 0.877732 -0.070762
v -0.312546 0.794713 0.007450
v -0.327028 0.802896 0.013626
v -0.323284 0.826976 -0.014783
v -0.310108 0.817809 -0.016409
v -0.298766 0.815694 0.000599
v -0.319579 0.828563 0.007256
v -0.308935 0.809468 0.033784
v -0.287539 0.848267 0.023208
v -0.299900 0.853456 0.002973
v -0.273480 0.834820 0.038823
v -0.295798 0.797836 0.026044
v -0.270079 0.831571 0.014726
v -0.263430 0.822429 0.034163
v -0.315868 0.853700 -0.054221
v -0.304442 0.866376 -0.061271
v -0.289782 0.862353 -0.046039
v -0.328658 0.857984 -0.044207
v -0.291883 0.844585 -0.022300
v -0.272039 0.875703 -0.009397
v -0.239679 0.855902 0.008668
v -0.192135 0.873794 -0.009822
v -0.193196 0.882825 -0.024195
v -0.169024 0.884805 -0.024231
v -0.158216 0.869726 0.000022
v -0.190569 0.863113 0.006523
v -0.147105 0.886441 -0.025837
v -0.167108 0.913875 -0.032949
v -0.164907 0.896847 -0.002275
v -0.140520 0.895938 -0.020627
v -0.158494 0.913016 -0.047341
v -0.153164 0.880404 0.009682
v -0.215240 0.898081 -0.014033
v -0.192977 0.904970 -0.014249
v -0.191859 0.914799 -0.034212
v -0.191626 0.918406 -0.053615
v -0.220656 0.908226 -0.040013
v -0.230391 0.892415 -0.020966
v -0.236901 0.885563 -0.028582
v -0.218442 0.880284 -0.027497
v -0.219357 0.871583 -0.013443
v -0.281141 0.869729 -0.004015
v -0.277863 0.888040 -0.047094
v -0.299429 0.884293 -0.045882
v -0.324774 0.878927 -0.054814
v -0.262220 0.867720 0.014658
v -0.243352 0.861401 0.025518
v -0.192354 0.888224 0.006798
v -0.233534 0.851081 0.020429
v -0.216773 0.866346 0.011180
v -0.191556 0.870125 0.019317
v -0.190746 0.907294 -0.062328
v -0.161052 0.902220 -0.051480
v -0.224517 0.900490 -0.052907
v -0.300379 0.884873 -0.081971
v -0.282161 0.897573 -0.087619
v -0.277514 0.879603 -0.061806
v -0.314794 0.874772 -0.079146
v -0.310759 0.903633 -0.105178
v -0.335348 0.892675 -0.092167
v -0.320053 0.896597 -0.073788
v -0.289384 0.905426 -0.073191
v -0.327682 0.879322 -0.095701
v -0.340195 0.860183 -0.078317
v -0.218186 0.864579 0.002330
v -0.174393 0.763481 -0.014107
v -0.175441 0.762805 -0.013585
v -0.175006 0.762168 -0.014189
v -0.176511 0.762114 -0.013051
v -0.175625 0.760840 -0.014272
v -0.176965 0.760932 -0.013203
v -0.176597 0.759568 -0.014128
v -0.177535 0.761491 -0.012545
v -0.178465 0.760878 -0.012805
v -0.178014 0.760360 -0.012828
v -0.177652 0.759302 -0.013593
v -0.178934 0.759941 -0.012457
v -0.178689 0.759041 -0.013067
v -0.180212 0.759628 -0.012399
v -0.179974 0.758718 -0.012417
v -0.181258 0.758950 -0.012451
v -0.180978 0.758465 -0.011908
v -0.182162 0.758385 -0.012577
v -0.181995 0.758209 -0.011392
v -0.181465 0.759104 -0.013652
v -0.182339 0.758573 -0.013842
v -0.181781 0.759202 -0.014606
v -0.182531 0.758776 -0.015206
v -0.180544 0.759644 -0.013372
v -0.180943 0.759678 -0.013934
v -0.179432 0.760292 -0.013019
v -0.180145 0.760132 -0.013295
v -0.179427 0.760540 -0.012720
v -0.178586 0.761018 -0.012047
v -0.128202 0.743197 0.152058
v -0.128328 0.743443 0.150508
v -0.128139 0.744167 0.151052
v -0.127081 0.743198 0.151449
v -0.127408 0.742499 0.151478
v -0.128895 0.742545 0.151474
v -0.127868 0.743389 0.151744
v -0.128157 0.743676 0.151571
v -0.128441 0.743387 0.151775
v -0.128686 0.742986 0.151689
v -0.128315 0.742804 0.151806
v -0.127850 0.742760 0.151839
v -0.128230 0.743115 0.150781
v -0.128630 0.743153 0.150881
v -0.128678 0.743514 0.150694
v -0.128601 0.743871 0.150929
v -0.128230 0.743823 0.150765
v -0.127875 0.743557 0.150872
v -0.127781 0.743918 0.151175
v -0.128432 0.743890 0.151272
v -0.127992 0.742374 0.151497
v -0.127415 0.743623 0.151324
v -0.127626 0.743035 0.151102
v -0.128097 0.742764 0.151116
v -0.128936 0.743215 0.151482
v -0.128935 0.742898 0.151242
v -0.128471 0.742460 0.151481
v -0.128552 0.742796 0.151149
v -0.129086 0.743421 0.151360
v -0.128905 0.743761 0.151220
v -0.128951 0.743552 0.150857
v -0.128986 0.743246 0.151066
v -0.128692 0.743591 0.151473
v -0.119127 0.758686 0.145712
v -0.117926 0.758096 0.146584
v -0.119207 0.759459 0.143563
v -0.119678 0.759627 0.143595
v -0.116625 0.757851 0.145529
v -0.117784 0.758951 0.143468
v -0.115450 0.757629 0.144577
v -0.116088 0.758401 0.143163
v -0.114215 0.757396 0.143575
v -0.114552 0.757937 0.142768
v -0.112994 0.757166 0.142586
v -0.113042 0.757480 0.142380
v -0.112684 0.757108 0.142335
v -0.190444 0.611393 0.346556
v -0.210625 0.629581 0.346175
v -0.182501 0.668068 0.328717
v -0.171390 0.658319 0.321799
v -0.193646 0.654716 0.313311
v -0.173851 0.667032 0.306183
v -0.228897 0.678795 0.289413
v -0.210250 0.672354 0.281634
v -0.192641 0.709667 0.298316
v -0.189219 0.698278 0.275438
v -0.152479 0.706057 0.285395
v -0.150172 0.714687 0.303817
v -0.155655 0.674016 0.317848
v -0.108154 0.586005 0.389786
v -0.140807 0.571361 0.409293
v -0.111735 0.627796 0.392156
v -0.135818 0.570514 0.390792
v -0.206224 0.601204 0.348677
v -0.207935 0.619812 0.333064
v -0.188681 0.624268 0.339486
v -0.169220 0.623693 0.350260
v -0.177573 0.608337 0.355767
v -0.186725 0.597176 0.363731
v -0.205455 0.644852 0.336820
v -0.201780 0.639192 0.323727
v -0.203834 0.622344 0.356501
v -0.195715 0.644894 0.350491
v -0.165578 0.652976 0.361715
v -0.151150 0.665573 0.353064
v -0.163046 0.676353 0.322039
v -0.177800 0.635949 0.367187
v -0.195869 0.659815 0.321414
v -0.147557 0.653098 0.339004
v -0.159696 0.638228 0.344621
v -0.182438 0.640311 0.331765
v -0.138157 0.668562 0.339392
v -0.166162 0.678051 0.301230
v -0.185500 0.667844 0.298629
v -0.211863 0.671766 0.304764
v -0.208720 0.652599 0.301013
v -0.198789 0.668270 0.290956
v -0.179057 0.683446 0.291756
v -0.204791 0.689170 0.303455
v -0.222392 0.698298 0.283373
v -0.224464 0.664890 0.279132
v -0.226302 0.693628 0.264005
v -0.209674 0.687823 0.271541
v -0.194806 0.686139 0.281558
v -0.156185 0.699365 0.313646
v -0.174081 0.703997 0.309400
v -0.167443 0.724916 0.293690
v -0.198343 0.721785 0.282336
v -0.194702 0.708967 0.263941
v -0.165546 0.714914 0.273048
v -0.172236 0.697847 0.284148
v -0.134632 0.711914 0.292461
v -0.142398 0.689287 0.307125
v -0.156952 0.693078 0.293933
v -0.160620 0.734213 0.273099
v -0.113234 0.603673 0.379160
v -0.091224 0.612772 0.378595
v -0.091285 0.582230 0.398466
v -0.120764 0.575491 0.392101
v -0.129655 0.594070 0.380714
v -0.112731 0.559203 0.405737
v -0.123065 0.576769 0.413453
v -0.138610 0.596478 0.404144
v -0.153357 0.583767 0.400631
v -0.142915 0.555858 0.398402
v -0.160296 0.572270 0.388728
v -0.126255 0.643019 0.375201
v -0.142070 0.630811 0.382867
v -0.122813 0.611133 0.402150
v -0.101019 0.594867 0.409218
v -0.092982 0.624790 0.389909
v -0.113232 0.649665 0.363609
v -0.144613 0.582547 0.382930
v -0.158247 0.599368 0.370199
v -0.147103 0.611647 0.366006
v -0.170260 0.591042 0.376388
v -0.167073 0.602262 0.383979
v -0.186872 0.615002 0.369357
v -0.154975 0.617464 0.385532
v -0.132947 0.625331 0.361699
v -0.118083 0.638884 0.357142
v -0.200326 0.723610 0.262041
v -0.180556 0.723837 0.133878
v -0.182037 0.721018 0.129440
v -0.191360 0.723072 0.122680
v -0.188450 0.716558 0.127815
v -0.188315 0.719595 0.124788
v -0.187326 0.723836 0.124228
v -0.193214 0.724574 0.126118
v -0.197265 0.719529 0.130579
v -0.188932 0.710977 0.138738
v -0.190613 0.712364 0.140492
v -0.180528 0.722386 0.131247
v -0.182630 0.724430 0.128853
v -0.183407 0.725392 0.131687
v -0.184828 0.723780 0.135386
v -0.180727 0.721136 0.136663
v -0.180891 0.718446 0.133158
v -0.183391 0.718119 0.129661
v -0.185659 0.718743 0.126944
v -0.183554 0.721847 0.127607
v -0.193650 0.719884 0.122892
v -0.196208 0.721240 0.124419
v -0.192226 0.724267 0.123661
v -0.188932 0.725985 0.125869
v -0.186694 0.715544 0.130202
v -0.190230 0.713472 0.130653
v -0.191200 0.715721 0.127344
v -0.185830 0.722518 0.125221
v -0.195696 0.715038 0.126627
v -0.186594 0.726305 0.129082
v -0.185282 0.724703 0.126523
v -0.195606 0.722428 0.128106
v -0.193200 0.722571 0.132031
v -0.190961 0.725183 0.128992
v -0.198210 0.716765 0.128544
v -0.195555 0.718760 0.134111
v -0.197028 0.714134 0.133750
v -0.185623 0.712751 0.139475
v -0.188696 0.716085 0.140833
v -0.191422 0.710711 0.135791
v -0.187475 0.712276 0.134609
v -0.194035 0.712974 0.138298
v -0.192564 0.717840 0.137956
v -0.190200 0.721826 0.135499
v -0.186532 0.720396 0.138808
v -0.188200 0.724908 0.132411
v -0.182186 0.716898 0.139026
v -0.183674 0.714951 0.134035
v -0.194323 0.711883 0.131618
v -0.271903 0.474123 0.217713
v -0.313605 0.464148 0.208624
v -0.278201 0.453533 0.203811
v -0.269839 0.479866 0.191732
v -0.300501 0.507911 0.184090
v -0.311409 0.459211 0.180940
v -0.291884 0.461827 0.191232
v -0.322583 0.430883 0.188127
v -0.338188 0.430608 0.198337
v -0.296001 0.509907 0.171028
v -0.299040 0.513076 0.165518
v -0.314279 0.513692 0.168310
v -0.302747 0.518799 0.164431
v -0.299692 0.555537 0.175053
v -0.276968 0.546826 0.195904
v -0.247096 0.552197 0.195329
v -0.264181 0.556017 0.189741
v -0.240497 0.541643 0.201365
v -0.264239 0.521295 0.194786
v -0.283860 0.526092 0.157501
v -0.270745 0.544318 0.146919
v -0.259695 0.528086 0.120434
v -0.292115 0.548528 0.161708
v -0.293202 0.512453 0.154786
v -0.228676 0.503005 0.115843
v -0.209544 0.477786 0.133786
v -0.216438 0.475707 0.122875
v -0.212613 0.510375 0.130390
v -0.250308 0.609159 0.189916
v -0.200014 0.590323 0.195406
v -0.291818 0.586770 0.188854
v -0.283764 0.579984 0.172281
v -0.201529 0.581925 0.176839
v -0.247687 0.594719 0.169713
v -0.263942 0.521657 0.213295
v -0.253012 0.516105 0.202526
v -0.245040 0.530554 0.210884
v -0.258315 0.535090 0.209379
v -0.277347 0.486054 0.209874
v -0.292886 0.469868 0.215978
v -0.279796 0.458986 0.222541
v -0.259003 0.470570 0.210822
v -0.262004 0.489931 0.198431
v -0.269032 0.449646 0.214880
v -0.303184 0.478760 0.206519
v -0.315351 0.486446 0.192778
v -0.325460 0.465710 0.200101
v -0.308791 0.452270 0.215596
v -0.325978 0.446557 0.206583
v -0.288302 0.430080 0.214192
v -0.291187 0.443172 0.201911
v -0.273355 0.466320 0.198646
v -0.277615 0.484988 0.184295
v -0.273252 0.499756 0.186752
v -0.286146 0.495963 0.198524
v -0.286862 0.505705 0.174910
v -0.294524 0.520802 0.179820
v -0.278160 0.522352 0.187845
v -0.287094 0.510969 0.191665
v -0.325951 0.491344 0.175486
v -0.293346 0.528746 0.194477
v -0.306973 0.536714 0.182133
v -0.301537 0.470881 0.180138
v -0.310377 0.448039 0.187645
v -0.324506 0.461584 0.171206
v -0.311510 0.478978 0.169086
v -0.326513 0.442242 0.180212
v -0.309666 0.432783 0.195490
v -0.288751 0.492126 0.173791
v -0.312885 0.416974 0.204372
v -0.332880 0.421445 0.187776
v -0.342465 0.438870 0.175095
v -0.343012 0.445132 0.191783
v -0.322512 0.428405 0.210894
v -0.299192 0.497605 0.166867
v -0.306685 0.504840 0.163752
v -0.300701 0.535583 0.150008
v -0.323149 0.488452 0.161779
v -0.317114 0.539256 0.165094
v -0.303386 0.533587 0.166464
v -0.284702 0.537949 0.173379
v -0.287314 0.553506 0.184506
v -0.277947 0.564899 0.173902
v -0.300702 0.562066 0.163228
v -0.277901 0.520437 0.207448
v -0.291449 0.559097 0.185776
v -0.276043 0.569587 0.180490
v -0.253768 0.548930 0.209770
v -0.269388 0.562591 0.207400
v -0.284245 0.575469 0.199106
v -0.230902 0.559134 0.192866
v -0.222934 0.547098 0.207221
v -0.254482 0.554160 0.188032
v -0.245548 0.572719 0.183806
v -0.274503 0.553923 0.166248
v -0.252216 0.527855 0.194537
v -0.263020 0.538074 0.183073
v -0.232581 0.566281 0.212191
v -0.269624 0.511275 0.199983
v -0.268736 0.505322 0.155029
v -0.258236 0.521017 0.151860
v -0.249675 0.540740 0.138252
v -0.286512 0.554830 0.135960
v -0.251347 0.556385 0.116590
v -0.260195 0.546437 0.106911
v -0.228129 0.526197 0.100785
v -0.241176 0.514749 0.117158
v -0.249106 0.504370 0.129217
v -0.269642 0.521370 0.131536
v -0.287298 0.541457 0.124923
v -0.295363 0.524290 0.142078
v -0.273183 0.509759 0.143607
v -0.212634 0.501975 0.105402
v -0.230876 0.492509 0.123554
v -0.211347 0.484152 0.114499
v -0.202486 0.488716 0.126436
v -0.224975 0.479405 0.144757
v -0.232897 0.479462 0.132233
v -0.216819 0.496788 0.138785
v -0.225711 0.525452 0.132500
v -0.236510 0.509851 0.147395
v -0.202722 0.508076 0.115921
v -0.218070 0.533912 0.110730
v -0.253073 0.621012 0.175636
v -0.281657 0.605148 0.181481
v -0.266544 0.596670 0.196036
v -0.227935 0.598433 0.198541
v -0.214195 0.609906 0.185193
v -0.247688 0.582876 0.206740
v -0.185450 0.583940 0.186320
v -0.204586 0.613172 0.166462
v -0.209513 0.578614 0.205651
v -0.196655 0.559646 0.202638
v -0.299340 0.578391 0.173964
v -0.289474 0.605551 0.163570
v -0.275479 0.594503 0.164732
v -0.260961 0.583880 0.174890
v -0.210861 0.569021 0.186318
v -0.229617 0.585596 0.176654
v -0.215287 0.599625 0.165933
v -0.249303 0.609539 0.158930
v -0.252727 0.624620 0.157471
v -0.248028 0.492891 0.152621
v -0.253308 0.492661 0.139495
v -0.339863 0.465392 0.164907
v -0.339258 0.468604 0.183229
v -0.298403 0.437953 0.221453
v -0.130077 0.418091 0.356410
v -0.142058 0.486112 0.313177
v -0.112807 0.428358 0.365751
v -0.092963 0.459480 0.351301
v -0.089103 0.420315 0.370378
v -0.119398 0.427614 0.337049
v -0.084585 0.430276 0.346639
v -0.103678 0.411914 0.350715
v -0.155321 0.417188 0.351576
v -0.170895 0.424036 0.366497
v -0.256205 0.408491 0.315326
v -0.264974 0.408043 0.326850
v -0.206737 0.437450 0.340530
v -0.196856 0.437552 0.333585
v -0.185580 0.465857 0.341842
v -0.220856 0.496197 0.320884
v -0.202410 0.487163 0.324059
v -0.167315 0.455042 0.329347
v -0.166339 0.488312 0.336129
v -0.160361 0.502694 0.310327
v -0.219963 0.487299 0.295307
v -0.251331 0.444465 0.303122
v -0.226165 0.474753 0.298682
v -0.139880 0.435496 0.345009
v -0.109627 0.419130 0.344946
v -0.112491 0.405693 0.365596
v -0.135721 0.417530 0.371045
v -0.165069 0.431650 0.342199
v -0.171362 0.407489 0.366231
v -0.152319 0.475473 0.319474
v -0.177024 0.485642 0.312075
v -0.119817 0.483382 0.316423
v -0.133329 0.468163 0.326174
v -0.112620 0.499104 0.320852
v -0.130670 0.450824 0.365000
v -0.150965 0.435690 0.369875
v -0.082941 0.406175 0.361195
v -0.074841 0.436881 0.364203
v -0.098767 0.446582 0.359638
v -0.116764 0.462398 0.356989
v -0.077444 0.461266 0.345898
v -0.093036 0.477861 0.332405
v -0.104564 0.472787 0.345220
v -0.070375 0.428744 0.351760
v -0.117570 0.440219 0.330827
v -0.101052 0.430608 0.341800
v -0.140280 0.452364 0.335103
v -0.093257 0.440952 0.338426
v -0.078009 0.452238 0.335338
v -0.092556 0.419880 0.350121
v -0.190345 0.419966 0.346535
v -0.182569 0.436117 0.358274
v -0.168010 0.451981 0.359866
v -0.240443 0.410948 0.322934
v -0.247731 0.412462 0.336760
v -0.276264 0.421182 0.317885
v -0.265825 0.420187 0.306277
v -0.247799 0.428916 0.311697
v -0.257621 0.431267 0.331445
v -0.206674 0.450090 0.339293
v -0.234390 0.440967 0.339065
v -0.225276 0.425294 0.341608
v -0.219791 0.423172 0.328723
v -0.193729 0.450272 0.343957
v -0.206055 0.454227 0.319046
v -0.184558 0.470586 0.318035
v -0.227927 0.440563 0.316378
v -0.207495 0.463047 0.334627
v -0.175732 0.477330 0.340169
v -0.152965 0.466599 0.356740
v -0.212149 0.467273 0.309053
v -0.195375 0.504355 0.307893
v -0.195667 0.499773 0.326065
v -0.196819 0.520474 0.312599
v -0.232220 0.505549 0.310939
v -0.229842 0.480320 0.323855
v -0.249652 0.481193 0.312241
v -0.236331 0.457929 0.333419
v -0.139684 0.479398 0.349425
v -0.126188 0.493247 0.335568
v -0.158846 0.504743 0.324410
v -0.245196 0.467950 0.294128
v -0.257465 0.481263 0.291386
v -0.266565 0.446707 0.294833
v -0.235105 0.455114 0.305935
v -0.277936 0.452851 0.302809
v -0.261601 0.454697 0.322258
v -0.111975 0.453443 0.325568
v -0.097510 0.467986 0.323178
v -0.192136 0.476323 0.317318
v -0.204099 0.486202 0.319939
v -0.302311 0.529804 -0.029855
v -0.286596 0.524229 -0.022161
v -0.278169 0.455271 -0.013004
v -0.274423 0.449063 -0.022610
v -0.230988 0.453765 -0.000266
v -0.232237 0.421712 -0.024662
v -0.153682 0.414274 -0.033967
v -0.140644 0.418081 -0.025006
v -0.179012 0.437065 -0.021518
v -0.204283 0.444264 -0.005154
v -0.217244 0.516874 -0.023288
v -0.222837 0.504727 -0.027207
v -0.295413 0.527769 -0.034902
v -0.156048 0.462439 -0.016766
v -0.233930 0.408580 -0.045940
v -0.233559 0.405516 -0.035117
v -0.308190 0.430793 -0.044729
v -0.337022 0.419974 -0.048504
v -0.325752 0.418871 -0.056346
v -0.324712 0.452195 -0.038312
v -0.294680 0.518140 -0.025442
v -0.280905 0.491019 -0.048542
v -0.302366 0.489264 -0.044224
v -0.225935 0.523547 -0.033226
v -0.226634 0.516530 -0.027127
v -0.311616 0.509095 -0.034566
v -0.292178 0.508158 -0.034104
v -0.297364 0.516872 -0.046089
v -0.274242 0.511675 -0.039075
v -0.278844 0.470641 -0.018605
v -0.294989 0.461009 -0.018832
v -0.287439 0.444897 -0.013656
v -0.281559 0.438632 -0.023556
v -0.255753 0.449315 -0.011277
v -0.258948 0.460233 -0.007759
v -0.275637 0.461364 -0.030485
v -0.243077 0.457425 -0.022856
v -0.255583 0.448865 -0.028825
v -0.264598 0.438758 -0.028743
v -0.251514 0.433480 -0.020881
v -0.288124 0.449710 -0.035372
v -0.230219 0.434808 -0.015413
v -0.210845 0.430409 -0.015698
v -0.241642 0.469878 0.000735
v -0.216909 0.471180 0.008309
v -0.230930 0.481010 0.001030
v -0.194345 0.452745 0.009323
v -0.245390 0.417130 -0.030311
v -0.219743 0.412422 -0.028303
v -0.164026 0.411819 -0.024161
v -0.165812 0.435404 -0.031697
v -0.150421 0.432456 -0.043688
v -0.152203 0.416838 -0.012930
v -0.135121 0.433744 -0.036947
v -0.144691 0.437790 -0.020705
v -0.184068 0.422996 -0.011832
v -0.190503 0.450025 -0.017900
v -0.175282 0.455955 -0.032888
v -0.172011 0.427060 0.001463
v -0.210636 0.438976 -0.027680
v -0.210730 0.452639 -0.012469
v -0.203684 0.461517 -0.013125
v -0.194864 0.505868 -0.023430
v -0.195925 0.508028 -0.039102
v -0.216888 0.519151 -0.035097
v -0.218839 0.505789 -0.015830
v -0.199039 0.497875 -0.010677
v -0.202498 0.495270 -0.034671
v -0.207412 0.482162 -0.022367
v -0.224872 0.490878 -0.016976
v -0.224139 0.494086 -0.005286
v -0.146188 0.462079 -0.029581
v -0.169450 0.491653 -0.027453
v -0.174331 0.481509 -0.011620
v -0.182720 0.467325 0.001671
v -0.160157 0.446788 -0.007341
v -0.219459 0.419415 -0.040988
v -0.251316 0.419911 -0.042931
v -0.237088 0.433298 -0.040493
v -0.299780 0.439146 -0.040703
v -0.293881 0.426784 -0.029138
v -0.307194 0.419014 -0.038103
v -0.316533 0.432287 -0.053722
v -0.308689 0.448493 -0.053961
v -0.318634 0.416748 -0.048551
v -0.328540 0.418122 -0.038192
v -0.341360 0.432892 -0.058472
v -0.327659 0.430944 -0.063802
v -0.333655 0.435366 -0.043471
v -0.322931 0.439476 -0.032543
v -0.309369 0.449606 -0.023541
v -0.314010 0.463892 -0.034580
v -0.331420 0.454345 -0.048762
v -0.317975 0.473483 -0.048218
v -0.299881 0.498874 -0.055958
v -0.287640 0.493049 -0.041963
v -0.283015 0.483040 -0.029222
v -0.277890 0.475367 -0.040467
v -0.302148 0.472391 -0.060560
v -0.315727 0.479647 -0.064941
v -0.295165 0.461789 -0.048403
v -0.298734 0.475490 -0.030408
v -0.320324 0.452757 -0.067160
v -0.333919 0.457295 -0.067003
v -0.316340 0.422684 -0.027398
v -0.301723 0.432681 -0.018331
v -0.226622 0.447019 -0.029773
v -0.234467 0.466605 -0.010361
v -0.221479 0.459318 -0.014145
v -0.227275 0.478853 -0.007898
v -0.214176 0.471292 -0.010933
v -0.192325 0.471745 -0.027357
v -0.182100 0.482998 -0.042068
v -0.160354 0.460016 -0.047507
v -0.172300 0.495168 -0.044456
v -0.144323 0.464525 -0.047669
v -0.205460 0.485538 0.001224
v -0.272244 0.455487 -0.012320
v -0.269203 0.446531 -0.017659
v -0.196933 0.713416 0.126488
v -0.196708 0.712676 0.126797
v -0.195992 0.712644 0.126781
v -0.196696 0.713685 0.126420
v -0.197435 0.713860 0.126664
v -0.197603 0.712716 0.126817
v -0.197490 0.713924 0.126514
v -0.196864 0.714264 0.126382
v -0.197760 0.713914 0.126676
v -0.273578 0.521760 -0.132013
v -0.292989 0.544284 -0.160655
v -0.241351 0.544171 -0.150977
v -0.274069 0.515680 -0.159846
v -0.282397 0.532530 -0.172515
v -0.270009 0.603515 -0.197302
v -0.280880 0.620903 -0.198975
v -0.284896 0.612738 -0.177673
v -0.262410 0.621357 -0.184433
v -0.246065 0.458816 -0.128528
v -0.237409 0.486895 -0.113148
v -0.127923 0.405030 -0.107595
v -0.116350 0.398836 -0.100021
v -0.115819 0.412620 -0.092664
v -0.129107 0.403616 -0.088069
v -0.266141 0.464349 -0.114496
v -0.252067 0.489007 -0.141366
v -0.264764 0.499471 -0.120144
v -0.241621 0.509698 -0.121703
v -0.258280 0.536466 -0.139536
v -0.289947 0.522485 -0.139643
v -0.284608 0.487744 -0.123528
v -0.277668 0.546154 -0.153459
v -0.289940 0.547067 -0.180675
v -0.309676 0.512930 -0.167510
v -0.306501 0.518753 -0.150439
v -0.264516 0.554883 -0.168499
v -0.273277 0.577878 -0.175751
v -0.258817 0.583332 -0.185919
v -0.230467 0.555512 -0.164084
v -0.244964 0.557212 -0.137064
v -0.277433 0.590712 -0.159978
v -0.199378 0.511748 -0.130601
v -0.200857 0.518337 -0.113989
v -0.247328 0.522570 -0.156970
v -0.265910 0.534952 -0.168994
v -0.187294 0.517348 -0.143123
v -0.218504 0.508039 -0.128581
v -0.289658 0.512274 -0.163092
v -0.264027 0.503004 -0.150595
v -0.280475 0.486821 -0.147894
v -0.283809 0.607075 -0.194337
v -0.264942 0.616417 -0.197605
v -0.247564 0.595524 -0.182226
v -0.276119 0.623316 -0.181888
v -0.263704 0.603081 -0.157824
v -0.249322 0.604879 -0.168773
v -0.230108 0.495829 -0.140138
v -0.238357 0.452961 -0.117142
v -0.267661 0.447472 -0.120994
v -0.264926 0.456928 -0.132100
v -0.236225 0.470822 -0.130639
v -0.222878 0.473465 -0.117676
v -0.259014 0.473809 -0.136705
v -0.250568 0.472986 -0.111658
v -0.136373 0.426225 -0.113909
v -0.122811 0.432359 -0.109914
v -0.115818 0.407742 -0.103756
v -0.129375 0.399018 -0.100012
v -0.146090 0.423622 -0.103854
v -0.118461 0.403949 -0.089055
v -0.121119 0.435458 -0.095350
v -0.131777 0.431951 -0.085977
v -0.143318 0.427034 -0.090061
v -0.299392 0.474661 -0.132942
v -0.294358 0.474018 -0.146561
v -0.150221 0.474346 -0.093475
v -0.163435 0.466532 -0.096972
v -0.165253 0.461898 -0.112968
v -0.153175 0.465336 -0.124724
v -0.174121 0.530759 -0.140105
v -0.138723 0.473905 -0.119892
v -0.174698 0.539367 -0.121690
v -0.138006 0.478456 -0.103792
v -0.188815 0.532381 -0.108057
v -0.224092 0.577296 -0.147452
v -0.235508 0.572116 -0.134444
v -0.221857 0.569213 -0.161767
v -0.211188 0.591154 -0.208542
v -0.224960 0.628470 -0.229535
v -0.215082 0.641852 -0.217605
v -0.188356 0.609509 -0.198990
v -0.159643 0.577093 -0.203200
v -0.165514 0.624583 -0.224694
v -0.176027 0.577002 -0.216888
v -0.192564 0.648756 -0.239300
v -0.142004 0.615293 -0.261805
v -0.128703 0.624502 -0.257502
v -0.151470 0.654926 -0.257595
v -0.176828 0.655213 -0.273431
v -0.186724 0.670010 -0.253755
v -0.221901 0.582213 -0.198899
v -0.234002 0.611925 -0.214476
v -0.213156 0.609894 -0.220065
v -0.193122 0.601402 -0.222716
v -0.191580 0.580225 -0.210944
v -0.190807 0.560168 -0.200138
v -0.206781 0.630891 -0.238123
v -0.237129 0.622132 -0.202728
v -0.222640 0.647490 -0.226949
v -0.215988 0.628204 -0.203318
v -0.192552 0.629404 -0.212081
v -0.193383 0.642091 -0.226568
v -0.200633 0.598992 -0.190345
v -0.176502 0.582005 -0.194162
v -0.170767 0.601167 -0.204168
v -0.154907 0.592459 -0.213362
v -0.156488 0.564704 -0.209432
v -0.150214 0.585523 -0.226659
v -0.183806 0.563894 -0.190755
v -0.152210 0.609723 -0.230413
v -0.139311 0.626808 -0.243519
v -0.143837 0.643261 -0.249115
v -0.167830 0.644423 -0.233632
v -0.137871 0.610970 -0.243568
v -0.164438 0.564944 -0.216373
v -0.177165 0.593338 -0.225534
v -0.162780 0.586703 -0.228804
v -0.180455 0.642736 -0.247718
v -0.190009 0.622395 -0.239147
v -0.169246 0.659184 -0.245452
v -0.173597 0.669280 -0.263156
v -0.180449 0.652310 -0.263441
v -0.147556 0.611752 -0.249645
v -0.156201 0.622692 -0.252447
v -0.148429 0.626947 -0.268612
v -0.136337 0.629664 -0.281119
v -0.129037 0.610272 -0.264276
v -0.133425 0.638775 -0.268918
v -0.150852 0.657811 -0.274718
v -0.159641 0.648234 -0.283598
v -0.162989 0.641526 -0.269524
v -0.166837 0.633070 -0.252004
v -0.164326 0.609005 -0.239621
v -0.176888 0.614798 -0.239787
v -0.152927 0.605282 -0.236836
v -0.216557 0.586294 -0.187218
v -0.176431 0.671647 -0.179975
v -0.183417 0.665849 -0.190149
v -0.132821 0.670194 -0.261097
v -0.151645 0.667256 -0.263660
v -0.115743 0.660806 -0.246758
v -0.108391 0.665863 -0.237947
v -0.180452 0.732746 -0.204137
v -0.174534 0.716274 -0.228089
v -0.171447 0.723437 -0.218291
v -0.173353 0.733531 -0.241342
v -0.165009 0.720241 -0.252080
v -0.176106 0.715380 -0.243633
v -0.174998 0.714734 -0.203989
v -0.160253 0.673228 -0.259356
v -0.201419 0.691721 -0.170243
v -0.234383 0.712160 -0.193854
v -0.208075 0.698506 -0.195854
v -0.233378 0.718491 -0.176372
v -0.085167 0.725445 -0.236421
v -0.101691 0.725447 -0.329526
v -0.115600 0.728092 -0.257459
v -0.115629 0.713305 -0.255488
v -0.112950 0.694305 -0.241750
v -0.120549 0.701016 -0.235653
v -0.132169 0.679349 -0.245129
v -0.154745 0.701887 -0.211233
v -0.152245 0.689720 -0.209967
v -0.168275 0.715880 -0.211206
v -0.147723 0.699687 -0.210477
v -0.132505 0.697288 -0.221838
v -0.161605 0.739277 -0.218889
v -0.154255 0.744383 -0.216199
v -0.146881 0.747134 -0.232114
v -0.160719 0.738289 -0.255559
v -0.130271 0.742330 -0.263810
v -0.132075 0.759734 -0.277197
v -0.129687 0.733980 -0.318755
v -0.112910 0.734582 -0.306379
v -0.107107 0.745086 -0.293153
v -0.098370 0.731571 -0.297299
v -0.075017 0.734153 -0.237764
v -0.097328 0.762893 -0.307444
v -0.114588 0.775161 -0.267717
v -0.133005 0.774976 -0.242169
v -0.120234 0.783442 -0.262566
v -0.108568 0.776045 -0.260676
v -0.152696 0.750743 -0.236627
v -0.140510 0.767949 -0.297503
v -0.149829 0.768611 -0.256903
v -0.151651 0.758847 -0.267049
v -0.130398 0.761450 -0.329621
v -0.179559 0.679756 -0.199524
v -0.171384 0.687038 -0.189633
v -0.189233 0.670461 -0.171802
v -0.196159 0.664293 -0.182579
v -0.186279 0.689914 -0.177537
v -0.195369 0.682158 -0.192723
v -0.138545 0.664700 -0.246242
v -0.148157 0.657304 -0.254366
v -0.142081 0.661208 -0.271124
v -0.148116 0.673053 -0.276784
v -0.141351 0.682386 -0.262431
v -0.152508 0.672775 -0.238587
v -0.163461 0.667336 -0.247232
v -0.163169 0.684227 -0.271376
v -0.111737 0.672088 -0.257901
v -0.106021 0.677576 -0.246224
v -0.124560 0.662621 -0.239359
v -0.122757 0.675760 -0.252952
v -0.116960 0.665929 -0.226842
v -0.112786 0.682704 -0.235411
v -0.200891 0.732005 -0.194716
v -0.190103 0.713557 -0.186230
v -0.213373 0.739931 -0.202276
v -0.156376 0.717471 -0.207280
v -0.183985 0.718633 -0.214541
v -0.200622 0.714563 -0.208030
v -0.208235 0.727976 -0.212643
v -0.160084 0.695813 -0.229654
v -0.176645 0.735040 -0.220993
v -0.174995 0.746656 -0.228395
v -0.182451 0.701429 -0.208893
v -0.159074 0.715302 -0.249676
v -0.149055 0.722776 -0.263343
v -0.146547 0.701851 -0.249002
v -0.176914 0.686957 -0.255489
v -0.160721 0.697806 -0.262887
v -0.162985 0.689480 -0.244920
v -0.209577 0.679752 -0.165763
v -0.209204 0.709110 -0.174801
v -0.227074 0.700090 -0.168256
v -0.228450 0.699123 -0.188147
v -0.239315 0.692122 -0.176349
v -0.247433 0.717823 -0.185942
v -0.225567 0.721722 -0.203000
v -0.215312 0.708876 -0.199005
v -0.234936 0.737031 -0.199965
v -0.195577 0.698842 -0.201750
v -0.211362 0.685539 -0.187246
v -0.220447 0.727666 -0.184167
v -0.095454 0.746187 -0.228958
v -0.110691 0.738420 -0.249150
v -0.091456 0.721628 -0.249913
v -0.084269 0.756939 -0.227465
v -0.083188 0.734816 -0.252227
v -0.089292 0.736684 -0.315349
v -0.084373 0.723603 -0.303005
v -0.106973 0.711670 -0.318973
v -0.129807 0.725599 -0.338229
v -0.116635 0.740748 -0.334880
v -0.104518 0.754168 -0.319882
v -0.134557 0.736292 -0.272136
v -0.127264 0.734811 -0.286586
v -0.101332 0.723477 -0.267521
v -0.122693 0.713541 -0.268099
v -0.134338 0.728767 -0.265344
v -0.111683 0.715910 -0.245737
v -0.110531 0.699198 -0.251947
v -0.113347 0.693624 -0.266601
v -0.132981 0.743618 -0.244213
v -0.123350 0.738155 -0.229883
v -0.130317 0.728152 -0.229244
v -0.140381 0.722279 -0.224525
v -0.138208 0.672046 -0.231468
v -0.151162 0.686064 -0.229234
v -0.138012 0.690459 -0.248288
v -0.126265 0.690442 -0.262536
v -0.156117 0.701157 -0.209387
v -0.136820 0.675363 -0.215570
v -0.138950 0.755712 -0.224048
v -0.145594 0.744903 -0.255568
v -0.139697 0.755853 -0.261431
v -0.128052 0.757603 -0.250952
v -0.120527 0.747919 -0.277075
v -0.144617 0.762015 -0.280694
v -0.129991 0.770656 -0.267724
v -0.117824 0.762583 -0.267679
v -0.147602 0.778824 -0.265706
v -0.148910 0.751971 -0.317461
v -0.149038 0.758506 -0.332098
v -0.130260 0.753839 -0.303428
v -0.096220 0.742158 -0.286792
v -0.116787 0.758991 -0.287944
v -0.103143 0.760233 -0.275115
v -0.081111 0.743201 -0.284844
v -0.089512 0.757317 -0.246442
v -0.085635 0.754391 -0.298292
v -0.108076 0.777987 -0.300206
v -0.094633 0.774431 -0.283794
v -0.122084 0.773024 -0.317182
v -0.138434 0.786885 -0.277480
v -0.129406 0.773839 -0.282998
v -0.102512 0.757154 -0.261676
v -0.115720 0.767030 -0.232193
v -0.106201 0.780015 -0.229659
v -0.129811 0.792440 -0.246451
v -0.104316 0.776506 -0.248500
v -0.110107 0.786341 -0.270395
v -0.125788 0.792530 -0.288173
v -0.090112 0.764522 -0.268863
v -0.155212 0.776482 -0.300206
v -0.143481 0.784803 -0.311017
v -0.100595 0.738551 -0.265647
v -0.136086 0.706959 -0.266962
v -0.216533 0.671502 -0.175632
v -0.173331 0.705907 -0.264751
v -0.165680 0.749944 -0.213849
v -0.319665 0.378748 -0.181246
v -0.325106 0.384898 -0.166269
v -0.306953 0.421614 -0.178009
v -0.313160 0.447669 -0.205391
v -0.285697 0.436838 -0.211339
v -0.291418 0.429994 -0.211976
v -0.292574 0.433324 -0.214591
v -0.300043 0.434053 -0.216792
v -0.334414 0.470717 -0.219417
v -0.334064 0.434050 -0.213593
v -0.314196 0.429145 -0.217874
v -0.319486 0.397211 -0.193067
v -0.387263 0.363731 -0.233562
v -0.371540 0.358841 -0.247768
v -0.343831 0.469186 -0.223189
v -0.318376 0.426529 -0.228021
v -0.336311 0.460102 -0.231644
v -0.305137 0.388309 -0.181079
v -0.296391 0.383098 -0.166167
v -0.323576 0.369751 -0.166687
v -0.348912 0.386098 -0.187553
v -0.334334 0.389856 -0.194777
v -0.308430 0.395107 -0.164191
v -0.320266 0.410549 -0.174644
v -0.338494 0.398741 -0.177323
v -0.308178 0.433503 -0.190174
v -0.325252 0.426534 -0.189625
v -0.292090 0.418589 -0.175147
v -0.291766 0.437049 -0.194910
v -0.298456 0.444082 -0.205216
v -0.329096 0.443811 -0.200768
v -0.339310 0.449049 -0.223909
v -0.317073 0.458279 -0.219049
v -0.331699 0.461827 -0.209863
v -0.280903 0.434532 -0.206203
v -0.286665 0.431993 -0.208594
v -0.288628 0.431982 -0.214061
v -0.292242 0.430622 -0.217289
v -0.287477 0.432444 -0.214047
v -0.285769 0.432589 -0.209270
v -0.286443 0.432985 -0.209121
v -0.312368 0.418762 -0.215006
v -0.305058 0.427935 -0.212106
v -0.348975 0.453890 -0.214254
v -0.326654 0.463548 -0.229497
v -0.343086 0.436919 -0.204384
v -0.332977 0.409874 -0.209544
v -0.348282 0.413307 -0.207165
v -0.340671 0.419399 -0.195223
v -0.307723 0.418671 -0.222217
v -0.314724 0.409715 -0.200720
v -0.293824 0.408752 -0.190824
v -0.393941 0.373734 -0.252467
v -0.367578 0.338101 -0.223798
v -0.353844 0.357920 -0.212534
v -0.374026 0.380637 -0.227353
v -0.378256 0.395755 -0.254894
v -0.359802 0.374495 -0.243665
v -0.340333 0.411466 -0.236971
v -0.340234 0.400670 -0.220350
v -0.333362 0.397379 -0.232016
v -0.304707 0.414577 -0.214420
v -0.330214 0.387505 -0.212920
v -0.281075 0.410829 -0.182386
v -0.291534 0.429155 -0.208592
v -0.288756 0.433445 -0.214187
v -0.290972 0.433686 -0.214207
v -0.426877 0.432660 -0.270236
v -0.436198 0.436216 -0.262192
v -0.403752 0.481675 -0.237937
v -0.393538 0.470799 -0.245529
v -0.397615 0.486341 -0.272801
v -0.404885 0.500876 -0.270449
v -0.432886 0.458982 -0.261074
v -0.415965 0.451818 -0.269376
v -0.422364 0.434164 -0.262995
v -0.426872 0.430039 -0.255515
v -0.434000 0.429263 -0.266466
v -0.436437 0.436567 -0.278261
v -0.427772 0.438083 -0.277422
v -0.421693 0.441324 -0.270055
v -0.438784 0.442237 -0.269898
v -0.432564 0.438150 -0.254610
v -0.435959 0.446730 -0.261979
v -0.412865 0.473700 -0.240271
v -0.406770 0.465241 -0.232701
v -0.395931 0.478608 -0.232928
v -0.403542 0.491199 -0.245889
v -0.415867 0.482299 -0.250964
v -0.391287 0.492651 -0.242936
v -0.399098 0.461289 -0.245516
v -0.401265 0.467622 -0.256086
v -0.393113 0.478096 -0.252989
v -0.389606 0.473353 -0.237298
v -0.398848 0.458929 -0.234386
v -0.386323 0.486321 -0.247194
v -0.395359 0.494712 -0.276012
v -0.387936 0.494698 -0.261722
v -0.394519 0.484412 -0.263736
v -0.402557 0.473259 -0.266324
v -0.403971 0.478481 -0.276632
v -0.406271 0.484919 -0.285645
v -0.403518 0.499025 -0.259002
v -0.391667 0.502745 -0.258377
v -0.397677 0.503134 -0.276040
v -0.411540 0.491108 -0.286241
v -0.416378 0.492307 -0.276395
v -0.417187 0.489063 -0.263580
v -0.436124 0.457082 -0.269183
v -0.431542 0.452556 -0.254395
v -0.423431 0.462590 -0.246273
v -0.426772 0.469655 -0.256952
v -0.428837 0.474248 -0.268859
v -0.420125 0.450514 -0.276941
v -0.412767 0.465526 -0.279298
v -0.410312 0.461821 -0.268646
v -0.408774 0.456276 -0.258728
v -0.415951 0.445635 -0.262627
v -0.407127 0.449693 -0.248311
v -0.415278 0.439475 -0.254062
v -0.408963 0.446207 -0.238257
v -0.419091 0.435762 -0.246022
v -0.417647 0.453638 -0.238035
v -0.427004 0.443501 -0.246200
v -0.425412 0.450292 -0.285721
v -0.416698 0.468666 -0.288503
v -0.434045 0.452786 -0.287249
v -0.424550 0.473469 -0.290366
v -0.437755 0.455977 -0.278498
v -0.428810 0.475599 -0.280637
v -0.322857 0.471254 -0.297129
v -0.339720 0.475007 -0.297880
v -0.400201 0.517564 -0.270694
v -0.347105 0.484962 -0.288481
v -0.368123 0.493208 -0.301074
v -0.349384 0.476186 -0.314731
v -0.341778 0.421171 -0.311583
v -0.330872 0.410000 -0.331988
v -0.323321 0.454581 -0.285831
v -0.312431 0.445867 -0.287207
v -0.319328 0.406377 -0.312334
v -0.313330 0.433909 -0.321070
v -0.297734 0.457655 -0.295079
v -0.350287 0.503593 -0.291988
v -0.372981 0.507517 -0.280421
v -0.415499 0.539825 -0.285751
v -0.418379 0.552913 -0.300457
v -0.432422 0.551119 -0.277693
v -0.443459 0.552160 -0.287704
v -0.409034 0.530296 -0.259407
v -0.399371 0.526512 -0.266378
v -0.447713 0.534456 -0.314007
v -0.462087 0.529628 -0.324040
v -0.470611 0.534176 -0.319399
v -0.325329 0.467430 -0.278594
v -0.299087 0.448904 -0.280908
v -0.347967 0.464648 -0.292549
v -0.294605 0.438456 -0.305230
v -0.315073 0.450188 -0.312641
v -0.333918 0.451292 -0.317357
v -0.334756 0.472773 -0.309044
v -0.332166 0.485870 -0.303951
v -0.348935 0.452250 -0.316721
v -0.388974 0.518920 -0.275492
v -0.409991 0.523920 -0.268431
v -0.404380 0.529051 -0.268445
v -0.335253 0.500198 -0.281145
v -0.360143 0.495164 -0.278132
v -0.364908 0.481001 -0.290730
v -0.349919 0.490601 -0.307302
v -0.341386 0.434832 -0.304179
v -0.345136 0.426618 -0.329615
v -0.329949 0.411299 -0.312961
v -0.321268 0.423644 -0.303657
v -0.327405 0.430225 -0.327050
v -0.318270 0.410978 -0.328002
v -0.333605 0.447690 -0.294028
v -0.315346 0.435959 -0.294503
v -0.297428 0.428830 -0.292576
v -0.307291 0.413263 -0.304573
v -0.301993 0.420122 -0.316917
v -0.400447 0.550472 -0.276632
v -0.413095 0.567425 -0.293631
v -0.425433 0.520486 -0.277100
v -0.435759 0.537609 -0.303158
v -0.432820 0.553169 -0.315649
v -0.443419 0.518173 -0.292841
v -0.437710 0.567270 -0.315085
v -0.422850 0.561482 -0.282164
v -0.443455 0.561136 -0.299435
v -0.451239 0.538825 -0.286815
v -0.433575 0.540001 -0.271080
v -0.412342 0.548039 -0.266927
v -0.459780 0.545361 -0.303719
v -0.434719 0.523190 -0.266848
v -0.456655 0.522111 -0.311724
v -0.452034 0.541455 -0.325663
v -0.467648 0.525571 -0.304601
v -0.461301 0.550080 -0.321686
v -0.454827 0.520255 -0.284693
v -0.344356 0.586219 -0.383831
v -0.354708 0.632027 -0.332745
v -0.345863 0.641942 -0.340174
v -0.345263 0.603371 -0.341385
v -0.354021 0.650372 -0.349719
v -0.346269 0.650452 -0.334595
v -0.382223 0.655165 -0.350123
v -0.395760 0.668462 -0.378117
v -0.386651 0.653995 -0.394310
v -0.370379 0.627354 -0.347679
v -0.368275 0.626097 -0.336816
v -0.356208 0.647034 -0.329011
v -0.369972 0.560531 -0.379774
v -0.349909 0.554992 -0.373412
v -0.354595 0.578910 -0.354321
v -0.366253 0.630852 -0.286994
v -0.371055 0.670476 -0.298173
v -0.362180 0.678073 -0.304076
v -0.357118 0.656525 -0.299882
v -0.363154 0.660152 -0.313301
v -0.374701 0.639161 -0.272572
v -0.412101 0.628439 -0.312761
v -0.422431 0.600031 -0.317256
v -0.391514 0.621382 -0.320300
v -0.409868 0.593939 -0.320524
v -0.416919 0.632794 -0.390422
v -0.402974 0.627576 -0.393385
v -0.423830 0.699265 -0.345563
v -0.387219 0.722205 -0.328144
v -0.372405 0.684434 -0.292998
v -0.368921 0.708418 -0.305785
v -0.376131 0.711742 -0.339932
v -0.409197 0.691366 -0.348570
v -0.407856 0.684686 -0.341121
v -0.343618 0.601879 -0.376945
v -0.318630 0.599000 -0.377099
v -0.330465 0.574123 -0.389137
v -0.364500 0.580762 -0.377837
v -0.367375 0.600285 -0.366592
v -0.357628 0.560757 -0.386895
v -0.368791 0.643762 -0.336899
v -0.361350 0.639615 -0.348819
v -0.336680 0.652209 -0.332527
v -0.326942 0.641867 -0.341569
v -0.371620 0.617202 -0.338629
v -0.358113 0.606546 -0.332064
v -0.340426 0.620705 -0.331497
v -0.336819 0.644679 -0.325475
v -0.347776 0.650777 -0.322993
v -0.325645 0.632392 -0.332407
v -0.368400 0.590849 -0.338200
v -0.349478 0.591438 -0.348163
v -0.331707 0.590845 -0.357162
v -0.331325 0.608587 -0.344160
v -0.359246 0.658443 -0.362565
v -0.355618 0.666964 -0.344471
v -0.374069 0.639488 -0.363648
v -0.371762 0.665500 -0.349215
v -0.382802 0.673312 -0.366055
v -0.392980 0.653994 -0.359683
v -0.380195 0.639751 -0.342843
v -0.395283 0.631960 -0.353907
v -0.369579 0.684952 -0.376839
v -0.397171 0.672623 -0.395888
v -0.413587 0.649928 -0.398335
v -0.405645 0.650721 -0.375926
v -0.371597 0.660974 -0.380128
v -0.386644 0.638191 -0.379190
v -0.398675 0.639143 -0.397897
v -0.382927 0.622197 -0.358765
v -0.366334 0.618505 -0.354032
v -0.380789 0.574694 -0.363628
v -0.360126 0.556795 -0.366527
v -0.371408 0.571006 -0.351200
v -0.329594 0.566507 -0.375256
v -0.342874 0.573172 -0.364582
v -0.375241 0.622408 -0.291007
v -0.374366 0.635654 -0.306167
v -0.363824 0.641933 -0.296760
v -0.360299 0.631799 -0.273484
v -0.374204 0.613583 -0.273946
v -0.355456 0.648750 -0.285051
v -0.387156 0.686424 -0.298274
v -0.389461 0.667352 -0.299897
v -0.363625 0.692225 -0.295376
v -0.372972 0.649136 -0.320918
v -0.378433 0.659086 -0.313746
v -0.388300 0.651422 -0.301380
v -0.371860 0.659972 -0.296676
v -0.343277 0.657254 -0.328816
v -0.366350 0.693445 -0.316501
v -0.354164 0.705241 -0.307301
v -0.385867 0.672599 -0.312439
v -0.384640 0.687584 -0.324592
v -0.373843 0.650150 -0.282312
v -0.390093 0.640060 -0.286498
v -0.385934 0.625831 -0.272300
v -0.402628 0.639310 -0.307166
v -0.396584 0.647154 -0.325146
v -0.411134 0.630775 -0.329796
v -0.415248 0.616122 -0.305939
v -0.404065 0.626822 -0.293301
v -0.421724 0.610980 -0.325717
v -0.407341 0.605543 -0.329940
v -0.403687 0.590994 -0.304368
v -0.415757 0.599404 -0.299053
v -0.383350 0.628972 -0.314203
v -0.385853 0.613506 -0.298844
v -0.397105 0.606865 -0.312539
v -0.397365 0.625309 -0.334152
v -0.384418 0.639553 -0.329235
v -0.396943 0.620638 -0.377580
v -0.409922 0.628714 -0.372374
v -0.415147 0.711209 -0.348840
v -0.406602 0.704855 -0.357064
v -0.417759 0.692090 -0.354600
v -0.417331 0.677819 -0.341549
v -0.423211 0.687427 -0.332086
v -0.413306 0.702345 -0.329572
v -0.378449 0.726392 -0.336254
v -0.398485 0.722983 -0.346642
v -0.400254 0.715655 -0.329864
v -0.377428 0.716918 -0.316133
v -0.361174 0.718687 -0.321985
v -0.392189 0.706992 -0.313270
v -0.378081 0.699806 -0.300649
v -0.369495 0.705050 -0.328914
v -0.386076 0.701220 -0.337773
v -0.389423 0.711673 -0.350239
v -0.399451 0.697636 -0.345696
v -0.397650 0.685408 -0.333077
v -0.404368 0.669956 -0.324233
v -0.411036 0.673146 -0.313756
v -0.403481 0.692102 -0.312256
v -0.389321 0.598864 -0.284714
v -0.401302 0.609023 -0.281007
v -0.313724 0.590815 -0.365559
v -0.314047 0.614926 -0.347010
v -0.318967 0.624700 -0.360583
v -0.347925 0.627185 -0.361824
v -0.379733 0.596787 -0.348130
v -0.364981 0.669600 -0.300758
v -0.322132 0.691613 -0.381925
v -0.236169 0.678928 -0.384108
v -0.328104 0.663232 -0.402296
v -0.332686 0.665400 -0.412531
v -0.245107 0.680660 -0.405885
v -0.331605 0.688728 -0.414786
v -0.313183 0.707428 -0.424258
v -0.242669 0.709041 -0.363339
v -0.288934 0.696590 -0.412351
v -0.237320 0.725483 -0.374219
v -0.283784 0.738596 -0.371442
v -0.323010 0.737170 -0.399898
v -0.323284 0.730954 -0.425002
v -0.292868 0.760629 -0.384671
v -0.278541 0.747635 -0.401969
v -0.320247 0.679810 -0.392611
v -0.304566 0.692657 -0.390513
v -0.309735 0.705892 -0.377053
v -0.334828 0.693084 -0.375121
v -0.334660 0.672332 -0.390892
v -0.315942 0.718281 -0.364819
v -0.247007 0.678172 -0.390796
v -0.235575 0.688575 -0.400782
v -0.228730 0.706957 -0.387500
v -0.221561 0.689954 -0.368858
v -0.241751 0.693582 -0.375951
v -0.342275 0.677869 -0.400322
v -0.320721 0.671506 -0.418211
v -0.314953 0.667649 -0.405431
v -0.265007 0.686276 -0.395292
v -0.263129 0.687826 -0.406943
v -0.257191 0.700902 -0.402523
v -0.342961 0.702300 -0.382343
v -0.337455 0.711088 -0.398071
v -0.332006 0.720550 -0.413642
v -0.331704 0.702121 -0.429513
v -0.319574 0.698810 -0.429560
v -0.317987 0.692125 -0.415445
v -0.305062 0.682306 -0.418882
v -0.303319 0.718787 -0.425576
v -0.305752 0.715422 -0.404878
v -0.309738 0.702919 -0.411584
v -0.305293 0.717820 -0.445150
v -0.228582 0.724658 -0.352043
v -0.261550 0.737321 -0.358155
v -0.260857 0.716733 -0.365886
v -0.260926 0.700534 -0.380541
v -0.284341 0.692191 -0.398486
v -0.299559 0.679263 -0.404356
v -0.284015 0.709661 -0.405203
v -0.257608 0.730262 -0.377232
v -0.254879 0.715814 -0.392430
v -0.280909 0.732437 -0.380440
v -0.284555 0.743697 -0.388418
v -0.275241 0.755733 -0.379045
v -0.303042 0.752772 -0.376718
v -0.326118 0.733126 -0.369249
v -0.285512 0.716967 -0.373688
v -0.313763 0.746835 -0.410671
v -0.324541 0.736809 -0.385124
v -0.307760 0.752766 -0.391052
v -0.298887 0.752657 -0.428532
v -0.318525 0.724418 -0.441023
v -0.273436 0.765182 -0.402315
v -0.292777 0.762818 -0.400025
v -0.296574 0.730867 -0.399355
v -0.287688 0.736963 -0.417025
v -0.281500 0.747431 -0.435894
v -0.282121 0.721869 -0.394525
v -0.284386 0.704250 -0.386169
v -0.347982 0.718477 -0.156319
v -0.360457 0.730224 -0.156799
v -0.337560 0.730980 -0.149067
v -0.242730 0.810992 -0.161206
v -0.240351 0.799658 -0.163722
v -0.234882 0.788303 -0.159351
v -0.234254 0.779680 -0.166348
v -0.306061 0.767512 -0.130122
v -0.330859 0.754008 -0.132372
v -0.343089 0.751449 -0.160135
v -0.289621 0.778234 -0.161966
v -0.303290 0.768915 -0.156587
v -0.299022 0.774789 -0.159590
v -0.309626 0.779026 -0.141641
v -0.254110 0.798514 -0.164512
v -0.263882 0.799215 -0.188275
v -0.251770 0.792579 -0.165718
v -0.238375 0.792373 -0.180131
v -0.235110 0.818216 -0.229514
v -0.240317 0.829186 -0.222528
v -0.265303 0.806082 -0.232996
v -0.273268 0.815024 -0.233526
v -0.330112 0.723393 -0.160585
v -0.349649 0.727081 -0.147297
v -0.353776 0.730391 -0.164139
v -0.336967 0.737719 -0.170297
v -0.357237 0.749007 -0.136994
v -0.352564 0.751242 -0.150486
v -0.343160 0.743849 -0.135585
v -0.326203 0.741277 -0.145401
v -0.311342 0.736294 -0.157589
v -0.230760 0.808055 -0.152936
v -0.227893 0.810549 -0.179673
v -0.240652 0.811653 -0.174210
v -0.258178 0.807330 -0.155054
v -0.255370 0.802564 -0.143680
v -0.250361 0.774578 -0.162474
v -0.236868 0.775408 -0.158198
v -0.228193 0.788002 -0.171281
v -0.246977 0.778976 -0.171070
v -0.322757 0.777858 -0.138396
v -0.318503 0.769473 -0.124056
v -0.316575 0.755001 -0.137291
v -0.302658 0.754604 -0.142580
v -0.340481 0.766243 -0.126669
v -0.331534 0.762350 -0.157133
v -0.318756 0.751109 -0.166739
v -0.339500 0.768110 -0.141857
v -0.283965 0.769210 -0.171923
v -0.268137 0.772097 -0.165223
v -0.272803 0.783558 -0.165754
v -0.293746 0.776513 -0.172815
v -0.291199 0.781013 -0.150232
v -0.281807 0.786118 -0.183916
v -0.294726 0.785207 -0.157168
v -0.279034 0.799466 -0.156289
v -0.274990 0.791034 -0.159951
v -0.276025 0.792059 -0.144364
v -0.318827 0.771458 -0.152061
v -0.252620 0.806388 -0.189662
v -0.240580 0.811232 -0.191738
v -0.252528 0.816172 -0.209272
v -0.263493 0.805570 -0.208637
v -0.260504 0.798759 -0.209885
v -0.260789 0.788420 -0.196560
v -0.273504 0.776066 -0.188562
v -0.262249 0.777704 -0.180110
v -0.253944 0.789125 -0.191421
v -0.249273 0.801151 -0.206738
v -0.236019 0.803899 -0.199988
v -0.230954 0.810347 -0.193978
v -0.251271 0.815084 -0.236016
v -0.254987 0.829240 -0.241400
v -0.230980 0.831244 -0.230641
v -0.222987 0.820515 -0.208671
v -0.231553 0.812598 -0.216848
v -0.250138 0.808548 -0.222555
v -0.238388 0.821914 -0.209463
v -0.255734 0.824756 -0.224203
v -0.264926 0.801421 -0.223141
v -0.270204 0.811264 -0.220937
v -0.157420 0.692218 -0.204746
v -0.155910 0.693086 -0.202798
v -0.155159 0.693849 -0.200586
v -0.156663 0.692654 -0.203769
v -0.156487 0.694058 -0.204556
v -0.156996 0.693757 -0.205207
v -0.156083 0.693448 -0.205579
v -0.155824 0.692473 -0.204483
v -0.154242 0.692750 -0.204149
v -0.154676 0.693270 -0.202463
v -0.156345 0.692993 -0.202769
v -0.155966 0.694414 -0.203929
v -0.156022 0.695729 -0.205048
v -0.156378 0.695400 -0.205411
v -0.156076 0.697005 -0.206135
v -0.156426 0.696525 -0.206370
v -0.156796 0.694831 -0.205695
v -0.156133 0.694839 -0.206304
v -0.155579 0.696370 -0.207186
v -0.155271 0.694848 -0.206428
v -0.155240 0.693426 -0.205685
v -0.154597 0.694834 -0.206515
v -0.154192 0.693325 -0.205777
v -0.155009 0.696367 -0.207264
v -0.155879 0.697466 -0.207720
v -0.155414 0.697878 -0.208002
v -0.156134 0.698367 -0.207295
v -0.156374 0.697725 -0.207213
v -0.140692 0.858348 -0.221063
v -0.123618 0.844821 -0.262626
v -0.121678 0.867347 -0.264514
v -0.125068 0.878225 -0.241929
v -0.112516 0.859604 -0.241884
v -0.144485 0.874350 -0.220731
v -0.142555 0.849155 -0.276068
v -0.151245 0.842295 -0.245830
v -0.131510 0.860743 -0.225202
v -0.126688 0.868166 -0.214159
v -0.143384 0.862252 -0.211044
v -0.159573 0.850632 -0.225131
v -0.147978 0.850429 -0.231425
v -0.137982 0.851999 -0.238032
v -0.133531 0.843040 -0.258758
v -0.138410 0.836333 -0.271127
v -0.121687 0.842061 -0.272122
v -0.116839 0.852314 -0.253013
v -0.127414 0.852481 -0.245515
v -0.107218 0.852291 -0.260958
v -0.134742 0.862145 -0.267905
v -0.138782 0.869584 -0.254309
v -0.122541 0.874167 -0.253611
v -0.111335 0.874317 -0.251241
v -0.112727 0.864502 -0.266995
v -0.128351 0.855016 -0.276567
v -0.138126 0.875715 -0.238374
v -0.132907 0.878486 -0.223830
v -0.117690 0.879538 -0.234962
v -0.120009 0.861181 -0.233486
v -0.103241 0.864014 -0.243082
v -0.111654 0.868832 -0.225819
v -0.145513 0.870147 -0.212356
v -0.128217 0.875810 -0.214804
v -0.152319 0.869316 -0.234455
v -0.161698 0.860656 -0.228036
v -0.123059 0.846836 -0.279286
v -0.142956 0.840706 -0.277711
v -0.155854 0.842494 -0.268083
v -0.149249 0.853689 -0.268450
v -0.143604 0.842057 -0.252758
v -0.161028 0.840138 -0.248936
v -0.151698 0.835715 -0.263867
v -0.163671 0.849364 -0.251508
v -0.153970 0.861331 -0.253334
v -0.105510 0.858477 -0.267169
v -0.101910 0.870580 -0.247407
v -0.111177 0.876679 -0.227764
vt 0.538883 0.647694
vt 0.543280 0.640817
vt 0.548572 0.646192
vt 0.543021 0.653171
vt 0.104400 0.037233
vt 0.098188 0.037695
vt 0.101480 0.025083
vt 0.108063 0.030504
vt 0.108063 0.043380
vt 0.102168 0.048628
vt 0.292372 0.690975
vt 0.291309 0.684202
vt 0.298974 0.681696
vt 0.298497 0.694625
vt 0.290038 0.701367
vt 0.286249 0.693790
vt 0.283394 0.687259
vt 0.283164 0.672636
vt 0.287861 0.677170
vt 0.280781 0.681304
vt 0.277340 0.674607
vt 0.274073 0.667622
vt 0.283213 0.666467
vt 0.292524 0.670939
vt 0.131475 0.804834
vt 0.123508 0.802367
vt 0.125150 0.793793
vt 0.136730 0.800278
vt 0.140482 0.810001
vt 0.131926 0.811419
vt 0.123193 0.810959
vt 0.100736 0.455814
vt 0.100582 0.448563
vt 0.108063 0.446983
vt 0.106400 0.457466
vt 0.569131 0.645064
vt 0.566331 0.650800
vt 0.560317 0.644976
vt 0.566114 0.638813
vt 0.899971 0.620350
vt 0.905497 0.618916
vt 0.905927 0.627726
vt 0.899129 0.626905
vt 0.876845 0.929046
vt 0.877242 0.923853
vt 0.885212 0.925160
vt 0.882457 0.932218
vt 0.272384 0.677693
vt 0.273114 0.683476
vt 0.267362 0.674896
vt 0.270109 0.699088
vt 0.267362 0.691655
vt 0.274815 0.689781
vt 0.276584 0.695851
vt 0.560594 0.666976
vt 0.556268 0.663940
vt 0.561366 0.657677
vt 0.566228 0.661414
vt 0.553743 0.672957
vt 0.551721 0.668434
vt 0.767964 0.111855
vt 0.766295 0.116154
vt 0.761750 0.112195
vt 0.765633 0.107945
vt 0.770004 0.107564
vt 0.772649 0.111689
vt 0.772015 0.118114
vt 0.279162 0.702408
vt 0.912605 0.144162
vt 0.919481 0.144394
vt 0.922755 0.152987
vt 0.915120 0.151433
vt 0.783387 0.597877
vt 0.789074 0.593692
vt 0.790660 0.604715
vt 0.784192 0.605749
vt 0.439310 0.460585
vt 0.445943 0.463102
vt 0.446660 0.471874
vt 0.441096 0.471793
vt 0.441733 0.454202
vt 0.446660 0.457397
vt 0.141269 0.349403
vt 0.143078 0.338945
vt 0.149487 0.337915
vt 0.148155 0.348219
vt 0.991178 0.663355
vt 0.992463 0.658776
vt 0.995426 0.658786
vt 0.997145 0.663355
vt 0.548851 0.674795
vt 0.547835 0.671197
vt 0.991813 0.705576
vt 0.991178 0.700953
vt 0.996989 0.700953
vt 0.996153 0.705476
vt 0.991835 0.774065
vt 0.996436 0.774048
vt 0.996731 0.778422
vt 0.991178 0.778422
vt 0.762668 0.136880
vt 0.758881 0.128768
vt 0.765754 0.128803
vt 0.768700 0.136663
vt 0.230534 0.887916
vt 0.226326 0.886552
vt 0.224869 0.878461
vt 0.230199 0.878934
vt 0.385641 0.949374
vt 0.380928 0.945246
vt 0.386722 0.943019
vt 0.388569 0.946278
vt 0.787229 0.621361
vt 0.783929 0.619506
vt 0.783387 0.613583
vt 0.789613 0.614481
vt 0.380284 0.936574
vt 0.388569 0.937667
vt 0.770670 0.128366
vt 0.765067 0.121854
vt 0.772649 0.123941
vt 0.996586 0.374500
vt 0.997699 0.379330
vt 0.991178 0.380116
vt 0.991178 0.374444
vt 0.980623 0.245941
vt 0.978913 0.240483
vt 0.987585 0.240483
vt 0.984511 0.248191
vt 0.567828 0.673494
vt 0.562041 0.674539
vt 0.568712 0.667641
vt 0.758034 0.119950
vt 0.928958 0.152543
vt 0.926985 0.144162
vt 0.225783 0.869031
vt 0.230534 0.869823
vt 0.547756 0.664961
vt 0.538945 0.659402
vt 0.550111 0.659304
vt 0.554852 0.652286
vt 0.554831 0.638813
vt 0.556190 0.677194
vt 0.899129 0.635302
vt 0.905848 0.635769
vt 0.876637 0.918008
vt 0.885373 0.918008
vt 0.131881 0.819476
vt 0.140482 0.818575
vt 0.100582 0.439474
vt 0.107060 0.438246
vt 0.410639 0.211868
vt 0.410013 0.220345
vt 0.405171 0.221199
vt 0.404446 0.211026
vt 0.410639 0.234136
vt 0.405675 0.233488
vt 0.141269 0.327681
vt 0.146620 0.325807
vt 0.945559 0.760975
vt 0.932622 0.760307
vt 0.932349 0.755171
vt 0.945885 0.755171
vt 0.998011 0.204016
vt 0.997147 0.208567
vt 0.991178 0.209777
vt 0.991224 0.204016
vt 0.390102 0.676835
vt 0.383434 0.677194
vt 0.385449 0.668707
vt 0.392628 0.669100
vt 0.223338 0.988483
vt 0.223338 0.980604
vt 0.229807 0.981887
vt 0.228186 0.988202
vt 0.709406 0.733026
vt 0.707455 0.726577
vt 0.715778 0.725258
vt 0.715556 0.732662
vt 0.561616 0.270458
vt 0.557355 0.265808
vt 0.558874 0.259187
vt 0.565864 0.265286
vt 0.571957 0.272907
vt 0.561780 0.277361
vt 0.552158 0.270068
vt 0.550935 0.259074
vt 0.370084 0.710680
vt 0.375928 0.708281
vt 0.379771 0.716057
vt 0.367812 0.716817
vt 0.365871 0.706226
vt 0.371067 0.700513
vt 0.359902 0.711377
vt 0.865925 0.882894
vt 0.872597 0.880976
vt 0.873508 0.889985
vt 0.866056 0.889476
vt 0.848666 0.314239
vt 0.849375 0.305626
vt 0.857298 0.305383
vt 0.854929 0.315183
vt 0.578136 0.259475
vt 0.576668 0.265661
vt 0.569544 0.258187
vt 0.573122 0.251990
vt 0.940353 0.137831
vt 0.939565 0.146165
vt 0.932349 0.145290
vt 0.933848 0.135999
vt 0.946249 0.135323
vt 0.946249 0.146303
vt 0.653780 0.836182
vt 0.653697 0.844035
vt 0.645595 0.844355
vt 0.647443 0.833269
vt 0.371380 0.643820
vt 0.368084 0.639063
vt 0.379545 0.639000
vt 0.377595 0.644572
vt 0.374869 0.648584
vt 0.368894 0.648360
vt 0.361589 0.647624
vt 0.376527 0.654175
vt 0.367714 0.655829
vt 0.383958 0.651083
vt 0.718255 0.710324
vt 0.711515 0.706491
vt 0.718312 0.699386
vt 0.723430 0.706773
vt 0.717060 0.716976
vt 0.707682 0.716614
vt 0.725178 0.715298
vt 0.731225 0.728184
vt 0.723462 0.730224
vt 0.724292 0.723121
vt 0.730922 0.721008
vt 0.555310 0.243233
vt 0.559618 0.237265
vt 0.566703 0.242170
vt 0.564339 0.245623
vt 0.651007 0.967466
vt 0.655513 0.970337
vt 0.656507 0.976838
vt 0.651007 0.976129
vt 0.978913 0.835895
vt 0.987182 0.835895
vt 0.986990 0.841782
vt 0.980040 0.840746
vt 0.561406 0.252256
vt 0.553121 0.250717
vt 0.854040 0.293356
vt 0.848666 0.294588
vt 0.361239 0.663477
vt 0.360831 0.656601
vt 0.368119 0.662834
vt 0.565805 0.232060
vt 0.571169 0.236690
vt 0.258539 0.967466
vt 0.265556 0.967466
vt 0.264795 0.975027
vt 0.258862 0.977103
vt 0.362505 0.701559
vt 0.356135 0.703271
vt 0.356888 0.691859
vt 0.364972 0.695385
vt 0.367969 0.672305
vt 0.377182 0.661204
vt 0.377323 0.669600
vt 0.376036 0.675674
vt 0.369481 0.675784
vt 0.375139 0.683763
vt 0.380318 0.691287
vt 0.375715 0.695673
vt 0.370863 0.689451
vt 0.379449 0.682124
vt 0.384110 0.686701
vt 0.383805 0.697696
vt 0.389026 0.695218
vt 0.388711 0.707131
vt 0.381268 0.703575
vt 0.857068 0.090052
vt 0.856006 0.078359
vt 0.862602 0.077064
vt 0.862701 0.088255
vt 0.401687 0.936908
vt 0.407548 0.936574
vt 0.407412 0.948635
vt 0.401687 0.949480
vt 0.856881 0.068941
vt 0.862701 0.068643
vt 0.386129 0.659924
vt 0.388014 0.647581
vt 0.392628 0.658684
vt 0.844416 0.633018
vt 0.844416 0.621009
vt 0.851895 0.621809
vt 0.851586 0.632666
vt 0.851625 0.642495
vt 0.844985 0.642974
vt 0.646391 0.855497
vt 0.653780 0.853621
vt 0.364712 0.682124
vt 0.573508 0.227234
vt 0.578136 0.232317
vt 0.731225 0.712849
vt 0.729777 0.703307
vt 0.980123 0.290783
vt 0.987651 0.290276
vt 0.987426 0.295921
vt 0.978913 0.295921
vt 0.872698 0.898722
vt 0.865925 0.897659
vt 0.949845 0.332460
vt 0.961750 0.332561
vt 0.961750 0.338086
vt 0.950712 0.339284
vt 0.199864 0.991847
vt 0.199931 0.992028
vt 0.199766 0.992229
vt 0.199766 0.991868
vt 0.139669 0.992543
vt 0.139674 0.992287
vt 0.139765 0.992335
vt 0.139788 0.992686
vt 0.139586 0.992598
vt 0.139480 0.992264
vt 0.139661 0.991847
vt 0.139788 0.992028
vt 0.232742 0.992020
vt 0.232965 0.991847
vt 0.232965 0.992215
vt 0.232622 0.992294
vt 0.206610 0.992373
vt 0.206425 0.992234
vt 0.206544 0.991847
vt 0.206610 0.992097
vt 0.077420 0.991847
vt 0.077770 0.991875
vt 0.077770 0.992144
vt 0.077481 0.992152
vt 0.077225 0.992271
vt 0.077197 0.992097
vt 0.077518 0.992419
vt 0.077367 0.992496
vt 0.077122 0.992640
vt 0.076955 0.992406
vt 0.199945 0.992143
vt 0.199867 0.992443
vt 0.077536 0.992695
vt 0.077283 0.992867
vt 0.077770 0.992963
vt 0.077454 0.993107
vt 0.077770 0.992685
vt 0.077770 0.993275
vt 0.077614 0.993333
vt 0.077770 0.993551
vt 0.077770 0.992421
vt 0.954553 0.229501
vt 0.955479 0.236977
vt 0.949845 0.236818
vt 0.951960 0.231135
vt 0.960942 0.229501
vt 0.961761 0.233167
vt 0.228946 0.645946
vt 0.231800 0.643862
vt 0.231849 0.652724
vt 0.226346 0.652174
vt 0.154326 0.980612
vt 0.159284 0.980604
vt 0.159284 0.988542
vt 0.153354 0.987660
vt 0.143265 0.918456
vt 0.142815 0.925994
vt 0.138550 0.925655
vt 0.138149 0.918008
vt 0.798935 0.644919
vt 0.801466 0.651666
vt 0.790795 0.651886
vt 0.791404 0.644919
vt 0.216756 0.663591
vt 0.221751 0.657826
vt 0.227452 0.662672
vt 0.219659 0.670894
vt 0.956877 0.028215
vt 0.949845 0.028093
vt 0.953372 0.022277
vt 0.962097 0.022277
vt 0.952140 0.199105
vt 0.960457 0.197955
vt 0.961836 0.204163
vt 0.949845 0.204163
vt 0.239287 0.642816
vt 0.241340 0.648241
vt 0.782307 0.650291
vt 0.784196 0.645256
vt 0.801276 0.660346
vt 0.791207 0.660887
vt 0.137115 0.962744
vt 0.132014 0.964281
vt 0.132014 0.953021
vt 0.136529 0.955015
vt 0.871521 0.240746
vt 0.871707 0.249283
vt 0.866649 0.249933
vt 0.866370 0.240398
vt 0.240172 0.654370
vt 0.232850 0.656599
vt 0.912605 0.400123
vt 0.913216 0.395048
vt 0.920583 0.397823
vt 0.920147 0.403425
vt 0.776895 0.645606
vt 0.775591 0.653781
vt 0.932349 0.455441
vt 0.937000 0.448585
vt 0.946084 0.449027
vt 0.940313 0.455441
vt 0.061996 0.407525
vt 0.055696 0.410524
vt 0.055263 0.401593
vt 0.062451 0.400003
vt 0.068278 0.411460
vt 0.065207 0.419293
vt 0.071617 0.402254
vt 0.926636 0.402141
vt 0.928681 0.395048
vt 0.060881 0.949849
vt 0.055324 0.944931
vt 0.054502 0.936574
vt 0.060881 0.937454
vt 0.375037 0.517902
vt 0.358600 0.516270
vt 0.362231 0.506464
vt 0.373041 0.509173
vt 0.371786 0.527757
vt 0.362498 0.526488
vt 0.034220 0.589754
vt 0.030024 0.593437
vt 0.025536 0.591363
vt 0.028257 0.587061
vt 0.740087 0.209993
vt 0.737363 0.201602
vt 0.745633 0.201366
vt 0.744226 0.212524
vt 0.808336 0.883744
vt 0.815874 0.880124
vt 0.815874 0.889060
vt 0.806048 0.889717
vt 0.800398 0.886182
vt 0.801494 0.880622
vt 0.811175 0.871050
vt 0.922665 0.805637
vt 0.928169 0.805299
vt 0.926316 0.813543
vt 0.919728 0.813577
vt 0.163495 0.972599
vt 0.163930 0.967466
vt 0.171228 0.967466
vt 0.171298 0.977235
vt 0.034220 0.572651
vt 0.023901 0.580965
vt 0.017871 0.574696
vt 0.030202 0.568365
vt 0.866370 0.261152
vt 0.869598 0.259534
vt 0.745633 0.187151
vt 0.738597 0.186953
vt 0.742001 0.183526
vt 0.745414 0.181190
vt 0.241340 0.680448
vt 0.234388 0.680796
vt 0.226908 0.677370
vt 0.233770 0.671017
vt 0.439025 0.037940
vt 0.440199 0.036940
vt 0.443135 0.048302
vt 0.440552 0.054530
vt 0.333194 0.884898
vt 0.333194 0.901171
vt 0.325368 0.902324
vt 0.327572 0.890398
vt 0.744521 0.193946
vt 0.736998 0.194358
vt 0.447592 0.035588
vt 0.447652 0.032188
vt 0.454432 0.030088
vt 0.452551 0.042884
vt 0.458607 0.043369
vt 0.461068 0.057559
vt 0.452450 0.057946
vt 0.460495 0.030720
vt 0.953060 0.399386
vt 0.949845 0.388244
vt 0.961452 0.388244
vt 0.960955 0.395931
vt 0.660235 0.180560
vt 0.654760 0.180348
vt 0.656843 0.170224
vt 0.663637 0.171580
vt 0.443251 0.022866
vt 0.452237 0.019772
vt 0.664586 0.190133
vt 0.656545 0.192712
vt 0.091712 0.395359
vt 0.105167 0.392534
vt 0.105883 0.403360
vt 0.094287 0.404845
vt 0.624587 0.428028
vt 0.631522 0.427702
vt 0.635769 0.438853
vt 0.628462 0.441335
vt 0.420904 0.062514
vt 0.426362 0.061784
vt 0.428649 0.068500
vt 0.420981 0.069068
vt 0.429689 0.122689
vt 0.430450 0.129933
vt 0.421829 0.129635
vt 0.424005 0.125660
vt 0.975249 0.116675
vt 0.965173 0.116675
vt 0.965644 0.110044
vt 0.975630 0.109359
vt 0.912605 0.831770
vt 0.916152 0.825973
vt 0.927843 0.825973
vt 0.927916 0.834189
vt 0.448648 0.011857
vt 0.441031 0.011899
vt 0.444603 0.004695
vt 0.453561 0.006896
vt 0.461068 0.017360
vt 0.655230 0.154099
vt 0.661407 0.153495
vt 0.664586 0.160872
vt 0.657128 0.161236
vt 0.362950 0.988165
vt 0.360911 0.980785
vt 0.368112 0.980604
vt 0.368112 0.988343
vt 0.648289 0.796993
vt 0.641812 0.800897
vt 0.638271 0.791908
vt 0.648806 0.790194
vt 0.653440 0.799810
vt 0.647564 0.805192
vt 0.659183 0.791302
vt 0.334220 0.866619
vt 0.340558 0.863148
vt 0.343875 0.870086
vt 0.335046 0.872433
vt 0.466902 0.063040
vt 0.466765 0.055398
vt 0.475476 0.055165
vt 0.473103 0.066639
vt 0.326082 0.872338
vt 0.328185 0.863148
vt 0.972306 0.683697
vt 0.965173 0.683850
vt 0.965173 0.677843
vt 0.975335 0.678749
vt 0.649008 0.112230
vt 0.643589 0.108798
vt 0.651717 0.103393
vt 0.656547 0.108605
vt 0.082825 0.954734
vt 0.088306 0.953021
vt 0.088306 0.964270
vt 0.082107 0.960135
vt 0.646141 0.097830
vt 0.647003 0.090346
vt 0.655976 0.095328
vt 0.637281 0.098461
vt 0.636928 0.085569
vt 0.137291 0.724307
vt 0.130631 0.727623
vt 0.129938 0.715450
vt 0.138681 0.715496
vt 0.160377 0.563437
vt 0.165230 0.567736
vt 0.160898 0.576335
vt 0.154562 0.568306
vt 0.161022 0.555040
vt 0.170152 0.555481
vt 0.171293 0.569999
vt 0.171527 0.575439
vt 0.926493 0.020601
vt 0.912604 0.020910
vt 0.913457 0.013273
vt 0.929160 0.013273
vt 0.284242 0.455135
vt 0.290573 0.461741
vt 0.286413 0.470030
vt 0.277573 0.466484
vt 0.311022 0.193669
vt 0.311581 0.206324
vt 0.305921 0.206221
vt 0.307064 0.194362
vt 0.289747 0.450498
vt 0.294067 0.456302
vt 0.288024 0.440950
vt 0.282993 0.437108
vt 0.298582 0.427912
vt 0.296013 0.436638
vt 0.296883 0.445923
vt 0.965173 0.212547
vt 0.975540 0.212208
vt 0.974075 0.219813
vt 0.965173 0.219641
vt 0.877110 0.606997
vt 0.877110 0.626764
vt 0.868818 0.621420
vt 0.871527 0.610747
vt 0.511497 0.245033
vt 0.510297 0.262749
vt 0.503356 0.259901
vt 0.502339 0.249127
vt 0.440940 0.378660
vt 0.446195 0.389822
vt 0.437343 0.393271
vt 0.431758 0.386454
vt 0.210668 0.938160
vt 0.220084 0.936574
vt 0.217490 0.945780
vt 0.210668 0.949503
vt 0.510390 0.239340
vt 0.501191 0.241118
vt 0.499226 0.231324
vt 0.506299 0.230072
vt 0.303839 0.435585
vt 0.305187 0.441965
vt 0.309071 0.430710
vt 0.314986 0.438067
vt 0.997660 0.406385
vt 0.992461 0.406385
vt 0.991178 0.401222
vt 0.996654 0.401266
vt 0.652463 0.806869
vt 0.658887 0.803382
vt 0.270141 0.873383
vt 0.268651 0.866937
vt 0.275479 0.865939
vt 0.275560 0.873508
vt 0.344000 0.875566
vt 0.337844 0.879898
vt 0.839990 0.647950
vt 0.834156 0.653372
vt 0.834156 0.636206
vt 0.841074 0.636566
vt 0.846492 0.651156
vt 0.846181 0.659183
vt 0.002600 0.594548
vt 0.002044 0.582475
vt 0.010469 0.585282
vt 0.009617 0.596454
vt 0.493102 0.274043
vt 0.498497 0.270365
vt 0.502842 0.275844
vt 0.492020 0.279162
vt 0.484273 0.275191
vt 0.489117 0.270553
vt 0.494188 0.266970
vt 0.801192 0.700590
vt 0.795562 0.702408
vt 0.794520 0.692138
vt 0.800940 0.691790
vt 0.342199 0.624540
vt 0.337082 0.632847
vt 0.331709 0.626003
vt 0.339484 0.618337
vt 0.987524 0.407152
vt 0.980879 0.408121
vt 0.978913 0.401351
vt 0.987524 0.401371
vt 0.494630 0.260393
vt 0.485608 0.263367
vt 0.350687 0.521452
vt 0.342218 0.519605
vt 0.347357 0.508281
vt 0.354024 0.529723
vt 0.345854 0.531862
vt 0.353243 0.501272
vt 0.991178 0.291887
vt 0.997283 0.291887
vt 0.997940 0.296830
vt 0.992837 0.296424
vt 0.383623 0.528712
vt 0.379113 0.536712
vt 0.022911 0.595580
vt 0.017302 0.596336
vt 0.019064 0.588341
vt 0.026582 0.598371
vt 0.017946 0.603372
vt 0.190784 0.649908
vt 0.200958 0.639072
vt 0.199815 0.653802
vt 0.193365 0.659634
vt 0.324531 0.599373
vt 0.329479 0.606209
vt 0.323502 0.612102
vt 0.321941 0.602919
vt 0.709078 0.937711
vt 0.715131 0.936574
vt 0.714386 0.947879
vt 0.709078 0.949138
vt 0.681192 0.401276
vt 0.685240 0.408693
vt 0.672167 0.410639
vt 0.673473 0.401924
vt 0.478780 0.240440
vt 0.484133 0.242715
vt 0.485078 0.254841
vt 0.476580 0.256194
vt 0.480705 0.231601
vt 0.485237 0.232128
vt 0.194292 0.635184
vt 0.197504 0.629267
vt 0.201717 0.630979
vt 0.450418 0.071146
vt 0.440326 0.071583
vt 0.431889 0.072042
vt 0.431760 0.054597
vt 0.351003 0.131548
vt 0.351204 0.141369
vt 0.344036 0.129979
vt 0.351204 0.121852
vt 0.889612 0.066915
vt 0.898722 0.067314
vt 0.898722 0.084649
vt 0.892002 0.084025
vt 0.980550 0.028827
vt 0.987605 0.029330
vt 0.988022 0.032764
vt 0.978913 0.032764
vt 0.346910 0.497551
vt 0.341148 0.501789
vt 0.344442 0.489940
vt 0.347203 0.492683
vt 0.357263 0.496077
vt 0.338563 0.494551
vt 0.334536 0.490633
vt 0.342304 0.484644
vt 0.992924 0.325567
vt 0.997918 0.325567
vt 0.996364 0.328631
vt 0.991178 0.328580
vt 0.615939 0.976870
vt 0.612451 0.976764
vt 0.610453 0.967697
vt 0.615939 0.967466
vt 0.972662 0.567105
vt 0.966688 0.565680
vt 0.965173 0.558322
vt 0.975276 0.558322
vt 0.932349 0.783319
vt 0.932505 0.776213
vt 0.937096 0.772770
vt 0.939359 0.783319
vt 0.837487 0.507498
vt 0.837012 0.513957
vt 0.829788 0.513419
vt 0.832109 0.505849
vt 0.965173 0.749962
vt 0.967494 0.744393
vt 0.975328 0.744243
vt 0.972657 0.749962
vt 0.912605 0.624748
vt 0.921028 0.625298
vt 0.919476 0.634491
vt 0.914471 0.631792
vt 0.936072 0.300051
vt 0.932349 0.293884
vt 0.946204 0.293884
vt 0.943465 0.301312
vt 0.128263 0.972535
vt 0.121411 0.977227
vt 0.121411 0.967860
vt 0.130444 0.967466
vt 0.413236 0.422704
vt 0.415990 0.435534
vt 0.408419 0.434348
vt 0.406427 0.423208
vt 0.837487 0.529508
vt 0.832330 0.529025
vt 0.830413 0.520616
vt 0.836272 0.520273
vt 0.306182 0.475363
vt 0.305159 0.487292
vt 0.298740 0.482733
vt 0.301467 0.474243
vt 0.639278 0.076925
vt 0.639047 0.072937
vt 0.653796 0.073959
vt 0.649683 0.081706
vt 0.975378 0.669578
vt 0.974813 0.674767
vt 0.966376 0.674521
vt 0.965173 0.669578
vt 0.102600 0.953021
vt 0.103888 0.961024
vt 0.100483 0.964390
vt 0.100483 0.953305
vt 0.417625 0.417946
vt 0.427230 0.417412
vt 0.425227 0.427409
vt 0.423126 0.408356
vt 0.426732 0.406930
vt 0.298533 0.458455
vt 0.299228 0.453612
vt 0.300228 0.460268
vt 0.455153 0.988281
vt 0.448054 0.988281
vt 0.450654 0.980604
vt 0.454697 0.981295
vt 0.866414 0.953021
vt 0.869540 0.954801
vt 0.868917 0.958954
vt 0.861996 0.958178
vt 0.432352 0.407015
vt 0.434856 0.418159
vt 0.959465 0.638761
vt 0.949845 0.641174
vt 0.950948 0.632858
vt 0.961367 0.632858
vt 0.889030 0.394429
vt 0.882906 0.390847
vt 0.884014 0.383642
vt 0.891518 0.385424
vt 0.869540 0.963569
vt 0.864561 0.963600
vt 0.304495 0.466368
vt 0.294531 0.472454
vt 0.298388 0.464132
vt 0.424416 0.392057
vt 0.427621 0.397981
vt 0.419723 0.400492
vt 0.418613 0.390848
vt 0.425024 0.382708
vt 0.312456 0.444782
vt 0.307009 0.449826
vt 0.882906 0.377019
vt 0.888950 0.375782
vt 0.973397 0.773667
vt 0.975203 0.780636
vt 0.965173 0.780636
vt 0.966004 0.772948
vt 0.868030 0.816185
vt 0.874199 0.815727
vt 0.875309 0.821126
vt 0.868709 0.821616
vt 0.656374 0.088243
vt 0.662785 0.085888
vt 0.662728 0.097659
vt 0.868385 0.833822
vt 0.868030 0.829145
vt 0.874146 0.829452
vt 0.870710 0.835686
vt 0.133793 0.693893
vt 0.137095 0.694488
vt 0.138681 0.704115
vt 0.131195 0.703508
vt 0.848184 0.930970
vt 0.846413 0.921915
vt 0.854534 0.918008
vt 0.854534 0.932302
vt 0.446371 0.428790
vt 0.441361 0.429680
vt 0.440717 0.418847
vt 0.446660 0.418229
vt 0.305178 0.216802
vt 0.311581 0.217927
vt 0.945651 0.914562
vt 0.945266 0.920978
vt 0.939655 0.922065
vt 0.940455 0.914268
vt 0.296688 0.486492
vt 0.293572 0.487548
vt 0.292969 0.481451
vt 0.421963 0.435260
vt 0.163286 0.987266
vt 0.162360 0.988626
vt 0.162360 0.980604
vt 0.166570 0.987278
vt 0.629477 0.100503
vt 0.629477 0.085674
vt 0.298128 0.488914
vt 0.904125 0.802431
vt 0.904125 0.817675
vt 0.896484 0.816628
vt 0.896066 0.800482
vt 0.280759 0.483509
vt 0.277573 0.478470
vt 0.285294 0.479604
vt 0.286066 0.488079
vt 0.932349 0.922257
vt 0.934457 0.914268
vt 0.434702 0.429085
vt 0.433916 0.437350
vt 0.426692 0.435019
vt 0.439236 0.406100
vt 0.444569 0.406418
vt 0.080890 0.881218
vt 0.093897 0.878637
vt 0.097257 0.887280
vt 0.080488 0.886565
vt 0.121912 0.715214
vt 0.122171 0.702732
vt 0.161617 0.545102
vt 0.159501 0.536791
vt 0.164993 0.534895
vt 0.169503 0.544258
vt 0.154562 0.531540
vt 0.162901 0.526927
vt 0.927911 0.633575
vt 0.928328 0.624748
vt 0.124936 0.727097
vt 0.316984 0.480561
vt 0.314783 0.489885
vt 0.414169 0.450262
vt 0.406427 0.446250
vt 0.945027 0.773634
vt 0.945644 0.782069
vt 0.158839 0.962667
vt 0.153234 0.964203
vt 0.152240 0.957776
vt 0.158839 0.953021
vt 0.350758 0.480352
vt 0.355562 0.485595
vt 0.986011 0.868599
vt 0.978913 0.868599
vt 0.983533 0.863128
vt 0.987073 0.862027
vt 0.428177 0.081047
vt 0.421638 0.079318
vt 0.420904 0.074545
vt 0.428452 0.074515
vt 0.361996 0.489164
vt 0.367938 0.491816
vt 0.365173 0.499302
vt 0.374704 0.494153
vt 0.373731 0.501401
vt 0.420826 0.135258
vt 0.429123 0.136880
vt 0.497740 0.223778
vt 0.492073 0.232287
vt 0.491897 0.223481
vt 0.492941 0.242060
vt 0.484522 0.223963
vt 0.494279 0.251785
vt 0.325494 0.641173
vt 0.321941 0.633705
vt 0.801466 0.675316
vt 0.794520 0.676331
vt 0.334536 0.518303
vt 0.267328 0.852817
vt 0.275560 0.853220
vt 0.635673 0.457679
vt 0.629286 0.470073
vt 0.624587 0.466086
vt 0.628619 0.456333
vt 0.325956 0.882513
vt 0.478634 0.268097
vt 0.965173 0.803605
vt 0.973771 0.803782
vt 0.975210 0.810718
vt 0.967298 0.810718
vt 0.201717 0.665954
vt 0.196026 0.668188
vt 0.334628 0.611718
vt 0.327278 0.619079
vt 0.246759 0.967466
vt 0.246071 0.977063
vt 0.238428 0.974876
vt 0.238057 0.967466
vt 0.664782 0.399734
vt 0.665778 0.388438
vt 0.676434 0.388477
vt 0.686199 0.389064
vt 0.641384 0.185977
vt 0.650178 0.187099
vt 0.646083 0.205319
vt 0.639554 0.199797
vt 0.673666 0.374567
vt 0.683240 0.373234
vt 0.639554 0.168013
vt 0.648686 0.165130
vt 0.848628 0.352731
vt 0.855497 0.353649
vt 0.855277 0.371568
vt 0.848628 0.374618
vt 0.928402 0.543300
vt 0.926801 0.552036
vt 0.912658 0.553302
vt 0.912605 0.543300
vt 0.007784 0.562135
vt 0.020914 0.558313
vt 0.026346 0.562804
vt 0.011896 0.568636
vt 0.664782 0.374625
vt 0.010273 0.605152
vt 0.793386 0.918008
vt 0.793386 0.932104
vt 0.779476 0.931435
vt 0.780014 0.922016
vt 0.097257 0.896921
vt 0.080449 0.889427
vt 0.637919 0.113466
vt 0.178304 0.558610
vt 0.459073 0.070579
vt 0.118961 0.421445
vt 0.116690 0.414230
vt 0.126223 0.411217
vt 0.129675 0.415950
vt 0.465730 0.041817
vt 0.473611 0.039457
vt 0.103762 0.421445
vt 0.104218 0.413498
vt 0.638271 0.780066
vt 0.649048 0.780021
vt 0.092979 0.416485
vt 0.093790 0.411835
vt 0.082080 0.418838
vt 0.081160 0.412786
vt 0.081918 0.406650
vt 0.473924 0.018430
vt 0.470571 0.029081
vt 0.465598 0.028457
vt 0.468159 0.016014
vt 0.467885 0.002634
vt 0.475476 0.001797
vt 0.998128 0.085993
vt 0.991178 0.086331
vt 0.991658 0.079822
vt 0.998131 0.079822
vt 0.119008 0.394350
vt 0.116535 0.404205
vt 0.944793 0.570932
vt 0.932349 0.570932
vt 0.933234 0.563521
vt 0.945983 0.563423
vt 0.798292 0.667817
vt 0.792544 0.671790
vt 0.280085 0.365644
vt 0.279826 0.357608
vt 0.284565 0.358202
vt 0.283623 0.366406
vt 0.278611 0.349647
vt 0.284280 0.349167
vt 0.912604 0.813553
vt 0.917978 0.805299
vt 0.143265 0.933384
vt 0.139733 0.933023
vt 0.420826 0.119579
vt 0.425942 0.113956
vt 0.991178 0.939496
vt 0.991178 0.935324
vt 0.995435 0.937117
vt 0.993532 0.938758
vt 0.274481 0.987491
vt 0.278219 0.981080
vt 0.280857 0.980604
vt 0.280857 0.988458
vt 0.123806 0.964280
vt 0.123806 0.953021
vt 0.127762 0.955328
vt 0.128938 0.962805
vt 0.278611 0.371687
vt 0.282022 0.372817
vt 0.481169 0.218829
vt 0.479714 0.225614
vt 0.476580 0.231063
vt 0.923014 0.838994
vt 0.912847 0.838898
vt 0.345835 0.145885
vt 0.340982 0.134942
vt 0.189494 0.645935
vt 0.697005 0.840772
vt 0.692396 0.847878
vt 0.684812 0.843649
vt 0.696475 0.833613
vt 0.392317 0.165516
vt 0.399832 0.164074
vt 0.395928 0.174570
vt 0.388278 0.170857
vt 0.377183 0.165093
vt 0.385275 0.161227
vt 0.298987 0.620392
vt 0.304264 0.617168
vt 0.306178 0.625787
vt 0.299319 0.626074
vt 0.292778 0.626552
vt 0.293187 0.618310
vt 0.298073 0.610607
vt 0.884314 0.030301
vt 0.883787 0.038659
vt 0.878085 0.039892
vt 0.878085 0.029038
vt 0.164313 0.920089
vt 0.171057 0.918008
vt 0.171057 0.933280
vt 0.164026 0.928808
vt 0.202665 0.360209
vt 0.198160 0.352706
vt 0.208343 0.350247
vt 0.209897 0.356916
vt 0.802833 0.812673
vt 0.808064 0.813431
vt 0.808136 0.821036
vt 0.799428 0.818144
vt 0.799428 0.806176
vt 0.806550 0.804284
vt 0.266212 0.152880
vt 0.260923 0.156691
vt 0.257090 0.146012
vt 0.264612 0.145174
vt 0.298784 0.639993
vt 0.294130 0.641825
vt 0.293351 0.634466
vt 0.299168 0.633933
vt 0.305469 0.635187
vt 0.302125 0.644384
vt 0.294939 0.648377
vt 0.221972 0.347007
vt 0.219491 0.354815
vt 0.206502 0.342152
vt 0.217394 0.338027
vt 0.225029 0.333126
vt 0.229016 0.340206
vt 0.234111 0.350848
vt 0.234184 0.357654
vt 0.234981 0.344246
vt 0.817675 0.821277
vt 0.815861 0.816008
vt 0.552901 0.549830
vt 0.552232 0.546476
vt 0.559231 0.543624
vt 0.561652 0.546705
vt 0.545706 0.552921
vt 0.542702 0.548772
vt 0.839113 0.255479
vt 0.841089 0.251979
vt 0.841089 0.266590
vt 0.830913 0.259880
vt 0.961409 0.785948
vt 0.949845 0.785948
vt 0.950626 0.782363
vt 0.958939 0.783302
vt 0.814244 0.805285
vt 0.711754 0.875501
vt 0.715016 0.875217
vt 0.714746 0.882013
vt 0.708997 0.884268
vt 0.288355 0.643792
vt 0.287831 0.635219
vt 0.898160 0.190362
vt 0.897882 0.184492
vt 0.904125 0.184492
vt 0.902729 0.192498
vt 0.903234 0.201717
vt 0.899090 0.198537
vt 0.912605 0.109065
vt 0.917437 0.101708
vt 0.929047 0.103072
vt 0.927382 0.109065
vt 0.833376 0.253102
vt 0.824554 0.256012
vt 0.715016 0.892186
vt 0.709687 0.893319
vt 0.397200 0.956519
vt 0.403371 0.953021
vt 0.403379 0.959227
vt 0.397200 0.963990
vt 0.991178 0.569491
vt 0.993833 0.566010
vt 0.997365 0.564720
vt 0.997136 0.569491
vt 0.864502 0.812140
vt 0.864444 0.821094
vt 0.857448 0.822863
vt 0.856814 0.811182
vt 0.899283 0.781721
vt 0.905926 0.781133
vt 0.905740 0.789697
vt 0.898309 0.790563
vt 0.826189 0.270674
vt 0.824412 0.264721
vt 0.271279 0.119356
vt 0.271958 0.126203
vt 0.263266 0.123604
vt 0.265839 0.115737
vt 0.856184 0.847654
vt 0.862140 0.845300
vt 0.864502 0.855958
vt 0.855562 0.854847
vt 0.876206 0.873923
vt 0.881944 0.872114
vt 0.881744 0.878287
vt 0.876206 0.880712
vt 0.545986 0.503047
vt 0.552176 0.501589
vt 0.549973 0.509115
vt 0.542702 0.509096
vt 0.885340 0.879773
vt 0.887916 0.872722
vt 0.842590 0.980604
vt 0.843264 0.987893
vt 0.836915 0.987635
vt 0.836915 0.980801
vt 0.064768 0.892848
vt 0.061587 0.885175
vt 0.073843 0.884753
vt 0.070495 0.893319
vt 0.979847 0.342609
vt 0.987487 0.342151
vt 0.987388 0.350348
vt 0.978913 0.350348
vt 0.364428 0.182950
vt 0.365571 0.175566
vt 0.372542 0.177689
vt 0.368566 0.186995
vt 0.704042 0.895979
vt 0.698291 0.896921
vt 0.697912 0.889860
vt 0.704209 0.889439
vt 0.630183 0.988182
vt 0.625037 0.987217
vt 0.625037 0.980604
vt 0.630152 0.982359
vt 0.695190 0.855450
vt 0.684812 0.855497
vt 0.369142 0.166376
vt 0.975356 0.456800
vt 0.975182 0.465299
vt 0.968885 0.463041
vt 0.965173 0.456800
vt 0.580670 0.982239
vt 0.584431 0.980604
vt 0.584431 0.986441
vt 0.579207 0.988264
vt 0.196819 0.339925
vt 0.204091 0.336210
vt 0.197304 0.343601
vt 0.196557 0.334406
vt 0.202072 0.332006
vt 0.187557 0.941046
vt 0.187695 0.949725
vt 0.182374 0.945373
vt 0.187695 0.936574
vt 0.830802 0.275560
vt 0.905926 0.796007
vt 0.898966 0.797864
vt 0.945510 0.980604
vt 0.952379 0.980604
vt 0.952086 0.987718
vt 0.945775 0.985421
vt 0.864502 0.828268
vt 0.862166 0.832084
vt 0.647159 0.868729
vt 0.641691 0.873514
vt 0.640154 0.861061
vt 0.650412 0.861061
vt 0.652919 0.872745
vt 0.652321 0.880712
vt 0.659183 0.868157
vt 0.944541 0.414474
vt 0.946161 0.419225
vt 0.932349 0.419225
vt 0.935682 0.413102
vt 0.220847 0.328803
vt 0.213989 0.331405
vt 0.248621 0.344979
vt 0.247325 0.354335
vt 0.548875 0.557472
vt 0.556523 0.560508
vt 0.554122 0.573454
vt 0.548583 0.573600
vt 0.257271 0.331511
vt 0.265578 0.335818
vt 0.261794 0.349926
vt 0.260005 0.359464
vt 0.794262 0.831767
vt 0.793548 0.844880
vt 0.789780 0.845266
vt 0.787254 0.836061
vt 0.188897 0.579346
vt 0.190028 0.567154
vt 0.198321 0.569251
vt 0.192829 0.583067
vt 0.182910 0.582688
vt 0.182718 0.567688
vt 0.186441 0.591634
vt 0.275560 0.313317
vt 0.270632 0.320564
vt 0.263570 0.316968
vt 0.272426 0.307143
vt 0.462597 0.573447
vt 0.466471 0.579071
vt 0.458556 0.583956
vt 0.456824 0.575277
vt 0.458284 0.564990
vt 0.464800 0.565746
vt 0.232214 0.217134
vt 0.233099 0.201917
vt 0.239539 0.200822
vt 0.237647 0.215523
vt 0.236832 0.228147
vt 0.230152 0.230006
vt 0.203656 0.572906
vt 0.196085 0.586335
vt 0.200635 0.557785
vt 0.207656 0.557085
vt 0.382554 0.184200
vt 0.385273 0.198906
vt 0.379584 0.199732
vt 0.375151 0.192311
vt 0.392054 0.183402
vt 0.392650 0.198744
vt 0.382524 0.213454
vt 0.392005 0.212493
vt 0.369080 0.221912
vt 0.366349 0.217771
vt 0.377422 0.210099
vt 0.392614 0.223656
vt 0.383614 0.225285
vt 0.449492 0.540217
vt 0.451943 0.552062
vt 0.446886 0.554805
vt 0.443108 0.539208
vt 0.455493 0.536382
vt 0.459268 0.549519
vt 0.501026 0.947613
vt 0.495372 0.949318
vt 0.495372 0.936574
vt 0.503288 0.940241
vt 0.391398 0.231874
vt 0.384353 0.235215
vt 0.397437 0.235113
vt 0.387357 0.241340
vt 0.399832 0.223147
vt 0.488676 0.988265
vt 0.488676 0.982011
vt 0.495029 0.980604
vt 0.494139 0.987713
vt 0.763455 0.981214
vt 0.769092 0.980604
vt 0.769092 0.986904
vt 0.763174 0.987984
vt 0.205618 0.601734
vt 0.199039 0.603351
vt 0.199378 0.596730
vt 0.208921 0.596458
vt 0.658941 0.877193
vt 0.200643 0.590390
vt 0.208921 0.585346
vt 0.192370 0.595580
vt 0.443765 0.584315
vt 0.440750 0.577796
vt 0.449326 0.576360
vt 0.450047 0.585340
vt 0.442854 0.566573
vt 0.450921 0.565865
vt 0.190704 0.601965
vt 0.181768 0.596623
vt 0.884014 0.211029
vt 0.884314 0.221410
vt 0.877998 0.221785
vt 0.877589 0.212344
vt 0.556523 0.603178
vt 0.550422 0.603351
vt 0.550376 0.589255
vt 0.556463 0.587594
vt 0.175315 0.583693
vt 0.176958 0.568300
vt 0.883862 0.229768
vt 0.877589 0.230534
vt 0.237684 0.240342
vt 0.231028 0.241340
vt 0.649772 0.473110
vt 0.642729 0.473370
vt 0.644230 0.460973
vt 0.650178 0.461871
vt 0.961125 0.830433
vt 0.959285 0.837863
vt 0.950086 0.834551
vt 0.949845 0.830433
vt 0.648133 0.485609
vt 0.642421 0.487247
vt 0.772213 0.749686
vt 0.775693 0.749304
vt 0.776251 0.762658
vt 0.771653 0.762342
vt 0.650178 0.497869
vt 0.644877 0.500691
vt 0.230152 0.190073
vt 0.235773 0.189404
vt 0.272047 0.360209
vt 0.271834 0.351559
vt 0.272769 0.337461
vt 0.466471 0.549514
vt 0.372024 0.228350
vt 0.191219 0.555433
vt 0.774977 0.778052
vt 0.771653 0.777455
vt 0.879753 0.048628
vt 0.882947 0.047819
vt 0.788464 0.853696
vt 0.794262 0.851856
vt 0.909470 0.968753
vt 0.915075 0.967466
vt 0.915075 0.975519
vt 0.908574 0.976528
vt 0.843651 0.345801
vt 0.836955 0.343908
vt 0.838301 0.335068
vt 0.846492 0.333979
vt 0.836955 0.326088
vt 0.844230 0.322703
vt 0.283774 0.953479
vt 0.290773 0.953021
vt 0.289683 0.963760
vt 0.283774 0.964055
vt 0.061587 0.874508
vt 0.070768 0.875432
vt 0.697912 0.879047
vt 0.702132 0.879956
vt 0.189946 0.352319
vt 0.191906 0.339960
vt 0.593236 0.981317
vt 0.594733 0.988163
vt 0.587507 0.988163
vt 0.587692 0.980604
vt 0.291885 0.606835
vt 0.286488 0.616709
vt 0.862701 0.223665
vt 0.861985 0.234735
vt 0.855591 0.234359
vt 0.856530 0.223563
vt 0.286488 0.627370
vt 0.862701 0.244942
vt 0.857355 0.244920
vt 0.688405 0.980604
vt 0.693938 0.980604
vt 0.693482 0.987937
vt 0.689753 0.988123
vt 0.815104 0.797110
vt 0.805899 0.795883
vt 0.864276 0.866304
vt 0.855562 0.864164
vt 0.271958 0.135749
vt 0.271487 0.145333
vt 0.263173 0.134230
vt 0.255533 0.134238
vt 0.256199 0.123081
vt 0.885823 0.861827
vt 0.878786 0.863890
vt 0.561746 0.506197
vt 0.567692 0.516188
vt 0.562163 0.518099
vt 0.557723 0.511592
vt 0.569131 0.527585
vt 0.564334 0.526666
vt 0.563909 0.536441
vt 0.567538 0.538871
vt 0.991178 0.929007
vt 0.991282 0.926974
vt 0.992916 0.926816
vt 0.995579 0.929007
vt 0.994881 0.249178
vt 0.991178 0.245601
vt 0.997991 0.245601
vt 0.998090 0.248325
vt 0.970180 0.600024
vt 0.975268 0.600024
vt 0.973939 0.608107
vt 0.965173 0.608541
vt 0.748632 0.748086
vt 0.741918 0.748766
vt 0.742091 0.742283
vt 0.749756 0.742559
vt 0.756440 0.742160
vt 0.753789 0.752624
vt 0.743745 0.757870
vt 0.737545 0.733780
vt 0.743989 0.734715
vt 0.732673 0.740029
vt 0.736234 0.727378
vt 0.746385 0.727378
vt 0.484482 0.659347
vt 0.481292 0.666725
vt 0.473783 0.664929
vt 0.480598 0.653565
vt 0.579629 0.852123
vt 0.572605 0.854456
vt 0.574151 0.843771
vt 0.583539 0.843771
vt 0.582370 0.856232
vt 0.574918 0.862382
vt 0.965800 0.315944
vt 0.975546 0.315915
vt 0.974630 0.322234
vt 0.965173 0.322234
vt 0.749456 0.736533
vt 0.753419 0.732915
vt 0.172424 0.732822
vt 0.171199 0.723752
vt 0.179716 0.723832
vt 0.180627 0.734805
vt 0.638710 0.827200
vt 0.642974 0.834227
vt 0.637252 0.839288
vt 0.632087 0.827647
vt 0.635255 0.815611
vt 0.642974 0.819671
vt 0.479384 0.685707
vt 0.473746 0.679334
vt 0.482204 0.676259
vt 0.484482 0.683530
vt 0.935111 0.843186
vt 0.932349 0.839319
vt 0.945057 0.839319
vt 0.945855 0.844571
vt 0.470138 0.689801
vt 0.468260 0.683109
vt 0.975541 0.256807
vt 0.965173 0.262873
vt 0.965173 0.255625
vt 0.975188 0.256800
vt 0.961810 0.207239
vt 0.961317 0.212748
vt 0.951147 0.213864
vt 0.949845 0.207239
vt 0.896781 0.967466
vt 0.905498 0.967498
vt 0.902473 0.975392
vt 0.896781 0.976419
vt 0.190895 0.736628
vt 0.188838 0.725248
vt 0.034220 0.895190
vt 0.032188 0.904329
vt 0.027473 0.905864
vt 0.026645 0.897549
vt 0.734241 0.758241
vt 0.732366 0.749981
vt 0.459946 0.960520
vt 0.454888 0.963905
vt 0.454888 0.953021
vt 0.461838 0.953830
vt 0.038683 0.638261
vt 0.045002 0.635220
vt 0.048133 0.645299
vt 0.039893 0.646355
vt 0.791537 0.955281
vt 0.793132 0.963662
vt 0.785630 0.963233
vt 0.785630 0.953021
vt 0.487616 0.955200
vt 0.494454 0.953021
vt 0.494454 0.963902
vt 0.487874 0.962703
vt 0.482892 0.560898
vt 0.489301 0.565428
vt 0.481941 0.567854
vt 0.475352 0.555964
vt 0.828667 0.226066
vt 0.829144 0.213941
vt 0.834912 0.213873
vt 0.835686 0.226932
vt 0.280567 0.936574
vt 0.287106 0.939733
vt 0.284600 0.949571
vt 0.280567 0.949268
vt 0.232335 0.843334
vt 0.231337 0.855853
vt 0.225525 0.853715
vt 0.225149 0.843878
vt 0.060549 0.654587
vt 0.048926 0.654910
vt 0.057666 0.643459
vt 0.059431 0.661955
vt 0.048761 0.662604
vt 0.475425 0.591702
vt 0.479225 0.597657
vt 0.472801 0.602464
vt 0.468969 0.599686
vt 0.483478 0.588626
vt 0.487390 0.594623
vt 0.471475 0.579547
vt 0.479264 0.578781
vt 0.070254 0.690411
vt 0.064044 0.688145
vt 0.065643 0.680345
vt 0.071922 0.682849
vt 0.912605 0.497100
vt 0.918912 0.497654
vt 0.919070 0.502843
vt 0.912857 0.501826
vt 0.080677 0.696601
vt 0.074014 0.700062
vt 0.068835 0.694442
vt 0.063968 0.695472
vt 0.196314 0.725788
vt 0.187721 0.714729
vt 0.193729 0.710155
vt 0.020653 0.905927
vt 0.018552 0.900470
vt 0.179751 0.711845
vt 0.182674 0.703644
vt 0.112144 0.576463
vt 0.113466 0.583507
vt 0.105476 0.580874
vt 0.108841 0.571881
vt 0.581625 0.924507
vt 0.576286 0.926119
vt 0.576849 0.918251
vt 0.581967 0.918008
vt 0.581967 0.930319
vt 0.577331 0.932823
vt 0.664900 0.636358
vt 0.660057 0.636949
vt 0.657076 0.630589
vt 0.668188 0.628904
vt 0.340057 0.949576
vt 0.334675 0.949251
vt 0.334675 0.936574
vt 0.338709 0.939454
vt 0.820335 0.809380
vt 0.820792 0.801729
vt 0.828420 0.806336
vt 0.830283 0.815874
vt 0.886058 0.272510
vt 0.882427 0.277361
vt 0.877619 0.274902
vt 0.875378 0.267066
vt 0.059071 0.699616
vt 0.059182 0.688061
vt 0.829620 0.796396
vt 0.830283 0.791705
vt 0.569127 0.106248
vt 0.570932 0.114446
vt 0.567800 0.126025
vt 0.562314 0.114168
vt 0.568479 0.556473
vt 0.562118 0.553542
vt 0.567084 0.546735
vt 0.573050 0.553866
vt 0.579137 0.562965
vt 0.571486 0.564644
vt 0.563668 0.564357
vt 0.102023 0.566689
vt 0.103732 0.570726
vt 0.098662 0.577537
vt 0.095095 0.571934
vt 0.532125 0.651053
vt 0.533234 0.659317
vt 0.527892 0.658002
vt 0.527485 0.647708
vt 0.991178 0.530538
vt 0.992137 0.525481
vt 0.997437 0.525481
vt 0.995876 0.530153
vt 0.636599 0.652798
vt 0.638418 0.646027
vt 0.644349 0.650248
vt 0.643211 0.657487
vt 0.629537 0.655696
vt 0.631836 0.642542
vt 0.640820 0.665657
vt 0.650663 0.649104
vt 0.654240 0.658808
vt 0.644911 0.640701
vt 0.699853 0.937528
vt 0.706002 0.936574
vt 0.706002 0.949097
vt 0.699067 0.948109
vt 0.277951 0.532587
vt 0.276571 0.524956
vt 0.284565 0.522485
vt 0.282667 0.533576
vt 0.269618 0.536712
vt 0.269083 0.528705
vt 0.065795 0.668017
vt 0.068974 0.664182
vt 0.075644 0.667262
vt 0.067800 0.671790
vt 0.059320 0.669115
vt 0.886115 0.263388
vt 0.875378 0.258089
vt 0.202640 0.918008
vt 0.202640 0.929435
vt 0.193265 0.933150
vt 0.194174 0.921463
vt 0.223515 0.860859
vt 0.232335 0.864502
vt 0.108901 0.611273
vt 0.100302 0.612356
vt 0.101240 0.602625
vt 0.111332 0.606845
vt 0.093091 0.600609
vt 0.087892 0.605976
vt 0.084921 0.596214
vt 0.092708 0.590702
vt 0.103960 0.593172
vt 0.661539 0.655205
vt 0.668188 0.657924
vt 0.657325 0.668188
vt 0.658340 0.647683
vt 0.667244 0.646650
vt 0.544660 0.125126
vt 0.555166 0.121017
vt 0.555385 0.132085
vt 0.543426 0.136752
vt 0.290872 0.918008
vt 0.290872 0.929129
vt 0.282125 0.933088
vt 0.283016 0.918027
vt 0.961147 0.011314
vt 0.962013 0.019201
vt 0.950680 0.018540
vt 0.949845 0.011314
vt 0.715214 0.265234
vt 0.715782 0.259703
vt 0.722220 0.260669
vt 0.721298 0.266555
vt 0.504293 0.591849
vt 0.500129 0.596888
vt 0.495574 0.590942
vt 0.503359 0.586687
vt 0.893319 0.366542
vt 0.887369 0.367414
vt 0.886798 0.359685
vt 0.893269 0.359340
vt 0.179620 0.974275
vt 0.174373 0.977213
vt 0.174373 0.968348
vt 0.182558 0.967466
vt 0.563135 0.149970
vt 0.558790 0.142982
vt 0.569350 0.137805
vt 0.570932 0.147356
vt 0.560351 0.156691
vt 0.548693 0.149794
vt 0.269083 0.504013
vt 0.279540 0.505008
vt 0.282009 0.512372
vt 0.272964 0.515576
vt 0.272024 0.492805
vt 0.275725 0.494482
vt 0.076343 0.592684
vt 0.086084 0.581185
vt 0.081766 0.610548
vt 0.583717 0.570862
vt 0.586494 0.561433
vt 0.590743 0.573817
vt 0.575240 0.574136
vt 0.579923 0.584147
vt 0.582405 0.591892
vt 0.562118 0.592544
vt 0.564127 0.582714
vt 0.564814 0.572708
vt 0.082848 0.236256
vt 0.082236 0.250517
vt 0.074661 0.252147
vt 0.074661 0.232810
vt 0.527485 0.682524
vt 0.529538 0.670051
vt 0.534911 0.670693
vt 0.534245 0.684398
vt 0.578889 0.551915
vt 0.082848 0.715016
vt 0.074905 0.713211
vt 0.648390 0.631213
vt 0.653219 0.638571
vt 0.639104 0.634424
vt 0.895662 0.038823
vt 0.888407 0.041424
vt 0.888407 0.023535
vt 0.896921 0.023652
vt 0.905927 0.276271
vt 0.905927 0.290902
vt 0.897687 0.293571
vt 0.897692 0.276950
vt 0.505952 0.902106
vt 0.496985 0.902324
vt 0.497266 0.894217
vt 0.506094 0.894302
vt 0.038947 0.663145
vt 0.039614 0.655313
vt 0.049445 0.671433
vt 0.038683 0.671653
vt 0.928695 0.502882
vt 0.927248 0.497100
vt 0.887335 0.348936
vt 0.893319 0.349292
vt 0.491608 0.601484
vt 0.482935 0.603351
vt 0.496985 0.885665
vt 0.504858 0.884699
vt 0.721458 0.252174
vt 0.716030 0.252492
vt 0.715744 0.243770
vt 0.720285 0.243269
vt 0.494562 0.574003
vt 0.486380 0.577001
vt 0.715214 0.232934
vt 0.721813 0.232575
vt 0.499442 0.580814
vt 0.491596 0.585218
vt 0.476117 0.569400
vt 0.572874 0.543795
vt 0.961750 0.494194
vt 0.958279 0.497415
vt 0.949845 0.496193
vt 0.949997 0.494194
vt 0.111330 0.591961
vt 0.316252 0.964097
vt 0.310659 0.962872
vt 0.311506 0.954435
vt 0.316252 0.953021
vt 0.563618 0.854869
vt 0.563933 0.864502
vt 0.171199 0.712223
vt 0.018552 0.891646
vt 0.026133 0.888739
vt 0.828667 0.202876
vt 0.835486 0.203621
vt 0.054574 0.633052
vt 0.468969 0.570126
vt 0.007447 0.936574
vt 0.007447 0.949946
vt 0.001538 0.949121
vt 0.001664 0.937175
vt 0.836765 0.948983
vt 0.831113 0.947390
vt 0.830427 0.936639
vt 0.836765 0.936574
vt 0.997251 0.606791
vt 0.997330 0.606447
vt 0.994743 0.610522
vt 0.991178 0.606447
vt 0.271956 0.481204
vt 0.270361 0.485614
vt 0.381023 0.980604
vt 0.384824 0.985617
vt 0.385166 0.988459
vt 0.381023 0.987354
vt 0.110717 0.600933
vt 0.113466 0.597791
vt 0.066820 0.705806
vt 0.059071 0.710088
vt 0.569781 0.797194
vt 0.579937 0.801798
vt 0.573579 0.805677
vt 0.567764 0.798417
vt 0.864893 0.431320
vt 0.871707 0.428722
vt 0.871232 0.440165
vt 0.863349 0.443057
vt 0.800997 0.421722
vt 0.803267 0.422187
vt 0.803159 0.430016
vt 0.796788 0.431202
vt 0.863349 0.423906
vt 0.869750 0.422618
vt 0.660190 0.452600
vt 0.662785 0.464418
vt 0.657047 0.464716
vt 0.653451 0.453364
vt 0.559710 0.796856
vt 0.564382 0.795956
vt 0.563366 0.801298
vt 0.557768 0.801874
vt 0.942177 0.987084
vt 0.937088 0.987801
vt 0.937088 0.981985
vt 0.942434 0.980604
vt 0.842277 0.733273
vt 0.842890 0.740310
vt 0.836887 0.736863
vt 0.838229 0.729748
vt 0.868102 0.581614
vt 0.875459 0.582845
vt 0.873319 0.588850
vt 0.867100 0.588630
vt 0.820254 0.460599
vt 0.825348 0.460423
vt 0.830764 0.464819
vt 0.824491 0.466678
vt 0.822211 0.473842
vt 0.819104 0.469577
vt 0.827774 0.474313
vt 0.877811 0.589857
vt 0.878911 0.596279
vt 0.873628 0.598490
vt 0.825588 0.482947
vt 0.819104 0.479502
vt 0.704100 0.315897
vt 0.702296 0.324890
vt 0.697088 0.320336
vt 0.702588 0.310769
vt 0.975618 0.018175
vt 0.974604 0.024948
vt 0.965173 0.027031
vt 0.967228 0.018175
vt 0.708421 0.308686
vt 0.709612 0.317771
vt 0.705860 0.301985
vt 0.699524 0.305157
vt 0.670860 0.338621
vt 0.668370 0.331732
vt 0.678767 0.332216
vt 0.677034 0.339495
vt 0.664798 0.344214
vt 0.658294 0.340665
vt 0.670672 0.347427
vt 0.858213 0.616803
vt 0.855883 0.609892
vt 0.862272 0.605602
vt 0.864502 0.616254
vt 0.863265 0.626764
vt 0.855883 0.623039
vt 0.830416 0.821649
vt 0.832680 0.827425
vt 0.823027 0.828908
vt 0.822708 0.821378
vt 0.675807 0.363709
vt 0.675849 0.369215
vt 0.666217 0.363865
vt 0.669916 0.359698
vt 0.675646 0.352437
vt 0.680285 0.359276
vt 0.684605 0.365742
vt 0.913060 0.886620
vt 0.912605 0.880401
vt 0.919036 0.881256
vt 0.918884 0.887567
vt 0.959580 0.899235
vt 0.951853 0.898619
vt 0.949845 0.892602
vt 0.961125 0.892602
vt 0.688000 0.360643
vt 0.687706 0.353195
vt 0.923924 0.880401
vt 0.928151 0.887010
vt 0.807202 0.444757
vt 0.808365 0.438455
vt 0.814831 0.442772
vt 0.811378 0.449877
vt 0.824022 0.441110
vt 0.819867 0.435756
vt 0.828959 0.433643
vt 0.830283 0.441443
vt 0.830031 0.449574
vt 0.822034 0.447132
vt 0.824715 0.861828
vt 0.822797 0.849432
vt 0.833885 0.850196
vt 0.833356 0.860411
vt 0.828404 0.869906
vt 0.819867 0.868101
vt 0.818098 0.864700
vt 0.813791 0.850424
vt 0.661631 0.353005
vt 0.666230 0.353411
vt 0.656478 0.347288
vt 0.735993 0.988022
vt 0.729182 0.988022
vt 0.729468 0.981718
vt 0.734483 0.980604
vt 0.529214 0.153089
vt 0.525622 0.149681
vt 0.526703 0.145096
vt 0.531728 0.150196
vt 0.979786 0.523984
vt 0.978913 0.519061
vt 0.987493 0.519968
vt 0.987493 0.523551
vt 0.707811 0.050490
vt 0.700956 0.054031
vt 0.699539 0.045232
vt 0.707566 0.045721
vt 0.528393 0.133445
vt 0.536712 0.135196
vt 0.341909 0.723782
vt 0.342964 0.731083
vt 0.332654 0.728000
vt 0.335075 0.722229
vt 0.331969 0.716213
vt 0.345302 0.715620
vt 0.352124 0.727431
vt 0.355986 0.732946
vt 0.351847 0.737710
vt 0.358408 0.720904
vt 0.232883 0.988497
vt 0.232883 0.980604
vt 0.238456 0.981015
vt 0.239022 0.987342
vt 0.491947 0.803267
vt 0.487347 0.795521
vt 0.496472 0.791634
vt 0.498890 0.802061
vt 0.777835 0.855497
vt 0.772317 0.853913
vt 0.774755 0.846958
vt 0.781654 0.848151
vt 0.838611 0.233583
vt 0.839328 0.225318
vt 0.846492 0.225166
vt 0.844178 0.234136
vt 0.044150 0.405777
vt 0.040440 0.412961
vt 0.032963 0.405784
vt 0.040642 0.399860
vt 0.771163 0.833451
vt 0.772404 0.840370
vt 0.763956 0.846388
vt 0.763447 0.833465
vt 0.052149 0.405343
vt 0.048010 0.417349
vt 0.781654 0.837622
vt 0.958823 0.802842
vt 0.961300 0.804839
vt 0.949845 0.804839
vt 0.951584 0.799649
vt 0.991178 0.383192
vt 0.997660 0.385504
vt 0.994305 0.389344
vt 0.991178 0.389588
vt 0.415669 0.984567
vt 0.416188 0.980604
vt 0.419547 0.980838
vt 0.419547 0.988460
vt 0.596238 0.508224
vt 0.596102 0.510571
vt 0.594219 0.515566
vt 0.587467 0.512358
vt 0.972095 0.571611
vt 0.975367 0.577039
vt 0.965526 0.577039
vt 0.965173 0.570181
vt 0.939991 0.265892
vt 0.941934 0.262403
vt 0.946191 0.263876
vt 0.945871 0.270704
vt 0.932349 0.266798
vt 0.938501 0.263812
vt 0.937588 0.270704
vt 0.693726 0.748606
vt 0.698471 0.747181
vt 0.697256 0.754188
vt 0.691047 0.755444
vt 0.041118 0.428122
vt 0.035813 0.435487
vt 0.030016 0.431121
vt 0.034698 0.426312
vt 0.054031 0.419934
vt 0.046671 0.428822
vt 0.040160 0.436500
vt 0.581678 0.520069
vt 0.576123 0.514271
vt 0.037152 0.421929
vt 0.953317 0.289762
vt 0.949845 0.288593
vt 0.953309 0.282409
vt 0.960482 0.289762
vt 0.961649 0.280463
vt 0.961507 0.286278
vt 0.953735 0.967466
vt 0.957560 0.969964
vt 0.957639 0.975190
vt 0.953735 0.976620
vt 0.694131 0.047884
vt 0.685879 0.037228
vt 0.696906 0.035412
vt 0.428021 0.554722
vt 0.421563 0.554309
vt 0.421357 0.543444
vt 0.432251 0.543764
vt 0.035202 0.448305
vt 0.033333 0.456123
vt 0.027927 0.452421
vt 0.031782 0.444119
vt 0.249487 0.949706
vt 0.244328 0.947715
vt 0.245678 0.937618
vt 0.249487 0.936574
vt 0.287045 0.850094
vt 0.287045 0.840065
vt 0.294986 0.838619
vt 0.295372 0.847068
vt 0.588062 0.664530
vt 0.581457 0.664023
vt 0.580339 0.655669
vt 0.587843 0.654497
vt 0.590954 0.670185
vt 0.581922 0.670848
vt 0.783160 0.169298
vt 0.779581 0.156412
vt 0.788544 0.152320
vt 0.788858 0.163671
vt 0.959140 0.867657
vt 0.949845 0.867657
vt 0.954009 0.861366
vt 0.961155 0.861774
vt 0.082412 0.988662
vt 0.077050 0.986649
vt 0.077050 0.980604
vt 0.081173 0.982959
vt 0.437858 0.956347
vt 0.443278 0.953021
vt 0.443278 0.959294
vt 0.439649 0.963995
vt 0.583575 0.961399
vt 0.583575 0.953021
vt 0.589246 0.957400
vt 0.588003 0.963890
vt 0.831524 0.484482
vt 0.833885 0.476059
vt 0.760556 0.011464
vt 0.762603 0.019080
vt 0.753735 0.023126
vt 0.754221 0.010224
vt 0.293206 0.706968
vt 0.301485 0.706298
vt 0.301047 0.716172
vt 0.290385 0.714487
vt 0.760183 0.002445
vt 0.765445 0.005664
vt 0.965173 0.231609
vt 0.975284 0.232236
vt 0.975480 0.238283
vt 0.965173 0.240107
vt 0.698769 0.333541
vt 0.692287 0.328607
vt 0.302810 0.699973
vt 0.311886 0.699767
vt 0.312142 0.707530
vt 0.654383 0.491587
vt 0.653451 0.481463
vt 0.662509 0.481451
vt 0.660574 0.491686
vt 0.967321 0.124719
vt 0.965173 0.119751
vt 0.974604 0.119751
vt 0.975731 0.124756
vt 0.975527 0.439568
vt 0.968359 0.439033
vt 0.965173 0.434265
vt 0.974912 0.434265
vt 0.322387 0.715114
vt 0.322200 0.724915
vt 0.312809 0.725643
vt 0.312456 0.717333
vt 0.537444 0.967851
vt 0.544921 0.967466
vt 0.542130 0.974720
vt 0.537444 0.976796
vt 0.321920 0.705345
vt 0.112872 0.627566
vt 0.105346 0.621109
vt 0.113538 0.620154
vt 0.117742 0.623171
vt 0.119110 0.632372
vt 0.116029 0.638135
vt 0.106605 0.639878
vt 0.572189 0.653963
vt 0.577312 0.648299
vt 0.575230 0.658606
vt 0.045334 0.467654
vt 0.036867 0.468272
vt 0.042224 0.458313
vt 0.054031 0.460587
vt 0.871318 0.408887
vt 0.876586 0.398286
vt 0.880712 0.402883
vt 0.877985 0.410332
vt 0.880712 0.417843
vt 0.872224 0.417206
vt 0.874080 0.948874
vt 0.870739 0.948733
vt 0.870967 0.944125
vt 0.876634 0.944689
vt 0.565375 0.981819
vt 0.565925 0.987201
vt 0.561335 0.988302
vt 0.561335 0.980604
vt 0.992657 0.631264
vt 0.991178 0.627563
vt 0.997317 0.627563
vt 0.995955 0.630190
vt 0.574700 0.665316
vt 0.506082 0.842584
vt 0.504045 0.849045
vt 0.499234 0.851583
vt 0.497264 0.843980
vt 0.497264 0.835459
vt 0.506094 0.837537
vt 0.598610 0.780129
vt 0.601399 0.781547
vt 0.601550 0.787560
vt 0.595268 0.784115
vt 0.955000 0.174822
vt 0.955965 0.181584
vt 0.949845 0.181132
vt 0.951251 0.173471
vt 0.959772 0.173471
vt 0.961751 0.178863
vt 0.691751 0.809413
vt 0.696726 0.810469
vt 0.694617 0.817050
vt 0.687335 0.811753
vt 0.292364 0.730186
vt 0.290173 0.723205
vt 0.301190 0.724320
vt 0.301958 0.733026
vt 0.822347 0.750058
vt 0.822613 0.740001
vt 0.830283 0.738923
vt 0.830283 0.752838
vt 0.802030 0.945473
vt 0.794745 0.948939
vt 0.794745 0.936574
vt 0.802578 0.938143
vt 0.121455 0.642535
vt 0.122351 0.636172
vt 0.128889 0.636077
vt 0.128316 0.646455
vt 0.119803 0.654106
vt 0.115677 0.645269
vt 0.996774 0.764253
vt 0.991178 0.764253
vt 0.992572 0.762007
vt 0.993841 0.760458
vt 0.515742 0.980604
vt 0.521438 0.980839
vt 0.523095 0.984076
vt 0.515742 0.988203
vt 0.112138 0.655004
vt 0.110546 0.660984
vt 0.098915 0.655592
vt 0.107281 0.649387
vt 0.730159 0.961786
vt 0.730257 0.954299
vt 0.736922 0.953021
vt 0.736922 0.963743
vt 0.010911 0.455530
vt 0.010955 0.443669
vt 0.021014 0.447975
vt 0.018347 0.456360
vt 0.870604 0.976711
vt 0.870506 0.969172
vt 0.874291 0.967466
vt 0.874291 0.974714
vt 0.208698 0.720295
vt 0.200684 0.721594
vt 0.202574 0.709981
vt 0.212053 0.713382
vt 0.221529 0.718006
vt 0.214908 0.725807
vt 0.207010 0.732365
vt 0.702980 0.866358
vt 0.700697 0.865571
vt 0.706212 0.865091
vt 0.705377 0.869241
vt 0.573145 0.535965
vt 0.585947 0.533036
vt 0.586656 0.540582
vt 0.577330 0.541106
vt 0.945845 0.941925
vt 0.944614 0.948373
vt 0.943127 0.948925
vt 0.943127 0.936574
vt 0.972762 0.378990
vt 0.975517 0.384872
vt 0.965173 0.384872
vt 0.966651 0.378943
vt 0.975295 0.553123
vt 0.969517 0.555246
vt 0.965173 0.546827
vt 0.975295 0.546873
vt 0.483866 0.973634
vt 0.484272 0.967466
vt 0.489105 0.967821
vt 0.489105 0.976941
vt 0.700543 0.873312
vt 0.710813 0.866671
vt 0.715016 0.867413
vt 0.706965 0.875309
vt 0.185508 0.192687
vt 0.182847 0.203518
vt 0.175750 0.202325
vt 0.173121 0.188689
vt 0.600369 0.805625
vt 0.593502 0.806869
vt 0.595741 0.799774
vt 0.601550 0.803721
vt 0.214000 0.736205
vt 0.221529 0.732576
vt 0.213272 0.742031
vt 0.201652 0.737570
vt 0.499500 0.963856
vt 0.497530 0.955760
vt 0.505157 0.953021
vt 0.505071 0.963856
vt 0.426494 0.503837
vt 0.432251 0.504211
vt 0.428558 0.513944
vt 0.421762 0.510893
vt 0.951472 0.466481
vt 0.959259 0.463536
vt 0.961525 0.471848
vt 0.949845 0.471848
vt 0.980060 0.493879
vt 0.987490 0.493879
vt 0.986218 0.498838
vt 0.978913 0.499537
vt 0.566363 0.808993
vt 0.571603 0.805302
vt 0.566944 0.806831
vt 0.559968 0.812170
vt 0.129675 0.626229
vt 0.125371 0.631111
vt 0.692287 0.314167
vt 0.571130 0.820711
vt 0.566467 0.821277
vt 0.579937 0.820588
vt 0.706792 0.020809
vt 0.707811 0.034592
vt 0.697556 0.020697
vt 0.528455 0.118155
vt 0.525622 0.101816
vt 0.531621 0.098080
vt 0.535023 0.118001
vt 0.398912 0.663430
vt 0.399500 0.643315
vt 0.408228 0.645947
vt 0.405725 0.663066
vt 0.408103 0.680796
vt 0.398912 0.680487
vt 0.205716 0.933125
vt 0.205716 0.918008
vt 0.215013 0.919669
vt 0.215044 0.932219
vt 0.414170 0.661708
vt 0.417843 0.679112
vt 0.420277 0.524913
vt 0.425519 0.524649
vt 0.693497 0.018681
vt 0.467405 0.889248
vt 0.471874 0.888987
vt 0.471874 0.905927
vt 0.464909 0.905790
vt 0.725471 0.537275
vt 0.731225 0.553349
vt 0.722241 0.555149
vt 0.721103 0.536128
vt 0.730733 0.569131
vt 0.721103 0.567619
vt 0.860315 0.747796
vt 0.862701 0.760150
vt 0.854620 0.759771
vt 0.854620 0.749683
vt 0.803267 0.448461
vt 0.797291 0.448306
vt 0.934174 0.660202
vt 0.932349 0.648398
vt 0.945656 0.648398
vt 0.941943 0.656658
vt 0.862341 0.769047
vt 0.854874 0.767896
vt 0.781827 0.141269
vt 0.788858 0.142391
vt 0.585993 0.806325
vt 0.586151 0.797973
vt 0.590118 0.790398
vt 0.598612 0.793437
vt 0.882513 0.473398
vt 0.881777 0.481536
vt 0.873956 0.481604
vt 0.875105 0.472157
vt 0.870739 0.936779
vt 0.878463 0.936574
vt 0.700607 0.819635
vt 0.696006 0.827609
vt 0.688985 0.822375
vt 0.700401 0.810035
vt 0.882513 0.489827
vt 0.878302 0.491686
vt 0.686396 0.833885
vt 0.682565 0.827609
vt 0.938941 0.678133
vt 0.932349 0.676882
vt 0.934780 0.671537
vt 0.941458 0.671227
vt 0.003182 0.433058
vt 0.010122 0.426437
vt 0.017636 0.433365
vt 0.825225 0.932357
vt 0.825225 0.918799
vt 0.832705 0.918008
vt 0.832537 0.930434
vt 0.591851 0.554722
vt 0.584834 0.548461
vt 0.597948 0.542386
vt 0.691047 0.776251
vt 0.691600 0.763785
vt 0.698806 0.763369
vt 0.698509 0.776043
vt 0.597948 0.530321
vt 0.583725 0.526315
vt 0.595173 0.522841
vt 0.591808 0.677141
vt 0.592544 0.684398
vt 0.579583 0.684398
vt 0.581198 0.677843
vt 0.571809 0.679494
vt 0.574511 0.672495
vt 0.708454 0.856640
vt 0.700543 0.855093
vt 0.025305 0.439033
vt 0.023103 0.425419
vt 0.974308 0.580115
vt 0.975271 0.588800
vt 0.965743 0.587323
vt 0.965173 0.580115
vt 0.503555 0.856102
vt 0.499364 0.857298
vt 0.023606 0.459042
vt 0.961516 0.483038
vt 0.960993 0.491118
vt 0.949845 0.491118
vt 0.954924 0.483251
vt 0.682565 0.817159
vt 0.932349 0.707238
vt 0.943578 0.706831
vt 0.945954 0.712111
vt 0.939828 0.712111
vt 0.185508 0.182781
vt 0.183333 0.188149
vt 0.180701 0.180452
vt 0.181275 0.180123
vt 0.095328 0.642031
vt 0.468834 0.948413
vt 0.468684 0.936926
vt 0.475333 0.936574
vt 0.475333 0.949409
vt 0.757725 0.032419
vt 0.765445 0.026107
vt 0.096599 0.630727
vt 0.823062 0.728773
vt 0.826904 0.728709
vt 0.313523 0.733026
vt 0.028709 0.464618
vt 0.287754 0.832593
vt 0.289909 0.827701
vt 0.586052 0.647114
vt 0.095328 0.621301
vt 0.867100 0.601550
vt 0.842890 0.752838
vt 0.835841 0.745803
vt 0.321960 0.732856
vt 0.631309 0.975129
vt 0.626767 0.976838
vt 0.626767 0.969370
vt 0.632650 0.967466
vt 0.029118 0.412679
vt 0.272697 0.919897
vt 0.278828 0.918008
vt 0.279049 0.928676
vt 0.272697 0.933216
vt 0.845963 0.211202
vt 0.838611 0.214698
vt 0.329116 0.734663
vt 0.341885 0.740230
vt 0.898722 0.693907
vt 0.892576 0.695204
vt 0.891549 0.681883
vt 0.898722 0.677576
vt 0.329116 0.709509
vt 0.344369 0.707819
vt 0.490525 0.776073
vt 0.498890 0.777861
vt 0.832586 0.844219
vt 0.827064 0.844362
vt 0.823969 0.836928
vt 0.832930 0.837693
vt 0.841089 0.838548
vt 0.837158 0.844691
vt 0.841089 0.825093
vt 0.458491 0.938337
vt 0.465608 0.936574
vt 0.465608 0.949396
vt 0.458762 0.948250
vt 0.830283 0.457466
vt 0.819811 0.455289
vt 0.951390 0.170220
vt 0.949845 0.162935
vt 0.961156 0.162935
vt 0.961788 0.170395
vt 0.831998 0.367277
vt 0.833885 0.375336
vt 0.827058 0.378220
vt 0.823616 0.367752
vt 0.826510 0.354267
vt 0.833885 0.356446
vt 0.448088 0.949394
vt 0.440626 0.947227
vt 0.440774 0.938206
vt 0.448088 0.936574
vt 0.683648 0.344560
vt 0.688000 0.338226
vt 0.987644 0.482229
vt 0.986320 0.481210
vt 0.978913 0.482229
vt 0.982068 0.479039
vt 0.987526 0.363064
vt 0.983645 0.370215
vt 0.978913 0.370335
vt 0.979391 0.363064
vt 0.961349 0.767865
vt 0.949845 0.767865
vt 0.951284 0.762386
vt 0.953629 0.767467
vt 0.701050 0.336796
vt 0.696223 0.336403
vt 0.053056 0.992906
vt 0.052129 0.993934
vt 0.052129 0.991847
vt 0.998462 0.042570
vt 0.991178 0.042570
vt 0.997875 0.041231
vt 0.566871 0.684242
vt 0.468990 0.981546
vt 0.475781 0.980604
vt 0.475781 0.988260
vt 0.468872 0.981907
vt 0.945891 0.678133
vt 0.833885 0.864820
vt 0.250133 0.419759
vt 0.257604 0.419436
vt 0.255308 0.425242
vt 0.246726 0.423627
vt 0.643748 0.955080
vt 0.651162 0.953021
vt 0.651009 0.962480
vt 0.643748 0.963779
vt 0.119970 0.963469
vt 0.114098 0.964209
vt 0.114098 0.953021
vt 0.120730 0.955784
vt 0.535697 0.383201
vt 0.541815 0.378291
vt 0.545579 0.385626
vt 0.537394 0.389232
vt 0.531351 0.391421
vt 0.529776 0.381532
vt 0.251904 0.432862
vt 0.260348 0.431741
vt 0.253903 0.441973
vt 0.245383 0.441924
vt 0.244857 0.431735
vt 0.250619 0.454135
vt 0.244018 0.453063
vt 0.260949 0.437988
vt 0.257909 0.447233
vt 0.255274 0.454723
vt 0.248638 0.678647
vt 0.248562 0.672360
vt 0.255749 0.669354
vt 0.255165 0.679981
vt 0.252032 0.691642
vt 0.246054 0.688166
vt 0.251000 0.462435
vt 0.257173 0.463498
vt 0.255584 0.470272
vt 0.245280 0.464702
vt 0.261023 0.475963
vt 0.251934 0.476082
vt 0.263858 0.470861
vt 0.263483 0.482531
vt 0.248097 0.482680
vt 0.271958 0.474422
vt 0.260881 0.449001
vt 0.271958 0.454657
vt 0.268916 0.457753
vt 0.261757 0.455074
vt 0.949845 0.577879
vt 0.950804 0.570188
vt 0.960362 0.570595
vt 0.961476 0.577879
vt 0.534695 0.402824
vt 0.541493 0.397786
vt 0.545312 0.406697
vt 0.536724 0.408271
vt 0.250704 0.697005
vt 0.244793 0.696322
vt 0.749942 0.397254
vt 0.756421 0.401380
vt 0.752530 0.414241
vt 0.746292 0.405299
vt 0.545024 0.426811
vt 0.536267 0.430244
vt 0.536722 0.418932
vt 0.546521 0.417313
vt 0.747398 0.388768
vt 0.754300 0.385325
vt 0.527719 0.410653
vt 0.527179 0.421044
vt 0.950691 0.270095
vt 0.959406 0.270487
vt 0.961761 0.277387
vt 0.949845 0.277387
vt 0.265761 0.426860
vt 0.268671 0.424472
vt 0.273759 0.434969
vt 0.267408 0.434035
vt 0.271611 0.464518
vt 0.263625 0.463385
vt 0.789452 0.818619
vt 0.794262 0.823930
vt 0.786152 0.830283
vt 0.782367 0.816995
vt 0.528771 0.430450
vt 0.787167 0.805783
vt 0.794262 0.810107
vt 0.269732 0.446660
vt 0.265761 0.444415
vt 0.932349 0.906051
vt 0.945448 0.906576
vt 0.945810 0.911192
vt 0.932514 0.911192
vt 0.554722 0.418719
vt 0.552334 0.404969
vt 0.593313 0.604174
vt 0.592636 0.590463
vt 0.599571 0.589979
vt 0.602759 0.606953
vt 0.763644 0.383796
vt 0.763644 0.405131
vt 0.379566 0.513298
vt 0.379566 0.495551
vt 0.383143 0.497411
vt 0.385424 0.511779
vt 0.234373 0.467126
vt 0.238566 0.465543
vt 0.238017 0.451065
vt 0.601923 0.590571
vt 0.599542 0.579529
vt 0.605141 0.581293
vt 0.237809 0.441662
vt 0.600465 0.569474
vt 0.608189 0.570614
vt 0.237480 0.430719
vt 0.600988 0.560954
vt 0.608754 0.563638
vt 0.238877 0.423950
vt 0.592886 0.569676
vt 0.592636 0.561391
vt 0.553072 0.383708
vt 0.554722 0.393580
vt 0.548247 0.394667
vt 0.593253 0.579124
vt 0.252553 0.931871
vt 0.253025 0.919409
vt 0.258602 0.918008
vt 0.258602 0.933262
vt 0.244793 0.665754
vt 0.249516 0.661054
vt 0.234467 0.964143
vt 0.234467 0.959558
vt 0.238755 0.953021
vt 0.239895 0.960735
vt 0.932966 0.239393
vt 0.946008 0.239393
vt 0.946098 0.249882
vt 0.932349 0.245114
vt 0.566703 0.280805
vt 0.571300 0.278417
vt 0.578803 0.291227
vt 0.572718 0.293622
vt 0.772548 0.610886
vt 0.777900 0.611544
vt 0.779853 0.627013
vt 0.769160 0.624840
vt 0.123930 0.888941
vt 0.126073 0.902451
vt 0.118874 0.905927
vt 0.118874 0.891281
vt 0.112563 0.206293
vt 0.128638 0.205507
vt 0.129454 0.216126
vt 0.113052 0.214188
vt 0.974625 0.127832
vt 0.975585 0.135632
vt 0.965173 0.135632
vt 0.965648 0.129131
vt 0.194153 0.874746
vt 0.203134 0.876542
vt 0.208921 0.893319
vt 0.194153 0.890222
vt 0.732765 0.407037
vt 0.732603 0.397496
vt 0.741818 0.395383
vt 0.741615 0.403554
vt 0.881069 0.325116
vt 0.887638 0.325158
vt 0.889717 0.344000
vt 0.880058 0.344000
vt 0.153089 0.275792
vt 0.135128 0.278471
vt 0.131339 0.264739
vt 0.151605 0.265487
vt 0.881400 0.796352
vt 0.879327 0.789949
vt 0.891518 0.789949
vt 0.890623 0.798515
vt 0.889257 0.808670
vt 0.880174 0.804991
vt 0.854638 0.697208
vt 0.859099 0.706514
vt 0.851627 0.707101
vt 0.847609 0.696986
vt 0.745669 0.102119
vt 0.750575 0.104483
vt 0.747956 0.115713
vt 0.740083 0.112306
vt 0.897101 0.700635
vt 0.904213 0.696574
vt 0.905926 0.706217
vt 0.897060 0.707646
vt 0.084546 0.967578
vt 0.084546 0.975320
vt 0.077863 0.977214
vt 0.074885 0.967466
vt 0.726523 0.170073
vt 0.729424 0.171193
vt 0.728381 0.177634
vt 0.723348 0.177283
vt 0.949845 0.934332
vt 0.961193 0.934332
vt 0.959261 0.939286
vt 0.950224 0.937146
vt 0.978913 0.723803
vt 0.987248 0.723803
vt 0.986053 0.730845
vt 0.980216 0.727509
vt 0.725160 0.987407
vt 0.721745 0.988153
vt 0.721745 0.980774
vt 0.726106 0.980604
vt 0.115039 0.549592
vt 0.117068 0.556207
vt 0.110039 0.560126
vt 0.108315 0.550625
vt 0.929871 0.953118
vt 0.936622 0.953021
vt 0.936622 0.963590
vt 0.931127 0.962234
vt 0.117068 0.540712
vt 0.110672 0.538638
vt 0.248094 0.741516
vt 0.256731 0.740374
vt 0.255766 0.747355
vt 0.248028 0.750830
vt 0.784514 0.696506
vt 0.788940 0.691884
vt 0.790659 0.701227
vt 0.784933 0.706582
vt 0.779975 0.708158
vt 0.779975 0.694693
vt 0.784452 0.689006
vt 0.967942 0.422678
vt 0.965173 0.418497
vt 0.975539 0.418497
vt 0.973044 0.423761
vt 0.062765 0.988474
vt 0.060496 0.985624
vt 0.064033 0.980604
vt 0.064033 0.988770
vt 0.997927 0.108186
vt 0.998136 0.113532
vt 0.992371 0.113532
vt 0.991178 0.107728
vt 0.417843 0.546405
vt 0.416612 0.551702
vt 0.412711 0.553587
vt 0.412488 0.546171
vt 0.822985 0.936574
vt 0.827351 0.940582
vt 0.826856 0.949094
vt 0.822985 0.948708
vt 0.949845 0.031291
vt 0.962062 0.031291
vt 0.961141 0.035824
vt 0.955219 0.037332
vt 0.144512 0.580314
vt 0.136409 0.587925
vt 0.129584 0.582104
vt 0.133037 0.577703
vt 0.148732 0.585619
vt 0.142971 0.592915
vt 0.961643 0.452567
vt 0.949845 0.452567
vt 0.952030 0.447118
vt 0.959182 0.445903
vt 0.978913 0.237029
vt 0.978913 0.231183
vt 0.985135 0.230539
vt 0.987657 0.237407
vt 0.129863 0.593432
vt 0.125378 0.585181
vt 0.122909 0.576338
vt 0.128930 0.576788
vt 0.997172 0.682357
vt 0.994555 0.685397
vt 0.991178 0.682357
vt 0.195426 0.184426
vt 0.196339 0.188486
vt 0.190862 0.188927
vt 0.193573 0.180545
vt 0.198115 0.199286
vt 0.190862 0.201717
vt 0.123435 0.586306
vt 0.122909 0.597447
vt 0.404725 0.557971
vt 0.405223 0.548569
vt 0.994764 0.181667
vt 0.991178 0.181787
vt 0.991178 0.175967
vt 0.998063 0.177204
vt 0.997984 0.236435
vt 0.997984 0.242525
vt 0.993333 0.240244
vt 0.991178 0.238915
vt 0.674019 0.967466
vt 0.681399 0.967466
vt 0.679847 0.974788
vt 0.674075 0.976719
vt 0.390368 0.553120
vt 0.393213 0.560220
vt 0.386324 0.566919
vt 0.380359 0.561901
vt 0.371942 0.848264
vt 0.380257 0.847239
vt 0.380464 0.853915
vt 0.371393 0.854751
vt 0.607377 0.976843
vt 0.601323 0.976533
vt 0.601323 0.967466
vt 0.606711 0.971498
vt 0.824225 0.873068
vt 0.830237 0.876871
vt 0.829725 0.884253
vt 0.822865 0.881525
vt 0.265257 0.751062
vt 0.256708 0.756655
vt 0.264467 0.744371
vt 0.929154 0.967466
vt 0.930260 0.967928
vt 0.930260 0.976706
vt 0.927693 0.969557
vt 0.156592 0.593759
vt 0.150406 0.598536
vt 0.266555 0.735859
vt 0.266555 0.758948
vt 0.260564 0.765445
vt 0.239645 0.739913
vt 0.232028 0.746554
vt 0.230386 0.737638
vt 0.234845 0.732628
vt 0.241340 0.748949
vt 0.233291 0.751446
vt 0.843120 0.039834
vt 0.842601 0.032365
vt 0.850344 0.029749
vt 0.851895 0.039316
vt 0.846447 0.052230
vt 0.842601 0.047426
vt 0.154827 0.603487
vt 0.160293 0.603913
vt 0.151360 0.610201
vt 0.144090 0.605769
vt 0.157067 0.614431
vt 0.410483 0.575956
vt 0.407202 0.581940
vt 0.399658 0.577067
vt 0.405022 0.570593
vt 0.412630 0.564430
vt 0.417843 0.574830
vt 0.413913 0.586884
vt 0.771764 0.808678
vt 0.772649 0.817447
vt 0.762490 0.814948
vt 0.762670 0.803545
vt 0.638765 0.606990
vt 0.644664 0.605773
vt 0.645330 0.615245
vt 0.637048 0.615790
vt 0.700263 0.145814
vt 0.710879 0.144130
vt 0.712528 0.154382
vt 0.703274 0.149609
vt 0.708374 0.162893
vt 0.700104 0.156519
vt 0.852637 0.511841
vt 0.862701 0.511841
vt 0.862264 0.520670
vt 0.854469 0.520764
vt 0.398024 0.556360
vt 0.397502 0.550293
vt 0.398445 0.565373
vt 0.382656 0.574059
vt 0.386731 0.579672
vt 0.379614 0.585480
vt 0.375981 0.573863
vt 0.392824 0.572113
vt 0.401309 0.587485
vt 0.394075 0.584904
vt 0.402444 0.594345
vt 0.389380 0.593277
vt 0.146695 0.615375
vt 0.139127 0.613240
vt 0.148189 0.621361
vt 0.135367 0.620579
vt 0.041049 0.943689
vt 0.033927 0.949822
vt 0.033927 0.936574
vt 0.040971 0.937204
vt 0.108532 0.273981
vt 0.104696 0.266730
vt 0.123055 0.260141
vt 0.113964 0.280963
vt 0.524105 0.890639
vt 0.521955 0.907549
vt 0.511185 0.907728
vt 0.509049 0.890639
vt 0.767592 0.918008
vt 0.775822 0.919228
vt 0.776400 0.932365
vt 0.767592 0.931296
vt 0.684398 0.026331
vt 0.681807 0.039623
vt 0.673586 0.037012
vt 0.675099 0.024639
vt 0.188328 0.369752
vt 0.201539 0.373797
vt 0.203973 0.379583
vt 0.192670 0.383312
vt 0.453948 0.184369
vt 0.466381 0.180523
vt 0.463120 0.195029
vt 0.456150 0.199132
vt 0.545287 0.154311
vt 0.547518 0.161524
vt 0.535608 0.162279
vt 0.536226 0.154520
vt 0.815032 0.700607
vt 0.806040 0.698837
vt 0.806817 0.692118
vt 0.814376 0.692522
vt 0.159498 0.944324
vt 0.159649 0.937423
vt 0.164916 0.936574
vt 0.164916 0.949740
vt 0.744273 0.132316
vt 0.740083 0.124645
vt 0.750232 0.129652
vt 0.750330 0.133277
vt 0.277484 0.946585
vt 0.273184 0.949711
vt 0.273184 0.936574
vt 0.277491 0.938099
vt 0.197935 0.980604
vt 0.201686 0.985620
vt 0.199809 0.988451
vt 0.197935 0.988635
vt 0.777584 0.638263
vt 0.769160 0.639372
vt 0.949845 0.226425
vt 0.953881 0.216940
vt 0.959538 0.217624
vt 0.961666 0.226425
vt 0.003663 0.868105
vt 0.001715 0.857167
vt 0.008300 0.857679
vt 0.012607 0.866244
vt 0.418914 0.286512
vt 0.427237 0.291445
vt 0.428649 0.316054
vt 0.419141 0.310157
vt 0.583539 0.306807
vt 0.576167 0.327791
vt 0.566703 0.324420
vt 0.571972 0.306830
vt 0.544517 0.176684
vt 0.535649 0.177864
vt 0.685416 0.273282
vt 0.695204 0.272212
vt 0.694624 0.286575
vt 0.685416 0.287721
vt 0.932349 0.207833
vt 0.938342 0.207833
vt 0.937082 0.217502
vt 0.933323 0.214329
vt 0.684499 0.969703
vt 0.690916 0.967466
vt 0.690916 0.975902
vt 0.684475 0.976736
vt 0.599124 0.735498
vt 0.599749 0.742470
vt 0.591464 0.741469
vt 0.593456 0.733544
vt 0.589796 0.748329
vt 0.595018 0.752228
vt 0.583185 0.749331
vt 0.583494 0.740916
vt 0.585199 0.756440
vt 0.721286 0.458985
vt 0.728203 0.455166
vt 0.728029 0.462039
vt 0.720588 0.465530
vt 0.946176 0.208667
vt 0.945166 0.216712
vt 0.718653 0.967466
vt 0.724814 0.967627
vt 0.724873 0.975056
vt 0.718653 0.976716
vt 0.234831 0.068204
vt 0.239536 0.068847
vt 0.239539 0.083021
vt 0.229182 0.082786
vt 0.744925 0.457627
vt 0.735971 0.459918
vt 0.736831 0.454965
vt 0.743922 0.452333
vt 0.745633 0.465877
vt 0.737100 0.468075
vt 0.580033 0.726751
vt 0.588563 0.725327
vt 0.585551 0.732540
vt 0.578183 0.732487
vt 0.920728 0.366960
vt 0.920233 0.372085
vt 0.912605 0.372085
vt 0.913656 0.366659
vt 0.876176 0.244356
vt 0.878355 0.236652
vt 0.882991 0.234516
vt 0.884314 0.239840
vt 0.925714 0.368988
vt 0.928873 0.371034
vt 0.978913 0.641812
vt 0.987232 0.643855
vt 0.987086 0.649982
vt 0.979213 0.649982
vt 0.884314 0.253044
vt 0.877456 0.253948
vt 0.340900 0.962141
vt 0.338396 0.964244
vt 0.338396 0.954841
vt 0.340102 0.953021
vt 0.987682 0.312950
vt 0.979868 0.312950
vt 0.978913 0.308126
vt 0.985789 0.308696
vt 0.324592 0.959835
vt 0.319328 0.964094
vt 0.319328 0.953021
vt 0.324927 0.953547
vt 0.893500 0.424909
vt 0.902324 0.427153
vt 0.901728 0.434457
vt 0.894472 0.437654
vt 0.231945 0.837210
vt 0.225530 0.839288
vt 0.228301 0.832021
vt 0.234136 0.829081
vt 0.946037 0.532155
vt 0.938861 0.532191
vt 0.939227 0.525509
vt 0.945644 0.527307
vt 0.204762 0.980604
vt 0.209061 0.980789
vt 0.209891 0.986801
vt 0.204762 0.988564
vt 0.172148 0.937865
vt 0.172165 0.947210
vt 0.167992 0.947115
vt 0.169058 0.936574
vt 0.178568 0.936574
vt 0.179298 0.949439
vt 0.225530 0.822226
vt 0.231103 0.815879
vt 0.965173 0.527497
vt 0.975309 0.523344
vt 0.975138 0.532189
vt 0.966270 0.532189
vt 0.816573 0.975040
vt 0.816809 0.969140
vt 0.821927 0.967466
vt 0.821927 0.976686
vt 0.932349 0.525509
vt 0.933087 0.532008
vt 0.912605 0.138905
vt 0.913709 0.133182
vt 0.919441 0.133466
vt 0.919203 0.141086
vt 0.899516 0.948752
vt 0.890422 0.948752
vt 0.892499 0.941125
vt 0.894922 0.936574
vt 0.230960 0.949577
vt 0.224034 0.948693
vt 0.223160 0.936574
vt 0.230960 0.936859
vt 0.547518 0.855817
vt 0.540526 0.864502
vt 0.532346 0.863219
vt 0.532129 0.850290
vt 0.226932 0.074914
vt 0.223391 0.099174
vt 0.212308 0.098351
vt 0.219620 0.073782
vt 0.186515 0.172792
vt 0.176064 0.178304
vt 0.169669 0.153037
vt 0.180039 0.150210
vt 0.535291 0.843420
vt 0.547518 0.843180
vt 0.991178 0.281151
vt 0.992623 0.277057
vt 0.997998 0.277020
vt 0.997220 0.281151
vt 0.161458 0.740230
vt 0.152565 0.737768
vt 0.156698 0.731994
vt 0.164749 0.736749
vt 0.323990 0.561927
vt 0.318806 0.558906
vt 0.323106 0.551236
vt 0.329571 0.554536
vt 0.289089 0.373823
vt 0.293305 0.365044
vt 0.297889 0.369502
vt 0.292631 0.377196
vt 0.852158 0.401633
vt 0.845660 0.400891
vt 0.846064 0.392554
vt 0.853696 0.391998
vt 0.206459 0.126394
vt 0.221514 0.125821
vt 0.219653 0.143007
vt 0.204473 0.144461
vt 0.191773 0.133639
vt 0.186841 0.111036
vt 0.199019 0.112379
vt 0.188822 0.149140
vt 0.205319 0.214822
vt 0.188597 0.216022
vt 0.189833 0.207381
vt 0.203769 0.208348
vt 0.070241 0.260798
vt 0.063599 0.261152
vt 0.063546 0.231882
vt 0.070241 0.229870
vt 0.082825 0.266186
vt 0.088844 0.268203
vt 0.089106 0.276882
vt 0.072050 0.276876
vt 0.086599 0.253119
vt 0.089986 0.262911
vt 0.070861 0.265696
vt 0.457112 0.227605
vt 0.460886 0.215953
vt 0.466880 0.212791
vt 0.464165 0.228733
vt 0.975264 0.484703
vt 0.965173 0.489206
vt 0.968134 0.481793
vt 0.965173 0.479181
vt 0.418914 0.354447
vt 0.421377 0.330009
vt 0.428601 0.337796
vt 0.428448 0.360209
vt 0.090532 0.002932
vt 0.104461 0.014421
vt 0.095185 0.026414
vt 0.082053 0.020117
vt 0.720314 0.864778
vt 0.726604 0.866288
vt 0.729424 0.877326
vt 0.720314 0.884314
vt 0.253948 0.594542
vt 0.249933 0.612279
vt 0.230257 0.611417
vt 0.235589 0.600041
vt 0.268946 0.371112
vt 0.270157 0.389026
vt 0.255568 0.388797
vt 0.257898 0.376151
vt 0.231820 0.375017
vt 0.242903 0.364318
vt 0.266418 0.366183
vt 0.245861 0.902181
vt 0.245861 0.887365
vt 0.255194 0.886782
vt 0.261152 0.904126
vt 0.231508 0.389026
vt 0.225439 0.594542
vt 0.219106 0.600011
vt 0.449494 0.463846
vt 0.452041 0.449990
vt 0.462869 0.449619
vt 0.461486 0.464670
vt 0.244353 0.637040
vt 0.230935 0.637571
vt 0.159624 0.110391
vt 0.163881 0.078488
vt 0.177477 0.079148
vt 0.176783 0.108450
vt 0.175989 0.124822
vt 0.164342 0.126598
vt 0.926680 0.140383
vt 0.929013 0.133182
vt 0.036267 0.318785
vt 0.038187 0.294762
vt 0.048048 0.294762
vt 0.048628 0.315409
vt 0.258079 0.005703
vt 0.269579 0.007032
vt 0.271611 0.036996
vt 0.261649 0.038625
vt 0.515846 0.522304
vt 0.503153 0.516690
vt 0.505566 0.497258
vt 0.520503 0.501098
vt 0.536712 0.781693
vt 0.532305 0.807700
vt 0.522324 0.808670
vt 0.522324 0.782843
vt 0.190911 0.027163
vt 0.180750 0.043873
vt 0.169088 0.043022
vt 0.171170 0.026956
vt 0.159624 0.018450
vt 0.161613 0.041973
vt 0.066558 0.108290
vt 0.070797 0.085130
vt 0.080919 0.086377
vt 0.080994 0.110127
vt 0.026533 0.232335
vt 0.031538 0.194122
vt 0.039960 0.192761
vt 0.034687 0.224140
vt 0.127943 0.345792
vt 0.119620 0.349403
vt 0.118580 0.335505
vt 0.129033 0.335944
vt 0.821691 0.079756
vt 0.824879 0.091033
vt 0.821169 0.093654
vt 0.812383 0.076461
vt 0.812298 0.068582
vt 0.824879 0.071983
vt 0.088451 0.248544
vt 0.091230 0.232662
vt 0.114690 0.232884
vt 0.115499 0.247676
vt 0.093356 0.349403
vt 0.093238 0.336440
vt 0.418423 0.058231
vt 0.411294 0.060962
vt 0.404123 0.048413
vt 0.413446 0.044031
vt 0.422865 0.042050
vt 0.422743 0.051623
vt 0.087061 0.228733
vt 0.086154 0.203067
vt 0.099699 0.201697
vt 0.104461 0.224732
vt 0.298224 0.864915
vt 0.314402 0.861713
vt 0.315183 0.869906
vt 0.305385 0.868724
vt 0.586042 0.904125
vt 0.577632 0.904125
vt 0.577094 0.890004
vt 0.587141 0.886776
vt 0.064951 0.225985
vt 0.070033 0.202757
vt 0.814483 0.295574
vt 0.826680 0.302207
vt 0.823971 0.315208
vt 0.815298 0.311469
vt 0.560307 0.838522
vt 0.560307 0.821646
vt 0.572733 0.831961
vt 0.569968 0.844691
vt 0.115742 0.325808
vt 0.131721 0.326707
vt 0.270390 0.111665
vt 0.258079 0.110923
vt 0.261465 0.085188
vt 0.273686 0.083716
vt 0.395695 0.068360
vt 0.388138 0.062941
vt 0.394977 0.055306
vt 0.403759 0.064609
vt 0.819757 0.549319
vt 0.815106 0.537582
vt 0.825862 0.536932
vt 0.828481 0.543734
vt 0.304487 0.970022
vt 0.313575 0.967466
vt 0.313575 0.976925
vt 0.305283 0.975520
vt 0.602887 0.891941
vt 0.601938 0.876971
vt 0.610555 0.876590
vt 0.610555 0.895120
vt 0.417540 0.074552
vt 0.412851 0.077445
vt 0.820824 0.320586
vt 0.814483 0.317119
vt 0.406624 0.076673
vt 0.136738 0.328044
vt 0.136880 0.337511
vt 0.961121 0.744743
vt 0.961181 0.750580
vt 0.949845 0.750580
vt 0.954773 0.741310
vt 0.404477 0.848936
vt 0.405236 0.859197
vt 0.394538 0.866304
vt 0.394538 0.845239
vt 0.794479 0.909529
vt 0.794844 0.898331
vt 0.801581 0.902139
vt 0.801200 0.908971
vt 0.987298 0.271478
vt 0.987669 0.275829
vt 0.978913 0.275829
vt 0.980064 0.270294
vt 0.901761 0.502492
vt 0.901316 0.494518
vt 0.907651 0.495046
vt 0.906294 0.501697
vt 0.744060 0.482735
vt 0.736769 0.484482
vt 0.737481 0.475764
vt 0.745046 0.474752
vt 0.577035 0.755963
vt 0.575089 0.749513
vt 0.730464 0.476061
vt 0.728865 0.470360
vt 0.726628 0.481789
vt 0.720588 0.473987
vt 0.084468 0.154317
vt 0.070187 0.155620
vt 0.062262 0.154838
vt 0.057227 0.121586
vt 0.046392 0.107551
vt 0.054040 0.097694
vt 0.586992 0.134825
vt 0.586844 0.125828
vt 0.599749 0.126167
vt 0.594023 0.135279
vt 0.577667 0.136880
vt 0.572142 0.123938
vt 0.457615 0.629664
vt 0.455900 0.620395
vt 0.470073 0.621064
vt 0.464502 0.633968
vt 0.448159 0.632263
vt 0.442465 0.623146
vt 0.676677 0.059457
vt 0.663336 0.049588
vt 0.670769 0.041625
vt 0.677194 0.050883
vt 0.670093 0.079246
vt 0.660988 0.069400
vt 0.642981 0.061129
vt 0.642981 0.045970
vt 0.373617 0.028825
vt 0.370811 0.020082
vt 0.382245 0.009398
vt 0.392868 0.017833
vt 0.306507 0.852035
vt 0.315183 0.849462
vt 0.330729 0.811558
vt 0.349403 0.811558
vt 0.346956 0.826180
vt 0.334270 0.825485
vt 0.345578 0.834624
vt 0.332700 0.835686
vt 0.758687 0.362958
vt 0.758687 0.350718
vt 0.772649 0.356777
vt 0.771729 0.366980
vt 0.841398 0.802820
vt 0.853696 0.802820
vt 0.852511 0.815741
vt 0.842324 0.815147
vt 0.916115 0.668799
vt 0.928115 0.668799
vt 0.925973 0.679194
vt 0.912604 0.680195
vt 0.172900 0.835288
vt 0.171917 0.847007
vt 0.162392 0.849127
vt 0.157611 0.835288
vt 0.164982 0.857298
vt 0.171737 0.855961
vt 0.376007 0.002913
vt 0.365801 0.006349
vt 0.850687 0.824345
vt 0.844646 0.824879
vt 0.108225 0.199916
vt 0.105590 0.178527
vt 0.119306 0.177543
vt 0.124272 0.198574
vt 0.082321 0.361754
vt 0.065988 0.361503
vt 0.065229 0.354195
vt 0.088251 0.360860
vt 0.679454 0.958663
vt 0.678086 0.963065
vt 0.672555 0.963790
vt 0.672555 0.953021
vt 0.621361 0.808495
vt 0.618187 0.814614
vt 0.608146 0.817675
vt 0.606870 0.811061
vt 0.082702 0.367414
vt 0.064690 0.365723
vt 0.606870 0.791734
vt 0.613886 0.792791
vt 0.543378 0.094835
vt 0.551439 0.097992
vt 0.548445 0.105602
vt 0.537515 0.098562
vt 0.535930 0.084817
vt 0.544520 0.085854
vt 0.965173 0.293366
vt 0.969026 0.289383
vt 0.970671 0.289713
vt 0.975684 0.293366
vt 0.553126 0.089049
vt 0.489536 0.342009
vt 0.484595 0.337416
vt 0.493262 0.333240
vt 0.498689 0.340825
vt 0.487016 0.347602
vt 0.477996 0.341305
vt 0.502213 0.347602
vt 0.427080 0.955081
vt 0.427583 0.961388
vt 0.420629 0.963940
vt 0.420629 0.953021
vt 0.481430 0.331915
vt 0.474621 0.331120
vt 0.480660 0.319463
vt 0.486989 0.326227
vt 0.633968 0.596854
vt 0.632162 0.610375
vt 0.624068 0.609296
vt 0.624068 0.592564
vt 0.349055 0.936574
vt 0.360677 0.936574
vt 0.359899 0.949233
vt 0.351007 0.948681
vt 0.024014 0.493785
vt 0.014453 0.496799
vt 0.012707 0.486663
vt 0.021321 0.482084
vt 0.891615 0.128241
vt 0.900523 0.129990
vt 0.900166 0.138913
vt 0.893448 0.138298
vt 0.029436 0.474308
vt 0.031174 0.486494
vt 0.557093 0.105876
vt 0.561927 0.100424
vt 0.558694 0.111665
vt 0.547736 0.111146
vt 0.574564 0.963617
vt 0.573619 0.956397
vt 0.580499 0.953021
vt 0.580499 0.963833
vt 0.233180 0.283186
vt 0.224649 0.288854
vt 0.221084 0.279178
vt 0.225297 0.273806
vt 0.239248 0.284710
vt 0.239150 0.291757
vt 0.232045 0.293921
vt 0.226060 0.296019
vt 0.234931 0.271523
vt 0.240388 0.278195
vt 0.757709 0.290084
vt 0.758385 0.288663
vt 0.764055 0.289192
vt 0.762455 0.295372
vt 0.225131 0.236909
vt 0.224771 0.241420
vt 0.219773 0.242171
vt 0.219501 0.241568
vt 0.215579 0.246743
vt 0.216513 0.237851
vt 0.003485 0.357706
vt 0.015017 0.355552
vt 0.015464 0.364436
vt 0.003272 0.367413
vt 0.933485 0.716106
vt 0.945613 0.715187
vt 0.942103 0.727007
vt 0.932349 0.727007
vt 0.818105 0.051564
vt 0.818814 0.043108
vt 0.828481 0.043356
vt 0.824564 0.055832
vt 0.239946 0.297948
vt 0.248653 0.292621
vt 0.248158 0.300800
vt 0.235069 0.302479
vt 0.949845 0.599214
vt 0.952983 0.589825
vt 0.961296 0.592525
vt 0.961372 0.599214
vt 0.325179 0.976946
vt 0.316651 0.974988
vt 0.319374 0.969096
vt 0.325179 0.967466
vt 0.590195 0.903923
vt 0.591418 0.898013
vt 0.597947 0.898276
vt 0.595043 0.905927
vt 0.419644 0.885300
vt 0.419644 0.892732
vt 0.411551 0.892423
vt 0.413980 0.883140
vt 0.914050 0.523365
vt 0.912604 0.517432
vt 0.919865 0.516074
vt 0.921349 0.522830
vt 0.928593 0.523365
vt 0.925990 0.517430
vt 0.974277 0.754292
vt 0.975239 0.760530
vt 0.965670 0.760530
vt 0.965173 0.753038
vt 0.417923 0.900289
vt 0.408695 0.900523
vt 0.082617 0.848293
vt 0.075803 0.847302
vt 0.077264 0.837765
vt 0.086450 0.839565
vt 0.726627 0.684398
vt 0.722196 0.678711
vt 0.729724 0.675432
vt 0.731833 0.682780
vt 0.826680 0.577286
vt 0.821196 0.581738
vt 0.816929 0.572051
vt 0.825627 0.569636
vt 0.928318 0.279642
vt 0.922122 0.278933
vt 0.920744 0.270323
vt 0.928828 0.270267
vt 0.998116 0.156553
vt 0.991853 0.154627
vt 0.991178 0.151020
vt 0.997344 0.151020
vt 0.824192 0.197417
vt 0.824035 0.192431
vt 0.832084 0.191133
vt 0.830816 0.198115
vt 0.898988 0.123725
vt 0.892330 0.124272
vt 0.893866 0.116599
vt 0.900523 0.117892
vt 0.607975 0.988310
vt 0.609552 0.982532
vt 0.612152 0.980604
vt 0.612152 0.987600
vt 0.818382 0.191531
vt 0.818382 0.181773
vt 0.825198 0.183392
vt 0.047987 0.963677
vt 0.044943 0.964267
vt 0.043826 0.953021
vt 0.050407 0.953021
vt 0.887399 0.769082
vt 0.893319 0.771725
vt 0.891398 0.777360
vt 0.887399 0.778889
vt 0.247676 0.270874
vt 0.242961 0.267083
vt 0.083378 0.825319
vt 0.086450 0.829623
vt 0.078526 0.830440
vt 0.074465 0.826341
vt 0.069304 0.834441
vt 0.980679 0.036131
vt 0.987266 0.035840
vt 0.987843 0.043268
vt 0.978913 0.043268
vt 0.406562 0.884597
vt 0.403517 0.890691
vt 0.590195 0.890945
vt 0.597134 0.888929
vt 0.985676 0.298997
vt 0.987624 0.305050
vt 0.978913 0.305050
vt 0.979904 0.299649
vt 0.888086 0.114406
vt 0.891259 0.108168
vt 0.895390 0.106940
vt 0.945204 0.967466
vt 0.950659 0.968076
vt 0.950659 0.976538
vt 0.944864 0.972002
vt 0.069874 0.842833
vt 0.874775 0.374940
vt 0.878911 0.372886
vt 0.878911 0.382621
vt 0.873382 0.381616
vt 0.624002 0.373171
vt 0.619983 0.378759
vt 0.614829 0.372403
vt 0.623632 0.368253
vt 0.628228 0.367801
vt 0.628565 0.373428
vt 0.722693 0.498626
vt 0.727623 0.506081
vt 0.721225 0.507298
vt 0.717888 0.497775
vt 0.371518 0.924157
vt 0.376241 0.923210
vt 0.376241 0.932568
vt 0.370429 0.933112
vt 0.372099 0.920146
vt 0.375511 0.918008
vt 0.991178 0.792224
vt 0.991407 0.788174
vt 0.996707 0.787895
vt 0.996483 0.792224
vt 0.377195 0.967466
vt 0.376784 0.976390
vt 0.368579 0.976899
vt 0.368463 0.967466
vt 0.096483 0.841034
vt 0.099058 0.848077
vt 0.092615 0.843297
vt 0.091749 0.829947
vt 0.621055 0.393965
vt 0.628565 0.403390
vt 0.622967 0.405335
vt 0.616932 0.400805
vt 0.716436 0.525889
vt 0.714268 0.517367
vt 0.723712 0.519309
vt 0.721797 0.531309
vt 0.785256 0.345801
vt 0.779257 0.344819
vt 0.779034 0.336951
vt 0.784891 0.337340
vt 0.200732 0.956284
vt 0.199151 0.964209
vt 0.195523 0.961465
vt 0.195523 0.953021
vt 0.806536 0.533110
vt 0.808043 0.521008
vt 0.814073 0.522725
vt 0.807380 0.532764
vt 0.286542 0.875309
vt 0.280302 0.872335
vt 0.280767 0.866292
vt 0.289969 0.865132
vt 0.600231 0.398969
vt 0.604181 0.392052
vt 0.611178 0.396180
vt 0.605766 0.401822
vt 0.848926 0.194513
vt 0.847002 0.183616
vt 0.852409 0.182940
vt 0.853696 0.194264
vt 0.888773 0.953021
vt 0.888275 0.961351
vt 0.880435 0.963547
vt 0.880435 0.954033
vt 0.886545 0.482624
vt 0.886431 0.472036
vt 0.890876 0.471527
vt 0.893319 0.481961
vt 0.893147 0.489885
vt 0.886431 0.489691
vt 0.091749 0.851895
vt 0.098586 0.846970
vt 0.511497 0.325580
vt 0.502598 0.329156
vt 0.496346 0.321690
vt 0.505041 0.319276
vt 0.616152 0.388177
vt 0.608181 0.382227
vt 0.874333 0.391574
vt 0.877488 0.392628
vt 0.545272 0.787047
vt 0.549252 0.791662
vt 0.542136 0.796193
vt 0.538721 0.788309
vt 0.545719 0.779987
vt 0.554722 0.783835
vt 0.748724 0.932337
vt 0.746085 0.926268
vt 0.754384 0.924043
vt 0.755190 0.932366
vt 0.808087 0.458822
vt 0.815874 0.458822
vt 0.815839 0.467599
vt 0.809125 0.466880
vt 0.633969 0.795843
vt 0.632367 0.804005
vt 0.625597 0.803326
vt 0.623837 0.795843
vt 0.556874 0.068141
vt 0.552289 0.076199
vt 0.546004 0.076477
vt 0.546874 0.069275
vt 0.975475 0.520269
vt 0.965173 0.520269
vt 0.967707 0.519113
vt 0.968611 0.514593
vt 0.754026 0.919102
vt 0.755190 0.918008
vt 0.811373 0.198933
vt 0.813355 0.205863
vt 0.806269 0.206766
vt 0.806269 0.197837
vt 0.792425 0.460919
vt 0.794262 0.469831
vt 0.788726 0.467046
vt 0.788598 0.458743
vt 0.940178 0.431521
vt 0.946194 0.433966
vt 0.938076 0.436552
vt 0.936402 0.431483
vt 0.730675 0.942536
vt 0.730955 0.938609
vt 0.732860 0.936574
vt 0.735265 0.941272
vt 0.736456 0.949091
vt 0.729714 0.949091
vt 0.997112 0.420480
vt 0.997644 0.424061
vt 0.992072 0.424061
vt 0.991178 0.418895
vt 0.978913 0.851975
vt 0.979553 0.845845
vt 0.987075 0.844858
vt 0.982614 0.851975
vt 0.576131 0.988173
vt 0.569001 0.988173
vt 0.569097 0.982034
vt 0.575066 0.980604
vt 0.987731 0.208110
vt 0.979748 0.208110
vt 0.978913 0.202095
vt 0.983730 0.203428
vt 0.809458 0.220578
vt 0.807136 0.223330
vt 0.806292 0.216010
vt 0.811351 0.216579
vt 0.926307 0.604786
vt 0.923061 0.606538
vt 0.923019 0.593778
vt 0.928179 0.592940
vt 0.794262 0.479375
vt 0.787286 0.477821
vt 0.791910 0.486283
vt 0.787932 0.484190
vt 0.625631 0.819355
vt 0.626491 0.812141
vt 0.631394 0.813102
vt 0.628785 0.821277
vt 0.995598 0.651886
vt 0.997254 0.655700
vt 0.991483 0.655700
vt 0.991178 0.651765
vt 0.444711 0.208974
vt 0.440703 0.217139
vt 0.437258 0.214893
vt 0.438628 0.205507
vt 0.811810 0.349829
vt 0.816883 0.347118
vt 0.817675 0.362927
vt 0.809660 0.361992
vt 0.799935 0.360756
vt 0.801562 0.351959
vt 0.439968 0.191843
vt 0.445879 0.193530
vt 0.928909 0.335964
vt 0.913697 0.335964
vt 0.912605 0.330621
vt 0.925039 0.330763
vt 0.497858 0.309273
vt 0.491360 0.312845
vt 0.493170 0.309126
vt 0.497880 0.302416
vt 0.957159 0.945388
vt 0.949845 0.944891
vt 0.953635 0.942362
vt 0.961283 0.942362
vt 0.932349 0.560347
vt 0.934419 0.554888
vt 0.945110 0.554859
vt 0.946090 0.560347
vt 0.487851 0.297684
vt 0.494252 0.294680
vt 0.429806 0.178708
vt 0.422275 0.177261
vt 0.426876 0.167021
vt 0.432539 0.167501
vt 0.441527 0.169774
vt 0.440705 0.179812
vt 0.450262 0.158035
vt 0.441679 0.155741
vt 0.440711 0.148128
vt 0.446646 0.152293
vt 0.020622 0.089261
vt 0.021613 0.095351
vt 0.012781 0.094045
vt 0.013549 0.087358
vt 0.968168 0.706423
vt 0.974862 0.706129
vt 0.975305 0.712488
vt 0.965173 0.712488
vt 0.301340 0.954830
vt 0.307583 0.953021
vt 0.307583 0.964065
vt 0.301468 0.960439
vt 0.712541 0.498224
vt 0.712541 0.507402
vt 0.785256 0.318176
vt 0.784764 0.327405
vt 0.779309 0.326809
vt 0.781482 0.317436
vt 0.978913 0.926510
vt 0.986956 0.926510
vt 0.986795 0.931973
vt 0.979517 0.934514
vt 0.431761 0.160830
vt 0.433396 0.160552
vt 0.424676 0.157451
vt 0.430541 0.148059
vt 0.434643 0.154362
vt 0.441006 0.162294
vt 0.561853 0.060997
vt 0.561927 0.066021
vt 0.551613 0.060145
vt 0.975575 0.192199
vt 0.965885 0.189188
vt 0.965173 0.185082
vt 0.973537 0.185082
vt 0.978913 0.490803
vt 0.981101 0.486297
vt 0.987509 0.485305
vt 0.985688 0.490803
vt 0.541284 0.064118
vt 0.535964 0.073272
vt 0.979403 0.807584
vt 0.987187 0.807584
vt 0.986512 0.813540
vt 0.978913 0.813873
vt 0.998148 0.095565
vt 0.992446 0.095493
vt 0.991178 0.089407
vt 0.997571 0.089407
vt 0.712446 0.653671
vt 0.717818 0.651234
vt 0.717804 0.659827
vt 0.709207 0.660647
vt 0.737998 0.677847
vt 0.742031 0.681452
vt 0.739026 0.693648
vt 0.733031 0.694751
vt 0.887916 0.745058
vt 0.887916 0.763644
vt 0.881634 0.762597
vt 0.881771 0.749645
vt 0.266266 0.306254
vt 0.259453 0.309780
vt 0.257918 0.301589
vt 0.266555 0.300169
vt 0.048921 0.437303
vt 0.051164 0.429369
vt 0.055832 0.432198
vt 0.054948 0.438738
vt 0.975372 0.967466
vt 0.975372 0.976507
vt 0.969593 0.976378
vt 0.969626 0.968202
vt 0.668066 0.968898
vt 0.670943 0.967466
vt 0.670943 0.971404
vt 0.669869 0.976946
vt 0.049602 0.448461
vt 0.045044 0.446511
vt 0.046403 0.437655
vt 0.978913 0.148030
vt 0.983764 0.146057
vt 0.987785 0.151763
vt 0.979603 0.151763
vt 0.991178 0.024569
vt 0.992631 0.019201
vt 0.998250 0.018158
vt 0.998250 0.024599
vt 0.725899 0.651234
vt 0.726481 0.658370
vt 0.822571 0.174257
vt 0.828216 0.173616
vt 0.055832 0.447929
vt 0.757709 0.265762
vt 0.764051 0.265451
vt 0.765406 0.271514
vt 0.759163 0.271325
vt 0.262906 0.287278
vt 0.265325 0.292171
vt 0.257298 0.293664
vt 0.256833 0.285733
vt 0.634058 0.876750
vt 0.641173 0.879645
vt 0.639333 0.885430
vt 0.631766 0.884759
vt 0.928357 0.391973
vt 0.921539 0.391328
vt 0.920079 0.384260
vt 0.928733 0.384409
vt 0.686160 0.699861
vt 0.676264 0.696274
vt 0.681436 0.690402
vt 0.689323 0.693242
vt 0.912605 0.592940
vt 0.916382 0.603304
vt 0.965173 0.276110
vt 0.971735 0.276152
vt 0.975383 0.283557
vt 0.965173 0.286307
vt 0.987565 0.359988
vt 0.978913 0.359988
vt 0.981314 0.353424
vt 0.987428 0.354852
vt 0.734827 0.837091
vt 0.727751 0.837487
vt 0.723279 0.830967
vt 0.731806 0.829002
vt 0.580429 0.035893
vt 0.587325 0.032623
vt 0.589641 0.038413
vt 0.584408 0.041700
vt 0.693006 0.698896
vt 0.695204 0.694424
vt 0.974464 0.492282
vt 0.975377 0.500019
vt 0.966736 0.499321
vt 0.965173 0.492282
vt 0.641173 0.894841
vt 0.632069 0.895120
vt 0.596146 0.039637
vt 0.589708 0.048628
vt 0.949845 0.098088
vt 0.951195 0.091605
vt 0.961699 0.092388
vt 0.961893 0.098088
vt 0.450262 0.181676
vt 0.449053 0.171184
vt 0.913380 0.486154
vt 0.916127 0.483860
vt 0.919477 0.493364
vt 0.912605 0.494024
vt 0.925144 0.565063
vt 0.917387 0.564249
vt 0.912605 0.560332
vt 0.917486 0.556378
vt 0.151535 0.500912
vt 0.140394 0.499110
vt 0.143119 0.491865
vt 0.149447 0.497568
vt 0.926374 0.566998
vt 0.920460 0.568776
vt 0.148136 0.509238
vt 0.138186 0.507378
vt 0.150001 0.967466
vt 0.147028 0.975519
vt 0.142485 0.977279
vt 0.142485 0.969267
vt 0.194859 0.988458
vt 0.187970 0.986356
vt 0.187488 0.982298
vt 0.194859 0.980604
vt 0.707811 0.775875
vt 0.706769 0.781741
vt 0.703757 0.782703
vt 0.705587 0.774370
vt 0.939400 0.074060
vt 0.940702 0.066715
vt 0.946492 0.067185
vt 0.943214 0.072187
vt 0.595591 0.030726
vt 0.268265 0.887174
vt 0.268265 0.878783
vt 0.276065 0.878846
vt 0.274857 0.888343
vt 0.973220 0.864598
vt 0.965588 0.865435
vt 0.965173 0.857544
vt 0.975135 0.857544
vt 0.589026 0.024287
vt 0.596056 0.021963
vt 0.581124 0.030536
vt 0.582829 0.024376
vt 0.695204 0.666876
vt 0.693735 0.672911
vt 0.687520 0.671151
vt 0.691883 0.665246
vt 0.436226 0.969358
vt 0.439807 0.967466
vt 0.439807 0.972800
vt 0.436335 0.977080
vt 0.587194 0.004518
vt 0.594488 0.001786
vt 0.592039 0.010526
vt 0.585342 0.010385
vt 0.489468 0.892194
vt 0.485186 0.892173
vt 0.483911 0.888073
vt 0.489885 0.887148
vt 0.520690 0.830515
vt 0.521204 0.825963
vt 0.525870 0.825955
vt 0.525690 0.830698
vt 0.518996 0.835686
vt 0.513277 0.834669
vt 0.517755 0.830377
vt 0.525906 0.834667
vt 0.997321 0.028371
vt 0.998410 0.030561
vt 0.991178 0.030561
vt 0.994071 0.027675
vt 0.676993 0.688063
vt 0.671000 0.691109
vt 0.996250 0.842092
vt 0.996250 0.845863
vt 0.993011 0.847010
vt 0.991178 0.842048
vt 0.968531 0.178195
vt 0.975732 0.177728
vt 0.974483 0.182006
vt 0.965173 0.182006
vt 0.060417 0.973345
vt 0.052880 0.977307
vt 0.052880 0.968964
vt 0.060829 0.967466
vt 0.448816 0.163327
vt 0.965173 0.940170
vt 0.965649 0.932931
vt 0.971273 0.933047
vt 0.975098 0.940170
vt 0.932349 0.436552
vt 0.933686 0.431629
vt 0.283157 0.880803
vt 0.284565 0.887556
vt 0.912605 0.386025
vt 0.913864 0.391973
vt 0.991178 0.166198
vt 0.992612 0.160141
vt 0.997322 0.159629
vt 0.998045 0.166198
vt 0.932349 0.535859
vt 0.938673 0.535266
vt 0.937541 0.544535
vt 0.932349 0.542682
vt 0.991178 0.258936
vt 0.993387 0.252254
vt 0.997312 0.252528
vt 0.997898 0.258936
vt 0.621512 0.214049
vt 0.631152 0.217012
vt 0.623488 0.226781
vt 0.613403 0.223180
vt 0.860969 0.987868
vt 0.857954 0.987805
vt 0.854267 0.985222
vt 0.860969 0.980604
vt 0.432020 0.709928
vt 0.443917 0.713766
vt 0.439094 0.719272
vt 0.431569 0.714020
vt 0.943662 0.372666
vt 0.935540 0.372707
vt 0.932349 0.366210
vt 0.946221 0.366210
vt 0.780036 0.800489
vt 0.783455 0.805341
vt 0.777157 0.812272
vt 0.772067 0.800398
vt 0.716121 0.297685
vt 0.724346 0.302692
vt 0.717540 0.305528
vt 0.710139 0.301872
vt 0.777205 0.785832
vt 0.783455 0.790218
vt 0.725822 0.318033
vt 0.714805 0.315903
vt 0.678995 0.505929
vt 0.677407 0.516386
vt 0.667048 0.511938
vt 0.670690 0.501717
vt 0.697860 0.403328
vt 0.691158 0.403656
vt 0.691680 0.391014
vt 0.700250 0.396935
vt 0.709458 0.401953
vt 0.704970 0.411230
vt 0.698377 0.415030
vt 0.424797 0.717238
vt 0.426828 0.712502
vt 0.427910 0.720729
vt 0.965173 0.627738
vt 0.967957 0.623961
vt 0.974024 0.621198
vt 0.975351 0.627738
vt 0.158942 0.972606
vt 0.153694 0.977264
vt 0.153077 0.967466
vt 0.160419 0.967466
vt 0.664132 0.520210
vt 0.671431 0.526303
vt 0.656976 0.521402
vt 0.657051 0.508966
vt 0.663820 0.531601
vt 0.426374 0.727700
vt 0.433809 0.727716
vt 0.429451 0.734472
vt 0.270931 0.983184
vt 0.271405 0.988460
vt 0.264916 0.987678
vt 0.264916 0.980604
vt 0.635769 0.225119
vt 0.633035 0.231966
vt 0.497286 0.969987
vt 0.496948 0.976812
vt 0.492181 0.976946
vt 0.492181 0.967466
vt 0.236859 0.808531
vt 0.232411 0.810571
vt 0.232504 0.805379
vt 0.237738 0.806632
vt 0.439999 0.738161
vt 0.434507 0.740437
vt 0.444294 0.740563
vt 0.452063 0.736958
vt 0.451713 0.742031
vt 0.225884 0.814073
vt 0.223006 0.804752
vt 0.443766 0.727252
vt 0.452063 0.724592
vt 0.199916 0.151712
vt 0.199246 0.157671
vt 0.187287 0.158380
vt 0.193173 0.151584
vt 0.006023 0.089113
vt 0.002974 0.094327
vt 0.485600 0.988247
vt 0.478857 0.988247
vt 0.479275 0.981502
vt 0.484633 0.980604
vt 0.199238 0.163717
vt 0.190377 0.164885
vt 0.899161 0.324827
vt 0.900523 0.332427
vt 0.893643 0.333154
vt 0.893337 0.324602
vt 0.291710 0.980604
vt 0.296692 0.981800
vt 0.297874 0.988462
vt 0.291710 0.987988
vt 0.985404 0.266608
vt 0.978913 0.267218
vt 0.978955 0.259094
vt 0.987545 0.259094
vt 0.965428 0.892169
vt 0.965173 0.886244
vt 0.975163 0.886244
vt 0.973685 0.893199
vt 0.898991 0.712508
vt 0.905926 0.713215
vt 0.754504 0.108833
vt 0.754639 0.117190
vt 0.653177 0.885739
vt 0.662785 0.882982
vt 0.662519 0.897137
vt 0.653177 0.900523
vt 0.683762 0.005795
vt 0.680183 0.009162
vt 0.679179 0.003664
vt 0.684398 0.002462
vt 0.468272 0.163896
vt 0.462391 0.165589
vt 0.431567 0.570217
vt 0.428211 0.571659
vt 0.422430 0.571206
vt 0.425395 0.563451
vt 0.432464 0.557167
vt 0.437654 0.562212
vt 0.424748 0.592324
vt 0.422596 0.581204
vt 0.428995 0.579605
vt 0.430794 0.587941
vt 0.432030 0.594624
vt 0.425097 0.595664
vt 0.873508 0.641691
vt 0.867573 0.643039
vt 0.865521 0.633446
vt 0.873508 0.631877
vt 0.872422 0.651979
vt 0.866611 0.649202
vt 0.693032 0.963606
vt 0.688661 0.963014
vt 0.690644 0.954086
vt 0.690388 0.954823
vt 0.642613 0.257960
vt 0.642974 0.272195
vt 0.636609 0.269351
vt 0.635694 0.260427
vt 0.949845 0.779287
vt 0.950275 0.771766
vt 0.960327 0.770940
vt 0.961183 0.779287
vt 0.437654 0.601389
vt 0.426391 0.603351
vt 0.003012 0.847866
vt 0.012607 0.847178
vt 0.923415 0.265598
vt 0.919281 0.267191
vt 0.923506 0.254486
vt 0.928684 0.255977
vt 0.388836 0.929420
vt 0.394087 0.926727
vt 0.394891 0.931478
vt 0.390331 0.933095
vt 0.720699 0.931729
vt 0.721136 0.924802
vt 0.726478 0.925813
vt 0.725402 0.932615
vt 0.628565 0.872943
vt 0.624835 0.875887
vt 0.621455 0.871952
vt 0.625123 0.866861
vt 0.038894 0.473339
vt 0.039623 0.484861
vt 0.002974 0.144807
vt 0.005285 0.129254
vt 0.011536 0.127120
vt 0.011019 0.141670
vt 0.446557 0.801466
vt 0.439713 0.798835
vt 0.440506 0.787194
vt 0.446660 0.786071
vt 0.019702 0.473595
vt 0.025099 0.467302
vt 0.975172 0.835018
vt 0.967201 0.834788
vt 0.965173 0.827670
vt 0.974865 0.827670
vt 0.968019 0.271940
vt 0.965173 0.265948
vt 0.973822 0.265948
vt 0.975540 0.273034
vt 0.101586 0.910816
vt 0.101093 0.900713
vt 0.111665 0.906196
vt 0.111548 0.911330
vt 0.160060 0.490883
vt 0.151538 0.480098
vt 0.158730 0.473990
vt 0.163895 0.481465
vt 0.950503 0.700248
vt 0.960007 0.699722
vt 0.961286 0.707782
vt 0.951809 0.707689
vt 0.105433 0.894684
vt 0.111665 0.898626
vt 0.107295 0.053068
vt 0.108063 0.063888
vt 0.101906 0.060408
vt 0.103263 0.054227
vt 0.616086 0.870615
vt 0.618069 0.859289
vt 0.616086 0.878911
vt 0.248518 0.980604
vt 0.254305 0.980798
vt 0.255266 0.986982
vt 0.248518 0.988457
vt 0.805973 0.070241
vt 0.796458 0.064275
vt 0.798593 0.059985
vt 0.810361 0.062020
vt 0.631148 0.257550
vt 0.627034 0.251625
vt 0.632319 0.251096
vt 0.635769 0.256013
vt 0.291545 0.801643
vt 0.292753 0.805838
vt 0.290130 0.813344
vt 0.286104 0.806971
vt 0.297801 0.808469
vt 0.296159 0.817185
vt 0.385423 0.976994
vt 0.381106 0.976510
vt 0.380271 0.972291
vt 0.386384 0.972412
vt 0.149913 0.476932
vt 0.152202 0.470494
vt 0.149788 0.489100
vt 0.141737 0.480850
vt 0.912604 0.339040
vt 0.919704 0.339680
vt 0.919855 0.344204
vt 0.912955 0.343872
vt 0.304377 0.809604
vt 0.303832 0.819182
vt 0.845344 0.892559
vt 0.850038 0.893126
vt 0.849754 0.902708
vt 0.845812 0.901972
vt 0.112786 0.968062
vt 0.118336 0.967466
vt 0.118336 0.977405
vt 0.113998 0.976800
vt 0.998179 0.169274
vt 0.996833 0.172891
vt 0.994271 0.172610
vt 0.991178 0.169274
vt 0.041371 0.988653
vt 0.041609 0.981651
vt 0.046654 0.980604
vt 0.047716 0.988653
vt 0.978913 0.080614
vt 0.987847 0.080614
vt 0.987149 0.084978
vt 0.983023 0.086266
vt 0.016392 0.465205
vt 0.009884 0.470711
vt 0.009777 0.462979
vt 0.015878 0.463435
vt 0.566978 0.729983
vt 0.570932 0.735081
vt 0.569358 0.739084
vt 0.561788 0.739965
vt 0.058795 0.748104
vt 0.064838 0.754087
vt 0.052563 0.755392
vt 0.052563 0.744933
vt 0.733506 0.238689
vt 0.733821 0.234226
vt 0.738195 0.234092
vt 0.740230 0.239539
vt 0.997566 0.521473
vt 0.995513 0.522405
vt 0.991178 0.519745
vt 0.997297 0.519745
vt 0.394891 0.918008
vt 0.389726 0.918513
vt 0.994614 0.864659
vt 0.992092 0.867430
vt 0.991178 0.862682
vt 0.996148 0.862682
vt 0.525348 0.959641
vt 0.517379 0.963831
vt 0.517379 0.953021
vt 0.522809 0.953791
vt 0.717623 0.918008
vt 0.716015 0.929016
vt 0.708890 0.932471
vt 0.708890 0.919856
vt 0.993984 0.900042
vt 0.996053 0.901455
vt 0.994780 0.902053
vt 0.991178 0.902053
vt 0.995937 0.918059
vt 0.991438 0.917847
vt 0.991178 0.918059
vt 0.993587 0.917002
vt 0.996923 0.736233
vt 0.991178 0.736233
vt 0.992027 0.734060
vt 0.993410 0.731482
vt 0.684635 0.953021
vt 0.682530 0.963606
vt 0.305683 0.046735
vt 0.306923 0.046262
vt 0.306273 0.048628
vt 0.306428 0.048192
vt 0.847948 0.135079
vt 0.846768 0.129332
vt 0.850614 0.128889
vt 0.849885 0.134818
vt 0.961030 0.931256
vt 0.949845 0.931256
vt 0.952071 0.922902
vt 0.959970 0.923491
vt 0.096433 0.980604
vt 0.096433 0.988694
vt 0.091742 0.986676
vt 0.092860 0.983237
vt 0.379531 0.414759
vt 0.383792 0.421262
vt 0.376141 0.423885
vt 0.373962 0.414909
vt 0.978913 0.434230
vt 0.987487 0.433366
vt 0.987487 0.440662
vt 0.979035 0.437961
vt 0.741130 0.532803
vt 0.735668 0.535542
vt 0.733452 0.526909
vt 0.741127 0.527200
vt 0.748810 0.527931
vt 0.747956 0.535307
vt 0.742905 0.543448
vt 0.339225 0.799879
vt 0.343558 0.794799
vt 0.350027 0.802088
vt 0.340939 0.806869
vt 0.334125 0.797402
vt 0.337735 0.788648
vt 0.278140 0.974073
vt 0.277272 0.967466
vt 0.284863 0.967466
vt 0.283168 0.977060
vt 0.946079 0.410026
vt 0.932349 0.407092
vt 0.937042 0.404298
vt 0.946079 0.402139
vt 0.009138 0.928560
vt 0.001538 0.933498
vt 0.001538 0.924401
vt 0.007874 0.918008
vt 0.928346 0.713331
vt 0.923042 0.719550
vt 0.912605 0.719373
vt 0.918800 0.713331
vt 0.022908 0.927779
vt 0.022908 0.918008
vt 0.029407 0.923780
vt 0.023340 0.933475
vt 0.997298 0.582585
vt 0.997298 0.586571
vt 0.993642 0.586750
vt 0.991178 0.581168
vt 0.866902 0.037124
vt 0.860865 0.032288
vt 0.866466 0.026775
vt 0.869714 0.030369
vt 0.873508 0.026809
vt 0.872113 0.031693
vt 0.873508 0.042727
vt 0.866984 0.046827
vt 0.844691 0.488433
vt 0.843512 0.494183
vt 0.836604 0.494530
vt 0.836344 0.487294
vt 0.836298 0.480456
vt 0.841312 0.479364
vt 0.527169 0.976774
vt 0.526291 0.969875
vt 0.534368 0.967466
vt 0.533507 0.976774
vt 0.836298 0.502492
vt 0.843341 0.502033
vt 0.586183 0.175648
vt 0.580818 0.179031
vt 0.580424 0.167752
vt 0.588942 0.168190
vt 0.649033 0.122516
vt 0.658718 0.124407
vt 0.655970 0.131784
vt 0.646812 0.130302
vt 0.638522 0.128391
vt 0.639834 0.119739
vt 0.452348 0.394429
vt 0.454518 0.384468
vt 0.462869 0.383684
vt 0.461532 0.393679
vt 0.975368 0.468375
vt 0.975390 0.476105
vt 0.968102 0.474009
vt 0.965173 0.468375
vt 0.430659 0.958996
vt 0.432212 0.953021
vt 0.434782 0.961741
vt 0.430659 0.964078
vt 0.247364 0.793463
vt 0.253170 0.786821
vt 0.257726 0.792534
vt 0.250317 0.797864
vt 0.247364 0.777645
vt 0.257149 0.773207
vt 0.257594 0.781317
vt 0.756612 0.953649
vt 0.764447 0.953021
vt 0.761731 0.963651
vt 0.756612 0.963235
vt 0.585008 0.150438
vt 0.588942 0.154698
vt 0.588213 0.161201
vt 0.581329 0.159305
vt 0.571288 0.155647
vt 0.581000 0.147387
vt 0.312237 0.493124
vt 0.316984 0.496181
vt 0.315665 0.502526
vt 0.310779 0.499727
vt 0.456463 0.366914
vt 0.460284 0.374748
vt 0.454208 0.374556
vt 0.452348 0.363376
vt 0.883830 0.809942
vt 0.889810 0.814339
vt 0.890299 0.820257
vt 0.881483 0.817723
vt 0.263589 0.783516
vt 0.264754 0.770591
vt 0.925099 0.699407
vt 0.919191 0.699450
vt 0.919269 0.691116
vt 0.928259 0.693804
vt 0.806466 0.706680
vt 0.812196 0.703686
vt 0.814586 0.708246
vt 0.807491 0.711625
vt 0.749235 0.523002
vt 0.743303 0.521451
vt 0.995211 0.397078
vt 0.991178 0.398146
vt 0.991178 0.392664
vt 0.997696 0.393817
vt 0.986463 0.455667
vt 0.981816 0.456838
vt 0.978913 0.451413
vt 0.987568 0.451413
vt 0.012216 0.423246
vt 0.009642 0.420965
vt 0.008094 0.415832
vt 0.014346 0.417880
vt 0.914450 0.691425
vt 0.912605 0.699450
vt 0.852885 0.340488
vt 0.855687 0.331038
vt 0.862663 0.331568
vt 0.856472 0.342199
vt 0.197140 0.856596
vt 0.192475 0.851507
vt 0.200429 0.847237
vt 0.201717 0.852601
vt 0.192353 0.860774
vt 0.190361 0.857439
vt 0.201717 0.867293
vt 0.193027 0.868105
vt 0.917093 0.936574
vt 0.922149 0.937725
vt 0.920780 0.942945
vt 0.911191 0.943815
vt 0.426354 0.967466
vt 0.432004 0.967883
vt 0.433150 0.976927
vt 0.426354 0.976006
vt 0.184527 0.873075
vt 0.189110 0.880581
vt 0.181444 0.880912
vt 0.177712 0.872652
vt 0.979906 0.606401
vt 0.987303 0.605743
vt 0.987303 0.612827
vt 0.978913 0.612089
vt 0.217826 0.860260
vt 0.219728 0.867548
vt 0.208276 0.868729
vt 0.208276 0.858799
vt 0.922149 0.946944
vt 0.910763 0.948614
vt 0.953939 0.136999
vt 0.961968 0.137015
vt 0.957964 0.141116
vt 0.949845 0.141116
vt 0.949845 0.260633
vt 0.961809 0.260633
vt 0.961749 0.267019
vt 0.949952 0.265566
vt 0.150278 0.988544
vt 0.146934 0.988327
vt 0.144374 0.982988
vt 0.150278 0.980604
vt 0.692712 0.716605
vt 0.695889 0.712385
vt 0.701447 0.714496
vt 0.701774 0.721343
vt 0.334125 0.781983
vt 0.341169 0.779960
vt 0.346338 0.781786
vt 0.346038 0.788201
vt 0.441429 0.933019
vt 0.441429 0.919722
vt 0.447695 0.918008
vt 0.446854 0.926315
vt 0.867079 0.102011
vt 0.862450 0.099214
vt 0.863677 0.094948
vt 0.869906 0.094622
vt 0.408211 0.977000
vt 0.408211 0.968986
vt 0.414398 0.967466
vt 0.414190 0.971259
vt 0.987546 0.323685
vt 0.986420 0.330997
vt 0.978913 0.330997
vt 0.983783 0.324778
vt 0.502266 0.197504
vt 0.502492 0.207359
vt 0.495768 0.207262
vt 0.495039 0.198148
vt 0.987632 0.167266
vt 0.987734 0.172606
vt 0.979965 0.172606
vt 0.978913 0.166494
vt 0.489646 0.206884
vt 0.487677 0.201282
vt 0.493555 0.214545
vt 0.486121 0.210867
vt 0.944900 0.199082
vt 0.946342 0.204291
vt 0.938586 0.204757
vt 0.938977 0.198089
vt 0.932349 0.203900
vt 0.932852 0.198089
vt 0.022826 0.406757
vt 0.023414 0.413108
vt 0.015305 0.410032
vt 0.016512 0.400231
vt 0.949845 0.563410
vt 0.958729 0.562423
vt 0.961640 0.567113
vt 0.953642 0.567113
vt 0.486121 0.195791
vt 0.492775 0.191359
vt 0.939520 0.279268
vt 0.938290 0.273780
vt 0.945633 0.273780
vt 0.946304 0.279512
vt 0.308385 0.019477
vt 0.309780 0.026204
vt 0.301325 0.025245
vt 0.303604 0.017457
vt 0.935084 0.279283
vt 0.932349 0.275065
vt 0.720410 0.207644
vt 0.729032 0.208601
vt 0.726124 0.212696
vt 0.720112 0.213668
vt 0.252147 0.323347
vt 0.245365 0.323112
vt 0.242172 0.314962
vt 0.252031 0.315203
vt 0.302740 0.041404
vt 0.301325 0.033182
vt 0.309642 0.034736
vt 0.307139 0.042072
vt 0.737179 0.212367
vt 0.728794 0.216757
vt 0.719773 0.220585
vt 0.194979 0.423862
vt 0.204223 0.429951
vt 0.199031 0.433815
vt 0.191206 0.428636
vt 0.809152 0.969558
vt 0.813497 0.967466
vt 0.813497 0.975530
vt 0.808706 0.976721
vt 0.304377 0.826680
vt 0.296103 0.826264
vt 0.845344 0.909529
vt 0.850117 0.908962
vt 0.941104 0.830169
vt 0.944484 0.832636
vt 0.945836 0.836119
vt 0.940961 0.836243
vt 0.932349 0.835975
vt 0.932628 0.830169
vt 0.826285 0.659272
vt 0.834405 0.659632
vt 0.831868 0.664698
vt 0.824265 0.662855
vt 0.250517 0.967697
vt 0.255464 0.967466
vt 0.255464 0.977100
vt 0.249835 0.977194
vt 0.441934 0.295565
vt 0.444700 0.304560
vt 0.433706 0.310162
vt 0.437426 0.296498
vt 0.854093 0.902089
vt 0.855497 0.893082
vt 0.796339 0.980604
vt 0.796339 0.987941
vt 0.790546 0.987971
vt 0.793331 0.982170
vt 0.134601 0.466883
vt 0.144172 0.467549
vt 0.145390 0.474039
vt 0.136169 0.473877
vt 0.311164 0.508608
vt 0.305864 0.503152
vt 0.283873 0.895094
vt 0.274428 0.896921
vt 0.731349 0.813717
vt 0.734827 0.817648
vt 0.732055 0.822342
vt 0.723450 0.820156
vt 0.868105 0.698651
vt 0.864481 0.702408
vt 0.859645 0.697078
vt 0.863166 0.692769
vt 0.860188 0.685526
vt 0.868105 0.681868
vt 0.795146 0.050508
vt 0.810552 0.043851
vt 0.812272 0.052816
vt 0.798888 0.055199
vt 0.978913 0.227463
vt 0.978913 0.221197
vt 0.985104 0.222438
vt 0.987693 0.224785
vt 0.856427 0.690488
vt 0.941252 0.037859
vt 0.936726 0.039872
vt 0.932349 0.033028
vt 0.940998 0.033028
vt 0.477060 0.877603
vt 0.481897 0.876444
vt 0.482998 0.882464
vt 0.475749 0.882553
vt 0.946597 0.035714
vt 0.946174 0.039785
vt 0.312298 0.514732
vt 0.316984 0.518923
vt 0.316946 0.525594
vt 0.310035 0.523149
vt 0.304046 0.519620
vt 0.307429 0.513120
vt 0.996970 0.724239
vt 0.995223 0.728168
vt 0.991178 0.728406
vt 0.991652 0.724239
vt 0.991178 0.666430
vt 0.997055 0.666430
vt 0.996677 0.671356
vt 0.992374 0.672148
vt 0.191225 0.441855
vt 0.195139 0.437944
vt 0.199784 0.442052
vt 0.195522 0.444794
vt 0.187046 0.445146
vt 0.190560 0.447411
vt 0.189616 0.452207
vt 0.183800 0.450851
vt 0.135330 0.490514
vt 0.132306 0.483583
vt 0.131283 0.497702
vt 0.899099 0.575183
vt 0.902324 0.582475
vt 0.893540 0.584311
vt 0.892414 0.576075
vt 0.592322 0.963898
vt 0.592322 0.953100
vt 0.596862 0.953021
vt 0.597825 0.960213
vt 0.286712 0.822117
vt 0.207930 0.440896
vt 0.202133 0.446739
vt 0.205061 0.438346
vt 0.499722 0.600843
vt 0.505610 0.600450
vt 0.510351 0.609569
vt 0.503089 0.612015
vt 0.211508 0.451181
vt 0.205751 0.453920
vt 0.299835 0.508809
vt 0.891518 0.828481
vt 0.880529 0.828481
vt 0.298350 0.515411
vt 0.752246 0.043675
vt 0.759362 0.045543
vt 0.759837 0.056719
vt 0.752883 0.054516
vt 0.821153 0.918008
vt 0.822149 0.928416
vt 0.815623 0.932437
vt 0.815623 0.924706
vt 0.590729 0.017777
vt 0.596146 0.016427
vt 0.446115 0.315024
vt 0.434953 0.312958
vt 0.446660 0.330493
vt 0.436817 0.326834
vt 0.217603 0.497589
vt 0.219728 0.509896
vt 0.209074 0.507255
vt 0.210331 0.497505
vt 0.835240 0.670697
vt 0.824265 0.672566
vt 0.842890 0.665230
vt 0.196666 0.450418
vt 0.987702 0.095529
vt 0.980356 0.095987
vt 0.978913 0.089341
vt 0.987796 0.089341
vt 0.218715 0.875157
vt 0.209390 0.878911
vt 0.254703 0.486552
vt 0.261152 0.486464
vt 0.260538 0.498855
vt 0.252122 0.496238
vt 0.935077 0.806208
vt 0.932349 0.799446
vt 0.945808 0.799446
vt 0.945067 0.806415
vt 0.147537 0.750371
vt 0.140075 0.746017
vt 0.143241 0.737200
vt 0.151288 0.744803
vt 0.150844 0.759435
vt 0.140764 0.757142
vt 0.889764 0.781882
vt 0.889029 0.787057
vt 0.996354 0.852412
vt 0.991257 0.852412
vt 0.991178 0.850086
vt 0.994461 0.850724
vt 0.981743 0.804508
vt 0.978913 0.803544
vt 0.979590 0.801414
vt 0.987352 0.801414
vt 0.965173 0.342705
vt 0.970774 0.346367
vt 0.975325 0.350800
vt 0.965173 0.352699
vt 0.414638 0.654656
vt 0.412880 0.647370
vt 0.422862 0.648631
vt 0.425124 0.657382
vt 0.975523 0.147508
vt 0.965613 0.146583
vt 0.965173 0.141369
vt 0.975523 0.138708
vt 0.972981 0.535265
vt 0.975304 0.543752
vt 0.965173 0.543752
vt 0.966427 0.538407
vt 0.877367 0.975810
vt 0.877367 0.967466
vt 0.882041 0.968935
vt 0.884186 0.976547
vt 0.878925 0.632881
vt 0.886115 0.634165
vt 0.885799 0.642160
vt 0.878535 0.642898
vt 0.815651 0.767037
vt 0.814484 0.777525
vt 0.805759 0.776682
vt 0.807455 0.768843
vt 0.815874 0.785749
vt 0.810148 0.792461
vt 0.805169 0.791309
vt 0.805169 0.784331
vt 0.880010 0.651369
vt 0.886115 0.651979
vt 0.203540 0.540791
vt 0.211694 0.542746
vt 0.211390 0.551120
vt 0.202455 0.549600
vt 0.208429 0.523584
vt 0.216926 0.528635
vt 0.912605 0.238461
vt 0.919924 0.230733
vt 0.928952 0.236308
vt 0.923556 0.238461
vt 0.308071 0.242653
vt 0.314659 0.230351
vt 0.320586 0.235877
vt 0.315724 0.247735
vt 0.460894 0.301011
vt 0.451902 0.304889
vt 0.453854 0.291557
vt 0.461068 0.290314
vt 0.198280 0.537692
vt 0.200404 0.521182
vt 0.216997 0.270121
vt 0.223198 0.263554
vt 0.574757 0.106262
vt 0.567845 0.095456
vt 0.570011 0.082804
vt 0.574484 0.087221
vt 0.433706 0.360495
vt 0.437168 0.345414
vt 0.445591 0.349044
vt 0.437893 0.365613
vt 0.126647 0.192712
vt 0.127028 0.178212
vt 0.141729 0.182630
vt 0.138188 0.190942
vt 0.413657 0.003568
vt 0.417129 0.015355
vt 0.407323 0.015437
vt 0.404116 0.002913
vt 0.768333 0.380021
vt 0.760561 0.375810
vt 0.411382 0.030309
vt 0.398500 0.035871
vt 0.767246 0.316441
vt 0.762161 0.344627
vt 0.753734 0.345801
vt 0.753734 0.315693
vt 0.355285 0.176503
vt 0.354936 0.167678
vt 0.354936 0.153038
vt 0.365613 0.161829
vt 0.089323 0.320371
vt 0.090052 0.331562
vt 0.076743 0.331301
vt 0.074054 0.322880
vt 0.921637 0.865919
vt 0.927944 0.877325
vt 0.912605 0.877325
vt 0.914605 0.872939
vt 0.124272 0.003205
vt 0.123514 0.033531
vt 0.111645 0.036347
vt 0.111047 0.008565
vt 0.003180 0.282256
vt 0.015109 0.282444
vt 0.012129 0.286890
vt 0.005932 0.295372
vt 0.669989 0.849698
vt 0.659166 0.859099
vt 0.659166 0.846137
vt 0.662785 0.837573
vt 0.239539 0.324188
vt 0.223835 0.321181
vt 0.220422 0.311135
vt 0.229583 0.309126
vt 0.315331 0.320586
vt 0.302522 0.316435
vt 0.299556 0.298984
vt 0.307714 0.297318
vt 0.314107 0.299165
vt 0.320586 0.316384
vt 0.530999 0.762845
vt 0.524315 0.761110
vt 0.531181 0.749439
vt 0.538165 0.756261
vt 0.543655 0.765706
vt 0.533109 0.769865
vt 0.524725 0.771000
vt 0.202143 0.469764
vt 0.198645 0.474989
vt 0.192819 0.468562
vt 0.199958 0.464339
vt 0.208209 0.469362
vt 0.205564 0.478003
vt 0.207679 0.460889
vt 0.207286 0.486283
vt 0.201696 0.485053
vt 0.212254 0.479474
vt 0.482934 0.932941
vt 0.478574 0.931684
vt 0.478700 0.926996
vt 0.484689 0.926972
vt 0.802037 0.311581
vt 0.800920 0.303221
vt 0.807493 0.302258
vt 0.806675 0.310279
vt 0.830064 0.070241
vt 0.827643 0.062634
vt 0.832567 0.060352
vt 0.834545 0.069445
vt 0.291530 0.541406
vt 0.295912 0.534480
vt 0.302666 0.540499
vt 0.295965 0.547518
vt 0.837048 0.059420
vt 0.841089 0.065273
vt 0.836850 0.046783
vt 0.841089 0.051188
vt 0.795179 0.732503
vt 0.792832 0.726520
vt 0.799665 0.727283
vt 0.798817 0.734827
vt 0.928218 0.891339
vt 0.925441 0.894959
vt 0.920281 0.896434
vt 0.921535 0.890949
vt 0.521477 0.641173
vt 0.515001 0.639453
vt 0.517784 0.634152
vt 0.524105 0.635412
vt 0.642635 0.160293
vt 0.639021 0.153443
vt 0.645465 0.152878
vt 0.647926 0.159398
vt 0.723182 0.631734
vt 0.718901 0.624602
vt 0.724511 0.623214
vt 0.727623 0.632167
vt 0.799935 0.368014
vt 0.807253 0.371763
vt 0.899585 0.145885
vt 0.894186 0.145885
vt 0.006864 0.498198
vt 0.003747 0.489578
vt 0.383623 0.898722
vt 0.376179 0.898582
vt 0.373251 0.882744
vt 0.383623 0.880774
vt 0.373962 0.478350
vt 0.376200 0.459845
vt 0.386224 0.460865
vt 0.381237 0.479078
vt 0.979397 0.020140
vt 0.978913 0.012242
vt 0.987833 0.012242
vt 0.987098 0.020216
vt 0.322616 0.493326
vt 0.321363 0.475662
vt 0.332034 0.477149
vt 0.331171 0.493487
vt 0.619006 0.621361
vt 0.612324 0.621164
vt 0.610202 0.603360
vt 0.620082 0.604159
vt 0.648974 0.145389
vt 0.643347 0.145320
vt 0.644608 0.137460
vt 0.652611 0.139475
vt 0.652299 0.150560
vt 0.659183 0.143238
vt 0.162722 0.510361
vt 0.154980 0.516050
vt 0.155357 0.510319
vt 0.161727 0.508037
vt 0.754660 0.073843
vt 0.752246 0.072283
vt 0.752442 0.064199
vt 0.758372 0.066214
vt 0.603995 0.091639
vt 0.612356 0.091464
vt 0.611313 0.100314
vt 0.600508 0.097719
vt 0.846340 0.987962
vt 0.846340 0.980604
vt 0.848785 0.981708
vt 0.851191 0.983778
vt 0.816488 0.151108
vt 0.817675 0.157466
vt 0.808506 0.158492
vt 0.807660 0.147925
vt 0.492656 0.626300
vt 0.497503 0.623414
vt 0.503195 0.630816
vt 0.498312 0.633625
vt 0.965173 0.660989
vt 0.972874 0.660989
vt 0.975369 0.666502
vt 0.968573 0.666306
vt 0.810934 0.291961
vt 0.800034 0.292912
vt 0.799214 0.285216
vt 0.814073 0.285216
vt 0.831806 0.049551
vt 0.727623 0.600361
vt 0.723119 0.605722
vt 0.717465 0.604509
vt 0.718477 0.599269
vt 0.290491 0.529878
vt 0.293567 0.522339
vt 0.300058 0.527293
vt 0.214325 0.459005
vt 0.504293 0.621611
vt 0.514266 0.617624
vt 0.214069 0.468207
vt 0.967176 0.088408
vt 0.975641 0.088408
vt 0.973956 0.095250
vt 0.965173 0.095561
vt 0.517826 0.626453
vt 0.509586 0.628029
vt 0.512723 0.633093
vt 0.509188 0.636609
vt 0.571800 0.177722
vt 0.570389 0.166617
vt 0.580221 0.187419
vt 0.573374 0.186692
vt 0.985397 0.123179
vt 0.987843 0.123849
vt 0.978913 0.123849
vt 0.986624 0.118645
vt 0.597233 0.347568
vt 0.600120 0.340223
vt 0.608543 0.343027
vt 0.600649 0.353127
vt 0.591078 0.356258
vt 0.589930 0.348473
vt 0.590283 0.339212
vt 0.978913 0.877608
vt 0.979304 0.872695
vt 0.987104 0.871675
vt 0.984852 0.877608
vt 0.788939 0.029652
vt 0.782828 0.030618
vt 0.783292 0.022599
vt 0.791160 0.024065
vt 0.038295 0.987044
vt 0.031843 0.988648
vt 0.032329 0.981731
vt 0.038295 0.980604
vt 0.844554 0.374479
vt 0.836980 0.374618
vt 0.837420 0.363794
vt 0.844691 0.364106
vt 0.031526 0.711414
vt 0.026549 0.702503
vt 0.032891 0.701837
vt 0.037601 0.710543
vt 0.584568 0.356607
vt 0.580989 0.350318
vt 0.807092 0.942226
vt 0.811477 0.943135
vt 0.811702 0.949021
vt 0.805654 0.948367
vt 0.805844 0.936623
vt 0.811702 0.936574
vt 0.528211 0.777010
vt 0.534908 0.778052
vt 0.189110 0.891518
vt 0.182930 0.890062
vt 0.091195 0.295372
vt 0.084326 0.295183
vt 0.083702 0.289239
vt 0.096292 0.291256
vt 0.875432 0.198524
vt 0.875239 0.187358
vt 0.882513 0.188343
vt 0.875239 0.207120
vt 0.061814 0.293276
vt 0.062319 0.287224
vt 0.396043 0.085372
vt 0.403208 0.083218
vt 0.407037 0.108330
vt 0.399373 0.108306
vt 0.138452 0.513886
vt 0.146416 0.516864
vt 0.143594 0.525906
vt 0.133857 0.517625
vt 0.971417 0.733059
vt 0.975162 0.738608
vt 0.965173 0.741167
vt 0.965173 0.732101
vt 0.806076 0.560690
vt 0.806225 0.554328
vt 0.814073 0.553990
vt 0.811318 0.563728
vt 0.783587 0.005444
vt 0.784044 0.013082
vt 0.775967 0.011504
vt 0.777717 0.002941
vt 0.788804 0.002941
vt 0.792461 0.013494
vt 0.035782 0.684394
vt 0.033253 0.691079
vt 0.026267 0.689293
vt 0.031707 0.679519
vt 0.041134 0.683303
vt 0.040183 0.691436
vt 0.039220 0.675937
vt 0.587711 0.320386
vt 0.593938 0.318925
vt 0.592763 0.329085
vt 0.583072 0.327602
vt 0.331393 0.240380
vt 0.328973 0.248293
vt 0.321681 0.247797
vt 0.324844 0.237502
vt 0.584675 0.315253
vt 0.592322 0.310989
vt 0.692170 0.580201
vt 0.696808 0.575555
vt 0.701546 0.584052
vt 0.692702 0.586400
vt 0.687084 0.575469
vt 0.690810 0.571246
vt 0.684166 0.582143
vt 0.769047 0.231706
vt 0.767137 0.239289
vt 0.759259 0.237378
vt 0.765540 0.226362
vt 0.175265 0.882005
vt 0.170644 0.878367
vt 0.174525 0.888546
vt 0.644423 0.411729
vt 0.643894 0.419862
vt 0.635464 0.418636
vt 0.639917 0.409233
vt 0.219844 0.961757
vt 0.213156 0.964031
vt 0.213156 0.953178
vt 0.221659 0.953021
vt 0.653268 0.411331
vt 0.653872 0.423206
vt 0.783223 0.662705
vt 0.785758 0.667974
vt 0.777638 0.668978
vt 0.777602 0.662321
vt 0.751594 0.140470
vt 0.756363 0.135295
vt 0.761196 0.144468
vt 0.753197 0.146221
vt 0.013076 0.977088
vt 0.011368 0.971118
vt 0.018596 0.967466
vt 0.018596 0.977361
vt 0.751594 0.160501
vt 0.753130 0.153709
vt 0.761843 0.155056
vt 0.757878 0.165696
vt 0.786871 0.682395
vt 0.781546 0.686599
vt 0.778462 0.677334
vt 0.787057 0.675350
vt 0.340673 0.883533
vt 0.347455 0.880894
vt 0.349403 0.891820
vt 0.341063 0.890667
vt 0.644140 0.428457
vt 0.649872 0.433639
vt 0.643171 0.439878
vt 0.636695 0.430874
vt 0.965173 0.596948
vt 0.967910 0.591876
vt 0.975445 0.592531
vt 0.973353 0.596948
vt 0.348494 0.898722
vt 0.340673 0.898106
vt 0.649945 0.443058
vt 0.655429 0.439775
vt 0.804626 0.398705
vt 0.797306 0.399832
vt 0.798743 0.386114
vt 0.808670 0.387617
vt 0.770476 0.689255
vt 0.763902 0.679483
vt 0.770548 0.679147
vt 0.775230 0.689801
vt 0.763902 0.668103
vt 0.771106 0.668278
vt 0.566120 0.976717
vt 0.557255 0.976717
vt 0.561024 0.967466
vt 0.565896 0.971403
vt 0.641613 0.584957
vt 0.639894 0.575470
vt 0.645806 0.571767
vt 0.650191 0.580082
vt 0.806653 0.376692
vt 0.797306 0.373305
vt 0.720419 0.590743
vt 0.714550 0.590068
vt 0.713023 0.582830
vt 0.720419 0.582794
vt 0.607014 0.493487
vt 0.605467 0.485728
vt 0.612834 0.484686
vt 0.614600 0.491603
vt 0.862365 0.470481
vt 0.861255 0.462753
vt 0.867953 0.463555
vt 0.867093 0.473675
vt 0.659758 0.405023
vt 0.662785 0.413321
vt 0.649840 0.403944
vt 0.553262 0.841522
vt 0.560126 0.844719
vt 0.558296 0.850848
vt 0.551338 0.850375
vt 0.733026 0.793524
vt 0.723995 0.793486
vt 0.724273 0.785056
vt 0.733026 0.784704
vt 0.634847 0.568557
vt 0.643016 0.565287
vt 0.288893 0.911330
vt 0.285141 0.910882
vt 0.285846 0.901175
vt 0.288809 0.905644
vt 0.294908 0.904504
vt 0.295372 0.911330
vt 0.860462 0.452921
vt 0.868105 0.452921
vt 0.978913 0.199019
vt 0.978988 0.194964
vt 0.987609 0.195019
vt 0.987830 0.199019
vt 0.857298 0.455665
vt 0.848247 0.452228
vt 0.849221 0.445583
vt 0.857298 0.448643
vt 0.225794 0.931445
vt 0.225794 0.924437
vt 0.231233 0.925473
vt 0.229848 0.933314
vt 0.545150 0.958919
vt 0.545039 0.953021
vt 0.552673 0.954123
vt 0.552673 0.963838
vt 0.652265 0.570983
vt 0.653322 0.565388
vt 0.661428 0.571820
vt 0.656744 0.576273
vt 0.248811 0.953021
vt 0.248469 0.963531
vt 0.242971 0.964118
vt 0.242971 0.954260
vt 0.799306 0.847313
vt 0.803139 0.849095
vt 0.805068 0.857591
vt 0.797664 0.858972
vt 0.725366 0.767302
vt 0.725359 0.776180
vt 0.715829 0.777531
vt 0.719760 0.767074
vt 0.471874 0.876522
vt 0.467792 0.878911
vt 0.468091 0.868656
vt 0.471824 0.867711
vt 0.796034 0.026588
vt 0.798582 0.017827
vt 0.805990 0.018876
vt 0.806327 0.028817
vt 0.742947 0.622248
vt 0.742795 0.626456
vt 0.730999 0.628406
vt 0.728633 0.619349
vt 0.743698 0.617516
vt 0.750033 0.623427
vt 0.974160 0.079040
vt 0.975686 0.085332
vt 0.965173 0.085332
vt 0.967196 0.079080
vt 0.595186 0.444844
vt 0.590558 0.450099
vt 0.585238 0.440485
vt 0.595052 0.436996
vt 0.603304 0.446115
vt 0.599429 0.453958
vt 0.605152 0.434628
vt 0.542697 0.497089
vt 0.535728 0.493086
vt 0.540427 0.486944
vt 0.546819 0.492218
vt 0.810749 0.987993
vt 0.809593 0.980604
vt 0.814428 0.980604
vt 0.813522 0.984692
vt 0.254913 0.588942
vt 0.253459 0.583862
vt 0.261661 0.582703
vt 0.262855 0.588663
vt 0.550526 0.494695
vt 0.553043 0.484304
vt 0.557590 0.488405
vt 0.092806 0.767246
vt 0.089623 0.758018
vt 0.096245 0.757578
vt 0.099058 0.766451
vt 0.303096 0.373930
vt 0.300557 0.381014
vt 0.306714 0.362910
vt 0.310497 0.371947
vt 0.311452 0.381822
vt 0.901347 0.539222
vt 0.902324 0.549948
vt 0.896247 0.548558
vt 0.896398 0.541483
vt 0.328003 0.953038
vt 0.335320 0.953021
vt 0.333309 0.963548
vt 0.328003 0.964006
vt 0.343261 0.981328
vt 0.349282 0.980604
vt 0.349282 0.986356
vt 0.342594 0.988401
vt 0.987475 0.430290
vt 0.978913 0.430290
vt 0.979894 0.423016
vt 0.985553 0.422661
vt 0.115267 0.895120
vt 0.110058 0.892037
vt 0.109641 0.884364
vt 0.115267 0.886590
vt 0.866699 0.202488
vt 0.867570 0.205864
vt 0.862383 0.210723
vt 0.860684 0.202991
vt 0.721951 0.041279
vt 0.730652 0.034690
vt 0.733049 0.041426
vt 0.723169 0.045939
vt 0.860684 0.189881
vt 0.868105 0.192374
vt 0.329192 0.658225
vt 0.329550 0.650841
vt 0.341151 0.653627
vt 0.339975 0.662785
vt 0.986247 0.546340
vt 0.987401 0.551989
vt 0.979958 0.551989
vt 0.978913 0.545472
vt 0.288822 0.792461
vt 0.289448 0.780842
vt 0.297173 0.780786
vt 0.294794 0.792036
vt 0.655828 0.605152
vt 0.644874 0.600754
vt 0.651393 0.594324
vt 0.661317 0.600127
vt 0.902324 0.556524
vt 0.895443 0.555411
vt 0.388466 0.637571
vt 0.386114 0.631528
vt 0.393035 0.629671
vt 0.396113 0.635892
vt 0.751290 0.605509
vt 0.749633 0.610168
vt 0.744879 0.611720
vt 0.744774 0.605127
vt 0.991178 0.545762
vt 0.991323 0.542020
vt 0.997359 0.540059
vt 0.995021 0.545762
vt 0.653610 0.041424
vt 0.649585 0.036702
vt 0.658846 0.033326
vt 0.662904 0.039660
vt 0.100763 0.932988
vt 0.096182 0.933323
vt 0.095427 0.926509
vt 0.101665 0.926714
vt 0.965173 0.724841
vt 0.975313 0.722904
vt 0.975313 0.729025
vt 0.965798 0.728889
vt 0.595091 0.459267
vt 0.586144 0.455181
vt 0.754639 0.613763
vt 0.749549 0.619368
vt 0.132480 0.936574
vt 0.137609 0.938956
vt 0.138103 0.949551
vt 0.127661 0.949551
vt 0.178274 0.800018
vt 0.181310 0.813788
vt 0.174770 0.814878
vt 0.174440 0.803983
vt 0.849523 0.743396
vt 0.849788 0.733463
vt 0.854101 0.733762
vt 0.855366 0.743832
vt 0.975218 0.790885
vt 0.968943 0.790402
vt 0.965173 0.784984
vt 0.975218 0.783711
vt 0.754639 0.629314
vt 0.745301 0.633369
vt 0.660678 0.582186
vt 0.657487 0.587845
vt 0.666387 0.580453
vt 0.666275 0.591290
vt 0.044900 0.698898
vt 0.047110 0.691487
vt 0.054031 0.691843
vt 0.050188 0.702753
vt 0.044132 0.708416
vt 0.039514 0.700669
vt 0.052230 0.123981
vt 0.046796 0.135103
vt 0.037443 0.134329
vt 0.039084 0.120520
vt 0.029361 0.953021
vt 0.029361 0.964227
vt 0.022733 0.962653
vt 0.021883 0.956835
vt 0.961265 0.060011
vt 0.961825 0.068672
vt 0.949845 0.068672
vt 0.951507 0.059601
vt 0.358408 0.274402
vt 0.357757 0.286235
vt 0.352097 0.284272
vt 0.347728 0.274402
vt 0.824879 0.788858
vt 0.819611 0.779578
vt 0.819699 0.769840
vt 0.824186 0.774351
vt 0.047992 0.170458
vt 0.059435 0.172138
vt 0.057265 0.198851
vt 0.046813 0.199618
vt 0.054142 0.156095
vt 0.059271 0.157866
vt 0.478642 0.365220
vt 0.479078 0.394334
vt 0.467621 0.394230
vt 0.467408 0.370266
vt 0.214482 0.580670
vt 0.212453 0.563383
vt 0.225975 0.563589
vt 0.228733 0.581738
vt 0.147817 0.063006
vt 0.132065 0.060610
vt 0.134873 0.038518
vt 0.145512 0.037841
vt 0.149068 0.171407
vt 0.143200 0.145326
vt 0.155780 0.144270
vt 0.163128 0.169887
vt 0.167497 0.179750
vt 0.158905 0.181849
vt 0.153659 0.186492
vt 0.921848 0.786544
vt 0.913320 0.791621
vt 0.912605 0.784863
vt 0.921993 0.778080
vt 0.417616 0.026125
vt 0.927931 0.781325
vt 0.927811 0.791621
vt 0.037681 0.839073
vt 0.037822 0.851930
vt 0.028115 0.860900
vt 0.028357 0.852731
vt 0.020255 0.853077
vt 0.022339 0.841696
vt 0.019402 0.860900
vt 0.964595 0.987735
vt 0.964150 0.982006
vt 0.969818 0.980604
vt 0.969818 0.987772
vt 0.660342 0.963832
vt 0.655247 0.963832
vt 0.654238 0.954342
vt 0.660546 0.953021
vt 0.962015 0.046878
vt 0.949845 0.046878
vt 0.953333 0.040407
vt 0.961104 0.041738
vt 0.432395 0.041448
vt 0.423600 0.031902
vt 0.435853 0.036466
vt 0.985867 0.466984
vt 0.980856 0.466868
vt 0.978913 0.459914
vt 0.987467 0.459914
vt 0.435536 0.047502
vt 0.972042 0.325310
vt 0.975518 0.331815
vt 0.966397 0.331685
vt 0.965173 0.325310
vt 0.751036 0.353691
vt 0.749259 0.361107
vt 0.741912 0.361472
vt 0.746153 0.352417
vt 0.912605 0.620557
vt 0.914276 0.609614
vt 0.919483 0.614211
vt 0.919613 0.621672
vt 0.975312 0.868511
vt 0.974195 0.872618
vt 0.965263 0.872724
vt 0.965173 0.868511
vt 0.363943 0.894349
vt 0.360299 0.887766
vt 0.369806 0.886786
vt 0.371016 0.896513
vt 0.369053 0.904125
vt 0.360299 0.901455
vt 0.751036 0.379746
vt 0.743954 0.383623
vt 0.741012 0.372077
vt 0.749973 0.371522
vt 0.925964 0.609614
vt 0.928233 0.618893
vt 0.832236 0.143392
vt 0.838211 0.140433
vt 0.841089 0.153087
vt 0.832515 0.151977
vt 0.895120 0.530051
vt 0.889674 0.525852
vt 0.893075 0.518918
vt 0.895120 0.520927
vt 0.893984 0.536712
vt 0.890655 0.535036
vt 0.207585 0.745458
vt 0.216126 0.750010
vt 0.210439 0.757099
vt 0.207384 0.752211
vt 0.201489 0.759725
vt 0.203473 0.751007
vt 0.987289 0.740144
vt 0.979594 0.740144
vt 0.978913 0.733921
vt 0.982527 0.733999
vt 0.586345 0.976748
vt 0.578785 0.976771
vt 0.579482 0.970413
vt 0.586345 0.967466
vt 0.840059 0.163895
vt 0.832236 0.163139
vt 0.673986 0.847918
vt 0.670315 0.837472
vt 0.677502 0.837765
vt 0.678995 0.848293
vt 0.941789 0.976406
vt 0.933336 0.976392
vt 0.933336 0.967466
vt 0.939441 0.967641
vt 0.946174 0.331695
vt 0.940728 0.330345
vt 0.939946 0.324390
vt 0.946174 0.323928
vt 0.682156 0.775710
vt 0.682597 0.782728
vt 0.674270 0.780307
vt 0.674779 0.773949
vt 0.672980 0.768738
vt 0.682597 0.770241
vt 0.894737 0.953021
vt 0.895529 0.955269
vt 0.895529 0.963774
vt 0.891849 0.959344
vt 0.301411 0.970845
vt 0.300307 0.970027
vt 0.297079 0.977189
vt 0.297079 0.967466
vt 0.802958 0.957063
vt 0.808631 0.953892
vt 0.809936 0.963113
vt 0.802301 0.963568
vt 0.520979 0.936574
vt 0.520979 0.949309
vt 0.514351 0.948582
vt 0.513752 0.938939
vt 0.620969 0.936574
vt 0.628149 0.940304
vt 0.628103 0.949007
vt 0.620969 0.949135
vt 0.328255 0.974121
vt 0.328282 0.968348
vt 0.335304 0.967466
vt 0.335304 0.977018
vt 0.935906 0.331076
vt 0.932349 0.325407
vt 0.914136 0.194206
vt 0.912604 0.188654
vt 0.919748 0.189389
vt 0.919943 0.194722
vt 0.106502 0.861721
vt 0.107627 0.871707
vt 0.101974 0.870995
vt 0.103271 0.861281
vt 0.925910 0.188654
vt 0.929053 0.189711
vt 0.669625 0.790748
vt 0.672003 0.786111
vt 0.679774 0.790832
vt 0.672187 0.794721
vt 0.666334 0.796063
vt 0.664805 0.791437
vt 0.664090 0.783316
vt 0.842822 0.577980
vt 0.843116 0.570287
vt 0.851895 0.569781
vt 0.848742 0.581738
vt 0.216126 0.769330
vt 0.212320 0.774450
vt 0.205267 0.768173
vt 0.213643 0.763066
vt 0.354218 0.292518
vt 0.356328 0.293571
vt 0.669691 0.773826
vt 0.667837 0.778347
vt 0.242098 0.980604
vt 0.245442 0.981085
vt 0.245442 0.988629
vt 0.243070 0.986923
vt 0.997600 0.465765
vt 0.991178 0.465765
vt 0.993876 0.461625
vt 0.994153 0.462159
vt 0.093700 0.864444
vt 0.094250 0.858206
vt 0.103851 0.852970
vt 0.095147 0.871707
vt 0.113466 0.851343
vt 0.112460 0.858877
vt 0.991398 0.813807
vt 0.996176 0.813680
vt 0.996491 0.818503
vt 0.991178 0.818503
vt 0.011835 0.988459
vt 0.011194 0.980604
vt 0.018600 0.980604
vt 0.017030 0.988625
vt 0.932349 0.123660
vt 0.937141 0.123439
vt 0.939335 0.132247
vt 0.932349 0.131165
vt 0.515961 0.932915
vt 0.514948 0.926673
vt 0.520060 0.925373
vt 0.520900 0.930498
vt 0.743625 0.176503
vt 0.734141 0.172213
vt 0.738841 0.167982
vt 0.745633 0.170064
vt 0.049804 0.977347
vt 0.042610 0.976991
vt 0.043476 0.969003
vt 0.049804 0.967466
vt 0.322098 0.988474
vt 0.316403 0.987861
vt 0.316403 0.980604
vt 0.320745 0.982817
vt 0.694169 0.160580
vt 0.686376 0.163895
vt 0.687557 0.153894
vt 0.697005 0.151480
vt 0.884511 0.439455
vt 0.878414 0.438110
vt 0.878938 0.431421
vt 0.887916 0.431695
vt 0.965173 0.793961
vt 0.974115 0.793961
vt 0.975242 0.800529
vt 0.965870 0.800217
vt 0.410314 0.846492
vt 0.403118 0.844638
vt 0.404796 0.834379
vt 0.412440 0.834055
vt 0.048628 0.896081
vt 0.037383 0.898722
vt 0.037383 0.889920
vt 0.048396 0.890431
vt 0.514398 0.918008
vt 0.520900 0.918076
vt 0.942449 0.124796
vt 0.946363 0.130854
vt 0.729471 0.161853
vt 0.736507 0.161199
vt 0.745633 0.159789
vt 0.487032 0.823441
vt 0.477119 0.824879
vt 0.478393 0.817932
vt 0.488084 0.816706
vt 0.473166 0.812501
vt 0.483769 0.806971
vt 0.466533 0.819886
vt 0.046256 0.882762
vt 0.038925 0.880656
vt 0.037966 0.043849
vt 0.038995 0.035684
vt 0.046827 0.035509
vt 0.043939 0.046827
vt 0.679600 0.154316
vt 0.675988 0.146806
vt 0.685928 0.143197
vt 0.674335 0.160794
vt 0.665677 0.149328
vt 0.992734 0.500822
vt 0.991178 0.499350
vt 0.995523 0.496610
vt 0.997428 0.500822
vt 0.739162 0.145571
vt 0.736666 0.151799
vt 0.731489 0.151217
vt 0.735054 0.144721
vt 0.026533 0.104740
vt 0.036485 0.105998
vt 0.037803 0.111306
vt 0.029616 0.106814
vt 0.997112 0.695498
vt 0.994990 0.697877
vt 0.991178 0.697744
vt 0.992230 0.695498
vt 0.018800 0.864949
vt 0.022835 0.866462
vt 0.023178 0.870073
vt 0.016948 0.870879
vt 0.029361 0.118897
vt 0.029726 0.133144
vt 0.991300 0.495147
vt 0.994433 0.494861
vt 0.025664 0.881544
vt 0.016948 0.884314
vt 0.405111 0.823303
vt 0.403118 0.824218
vt 0.949845 0.101164
vt 0.961960 0.101164
vt 0.959752 0.106293
vt 0.950619 0.104272
vt 0.965803 0.371510
vt 0.965173 0.367574
vt 0.975407 0.367574
vt 0.974537 0.375867
vt 0.994864 0.589826
vt 0.997299 0.595104
vt 0.991178 0.595104
vt 0.991983 0.592662
vt 0.037966 0.019953
vt 0.040724 0.019107
vt 0.044704 0.024932
vt 0.039716 0.025560
vt 0.737850 0.889717
vt 0.732558 0.888262
vt 0.735979 0.885372
vt 0.742763 0.886180
vt 0.697674 0.674694
vt 0.704236 0.675610
vt 0.707811 0.686926
vt 0.700997 0.686187
vt 0.793308 0.741326
vt 0.802236 0.738615
vt 0.805068 0.750719
vt 0.793742 0.749882
vt 0.323881 0.827073
vt 0.327791 0.834502
vt 0.318871 0.835938
vt 0.316726 0.825133
vt 0.741988 0.870746
vt 0.743832 0.878657
vt 0.735238 0.880129
vt 0.732558 0.871401
vt 0.676735 0.127603
vt 0.674175 0.136862
vt 0.665677 0.136419
vt 0.669657 0.128030
vt 0.892404 0.173924
vt 0.895120 0.180831
vt 0.889012 0.183707
vt 0.886722 0.173324
vt 0.577965 0.413321
vt 0.583433 0.412126
vt 0.583753 0.420534
vt 0.575291 0.420281
vt 0.888814 0.165735
vt 0.895120 0.169344
vt 0.366800 0.830728
vt 0.371248 0.842890
vt 0.364545 0.836946
vt 0.363306 0.829665
vt 0.932349 0.310530
vt 0.933148 0.305778
vt 0.946262 0.304388
vt 0.945377 0.310530
vt 0.978913 0.676834
vt 0.982087 0.673653
vt 0.984029 0.672439
vt 0.987411 0.676834
vt 0.365394 0.822572
vt 0.367444 0.819606
vt 0.372817 0.828971
vt 0.360547 0.821289
vt 0.356910 0.829859
vt 0.355001 0.822781
vt 0.992807 0.757382
vt 0.991178 0.754376
vt 0.996843 0.754376
vt 0.996257 0.755615
vt 0.987331 0.580325
vt 0.978913 0.581976
vt 0.978913 0.574664
vt 0.983070 0.577041
vt 0.825003 0.967466
vt 0.829470 0.969739
vt 0.830662 0.976663
vt 0.825003 0.974913
vt 0.912605 0.654138
vt 0.920460 0.647084
vt 0.921259 0.653529
vt 0.919751 0.653057
vt 0.621355 0.463914
vt 0.619122 0.470878
vt 0.613900 0.470082
vt 0.617002 0.462813
vt 0.987706 0.185265
vt 0.987495 0.191888
vt 0.979567 0.188942
vt 0.978913 0.185265
vt 0.997908 0.045646
vt 0.998163 0.052485
vt 0.991178 0.052485
vt 0.991922 0.047979
vt 0.258859 0.225713
vt 0.266555 0.230502
vt 0.262956 0.233309
vt 0.257768 0.233439
vt 0.929086 0.040417
vt 0.927550 0.048723
vt 0.919525 0.047997
vt 0.921399 0.040874
vt 0.809431 0.538490
vt 0.812018 0.545170
vt 0.804997 0.545824
vt 0.804699 0.537512
vt 0.581266 0.866095
vt 0.587141 0.867159
vt 0.587116 0.874180
vt 0.580333 0.873313
vt 0.580558 0.862712
vt 0.586822 0.862868
vt 0.912604 0.119363
vt 0.913110 0.113373
vt 0.920538 0.112633
vt 0.919615 0.118949
vt 0.050845 0.676522
vt 0.054031 0.682554
vt 0.047564 0.683122
vt 0.046310 0.675979
vt 0.291111 0.894731
vt 0.292172 0.899859
vt 0.928343 0.647076
vt 0.925611 0.654138
vt 0.622846 0.472562
vt 0.623162 0.476599
vt 0.618655 0.476836
vt 0.734936 0.635769
vt 0.312065 0.792021
vt 0.322173 0.801556
vt 0.318590 0.806868
vt 0.312801 0.800277
vt 0.767876 0.015806
vt 0.767913 0.010062
vt 0.774886 0.020187
vt 0.729554 0.932669
vt 0.729554 0.918008
vt 0.733079 0.923450
vt 0.733895 0.932233
vt 0.202072 0.833885
vt 0.202072 0.822897
vt 0.204005 0.824910
vt 0.205240 0.829179
vt 0.929002 0.112141
vt 0.929002 0.120348
vt 0.207171 0.817074
vt 0.210976 0.818891
vt 0.002291 0.320509
vt 0.021443 0.320371
vt 0.019795 0.334825
vt 0.003557 0.334038
vt 0.943623 0.871881
vt 0.942584 0.872923
vt 0.932349 0.859982
vt 0.945465 0.859982
vt 0.181945 0.251650
vt 0.186223 0.262769
vt 0.173550 0.265519
vt 0.174271 0.255468
vt 0.525906 0.449414
vt 0.521863 0.454531
vt 0.517489 0.447242
vt 0.524289 0.444682
vt 0.991973 0.007922
vt 0.991178 0.001538
vt 0.998292 0.001882
vt 0.998292 0.007482
vt 0.218953 0.810611
vt 0.221529 0.826439
vt 0.205453 0.809664
vt 0.265042 0.237825
vt 0.257082 0.239982
vt 0.933687 0.398850
vt 0.932349 0.395351
vt 0.940469 0.394213
vt 0.939227 0.399063
vt 0.386934 0.601398
vt 0.394778 0.602117
vt 0.389400 0.609566
vt 0.386114 0.609617
vt 0.912605 0.048723
vt 0.913898 0.041828
vt 0.358805 0.837025
vt 0.613614 0.457785
vt 0.617513 0.452008
vt 0.623162 0.455854
vt 0.936094 0.011311
vt 0.940540 0.009963
vt 0.936221 0.015068
vt 0.932349 0.015568
vt 0.965173 0.197519
vt 0.966552 0.195275
vt 0.975731 0.195275
vt 0.973887 0.199170
vt 0.853255 0.434055
vt 0.856208 0.442518
vt 0.852038 0.441226
vt 0.850880 0.436755
vt 0.273635 0.955770
vt 0.273635 0.953021
vt 0.280699 0.955619
vt 0.277689 0.958320
vt 0.280634 0.963319
vt 0.277544 0.964054
vt 0.958428 0.347897
vt 0.958228 0.343309
vt 0.961800 0.342359
vt 0.961220 0.347897
vt 0.606502 0.455749
vt 0.613295 0.448269
vt 0.949845 0.347884
vt 0.951512 0.343150
vt 0.613231 0.462730
vt 0.608704 0.468146
vt 0.602319 0.465087
vt 0.603342 0.460830
vt 0.756498 0.983620
vt 0.758123 0.980604
vt 0.760098 0.981027
vt 0.760098 0.988138
vt 0.946595 0.008473
vt 0.945400 0.015568
vt 0.666416 0.983622
vt 0.666932 0.988203
vt 0.662431 0.987165
vt 0.662431 0.980604
vt 0.978913 0.175682
vt 0.986166 0.176710
vt 0.987713 0.182189
vt 0.981796 0.182189
vt 0.713608 0.573635
vt 0.719141 0.573552
vt 0.437654 0.896110
vt 0.432161 0.897006
vt 0.431256 0.884938
vt 0.437232 0.884938
vt 0.601390 0.475165
vt 0.606145 0.476451
vt 0.313875 0.810994
vt 0.319121 0.817675
vt 0.312065 0.817245
vt 0.662383 0.025026
vt 0.656501 0.026231
vt 0.660125 0.016374
vt 0.666347 0.020494
vt 0.655547 0.003164
vt 0.663250 0.002477
vt 0.666387 0.009928
vt 0.646479 0.016900
vt 0.646271 0.002358
vt 0.646271 0.027948
vt 0.919228 0.363329
vt 0.916279 0.353743
vt 0.923548 0.356694
vt 0.923136 0.363037
vt 0.391748 0.987102
vt 0.388242 0.988460
vt 0.388242 0.980604
vt 0.392260 0.981423
vt 0.961644 0.186986
vt 0.953587 0.194661
vt 0.949845 0.186494
vt 0.957136 0.184660
vt 0.402434 0.598595
vt 0.403467 0.604332
vt 0.395242 0.606146
vt 0.393210 0.607399
vt 0.412633 0.602580
vt 0.409867 0.595975
vt 0.413870 0.611419
vt 0.402654 0.610220
vt 0.884985 0.280324
vt 0.891518 0.283387
vt 0.891118 0.290895
vt 0.884985 0.289308
vt 0.667653 0.235937
vt 0.664180 0.227487
vt 0.667898 0.225728
vt 0.673591 0.230910
vt 0.416687 0.594052
vt 0.417843 0.595227
vt 0.396016 0.609097
vt 0.914508 0.363583
vt 0.912605 0.355515
vt 0.729064 0.605033
vt 0.737220 0.604446
vt 0.738104 0.612932
vt 0.732098 0.612557
vt 0.796034 0.003772
vt 0.804120 0.002110
vt 0.806869 0.007419
vt 0.799133 0.009328
vt 0.945426 0.395244
vt 0.946250 0.399063
vt 0.521291 0.437974
vt 0.514622 0.440239
vt 0.511668 0.433488
vt 0.517712 0.432247
vt 0.216973 0.296054
vt 0.219728 0.306866
vt 0.209614 0.309780
vt 0.209614 0.291774
vt 0.174903 0.273435
vt 0.185863 0.273501
vt 0.168131 0.277361
vt 0.164454 0.268992
vt 0.743555 0.552921
vt 0.737343 0.548537
vt 0.749235 0.545786
vt 0.467792 0.861323
vt 0.471136 0.859237
vt 0.266555 0.244942
vt 0.260286 0.244853
vt 0.849523 0.721914
vt 0.855497 0.725976
vt 0.387385 0.620979
vt 0.395258 0.619235
vt 0.403432 0.625631
vt 0.160732 0.726614
vt 0.148642 0.722683
vt 0.157436 0.718060
vt 0.167196 0.716291
vt 0.167497 0.728809
vt 0.886054 0.297688
vt 0.888567 0.298974
vt 0.666494 0.111919
vt 0.675036 0.112800
vt 0.675392 0.124272
vt 0.667609 0.124057
vt 0.668407 0.102752
vt 0.675392 0.102955
vt 0.920585 0.223921
vt 0.926007 0.221611
vt 0.929038 0.226399
vt 0.919102 0.227657
vt 0.912604 0.224875
vt 0.916216 0.221611
vt 0.463835 0.982382
vt 0.465796 0.986770
vt 0.458229 0.988252
vt 0.458229 0.980604
vt 0.259301 0.964037
vt 0.251887 0.959438
vt 0.255196 0.953021
vt 0.259301 0.953105
vt 0.412086 0.964015
vt 0.412086 0.953021
vt 0.416320 0.953569
vt 0.417554 0.960795
vt 0.266071 0.561299
vt 0.273957 0.561188
vt 0.275788 0.569021
vt 0.268119 0.571752
vt 0.259335 0.573787
vt 0.257870 0.564231
vt 0.417842 0.618588
vt 0.401890 0.614724
vt 0.739069 0.981182
vt 0.742300 0.980604
vt 0.743320 0.985214
vt 0.739069 0.988131
vt 0.529544 0.466896
vt 0.521559 0.469489
vt 0.521946 0.462785
vt 0.526309 0.457258
vt 0.595118 0.865877
vt 0.597948 0.873127
vt 0.592536 0.872407
vt 0.592926 0.865291
vt 0.529621 0.473302
vt 0.523641 0.477523
vt 0.922560 0.052810
vt 0.920652 0.059394
vt 0.912605 0.059139
vt 0.916016 0.051799
vt 0.929088 0.051799
vt 0.928933 0.057576
vt 0.281636 0.566841
vt 0.286161 0.572755
vt 0.279857 0.577563
vt 0.282405 0.561251
vt 0.289285 0.564665
vt 0.772649 0.828481
vt 0.767922 0.828078
vt 0.549319 0.890545
vt 0.548099 0.902830
vt 0.538141 0.907728
vt 0.538141 0.893930
vt 0.162155 0.626527
vt 0.171956 0.625291
vt 0.171247 0.636899
vt 0.165091 0.641173
vt 0.163819 0.613124
vt 0.173543 0.612520
vt 0.987407 0.502612
vt 0.986210 0.509864
vt 0.978913 0.509864
vt 0.979072 0.503529
vt 0.552667 0.455972
vt 0.553166 0.449143
vt 0.558269 0.445740
vt 0.558325 0.457031
vt 0.165907 0.607554
vt 0.169102 0.604089
vt 0.553512 0.462161
vt 0.544698 0.460432
vt 0.545408 0.453864
vt 0.468947 0.788263
vt 0.475028 0.784559
vt 0.478610 0.786883
vt 0.474138 0.792174
vt 0.468049 0.797864
vt 0.464913 0.796457
vt 0.850917 0.976390
vt 0.850641 0.967466
vt 0.858183 0.968227
vt 0.858183 0.976531
vt 0.383088 0.863262
vt 0.389026 0.856638
vt 0.386987 0.868105
vt 0.637048 0.626764
vt 0.644790 0.624294
vt 0.973560 0.503094
vt 0.975341 0.511517
vt 0.965173 0.511480
vt 0.965173 0.503731
vt 0.181807 0.615309
vt 0.180792 0.626187
vt 0.173343 0.598557
vt 0.179636 0.603073
vt 0.184137 0.606728
vt 0.280923 0.540962
vt 0.282558 0.544792
vt 0.274437 0.545570
vt 0.273966 0.540623
vt 0.482898 0.780980
vt 0.477671 0.778938
vt 0.481980 0.771876
vt 0.484482 0.779830
vt 0.541494 0.444417
vt 0.546322 0.447244
vt 0.539768 0.450825
vt 0.804739 0.456139
vt 0.805068 0.462852
vt 0.800420 0.462357
vt 0.798892 0.455956
vt 0.471704 0.776322
vt 0.473655 0.770227
vt 0.913842 0.754355
vt 0.920619 0.754351
vt 0.920396 0.764520
vt 0.912605 0.764520
vt 0.901467 0.659244
vt 0.907226 0.656784
vt 0.907728 0.665410
vt 0.901467 0.666065
vt 0.669479 0.954221
vt 0.669479 0.963850
vt 0.664855 0.959371
vt 0.663621 0.953021
vt 0.785256 0.250760
vt 0.781402 0.257528
vt 0.775719 0.254892
vt 0.779109 0.247159
vt 0.900041 0.019029
vt 0.906680 0.019935
vt 0.907728 0.027650
vt 0.900406 0.026860
vt 0.040613 0.953047
vt 0.040750 0.964184
vt 0.032437 0.962065
vt 0.032437 0.953021
vt 0.164363 0.884988
vt 0.163010 0.892177
vt 0.152478 0.896188
vt 0.153199 0.884988
vt 0.949845 0.759175
vt 0.953133 0.753656
vt 0.961359 0.753656
vt 0.956357 0.759310
vt 0.169298 0.896517
vt 0.161990 0.902324
vt 0.238518 0.884771
vt 0.239539 0.892672
vt 0.233710 0.892906
vt 0.234503 0.885269
vt 0.488011 0.765144
vt 0.488350 0.757871
vt 0.495971 0.759595
vt 0.494917 0.768771
vt 0.892739 0.250346
vt 0.888771 0.249050
vt 0.889805 0.242742
vt 0.895120 0.243471
vt 0.673591 0.204338
vt 0.671409 0.211707
vt 0.665094 0.208717
vt 0.669075 0.200146
vt 0.833748 0.967466
vt 0.837440 0.967466
vt 0.839210 0.974464
vt 0.833738 0.976659
vt 0.782108 0.715265
vt 0.786490 0.716817
vt 0.349308 0.372692
vt 0.349141 0.368449
vt 0.359593 0.368566
vt 0.356879 0.374778
vt 0.342860 0.368451
vt 0.345154 0.363206
vt 0.835756 0.873380
vt 0.839288 0.881955
vt 0.823962 0.953021
vt 0.828457 0.954681
vt 0.829906 0.963722
vt 0.823962 0.963502
vt 0.320615 0.510882
vt 0.327607 0.521307
vt 0.322429 0.521522
vt 0.318806 0.513164
vt 0.829951 0.325025
vt 0.832084 0.325716
vt 0.832084 0.338311
vt 0.825756 0.337744
vt 0.387371 0.847239
vt 0.002209 0.694252
vt 0.008895 0.697874
vt 0.010502 0.706393
vt 0.003314 0.706037
vt 0.978913 0.448337
vt 0.982728 0.443738
vt 0.984928 0.444862
vt 0.987610 0.448337
vt 0.822941 0.889132
vt 0.826826 0.890410
vt 0.013377 0.693671
vt 0.018138 0.704496
vt 0.439820 0.988380
vt 0.439820 0.980604
vt 0.444978 0.982914
vt 0.444384 0.985965
vt 0.229317 0.756440
vt 0.225268 0.755718
vt 0.881764 0.980604
vt 0.888602 0.982223
vt 0.885175 0.986709
vt 0.881764 0.987830
vt 0.225268 0.744407
vt 0.818423 0.430361
vt 0.813179 0.423182
vt 0.822357 0.420500
vt 0.823078 0.430450
vt 0.598950 0.043943
vt 0.601284 0.040575
vt 0.606467 0.044420
vt 0.601889 0.047918
vt 0.695397 0.801464
vt 0.687453 0.806869
vt 0.689263 0.794969
vt 0.695612 0.792760
vt 0.806623 0.419126
vt 0.811853 0.413517
vt 0.318685 0.779347
vt 0.319029 0.772560
vt 0.326765 0.775511
vt 0.324654 0.783495
vt 0.322215 0.791002
vt 0.313145 0.783268
vt 0.313145 0.772984
vt 0.271344 0.829652
vt 0.273501 0.837728
vt 0.264907 0.838472
vt 0.264907 0.828218
vt 0.274393 0.825375
vt 0.280963 0.833578
vt 0.352679 0.987337
vt 0.352358 0.980604
vt 0.357835 0.981553
vt 0.357835 0.988440
vt 0.280689 0.845528
vt 0.274332 0.848293
vt 0.148005 0.862701
vt 0.144779 0.852101
vt 0.151340 0.850499
vt 0.154890 0.861246
vt 0.471191 0.963917
vt 0.464914 0.962470
vt 0.464914 0.953021
vt 0.471580 0.957731
vt 0.331372 0.794262
vt 0.331393 0.787277
vt 0.987760 0.065913
vt 0.982334 0.065291
vt 0.978913 0.058944
vt 0.987760 0.057335
vt 0.515319 0.415310
vt 0.522731 0.417281
vt 0.522584 0.425157
vt 0.516056 0.424216
vt 0.675226 0.092670
vt 0.668951 0.093944
vt 0.667768 0.086201
vt 0.670420 0.086069
vt 0.520128 0.408520
vt 0.522596 0.410219
vt 0.508428 0.425693
vt 0.506028 0.418889
vt 0.371016 0.376968
vt 0.367957 0.381822
vt 0.815515 0.406302
vt 0.823078 0.405970
vt 0.321866 0.766645
vt 0.329678 0.771560
vt 0.765186 0.976038
vt 0.758662 0.976608
vt 0.757883 0.967466
vt 0.765548 0.967466
vt 0.847565 0.967466
vt 0.847524 0.974118
vt 0.842286 0.976660
vt 0.842286 0.970370
vt 0.522062 0.401463
vt 0.525906 0.400344
vt 0.667242 0.220138
vt 0.664115 0.218671
vt 0.233710 0.902324
vt 0.237362 0.902045
vt 0.504293 0.772649
vt 0.504293 0.760019
vt 0.739998 0.953021
vt 0.744286 0.955491
vt 0.742422 0.963854
vt 0.739998 0.963740
vt 0.961708 0.460460
vt 0.949845 0.460460
vt 0.951332 0.456280
vt 0.960943 0.455643
vt 0.979357 0.948533
vt 0.987123 0.948533
vt 0.987091 0.949646
vt 0.978913 0.952540
vt 0.991178 0.225508
vt 0.991178 0.221141
vt 0.996012 0.220530
vt 0.998028 0.225873
vt 0.309962 0.925290
vt 0.306366 0.931160
vt 0.306545 0.933220
vt 0.304186 0.928710
vt 0.310073 0.918008
vt 0.304186 0.918445
vt 0.980910 0.855061
vt 0.987221 0.855050
vt 0.986114 0.858951
vt 0.978913 0.858951
vt 0.927435 0.470867
vt 0.922549 0.470307
vt 0.921601 0.464741
vt 0.928700 0.466529
vt 0.161045 0.262839
vt 0.472643 0.922958
vt 0.474673 0.932940
vt 0.467572 0.931213
vt 0.467572 0.918008
vt 0.008094 0.406552
vt 0.013107 0.400097
vt 0.147787 0.841857
vt 0.154890 0.841112
vt 0.492213 0.745673
vt 0.495830 0.743249
vt 0.500443 0.750001
vt 0.495667 0.750527
vt 0.981851 0.393882
vt 0.987653 0.393882
vt 0.983889 0.398275
vt 0.978913 0.395646
vt 0.996902 0.507728
vt 0.992143 0.508093
vt 0.991178 0.503898
vt 0.997509 0.503898
vt 0.927576 0.756454
vt 0.928119 0.761315
vt 0.902257 0.673251
vt 0.906516 0.673592
vt 0.782121 0.266796
vt 0.785256 0.273242
vt 0.782020 0.275560
vt 0.775985 0.269974
vt 0.774028 0.263242
vt 0.777809 0.263907
vt 0.916611 0.470867
vt 0.912605 0.467793
vt 0.351881 0.829505
vt 0.351439 0.819606
vt 0.916707 0.173967
vt 0.915686 0.171618
vt 0.912605 0.168019
vt 0.917636 0.166770
vt 0.736628 0.345839
vt 0.729456 0.346870
vt 0.732458 0.338582
vt 0.735383 0.338858
vt 0.345979 0.938264
vt 0.343133 0.949699
vt 0.344516 0.942598
vt 0.343133 0.936574
vt 0.913234 0.211080
vt 0.920987 0.211628
vt 0.917485 0.217450
vt 0.912604 0.215726
vt 0.348296 0.976366
vt 0.349471 0.970539
vt 0.355724 0.967466
vt 0.355724 0.976985
vt 0.978989 0.006987
vt 0.978913 0.001538
vt 0.987858 0.001538
vt 0.984662 0.009166
vt 0.965173 0.056566
vt 0.965173 0.048281
vt 0.974975 0.048385
vt 0.975626 0.054340
vt 0.590007 0.412652
vt 0.592292 0.417916
vt 0.338380 0.977024
vt 0.338519 0.970279
vt 0.344252 0.967466
vt 0.345220 0.977024
vt 0.706234 0.385112
vt 0.710962 0.381334
vt 0.718618 0.393608
vt 0.712191 0.394013
vt 0.965173 0.306227
vt 0.975537 0.308485
vt 0.973138 0.312271
vt 0.965173 0.312839
vt 0.331599 0.949592
vt 0.327478 0.945479
vt 0.326385 0.936574
vt 0.331599 0.937844
vt 0.594160 0.425459
vt 0.603680 0.422529
vt 0.584518 0.429212
vt 0.577751 0.445005
vt 0.575291 0.431800
vt 0.628071 0.051636
vt 0.627149 0.065267
vt 0.620657 0.067149
vt 0.619388 0.052279
vt 0.624384 0.037742
vt 0.630366 0.040983
vt 0.630366 0.079329
vt 0.624544 0.081047
vt 0.736510 0.359618
vt 0.728155 0.360284
vt 0.928945 0.165462
vt 0.928809 0.173967
vt 0.928944 0.210569
vt 0.928944 0.218535
vt 0.659398 0.197584
vt 0.657977 0.207993
vt 0.965173 0.334891
vt 0.975596 0.334891
vt 0.975110 0.339224
vt 0.965242 0.339629
vt 0.888771 0.232973
vt 0.894021 0.232347
vt 0.902933 0.036021
vt 0.900041 0.034355
vt 0.009240 0.964222
vt 0.003901 0.961751
vt 0.001538 0.953487
vt 0.009240 0.953021
vt 0.661768 0.218539
vt 0.965173 0.929855
vt 0.965725 0.922444
vt 0.975107 0.922444
vt 0.971779 0.928253
vt 0.548869 0.980604
vt 0.548869 0.987453
vt 0.543254 0.988275
vt 0.543445 0.982757
vt 0.505534 0.436399
vt 0.501355 0.430188
vt 0.751037 0.039491
vt 0.743031 0.039492
vt 0.742039 0.031730
vt 0.751037 0.031409
vt 0.742869 0.046882
vt 0.735141 0.047906
vt 0.736890 0.055234
vt 0.731339 0.056406
vt 0.726895 0.051293
vt 0.742874 0.054799
vt 0.743021 0.063037
vt 0.737533 0.062881
vt 0.509251 0.442996
vt 0.512319 0.449826
vt 0.516168 0.457466
vt 0.510790 0.457359
vt 0.507844 0.452755
vt 0.102978 0.883627
vt 0.103603 0.889180
vt 0.104178 0.876948
vt 0.109752 0.877877
vt 0.733018 0.061924
vt 0.523045 0.433590
vt 0.266077 0.847888
vt 0.330345 0.780002
vt 0.687453 0.779950
vt 0.697005 0.781128
vt 0.799027 0.411664
vt 0.805011 0.405425
vt 0.613968 0.056274
vt 0.605338 0.058944
vt 0.596325 0.060167
vt 0.595490 0.048139
vt 0.615958 0.071218
vt 0.606777 0.071437
vt 0.596155 0.070364
vt 0.605039 0.084842
vt 0.595490 0.081857
vt 0.152416 0.707979
vt 0.143167 0.713075
vt 0.019812 0.714260
vt 0.011183 0.715692
vt 0.010526 0.727392
vt 0.002209 0.727623
vt 0.002602 0.714974
vt 0.331681 0.529252
vt 0.333194 0.541661
vt 0.324889 0.540671
vt 0.323968 0.530157
vt 0.321919 0.380250
vt 0.320749 0.370452
vt 0.330147 0.371432
vt 0.330222 0.378531
vt 0.319347 0.359705
vt 0.330947 0.361056
vt 0.341516 0.375972
vt 0.319642 0.352591
vt 0.333904 0.354786
vt 0.010806 0.734912
vt 0.009067 0.747919
vt 0.002019 0.748041
vt 0.003986 0.732245
vt 0.010806 0.759332
vt 0.005177 0.761843
vt 0.853696 0.379726
vt 0.845414 0.381556
vt 0.613274 0.086450
vt 0.143167 0.728124
vt 0.829776 0.349403
vt 0.822453 0.347407
vt 0.558325 0.475274
vt 0.545862 0.479574
vt 0.550198 0.471853
vt 0.817633 0.335546
vt 0.818685 0.325697
vt 0.539263 0.474540
vt 0.542753 0.468001
vt 0.533092 0.468278
vt 0.535340 0.463258
vt 0.537694 0.457050
vt 0.803593 0.470011
vt 0.802936 0.477050
vt 0.799591 0.475874
vt 0.799967 0.470066
vt 0.803159 0.482680
vt 0.798892 0.481424
vt 0.534041 0.480761
vt 0.529082 0.485971
vt 0.794262 0.411763
vt 0.788168 0.411384
vt 0.788363 0.401989
vt 0.794125 0.401642
vt 0.793049 0.421445
vt 0.786902 0.420188
vt 0.270984 0.581010
vt 0.089993 0.747393
vt 0.095949 0.748230
vt 0.092949 0.737692
vt 0.099058 0.739752
vt 0.250435 0.564565
vt 0.250435 0.574798
vt 0.253980 0.554839
vt 0.258823 0.556582
vt 0.829624 0.891518
vt 0.839288 0.890176
vt 0.725888 0.963600
vt 0.717208 0.960344
vt 0.717187 0.953021
vt 0.727083 0.953021
vt 0.464954 0.777567
vt 0.464913 0.770426
vt 0.179311 0.785107
vt 0.180105 0.794124
vt 0.170533 0.794491
vt 0.171388 0.785012
vt 0.170933 0.776219
vt 0.178112 0.776531
vt 0.162336 0.784613
vt 0.164243 0.776251
vt 0.680733 0.925203
vt 0.679492 0.932479
vt 0.671769 0.930076
vt 0.672132 0.925413
vt 0.671769 0.920714
vt 0.679887 0.918008
vt 0.283353 0.550139
vt 0.283062 0.556055
vt 0.274140 0.556342
vt 0.274251 0.551004
vt 0.289969 0.556903
vt 0.159310 0.792802
vt 0.951130 0.520404
vt 0.949845 0.510969
vt 0.960101 0.511396
vt 0.961424 0.520404
vt 0.169656 0.803267
vt 0.159310 0.801927
vt 0.654370 0.624809
vt 0.655581 0.615633
vt 0.700813 0.169914
vt 0.716193 0.172279
vt 0.707291 0.178304
vt 0.724021 0.161160
vt 0.932738 0.745289
vt 0.945765 0.743549
vt 0.945714 0.752095
vt 0.932349 0.752095
vt 0.597948 0.884234
vt 0.592531 0.884314
vt 0.190911 0.628259
vt 0.187130 0.641173
vt 0.179273 0.637223
vt 0.189596 0.616464
vt 0.912605 0.427914
vt 0.916205 0.423914
vt 0.922323 0.425891
vt 0.920012 0.430058
vt 0.266669 0.550775
vt 0.267555 0.545868
vt 0.267163 0.541029
vt 0.189234 0.609349
vt 0.258646 0.543418
vt 0.261082 0.547797
vt 0.949845 0.696646
vt 0.950299 0.691871
vt 0.960137 0.690389
vt 0.961380 0.696646
vt 0.689282 0.937555
vt 0.689282 0.949189
vt 0.683801 0.945991
vt 0.686100 0.936574
vt 0.648995 0.251038
vt 0.657382 0.250387
vt 0.656015 0.263242
vt 0.647691 0.264604
vt 0.639372 0.473365
vt 0.638608 0.488043
vt 0.630344 0.488666
vt 0.631711 0.473627
vt 0.657382 0.289100
vt 0.648206 0.289968
vt 0.639372 0.515079
vt 0.631450 0.515099
vt 0.786902 0.394130
vt 0.791848 0.393784
vt 0.408402 0.631291
vt 0.054908 0.093367
vt 0.045627 0.078899
vt 0.061262 0.076888
vt 0.060651 0.093654
vt 0.437024 0.836987
vt 0.448461 0.839073
vt 0.447437 0.857993
vt 0.437024 0.859099
vt 0.048748 0.056065
vt 0.060393 0.057725
vt 0.168276 0.422190
vt 0.178304 0.419957
vt 0.178304 0.446867
vt 0.170481 0.447031
vt 0.053147 0.029998
vt 0.063037 0.031339
vt 0.045627 0.001840
vt 0.060109 0.003804
vt 0.045998 0.323313
vt 0.045715 0.334995
vt 0.227561 0.246541
vt 0.257136 0.249518
vt 0.265990 0.262947
vt 0.230626 0.257375
vt 0.204964 0.266332
vt 0.202228 0.255389
vt 0.175856 0.482680
vt 0.169073 0.477067
vt 0.696108 0.953021
vt 0.702468 0.955271
vt 0.704055 0.963732
vt 0.696108 0.963432
vt 0.101926 0.918008
vt 0.094794 0.918008
vt 0.736628 0.370654
vt 0.729928 0.371016
vt 0.423376 0.895686
vt 0.424708 0.887922
vt 0.961644 0.194879
vt 0.612546 0.477098
vt 0.619649 0.482245
vt 0.226304 0.918389
vt 0.229915 0.918008
vt 0.197084 0.967466
vt 0.204512 0.968673
vt 0.204813 0.977221
vt 0.197084 0.974898
vt 0.325989 0.814448
vt 0.798017 0.546018
vt 0.798418 0.538619
vt 0.798017 0.555495
vt 0.587141 0.882513
vt 0.581365 0.881722
vt 0.309280 0.835077
vt 0.309280 0.823211
vt 0.466533 0.806292
vt 0.475360 0.799848
vt 0.319505 0.845586
vt 0.309821 0.846492
vt 0.803734 0.765445
vt 0.793308 0.762153
vt 0.706742 0.698763
vt 0.699882 0.697760
vt 0.694600 0.138850
vt 0.682302 0.133958
vt 0.688103 0.129743
vt 0.704293 0.709612
vt 0.697674 0.708396
vt 0.027880 0.868048
vt 0.032419 0.876578
vt 0.883029 0.937197
vt 0.887346 0.936574
vt 0.887346 0.948936
vt 0.881539 0.945736
vt 0.824879 0.765041
vt 0.819104 0.764462
vt 0.741739 0.150213
vt 0.887916 0.420487
vt 0.877661 0.423447
vt 0.842822 0.562515
vt 0.850294 0.559320
vt 0.773062 0.973183
vt 0.768733 0.976704
vt 0.768624 0.967466
vt 0.774078 0.967466
vt 0.674229 0.825607
vt 0.678995 0.827429
vt 0.838903 0.632167
vt 0.833372 0.630703
vt 0.833372 0.620817
vt 0.839288 0.622653
vt 0.834598 0.608705
vt 0.838365 0.613321
vt 0.127828 0.168121
vt 0.126647 0.144582
vt 0.127983 0.098388
vt 0.141594 0.099911
vt 0.150479 0.098940
vt 0.159079 0.234811
vt 0.159485 0.246884
vt 0.158028 0.072920
vt 0.189388 0.236609
vt 0.187907 0.248544
vt 0.116504 0.133202
vt 0.104174 0.133680
vt 0.108161 0.093470
vt 0.119964 0.094367
vt 0.091514 0.111974
vt 0.093897 0.154191
vt 0.092344 0.087475
vt 0.112265 0.069705
vt 0.123918 0.070303
vt 0.085642 0.052299
vt 0.098931 0.054838
vt 0.074352 0.048975
vt 0.211174 0.646576
vt 0.203693 0.620419
vt 0.225131 0.613202
vt 0.225131 0.641213
vt 0.130480 0.006290
vt 0.140739 0.002851
vt 0.205319 0.236743
vt 0.205015 0.248505
vt 0.219866 0.532002
vt 0.228733 0.533353
vt 0.049395 0.264554
vt 0.049434 0.233412
vt 0.058525 0.232832
vt 0.059435 0.266555
vt 0.503153 0.463612
vt 0.510722 0.463500
vt 0.229993 0.062469
vt 0.227907 0.028517
vt 0.237731 0.027736
vt 0.237738 0.063037
vt 0.035229 0.158475
vt 0.045417 0.158960
vt 0.229141 0.001759
vt 0.237738 0.003805
vt 0.475239 0.428649
vt 0.467408 0.428295
vt 0.336346 0.248741
vt 0.335004 0.237286
vt 0.342199 0.233340
vt 0.342084 0.247346
vt 0.342199 0.257550
vt 0.336261 0.257230
vt 0.181906 0.824879
vt 0.174440 0.824370
vt 0.334095 0.640289
vt 0.343592 0.644592
vt 0.353776 0.644925
vt 0.354435 0.653887
vt 0.347644 0.633511
vt 0.353088 0.633654
vt 0.712882 0.785889
vt 0.712125 0.794262
vt 0.354806 0.662180
vt 0.554249 0.862701
vt 0.560126 0.860562
vt 0.288822 0.766421
vt 0.296091 0.764758
vt 0.348273 0.623388
vt 0.354806 0.623762
vt 0.634847 0.587693
vt 0.805068 0.867884
vt 0.797319 0.868105
vt 0.620956 0.481233
vt 0.992319 0.535603
vt 0.991178 0.533614
vt 0.997502 0.533614
vt 0.995799 0.536983
vt 0.622427 0.485693
vt 0.662785 0.428132
vt 0.772402 0.661698
vt 0.100859 0.284120
vt 0.085514 0.282953
vt 0.769047 0.255451
vt 0.762880 0.255749
vt 0.149175 0.322228
vt 0.151149 0.315683
vt 0.173748 0.317217
vt 0.173837 0.324188
vt 0.258661 0.517368
vt 0.261152 0.539225
vt 0.254066 0.540314
vt 0.250982 0.516471
vt 0.223330 0.022705
vt 0.219926 0.048470
vt 0.213598 0.046764
vt 0.216002 0.022150
vt 0.212470 0.003044
vt 0.222286 0.003576
vt 0.519428 0.325214
vt 0.525954 0.325717
vt 0.528033 0.352797
vt 0.520522 0.353001
vt 0.212865 0.075819
vt 0.207181 0.074512
vt 0.202292 0.102660
vt 0.201512 0.095479
vt 0.405139 0.136781
vt 0.403493 0.158492
vt 0.396043 0.158295
vt 0.398336 0.136171
vt 0.034207 0.289558
vt 0.035168 0.283800
vt 0.016295 0.275487
vt 0.036073 0.277747
vt 0.511497 0.576302
vt 0.505095 0.576335
vt 0.504082 0.549114
vt 0.510490 0.548977
vt 0.200798 0.314979
vt 0.201459 0.322691
vt 0.529508 0.374816
vt 0.519428 0.381822
vt 0.505032 0.526465
vt 0.511497 0.527323
vt 0.600217 0.311244
vt 0.601478 0.319347
vt 0.997467 0.474995
vt 0.991178 0.474995
vt 0.992000 0.468877
vt 0.996110 0.468841
vt 0.607547 0.310989
vt 0.608882 0.318967
vt 0.601840 0.329830
vt 0.610555 0.330596
vt 0.704209 0.594596
vt 0.693138 0.595349
vt 0.682764 0.592288
vt 0.546639 0.749439
vt 0.552921 0.759168
vt 0.702408 0.732042
vt 0.701904 0.743832
vt 0.692653 0.743725
vt 0.692653 0.730018
vt 0.704209 0.606953
vt 0.693308 0.605592
vt 0.321818 0.261833
vt 0.328397 0.260478
vt 0.331393 0.271431
vt 0.326502 0.273759
vt 0.547044 0.775531
vt 0.579561 0.339301
vt 0.013943 0.747089
vt 0.021178 0.744282
vt 0.023414 0.752696
vt 0.016308 0.756440
vt 0.949845 0.127781
vt 0.961883 0.127781
vt 0.961119 0.133864
vt 0.950231 0.133923
vt 0.843200 0.351446
vt 0.836980 0.352025
vt 0.155221 0.524531
vt 0.210107 0.023707
vt 0.201512 0.005707
vt 0.975184 0.155854
vt 0.965173 0.156767
vt 0.965817 0.150584
vt 0.975651 0.150584
vt 0.760863 0.799454
vt 0.762123 0.786554
vt 0.769047 0.787698
vt 0.766897 0.801466
vt 0.760863 0.774194
vt 0.767999 0.774527
vt 0.516607 0.607226
vt 0.521347 0.615849
vt 0.511422 0.599754
vt 0.580802 0.195305
vt 0.574811 0.196314
vt 0.799665 0.709858
vt 0.799185 0.718699
vt 0.792321 0.717610
vt 0.792895 0.707559
vt 0.636717 0.136119
vt 0.636717 0.145316
vt 0.524105 0.626388
vt 0.950891 0.623933
vt 0.961503 0.623933
vt 0.960088 0.629772
vt 0.949845 0.629783
vt 0.961816 0.292838
vt 0.960754 0.297671
vt 0.949845 0.298742
vt 0.950670 0.292838
vt 0.915485 0.890643
vt 0.912605 0.896434
vt 0.505275 0.640731
vt 0.703931 0.980604
vt 0.703931 0.987963
vt 0.697014 0.988047
vt 0.697433 0.980877
vt 0.570932 0.759487
vt 0.565938 0.760042
vt 0.562068 0.750604
vt 0.568192 0.749780
vt 0.306911 0.531915
vt 0.314090 0.534523
vt 0.842687 0.410015
vt 0.849636 0.409525
vt 0.850094 0.421224
vt 0.843287 0.420700
vt 0.849712 0.432251
vt 0.842687 0.431914
vt 0.187232 0.471510
vt 0.183800 0.460434
vt 0.189875 0.460065
vt 0.194008 0.480460
vt 0.197905 0.457479
vt 0.484689 0.918008
vt 0.477749 0.919387
vt 0.004173 0.472752
vt 0.011391 0.477951
vt 0.002640 0.480076
vt 0.722673 0.613396
vt 0.716541 0.614134
vt 0.816814 0.372817
vt 0.767246 0.060898
vt 0.765474 0.071672
vt 0.839841 0.948917
vt 0.839841 0.936574
vt 0.845966 0.941430
vt 0.847190 0.946659
vt 0.809759 0.132792
vt 0.817675 0.139243
vt 0.163691 0.517426
vt 0.058923 0.774450
vt 0.052946 0.773064
vt 0.052638 0.764204
vt 0.060552 0.763980
vt 0.321363 0.449967
vt 0.333194 0.450486
vt 0.610202 0.576452
vt 0.621361 0.579805
vt 0.817236 0.600200
vt 0.828481 0.600888
vt 0.827133 0.624308
vt 0.817236 0.624963
vt 0.515099 0.814959
vt 0.502569 0.815874
vt 0.506559 0.799995
vt 0.514723 0.801030
vt 0.946353 0.063639
vt 0.932349 0.059366
vt 0.933609 0.052488
vt 0.946353 0.052414
vt 0.377248 0.436408
vt 0.389026 0.435076
vt 0.324153 0.435116
vt 0.332239 0.433803
vt 0.461068 0.357202
vt 0.452604 0.358408
vt 0.451844 0.330141
vt 0.460117 0.329281
vt 0.305756 0.269471
vt 0.312915 0.270613
vt 0.562993 0.470224
vt 0.570299 0.469920
vt 0.570932 0.498044
vt 0.563767 0.498890
vt 0.564291 0.448420
vt 0.570932 0.449949
vt 0.208398 0.279311
vt 0.211965 0.286903
vt 0.194569 0.297594
vt 0.191385 0.290660
vt 0.196314 0.540917
vt 0.189745 0.543916
vt 0.182008 0.534335
vt 0.188223 0.531715
vt 0.037090 0.362163
vt 0.036778 0.354236
vt 0.170783 0.309780
vt 0.168381 0.303859
vt 0.408429 0.156034
vt 0.416958 0.156850
vt 0.416335 0.184521
vt 0.405466 0.183223
vt 0.408460 0.134517
vt 0.417843 0.132431
vt 0.417843 0.205394
vt 0.399504 0.207120
vt 0.006988 0.276316
vt 0.216108 0.604724
vt 0.204833 0.605629
vt 0.018010 0.064838
vt 0.009856 0.053055
vt 0.010802 0.028526
vt 0.016346 0.029575
vt 0.668268 0.466471
vt 0.667312 0.431812
vt 0.673591 0.428522
vt 0.673591 0.451215
vt 0.009864 0.199993
vt 0.018074 0.199616
vt 0.018051 0.219448
vt 0.006926 0.223330
vt 0.039623 0.520890
vt 0.032294 0.522304
vt 0.031728 0.499626
vt 0.039564 0.499439
vt 0.010216 0.173955
vt 0.017834 0.173909
vt 0.415208 0.240610
vt 0.422628 0.241293
vt 0.423263 0.265421
vt 0.414782 0.264273
vt 0.010249 0.156479
vt 0.018076 0.155645
vt 0.415484 0.223606
vt 0.423304 0.224777
vt 0.615911 0.336193
vt 0.624963 0.337788
vt 0.624247 0.353005
vt 0.616615 0.352041
vt 0.417558 0.210360
vt 0.425047 0.212336
vt 0.617389 0.323518
vt 0.624575 0.324325
vt 0.432434 0.205145
vt 0.432901 0.219728
vt 0.620520 0.309495
vt 0.624963 0.311559
vt 0.432726 0.191107
vt 0.495583 0.931798
vt 0.487764 0.932895
vt 0.487811 0.920082
vt 0.495583 0.918008
vt 0.018304 0.140926
vt 0.018037 0.127476
vt 0.855012 0.647025
vt 0.862241 0.647025
vt 0.864502 0.668188
vt 0.854602 0.666415
vt 0.425047 0.284565
vt 0.414304 0.282583
vt 0.834496 0.725822
vt 0.834497 0.702520
vt 0.842404 0.703390
vt 0.842890 0.725360
vt 0.004007 0.026915
vt 0.004758 0.048296
vt 0.625637 0.634636
vt 0.632219 0.635769
vt 0.009848 0.003892
vt 0.018010 0.003265
vt 0.199118 0.175867
vt 0.209629 0.172873
vt 0.218648 0.211926
vt 0.210645 0.212524
vt 0.781187 0.558325
vt 0.778728 0.530652
vt 0.796063 0.530652
vt 0.792512 0.558264
vt 0.222794 0.172299
vt 0.226932 0.207374
vt 0.386667 0.045568
vt 0.116211 0.465697
vt 0.121935 0.465532
vt 0.127874 0.483534
vt 0.123096 0.486283
vt 0.115860 0.446819
vt 0.122587 0.448430
vt 0.169332 0.505692
vt 0.179153 0.507479
vt 0.177488 0.521796
vt 0.168251 0.522528
vt 0.118378 0.432254
vt 0.124574 0.435551
vt 0.171149 0.493493
vt 0.183144 0.496698
vt 0.194487 0.500560
vt 0.188143 0.511363
vt 0.838520 0.679501
vt 0.827407 0.682597
vt 0.185477 0.488784
vt 0.196314 0.489267
vt 0.569736 0.070220
vt 0.576335 0.071738
vt 0.567845 0.057195
vt 0.574238 0.056803
vt 0.746153 0.443400
vt 0.755832 0.442258
vt 0.760886 0.454103
vt 0.751492 0.457466
vt 0.753536 0.963293
vt 0.747362 0.963748
vt 0.747905 0.953953
vt 0.753536 0.953021
vt 0.746153 0.433045
vt 0.754128 0.437278
vt 0.198280 0.506448
vt 0.123092 0.423521
vt 0.127874 0.426076
vt 0.184417 0.523517
vt 0.176510 0.538159
vt 0.415384 0.638355
vt 0.424016 0.640193
vt 0.431695 0.640499
vt 0.432570 0.649941
vt 0.928487 0.494024
vt 0.927945 0.486411
vt 0.426272 0.632421
vt 0.432777 0.632564
vt 0.438289 0.632658
vt 0.438132 0.639759
vt 0.439455 0.648810
vt 0.433149 0.624761
vt 0.439455 0.625297
vt 0.921436 0.437660
vt 0.912842 0.437867
vt 0.912605 0.433134
vt 0.921063 0.433736
vt 0.927084 0.433307
vt 0.928845 0.437867
vt 0.685372 0.679388
vt 0.692524 0.680496
vt 0.691362 0.686990
vt 0.683621 0.685240
vt 0.584122 0.017946
vt 0.932349 0.074778
vt 0.934548 0.066715
vt 0.426135 0.626110
vt 0.423957 0.621342
vt 0.429681 0.618376
vt 0.436767 0.616593
vt 0.419959 0.631591
vt 0.705911 0.790351
vt 0.707811 0.800031
vt 0.701809 0.801466
vt 0.699772 0.790545
vt 0.140906 0.767246
vt 0.148410 0.767246
vt 0.398611 0.949431
vt 0.392180 0.946656
vt 0.391645 0.937998
vt 0.398611 0.936574
vt 0.132404 0.753611
vt 0.132133 0.742174
vt 0.901969 0.592497
vt 0.892414 0.592544
vt 0.130157 0.507209
vt 0.749781 0.426938
vt 0.761843 0.436339
vt 0.761673 0.439319
vt 0.718669 0.985893
vt 0.713547 0.988115
vt 0.714035 0.980866
vt 0.718669 0.980604
vt 0.549465 0.975943
vt 0.547997 0.971647
vt 0.554180 0.967466
vt 0.554180 0.976852
vt 0.519856 0.814979
vt 0.525235 0.812115
vt 0.525906 0.820991
vt 0.521016 0.820867
vt 0.486816 0.876720
vt 0.489725 0.881799
vt 0.742226 0.349403
vt 0.741769 0.335503
vt 0.748508 0.336014
vt 0.749235 0.346179
vt 0.678995 0.531841
vt 0.671977 0.534911
vt 0.718849 0.331393
vt 0.710139 0.326198
vt 0.660984 0.314276
vt 0.659412 0.332971
vt 0.653042 0.328595
vt 0.653961 0.315569
vt 0.645541 0.304957
vt 0.651776 0.305772
vt 0.742509 0.320205
vt 0.749235 0.317959
vt 0.063904 0.968141
vt 0.071809 0.967466
vt 0.071201 0.975529
vt 0.063904 0.977308
vt 0.475749 0.889457
vt 0.479572 0.895120
vt 0.234024 0.798651
vt 0.225536 0.795525
vt 0.231703 0.787767
vt 0.237738 0.793291
vt 0.148583 0.479796
vt 0.130157 0.475352
vt 0.912807 0.349430
vt 0.921015 0.350667
vt 0.211241 0.437196
vt 0.740230 0.220009
vt 0.731045 0.222566
vt 0.722576 0.226948
vt 0.732563 0.228397
vt 0.727197 0.232142
vt 0.851170 0.121161
vt 0.846379 0.120829
vt 0.846379 0.112641
vt 0.851895 0.113775
vt 0.740200 0.226623
vt 0.730949 0.235778
vt 0.894083 0.862791
vt 0.893276 0.856101
vt 0.900523 0.856101
vt 0.900049 0.864910
vt 0.898103 0.873508
vt 0.894643 0.870710
vt 0.893337 0.342199
vt 0.900226 0.341448
vt 0.242441 0.307289
vt 0.252147 0.308223
vt 0.019741 0.419612
vt 0.498712 0.216126
vt 0.354806 0.793062
vt 0.354786 0.782369
vt 0.355778 0.953021
vt 0.361911 0.953260
vt 0.362310 0.963206
vt 0.355778 0.964034
vt 0.862701 0.320852
vt 0.856217 0.320939
vt 0.849867 0.331177
vt 0.849867 0.323466
vt 0.695204 0.861399
vt 0.695204 0.869402
vt 0.685248 0.867956
vt 0.685008 0.860933
vt 0.528705 0.904125
vt 0.527548 0.893561
vt 0.533110 0.887081
vt 0.533110 0.900240
vt 0.758716 0.919260
vt 0.764516 0.918008
vt 0.764516 0.930947
vt 0.758266 0.932494
vt 0.247578 0.871822
vt 0.253929 0.874374
vt 0.244794 0.882513
vt 0.236937 0.877449
vt 0.236937 0.865728
vt 0.245511 0.866762
vt 0.250236 0.864806
vt 0.253948 0.865665
vt 0.815874 0.718137
vt 0.807298 0.719786
vt 0.188001 0.864865
vt 0.965173 0.450448
vt 0.975626 0.450448
vt 0.971036 0.453724
vt 0.814637 0.727885
vt 0.806466 0.729424
vt 0.731046 0.539276
vt 0.320429 0.946449
vt 0.317792 0.949582
vt 0.317792 0.936574
vt 0.323309 0.942822
vt 0.996480 0.059454
vt 0.992446 0.061341
vt 0.991178 0.055560
vt 0.998193 0.055560
vt 0.515099 0.792250
vt 0.512830 0.789825
vt 0.250916 0.329993
vt 0.248603 0.331393
vt 0.303174 0.047887
vt 0.248860 0.863713
vt 0.245751 0.863633
vt 0.386845 0.967466
vt 0.380271 0.967500
vt 0.987440 0.720727
vt 0.985170 0.719507
vt 0.978913 0.720727
vt 0.982779 0.717442
vt 0.928584 0.341436
vt 0.928094 0.350182
vt 0.622747 0.245391
vt 0.630069 0.244543
vt 0.617812 0.247693
vt 0.611752 0.236791
vt 0.620059 0.236662
vt 0.630077 0.238539
vt 0.107346 0.072042
vt 0.101906 0.070109
vt 0.913505 0.257234
vt 0.912605 0.267191
vt 0.405135 0.967466
vt 0.405135 0.976985
vt 0.398982 0.976253
vt 0.398498 0.970428
vt 0.005286 0.117073
vt 0.012325 0.116051
vt 0.019554 0.117245
vt 0.004047 0.108468
vt 0.012646 0.107993
vt 0.020235 0.109737
vt 0.003088 0.100909
vt 0.012557 0.101143
vt 0.021090 0.102550
vt 0.500206 0.291114
vt 0.505218 0.298487
vt 0.505977 0.287446
vt 0.510757 0.293362
vt 0.980073 0.211186
vt 0.987673 0.211366
vt 0.987673 0.217765
vt 0.978913 0.218121
vt 0.199916 0.170376
vt 0.194216 0.172900
vt 0.445318 0.774510
vt 0.439713 0.776825
vt 0.753676 0.128513
vt 0.806040 0.682953
vt 0.807793 0.675238
vt 0.813085 0.676267
vt 0.813885 0.683884
vt 0.818303 0.675147
vt 0.821277 0.684188
vt 0.820463 0.694483
vt 0.674329 0.010965
vt 0.673568 0.004552
vt 0.722271 0.386381
vt 0.732181 0.386099
vt 0.725342 0.400073
vt 0.722271 0.375000
vt 0.733088 0.376982
vt 0.742031 0.387261
vt 0.965173 0.397316
vt 0.965173 0.387947
vt 0.973327 0.388562
vt 0.975337 0.395025
vt 0.507897 0.831341
vt 0.511027 0.825697
vt 0.711200 0.416042
vt 0.718618 0.406009
vt 0.662851 0.496606
vt 0.698723 0.383888
vt 0.703734 0.391050
vt 0.649509 0.344000
vt 0.645541 0.336627
vt 0.945905 0.535462
vt 0.944958 0.543301
vt 0.248608 0.284319
vt 0.765445 0.279781
vt 0.759488 0.279527
vt 0.734827 0.665090
vt 0.734619 0.674406
vt 0.727484 0.666478
vt 0.732899 0.657158
vt 0.718500 0.669095
vt 0.826680 0.558953
vt 0.817638 0.556889
vt 0.709772 0.673078
vt 0.799665 0.575773
vt 0.799229 0.590743
vt 0.792515 0.588712
vt 0.792871 0.575943
vt 0.792515 0.563436
vt 0.799358 0.563751
vt 0.830343 0.174079
vt 0.831362 0.182298
vt 0.818105 0.033334
vt 0.826372 0.030838
vt 0.853696 0.172441
vt 0.848151 0.172610
vt 0.819909 0.947908
vt 0.814778 0.949063
vt 0.816411 0.938692
vt 0.819909 0.936574
vt 0.390922 0.953260
vt 0.394124 0.953021
vt 0.394124 0.964077
vt 0.389381 0.959186
vt 0.197869 0.782462
vt 0.205319 0.781876
vt 0.205319 0.796063
vt 0.196866 0.794303
vt 0.187618 0.793463
vt 0.187555 0.782828
vt 0.190434 0.770938
vt 0.196630 0.768473
vt 0.482312 0.306888
vt 0.478227 0.300165
vt 0.429991 0.189323
vt 0.425212 0.180797
vt 0.809604 0.484482
vt 0.808772 0.475903
vt 0.815229 0.476750
vt 0.815208 0.484126
vt 0.818781 0.198267
vt 0.823078 0.204614
vt 0.991178 0.064417
vt 0.998317 0.064417
vt 0.994403 0.064820
vt 0.992320 0.067707
vt 0.001538 0.968894
vt 0.008292 0.967466
vt 0.006695 0.975071
vt 0.001538 0.977391
vt 0.288792 0.854815
vt 0.280302 0.859192
vt 0.552402 0.798364
vt 0.544926 0.802904
vt 0.602099 0.378736
vt 0.612310 0.367541
vt 0.509402 0.334871
vt 0.554722 0.804723
vt 0.548336 0.806869
vt 0.609276 0.407053
vt 0.806536 0.509512
vt 0.812289 0.507468
vt 0.612693 0.412440
vt 0.900523 0.106759
vt 0.978913 0.659646
vt 0.980283 0.653514
vt 0.987259 0.653058
vt 0.987260 0.660667
vt 0.402984 0.895505
vt 0.912605 0.270267
vt 0.916803 0.279438
vt 0.234036 0.949605
vt 0.234246 0.938185
vt 0.241253 0.936574
vt 0.241253 0.946147
vt 0.742031 0.706384
vt 0.736725 0.709612
vt 0.300734 0.918008
vt 0.301110 0.924982
vt 0.293948 0.933157
vt 0.293948 0.919006
vt 0.288168 0.082045
vt 0.287555 0.104352
vt 0.284414 0.035296
vt 0.476771 0.649174
vt 0.476771 0.609628
vt 0.487124 0.609582
vt 0.491686 0.650178
vt 0.378004 0.057729
vt 0.383689 0.069526
vt 0.374452 0.069415
vt 0.369028 0.066607
vt 0.371326 0.060163
vt 0.442535 0.604916
vt 0.451550 0.603197
vt 0.460512 0.598118
vt 0.419158 0.932893
vt 0.409494 0.931825
vt 0.411094 0.918142
vt 0.419158 0.918008
vt 0.581784 0.100986
vt 0.590620 0.089370
vt 0.595561 0.089908
vt 0.590603 0.104157
vt 0.541893 0.932596
vt 0.545896 0.918008
vt 0.553409 0.918667
vt 0.553409 0.932302
vt 0.599749 0.107950
vt 0.442465 0.592094
vt 0.446871 0.591099
vt 0.239539 0.164678
vt 0.238845 0.182935
vt 0.229154 0.185508
vt 0.228538 0.164716
vt 0.228248 0.136347
vt 0.238253 0.136383
vt 0.025355 0.088608
vt 0.030362 0.080506
vt 0.628935 0.303712
vt 0.639369 0.301942
vt 0.642974 0.329369
vt 0.630565 0.330408
vt 0.002803 0.068307
vt 0.008562 0.060920
vt 0.036021 0.003247
vt 0.034123 0.031140
vt 0.023230 0.031152
vt 0.025554 0.003275
vt 0.514996 0.038777
vt 0.525630 0.038777
vt 0.525379 0.069139
vt 0.515731 0.067874
vt 0.033890 0.052697
vt 0.023358 0.053174
vt 0.831231 0.136880
vt 0.831231 0.114399
vt 0.842890 0.113549
vt 0.840949 0.136572
vt 0.034422 0.065941
vt 0.028350 0.067566
vt 0.478509 0.914932
vt 0.478509 0.900362
vt 0.491686 0.898563
vt 0.490289 0.913527
vt 0.036021 0.079246
vt 0.033516 0.077235
vt 0.290182 0.936574
vt 0.298839 0.936746
vt 0.299837 0.945787
vt 0.290182 0.949414
vt 0.439418 0.667555
vt 0.439455 0.689801
vt 0.430154 0.689801
vt 0.430346 0.667250
vt 0.431153 0.653188
vt 0.437835 0.653489
vt 0.227109 0.105808
vt 0.238357 0.105743
vt 0.525906 0.096971
vt 0.514225 0.097257
vt 0.278718 0.002719
vt 0.873902 0.507192
vt 0.875309 0.517780
vt 0.869609 0.518701
vt 0.867871 0.508132
vt 0.868877 0.498775
vt 0.875309 0.498692
vt 0.575089 0.740562
vt 0.901316 0.485599
vt 0.907728 0.486383
vt 0.367603 0.049981
vt 0.794479 0.892902
vt 0.806869 0.897572
vt 0.050808 0.348898
vt 0.050432 0.338662
vt 0.750456 0.311193
vt 0.741502 0.311581
vt 0.741145 0.280432
vt 0.754639 0.280432
vt 0.865620 0.770751
vt 0.873508 0.766934
vt 0.873508 0.785836
vt 0.861454 0.787057
vt 0.152562 0.037218
vt 0.161583 0.050955
vt 0.641091 0.343990
vt 0.628935 0.344000
vt 0.746846 0.824712
vt 0.758241 0.819567
vt 0.758241 0.842890
vt 0.738097 0.841835
vt 0.509522 0.785983
vt 0.509504 0.758960
vt 0.518701 0.759287
vt 0.518701 0.787057
vt 0.461134 0.425503
vt 0.451424 0.426800
vt 0.449494 0.400669
vt 0.458393 0.398111
vt 0.203998 0.388589
vt 0.169386 0.205682
vt 0.169993 0.216126
vt 0.149362 0.215782
vt 0.146593 0.204813
vt 0.194606 0.091650
vt 0.185170 0.093126
vt 0.181526 0.073118
vt 0.190159 0.068484
vt 0.051169 0.274956
vt 0.050129 0.280963
vt 0.457158 0.220562
vt 0.468272 0.191453
vt 0.642974 0.298974
vt 0.633725 0.290986
vt 0.535608 0.207120
vt 0.541414 0.198166
vt 0.724021 0.148365
vt 0.686984 0.307979
vt 0.692365 0.305937
vt 0.222051 0.374693
vt 0.945994 0.663537
vt 0.945994 0.667869
vt 0.933032 0.668151
vt 0.932349 0.663278
vt 0.894858 0.420155
vt 0.902324 0.421374
vt 0.975269 0.919368
vt 0.965359 0.918362
vt 0.965173 0.919368
vt 0.970123 0.915038
vt 0.724891 0.920007
vt 0.720699 0.918008
vt 0.961920 0.119135
vt 0.959805 0.124229
vt 0.950166 0.124705
vt 0.949845 0.119135
vt 0.945956 0.485328
vt 0.932349 0.486002
vt 0.932349 0.476987
vt 0.943148 0.478619
vt 0.729424 0.192605
vt 0.723210 0.203518
vt 0.718736 0.199100
vt 0.723415 0.188954
vt 0.919183 0.086771
vt 0.927748 0.087169
vt 0.928824 0.098632
vt 0.920665 0.097670
vt 0.912605 0.098632
vt 0.913601 0.089889
vt 0.102477 0.936832
vt 0.102386 0.949711
vt 0.096061 0.949783
vt 0.096061 0.936574
vt 0.946241 0.375783
vt 0.945774 0.381856
vt 0.932349 0.381627
vt 0.932349 0.376282
vt 0.123211 0.612576
vt 0.129208 0.607054
vt 0.705428 0.931342
vt 0.698032 0.932531
vt 0.698032 0.918008
vt 0.705814 0.919840
vt 0.136178 0.600501
vt 0.538817 0.932888
vt 0.532976 0.932160
vt 0.532969 0.920456
vt 0.538817 0.918008
vt 0.834915 0.461787
vt 0.836696 0.451224
vt 0.842890 0.451668
vt 0.840187 0.462869
vt 0.841019 0.439560
vt 0.834915 0.440559
vt 0.811714 0.671790
vt 0.806194 0.668901
vt 0.807818 0.658346
vt 0.814073 0.659690
vt 0.853030 0.532134
vt 0.859349 0.533110
vt 0.859099 0.712937
vt 0.852595 0.716948
vt 0.151184 0.581724
vt 0.151002 0.581274
vt 0.846490 0.718618
vt 0.846401 0.707803
vt 0.225974 0.729205
vt 0.230560 0.725415
vt 0.716112 0.177588
vt 0.716535 0.185819
vt 0.996552 0.603371
vt 0.991178 0.603313
vt 0.991178 0.598639
vt 0.997277 0.598180
vt 0.949950 0.919412
vt 0.949845 0.912359
vt 0.961079 0.912359
vt 0.955350 0.919826
vt 0.949845 0.083292
vt 0.956841 0.083084
vt 0.961976 0.088529
vt 0.952999 0.088529
vt 0.817997 0.524513
vt 0.828481 0.528352
vt 0.975658 0.037810
vt 0.965173 0.037810
vt 0.967842 0.031895
vt 0.971324 0.030107
vt 0.215579 0.227488
vt 0.224199 0.228856
vt 0.978913 0.316026
vt 0.986609 0.316026
vt 0.987683 0.320391
vt 0.981506 0.320609
vt 0.997577 0.449895
vt 0.991178 0.449895
vt 0.992714 0.444527
vt 0.997152 0.444786
vt 0.704970 0.395540
vt 0.833839 0.987883
vt 0.827261 0.986523
vt 0.830270 0.982459
vt 0.833839 0.980604
vt 0.612356 0.108063
vt 0.606432 0.107850
vt 0.996247 0.315877
vt 0.997799 0.322491
vt 0.991178 0.322491
vt 0.991778 0.318350
vt 0.423288 0.901597
vt 0.429080 0.902324
vt 0.774770 0.949077
vt 0.774770 0.936574
vt 0.778629 0.943892
vt 0.779951 0.946736
vt 0.659583 0.967466
vt 0.664990 0.967466
vt 0.664543 0.972322
vt 0.660015 0.976842
vt 0.236047 0.308484
vt 0.233211 0.309182
vt 0.978913 0.880683
vt 0.987119 0.880683
vt 0.985606 0.886285
vt 0.982065 0.884673
vt 0.806194 0.646804
vt 0.812433 0.645903
vt 0.987158 0.790792
vt 0.985786 0.798339
vt 0.978913 0.790792
vt 0.986526 0.790993
vt 0.960607 0.402462
vt 0.961486 0.412834
vt 0.953234 0.407864
vt 0.949845 0.402462
vt 0.555748 0.953021
vt 0.562103 0.953769
vt 0.561132 0.962521
vt 0.555748 0.963879
vt 0.928271 0.556378
vt 0.927953 0.560465
vt 0.991178 0.805301
vt 0.993317 0.803339
vt 0.996705 0.805301
vt 0.949845 0.707782
vt 0.965173 0.911962
vt 0.970679 0.904963
vt 0.968899 0.909881
vt 0.975143 0.911962
vt 0.975436 0.250052
vt 0.965173 0.252549
vt 0.965173 0.243183
vt 0.428103 0.980604
vt 0.426683 0.988133
vt 0.422623 0.988373
vt 0.422623 0.982702
vt 0.984780 0.777553
vt 0.979794 0.778538
vt 0.978913 0.771645
vt 0.987202 0.771645
vt 0.975281 0.657913
vt 0.967418 0.657913
vt 0.965173 0.650623
vt 0.971571 0.650822
vt 0.928667 0.363583
vt 0.928179 0.842070
vt 0.928179 0.849304
vt 0.912605 0.845212
vt 0.915214 0.842386
vt 0.996858 0.268239
vt 0.991178 0.268648
vt 0.991233 0.262012
vt 0.997878 0.262012
vt 0.271958 0.268142
vt 0.265035 0.277361
vt 0.835686 0.434052
vt 0.828992 0.421812
vt 0.830215 0.410286
vt 0.835686 0.410390
vt 0.966951 0.297059
vt 0.965173 0.296442
vt 0.975535 0.296442
vt 0.969445 0.303151
vt 0.178778 0.953021
vt 0.182558 0.958897
vt 0.178778 0.964289
vt 0.180058 0.957358
vt 0.795146 0.065581
vt 0.798443 0.069557
vt 0.996790 0.746416
vt 0.996790 0.751300
vt 0.991178 0.749333
vt 0.994013 0.747633
vt 0.925360 0.339040
vt 0.290530 0.505290
vt 0.294973 0.500375
vt 0.294478 0.510278
vt 0.292459 0.513305
vt 0.968991 0.715564
vt 0.975407 0.719828
vt 0.965173 0.719828
vt 0.965415 0.959513
vt 0.965173 0.955264
vt 0.975142 0.955264
vt 0.973623 0.961205
vt 0.811631 0.953021
vt 0.811631 0.960888
vt 0.113138 0.859707
vt 0.363753 0.949577
vt 0.363753 0.936574
vt 0.368330 0.936971
vt 0.141179 0.949827
vt 0.141179 0.936574
vt 0.145870 0.945473
vt 0.991178 0.648689
vt 0.992143 0.643264
vt 0.997182 0.648689
vt 0.928783 0.429862
vt 0.926017 0.423914
vt 0.294854 0.991847
vt 0.670019 0.700607
vt 0.672049 0.693466
vt 0.862964 0.105717
vt 0.869906 0.115267
vt 0.095948 0.977528
vt 0.095948 0.967466
vt 0.099221 0.973031
vt 0.096007 0.970418
vt 0.015708 0.732220
vt 0.020002 0.735020
vt 0.018524 0.725221
vt 0.023414 0.730924
vt 0.991178 0.923740
vt 0.991178 0.921135
vt 0.995287 0.921589
vt 0.995793 0.923231
vt 0.250220 0.862864
vt 0.991178 0.831907
vt 0.993640 0.830676
vt 0.996332 0.829253
vt 0.996332 0.833765
vt 0.687813 0.877310
vt 0.693779 0.880712
vt 0.991543 0.870506
vt 0.996194 0.873122
vt 0.991178 0.873122
vt 0.955144 0.654470
vt 0.961529 0.654470
vt 0.956646 0.659018
vt 0.949845 0.655661
vt 0.893319 0.597473
vt 0.893319 0.615958
vt 0.881240 0.611764
vt 0.882244 0.597890
vt 0.994612 0.015083
vt 0.991178 0.010998
vt 0.997375 0.010998
vt 0.998392 0.014800
vt 0.422461 0.627551
vt 0.420910 0.625256
vt 0.287267 0.513698
vt 0.962018 0.960645
vt 0.960021 0.957885
vt 0.961986 0.955219
vt 0.962018 0.953021
vt 0.155532 0.992628
vt 0.155689 0.992171
vt 0.155532 0.991847
vt 0.155769 0.992055
vt 0.993239 0.986626
vt 0.992976 0.986478
vt 0.993087 0.986231
vt 0.993530 0.986230
vt 0.993289 0.971258
vt 0.993659 0.971756
vt 0.993256 0.971890
vt 0.993024 0.971401
vt 0.994238 0.972564
vt 0.993973 0.972556
vt 0.993905 0.972313
vt 0.994185 0.972205
vt 0.994200 0.985305
vt 0.994090 0.985757
vt 0.993765 0.985733
vt 0.993934 0.985314
vt 0.993316 0.985733
vt 0.993493 0.985333
vt 0.994049 0.986207
vt 0.993533 0.972537
vt 0.993073 0.972534
vt 0.993034 0.972397
vt 0.993478 0.972376
vt 0.992855 0.985735
vt 0.993033 0.985336
vt 0.992398 0.985744
vt 0.992572 0.985341
vt 0.992638 0.986224
vt 0.992190 0.986207
vt 0.991821 0.986029
vt 0.991953 0.985716
vt 0.118858 0.992278
vt 0.118781 0.991847
vt 0.118932 0.991862
vt 0.118908 0.992279
vt 0.118870 0.992680
vt 0.118811 0.992688
vt 0.118837 0.993004
vt 0.118781 0.993096
vt 0.991881 0.971832
vt 0.992243 0.971661
vt 0.992458 0.972130
vt 0.992027 0.972185
vt 0.991580 0.972191
vt 0.991588 0.971970
vt 0.992127 0.972398
vt 0.991677 0.972396
vt 0.991344 0.972392
vt 0.991178 0.972208
vt 0.991696 0.972534
vt 0.991366 0.972564
vt 0.991325 0.985305
vt 0.991656 0.985335
vt 0.991520 0.985698
vt 0.991178 0.985720
vt 0.992109 0.985334
vt 0.991456 0.985852
vt 0.259223 0.992235
vt 0.259033 0.992223
vt 0.259033 0.991847
vt 0.259103 0.991922
vt 0.992149 0.972535
vt 0.992586 0.972402
vt 0.992612 0.972529
vt 0.992859 0.972007
vt 0.992617 0.971486
vt 0.245682 0.992220
vt 0.245682 0.991847
vt 0.245883 0.992166
vt 0.245882 0.992276
vt 0.992570 0.986391
vt 0.994095 0.971673
vt 0.142905 0.992662
vt 0.142864 0.992274
vt 0.142864 0.991847
vt 0.142927 0.992171
vt 0.255938 0.992098
vt 0.255957 0.992261
vt 0.255810 0.991850
vt 0.255957 0.991847
vt 0.374195 0.743547
vt 0.377972 0.747740
vt 0.369735 0.752838
vt 0.368725 0.745557
vt 0.367090 0.737319
vt 0.375176 0.737944
vt 0.381822 0.738680
vt 0.482963 0.115005
vt 0.484603 0.106212
vt 0.494615 0.109266
vt 0.490359 0.119833
vt 0.753697 0.940297
vt 0.753391 0.949136
vt 0.748829 0.945596
vt 0.748829 0.936574
vt 0.478057 0.116359
vt 0.477300 0.104806
vt 0.395422 0.976671
vt 0.389921 0.977047
vt 0.389921 0.967466
vt 0.395218 0.967594
vt 0.987273 0.077538
vt 0.980679 0.077538
vt 0.978913 0.068989
vt 0.987736 0.072011
vt 0.375897 0.727269
vt 0.381244 0.724774
vt 0.368917 0.730075
vt 0.363430 0.725561
vt 0.372053 0.721115
vt 0.178934 0.988555
vt 0.179386 0.980604
vt 0.183559 0.981355
vt 0.184412 0.988555
vt 0.808670 0.258177
vt 0.806159 0.264754
vt 0.800347 0.251047
vt 0.806624 0.249958
vt 0.363015 0.745574
vt 0.359166 0.751706
vt 0.359166 0.736684
vt 0.497511 0.093247
vt 0.501444 0.098269
vt 0.495386 0.098291
vt 0.495333 0.092351
vt 0.373127 0.943021
vt 0.375350 0.939682
vt 0.377208 0.949502
vt 0.371406 0.949354
vt 0.371406 0.940858
vt 0.372307 0.936574
vt 0.434937 0.774450
vt 0.428907 0.771076
vt 0.434174 0.766443
vt 0.440371 0.769156
vt 0.146941 0.009746
vt 0.148635 0.003300
vt 0.154890 0.002936
vt 0.152330 0.011732
vt 0.426617 0.761186
vt 0.436165 0.759960
vt 0.424588 0.772317
vt 0.419418 0.763643
vt 0.486955 0.093611
vt 0.481081 0.093995
vt 0.482206 0.082437
vt 0.486541 0.080724
vt 0.491438 0.088807
vt 0.476611 0.085108
vt 0.505698 0.380211
vt 0.511947 0.380668
vt 0.515099 0.396312
vt 0.506724 0.393173
vt 0.498880 0.390244
vt 0.500097 0.377163
vt 0.898722 0.718708
vt 0.894629 0.725995
vt 0.892116 0.722844
vt 0.896023 0.715583
vt 0.505475 0.368132
vt 0.511250 0.367314
vt 0.500939 0.369337
vt 0.100750 0.521521
vt 0.094924 0.526859
vt 0.090077 0.512149
vt 0.099333 0.512379
vt 0.108938 0.514261
vt 0.107357 0.524012
vt 0.104760 0.533110
vt 0.494616 0.410483
vt 0.490981 0.401829
vt 0.500009 0.403454
vt 0.501708 0.414241
vt 0.489755 0.414241
vt 0.483503 0.402520
vt 0.091382 0.961321
vt 0.091440 0.953241
vt 0.097407 0.953021
vt 0.097407 0.964260
vt 0.506715 0.403885
vt 0.511102 0.410749
vt 0.115145 0.525234
vt 0.116368 0.531163
vt 0.612213 0.041307
vt 0.612473 0.032980
vt 0.619560 0.034617
vt 0.616608 0.046827
vt 0.118869 0.517416
vt 0.492251 0.078989
vt 0.495702 0.073245
vt 0.503809 0.074927
vt 0.498715 0.083141
vt 0.487774 0.073211
vt 0.446067 0.761569
vt 0.978913 0.256018
vt 0.986209 0.251705
vt 0.984901 0.251267
vt 0.987732 0.256018
vt 0.219664 0.460962
vt 0.219418 0.447292
vt 0.226223 0.445960
vt 0.226932 0.462305
vt 0.226367 0.479512
vt 0.220566 0.476869
vt 0.991179 0.955576
vt 0.992413 0.953431
vt 0.995068 0.955576
vt 0.992305 0.954609
vt 0.995123 0.809281
vt 0.996677 0.810604
vt 0.991178 0.810604
vt 0.992988 0.808377
vt 0.905595 0.956688
vt 0.902842 0.962534
vt 0.898605 0.963606
vt 0.898605 0.953021
vt 0.953027 0.116059
vt 0.949845 0.109369
vt 0.961867 0.110124
vt 0.961867 0.116042
vt 0.994641 0.960176
vt 0.993335 0.959720
vt 0.993133 0.959391
vt 0.993064 0.959035
vt 0.117735 0.869291
vt 0.116812 0.866811
vt 0.118568 0.866738
vt 0.122218 0.872188
vt 0.991178 0.960176
vt 0.992546 0.958652
vt 0.010103 0.994757
vt 0.009888 0.992540
vt 0.010103 0.991847
vt 0.009963 0.992297
vt 0.126073 0.868118
vt 0.123772 0.877188
vt 0.409010 0.957023
vt 0.406455 0.964167
vt 0.406455 0.954252
vt 0.407831 0.953021
vt 0.123237 0.881534
vt 0.117129 0.877160
vt 0.490689 0.066570
vt 0.482454 0.073846
vt 0.487966 0.065482
vt 0.499661 0.068159
vt 0.506364 0.939911
vt 0.510676 0.936574
vt 0.510676 0.944666
vt 0.506930 0.949470
vt 0.619015 0.972462
vt 0.619271 0.970834
vt 0.623691 0.967466
vt 0.623691 0.976909
vt 0.505881 0.359669
vt 0.500599 0.360208
vt 0.497137 0.354066
vt 0.507236 0.353858
vt 0.216247 0.439262
vt 0.219365 0.433937
vt 0.080196 0.857569
vt 0.085575 0.855302
vt 0.088251 0.864133
vt 0.080513 0.863283
vt 0.542720 0.372844
vt 0.545781 0.366960
vt 0.551120 0.369658
vt 0.545617 0.376419
vt 0.537655 0.371493
vt 0.540584 0.365581
vt 0.929077 0.159027
vt 0.918363 0.162386
vt 0.912605 0.156063
vt 0.922499 0.156063
vt 0.922589 0.905966
vt 0.915642 0.903996
vt 0.912605 0.899510
vt 0.928153 0.899510
vt 0.875309 0.868521
vt 0.869317 0.875309
vt 0.869317 0.859542
vt 0.874632 0.855318
vt 0.492438 0.373754
vt 0.495953 0.364672
vt 0.536194 0.359345
vt 0.543946 0.355771
vt 0.108280 0.476353
vt 0.115274 0.475409
vt 0.116881 0.485554
vt 0.107312 0.483856
vt 0.116225 0.880988
vt 0.120271 0.884314
vt 0.504293 0.069063
vt 0.002507 0.793593
vt 0.007745 0.792655
vt 0.008590 0.799336
vt 0.002476 0.799557
vt 0.424876 0.745488
vt 0.433794 0.745435
vt 0.431088 0.747864
vt 0.421896 0.748053
vt 0.418642 0.754862
vt 0.428247 0.754185
vt 0.009005 0.808392
vt 0.002260 0.809458
vt 0.440188 0.745435
vt 0.438988 0.752259
vt 0.118869 0.500560
vt 0.108440 0.498812
vt 0.080196 0.873180
vt 0.087481 0.875309
vt 0.612213 0.001842
vt 0.618847 0.002685
vt 0.618952 0.016429
vt 0.612918 0.016319
vt 0.484255 0.384225
vt 0.487224 0.370240
vt 0.490312 0.387263
vt 0.961088 0.877805
vt 0.949845 0.878298
vt 0.952140 0.870733
vt 0.961088 0.871217
vt 0.098460 0.496565
vt 0.099230 0.481414
vt 0.092562 0.495315
vt 0.536446 0.344691
vt 0.543406 0.342217
vt 0.551120 0.354466
vt 0.490130 0.359179
vt 0.898722 0.729311
vt 0.896808 0.733026
vt 0.446660 0.752804
vt 0.474240 0.074699
vt 0.965173 0.763606
vt 0.975003 0.763606
vt 0.975291 0.769872
vt 0.966125 0.769377
vt 0.894115 0.980604
vt 0.893130 0.985534
vt 0.894115 0.988049
vt 0.891678 0.983963
vt 0.478935 0.063247
vt 0.988102 0.025751
vt 0.978913 0.025751
vt 0.983779 0.023292
vt 0.987747 0.024282
vt 0.009005 0.817675
vt 0.002403 0.817473
vt 0.216247 0.491030
vt 0.221230 0.493487
vt 0.949845 0.422246
vt 0.950029 0.415910
vt 0.961680 0.415910
vt 0.959832 0.421719
vt 0.154560 0.022750
vt 0.148978 0.023184
vt 0.504293 0.111862
vt 0.802858 0.238214
vt 0.808670 0.238361
vt 0.496960 0.124272
vt 0.154890 0.034220
vt 0.149831 0.032822
vt 0.023369 0.994296
vt 0.024767 0.991847
vt 0.024876 0.994296
vt 0.024746 0.994026
vt 0.920313 0.540224
vt 0.912605 0.539493
vt 0.918212 0.534041
vt 0.928639 0.534041
vt 0.119893 0.864969
vt 0.116225 0.864789
vt 0.248959 0.992022
vt 0.249291 0.991847
vt 0.249291 0.992256
vt 0.029304 0.991847
vt 0.028206 0.994281
vt 0.027952 0.991847
vt 0.994592 0.963701
vt 0.991178 0.963701
vt 0.993012 0.963252
vt 0.020293 0.994425
vt 0.018174 0.994008
vt 0.018174 0.991847
vt 0.019973 0.992880
vt 0.987539 0.602667
vt 0.978913 0.602667
vt 0.986763 0.600245
vt 0.053470 0.925013
vt 0.046658 0.933426
vt 0.046658 0.920551
vt 0.049177 0.918008
vt 0.060675 0.991847
vt 0.060941 0.991938
vt 0.060844 0.992236
vt 0.060741 0.992204
vt 0.062035 0.992314
vt 0.062149 0.991884
vt 0.062307 0.991848
vt 0.062503 0.992283
vt 0.062065 0.992524
vt 0.061808 0.992435
vt 0.061856 0.992253
vt 0.062238 0.992430
vt 0.105183 0.992983
vt 0.105052 0.993047
vt 0.104941 0.992650
vt 0.105183 0.992612
vt 0.236150 0.991847
vt 0.236276 0.992286
vt 0.236040 0.992286
vt 0.236081 0.991847
vt 0.242557 0.992288
vt 0.242564 0.991861
vt 0.242557 0.991847
vt 0.242606 0.992134
vt 0.129243 0.991847
vt 0.129234 0.991876
vt 0.129279 0.992355
vt 0.129221 0.992345
vt 0.060786 0.993543
vt 0.060781 0.993039
vt 0.060971 0.993077
vt 0.060963 0.993551
vt 0.060682 0.993753
vt 0.060675 0.993836
vt 0.229366 0.992303
vt 0.229366 0.991956
vt 0.229429 0.991847
vt 0.229546 0.992178
vt 0.104617 0.993255
vt 0.104551 0.992903
vt 0.104652 0.992799
vt 0.104759 0.993187
vt 0.104791 0.992721
vt 0.104904 0.993117
vt 0.226290 0.992205
vt 0.226165 0.992308
vt 0.226165 0.991988
vt 0.226176 0.991847
vt 0.104742 0.992342
vt 0.104941 0.992271
vt 0.223089 0.992191
vt 0.222945 0.992349
vt 0.222960 0.992013
vt 0.222945 0.991847
vt 0.104971 0.991894
vt 0.105183 0.991847
vt 0.105183 0.992229
vt 0.219869 0.992214
vt 0.219695 0.992347
vt 0.219695 0.992040
vt 0.219706 0.991847
vt 0.061879 0.992772
vt 0.061712 0.992836
vt 0.061533 0.993127
vt 0.061375 0.993164
vt 0.061459 0.992767
vt 0.061543 0.992373
vt 0.061235 0.992715
vt 0.061309 0.992320
vt 0.061384 0.992090
vt 0.061608 0.992168
vt 0.061079 0.992277
vt 0.061163 0.992015
vt 0.061011 0.992668
vt 0.060809 0.992627
vt 0.129221 0.992748
vt 0.129247 0.992789
vt 0.060813 0.992593
vt 0.061199 0.993134
vt 0.061063 0.993487
vt 0.061127 0.993362
vt 0.708896 0.353566
vt 0.711413 0.364045
vt 0.701998 0.366604
vt 0.701371 0.353966
vt 0.914988 0.663290
vt 0.912605 0.657214
vt 0.928267 0.657214
vt 0.924394 0.665723
vt 0.700927 0.344882
vt 0.711413 0.346809
vt 0.375933 0.771501
vt 0.382680 0.768871
vt 0.383623 0.778622
vt 0.374573 0.778183
vt 0.368329 0.768002
vt 0.372274 0.759124
vt 0.364842 0.777675
vt 0.305637 0.555699
vt 0.304140 0.544304
vt 0.313382 0.540741
vt 0.313382 0.558324
vt 0.427954 0.228941
vt 0.434991 0.223927
vt 0.439455 0.233473
vt 0.428535 0.236630
vt 0.711120 0.374789
vt 0.703576 0.378397
vt 0.768513 0.428398
vt 0.765220 0.421980
vt 0.773389 0.419857
vt 0.775484 0.429378
vt 0.775092 0.435581
vt 0.767965 0.433689
vt 0.869417 0.349413
vt 0.865499 0.352534
vt 0.862990 0.344313
vt 0.869906 0.343242
vt 0.803068 0.603375
vt 0.803723 0.595348
vt 0.812272 0.598422
vt 0.808065 0.608754
vt 0.797087 0.606322
vt 0.795962 0.596111
vt 0.313667 0.878848
vt 0.320586 0.876756
vt 0.320586 0.887513
vt 0.313362 0.886267
vt 0.210080 0.961644
vt 0.203808 0.964151
vt 0.203808 0.953021
vt 0.208949 0.955091
vt 0.517934 0.117738
vt 0.513904 0.112408
vt 0.521286 0.112029
vt 0.523683 0.117672
vt 0.524105 0.124272
vt 0.513904 0.123200
vt 0.886561 0.850094
vt 0.887560 0.842044
vt 0.893231 0.841820
vt 0.892793 0.848908
vt 0.382998 0.787057
vt 0.372138 0.786474
vt 0.462396 0.974423
vt 0.461341 0.971998
vt 0.468724 0.967466
vt 0.468724 0.976857
vt 0.926485 0.749957
vt 0.913753 0.751275
vt 0.912605 0.744954
vt 0.928321 0.744954
vt 0.417843 0.735288
vt 0.417334 0.741565
vt 0.414216 0.739090
vt 0.412037 0.734066
vt 0.407867 0.726277
vt 0.412613 0.723599
vt 0.814660 0.002644
vt 0.820759 0.001603
vt 0.821277 0.012932
vt 0.814860 0.011886
vt 0.402826 0.733746
vt 0.401024 0.726381
vt 0.519944 0.106040
vt 0.516100 0.102228
vt 0.461321 0.849300
vt 0.464670 0.851465
vt 0.463985 0.858666
vt 0.457514 0.858773
vt 0.607688 0.827805
vt 0.614434 0.824885
vt 0.615402 0.826581
vt 0.608245 0.832429
vt 0.416482 0.748064
vt 0.405208 0.746804
vt 0.404157 0.739841
vt 0.561725 0.603744
vt 0.567338 0.597535
vt 0.577518 0.606704
vt 0.567922 0.612326
vt 0.623718 0.497342
vt 0.621935 0.504056
vt 0.616960 0.511777
vt 0.610413 0.507298
vt 0.454718 0.849018
vt 0.451474 0.856373
vt 0.581030 0.633063
vt 0.575967 0.634332
vt 0.573169 0.629431
vt 0.582392 0.626840
vt 0.591224 0.630475
vt 0.583855 0.639208
vt 0.573837 0.639372
vt 0.781654 0.430021
vt 0.779233 0.437654
vt 0.869906 0.358732
vt 0.869238 0.363811
vt 0.861629 0.357714
vt 0.389149 0.750994
vt 0.387236 0.746549
vt 0.395884 0.747626
vt 0.397015 0.753595
vt 0.974988 0.405656
vt 0.967178 0.405456
vt 0.965173 0.400392
vt 0.975541 0.400392
vt 0.965473 0.818634
vt 0.965173 0.813794
vt 0.975292 0.813794
vt 0.970430 0.819205
vt 0.069684 0.777401
vt 0.064163 0.779717
vt 0.063772 0.769099
vt 0.069854 0.771971
vt 0.076583 0.769388
vt 0.077356 0.779209
vt 0.074415 0.788539
vt 0.072698 0.760824
vt 0.613732 0.530086
vt 0.605704 0.533553
vt 0.603760 0.520354
vt 0.614362 0.521895
vt 0.623761 0.523715
vt 0.619865 0.533186
vt 0.613199 0.540314
vt 0.437878 0.241789
vt 0.427954 0.246743
vt 0.812142 0.639820
vt 0.805318 0.641173
vt 0.804704 0.628074
vt 0.812272 0.628767
vt 0.949850 0.963451
vt 0.949733 0.954807
vt 0.956945 0.953021
vt 0.956945 0.963558
vt 0.566358 0.634031
vt 0.861059 0.557894
vt 0.854001 0.560126
vt 0.854506 0.550089
vt 0.862701 0.549483
vt 0.133846 0.976059
vt 0.133520 0.967466
vt 0.139410 0.968196
vt 0.139410 0.977368
vt 0.866304 0.160293
vt 0.860746 0.159777
vt 0.858565 0.150649
vt 0.866207 0.152302
vt 0.854001 0.540578
vt 0.862310 0.538857
vt 0.844660 0.781247
vt 0.843620 0.770244
vt 0.849176 0.770988
vt 0.850094 0.781654
vt 0.562566 0.623683
vt 0.570632 0.621348
vt 0.845781 0.759251
vt 0.850094 0.760134
vt 0.561725 0.612941
vt 0.582281 0.617279
vt 0.592544 0.615604
vt 0.584019 0.600000
vt 0.898345 0.346661
vt 0.905802 0.346661
vt 0.905927 0.361067
vt 0.897980 0.363811
vt 0.821277 0.027016
vt 0.812903 0.025447
vt 0.603760 0.502815
vt 0.616246 0.495390
vt 0.126188 0.918008
vt 0.135073 0.919580
vt 0.134319 0.933132
vt 0.126188 0.933197
vt 0.464670 0.869906
vt 0.456947 0.868608
vt 0.693476 0.380021
vt 0.691602 0.367389
vt 0.804877 0.615635
vt 0.812272 0.615250
vt 0.075292 0.509759
vt 0.076273 0.499705
vt 0.082848 0.499665
vt 0.082543 0.511497
vt 0.086450 0.788859
vt 0.086154 0.778888
vt 0.362015 0.787057
vt 0.692677 0.355173
vt 0.858425 0.139326
vt 0.866304 0.142133
vt 0.624963 0.513737
vt 0.937746 0.513964
vt 0.944932 0.516779
vt 0.945953 0.522433
vt 0.937142 0.518799
vt 0.609114 0.837407
vt 0.617507 0.835441
vt 0.615307 0.843533
vt 0.607688 0.844691
vt 0.406684 0.752596
vt 0.356348 0.758842
vt 0.358049 0.767504
vt 0.774886 0.337590
vt 0.776251 0.350714
vt 0.770080 0.351204
vt 0.768534 0.338951
vt 0.769708 0.322782
vt 0.776251 0.322366
vt 0.086450 0.768544
vt 0.857003 0.348706
vt 0.886115 0.505412
vt 0.884740 0.514597
vt 0.878681 0.515099
vt 0.879078 0.506998
vt 0.878681 0.498531
vt 0.885418 0.495987
vt 0.395833 0.740574
vt 0.388032 0.740470
vt 0.388062 0.733359
vt 0.395617 0.734172
vt 0.387236 0.726527
vt 0.394451 0.727454
vt 0.421445 0.367719
vt 0.421437 0.375062
vt 0.414576 0.373454
vt 0.417136 0.364590
vt 0.320248 0.893955
vt 0.315966 0.895120
vt 0.780750 0.420742
vt 0.771574 0.409054
vt 0.781654 0.411788
vt 0.421445 0.381750
vt 0.414397 0.381822
vt 0.694218 0.347298
vt 0.626764 0.832991
vt 0.622863 0.843502
vt 0.005367 0.779289
vt 0.015623 0.781702
vt 0.021613 0.789561
vt 0.012374 0.792461
vt 0.757454 0.411924
vt 0.916758 0.375161
vt 0.928833 0.375507
vt 0.928474 0.381184
vt 0.912604 0.381184
vt 0.803185 0.585702
vt 0.812272 0.582683
vt 0.928860 0.123810
vt 0.929078 0.130106
vt 0.912605 0.130106
vt 0.913477 0.123424
vt 0.886561 0.833168
vt 0.893319 0.832105
vt 0.075292 0.489259
vt 0.081570 0.491728
vt 0.409398 0.754639
vt 0.933071 0.522433
vt 0.932349 0.519388
vt 0.933106 0.514223
vt 0.772168 0.987293
vt 0.772168 0.980750
vt 0.774802 0.980604
vt 0.778988 0.987929
vt 0.618167 0.821388
vt 0.982898 0.915747
vt 0.986990 0.923434
vt 0.978913 0.923434
vt 0.978913 0.163418
vt 0.979089 0.156041
vt 0.983957 0.154839
vt 0.987623 0.163418
vt 0.628015 0.918008
vt 0.628015 0.932710
vt 0.622056 0.920442
vt 0.009814 0.764694
vt 0.021613 0.774216
vt 0.187793 0.404274
vt 0.187079 0.411864
vt 0.179077 0.414298
vt 0.181882 0.400897
vt 0.194646 0.400871
vt 0.196463 0.409424
vt 0.191521 0.392420
vt 0.934962 0.849561
vt 0.943916 0.847647
vt 0.945649 0.856906
vt 0.932349 0.856906
vt 0.012254 0.823131
vt 0.018399 0.819512
vt 0.020723 0.828059
vt 0.013779 0.831995
vt 0.002041 0.831538
vt 0.003754 0.821776
vt 0.792461 0.039925
vt 0.791372 0.049175
vt 0.783850 0.049487
vt 0.785950 0.035297
vt 0.189854 0.417808
vt 0.187032 0.425884
vt 0.198096 0.416745
vt 0.025215 0.832398
vt 0.016095 0.842890
vt 0.220885 0.405595
vt 0.207003 0.400994
vt 0.208149 0.393867
vt 0.220547 0.396842
vt 0.216151 0.412376
vt 0.207698 0.408611
vt 0.231749 0.393828
vt 0.233607 0.400704
vt 0.226811 0.415079
vt 0.220997 0.419955
vt 0.236138 0.409149
vt 0.242744 0.404911
vt 0.242975 0.398134
vt 0.252418 0.400440
vt 0.249787 0.409304
vt 0.240821 0.417652
vt 0.464683 0.363811
vt 0.465577 0.352329
vt 0.471874 0.351888
vt 0.470298 0.362233
vt 0.932349 0.107840
vt 0.932349 0.103106
vt 0.936339 0.102715
vt 0.936517 0.108974
vt 0.253948 0.396283
vt 0.242879 0.392420
vt 0.376711 0.631929
vt 0.371213 0.632167
vt 0.372940 0.623159
vt 0.381419 0.622342
vt 0.946457 0.101887
vt 0.945334 0.109466
vt 0.207013 0.413475
vt 0.210865 0.417340
vt 0.792461 0.059296
vt 0.787741 0.063037
vt 0.214302 0.423198
vt 0.949845 0.727921
vt 0.953957 0.724339
vt 0.958710 0.722816
vt 0.961428 0.727921
vt 0.194151 0.759587
vt 0.188321 0.755328
vt 0.191364 0.742795
vt 0.199916 0.747855
vt 0.843337 0.920582
vt 0.843337 0.932333
vt 0.836380 0.929058
vt 0.835781 0.918008
vt 0.381822 0.607569
vt 0.373728 0.612858
vt 0.371040 0.604192
vt 0.379514 0.601217
vt 0.965393 0.692687
vt 0.965173 0.688133
vt 0.975336 0.686926
vt 0.974932 0.692687
vt 0.710529 0.021291
vt 0.711561 0.009359
vt 0.720252 0.009863
vt 0.719088 0.021374
vt 0.682597 0.896921
vt 0.673415 0.891929
vt 0.674936 0.885253
vt 0.682208 0.885617
vt 0.668977 0.888652
vt 0.671447 0.880996
vt 0.975051 0.203470
vt 0.975581 0.209132
vt 0.965173 0.209132
vt 0.966604 0.202246
vt 0.996690 0.721163
vt 0.991178 0.721163
vt 0.991595 0.716309
vt 0.996913 0.715746
vt 0.682597 0.878828
vt 0.269318 0.969748
vt 0.274196 0.967466
vt 0.274196 0.977170
vt 0.268632 0.977139
vt 0.658852 0.946786
vt 0.651366 0.949016
vt 0.651366 0.939606
vt 0.660384 0.936574
vt 0.362952 0.931682
vt 0.362708 0.921228
vt 0.367353 0.918008
vt 0.367353 0.933186
vt 0.843154 0.541065
vt 0.844413 0.533980
vt 0.849706 0.534966
vt 0.849056 0.543771
vt 0.850094 0.555887
vt 0.843154 0.556523
vt 0.375166 0.588466
vt 0.376077 0.593077
vt 0.365240 0.595339
vt 0.365853 0.589499
vt 0.363467 0.608487
vt 0.358298 0.600812
vt 0.366641 0.615122
vt 0.364162 0.621284
vt 0.358298 0.613880
vt 0.676463 0.810173
vt 0.676133 0.820374
vt 0.669623 0.823078
vt 0.669623 0.811233
vt 0.670447 0.800612
vt 0.676173 0.799474
vt 0.682131 0.797802
vt 0.682597 0.808990
vt 0.181236 0.768058
vt 0.175194 0.769047
vt 0.170765 0.756244
vt 0.179851 0.754259
vt 0.188566 0.767428
vt 0.170765 0.739805
vt 0.180611 0.740700
vt 0.471846 0.316974
vt 0.469404 0.330262
vt 0.465780 0.329833
vt 0.465931 0.316877
vt 0.464683 0.299362
vt 0.471557 0.299415
vt 0.471101 0.340120
vt 0.465209 0.340930
vt 0.361638 0.627852
vt 0.720419 0.001761
vt 0.712421 0.002166
vt 0.223921 0.427034
vt 0.218407 0.428649
vt 0.231106 0.423234
vt 0.720419 0.033674
vt 0.713520 0.036021
vt 0.002041 0.842533
vt 0.943569 0.320852
vt 0.932937 0.319804
vt 0.932349 0.313606
vt 0.946202 0.313606
vt 0.743008 0.918008
vt 0.743008 0.931373
vt 0.736971 0.932575
vt 0.737347 0.919143
vt 0.451164 0.949546
vt 0.451164 0.939989
vt 0.454382 0.936574
vt 0.455415 0.943223
vt 0.788093 0.375218
vt 0.783948 0.369677
vt 0.794262 0.361521
vt 0.793910 0.371638
vt 0.794262 0.385167
vt 0.787129 0.389026
vt 0.781787 0.385753
vt 0.578889 0.700933
vt 0.567238 0.700320
vt 0.564376 0.695487
vt 0.576430 0.691958
vt 0.576384 0.703648
vt 0.571009 0.703267
vt 0.583539 0.714968
vt 0.577531 0.711037
vt 0.937803 0.088077
vt 0.940104 0.083045
vt 0.946380 0.077854
vt 0.946380 0.088094
vt 0.932349 0.086361
vt 0.935331 0.081394
vt 0.583539 0.693377
vt 0.582140 0.687934
vt 0.539208 0.239570
vt 0.540312 0.249528
vt 0.533345 0.249970
vt 0.532412 0.238592
vt 0.532530 0.229510
vt 0.545168 0.234629
vt 0.547518 0.249976
vt 0.558660 0.190706
vt 0.552935 0.189179
vt 0.555676 0.179929
vt 0.565529 0.186113
vt 0.557067 0.200497
vt 0.550042 0.201580
vt 0.183624 0.922633
vt 0.189605 0.918008
vt 0.190189 0.933244
vt 0.182637 0.933244
vt 0.944989 0.336012
vt 0.946167 0.342546
vt 0.932349 0.342546
vt 0.936885 0.334771
vt 0.634701 0.926418
vt 0.631974 0.919075
vt 0.642582 0.918008
vt 0.642963 0.925630
vt 0.644311 0.932333
vt 0.631091 0.932333
vt 0.511172 0.859156
vt 0.508681 0.852037
vt 0.517545 0.852913
vt 0.516863 0.862701
vt 0.604599 0.988166
vt 0.597937 0.988166
vt 0.597809 0.981426
vt 0.604900 0.980604
vt 0.991178 0.194328
vt 0.997948 0.194731
vt 0.997977 0.200803
vt 0.991178 0.200940
vt 0.562440 0.227419
vt 0.556379 0.230534
vt 0.556492 0.222673
vt 0.565529 0.221451
vt 0.885488 0.303592
vt 0.895120 0.302381
vt 0.894903 0.311326
vt 0.884272 0.311247
vt 0.927444 0.722683
vt 0.928281 0.729988
vt 0.912604 0.729988
vt 0.917110 0.722626
vt 0.967426 0.630814
vt 0.975154 0.631066
vt 0.975290 0.638520
vt 0.965173 0.638520
vt 0.100617 0.777055
vt 0.099708 0.786191
vt 0.092294 0.788420
vt 0.093152 0.779821
vt 0.105795 0.777871
vt 0.106262 0.790108
vt 0.101782 0.773171
vt 0.106262 0.770741
vt 0.830039 0.779853
vt 0.831468 0.771435
vt 0.837487 0.773980
vt 0.835748 0.778229
vt 0.512593 0.976999
vt 0.509800 0.972102
vt 0.513749 0.967466
vt 0.513749 0.972754
vt 0.830039 0.756382
vt 0.836869 0.757795
vt 0.541725 0.204527
vt 0.547696 0.214629
vt 0.539177 0.218759
vt 0.575297 0.716705
vt 0.576286 0.722220
vt 0.567018 0.720113
vt 0.570381 0.715658
vt 0.569467 0.709764
vt 0.561041 0.710982
vt 0.094676 0.797864
vt 0.886048 0.318341
vt 0.895120 0.320586
vt 0.867018 0.800607
vt 0.864906 0.791181
vt 0.871307 0.790518
vt 0.873508 0.801141
vt 0.872432 0.810471
vt 0.864906 0.807008
vt 0.549386 0.222994
vt 0.545400 0.229681
vt 0.556462 0.212622
vt 0.539454 0.270424
vt 0.539906 0.261220
vt 0.546669 0.258991
vt 0.545698 0.273133
vt 0.533710 0.274294
vt 0.532412 0.262957
vt 0.538526 0.282764
vt 0.949845 0.847388
vt 0.949948 0.840939
vt 0.961146 0.841372
vt 0.961155 0.847388
vt 0.527707 0.862701
vt 0.526155 0.852995
vt 0.945900 0.645322
vt 0.932777 0.645306
vt 0.932349 0.638669
vt 0.945917 0.638669
vt 0.525656 0.842324
vt 0.517718 0.842298
vt 0.339426 0.918008
vt 0.341525 0.925258
vt 0.328718 0.924887
vt 0.326848 0.918008
vt 0.509926 0.841482
vt 0.340940 0.932723
vt 0.329254 0.931609
vt 0.682597 0.302113
vt 0.682445 0.313382
vt 0.675121 0.312598
vt 0.676308 0.302201
vt 0.676567 0.291088
vt 0.680431 0.290752
vt 0.564771 0.211062
vt 0.565231 0.199942
vt 0.902652 0.270157
vt 0.902994 0.257280
vt 0.909529 0.253495
vt 0.909529 0.268185
vt 0.946190 0.185881
vt 0.932349 0.185881
vt 0.935302 0.180298
vt 0.946418 0.179220
vt 0.675121 0.276554
vt 0.681252 0.277128
vt 0.945808 0.809491
vt 0.945176 0.815230
vt 0.932942 0.816436
vt 0.932349 0.809491
vt 0.451435 0.933007
vt 0.450771 0.918008
vt 0.457041 0.919028
vt 0.456354 0.933007
vt 0.772063 0.289609
vt 0.768184 0.284572
vt 0.772413 0.279200
vt 0.778052 0.288865
vt 0.777860 0.298986
vt 0.770860 0.295601
vt 0.462869 0.691628
vt 0.461024 0.697632
vt 0.454317 0.693884
vt 0.459014 0.687109
vt 0.516825 0.969294
vt 0.523215 0.967466
vt 0.523215 0.976876
vt 0.517666 0.974786
vt 0.453803 0.685602
vt 0.447891 0.690682
vt 0.444087 0.685007
vt 0.451567 0.680345
vt 0.499400 0.872412
vt 0.498592 0.879393
vt 0.492351 0.872494
vt 0.498275 0.868320
vt 0.509696 0.873069
vt 0.509696 0.880712
vt 0.302576 0.264368
vt 0.300569 0.267615
vt 0.293894 0.267187
vt 0.291968 0.261270
vt 0.474329 0.850094
vt 0.474329 0.840199
vt 0.482096 0.844394
vt 0.478897 0.848496
vt 0.506156 0.866167
vt 0.504051 0.861392
vt 0.496897 0.861620
vt 0.690231 0.213346
vt 0.691602 0.221630
vt 0.684485 0.219846
vt 0.684821 0.212086
vt 0.290971 0.277596
vt 0.285587 0.273100
vt 0.296092 0.276423
vt 0.294914 0.288382
vt 0.284443 0.286898
vt 0.301094 0.285861
vt 0.859985 0.728066
vt 0.860361 0.719523
vt 0.868105 0.722586
vt 0.867730 0.729406
vt 0.868105 0.736962
vt 0.860165 0.740230
vt 0.465282 0.484780
vt 0.470138 0.490256
vt 0.461972 0.494823
vt 0.459439 0.486820
vt 0.457234 0.479466
vt 0.466844 0.478957
vt 0.475476 0.483357
vt 0.619672 0.142471
vt 0.613617 0.144283
vt 0.610606 0.134296
vt 0.620635 0.136475
vt 0.630366 0.141310
vt 0.626286 0.148643
vt 0.952525 0.809253
vt 0.961146 0.807915
vt 0.959667 0.815562
vt 0.949845 0.815562
vt 0.028445 0.988449
vt 0.021676 0.988620
vt 0.021676 0.980659
vt 0.028767 0.980604
vt 0.448906 0.876810
vt 0.442351 0.880712
vt 0.442015 0.872409
vt 0.450262 0.871803
vt 0.928622 0.512466
vt 0.923463 0.512950
vt 0.922213 0.506147
vt 0.926169 0.506514
vt 0.912604 0.512998
vt 0.912604 0.505958
vt 0.615567 0.153089
vt 0.607682 0.147044
vt 0.620090 0.152349
vt 0.618208 0.114549
vt 0.615159 0.119325
vt 0.609886 0.114624
vt 0.616302 0.108633
vt 0.624149 0.115117
vt 0.622292 0.121889
vt 0.626629 0.108445
vt 0.410323 0.858726
vt 0.418193 0.858726
vt 0.419547 0.868494
vt 0.412644 0.866485
vt 0.267061 0.895205
vt 0.269480 0.894663
vt 0.271958 0.902603
vt 0.265943 0.903472
vt 0.879063 0.853696
vt 0.876490 0.843762
vt 0.881805 0.844477
vt 0.882513 0.852990
vt 0.439910 0.493962
vt 0.442981 0.488883
vt 0.448205 0.494109
vt 0.443546 0.497933
vt 0.439909 0.501825
vt 0.435471 0.494644
vt 0.962117 0.968505
vt 0.966517 0.967466
vt 0.966517 0.976515
vt 0.960715 0.974099
vt 0.629403 0.117341
vt 0.630366 0.123099
vt 0.593954 0.148638
vt 0.600693 0.145864
vt 0.603133 0.153570
vt 0.594939 0.154421
vt 0.590015 0.146593
vt 0.592652 0.139435
vt 0.262661 0.918008
vt 0.269621 0.921264
vt 0.269621 0.933156
vt 0.261678 0.925097
vt 0.985975 0.136392
vt 0.987749 0.142981
vt 0.979792 0.142768
vt 0.978913 0.136392
vt 0.912605 0.637567
vt 0.920493 0.637978
vt 0.921547 0.644000
vt 0.912946 0.642100
vt 0.410819 0.875811
vt 0.418303 0.878185
vt 0.462897 0.501593
vt 0.474355 0.497054
vt 0.603351 0.162546
vt 0.594841 0.162214
vt 0.288634 0.987022
vt 0.283933 0.988536
vt 0.284350 0.981296
vt 0.288634 0.980604
vt 0.520881 0.291464
vt 0.522073 0.276116
vt 0.528110 0.277171
vt 0.529508 0.292706
vt 0.065695 0.560334
vt 0.077067 0.560604
vt 0.070835 0.571830
vt 0.063589 0.568582
vt 0.570543 0.953021
vt 0.570047 0.961234
vt 0.565179 0.963911
vt 0.565179 0.953982
vt 0.997091 0.365548
vt 0.997713 0.371368
vt 0.992673 0.370366
vt 0.991178 0.365548
vt 0.068254 0.554455
vt 0.076664 0.556637
vt 0.893319 0.186904
vt 0.892702 0.194883
vt 0.884197 0.195181
vt 0.885625 0.190355
vt 0.528424 0.953021
vt 0.534294 0.958546
vt 0.532884 0.963840
vt 0.528424 0.963932
vt 0.070017 0.579937
vt 0.063221 0.579196
vt 0.080137 0.570419
vt 0.083942 0.575687
vt 0.077775 0.575894
vt 0.084278 0.563376
vt 0.722015 0.888718
vt 0.731225 0.891895
vt 0.726985 0.896604
vt 0.722015 0.897864
vt 0.405300 0.980604
vt 0.412593 0.984404
vt 0.411624 0.988292
vt 0.406603 0.988292
vt 0.794941 0.974057
vt 0.786811 0.976564
vt 0.786811 0.967466
vt 0.793585 0.967798
vt 0.161915 0.956062
vt 0.163943 0.953021
vt 0.166477 0.959707
vt 0.161915 0.964283
vt 0.886529 0.201995
vt 0.893319 0.205319
vt 0.866304 0.169199
vt 0.865188 0.176668
vt 0.856785 0.177520
vt 0.860660 0.166456
vt 0.978913 0.373411
vt 0.985613 0.373411
vt 0.987573 0.379515
vt 0.979641 0.379232
vt 0.598291 0.815645
vt 0.594099 0.825524
vt 0.585159 0.821693
vt 0.591405 0.815670
vt 0.603351 0.819188
vt 0.603190 0.827351
vt 0.926795 0.953021
vt 0.926795 0.961682
vt 0.918938 0.963549
vt 0.920376 0.953156
vt 0.643458 0.981581
vt 0.650107 0.980604
vt 0.649004 0.987531
vt 0.643458 0.988098
vt 0.471949 0.973963
vt 0.471800 0.967466
vt 0.480790 0.967466
vt 0.477267 0.976770
vt 0.587314 0.837936
vt 0.580621 0.839288
vt 0.580621 0.830251
vt 0.590210 0.832606
vt 0.131727 0.778752
vt 0.136880 0.778996
vt 0.131807 0.788574
vt 0.127887 0.783530
vt 0.129661 0.772416
vt 0.136591 0.770995
vt 0.122993 0.775927
vt 0.118445 0.779366
vt 0.119944 0.785785
vt 0.112621 0.775958
vt 0.118225 0.768831
vt 0.111512 0.783731
vt 0.112796 0.788556
vt 0.120922 0.792461
vt 0.982093 0.987792
vt 0.982093 0.980604
vt 0.986322 0.980705
vt 0.986847 0.986067
vt 0.855180 0.597948
vt 0.855305 0.588224
vt 0.862701 0.586837
vt 0.862340 0.597032
vt 0.772353 0.902324
vt 0.770943 0.894883
vt 0.777243 0.894597
vt 0.778052 0.901798
vt 0.652547 0.239572
vt 0.647679 0.240668
vt 0.648686 0.231620
vt 0.653330 0.232570
vt 0.516946 0.304412
vt 0.516744 0.297500
vt 0.520517 0.306650
vt 0.514936 0.312816
vt 0.512236 0.306554
vt 0.893319 0.044750
vt 0.891265 0.051132
vt 0.886497 0.051836
vt 0.887858 0.046096
vt 0.722673 0.905927
vt 0.728366 0.902517
vt 0.858629 0.187309
vt 0.866304 0.184797
vt 0.336708 0.603327
vt 0.332806 0.598287
vt 0.341281 0.596066
vt 0.346750 0.603351
vt 0.997314 0.573186
vt 0.997314 0.577903
vt 0.991943 0.578093
vt 0.991178 0.572567
vt 0.099527 0.985803
vt 0.099509 0.980850
vt 0.105308 0.980604
vt 0.105308 0.988588
vt 0.881990 0.163895
vt 0.879447 0.156667
vt 0.886061 0.155232
vt 0.887916 0.161003
vt 0.079013 0.949756
vt 0.072532 0.948182
vt 0.073400 0.944507
vt 0.079687 0.945040
vt 0.512727 0.318785
vt 0.509168 0.315892
vt 0.519891 0.318694
vt 0.072532 0.937520
vt 0.078562 0.936574
vt 0.884812 0.139311
vt 0.880888 0.140482
vt 0.880433 0.132195
vt 0.887663 0.133075
vt 0.880862 0.145037
vt 0.887916 0.149286
vt 0.853635 0.026181
vt 0.849892 0.019344
vt 0.858973 0.018699
vt 0.859099 0.027016
vt 0.092257 0.568575
vt 0.473787 0.512551
vt 0.466993 0.521557
vt 0.462870 0.514342
vt 0.469640 0.506888
vt 0.928479 0.643107
vt 0.927284 0.637567
vt 0.858920 0.963680
vt 0.853922 0.961689
vt 0.852881 0.953233
vt 0.858920 0.953021
vt 0.425232 0.878911
vt 0.428649 0.870270
vt 0.932349 0.458517
vt 0.946120 0.458517
vt 0.944231 0.464450
vt 0.932732 0.462956
vt 0.445503 0.710092
vt 0.450133 0.702614
vt 0.457438 0.705663
vt 0.452405 0.712823
vt 0.932766 0.584420
vt 0.940283 0.584420
vt 0.939379 0.590425
vt 0.932349 0.592381
vt 0.987242 0.617978
vt 0.987323 0.622572
vt 0.978913 0.622572
vt 0.979567 0.615903
vt 0.454222 0.527334
vt 0.453532 0.520182
vt 0.450065 0.533693
vt 0.439408 0.536712
vt 0.446931 0.526505
vt 0.445343 0.523888
vt 0.445711 0.513949
vt 0.451619 0.511617
vt 0.435471 0.530411
vt 0.271958 0.911088
vt 0.263655 0.911330
vt 0.991178 0.308883
vt 0.997847 0.306870
vt 0.997847 0.312801
vt 0.992518 0.312473
vt 0.456951 0.715016
vt 0.462869 0.709454
vt 0.945929 0.585550
vt 0.944665 0.589125
vt 0.683489 0.232335
vt 0.679864 0.227831
vt 0.686372 0.225032
vt 0.688541 0.229989
vt 0.012607 0.883262
vt 0.001739 0.883895
vt 0.004004 0.874573
vt 0.010118 0.874891
vt 0.490653 0.847273
vt 0.486691 0.833329
vt 0.491686 0.839411
vt 0.011887 0.891267
vt 0.001739 0.893319
vt 0.092072 0.533739
vt 0.080562 0.537778
vt 0.075791 0.530242
vt 0.084860 0.529434
vt 0.512819 0.269541
vt 0.519561 0.265436
vt 0.514608 0.276080
vt 0.299975 0.277813
vt 0.302576 0.288654
vt 0.978913 0.514121
vt 0.985574 0.512940
vt 0.987616 0.515985
vt 0.980496 0.515985
vt 0.991178 0.139006
vt 0.992027 0.135730
vt 0.998124 0.133242
vt 0.997664 0.139006
vt 0.983803 0.743220
vt 0.987030 0.743367
vt 0.987350 0.747870
vt 0.978913 0.747870
vt 0.296283 0.303182
vt 0.286509 0.302889
vt 0.075112 0.918008
vt 0.082501 0.922223
vt 0.082688 0.933328
vt 0.075112 0.932710
vt 0.071528 0.541050
vt 0.065949 0.537136
vt 0.078511 0.544971
vt 0.069699 0.546802
vt 0.063221 0.546753
vt 0.086574 0.554676
vt 0.500691 0.523553
vt 0.499313 0.531559
vt 0.491794 0.531990
vt 0.494639 0.521294
vt 0.333089 0.560022
vt 0.338315 0.556569
vt 0.339508 0.565889
vt 0.332806 0.567916
vt 0.164573 0.864526
vt 0.165990 0.871440
vt 0.156761 0.869731
vt 0.159374 0.861027
vt 0.481708 0.510358
vt 0.489035 0.510720
vt 0.485778 0.519860
vt 0.477023 0.516467
vt 0.086407 0.542460
vt 0.096506 0.554453
vt 0.639628 0.211992
vt 0.649912 0.208994
vt 0.644400 0.220515
vt 0.640895 0.218032
vt 0.601799 0.938923
vt 0.606519 0.936574
vt 0.606519 0.949206
vt 0.600222 0.947889
vt 0.480821 0.553141
vt 0.476290 0.546303
vt 0.483408 0.543739
vt 0.486652 0.552693
vt 0.490492 0.542869
vt 0.491251 0.552682
vt 0.482570 0.531900
vt 0.496837 0.541978
vt 0.498326 0.552798
vt 0.337108 0.588242
vt 0.334279 0.578630
vt 0.339403 0.575945
vt 0.343127 0.584193
vt 0.349816 0.590740
vt 0.500691 0.561927
vt 0.492573 0.561624
vt 0.344366 0.573665
vt 0.345891 0.580015
vt 0.354945 0.584188
vt 0.345140 0.565647
vt 0.472486 0.531383
vt 0.470282 0.548791
vt 0.464657 0.531280
vt 0.903843 0.837862
vt 0.897201 0.839288
vt 0.897201 0.823102
vt 0.905926 0.822409
vt 0.905927 0.597148
vt 0.905927 0.614157
vt 0.900097 0.613286
vt 0.896925 0.599415
vt 0.104461 0.556494
vt 0.101336 0.540873
vt 0.887982 0.063037
vt 0.893319 0.060514
vt 0.855964 0.199338
vt 0.856806 0.209195
vt 0.851111 0.208871
vt 0.851772 0.197946
vt 0.653910 0.210387
vt 0.651528 0.222696
vt 0.641384 0.229816
vt 0.857298 0.219728
vt 0.850774 0.219728
vt 0.639628 0.240346
vt 0.167497 0.880712
vt 0.157803 0.879074
vt 0.150387 0.878942
vt 0.150387 0.869819
vt 0.864156 0.003756
vt 0.871268 0.002722
vt 0.871707 0.013995
vt 0.865268 0.013333
vt 0.864156 0.022700
vt 0.870151 0.023414
vt 0.063514 0.554966
vt 0.887916 0.122062
vt 0.880433 0.121097
vt 0.289736 0.316484
vt 0.282635 0.320586
vt 0.280135 0.302311
vt 0.279233 0.286505
vt 0.849449 0.005381
vt 0.859099 0.007624
vt 0.480577 0.827963
vt 0.526764 0.261850
vt 0.280297 0.270064
vt 0.676790 0.219699
vt 0.676790 0.210544
vt 0.880397 0.104824
vt 0.879809 0.113290
vt 0.874001 0.113466
vt 0.873979 0.103695
vt 0.873979 0.093657
vt 0.880712 0.095627
vt 0.773644 0.307979
vt 0.768184 0.303495
vt 0.021672 0.967466
vt 0.028046 0.967466
vt 0.026408 0.975836
vt 0.023187 0.977403
vt 0.448774 0.503605
vt 0.452864 0.500455
vt 0.458212 0.507448
vt 0.500362 0.976879
vt 0.500401 0.967466
vt 0.505454 0.967466
vt 0.506724 0.974773
vt 0.462203 0.502249
vt 0.453238 0.490481
vt 0.456982 0.497480
vt 0.448896 0.483414
vt 0.697098 0.430897
vt 0.695993 0.423870
vt 0.701846 0.420873
vt 0.704507 0.429053
vt 0.705384 0.441026
vt 0.697405 0.440063
vt 0.709618 0.429856
vt 0.711414 0.442154
vt 0.709019 0.455665
vt 0.703081 0.454245
vt 0.695993 0.449698
vt 0.602887 0.134368
vt 0.605090 0.122267
vt 0.612124 0.125846
vt 0.621557 0.129300
vt 0.630257 0.130697
vt 0.880712 0.569131
vt 0.875157 0.568301
vt 0.874846 0.558661
vt 0.880314 0.559769
vt 0.446446 0.506269
vt 0.442519 0.701770
vt 0.426316 0.858996
vt 0.529378 0.310874
vt 0.648487 0.247227
vt 0.641204 0.248544
vt 0.356607 0.596881
vt 0.855180 0.576650
vt 0.862545 0.577693
vt 0.961775 0.322983
vt 0.960632 0.329384
vt 0.952142 0.328908
vt 0.949845 0.322983
vt 0.127258 0.765321
vt 0.778052 0.885402
vt 0.771766 0.885141
vt 0.871707 0.286009
vt 0.865637 0.286366
vt 0.865531 0.277292
vt 0.871397 0.276559
vt 0.136880 0.764810
vt 0.866803 0.268836
vt 0.871707 0.266031
vt 0.598338 0.836104
vt 0.601100 0.175543
vt 0.594148 0.173294
vt 0.431795 0.880712
vt 0.433006 0.872731
vt 0.595178 0.185508
vt 0.590015 0.181282
vt 0.875973 0.549620
vt 0.880712 0.550434
vt 0.882513 0.836139
vt 0.877457 0.834509
vt 0.449816 0.861191
vt 0.441078 0.863370
vt 0.514481 0.288528
vt 0.657382 0.227117
vt 0.975555 0.447372
vt 0.965173 0.447372
vt 0.971281 0.442644
vt 0.509168 0.275463
vt 0.864045 0.987931
vt 0.864045 0.980604
vt 0.869376 0.981733
vt 0.867025 0.985129
vt 0.986370 0.104749
vt 0.978913 0.105689
vt 0.982116 0.099063
vt 0.987783 0.099063
vt 0.671294 0.637571
vt 0.674376 0.628488
vt 0.684401 0.625856
vt 0.681243 0.635529
vt 0.959819 0.370696
vt 0.961819 0.375023
vt 0.954338 0.375023
vt 0.949845 0.371815
vt 0.500697 0.022298
vt 0.500735 0.012687
vt 0.508664 0.009732
vt 0.511087 0.023010
vt 0.492129 0.019832
vt 0.492670 0.016470
vt 0.511497 0.037336
vt 0.500943 0.035099
vt 0.368366 0.568454
vt 0.372817 0.579937
vt 0.361665 0.578668
vt 0.364520 0.568889
vt 0.493184 0.052232
vt 0.499453 0.054621
vt 0.496834 0.063037
vt 0.487945 0.057339
vt 0.482626 0.046870
vt 0.491707 0.044581
vt 0.500539 0.045240
vt 0.521100 0.230778
vt 0.520079 0.223224
vt 0.529508 0.221678
vt 0.528234 0.233758
vt 0.516368 0.235399
vt 0.511965 0.226720
vt 0.523949 0.243141
vt 0.644882 0.558930
vt 0.638043 0.561927
vt 0.632939 0.549656
vt 0.642105 0.548818
vt 0.650597 0.548647
vt 0.651979 0.559633
vt 0.957894 0.384098
vt 0.950503 0.385168
vt 0.949845 0.378099
vt 0.961668 0.378099
vt 0.506906 0.055796
vt 0.510022 0.048147
vt 0.193456 0.064161
vt 0.197252 0.057703
vt 0.203888 0.062557
vt 0.195437 0.072042
vt 0.508724 0.063037
vt 0.590034 0.248544
vt 0.584328 0.245969
vt 0.583243 0.241190
vt 0.593041 0.243507
vt 0.798444 0.227445
vt 0.799665 0.234136
vt 0.788909 0.230816
vt 0.792822 0.225494
vt 0.156177 0.939393
vt 0.156422 0.944670
vt 0.148946 0.949666
vt 0.148946 0.936574
vt 0.783929 0.226287
vt 0.790906 0.220898
vt 0.590513 0.850407
vt 0.588061 0.844608
vt 0.595074 0.837579
vt 0.597948 0.849426
vt 0.593851 0.859099
vt 0.588061 0.858900
vt 0.233203 0.592536
vt 0.232508 0.583977
vt 0.241600 0.584758
vt 0.241461 0.594345
vt 0.238527 0.557383
vt 0.233247 0.554529
vt 0.240671 0.547197
vt 0.244887 0.553858
vt 0.238966 0.564469
vt 0.232508 0.565180
vt 0.581450 0.407037
vt 0.577437 0.400847
vt 0.586427 0.398952
vt 0.588458 0.405677
vt 0.599309 0.213213
vt 0.598977 0.220353
vt 0.590682 0.220844
vt 0.594269 0.210824
vt 0.605152 0.209942
vt 0.605152 0.219581
vt 0.597944 0.202220
vt 0.600501 0.228323
vt 0.592881 0.229244
vt 0.585515 0.224086
vt 0.578589 0.219282
vt 0.581960 0.217635
vt 0.586353 0.209001
vt 0.685062 0.987400
vt 0.677974 0.988041
vt 0.677974 0.980604
vt 0.685329 0.981927
vt 0.597072 0.967736
vt 0.598247 0.976179
vt 0.589421 0.976705
vt 0.589421 0.967466
vt 0.666841 0.601082
vt 0.672014 0.602160
vt 0.673346 0.607173
vt 0.663849 0.609552
vt 0.220262 0.988449
vt 0.212967 0.988449
vt 0.213848 0.980604
vt 0.219937 0.983333
vt 0.431292 0.980604
vt 0.436539 0.980604
vt 0.436744 0.988359
vt 0.431178 0.987028
vt 0.599749 0.387339
vt 0.593867 0.389502
vt 0.591309 0.379410
vt 0.599428 0.383957
vt 0.325756 0.980711
vt 0.330107 0.980604
vt 0.330107 0.988502
vt 0.325174 0.987218
vt 0.785825 0.206854
vt 0.791938 0.207863
vt 0.789780 0.214236
vt 0.782458 0.216748
vt 0.340133 0.854293
vt 0.334641 0.858135
vt 0.333461 0.848755
vt 0.342199 0.845365
vt 0.987449 0.634861
vt 0.984664 0.638736
vt 0.979141 0.634861
vt 0.978913 0.635094
vt 0.810471 0.340079
vt 0.807138 0.345801
vt 0.802603 0.340380
vt 0.803333 0.332957
vt 0.124330 0.530133
vt 0.131670 0.530831
vt 0.130237 0.542591
vt 0.121718 0.541563
vt 0.121095 0.521445
vt 0.131657 0.524017
vt 0.801009 0.326271
vt 0.805222 0.327697
vt 0.771694 0.937674
vt 0.771694 0.949076
vt 0.768186 0.948389
vt 0.766411 0.936574
vt 0.599009 0.377765
vt 0.592904 0.378255
vt 0.585086 0.391065
vt 0.583547 0.380895
vt 0.368278 0.880519
vt 0.374228 0.871034
vt 0.378220 0.874573
vt 0.368771 0.880712
vt 0.975837 0.004469
vt 0.974978 0.006060
vt 0.965173 0.006060
vt 0.970647 0.001538
vt 0.799225 0.955033
vt 0.797810 0.963884
vt 0.796208 0.960653
vt 0.796208 0.953021
vt 0.745459 0.968290
vt 0.745597 0.970837
vt 0.739263 0.976698
vt 0.739263 0.967466
vt 0.573633 0.217702
vt 0.577393 0.208525
vt 0.946599 0.048610
vt 0.935644 0.049338
vt 0.932349 0.042948
vt 0.938809 0.042948
vt 0.961085 0.850464
vt 0.957507 0.857252
vt 0.950764 0.858291
vt 0.949845 0.850464
vt 0.682597 0.574610
vt 0.678001 0.576335
vt 0.674621 0.567777
vt 0.680624 0.568132
vt 0.422922 0.920824
vt 0.426976 0.918008
vt 0.427905 0.925518
vt 0.422463 0.925968
vt 0.674523 0.682104
vt 0.674001 0.675481
vt 0.679589 0.675651
vt 0.679450 0.682597
vt 0.602304 0.294766
vt 0.602373 0.286382
vt 0.608754 0.290849
vt 0.605747 0.299940
vt 0.597195 0.294157
vt 0.595357 0.284513
vt 0.598264 0.300775
vt 0.804107 0.319466
vt 0.810471 0.320377
vt 0.872039 0.071466
vt 0.866208 0.072042
vt 0.867102 0.064776
vt 0.873508 0.064276
vt 0.395682 0.883402
vt 0.389112 0.886115
vt 0.388584 0.877283
vt 0.397610 0.876627
vt 0.405682 0.878741
vt 0.399796 0.886115
vt 0.211823 0.781552
vt 0.215162 0.776290
vt 0.221529 0.786984
vt 0.214890 0.788886
vt 0.604866 0.262682
vt 0.606564 0.270165
vt 0.599248 0.271737
vt 0.598513 0.262634
vt 0.599568 0.255126
vt 0.608754 0.257077
vt 0.369676 0.866730
vt 0.364108 0.869740
vt 0.370577 0.860978
vt 0.378220 0.864172
vt 0.364284 0.860773
vt 0.945867 0.696661
vt 0.940125 0.703755
vt 0.932349 0.703344
vt 0.934031 0.696661
vt 0.675160 0.717223
vt 0.668414 0.714774
vt 0.669832 0.705935
vt 0.679853 0.711591
vt 0.684861 0.718628
vt 0.676849 0.722711
vt 0.667943 0.723345
vt 0.145797 0.531948
vt 0.147889 0.540506
vt 0.139265 0.542013
vt 0.139265 0.530576
vt 0.799231 0.503662
vt 0.805068 0.503755
vt 0.801800 0.515099
vt 0.795066 0.510862
vt 0.797509 0.497437
vt 0.804219 0.494627
vt 0.591013 0.298606
vt 0.590653 0.291714
vt 0.647556 0.939828
vt 0.648290 0.948129
vt 0.640665 0.949097
vt 0.640665 0.936574
vt 0.681943 0.542201
vt 0.682597 0.549938
vt 0.673031 0.548468
vt 0.673862 0.540110
vt 0.672931 0.649420
vt 0.679772 0.645288
vt 0.680796 0.658261
vt 0.672951 0.657328
vt 0.592609 0.257823
vt 0.588744 0.264074
vt 0.866208 0.057908
vt 0.871713 0.051818
vt 0.581919 0.360463
vt 0.587547 0.367241
vt 0.579439 0.370752
vt 0.576948 0.364315
vt 0.991178 0.516669
vt 0.993445 0.511169
vt 0.997426 0.511169
vt 0.997322 0.515417
vt 0.357069 0.865082
vt 0.358408 0.875338
vt 0.352911 0.875525
vt 0.353623 0.866629
vt 0.189161 0.967466
vt 0.193689 0.970525
vt 0.194008 0.977192
vt 0.185634 0.977192
vt 0.936508 0.547684
vt 0.939857 0.547611
vt 0.946159 0.551783
vt 0.932349 0.551783
vt 0.648177 0.918499
vt 0.654315 0.918008
vt 0.656485 0.932513
vt 0.647387 0.932513
vt 0.139631 0.554237
vt 0.147715 0.552134
vt 0.149487 0.566337
vt 0.140699 0.569947
vt 0.129189 0.555025
vt 0.130012 0.572466
vt 0.356105 0.550804
vt 0.353812 0.542771
vt 0.364505 0.539740
vt 0.363924 0.551369
vt 0.359778 0.560887
vt 0.351662 0.555006
vt 0.348082 0.546580
vt 0.345740 0.557975
vt 0.341971 0.544383
vt 0.350982 0.534509
vt 0.491710 0.032572
vt 0.353010 0.569644
vt 0.355716 0.566414
vt 0.481697 0.034031
vt 0.483748 0.021147
vt 0.486938 0.021541
vt 0.307979 0.774167
vt 0.307526 0.787443
vt 0.301070 0.786816
vt 0.301800 0.774152
vt 0.965173 0.822280
vt 0.975446 0.822280
vt 0.973392 0.824492
vt 0.967581 0.824594
vt 0.659359 0.711212
vt 0.658022 0.706503
vt 0.686657 0.637053
vt 0.692933 0.626225
vt 0.739532 0.948850
vt 0.740240 0.938119
vt 0.745753 0.936574
vt 0.745753 0.949080
vt 0.685518 0.614525
vt 0.695204 0.611487
vt 0.085764 0.933299
vt 0.085764 0.918008
vt 0.091576 0.918798
vt 0.091718 0.933400
vt 0.484670 0.009716
vt 0.492631 0.006531
vt 0.526712 0.197248
vt 0.527835 0.208320
vt 0.518511 0.210556
vt 0.519268 0.197026
vt 0.521618 0.186233
vt 0.529508 0.187353
vt 0.307979 0.801129
vt 0.301589 0.801466
vt 0.366959 0.561699
vt 0.926333 0.037341
vt 0.912604 0.036627
vt 0.913477 0.032267
vt 0.929270 0.032267
vt 0.014406 0.918008
vt 0.019832 0.920296
vt 0.019832 0.933434
vt 0.012213 0.928832
vt 0.362418 0.530947
vt 0.371735 0.552128
vt 0.372817 0.539926
vt 0.666143 0.621696
vt 0.674166 0.618560
vt 0.375143 0.963858
vt 0.365385 0.962929
vt 0.369723 0.954442
vt 0.375143 0.953021
vt 0.682687 0.601082
vt 0.642084 0.522616
vt 0.640541 0.537239
vt 0.631044 0.537043
vt 0.632202 0.520792
vt 0.120110 0.572733
vt 0.120110 0.555015
vt 0.651979 0.525785
vt 0.650276 0.538508
vt 0.202727 0.016816
vt 0.208921 0.034144
vt 0.200580 0.033342
vt 0.198531 0.019315
vt 0.193456 0.006835
vt 0.196516 0.004350
vt 0.207938 0.050921
vt 0.199828 0.047595
vt 0.509860 0.213569
vt 0.140190 0.953021
vt 0.149164 0.953963
vt 0.149164 0.964085
vt 0.140406 0.961170
vt 0.356957 0.883558
vt 0.352911 0.884314
vt 0.569595 0.867099
vt 0.573562 0.867039
vt 0.575389 0.876758
vt 0.569059 0.876338
vt 0.578869 0.201953
vt 0.588123 0.201854
vt 0.571697 0.207900
vt 0.570063 0.201178
vt 0.576335 0.886115
vt 0.567937 0.886115
vt 0.576076 0.391345
vt 0.576076 0.381690
vt 0.589713 0.273365
vt 0.582537 0.275959
vt 0.580970 0.263052
vt 0.590314 0.284371
vt 0.677550 0.668604
vt 0.672931 0.667234
vt 0.680539 0.559819
vt 0.673051 0.557931
vt 0.669161 0.567304
vt 0.665992 0.558741
vt 0.663232 0.548855
vt 0.664134 0.539436
vt 0.661623 0.561883
vt 0.656258 0.551218
vt 0.398452 0.867570
vt 0.407037 0.867240
vt 0.795066 0.491719
vt 0.801328 0.488544
vt 0.678945 0.726973
vt 0.668678 0.729878
vt 0.498513 0.003238
vt 0.683098 0.733799
vt 0.670581 0.736217
vt 0.658022 0.738429
vt 0.658808 0.729936
vt 0.686199 0.724889
vt 0.605403 0.284495
vt 0.220540 0.798144
vt 0.211823 0.803267
vt 0.427905 0.932803
vt 0.422234 0.933081
vt 0.669910 0.575457
vt 0.595479 0.397128
vt 0.928839 0.242130
vt 0.928839 0.250022
vt 0.924491 0.251410
vt 0.920578 0.241537
vt 0.246237 0.572131
vt 0.248544 0.581136
vt 0.240568 0.574262
vt 0.597292 0.403641
vt 0.234352 0.573879
vt 0.881529 0.774829
vt 0.882513 0.785025
vt 0.877142 0.785256
vt 0.877142 0.774952
vt 0.877376 0.766089
vt 0.882270 0.766313
vt 0.914863 0.251100
vt 0.912604 0.242158
vt 0.332385 0.839605
vt 0.323567 0.850935
vt 0.323912 0.841395
vt 0.323567 0.860900
vt 0.583356 0.234541
vt 0.593767 0.237015
vt 0.798038 0.207126
vt 0.799665 0.215527
vt 0.604165 0.238184
vt 0.602404 0.248094
vt 0.109393 0.963280
vt 0.106964 0.960371
vt 0.111022 0.953021
vt 0.111022 0.964339
vt 0.519046 0.023081
vt 0.518448 0.012735
vt 0.525312 0.012235
vt 0.525906 0.023414
vt 0.518986 0.002332
vt 0.525906 0.001855
vt 0.190771 0.936574
vt 0.194350 0.942113
vt 0.195400 0.947501
vt 0.190771 0.949754
vt 0.777154 0.972991
vt 0.778858 0.967880
vt 0.783735 0.967466
vt 0.783735 0.976644
vt 0.425844 0.457666
vt 0.427594 0.442348
vt 0.435853 0.443551
vt 0.432046 0.456641
vt 0.465959 0.699615
vt 0.470834 0.698710
vt 0.475476 0.714214
vt 0.468004 0.714386
vt 0.419733 0.466600
vt 0.411995 0.463086
vt 0.418736 0.453203
vt 0.434946 0.471312
vt 0.426632 0.475310
vt 0.422284 0.439339
vt 0.111395 0.296430
vt 0.099826 0.305812
vt 0.093976 0.300516
vt 0.111452 0.288837
vt 0.125512 0.297484
vt 0.121337 0.307274
vt 0.205319 0.911330
vt 0.196868 0.910769
vt 0.196868 0.894665
vt 0.202740 0.896983
vt 0.293273 0.142547
vt 0.287484 0.146249
vt 0.287484 0.130791
vt 0.294987 0.131763
vt 0.302558 0.132941
vt 0.300307 0.144777
vt 0.297398 0.154890
vt 0.140617 0.310656
vt 0.146970 0.304861
vt 0.149456 0.311634
vt 0.142436 0.316984
vt 0.228189 0.689782
vt 0.234521 0.687895
vt 0.239539 0.705551
vt 0.233116 0.702668
vt 0.828281 0.287461
vt 0.833885 0.291845
vt 0.831706 0.298974
vt 0.821688 0.290743
vt 0.821688 0.274830
vt 0.830238 0.278786
vt 0.310128 0.141576
vt 0.310209 0.133957
vt 0.311947 0.153621
vt 0.313350 0.134667
vt 0.320586 0.136715
vt 0.361596 0.186925
vt 0.366140 0.191924
vt 0.357791 0.190576
vt 0.356621 0.183630
vt 0.899539 0.925635
vt 0.900484 0.919729
vt 0.903713 0.918008
vt 0.903713 0.926456
vt 0.258342 0.980604
vt 0.261840 0.981821
vt 0.260994 0.987456
vt 0.258342 0.988619
vt 0.135286 0.306059
vt 0.139322 0.299243
vt 0.055868 0.506261
vt 0.050096 0.494496
vt 0.057937 0.490000
vt 0.062704 0.503322
vt 0.053765 0.515820
vt 0.044588 0.510690
vt 0.063465 0.518201
vt 0.044208 0.476138
vt 0.050365 0.470755
vt 0.236662 0.722220
vt 0.228189 0.718095
vt 0.429173 0.483690
vt 0.435853 0.486462
vt 0.428986 0.496364
vt 0.423920 0.489109
vt 0.419579 0.481438
vt 0.121524 0.674302
vt 0.126149 0.680291
vt 0.117948 0.686055
vt 0.113207 0.676145
vt 0.044208 0.520412
vt 0.050530 0.524476
vt 0.115189 0.661027
vt 0.124566 0.665863
vt 0.263259 0.949072
vt 0.262317 0.940214
vt 0.270108 0.936574
vt 0.270108 0.949568
vt 0.123553 0.690337
vt 0.122837 0.697005
vt 0.113207 0.689771
vt 0.131476 0.686995
vt 0.641173 0.037603
vt 0.638737 0.045026
vt 0.632269 0.034144
vt 0.638047 0.030667
vt 0.417293 0.492959
vt 0.418426 0.500691
vt 0.974587 0.357199
vt 0.975387 0.364498
vt 0.965173 0.364498
vt 0.967088 0.355775
vt 0.117872 0.314377
vt 0.098703 0.314210
vt 0.078335 0.306538
vt 0.079220 0.299026
vt 0.076987 0.316577
vt 0.415932 0.474085
vt 0.411894 0.488167
vt 0.408154 0.477051
vt 0.987398 0.597169
vt 0.980065 0.596149
vt 0.978913 0.591889
vt 0.986532 0.591889
vt 0.383097 0.961578
vt 0.378219 0.963918
vt 0.378219 0.954486
vt 0.386305 0.953021
vt 0.908671 0.963466
vt 0.908671 0.953021
vt 0.915256 0.953733
vt 0.915862 0.963586
vt 0.066653 0.313550
vt 0.064598 0.305618
vt 0.061083 0.316984
vt 0.057032 0.307756
vt 0.349384 0.258116
vt 0.351733 0.248276
vt 0.361160 0.251992
vt 0.354269 0.263938
vt 0.449482 0.290156
vt 0.445259 0.291770
vt 0.446854 0.283573
vt 0.453864 0.283382
vt 0.986605 0.768468
vt 0.979794 0.768569
vt 0.978913 0.761005
vt 0.987185 0.761005
vt 0.884511 0.455943
vt 0.891518 0.456752
vt 0.890518 0.464670
vt 0.881527 0.462656
vt 0.881527 0.448322
vt 0.889813 0.446163
vt 0.440011 0.283850
vt 0.436617 0.291126
vt 0.428760 0.280525
vt 0.437179 0.276636
vt 0.900033 0.932384
vt 0.902906 0.932439
vt 0.622004 0.538120
vt 0.626764 0.538994
vt 0.626764 0.555025
vt 0.619623 0.553898
vt 0.364276 0.207720
vt 0.355213 0.207354
vt 0.623665 0.574534
vt 0.620822 0.574229
vt 0.361995 0.227804
vt 0.354315 0.226314
vt 0.365876 0.228282
vt 0.371016 0.254129
vt 0.319193 0.072812
vt 0.312572 0.098286
vt 0.308515 0.098311
vt 0.310618 0.075236
vt 0.303039 0.063137
vt 0.307072 0.057883
vt 0.360667 0.268356
vt 0.305570 0.117370
vt 0.297374 0.116302
vt 0.300975 0.096694
vt 0.429751 0.257076
vt 0.437214 0.257205
vt 0.311154 0.117890
vt 0.288982 0.115025
vt 0.295050 0.095354
vt 0.443800 0.257292
vt 0.445407 0.273157
vt 0.444728 0.236946
vt 0.453864 0.236036
vt 0.448626 0.255796
vt 0.452209 0.269781
vt 0.440367 0.221518
vt 0.443783 0.221557
vt 0.065044 0.298027
vt 0.636750 0.018057
vt 0.630104 0.020094
vt 0.635153 0.002859
vt 0.641173 0.005684
vt 0.068865 0.498457
vt 0.060906 0.487813
vt 0.946494 0.167634
vt 0.933052 0.167634
vt 0.932349 0.165036
vt 0.943656 0.161913
vt 0.072042 0.517573
vt 0.066936 0.529508
vt 0.058637 0.527978
vt 0.349384 0.203070
vt 0.354048 0.188869
vt 0.949845 0.541150
vt 0.960869 0.541173
vt 0.961523 0.547972
vt 0.949845 0.548464
vt 0.472652 0.731225
vt 0.465959 0.730087
vt 0.058952 0.470793
vt 0.127487 0.292664
vt 0.143047 0.292507
vt 0.153089 0.300849
vt 0.110441 0.918008
vt 0.110398 0.933393
vt 0.107521 0.933219
vt 0.105002 0.918008
vt 0.946013 0.620072
vt 0.945272 0.625822
vt 0.932349 0.625822
vt 0.932721 0.620234
vt 0.462869 0.893319
vt 0.454186 0.892329
vt 0.454186 0.874792
vt 0.461411 0.875394
vt 0.796462 0.918008
vt 0.803376 0.919488
vt 0.803376 0.932441
vt 0.798480 0.932326
vt 0.625277 0.531361
vt 0.995486 0.273944
vt 0.991178 0.271724
vt 0.998095 0.271724
vt 0.039623 0.553624
vt 0.038281 0.567330
vt 0.035578 0.566983
vt 0.035578 0.550356
vt 0.992059 0.561644
vt 0.991178 0.558311
vt 0.994869 0.557960
vt 0.997443 0.561644
vt 0.960641 0.883614
vt 0.961052 0.888973
vt 0.953666 0.889526
vt 0.955507 0.882413
vt 0.557951 0.904144
vt 0.558114 0.898872
vt 0.565529 0.898242
vt 0.560792 0.905927
vt 0.761202 0.909529
vt 0.757844 0.902678
vt 0.765349 0.902310
vt 0.765445 0.907956
vt 0.234889 0.491759
vt 0.238515 0.500734
vt 0.231102 0.503538
vt 0.226872 0.490601
vt 0.236275 0.476809
vt 0.242519 0.485719
vt 0.246743 0.497807
vt 0.095134 0.439000
vt 0.095663 0.447295
vt 0.086459 0.444920
vt 0.087153 0.433883
vt 0.812709 0.382846
vt 0.819476 0.378218
vt 0.819476 0.392546
vt 0.813670 0.391774
vt 0.089511 0.423257
vt 0.102660 0.433948
vt 0.748779 0.987350
vt 0.746396 0.981637
vt 0.753422 0.980604
vt 0.753422 0.987982
vt 0.949845 0.889140
vt 0.949845 0.881374
vt 0.997659 0.187001
vt 0.998022 0.190541
vt 0.991178 0.191252
vt 0.991178 0.184863
vt 0.078752 0.463410
vt 0.079384 0.469631
vt 0.072090 0.470445
vt 0.069755 0.459611
vt 0.092695 0.466009
vt 0.095985 0.457334
vt 0.102660 0.464395
vt 0.096569 0.470417
vt 0.089304 0.474979
vt 0.086684 0.467903
vt 0.085372 0.458549
vt 0.987443 0.412598
vt 0.987353 0.419585
vt 0.979598 0.419585
vt 0.978913 0.411197
vt 0.958321 0.666677
vt 0.949845 0.666677
vt 0.953619 0.662094
vt 0.961504 0.664377
vt 0.945935 0.603025
vt 0.941909 0.602714
vt 0.940447 0.595572
vt 0.943971 0.596473
vt 0.936178 0.603025
vt 0.932349 0.595457
vt 0.226872 0.526854
vt 0.227434 0.518832
vt 0.234210 0.521666
vt 0.230314 0.529853
vt 0.231532 0.509874
vt 0.235627 0.512154
vt 0.813187 0.401971
vt 0.816585 0.403434
vt 0.074782 0.476873
vt 0.070703 0.481711
vt 0.065601 0.471743
vt 0.081554 0.477305
vt 0.082990 0.486283
vt 0.513395 0.177755
vt 0.504459 0.180143
vt 0.504894 0.169920
vt 0.513588 0.169895
vt 0.519065 0.181866
vt 0.504981 0.189110
vt 0.522304 0.170353
vt 0.078053 0.446469
vt 0.069610 0.447651
vt 0.961672 0.476713
vt 0.955965 0.479962
vt 0.949845 0.479962
vt 0.954234 0.474924
vt 0.760083 0.892914
vt 0.765445 0.895511
vt 0.562940 0.888774
vt 0.557951 0.893172
vt 0.069150 0.439437
vt 0.075933 0.434878
vt 0.060523 0.448537
vt 0.061694 0.435688
vt 0.071511 0.425912
vt 0.521464 0.135784
vt 0.521538 0.144831
vt 0.511343 0.141471
vt 0.512447 0.130147
vt 0.623162 0.729270
vt 0.622192 0.739439
vt 0.612228 0.739482
vt 0.615211 0.727099
vt 0.676261 0.170714
vt 0.684398 0.168715
vt 0.684398 0.182248
vt 0.675563 0.180281
vt 0.500691 0.141117
vt 0.497969 0.129532
vt 0.623162 0.754193
vt 0.612991 0.758241
vt 0.520485 0.158449
vt 0.512322 0.157165
vt 0.504478 0.156580
vt 0.496964 0.169118
vt 0.497956 0.157497
vt 0.492778 0.143986
vt 0.241910 0.512046
vt 0.241224 0.523459
vt 0.493752 0.179222
vt 0.237756 0.533110
vt 0.677098 0.193193
vt 0.682869 0.193396
vt 0.684046 0.204733
vt 0.678769 0.205319
vt 0.065107 0.460136
vt 0.063367 0.953783
vt 0.069668 0.953021
vt 0.069668 0.964271
vt 0.063585 0.963955
vt 0.965179 0.647547
vt 0.965173 0.641596
vt 0.975355 0.642375
vt 0.975260 0.647547
vt 0.928102 0.914546
vt 0.912605 0.914546
vt 0.913846 0.909780
vt 0.926517 0.909042
vt 0.932349 0.391138
vt 0.934225 0.384932
vt 0.946031 0.385841
vt 0.946230 0.391138
vt 0.492778 0.186695
vt 0.093161 0.481735
vt 0.099398 0.475933
vt 0.262639 0.420167
vt 0.261117 0.410773
vt 0.271276 0.410624
vt 0.273101 0.419940
vt 0.761843 0.195139
vt 0.756201 0.199916
vt 0.751846 0.186025
vt 0.760048 0.186758
vt 0.924277 0.325603
vt 0.913302 0.327545
vt 0.912604 0.319750
vt 0.928800 0.319750
vt 0.397783 0.263752
vt 0.403587 0.259958
vt 0.407037 0.274472
vt 0.397645 0.271994
vt 0.390879 0.261819
vt 0.391386 0.254818
vt 0.387081 0.268046
vt 0.379550 0.261139
vt 0.272095 0.402801
vt 0.266513 0.398620
vt 0.280811 0.389846
vt 0.282854 0.397497
vt 0.285336 0.404883
vt 0.132465 0.837127
vt 0.140482 0.839636
vt 0.138227 0.846492
vt 0.126680 0.840091
vt 0.131657 0.831104
vt 0.140482 0.831794
vt 0.124289 0.831395
vt 0.400624 0.316856
vt 0.407037 0.315870
vt 0.401858 0.328290
vt 0.396665 0.324145
vt 0.397445 0.311760
vt 0.402956 0.307960
vt 0.391189 0.319095
vt 0.303190 0.404576
vt 0.299328 0.402607
vt 0.303653 0.399209
vt 0.304706 0.398915
vt 0.668693 0.932838
vt 0.667052 0.926746
vt 0.666861 0.918008
vt 0.668693 0.918181
vt 0.291631 0.419093
vt 0.288192 0.412193
vt 0.129621 0.874690
vt 0.136758 0.881493
vt 0.136880 0.892629
vt 0.129621 0.893319
vt 0.313120 0.404291
vt 0.311418 0.412834
vt 0.302955 0.413599
vt 0.308771 0.391162
vt 0.316913 0.394585
vt 0.389394 0.297757
vt 0.383142 0.292632
vt 0.391854 0.283302
vt 0.398173 0.289683
vt 0.384136 0.304075
vt 0.378945 0.300148
vt 0.396560 0.302223
vt 0.390954 0.307533
vt 0.987530 0.287200
vt 0.978913 0.286894
vt 0.978913 0.279305
vt 0.985588 0.278905
vt 0.374734 0.296870
vt 0.372852 0.305647
vt 0.366489 0.300149
vt 0.695664 0.974134
vt 0.693992 0.969320
vt 0.697950 0.967466
vt 0.697950 0.976857
vt 0.644483 0.967915
vt 0.647730 0.967466
vt 0.647932 0.976818
vt 0.641934 0.976818
vt 0.979738 0.470566
vt 0.980756 0.470060
vt 0.987509 0.475963
vt 0.978913 0.475963
vt 0.386074 0.324065
vt 0.379129 0.322164
vt 0.384718 0.315006
vt 0.387803 0.330223
vt 0.375526 0.329392
vt 0.331395 0.410775
vt 0.329657 0.416978
vt 0.321145 0.413101
vt 0.323189 0.406333
vt 0.326706 0.398665
vt 0.336796 0.408704
vt 0.336111 0.420245
vt 0.319623 0.418259
vt 0.323807 0.423061
vt 0.316257 0.427518
vt 0.312380 0.420385
vt 0.993709 0.355525
vt 0.992002 0.355652
vt 0.991178 0.349531
vt 0.997733 0.349531
vt 0.366904 0.308034
vt 0.365239 0.300417
vt 0.991754 0.435699
vt 0.997252 0.435699
vt 0.997574 0.441451
vt 0.991178 0.438060
vt 0.308934 0.387500
vt 0.318877 0.387909
vt 0.301512 0.391722
vt 0.300533 0.387549
vt 0.372815 0.296218
vt 0.367370 0.293325
vt 0.370777 0.284220
vt 0.377848 0.287481
vt 0.363286 0.291456
vt 0.364557 0.282480
vt 0.366315 0.270510
vt 0.373234 0.272976
vt 0.382810 0.277471
vt 0.376971 0.255937
vt 0.037401 0.270157
vt 0.035932 0.252605
vt 0.043565 0.252597
vt 0.045026 0.268443
vt 0.754598 0.169574
vt 0.761843 0.173584
vt 0.912605 0.023986
vt 0.929273 0.023986
vt 0.926875 0.028601
vt 0.913928 0.029191
vt 0.036519 0.240875
vt 0.042105 0.240935
vt 0.292384 0.387957
vt 0.293906 0.394017
vt 0.037724 0.232060
vt 0.041603 0.232910
vt 0.304393 0.397000
vt 0.296551 0.399264
vt 0.039421 0.223874
vt 0.042597 0.224669
vt 0.362033 0.299728
vt 0.041263 0.215275
vt 0.045026 0.214977
vt 0.361731 0.308854
vt 0.794262 0.426886
vt 0.792180 0.437090
vt 0.786783 0.436667
vt 0.790393 0.426261
vt 0.371671 0.316024
vt 0.364916 0.319843
vt 0.378224 0.310845
vt 0.565529 0.072855
vt 0.565529 0.090052
vt 0.559434 0.088817
vt 0.557967 0.074230
vt 0.330753 0.392175
vt 0.794262 0.451597
vt 0.789190 0.453864
vt 0.456451 0.754971
vt 0.459267 0.769985
vt 0.452978 0.769353
vt 0.450832 0.758086
vt 0.932349 0.176144
vt 0.934128 0.170710
vt 0.945809 0.171020
vt 0.946504 0.176144
vt 0.457329 0.783455
vt 0.450832 0.780278
vt 0.390017 0.334995
vt 0.328427 0.428649
vt 0.132385 0.823458
vt 0.124435 0.823489
vt 0.718618 0.453770
vt 0.715866 0.470813
vt 0.709843 0.471648
vt 0.712676 0.454016
vt 0.274924 0.428649
vt 0.174133 0.918292
vt 0.179561 0.918008
vt 0.179561 0.933359
vt 0.174251 0.931133
vt 0.718618 0.484582
vt 0.713787 0.488084
vt 0.185634 0.953021
vt 0.192445 0.953843
vt 0.192447 0.964133
vt 0.185634 0.960752
vt 0.379417 0.932408
vt 0.379317 0.918425
vt 0.385760 0.918008
vt 0.385760 0.933078
vt 0.944062 0.150424
vt 0.946314 0.158837
vt 0.935604 0.158837
vt 0.932349 0.149379
vt 0.761791 0.725099
vt 0.757316 0.730080
vt 0.755302 0.715163
vt 0.761988 0.717737
vt 0.768169 0.714487
vt 0.767583 0.724906
vt 0.766256 0.734827
vt 0.765392 0.706149
vt 0.781654 0.084164
vt 0.777194 0.090052
vt 0.771262 0.077041
vt 0.779716 0.075589
vt 0.014749 0.813152
vt 0.013508 0.804447
vt 0.022180 0.806603
vt 0.021847 0.814180
vt 0.904125 0.047523
vt 0.903871 0.054668
vt 0.897755 0.057295
vt 0.898064 0.045680
vt 0.153653 0.688183
vt 0.150020 0.703551
vt 0.143362 0.701334
vt 0.146061 0.686854
vt 0.164139 0.697658
vt 0.160005 0.708162
vt 0.157378 0.679838
vt 0.162607 0.688077
vt 0.840657 0.533110
vt 0.842158 0.520083
vt 0.847914 0.520425
vt 0.847043 0.526096
vt 0.143362 0.674538
vt 0.151609 0.674420
vt 0.399045 0.770466
vt 0.393516 0.772965
vt 0.393998 0.760936
vt 0.401323 0.762275
vt 0.410522 0.767839
vt 0.405280 0.775758
vt 0.399905 0.781315
vt 0.400892 0.788859
vt 0.394569 0.785979
vt 0.406125 0.786791
vt 0.175858 0.987708
vt 0.169645 0.988519
vt 0.170312 0.981124
vt 0.175858 0.980604
vt 0.526171 0.980604
vt 0.531524 0.981698
vt 0.531524 0.988301
vt 0.526375 0.986894
vt 0.130868 0.665210
vt 0.130038 0.658364
vt 0.136677 0.659653
vt 0.135319 0.667945
vt 0.796063 0.278784
vt 0.791416 0.280963
vt 0.788988 0.272789
vt 0.794628 0.271942
vt 0.149214 0.661115
vt 0.151904 0.667345
vt 0.142176 0.669989
vt 0.142618 0.661332
vt 0.156360 0.652083
vt 0.162094 0.656589
vt 0.146483 0.651649
vt 0.607612 0.923561
vt 0.609225 0.922921
vt 0.610025 0.932670
vt 0.602626 0.931579
vt 0.904125 0.061532
vt 0.902501 0.063037
vt 0.602058 0.919479
vt 0.610025 0.918008
vt 0.878235 0.075720
vt 0.878040 0.067084
vt 0.884314 0.067052
vt 0.884314 0.079949
vt 0.874052 0.086450
vt 0.872987 0.079124
vt 0.774179 0.706149
vt 0.776251 0.712827
vt 0.162094 0.640514
vt 0.149322 0.641662
vt 0.147747 0.630564
vt 0.157370 0.631154
vt 0.865826 0.751332
vt 0.875309 0.750347
vt 0.875230 0.759424
vt 0.868215 0.761843
vt 0.869474 0.742333
vt 0.875309 0.741848
vt 0.136337 0.636612
vt 0.141124 0.643214
vt 0.136616 0.643927
vt 0.132475 0.638972
vt 0.557742 0.730035
vt 0.550874 0.741928
vt 0.545120 0.738174
vt 0.548072 0.727756
vt 0.560126 0.735075
vt 0.555309 0.745011
vt 0.171099 0.702675
vt 0.168515 0.709612
vt 0.789215 0.253503
vt 0.796063 0.256464
vt 0.794994 0.262193
vt 0.788831 0.262250
vt 0.603810 0.858056
vt 0.603810 0.849116
vt 0.611221 0.850757
vt 0.612356 0.857961
vt 0.003157 0.316984
vt 0.003072 0.307536
vt 0.010806 0.308404
vt 0.009952 0.315719
vt 0.139931 0.650863
vt 0.133241 0.649148
vt 0.004004 0.301168
vt 0.010806 0.298875
vt 0.560126 0.718355
vt 0.550316 0.717355
vt 0.539222 0.732873
vt 0.529409 0.733382
vt 0.530607 0.716162
vt 0.539905 0.722944
vt 0.535208 0.743259
vt 0.932534 0.947216
vt 0.932117 0.936574
vt 0.940051 0.936928
vt 0.940051 0.948771
vt 0.754807 0.967466
vt 0.754807 0.975375
vt 0.748672 0.976707
vt 0.750312 0.968823
vt 0.482997 0.946188
vt 0.480183 0.949500
vt 0.478409 0.939197
vt 0.482997 0.936574
vt 0.660674 0.748660
vt 0.666497 0.744224
vt 0.666835 0.755109
vt 0.659669 0.755830
vt 0.673897 0.761607
vt 0.667883 0.764991
vt 0.675066 0.752253
vt 0.684227 0.751253
vt 0.680416 0.765386
vt 0.719768 0.126139
vt 0.726170 0.122985
vt 0.728652 0.133573
vt 0.719671 0.133299
vt 0.734679 0.139234
vt 0.729382 0.141948
vt 0.736628 0.132767
vt 0.985630 0.561744
vt 0.978913 0.561744
vt 0.979987 0.555169
vt 0.987380 0.555065
vt 0.927403 0.449647
vt 0.921070 0.451632
vt 0.912605 0.440943
vt 0.928487 0.440943
vt 0.543789 0.715857
vt 0.782223 0.869369
vt 0.786078 0.875626
vt 0.775283 0.878911
vt 0.775283 0.862823
vt 0.784583 0.858906
vt 0.787057 0.865529
vt 0.684398 0.737312
vt 0.674682 0.739370
vt 0.067954 0.005405
vt 0.075644 0.002675
vt 0.073018 0.020715
vt 0.066036 0.019684
vt 0.726681 0.109563
vt 0.735270 0.119446
vt 0.719226 0.112265
vt 0.075644 0.031212
vt 0.068341 0.032419
vt 0.719226 0.142283
vt 0.659669 0.767246
vt 0.541552 0.747434
vt 0.612115 0.869906
vt 0.603997 0.869682
vt 0.949845 0.710858
vt 0.959098 0.710858
vt 0.961242 0.719740
vt 0.951774 0.719098
vt 0.775740 0.723314
vt 0.774802 0.732704
vt 0.028358 0.815874
vt 0.030087 0.812981
vt 0.035361 0.919896
vt 0.038964 0.919029
vt 0.037798 0.932447
vt 0.032483 0.930911
vt 0.043582 0.918008
vt 0.043582 0.933229
vt 0.387518 0.760771
vt 0.387518 0.775969
vt 0.102481 0.081808
vt 0.104461 0.097033
vt 0.098347 0.097373
vt 0.097054 0.082578
vt 0.102771 0.108063
vt 0.097054 0.106081
vt 0.026572 0.801366
vt 0.034220 0.809883
vt 0.412440 0.781305
vt 0.019649 0.794545
vt 0.029930 0.789825
vt 0.034220 0.798142
vt 0.840657 0.510410
vt 0.848293 0.510908
vt 0.772317 0.061552
vt 0.781654 0.064546
vt 0.928656 0.473943
vt 0.926901 0.480784
vt 0.913356 0.479969
vt 0.912605 0.473943
vt 0.710997 0.562471
vt 0.715580 0.566007
vt 0.709229 0.572733
vt 0.705772 0.563885
vt 0.710723 0.556772
vt 0.716817 0.558053
vt 0.704096 0.555794
vt 0.867720 0.232233
vt 0.866018 0.223995
vt 0.873508 0.224261
vt 0.872209 0.234136
vt 0.399551 0.932970
vt 0.398829 0.927438
vt 0.406419 0.927015
vt 0.405505 0.932388
vt 0.889046 0.716817
vt 0.881926 0.715868
vt 0.882692 0.708557
vt 0.889717 0.708569
vt 0.889006 0.698194
vt 0.881926 0.700083
vt 0.961631 0.359427
vt 0.960473 0.366876
vt 0.952323 0.367621
vt 0.949845 0.359427
vt 0.676386 0.271958
vt 0.674310 0.260099
vt 0.681088 0.258806
vt 0.681292 0.269914
vt 0.866018 0.213671
vt 0.872892 0.213704
vt 0.087622 0.972586
vt 0.088180 0.967466
vt 0.092872 0.968682
vt 0.092872 0.977433
vt 0.928288 0.702526
vt 0.923675 0.710255
vt 0.918990 0.709529
vt 0.922291 0.702526
vt 0.350295 0.451592
vt 0.344534 0.444521
vt 0.352950 0.442568
vt 0.358682 0.449719
vt 0.368958 0.454847
vt 0.360119 0.457519
vt 0.352216 0.464732
vt 0.344152 0.460217
vt 0.886115 0.541163
vt 0.886095 0.543916
vt 0.878173 0.543308
vt 0.878173 0.537096
vt 0.339791 0.283923
vt 0.333283 0.286661
vt 0.322835 0.278002
vt 0.338078 0.277010
vt 0.370085 0.155204
vt 0.364117 0.149427
vt 0.372149 0.145848
vt 0.377759 0.151200
vt 0.671790 0.277091
vt 0.664813 0.280963
vt 0.660537 0.269929
vt 0.670312 0.269724
vt 0.940972 0.351606
vt 0.932419 0.353139
vt 0.932349 0.345621
vt 0.946178 0.345621
vt 0.321960 0.121585
vt 0.317758 0.115257
vt 0.325178 0.108615
vt 0.330531 0.117201
vt 0.334546 0.124321
vt 0.320546 0.126906
vt 0.466471 0.838000
vt 0.465974 0.844691
vt 0.453502 0.835659
vt 0.460473 0.833561
vt 0.062387 0.840017
vt 0.064124 0.845388
vt 0.054153 0.844205
vt 0.056978 0.833363
vt 0.652047 0.684803
vt 0.647823 0.675053
vt 0.656281 0.674762
vt 0.655806 0.688855
vt 0.643330 0.684483
vt 0.640610 0.677720
vt 0.733643 0.029028
vt 0.724658 0.032419
vt 0.726581 0.022868
vt 0.738429 0.020490
vt 0.787938 0.084169
vt 0.796063 0.083061
vt 0.790276 0.097257
vt 0.784795 0.092482
vt 0.784795 0.074593
vt 0.790726 0.069791
vt 0.293908 0.331345
vt 0.289817 0.324636
vt 0.303118 0.324282
vt 0.302214 0.333841
vt 0.291894 0.338410
vt 0.284087 0.339887
vt 0.299063 0.343235
vt 0.540271 0.611057
vt 0.533783 0.606555
vt 0.545019 0.599190
vt 0.547518 0.608760
vt 0.538051 0.622480
vt 0.528658 0.621448
vt 0.547518 0.622578
vt 0.453502 0.821499
vt 0.464035 0.824900
vt 0.294138 0.353714
vt 0.309674 0.345063
vt 0.313335 0.354806
vt 0.313546 0.338407
vt 0.320868 0.342148
vt 0.315836 0.331869
vt 0.324575 0.337068
vt 0.321279 0.325891
vt 0.327274 0.330607
vt 0.324293 0.316515
vt 0.334000 0.320314
vt 0.340497 0.326763
vt 0.336268 0.336264
vt 0.618291 0.193669
vt 0.626677 0.196936
vt 0.624182 0.204279
vt 0.610387 0.197409
vt 0.611157 0.178570
vt 0.618909 0.177659
vt 0.621464 0.187371
vt 0.649546 0.693725
vt 0.647198 0.701361
vt 0.640924 0.700385
vt 0.639627 0.693627
vt 0.064838 0.855497
vt 0.052758 0.855497
vt 0.656742 0.702612
vt 0.650055 0.709612
vt 0.635621 0.684816
vt 0.627273 0.188623
vt 0.946378 0.018644
vt 0.941703 0.029952
vt 0.932349 0.028884
vt 0.932349 0.019454
vt 0.347402 0.099040
vt 0.355947 0.092635
vt 0.362602 0.101470
vt 0.353135 0.109430
vt 0.341646 0.111111
vt 0.336724 0.102986
vt 0.428483 0.025215
vt 0.420837 0.025154
vt 0.421938 0.014229
vt 0.428649 0.014753
vt 0.351036 0.115663
vt 0.344456 0.114369
vt 0.330543 0.095462
vt 0.318878 0.100573
vt 0.720419 0.055105
vt 0.719011 0.067413
vt 0.708660 0.067215
vt 0.713474 0.048275
vt 0.823078 0.222125
vt 0.822573 0.229603
vt 0.813404 0.229148
vt 0.817613 0.217963
vt 0.626162 0.169927
vt 0.626774 0.177873
vt 0.619216 0.166906
vt 0.632007 0.167748
vt 0.633968 0.178817
vt 0.724658 0.008242
vt 0.728583 0.002248
vt 0.736881 0.009964
vt 0.726819 0.014932
vt 0.633822 0.674762
vt 0.365897 0.350320
vt 0.365968 0.354675
vt 0.356368 0.352473
vt 0.358718 0.346781
vt 0.362669 0.341673
vt 0.369697 0.348718
vt 0.371016 0.354806
vt 0.997123 0.679281
vt 0.991178 0.679281
vt 0.991935 0.675223
vt 0.996387 0.676364
vt 0.392226 0.073973
vt 0.392628 0.078573
vt 0.387092 0.078012
vt 0.386190 0.073841
vt 0.993006 0.361776
vt 0.991178 0.358727
vt 0.997453 0.358727
vt 0.997824 0.362472
vt 0.382379 0.083443
vt 0.378371 0.078800
vt 0.388190 0.087452
vt 0.380407 0.117366
vt 0.381745 0.124644
vt 0.368018 0.121813
vt 0.373611 0.112777
vt 0.386624 0.114430
vt 0.391701 0.124651
vt 0.380592 0.109272
vt 0.346248 0.313227
vt 0.342087 0.320411
vt 0.344768 0.307353
vt 0.353098 0.314804
vt 0.349362 0.322114
vt 0.354302 0.304133
vt 0.363615 0.428475
vt 0.362413 0.419836
vt 0.369215 0.419861
vt 0.368911 0.431820
vt 0.359543 0.440073
vt 0.357095 0.432126
vt 0.353517 0.423104
vt 0.673792 0.980604
vt 0.674898 0.988174
vt 0.670008 0.987963
vt 0.670008 0.980777
vt 0.991178 0.121517
vt 0.991410 0.117166
vt 0.998174 0.116608
vt 0.998165 0.121517
vt 0.305729 0.938159
vt 0.309435 0.949282
vt 0.302912 0.949053
vt 0.302912 0.936574
vt 0.633050 0.210722
vt 0.621476 0.208440
vt 0.633968 0.204651
vt 0.218120 0.931168
vt 0.218120 0.924556
vt 0.222718 0.926508
vt 0.222282 0.933358
vt 0.979867 0.126925
vt 0.987762 0.126925
vt 0.985174 0.133290
vt 0.978913 0.133316
vt 0.642650 0.707478
vt 0.519475 0.686506
vt 0.521778 0.698643
vt 0.514956 0.700867
vt 0.512911 0.691270
vt 0.799699 0.982451
vt 0.803486 0.980604
vt 0.806517 0.987884
vt 0.799415 0.987884
vt 0.928728 0.530965
vt 0.912605 0.530965
vt 0.915291 0.526441
vt 0.925741 0.526670
vt 0.383234 0.138397
vt 0.371632 0.136609
vt 0.360644 0.136882
vt 0.359505 0.124922
vt 0.320019 0.304241
vt 0.330844 0.302806
vt 0.341191 0.296133
vt 0.515034 0.708458
vt 0.522304 0.709852
vt 0.696022 0.260813
vt 0.689131 0.266895
vt 0.689282 0.255909
vt 0.698806 0.253734
vt 0.519426 0.720419
vt 0.512911 0.716947
vt 0.347671 0.427273
vt 0.349020 0.434727
vt 0.340124 0.435191
vt 0.342747 0.424013
vt 0.349369 0.415185
vt 0.328460 0.292751
vt 0.317183 0.288880
vt 0.682561 0.249833
vt 0.678439 0.244928
vt 0.688775 0.237234
vt 0.690490 0.246023
vt 0.699311 0.545213
vt 0.705441 0.545958
vt 0.696034 0.553436
vt 0.688885 0.549854
vt 0.698311 0.538245
vt 0.710357 0.538922
vt 0.932349 0.119932
vt 0.932349 0.112579
vt 0.946435 0.112542
vt 0.943115 0.120363
vt 0.369215 0.470194
vt 0.358983 0.475476
vt 0.359348 0.467427
vt 0.367533 0.463314
vt 0.860143 0.491902
vt 0.861255 0.485041
vt 0.869906 0.487220
vt 0.865355 0.497089
vt 0.346465 0.474328
vt 0.715448 0.553109
vt 0.711525 0.548644
vt 0.912933 0.709986
vt 0.912605 0.703465
vt 0.397967 0.918008
vt 0.406419 0.918054
vt 0.696334 0.570456
vt 0.690546 0.563735
vt 0.697807 0.563893
vt 0.701286 0.572733
vt 0.915181 0.932218
vt 0.906950 0.930780
vt 0.906789 0.918008
vt 0.915221 0.918008
vt 0.716756 0.545162
vt 0.338560 0.468335
vt 0.860143 0.476452
vt 0.868690 0.478293
vt 0.698806 0.243063
vt 0.698642 0.235873
vt 0.951356 0.426940
vt 0.961635 0.425322
vt 0.960261 0.432542
vt 0.949845 0.432542
vt 0.314716 0.948268
vt 0.310729 0.939207
vt 0.885623 0.525488
vt 0.878593 0.524543
vt 0.965173 0.695763
vt 0.975259 0.697994
vt 0.973238 0.702180
vt 0.965173 0.703053
vt 0.349750 0.290836
vt 0.891518 0.088100
vt 0.891045 0.100269
vt 0.885125 0.104461
vt 0.885125 0.085784
vt 0.801466 0.638049
vt 0.794988 0.639372
vt 0.793577 0.623263
vt 0.799381 0.624480
vt 0.392628 0.140961
vt 0.382410 0.156691
vt 0.661723 0.254694
vt 0.668047 0.242464
vt 0.671790 0.245016
vt 0.670763 0.256725
vt 0.961800 0.350973
vt 0.960357 0.354730
vt 0.950959 0.356351
vt 0.949845 0.350973
vt 0.846492 0.025215
vt 0.841027 0.025049
vt 0.841391 0.012175
vt 0.845335 0.012121
vt 0.352037 0.333880
vt 0.347006 0.341318
vt 0.344596 0.348542
vt 0.333112 0.343889
vt 0.861503 0.311581
vt 0.862021 0.299714
vt 0.866066 0.299340
vt 0.866303 0.311065
vt 0.420837 0.002056
vt 0.425541 0.001665
vt 0.367818 0.085487
vt 0.373255 0.092720
vt 0.381785 0.098791
vt 0.360421 0.408342
vt 0.218421 0.918008
vt 0.222637 0.919750
vt 0.763014 0.769047
vt 0.760942 0.761789
vt 0.764843 0.761804
vt 0.767246 0.767779
vt 0.633939 0.197710
vt 0.633794 0.189215
vt 0.761282 0.751623
vt 0.765857 0.752514
vt 0.603882 0.202804
vt 0.140021 0.878941
vt 0.143111 0.879694
vt 0.147686 0.892244
vt 0.140021 0.896921
vt 0.531144 0.641173
vt 0.539781 0.638714
vt 0.617759 0.443057
vt 0.609757 0.439302
vt 0.611131 0.421541
vt 0.617759 0.421803
vt 0.797368 0.612202
vt 0.801466 0.613956
vt 0.842554 0.002359
vt 0.846492 0.002216
vt 0.862260 0.290648
vt 0.865921 0.290648
vt 0.024006 0.948658
vt 0.024006 0.936574
vt 0.030215 0.936853
vt 0.030851 0.949836
vt 0.933477 0.635583
vt 0.932349 0.628898
vt 0.945945 0.628898
vt 0.945181 0.635593
vt 0.767246 0.741273
vt 0.761894 0.739450
vt 0.823078 0.239592
vt 0.814135 0.243141
vt 0.609827 0.166727
vt 0.402225 0.980604
vt 0.401115 0.987276
vt 0.396131 0.988313
vt 0.395335 0.980604
vt 0.769509 0.527305
vt 0.776251 0.525882
vt 0.772924 0.540457
vt 0.766601 0.541182
vt 0.665367 0.693145
vt 0.666387 0.676105
vt 0.602226 0.181237
vt 0.720419 0.082462
vt 0.713378 0.082848
vt 0.912605 0.461665
vt 0.913568 0.454708
vt 0.928660 0.454708
vt 0.927889 0.460931
vt 0.776251 0.553691
vt 0.770518 0.554722
vt 0.925225 0.936574
vt 0.929041 0.938003
vt 0.925225 0.948986
vt 0.925573 0.945728
vt 0.851895 0.060499
vt 0.851152 0.067948
vt 0.843962 0.068310
vt 0.845764 0.058627
vt 0.111925 0.700270
vt 0.115510 0.707159
vt 0.106352 0.707924
vt 0.103897 0.699321
vt 0.769370 0.030548
vt 0.775180 0.028653
vt 0.778052 0.038742
vt 0.769625 0.038340
vt 0.875199 0.687689
vt 0.882513 0.688366
vt 0.879153 0.695204
vt 0.873489 0.693172
vt 0.873489 0.682278
vt 0.879159 0.675708
vt 0.358494 0.384615
vt 0.363757 0.386961
vt 0.357058 0.392586
vt 0.352532 0.387494
vt 0.960316 0.314604
vt 0.961739 0.319907
vt 0.949845 0.319907
vt 0.953266 0.312670
vt 0.039726 0.798050
vt 0.037063 0.790470
vt 0.047364 0.787996
vt 0.047030 0.796850
vt 0.046115 0.804729
vt 0.037063 0.803514
vt 0.109330 0.968891
vt 0.109710 0.976128
vt 0.102297 0.977315
vt 0.102297 0.967466
vt 0.038570 0.783574
vt 0.048290 0.780158
vt 0.850371 0.937067
vt 0.856842 0.936574
vt 0.856842 0.948936
vt 0.850266 0.947564
vt 0.354786 0.401230
vt 0.361438 0.397927
vt 0.365206 0.403588
vt 0.353815 0.406931
vt 0.343463 0.401207
vt 0.350517 0.397220
vt 0.053560 0.788476
vt 0.057468 0.784944
vt 0.059914 0.795444
vt 0.054281 0.795762
vt 0.347762 0.391677
vt 0.341371 0.389328
vt 0.346699 0.380598
vt 0.768252 0.169298
vt 0.766366 0.167338
vt 0.768786 0.161290
vt 0.773286 0.162270
vt 0.372511 0.399836
vt 0.371225 0.392670
vt 0.376458 0.388262
vt 0.380091 0.394330
vt 0.905810 0.936574
vt 0.907687 0.946784
vt 0.902592 0.948940
vt 0.902592 0.936963
vt 0.061236 0.801841
vt 0.053818 0.803335
vt 0.060932 0.806321
vt 0.054691 0.806869
vt 0.949845 0.073347
vt 0.961859 0.071747
vt 0.961859 0.080008
vt 0.950103 0.079557
vt 0.117002 0.988573
vt 0.117002 0.980604
vt 0.122788 0.980824
vt 0.120871 0.988556
vt 0.888499 0.001559
vt 0.896856 0.003164
vt 0.896921 0.011278
vt 0.889552 0.009270
vt 0.513701 0.674808
vt 0.519227 0.679107
vt 0.508600 0.686199
vt 0.505542 0.676824
vt 0.513855 0.665297
vt 0.522304 0.664861
vt 0.504060 0.665776
vt 0.391466 0.408371
vt 0.390885 0.415990
vt 0.378572 0.408716
vt 0.385453 0.402673
vt 0.391915 0.397037
vt 0.396937 0.404168
vt 0.401928 0.411619
vt 0.499900 0.686047
vt 0.494963 0.677292
vt 0.802919 0.159194
vt 0.795909 0.162094
vt 0.794721 0.147389
vt 0.803267 0.148935
vt 0.860419 0.946959
vt 0.859918 0.938330
vt 0.867663 0.936574
vt 0.867663 0.948876
vt 0.406473 0.405475
vt 0.414241 0.408123
vt 0.406829 0.417900
vt 0.404352 0.397710
vt 0.412711 0.393122
vt 0.488732 0.656598
vt 0.495303 0.655599
vt 0.494298 0.665241
vt 0.488887 0.663697
vt 0.974571 0.415421
vt 0.965173 0.415421
vt 0.969307 0.410792
vt 0.975469 0.408732
vt 0.496905 0.648707
vt 0.503443 0.648707
vt 0.503931 0.655543
vt 0.387830 0.378908
vt 0.390863 0.372738
vt 0.394471 0.376699
vt 0.392706 0.382866
vt 0.903505 0.777930
vt 0.897041 0.778052
vt 0.897008 0.769135
vt 0.904125 0.771422
vt 0.381341 0.360097
vt 0.375005 0.359566
vt 0.379404 0.349662
vt 0.385320 0.354713
vt 0.384530 0.366039
vt 0.377798 0.369672
vt 0.391317 0.361833
vt 0.098757 0.708789
vt 0.093621 0.704032
vt 0.108353 0.717157
vt 0.098051 0.716647
vt 0.087986 0.714584
vt 0.401388 0.349160
vt 0.403478 0.342303
vt 0.412648 0.348331
vt 0.405965 0.353824
vt 0.393132 0.350779
vt 0.389987 0.342532
vt 0.398508 0.358237
vt 0.091763 0.730360
vt 0.087986 0.724250
vt 0.098932 0.725267
vt 0.101777 0.733026
vt 0.224735 0.963356
vt 0.226221 0.953348
vt 0.231391 0.953021
vt 0.231391 0.964107
vt 0.640038 0.962823
vt 0.632836 0.963759
vt 0.632836 0.953021
vt 0.640672 0.955582
vt 0.408408 0.359474
vt 0.403231 0.363870
vt 0.414241 0.359131
vt 0.408981 0.368966
vt 0.396353 0.368102
vt 0.399674 0.373902
vt 0.618980 0.930928
vt 0.613101 0.932720
vt 0.613101 0.918008
vt 0.617470 0.920970
vt 0.110904 0.724144
vt 0.115679 0.729836
vt 0.097257 0.387362
vt 0.088877 0.389026
vt 0.087846 0.378588
vt 0.096472 0.378240
vt 0.844571 0.081047
vt 0.851895 0.079195
vt 0.089731 0.365541
vt 0.097257 0.366411
vt 0.117068 0.717323
vt 0.116955 0.722921
vt 0.897570 0.761016
vt 0.904125 0.763282
vt 0.386265 0.388993
vt 0.398646 0.390129
vt 0.894276 0.019812
vt 0.888499 0.017633
vt 0.512790 0.654418
vt 0.776669 0.051192
vt 0.769370 0.047504
vt 0.399224 0.378930
vt 0.403936 0.384091
vt 0.796614 0.135088
vt 0.803267 0.137354
vt 0.737239 0.522304
vt 0.729999 0.519116
vt 0.732506 0.507128
vt 0.740230 0.507024
vt 0.390833 0.421445
vt 0.729999 0.493669
vt 0.737434 0.490093
vt 0.900322 0.313382
vt 0.900322 0.296442
vt 0.905927 0.298238
vt 0.905784 0.311839
vt 0.520257 0.653287
vt 0.770290 0.151362
vt 0.776251 0.151186
vt 0.766366 0.142208
vt 0.773019 0.140399
vt 0.773428 0.057634
vt 0.769430 0.051842
vt 0.111753 0.991930
vt 0.111958 0.991885
vt 0.111962 0.992176
vt 0.111699 0.992082
vt 0.111653 0.992213
vt 0.111851 0.992707
vt 0.158845 0.992453
vt 0.159023 0.991847
vt 0.159023 0.992601
vt 0.158858 0.992468
vt 0.112198 0.993143
vt 0.112198 0.992043
vt 0.112133 0.991847
vt 0.162099 0.992513
vt 0.162099 0.991847
vt 0.162328 0.991988
vt 0.162327 0.992597
vt 0.149315 0.992655
vt 0.149221 0.992503
vt 0.149223 0.991847
vt 0.149315 0.992009
vt 0.182947 0.992518
vt 0.182742 0.992401
vt 0.182761 0.991847
vt 0.182947 0.991925
vt 0.073479 0.991847
vt 0.073879 0.992516
vt 0.073526 0.993642
vt 0.073479 0.993505
vt 0.126145 0.992837
vt 0.125499 0.992611
vt 0.125488 0.992624
vt 0.126145 0.992170
vt 0.125503 0.992452
vt 0.126117 0.991847
vt 0.090292 0.992566
vt 0.089910 0.993452
vt 0.089673 0.993252
vt 0.090032 0.992096
vt 0.089573 0.993070
vt 0.089573 0.991847
vt 0.070264 0.991847
vt 0.070313 0.992019
vt 0.070333 0.992719
vt 0.070264 0.993110
vt 0.070403 0.992884
vt 0.070384 0.993793
vt 0.599261 0.717553
vt 0.606727 0.714329
vt 0.608346 0.725822
vt 0.593729 0.723242
vt 0.596479 0.709899
vt 0.604309 0.701843
vt 0.587898 0.706511
vt 0.727110 0.439276
vt 0.724290 0.444859
vt 0.715182 0.436926
vt 0.721157 0.433122
vt 0.731032 0.430062
vt 0.734096 0.438071
vt 0.738569 0.443971
vt 0.534826 0.317367
vt 0.538761 0.323228
vt 0.531330 0.328569
vt 0.530275 0.315918
vt 0.541595 0.308591
vt 0.544044 0.310728
vt 0.069456 0.947729
vt 0.063957 0.949881
vt 0.063957 0.936574
vt 0.067651 0.936754
vt 0.044125 0.937916
vt 0.051426 0.936574
vt 0.051426 0.949807
vt 0.044690 0.945233
vt 0.941639 0.893557
vt 0.932349 0.893644
vt 0.932403 0.887078
vt 0.945758 0.887078
vt 0.750803 0.081600
vt 0.746636 0.087365
vt 0.744037 0.078543
vt 0.747768 0.072980
vt 0.712223 0.802511
vt 0.717988 0.797819
vt 0.722220 0.808024
vt 0.712555 0.811473
vt 0.541024 0.289012
vt 0.550492 0.287087
vt 0.551163 0.298053
vt 0.540883 0.297875
vt 0.816243 0.736543
vt 0.817675 0.744885
vt 0.809939 0.745634
vt 0.809939 0.732674
vt 0.618290 0.684761
vt 0.612416 0.683975
vt 0.613747 0.676135
vt 0.620352 0.678113
vt 0.619334 0.691602
vt 0.607973 0.691399
vt 0.628565 0.682887
vt 0.959858 0.507893
vt 0.949845 0.507893
vt 0.950801 0.501077
vt 0.961534 0.500491
vt 0.719727 0.817675
vt 0.712223 0.823078
vt 0.816927 0.628993
vt 0.824498 0.629608
vt 0.826680 0.639959
vt 0.817802 0.637959
vt 0.607157 0.668840
vt 0.606426 0.674968
vt 0.597918 0.674269
vt 0.601727 0.664863
vt 0.612475 0.660414
vt 0.613103 0.667187
vt 0.919125 0.589864
vt 0.913142 0.589864
vt 0.912605 0.582690
vt 0.919321 0.583709
vt 0.667283 0.867043
vt 0.667283 0.857578
vt 0.674216 0.865521
vt 0.670501 0.872663
vt 0.927176 0.588079
vt 0.928510 0.589090
vt 0.674259 0.855146
vt 0.678995 0.862302
vt 0.678561 0.868497
vt 0.620140 0.664736
vt 0.620442 0.655018
vt 0.628253 0.661894
vt 0.628565 0.669144
vt 0.616936 0.656258
vt 0.944779 0.575648
vt 0.945977 0.581344
vt 0.932349 0.581344
vt 0.935454 0.574008
vt 0.722410 0.097960
vt 0.722410 0.087657
vt 0.730451 0.090170
vt 0.729536 0.096127
vt 0.844690 0.242033
vt 0.851392 0.246633
vt 0.851867 0.258390
vt 0.844690 0.259351
vt 0.559426 0.314448
vt 0.561927 0.331104
vt 0.553944 0.331752
vt 0.555137 0.314246
vt 0.849324 0.236963
vt 0.851895 0.240691
vt 0.961843 0.159860
vt 0.954398 0.158771
vt 0.953465 0.153794
vt 0.959564 0.153391
vt 0.458265 0.977028
vt 0.454018 0.974150
vt 0.454420 0.967466
vt 0.458265 0.971568
vt 0.950778 0.153776
vt 0.949845 0.159860
vt 0.978892 0.987494
vt 0.972894 0.987738
vt 0.972894 0.980604
vt 0.979017 0.982660
vt 0.592517 0.918008
vt 0.598982 0.919633
vt 0.598533 0.926245
vt 0.591946 0.924010
vt 0.740918 0.100859
vt 0.737884 0.091428
vt 0.751037 0.095664
vt 0.813346 0.756019
vt 0.817518 0.758241
vt 0.975219 0.896274
vt 0.974027 0.899835
vt 0.968617 0.901887
vt 0.965173 0.896274
vt 0.731523 0.080857
vt 0.737657 0.078832
vt 0.734089 0.097057
vt 0.737611 0.069291
vt 0.726315 0.074361
vt 0.734279 0.418893
vt 0.724296 0.419827
vt 0.721765 0.412377
vt 0.738147 0.412663
vt 0.742031 0.429611
vt 0.870421 0.704507
vt 0.877110 0.700721
vt 0.877110 0.720419
vt 0.869858 0.717097
vt 0.663459 0.949138
vt 0.664343 0.938715
vt 0.670008 0.936574
vt 0.670008 0.946805
vt 0.560126 0.534478
vt 0.554124 0.536712
vt 0.554574 0.525091
vt 0.559590 0.523560
vt 0.848255 0.963145
vt 0.844094 0.963721
vt 0.844094 0.953494
vt 0.849805 0.953021
vt 0.597145 0.936574
vt 0.596405 0.948604
vt 0.587737 0.949063
vt 0.587737 0.938347
vt 0.547926 0.338597
vt 0.541315 0.336535
vt 0.545550 0.327405
vt 0.554124 0.519916
vt 0.555504 0.515124
vt 0.260754 0.859175
vt 0.264754 0.867681
vt 0.259724 0.867005
vt 0.258721 0.861203
vt 0.978937 0.943227
vt 0.980968 0.937589
vt 0.986945 0.945457
vt 0.978913 0.945457
vt 0.617893 0.949089
vt 0.609595 0.948163
vt 0.609595 0.936574
vt 0.615722 0.937087
vt 0.791669 0.948902
vt 0.783027 0.946640
vt 0.783027 0.936574
vt 0.791318 0.939112
vt 0.606732 0.681645
vt 0.600963 0.685255
vt 0.601675 0.692015
vt 0.263809 0.878911
vt 0.258721 0.878135
vt 0.617759 0.719172
vt 0.615807 0.709877
vt 0.549459 0.312242
vt 0.560959 0.301035
vt 0.715182 0.424095
vt 0.617759 0.698605
vt 0.912605 0.197993
vt 0.925607 0.197798
vt 0.928864 0.207493
vt 0.912605 0.204615
vt 0.896921 0.892584
vt 0.889908 0.895120
vt 0.889908 0.877298
vt 0.896005 0.878812
vt 0.597318 0.932380
vt 0.592705 0.931210
vt 0.586836 0.932380
vt 0.585043 0.923363
vt 0.824391 0.653780
vt 0.816927 0.650724
vt 0.561927 0.288515
vt 0.912605 0.311859
vt 0.915059 0.306902
vt 0.929004 0.306902
vt 0.926099 0.311971
vt 0.676940 0.875309
vt 0.933067 0.473211
vt 0.932349 0.467526
vt 0.946097 0.467526
vt 0.944928 0.473911
vt 0.529427 0.932899
vt 0.524308 0.932899
vt 0.523975 0.918008
vt 0.529893 0.918651
vt 0.981737 0.701918
vt 0.978913 0.697953
vt 0.986440 0.697953
vt 0.987295 0.704441
vt 0.122008 0.992459
vt 0.122214 0.992545
vt 0.122214 0.992793
vt 0.122200 0.992651
vt 0.189640 0.991847
vt 0.189685 0.992115
vt 0.189551 0.992047
vt 0.189521 0.991879
vt 0.278733 0.992059
vt 0.278634 0.992187
vt 0.278633 0.992044
vt 0.278676 0.991847
vt 0.239481 0.992285
vt 0.239367 0.992156
vt 0.239352 0.991858
vt 0.239481 0.991847
vt 0.189521 0.992436
vt 0.189649 0.992470
vt 0.189799 0.992211
vt 0.189759 0.992500
vt 0.275436 0.992081
vt 0.275557 0.991847
vt 0.275474 0.992023
vt 0.275557 0.992197
vt 0.122412 0.992895
vt 0.122412 0.992616
vt 0.122225 0.992290
vt 0.122412 0.992373
vt 0.122238 0.992051
vt 0.122412 0.992131
vt 0.122300 0.991847
vt 0.122412 0.991891
vt 0.209877 0.991896
vt 0.209860 0.992123
vt 0.209686 0.992096
vt 0.209686 0.991847
vt 0.209888 0.992365
vt 0.209686 0.992309
vt 0.278815 0.991866
vt 0.278815 0.992153
vt 0.122032 0.992199
vt 0.740781 0.574095
vt 0.744145 0.566978
vt 0.754639 0.574587
vt 0.746761 0.576598
vt 0.745452 0.584247
vt 0.735987 0.581373
vt 0.728588 0.577997
vt 0.756999 0.887883
vt 0.755340 0.877176
vt 0.767246 0.872686
vt 0.767246 0.891518
vt 0.754639 0.588632
vt 0.945612 0.681209
vt 0.945159 0.691140
vt 0.932349 0.693585
vt 0.935300 0.681209
vt 0.063037 0.898115
vt 0.060525 0.909529
vt 0.054986 0.906859
vt 0.054986 0.892715
vt 0.004336 0.505442
vt 0.013747 0.501413
vt 0.012918 0.515964
vt 0.002748 0.517046
vt 0.978913 0.757549
vt 0.978913 0.751032
vt 0.986031 0.750946
vt 0.987231 0.757929
vt 0.146213 0.394826
vt 0.153836 0.391640
vt 0.151078 0.400974
vt 0.141750 0.399676
vt 0.141298 0.987286
vt 0.134976 0.988539
vt 0.135521 0.982097
vt 0.141298 0.980604
vt 0.411146 0.086041
vt 0.416609 0.083204
vt 0.416206 0.091195
vt 0.408200 0.092372
vt 0.417583 0.096641
vt 0.429513 0.096151
vt 0.427764 0.107733
vt 0.411088 0.103040
vt 0.423931 0.089666
vt 0.158185 0.402849
vt 0.164336 0.397147
vt 0.165696 0.414160
vt 0.157362 0.413018
vt 0.149357 0.411873
vt 0.445064 0.099682
vt 0.444959 0.105462
vt 0.889433 0.555623
vt 0.891518 0.565529
vt 0.885343 0.562703
vt 0.886831 0.557397
vt 0.432855 0.090244
vt 0.444191 0.093517
vt 0.917005 0.411937
vt 0.912605 0.406501
vt 0.927926 0.406501
vt 0.928827 0.411856
vt 0.053374 0.740100
vt 0.047089 0.741401
vt 0.050469 0.731809
vt 0.057633 0.732977
vt 0.885557 0.549080
vt 0.891518 0.547159
vt 0.958050 0.676073
vt 0.950564 0.677572
vt 0.949845 0.669752
vt 0.961340 0.669752
vt 0.163895 0.768812
vt 0.159236 0.776251
vt 0.152611 0.772220
vt 0.157079 0.768324
vt 0.155108 0.760439
vt 0.162545 0.759758
vt 0.011285 0.554722
vt 0.008268 0.547494
vt 0.017346 0.544899
vt 0.019413 0.554551
vt 0.040111 0.715447
vt 0.045678 0.715400
vt 0.040717 0.722499
vt 0.036579 0.718902
vt 0.575781 0.936574
vt 0.584433 0.936889
vt 0.584661 0.943052
vt 0.576001 0.942258
vt 0.877110 0.320171
vt 0.877110 0.325061
vt 0.868947 0.318629
vt 0.870384 0.314915
vt 0.035015 0.733234
vt 0.037283 0.727655
vt 0.044077 0.729855
vt 0.039753 0.737918
vt 0.034988 0.745356
vt 0.029227 0.735354
vt 0.029227 0.725805
vt 0.742031 0.272740
vt 0.739293 0.275560
vt 0.734741 0.260830
vt 0.741964 0.262608
vt 0.021912 0.533842
vt 0.023508 0.523706
vt 0.032446 0.536626
vt 0.025505 0.541838
vt 0.016498 0.534025
vt 0.733591 0.596400
vt 0.737034 0.594428
vt 0.731888 0.248189
vt 0.742031 0.243568
vt 0.005266 0.530624
vt 0.010307 0.532586
vt 0.706476 0.263729
vt 0.701482 0.270060
vt 0.697700 0.264759
vt 0.702199 0.258815
vt 0.703906 0.250642
vt 0.709612 0.249940
vt 0.052159 0.725208
vt 0.047676 0.723700
vt 0.050873 0.715860
vt 0.055733 0.720396
vt 0.137636 0.446826
vt 0.141446 0.440637
vt 0.149324 0.450013
vt 0.143065 0.452467
vt 0.140136 0.461068
vt 0.128963 0.450123
vt 0.131739 0.434774
vt 0.152553 0.459170
vt 0.148734 0.431056
vt 0.139966 0.425431
vt 0.156196 0.444892
vt 0.154898 0.430133
vt 0.159891 0.442895
vt 0.846876 0.880298
vt 0.859099 0.881377
vt 0.857666 0.887202
vt 0.851060 0.887916
vt 0.850213 0.869952
vt 0.859099 0.869041
vt 0.460631 0.105519
vt 0.460135 0.094994
vt 0.471874 0.095127
vt 0.471846 0.103388
vt 0.455551 0.112212
vt 0.410808 0.821709
vt 0.411768 0.813693
vt 0.421445 0.814563
vt 0.418871 0.824879
vt 0.410808 0.804877
vt 0.418688 0.799741
vt 0.783695 0.306774
vt 0.784488 0.296225
vt 0.794262 0.294316
vt 0.792613 0.309780
vt 0.467339 0.087248
vt 0.456808 0.086430
vt 0.877278 0.011785
vt 0.884314 0.011838
vt 0.882388 0.023414
vt 0.874568 0.019203
vt 0.034220 0.545394
vt 0.028926 0.550991
vt 0.874568 0.004556
vt 0.882015 0.003952
vt 0.451133 0.116174
vt 0.460744 0.118340
vt 0.455457 0.120543
vt 0.445855 0.125659
vt 0.439694 0.120106
vt 0.444560 0.106836
vt 0.349403 0.685324
vt 0.344109 0.695076
vt 0.341138 0.688613
vt 0.346611 0.682060
vt 0.759551 0.472488
vt 0.767246 0.466809
vt 0.767246 0.488084
vt 0.759709 0.482664
vt 0.756576 0.469967
vt 0.759989 0.458631
vt 0.465632 0.134848
vt 0.471874 0.135993
vt 0.467014 0.147980
vt 0.461550 0.141084
vt 0.454006 0.133129
vt 0.461449 0.128205
vt 0.467780 0.125783
vt 0.932349 0.445509
vt 0.935050 0.440080
vt 0.946133 0.439628
vt 0.944113 0.445509
vt 0.161931 0.451478
vt 0.165696 0.449802
vt 0.826967 0.097932
vt 0.828481 0.109938
vt 0.822784 0.109135
vt 0.821853 0.099667
vt 0.492296 0.949407
vt 0.486073 0.949379
vt 0.486073 0.936574
vt 0.491023 0.937648
vt 0.932349 0.608012
vt 0.945767 0.606101
vt 0.942382 0.616996
vt 0.932349 0.615996
vt 0.334865 0.690830
vt 0.332796 0.683784
vt 0.338975 0.678231
vt 0.331443 0.696797
vt 0.325918 0.688156
vt 0.455575 0.146098
vt 0.449161 0.140031
vt 0.453863 0.153089
vt 0.441100 0.140676
vt 0.326173 0.680172
vt 0.330887 0.673617
vt 0.319873 0.676264
vt 0.328663 0.667135
vt 0.317958 0.689677
vt 0.349403 0.672021
vt 0.327006 0.702408
vt 0.946160 0.428407
vt 0.932349 0.428407
vt 0.934150 0.422708
vt 0.946161 0.422301
vt 0.945891 0.764051
vt 0.945236 0.769694
vt 0.932464 0.769149
vt 0.932349 0.764051
vt 0.348216 0.702331
vt 0.868354 0.674501
vt 0.868354 0.655554
vt 0.875309 0.658735
vt 0.874238 0.675392
vt 0.827153 0.122471
vt 0.821853 0.120094
vt 0.434225 0.141358
vt 0.339642 0.666854
vt 0.887854 0.589764
vt 0.882896 0.590743
vt 0.882896 0.572990
vt 0.889717 0.571833
vt 0.752838 0.883364
vt 0.752838 0.900178
vt 0.745990 0.900523
vt 0.750596 0.883053
vt 0.152611 0.750939
vt 0.160535 0.747190
vt 0.442745 0.088611
vt 0.783695 0.282198
vt 0.787257 0.283005
vt 0.140634 0.408745
vt 0.799320 0.175938
vt 0.791607 0.176731
vt 0.792633 0.165296
vt 0.799665 0.166787
vt 0.799665 0.192712
vt 0.796434 0.192146
vt 0.583038 0.949091
vt 0.575781 0.947529
vt 0.748766 0.597948
vt 0.743089 0.595026
vt 0.709612 0.284565
vt 0.703792 0.282076
vt 0.002748 0.551604
vt 0.021115 0.519349
vt 0.869787 0.334163
vt 0.877021 0.334995
vt 0.023654 0.506371
vt 0.047788 0.747434
vt 0.897067 0.386928
vt 0.896734 0.369947
vt 0.904125 0.369975
vt 0.904125 0.387225
vt 0.565528 0.949222
vt 0.565528 0.937525
vt 0.572705 0.936574
vt 0.572556 0.947511
vt 0.428006 0.084652
vt 0.115680 0.992961
vt 0.115275 0.993093
vt 0.115373 0.992907
vt 0.115689 0.992759
vt 0.115274 0.992493
vt 0.115274 0.991847
vt 0.115705 0.992420
vt 0.115315 0.992662
vt 0.132355 0.992718
vt 0.132408 0.992333
vt 0.132603 0.992421
vt 0.132513 0.992722
vt 0.133014 0.992756
vt 0.132768 0.992739
vt 0.132832 0.992436
vt 0.133014 0.992433
vt 0.132678 0.992172
vt 0.132813 0.992117
vt 0.133014 0.992110
vt 0.132902 0.991925
vt 0.133014 0.991847
vt 0.132647 0.992008
vt 0.265874 0.992120
vt 0.265693 0.992214
vt 0.265693 0.991847
vt 0.265738 0.991959
vt 0.621916 0.987131
vt 0.615228 0.988118
vt 0.615228 0.980717
vt 0.621961 0.980604
vt 0.018808 0.963175
vt 0.012316 0.964278
vt 0.012316 0.953021
vt 0.018637 0.953876
vt 0.393727 0.817675
vt 0.387350 0.810872
vt 0.394463 0.807273
vt 0.399967 0.816898
vt 0.712844 0.227728
vt 0.706940 0.230534
vt 0.705673 0.218870
vt 0.715016 0.216727
vt 0.698903 0.219277
vt 0.696308 0.228638
vt 0.693752 0.209553
vt 0.702438 0.206219
vt 0.082527 0.386923
vt 0.086450 0.396230
vt 0.068747 0.395854
vt 0.070845 0.385514
vt 0.399644 0.804626
vt 0.407037 0.810106
vt 0.398025 0.793887
vt 0.407037 0.793515
vt 0.387851 0.792036
vt 0.207592 0.936574
vt 0.206875 0.949526
vt 0.200236 0.949526
vt 0.198476 0.940797
vt 0.933529 0.225910
vt 0.932349 0.220577
vt 0.946386 0.220577
vt 0.945529 0.224248
vt 0.834237 0.804740
vt 0.833259 0.794587
vt 0.841089 0.796274
vt 0.836072 0.806869
vt 0.556485 0.918008
vt 0.561888 0.918088
vt 0.562384 0.931550
vt 0.556485 0.932845
vt 0.381488 0.798137
vt 0.092985 0.949155
vt 0.082762 0.949601
vt 0.083420 0.939137
vt 0.092985 0.936574
vt 0.482081 0.494692
vt 0.481012 0.478199
vt 0.489871 0.481314
vt 0.492075 0.497755
vt 0.886115 0.900523
vt 0.878203 0.894270
vt 0.881545 0.882945
vt 0.886115 0.884534
vt 0.493942 0.450537
vt 0.490161 0.458454
vt 0.483928 0.455757
vt 0.488352 0.446379
vt 0.500691 0.447540
vt 0.497443 0.461464
vt 0.492039 0.437749
vt 0.006940 0.382546
vt 0.009352 0.373344
vt 0.013695 0.377099
vt 0.013450 0.386233
vt 0.790514 0.511868
vt 0.784452 0.513258
vt 0.789214 0.498484
vt 0.794262 0.503012
vt 0.794262 0.517616
vt 0.788617 0.525906
vt 0.027562 0.368306
vt 0.031911 0.374145
vt 0.022114 0.375913
vt 0.018676 0.368365
vt 0.629273 0.715965
vt 0.629595 0.707087
vt 0.637571 0.704770
vt 0.634988 0.718765
vt 0.628332 0.725822
vt 0.623840 0.719909
vt 0.473043 0.471102
vt 0.478658 0.465311
vt 0.484311 0.468651
vt 0.498890 0.831782
vt 0.494613 0.832084
vt 0.493414 0.821029
vt 0.498484 0.820821
vt 0.821273 0.267327
vt 0.817284 0.271958
vt 0.814074 0.258744
vt 0.818741 0.257390
vt 0.362369 0.815682
vt 0.356646 0.813570
vt 0.356359 0.802786
vt 0.365180 0.805928
vt 0.714351 0.196161
vt 0.715016 0.202935
vt 0.701400 0.196571
vt 0.376323 0.807559
vt 0.376419 0.817675
vt 0.047508 0.378094
vt 0.057165 0.381968
vt 0.051674 0.389833
vt 0.038894 0.384011
vt 0.824879 0.246875
vt 0.814074 0.247570
vt 0.026135 0.386168
vt 0.038276 0.371579
vt 0.744097 0.638567
vt 0.747434 0.652878
vt 0.741108 0.652388
vt 0.740920 0.642349
vt 0.039604 0.389645
vt 0.029752 0.394867
vt 0.621591 0.701604
vt 0.626630 0.697150
vt 0.621591 0.710274
vt 0.480988 0.444487
vt 0.477092 0.451725
vt 0.468335 0.446544
vt 0.478518 0.437490
vt 0.473730 0.458582
vt 0.465536 0.461320
vt 0.576166 0.782014
vt 0.580155 0.776569
vt 0.588942 0.780870
vt 0.578723 0.788828
vt 0.567529 0.788858
vt 0.569138 0.780581
vt 0.573534 0.772940
vt 0.353381 0.853540
vt 0.360209 0.858138
vt 0.349469 0.864502
vt 0.346527 0.854575
vt 0.353686 0.843034
vt 0.360209 0.844332
vt 0.346696 0.845656
vt 0.368143 0.797459
vt 0.376419 0.796596
vt 0.363811 0.791432
vt 0.581959 0.770199
vt 0.575940 0.765070
vt 0.588942 0.766703
vt 0.577889 0.760798
vt 0.834621 0.783508
vt 0.841089 0.785386
vt 0.072000 0.922182
vt 0.072036 0.931071
vt 0.065960 0.933420
vt 0.065960 0.918008
vt 0.567090 0.771702
vt 0.563760 0.765504
vt 0.561399 0.779045
vt 0.486152 0.861066
vt 0.478110 0.861604
vt 0.482226 0.851109
vt 0.491585 0.851109
vt 0.943072 0.495755
vt 0.932349 0.495755
vt 0.933773 0.489149
vt 0.946061 0.489078
vt 0.491686 0.866173
vt 0.477613 0.871707
vt 0.914615 0.296417
vt 0.928890 0.296417
vt 0.925778 0.302509
vt 0.912605 0.303826
vt 0.498890 0.808094
vt 0.492521 0.809944
vt 0.783455 0.502492
vt 0.777747 0.500960
vt 0.777439 0.487983
vt 0.783455 0.487685
vt 0.783079 0.475427
vt 0.778254 0.474155
vt 0.344816 0.918420
vt 0.349855 0.918008
vt 0.349855 0.933192
vt 0.344601 0.931933
vt 0.860900 0.774935
vt 0.856953 0.785684
vt 0.853191 0.786253
vt 0.855643 0.774819
vt 0.902324 0.165696
vt 0.896484 0.165092
vt 0.896263 0.150746
vt 0.902324 0.148412
vt 0.012517 0.396230
vt 0.490307 0.471070
vt 0.860900 0.794052
vt 0.855624 0.796063
vt 0.495317 0.481078
vt 0.500691 0.498890
vt 0.747434 0.669849
vt 0.740465 0.669989
vt 0.062894 0.373589
vt 0.073391 0.376947
vt 0.631774 0.692233
vt 0.240746 0.933261
vt 0.234309 0.932685
vt 0.235391 0.918856
vt 0.240746 0.918008
vt 0.774456 0.441934
vt 0.781043 0.441585
vt 0.783455 0.460061
vt 0.775446 0.459590
vt 0.781656 0.470073
vt 0.774456 0.468118
vt 0.086497 0.991847
vt 0.086492 0.992392
vt 0.086101 0.992252
vt 0.086488 0.992948
vt 0.085701 0.992662
vt 0.086105 0.993268
vt 0.085412 0.993210
vt 0.086497 0.993471
vt 0.097742 0.991847
vt 0.098148 0.992022
vt 0.097961 0.992474
vt 0.097756 0.992348
vt 0.097181 0.992316
vt 0.097026 0.991847
vt 0.097805 0.992779
vt 0.097333 0.992778
vt 0.097830 0.993341
vt 0.097522 0.993349
vt 0.203031 0.991917
vt 0.203349 0.991847
vt 0.203349 0.992364
vt 0.203021 0.992382
vt 0.081340 0.991920
vt 0.081332 0.992166
vt 0.080946 0.992347
vt 0.080846 0.991847
vt 0.081417 0.992678
vt 0.081053 0.992881
vt 0.081421 0.993105
vt 0.081168 0.993456
vt 0.179666 0.992515
vt 0.179373 0.992211
vt 0.179516 0.991847
vt 0.179666 0.992064
vt 0.176297 0.992540
vt 0.176146 0.992352
vt 0.176282 0.991847
vt 0.176297 0.992165
vt 0.146041 0.992654
vt 0.146003 0.992339
vt 0.146003 0.991847
vt 0.146145 0.992258
vt 0.136090 0.992705
vt 0.136090 0.992273
vt 0.136229 0.991847
vt 0.136404 0.992344
vt 0.213303 0.992357
vt 0.212964 0.992302
vt 0.212964 0.991847
vt 0.213208 0.991906
vt 0.082235 0.992131
vt 0.081788 0.992433
vt 0.081794 0.991995
vt 0.082336 0.991847
vt 0.196184 0.992304
vt 0.196187 0.992106
vt 0.196374 0.992089
vt 0.196355 0.992281
vt 0.252367 0.991847
vt 0.252539 0.991847
vt 0.252568 0.992031
vt 0.252390 0.992051
vt 0.216619 0.992340
vt 0.216454 0.992359
vt 0.216379 0.992255
vt 0.216619 0.992128
vt 0.173070 0.992031
vt 0.172898 0.992103
vt 0.172858 0.991941
vt 0.173025 0.991894
vt 0.281891 0.992183
vt 0.281906 0.992016
vt 0.282089 0.991988
vt 0.282089 0.992160
vt 0.169026 0.991860
vt 0.169221 0.991847
vt 0.169212 0.992031
vt 0.168981 0.992030
vt 0.169408 0.991848
vt 0.169408 0.992032
vt 0.196581 0.991874
vt 0.196565 0.992068
vt 0.196392 0.991853
vt 0.272197 0.991860
vt 0.272336 0.991847
vt 0.272360 0.992013
vt 0.272197 0.992032
vt 0.193108 0.991847
vt 0.193092 0.992219
vt 0.192875 0.992290
vt 0.192896 0.992035
vt 0.216410 0.991866
vt 0.216609 0.991847
vt 0.169334 0.992459
vt 0.169043 0.992558
vt 0.169119 0.992280
vt 0.169399 0.992236
vt 0.172573 0.992520
vt 0.172484 0.992280
vt 0.172704 0.992195
vt 0.172834 0.992382
vt 0.252606 0.992253
vt 0.252734 0.992003
vt 0.252731 0.992168
vt 0.252452 0.992253
vt 0.172485 0.991892
vt 0.172660 0.991847
vt 0.172675 0.992005
vt 0.172484 0.992074
vt 0.291778 0.991997
vt 0.291635 0.991997
vt 0.291659 0.991862
vt 0.291778 0.991847
vt 0.268950 0.992010
vt 0.268988 0.991858
vt 0.269121 0.991847
vt 0.269121 0.992017
vt 0.269108 0.992195
vt 0.268953 0.992173
vt 0.281915 0.991886
vt 0.282069 0.991847
vt 0.272330 0.992195
vt 0.272198 0.992190
vt 0.196690 0.992235
vt 0.196641 0.992402
vt 0.196524 0.992431
vt 0.196537 0.992256
vt 0.196356 0.992450
vt 0.192910 0.992483
vt 0.193108 0.992409
vt 0.173052 0.992243
vt 0.196184 0.991847
vt 0.285165 0.991881
vt 0.285335 0.991847
vt 0.285335 0.992024
vt 0.285178 0.992009
vt 0.108259 0.992348
vt 0.108577 0.991847
vt 0.108577 0.993210
vt 0.108397 0.993256
vt 0.032380 0.992229
vt 0.033849 0.991847
vt 0.033849 0.992486
vt 0.032750 0.992652
vt 0.033849 0.993062
vt 0.033122 0.993204
vt 0.033849 0.993668
vt 0.033415 0.993733
vt 0.033849 0.994267
vt 0.033703 0.994253
vt 0.288411 0.991847
vt 0.288559 0.991847
vt 0.288527 0.992015
vt 0.101224 0.991847
vt 0.101475 0.992401
vt 0.101224 0.993314
vt 0.267648 0.213712
vt 0.259835 0.215349
vt 0.262405 0.205271
vt 0.270415 0.208072
vt 0.277619 0.213595
vt 0.271952 0.218740
vt 0.266374 0.223050
vt 0.751991 0.227473
vt 0.752385 0.219510
vt 0.757832 0.218579
vt 0.758241 0.228142
vt 0.755244 0.237738
vt 0.748511 0.231324
vt 0.746096 0.221033
vt 0.327033 0.202065
vt 0.328533 0.186586
vt 0.336895 0.189820
vt 0.336423 0.202587
vt 0.316346 0.192288
vt 0.320459 0.182331
vt 0.748927 0.206847
vt 0.754598 0.209965
vt 0.282780 0.195127
vt 0.290799 0.204336
vt 0.283659 0.208838
vt 0.275438 0.201866
vt 0.267914 0.197584
vt 0.273780 0.191130
vt 0.291389 0.191267
vt 0.296583 0.200770
vt 0.234981 0.977133
vt 0.228480 0.973430
vt 0.227306 0.967466
vt 0.234981 0.967853
vt 0.279571 0.184378
vt 0.283762 0.188109
vt 0.113266 0.814303
vt 0.109971 0.814658
vt 0.109180 0.803792
vt 0.117068 0.806857
vt 0.758241 0.209973
vt 0.268081 0.186684
vt 0.274673 0.180517
vt 0.284572 0.178553
vt 0.288568 0.184398
vt 0.313910 0.223113
vt 0.318118 0.214221
vt 0.323991 0.218566
vt 0.320269 0.229315
vt 0.110108 0.793624
vt 0.117068 0.794824
vt 0.780442 0.779048
vt 0.782121 0.770037
vt 0.790660 0.771615
vt 0.784806 0.783455
vt 0.271078 0.175324
vt 0.264501 0.175150
vt 0.268309 0.161938
vt 0.273866 0.167939
vt 0.279111 0.173002
vt 0.104787 0.819476
vt 0.102340 0.803191
vt 0.343703 0.210352
vt 0.337959 0.216066
vt 0.332626 0.223822
vt 0.345300 0.224943
vt 0.333703 0.232335
vt 0.283276 0.168355
vt 0.283071 0.161322
vt 0.295129 0.165665
vt 0.289609 0.172980
vt 0.298590 0.173357
vt 0.306178 0.175679
vt 0.299308 0.185514
vt 0.294635 0.179028
vt 0.755802 0.097006
vt 0.758974 0.089045
vt 0.767246 0.089970
vt 0.758745 0.104461
vt 0.675076 0.909259
vt 0.668164 0.911330
vt 0.668164 0.894694
vt 0.675393 0.900103
vt 0.349403 0.216248
vt 0.849928 0.597059
vt 0.850094 0.605241
vt 0.842562 0.605423
vt 0.842562 0.593477
vt 0.124585 0.949346
vt 0.121158 0.949685
vt 0.116514 0.936574
vt 0.124585 0.937803
vt 0.844782 0.614847
vt 0.848240 0.615958
vt 0.295257 0.243823
vt 0.296073 0.234832
vt 0.306178 0.234780
vt 0.301111 0.249494
vt 0.288671 0.246045
vt 0.288108 0.236053
vt 0.289063 0.255749
vt 0.320281 0.145828
vt 0.327743 0.143244
vt 0.325915 0.154338
vt 0.318268 0.153977
vt 0.427667 0.946393
vt 0.420079 0.949342
vt 0.420079 0.936574
vt 0.428677 0.938437
vt 0.011743 0.266320
vt 0.010259 0.258072
vt 0.017553 0.255758
vt 0.019811 0.266555
vt 0.342586 0.161806
vt 0.340900 0.173125
vt 0.332144 0.170497
vt 0.334696 0.156392
vt 0.339684 0.145728
vt 0.349403 0.157954
vt 0.347881 0.175480
vt 0.282014 0.245259
vt 0.280449 0.238252
vt 0.276832 0.250876
vt 0.272464 0.240849
vt 0.277814 0.227841
vt 0.284138 0.224387
vt 0.271545 0.230411
vt 0.014284 0.246307
vt 0.008346 0.246607
vt 0.008674 0.234774
vt 0.016273 0.237262
vt 0.010315 0.225287
vt 0.019812 0.227187
vt 0.313134 0.177065
vt 0.317446 0.166081
vt 0.324655 0.168154
vt 0.308833 0.185455
vt 0.291867 0.220866
vt 0.299879 0.217421
vt 0.711091 0.105932
vt 0.708983 0.090271
vt 0.716117 0.089586
vt 0.716817 0.106476
vt 0.714965 0.123881
vt 0.708983 0.124272
vt 0.343367 0.191545
vt 0.779853 0.371337
vt 0.778334 0.386720
vt 0.770126 0.387077
vt 0.773612 0.372682
vt 0.779853 0.397289
vt 0.770895 0.399832
vt 0.755802 0.077448
vt 0.761910 0.074646
vt 0.895120 0.397894
vt 0.895120 0.416042
vt 0.886923 0.413103
vt 0.885693 0.399045
vt 0.282803 0.155401
vt 0.789098 0.755690
vt 0.780442 0.757028
vt 0.994453 0.966979
vt 0.994052 0.968123
vt 0.992443 0.968026
vt 0.992875 0.966777
vt 0.995986 0.639848
vt 0.994366 0.640188
vt 0.994628 0.638663
vt 0.996737 0.638405
vt 0.991178 0.741340
vt 0.992321 0.740189
vt 0.993225 0.741698
vt 0.991614 0.742459
vt 0.994510 0.949096
vt 0.994359 0.950355
vt 0.992836 0.950355
vt 0.993457 0.948924
vt 0.992370 0.743329
vt 0.993738 0.743340
vt 0.993913 0.947720
vt 0.995395 0.948345
vt 0.991178 0.335540
vt 0.991178 0.333755
vt 0.992813 0.334132
vt 0.992402 0.336490
vt 0.994256 0.889627
vt 0.995746 0.889332
vt 0.996162 0.890661
vt 0.994180 0.890379
vt 0.992411 0.890498
vt 0.992516 0.889158
vt 0.994624 0.334035
vt 0.993565 0.332898
vt 0.994392 0.331804
vt 0.995519 0.333172
vt 0.996457 0.334646
vt 0.994880 0.335223
vt 0.991334 0.950239
vt 0.992022 0.948883
vt 0.995075 0.337166
vt 0.991178 0.890661
vt 0.991362 0.889362
vt 0.707150 0.981541
vt 0.707464 0.980604
vt 0.709113 0.981413
vt 0.708034 0.982689
vt 0.996222 0.782598
vt 0.996764 0.783937
vt 0.995006 0.784819
vt 0.994727 0.783115
vt 0.994658 0.781498
vt 0.996445 0.781498
vt 0.709002 0.984141
vt 0.710471 0.983773
vt 0.708481 0.985654
vt 0.707007 0.984208
vt 0.710471 0.986248
vt 0.067188 0.993441
vt 0.065579 0.993743
vt 0.065579 0.991847
vt 0.067171 0.992246
vt 0.992221 0.912372
vt 0.993858 0.912130
vt 0.993370 0.913921
vt 0.991178 0.913521
vt 0.997310 0.613700
vt 0.997428 0.614890
vt 0.995987 0.615422
vt 0.995899 0.613598
vt 0.038807 0.993597
vt 0.037261 0.994015
vt 0.036925 0.991847
vt 0.038843 0.991847
vt 0.993004 0.634669
vt 0.992930 0.636911
vt 0.991183 0.637208
vt 0.991178 0.635096
vt 0.707759 0.987304
vt 0.709733 0.988216
vt 0.995135 0.634340
vt 0.995003 0.636562
vt 0.992759 0.638911
vt 0.015098 0.991847
vt 0.015098 0.994075
vt 0.013179 0.994527
vt 0.013205 0.992475
vt 0.997171 0.636285
vt 0.994288 0.739309
vt 0.996563 0.739366
vt 0.996945 0.741547
vt 0.995137 0.741527
vt 0.996593 0.331707
vt 0.997777 0.333285
vt 0.995405 0.743340
vt 0.992984 0.783750
vt 0.993075 0.782130
vt 0.991178 0.639095
vt 0.991178 0.784122
vt 0.991405 0.782399
vt 0.993679 0.615422
vt 0.993739 0.613664
vt 0.991178 0.615149
vt 0.991194 0.613619
vt 0.997374 0.336335
vt 0.996011 0.912130
vt 0.995410 0.913926
vt 0.994197 0.982229
vt 0.991477 0.982067
vt 0.991178 0.980711
vt 0.993935 0.980711
vt 0.991269 0.966777
vt 0.991178 0.968182
vt 0.991178 0.948450
vt 0.992404 0.947858
vt 0.257770 0.730523
vt 0.253522 0.725569
vt 0.263093 0.723062
vt 0.265194 0.730523
vt 0.254943 0.734827
vt 0.246921 0.729014
vt 0.223539 0.968522
vt 0.224230 0.975929
vt 0.217481 0.977211
vt 0.217481 0.967466
vt 0.267745 0.715075
vt 0.260502 0.716502
vt 0.257851 0.708782
vt 0.268014 0.709150
vt 0.271937 0.719656
vt 0.275545 0.712738
vt 0.689445 0.493029
vt 0.689574 0.498890
vt 0.678790 0.497663
vt 0.683115 0.491248
vt 0.689274 0.484499
vt 0.694975 0.490409
vt 0.616906 0.297742
vt 0.619986 0.293413
vt 0.627599 0.296574
vt 0.620956 0.302576
vt 0.622491 0.288292
vt 0.628565 0.287320
vt 0.619986 0.283855
vt 0.625309 0.279917
vt 0.700557 0.486863
vt 0.700607 0.481861
vt 0.246220 0.709871
vt 0.249930 0.719136
vt 0.618277 0.269558
vt 0.616944 0.267015
vt 0.617162 0.264133
vt 0.623489 0.267393
vt 0.991178 0.142082
vt 0.998112 0.142082
vt 0.996358 0.143908
vt 0.993395 0.147944
vt 0.986942 0.963229
vt 0.978913 0.963229
vt 0.979109 0.955615
vt 0.986380 0.956427
vt 0.731398 0.845428
vt 0.737358 0.846931
vt 0.737374 0.854322
vt 0.731779 0.851473
vt 0.244118 0.701525
vt 0.255091 0.701525
vt 0.153089 0.787502
vt 0.150709 0.793586
vt 0.143170 0.790551
vt 0.141794 0.782159
vt 0.684187 0.477271
vt 0.690307 0.477279
vt 0.680640 0.481557
vt 0.682257 0.470880
vt 0.690993 0.470197
vt 0.675350 0.476654
vt 0.675784 0.486938
vt 0.700607 0.474773
vt 0.672462 0.482083
vt 0.669417 0.491502
vt 0.666954 0.481193
vt 0.670372 0.471707
vt 0.072755 0.986725
vt 0.067109 0.988598
vt 0.067109 0.980992
vt 0.073974 0.980604
vt 0.870931 0.170851
vt 0.869887 0.164457
vt 0.876815 0.161955
vt 0.877110 0.171760
vt 0.030363 0.297873
vt 0.030618 0.306513
vt 0.023444 0.303571
vt 0.024864 0.294003
vt 0.875853 0.181906
vt 0.869887 0.178371
vt 0.693509 0.949267
vt 0.692358 0.942738
vt 0.695992 0.936574
vt 0.695992 0.945196
vt 0.613432 0.272599
vt 0.612581 0.268146
vt 0.620472 0.273387
vt 0.616386 0.277594
vt 0.737507 0.788245
vt 0.741469 0.779932
vt 0.748756 0.784971
vt 0.740152 0.788858
vt 0.688977 0.194823
vt 0.694331 0.194924
vt 0.695366 0.202204
vt 0.691475 0.205319
vt 0.691045 0.190273
vt 0.697005 0.187998
vt 0.621142 0.259158
vt 0.628565 0.262304
vt 0.753512 0.681755
vt 0.761843 0.685135
vt 0.761843 0.693519
vt 0.751829 0.687855
vt 0.744391 0.686105
vt 0.750272 0.677674
vt 0.952663 0.556979
vt 0.949845 0.551976
vt 0.961494 0.551540
vt 0.961494 0.559347
vt 0.752302 0.694756
vt 0.761494 0.702659
vt 0.289663 0.575342
vt 0.294368 0.567432
vt 0.301034 0.572348
vt 0.295775 0.579204
vt 0.757924 0.707811
vt 0.752021 0.705753
vt 0.772016 0.511491
vt 0.769789 0.522304
vt 0.764565 0.520123
vt 0.763063 0.511537
vt 0.763117 0.502408
vt 0.772649 0.502330
vt 0.745118 0.695416
vt 0.295294 0.587043
vt 0.300203 0.592849
vt 0.293779 0.598508
vt 0.291151 0.591187
vt 0.305077 0.584875
vt 0.866538 0.406968
vt 0.864392 0.412440
vt 0.866468 0.402896
vt 0.869453 0.401283
vt 0.864392 0.392475
vt 0.869906 0.391805
vt 0.722839 0.860900
vt 0.715726 0.856965
vt 0.718151 0.849338
vt 0.725822 0.851523
vt 0.965173 0.015100
vt 0.967871 0.009136
vt 0.975764 0.009136
vt 0.973357 0.014441
vt 0.959220 0.619681
vt 0.951263 0.620857
vt 0.949845 0.612612
vt 0.961410 0.612612
vt 0.872452 0.987865
vt 0.872452 0.980604
vt 0.878183 0.982102
vt 0.878689 0.986158
vt 0.736550 0.860739
vt 0.739904 0.865405
vt 0.733886 0.866304
vt 0.731398 0.859412
vt 0.745225 0.859466
vt 0.806452 0.921189
vt 0.812547 0.918008
vt 0.812547 0.928147
vt 0.807147 0.932480
vt 0.737507 0.770142
vt 0.745932 0.763262
vt 0.748029 0.771582
vt 0.756325 0.775886
vt 0.756440 0.760696
vt 0.313388 0.652852
vt 0.322387 0.650275
vt 0.322387 0.665601
vt 0.312799 0.662104
vt 0.305378 0.660511
vt 0.307049 0.649899
vt 0.312280 0.640914
vt 0.921600 0.285766
vt 0.918805 0.293341
vt 0.912604 0.292922
vt 0.917115 0.282718
vt 0.928761 0.282718
vt 0.926739 0.291051
vt 0.973789 0.838094
vt 0.975228 0.844210
vt 0.965173 0.844210
vt 0.965741 0.838328
vt 0.708984 0.599194
vt 0.715016 0.595786
vt 0.712953 0.606757
vt 0.707755 0.608773
vt 0.311313 0.668926
vt 0.315972 0.675510
vt 0.305782 0.669734
vt 0.308316 0.678995
vt 0.991178 0.409461
vt 0.996547 0.409876
vt 0.997600 0.415284
vt 0.991178 0.415819
vt 0.338998 0.980604
vt 0.339518 0.988430
vt 0.333183 0.988430
vt 0.333449 0.980767
vt 0.629787 0.789765
vt 0.623469 0.790659
vt 0.625217 0.782058
vt 0.633685 0.782805
vt 0.302831 0.678338
vt 0.299235 0.671103
vt 0.618193 0.781839
vt 0.615300 0.774332
vt 0.625291 0.771798
vt 0.614677 0.788425
vt 0.776008 0.199080
vt 0.770371 0.203518
vt 0.766108 0.191366
vt 0.775550 0.190501
vt 0.500280 0.703929
vt 0.507551 0.701208
vt 0.507895 0.715404
vt 0.498834 0.712959
vt 0.490323 0.698751
vt 0.493660 0.690174
vt 0.488289 0.709881
vt 0.906382 0.220018
vt 0.899880 0.223330
vt 0.899880 0.206212
vt 0.907728 0.208890
vt 0.482575 0.689936
vt 0.478944 0.696729
vt 0.844691 0.300030
vt 0.843866 0.307778
vt 0.834344 0.308504
vt 0.838368 0.295727
vt 0.503132 0.723535
vt 0.495880 0.724021
vt 0.763063 0.495534
vt 0.770444 0.493027
vt 0.105765 0.947677
vt 0.105553 0.938285
vt 0.113438 0.936574
vt 0.113438 0.949709
vt 0.305496 0.567540
vt 0.302640 0.561481
vt 0.315415 0.562291
vt 0.313165 0.569001
vt 0.309010 0.576796
vt 0.315245 0.601399
vt 0.315685 0.608754
vt 0.302316 0.607766
vt 0.307536 0.599576
vt 0.313048 0.589626
vt 0.322045 0.593273
vt 0.897920 0.476081
vt 0.897693 0.465420
vt 0.904125 0.463737
vt 0.904125 0.480880
vt 0.315505 0.580825
vt 0.322810 0.577896
vt 0.327791 0.575148
vt 0.327791 0.596610
vt 0.691602 0.431721
vt 0.688083 0.448461
vt 0.680612 0.444783
vt 0.683823 0.431711
vt 0.680612 0.415969
vt 0.688847 0.412123
vt 0.844691 0.317799
vt 0.835366 0.318785
vt 0.478944 0.708257
vt 0.487022 0.721992
vt 0.479112 0.719301
vt 0.862185 0.043358
vt 0.862701 0.056195
vt 0.856014 0.055711
vt 0.855294 0.043532
vt 0.735235 0.334995
vt 0.728951 0.333190
vt 0.731643 0.317363
vt 0.738429 0.318443
vt 0.766108 0.174608
vt 0.776251 0.178616
vt 0.861770 0.064838
vt 0.855294 0.063765
vt 0.614677 0.763149
vt 0.625520 0.762503
vt 0.343976 0.963925
vt 0.344996 0.954745
vt 0.352702 0.953021
vt 0.352702 0.962238
vt 0.633968 0.771777
vt 0.707510 0.618901
vt 0.713230 0.618092
vt 0.715016 0.628629
vt 0.709452 0.630366
vt 0.298537 0.660624
vt 0.299917 0.649823
vt 0.020930 0.949670
vt 0.010523 0.947361
vt 0.010523 0.936574
vt 0.020105 0.942516
vt 0.695054 0.181678
vt 0.688977 0.181306
vt 0.689207 0.169537
vt 0.694868 0.170831
vt 0.728951 0.305264
vt 0.735812 0.302596
vt 0.149314 0.801466
vt 0.144586 0.799738
vt 0.867443 0.931938
vt 0.865753 0.924705
vt 0.872411 0.926505
vt 0.873561 0.932297
vt 0.745633 0.849651
vt 0.715726 0.840018
vt 0.722361 0.839391
vt 0.143264 0.774250
vt 0.153089 0.778398
vt 0.690934 0.463063
vt 0.699850 0.464470
vt 0.699847 0.469006
vt 0.679462 0.464184
vt 0.838544 0.381811
vt 0.841089 0.393369
vt 0.833281 0.394322
vt 0.832958 0.382775
vt 0.839793 0.405236
vt 0.832457 0.404962
vt 0.016260 0.292110
vt 0.016260 0.301321
vt 0.825431 0.395673
vt 0.825431 0.385385
vt 0.026606 0.316984
vt 0.020877 0.311475
vt 0.837487 0.570891
vt 0.830737 0.570932
vt 0.830478 0.558408
vt 0.836686 0.559277
vt 0.275560 0.726509
vt 0.830664 0.547176
vt 0.837487 0.547890
vt 0.243793 0.721631
vt 0.869935 0.918008
vt 0.873561 0.921940
vt 0.987457 0.532622
vt 0.978913 0.532622
vt 0.981075 0.527060
vt 0.986880 0.527438
vt 0.325846 0.069377
vt 0.332850 0.062517
vt 0.334971 0.070614
vt 0.331728 0.076226
vt 0.841789 0.291745
vt 0.840742 0.285489
vt 0.848293 0.285055
vt 0.845329 0.295372
vt 0.323077 0.058775
vt 0.328647 0.052442
vt 0.892238 0.738922
vt 0.898722 0.740558
vt 0.898722 0.756440
vt 0.891404 0.749810
vt 0.356650 0.053299
vt 0.350217 0.050883
vt 0.351787 0.039163
vt 0.360209 0.044051
vt 0.358153 0.062861
vt 0.348946 0.059957
vt 0.876349 0.135175
vt 0.870597 0.142283
vt 0.870597 0.122272
vt 0.877110 0.125866
vt 0.118317 0.384560
vt 0.127221 0.378548
vt 0.134070 0.387136
vt 0.126487 0.392032
vt 0.840742 0.272736
vt 0.847681 0.275738
vt 0.107586 0.385779
vt 0.103439 0.377067
vt 0.114365 0.375309
vt 0.123071 0.371200
vt 0.113664 0.368321
vt 0.107943 0.364783
vt 0.116789 0.357714
vt 0.119916 0.363613
vt 0.959210 0.602291
vt 0.961465 0.609536
vt 0.949845 0.609536
vt 0.950078 0.603379
vt 0.340842 0.069461
vt 0.337475 0.078234
vt 0.928543 0.073180
vt 0.928938 0.082706
vt 0.920811 0.083695
vt 0.922500 0.073567
vt 0.338588 0.085425
vt 0.342787 0.080012
vt 0.349404 0.084729
vt 0.338918 0.091853
vt 0.327480 0.089991
vt 0.333208 0.083593
vt 0.328852 0.079944
vt 0.322116 0.078645
vt 0.314215 0.054876
vt 0.320189 0.043870
vt 0.645415 0.730270
vt 0.642421 0.722888
vt 0.650975 0.719595
vt 0.651979 0.732183
vt 0.141820 0.392628
vt 0.143147 0.381111
vt 0.148233 0.387875
vt 0.646033 0.743832
vt 0.639603 0.736169
vt 0.408654 0.338409
vt 0.409582 0.330906
vt 0.416042 0.331869
vt 0.414471 0.340398
vt 0.987194 0.782084
vt 0.987237 0.787716
vt 0.978913 0.787716
vt 0.979688 0.781614
vt 0.314215 0.015008
vt 0.318810 0.009024
vt 0.323017 0.016046
vt 0.315516 0.021958
vt 0.849988 0.691651
vt 0.841689 0.693403
vt 0.843093 0.684201
vt 0.853696 0.684275
vt 0.160011 0.386107
vt 0.160947 0.381429
vt 0.171750 0.387603
vt 0.166714 0.392617
vt 0.905065 0.091794
vt 0.906971 0.100859
vt 0.901784 0.100859
vt 0.900881 0.089134
vt 0.905834 0.083984
vt 0.907728 0.088956
vt 0.328076 0.038143
vt 0.335645 0.031246
vt 0.344354 0.038225
vt 0.339043 0.047890
vt 0.321170 0.029746
vt 0.328623 0.023451
vt 0.646425 0.712086
vt 0.639603 0.713956
vt 0.153074 0.374192
vt 0.162607 0.375971
vt 0.155178 0.380982
vt 0.138246 0.373672
vt 0.149956 0.368744
vt 0.971617 0.854174
vt 0.965173 0.854469
vt 0.973137 0.847286
vt 0.975172 0.854469
vt 0.345347 0.034554
vt 0.341406 0.026447
vt 0.344283 0.018949
vt 0.350101 0.019877
vt 0.935473 0.498831
vt 0.945779 0.510888
vt 0.932349 0.510888
vt 0.935662 0.504182
vt 0.171659 0.362844
vt 0.161034 0.359983
vt 0.164217 0.349902
vt 0.177935 0.358620
vt 0.174002 0.370018
vt 0.163167 0.364662
vt 0.183351 0.369300
vt 0.174233 0.380657
vt 0.340666 0.059654
vt 0.147227 0.362987
vt 0.134366 0.366123
vt 0.131115 0.356723
vt 0.146402 0.353829
vt 0.346324 0.029099
vt 0.356353 0.029545
vt 0.871707 0.543916
vt 0.866003 0.541814
vt 0.864211 0.528189
vt 0.871707 0.523575
vt 0.763644 0.537092
vt 0.758625 0.551044
vt 0.751965 0.549155
vt 0.760011 0.535512
vt 0.340374 0.011436
vt 0.343680 0.004935
vt 0.329645 0.012198
vt 0.330134 0.004938
vt 0.334833 0.018024
vt 0.653067 0.759728
vt 0.655581 0.771734
vt 0.649486 0.774450
vt 0.646587 0.759921
vt 0.650044 0.745330
vt 0.655581 0.749743
vt 0.853696 0.671403
vt 0.843281 0.674218
vt 0.123112 0.933171
vt 0.113517 0.932635
vt 0.113920 0.919539
vt 0.123112 0.918008
vt 0.185508 0.382069
vt 0.181406 0.391832
vt 0.928939 0.177043
vt 0.924755 0.185578
vt 0.915690 0.184105
vt 0.912604 0.177043
vt 0.127390 0.349902
vt 0.752269 0.565529
vt 0.763644 0.563904
vt 0.408654 0.321087
vt 0.414470 0.321416
vt 0.832136 0.692760
vt 0.833000 0.684975
vt 0.347232 0.069872
vt 0.354658 0.074042
vt 0.822166 0.163895
vt 0.821404 0.152096
vt 0.827314 0.152572
vt 0.827326 0.163895
vt 0.949845 0.056525
vt 0.950213 0.051304
vt 0.961940 0.049954
vt 0.961953 0.056525
vt 0.821053 0.140846
vt 0.828481 0.139408
vt 0.916067 0.073180
vt 0.912604 0.082520
vt 0.575709 0.967466
vt 0.575709 0.976826
vt 0.569196 0.975374
vt 0.570107 0.970181
vt 0.991178 0.299906
vt 0.997224 0.299906
vt 0.997975 0.303794
vt 0.992132 0.302470
vt 0.417474 0.967466
vt 0.421045 0.967813
vt 0.423278 0.973953
vt 0.417474 0.977016
vt 0.175517 0.894800
vt 0.180033 0.895356
vt 0.182173 0.900697
vt 0.175517 0.905193
vt 0.965173 0.098637
vt 0.975616 0.098637
vt 0.971733 0.106283
vt 0.966325 0.105013
vt 0.172335 0.350755
vt 0.170626 0.344194
vt 0.178385 0.345521
vt 0.177352 0.353005
vt 0.316045 0.451380
vt 0.316465 0.457039
vt 0.311100 0.458313
vt 0.311380 0.453247
vt 0.997393 0.033700
vt 0.998320 0.038155
vt 0.992308 0.038155
vt 0.991178 0.033637
vt 0.511698 0.987402
vt 0.506962 0.988286
vt 0.506962 0.982455
vt 0.512666 0.980604
vt 0.302524 0.739417
vt 0.308716 0.740358
vt 0.312055 0.748103
vt 0.305146 0.748736
vt 0.377127 0.982345
vt 0.377947 0.987010
vt 0.371188 0.988361
vt 0.371188 0.980604
vt 0.968571 0.429661
vt 0.965173 0.426837
vt 0.975580 0.426837
vt 0.973889 0.431189
vt 0.657382 0.390015
vt 0.654137 0.393874
vt 0.649544 0.388340
vt 0.655660 0.384477
vt 0.725085 0.748235
vt 0.716705 0.754364
vt 0.710654 0.749032
vt 0.714814 0.742249
vt 0.727623 0.758834
vt 0.720477 0.762400
vt 0.873115 0.355699
vt 0.881157 0.354364
vt 0.882513 0.362964
vt 0.878231 0.365613
vt 0.875221 0.346116
vt 0.882513 0.349282
vt 0.717889 0.735187
vt 0.727623 0.738324
vt 0.711880 0.759301
vt 0.712774 0.765445
vt 0.705864 0.764901
vt 0.705626 0.757836
vt 0.405502 0.543916
vt 0.399452 0.542649
vt 0.404829 0.533536
vt 0.412047 0.537863
vt 0.633601 0.981900
vt 0.640382 0.980604
vt 0.640382 0.987743
vt 0.633259 0.988078
vt 0.848242 0.502644
vt 0.850753 0.494151
vt 0.857298 0.496202
vt 0.853980 0.504293
vt 0.284203 0.763644
vt 0.275782 0.761645
vt 0.280943 0.755489
vt 0.290126 0.759602
vt 0.398538 0.530169
vt 0.392155 0.534321
vt 0.388041 0.522323
vt 0.396386 0.523018
vt 0.405809 0.524006
vt 0.933411 0.282588
vt 0.945174 0.283014
vt 0.946175 0.290808
vt 0.932349 0.290808
vt 0.306416 0.980611
vt 0.306416 0.988492
vt 0.301568 0.988072
vt 0.300950 0.980604
vt 0.540178 0.988284
vt 0.534810 0.987102
vt 0.534600 0.982585
vt 0.540178 0.980604
vt 0.566056 0.392892
vt 0.566630 0.402667
vt 0.559863 0.402197
vt 0.560949 0.392647
vt 0.992363 0.825586
vt 0.991178 0.821635
vt 0.996477 0.821579
vt 0.996477 0.826177
vt 0.169298 0.809309
vt 0.167727 0.814847
vt 0.158409 0.815333
vt 0.159299 0.809308
vt 0.398939 0.496822
vt 0.405122 0.504260
vt 0.398140 0.507915
vt 0.393227 0.501352
vt 0.912605 0.683270
vt 0.919979 0.683281
vt 0.921890 0.688040
vt 0.914832 0.687875
vt 0.399709 0.491576
vt 0.402789 0.489277
vt 0.405077 0.492580
vt 0.410137 0.500582
vt 0.277849 0.744294
vt 0.272528 0.748664
vt 0.270219 0.733779
vt 0.278037 0.733368
vt 0.287029 0.734062
vt 0.285316 0.747019
vt 0.890490 0.228733
vt 0.888924 0.221370
vt 0.895052 0.220753
vt 0.895050 0.227200
vt 0.301990 0.769047
vt 0.298730 0.760956
vt 0.306939 0.760078
vt 0.309985 0.768447
vt 0.876674 0.462869
vt 0.871997 0.461959
vt 0.872930 0.454636
vt 0.878911 0.454335
vt 0.639268 0.394573
vt 0.643637 0.391785
vt 0.647856 0.397805
vt 0.640602 0.399832
vt 0.634226 0.393047
vt 0.637779 0.386765
vt 0.633907 0.399621
vt 0.561719 0.949267
vt 0.556111 0.948288
vt 0.556509 0.943858
vt 0.562452 0.943655
vt 0.891223 0.515099
vt 0.890794 0.508655
vt 0.896690 0.508024
vt 0.896921 0.513864
vt 0.756914 0.660719
vt 0.754327 0.655697
vt 0.762044 0.655950
vt 0.762956 0.662785
vt 0.629633 0.397958
vt 0.627802 0.392482
vt 0.766675 0.649391
vt 0.761305 0.649209
vt 0.762394 0.641311
vt 0.769047 0.643558
vt 0.769047 0.653919
vt 0.720307 0.284126
vt 0.719151 0.277621
vt 0.725646 0.275143
vt 0.725064 0.284863
vt 0.651058 0.370996
vt 0.643683 0.366112
vt 0.648651 0.359066
vt 0.657382 0.363105
vt 0.932439 0.258226
vt 0.932349 0.254406
vt 0.939359 0.253134
vt 0.939271 0.259327
vt 0.183336 0.911330
vt 0.184650 0.907560
vt 0.639675 0.376932
vt 0.634787 0.372782
vt 0.653140 0.378075
vt 0.644530 0.382307
vt 0.177340 0.329096
vt 0.185508 0.331617
vt 0.185403 0.338578
vt 0.177875 0.337456
vt 0.724488 0.266229
vt 0.729979 0.262614
vt 0.733026 0.273162
vt 0.170565 0.337008
vt 0.170916 0.330051
vt 0.190911 0.905772
vt 0.188886 0.896195
vt 0.033340 0.977293
vt 0.031122 0.967466
vt 0.039534 0.967466
vt 0.039000 0.974635
vt 0.185508 0.346549
vt 0.630721 0.383696
vt 0.896921 0.498508
vt 0.892080 0.497328
vt 0.626933 0.380850
vt 0.733026 0.284984
vt 0.728087 0.295372
vt 0.721678 0.292435
vt 0.946300 0.252958
vt 0.946052 0.259327
vt 0.753487 0.648519
vt 0.754326 0.640334
vt 0.756197 0.633164
vt 0.763935 0.634232
vt 0.316984 0.465287
vt 0.316984 0.473675
vt 0.311007 0.473383
vt 0.310908 0.465995
vt 0.561767 0.936574
vt 0.556111 0.937183
vt 0.299757 0.749426
vt 0.314781 0.756500
vt 0.318819 0.762266
vt 0.318428 0.745014
vt 0.320962 0.751033
vt 0.323424 0.755220
vt 0.323923 0.742747
vt 0.326514 0.748719
vt 0.327791 0.754521
vt 0.391269 0.510439
vt 0.388041 0.505170
vt 0.402044 0.514734
vt 0.393216 0.516102
vt 0.410872 0.512805
vt 0.414759 0.525657
vt 0.901645 0.905857
vt 0.901827 0.892725
vt 0.907728 0.893065
vt 0.907728 0.909529
vt 0.848242 0.483320
vt 0.855305 0.482552
vt 0.558292 0.430888
vt 0.558292 0.413093
vt 0.565693 0.414453
vt 0.566065 0.430558
vt 0.570696 0.438550
vt 0.564021 0.443058
vt 0.416042 0.509774
vt 0.317814 0.740066
vt 0.324065 0.739417
vt 0.926491 0.683270
vt 0.928442 0.686270
vt 0.729350 0.968195
vt 0.736187 0.967466
vt 0.736187 0.976615
vt 0.727949 0.973518
vt 0.871997 0.446890
vt 0.877243 0.443059
vt 0.888915 0.210688
vt 0.895120 0.210688
vt 0.295372 0.735251
vt 0.295372 0.749676
vt 0.146998 0.825489
vt 0.146998 0.816583
vt 0.158021 0.823008
vt 0.159998 0.831181
vt 0.148946 0.833885
vt 0.167145 0.821842
vt 0.167535 0.828661
vt 0.572733 0.415859
vt 0.572291 0.403674
vt 0.950038 0.687313
vt 0.949845 0.680648
vt 0.960968 0.680788
vt 0.961386 0.687313
vt 0.995915 0.905129
vt 0.994984 0.908674
vt 0.991178 0.909054
vt 0.991689 0.905129
vt 0.165737 0.992246
vt 0.165404 0.992150
vt 0.165404 0.991847
vt 0.165851 0.992144
vt 0.165847 0.992444
vt 0.165404 0.992529
vt 0.262298 0.992027
vt 0.262369 0.991902
vt 0.262573 0.992104
vt 0.262554 0.992144
vt 0.262618 0.991847
vt 0.262618 0.992226
vt 0.152391 0.991847
vt 0.152456 0.992095
vt 0.152391 0.992649
vt 0.165905 0.992473
vt 0.165860 0.992581
vt 0.021071 0.626295
vt 0.023039 0.637453
vt 0.012308 0.638770
vt 0.011917 0.623307
vt 0.026414 0.620986
vt 0.032419 0.636118
vt 0.016146 0.613268
vt 0.442730 0.887074
vt 0.450262 0.883030
vt 0.450262 0.900523
vt 0.442462 0.900037
vt 0.021631 0.609044
vt 0.032419 0.616236
vt 0.718238 0.946780
vt 0.718206 0.939504
vt 0.726638 0.936574
vt 0.726638 0.949013
vt 0.463005 0.271857
vt 0.461806 0.249406
vt 0.469268 0.249084
vt 0.470797 0.268407
vt 0.144140 0.222895
vt 0.141527 0.230128
vt 0.119404 0.227920
vt 0.121836 0.219898
vt 0.168293 0.223082
vt 0.168507 0.230534
vt 0.576335 0.020164
vt 0.567224 0.024089
vt 0.564480 0.013678
vt 0.570935 0.008112
vt 0.475476 0.293910
vt 0.468542 0.295372
vt 0.003174 0.621831
vt 0.003428 0.642391
vt 0.008320 0.609889
vt 0.547309 0.020100
vt 0.541148 0.017179
vt 0.548452 0.010473
vt 0.554746 0.013930
vt 0.547893 0.028040
vt 0.538520 0.030101
vt 0.558325 0.024167
vt 0.534174 0.011893
vt 0.549040 0.002752
vt 0.559510 0.009866
vt 0.560580 0.002142
vt 0.470933 0.238320
vt 0.466464 0.234710
vt 0.243590 0.126289
vt 0.248221 0.123071
vt 0.250141 0.136289
vt 0.243334 0.137268
vt 0.470965 0.230588
vt 0.475476 0.235942
vt 0.558259 0.988222
vt 0.551945 0.987942
vt 0.551945 0.980724
vt 0.557742 0.980604
vt 0.125864 0.988559
vt 0.126178 0.980934
vt 0.131900 0.980604
vt 0.131900 0.986424
vt 0.108430 0.223797
vt 0.107836 0.216458
vt 0.483820 0.140457
vt 0.489142 0.151755
vt 0.481895 0.152873
vt 0.477810 0.139333
vt 0.248452 0.003241
vt 0.251621 0.014005
vt 0.245060 0.015349
vt 0.242919 0.002163
vt 0.473532 0.143076
vt 0.475392 0.154103
vt 0.574995 0.040733
vt 0.566353 0.039434
vt 0.544502 0.049860
vt 0.545246 0.055832
vt 0.533616 0.050606
vt 0.537420 0.045754
vt 0.508960 0.963375
vt 0.508233 0.956819
vt 0.514303 0.953021
vt 0.514303 0.963928
vt 0.543145 0.040907
vt 0.550578 0.047827
vt 0.853696 0.459100
vt 0.853343 0.466686
vt 0.844138 0.466993
vt 0.845940 0.457086
vt 0.015818 0.648380
vt 0.023523 0.650178
vt 0.924226 0.734690
vt 0.928207 0.741878
vt 0.912605 0.741878
vt 0.914256 0.733064
vt 0.243334 0.237198
vt 0.245686 0.227346
vt 0.251446 0.228899
vt 0.247784 0.239539
vt 0.996505 0.712653
vt 0.991178 0.712670
vt 0.991442 0.708652
vt 0.996992 0.708652
vt 0.027753 0.192219
vt 0.024532 0.194513
vt 0.022888 0.182459
vt 0.028972 0.182526
vt 0.991178 0.800263
vt 0.991634 0.795731
vt 0.996139 0.795300
vt 0.996653 0.800263
vt 0.995820 0.855769
vt 0.996238 0.859606
vt 0.991316 0.859606
vt 0.991178 0.855488
vt 0.247878 0.118869
vt 0.242919 0.118730
vt 0.243769 0.108425
vt 0.249756 0.110062
vt 0.395237 0.482983
vt 0.394095 0.473107
vt 0.400303 0.473416
vt 0.397794 0.486283
vt 0.302576 0.089372
vt 0.300460 0.091853
vt 0.295507 0.079567
vt 0.300340 0.077854
vt 0.225131 0.221646
vt 0.214191 0.224731
vt 0.212292 0.219206
vt 0.224558 0.216458
vt 0.853696 0.474391
vt 0.847957 0.479078
vt 0.684371 0.535240
vt 0.686184 0.522047
vt 0.695204 0.522487
vt 0.690244 0.540314
vt 0.030761 0.648919
vt 0.548959 0.036750
vt 0.558325 0.039479
vt 0.684371 0.507375
vt 0.692155 0.504015
vt 0.664855 0.304160
vt 0.665006 0.286998
vt 0.671790 0.284429
vt 0.670877 0.303086
vt 0.671790 0.318452
vt 0.668324 0.322387
vt 0.530856 0.031366
vt 0.290943 0.060162
vt 0.296702 0.059041
vt 0.196307 0.228063
vt 0.194694 0.221428
vt 0.023264 0.164501
vt 0.022851 0.140069
vt 0.030618 0.139179
vt 0.030618 0.164499
vt 0.249939 0.209056
vt 0.251921 0.181539
vt 0.259351 0.180449
vt 0.256767 0.210143
vt 0.245804 0.090042
vt 0.247399 0.060419
vt 0.255749 0.060344
vt 0.252663 0.091208
vt 0.392846 0.454118
vt 0.392846 0.426478
vt 0.401633 0.427823
vt 0.399836 0.454526
vt 0.481583 0.201717
vt 0.473532 0.201006
vt 0.476805 0.172456
vt 0.483451 0.173327
vt 0.288755 0.029783
vt 0.296097 0.002188
vt 0.302576 0.004444
vt 0.296478 0.030765
vt 0.489885 0.173928
vt 0.254614 0.032150
vt 0.247789 0.033096
vt 0.253703 0.153934
vt 0.247418 0.156208
vt 0.565917 0.052230
vt 0.559510 0.047375
vt 0.197586 0.681162
vt 0.191552 0.677391
vt 0.205022 0.670713
vt 0.206799 0.679246
vt 0.205578 0.687748
vt 0.195442 0.689550
vt 0.806289 0.827333
vt 0.807548 0.835965
vt 0.799230 0.840701
vt 0.799230 0.825949
vt 0.214932 0.673293
vt 0.218848 0.680425
vt 0.917911 0.415240
vt 0.928217 0.415013
vt 0.928806 0.420838
vt 0.912605 0.420838
vt 0.542318 0.520295
vt 0.546528 0.516825
vt 0.549319 0.532517
vt 0.540842 0.528435
vt 0.531888 0.523994
vt 0.534061 0.516295
vt 0.535120 0.510969
vt 0.528102 0.533614
vt 0.531990 0.540340
vt 0.538766 0.588308
vt 0.539231 0.595967
vt 0.528077 0.594295
vt 0.531559 0.585401
vt 0.534683 0.572773
vt 0.543916 0.580563
vt 0.521473 0.589642
vt 0.523857 0.581929
vt 0.515594 0.590645
vt 0.518235 0.579336
vt 0.524081 0.601550
vt 0.526052 0.572379
vt 0.526864 0.561695
vt 0.532266 0.556863
vt 0.540182 0.565707
vt 0.521487 0.520475
vt 0.524130 0.511664
vt 0.521275 0.565574
vt 0.811132 0.841752
vt 0.809795 0.848293
vt 0.817770 0.837745
vt 0.819476 0.843884
vt 0.816287 0.830843
vt 0.240181 0.824053
vt 0.246871 0.822865
vt 0.247025 0.832985
vt 0.240024 0.832303
vt 0.526414 0.503897
vt 0.530211 0.496673
vt 0.534904 0.499697
vt 0.240024 0.812815
vt 0.248041 0.816160
vt 0.706703 0.850094
vt 0.701453 0.849207
vt 0.702928 0.843354
vt 0.709896 0.844789
vt 0.878664 0.739808
vt 0.880477 0.734457
vt 0.887916 0.735640
vt 0.882307 0.743832
vt 0.686850 0.886318
vt 0.691054 0.883324
vt 0.691602 0.892820
vt 0.686819 0.892189
vt 0.521492 0.556423
vt 0.515594 0.558525
vt 0.852719 0.160781
vt 0.846992 0.163895
vt 0.847272 0.153052
vt 0.853287 0.153130
vt 0.795247 0.803267
vt 0.790547 0.797102
vt 0.799260 0.793121
vt 0.801466 0.799836
vt 0.795865 0.787054
vt 0.788551 0.785973
vt 0.536170 0.553229
vt 0.543291 0.559053
vt 0.794050 0.776156
vt 0.801466 0.780971
vt 0.712699 0.827754
vt 0.716817 0.835306
vt 0.710669 0.836001
vt 0.708382 0.827313
vt 0.250562 0.812565
vt 0.245984 0.809443
vt 0.952860 0.246979
vt 0.949845 0.240053
vt 0.961786 0.240246
vt 0.961786 0.246847
vt 0.878664 0.726507
vt 0.884701 0.724857
vt 0.703013 0.836995
vt 0.701453 0.829857
vt 0.225131 0.696459
vt 0.222222 0.701155
vt 0.213899 0.698769
vt 0.215279 0.693320
vt 0.253948 0.823648
vt 0.252689 0.833885
vt 0.203612 0.700541
vt 0.204334 0.694505
vt 0.217052 0.687643
vt 0.218210 0.705213
vt 0.212520 0.703837
vt 0.203329 0.706010
vt 0.686819 0.898446
vt 0.688535 0.900523
vt 0.978913 0.542396
vt 0.979286 0.539444
vt 0.987382 0.535698
vt 0.987393 0.542396
vt 0.846992 0.141545
vt 0.853696 0.142179
vt 0.191552 0.704821
vt 0.192945 0.701041
vt 0.858316 0.919073
vt 0.862677 0.918008
vt 0.862677 0.931994
vt 0.857610 0.932452
vt 0.718262 0.371016
vt 0.718679 0.355707
vt 0.724021 0.354474
vt 0.723247 0.369483
vt 0.523407 0.551120
vt 0.521487 0.543356
vt 0.537773 0.546881
vt 0.718262 0.337111
vt 0.723350 0.340035
vt 0.932349 0.827093
vt 0.932349 0.819511
vt 0.945768 0.819630
vt 0.940465 0.826815
vt 0.986923 0.626022
vt 0.987341 0.631785
vt 0.980050 0.631785
vt 0.978913 0.625648
vt 0.991178 0.124593
vt 0.997660 0.124593
vt 0.998135 0.130166
vt 0.991783 0.129957
vt 0.334134 0.770565
vt 0.331611 0.762942
vt 0.339793 0.763888
vt 0.340086 0.772649
vt 0.107137 0.762773
vt 0.104095 0.757398
vt 0.112760 0.756805
vt 0.114425 0.763644
vt 0.659308 0.980943
vt 0.659355 0.987928
vt 0.653183 0.988121
vt 0.653183 0.980604
vt 0.388149 0.907443
vt 0.387639 0.901098
vt 0.398031 0.901268
vt 0.394604 0.907728
vt 0.083105 0.904371
vt 0.080674 0.909529
vt 0.075153 0.903341
vt 0.079852 0.900840
vt 0.088251 0.901844
vt 0.087744 0.907740
vt 0.083348 0.895155
vt 0.998160 0.076409
vt 0.991178 0.076746
vt 0.992063 0.070782
vt 0.998160 0.071171
vt 0.452330 0.673591
vt 0.448797 0.670081
vt 0.456139 0.667670
vt 0.459024 0.672002
vt 0.997437 0.491522
vt 0.992402 0.491785
vt 0.991178 0.485993
vt 0.997437 0.486810
vt 0.266111 0.666387
vt 0.260289 0.664648
vt 0.262969 0.659551
vt 0.270647 0.662500
vt 0.335216 0.743179
vt 0.343781 0.745654
vt 0.341057 0.753491
vt 0.331611 0.750277
vt 0.618715 0.957083
vt 0.618299 0.963729
vt 0.610237 0.963729
vt 0.609990 0.953021
vt 0.949845 0.008238
vt 0.953479 0.001538
vt 0.960500 0.003753
vt 0.962091 0.008238
vt 0.951227 0.302589
vt 0.961719 0.301818
vt 0.961719 0.309595
vt 0.949845 0.307553
vt 0.971741 0.168209
vt 0.975565 0.171938
vt 0.965173 0.174652
vt 0.965173 0.166957
vt 0.975734 0.059642
vt 0.972878 0.063974
vt 0.968787 0.065621
vt 0.965173 0.059642
vt 0.983893 0.912670
vt 0.983682 0.909332
vt 0.978913 0.906794
vt 0.987081 0.906794
vt 0.877359 0.953021
vt 0.877359 0.959773
vt 0.874468 0.963736
vt 0.872616 0.956600
vt 0.973859 0.944525
vt 0.975008 0.952188
vt 0.965173 0.952188
vt 0.967909 0.943246
vt 0.455879 0.635125
vt 0.463727 0.638080
vt 0.457455 0.642887
vt 0.451517 0.641031
vt 0.295832 0.953278
vt 0.298264 0.953021
vt 0.298264 0.964178
vt 0.293849 0.959196
vt 0.464670 0.646975
vt 0.456888 0.645603
vt 0.447770 0.639131
vt 0.456175 0.652924
vt 0.446399 0.649567
vt 0.075153 0.892745
vt 0.709567 0.976616
vt 0.704787 0.974188
vt 0.701026 0.970336
vt 0.709567 0.967466
vt 0.346503 0.764786
vt 0.348785 0.770645
vt 0.349403 0.757620
vt 0.779021 0.589215
vt 0.776430 0.581806
vt 0.785256 0.580270
vt 0.785256 0.590743
vt 0.121016 0.739843
vt 0.115549 0.742640
vt 0.109836 0.737806
vt 0.120611 0.732962
vt 0.857735 0.379563
vt 0.859659 0.373120
vt 0.865264 0.377112
vt 0.861763 0.384552
vt 0.131476 0.736577
vt 0.127038 0.742947
vt 0.118437 0.750740
vt 0.120692 0.755860
vt 0.111692 0.750053
vt 0.869357 0.380445
vt 0.869906 0.387225
vt 0.122320 0.747422
vt 0.127351 0.752973
vt 0.781463 0.572305
vt 0.773991 0.572141
vt 0.023376 0.238939
vt 0.029518 0.235125
vt 0.030618 0.246760
vt 0.023698 0.247483
vt 0.774068 0.562485
vt 0.784798 0.566507
vt 0.496958 0.729899
vt 0.506864 0.728459
vt 0.506029 0.739662
vt 0.496342 0.736088
vt 0.079031 0.964269
vt 0.073637 0.963819
vt 0.072744 0.953021
vt 0.079031 0.954668
vt 0.823751 0.985992
vt 0.817504 0.987885
vt 0.817504 0.981163
vt 0.824185 0.980604
vt 0.959815 0.257557
vt 0.950560 0.256965
vt 0.949845 0.250055
vt 0.961757 0.250055
vt 0.942705 0.229427
vt 0.946263 0.236317
vt 0.932349 0.236317
vt 0.933637 0.228986
vt 0.415917 0.796019
vt 0.415534 0.786885
vt 0.425498 0.787823
vt 0.425148 0.797579
vt 0.122433 0.856616
vt 0.119206 0.846804
vt 0.124984 0.843245
vt 0.129675 0.856334
vt 0.811641 0.175972
vt 0.806145 0.173882
vt 0.805851 0.166587
vt 0.813344 0.169894
vt 0.811956 0.182558
vt 0.806241 0.183139
vt 0.815874 0.176285
vt 0.207470 0.848126
vt 0.214202 0.838917
vt 0.219767 0.843991
vt 0.211978 0.853696
vt 0.253773 0.657797
vt 0.250915 0.650982
vt 0.259421 0.652065
vt 0.258188 0.656958
vt 0.266393 0.648193
vt 0.255496 0.640056
vt 0.260397 0.638983
vt 0.251108 0.638383
vt 0.452787 0.663366
vt 0.445916 0.662822
vt 0.445867 0.654848
vt 0.455079 0.658646
vt 0.461585 0.663047
vt 0.991178 0.836841
vt 0.996415 0.836841
vt 0.993045 0.838972
vt 0.991244 0.836896
vt 0.835621 0.171891
vt 0.843397 0.174893
vt 0.842721 0.183070
vt 0.836207 0.181200
vt 0.837102 0.167720
vt 0.844691 0.169397
vt 0.275560 0.644318
vt 0.274957 0.653212
vt 0.271722 0.642126
vt 0.269365 0.633978
vt 0.261475 0.628028
vt 0.252928 0.631025
vt 0.917402 0.860641
vt 0.912605 0.862843
vt 0.914034 0.852380
vt 0.917256 0.853592
vt 0.259204 0.627391
vt 0.250915 0.628374
vt 0.927164 0.854797
vt 0.927998 0.852380
vt 0.798017 0.975905
vt 0.798017 0.967466
vt 0.801493 0.967596
vt 0.805630 0.976582
vt 0.520912 0.866765
vt 0.527517 0.869066
vt 0.526126 0.878346
vt 0.520049 0.875599
vt 0.510553 0.749242
vt 0.517421 0.749824
vt 0.520442 0.754639
vt 0.508768 0.753588
vt 0.516364 0.743164
vt 0.805233 0.122844
vt 0.806939 0.128946
vt 0.800850 0.133277
vt 0.800850 0.120041
vt 0.809185 0.118108
vt 0.811888 0.123260
vt 0.804739 0.111259
vt 0.924780 0.579615
vt 0.913569 0.578403
vt 0.912605 0.571852
vt 0.928490 0.571852
vt 0.099613 0.686832
vt 0.090760 0.685965
vt 0.096389 0.676983
vt 0.106262 0.678470
vt 0.104603 0.692366
vt 0.091366 0.697005
vt 0.083402 0.686846
vt 0.080243 0.681449
vt 0.085658 0.680465
vt 0.087952 0.673770
vt 0.080034 0.691331
vt 0.080034 0.672459
vt 0.635769 0.752627
vt 0.631319 0.758241
vt 0.626989 0.747605
vt 0.633264 0.746730
vt 0.394359 0.718469
vt 0.395406 0.711961
vt 0.404786 0.712206
vt 0.405058 0.720419
vt 0.432437 0.788761
vt 0.434846 0.795666
vt 0.402823 0.685924
vt 0.411209 0.687147
vt 0.407999 0.694978
vt 0.397832 0.691042
vt 0.427360 0.778402
vt 0.435853 0.782838
vt 0.815680 0.120280
vt 0.815874 0.115468
vt 0.082357 0.665034
vt 0.083131 0.660832
vt 0.093287 0.660243
vt 0.091322 0.666590
vt 0.378570 0.821559
vt 0.382138 0.819850
vt 0.386422 0.826997
vt 0.379425 0.826913
vt 0.524105 0.740146
vt 0.524105 0.750075
vt 0.518304 0.733047
vt 0.935620 0.925333
vt 0.944748 0.926045
vt 0.945711 0.931955
vt 0.932349 0.931955
vt 0.068696 0.854525
vt 0.075644 0.851167
vt 0.075180 0.863182
vt 0.069338 0.863172
vt 0.419854 0.701752
vt 0.414677 0.709010
vt 0.414522 0.703752
vt 0.417259 0.698782
vt 0.846230 0.085900
vt 0.851819 0.085642
vt 0.851895 0.095410
vt 0.844551 0.095527
vt 0.815863 0.107263
vt 0.426848 0.707233
vt 0.418106 0.716477
vt 0.633115 0.727757
vt 0.635769 0.729310
vt 0.633352 0.737205
vt 0.627398 0.735652
vt 0.386610 0.817897
vt 0.394387 0.824006
vt 0.405072 0.702245
vt 0.058505 0.871707
vt 0.057854 0.861446
vt 0.068929 0.869084
vt 0.218399 0.831537
vt 0.223330 0.834272
vt 0.098686 0.670103
vt 0.104577 0.666257
vt 0.714111 0.963749
vt 0.707131 0.954240
vt 0.707223 0.953947
vt 0.714111 0.953021
vt 0.074315 0.871707
vt 0.699104 0.120290
vt 0.706010 0.128016
vt 0.701239 0.135079
vt 0.691519 0.123118
vt 0.419369 0.778143
vt 0.691532 0.108618
vt 0.701380 0.112827
vt 0.697236 0.099632
vt 0.706010 0.106374
vt 0.924903 0.918008
vt 0.924903 0.932308
vt 0.918297 0.930490
vt 0.918460 0.919550
vt 0.851895 0.108063
vt 0.844664 0.108026
vt 0.394359 0.697794
vt 0.421779 0.690050
vt 0.522012 0.728074
vt 0.509417 0.723545
vt 0.388624 0.834748
vt 0.378216 0.834120
vt 0.397992 0.833120
vt 0.398031 0.838929
vt 0.390079 0.841089
vt 0.375538 0.841089
vt 0.435853 0.802653
vt 0.425464 0.805068
vt 0.914270 0.816653
vt 0.928257 0.816653
vt 0.924773 0.822201
vt 0.912605 0.822897
vt 0.532749 0.870593
vt 0.533110 0.882037
vt 0.773188 0.958877
vt 0.768209 0.963755
vt 0.767523 0.953021
vt 0.773268 0.953021
vt 0.209910 0.834517
vt 0.207470 0.832309
vt 0.844691 0.190606
vt 0.839274 0.190911
vt 0.464670 0.655743
vt 0.374162 0.239427
vt 0.372870 0.231651
vt 0.379214 0.231325
vt 0.380021 0.239374
vt 0.377057 0.248544
vt 0.372870 0.246946
vt 0.520049 0.884052
vt 0.525937 0.886115
vt 0.811566 0.192265
vt 0.805851 0.192712
vt 0.767731 0.583811
vt 0.765293 0.574482
vt 0.766203 0.567438
vt 0.103835 0.748268
vt 0.294003 0.967466
vt 0.293938 0.977079
vt 0.288343 0.977115
vt 0.287939 0.967466
vt 0.029605 0.259351
vt 0.023376 0.258879
vt 0.131476 0.758797
vt 0.124077 0.761057
vt 0.053483 0.964248
vt 0.053483 0.954917
vt 0.060291 0.953021
vt 0.059919 0.960803
vt 0.865272 0.366626
vt 0.869906 0.371278
vt 0.546611 0.940493
vt 0.553035 0.936574
vt 0.553035 0.947289
vt 0.547004 0.949288
vt 0.395391 0.892887
vt 0.387639 0.890703
vt 0.949845 0.902311
vt 0.959508 0.902311
vt 0.961108 0.909283
vt 0.952868 0.908547
vt 0.935937 0.902488
vt 0.932349 0.896720
vt 0.945159 0.896720
vt 0.945773 0.902975
vt 0.991178 0.432623
vt 0.991844 0.427284
vt 0.997035 0.427137
vt 0.997611 0.432623
vt 0.968616 0.612360
vt 0.975360 0.615466
vt 0.965173 0.618123
vt 0.965173 0.611617
vt 0.978913 0.816948
vt 0.987151 0.816948
vt 0.987197 0.823029
vt 0.979607 0.822916
vt 0.980372 0.564820
vt 0.987364 0.564820
vt 0.986328 0.570785
vt 0.978913 0.571589
vt 0.128336 0.864502
vt 0.119206 0.858519
vt 0.502632 0.744662
vt 0.637589 0.936574
vt 0.637589 0.949170
vt 0.632964 0.949099
vt 0.631225 0.943703
vt 0.365388 0.976548
vt 0.358800 0.977011
vt 0.359645 0.969762
vt 0.365388 0.967466
vt 0.265667 0.960343
vt 0.262376 0.953021
vt 0.270559 0.953021
vt 0.268310 0.963998
vt 0.756889 0.946692
vt 0.756773 0.939861
vt 0.763335 0.936574
vt 0.763335 0.949017
vt 0.541149 0.708233
vt 0.539655 0.715016
vt 0.528685 0.704007
vt 0.534797 0.700925
vt 0.541346 0.698876
vt 0.547571 0.705031
vt 0.436475 0.947570
vt 0.431753 0.949477
vt 0.431753 0.936574
vt 0.437550 0.939256
vt 0.276442 0.628565
vt 0.268616 0.626646
vt 0.272357 0.617989
vt 0.280963 0.620211
vt 0.925071 0.800293
vt 0.915873 0.802223
vt 0.912605 0.794697
vt 0.928217 0.794697
vt 0.265877 0.614223
vt 0.265444 0.607068
vt 0.273177 0.608486
vt 0.259873 0.616940
vt 0.258264 0.605762
vt 0.266407 0.598135
vt 0.260515 0.600378
vt 0.273412 0.599551
vt 0.157319 0.920328
vt 0.160412 0.925844
vt 0.149811 0.926248
vt 0.146341 0.918008
vt 0.945658 0.786526
vt 0.945658 0.796310
vt 0.937566 0.796371
vt 0.938307 0.786395
vt 0.267206 0.590879
vt 0.273067 0.590944
vt 0.997312 0.552793
vt 0.991178 0.554884
vt 0.991178 0.548838
vt 0.997340 0.549790
vt 0.991178 0.944644
vt 0.991178 0.942572
vt 0.993333 0.943035
vt 0.995484 0.942965
vt 0.160950 0.932623
vt 0.156436 0.932909
vt 0.049053 0.994000
vt 0.046988 0.994000
vt 0.047261 0.991847
vt 0.047510 0.991918
vt 0.602649 0.618579
vt 0.608288 0.624831
vt 0.601998 0.626617
vt 0.599905 0.616682
vt 0.635726 0.967466
vt 0.638858 0.968646
vt 0.638492 0.973170
vt 0.635726 0.976974
vt 0.273498 0.585364
vt 0.277579 0.584352
vt 0.280963 0.591475
vt 0.991421 0.346455
vt 0.991178 0.340945
vt 0.997738 0.340241
vt 0.997655 0.346455
vt 0.927348 0.767596
vt 0.928241 0.773163
vt 0.920342 0.775004
vt 0.920112 0.768825
vt 0.673084 0.938686
vt 0.680725 0.936574
vt 0.678696 0.947548
vt 0.673084 0.949083
vt 0.834593 0.075326
vt 0.839288 0.085008
vt 0.832871 0.085540
vt 0.832111 0.077674
vt 0.147948 0.931410
vt 0.146341 0.927216
vt 0.535455 0.690288
vt 0.543467 0.692643
vt 0.552617 0.695555
vt 0.692979 0.918072
vt 0.694956 0.932368
vt 0.683809 0.932368
vt 0.684064 0.918008
vt 0.945682 0.730083
vt 0.945623 0.739370
vt 0.932349 0.740474
vt 0.936641 0.730083
vt 0.534043 0.947799
vt 0.532703 0.936574
vt 0.543535 0.936574
vt 0.540895 0.949081
vt 0.043963 0.571836
vt 0.042875 0.563390
vt 0.057634 0.563202
vt 0.056557 0.574534
vt 0.912604 0.773454
vt 0.914356 0.767596
vt 0.612625 0.634451
vt 0.606517 0.639361
vt 0.750607 0.486444
vt 0.756440 0.484710
vt 0.756419 0.498773
vt 0.749444 0.497761
vt 0.932349 0.793589
vt 0.932863 0.789321
vt 0.756440 0.513888
vt 0.743603 0.515099
vt 0.043265 0.548212
vt 0.043182 0.534016
vt 0.046825 0.533621
vt 0.052288 0.548107
vt 0.598910 0.640505
vt 0.598680 0.625323
vt 0.612574 0.654262
vt 0.598219 0.655581
vt 0.598219 0.617506
vt 0.623162 0.648122
vt 0.558325 0.697024
vt 0.551573 0.710640
vt 0.547715 0.683510
vt 0.553602 0.684026
vt 0.780399 0.186517
vt 0.781141 0.173559
vt 0.787057 0.176890
vt 0.786807 0.187269
vt 0.787057 0.200111
vt 0.780492 0.201717
vt 0.558325 0.682815
vt 0.543695 0.681599
vt 0.280229 0.608567
vt 0.279844 0.600127
vt 0.839288 0.099058
vt 0.831513 0.096769
vt 0.529074 0.689662
vt 0.998070 0.228949
vt 0.997344 0.233359
vt 0.991178 0.233359
vt 0.992078 0.229278
vt 0.579382 0.077540
vt 0.585647 0.070336
vt 0.587141 0.081728
vt 0.579382 0.091853
vt 0.992521 0.977635
vt 0.991178 0.975640
vt 0.994176 0.975640
vt 0.043912 0.994007
vt 0.041919 0.993551
vt 0.043912 0.991847
vt 0.995178 0.878822
vt 0.991178 0.876198
vt 0.996143 0.876198
vt 0.996047 0.878782
vt 0.995143 0.878926
vt 0.549872 0.680229
vt 0.553799 0.681041
vt 0.995648 0.932109
vt 0.994891 0.932248
vt 0.991178 0.932248
vt 0.994282 0.932083
vt 0.598350 0.615839
vt 0.598772 0.615492
vt 0.043850 0.524183
vt 0.045065 0.525159
vt 0.042875 0.525896
vt 0.996397 0.770966
vt 0.992725 0.770972
vt 0.991178 0.767329
vt 0.996777 0.767329
vt 0.180105 0.020581
vt 0.177758 0.023414
vt 0.175150 0.018410
vt 0.178691 0.017139
vt 0.073208 0.752837
vt 0.069733 0.751531
vt 0.072637 0.748556
vt 0.076181 0.750842
vt 0.997036 0.692071
vt 0.992838 0.692422
vt 0.991178 0.688473
vt 0.997036 0.688802
vt 0.158844 0.294637
vt 0.156550 0.297173
vt 0.153666 0.292593
vt 0.157633 0.291361
vt 0.026680 0.781654
vt 0.023992 0.779233
vt 0.028241 0.777727
vt 0.030670 0.781004
vt 0.137777 0.866289
vt 0.141230 0.869537
vt 0.137423 0.873508
vt 0.133866 0.867623
vt 0.139100 0.861174
vt 0.144084 0.864480
vt 0.133866 0.859991
vt 0.080865 0.730155
vt 0.081582 0.734812
vt 0.076595 0.733671
vt 0.077138 0.727898
vt 0.084160 0.727841
vt 0.086450 0.734895
vt 0.078979 0.723064
vt 0.068084 0.727170
vt 0.066075 0.723851
vt 0.072170 0.721316
vt 0.072088 0.726609
vt 0.071817 0.732570
vt 0.067042 0.731651
vt 0.062698 0.730401
vt 0.355635 0.925602
vt 0.352930 0.921499
vt 0.356888 0.918008
vt 0.359632 0.925479
vt 0.357078 0.933097
vt 0.352930 0.931011
vt 0.040317 0.754024
vt 0.041256 0.759925
vt 0.035641 0.759362
vt 0.035480 0.752794
vt 0.029819 0.772597
vt 0.032726 0.775018
vt 0.026166 0.773751
vt 0.024563 0.767546
vt 0.029894 0.767075
vt 0.035337 0.767481
vt 0.072130 0.743460
vt 0.069009 0.745328
vt 0.066877 0.738435
vt 0.071685 0.738556
vt 0.076325 0.739590
vt 0.075473 0.745263
vt 0.081261 0.740945
vt 0.079584 0.746796
vt 0.085743 0.741961
vt 0.083214 0.748455
vt 0.079600 0.752837
vt 0.152348 0.286957
vt 0.152110 0.280052
vt 0.156726 0.279792
vt 0.156905 0.286565
vt 0.162033 0.280794
vt 0.161912 0.287275
vt 0.162094 0.291743
vt 0.156938 0.273075
vt 0.162094 0.274093
vt 0.910600 0.987932
vt 0.906495 0.987625
vt 0.906495 0.980604
vt 0.910496 0.980775
vt 0.065273 0.747127
vt 0.062703 0.738748
vt 0.180105 0.002942
vt 0.178046 0.010778
vt 0.174176 0.010526
vt 0.176366 0.001744
vt 0.898722 0.271458
vt 0.895066 0.271958
vt 0.893851 0.262934
vt 0.897039 0.263660
vt 0.043811 0.770229
vt 0.039264 0.778912
vt 0.036249 0.777062
vt 0.040237 0.768714
vt 0.045026 0.761021
vt 0.309492 0.981268
vt 0.313327 0.980604
vt 0.313327 0.988572
vt 0.309550 0.988115
vt 0.029570 0.759769
vt 0.023992 0.760857
vt 0.029036 0.753738
vt 0.895701 0.254209
vt 0.898722 0.256354
vt 0.463208 0.918008
vt 0.464496 0.925606
vt 0.460583 0.925751
vt 0.460117 0.919391
vt 0.136208 0.853066
vt 0.140897 0.855514
vt 0.463992 0.933087
vt 0.460117 0.932764
vt 0.659561 0.918759
vt 0.663379 0.918008
vt 0.663785 0.925565
vt 0.659841 0.925718
vt 0.659561 0.932726
vt 0.663490 0.931917
vt 0.932445 0.884002
vt 0.932349 0.875999
vt 0.945705 0.875999
vt 0.943741 0.882331
vt 0.841018 0.953021
vt 0.840201 0.959801
vt 0.837259 0.963617
vt 0.832982 0.953021
vt 0.912604 0.010197
vt 0.919886 0.001538
vt 0.929122 0.003004
vt 0.924269 0.010197
vt 0.965173 0.068697
vt 0.974752 0.068697
vt 0.975661 0.075965
vt 0.966097 0.075864
vt 0.997971 0.288811
vt 0.991706 0.288811
vt 0.991178 0.284752
vt 0.994257 0.284227
vt 0.563693 0.358113
vt 0.569453 0.359819
vt 0.566807 0.369124
vt 0.560830 0.366772
vt 0.949845 0.820381
vt 0.957372 0.818638
vt 0.961063 0.827357
vt 0.949845 0.826173
vt 0.794749 0.333213
vt 0.794407 0.338364
vt 0.797864 0.345801
vt 0.790613 0.332784
vt 0.712643 0.972459
vt 0.712643 0.967466
vt 0.715577 0.968474
vt 0.714940 0.976889
vt 0.788550 0.327869
vt 0.793030 0.328772
vt 0.504729 0.924986
vt 0.511322 0.919155
vt 0.511322 0.930091
vt 0.503387 0.932650
vt 0.958336 0.435700
vt 0.961629 0.442827
vt 0.949845 0.442827
vt 0.953947 0.435618
vt 0.498659 0.922268
vt 0.500247 0.918008
vt 0.558698 0.346875
vt 0.559295 0.336713
vt 0.567609 0.343513
vt 0.565552 0.351453
vt 0.974037 0.877363
vt 0.975146 0.883168
vt 0.966861 0.883168
vt 0.965173 0.875800
vt 0.951187 0.144192
vt 0.958788 0.145000
vt 0.961862 0.150315
vt 0.949845 0.150315
vt 0.572331 0.354529
vt 0.621932 0.961698
vt 0.621791 0.955483
vt 0.629760 0.953021
vt 0.629760 0.963759
vt 0.442975 0.969288
vt 0.450942 0.967466
vt 0.450942 0.976844
vt 0.442883 0.975890
vt 0.091367 0.808998
vt 0.091853 0.815090
vt 0.084338 0.814412
vt 0.085739 0.805532
vt 0.562358 0.386883
vt 0.558698 0.378899
vt 0.566472 0.379310
vt 0.567770 0.387225
vt 0.108384 0.980604
vt 0.113926 0.981731
vt 0.113901 0.988589
vt 0.109766 0.988589
vt 0.071919 0.805916
vt 0.067045 0.802069
vt 0.076216 0.795533
vt 0.078049 0.804549
vt 0.072297 0.811393
vt 0.067045 0.814584
vt 0.077442 0.813009
vt 0.075062 0.820170
vt 0.090763 0.819501
vt 0.084386 0.821277
vt 0.194265 0.055551
vt 0.187586 0.057634
vt 0.188169 0.049032
vt 0.194513 0.049255
vt 0.784884 0.887313
vt 0.792461 0.888413
vt 0.789020 0.896921
vt 0.781397 0.892598
vt 0.572898 0.378463
vt 0.574534 0.370791
vt 0.781397 0.880830
vt 0.791209 0.878736
vt 0.776344 0.953021
vt 0.782453 0.954401
vt 0.782554 0.963730
vt 0.776344 0.962053
vt 0.573736 0.344095
vt 0.249477 0.924062
vt 0.249477 0.933282
vt 0.243822 0.928869
vt 0.244677 0.918008
vt 0.929146 0.315612
vt 0.920780 0.316674
vt 0.912605 0.316674
vt 0.914334 0.315046
vt 0.746444 0.258104
vt 0.753542 0.263010
vt 0.745683 0.270157
vt 0.745821 0.267713
vt 0.749265 0.251175
vt 0.756440 0.251954
vt 0.900469 0.653367
vt 0.894751 0.660984
vt 0.892191 0.659303
vt 0.890620 0.652506
vt 0.765445 0.853665
vt 0.758780 0.860766
vt 0.751741 0.856021
vt 0.757856 0.851300
vt 0.890620 0.643738
vt 0.900523 0.643487
vt 0.745683 0.242975
vt 0.750694 0.239228
vt 0.189019 0.839509
vt 0.193493 0.835056
vt 0.198115 0.844218
vt 0.192110 0.844376
vt 0.187419 0.848293
vt 0.183539 0.840376
vt 0.184792 0.830884
vt 0.416715 0.837351
vt 0.421519 0.833318
vt 0.424641 0.841902
vt 0.417064 0.843873
vt 0.176651 0.830150
vt 0.176641 0.841564
vt 0.606170 0.963581
vt 0.600901 0.963871
vt 0.600901 0.953021
vt 0.606914 0.955696
vt 0.795296 0.318497
vt 0.797864 0.323642
vt 0.754834 0.865667
vt 0.765445 0.868140
vt 0.757357 0.871707
vt 0.751450 0.871596
vt 0.749249 0.865424
vt 0.918134 0.980728
vt 0.919041 0.987238
vt 0.913676 0.987867
vt 0.913676 0.980604
vt 0.933108 0.987713
vt 0.928583 0.987822
vt 0.928583 0.980604
vt 0.934012 0.982044
vt 0.432151 0.847383
vt 0.425855 0.850940
vt 0.432251 0.839552
vt 0.427662 0.829397
vt 0.524054 0.949357
vt 0.524054 0.936574
vt 0.529336 0.938271
vt 0.529627 0.948679
vt 0.416715 0.851895
vt 0.858960 0.428649
vt 0.853763 0.427956
vt 0.855184 0.418273
vt 0.860900 0.418790
vt 0.961415 0.651394
vt 0.949845 0.651394
vt 0.949933 0.644823
vt 0.960049 0.644250
vt 0.853763 0.408099
vt 0.859356 0.407326
vt 0.187699 0.825942
vt 0.198115 0.830896
vt 0.943929 0.363134
vt 0.932516 0.362904
vt 0.932349 0.356215
vt 0.946201 0.356215
vt 0.187586 0.039390
vt 0.194471 0.039853
vt 0.086134 0.796584
vt 0.583528 0.498593
vt 0.584610 0.491425
vt 0.595068 0.493497
vt 0.588830 0.504709
vt 0.574643 0.498364
vt 0.574361 0.488663
vt 0.576579 0.507895
vt 0.154273 0.335059
vt 0.159477 0.330924
vt 0.162038 0.336770
vt 0.155828 0.340682
vt 0.696895 0.662333
vt 0.694071 0.655457
vt 0.698928 0.656245
vt 0.700885 0.662785
vt 0.585476 0.468518
vt 0.585708 0.464168
vt 0.589854 0.463448
vt 0.593515 0.469626
vt 0.952561 0.789860
vt 0.961203 0.789024
vt 0.959132 0.796574
vt 0.949845 0.796574
vt 0.153723 0.326006
vt 0.158232 0.326448
vt 0.090052 0.623266
vt 0.083781 0.623888
vt 0.079255 0.617585
vt 0.085929 0.614301
vt 0.082069 0.632437
vt 0.088882 0.631843
vt 0.090052 0.640091
vt 0.081227 0.638483
vt 0.072888 0.637258
vt 0.076871 0.628749
vt 0.700713 0.650187
vt 0.706136 0.655327
vt 0.431378 0.807527
vt 0.436880 0.808345
vt 0.438171 0.815645
vt 0.428328 0.812925
vt 0.198036 0.810890
vt 0.192274 0.809821
vt 0.193996 0.801455
vt 0.201717 0.807052
vt 0.200445 0.817716
vt 0.195771 0.819948
vt 0.979295 0.384321
vt 0.985225 0.382591
vt 0.987464 0.390806
vt 0.978913 0.390806
vt 0.432137 0.928594
vt 0.430981 0.920899
vt 0.438353 0.918008
vt 0.438353 0.932972
vt 0.245973 0.841072
vt 0.252962 0.837549
vt 0.257550 0.848301
vt 0.247617 0.849560
vt 0.239538 0.848484
vt 0.239426 0.838850
vt 0.432664 0.828779
vt 0.428328 0.821196
vt 0.439801 0.823287
vt 0.440220 0.832084
vt 0.694071 0.633524
vt 0.700875 0.627755
vt 0.709612 0.640085
vt 0.699290 0.641267
vt 0.952110 0.730997
vt 0.960260 0.731080
vt 0.961290 0.738234
vt 0.949845 0.738234
vt 0.157692 0.343894
vt 0.163895 0.341974
vt 0.979808 0.832630
vt 0.978913 0.826105
vt 0.987147 0.826105
vt 0.986573 0.832819
vt 0.443296 0.809289
vt 0.446731 0.815271
vt 0.894051 0.919818
vt 0.894966 0.923413
vt 0.888674 0.922023
vt 0.889667 0.918008
vt 0.190906 0.823078
vt 0.186138 0.813417
vt 0.855850 0.281492
vt 0.851543 0.272588
vt 0.860788 0.275000
vt 0.860900 0.284565
vt 0.946657 0.963575
vt 0.939698 0.963108
vt 0.939698 0.953021
vt 0.946290 0.953385
vt 0.998143 0.098641
vt 0.998143 0.104652
vt 0.991570 0.104146
vt 0.991178 0.099117
vt 0.073175 0.655581
vt 0.066389 0.648489
vt 0.073958 0.646577
vt 0.078424 0.655451
vt 0.417004 0.948372
vt 0.410624 0.949454
vt 0.410624 0.936574
vt 0.416496 0.938486
vt 0.080775 0.644754
vt 0.086842 0.649763
vt 0.695333 0.069730
vt 0.696154 0.075060
vt 0.687775 0.073920
vt 0.689294 0.067816
vt 0.699757 0.065385
vt 0.704209 0.074034
vt 0.691694 0.061521
vt 0.793461 0.131476
vt 0.787149 0.130566
vt 0.787635 0.124161
vt 0.795498 0.125344
vt 0.787470 0.987992
vt 0.782063 0.987283
vt 0.782063 0.980604
vt 0.786480 0.981856
vt 0.777610 0.104832
vt 0.782560 0.108817
vt 0.783337 0.115854
vt 0.778069 0.113571
vt 0.217513 0.879092
vt 0.220229 0.887169
vt 0.213550 0.889554
vt 0.214538 0.881787
vt 0.987811 0.046344
vt 0.987024 0.053897
vt 0.978913 0.054259
vt 0.981900 0.046344
vt 0.059435 0.809605
vt 0.058874 0.820044
vt 0.050648 0.819297
vt 0.050935 0.811152
vt 0.812933 0.898578
vt 0.818761 0.896860
vt 0.820774 0.903522
vt 0.813234 0.904989
vt 0.684719 0.062539
vt 0.679398 0.065464
vt 0.180996 0.848289
vt 0.183707 0.855838
vt 0.177933 0.856435
vt 0.176738 0.845530
vt 0.822372 0.909553
vt 0.828481 0.904458
vt 0.828382 0.913131
vt 0.817112 0.913131
vt 0.778370 0.214392
vt 0.779755 0.221186
vt 0.773519 0.221786
vt 0.772279 0.212752
vt 0.269289 0.811698
vt 0.270750 0.805489
vt 0.279162 0.806834
vt 0.275675 0.815253
vt 0.263635 0.814155
vt 0.262779 0.805909
vt 0.268593 0.821838
vt 0.056624 0.933119
vt 0.056546 0.927375
vt 0.062884 0.927085
vt 0.062338 0.933441
vt 0.051374 0.980604
vt 0.057205 0.981214
vt 0.057420 0.988631
vt 0.050792 0.988631
vt 0.262878 0.823078
vt 0.256970 0.817524
vt 0.686569 0.084866
vt 0.686746 0.079539
vt 0.695759 0.081666
vt 0.692773 0.088923
vt 0.681014 0.087749
vt 0.679085 0.079605
vt 0.687261 0.095087
vt 0.693285 0.097257
vt 0.699470 0.093521
vt 0.986973 0.973073
vt 0.978913 0.973073
vt 0.981481 0.966306
vt 0.986889 0.967227
vt 0.619944 0.880926
vt 0.625819 0.882144
vt 0.626555 0.889930
vt 0.619796 0.889322
vt 0.256208 0.856337
vt 0.248589 0.859099
vt 0.445731 0.831171
vt 0.448461 0.824415
vt 0.938938 0.195014
vt 0.932988 0.194657
vt 0.932349 0.188957
vt 0.938721 0.189650
vt 0.946437 0.188957
vt 0.945877 0.194931
vt 0.905531 0.407084
vt 0.898862 0.410639
vt 0.898862 0.403043
vt 0.907728 0.401255
vt 0.884677 0.667288
vt 0.889717 0.665653
vt 0.889020 0.675393
vt 0.882215 0.672790
vt 0.882215 0.661443
vt 0.887969 0.656768
vt 0.106049 0.823544
vt 0.111734 0.821379
vt 0.113205 0.829285
vt 0.105569 0.830071
vt 0.114622 0.844691
vt 0.109540 0.844529
vt 0.111832 0.837587
vt 0.118367 0.839111
vt 0.106088 0.836731
vt 0.101795 0.841182
vt 0.099051 0.832729
vt 0.454265 0.798065
vt 0.460204 0.795789
vt 0.461068 0.805882
vt 0.453873 0.804023
vt 0.038555 0.815224
vt 0.043747 0.812381
vt 0.042589 0.819750
vt 0.035780 0.821102
vt 0.451348 0.791516
vt 0.455198 0.787824
vt 0.042921 0.830135
vt 0.041627 0.825725
vt 0.049064 0.825084
vt 0.047130 0.829622
vt 0.041025 0.833885
vt 0.036159 0.828778
vt 0.049256 0.833885
vt 0.056536 0.828253
vt 0.176738 0.865813
vt 0.181767 0.866304
vt 0.175701 0.962729
vt 0.170485 0.964192
vt 0.169553 0.953021
vt 0.175702 0.953021
vt 0.796063 0.114141
vt 0.788116 0.114683
vt 0.787149 0.105995
vt 0.793730 0.103935
vt 0.120670 0.830316
vt 0.119310 0.821379
vt 0.867430 0.967466
vt 0.866817 0.975735
vt 0.861259 0.976595
vt 0.861259 0.967913
vt 0.458569 0.814073
vt 0.451348 0.810174
vt 0.899827 0.395761
vt 0.907436 0.393808
vt 0.239426 0.858028
vt 0.626764 0.898722
vt 0.619796 0.897831
vt 0.783394 0.123062
vt 0.783455 0.131501
vt 0.777094 0.133277
vt 0.777094 0.123821
vt 0.679465 0.072514
vt 0.062739 0.918008
vt 0.056546 0.918250
vt 0.704209 0.083994
vt 0.773432 0.231891
vt 0.779853 0.231607
vt 0.778791 0.241307
vt 0.772279 0.241340
vt 0.254200 0.807701
vt 0.256480 0.797974
vt 0.264698 0.797974
vt 0.272740 0.798105
vt 0.221529 0.896921
vt 0.213230 0.896921
vt 0.826384 0.897129
vt 0.992144 0.886082
vt 0.991178 0.882002
vt 0.996037 0.882002
vt 0.995947 0.886037
vt 0.064634 0.635685
vt 0.070521 0.624089
vt 0.258259 0.936574
vt 0.259241 0.949629
vt 0.252563 0.949602
vt 0.252563 0.936835
vt 0.607770 0.774450
vt 0.601385 0.774450
vt 0.601354 0.763564
vt 0.608754 0.763411
vt 0.602689 0.752422
vt 0.607957 0.752582
vt 0.596146 0.480472
vt 0.583994 0.478702
vt 0.855128 0.134483
vt 0.855929 0.124345
vt 0.862701 0.125620
vt 0.861287 0.136880
vt 0.888449 0.932249
vt 0.896464 0.932249
vt 0.851902 0.263219
vt 0.860900 0.266197
vt 0.854883 0.116361
vt 0.862701 0.115481
vt 0.186138 0.797742
vt 0.601869 0.745267
vt 0.605784 0.745198
vt 0.575662 0.479285
vt 0.153723 0.344000
vt 0.578848 0.470717
vt 0.574361 0.474489
vt 0.958173 0.527008
vt 0.949845 0.523480
vt 0.961718 0.523480
vt 0.991178 0.893736
vt 0.996024 0.893736
vt 0.993577 0.896966
vt 0.587290 0.460521
vt 0.975756 0.163881
vt 0.965173 0.160458
vt 0.975756 0.159843
vt 0.991178 0.458549
vt 0.994314 0.452971
vt 0.996564 0.453222
vt 0.997560 0.458549
vt 0.017533 0.681145
vt 0.010927 0.682988
vt 0.012606 0.674563
vt 0.020917 0.673610
vt 0.021888 0.685484
vt 0.011620 0.689801
vt 0.028817 0.673266
vt 0.987651 0.334073
vt 0.985489 0.339075
vt 0.978913 0.339075
vt 0.980202 0.334225
vt 0.474925 0.961209
vt 0.474656 0.953021
vt 0.484540 0.953830
vt 0.484540 0.963752
vt 0.232898 0.784457
vt 0.224609 0.778536
vt 0.233377 0.777324
vt 0.238222 0.785256
vt 0.986295 0.668441
vt 0.979590 0.669363
vt 0.978913 0.663743
vt 0.987352 0.663743
vt 0.997158 0.619294
vt 0.997217 0.624085
vt 0.991178 0.624488
vt 0.991178 0.618498
vt 0.004824 0.689395
vt 0.003077 0.683674
vt 0.874762 0.310720
vt 0.871738 0.302979
vt 0.880712 0.302779
vt 0.880503 0.311581
vt 0.986602 0.897239
vt 0.987055 0.903718
vt 0.979026 0.902253
vt 0.978913 0.897239
vt 0.063037 0.591109
vt 0.059314 0.598054
vt 0.054171 0.594380
vt 0.059842 0.586365
vt 0.871738 0.292163
vt 0.879418 0.291777
vt 0.474652 0.763644
vt 0.468507 0.755481
vt 0.475156 0.751044
vt 0.481315 0.758509
vt 0.866511 0.574534
vt 0.863855 0.566615
vt 0.869061 0.566175
vt 0.871707 0.571514
vt 0.055316 0.626764
vt 0.055361 0.620777
vt 0.060642 0.616258
vt 0.063037 0.623737
vt 0.180101 0.682977
vt 0.175910 0.678234
vt 0.183917 0.674260
vt 0.185147 0.680249
vt 0.187309 0.685865
vt 0.181064 0.688000
vt 0.169770 0.683982
vt 0.231174 0.769463
vt 0.224354 0.762114
vt 0.237584 0.756723
vt 0.238292 0.766102
vt 0.241324 0.774480
vt 0.055404 0.608182
vt 0.051335 0.616339
vt 0.446354 0.963986
vt 0.446354 0.953417
vt 0.451428 0.953021
vt 0.451812 0.960889
vt 0.600756 0.003401
vt 0.606953 0.002599
vt 0.606036 0.011081
vt 0.599720 0.012628
vt 0.049556 0.604896
vt 0.045713 0.613499
vt 0.314198 0.919995
vt 0.323772 0.918008
vt 0.323772 0.932979
vt 0.313149 0.930054
vt 0.839288 0.583540
vt 0.838933 0.591818
vt 0.830700 0.591321
vt 0.830700 0.578126
vt 0.040612 0.583547
vt 0.050870 0.581730
vt 0.046790 0.591986
vt 0.037997 0.591674
vt 0.187309 0.654823
vt 0.185549 0.658301
vt 0.180421 0.657980
vt 0.179699 0.650377
vt 0.834445 0.601526
vt 0.838374 0.601550
vt 0.819691 0.706047
vt 0.822836 0.697881
vt 0.830283 0.701285
vt 0.829763 0.707584
vt 0.830283 0.720886
vt 0.822870 0.722220
vt 0.248544 0.757152
vt 0.248544 0.766241
vt 0.027526 0.657560
vt 0.021064 0.662126
vt 0.469424 0.742857
vt 0.473872 0.737684
vt 0.479899 0.745667
vt 0.463214 0.743068
vt 0.465457 0.734148
vt 0.480956 0.733233
vt 0.486283 0.747703
vt 0.652329 0.812437
vt 0.658284 0.807955
vt 0.662785 0.816944
vt 0.654572 0.818611
vt 0.646665 0.817178
vt 0.646638 0.810733
vt 0.174331 0.659230
vt 0.181070 0.666743
vt 0.172793 0.667901
vt 0.163281 0.668694
vt 0.169378 0.653460
vt 0.909529 0.516376
vt 0.907812 0.532815
vt 0.901268 0.533110
vt 0.901268 0.517503
vt 0.662785 0.832084
vt 0.655214 0.831247
vt 0.039743 0.608248
vt 0.042959 0.602903
vt 0.987765 0.115569
vt 0.978913 0.115569
vt 0.979129 0.109705
vt 0.985558 0.108765
vt 0.036103 0.601290
vt 0.646463 0.826084
vt 0.866200 0.554782
vt 0.871707 0.554349
vt 0.456437 0.744594
vt 0.459162 0.733233
vt 0.461814 0.759658
vt 0.013825 0.664508
vt 0.010539 0.655805
vt 0.019172 0.652247
vt 0.004170 0.675624
vt 0.006992 0.667186
vt 0.003077 0.660581
vt 0.788345 0.721327
vt 0.788858 0.736904
vt 0.782883 0.737455
vt 0.780954 0.724186
vt 0.606953 0.018667
vt 0.601269 0.019811
vt 0.245817 0.781962
vt 0.786328 0.749235
vt 0.780954 0.748092
vt 0.554308 0.836345
vt 0.546346 0.837487
vt 0.548622 0.831269
vt 0.554066 0.830989
vt 0.901800 0.459267
vt 0.895244 0.459048
vt 0.894385 0.450862
vt 0.902324 0.451192
vt 0.997494 0.478070
vt 0.996955 0.482917
vt 0.991210 0.481850
vt 0.991178 0.478070
vt 0.848916 0.855135
vt 0.845549 0.844197
vt 0.851187 0.845432
vt 0.851895 0.855497
vt 0.961561 0.580955
vt 0.959025 0.586708
vt 0.949845 0.586750
vt 0.950277 0.580955
vt 0.542780 0.827966
vt 0.549539 0.823005
vt 0.537144 0.834173
vt 0.275112 0.770761
vt 0.279143 0.766348
vt 0.282764 0.777285
vt 0.277116 0.776033
vt 0.267946 0.769519
vt 0.267797 0.764591
vt 0.269777 0.773288
vt 0.701591 0.520792
vt 0.697674 0.514922
vt 0.706399 0.512806
vt 0.707811 0.524105
vt 0.498105 0.981243
vt 0.503886 0.980604
vt 0.503637 0.982991
vt 0.498105 0.988290
vt 0.038135 0.856496
vt 0.043448 0.852888
vt 0.045026 0.864268
vt 0.036509 0.862161
vt 0.912605 0.065233
vt 0.920030 0.062470
vt 0.919500 0.069593
vt 0.913553 0.070104
vt 0.984692 0.714366
vt 0.979036 0.712991
vt 0.978913 0.707517
vt 0.987262 0.707517
vt 0.627794 0.839945
vt 0.631650 0.839880
vt 0.632127 0.845904
vt 0.627967 0.845734
vt 0.945021 0.098265
vt 0.939392 0.098811
vt 0.941130 0.091170
vt 0.946461 0.093602
vt 0.955455 0.987776
vt 0.955455 0.980731
vt 0.961074 0.980604
vt 0.960507 0.987351
vt 0.531561 0.817156
vt 0.536503 0.813812
vt 0.537286 0.822203
vt 0.531561 0.824963
vt 0.978913 0.687146
vt 0.986266 0.687146
vt 0.987238 0.694877
vt 0.979155 0.694024
vt 0.543321 0.819951
vt 0.545904 0.813738
vt 0.554722 0.820630
vt 0.761440 0.608038
vt 0.767953 0.612248
vt 0.762737 0.617759
vt 0.756707 0.608954
vt 0.762667 0.601304
vt 0.770848 0.602965
vt 0.756326 0.599119
vt 0.903419 0.987835
vt 0.897190 0.987797
vt 0.897190 0.980842
vt 0.901037 0.980604
vt 0.923192 0.971786
vt 0.919685 0.974358
vt 0.919733 0.968222
vt 0.923289 0.967466
vt 0.924617 0.976519
vt 0.918151 0.976519
vt 0.067006 0.615226
vt 0.067153 0.607572
vt 0.075467 0.609610
vt 0.071921 0.616164
vt 0.895120 0.637002
vt 0.890930 0.637571
vt 0.888767 0.629080
vt 0.893000 0.629089
vt 0.887262 0.976561
vt 0.887262 0.968602
vt 0.893705 0.967466
vt 0.891937 0.975151
vt 0.922794 0.987947
vt 0.922117 0.980604
vt 0.925508 0.980604
vt 0.924897 0.985497
vt 0.770848 0.591981
vt 0.764318 0.594472
vt 0.759478 0.591322
vt 0.764228 0.588126
vt 0.042896 0.873508
vt 0.036509 0.871736
vt 0.895120 0.620006
vt 0.889478 0.619576
vt 0.539950 0.963992
vt 0.537370 0.953021
vt 0.541963 0.953525
vt 0.541963 0.963857
vt 0.278592 0.783385
vt 0.273090 0.783588
vt 0.267797 0.784053
vt 0.275499 0.791651
vt 0.270140 0.792461
vt 0.839554 0.869906
vt 0.841125 0.861098
vt 0.844044 0.861714
vt 0.844691 0.868201
vt 0.901526 0.228627
vt 0.906932 0.228011
vt 0.907728 0.235964
vt 0.901887 0.236909
vt 0.075644 0.600881
vt 0.065297 0.598219
vt 0.929083 0.065998
vt 0.927215 0.070104
vt 0.932349 0.098811
vt 0.933892 0.091336
vt 0.822306 0.513298
vt 0.816720 0.507123
vt 0.821009 0.501059
vt 0.826030 0.505125
vt 0.700074 0.505359
vt 0.704101 0.506993
vt 0.066822 0.619560
vt 0.065297 0.617220
vt 0.820123 0.954339
vt 0.820886 0.961369
vt 0.814707 0.963711
vt 0.814707 0.953021
vt 0.702086 0.491505
vt 0.707443 0.489425
vt 0.707811 0.499655
vt 0.702268 0.497345
vt 0.830283 0.492751
vt 0.830118 0.498436
vt 0.822711 0.494303
vt 0.824016 0.488512
vt 0.830078 0.011355
vt 0.824891 0.009277
vt 0.826663 0.003137
vt 0.834695 0.008628
vt 0.835686 0.019830
vt 0.828525 0.018040
vt 0.571033 0.918008
vt 0.573210 0.924487
vt 0.566557 0.926135
vt 0.565460 0.919732
vt 0.844277 0.851157
vt 0.844113 0.855666
vt 0.839554 0.854834
vt 0.839612 0.849063
vt 0.975328 0.223991
vt 0.975635 0.228533
vt 0.965173 0.228533
vt 0.968203 0.222889
vt 0.817274 0.488512
vt 0.816143 0.492707
vt 0.829647 0.027016
vt 0.824891 0.024302
vt 0.571351 0.932738
vt 0.565460 0.932310
vt 0.816510 0.498687
vt 0.281775 0.790469
vt 0.008118 0.980604
vt 0.007814 0.988670
vt 0.003873 0.988028
vt 0.001538 0.980604
vt 0.282692 0.783541
vt 0.978913 0.889362
vt 0.987143 0.889362
vt 0.986784 0.892599
vt 0.980020 0.894163
vt 0.620484 0.851203
vt 0.626870 0.853258
vt 0.625393 0.859137
vt 0.619571 0.854762
vt 0.633968 0.853448
vt 0.633968 0.860900
vt 0.906087 0.244605
vt 0.901526 0.244942
vt 0.471597 0.217347
vt 0.471597 0.207597
vt 0.476271 0.207386
vt 0.477277 0.216784
vt 0.475358 0.225131
vt 0.471816 0.224737
vt 0.851895 0.835835
vt 0.845819 0.833535
vt 0.214405 0.977240
vt 0.207889 0.977030
vt 0.207889 0.967466
vt 0.213836 0.969336
vt 0.960702 0.538074
vt 0.949845 0.538074
vt 0.950883 0.530866
vt 0.961490 0.530084
vt 0.894276 0.441912
vt 0.902324 0.442060
vt 0.982784 0.679910
vt 0.987422 0.682983
vt 0.983746 0.684070
vt 0.978913 0.684070
vt 0.006812 0.994537
vt 0.006290 0.994639
vt 0.006132 0.993973
vt 0.006483 0.993908
vt 0.001538 0.994756
vt 0.001565 0.994079
vt 0.001927 0.993995
vt 0.002203 0.994557
vt 0.057070 0.993433
vt 0.056560 0.992951
vt 0.057051 0.992429
vt 0.057599 0.992920
vt 0.057599 0.993892
vt 0.005772 0.994740
vt 0.005772 0.994012
vt 0.057599 0.991847
vt 0.005772 0.993292
vt 0.006021 0.993310
vt 0.005772 0.992593
vt 0.006021 0.992693
vt 0.006318 0.993428
vt 0.186038 0.991993
vt 0.186394 0.991847
vt 0.186445 0.992505
vt 0.186023 0.992505
vt 0.093651 0.993405
vt 0.093368 0.992730
vt 0.093868 0.992643
vt 0.093950 0.993351
vt 0.001744 0.993357
vt 0.002087 0.993230
vt 0.002267 0.993884
vt 0.002358 0.993140
vt 0.002696 0.993782
vt 0.056518 0.993724
vt 0.056132 0.993523
vt 0.001786 0.992569
vt 0.002014 0.992489
vt 0.001538 0.992104
vt 0.001675 0.991847
vt 0.005772 0.991847
vt 0.005952 0.992081
vt 0.093461 0.992125
vt 0.093783 0.992138
vt 0.006405 0.993193
vt 0.093950 0.991915
vt 0.093477 0.991847
vt 0.741121 0.798280
vt 0.740172 0.802430
vt 0.734444 0.802420
vt 0.737751 0.795581
vt 0.747037 0.791681
vt 0.747160 0.797232
vt 0.746977 0.802100
vt 0.410639 0.285785
vt 0.409837 0.290329
vt 0.404138 0.289885
vt 0.407553 0.283221
vt 0.753476 0.811714
vt 0.747823 0.812688
vt 0.747292 0.807376
vt 0.754381 0.807281
vt 0.756440 0.813979
vt 0.748537 0.817675
vt 0.551690 0.872547
vt 0.552725 0.878628
vt 0.546610 0.878955
vt 0.546770 0.871735
vt 0.547485 0.867041
vt 0.554273 0.869292
vt 0.557885 0.877133
vt 0.301328 0.878857
vt 0.300584 0.884698
vt 0.294094 0.883149
vt 0.297944 0.876081
vt 0.306183 0.877432
vt 0.307445 0.884511
vt 0.304545 0.872880
vt 0.742181 0.812472
vt 0.740578 0.808196
vt 0.739846 0.816140
vt 0.735145 0.810071
vt 0.293479 0.888467
vt 0.290033 0.889688
vt 0.290033 0.881909
vt 0.299794 0.891321
vt 0.808670 0.082063
vt 0.808215 0.088964
vt 0.802737 0.088751
vt 0.805533 0.079536
vt 0.558129 0.883626
vt 0.561927 0.876009
vt 0.561355 0.884832
vt 0.997244 0.214101
vt 0.998067 0.217454
vt 0.991178 0.217454
vt 0.992711 0.212853
vt 0.554061 0.885584
vt 0.753739 0.798380
vt 0.754527 0.802440
vt 0.756440 0.795013
vt 0.410639 0.299581
vt 0.407308 0.302576
vt 0.403847 0.296294
vt 0.409790 0.295337
vt 0.987485 0.588813
vt 0.979814 0.588678
vt 0.978913 0.585052
vt 0.987286 0.585052
vt 0.946199 0.001538
vt 0.946769 0.005323
vt 0.941268 0.005397
vt 0.940357 0.001737
vt 0.802363 0.099696
vt 0.798814 0.099745
vt 0.798770 0.088843
vt 0.808314 0.097615
vt 0.808670 0.104065
vt 0.803638 0.106262
vt 0.307979 0.891518
vt 0.547452 0.886115
vt 0.932349 0.005039
vt 0.932803 0.001538
vt 0.557221 0.867041
vt 0.050729 0.884314
vt 0.048817 0.874660
vt 0.052619 0.874534
vt 0.054031 0.883004
vt 0.188308 0.021613
vt 0.184749 0.019866
vt 0.184972 0.012662
vt 0.189110 0.012834
vt 0.050720 0.865080
vt 0.054031 0.865554
vt 0.184749 0.004873
vt 0.188505 0.003261
vt 0.539085 0.887916
vt 0.537632 0.878865
vt 0.541070 0.878480
vt 0.542115 0.886488
vt 0.294557 0.873987
vt 0.538851 0.869915
vt 0.542115 0.870510
vt 0.975624 0.040885
vt 0.975826 0.045205
vt 0.965491 0.044344
vt 0.965173 0.040885
vt 0.088666 0.980604
vt 0.088666 0.988455
vt 0.085488 0.988771
vt 0.085814 0.981097
s 1
usemtl tripo_mat_5462af06-926d-40cd-8cd8-a2dadf7b34ef
f 1/1 17/2 18/3 19/4
f 1/5 20/6 21/7 17/8
f 1/5 19/9 22/10 20/6
f 2/11 23/12 24/13 25/14
f 2/11 25/14 26/15 27/16
f 2/11 27/16 28/17 23/12
f 3/18 29/19 30/20 31/21
f 3/18 31/21 32/22 33/23
f 3/18 33/23 34/24 29/19
f 4/25 17/26 21/27 35/28
f 4/25 35/28 36/29 37/30
f 4/25 37/30 18/31 17/26
f 5/32 38/33 32/34 39/35
f 5/36 40/37 41/38 38/39
f 5/40 39/41 42/42 40/43
f 6/44 43/45 42/46 39/47
f 6/48 31/21 30/20 43/49
f 6/48 39/50 32/22 31/21
f 7/51 44/52 45/53 9/54
f 7/55 46/56 47/57 44/58
f 7/55 48/59 49/60 46/56
f 8/61 50/62 51/63 52/64
f 8/61 52/64 12/65 53/66
f 8/61 53/66 54/67 50/62
f 9/54 45/53 28/17 27/16
f 9/54 27/16 26/15 10/68
f 9/69 55/70 56/71 7/72
f 9/73 10/74 57/75 55/76
f 10/77 51/78 58/79 57/80
f 10/77 59/81 52/82 51/78
f 10/83 26/84 22/85 60/86
f 10/87 60/88 49/89 59/90
f 11/91 59/92 49/60 48/59
f 11/93 48/94 53/95 12/96
f 11/97 12/98 52/99 59/100
f 13/101 61/102 62/103 63/104
f 13/105 14/106 64/107 61/108
f 13/109 63/110 15/111 14/112
f 14/113 15/114 65/115 64/116
f 15/111 63/110 66/117 65/118
f 16/119 62/103 67/120 68/121
f 16/122 68/123 56/124 66/125
f 16/126 66/127 63/128 62/129
f 68/130 54/131 7/55 56/132
f 68/121 67/120 50/62 54/67
f 67/120 62/103 61/102 58/133
f 67/120 58/133 51/63 50/62
f 66/134 56/71 55/70 65/135
f 65/115 55/76 57/75 64/116
f 64/107 57/136 58/137 61/108
f 60/138 22/139 19/4 69/140
f 60/138 69/140 46/56 49/60
f 69/140 19/4 18/3 70/141
f 69/140 70/141 47/57 46/56
f 70/141 18/3 37/142 41/38
f 70/141 41/38 40/37 47/57
f 54/131 53/143 48/59 7/55
f 47/144 40/43 42/42 44/145
f 45/146 44/147 42/46 43/45
f 45/53 43/49 30/20 28/17
f 41/148 37/30 36/29 38/149
f 38/33 36/150 33/151 32/34
f 36/152 35/153 34/154 33/155
f 35/153 21/156 24/157 34/154
f 34/24 24/13 23/12 29/19
f 30/20 29/19 23/12 28/17
f 26/84 25/158 20/159 22/85
f 25/160 24/161 21/162 20/163
f 71/164 72/165 86/166 87/167
f 71/168 87/169 88/170 89/171
f 71/172 89/173 90/174 72/175
f 72/176 90/177 91/178 86/179
f 73/180 74/181 92/182 93/183
f 73/180 93/183 94/184 95/185
f 73/180 95/185 96/186 74/181
f 74/181 96/186 97/187 92/182
f 75/188 98/189 99/190 100/191
f 75/188 101/192 102/193 98/189
f 75/188 100/191 103/194 101/192
f 76/195 104/196 103/197 105/198
f 76/199 106/200 107/201 104/202
f 76/203 105/204 108/205 106/206
f 77/207 109/208 110/209 111/210
f 77/207 112/211 113/212 109/208
f 77/213 111/214 114/215 112/216
f 78/217 112/218 114/219 115/220
f 78/217 115/220 79/221 116/222
f 78/217 116/222 113/223 112/218
f 79/221 117/224 118/225 116/222
f 79/221 115/220 119/226 117/224
f 80/227 120/228 111/229 110/230
f 80/227 121/231 122/232 120/228
f 80/227 110/230 123/233 121/231
f 81/234 124/235 125/236 126/237
f 81/238 126/239 82/240 127/241
f 81/242 128/243 129/244 124/245
f 81/246 130/247 131/248 128/249
f 81/238 127/241 132/250 130/251
f 82/252 107/201 106/200 127/253
f 82/254 133/255 118/225 134/256
f 82/240 126/239 135/257 133/258
f 82/259 134/260 84/261 136/262
f 83/263 104/264 107/265 137/266
f 83/263 137/266 102/193 101/192
f 83/263 101/192 103/194 104/264
f 84/267 134/256 138/268 139/269
f 84/267 139/269 129/270 128/271
f 84/272 140/273 141/274 136/275
f 84/272 128/276 131/277 140/273
f 85/278 142/279 143/280 144/281
f 85/278 140/273 131/277 142/279
f 85/278 144/281 141/274 140/273
f 144/281 143/280 99/190 98/189
f 144/281 98/189 102/193 141/274
f 143/282 142/283 97/284 96/285
f 143/286 96/287 95/288 99/289
f 142/283 131/290 130/291 97/284
f 141/274 102/193 137/266 136/275
f 139/269 138/268 145/292 88/170
f 139/269 88/170 87/169 129/270
f 145/292 119/226 146/293 147/294
f 145/292 147/294 89/171 88/170
f 145/292 138/268 117/224 119/226
f 147/295 146/296 120/297 122/298
f 147/295 122/298 90/299 89/300
f 146/301 114/215 111/214 120/302
f 146/293 119/226 115/220 114/219
f 138/268 134/256 118/225 117/224
f 137/266 107/265 82/303 136/275
f 135/257 109/304 113/305 133/258
f 135/306 126/237 125/236 123/233
f 135/306 123/233 110/230 109/307
f 133/255 113/223 116/222 118/225
f 132/250 92/182 97/187 130/251
f 132/250 127/241 106/206 108/205
f 132/250 108/205 93/183 92/182
f 129/308 87/309 86/310 124/311
f 125/236 124/235 86/179 91/178
f 125/236 91/178 121/231 123/233
f 122/232 121/231 91/178 90/177
f 108/205 105/204 94/184 93/183
f 105/198 103/197 100/312 94/313
f 100/314 99/315 95/316 94/317
f 148/318 149/319 150/320 151/321
f 148/322 152/323 153/324 149/325
f 148/322 151/326 154/327 152/323
f 154/327 155/328 156/329 152/323
f 156/330 157/331 158/332 153/333
f 156/329 153/324 152/323
f 156/334 155/335 159/336 157/337
f 153/338 158/339 160/340 161/341
f 161/341 162/342 149/343 153/338
f 162/342 161/341 163/344 164/345
f 162/342 164/345 165/346 166/347
f 162/348 166/349 150/320 149/319
f 165/346 164/345 167/350 168/351
f 170/352 171/353 168/351 167/350
f 167/350 169/354 170/352
f 171/353 170/352 172/355 173/356
f 174/357 173/356 172/355
f 169/354 167/350 163/344 175/358
f 175/358 163/344 161/341 160/340
f 167/350 164/345 163/344
f 176/359 183/360 182/361 256/362
f 176/359 257/363 258/364 183/360
f 176/365 256/366 181/367 257/368
f 177/369 178/370 259/371 260/372
f 177/373 261/374 262/375 178/376
f 177/377 260/378 180/379 261/380
f 178/381 262/382 193/383 259/384
f 179/385 256/386 182/387 263/388
f 179/389 263/390 185/391 264/392
f 179/393 264/394 181/367 256/366
f 180/379 265/395 258/396 261/380
f 180/379 260/378 266/397 267/398
f 180/399 193/400 181/401 265/402
f 180/403 267/404 268/405 193/406
f 181/367 193/383 262/382 257/368
f 181/367 264/394 269/407 265/408
f 182/409 183/410 186/411 263/412
f 183/413 258/396 265/395 269/414
f 183/415 269/416 187/417 186/418
f 184/419 270/420 202/421 271/422
f 184/419 272/423 273/424 270/420
f 184/419 271/422 274/425 272/423
f 185/426 263/412 186/411 187/427
f 185/428 187/429 269/430 264/431
f 188/432 222/433 275/434 276/435
f 188/432 277/436 278/437 222/433
f 188/438 223/439 279/440 280/441
f 188/442 276/443 281/444 223/445
f 189/446 282/447 283/448 284/449
f 189/446 284/449 190/450 285/451
f 189/446 285/451 286/452 282/447
f 190/453 284/454 287/455 288/456
f 191/457 287/458 284/459 283/460
f 191/461 289/462 290/463 287/464
f 192/465 268/405 267/404 195/466
f 192/467 291/468 199/469 292/470
f 192/471 292/472 293/473 268/474
f 192/475 195/476 227/477 226/478
f 192/479 226/480 294/481 295/482
f 192/467 296/483 297/484 291/468
f 193/383 268/474 293/473 259/384
f 194/485 197/486 298/487 196/488
f 196/488 299/489 300/490 301/491
f 196/488 298/487 302/492 299/489
f 196/488 301/491 226/478 227/477
f 196/493 227/494 195/495 194/496
f 197/497 303/498 274/499 304/500
f 197/486 304/501 305/502 298/487
f 197/497 198/503 306/504 303/498
f 198/505 307/506 308/507 306/508
f 198/509 295/510 294/511 307/512
f 199/513 291/514 312/515 313/516
f 200/517 314/518 315/519 310/520
f 200/521 309/522 316/523 229/524
f 200/525 229/526 317/527 212/528
f 201/529 318/530 203/531 319/532
f 201/529 305/502 304/501 318/530
f 201/529 319/532 320/533 305/502
f 202/534 203/535 318/536 271/537
f 202/538 270/539 319/540 203/541
f 204/542 321/543 322/544 323/545
f 204/542 324/546 325/547 321/543
f 204/542 323/545 326/548 324/546
f 205/549 327/550 328/551 329/552
f 205/553 330/554 331/555 327/556
f 205/549 329/552 332/557 330/558
f 206/559 333/560 334/561 335/562
f 206/563 336/564 337/565 333/566
f 206/567 335/568 338/569 336/570
f 207/571 339/572 340/573 337/565
f 207/571 341/574 342/575 339/572
f 207/571 337/565 336/564 341/574
f 208/576 334/577 343/578 344/579
f 208/580 345/581 335/582 334/583
f 208/580 344/584 346/585 345/581
f 209/586 338/587 335/582 345/581
f 209/588 347/589 348/590 338/591
f 210/592 349/593 350/594 351/595
f 210/596 351/597 352/598 353/599
f 210/592 354/600 355/601 349/593
f 211/602 354/600 210/592 356/603
f 211/602 356/603 213/604 357/605
f 211/602 357/605 358/606 354/600
f 212/607 360/608 361/609 213/610
f 213/611 356/612 359/613 212/614
f 212/615 362/616 363/617 360/618
f 212/619 359/620 364/621 365/622
f 213/623 228/624 214/625 357/626
f 213/627 361/628 366/629 314/630
f 214/631 367/632 358/606 357/605
f 214/631 228/633 368/634 367/632
f 215/635 216/636 328/637 325/638
f 215/639 325/547 324/546 369/640
f 215/641 369/642 370/643 216/644
f 216/645 370/646 329/552 328/551
f 217/647 371/648 372/649 373/650
f 217/647 374/651 375/652 371/648
f 217/653 373/654 376/655 374/656
f 218/657 377/658 378/659 379/660
f 218/657 379/660 380/661 381/662
f 218/657 381/662 220/663 377/658
f 219/664 379/665 378/666 382/667
f 219/668 382/669 383/670 384/671
f 219/672 384/673 380/674 379/675
f 220/663 385/676 363/617 377/658
f 220/663 381/662 386/677 385/676
f 221/678 387/679 388/680 222/433
f 221/678 389/681 383/682 387/679
f 221/678 222/433 278/437 389/681
f 222/433 388/680 390/683 275/434
f 223/684 225/685 224/686 279/687
f 188/432 391/688 392/689 277/436
f 224/690 393/691 394/692 279/440
f 224/690 225/693 395/694 393/691
f 225/695 472/696 396/697 397/698
f 225/699 397/700 278/701 277/702
f 225/703 277/704 392/705 395/706
f 398/707 371/708 375/709 399/710
f 472/711 400/712 401/713 396/714
f 472/711 402/715 403/716 400/712
f 472/696 281/717 296/718 402/719
f 226/478 301/491 332/720 404/721
f 226/478 404/721 405/722 294/723
f 228/724 213/725 406/726 368/727
f 212/728 317/729 407/730 362/731
f 229/732 234/733 235/734 231/735
f 230/736 390/683 388/680 317/737
f 229/738 231/739 230/736 317/737
f 230/736 231/739 408/740 390/683
f 231/739 235/741 232/742 409/743
f 232/744 235/745 234/746 233/747
f 232/748 233/749 316/750 409/751
f 233/752 234/753 229/754 316/755
f 236/756 248/757 410/758 411/759
f 236/760 411/761 412/762 237/763
f 236/764 237/765 249/766 248/767
f 237/768 412/769 413/770 249/771
f 238/772 414/773 241/774 239/775
f 238/776 239/777 415/778 416/779
f 239/780 417/781 418/782 419/783
f 239/784 419/785 420/786 415/787
f 240/788 342/789 421/790 422/791
f 240/792 241/793 414/794 423/795
f 240/796 422/797 245/798 244/799
f 240/800 244/801 424/802 241/803
f 241/804 425/805 426/806 239/780
f 241/804 424/807 243/808 425/805
f 242/809 355/601 427/810 243/811
f 428/812 349/813 355/814 242/815
f 242/816 243/817 424/818 428/819
f 243/808 429/820 430/821 425/805
f 243/822 431/823 432/824 429/825
f 243/826 427/827 433/828 431/829
f 244/830 245/831 428/819 424/818
f 245/832 422/791 434/833 428/834
f 246/835 432/836 431/837 435/838
f 246/835 365/622 364/621 432/836
f 246/835 435/838 406/839 365/622
f 247/840 433/841 367/632 368/634
f 247/842 435/843 431/829 433/828
f 247/844 368/845 406/846 435/847
f 248/848 249/849 413/850 410/851
f 250/852 436/853 437/854 340/573
f 250/852 423/795 414/794 436/853
f 250/852 340/573 339/572 423/795
f 251/855 416/856 438/857 439/858
f 251/859 439/860 440/861 441/862
f 251/863 441/864 436/865 414/866
f 252/867 442/868 443/869 352/870
f 252/871 352/598 351/597 444/872
f 252/873 444/874 255/875 442/876
f 253/877 445/878 446/879 421/790
f 254/880 417/781 239/780 426/806
f 253/881 254/882 426/883 445/884
f 342/575 341/574 348/885 254/886
f 253/877 421/790 342/789 254/887
f 254/888 348/889 347/890 417/891
f 255/892 444/893 447/894 448/895
f 255/875 448/896 449/897 442/876
f 449/898 426/806 425/805 430/821
f 449/898 430/821 443/869 442/868
f 449/898 448/899 445/900 426/806
f 448/895 447/894 446/879 445/878
f 447/894 444/893 351/595 350/594
f 447/894 350/594 434/833 446/879
f 446/879 434/833 422/791 421/790
f 443/869 430/821 429/820 450/901
f 443/869 450/901 353/902 352/870
f 450/901 429/820 432/836 364/621
f 450/903 364/904 359/905 353/906
f 441/862 440/861 344/579 343/578
f 441/862 343/578 437/907 436/908
f 440/909 439/910 419/911 418/912
f 440/909 418/912 346/585 344/584
f 439/910 438/913 420/914 419/911
f 438/857 416/856 410/851 413/850
f 438/915 413/770 412/769 420/916
f 437/907 343/578 334/577 333/917
f 437/854 333/566 337/565 340/573
f 434/833 350/594 349/593 428/834
f 433/841 427/810 358/606 367/632
f 427/810 355/601 354/600 358/606
f 423/918 339/919 342/789 240/788
f 420/786 412/762 411/761 415/787
f 418/782 417/781 347/920 346/921
f 416/922 415/923 411/759 410/758
f 409/924 316/925 309/926 311/927
f 409/743 311/928 451/929 231/739
f 451/930 311/931 310/932 315/933
f 451/934 315/935 452/936 453/937
f 451/929 453/938 408/740 231/739
f 453/937 452/936 313/516 312/515
f 453/938 312/939 454/940 408/740
f 454/940 275/434 390/683 408/740
f 454/940 312/939 291/941 297/942
f 454/940 297/942 276/435 275/434
f 452/943 315/519 314/518 366/944
f 452/945 366/629 455/946 313/947
f 455/946 366/629 361/628 456/948
f 455/946 456/948 400/712 403/716
f 455/946 403/716 199/949 313/947
f 456/948 361/628 360/618 457/950
f 456/948 457/950 401/713 400/712
f 457/950 360/618 363/617 385/676
f 457/950 385/676 386/677 401/713
f 407/951 387/952 383/670 382/669
f 407/953 382/667 378/666 362/954
f 407/955 317/737 388/680 387/679
f 405/956 404/957 370/643 369/642
f 405/958 369/959 324/960 326/961
f 405/958 326/961 307/512 294/511
f 404/962 332/557 329/552 370/646
f 401/713 386/677 458/963 396/714
f 458/963 386/677 381/662 380/661
f 458/964 380/965 384/966 459/967
f 458/968 459/969 397/698 396/697
f 459/970 384/671 383/670 389/971
f 459/970 389/971 278/701 397/700
f 399/972 375/973 395/974 392/975
f 399/710 392/976 391/977 460/978
f 399/710 460/978 461/979 398/707
f 461/980 372/981 371/982 398/983
f 461/979 460/978 282/984 286/985
f 461/980 286/986 462/987 372/981
f 462/988 463/989 373/990 372/991
f 462/992 286/993 285/994 464/995
f 462/996 464/997 288/998 463/999
f 463/999 290/463 376/655 373/654
f 463/999 288/998 287/464 290/463
f 460/978 391/977 283/1000 282/984
f 395/694 375/1001 374/656 393/691
f 394/692 393/691 374/656 376/655
f 394/692 376/655 290/463 289/462
f 394/692 289/462 280/441 279/440
f 391/1002 188/1003 191/1004 283/1005
f 378/659 377/658 363/617 362/616
f 359/905 356/1006 210/1007 353/906
f 348/885 341/574 336/564 338/1008
f 347/1009 209/586 345/581 346/585
f 332/720 301/491 300/490 330/1010
f 331/1011 322/1012 321/1013 327/1014
f 331/555 330/554 300/1015 465/1016
f 331/1011 465/1017 466/1018 322/1012
f 466/1019 308/1020 323/545 322/544
f 466/1018 465/1017 467/1021 468/1022
f 466/1018 468/1022 306/508 308/507
f 468/1022 467/1021 469/1023 470/1024
f 468/1022 470/1024 303/1025 306/508
f 470/1024 469/1023 273/424 272/423
f 470/1024 272/423 274/425 303/1025
f 469/1026 467/1027 299/1028 302/1029
f 469/1026 302/1029 320/1030 273/1031
f 467/1027 465/1016 300/1015 299/1028
f 328/1032 327/1033 321/1034 325/1035
f 326/1036 323/1037 308/507 307/506
f 320/533 302/492 298/487 305/502
f 320/1038 319/1039 270/1040 273/1041
f 318/536 304/500 274/499 271/537
f 471/1042 195/1043 267/398 266/397
f 471/1044 266/1045 293/1046 292/1047
f 297/484 296/483 281/444 276/443
f 293/1046 266/1045 260/1048 259/1049
f 464/1050 285/1051 190/453 288/456
f 262/375 261/374 258/1052 257/1053
f 188/438 280/441 289/462 191/461
f 200/517 310/520 311/1054 309/1055
f 416/1056 251/1057 414/1058 238/1059
f 198/1060 195/1061 192/1062 295/1063
f 198/1064 197/1065 194/1066 195/1067
f 195/1068 471/1044 292/1047 192/1069
f 292/1070 199/949 192/1071
f 199/949 402/715 296/1072 192/1071
f 199/949 403/716 402/715
f 212/528 213/1073 314/1074 200/525
f 212/1075 365/1076 406/726 213/725
f 223/1077 281/717 472/696 225/695
f 473/1078 490/1079 516/1080 517/1081
f 473/1082 517/1083 518/1084 519/1085
f 473/1082 519/1085 491/1086 490/1087
f 474/1088 520/1089 521/1090 522/1091
f 474/1088 522/1091 523/1092 524/1093
f 474/1088 524/1093 525/1094 520/1089
f 475/1095 526/1096 518/1097 517/1098
f 475/1099 517/1100 516/1101 527/1102
f 475/1103 527/1104 528/1105 526/1106
f 476/1107 529/1108 530/1109 531/1110
f 476/1107 532/1111 533/1112 529/1108
f 476/1113 531/1114 534/1115 532/1116
f 477/1117 535/1118 536/1119 537/1120
f 477/1117 537/1120 538/1121 539/1122
f 477/1117 539/1122 540/1123 535/1118
f 478/1124 541/1125 526/1106 528/1105
f 478/1124 528/1105 542/1126 543/1127
f 478/1124 543/1127 544/1128 545/1129
f 478/1124 546/1130 547/1131 541/1125
f 478/1124 545/1129 548/1132 546/1130
f 479/1133 530/1109 529/1108 480/1134
f 479/1135 549/1136 540/1137 530/1138
f 479/1135 550/1139 493/1140 549/1136
f 479/1141 480/1142 551/1143 484/1144
f 480/1145 552/1146 553/1147 481/1148
f 480/1134 529/1108 533/1112 552/1149
f 480/1150 481/1151 482/1152 554/1153
f 481/1154 553/1155 536/1119 535/1118
f 481/1156 535/1157 540/1158 549/1159
f 481/1156 549/1159 493/1160 482/1161
f 480/1162 554/1163 555/1164 551/1165
f 482/1166 479/1141 484/1144 556/1167
f 482/1152 556/1168 483/1169 554/1153
f 482/1170 557/1171 550/1172 479/1173
f 482/1174 493/1175 492/1176 557/1177
f 483/1178 558/1179 555/1180 554/1181
f 483/1182 556/1183 497/1184 558/1185
f 484/1144 559/1186 497/1187 556/1167
f 485/1188 560/1189 561/1190 562/1191
f 485/1192 563/1193 564/1194 560/1195
f 485/1196 562/1197 487/1198 563/1199
f 486/1200 565/1201 525/1202 566/1203
f 486/1204 487/1198 562/1197 565/1205
f 486/1206 566/1207 563/1208 487/1209
f 488/1210 567/1211 568/1212 569/1213
f 488/1214 515/1215 570/1216 567/1217
f 489/1218 571/1219 572/1220 573/1221
f 489/1222 502/1223 574/1224 571/1225
f 489/1226 573/1227 544/1228 502/1229
f 490/1079 491/1230 575/1231 516/1080
f 491/1086 572/1220 571/1219 576/1232
f 491/1233 576/1234 495/1235 575/1236
f 644/1237 577/1238 575/1239 495/1240
f 644/1241 578/1242 542/1126 577/1243
f 644/1241 495/1244 576/1245 578/1242
f 496/1246 581/1247 582/1248 579/1249
f 484/1144 551/1143 501/1250 559/1186
f 497/1184 559/1251 498/1252 558/1185
f 498/1253 559/1254 501/1255 500/1256
f 498/1257 500/1258 555/1180 558/1179
f 499/1259 583/1260 579/1261 582/1262
f 499/1259 512/1263 584/1264 583/1260
f 499/1259 582/1262 570/1265 512/1263
f 500/1266 501/1267 551/1268 555/1269
f 502/1270 544/1128 543/1127 574/1271
f 503/1272 585/1273 546/1130 548/1132
f 503/1274 586/1275 587/1276 588/1277
f 503/1272 588/1278 589/1279 590/1280
f 503/1272 590/1280 591/1281 585/1273
f 503/1282 548/1283 592/1284 586/1285
f 504/1286 593/1287 594/1288 595/1289
f 504/1286 596/1290 597/1291 593/1287
f 504/1286 595/1289 598/1292 596/1290
f 505/1293 599/1294 600/1295 601/1296
f 505/1297 601/1298 602/1299 603/1300
f 505/1297 603/1300 604/1301 599/1302
f 506/1303 605/1304 606/1305 607/1306
f 506/1303 607/1306 608/1307 609/1308
f 506/1309 610/1310 595/1289 594/1288
f 506/1309 594/1288 611/1311 605/1312
f 507/1313 572/1220 491/1086 519/1085
f 507/1313 612/1314 592/1315 613/1316
f 507/1313 613/1316 573/1221 572/1220
f 507/1313 614/1317 615/1318 612/1314
f 507/1313 519/1085 518/1084 614/1317
f 508/1319 612/1314 615/1318 616/1320
f 508/1319 597/1321 587/1322 586/1323
f 508/1319 586/1323 592/1315 612/1314
f 508/1319 616/1320 617/1324 618/1325
f 509/1326 619/1327 607/1328 606/1329
f 509/1326 620/1330 621/1331 619/1327
f 509/1332 606/1333 622/1334 620/1335
f 510/1336 611/1337 618/1325 617/1324
f 510/1336 623/1338 605/1339 611/1337
f 510/1336 617/1324 624/1340 623/1338
f 511/1341 625/1342 626/1343 514/1344
f 511/1345 514/1346 627/1347 628/1348
f 511/1349 628/1350 629/1351 625/1352
f 512/1263 570/1265 515/1353 584/1264
f 513/1354 609/1355 625/1352 629/1351
f 513/1354 610/1310 506/1309 609/1355
f 513/1354 629/1351 630/1356 610/1310
f 514/1357 626/1358 631/1359 627/1360
f 631/1359 626/1358 608/1361 632/1362
f 631/1359 632/1362 604/1301 603/1300
f 631/1359 603/1300 602/1299 627/1360
f 632/1362 608/1361 607/1328 619/1327
f 632/1362 619/1327 621/1331 604/1301
f 630/1356 629/1351 628/1350 633/1363
f 630/1356 633/1363 634/1364 598/1292
f 630/1356 598/1292 595/1289 610/1310
f 634/1365 633/1366 602/1367 601/1368
f 634/1369 601/1370 600/1371 635/1372
f 634/1364 635/1373 596/1290 598/1292
f 635/1372 600/1371 588/1277 587/1276
f 635/1373 587/1374 597/1291 596/1290
f 633/1366 628/1375 627/1376 602/1367
f 626/1377 625/1378 609/1308 608/1307
f 624/1379 591/1380 622/1381 623/1382
f 624/1383 617/1384 616/1385 636/1386
f 624/1379 636/1387 585/1388 591/1380
f 636/1389 616/1390 615/1391 547/1392
f 636/1387 547/1393 546/1394 585/1388
f 623/1395 622/1396 606/1305 605/1304
f 622/1397 591/1281 590/1280 620/1398
f 621/1399 620/1398 590/1280 589/1279
f 621/1331 589/1400 599/1302 604/1301
f 618/1325 593/1401 597/1321 508/1319
f 618/1402 611/1311 594/1288 593/1287
f 615/1391 614/1403 541/1404 547/1392
f 614/1405 518/1097 526/1096 541/1406
f 613/1407 592/1284 548/1283 545/1408
f 613/1409 545/1410 544/1411 573/1412
f 600/1295 599/1294 589/1279 588/1278
f 584/1413 569/1414 568/1415 583/1416
f 583/1416 568/1415 580/1417 579/1418
f 582/1419 581/1420 567/1421 570/1422
f 581/1423 580/1424 568/1212 567/1211
f 578/1242 574/1271 543/1127 542/1126
f 578/1425 576/1426 571/1225 574/1224
f 577/1243 542/1126 528/1105 527/1104
f 577/1243 527/1104 516/1427 575/1428
f 569/1429 584/1430 515/1431 488/1432
f 566/1433 525/1094 524/1093 637/1434
f 566/1435 637/1436 564/1437 563/1438
f 637/1434 524/1093 523/1092 638/1439
f 637/1436 638/1440 639/1441 564/1437
f 639/1442 638/1443 553/1444 552/1445
f 639/1446 552/1149 533/1112 640/1447
f 639/1448 640/1449 560/1195 564/1194
f 640/1450 533/1451 532/1116 641/1452
f 640/1450 641/1452 561/1190 560/1189
f 641/1452 532/1116 534/1115 642/1453
f 641/1452 642/1453 643/1454 561/1190
f 643/1455 565/1205 562/1197 561/1456
f 643/1457 642/1458 521/1459 520/1460
f 643/1457 520/1460 525/1202 565/1201
f 642/1458 534/1461 538/1462 521/1459
f 638/1439 523/1092 536/1119 553/1155
f 540/1137 539/1463 531/1464 530/1138
f 539/1463 538/1462 534/1461 531/1464
f 538/1121 537/1120 522/1091 521/1090
f 537/1120 536/1119 523/1092 522/1091
f 492/1465 493/1466 494/1467 557/1468
f 493/1469 550/1470 557/1471 494/1472
f 496/1473 579/1474 580/1475 581/1476
f 645/1477 684/1478 685/1479 686/1480
f 645/1477 686/1480 687/1481 688/1482
f 645/1477 688/1482 689/1483 684/1478
f 646/1484 690/1485 685/1479 691/1486
f 646/1484 692/1487 693/1488 690/1485
f 646/1489 691/1490 694/1491 692/1492
f 647/1493 695/1494 696/1495 697/1496
f 647/1493 698/1497 693/1498 695/1494
f 647/1499 697/1500 687/1501 698/1502
f 648/1503 686/1480 685/1479 690/1485
f 648/1503 690/1485 693/1488 698/1504
f 648/1503 698/1504 687/1481 686/1480
f 649/1505 696/1506 699/1507 700/1508
f 649/1509 700/1510 701/1511 702/1512
f 649/1509 702/1512 697/1513 696/1514
f 650/1515 659/1516 703/1517 653/1518
f 650/1519 652/1520 704/1521 705/1522
f 650/1515 705/1523 706/1524 659/1516
f 651/1525 701/1526 700/1527 652/1528
f 651/1529 653/1530 689/1531 701/1532
f 652/1533 707/1534 708/1535 655/1536
f 652/1537 700/1508 699/1507 709/1538
f 652/1539 709/1540 659/1541 707/1542
f 653/1543 703/1544 684/1478 689/1483
f 654/1545 710/1546 708/1547 711/1548
f 654/1549 711/1550 712/1551 713/1552
f 654/1553 713/1554 714/1555 710/1556
f 655/1557 708/1558 710/1559 715/1560
f 655/1561 715/1562 704/1563 652/1564
f 656/1565 716/1566 717/1567 657/1568
f 656/1569 657/1570 718/1571 719/1572
f 656/1573 719/1574 720/1575 721/1576
f 656/1577 722/1578 712/1551 716/1579
f 656/1577 721/1580 723/1581 722/1578
f 657/1582 724/1583 725/1584 718/1585
f 657/1582 726/1586 727/1587 724/1583
f 657/1582 717/1588 728/1589 726/1586
f 658/1590 725/1591 724/1592 729/1593
f 658/1594 729/1595 730/1596 671/1597
f 658/1590 731/1598 732/1599 673/1600
f 658/1590 673/1600 733/1601 725/1591
f 659/1516 694/1491 691/1490 703/1517
f 659/1602 709/1538 660/1603 694/1604
f 659/1541 706/1605 734/1606 707/1542
f 660/1603 735/1607 692/1608 694/1604
f 660/1603 709/1538 699/1507 735/1607
f 661/1609 736/1610 737/1611 738/1612
f 661/1613 739/1614 740/1615 736/1616
f 661/1613 738/1617 741/1618 739/1614
f 662/1619 742/1620 743/1621 744/1622
f 746/1623 747/1624 742/1625 662/1626
f 662/1627 744/1628 745/1629 746/1630
f 663/1631 748/1632 749/1633 750/1634
f 664/1635 718/1636 725/1591 733/1601
f 664/1637 745/1629 744/1628 751/1638
f 664/1639 752/1640 680/1641 745/1642
f 665/1643 740/1644 739/1645 753/1646
f 665/1643 753/1646 754/1647 755/1648
f 665/1643 755/1648 749/1649 740/1644
f 666/1650 667/1651 756/1652 757/1653
f 666/1654 757/1655 758/1656 741/1657
f 666/1658 741/1659 738/1660 667/1661
f 667/1651 738/1612 737/1611 756/1652
f 668/1662 759/1663 669/1664 760/1665
f 668/1662 761/1666 762/1667 759/1663
f 668/1662 760/1665 763/1668 761/1666
f 669/1664 764/1669 765/1670 760/1665
f 669/1664 759/1663 766/1671 764/1669
f 670/1672 762/1673 761/1674 767/1675
f 670/1676 768/1677 769/1678 762/1679
f 670/1676 767/1680 679/1681 768/1677
f 671/1682 720/1683 672/1684 658/1685
f 671/1682 730/1686 721/1580 720/1683
f 672/1687 663/1631 750/1634 770/1688
f 672/1689 770/1690 731/1691 658/1692
f 672/1693 720/1575 719/1574 751/1694
f 673/1695 732/1696 771/1697 733/1698
f 674/1699 772/1700 681/1701 683/1702
f 674/1699 771/1697 732/1696 772/1700
f 674/1699 683/1702 773/1703 771/1697
f 675/1704 774/1705 775/1706 765/1670
f 675/1704 765/1670 764/1669 776/1707
f 675/1704 776/1707 747/1708 774/1705
f 676/1709 746/1710 777/1711 778/1712
f 676/1713 778/1714 775/1715 774/1716
f 676/1717 774/1718 747/1719 746/1720
f 677/1721 779/1722 780/1723 678/1724
f 677/1725 781/1726 782/1727 779/1728
f 677/1729 678/1730 783/1731 781/1732
f 678/1733 780/1734 784/1735 783/1736
f 679/1737 785/1738 786/1739 768/1740
f 679/1737 767/1741 787/1742 785/1738
f 680/1641 786/1739 785/1738 777/1711
f 680/1743 743/1744 788/1745 786/1746
f 680/1743 752/1747 744/1748 743/1744
f 680/1641 777/1711 746/1710 745/1642
f 681/1701 789/1749 790/1750 683/1702
f 681/1701 772/1700 791/1751 789/1749
f 682/1752 754/1647 792/1753 793/1754
f 682/1752 794/1755 755/1648 754/1647
f 682/1752 793/1754 795/1756 794/1755
f 683/1702 756/1652 737/1611 773/1703
f 795/1756 791/1757 731/1758 770/1759
f 795/1756 770/1759 750/1760 794/1755
f 795/1761 793/1762 789/1763 791/1764
f 794/1755 750/1760 749/1649 755/1648
f 793/1765 792/1766 790/1767 789/1768
f 792/1753 754/1647 753/1646 758/1769
f 792/1766 758/1656 757/1655 790/1767
f 791/1770 772/1771 732/1599 731/1598
f 683/1702 790/1750 757/1653 756/1652
f 788/1772 743/1621 742/1620 796/1773
f 788/1772 796/1773 766/1671 769/1774
f 788/1745 769/1678 768/1677 786/1746
f 796/1773 742/1620 747/1708 776/1707
f 796/1773 776/1707 764/1669 766/1671
f 787/1775 763/1776 775/1777 778/1778
f 787/1742 778/1712 777/1711 785/1738
f 787/1779 767/1780 761/1781 763/1782
f 784/1783 780/1784 797/1785 798/1786
f 784/1787 798/1788 722/1578 723/1581
f 784/1787 723/1581 799/1789 783/1790
f 799/1789 723/1581 721/1580 730/1686
f 799/1791 730/1596 729/1595 800/1792
f 799/1793 800/1794 781/1732 783/1731
f 800/1795 729/1796 724/1583 727/1587
f 800/1795 727/1587 782/1727 781/1726
f 798/1786 797/1785 714/1797 713/1798
f 798/1788 713/1552 712/1551 722/1578
f 797/1799 801/1800 802/1801 714/1802
f 797/1799 780/1723 779/1722 801/1800
f 802/1803 803/1804 704/1563 715/1562
f 802/1801 715/1805 710/1806 714/1802
f 802/1803 801/1807 804/1808 803/1804
f 804/1808 726/1586 728/1589 803/1804
f 804/1808 801/1807 779/1728 782/1727
f 804/1808 782/1727 727/1587 726/1586
f 803/1804 728/1589 705/1809 704/1563
f 775/1706 763/1668 760/1665 765/1670
f 769/1774 766/1671 759/1663 762/1667
f 758/1769 753/1646 739/1645 741/1810
f 664/1811 751/1812 719/1813 718/1814
f 773/1703 737/1611 736/1610 748/1815
f 749/1816 748/1817 736/1818 740/1819
f 735/1820 695/1494 693/1498 692/1821
f 735/1607 699/1507 696/1506 695/1822
f 734/1606 711/1823 708/1824 707/1542
f 734/1825 706/1826 717/1567 716/1566
f 734/1827 716/1579 712/1551 711/1550
f 728/1589 717/1588 706/1828 705/1809
f 703/1544 691/1486 685/1479 684/1478
f 702/1829 701/1830 689/1831 688/1832
f 702/1833 688/1834 687/1835 697/1836
f 651/1837 652/1838 650/1839 653/1840
f 751/1841 744/1748 752/1747 664/1842
f 672/1843 751/1844 664/1845 663/1846
f 664/1847 773/1703 748/1815 663/1848
f 664/1635 733/1601 771/1849 773/1850
f 805/1851 867/1852 868/1853 869/1854
f 805/1855 870/1856 871/1857 867/1858
f 805/1859 869/1860 872/1861 873/1862
f 805/1855 874/1863 806/1864 870/1856
f 805/1865 873/1866 875/1867 874/1868
f 806/1869 874/1870 864/1871 876/1872
f 806/1873 876/1874 863/1875 870/1876
f 807/1877 877/1878 878/1879 810/1880
f 807/1881 879/1882 880/1883 877/1884
f 807/1885 810/1886 881/1887 879/1888
f 808/1889 880/1890 879/1888 882/1891
f 808/1892 883/1893 884/1894 880/1883
f 808/1889 882/1891 885/1895 883/1896
f 809/1897 886/1898 865/1899 887/1900
f 809/1901 888/1902 889/1903 886/1904
f 809/1897 887/1900 878/1905 888/1906
f 810/1907 878/1905 887/1900 881/1908
f 811/1909 890/1910 891/1911 892/1912
f 811/1909 893/1913 894/1914 890/1910
f 811/1909 892/1912 895/1915 893/1913
f 812/1916 896/1917 897/1918 891/1919
f 812/1916 891/1919 890/1920 898/1921
f 812/1922 898/1923 899/1924 896/1925
f 813/1926 900/1927 901/1928 902/1929
f 813/1926 902/1929 903/1930 904/1931
f 813/1926 904/1931 905/1932 900/1927
f 814/1933 906/1934 815/1935 905/1936
f 814/1937 907/1938 908/1939 906/1940
f 814/1941 905/1932 904/1931 907/1942
f 815/1935 909/1943 900/1944 905/1936
f 815/1945 906/1946 910/1947 909/1948
f 816/1949 911/1950 896/1951 899/1952
f 816/1949 899/1952 912/1953 913/1954
f 816/1949 913/1954 910/1947 911/1950
f 817/1955 914/1956 915/1957 916/1958
f 817/1955 838/1959 820/1960 821/1961
f 817/1955 821/1961 917/1962 914/1956
f 818/1963 893/1913 895/1915 819/1964
f 818/1963 918/1965 894/1914 893/1913
f 818/1966 919/1967 1071/1968 918/1969
f 818/1963 819/1964 902/1929 901/1928
f 819/1964 895/1915 903/1930 902/1929
f 820/1970 822/1971 920/1972 821/1973
f 822/1974 820/1975 838/1976 837/1977
f 822/1978 837/1979 921/1980 920/1981
f 821/1973 920/1972 922/1982 917/1983
f 823/1984 923/1985 924/1986 830/1987
f 823/1984 830/1987 925/1988 926/1989
f 823/1984 926/1989 927/1990 923/1985
f 824/1991 928/1992 927/1990 929/1993
f 824/1994 930/1995 825/1996 928/1997
f 824/1998 929/1999 931/2000 930/2001
f 825/2002 930/2003 827/2004 932/2005
f 825/2006 932/2007 933/2008 928/2009
f 826/2010 934/2011 935/2012 936/2013
f 826/2014 936/2015 931/2016 937/2017
f 826/2010 937/2018 938/2019 934/2011
f 827/2004 936/2015 935/2020 932/2005
f 827/2004 930/2003 931/2016 936/2015
f 828/2021 829/2022 939/2023 925/2024
f 1070/2025 1065/2026 829/2027 828/2028
f 828/2029 925/2030 940/2031 1070/2032
f 829/2033 1065/2034 832/2035 941/2036
f 830/2037 924/2038 940/2039 925/2040
f 831/2041 832/2042 1065/2043 1070/2044
f 942/2045 833/2046 832/2042 831/2041
f 831/2041 1070/2044 940/2047 942/2045
f 832/2048 833/2049 943/2050 944/2051
f 833/2052 945/2053 946/2054 943/2055
f 833/2052 938/2019 939/2056 829/2057
f 833/2052 829/2057 941/2058 945/2053
f 832/2035 947/2059 836/2060 941/2036
f 833/2052 942/2061 934/2011 938/2019
f 834/2062 916/2063 835/2064 838/2065
f 835/2064 839/2066 837/2067 838/2065
f 835/2068 921/2069 837/2070 839/2071
f 835/2072 948/2073 949/2074 921/1980
f 835/2075 916/2076 915/2077 948/2078
f 836/2079 950/2080 951/2081 952/2082
f 836/2083 952/2084 945/2085 941/2086
f 836/2087 953/2088 954/2089 950/2090
f 836/2091 955/2092 956/2093 953/2094
f 836/2091 947/2095 957/2096 955/2092
f 839/2097 959/2098 844/2099 960/2100
f 840/2101 848/2102 883/2103 885/2104
f 840/2105 885/2106 841/2107 962/2108
f 840/2109 962/2110 963/2111 964/2112
f 841/2113 965/2114 865/2115 962/2116
f 841/2117 885/1895 882/1891 965/2118
f 842/2119 966/2120 967/2121 968/2122
f 842/2123 969/2124 970/2125 966/2126
f 842/2119 968/2122 843/2127 969/2128
f 843/2129 968/2130 971/2131 972/2132
f 844/2133 972/2134 865/1899 886/1898
f 844/2135 886/2136 889/2137 969/2124
f 844/2138 973/2139 974/2140 975/2141
f 845/2142 846/2143 976/2144 977/2145
f 845/2146 978/2147 979/2148 846/2149
f 847/2150 978/2151 980/2152 981/2153
f 847/2154 884/2155 979/2156 978/2157
f 847/2150 981/2153 889/2137 888/2158
f 848/2159 979/2160 884/2161 883/2162
f 848/2159 840/2163 964/2164 982/2165
f 1066/2166 983/2167 956/2093 1068/2168
f 849/2169 984/2170 954/2171 866/2172
f 849/2173 866/2174 985/2175 983/2176
f 849/2173 983/2176 1066/2177 984/2178
f 1067/2179 1069/2180 986/2181 987/2182
f 1067/2183 987/2184 988/2185 852/2186
f 1067/2187 852/2188 989/2189 1069/2190
f 1068/2168 956/2093 955/2092 990/2191
f 1068/2192 990/2193 991/2194 992/2195
f 1068/2192 992/2195 984/2196 1066/2197
f 1069/2198 989/2199 993/2200 986/2201
f 850/2202 989/2203 852/2204 988/2205
f 850/2202 994/2206 993/2207 989/2203
f 850/2208 988/2209 995/2210 994/2211
f 851/2212 996/2213 997/2214 998/2215
f 851/2216 998/2217 999/2218 1000/2219
f 851/2220 1000/2221 1001/2222 996/2223
f 853/2224 963/2225 972/2226 971/2227
f 853/2224 971/2227 1002/2228 1003/2229
f 853/2224 1003/2229 964/2164 963/2225
f 1004/2230 1005/2231 858/2232 857/2233
f 1004/2234 857/2235 1006/2236 1007/2237
f 854/2238 1001/2239 1000/2240 1008/2241
f 854/2242 1002/2243 967/2244 1001/2245
f 854/2238 1008/2241 1003/2229 1002/2228
f 855/2246 1009/2247 1010/2248 1011/2249
f 855/2250 1011/2251 1012/2252 1013/2253
f 856/2254 1014/2255 1015/2256 1016/2257
f 856/2254 1016/2257 1017/2258 1018/2259
f 856/2254 1018/2259 1019/2260 1014/2255
f 857/2261 858/2262 1020/2263 1006/2264
f 1021/2265 1022/2266 1023/2267 858/2268
f 859/2269 861/2270 1024/2271 1021/2272
f 860/2273 1025/2274 1026/2275 1027/2276
f 860/2277 1028/2278 1029/2279 1025/2280
f 860/2281 1027/2282 1020/2283 1028/2284
f 859/2285 1027/2286 1026/2287 1030/2288
f 1030/2289 1026/2290 1031/2291 1009/2292
f 861/2293 859/2294 1032/2295 1033/2296
f 859/2285 1006/2264 1020/2263 1027/2286
f 862/2297 1019/2260 1018/2259 1031/2298
f 862/2297 1025/2299 1029/2300 1019/2260
f 862/2301 1031/2302 1026/2303 1025/2304
f 863/2305 876/2306 1034/2307 1035/2308
f 863/2309 1035/2310 871/2311 870/2312
f 864/2313 1036/2314 872/2315 869/2316
f 864/1871 869/1854 868/1853 1037/2317
f 864/1871 874/1870 875/2318 1036/2319
f 864/1871 1037/2317 1034/2320 876/1872
f 865/2321 972/2226 963/2225 962/2322
f 865/1899 965/2323 881/1908 887/1900
f 1037/2317 1038/2324 1039/2325 1034/2320
f 1037/2317 868/1853 1040/2326 1038/2324
f 1040/2327 922/2328 949/2074 1038/2329
f 1040/2330 868/2331 867/2332 1041/2333
f 1040/2330 1041/2333 917/1983 922/1982
f 1041/2334 867/2335 871/2336 1042/2337
f 1041/2334 1042/2337 914/2338 917/2339
f 1042/2340 871/2341 1035/2342 1043/2343
f 1042/2337 1043/2344 915/2345 914/2338
f 1043/2346 1035/2308 1034/2307 1039/2347
f 1043/2346 1039/2347 948/2078 915/2077
f 1039/2348 1038/2329 949/2074 948/2073
f 1036/2349 875/2350 973/2351 1044/2352
f 1036/2353 1044/2354 1045/2355 872/2356
f 1045/2355 1044/2354 959/2357 1046/2358
f 1045/2359 1046/2360 975/2361 974/2362
f 1045/2363 974/2364 873/1862 872/1861
f 1046/2365 959/2366 839/2367 958/2368
f 1046/2360 958/2369 961/2370 975/2361
f 1044/2371 973/2372 844/2099 959/2098
f 1032/2295 859/2294 1005/2373 1047/2374
f 1032/2295 1047/2374 1048/2375 1049/2376
f 1048/2375 986/2201 993/2200 1049/2376
f 1048/2377 1047/2378 1050/2379 1051/2380
f 1048/2381 1051/2382 987/2182 986/2181
f 1051/2383 1050/2384 1052/2385 995/2210
f 1051/2383 995/2210 988/2209 987/2386
f 1050/2379 1047/2378 1005/2387 1004/2388
f 1050/2384 1004/2389 1007/2390 1052/2385
f 1049/2391 993/2392 994/2393 1053/2394
f 1031/2395 1018/2396 1017/2397 1009/2247
f 1029/2398 1054/2399 1014/2400 1019/2401
f 1029/2402 1028/2403 1023/2267 1054/2404
f 1054/2405 1055/2406 1015/2407 1014/2408
f 1054/2404 1023/2267 1022/2266 1055/2409
f 1055/2406 944/2051 943/2050 1015/2407
f 1055/2409 1022/2266 1056/2410 944/2411
f 1056/2410 947/2059 832/2035 944/2411
f 1056/2412 1022/2413 1021/2414 1057/2415
f 1056/2412 1057/2415 957/2096 947/2095
f 1057/2415 1013/2416 1012/2417 957/2096
f 1028/2418 1020/2263 858/2262 1023/2419
f 1017/2397 1058/2420 1010/2248 1009/2247
f 1017/2397 1016/2421 946/2054 1058/2420
f 1058/2420 952/2082 951/2081 1010/2248
f 1058/2420 946/2054 945/2053 952/2082
f 1016/2422 1015/2423 943/2424 946/2425
f 1012/2417 990/2191 955/2092 957/2096
f 1012/2426 1011/2427 991/2194 990/2193
f 1011/2249 1010/2248 951/2081 991/2428
f 1052/2429 1007/2430 1059/2431 1053/2432
f 1052/2385 1053/2433 994/2211 995/2210
f 1059/2434 1007/2435 1006/2436 859/2437
f 1059/2438 859/2439 855/2440 1013/2441
f 1008/2241 982/2165 964/2164 1003/2229
f 1008/2241 1000/2240 999/2442 982/2165
f 1002/2443 971/2444 968/2445 967/2446
f 1001/2447 967/2121 966/2120 996/2448
f 999/2442 976/2449 848/2159 982/2165
f 999/2218 998/2217 977/2450 976/2451
f 998/2215 997/2214 980/2152 977/2452
f 997/2214 996/2213 966/2126 970/2125
f 997/2214 970/2125 981/2153 980/2152
f 992/2453 991/2428 951/2081 950/2080
f 992/2453 950/2080 954/2171 984/2170
f 985/2454 866/2455 954/2089 953/2088
f 985/2456 953/2094 956/2093 983/2167
f 848/2159 976/2449 846/2457 979/2160
f 847/2458 877/1884 880/1883 884/1894
f 847/2459 888/2460 878/1879 877/1878
f 981/2153 970/2125 969/2124 889/2137
f 980/2152 978/2151 845/2461 977/2452
f 974/2140 973/2139 875/1867 873/1866
f 965/2118 882/1891 879/1888 881/1887
f 961/2462 960/2463 843/2464 975/2465
f 949/2074 922/2328 920/1981 921/1980
f 942/2061 1060/2466 935/2012 934/2011
f 942/2467 940/2468 924/2469 1060/2470
f 1060/2471 933/2008 932/2007 935/2472
f 1060/2473 924/1986 923/1985 933/2474
f 939/2475 938/2476 937/2477 1061/2478
f 939/2479 1061/2480 926/1989 925/1988
f 1061/2481 937/2482 931/2000 929/1999
f 1061/2480 929/1993 927/1990 926/1989
f 933/2474 923/1985 927/1990 928/1992
f 1071/2483 919/2484 912/2485 1062/2486
f 1071/2483 1062/2486 894/2487 918/2488
f 1062/2486 912/2485 899/1924 898/1923
f 1062/2486 898/1923 890/2489 894/2487
f 919/2490 818/2491 901/2492 1063/2493
f 919/2494 1063/2495 913/1954 912/1953
f 1063/2496 901/2497 900/2498 909/2499
f 1063/2495 909/1948 910/1947 913/1954
f 911/2500 910/2501 906/2502 908/2503
f 911/2500 908/2503 897/2504 896/2505
f 908/2506 907/2507 1064/2508 897/2509
f 1064/2510 892/1912 891/1911 897/2511
f 1064/2510 907/1942 904/1931 903/1930
f 1064/2510 903/1930 895/1915 892/1912
f 858/2512 1005/2513 859/2514 1021/2515
f 855/2440 859/2439 1030/2289 1009/2292
f 839/2516 960/2517 961/2518 958/2519
f 960/2520 844/2521 975/2522 843/2523
f 972/2134 844/2133 969/2524 843/2525
f 1024/2526 861/2527 1033/2528
f 1059/2529 1013/2530 1024/2531
f 1013/2416 1057/2415 1021/2414 1024/2532
f 1033/2533 1032/2534 1053/2535 1059/2536
f 1032/2537 1049/2391 1053/2394
f 817/1955 916/1958 834/2538 838/1959
f 1072/2539 1086/2540 1087/2541 1084/2542
f 1072/2543 1088/2544 1089/2545 1086/2546
f 1073/2547 1090/2548 1086/2549 1089/2550
f 1073/2551 1089/2552 1091/2553 1092/2554
f 1073/2551 1092/2554 1093/2555 1090/2556
f 1074/2557 1087/2541 1094/2558 1075/2559
f 1074/2557 1075/2559 1095/2560 1096/2561
f 1074/2557 1096/2561 1084/2542 1087/2541
f 1075/2559 1097/2562 1098/2563 1095/2560
f 1075/2559 1094/2558 1076/2564 1099/2565
f 1075/2559 1099/2565 1100/2566 1097/2562
f 1076/2567 1094/2568 1090/2569 1093/2570
f 1076/2567 1093/2570 1079/2571 1099/2572
f 1077/2573 1101/2574 1102/2575 1103/2576
f 1077/2573 1097/2562 1100/2566 1101/2574
f 1077/2573 1103/2576 1098/2563 1097/2562
f 1078/2577 1104/2578 1102/2575 1105/2579
f 1078/2577 1106/2580 1107/2581 1104/2578
f 1078/2577 1105/2579 1108/2582 1106/2580
f 1079/2583 1109/2584 1082/2585 1110/2586
f 1079/2587 1111/2588 1081/2589 1109/2590
f 1079/2591 1112/2592 1113/2593 1111/2594
f 1079/2571 1110/2595 1100/2596 1099/2572
f 1079/2591 1093/2555 1092/2554 1112/2592
f 1080/2597 1114/2598 1115/2599 1116/2600
f 1080/2601 1116/2602 1117/2603 1118/2604
f 1080/2597 1118/2605 1119/2606 1114/2598
f 1081/2607 1111/2594 1117/2603 1120/2608
f 1081/2609 1120/2610 1121/2611 1109/2612
f 1082/2613 1109/2614 1121/2615 1122/2616
f 1082/2585 1122/2617 1123/2618 1110/2586
f 1083/2619 1116/2620 1115/2621 1124/2622
f 1083/2623 1120/2608 1117/2603 1116/2602
f 1083/2619 1124/2622 1121/2624 1120/2625
f 1124/2626 1108/2627 1122/2616 1121/2615
f 1124/2628 1115/2629 1106/2630 1108/2631
f 1123/2618 1101/2574 1100/2566 1110/2586
f 1123/2618 1122/2617 1108/2582 1105/2579
f 1123/2618 1105/2579 1102/2575 1101/2574
f 1119/2632 1118/2604 1113/2593 1125/2633
f 1119/2634 1125/2635 1126/2636 1127/2637
f 1119/2606 1127/2638 1107/2639 1114/2598
f 1127/2640 1126/2641 1128/2642 1129/2643
f 1127/2644 1129/2645 1104/2578 1107/2581
f 1129/2645 1128/2646 1098/2563 1103/2576
f 1129/2645 1103/2576 1102/2575 1104/2578
f 1128/2647 1126/2636 1130/2648 1131/2649
f 1128/2646 1131/2650 1095/2560 1098/2563
f 1131/2649 1130/2648 1132/2651 1133/2652
f 1131/2650 1133/2653 1096/2561 1095/2560
f 1133/2652 1132/2651 1088/2654 1085/2655
f 1133/2653 1085/2656 1084/2542 1096/2561
f 1132/2651 1091/2657 1089/2658 1088/2654
f 1132/2659 1130/2660 1134/2661 1091/2553
f 1134/2661 1112/2592 1092/2554 1091/2553
f 1134/2662 1130/2648 1126/2636 1125/2635
f 1134/2661 1125/2633 1113/2593 1112/2592
f 1118/2604 1117/2603 1111/2594 1113/2593
f 1115/2663 1114/2664 1107/2665 1106/2666
f 1094/2568 1087/2667 1086/2668 1090/2569
f 1072/2669 1084/2670 1085/2671 1088/2672
f 1135/2673 1667/2674 1177/2675 1137/2676
f 1135/2677 1136/2678 1668/2679 1667/2680
f 1136/2681 1669/2682 1174/2683 1668/2684
f 1137/2685 1177/2686 1174/2687 1669/2688
f 1138/2689 1670/2690 1671/2691 1140/2692
f 1138/2693 1140/2694 1143/2695 1139/2696
f 1138/2697 1139/2698 1172/2699 1670/2700
f 1171/2701 1672/2702 1673/2703 1172/2704
f 1139/2705 1143/2706 1171/2707 1172/2708
f 1140/2709 1671/2710 1171/2711 1143/2712
f 1141/2713 1674/2714 1675/2715 1676/2716
f 1141/2713 1676/2716 1677/2717 1678/2718
f 1141/2719 1678/2720 1679/2721 1674/2722
f 1142/2723 1680/2724 1681/2725 1682/2726
f 1142/2727 1683/2728 1684/2729 1680/2730
f 1142/2731 1685/2732 1686/2733 1683/2734
f 1142/2735 1687/2736 1688/2737 1685/2738
f 1142/2739 1682/2740 1689/2741 1687/2742
f 1144/2743 1690/2744 1160/2745 1691/2746
f 1144/2747 1691/2748 1692/2749 1693/2750
f 1144/2751 1693/2752 1694/2753 1675/2754
f 1145/2755 1674/2756 1679/2757 1695/2758
f 1145/2759 1144/2751 1675/2754 1674/2760
f 1145/2761 1695/2762 1690/2763 1144/2764
f 1146/2765 1696/2766 1697/2767 1698/2768
f 1146/2765 1698/2768 1699/2769 1700/2770
f 1146/2765 1700/2770 1701/2771 1696/2766
f 1701/2772 1628/2773 1692/2774 1696/2775
f 1147/2776 1702/2777 1148/2778 1703/2779
f 1147/2780 1704/2781 1705/2782 1702/2783
f 1147/2784 1703/2785 1153/2786 1704/2787
f 1148/2788 1702/2789 1706/2790 1152/2791
f 1148/2792 1152/2793 1151/2794 1703/2795
f 1149/2796 1707/2797 1150/2798 1154/2799
f 1149/2796 1158/2800 1708/2801 1707/2797
f 1149/2802 1154/2803 1709/2804 1710/2805
f 1149/2806 1710/2807 1155/2808 1159/2809
f 1150/2798 1707/2797 1711/2810 1706/2811
f 1150/2798 1706/2811 1702/2812 1705/2813
f 1151/2814 1153/2815 1703/2816
f 1151/2817 1152/2818 1712/2819 1153/2820
f 1152/2818 1713/2821 1714/2822 1712/2819
f 1152/2823 1706/2811 1711/2810 1713/2824
f 1153/2786 1166/2825 1709/2826 1704/2787
f 1154/2827 1705/2828 1704/2829 1709/2830
f 1155/2831 1158/2832 1157/2833 1159/2834
f 1155/2835 1710/2836 1167/2837 1715/2838
f 1155/2839 1715/2840 1716/2841 1717/2842
f 1156/2843 1718/2844 1719/2845 1720/2846
f 1156/2847 1720/2848 1721/2849 1629/2850
f 1156/2851 1629/2852 1722/2853 1718/2854
f 1724/2855 1160/2856 1690/2763 1159/2857
f 1157/2858 1723/2859 1724/2860 1159/2861
f 1158/2800 1725/2862 1726/2863 1708/2801
f 1149/2864 1159/2857 1690/2763 1695/2762
f 1160/2856 1724/2855 1161/2865 1727/2866
f 1160/2867 1728/2868 1697/2869 1691/2870
f 1160/2867 1727/2871 1729/2872 1728/2868
f 1161/2873 1724/2874 1678/2875 1677/2876
f 1161/2873 1677/2876 1730/2877 1727/2878
f 1162/2879 1726/2863 1725/2862 1731/2880
f 1162/2879 1732/2881 1733/2882 1726/2863
f 1162/2879 1731/2880 1734/2883 1732/2881
f 1163/2884 1735/2885 1736/2886 1737/2887
f 1163/2884 1737/2887 1738/2888 1739/2889
f 1163/2884 1739/2889 1740/2890 1735/2885
f 1164/2891 1741/2892 1612/2893 1742/2894
f 1164/2895 1165/2896 1743/2897 1741/2898
f 1164/2899 1742/2900 1744/2901 1165/2902
f 1165/2902 1744/2901 1745/2903 1743/2904
f 1166/2905 1153/2906 1712/2907 1738/2908
f 1166/2825 1167/2909 1710/2910 1709/2826
f 1166/2825 1738/2888 1737/2887 1746/2911
f 1166/2825 1746/2911 1715/2840 1167/2909
f 1168/2912 1747/2913 1748/2914 1749/2915
f 1168/2912 1716/2841 1750/2916 1747/2913
f 1168/2912 1749/2915 1717/2842 1716/2841
f 1169/2917 1751/2918 1736/2886 1735/2885
f 1169/2917 1735/2885 1740/2890 1752/2919
f 1169/2917 1752/2919 1753/2920 1751/2918
f 1170/2921 1754/2922 1733/2882 1732/2881
f 1170/2921 1755/2923 1756/2924 1754/2922
f 1170/2921 1732/2881 1734/2883 1755/2923
f 1171/2925 1757/2926 1758/2927 1672/2928
f 1171/2711 1759/2929 1760/2930 1757/2931
f 1171/2711 1671/2710 1761/2932 1759/2929
f 1172/2933 1762/2934 1763/2935 1670/2936
f 1172/2937 1764/2938 1765/2939 1762/2940
f 1173/2941 1764/2942 1766/2943 1767/2944
f 1173/2945 1768/2946 1765/2947 1764/2948
f 1173/2949 1769/2950 1770/2951 1768/2952
f 1174/2953 1177/2954 1333/2955 1771/2956
f 1174/2957 1771/2958 1772/2959 1773/2960
f 1174/2961 1773/2962 1774/2963 1342/2964
f 1175/2965 1775/2966 1341/2967 1776/2968
f 1175/2969 1342/2970 1774/2971 1775/2972
f 1175/2973 1776/2974 1777/2975 1335/2976
f 1174/2683 1778/2977 1176/2978 1668/2684
f 1174/2979 1335/2980 1334/2981 1778/2982
f 1176/2983 1778/2984 1779/2985 1780/2986
f 1176/2987 1780/2988 1781/2989 1782/2990
f 1176/2991 1782/2992 1783/2993 1784/2994
f 1176/2991 1784/2994 1667/2680 1668/2679
f 1177/2954 1785/2995 1786/2996 1333/2955
f 1177/2997 1667/2998 1784/2999 1785/3000
f 1178/3001 1790/3002 1180/3003 1791/3004
f 1178/3005 1791/3006 1792/3007 1793/3008
f 1178/3009 1793/3010 1794/3011 1790/3012
f 1179/3013 1794/3011 1793/3010 1795/3014
f 1179/3013 1796/3015 1797/3016 1794/3011
f 1179/3013 1795/3014 1798/3017 1796/3015
f 1180/3018 1799/3019 1800/3020 1791/3021
f 1180/3003 1790/3002 1801/3022 1799/3023
f 1181/3024 1802/3025 1803/3026 1804/3027
f 1181/3028 1805/3029 1806/3030 1807/3031
f 1181/3032 1808/3033 1182/3034 1805/3035
f 1181/3032 1804/3036 1809/3037 1808/3033
f 1182/3038 1799/3039 1801/3040 1802/3041
f 1182/3042 1810/3043 1183/3044 1184/3045
f 1182/3046 1184/3047 1811/3048 1186/3049
f 1182/3042 1802/3050 1181/3051 1810/3043
f 1182/3052 1808/3053 1800/3054 1799/3055
f 1182/3046 1186/3049 1812/3056 1805/3057
f 3145/3058 3146/3059 1201/3060 1813/3061
f 1183/3062 1814/3063 1811/3064 1184/3065
f 3146/3066 3145/3067 1188/3068 1788/3069
f 3146/3070 1815/3071 1185/3072 1201/3073
f 1183/3074 1810/3075 1187/3076 1814/3077
f 1185/3078 1815/3079 1816/3080 1202/3081
f 1185/3082 1202/3083 1813/3084 1201/3085
f 1186/3086 1817/3087 1818/3088 1187/3089
f 1186/3086 1811/3090 1819/3091 1817/3087
f 1187/3076 1818/3092 1820/3093 1814/3077
f 1188/3094 3145/3095 1813/3096 1821/3097
f 1188/3098 1821/3099 1789/3100 1788/3101
f 1189/3102 1816/3080 1815/3079 1787/3103
f 1189/3104 1789/3105 1821/3106 1816/3107
f 1198/3108 1822/3109 1823/3110 1783/3111
f 1190/3112 1824/3113 1825/3114 1826/3115
f 1190/3116 1826/3117 1827/3118 1828/3119
f 1190/3120 1829/3121 1830/3122 1824/3123
f 1190/3124 1831/3125 1832/3126 1829/3127
f 1190/3116 1828/3119 1833/3128 1831/3129
f 1191/3130 1834/3131 1192/3132 1835/3133
f 1191/3134 1836/3135 1837/3136 1834/3137
f 1191/3138 1835/3139 1838/3140 1836/3141
f 1192/3142 1839/3143 1840/3144 1835/3145
f 1192/3146 1834/3147 1841/3148 1839/3149
f 1193/3150 1842/3151 1843/3152 1844/3153
f 1193/3150 1845/3154 1846/3155 1847/3156
f 1193/3150 1844/3153 1433/3157 1845/3154
f 1193/3158 1847/3159 1848/3160 1199/3161
f 1193/3162 1199/3163 1849/3164 1830/3165
f 1194/3166 1850/3167 1851/3168 1846/3169
f 1781/3170 1195/3171 1850/3167 1194/3166
f 1194/3166 1846/3169 1852/3172 1781/3170
f 1195/3173 1853/3174 1760/3175 1850/3176
f 1195/3177 1823/3178 1822/3179 1853/3180
f 1196/3181 1854/3182 1852/3183 1435/3184
f 1197/3185 1232/3186 1855/3187 1856/3188
f 1197/3189 1857/3190 1858/3191 1232/3192
f 1197/3193 1856/3194 1200/3195 1859/3196
f 1197/3197 1859/3198 1860/3199 1861/3200
f 1198/3201 1854/3202 1196/3203 1861/3200
f 1198/3204 1783/3205 1782/3206 1854/3207
f 1198/3201 1861/3200 1860/3199 1862/3208
f 1199/3209 1859/3196 1200/3195 1863/3210
f 1199/3211 1848/3212 1860/3213 1859/3214
f 1200/3195 1856/3194 1864/3215 1865/3216
f 1200/3217 1865/3218 1866/3219 1843/3220
f 1200/3217 1843/3220 1842/3221 1863/3222
f 1202/3223 1816/3107 1821/3106 1813/3224
f 1203/3225 1867/3226 1868/3227 1869/3228
f 1203/3229 1869/3230 1870/3231 1871/3232
f 1203/3233 1872/3234 1873/3235 1204/3236
f 1203/3237 1871/3238 1874/3239 1872/3240
f 1204/3241 1875/3242 1876/3243 1877/3244
f 1205/3245 1877/3244 1876/3243 1878/3246
f 1205/3247 1878/3248 1879/3249 1880/3250
f 1204/3251 1881/3252 1882/3253 1883/3254
f 1206/3255 1207/3256 1884/3257 1885/3258
f 1206/3259 1885/3260 1886/3261 1208/3262
f 1206/3259 1208/3262 1887/3263 1207/3264
f 1207/3265 1888/3266 1889/3267 1890/3268
f 1207/3256 1890/3269 1891/3270 1884/3257
f 1208/3271 1892/3272 1893/3273 1894/3274
f 1208/3271 1894/3274 1895/3275 1887/3276
f 1209/3277 1896/3278 1897/3279 1229/3280
f 1209/3281 1898/3282 1224/3283 1899/3284
f 1209/3285 1899/3286 1900/3287 1223/3288
f 1209/3277 1223/3289 1901/3290 1896/3278
f 1210/3291 1211/3292 1213/3293 1902/3294
f 1210/3295 1903/3296 1215/3297 1211/3298
f 1210/3299 1902/3300 1885/3258 1884/3257
f 1210/3301 1884/3302 1891/3303 1904/3304
f 1211/3305 1905/3306 1906/3307 1907/3308
f 1211/3309 1215/3310 1908/3311 1905/3312
f 1212/3313 1886/3314 1214/3315 1909/3316
f 1212/3317 1892/3318 1208/3319 1886/3320
f 1212/3321 1909/3322 1907/3308 1892/3272
f 1213/3293 1909/3323 1214/3324 1902/3294
f 1213/3325 1211/3305 1907/3308 1909/3322
f 1214/3326 1886/3327 1885/3258 1902/3300
f 1912/3328 1911/3329 1910/3330 1216/3331
f 1216/3332 1910/3333 1215/3334 1222/3335
f 1216/3336 1222/3337 1913/3338 1912/3339
f 1217/3340 1218/3341 1798/3342 1914/3343
f 1217/3344 1915/3345 1916/3346 1218/3347
f 1217/3348 1914/3349 1917/3350 1915/3351
f 1218/3352 1916/3353 1796/3015 1798/3017
f 1219/3354 1918/3355 1809/3037 1917/3350
f 1219/3354 1919/3356 1792/3357 1918/3355
f 1219/3354 1917/3350 1914/3349 1919/3356
f 1205/3247 1880/3250 1920/3358 1921/3359
f 1205/3247 1921/3359 1922/3360 1923/3361
f 1205/3247 1923/3361 1924/3362 1925/3363
f 1220/3364 1926/3365 1927/3366 1928/3367
f 1220/3364 1929/3368 1930/3369 1926/3365
f 1221/3370 1931/3371 1930/3372 1929/3373
f 1221/3370 1928/3374 1927/3375 1931/3371
f 1222/3376 1223/3377 1900/3378 1932/3379
f 1222/3376 1215/3380 1903/3381 1223/3377
f 1223/3377 1903/3381 1933/3382 1901/3383
f 1224/3384 1898/3385 1934/3386 1432/3387
f 1209/3281 1225/3388 1935/3389 1898/3282
f 1209/3390 1229/3391 1936/3392 1225/3393
f 1225/3393 1936/3392 1227/3394 1935/3395
f 1226/3396 1229/3397 1937/3398 1938/3399
f 1226/3400 1432/3401 1934/3402 1939/3403
f 1226/3404 1431/3405 1940/3406 1432/3407
f 1226/3408 1939/3409 1936/3410 1229/3411
f 1227/3412 1936/3410 1939/3409 1941/3413
f 1228/3414 1934/3386 1898/3385 1935/3415
f 1228/3416 1941/3417 1939/3403 1934/3402
f 1229/3418 1897/3419 1942/3420 1937/3421
f 1231/3422 1943/3423 1944/3424 1232/3425
f 1230/3426 1231/3427 1232/3428 1858/3429
f 1230/3430 1945/3431 1946/3432 1439/3433
f 1230/3434 1947/3435 1943/3423 1231/3422
f 1230/3430 1439/3433 1948/3436 1947/3437
f 1233/3438 1949/3439 1950/3440 1951/3441
f 1233/3438 1951/3441 1952/3442 1953/3443
f 1953/3444 1954/3445 1955/3446 1956/3447
f 1233/3438 1953/3443 1956/3448 1949/3439
f 1234/3449 1957/3450 1958/3451 1959/3452
f 1234/3449 1960/3453 1961/3454 1957/3450
f 1234/3449 1959/3452 1962/3455 1960/3453
f 1235/3456 1957/3457 1961/3458 1963/3459
f 1235/3460 1963/3461 1964/3462 1965/3463
f 1235/3460 1965/3463 1958/3451 1957/3450
f 1236/3464 1966/3465 1967/3466 1968/3467
f 1236/3468 1970/3469 1971/3470 1966/3471
f 1236/3472 1972/3473 1973/3474 1974/3475
f 1236/3476 1975/3477 1976/3478 1972/3479
f 1236/3472 1974/3475 1338/3480 1970/3481
f 1237/3482 1950/3440 1949/3439 1977/3483
f 1237/3482 1961/3484 1960/3485 1950/3440
f 1237/3486 1977/3487 1963/3488 1961/3489
f 1238/3490 1239/3491 1978/3492 1428/3493
f 1238/3490 1979/3494 1980/3495 1981/3496
f 1238/3490 1981/3496 1982/3497 1239/3491
f 1238/3490 1428/3493 1983/3498 1984/3499
f 1248/3500 1250/3501 1979/3502 1238/3503
f 1985/3504 1986/3505 1250/3506 1248/3507
f 1238/3508 1984/3509 1985/3504 1248/3507
f 1239/3510 1987/3511 1988/3512 1978/3513
f 1239/3514 1989/3515 1990/3516 1987/3517
f 1240/3518 1991/3519 1992/3520 1993/3521
f 1240/3522 1980/3495 1994/3523 1991/3524
f 1240/3522 1993/3525 1981/3496 1980/3495
f 1239/3526 1245/3527 1995/3528 1989/3529
f 1239/3530 1982/3531 1244/3532 1245/3533
f 1241/3534 1996/3535 1997/3536 1256/3537
f 1241/3538 1998/3539 1999/3540 1996/3541
f 1241/3542 1256/3543 2000/3544 1998/3545
f 1242/3546 1998/3545 2000/3544 1243/3547
f 1242/3548 1243/3549 2001/3550 2002/3551
f 1242/3552 2002/3553 1999/3540 1998/3539
f 1243/3554 2000/3555 2003/3556 2001/3557
f 1244/3558 2004/3559 2005/3560 1245/3561
f 1244/3562 1982/3563 2006/3564 2004/3565
f 1245/3566 1986/3567 2007/3568 1995/3569
f 1245/3570 2005/3571 1250/3572 1986/3573
f 1246/3574 2008/3575 2009/3576 1255/3577
f 1246/3578 1255/3579 2010/3580 2011/3581
f 1246/3582 2011/3583 1247/3584 2008/3585
f 1247/3586 2012/3587 2013/3588 2008/3575
f 1247/3589 2011/3590 2014/3591 2012/3592
f 1249/3593 2016/3594 2017/3595 1422/3596
f 1249/3597 1984/3499 1983/3498 2016/3598
f 1251/3599 2019/3600 1252/3601 2021/3602
f 1252/3601 2019/3600 2001/3557 2003/3556
f 1252/3601 2003/3556 1997/3603 2021/3602
f 1253/3604 2022/3605 1251/3606 2021/3607
f 1253/3608 1996/3541 1999/3540 2022/3609
f 1253/3610 2021/3611 1997/3536 1996/3535
f 1254/3612 2009/3613 2023/3614 1293/3615
f 1254/3616 1293/3617 2024/3618 2010/3580
f 1254/3619 2010/3620 1255/3621 2009/3622
f 1256/3623 1997/3603 2003/3556 2000/3555
f 1257/3624 2025/3625 2026/3626 2027/3627
f 1257/3628 2027/3629 2028/3630 2029/3631
f 1257/3628 2029/3631 1259/3632 2025/3633
f 1258/3634 2030/3635 2031/3636 2032/3637
f 1258/3638 2029/3639 2028/3640 2030/3641
f 1258/3638 2032/3642 1259/3643 2029/3639
f 1259/3644 2032/3645 1283/3646 2025/3647
f 1260/3648 2033/3649 2034/3650 1266/3651
f 1260/3652 1266/3653 2035/3654 1279/3655
f 1260/3656 1279/3657 2036/3658 2033/3659
f 1261/3660 2037/3661 2038/3662 1262/3663
f 1261/3664 1265/3665 2039/3666 2037/3667
f 1261/3668 1262/3669 1264/3670 1265/3671
f 1262/3672 2038/3673 2040/3674 1264/3675
f 1263/3676 2041/3677 2042/3678 2043/3679
f 1263/3680 2044/3681 2034/3682 2041/3683
f 1263/3684 2043/3685 2045/3686 1952/3687
f 1264/3688 2046/3689 2047/3690 1265/3691
f 1264/3692 2040/3693 2048/3694 2044/3695
f 1264/3692 2044/3695 1263/3696 2046/3697
f 1265/3698 2035/3654 1266/3653 2039/3699
f 1265/3700 2047/3701 2049/3702 2035/3703
f 1266/3704 2048/3705 2028/3630 2027/3629
f 1266/3706 2027/3627 2026/3626 2039/3707
f 1266/3704 2034/3682 2044/3681 2048/3705
f 1267/3708 2050/3709 2051/3710 1268/3711
f 1267/3708 2052/3712 2053/3713 2050/3709
f 1267/3714 1268/3715 2054/3716 2052/3717
f 1268/3718 2055/3719 2056/3720 2057/3721
f 1268/3722 2057/3723 2058/3724 1269/3725
f 1268/3726 2051/3727 2059/3728 1289/3729
f 1268/3730 1269/3731 2055/3732 1285/3733
f 1268/3715 1286/3734 1284/3735 2054/3716
f 1269/3736 1274/3737 2056/3738 2055/3739
f 1269/3740 2058/3741 1274/3742 2060/3743
f 1270/3744 1271/3745 2061/3746 1311/3747
f 1270/3748 1311/3749 2062/3750 2063/3751
f 1270/3748 2063/3751 1272/3752 1271/3753
f 3147/3754 2060/3755 2064/3756 3151/3757
f 3147/3758 3151/3759 2065/3760 2066/3761
f 1271/3762 1272/3763 1288/3764 2061/3765
f 1272/3766 2063/3767 2067/3768 1288/3769
f 1273/3770 2069/3771 2070/3772 1275/3773
f 3150/3774 3148/3775 2071/3776 2072/3777
f 1274/3742 2058/3741 2073/3778 1275/3779
f 1274/3737 1275/3773 2070/3772 2056/3738
f 1275/3779 2073/3778 1276/3780 2068/3781
f 1276/3782 2073/3783 2074/3784 1277/3785
f 1276/3786 1277/3787 2069/3788 2068/3789
f 1278/3790 1975/3791 1969/3792 2075/3793
f 1278/3794 1454/3795 2076/3796 2077/3797
f 1278/3794 2077/3797 1976/3798 1975/3799
f 1278/3790 2075/3793 2078/3800 2079/3801
f 1278/3802 2079/3803 2080/3804 1454/3805
f 1279/3806 2081/3807 1280/3808 2082/3809
f 1279/3810 1281/3811 1280/3812 2036/3813
f 1280/3814 2081/3815 1964/3816 2083/3817
f 1280/3808 2084/3818 2085/3819 2082/3809
f 1281/3820 1279/3821 2086/3822 2087/3823
f 1281/3820 2087/3823 2088/3824 2089/3825
f 3151/3826 2090/3827 2091/3828 1328/3829
f 1282/3830 2092/3831 2093/3832 2094/3833
f 1282/3834 2094/3835 2091/3836 2095/3837
f 1282/3838 2095/3839 2096/3840 2092/3841
f 1283/3842 2032/3637 2031/3636 2097/3843
f 1283/3844 2097/3845 2026/3846 2025/3847
f 1284/3848 2086/3849 2098/3850 2096/3851
f 1284/3852 1286/3853 2087/3823 2086/3822
f 1284/3852 2096/3854 2095/3855 1287/3856
f 1284/3852 1287/3856 2090/3827 2099/3857
f 1285/3858 2055/3859 1268/3726 2100/3860
f 1285/3861 2100/3862 2052/3863 2054/3864
f 1287/3856 2095/3855 2091/3828 2090/3827
f 1284/3852 2099/3857 2088/3824 2087/3823
f 1288/3865 2067/3866 1327/3867 2061/3868
f 1268/3726 1289/3729 2101/3869 2100/3860
f 1289/3729 2059/3728 2045/3870 2101/3869
f 1290/3871 2102/3872 2103/3873 1291/3874
f 1290/3875 1291/3876 2104/3877 2105/3878
f 1290/3879 2105/3880 2106/3881 2102/3882
f 1263/3883 1952/3884 1951/3885 1962/3886
f 1263/3887 1962/3888 1959/3889 2046/3890
f 1291/3891 2103/3892 2107/3893 2104/3894
f 1292/3895 2108/3896 1296/3897 1295/3898
f 1294/3899 2105/3900 2104/3901 2108/3902
f 1292/3903 2109/3904 1294/3905 2108/3906
f 1292/3895 2014/3907 2024/3908 2109/3909
f 1293/3910 2023/3911 2109/3912 2024/3913
f 1294/3914 1295/3915 2110/3916 2111/3917
f 1294/3918 2111/3919 2106/3881 2105/3880
f 1295/3920 1294/3921 2013/3588 2012/3587
f 1295/3898 2012/3922 2014/3907 1292/3895
f 1295/3923 1296/3924 2112/3925 2110/3926
f 1296/3927 2108/3928 2113/3929 2112/3930
f 1297/3931 2115/3932 1300/3933 2114/3934
f 1297/3935 2116/3936 2117/3937 2115/3938
f 1298/3939 2118/3940 2119/3941 2120/3942
f 1298/3943 2071/3776 3148/3775 2118/3944
f 1298/3945 2114/3946 2121/3947 2071/3948
f 1299/3949 2122/3950 2116/3951 1297/3952
f 1299/3953 1300/3954 2123/3955 2122/3956
f 1299/3957 1306/3958 1304/3959 1300/3960
f 1299/3961 1298/3939 2120/3942 1306/3962
f 1300/3963 2115/3964 1305/3965 2123/3966
f 1300/3933 2124/3967 2121/3968 2114/3934
f 1300/3960 1304/3959 2125/3969 2124/3970
f 1301/3971 2126/3972 2080/3973 2079/3974
f 1301/3975 2089/3825 2088/3824 1310/3976
f 1301/3975 2079/3801 2078/3800 2089/3825
f 3149/3977 3150/3978 2127/3979 2128/3980
f 1302/3981 2129/3982 1339/3983 1352/3984
f 1302/3985 2130/3986 1415/3987 2131/3988
f 1302/3981 2131/3989 2132/3990 2129/3982
f 1302/3985 2133/3991 2134/3992 2130/3986
f 1302/3993 1460/3994 1459/3995 2135/3996
f 1302/3997 2135/3998 2136/3999 2133/4000
f 1303/4001 2137/4002 2138/4003 1416/4004
f 2139/4005 2140/4006 2137/4007 1303/4008
f 1304/3959 1306/3958 2138/4009 2125/3969
f 1305/4010 2115/4011 2117/4012 2141/4013
f 1305/4014 2141/4015 2142/4016 2123/4017
f 1306/3958 2143/4018 1416/4019 2138/4009
f 1306/3958 2120/4020 2144/4021 2143/4018
f 1307/4022 2145/4023 2146/4024 1322/4025
f 1307/4026 1322/4027 2147/4028 1407/4029
f 1307/4030 1407/4031 2148/4032 2145/4033
f 1308/4034 2149/4035 2150/4036 2151/4037
f 1308/4038 2151/4039 2152/4040 2153/4041
f 1308/4038 2154/4042 2155/4043 2156/4044
f 1308/4038 2153/4041 2157/4045 2154/4042
f 1308/4046 2156/4047 1323/4048 2149/4049
f 1309/4050 2119/3941 2118/3940 1301/4051
f 2158/4052 2159/4053 2119/4054 1309/4055
f 1309/4056 1301/4057 2128/4058 2158/4059
f 1310/4060 2066/4061 2065/4062 2160/4063
f 1310/3976 2088/3824 2099/3857 2064/4064
f 1310/4065 2064/4066 2060/4067 1274/4068
f 1311/3747 2061/3746 1327/4069 2062/4070
f 1312/4071 2161/4072 2141/4013 2117/4012
f 1312/4073 2117/3937 2116/3936 2162/4074
f 1312/4075 2162/4076 1313/4077 2161/4078
f 1313/4079 2162/4080 2163/4081 1406/4082
f 1313/4083 1406/4084 1405/4085 2161/4086
f 1314/4087 1318/4088 2164/4089 2165/4090
f 1314/4091 2166/4092 2167/4093 2168/4094
f 1314/4095 2165/4096 2169/4097 2166/4098
f 1314/4099 2168/4100 2170/4101 2171/4102
f 1315/4103 2172/4104 2171/4105 2170/4106
f 1315/4107 2173/4108 1316/4109 2172/4110
f 1315/4103 2170/4106 2174/4111 2173/4112
f 1316/4109 2173/4108 2175/4113 2176/4114
f 1316/4115 2176/4116 2177/4117 2172/4118
f 1317/4119 2178/4120 2179/4121 2180/4122
f 1317/4119 2180/4122 2181/4123 2182/4124
f 1317/4119 2182/4124 2183/4125 2178/4120
f 1318/4126 2167/4127 2166/4098 2184/4128
f 1318/4129 2184/4130 1320/4131 1321/4132
f 1318/4133 2181/4134 2180/4135 2167/4136
f 1319/4137 2177/4117 2176/4116 2186/4138
f 1319/4137 2187/4139 2188/4140 2177/4117
f 1319/4137 2186/4138 2189/4141 2187/4139
f 1320/4142 2184/4128 2190/4143 2191/4144
f 1320/4145 2191/4146 2192/4147 1321/4148
f 1321/4149 2192/4150 2164/4089 1318/4088
f 1322/4151 2146/4152 2193/4153 2147/4154
f 1323/4155 1324/4156 2194/4157 2149/4158
f 1323/4159 2156/4160 2191/4144 2190/4143
f 1324/4161 1323/4159 2195/4162 1344/4163
f 1324/4156 1344/4164 2196/4165 2194/4157
f 1325/4166 1323/4159 2190/4143 2169/4097
f 1325/4166 2197/4167 2195/4162 1323/4159
f 1325/4166 2169/4097 2165/4096 2197/4167
f 1326/4168 2198/4169 3151/4170 1328/4171
f 1326/4172 2094/3833 2093/3832 2198/4173
f 1326/4174 1328/4175 2091/4176 2094/4177
f 3151/3826 2064/4064 2099/3857 2090/3827
f 3151/4170 2198/4169 2199/4178 2065/4179
f 1329/4180 2200/4181 2201/4182 2202/4183
f 1329/4184 2202/4185 1396/4186 2203/4187
f 1329/4188 2203/4189 2204/4190 2200/4191
f 1330/4192 2205/4193 2206/4194 2207/4195
f 1330/4196 1680/2730 1684/2729 2205/4197
f 1330/4198 2207/4199 1681/2725 1680/2724
f 1331/4200 2208/4201 1758/4202 1769/4203
f 1331/4204 2209/4205 2210/4206 2211/4207
f 1331/4208 1769/2950 1173/2949 2209/4209
f 1331/4210 2211/4211 2205/4212 1684/4213
f 1331/4210 1684/4213 1683/4214 2208/4215
f 1332/4216 2206/4217 2212/4218 1772/4219
f 1332/4216 1772/4219 1771/4220 2213/4221
f 1332/4222 2214/4223 2207/4224 2206/4225
f 1332/4222 1334/4226 1335/4227 2214/4223
f 1332/4228 2213/4229 2215/4230 2216/4231
f 1333/4232 1786/4233 1780/4234 1779/4235
f 1333/4236 1779/4237 2217/4238 2218/4239
f 1333/4240 2218/4241 2213/4221 1771/4220
f 1334/4242 2217/4243 1779/2985 1778/2984
f 1336/4244 2219/4245 2220/4246 2221/4247
f 1336/4248 2222/4249 1337/4250 2219/4251
f 1337/4252 2223/4253 2224/4254 2219/4255
f 1337/4256 2222/4257 1343/4258 2223/4259
f 1338/3480 2225/4260 2226/4261 1970/3481
f 1338/4262 2227/4263 2228/4264 2225/4265
f 1338/4266 1454/4267 2080/4268 2227/4269
f 1338/3480 1974/3475 2229/4270 2230/4271
f 1338/4272 2230/4273 2231/4274 1454/4275
f 1339/4276 2129/4277 2231/4278 2230/4279
f 3152/4280 1340/4281 2232/4282 2233/4283
f 3152/4284 1348/4285 2234/4286 1340/4287
f 1339/4288 2230/4289 2229/4290 1353/4291
f 1340/4281 2234/4292 1345/4293 2232/4282
f 1341/4294 2235/4295 2236/4296 1776/4297
f 1343/4258 2235/4298 1341/4299 2223/4259
f 1343/4258 2222/4257 1363/4300 2235/4298
f 1344/4301 2195/4302 2237/4303 2238/4304
f 1344/4305 1347/4306 2239/4307 2196/4308
f 1345/4309 2238/4310 2157/4311 1346/4312
f 1345/4313 1346/4314 2240/4315 2232/4316
f 1346/4314 2241/4317 2242/4318 2240/4315
f 1347/4319 2157/4320 2153/4321 2239/4322
f 1348/4285 2243/4323 2244/4324 2234/4286
f 1348/4285 2233/4325 1415/3987 2245/4326
f 1350/4327 2241/4328 2247/4329 2248/4330
f 1350/4331 2249/4332 2242/4318 2241/4317
f 1350/4333 2248/4334 2250/4335 2249/4336
f 1351/4337 1458/4338 1461/4339 2251/4340
f 1351/4341 1354/4342 1355/4343 2246/4344
f 1351/4345 2246/4346 2252/4347 2253/4348
f 1351/4349 2251/4350 1457/4351 1352/4352
f 1353/4353 2254/4354 1458/4355 1352/4356
f 1355/4357 1352/4358 1457/4359 2255/4360
f 1356/4361 1355/4362 2256/4363 2257/4364
f 1357/4365 2258/4366 2259/4367 1360/4368
f 1358/4369 1378/4370 2221/4371 2260/4372
f 1363/4373 2222/4249 1336/4248 2221/4374
f 1359/4375 1363/4376 2221/4377 1378/4378
f 1360/4379 2261/4380 1372/4381 1357/4382
f 1360/4383 2218/4384 2217/4385 2261/4386
f 1361/4387 2263/4388 2264/4389 2215/4390
f 2259/4391 2262/4392 2263/4393 1361/4394
f 1360/4395 2259/4396 1361/4397 2215/4398
f 1360/4399 2215/4230 2213/4229 2218/4400
f 1362/4401 2265/4402 2266/4403 2267/4404
f 1362/4405 2268/4406 2269/4407 2265/4408
f 1364/4409 2270/4410 2271/4411 1365/4412
f 1364/4413 1365/4414 1366/4415 2272/4416
f 1365/4417 2271/4418 2273/4419 1366/4420
f 1366/4421 2273/4422 2274/4423 2272/4424
f 1367/4425 2275/4426 2276/4427 2277/4428
f 1367/4425 2277/4428 2278/4429 2279/4430
f 1367/4425 2279/4430 2280/4431 2275/4426
f 1368/4432 2281/4433 2282/4434 2283/4435
f 1368/4432 2284/4436 2285/4437 2281/4433
f 1368/4438 2283/4439 1601/4440 2284/4441
f 1369/4442 1387/4443 2285/4444 2284/4445
f 1369/4446 2286/4447 2287/4448 1370/4449
f 1369/4450 2284/4451 1601/4452 2286/4453
f 1370/4454 2287/4455 2288/4456 3155/4457
f 1371/4458 2289/4459 1373/4460 1357/4461
f 2290/4462 2291/4463 2289/4464 1371/4465
f 1371/4465 1357/4466 1372/4467 2290/4462
f 1372/4467 2292/4468 1377/4469 2290/4462
f 1373/4470 2289/4471 2293/4472 2294/4473
f 1373/4470 2294/4473 2295/4474 2296/4475
f 1374/4476 2291/4477 1375/4478 1463/4479
f 1374/4480 2293/4472 2289/4471 2291/4481
f 1374/4482 1463/4483 2297/4484 2293/4485
f 1375/4486 2256/4487 2298/4488 2299/4489
f 1375/4486 2299/4489 2300/4490 1463/4491
f 1375/4492 1376/4493 2257/4494 2256/4495
f 1375/4496 2291/4497 2290/4498 1376/4499
f 1376/4500 2290/4501 1377/4502 2301/4503
f 1377/4504 2292/4505 2302/4506 2303/4507
f 1372/4508 2304/4509 1381/4510 2292/4505
f 1378/4511 1372/4512 2261/4513 2305/4514
f 1379/4515 2295/4516 2294/4517 2306/4518
f 1379/4515 2306/4518 2307/4519 2308/4520
f 1380/4521 1399/4522 2309/4523 1404/4524
f 1380/4525 2310/4526 2311/4527 1399/4528
f 1380/4529 1404/4530 2312/4531 2310/4532
f 1381/4510 2313/4533 2302/4506 2292/4505
f 1381/4510 2304/4509 2314/4534 2313/4533
f 3153/4535 2315/4536 1384/4537 3154/4538
f 3153/4539 3154/4540 2288/4541 2278/4542
f 3153/4543 2278/4429 2277/4428 2315/4544
f 1382/4545 2316/4546 2317/4547 1384/4548
f 1382/4549 2318/4550 2319/4551 2316/4552
f 1382/4553 1383/4554 2320/4555 2318/4556
f 1382/4557 1384/4537 2315/4536 2321/4558
f 1382/4559 2321/4560 2322/4561 1383/4562
f 1383/4563 2317/4564 2323/4565 2320/4566
f 1383/4563 2324/4567 1384/4568 2317/4564
f 1383/4563 2322/4569 1390/4570 2324/4567
f 1384/4571 2324/4572 1389/4573 3154/4574
f 1385/4575 1386/4576 2325/4577 2326/4578
f 1385/4579 2326/4580 2327/4581 2328/4582
f 1385/4583 2328/4584 2329/4585 1386/4586
f 1386/4587 2329/4588 2330/4589 2325/4590
f 3154/4574 1389/4573 3155/4591 2288/4592
f 1387/4593 2331/4594 1388/4595 2285/4596
f 1388/4597 2332/4598 2333/4599 2334/4600
f 1388/4601 2334/4602 2335/4603 2336/4604
f 1388/4605 2331/4606 2337/4607 2338/4608
f 1388/4609 2336/4610 1390/4611 2339/4612
f 1388/4613 2339/4614 2281/4615 2285/4616
f 1387/4617 1389/4618 1390/4619 2336/4620
f 1387/4621 2336/4622 2335/4623 2331/4624
f 1391/4625 2340/4626 2341/4627 2342/4628
f 1391/4629 2323/4630 2343/4631 2340/4632
f 1391/4633 2342/4634 2320/4635 2323/4636
f 1392/4637 2344/4638 2340/4632 2343/4631
f 1392/4637 2343/4631 2316/4639 2319/4640
f 1392/4641 2319/4642 2345/4643 2344/4644
f 1393/4645 1394/4646 2344/4644 2345/4643
f 1393/4647 2345/4648 2346/4649 1649/4650
f 1393/4651 1649/4652 2341/4653 1394/4654
f 1394/4655 2341/4656 2340/4632 2344/4638
f 1395/4657 2347/4658 2348/4659 2349/4660
f 1395/4661 2349/4662 2204/4663 2203/4664
f 1395/4657 2203/4665 1396/4666 2347/4658
f 1396/4667 2202/4668 1398/4669 2347/4670
f 1397/4671 2350/4672 2351/4673 2352/4674
f 1397/4675 2352/4676 2353/4677 2268/4678
f 1398/4669 2202/4668 2201/4679 2354/4680
f 1398/4669 2354/4680 2348/4681 2347/4670
f 1399/4682 2311/4683 2355/4684 2309/4685
f 1400/4686 2356/4687 2357/4688 2358/4689
f 1400/4690 2358/4691 2242/4318 2249/4332
f 1400/4692 2249/4336 2250/4335 2356/4693
f 1401/4694 2359/4695 1402/4696 2360/4697
f 1401/4694 2360/4697 2361/4698 2362/4699
f 1401/4700 2362/4701 1417/4702 2359/4703
f 1402/4704 2359/4705 2363/4706 2364/4707
f 1402/4708 2364/4709 3157/4710 2360/4711
f 1403/4712 2250/4335 2248/4334 2365/4713
f 1403/4714 2366/4715 2356/4716 2250/4717
f 1403/4718 2365/4719 2367/4720 2366/4721
f 1404/4524 2309/4523 2368/4722 2312/4723
f 1405/4724 2142/4725 2141/4013 2161/4072
f 1405/4726 1406/4727 2163/4728 2142/4729
f 1350/4730 2369/4731 2370/4732 1408/4733
f 1350/4730 1408/4733 2371/4734 2372/4735
f 1350/4736 2372/4737 2373/4738 2374/4739
f 1407/4740 2147/4741 2375/4742 2148/4743
f 1408/4733 2370/4732 2376/4744 2371/4734
f 1409/4745 2377/4746 2372/4747 2371/4748
f 1409/4749 2378/4750 2379/4751 2377/4752
f 1409/4745 2371/4748 2376/4753 2378/4754
f 1410/4755 1411/4756 2381/4757 2382/4758
f 1410/4755 2382/4758 2383/4759 2384/4760
f 1410/4761 2384/4762 2368/4763 2385/4764
f 1410/4765 2386/4766 1418/4767 1411/4768
f 1410/4769 2385/4770 2387/4771 2386/4772
f 1411/4773 1418/4774 2388/4775 2381/4776
f 1412/4777 2357/4778 2245/4326 1415/3987
f 1412/4777 1415/3987 2130/3986 2389/4779
f 1412/4780 2389/4781 2390/4782 1413/4783
f 1413/4784 2358/4785 2357/4786 1412/4787
f 1413/4788 2240/4315 2242/4318 2358/4691
f 1377/4789 2391/4790 2387/4771 2301/4791
f 1377/4792 2303/4793 2392/4794 2393/4795
f 1377/4789 2393/4796 2394/4797 2391/4790
f 1414/4798 2312/4723 2368/4722 2384/4760
f 1414/4799 2257/4800 2310/4532 2312/4531
f 1414/4798 2384/4760 2383/4759 2252/4801
f 1413/4802 2390/4803 2395/4804 2131/4805
f 1413/4806 2233/4807 2232/4808 2240/4809
f 1416/4019 2143/4018 2396/4810 2397/4811
f 3157/4710 2364/4709 2398/4812 3158/4813
f 3158/4813 2398/4812 2399/4814 2400/4815
f 3158/4816 2400/4817 2401/4818 2402/4819
f 1417/4702 2403/4820 2363/4821 2359/4703
f 1417/4702 2362/4701 2404/4822 2403/4820
f 1418/4774 2386/4772 2405/4823 2388/4775
f 1419/4824 2329/4825 2328/4826 2406/4827
f 1419/4828 2407/4829 2330/4589 2329/4588
f 1419/4830 2406/4831 2408/4832 2407/4833
f 1420/4834 2409/4835 2410/4836 2411/4837
f 1420/4838 2412/4839 2413/4840 2409/4841
f 1420/4838 2411/4842 2414/4843 2412/4839
f 2017/3595 2415/4844 1421/4845 1422/3596
f 1421/4846 2415/4847 1423/4848 2015/4849
f 1422/4850 1423/4851 2415/4852 1425/4853
f 1422/4854 1425/4855 2020/4856 1249/4857
f 1424/4858 2420/4859 2421/4860 2072/4861
f 1424/4862 2072/4863 2071/4864 2121/4865
f 1424/4866 2121/4867 2124/4868 2420/4869
f 1425/4870 2415/4871 2017/4872 2016/4873
f 1425/4874 2016/4875 1983/4876 2422/4877
f 1425/4878 2422/4879 2007/4880 2020/4881
f 1426/4882 2423/4883 1989/4884 1995/4885
f 1426/4886 2422/4877 1983/4876 1428/4887
f 1426/4882 1995/4885 2007/4880 2422/4879
f 1426/4888 1429/4889 2424/4890 2423/4891
f 1426/4888 2425/4892 2426/4893 1429/4889
f 1427/4894 2423/4895 2424/4896 2427/4897
f 1427/4898 2427/4899 2428/4900 2429/4901
f 1427/4902 1990/4903 1989/4904 2423/4905
f 1426/4888 1428/4906 2430/4907 2425/4892
f 1428/3493 1978/3492 2431/4908 2432/4909
f 1428/4910 2432/4911 2433/4912 2430/4913
f 1429/4914 2426/4915 2434/4916 2424/4917
f 1430/4918 1938/4919 2435/4920 2436/4921
f 1430/4922 2436/4923 1940/4924 1431/4925
f 1430/4926 1431/4927 1226/3396 1938/3399
f 1432/3387 1940/4924 2437/4928 2438/4929
f 1433/4930 2439/4931 2440/4932 1434/4933
f 1434/4934 1436/4935 2441/4936 2442/4937
f 1433/4938 1434/4939 2442/4940 2443/4941
f 1433/4942 2443/4943 1435/4944 1845/4945
f 1434/4946 2440/4947 2445/4948 1437/4949
f 1436/4950 2446/4951 1946/4952 1945/4953
f 1437/4954 2447/4955 1438/4956 2448/4957
f 1437/4958 2448/4959 2449/4960 2444/4961
f 1438/4962 2447/4963 2450/4964 2451/4965
f 1438/4962 2451/4965 1948/4966 1439/4967
f 1440/4968 2452/4969 2453/4970 2454/4971
f 1440/4968 2454/4971 2455/4972 2456/4973
f 1440/4968 2456/4973 2457/4974 2452/4969
f 1441/4975 2458/4976 2459/4977 2460/4978
f 1441/4975 2461/4979 2462/4980 2458/4976
f 1441/4975 2460/4978 2463/4981 2461/4979
f 1442/4982 2464/4983 2462/4980 2465/4984
f 1442/4985 1443/4986 2466/4987 2464/4988
f 1442/4989 2465/4990 2467/4991 1443/4992
f 1443/4993 2467/4994 2468/4995 2466/4996
f 1444/4997 2469/4998 2470/4999 2471/5000
f 1444/5001 2471/5002 2466/4996 2468/4995
f 1444/5001 2468/4995 1460/5003 2469/5004
f 1445/5005 2472/5006 2473/5007 1446/5008
f 1445/5009 1446/5010 2474/5011 2475/5012
f 1445/5013 2475/5014 2476/5015 2472/5016
f 1446/5017 2473/5018 2477/5019 2474/5020
f 1447/5021 2478/5022 2479/5023 1448/5024
f 1447/5025 1976/3798 2077/3797 2478/5026
f 1447/5027 1448/5028 1972/3479 1976/3478
f 1448/5029 2479/5030 1973/3474 1972/3473
f 1449/5031 1451/5032 2480/5033 2481/5034
f 1449/5035 2481/5036 2482/5037 1450/5038
f 1449/5039 1450/5040 1452/5041 1451/5042
f 1450/5043 2482/5044 2483/5045 1452/5046
f 1451/5047 1452/5048 2483/5049 2480/5050
f 1453/5051 2484/5052 2485/5053 2486/5054
f 1453/5051 2487/5055 2477/5019 2484/5052
f 1453/5051 2486/5054 2488/5056 2487/5055
f 1455/5057 2489/5058 2136/5059 1456/5060
f 1455/5061 1456/5062 2132/5063 2490/5064
f 1455/5065 2490/5066 2419/5067 2418/5068
f 1456/5069 2136/5070 2135/5071 2491/5072
f 1456/5073 2491/5074 2492/5075 2076/5076
f 1457/5077 2251/5078 2493/5079 2494/5080
f 1458/5081 2254/5082 2495/5083 1459/5084
f 1459/5085 2496/5086 1461/5087 1458/5088
f 1459/5089 1460/5003 2468/4995 2467/4994
f 1459/5090 2495/5091 2491/5092 2135/5093
f 1460/5094 2253/5095 2497/5096 2469/4998
f 1461/5097 2463/4981 2394/4797 2393/4796
f 1461/5098 2393/4795 2392/4794 2498/5099
f 1461/5097 2496/5100 2461/4979 2463/4981
f 1461/5101 2499/5102 2493/5103 2251/5104
f 1461/5098 2498/5099 2500/5105 2499/5106
f 1462/5107 2476/5015 2475/5014 2501/5108
f 1462/5107 2499/5106 2500/5105 2476/5015
f 1462/5107 2501/5108 2493/5079 2499/5106
f 1463/4483 2502/5109 2503/5110 2297/4484
f 1463/4483 2300/5111 2504/5112 2502/5109
f 1474/5113 1576/5114 2505/5115 1574/5116
f 1464/5117 2506/5118 2507/5119 2508/5120
f 1464/5117 2508/5120 2509/5121 2510/5122
f 1464/5117 2510/5122 2511/5123 2506/5118
f 1465/5124 2512/5125 1466/5126 2513/5127
f 1465/5128 2514/5129 2515/5130 2512/5131
f 1465/5132 2513/5133 2516/5134 2514/5135
f 1466/5136 2512/5137 2517/5138 2518/5139
f 1466/5140 2518/5141 2519/5142 2513/5143
f 1467/5144 2520/5145 2510/5122 2509/5121
f 1467/5146 1468/5147 2521/5148 2520/5149
f 1467/5146 2509/5150 2457/5151 1468/5147
f 1468/5152 2457/4974 2456/4973 2521/5153
f 1469/5154 2522/5155 2327/4581 2326/4580
f 1469/5156 1470/5157 2523/5158 2522/5159
f 1469/5160 2326/5161 2325/5162 1470/5163
f 1470/5157 2524/5164 2525/5165 2523/5158
f 1470/5166 2526/5167 2527/5168 2524/5169
f 1471/5170 2528/5171 2410/5172 2409/5173
f 1471/5174 2409/5175 2413/5176 2134/5177
f 1471/5170 2134/3992 2133/3991 2528/5171
f 1472/5178 2529/5179 2530/5180 2531/5181
f 1472/5182 2532/5183 2533/5184 2529/5185
f 1472/5182 2531/5186 2517/5187 2532/5183
f 1473/5188 2534/5189 2535/5190 2536/5191
f 1473/5188 2537/5192 2538/5193 2534/5189
f 1473/5188 2536/5191 2539/5194 2537/5192
f 1475/5195 2540/5196 2541/5197 2542/5198
f 1475/5199 2542/5200 2543/5201 2544/5202
f 1475/5195 2544/5203 2545/5204 2540/5196
f 1476/5205 2545/5206 2544/5207 2546/5208
f 1476/5205 2337/5209 2547/5210 2545/5206
f 1476/5205 2546/5208 2338/5211 2337/5209
f 1477/5212 2548/5213 2408/5214 2406/5215
f 1477/5216 2406/5217 2328/4582 2327/4581
f 1477/5216 2327/4581 2522/5155 2548/5218
f 1478/5219 2549/5220 2550/5221 2551/5222
f 1478/5223 2551/5224 2552/5225 2553/5226
f 1478/5219 2553/5227 2554/5228 2549/5220
f 1479/5229 2555/5230 2556/5231 2557/5232
f 1479/5233 2552/5234 2551/5235 2555/5236
f 1479/5237 2557/5238 1486/5239 2552/5240
f 1480/5241 2558/5242 2550/5243 2559/5244
f 1480/5245 2560/5246 2561/5247 2558/5248
f 1480/5249 2559/5250 2562/5251 2560/5252
f 1481/5253 2549/5220 2554/5228 2563/5254
f 1481/5253 2563/5254 2562/5255 2559/5256
f 1481/5253 2559/5256 2550/5221 2549/5220
f 1482/5257 2564/5258 1483/5259 2565/5260
f 1482/5261 2565/5262 2560/5252 2562/5251
f 1482/5263 2562/5255 2563/5254 2564/5264
f 1483/5265 2564/5266 2566/5267 2567/5268
f 1483/5269 2567/5270 2568/5271 2565/5272
f 1484/5273 2569/5274 2568/5271 2567/5270
f 1484/5275 2570/5276 2571/5277 2569/5278
f 1484/5279 1487/5280 2572/5281 2573/5282
f 1484/5283 2567/5268 2566/5267 1487/5284
f 1485/5285 1509/5286 2574/5287 2575/5288
f 1485/5289 2575/5290 2576/5291 2577/5292
f 1485/5293 2577/5294 2578/5295 1509/5296
f 1486/5297 1487/5298 2553/5227 2552/5299
f 1486/5300 2557/5301 2571/5302 2579/5303
f 1486/5304 2579/5305 2580/5306 2581/5307
f 1486/5308 2581/5309 2572/5281 1487/5280
f 1488/5310 1568/5311 2582/5312 1569/5313
f 1488/5310 1569/5313 2583/5314 2584/5315
f 1488/5316 2584/5317 2578/5295 2577/5294
f 1489/5318 1490/5319 1568/5320 1569/5321
f 1489/5322 1569/5323 2585/5324 2586/5325
f 1489/5326 2586/5327 2587/5328 1490/5329
f 1490/5330 2587/5331 2582/5332 1568/5333
f 1491/5334 2588/5335 2589/5336 2590/5337
f 1491/5334 2572/5281 2581/5309 2588/5335
f 1491/5334 2590/5337 2573/5282 2572/5281
f 1492/5338 1507/5339 2595/5340 2589/5341
f 1492/5342 2589/5343 2588/5344 2596/5345
f 1492/5346 2596/5347 2597/5348 2598/5349
f 1492/5350 2598/5351 2599/5352 2600/5353
f 1492/5354 2600/5355 2601/5356 1507/5357
f 1493/5358 2602/5359 1571/5360 1589/5361
f 1493/5358 1590/5362 2574/5363 2602/5359
f 1493/5364 2603/5365 2604/5366 1590/5367
f 1494/5368 2605/5369 2606/5370 2607/5371
f 1494/5368 2608/5372 2609/5373 2605/5369
f 1494/5368 2607/5371 2610/5374 2608/5372
f 1495/5375 2611/5376 2612/5377 2613/5378
f 1495/5379 2613/5380 1496/5381 2614/5382
f 1495/5383 2614/5384 2615/5385 2611/5386
f 1496/5387 2613/5378 2616/5388 2617/5389
f 1496/5390 2617/5391 2618/5392 2614/5393
f 1497/5394 1838/5395 1835/3145 1840/3144
f 1497/5394 1840/3144 2619/5396 2620/5397
f 1497/5394 2620/5397 2621/5398 1838/5395
f 1498/5399 2622/5400 2623/5401 2624/5402
f 1498/5403 1603/5404 2625/5405 2622/5406
f 1498/5407 2624/5408 2593/5409 2592/5410
f 1498/5411 1602/5412 2599/5413 2626/5414
f 1498/5415 2592/5416 2627/5417 1602/5418
f 1499/5419 2628/5420 1502/5421 2629/5422
f 1499/5423 2630/5424 2631/5425 2628/5426
f 1499/5419 2629/5422 2632/5427 2630/5428
f 1500/5429 2633/5430 2634/5431 2635/5432
f 1500/5433 1501/5434 2636/5435 2633/5436
f 1500/5437 2635/5438 2637/5439 1501/5440
f 1501/5441 2637/5442 2638/5443 2636/5444
f 1502/5445 2628/5446 2623/5401 2622/5400
f 1502/5447 2622/5448 2625/5449 2629/5450
f 1503/5451 1506/5452 2639/5453 2640/5454
f 1503/5455 2641/5456 1508/5457 1506/5458
f 1504/5459 2642/5460 2643/5461 2644/5462
f 1504/5463 1505/5464 2609/5465 2642/5466
f 1504/5467 2644/5468 2645/5469 1505/5470
f 1505/5471 2645/5472 2605/5369 2609/5373
f 1506/5452 1508/5473 2603/5474 2639/5453
f 1507/5475 2646/5476 2647/5477 2648/5478
f 1507/5479 2648/5480 2649/5481 2595/5482
f 1507/5483 2601/5484 2626/5485 2646/5486
f 1508/5487 2641/5488 2604/5489 2603/5490
f 1509/5491 2578/5492 2602/5359 2574/5363
f 1510/5493 2650/5494 2573/5282 2590/5337
f 1510/5493 2590/5337 2589/5336 2595/5495
f 1510/5493 2595/5495 2649/5496 2650/5494
f 1511/5497 2651/5498 2652/5499 2653/5500
f 1511/5497 2653/5500 2516/5501 2654/5502
f 1511/5497 2654/5502 2538/5193 2651/5498
f 1512/5503 2655/5504 2656/5505 1551/5506
f 1512/5507 1662/5508 2657/5509 2658/5510
f 1512/5511 2658/5512 1513/5513 2655/5514
f 1513/5515 2658/5516 2659/5517 1551/5518
f 1513/5519 1551/5520 2660/5521 2661/5522
f 1513/5523 2662/5524 2663/5525 2664/5526
f 1513/5523 2661/5527 2665/5528 2662/5524
f 1513/5529 2664/5530 2666/5531 2655/5532
f 1514/5533 1883/5534 2667/5535 2668/5536
f 1514/5537 2669/5538 2670/5539 2671/5540
f 1515/5541 2672/5542 1889/5543 1888/5544
f 1515/5541 1888/5544 2673/5545 2674/5546
f 1515/5541 2674/5546 2675/5547 2435/4920
f 1516/5548 2436/5549 2435/5550 2675/5551
f 2437/4928 1940/4924 2436/4923 1516/5552
f 1516/5548 2675/5551 2676/5553 2437/5554
f 1207/5555 1887/5556 2677/5557 1517/5558
f 1207/5555 1517/5558 2673/5559 1888/5560
f 1517/5558 2677/5557 2678/5561 2673/5559
f 1518/5562 1520/5563 2678/5564 2679/5565
f 1518/5566 2679/5567 2676/5568 2675/5569
f 1518/5570 2675/5571 2674/5572 1520/5573
f 1519/5574 1895/3275 2676/5575 2679/5576
f 1519/5577 2679/5578 2678/5579 2677/5580
f 1519/5574 2677/5581 1887/3276 1895/3275
f 1520/5582 2674/5583 2673/5584 2678/5585
f 1521/5586 2680/5587 2681/5588 1524/5589
f 1521/5590 2682/5591 1523/5592 2680/5593
f 1521/5594 1524/5595 2683/5596 2684/5597
f 1522/5598 2685/5599 2686/5600 2687/5601
f 1522/5598 2687/5601 1526/5602 2688/5603
f 1522/5604 2688/5605 2689/5606 2685/5607
f 1523/5592 2686/5608 2685/5609 2680/5593
f 1523/5610 2682/5611 2690/5612 2686/5613
f 1524/5614 2691/5615 2692/5616 2683/5617
f 1524/5614 1525/5618 2693/5619 2691/5615
f 1524/5620 2681/5621 2694/5622 1525/5623
f 1525/5623 2694/5622 2695/5624 2693/5625
f 1526/5626 2687/5627 1527/5628 2696/5629
f 1526/5630 2696/5631 1535/5632 2688/5633
f 1527/5634 2687/5635 2686/5613 2690/5612
f 1527/5636 2690/5637 2697/5638 2696/5639
f 1528/5640 2698/5641 2699/5642 1553/5643
f 1528/5644 2700/5645 2701/5646 2698/5647
f 1529/5648 2702/5649 2703/5650 2704/5651
f 1662/5652 1530/5653 1529/5648 2704/5651
f 1537/5654 2692/5655 2691/5656 2684/5657
f 2704/5658 1537/5659 2684/5660 1662/5661
f 1529/5662 1530/5663 1531/5664 2702/5665
f 1531/5666 2705/5667 2706/5668 2702/5669
f 1531/5670 2707/5671 2708/5672 2705/5673
f 1531/5674 2698/5675 2701/5676 2707/5677
f 1532/5678 2709/5679 2701/5646 2700/5645
f 1532/5680 1553/5681 2699/5682 2709/5683
f 1533/5684 1536/5685 2710/5686 1538/5687
f 1533/5688 1538/5689 2709/5683 2699/5682
f 1534/5690 2711/5691 2706/5692 2712/5693
f 1534/5690 2712/5693 1540/5694 2713/5695
f 1534/5690 2713/5695 2714/5696 2711/5691
f 1535/5697 2715/5698 2689/5699 2688/5700
f 1535/5701 2696/5702 2697/5703 2715/5704
f 1536/5705 2659/5517 2658/5516 2657/5706
f 1536/5707 2704/5651 2703/5650 2710/5708
f 1536/5709 2657/5710 2683/5711 2692/5712
f 1536/5713 2692/5714 1537/5715 2704/5716
f 1538/5687 2716/5717 2708/5718 2707/5719
f 1538/5687 2710/5686 2714/5720 2716/5717
f 1538/5687 2707/5719 2701/5721 2709/5722
f 1539/5723 2713/5724 1540/5725 2717/5726
f 1539/5727 2716/5728 2714/5729 2713/5730
f 1539/5731 2717/5732 2708/5733 2716/5734
f 1540/5735 2712/5736 1544/5737 2717/5738
f 1541/5739 2718/5740 1545/5741 2719/5742
f 1541/5743 2720/5744 1548/5745 2718/5746
f 1541/5747 2719/5748 1543/5749 2720/5750
f 1542/5751 2721/5752 2722/5753 2723/5754
f 1542/5755 1546/5756 2724/5757 2721/5758
f 1542/5759 2723/5760 2725/5761 1546/5762
f 1543/5763 2719/5764 2726/5765 2727/5766
f 1543/5767 2727/5768 2728/5769 2720/5770
f 1544/5737 2712/5736 2706/5771 2705/5772
f 1544/5773 2705/5774 2708/5733 2717/5732
f 1545/5741 2718/5740 2729/5775 2730/5776
f 1545/5741 2730/5776 2726/5777 2719/5742
f 1546/5778 2725/5779 1547/5780 2724/5781
f 1547/5780 2731/5782 2732/5783 2724/5781
f 1547/5780 2725/5779 2733/5784 2731/5782
f 1548/5785 2720/5770 2728/5769 2734/5786
f 1548/5787 2734/5788 2729/5789 2718/5790
f 1549/5791 2735/5792 2736/5793 2722/5753
f 1549/5791 2722/5753 2721/5752 2737/5794
f 1549/5791 2737/5794 2738/5795 2735/5792
f 1550/5796 1554/5797 2739/5798 2740/5799
f 1550/5800 2740/5801 2741/5802 2742/5803
f 1550/5804 2743/5805 2660/5806 1554/5807
f 1550/5808 2742/5809 1556/5810 1558/5811
f 1550/5812 1558/5813 2744/5814 1555/5815
f 1551/5506 2665/5816 1554/5807 2660/5806
f 1551/5506 2656/5505 2662/5817 2665/5816
f 1554/5797 2745/5818 1555/5819 2739/5798
f 1555/5815 2744/5814 2728/5820 2727/5821
f 1555/5822 2727/5766 2726/5765 2739/5823
f 1556/5824 2746/5825 2747/5826 1558/5827
f 1557/5828 1558/5829 2747/5830 2748/5831
f 1557/5832 2749/5833 2744/5834 1558/5835
f 1557/5836 2742/5837 2741/5838 2749/5839
f 1556/5840 2742/5841 1557/5842 2750/5843
f 1556/5844 2750/5845 2751/5846 2746/5847
f 1559/5848 2752/5849 2738/5850 2753/5851
f 1559/5852 2753/5853 2754/5854 2755/5855
f 1559/5856 2755/5857 1560/5858 2752/5859
f 1557/5842 1560/5858 2755/5857 2750/5843
f 1557/5860 2748/5861 2752/5862 1560/5863
f 1561/5864 2756/5865 2757/5866 2758/5867
f 1561/5868 2759/5869 2760/5870 2756/5871
f 1561/5864 2758/5867 2761/5872 2759/5873
f 1562/5874 1564/5875 1581/5876 1563/5877
f 1562/5878 2757/5879 1572/5880 1564/5881
f 1562/5882 1586/5883 1581/5884 2762/5885
f 1562/5874 1646/5886 2758/5887 2757/5888
f 1563/5877 2763/5889 1646/5886 1562/5874
f 1563/5877 2764/5890 1654/5891 2763/5889
f 1584/5892 2765/5893 1581/5894 1586/5895
f 1562/5896 2762/5897 1584/5898 1586/5899
f 1564/5900 1572/5901 1589/5902 1571/5903
f 1564/5904 1571/5905 1570/5906 2766/5907
f 1564/5908 2766/5909 2767/5910 1582/5911
f 1564/5912 1582/5913 2762/5914 1581/5915
f 1565/5916 2768/5917 1577/5918 2769/5919
f 1565/5920 1580/5921 1579/5922 2768/5923
f 1565/5924 2769/5925 1599/5926 1580/5927
f 1566/5928 2770/5929 2771/5930 2772/5931
f 1566/5932 2773/5933 2539/5934 2770/5935
f 1566/5932 2772/5936 1567/5937 2773/5933
f 1567/5938 2772/5939 2774/5940 2775/5941
f 1567/5942 2775/5943 2776/5944 2773/5945
f 1569/5313 2582/5312 2777/5946 2585/5947
f 1570/5906 1571/5905 2584/5948 2583/5949
f 1570/5950 2583/5951 2778/5952 2766/5909
f 1571/5360 2602/5359 2578/5492 2584/5953
f 1572/5954 2779/5955 2780/5956 1589/5957
f 1573/5958 2781/5959 2533/5184 2782/5960
f 2505/5961 2783/5962 1648/5963 1575/5964
f 1574/5965 2505/5966 1575/5967 1474/5968
f 1574/5969 2652/5970 2775/5941 2774/5940
f 1575/5967 1648/5971 1578/5972 1474/5968
f 2784/5973 2785/5974 2786/5975 2787/5976
f 1576/5977 1474/5978 2784/5979 2787/5980
f 1576/5981 2787/5982 2788/5983 2505/5984
f 1577/5985 2789/5986 2790/5987 2769/5988
f 1577/5989 2768/5990 2791/5991 2789/5992
f 1578/5972 2792/5993 2784/5994 1474/5968
f 1578/5972 1648/5971 2783/5995 2792/5993
f 1579/5922 2793/5996 2791/5997 2768/5923
f 1579/5998 1580/5999 1598/6000 2793/6001
f 1580/6002 2794/6003 1594/6004 1598/6005
f 1580/5927 1599/5926 2795/6006 2794/6007
f 1581/5876 2765/6008 2764/5890 1563/5877
f 1582/5911 2796/6009 1584/6010 2762/6011
f 1582/6012 2797/6013 1587/6014 2796/6015
f 1582/6016 1587/6017 2798/6018 2799/6019
f 1582/6020 2799/6021 1588/6022 2797/6023
f 1583/6024 1585/6025 2800/6026 2801/6027
f 1583/6024 2801/6027 1658/6028 2802/6029
f 1583/6030 2765/6031 1584/6032 1585/6033
f 1584/6010 2796/6009 2803/6034 1585/6035
f 1583/6030 2802/6036 2764/6037 2765/6031
f 1587/6038 2804/6039 1594/6040 1597/6041
f 1597/6042 1596/6043 2805/6044 2803/6045
f 1587/6038 1597/6041 2803/6034 2796/6009
f 1587/6038 1582/5911 2767/5910 2804/6039
f 1587/6014 2797/6013 2777/6046 2798/6047
f 1588/6022 2799/6021 2586/5325 2585/5324
f 1588/6048 2585/6049 2777/6050 2797/6051
f 1589/6052 2780/6053 1591/6054 2806/6055
f 1590/6056 2807/6057 2575/5288 2574/5287
f 1590/6058 2604/6059 1593/6060 1594/6061
f 1590/6062 1594/6040 2804/6039 2807/6063
f 1591/6064 2780/5956 2643/6065 2808/6066
f 1591/6067 2808/6068 1592/6069 2806/6070
f 1592/6069 2809/6071 1585/6072 2803/6073
f 1592/6069 2810/6074 2811/6075 2809/6071
f 1592/6069 2808/6068 2812/6076 2810/6074
f 1593/6077 2813/6078 2814/6079 2815/6080
f 1593/6081 2815/6082 1598/6083 1594/6084
f 1593/6085 1592/6086 2803/6087 2805/6088
f 2794/6003 2816/6089 2817/6090 1596/6091
f 1594/6004 2794/6003 1596/6091 1597/6092
f 1595/6093 2817/6090 2816/6089 2818/6094
f 1595/6093 2819/6095 2820/6096 2817/6090
f 1595/6097 2821/6098 2822/6099 2819/6100
f 1595/6101 2823/6102 2824/6103 2821/6104
f 1595/6093 2818/6094 2825/6105 2823/6106
f 1596/6091 2817/6090 2820/6096 2805/6107
f 1593/6077 2805/6108 2820/6109 2813/6078
f 1592/6110 2826/6111 2827/6112 2806/6113
f 1598/6114 2815/6115 1603/6116 2828/6117
f 1598/6000 2828/6118 1602/6119 2793/6001
f 1599/6120 2829/6121 2830/6122 2795/6123
f 1599/6120 2769/5988 2790/5987 2829/6121
f 1600/6124 2831/6125 2832/6126 2833/6127
f 1600/6128 2788/5983 2787/5982 2831/6129
f 1600/6128 2833/6130 1647/6131 2788/5983
f 1601/6132 2283/6133 2280/4431 2286/6134
f 1602/6135 2828/6136 2600/5353 2599/5352
f 1602/6137 2627/6138 2791/5997 2793/5996
f 1603/6116 2601/5356 2600/5355 2828/6117
f 1603/6139 1498/6140 2626/5485 2601/5484
f 1603/6141 2814/6142 2834/6143 2625/5449
f 1604/6144 1837/3136 2835/6145 2836/6146
f 1604/6144 2836/6146 2837/6147 1841/6148
f 1604/6144 1841/6148 1834/3137 1837/3136
f 1605/6149 2819/6100 2822/6099 1606/6150
f 1606/6151 2838/6152 2630/6153 2632/6154
f 1606/6151 2822/6155 2839/6156 2838/6152
f 1607/6157 2840/6158 2841/6159 2842/6160
f 1607/6157 2842/6160 2843/6161 2844/6162
f 1607/6163 2844/6164 1605/6165 2840/6166
f 1605/6167 2844/6168 2845/6169 2846/6170
f 1605/6171 2846/6172 2847/6173 1608/6174
f 1608/6175 2847/6176 2848/6177 2849/6178
f 1608/6175 2849/6178 2850/6179 2851/6180
f 1605/6181 2813/6182 2820/6096 2819/6095
f 1605/6181 2834/6143 2814/6142 2813/6182
f 1609/6183 2852/6184 2853/6185 2854/6186
f 1609/6187 2855/6188 1610/6189 2856/6190
f 1609/6191 2857/6192 2858/6193 2852/6194
f 1609/6187 2854/6195 2859/6196 2855/6188
f 1610/6197 2860/6198 2861/6199 2856/6200
f 1610/6197 2855/6201 2862/6202 2860/6198
f 1611/6203 2862/6204 2863/6205 2848/6177
f 1611/6203 2848/6177 2847/6176 2864/6206
f 1611/6203 2864/6206 2860/6207 2862/6204
f 1612/2893 1741/2892 1616/6208 2865/6209
f 1612/6210 1833/6211 1828/6212 1742/6213
f 1612/6214 2866/6215 2867/6216 1833/6217
f 1612/6214 2865/6218 1617/6219 2866/6215
f 1613/6220 2868/6221 2869/6222 1614/6223
f 1613/6224 1614/6225 2870/6226 1615/6227
f 1613/6228 2871/6229 1617/6219 2865/6218
f 1613/6224 2872/6230 2873/6231 2868/6232
f 1614/6233 2869/6234 2874/6235 2875/6236
f 1614/6233 2875/6236 2876/6237 2877/6238
f 1614/6239 2877/6240 2878/6241 2870/6242
f 1615/6243 1719/2845 1631/6244 2872/6245
f 1616/6246 1741/2898 1743/2897 2879/6247
f 1616/6248 2879/6249 2880/6250 2881/6251
f 1617/6219 2882/6252 2883/6253 2866/6215
f 1617/6219 2871/6229 2884/6254 2885/6255
f 1617/6219 2885/6255 2886/6256 2882/6252
f 1618/6257 2887/6258 2888/6259 2874/6260
f 1618/6261 1619/6262 2889/6263 2887/6264
f 1618/6261 2874/6235 2869/6234 1619/6262
f 1619/6265 2869/6266 2868/6232 2890/6267
f 1619/6268 2890/6269 2884/6270 2891/6271
f 1619/6262 2891/6272 2892/6273 2889/6263
f 1620/6274 2893/6275 2894/6276 1623/6277
f 1620/6278 1622/6279 2895/6280 2893/6281
f 1620/6282 1623/6283 1621/6284 1622/6285
f 1621/6286 2896/6287 2895/6288 1622/6289
f 1621/6290 1623/6291 2894/6292 2896/6293
f 1624/6294 2870/6295 2878/6296 1721/6297
f 1624/6298 1625/6299 1615/6300 2870/6301
f 1624/6302 1721/6303 1720/6304 1625/6305
f 1625/6299 1720/6306 1719/6307 1615/6300
f 1626/6308 2897/6309 2898/6310 1627/6311
f 1626/6312 2899/6313 2900/6314 2897/6315
f 1626/6316 1627/6317 2901/6318 2899/6319
f 1627/6320 2898/6321 2902/6322 2901/6323
f 1628/6324 1701/6325 1700/6326 2903/6327
f 3159/6328 1699/2769 1698/2768 3160/6329
f 3159/6330 3162/6331 1641/6332 1699/6333
f 3159/6330 2904/6334 2905/6335 3162/6331
f 1629/2852 1721/6336 2878/6337 1722/2853
f 1630/6338 1632/6339 2906/6340 2907/6341
f 1631/6342 2908/6343 2906/6344 1632/6345
f 1631/6346 1632/6347 2909/6348 2910/6349
f 1631/6244 1719/2845 1718/2844 1633/6350
f 1631/6351 1633/6352 2911/6353 2908/6354
f 1722/6355 1630/6356 3160/6357 1634/6358
f 1633/6359 1718/2854 1722/2853 1634/6360
f 1633/6352 1634/6361 2912/6362 2911/6353
f 1630/6363 2904/6364 3159/6365 3160/6366
f 1634/6367 3160/6368 1728/2868 1729/2872
f 1634/6369 1729/6370 3161/6371 2913/6372
f 3160/6368 1698/6373 1697/2869 1728/2868
f 3161/6374 1635/6375 1641/6376 3162/6377
f 3161/6378 3162/6379 2905/6380 2913/6381
f 1635/6382 3161/6383 1730/6384 2914/6385
f 1635/6375 2914/6386 1694/6387 1641/6376
f 1636/6388 2915/6389 2916/6390 2917/6391
f 1636/6388 2917/6391 2918/6392 2919/6393
f 1636/6388 2919/6393 2920/6394 2915/6389
f 1637/6395 2921/6396 2922/6397 2923/6398
f 1637/6395 1650/6399 2924/6400 2921/6396
f 1637/6401 2923/6402 2920/6403 1650/6404
f 1638/6405 2925/6406 2921/6396 2924/6400
f 1638/6407 2924/6408 2919/6409 2918/6410
f 1638/6411 2918/6412 1639/6413 2925/6414
f 1639/6415 2918/6392 2917/6391 2926/6416
f 1639/6417 2926/6418 2927/6419 2925/6420
f 1640/6421 2818/6422 2816/6423 2928/6424
f 1640/6425 2821/6426 2824/6427 2929/6428
f 1640/6421 2929/6429 2825/6430 2818/6422
f 1640/6421 2928/6424 2930/6431 2839/6432
f 1640/6425 2839/6156 2822/6155 2821/6426
f 1641/6332 2903/6433 1700/6434 1699/6333
f 1641/6376 1694/6387 1693/6435 2903/6436
f 1642/6437 2931/6438 2916/6390 2915/6389
f 1642/6439 2923/6440 2922/6441 2931/6442
f 1642/6443 2915/6444 2920/6445 2923/6446
f 1643/6447 1644/6448 2825/6430 2929/6429
f 1643/6449 2932/6450 2902/6322 2898/6321
f 1643/6451 2898/6310 2897/6309 1644/6452
f 1644/6453 2897/6315 2900/6314 2933/6454
f 1644/6455 2934/6456 2823/6457 2825/6458
f 1644/6459 2933/6460 2935/6461 2934/6462
f 1643/6463 2929/6464 2824/6465 2932/6466
f 1645/6467 1656/6468 1657/6469 2936/6470
f 2936/6471 1659/6472 1660/6473 1658/6474
f 1645/6475 2936/6471 1658/6474 2801/6476
f 1645/6477 2801/6478 2800/6479 1656/6480
f 1646/6481 2763/6482 2761/6483 2758/6484
f 1647/6131 2783/6485 2505/5984 2788/5983
f 1647/6486 2833/6487 2792/6488 2783/6489
f 1649/4650 2346/4649 2342/6490 2341/6491
f 1650/6492 2920/6493 2919/6409 2924/6408
f 1651/6494 2937/6495 2938/6496 2939/6497
f 1651/6498 2939/6499 1653/6500 2940/6501
f 1651/6502 1652/6503 2941/6504 2937/6505
f 1652/6506 1651/6507 2894/6276 2893/6275
f 1652/6508 2893/6281 2895/6280 2941/6509
f 1653/6510 2942/6511 2938/6512 2937/6513
f 1653/6510 2937/6513 2941/6514 2940/6515
f 1654/6516 2943/6517 2761/6483 2763/6482
f 1654/5891 2764/5890 2802/6518 2943/6519
f 1655/6520 2936/6521 1657/6522 2944/6523
f 2811/6524 2945/6525 1660/6526 1659/6527
f 1655/6528 2811/6529 1659/6530 2936/6531
f 1656/6532 2800/6533 2944/6534 1657/6535
f 2946/6536 1661/6537 2943/6538 2802/6539
f 1658/6540 1660/6541 2946/6542 2802/6543
f 1660/6544 2945/6545 2947/6546 2946/6547
f 1661/6548 2946/6549 2760/5870 2759/5869
f 1661/6550 2759/6551 2761/6552 2943/6553
f 1314/6554 2171/6555 2188/6556 2185/6557
f 1662/6558 2684/6559 2683/6560 2657/6561
f 3161/6562 1729/6563 1727/6564 1730/6565
f 2947/6566 2945/6567 2610/5374 2607/5371
f 2947/6566 2607/5371 2606/5370 2948/6568
f 2947/6566 2948/6568 2760/5870 2946/6549
f 2948/6568 2606/5370 2949/6569 2950/6570
f 2948/6568 2950/6570 2756/5871 2760/5870
f 2950/6571 2949/6572 2779/6573 1572/6574
f 2950/6571 1572/6574 2757/6575 2756/6576
f 2949/6569 2606/5370 2605/5369 2645/5472
f 2949/6572 2645/6577 2644/6578 2779/6573
f 2945/6525 2811/6524 2810/6579 2610/6580
f 1655/6520 2944/6523 2809/6581 2811/6582
f 2944/6534 2800/6533 1585/6583 2809/6584
f 2942/6585 2901/6323 2902/6322 2935/6586
f 2942/6587 2935/6588 2933/6589 2938/6590
f 2942/6591 1653/6592 2899/6319 2901/6318
f 2941/6514 2895/6288 2896/6287 2940/6515
f 1651/6593 2940/6594 2896/6293 2894/6292
f 1653/6595 2939/6596 2900/6597 2899/6598
f 2939/6497 2938/6496 2933/6454 2900/6314
f 2935/6586 2902/6322 2932/6450 2934/6599
f 2934/6599 2932/6450 2824/6103 2823/6102
f 2931/6600 2922/6601 2927/6602 2951/6603
f 2931/6604 2951/6605 2952/6606 2916/6607
f 2930/6431 2830/6122 2953/6608 2954/6609
f 2930/6610 2954/6611 2838/6612 2839/6613
f 2930/6431 2928/6424 2795/6123 2830/6122
f 2954/6611 2953/6614 2955/6615 2631/5425
f 2954/6611 2631/5425 2630/5424 2838/6612
f 2955/6615 2956/6616 2624/6617 2623/6618
f 2955/6615 2623/6618 2628/5426 2631/5425
f 2955/6615 2953/6614 2957/6619 2956/6616
f 2957/6619 2958/6620 2594/6621 2956/6616
f 2957/6622 2953/6608 2830/6122 2829/6121
f 2957/6622 2829/6121 2790/5987 2958/6623
f 2958/6623 2959/6624 2591/6625 2594/6626
f 2958/6623 2790/5987 2789/5986 2959/6624
f 2959/6627 2627/5417 2592/5416 2591/6628
f 2959/6627 2789/6629 2791/6630 2627/5417
f 2956/6616 2594/6621 2593/6631 2624/6617
f 2928/6424 2816/6423 2794/6632 2795/6123
f 2925/6406 2927/6633 2922/6397 2921/6396
f 2917/6391 2916/6390 2952/6634 2926/6416
f 2914/6385 1730/6384 1677/6635 1676/6636
f 2914/6386 1676/6637 1675/6638 1694/6387
f 2913/6381 2905/6380 2960/6639 2961/6640
f 2913/6381 2961/6640 2912/6641 1634/6642
f 2961/6640 2960/6639 2962/6643 2963/6644
f 2961/6640 2963/6644 2964/6645 2912/6641
f 2964/6645 2963/6644 2837/6646 2836/6647
f 2964/6648 2836/6146 2835/6145 2965/6649
f 2964/6650 2965/6651 2911/6353 2912/6362
f 2965/6651 2835/6652 2966/6653 2967/6654
f 2965/6651 2967/6654 2908/6354 2911/6353
f 2967/6655 2966/6656 2621/6657 2968/6658
f 2967/6655 2968/6658 2906/6344 2908/6343
f 2968/6659 2621/5398 2620/5397 2969/6660
f 2968/6659 2969/6660 2907/6661 2906/6662
f 2969/6660 2620/5397 2619/5396 2970/6663
f 2969/6660 2970/6663 2971/6664 2907/6661
f 2971/6664 2904/6334 1630/6665 2907/6661
f 2971/6664 2970/6663 2962/6666 2960/6667
f 2971/6664 2960/6667 2905/6335 2904/6334
f 2970/6668 2619/6669 2972/6670 2962/6671
f 2972/6670 2619/6669 1840/6672 1839/6673
f 2972/6674 1839/3149 1841/3148 2837/6675
f 2972/6676 2837/6646 2963/6644 2962/6643
f 2966/6677 2835/6145 1837/3136 1836/3135
f 2966/6656 1836/3141 1838/3140 2621/6657
f 2910/6349 2909/6348 2617/6678 2616/6679
f 2910/6680 2616/5388 2973/6681 2974/6682
f 2910/6349 2974/6683 2872/6684 1631/6346
f 2974/6682 2973/6681 2975/6685 2976/6686
f 2974/6682 2976/6686 2873/6231 2872/6230
f 2976/6686 2975/6685 2853/6687 2977/6688
f 2976/6686 2977/6688 2978/6689 2873/6231
f 2978/6690 2977/6691 2886/6692 2885/6693
f 2978/6690 2885/6693 2884/6270 2890/6269
f 2978/6689 2890/6267 2868/6232 2873/6231
f 2977/6691 2853/6694 2852/6695 2886/6692
f 2975/6685 2973/6681 2612/5377 2979/6696
f 2975/6685 2979/6696 2854/6195 2853/6687
f 2979/6696 2980/6697 2859/6196 2854/6195
f 2979/6696 2612/5377 2611/5376 2980/6697
f 2980/6698 2981/6699 2863/6700 2859/6701
f 2980/6698 2611/6702 2615/6703 2981/6699
f 2981/6704 2849/6178 2848/6177 2863/6205
f 2981/6704 2615/5385 2850/6179 2849/6178
f 2973/6681 2616/5388 2613/5378 2612/5377
f 2909/6705 2982/6706 2618/5392 2617/5391
f 2909/6705 1632/6707 2841/6708 2982/6706
f 2982/6709 2851/6180 2850/6179 2618/6710
f 2982/6709 2841/6711 2840/6712 2851/6180
f 1630/6713 1722/2853 2878/6337 2877/6714
f 2903/6715 1693/6716 1692/6717 1628/6718
f 2892/6273 2891/6272 2881/6719 2880/6720
f 2892/6721 2880/6722 2983/6723 2984/6724
f 2892/6721 2984/6724 2985/6725 2889/6726
f 2985/6725 2984/6724 2856/6727 2861/6728
f 2985/6729 2861/6730 2986/6731 2987/6732
f 2985/6729 2987/6732 2887/6733 2889/6734
f 2987/6735 2986/6736 2846/6737 2845/6738
f 2987/6735 2845/6738 2888/6259 2887/6258
f 2986/6736 2861/6739 2860/6207 2864/6206
f 2986/6736 2864/6206 2847/6176 2846/6737
f 2984/6724 2983/6723 1609/6740 2856/6727
f 2983/6741 2880/6742 2879/6743 2988/6744
f 2983/6723 2988/6745 2857/6746 1609/6740
f 2988/6747 2879/6247 1743/2897 1745/6748
f 2988/6749 1745/2903 2989/6750 2857/6751
f 2989/6750 1745/2903 1744/2901 1827/6752
f 2989/6753 1827/6754 1826/6755 2990/6756
f 2989/6757 2990/6758 2858/6193 2857/6192
f 2990/6759 1826/6760 1825/6761 2883/6253
f 2990/6759 2883/6253 2882/6252 2858/6762
f 2891/6763 2884/6764 2871/6765 2881/6766
f 2888/6259 2845/6738 2844/6767 2843/6768
f 2888/6259 2843/6768 2875/6769 2874/6260
f 2886/6256 2852/6770 2858/6762 2882/6252
f 2883/6253 1825/6761 2867/6216 2866/6215
f 2876/6771 2875/6769 2843/6768 2842/6772
f 2876/6773 2842/6774 2841/6775 1632/6776
f 2876/6777 1632/6778 1630/6779 2877/6780
f 2867/6781 1825/6782 1824/6783 2991/6784
f 2867/6785 2991/6786 1831/6787 1833/6788
f 2991/6784 1824/6783 1830/6789 1849/6790
f 2991/6786 1849/6791 1832/6792 1831/6787
f 2863/6700 2862/6793 2855/6794 2859/6701
f 2850/6179 2615/5385 2614/5384 2618/6710
f 2834/6143 2632/6795 2629/5450 2625/5449
f 2833/6796 2832/6797 2784/6798 2792/6799
f 2832/6800 2831/6801 2992/6802 2993/6803
f 2832/6797 2993/6804 2785/6805 2784/6798
f 2993/6806 2992/6807 2994/6808 2995/6809
f 2993/6804 2995/6810 2996/6811 2785/6805
f 2996/6811 2995/6810 1435/6812 2443/6813
f 2996/6814 2443/4941 2442/4940 2997/6815
f 2996/6814 2997/6815 2786/5975 2785/5974
f 2997/6816 2442/6817 1196/6818 2994/6819
f 2997/6816 2994/6819 2992/6820 2786/6821
f 2995/6809 2994/6808 1196/6822 1435/6823
f 2992/6820 2831/6129 2787/5982 2786/6821
f 2827/6112 1493/5358 1589/5361 2806/6113
f 2827/6112 2826/6111 2640/5454 2639/5453
f 2827/6824 2639/6825 2603/6826 1493/6827
f 2812/6076 2808/6068 2643/5461 2642/5460
f 2812/6828 2642/5466 2609/5465 2608/6829
f 2812/6830 2608/6831 2610/6580 2810/6579
f 1593/6060 2604/6059 2640/6832 2826/6833
f 2826/6834 1592/6086 1593/6085
f 2807/6063 2804/6039 2767/5910 2998/6835
f 2807/6063 2998/6835 2576/5291 2575/5290
f 2998/6835 2767/5910 2766/5909 2778/5952
f 2998/6835 2778/5952 2999/6836 2576/5291
f 2799/6837 2798/6838 2587/5328 2586/5327
f 2798/6839 2777/6840 2582/6841 2587/6842
f 2780/5956 2779/5955 2644/6843 2643/6065
f 2776/5944 2537/5192 2539/5194 2773/5945
f 2776/5944 2775/5943 2652/5499 2651/5498
f 2776/5944 2651/5498 2538/5193 2537/5192
f 2772/5931 2771/5930 2781/6844 2774/6845
f 2771/5930 2770/5929 2530/5180 2529/5179
f 2771/5930 2529/5179 2533/6846 2781/6844
f 2770/5935 2539/5934 2536/6847 2530/6848
f 2755/5855 2754/5854 2751/6849 2750/6850
f 2754/6851 2753/6852 2732/5783 2731/5782
f 2754/5854 2731/6853 2733/6854 2751/6849
f 2753/5851 2738/5850 2737/6855 2732/6856
f 2752/5862 2748/5861 2735/5792 2738/5795
f 2751/5846 2733/6857 3000/6858 2746/5847
f 3000/6859 2736/5793 2747/6860 2746/6861
f 3000/6858 2733/6857 2725/6862 2723/6863
f 3000/6859 2723/5754 2722/5753 2736/5793
f 2749/5839 2741/5838 2729/5789 2734/5788
f 2749/6864 2734/6865 2728/5820 2744/5814
f 2748/5861 2747/6860 2736/5793 2735/5792
f 2745/6866 1554/6867 2665/6868 2661/6869
f 2745/6870 2661/5522 2660/5521 2743/6871
f 2741/5802 2740/5801 2730/5776 2729/5775
f 2740/5801 2739/6872 2726/5777 2730/5776
f 2737/6873 2721/5758 2724/5757 2732/6874
f 2715/5704 2697/5703 2695/5624 2694/5622
f 2715/5698 2694/6875 2681/6876 2689/5699
f 2714/5696 2710/5708 2703/5650 2711/5691
f 2711/5691 2703/5650 2702/5649 2706/5692
f 2700/6877 1528/6878 1553/6879 1532/6880
f 2697/5638 2690/5637 2682/6881 2695/6882
f 2695/6883 2682/6884 1521/6885 2693/6886
f 2693/6886 1521/6885 2684/6887 2691/6888
f 2689/5606 2681/5588 2680/5587 2685/5607
f 2676/5575 1895/3275 1894/3274 2437/4928
f 2672/5542 1515/5541 1937/6889 1942/6890
f 2672/5542 1942/6890 3001/6891 3002/6892
f 2672/5542 3002/6892 3003/6893 1889/5543
f 3003/6894 1874/6895 1890/3268 1889/3267
f 3003/6893 3002/6892 1514/5537 2668/6896
f 3003/6894 2668/6897 1872/6898 1874/6895
f 3002/6892 3001/6891 2669/5538 1514/5537
f 3001/6899 1942/3420 1897/3419 3004/6900
f 3001/6899 3004/6900 3005/6901 2669/6902
f 3005/6903 3004/6904 1920/3358 1880/3250
f 3005/6903 1880/3250 1879/3249 3006/6905
f 3005/6901 3006/6906 2670/6907 2669/6902
f 3006/6905 1879/3249 3007/6908 2445/6909
f 3006/6906 2445/4948 2440/4947 2670/6907
f 3007/6908 1879/3249 1878/3248 1864/6910
f 3007/6908 1864/6910 1856/3188 1855/3187
f 3007/6911 1855/6912 1437/6913 2445/6914
f 3004/6904 1897/3279 1896/3278 1920/3358
f 1515/5541 2435/4920 1938/4919 1937/6889
f 2670/5539 2440/6915 2439/6916 2671/5540
f 2668/6897 2667/6917 1873/6918 1872/6898
f 2667/5535 1883/5534 1882/6919 3008/6920
f 2667/6921 3008/6922 3009/6923 1873/6924
f 3009/6925 1881/6926 1204/3236 1873/3235
f 3009/6923 3008/6922 2664/5526 2663/5525
f 3009/6927 2663/6928 3010/6929 1881/6930
f 3010/6931 2666/6932 1882/3253 1881/3252
f 3010/6929 2663/6928 2662/6933 2656/6934
f 3010/6931 2656/5505 2655/5504 2666/6932
f 3008/6935 1882/6936 2666/5531 2664/5530
f 2654/5502 2516/5501 2513/5143 2519/5142
f 2654/5502 2519/5142 2534/5189 2538/5193
f 2653/6937 2652/6938 1574/6939 3011/6940
f 2653/6937 3011/6940 2514/6941 2516/6942
f 2650/5494 2649/5496 2636/5444 2638/5443
f 2650/5494 2638/5443 1484/5279 2573/5282
f 2649/5481 2648/5480 2633/6943 2636/6944
f 2648/6945 2647/6946 2634/5431 2633/5430
f 2647/6946 2597/6947 3012/6948 2634/5431
f 2647/6946 2646/6949 2598/6950 2597/6947
f 3012/6951 2580/5306 2579/5305 3013/6952
f 3012/6948 3013/6953 2635/5432 2634/5431
f 3012/6951 2597/5348 2596/5347 2580/5306
f 3013/6954 2579/5303 2571/5302 2570/6955
f 3013/6956 2570/6957 2637/5439 2635/5438
f 2646/6949 2626/6958 2599/6959 2598/6950
f 2638/5443 2637/5442 2570/6960 1484/5279
f 2596/5345 2588/5344 2581/6961 2580/6962
f 2999/6836 2778/5952 2583/5951 1569/6963
f 2999/6964 1569/6965 1568/6966 1488/6967
f 2999/6836 1488/6968 2577/5292 2576/5291
f 1487/5298 2566/6969 2554/5228 2553/5227
f 2571/6970 2557/5232 2556/5231 2569/5274
f 2569/5274 2556/5231 2561/5247 2568/5271
f 2568/5271 2561/5247 2560/5246 2565/5272
f 2566/6969 2564/5264 2563/5254 2554/5228
f 2561/5247 2556/5231 2555/5230 2558/5248
f 2558/5242 2555/5236 2551/5235 2550/5243
f 2548/6971 2522/5159 2523/5158 3014/6972
f 2548/5213 3014/6973 3015/6974 2408/5214
f 3015/6975 3014/6976 3016/6977 3017/6978
f 3015/6979 3017/6980 3018/6981 3019/6982
f 3015/6979 3019/6982 2407/4833 2408/4832
f 3019/6983 3018/6984 2527/6985 2526/6986
f 3019/6983 2526/6986 2330/6987 2407/6988
f 3018/6989 3017/6990 3020/6991 3021/6992
f 3018/6984 3021/6993 3022/6994 2527/6985
f 3022/6994 3021/6993 1438/6995 1439/6996
f 3022/6997 1439/6998 1946/6999 3023/7000
f 3022/6997 3023/7000 2524/5169 2527/5168
f 3023/7001 1946/4952 2446/4951 3024/7002
f 3023/7001 3024/7002 2525/5165 2524/5164
f 3024/7002 2446/4951 2449/7003 3025/7004
f 3024/7005 3025/7006 3016/7007 2525/7008
f 3025/7009 2449/4960 2448/4959 3020/7010
f 3025/7009 3020/7010 3017/6978 3016/6977
f 3021/6992 3020/6991 2448/7011 1438/7012
f 3016/7007 3014/7013 2523/7014 2525/7008
f 2547/7015 3026/7016 2540/5196 2545/5204
f 2547/7017 2337/7018 2331/7019 2335/7020
f 2547/7015 2335/7021 2334/7022 3026/7016
f 3026/7016 3027/7023 2541/5197 2540/5196
f 3026/7016 2334/7022 2333/7024 3027/7023
f 3027/7023 2506/5118 2511/5123 2541/5197
f 3027/7023 2333/7024 2507/5119 2506/5118
f 2546/5208 2544/5207 2543/7025 3028/7026
f 2546/5208 3028/7026 3029/7027 2338/5211
f 3029/7028 3028/7029 2455/4972 2454/4971
f 3029/7030 2454/7031 2453/7032 2332/7033
f 3029/7030 2332/7033 1388/4605 2338/4608
f 3028/7026 2543/7025 3030/7034 2455/7035
f 3030/7036 3031/7037 2520/7038 2521/7039
f 3030/7040 2521/5153 2456/4973 2455/4972
f 3030/7036 2543/5201 2542/5200 3031/7037
f 3031/7041 2511/5123 2510/5122 2520/5145
f 3031/7041 2542/5198 2541/5197 2511/5123
f 3011/7042 2782/7043 2515/7044 2514/7045
f 2782/5960 2533/5184 2532/5183 2515/5130
f 2536/7046 2535/7047 2531/7048 2530/7049
f 2535/7050 2518/5139 2517/5138 2531/7051
f 2535/5190 2534/5189 2519/5142 2518/5141
f 2532/5183 2517/5187 2512/5131 2515/5130
f 2528/5171 2133/3991 2136/5059 2489/5058
f 2528/5171 2489/5058 2417/7052 2410/5172
f 2526/6986 1470/7053 2325/7054 2330/6987
f 2509/7055 2508/7056 2452/7057 2457/7058
f 2508/7059 2507/7060 2453/7061 2452/7062
f 2507/7060 2333/7063 2332/7064 2453/7061
f 2504/7065 3032/7066 2498/5099 2392/4794
f 2504/7065 2392/4794 2303/4793 2502/7067
f 2504/5112 2300/5111 3033/7068 3032/7069
f 3033/7070 3034/7071 3035/7072 3032/7073
f 3033/7074 2300/4490 2299/4489 2485/5053
f 3033/7074 2485/5053 2484/5052 3034/7075
f 3035/7076 2472/5016 2476/5015 2500/5105
f 3035/7076 2500/5105 2498/5099 3032/7066
f 3035/7072 3034/7071 2473/5007 2472/5006
f 3034/7075 2484/5052 2477/5019 2473/5018
f 2503/7077 2502/7078 2303/7079 2302/7080
f 2503/7081 2302/7082 2313/7083 2307/7084
f 2503/5110 2307/4519 2306/4518 2297/4484
f 2501/7085 2475/5012 2474/5011 3036/7086
f 2501/5108 3036/7087 2494/5080 2493/5079
f 3036/7088 2474/7089 2477/7090 2487/7091
f 3036/7092 2487/7093 2488/7094 2494/7095
f 2497/5096 2253/5095 2252/4801 2383/4759
f 2497/5096 2383/4759 2382/4758 3037/7096
f 2497/5096 3037/7096 2470/4999 2469/4998
f 3037/7096 2382/4758 2381/4757 3038/7097
f 3037/7098 3038/7099 3039/7100 2470/7101
f 3039/7100 3040/7102 2471/7103 2470/7101
f 3039/7104 3038/7105 3041/7106 2459/4977
f 3039/7104 2459/4977 2458/4976 3040/7107
f 3041/7106 3038/7105 2381/4776 2388/4775
f 3041/7106 2388/4775 2405/4823 3042/7108
f 3041/7106 3042/7108 2460/4978 2459/4977
f 3042/7108 2405/4823 2391/4790 2394/4797
f 3042/7108 2394/4797 2463/4981 2460/4978
f 3040/7109 2464/4988 2466/4987 2471/7110
f 3040/7107 2458/4976 2462/4980 2464/4983
f 2496/5100 2465/4984 2462/4980 2461/4979
f 2496/5086 1459/5085 2467/4991 2465/4990
f 2495/7111 2254/4354 3043/7112 3044/7113
f 2495/5091 3044/7114 2492/7115 2491/5092
f 3044/7113 3043/7112 1973/3474 2479/5030
f 3044/7114 2479/5023 2478/5022 2492/7115
f 3043/7112 2254/4354 1353/4353 2229/4270
f 3043/7112 2229/4270 1974/3475 1973/3474
f 2494/7095 2488/7094 2255/4360 1457/4359
f 2492/7116 2478/5026 2077/3797 2076/3796
f 2490/5064 2132/5063 2131/4805 2395/4804
f 2490/5064 2395/4804 2414/7117 2419/7118
f 1456/7119 2231/7120 2129/7121 2132/7122
f 1456/5073 2076/5076 1454/7123 2231/7124
f 2489/5058 1455/5057 2418/7125 2417/7052
f 2488/7126 2486/7127 2298/7128 2255/7129
f 2486/5054 2485/5053 2299/4489 2298/4488
f 2483/5045 2482/5044 3045/7130 3046/7131
f 2483/5049 3046/7132 3047/7133 2480/5050
f 3047/7134 3048/7135 2481/7136 2480/7137
f 3047/7138 3046/7139 2270/7140 2274/7141
f 3047/7142 2274/7143 2273/7144 3048/7145
f 3048/7146 3045/7147 2482/5037 2481/5036
f 3048/7146 2273/4419 2271/4418 3045/7147
f 3046/7131 3045/7130 2271/7148 2270/7149
f 2451/7150 2450/7151 3049/7152 3050/7153
f 2451/4965 3050/7154 3051/7155 1948/4966
f 3051/7156 3052/7157 1947/7158 1948/7159
f 3051/7155 3050/7154 1427/4898 2429/4901
f 3051/7156 2429/7160 3053/7161 3052/7157
f 3053/7162 1988/7163 3054/7164 3052/7165
f 3053/7166 2429/7167 2428/7168 2431/7169
f 3053/7162 2431/4908 1978/3492 1988/7163
f 3054/7170 3055/7171 1944/3424 1943/3423
f 3054/7164 1943/7172 1947/7173 3052/7165
f 3054/7170 1988/3512 1987/3511 3055/7171
f 3055/7174 3049/7175 2450/7176 1944/7177
f 3055/7174 1987/7178 1990/7179 3049/7175
f 3050/7153 3049/7152 1990/4903 1427/4902
f 2450/7176 2447/7180 1232/7181 1944/7177
f 2449/7003 2446/4951 1436/4950 2444/7182
f 2447/7183 1437/6913 1855/6912 1232/7184
f 1436/7185 1945/7186 3056/7187 3057/7188
f 1436/7189 3057/7190 3058/7191 2441/7192
f 3058/7193 3059/7194 1857/7195 2441/7196
f 3058/7197 3057/7198 1971/7199 3060/7200
f 3058/7193 3060/7201 3061/7202 3059/7194
f 3061/7203 3062/7204 3063/7205 3059/7206
f 3061/7202 3060/7201 2226/7207 3064/7208
f 3061/7203 3064/7209 3065/7210 3062/7204
f 3065/7211 1968/7212 1967/7213 3062/7214
f 3065/7210 3064/7209 3066/7215 3067/7216
f 3065/7211 3067/7217 3068/7218 1968/7212
f 3068/7219 2075/3793 1969/3792 1968/7220
f 3068/7218 3067/7217 3069/7221 3070/7222
f 3068/7219 3070/7223 2078/3800 2075/3793
f 3067/7224 3066/7225 3071/7226 3069/7227
f 3066/7228 3064/7208 2226/7207 2225/4265
f 3066/7228 2225/4265 2228/4264 3071/7229
f 3063/7230 3072/7231 1230/7232 1858/7233
f 3063/7205 1858/7234 1857/7235 3059/7206
f 3063/7236 3062/7237 1967/7238 3072/7239
f 3072/7240 3056/7187 1945/7186 1230/7241
f 3072/7242 1967/3466 1966/3465 3056/7243
f 3060/7200 1971/7199 1970/3481 2226/4261
f 3057/7188 3056/7187 1966/7244 1971/7245
f 2439/7246 3073/7247 3074/7248 2671/7249
f 2439/7250 1433/7251 1844/7252 3073/7253
f 3073/7247 1866/7254 1875/7255 3074/7248
f 3073/7247 1844/3153 1843/3152 1866/7254
f 2438/4929 1893/3273 1906/3307 3075/7256
f 2438/4929 3075/7256 1224/3384 1432/3387
f 2438/4929 2437/4928 1894/3274 1893/3273
f 2434/7257 3076/7258 2427/7259 2424/7260
f 2434/4916 2426/4915 2400/4815 2399/4814
f 2434/7257 2399/7261 3077/7262 3076/7258
f 3077/7263 3078/7264 3079/7265 3076/7266
f 3077/7262 2399/7261 2398/7267 3080/7268
f 3077/7263 3080/7269 3081/7270 3078/7264
f 3081/7270 3082/7271 2433/7272 3078/7264
f 3081/7273 3080/7274 2363/4821 2403/4820
f 3081/7270 2403/7275 2404/7276 3082/7271
f 3082/7277 3083/7278 2430/4913 2433/4912
f 3082/7277 2404/7279 3084/7280 3083/7278
f 3084/7281 2402/7282 2401/7283 3083/7284
f 3084/7285 2404/7286 2362/7287 2361/7288
f 3084/7281 2361/7289 3085/7290 2402/7282
f 3083/7291 2401/4818 2425/4892 2430/4907
f 3080/7268 2398/7267 2364/7292 2363/7293
f 3079/7265 2432/7294 2431/7169 2428/7168
f 3079/7265 2428/7168 2427/7295 3076/7266
f 3079/7265 3078/7264 2433/7272 2432/7294
f 2426/4893 2425/4892 2401/4818 2400/4817
f 2421/4860 2420/4859 3086/7296 3087/7297
f 2421/4860 3087/7297 3088/7298 2127/7299
f 2421/7300 2127/3979 3150/3978 2072/7301
f 3088/7298 3087/7297 2140/7302 3089/7303
f 3088/7298 3089/7303 3090/7304 2158/7305
f 3088/7298 2158/7305 2128/7306 2127/7299
f 3090/7304 3089/7303 3091/7307 2193/7308
f 3090/7309 2193/7310 2146/7311 3092/7312
f 3090/7309 3092/7312 2159/7313 2158/7314
f 3092/7315 2146/4024 2145/4023 3093/7316
f 3092/7315 3093/7316 2144/7317 2159/7318
f 3093/7319 2145/4033 2148/4032 2396/4810
f 3093/7319 2396/4810 2143/4018 2144/4021
f 3091/7320 3089/7321 2140/4006 2139/4005
f 3091/7307 2139/7322 2397/7323 2375/7324
f 3091/7307 2375/7324 2147/7325 2193/7308
f 3087/7297 3086/7296 2137/7326 2140/7302
f 3086/7327 2420/7328 2124/7329 2125/7330
f 3086/7327 2125/7330 2138/4003 2137/4002
f 2419/7331 2414/4843 2411/4842 2416/7332
f 2417/7333 2416/7334 2411/7335 2410/7336
f 2414/4843 2395/7337 2390/7338 2412/4839
f 2413/7339 2412/7340 2390/4782 2389/4781
f 2413/7341 2389/4779 2130/3986 2134/3992
f 2405/4823 2386/4772 2387/4771 2391/4790
f 3085/7290 2361/7289 2360/7342 3157/7343
f 3085/7290 3157/7343 3158/7344 2402/7282
f 2397/7345 2396/7346 2148/7347 2375/7348
f 2387/4771 2385/4770 2355/4684 2301/4791
f 2385/7349 2368/7350 2309/7351 2355/7352
f 2380/7353 2370/7354 2369/7355 3094/7356
f 2380/7357 3094/7358 2379/4751 2378/4750
f 3094/7356 2369/7355 2152/4040 2151/4039
f 3094/7358 2151/4037 2150/4036 2379/4751
f 3095/7359 2175/7360 3096/7361 3097/7362
f 3095/7363 3098/7364 2189/4141 2186/4138
f 3095/7365 2186/7366 2176/4114 2175/4113
f 3096/7367 2174/7368 2179/7369 2178/7370
f 3096/7367 2178/7370 2183/7371 3097/7372
f 3096/7361 2175/7360 2173/7373 2174/7374
f 3098/7375 2183/7376 2182/7377 2189/7378
f 2379/4751 2150/4036 3099/7379 2377/4752
f 3099/7379 2150/4036 2149/4035 2194/7380
f 3099/7381 2194/4157 2196/4165 2373/7382
f 3099/7381 2373/7382 2372/7383 2377/7384
f 2373/4738 2196/4308 2239/4307 2374/4739
f 2366/4721 2367/4720 1349/7385 2245/4326
f 2366/4721 2245/4326 2357/4778 2356/7386
f 2365/7387 2248/4330 2247/4329 2244/7388
f 2365/4719 2244/4324 2243/4323 2367/4720
f 2355/4684 2311/4683 1376/7389 2301/4791
f 2354/4680 2201/4679 3100/7390 3101/7391
f 2354/4680 3101/7391 3102/7392 2348/4681
f 3102/7392 3101/7391 3103/7393 2269/7394
f 3102/7395 2269/4407 2268/4406 2353/7396
f 3102/7395 2353/7396 2349/7397 2348/7398
f 3103/7393 3101/7391 3100/7390 3104/7399
f 3103/7393 3104/7399 2259/4367 2258/4366
f 3103/7393 2258/4366 2265/7400 2269/7394
f 3104/7401 3100/7402 2351/7403 2350/7404
f 3104/7401 2350/7404 2262/7405 2259/7406
f 3100/7407 2201/4182 2200/4181 2351/7408
f 2353/4677 2352/4676 2204/4663 2349/4662
f 2352/4674 2351/4673 2200/7409 2204/7410
f 2346/4649 2345/4648 2319/7411 2318/4556
f 2346/4649 2318/4556 2320/4555 2342/6490
f 2343/4631 2323/4630 2317/7412 2316/4639
f 2339/4612 3105/7413 2282/4434 2281/4433
f 2339/4612 1390/4611 2322/7414 3105/7413
f 3105/7415 2276/7416 2275/7417 2282/7418
f 3105/7419 2322/4561 2321/4560 2276/7420
f 2321/4560 2315/7421 2277/7422 2276/7420
f 2314/7423 2304/7424 2296/7425 3106/7426
f 2314/7427 3106/7428 1364/7429 2308/7430
f 2314/7431 2308/7432 2307/7433 2313/7434
f 2311/4527 2310/4526 2257/4494 1376/4493
f 2306/4518 2294/4517 2293/4485 2297/4484
f 2305/7435 2261/7436 2217/7437 1334/7438
f 2305/7435 1334/7438 1332/7439 2216/7440
f 2305/7435 2216/7440 3107/7441 1378/7442
f 2298/7128 2256/4363 1355/4362 2255/7129
f 2288/4541 2287/7443 2279/7444 2278/4542
f 1389/7445 2324/4567 1390/4570
f 3156/7446 1370/7447 3155/7448
f 2287/7443 2286/7449 2280/7450 2279/7444
f 2283/6133 2282/7451 2275/4426 2280/4431
f 1379/7452 2308/7453 1364/7454 3106/7455
f 2295/7456 1379/7457 3106/7458 2296/7459
f 2272/7460 2274/7141 2270/7140 1364/7461
f 3108/7462 2262/7463 2350/4672 1397/4671
f 3108/7464 1397/4675 2268/4678 1362/4401
f 2264/7465 3107/7441 2216/7440 2215/7466
f 2374/7467 2239/4322 2153/4321 2152/7468
f 3109/7469 1349/7470 2367/7471 2243/7472
f 2244/7388 2247/4329 1345/7473 2234/7474
f 2238/4310 2237/7475 2154/7476 2157/4311
f 2237/7475 2195/7477 2197/7478 3110/7479
f 2237/7475 3110/7479 2155/7480 2154/7476
f 3110/7479 2197/7478 2165/4090 2164/4089
f 3110/7479 2164/4089 2192/4150 2155/7480
f 1363/7481 2220/7482 2236/4296 2235/4295
f 2236/7483 2220/4246 2219/4245 2224/7484
f 2236/7485 2224/7486 1777/7487 1776/7488
f 2228/4264 2227/4263 3111/7489 3112/7490
f 2228/4264 3112/7490 2084/7491 3071/7229
f 3112/7490 3111/7489 3113/7492 3114/7493
f 3112/7490 3114/7493 2085/7494 2084/7491
f 3114/7493 3113/7492 2199/7495 3115/7496
f 3114/7493 3115/7496 3116/7497 2085/7494
f 3116/7498 2098/7499 2082/3809 2085/3819
f 3116/7497 3115/7496 2093/3832 2092/3831
f 3116/7498 2092/7500 2096/7501 2098/7499
f 3115/7496 2199/7495 2198/4173 2093/3832
f 3113/7502 3111/7503 2126/7504 2160/7505
f 3113/7506 2160/7507 2065/4179 2199/4178
f 3111/7508 2227/4269 2080/4268 2126/7509
f 2214/7510 1341/2967 1681/2725 2207/4199
f 2212/7511 2211/7512 2210/7513 3117/7514
f 2212/7511 3117/7514 1773/2960 1772/2959
f 2212/4218 2206/4217 2205/4212 2211/4211
f 3117/7514 2210/7513 1687/7515 1689/7516
f 3117/7514 1689/7516 1774/7517 1773/2960
f 2210/4206 2209/4205 1688/7518 1687/7519
f 2209/4205 1173/2941 1767/2944 1688/7518
f 2208/7520 3118/7521 1672/2702 1758/7522
f 2208/7520 1683/7523 1686/7524 3118/7521
f 3118/7521 1666/7525 1673/2703 1672/2702
f 3118/7526 1686/7527 1663/7528 1666/7529
f 2192/7530 2191/7531 2156/4044 2155/4043
f 2190/4143 2184/4128 2166/4098 2169/4097
f 2189/7532 2182/4124 2181/4123 2187/7533
f 2188/4140 2171/7534 2172/4118 2177/4117
f 2188/6556 2187/7533 2181/4123 2185/6557
f 2180/4122 2179/4121 2168/7535 2167/7536
f 2179/7369 2174/7368 2170/7537 2168/7538
f 2163/4081 2162/4080 2116/7539 2122/7540
f 2163/4728 2122/3956 2123/3955 2142/4729
f 2159/7318 2144/7317 2120/3942 2119/3941
f 2113/3929 2107/3893 1991/3524 1994/3523
f 2113/3929 1994/3523 3119/7541 2112/3930
f 2113/3929 2108/3928 2104/3894 2107/3893
f 3119/7541 1994/3523 1980/3495 1979/3494
f 3119/7542 1979/3502 1250/3501 3120/7543
f 3119/7542 3120/7543 2110/3926 2112/3925
f 3120/7544 1250/7545 2005/3560 3121/7546
f 3120/7544 3121/7546 2111/3919 2110/7547
f 3121/7546 2005/3560 2004/3559 3122/7548
f 3121/7546 3122/7548 2106/3881 2111/3919
f 3122/7549 2004/3565 2006/3564 3123/7550
f 3122/7548 3123/7551 2102/3882 2106/3881
f 3123/7552 2006/7553 1993/7554 1992/7555
f 3123/7552 1992/7555 2103/7556 2102/7557
f 1294/3921 2109/7558 2023/7559 2013/3588
f 2107/7560 2103/7561 1992/3520 1991/3519
f 2101/7562 2045/3686 2043/3685 2053/7563
f 2101/7564 2053/7565 2052/7566 2100/7567
f 2098/7568 2086/7569 1279/7570 2082/7571
f 2097/3843 2031/3636 2038/3662 2037/3661
f 2097/3845 2037/3667 2039/3666 2026/3846
f 2089/3825 2078/3800 3070/7223 1281/3820
f 2083/7572 1964/7573 1963/7574 1977/7575
f 2083/7572 1977/7575 1949/7576 1956/7577
f 2083/7572 1956/7577 2036/7578 1280/7579
f 3069/7580 3071/7581 2084/3818 1280/3808
f 3069/7582 1280/7583 1281/3820 3070/7223
f 2081/3807 2049/3702 1965/3463 1964/3462
f 2081/3807 1279/3806 2035/3703 2049/3702
f 1277/7584 2074/7585 2070/7586 2069/7587
f 2074/3784 2073/3783 2058/3724 2057/3723
f 2074/7585 2057/3721 2056/3720 2070/7586
f 2066/7588 1310/7589 1274/3737 1269/3736
f 2066/7590 1269/7591 2060/7592 3147/7593
f 2059/7594 2051/7595 1954/7596 1953/7597
f 2059/3728 1953/3443 1952/3442 2045/3870
f 2053/7598 2043/3679 2042/3678 2050/7599
f 2051/3710 2050/3709 2042/7600 1954/7601
f 2049/3702 2047/3701 1958/3451 1965/3463
f 2048/3705 2040/7602 2030/7603 2028/3630
f 2047/3701 2046/7604 1959/3452 1958/3451
f 2042/7600 2041/7605 1955/7606 1954/7601
f 2041/3683 2034/3682 2033/3659 1955/7607
f 2040/3674 2038/3673 2031/7608 2030/7609
f 2036/3658 1956/7610 1955/7607 2033/3659
f 2024/3618 2014/7611 2011/3581 2010/3580
f 2023/7559 2009/3576 2008/3575 2013/3588
f 2019/7612 2018/7613 2002/7614 2001/7615
f 2018/7616 2022/3609 1999/3540 2002/3553
f 2020/7617 2007/3568 1986/3567 1985/7618
f 2006/7619 1982/7620 1981/7621 1993/7622
f 1962/3886 1951/3885 1950/7623 1960/7624
f 1941/7625 1228/7626 1935/7627 1227/7628
f 1933/7629 1903/7630 1210/3301 1904/3304
f 1933/7629 1904/3304 1870/3231 1922/7631
f 1933/7632 1922/7633 1921/7634 1901/7635
f 3124/7636 1905/3306 1908/7637 1911/7638
f 3124/7636 1911/7638 1912/7639 1913/7640
f 3124/7636 3075/7256 1906/3307 1905/3306
f 1931/3371 1927/3375 3125/7641 3126/7642
f 1931/3371 3126/7642 3127/7643 1930/3372
f 3127/7644 3126/7645 1817/7646 1819/7647
f 3127/7648 1819/7649 1820/7650 3128/7651
f 3127/7648 3128/7651 1926/3365 1930/3369
f 3128/7652 1820/7653 1818/7654 3125/7655
f 3128/7651 3125/7656 1927/3366 1926/3365
f 3126/7642 3125/7641 1818/7657 1817/7658
f 1924/7659 1923/7660 1869/7661 1868/7662
f 1924/7659 1868/7662 3129/7663 3130/7664
f 1924/3362 3130/7665 3131/7666 1925/3363
f 3131/7667 3132/7668 1867/7669 1925/7670
f 3131/7666 3130/7665 3133/7671 3134/7672
f 3131/7673 3134/7674 3135/7675 3132/7676
f 3135/7677 3136/7678 3129/7679 3132/7680
f 3135/7675 3134/7674 3137/7681 3138/7682
f 3135/7683 3138/7684 1807/7685 3136/7686
f 3138/7682 3137/7681 1812/7687 3139/7688
f 3138/7689 3139/7690 1181/7691 1807/7692
f 3139/7688 1812/7687 1186/7693 1187/7694
f 3139/7695 1187/7696 1810/7697 1181/7698
f 3137/7699 3134/7700 3133/7701 1806/7702
f 3137/7699 1806/7702 1805/7703 1812/7704
f 3136/7705 3133/7706 3130/7664 3129/7663
f 3136/7705 1807/3031 1806/3030 3133/7706
f 3132/7680 3129/7679 1868/7707 1867/7708
f 1923/7709 1922/7631 1870/3231 1869/3230
f 1921/3359 1920/3358 1896/3278 1901/3290
f 1919/7710 1914/7711 1798/7712 1795/7713
f 1919/7710 1795/7713 1793/7714 1792/7715
f 1918/3355 1800/3020 1808/3033 1809/3037
f 1918/3355 1792/3357 1791/3021 1800/3020
f 1917/3350 1809/3037 1804/3036 1915/3351
f 1916/3353 1803/7716 1797/3016 1796/3015
f 1916/3346 1915/3345 1804/7717 1803/7718
f 1932/7719 1224/3384 3075/7256 3124/7636
f 1913/3338 1222/3337 1932/7720 3124/7721
f 1907/3308 1906/3307 1893/3273 1892/3272
f 1904/3304 1891/3303 1871/3232 1870/3231
f 1891/3270 1890/3269 1874/7722 1871/7723
f 1878/7724 1876/7725 1865/7726 1864/7727
f 3074/7728 1875/7729 1204/7730 1883/7731
f 3074/7732 1883/7733 1514/5537 2671/5540
f 1876/3243 1875/3242 1866/3219 1865/3218
f 1877/7734 1205/7735 1925/7670 1867/7669
f 1877/7736 1867/7737 1203/7738 1204/7739
f 1863/3222 1842/3221 1829/3127 1832/3126
f 1863/7740 1832/7741 1849/7742 1199/7743
f 1862/7744 1860/3213 1848/3212 3140/7745
f 1862/7744 3140/7745 1763/7746 1762/7747
f 1862/3208 1762/7748 1765/2947 1198/3201
f 3140/7749 1848/3160 1847/3159 3141/7750
f 3140/7749 3141/7750 1761/7751 1763/7752
f 3141/7753 1847/3156 1846/3155 1851/7754
f 3141/7753 1851/7754 1759/7755 1761/7756
f 1435/7757 1852/3172 1846/3169 1845/7758
f 1854/3182 1782/2990 1781/2989 1852/3183
f 1853/3174 1822/7759 1768/2952 1770/2951
f 1853/3174 1770/2951 1757/7760 1760/3175
f 1195/7761 1781/7762 1780/4234 1786/4233
f 1195/7763 1786/2996 1785/2995 1823/7764
f 1851/3168 1850/3167 1760/2930 1759/2929
f 1842/3151 1193/3150 1830/3122 1829/3121
f 1828/7765 1827/6752 1744/2901 1742/2900
f 1823/7766 1785/3000 1784/2999 1783/7767
f 1822/7768 1198/3201 1765/2947 1768/2946
f 1820/7769 1819/7770 1811/7771 1814/7772
f 1815/3071 3146/3070 1788/7773 1787/7774
f 1803/7716 1802/3041 1801/3040 1797/3016
f 1801/3040 1790/3012 1794/3011 1797/3016
f 2223/7775 1341/7776 2214/7777 1335/7778
f 1777/7779 2224/4254 2223/4253 1335/7780
f 1341/2967 1775/2966 1682/2726 1681/2725
f 1775/7781 1774/7782 1689/7783 1682/7784
f 1770/7785 1769/7786 1758/7787 1757/7788
f 1767/7789 1766/7790 1665/7791 1664/7792
f 1767/7789 1664/7792 1685/2738 1688/2737
f 1766/7793 1764/7794 1172/7795 1673/7796
f 1766/7793 1673/7796 1666/7797 1665/7798
f 1763/7752 1761/7751 1671/2691 1670/2690
f 1756/7799 1755/7800 1753/7801 1752/7802
f 1756/7803 1752/7804 1740/7805 3142/7806
f 1756/2924 3142/7807 3143/7808 1754/2922
f 3143/7809 3142/7810 1714/7811 1713/7812
f 3143/7808 1713/2824 1711/2810 3144/7813
f 3143/7808 3144/7813 1733/2882 1754/2922
f 3144/7813 1711/2810 1707/2797 1708/2801
f 3144/7813 1708/2801 1726/2863 1733/2882
f 3142/7814 1740/7815 1739/7816 1714/7817
f 1755/7818 1734/7819 1748/7820 1753/7821
f 1753/2920 1748/2914 1747/2913 1751/2918
f 1751/2918 1747/2913 1750/2916 1736/2886
f 1750/2916 1716/2841 1715/2840 1746/2911
f 1750/2916 1746/2911 1737/2887 1736/2886
f 1749/7822 1748/7820 1734/7819 1731/7823
f 1749/7824 1731/7825 1725/7826 1717/7827
f 1739/7828 1738/2908 1712/2907 1714/7829
f 1724/7830 1723/7831 1679/2721 1678/2720
f 1723/7832 1157/7833 1158/2800 1149/2796
f 1723/7831 1149/7834 1695/7835 1679/2721
f 1697/2869 1696/7836 1692/7837 1691/2870
f 1686/7838 1685/2738 1664/7792 1663/7839
f 1669/7840 1136/7841 1135/7842 1137/7843
f 1663/7844 1664/7845 1665/7846 1666/7847
f 1189/7848 1787/7849 1788/7850 1789/7851
f 1215/3310 1910/7852 1911/7853 1908/3311
f 1236/7854 1968/7855 1969/7856 1975/7857
f 1249/7858 2020/7859 1985/3504 1984/3509
f 1251/7860 2022/7861 2018/7862 2019/7863
f 1327/7864 2067/7865 2063/7866 2062/7867
f 1314/6554 2185/6557 2181/4123 1318/7868
f 2370/7869 2380/7870 2378/7871 2376/7872
f 2416/7873 2417/7874 2418/5068 2419/5067
f 2591/7875 2592/7876 2593/7877 2594/7878
f 1503/7879 2640/6832 2604/6059 2641/7880
f 1512/7881 1551/7882 2659/7883 1552/7884
f 1550/7885 1555/7886 2745/7887 2743/7888
f 1434/7889 1437/4958 2444/4961 1436/7890
f 1297/7891 2114/7892 1298/7893 1299/7894
f 1705/2813 1154/2799 1150/2798
f 1717/7827 1725/7826 1158/7895 1155/7896
f 1175/7897 1335/7898 1174/7899 1342/7900
f 1221/7901 1929/7902 1220/7903 1928/7904
f 1310/7905 2160/7906 2126/7907 1301/7908
f 2253/7909 1460/7910 1302/3981 1352/3984
f 1355/7911 1354/7912 1351/7913
f 1339/4288 1353/4291 1352/7914
f 1413/7915 2131/7916 1415/7917 2233/7918
f 3152/7919 2233/7920 1348/7921
f 2374/7922 2152/7923 2369/7924 1350/7925
f 1608/7926 2851/7927 2840/7928 1605/7929
f 1615/6227 2872/6230 1613/6224
f 3098/7930 3095/7931 3097/7932 2183/7933
f 2814/6079 1603/7934 2815/6080
f 2632/7935 2834/7936 1605/7937 1606/7938
f 2952/7939 2951/7940 2927/7941 2926/7942
f 3108/7464 1362/4401 2267/4404
f 2442/6817 1197/7943 1861/7944 1196/6818
f 2442/7945 2441/7946 1857/7947 1197/7948
f 2054/7949 1286/7950 1268/7951 1285/7952
f 2054/7953 1284/7954 2087/7955 1286/7956
f 1345/7957 1347/4306 1344/4305 2238/7958
f 1345/7959 1346/7960 2157/7961 1347/7962
f 1345/7473 2247/4329 2241/4328 1346/7963
f 1356/7964 2257/7965 1414/4798 3163/7966
f 1414/4798 2252/4801 2246/7967 3163/7966
f 1552/7968 1662/7969 1512/7970
f 1552/7971 2659/7972 1536/7973 1662/7974
f 2699/7975 2698/7976 1531/5664 1530/5663
f 1536/5685 1533/5684 2699/7977
f 1536/7978 2699/7979 1530/7980
f 1536/7981 1530/7982 1662/7983
f 2865/7984 1616/7985 1613/7986
f 1616/7987 2881/6766 2871/6765 1613/7988
f 3148/7989 3150/7989 3149/7989 2118/7989
f 3149/7990 2128/7991 1301/4051 2118/3940
f 1370/7992 1389/4618 1387/4617 1369/7993
f 1370/7994 3156/7995 3155/7996 1389/7997
f 2782/7043 3011/7042 1574/7998 1573/7999
f 1574/7998 2774/8000 2781/8001 1573/7999
f 2266/8002 1378/8003 3107/8004 2263/8005
f 3107/7441 2264/7465 2263/8006
f 2266/8007 2265/8008 2258/8009 1357/8010
f 1373/8011 2296/7425 2304/7424 1372/8012
f 2266/8013 1357/8014 1378/8015
f 1357/8016 1373/8017 1372/8018 1378/8019
f 1224/8020 1932/8021 1900/8022 1899/8023
f 1273/8024 1275/8025 2068/8026 2069/8027
f 1303/8028 1416/8029 2397/7323 2139/7322
f 1355/8030 1356/7964 3163/7966 2246/7967
f 1421/8031 2015/8032 1423/8033 1422/8034
f 3164/8035 3165/8036 3166/8037 3167/8038
f 3164/8039 3168/8040 3169/8041 3165/8042
f 3164/8043 3167/8044 3170/8045 3168/8046
f 3173/8047 3174/8048 3175/8049 3171/8050
f 3173/8051 3172/8052 3176/8053 3174/8054
f 3176/8053 3177/8055 3178/8056 3174/8054
f 3176/8053 3172/8052 3166/8057 3165/8042
f 3176/8053 3165/8042 3169/8041 3177/8055
f 3178/8058 3179/8059 3180/8060 3181/8061
f 3178/8058 3181/8061 3175/8049 3174/8048
f 3178/8056 3177/8055 3182/8062 3179/8063
f 3182/8062 3183/8064 3184/8065 3179/8063
f 3182/8062 3177/8055 3169/8041 3185/8066
f 3182/8062 3185/8066 3186/8067 3183/8064
f 3186/8067 3187/8068 3188/8069 3183/8064
f 3186/8070 3185/8071 3189/8072 3190/8073
f 3186/8070 3190/8073 3191/8074 3187/8075
f 3191/8074 3192/8076 3193/8077 3187/8075
f 3191/8078 3190/8079 3194/8080 3195/8081
f 3191/8078 3195/8081 3196/8082 3192/8083
f 3196/8082 3195/8081 3197/8084 3198/8085
f 3196/8082 3198/8085 3199/8086 3200/8087
f 3199/8086 3198/8085 3202/8088 3203/8089
f 3203/8090 3202/8091 3204/8092 3201/8093
f 3204/8092 3202/8091 3205/8094 3188/8069
f 3204/8092 3188/8069 3187/8068 3193/8095
f 3204/8096 3193/8097 3200/8098 3201/8099
f 3205/8100 3202/8088 3198/8085 3197/8084
f 3205/8100 3197/8084 3206/8101 3184/8102
f 3205/8094 3184/8065 3183/8064 3188/8069
f 3206/8101 3197/8084 3195/8081 3194/8080
f 3206/8101 3194/8080 3207/8103 3180/8060
f 3206/8101 3180/8060 3179/8059 3184/8102
f 3207/8103 3194/8080 3190/8079 3189/8104
f 3207/8103 3189/8104 3168/8046 3170/8045
f 3207/8103 3170/8045 3181/8061 3180/8060
f 3196/8105 3200/8106 3193/8107
f 3192/8108 3196/8105 3193/8107
f 3189/8109 3185/8066 3169/8041 3168/8040
f 3181/8061 3170/8045 3167/8044 3175/8049
f 3175/8049 3167/8044 3166/8110 3171/8050
f 3166/8111 3172/8112 3173/8113 3171/8114
f 3199/8115 3203/8116 3201/8117 3200/8118
f 3208/8119 3241/8120 3242/8121 3243/8122
f 3208/8119 3243/8122 3244/8123 3245/8124
f 3208/8119 3245/8124 3246/8125 3241/8120
f 3209/8126 3247/8127 3248/8128 3249/8129
f 3209/8130 3249/8131 3210/8132 3250/8133
f 3209/8126 3250/8134 3251/8135 3247/8127
f 3210/8136 3242/8137 3241/8138 3250/8139
f 3210/8140 3249/8141 3252/8142 3242/8143
f 3211/8144 3215/8145 3246/8125 3245/8124
f 3211/8144 3213/8146 3253/8147 3254/8148
f 3211/8149 3254/8150 3216/8151 3215/8152
f 3211/8144 3245/8124 3244/8123 3213/8146
f 3212/8153 3252/8154 3255/8155 3256/8156
f 3212/8157 3243/8122 3242/8121 3252/8158
f 3212/8157 3256/8159 3244/8123 3243/8122
f 3213/8146 3244/8123 3256/8159 3253/8147
f 3214/8160 3257/8161 3258/8162 3218/8163
f 3214/8164 3254/8165 3253/8166 3257/8167
f 3214/8164 3218/8168 3216/8169 3254/8165
f 3215/8170 3216/8171 3225/8172 3259/8173
f 3215/8174 3259/8175 3260/8176 3261/8177
f 3216/8171 3262/8178 3263/8179 3225/8172
f 3216/8171 3218/8180 3264/8181 3262/8178
f 3217/8182 3258/8162 3248/8128 3247/8127
f 3217/8182 3247/8127 3251/8135 3261/8183
f 3217/8182 3265/8184 3266/8185 3267/8186
f 3217/8182 3261/8183 3260/8187 3265/8184
f 3217/8182 3267/8186 3218/8163 3258/8162
f 3219/8188 3226/8189 3268/8190 3269/8191
f 3219/8188 3269/8191 3270/8192 3271/8193
f 3341/8194 3272/8195 3273/8196 3342/8197
f 3219/8188 3274/8198 3275/8199 3226/8189
f 3219/8188 3271/8193 3237/8200 3274/8198
f 3220/8201 3276/8202 3277/8203 3278/8204
f 3220/8201 3278/8204 3279/8205 3280/8206
f 3220/8201 3280/8206 3281/8207 3276/8202
f 3221/8208 3282/8209 3283/8210 3284/8211
f 3221/8208 3285/8212 3286/8213 3282/8209
f 3221/8214 3284/8215 3281/8216 3285/8217
f 3222/8218 3287/8219 3284/8211 3283/8210
f 3222/8218 3269/8191 3268/8190 3287/8219
f 3222/8218 3283/8210 3270/8192 3269/8191
f 3223/8220 3285/8221 3281/8207 3280/8206
f 3223/8222 3288/8223 3286/8224 3285/8225
f 3223/8220 3280/8206 3279/8205 3288/8226
f 3224/8227 3289/8228 3290/8229 3291/8230
f 3224/8227 3291/8230 3267/8186 3266/8185
f 3224/8227 3266/8185 3292/8231 3289/8228
f 3225/8172 3263/8179 3293/8232 3259/8173
f 3342/8233 3273/8234 3227/8235 3294/8236
f 3226/8237 3275/8238 3295/8239 3296/8240
f 3226/8237 3296/8240 3277/8241 3268/8242
f 3227/8243 3273/8244 3297/8245 3298/8246
f 3227/8247 3299/8248 3300/8249 3232/8250
f 3228/8251 3301/8252 3302/8253 3303/8254
f 3228/8255 3303/8256 3304/8257 3293/8258
f 3229/8259 3231/8260 3306/8261 3307/8262
f 3229/8263 3308/8264 3230/8265 3309/8266
f 3229/8259 3307/8262 3310/8267 3308/8268
f 3230/8269 3308/8270 3311/8271 3312/8272
f 3230/8265 3302/8273 3313/8274 3309/8266
f 3272/8275 3314/8276 3315/8277 3273/8278
f 3229/8263 3309/8266 3240/8279 3316/8280
f 3229/8281 3292/8231 3317/8282 3230/8283
f 3229/8281 3316/8284 3289/8228 3292/8231
f 3341/8285 3342/8286 3294/8287 3318/8288
f 3232/8289 3300/8290 3303/8291 3302/8292
f 3233/8293 3319/8294 3320/8295 3321/8296
f 3233/8297 3321/8298 3295/8239 3275/8238
f 3233/8293 3275/8199 3274/8198 3319/8294
f 3234/8299 3320/8300 3322/8301 3323/8302
f 3234/8303 3324/8304 3321/8305 3320/8306
f 3234/8303 3323/8307 3238/8308 3324/8304
f 3235/8309 3305/8310 3315/8311 3314/8312
f 3235/8313 3314/8314 3318/8315 3325/8316
f 3236/8317 3325/8318 3318/8319 3294/8320
f 3237/8200 3271/8193 3326/8321 3327/8322
f 3237/8200 3327/8322 3319/8294 3274/8198
f 3238/8308 3328/8323 3329/8324 3324/8304
f 3238/8325 3323/8326 3330/8327 3328/8328
f 3239/8329 3316/8280 3240/8279 3331/8330
f 3239/8331 3290/8229 3289/8228 3316/8284
f 3239/8332 3331/8333 3332/8334 3290/8335
f 3240/8336 3309/8337 3313/8338 3331/8339
f 3332/8340 3331/8339 3313/8338 3333/8341
f 3332/8340 3333/8341 3262/8178 3264/8181
f 3332/8334 3264/8342 3291/8343 3290/8335
f 3333/8341 3313/8338 3302/8344 3301/8345
f 3333/8341 3301/8345 3263/8179 3262/8178
f 3330/8327 3334/8346 3335/8347 3328/8328
f 3330/8348 3323/8302 3322/8301 3336/8349
f 3330/8350 3336/8351 3337/8352 3334/8353
f 3337/8352 3286/8224 3288/8223 3334/8353
f 3337/8354 3336/8355 3326/8321 3338/8356
f 3337/8354 3338/8356 3282/8209 3286/8213
f 3338/8356 3326/8321 3271/8193 3270/8192
f 3338/8356 3270/8192 3283/8210 3282/8209
f 3336/8357 3322/8358 3327/8359 3326/8360
f 3335/8347 3279/8205 3278/8204 3339/8361
f 3335/8347 3339/8361 3329/8362 3328/8328
f 3335/8347 3334/8346 3288/8226 3279/8205
f 3339/8361 3278/8204 3277/8203 3296/8363
f 3339/8364 3296/8365 3295/8366 3329/8324
f 3329/8324 3295/8366 3321/8305 3324/8304
f 3327/8322 3322/8367 3320/8295 3319/8294
f 3318/8368 3314/8369 3272/8195 3341/8194
f 3301/8345 3228/8370 3293/8232 3263/8179
f 3304/8371 3317/8282 3265/8184 3260/8187
f 3304/8372 3260/8373 3259/8374 3293/8375
f 3317/8282 3292/8231 3266/8185 3265/8184
f 3300/8376 3299/8377 3294/8378 3227/8379
f 3230/8283 3317/8282 3304/8371 3303/8380
f 3230/8381 3303/8382 3300/8383 3227/8384
f 3291/8343 3264/8342 3218/8385 3267/8386
f 3287/8387 3268/8242 3277/8241 3276/8388
f 3287/8389 3276/8390 3281/8391 3284/8392
f 3261/8177 3251/8393 3246/8394 3215/8174
f 3258/8162 3257/8161 3255/8395 3248/8128
f 3257/8396 3253/8397 3256/8156 3255/8155
f 3255/8395 3252/8398 3249/8129 3248/8128
f 3251/8393 3250/8399 3241/8400 3246/8394
f 3229/8401 3230/8402 3340/8403 3231/8404
f 3235/8405 3325/8406 3236/8407 3305/8408
f 3232/8409 3302/8273 3230/8265 3227/8410
f 3306/8411 3231/8412 3340/8413
f 3340/8414 3230/8415 3312/8416
f 3297/8417 3273/8418 3315/8419
f 3315/8420 3299/8421 3227/8422 3298/8423
f 3315/8424 3305/8425 3299/8426
f 3305/8427 3236/8428 3294/8429 3299/8430
f 3343/8431 3349/8432 3350/8433 3351/8434
f 3344/8435 3352/8436 3353/8437 3354/8438
f 3344/8435 3355/8439 3356/8440 3357/8441
f 3344/8435 3354/8438 3358/8442 3355/8439
f 3345/8443 3359/8444 3360/8445 3361/8446
f 3346/8447 3353/8448 3352/8449 3347/8450
f 3348/8451 3362/8452 3363/8453 3364/8454
f 3363/8455 3362/8456 3365/8457 3366/8458
f 3363/8459 3366/8460 3367/8461 3368/8462
f 3363/8459 3368/8462 3369/8463 3364/8464
f 3369/8465 3368/8466 3370/8467 3371/8468
f 3371/8469 3370/8470 3372/8471 3373/8472
f 3373/8472 3372/8471 3374/8473 3375/8474
f 3375/8474 3374/8473 3360/8445 3359/8444
f 3374/8475 3372/8476 3376/8477 3377/8478
f 3374/8473 3377/8479 3378/8480 3360/8445
f 3378/8481 3377/8482 3379/8483 3380/8484
f 3378/8480 3380/8485 3381/8486 3382/8487
f 3378/8480 3382/8487 3361/8446 3360/8445
f 3381/8488 3380/8489 3355/8490 3358/8491
f 3380/8492 3379/8493 3356/8440 3355/8439
f 3379/8493 3377/8494 3376/8495 3383/8496
f 3379/8493 3383/8496 3384/8497 3356/8440
f 3384/8497 3383/8496 3385/8498 3386/8499
f 3384/8497 3386/8499 3387/8500 3388/8501
f 3384/8497 3388/8501 3357/8441 3356/8440
f 3387/8500 3386/8499 3389/8502 3390/8503
f 3390/8503 3389/8502 3350/8433 3349/8432
f 3389/8502 3391/8504 3392/8505 3350/8433
f 3389/8502 3386/8499 3385/8498 3391/8504
f 3392/8506 3366/8458 3365/8457 3393/8507
f 3392/8505 3393/8508 3351/8434 3350/8433
f 3392/8505 3391/8504 3367/8461 3366/8460
f 3391/8504 3385/8498 3394/8509 3367/8461
f 3394/8509 3370/8510 3368/8462 3367/8461
f 3394/8509 3385/8498 3383/8496 3376/8495
f 3394/8509 3376/8495 3372/8511 3370/8510
f 3395/8512 3416/8513 3417/8514 3418/8515
f 3395/8516 3419/8517 3420/8518 3416/8519
f 3395/8512 3418/8515 3421/8520 3419/8521
f 3396/8522 3422/8523 3423/8524 3424/8525
f 3396/8522 3425/8526 3426/8527 3422/8523
f 3396/8522 3424/8525 3427/8528 3425/8526
f 3397/8529 3416/8530 3420/8531 3428/8532
f 3397/8533 3428/8534 3429/8535 3430/8536
f 3397/8537 3430/8538 3417/8514 3416/8513
f 3398/8539 3431/8540 3432/8541 3433/8542
f 3398/8539 3433/8542 3408/8543 3434/8544
f 3398/8545 3434/8546 3435/8547 3431/8548
f 3399/8549 3436/8550 3437/8551 3438/8552
f 3399/8549 3439/8553 3440/8554 3436/8550
f 3399/8555 3438/8556 3441/8557 3439/8558
f 3400/8559 3438/8560 3437/8561 3442/8562
f 3400/8563 3442/8564 3443/8565 3444/8566
f 3400/8563 3444/8566 3441/8567 3438/8568
f 3401/8569 3423/8570 3421/8571 3445/8572
f 3401/8573 3446/8574 3424/8525 3423/8524
f 3402/8575 3401/8576 3447/8577 3448/8578
f 3403/8579 3449/8580 3450/8581 3448/8582
f 3403/8583 3451/8584 3452/8585 3453/8586
f 3403/8583 3453/8586 3404/8587 3449/8588
f 3403/8589 3448/8590 3447/8591 3454/8592
f 3404/8587 3453/8586 3455/8593 3443/8594
f 3404/8595 3443/8565 3442/8564 3449/8596
f 3405/8597 3456/8598 3457/8599 3458/8600
f 3405/8601 3452/8602 3451/8603 3456/8604
f 3405/8605 3459/8606 3460/8607 3452/8585
f 3405/8608 3454/8609 3461/8610 3462/8611
f 3401/8612 3406/8613 3463/8614 3464/8615
f 3406/8616 3405/8597 3458/8600 3463/8617
f 3407/8618 3414/8619 3465/8620 3466/8621
f 3407/8618 3466/8621 3467/8622 3468/8623
f 3407/8618 3468/8623 3469/8624 3414/8619
f 3408/8543 3433/8542 3470/8625 3471/8626
f 3408/8627 3471/8628 3472/8629 3434/8546
f 3409/8630 3473/8631 3474/8632 3475/8633
f 3409/8634 3475/8635 3476/8636 3472/8637
f 3409/8638 3472/8639 3471/8640 3473/8641
f 3410/8642 3477/8643 3478/8644 3411/8645
f 3410/8642 3411/8645 3479/8646 3480/8647
f 3410/8642 3480/8647 3481/8648 3477/8643
f 3411/8645 3478/8644 3482/8649 3479/8646
f 3412/8650 3483/8651 3484/8652 3485/8653
f 3412/8650 3485/8653 3486/8654 3487/8655
f 3412/8650 3487/8655 3488/8656 3483/8651
f 3413/8657 3489/8658 3430/8536 3429/8535
f 3413/8659 3477/8660 3481/8661 3489/8662
f 3413/8663 3429/8664 3478/8665 3477/8666
f 3414/8619 3469/8624 3490/8667 3465/8620
f 3415/8668 3488/8669 3487/8670 3491/8671
f 3415/8672 3491/8673 3490/8674 3469/8675
f 3415/8676 3469/8677 3468/8678 3488/8679
f 3491/8671 3487/8670 3486/8680 3492/8681
f 3491/8682 3492/8683 3493/8684 3490/8685
f 3493/8686 3494/8687 3465/8620 3490/8667
f 3493/8684 3492/8683 3457/8688 3495/8689
f 3493/8686 3495/8690 3462/8611 3494/8687
f 3494/8687 3496/8691 3466/8621 3465/8620
f 3494/8687 3462/8611 3461/8610 3496/8691
f 3496/8691 3497/8692 3467/8622 3466/8621
f 3496/8691 3461/8610 3498/8693 3497/8692
f 3498/8694 3464/8695 3484/8696 3497/8697
f 3498/8698 3461/8699 3454/8592 3447/8591
f 3498/8700 3447/8701 3401/8612 3464/8615
f 3497/8702 3484/8703 3483/8704 3467/8705
f 3492/8706 3486/8707 3458/8600 3457/8599
f 3489/8708 3499/8709 3417/8514 3430/8538
f 3489/8662 3481/8661 3500/8710 3499/8711
f 3500/8712 3446/8713 3501/8714 3499/8715
f 3500/8716 3481/8648 3480/8647 3427/8717
f 3500/8718 3427/8528 3424/8525 3446/8574
f 3499/8709 3501/8719 3418/8515 3417/8514
f 3488/8679 3468/8678 3467/8720 3483/8721
f 3486/8654 3485/8653 3463/8614 3458/8722
f 3485/8653 3484/8652 3464/8615 3463/8614
f 3502/8723 3476/8724 3475/8725 3503/8726
f 3502/8727 3456/8604 3451/8603 3504/8728
f 3502/8727 3504/8728 3435/8729 3476/8730
f 3503/8731 3475/8633 3474/8632 3459/8606
f 3482/8732 3426/8527 3425/8526 3479/8733
f 3482/8734 3478/8735 3429/8736 3428/8737
f 3482/8734 3428/8737 3420/8738 3426/8739
f 3480/8647 3479/8646 3425/8740 3427/8717
f 3476/8741 3435/8547 3434/8546 3472/8629
f 3474/8742 3473/8743 3505/8744 3506/8745
f 3474/8742 3506/8745 3460/8746 3459/8747
f 3506/8748 3505/8749 3507/8750 3508/8751
f 3506/8748 3508/8751 3455/8593 3460/8607
f 3508/8751 3507/8750 3441/8752 3444/8753
f 3508/8751 3444/8753 3443/8594 3455/8593
f 3507/8754 3505/8755 3470/8756 3509/8757
f 3507/8758 3509/8759 3439/8558 3441/8557
f 3509/8760 3470/8625 3433/8542 3432/8541
f 3509/8760 3432/8541 3440/8761 3439/8762
f 3505/8755 3473/8763 3471/8764 3470/8756
f 3460/8607 3455/8593 3453/8586 3452/8585
f 3501/8719 3445/8765 3421/8520 3418/8515
f 3504/8728 3510/8766 3431/8767 3435/8729
f 3510/8768 3511/8769 3436/8770 3440/8771
f 3510/8772 3440/8761 3432/8541 3431/8540
f 3449/8773 3442/8774 3437/8775 3450/8776
f 3511/8777 3450/8778 3437/8551 3436/8550
f 3426/8779 3420/8780 3419/8781 3422/8782
f 3423/8570 3422/8783 3419/8784 3421/8571
f 3501/8714 3446/8713 3401/8785 3445/8786
f 3462/8611 3495/8690 3405/8608
f 3495/8787 3503/8731 3459/8606 3405/8605
f 3495/8788 3457/8789 3456/8790 3503/8726
f 3456/8790 3502/8723 3503/8726
f 3406/8791 3401/8792 3402/8793 3405/8794
f 3510/8766 3504/8728 3451/8603 3403/8795
f 3402/8796 3454/8797 3405/8798
f 3402/8799 3448/8800 3403/8801 3454/8802
f 3448/8803 3510/8804 3403/8805
f 3448/8806 3450/8807 3511/8769 3510/8768
f 3512/8808 3529/8809 3530/8810 3531/8811
f 3512/8808 3532/8812 3533/8813 3529/8809
f 3512/8808 3531/8811 3534/8814 3532/8812
f 3513/8815 3535/8816 3536/8817 3537/8818
f 3513/8819 3537/8820 3538/8821 3539/8822
f 3513/8819 3539/8822 3540/8823 3535/8824
f 3514/8825 3541/8826 3542/8827 3543/8828
f 3514/8829 3543/8830 3530/8810 3529/8809
f 3514/8829 3529/8809 3533/8813 3541/8831
f 3538/8821 3530/8832 3543/8833 3539/8822
f 3515/8834 3544/8835 3545/8836 3546/8837
f 3515/8834 3547/8838 3548/8839 3544/8835
f 3515/8834 3546/8837 3549/8840 3550/8841
f 3515/8834 3551/8842 3552/8843 3547/8838
f 3515/8834 3550/8841 3553/8844 3551/8842
f 3516/8845 3554/8846 3555/8847 3556/8848
f 3516/8845 3556/8848 3557/8849 3553/8844
f 3516/8845 3553/8844 3550/8841 3554/8846
f 3517/8850 3558/8851 3559/8852 3560/8853
f 3517/8854 3560/8855 3518/8856 3555/8857
f 3517/8858 3555/8847 3554/8846 3558/8859
f 3518/8860 3560/8861 3561/8862 3562/8863
f 3518/8856 3562/8864 3556/8865 3555/8857
f 3519/8866 3548/8839 3547/8838 3520/8867
f 3519/8868 3520/8869 3542/8827 3541/8826
f 3519/8866 3541/8831 3533/8813 3548/8839
f 3520/8867 3547/8838 3552/8843 3563/8870
f 3520/8871 3563/8872 3564/8873 3527/8874
f 3520/8875 3565/8876 3540/8877 3542/8878
f 3520/8879 3527/8880 3566/8881 3565/8882
f 3521/8883 3567/8884 3568/8885 3569/8886
f 3521/8887 3569/8888 3570/8889 3571/8890
f 3521/8891 3572/8892 3573/8893 3557/8894
f 3521/8895 3571/8896 3523/8897 3572/8898
f 3522/8899 3574/8900 3523/8897 3571/8896
f 3522/8901 3525/8902 3575/8903 3574/8904
f 3522/8905 3571/8906 3570/8907 3525/8908
f 3523/8897 3574/8900 3576/8909 3572/8898
f 3524/8910 3575/8911 3525/8912 3570/8913
f 3524/8914 3570/8915 3569/8916 3577/8917
f 3524/8918 3577/8919 3526/8920 3575/8921
f 3526/8922 3578/8923 3579/8924 3576/8925
f 3526/8922 3576/8925 3574/8926 3575/8927
f 3526/8928 3577/8929 3527/8930 3564/8931
f 3527/8930 3568/8885 3580/8932 3566/8933
f 3527/8930 3577/8929 3569/8886 3568/8885
f 3528/8934 3581/8935 3582/8936 3580/8932
f 3528/8934 3580/8932 3568/8885 3567/8884
f 3528/8934 3567/8884 3561/8862 3581/8935
f 3582/8937 3581/8938 3559/8939 3583/8940
f 3582/8937 3583/8940 3584/8941 3585/8942
f 3582/8937 3585/8942 3566/8943 3580/8944
f 3585/8945 3584/8946 3586/8947 3587/8948
f 3585/8945 3587/8948 3565/8876 3566/8949
f 3587/8948 3586/8947 3536/8950 3535/8951
f 3587/8948 3535/8951 3540/8877 3565/8876
f 3586/8952 3584/8953 3546/8954 3545/8955
f 3586/8952 3545/8955 3534/8956 3536/8957
f 3584/8953 3583/8958 3549/8959 3546/8954
f 3583/8958 3559/8852 3558/8851 3549/8959
f 3581/8935 3561/8862 3560/8861 3559/8960
f 3579/8961 3573/8893 3572/8892 3576/8962
f 3579/8963 3578/8964 3563/8870 3552/8843
f 3579/8963 3552/8843 3551/8842 3573/8965
f 3573/8965 3551/8842 3553/8844 3557/8849
f 3567/8884 3521/8883 3562/8863 3561/8862
f 3521/8891 3557/8894 3556/8966 3562/8967
f 3558/8859 3554/8846 3550/8841 3549/8840
f 3548/8839 3533/8813 3532/8812 3544/8835
f 3545/8836 3544/8835 3532/8812 3534/8814
f 3543/8833 3542/8968 3540/8823 3539/8822
f 3538/8969 3537/8970 3531/8971 3530/8972
f 3537/8973 3536/8974 3534/8975 3531/8976
f 3526/8977 3564/8978 3563/8979 3578/8980
f 3588/8981 3609/8982 3610/8983 3611/8984
f 3588/8981 3611/8984 3612/8985 3600/8986
f 3588/8981 3600/8986 3598/8987 3609/8982
f 3589/8988 3613/8989 3614/8990 3615/8991
f 3589/8988 3602/8992 3603/8993 3613/8989
f 3589/8988 3616/8994 3617/8995 3602/8992
f 3590/8996 3597/8997 3618/8998 3589/8999
f 3598/9000 3600/9001 3597/8997 3590/8996
f 3590/9002 3589/8988 3615/8991 3598/9003
f 3591/9004 3619/9005 3620/9006 3621/9007
f 3591/9004 3621/9007 3622/9008 3623/9009
f 3591/9004 3623/9009 3624/9010 3619/9005
f 3592/9011 3611/9012 3610/9013 3625/9014
f 3592/9011 3626/9015 3612/9016 3611/9012
f 3592/9017 3625/9018 3627/9019 3626/9020
f 3593/9021 3628/9022 3622/9023 3621/9024
f 3593/9025 3621/9026 3620/9027 3629/9028
f 3593/9025 3629/9028 3630/9029 3628/9030
f 3594/9031 3631/9032 3632/9033 3633/9034
f 3594/9035 3595/9036 3634/9037 3631/9038
f 3594/9039 3633/9040 3635/9041 3595/9042
f 3595/9043 3635/9044 3636/9045 3634/9046
f 3596/9047 3618/9048 3637/9049 3638/9050
f 3596/9051 3616/9052 3589/9053 3618/9054
f 3596/9055 3638/9056 3639/9057 3616/9058
f 3597/9059 3604/9060 3637/9061 3618/9062
f 3597/9059 3615/9063 3614/9064 3604/9060
f 3599/9065 3598/9066 3615/9063 3597/9059
f 3640/9067 3624/9068 3598/9069 3599/9070
f 3597/9071 3600/9072 3640/9073 3599/9074
f 3598/9069 3624/9068 3623/9075 3609/9076
f 3600/9077 3612/9016 3641/9078 3642/9079
f 3601/9080 3639/9081 3643/9082 3605/9083
f 3601/9080 3605/9083 3644/9084 3617/8995
f 3601/9080 3617/8995 3616/8994 3639/9081
f 3602/8992 3617/8995 3644/9084 3603/8993
f 3603/8993 3644/9084 3645/9085 3613/8989
f 3604/9060 3614/9064 3646/9086 3637/9061
f 3605/9083 3643/9082 3645/9085 3644/9084
f 3606/9087 3638/9050 3637/9049 3646/9088
f 3606/9089 3646/9090 3645/9091 3643/9092
f 3606/9089 3643/9092 3639/9093 3638/9094
f 3607/9095 3636/9045 3635/9044 3647/9096
f 3607/9095 3641/9078 3648/9097 3636/9045
f 3607/9095 3647/9096 3642/9079 3641/9078
f 3608/9098 3649/9099 3640/9100 3650/9101
f 3608/9098 3651/9102 3652/9103 3649/9099
f 3608/9098 3650/9101 3653/9104 3651/9102
f 3653/9105 3647/9106 3635/9107 3633/9108
f 3653/9109 3633/9034 3632/9033 3651/9110
f 3653/9111 3650/9112 3642/9113 3647/9114
f 3652/9115 3651/9110 3632/9033 3654/9116
f 3652/9117 3654/9118 3629/9119 3620/9120
f 3652/9103 3620/9006 3619/9005 3649/9099
f 3654/9116 3632/9033 3631/9032 3655/9121
f 3654/9118 3655/9122 3630/9123 3629/9119
f 3655/9124 3631/9125 3634/9126 3656/9127
f 3655/9124 3656/9127 3627/9128 3630/9129
f 3656/9130 3634/9046 3636/9045 3648/9097
f 3656/9130 3648/9097 3626/9015 3627/9131
f 3650/9132 3640/9133 3600/9134 3642/9135
f 3649/9099 3619/9005 3624/9010 3640/9100
f 3648/9097 3641/9078 3612/9016 3626/9015
f 3646/9136 3614/9137 3613/9138 3645/9139
f 3630/9129 3627/9128 3625/9140 3628/9141
f 3628/9142 3625/9143 3610/9144 3622/9145
f 3623/9146 3622/9147 3610/9148 3609/9149
f 3657/9150 3713/9151 3714/9152 3715/9153
f 3657/9150 3715/9153 3716/9154 3717/9155
f 3657/9156 3717/9157 3718/9158 3713/9159
f 3658/9160 3719/9161 3714/9162 3713/9163
f 3658/9164 3720/9165 3671/9166 3719/9167
f 3658/9164 3713/9159 3718/9158 3720/9165
f 3659/9168 3714/9169 3719/9170 3721/9171
f 3659/9168 3722/9172 3715/9173 3714/9169
f 3659/9174 3723/9175 3724/9176 3725/9177
f 3659/9178 3725/9179 3726/9180 3723/9181
f 3659/9168 3721/9171 3727/9182 3722/9172
f 3660/9183 3727/9182 3721/9171 3728/9184
f 3660/9185 3710/9186 3729/9187 3727/9188
f 3661/9189 3730/9190 3724/9176 3731/9191
f 3661/9189 3703/9192 3732/9193 3730/9190
f 3661/9189 3731/9191 3702/9194 3703/9192
f 3662/9195 3733/9196 3734/9197 3708/9198
f 3662/9195 3708/9198 3735/9199 3736/9200
f 3663/9201 3737/9202 3738/9203 3739/9204
f 3663/9201 3739/9204 3740/9205 3741/9206
f 3663/9201 3741/9206 3742/9207 3737/9202
f 3664/9208 3743/9209 3744/9210 3745/9211
f 3664/9208 3745/9211 3746/9212 3747/9213
f 3664/9214 3747/9215 3748/9216 3743/9217
f 3665/9218 3748/9219 3747/9220 3749/9221
f 3665/9222 3749/9223 3742/9224 3750/9225
f 3665/9226 3750/9227 3666/9228 3748/9229
f 3666/9228 3750/9227 3751/9230 3752/9231
f 3666/9232 3752/9233 3743/9209 3748/9234
f 3667/9235 3753/9236 3754/9237 3755/9238
f 3667/9235 3756/9239 3757/9240 3753/9236
f 3667/9235 3755/9238 3758/9241 3756/9239
f 3668/9242 3759/9243 3760/9244 3761/9245
f 3668/9246 3762/9247 3763/9248 3759/9249
f 3668/9250 3758/9251 3764/9252 3762/9253
f 3669/9254 3765/9255 3766/9256 3767/9257
f 3669/9254 3767/9257 3764/9258 3768/9259
f 3669/9260 3768/9261 3769/9262 3765/9263
f 3670/9264 3770/9265 3757/9240 3756/9239
f 3670/9266 3668/9267 3761/9268 3770/9269
f 3670/9266 3756/9270 3758/9271 3668/9267
f 3671/9272 3720/9273 3697/9274 3728/9275
f 3671/9276 3728/9277 3721/9278 3719/9279
f 3672/9280 3771/9281 3772/9282 3773/9283
f 3672/9284 3761/9245 3760/9244 3771/9285
f 3672/9286 3738/9203 3737/9202 3774/9287
f 3672/9288 3775/9289 3770/9269 3761/9268
f 3672/9290 3773/9291 3776/9292 3738/9293
f 3673/9294 3777/9295 3778/9296 3779/9297
f 3674/9298 3706/9299 3675/9300 3780/9301
f 3674/9302 3781/9303 3782/9304 3783/9305
f 3674/9306 3783/9307 3784/9308 3785/9309
f 3674/9298 3785/9310 3705/9311 3706/9299
f 3674/9312 3780/9313 3786/9314 3781/9315
f 3675/9316 3686/9317 3688/9318 3712/9319
f 3675/9300 3787/9320 3788/9321 3780/9301
f 3675/9300 3693/9322 3789/9323 3686/9324
f 3675/9300 3706/9299 3790/9325 3693/9322
f 3675/9326 3712/9327 3689/9328 3787/9329
f 3896/9330 3678/9331 3792/9332 3793/9333
f 3676/9334 3794/9335 3795/9336 3782/9337
f 3676/9338 3786/9339 3677/9340 3794/9341
f 3677/9342 3786/9314 3780/9313 3788/9343
f 3677/9344 3788/9345 3796/9346 3794/9347
f 3678/9348 3679/9349 3797/9350 3792/9351
f 3678/9352 3798/9353 3799/9354 3679/9355
f 3678/9352 3791/9356 3800/9357 3798/9353
f 3679/9358 3799/9359 3801/9360 3797/9361
f 3680/9362 3802/9363 3684/9364 3803/9365
f 3680/9366 3804/9367 3805/9368 3802/9369
f 3680/9370 3803/9371 3806/9372 3804/9373
f 3681/9374 3797/9375 3801/9376 3807/9377
f 3681/9374 3808/9378 3792/9379 3797/9375
f 3681/9374 3807/9377 3809/9380 3808/9378
f 3682/9381 3809/9380 3807/9377 3810/9382
f 3682/9381 3811/9383 3812/9384 3809/9380
f 3682/9381 3810/9382 3813/9385 3811/9383
f 3683/9386 3813/9385 3810/9382 3814/9387
f 3683/9388 3803/9389 3684/9390 3813/9391
f 3683/9392 3814/9393 3806/9394 3803/9395
f 3684/9396 3802/9397 3811/9398 3813/9399
f 3685/9400 3815/9401 3816/9402 3817/9403
f 3685/9404 3817/9405 3673/9294 3818/9406
f 3685/9404 3818/9406 3819/9407 3815/9408
f 3686/9409 3789/9410 3820/9411 3688/9412
f 3687/9413 3787/9329 3689/9328 3821/9414
f 3687/9415 3796/9346 3788/9345 3787/9416
f 3687/9417 3821/9418 3822/9419 3796/9420
f 3688/9421 3820/9422 3711/9423 3712/9424
f 3689/9425 3712/9426 3823/9427 3821/9428
f 3690/9429 3824/9430 3692/9431 3825/9432
f 3690/9433 3825/9434 3691/9435 3826/9436
f 3690/9437 3826/9438 3819/9407 3824/9439
f 3691/9435 3827/9440 3828/9441 3826/9436
f 3691/9442 3825/9443 3829/9444 3827/9445
f 3692/9431 3824/9430 3830/9446 3831/9447
f 3692/9448 3831/9449 3829/9450 3825/9451
f 3693/9322 3790/9325 3832/9452 3789/9323
f 3694/9453 3833/9454 3834/9455 3772/9456
f 3694/9457 3772/9282 3771/9281 3695/9458
f 3694/9459 3695/9460 3835/9461 3833/9462
f 3695/9463 3771/9285 3760/9244 3835/9464
f 3696/9465 3833/9466 3835/9467 3836/9468
f 3696/9469 3837/9470 3838/9471 3839/9472
f 3696/9473 3839/9474 3840/9475 3841/9476
f 3696/9477 3836/9478 3697/9479 3837/9480
f 3696/9481 3842/9482 3834/9455 3833/9454
f 3696/9481 3841/9483 3660/9484 3701/9485
f 3696/9481 3701/9485 3697/9486 3842/9482
f 3697/9486 3763/9487 3843/9488 3842/9482
f 3697/9486 3701/9485 3660/9484 3728/9489
f 3697/9490 3836/9491 3759/9249 3763/9248
f 3698/9492 3844/9493 3845/9494 3699/9495
f 3698/9496 3839/9472 3838/9471 3844/9497
f 3698/9498 3699/9499 3840/9475 3839/9474
f 3699/9500 3845/9501 3846/9502 3840/9503
f 3662/9504 3660/9505 3723/9506 3726/9507
f 3662/9508 3726/9180 3847/9509 3700/9510
f 3662/9504 3709/9511 3710/9512 3660/9505
f 3662/9513 3848/9514 3849/9515 3733/9516
f 3700/9517 3847/9518 3777/9295 3850/9519
f 3660/9520 3841/9521 3702/9194 3731/9191
f 3660/9520 3731/9191 3724/9176 3723/9175
f 3702/9522 3846/9523 3729/9524 3710/9525
f 3702/9526 3841/9527 3840/9528 3846/9529
f 3702/9530 3710/9531 3851/9532 3703/9533
f 3703/9192 3852/9534 3853/9535 3732/9193
f 3703/9536 3851/9537 3854/9538 3852/9539
f 3704/9540 3855/9541 3849/9515 3848/9514
f 3704/9540 3848/9514 3856/9542 3857/9543
f 3704/9540 3857/9543 3858/9544 3855/9541
f 3705/9311 3859/9545 3790/9325 3706/9299
f 3707/9546 3860/9547 3861/9548 3862/9549
f 3707/9550 3863/9551 3864/9552 3860/9553
f 3707/9554 3862/9555 3865/9556 3863/9557
f 3708/9558 3734/9559 3866/9560 3735/9561
f 3709/9562 3662/9513 3867/9563 3859/9545
f 3710/9564 3709/9565 3868/9566 3851/9567
f 3711/9568 3820/9569 3869/9570 3870/9571
f 3711/9572 3870/9573 3871/9574 3712/9575
f 3712/9575 3871/9574 3872/9576 3823/9577
f 3872/9576 3871/9574 3873/9578 3861/9548
f 3872/9576 3861/9548 3860/9547 3874/9579
f 3872/9576 3874/9579 3875/9580 3823/9577
f 3875/9581 3874/9582 3876/9583 3877/9584
f 3875/9581 3877/9584 3795/9585 3822/9419
f 3875/9580 3822/9586 3821/9587 3823/9577
f 3877/9584 3876/9583 3784/9588 3783/9589
f 3877/9584 3783/9589 3782/9590 3795/9585
f 3876/9583 3864/9552 3858/9591 3784/9588
f 3876/9583 3874/9582 3860/9553 3864/9552
f 3873/9578 3871/9574 3870/9573 3878/9592
f 3873/9578 3878/9592 3735/9561 3866/9560
f 3873/9578 3866/9560 3862/9549 3861/9548
f 3878/9592 3870/9573 3869/9593 3879/9594
f 3878/9595 3879/9596 3736/9597 3735/9598
f 3879/9599 3869/9600 3832/9601 3867/9602
f 3879/9603 3867/9563 3662/9513 3736/9604
f 3869/9605 3820/9411 3789/9410 3832/9606
f 3868/9607 3880/9608 3854/9609 3851/9610
f 3868/9566 3709/9565 3850/9611 3881/9612
f 3868/9566 3881/9612 3816/9402 3880/9613
f 3880/9608 3828/9614 3827/9615 3854/9609
f 3880/9613 3816/9402 3815/9401 3828/9616
f 3867/9563 3832/9452 3790/9325 3859/9545
f 3866/9617 3734/9618 3865/9556 3862/9555
f 3865/9556 3734/9618 3733/9619 3849/9620
f 3865/9621 3849/9622 3855/9623 3863/9624
f 3864/9625 3863/9624 3855/9623 3858/9626
f 3859/9545 3705/9311 3856/9542 3709/9562
f 3858/9544 3857/9543 3785/9310 3784/9627
f 3857/9543 3856/9542 3705/9311 3785/9310
f 3854/9628 3827/9445 3829/9444 3852/9629
f 3853/9535 3831/9630 3830/9631 3779/9632
f 3853/9535 3779/9632 3778/9633 3732/9193
f 3853/9634 3852/9635 3829/9450 3831/9449
f 3847/9509 3726/9180 3725/9179 3882/9636
f 3847/9518 3882/9637 3778/9296 3777/9295
f 3882/9638 3725/9177 3724/9176 3730/9190
f 3882/9638 3730/9190 3732/9193 3778/9633
f 3846/9502 3845/9501 3883/9639 3729/9187
f 3883/9639 3722/9640 3727/9188 3729/9187
f 3883/9641 3845/9642 3844/9643 3716/9644
f 3883/9641 3716/9644 3715/9645 3722/9646
f 3844/9647 3838/9648 3717/9155 3716/9154
f 3843/9649 3763/9650 3762/9651 3884/9652
f 3843/9488 3884/9653 3885/9654 3886/9655
f 3843/9488 3886/9655 3834/9455 3842/9482
f 3886/9656 3885/9657 3776/9658 3773/9659
f 3886/9655 3773/9660 3772/9456 3834/9455
f 3885/9654 3884/9653 3767/9257 3766/9256
f 3885/9654 3766/9256 3887/9661 3776/9662
f 3887/9661 3766/9256 3765/9255 3888/9663
f 3887/9661 3888/9663 3740/9205 3739/9204
f 3887/9661 3739/9204 3738/9203 3776/9662
f 3888/9664 3765/9665 3769/9666 3889/9667
f 3888/9664 3889/9667 3890/9668 3740/9669
f 3890/9668 3889/9667 3891/9670 3892/9671
f 3890/9668 3892/9671 3752/9672 3751/9673
f 3890/9668 3751/9673 3741/9674 3740/9669
f 3892/9675 3891/9676 3893/9677 3744/9210
f 3892/9675 3744/9210 3743/9209 3752/9233
f 3893/9677 3753/9236 3757/9240 3894/9678
f 3893/9677 3894/9678 3745/9211 3744/9210
f 3893/9677 3891/9676 3754/9237 3753/9236
f 3894/9678 3757/9240 3770/9265 3775/9679
f 3894/9678 3775/9679 3746/9212 3745/9211
f 3891/9680 3889/9681 3769/9682 3754/9683
f 3884/9653 3762/9684 3764/9258 3767/9257
f 3838/9471 3837/9470 3718/9158 3717/9157
f 3837/9470 3697/9685 3720/9165 3718/9158
f 3836/9686 3835/9464 3760/9244 3759/9243
f 3830/9687 3824/9439 3819/9407 3818/9406
f 3830/9687 3818/9406 3673/9294 3779/9297
f 3828/9616 3815/9401 3819/9688 3826/9689
f 3822/9419 3795/9585 3794/9690 3796/9420
f 3814/9393 3801/9691 3799/9692 3806/9394
f 3814/9693 3810/9694 3807/9695 3801/9696
f 3812/9384 3895/9697 3808/9378 3809/9380
f 3812/9698 3811/9398 3802/9397 3805/9699
f 3812/9700 3805/9701 3800/9702 3895/9703
f 3895/9697 3793/9704 3792/9379 3808/9378
f 3895/9703 3800/9702 3791/9705 3793/9706
f 3806/9372 3799/9354 3798/9353 3804/9373
f 3805/9707 3804/9373 3798/9353 3800/9357
f 3775/9289 3672/9288 3774/9708 3746/9709
f 3774/9710 3737/9711 3742/9224 3749/9223
f 3774/9708 3749/9712 3747/9713 3746/9709
f 3769/9682 3768/9714 3755/9715 3754/9683
f 3768/9716 3764/9252 3758/9251 3755/9717
f 3751/9718 3750/9225 3742/9224 3741/9719
f 3777/9295 3673/9294 3881/9720 3850/9519
f 3673/9721 3817/9403 3816/9402 3881/9612
f 3709/9562 3856/9542 3848/9514
f 3709/9562 3848/9514 3662/9513
f 3709/9722 3662/9723 3700/9724
f 3709/9725 3700/9517 3850/9519
f 3676/9726 3782/9727 3781/9728 3786/9729
f 3678/9730 3896/9731 3793/9732 3791/9733
f 3897/9734 3940/9735 3941/9736 3942/9737
f 3897/9738 3943/9739 3944/9740 3940/9741
f 3897/9742 3945/9743 3946/9744 3947/9745
f 3897/9742 3942/9746 3948/9747 3945/9743
f 3897/9742 3947/9745 3949/9748 3950/9749
f 3897/9750 3950/9751 3937/9752 3943/9753
f 3898/9754 3951/9755 3952/9756 3953/9757
f 3898/9754 3953/9757 3954/9758 3955/9759
f 3898/9754 3955/9759 3956/9760 3951/9755
f 3899/9761 3957/9762 3958/9763 3959/9764
f 3899/9761 3960/9765 3961/9766 3957/9762
f 3899/9761 3959/9764 3962/9767 3960/9765
f 3900/9768 3963/9769 3964/9770 3965/9771
f 3900/9768 3965/9771 3960/9772 3962/9773
f 3900/9774 3962/9775 3952/9776 3963/9777
f 3901/9778 3951/9755 3956/9760 3966/9779
f 3901/9780 3966/9781 3964/9782 3963/9783
f 3901/9778 3963/9784 3952/9756 3951/9755
f 3902/9785 3903/9786 3967/9787 3968/9788
f 3902/9789 3969/9790 3970/9791 3903/9792
f 3902/9793 3968/9794 3971/9795 3969/9796
f 3903/9792 3970/9791 3910/9797 3967/9798
f 3904/9799 3972/9800 3969/9801 3971/9802
f 3904/9799 3971/9802 3973/9803 3974/9804
f 3904/9805 3974/9806 3975/9807 3972/9808
f 3905/9809 3976/9810 3977/9811 3978/9812
f 3905/9809 3979/9813 3980/9814 3976/9810
f 3905/9815 3978/9816 3981/9817 3979/9818
f 3906/9819 3982/9820 3907/9821 3983/9822
f 3906/9819 3976/9823 3980/9824 3982/9820
f 3906/9819 3983/9822 3977/9825 3976/9823
f 3907/9821 3982/9820 3984/9826 3985/9827
f 3907/9821 3986/9828 3987/9829 3988/9830
f 3907/9821 3988/9830 3989/9831 3983/9822
f 3907/9832 3985/9833 3990/9834 3986/9835
f 3908/9836 3991/9837 3992/9838 3993/9839
f 3908/9840 3994/9841 3995/9842 3991/9843
f 3908/9844 3996/9845 3911/9846 3994/9847
f 3908/9848 3986/9849 3990/9850 3996/9851
f 3909/9852 3997/9853 3914/9854 3998/9855
f 3909/9856 3998/9857 3996/9858 3990/9859
f 3909/9860 3990/9861 3999/9862 4000/9863
f 3910/9864 3970/9865 4001/9866 4000/9867
f 3910/9797 4000/9863 3999/9862 3967/9798
f 3911/9868 3933/9869 4002/9870 3932/9871
f 3911/9872 3996/9873 3998/9874 3913/9875
f 3912/9876 4003/9877 4004/9878 4005/9879
f 3912/9876 3920/9880 4006/9881 4003/9877
f 3911/9872 3913/9875 3918/9882 4007/9883
f 3912/9884 4005/9885 4008/9886 3933/9887
f 3913/9888 3998/9855 3914/9854 3915/9889
f 3914/9854 3997/9853 4009/9890 4010/9891
f 3914/9892 4011/9893 4012/9894 3915/9895
f 3915/9896 3920/9897 4013/9898 3913/9899
f 3915/9900 3988/9901 3987/9902 4002/9903
f 3915/9904 4002/9905 3933/9906 3920/9907
f 3915/9908 4012/9909 3989/9831 3988/9830
f 3913/9910 4014/9911 4015/9912 3918/9913
f 3913/9914 4013/9915 4016/9916 4014/9917
f 3916/9918 4017/9919 4018/9920 4019/9921
f 3916/9922 3926/9923 4020/9924 4017/9925
f 3916/9926 4019/9927 4021/9928 3926/9929
f 3917/9930 3919/9931 4007/9932 4022/9933
f 3917/9930 4023/9934 4024/9935 3919/9931
f 3917/9930 4022/9933 4020/9936 4023/9934
f 3918/9882 4015/9937 4022/9938 4007/9883
f 3921/9939 4025/9940 3928/9941 4026/9942
f 3921/9943 4026/9944 4027/9945 4028/9946
f 3921/9943 4028/9946 4029/9947 4025/9948
f 3922/9949 4029/9950 4030/9951 4031/9952
f 3922/9953 4031/9954 4032/9955 4033/9956
f 3922/9953 4033/9956 4025/9957 4029/9958
f 3923/9959 4011/9893 3914/9892 4034/9960
f 3923/9959 4035/9961 4036/9962 4011/9893
f 3923/9959 4034/9960 3929/9963 4035/9961
f 3920/9964 3933/9965 4037/9966 4006/9967
f 3924/9968 4038/9969 4039/9970 4040/9971
f 3924/9968 4040/9971 4041/9972 4042/9973
f 3924/9968 4042/9973 4043/9974 4038/9969
f 3925/9975 4044/9976 4045/9977 4046/9978
f 3925/9979 4040/9980 4039/9981 4044/9982
f 3925/9979 4046/9983 4041/9984 4040/9980
f 3926/9985 4021/9986 4023/9934 4020/9936
f 3927/9987 4027/9988 4026/9989 4047/9990
f 3927/9991 4048/9992 4049/9993 4027/9994
f 3927/9995 4047/9996 4050/9997 4048/9998
f 3928/9999 4025/9957 4033/9956 4051/10000
f 3928/9941 4051/10001 4047/10002 4026/9942
f 3929/10003 4034/10004 4052/10005 3931/10006
f 3929/10007 3931/10008 3930/10009 4035/10010
f 3930/10011 4053/10012 4036/10013 4035/10014
f 3930/10015 3931/10016 4052/10017 4053/10018
f 3932/10019 4002/10020 3987/10021 4054/10022
f 3932/10023 4054/10024 4055/10025 4056/10026
f 3934/10027 4057/10028 4058/10029 4059/10030
f 3934/10027 4045/9977 4044/9976 4057/10028
f 3934/10027 4060/10031 4004/9878 4045/9977
f 3934/10027 4059/10030 4061/10032 4060/10031
f 3935/10033 4062/10034 3992/10035 4063/10036
f 3935/10033 4063/10036 4064/10037 4065/10038
f 3935/10033 4065/10038 3936/10039 4062/10034
f 3936/10039 4065/10038 4066/10040 4067/10041
f 3936/10039 4067/10041 4068/10042 4062/10034
f 3937/10043 3950/9749 3956/9760 3955/9759
f 3937/9752 3939/10044 4069/10045 3943/9753
f 3937/10043 4070/10046 3938/10047 3939/10048
f 3937/10043 3955/9759 3954/9758 4070/10046
f 3938/10049 4070/10050 4071/10051 4072/10052
f 3938/10053 3948/10054 3942/10055 3939/10056
f 3938/10057 4072/10058 4039/9970 4038/9969
f 3939/10059 3942/9737 3941/9736 4073/10060
f 3939/10061 4073/10062 4066/10063 4069/10064
f 4073/10060 3941/9736 4056/10065 4055/10066
f 4073/10067 4055/10068 4067/10069 4066/10070
f 3938/10047 4038/10071 4043/10072 3948/9747
f 4072/10073 4071/10074 4058/10075 4057/10076
f 4072/10073 4057/10076 4044/10077 4039/10078
f 4071/10074 3958/9763 3957/9762 4058/10075
f 4071/10051 4070/10050 3954/10079 3958/10080
f 4069/10045 4066/10040 4065/10038 4064/10037
f 4069/10045 4064/10037 3944/10081 3943/9753
f 4068/10082 4067/10083 4055/10084 4054/10085
f 4068/10086 4054/10087 3987/10088 3993/10089
f 4068/10042 3993/10090 3992/10035 4062/10034
f 4064/10037 4063/10036 4074/10091 3944/10081
f 4074/10091 4063/10036 3992/10035 3991/10092
f 4074/10093 3991/9843 3995/9842 4075/10094
f 4074/10095 4075/10096 3940/10097 3944/10098
f 4075/10094 3995/9842 3932/10099 4056/10065
f 4075/10094 4056/10065 3941/9736 3940/9735
f 4061/10100 4076/10101 4077/10102 4078/10103
f 4061/10032 4078/10104 4079/10105 4060/10031
f 4061/10100 4059/10106 3961/10107 4076/10101
f 4079/10108 4078/10109 3947/10110 3946/10111
f 4079/10108 3946/10111 4008/10112 4005/10113
f 4079/10105 4005/9879 4004/9878 4060/10031
f 4078/10109 4077/10114 3949/10115 3947/10110
f 4077/10114 3964/9782 3966/9781 3949/10115
f 4077/10102 4076/10101 3965/9771 3964/9770
f 4076/10101 3961/10107 3960/9772 3965/9771
f 4059/10116 4058/10075 3957/9762 3961/9766
f 4053/10117 4052/10118 4010/10119 4080/10120
f 4053/10012 4080/10121 4081/10122 4036/10013
f 4081/10123 4080/10124 4082/10125 4083/10126
f 4081/10127 4083/10128 3989/9831 4012/9909
f 4081/10127 4012/9909 4011/10129 4036/10130
f 4083/10126 4082/10125 3978/10131 3977/10132
f 4083/10128 3977/9825 3983/9822 3989/9831
f 4082/10133 4080/10134 4010/9891 4009/9890
f 4082/10133 4009/9890 3981/9817 3978/9816
f 4052/10005 4034/10004 3914/9854 4010/9891
f 4051/10000 4033/9956 4032/9955 4084/10135
f 4051/10000 4084/10135 4050/10136 4047/10137
f 4084/10135 4032/9955 3919/9931 4024/9935
f 4084/10135 4024/9935 4085/10138 4050/10136
f 4085/10138 4024/9935 4023/9934 4021/9986
f 4085/10139 4021/9928 4019/9927 4086/10140
f 4085/10139 4086/10140 4048/9998 4050/9997
f 4086/10141 4019/9921 4018/9920 4087/10142
f 4086/10141 4087/10142 4049/9993 4048/9992
f 4087/10142 4018/9920 4014/10143 4016/10144
f 4087/10142 4016/10144 4088/10145 4049/9993
f 4088/10145 4028/10146 4027/9994 4049/9993
f 4088/10145 4016/10144 4013/10147 4030/10148
f 4088/10149 4030/10150 4029/9947 4028/9946
f 4046/9978 4045/9977 4004/9878 4003/9877
f 4046/9983 4003/10151 4006/10152 4041/9984
f 4043/9974 4042/9973 4037/10153 4089/10154
f 4043/10072 4089/10155 3945/9743 3948/9747
f 4089/10154 4037/10153 3933/10156 4008/10157
f 4089/10154 4008/10157 3946/10158 3945/10159
f 4042/9973 4041/9972 4006/10160 4037/10153
f 4032/9955 4031/9954 3920/10161 3919/9931
f 4031/9952 4030/9951 4013/10162 3920/10163
f 4022/10164 4015/10165 4017/9925 4020/9924
f 4018/9920 4017/9919 4015/10166 4014/10143
f 4009/9890 3997/9853 4090/10167 3981/9817
f 4090/10168 3997/10169 3909/10170 4091/10171
f 4090/10172 4091/10173 3975/9807 4092/10174
f 4090/10167 4092/10175 3979/9818 3981/9817
f 4092/10174 3975/9807 3974/9806 4093/10176
f 4092/10174 4093/10176 3980/9814 3979/9813
f 4093/10177 3974/10178 3973/10179 3984/10180
f 4093/10177 3984/10180 3982/10181 3980/10182
f 4091/10171 3909/10170 4000/10183 4001/10184
f 4091/10185 4001/9866 3972/10186 3975/10187
f 4001/9866 3970/9865 3969/10188 3972/10186
f 3999/10189 4094/10190 3968/9788 3967/9787
f 3999/9862 3990/9861 3985/10191 4094/10192
f 4094/10190 3973/10193 3971/10194 3968/9788
f 4094/10190 3985/9827 3984/9826 3973/10193
f 3994/10195 3911/10196 3932/10197 3995/10198
f 3966/9779 3956/9760 3950/9749 3949/9748
f 3962/10199 3959/10200 3953/10201 3952/10202
f 3959/10200 3958/10203 3954/10204 3953/10201
f 4007/10205 3912/10206 3933/10207 3911/10208
f 4007/10209 3919/10210 3920/10211 3912/10212
f 4095/10213 4117/10214 4098/10215 4118/10216
f 4095/10217 4118/10218 4119/10219 4120/10220
f 4095/10213 4121/10221 4122/10222 4123/10223
f 4095/10213 4120/10224 4124/10225 4121/10221
f 4095/10213 4123/10223 4116/10226 4117/10214
f 4096/10227 4109/10228 4125/10229 4126/10230
f 4096/10227 4127/10231 4128/10232 4109/10228
f 4096/10233 4126/10234 4129/10235 4127/10236
f 4097/10237 4130/10238 4131/10239 4132/10240
f 4097/10237 4132/10240 4133/10241 4134/10242
f 4097/10237 4134/10242 4135/10243 4130/10238
f 4098/10244 4136/10245 4099/10246 4137/10247
f 4098/10248 4137/10249 4104/10250 4118/10251
f 4099/10252 4136/10253 4138/10254 4139/10255
f 4099/10252 4139/10255 4140/10256 4137/10257
f 4100/10258 4134/10242 4133/10241 4141/10259
f 4100/10258 4142/10260 4135/10243 4134/10242
f 4100/10258 4115/10261 4143/10262 4142/10260
f 4101/10263 4115/10264 4144/10265 4102/10266
f 4101/10267 4102/10268 4098/10269 4117/10270
f 4098/10271 4102/10272 4144/10273 4145/10274
f 4098/10244 4145/10275 4146/10276 4136/10245
f 4103/10277 4104/10278 4147/10279 4148/10280
f 4103/10277 4149/10281 4150/10282 4104/10278
f 4103/10277 4148/10280 4151/10283 4149/10281
f 4104/10278 4137/10284 4140/10285 4147/10279
f 4104/10250 4150/10286 4119/10287 4118/10251
f 4105/10288 4124/10225 4120/10224 4152/10289
f 4105/10288 4152/10289 4153/10290 4154/10291
f 4105/10288 4154/10291 4155/10292 4124/10225
f 4106/10293 4156/10294 4157/10295 4158/10296
f 4106/10297 4150/10282 4149/10281 4156/10298
f 4106/10293 4158/10296 4119/10299 4150/10300
f 4107/10301 4159/10302 4160/10303 4161/10304
f 4107/10305 4161/10306 4153/10307 4157/10295
f 4107/10305 4157/10295 4156/10294 4159/10308
f 4108/10309 4161/10310 4160/10311 4162/10312
f 4108/10313 4154/10291 4153/10290 4161/10314
f 4108/10315 4162/10316 4155/10317 4154/10318
f 4109/10228 4128/10232 4163/10319 4164/10320
f 4109/10228 4165/10321 4166/10322 4125/10229
f 4109/10228 4164/10320 4167/10323 4165/10321
f 4110/10324 4121/10221 4124/10225 4155/10292
f 4110/10324 4155/10292 4162/10325 4168/10326
f 4110/10324 4168/10326 4122/10222 4121/10221
f 4111/10327 4169/10328 4113/10329 4170/10330
f 4111/10331 4170/10332 4171/10333 4172/10334
f 4111/10335 4172/10336 4173/10337 4169/10338
f 4112/10339 4174/10340 4165/10321 4167/10323
f 4112/10339 4171/10341 4170/10342 4174/10340
f 4112/10343 4167/10344 4175/10345 4171/10346
f 4113/10347 4169/10348 4176/10349 4177/10350
f 4113/10351 4177/10352 4174/10353 4170/10354
f 4114/10355 4176/10356 4169/10357 4173/10358
f 4114/10355 4178/10359 4179/10360 4176/10356
f 4114/10361 4173/10362 4180/10363 4178/10364
f 4115/10365 4101/10267 4117/10270 4116/10366
f 4115/10367 4141/10368 4181/10369 4182/10370
f 4115/10264 4182/10371 4163/10372 4144/10265
f 4182/10370 4181/10369 4183/10373 4184/10374
f 4182/10371 4184/10375 4164/10376 4163/10372
f 4184/10375 4183/10377 4185/10378 4175/10345
f 4184/10375 4175/10345 4167/10344 4164/10376
f 4185/10379 4183/10380 4186/10381 4180/10382
f 4185/10379 4180/10382 4173/10383 4172/10384
f 4185/10378 4172/10385 4171/10346 4175/10345
f 4186/10381 4187/10386 4188/10387 4189/10388
f 4186/10389 4189/10390 4178/10364 4180/10363
f 4186/10381 4183/10380 4181/10391 4187/10386
f 4189/10388 4188/10387 4190/10392 4191/10393
f 4189/10390 4191/10394 4179/10395 4178/10364
f 4191/10394 4190/10396 4126/10397 4125/10398
f 4191/10394 4125/10398 4166/10399 4179/10395
f 4190/10396 4131/10400 4129/10401 4126/10397
f 4190/10392 4188/10387 4132/10240 4131/10239
f 4188/10387 4187/10386 4133/10241 4132/10240
f 4187/10386 4181/10391 4141/10259 4133/10241
f 4179/10395 4166/10399 4177/10350 4176/10349
f 4177/10402 4166/10322 4165/10321 4174/10340
f 4168/10403 4162/10312 4160/10311 4192/10404
f 4168/10403 4192/10404 4193/10405 4122/10406
f 4193/10407 4148/10280 4147/10279 4194/10408
f 4193/10409 4194/10410 4123/10411 4122/10412
f 4193/10407 4192/10413 4151/10283 4148/10280
f 4192/10413 4160/10414 4159/10415 4151/10283
f 4163/10372 4128/10416 4145/10417 4144/10265
f 4159/10415 4156/10298 4149/10281 4151/10283
f 4158/10418 4157/10419 4153/10420 4152/10421
f 4158/10422 4152/10423 4120/10220 4119/10219
f 4147/10279 4140/10285 4143/10424 4194/10408
f 4146/10276 4145/10275 4128/10232 4127/10231
f 4146/10276 4127/10231 4129/10425 4195/10426
f 4146/10276 4195/10426 4138/10427 4136/10245
f 4195/10428 4129/10429 4131/10430 4130/10431
f 4195/10432 4130/10433 4135/10434 4138/10435
f 4143/10436 4140/10437 4139/10438 4142/10439
f 4142/10440 4139/10441 4138/10442 4135/10443
f 4100/10444 4141/10368 4115/10367
f 4116/10445 4143/10446 4115/10447
f 4116/10448 4123/10449 4194/10450 4143/10451
f 4196/10452 4197/10453 4200/10454 4201/10455
f 4196/10456 4201/10457 4214/10458 4215/10459
f 4196/10460 4215/10461 4216/10462 4197/10463
f 4197/10464 4216/10465 4217/10466 4200/10467
f 4198/10468 4218/10469 4219/10470 4220/10471
f 4198/10468 4220/10471 4221/10472 4222/10473
f 4198/10468 4222/10473 4223/10474 4218/10469
f 4199/10475 4224/10476 4225/10477 4226/10478
f 4199/10479 4220/10480 4219/10481 4224/10482
f 4199/10475 4226/10478 4221/10483 4220/10484
f 4200/10485 4217/10486 4214/10487 4201/10488
f 4202/10489 4210/10490 4215/10459 4214/10458
f 4202/10491 4214/10492 4217/10493 4211/10494
f 4202/10495 4227/10496 4228/10497 4229/10498
f 4203/10499 4206/10500 4230/10501 4231/10502
f 4203/10499 4231/10502 4232/10503 4233/10504
f 4203/10499 4233/10504 4234/10505 4206/10500
f 4204/10506 4235/10507 4236/10508 4237/10509
f 4204/10510 4237/10511 4238/10512 4239/10513
f 4204/10514 4239/10515 4205/10516 4235/10517
f 4205/10516 4239/10515 4231/10518 4230/10519
f 4205/10520 4230/10521 4240/10522 4235/10523
f 4206/10524 4241/10525 4240/10522 4230/10521
f 4206/10500 4234/10505 4225/10477 4224/10476
f 4206/10526 4224/10482 4219/10481 4241/10527
f 4207/10528 4242/10529 4243/10530 4228/10497
f 4207/10528 4244/10531 4245/10532 4242/10529
f 4207/10528 4228/10497 4227/10496 4244/10531
f 4208/10533 4246/10534 4247/10535 4248/10536
f 4208/10533 4249/10537 4250/10538 4246/10534
f 4208/10533 4248/10536 4251/10539 4249/10537
f 4202/10495 4234/10505 4233/10504 4227/10496
f 4202/10495 4252/10540 4225/10477 4234/10505
f 4202/10495 4229/10498 4253/10541 4252/10540
f 4202/10542 4211/10543 4209/10544 4210/10545
f 4209/10546 4211/10547 4217/10466 4216/10465
f 4209/10548 4216/10462 4215/10461 4210/10549
f 4212/10550 4254/10551 4252/10540 4253/10541
f 4212/10550 4253/10541 4255/10552 4256/10553
f 4212/10550 4256/10553 4257/10554 4254/10551
f 4213/10555 4258/10556 4259/10557 4260/10558
f 4213/10559 4260/10560 4257/10561 4256/10562
f 4213/10563 4256/10564 4255/10565 4258/10566
f 4260/10558 4259/10557 4223/10567 4222/10568
f 4260/10560 4222/10569 4221/10570 4257/10561
f 4259/10557 4258/10556 4261/10571 4262/10572
f 4259/10557 4262/10572 4263/10573 4223/10567
f 4263/10573 4262/10572 4248/10536 4247/10535
f 4263/10573 4247/10535 4264/10574 4265/10575
f 4263/10573 4265/10575 4218/10576 4223/10567
f 4265/10577 4264/10578 4240/10522 4241/10525
f 4265/10577 4241/10525 4219/10470 4218/10469
f 4264/10574 4247/10535 4246/10534 4236/10579
f 4264/10578 4236/10580 4235/10523 4240/10522
f 4262/10572 4261/10571 4251/10539 4248/10536
f 4261/10581 4258/10566 4255/10565 4266/10582
f 4261/10581 4266/10582 4243/10583 4251/10584
f 4266/10585 4255/10552 4253/10541 4229/10498
f 4266/10586 4229/10587 4228/10588 4243/10589
f 4257/10554 4221/10483 4226/10478 4254/10551
f 4254/10551 4226/10478 4225/10477 4252/10540
f 4251/10590 4243/10591 4242/10592 4249/10593
f 4250/10594 4249/10595 4242/10596 4245/10597
f 4250/10598 4245/10599 4238/10600 4237/10601
f 4250/10538 4237/10602 4236/10579 4246/10534
f 4245/10532 4244/10531 4232/10503 4238/10603
f 4244/10531 4227/10496 4233/10504 4232/10503
f 4239/10604 4238/10603 4232/10503 4231/10502
f 4267/10605 4283/10606 4284/10607 4285/10608
f 4267/10609 4286/10610 4287/10611 4283/10612
f 4267/10613 4285/10614 4288/10615 4286/10616
f 4268/10617 4289/10618 4290/10619 4291/10620
f 4268/10617 4269/10621 4292/10622 4289/10618
f 4268/10617 4291/10620 4293/10623 4269/10621
f 4269/10621 4293/10623 4294/10624 4292/10622
f 4270/10625 4295/10626 4296/10627 4297/10628
f 4270/10625 4297/10628 4298/10629 4284/10607
f 4270/10625 4284/10607 4283/10606 4295/10626
f 4271/10630 4299/10631 4300/10632 4301/10633
f 4271/10630 4302/10634 4303/10635 4299/10631
f 4271/10630 4301/10633 4304/10636 4302/10634
f 4272/10637 4301/10638 4300/10639 4305/10640
f 4272/10637 4306/10641 4304/10642 4301/10638
f 4272/10637 4305/10640 4307/10643 4306/10641
f 4273/10644 4308/10645 4282/10646 4275/10647
f 4273/10648 4275/10649 4279/10650 4280/10651
f 4273/10644 4309/10652 4310/10653 4308/10645
f 4273/10654 4274/10655 4311/10656 4309/10657
f 4273/10644 4312/10658 4313/10659 4274/10660
f 4273/10644 4280/10661 4314/10662 4312/10658
f 4274/10663 4315/10664 4316/10665 4311/10666
f 4274/10663 4317/10667 4318/10668 4315/10664
f 4274/10663 4319/10669 4320/10670 4317/10667
f 4274/10671 4313/10672 4321/10673 4319/10674
f 4275/10675 4318/10668 4322/10676 4279/10677
f 4282/10678 4308/10679 4323/10680 4281/10681
f 4282/10682 4281/10683 4324/10684 4315/10685
f 4275/10686 4282/10687 4315/10688 4318/10689
f 4276/10690 4325/10691 4326/10692 4307/10643
f 4276/10690 4327/10693 4328/10694 4325/10691
f 4276/10690 4307/10643 4305/10640 4327/10693
f 4277/10695 4329/10696 4330/10697 4331/10698
f 4277/10695 4331/10698 4332/10699 4333/10700
f 4277/10695 4333/10700 4334/10701 4329/10696
f 4278/10702 4303/10703 4302/10704 4321/10705
f 4278/10702 4321/10705 4313/10659 4330/10697
f 4278/10702 4330/10697 4329/10696 4303/10703
f 4279/10706 4335/10707 4336/10708 4281/10709
f 4279/10677 4322/10676 4337/10710 4335/10711
f 4279/10712 4281/10713 4338/10714 4280/10715
f 4280/10661 4339/10716 4340/10717 4314/10662
f 4280/10661 4338/10718 4341/10719 4339/10716
f 4281/10720 4336/10721 4342/10722 4324/10723
f 4342/10722 4336/10721 4343/10724 4344/10725
f 4342/10722 4344/10725 4345/10726 4346/10727
f 4342/10722 4346/10727 4347/10728 4324/10723
f 4347/10728 4346/10727 4294/10624 4293/10623
f 4347/10728 4293/10623 4291/10620 4316/10665
f 4347/10728 4316/10665 4315/10664 4324/10723
f 4346/10727 4345/10726 4348/10729 4294/10624
f 4348/10730 4345/10731 4296/10732 4295/10733
f 4348/10734 4295/10735 4283/10612 4287/10611
f 4348/10736 4287/10737 4292/10738 4294/10739
f 4345/10731 4344/10740 4349/10741 4296/10732
f 4349/10742 4341/10719 4338/10718 4350/10743
f 4349/10742 4350/10743 4297/10628 4296/10627
f 4349/10741 4344/10740 4343/10744 4341/10745
f 4350/10743 4338/10718 4281/10746 4323/10747
f 4350/10743 4323/10747 4298/10629 4297/10628
f 4343/10744 4351/10748 4339/10749 4341/10745
f 4343/10724 4336/10721 4335/10711 4351/10750
f 4351/10748 4352/10751 4340/10752 4339/10749
f 4351/10750 4335/10711 4337/10710 4352/10753
f 4352/10754 4353/10755 4354/10756 4340/10757
f 4352/10753 4337/10710 4355/10758 4353/10759
f 4355/10758 4337/10710 4322/10676 4356/10760
f 4355/10758 4356/10760 4326/10692 4325/10691
f 4355/10758 4325/10691 4328/10694 4353/10759
f 4356/10760 4322/10676 4318/10668 4317/10667
f 4356/10760 4317/10667 4320/10670 4326/10692
f 4354/10761 4357/10762 4333/10763 4332/10764
f 4354/10765 4332/10699 4314/10662 4340/10717
f 4354/10756 4353/10755 4328/10766 4357/10767
f 4357/10768 4358/10769 4334/10770 4333/10771
f 4357/10772 4328/10773 4327/10774 4358/10775
f 4358/10769 4300/10776 4299/10777 4334/10770
f 4358/10778 4327/10693 4305/10640 4300/10639
f 4334/10701 4299/10779 4303/10703 4329/10696
f 4332/10699 4331/10698 4312/10658 4314/10662
f 4331/10698 4330/10697 4313/10659 4312/10658
f 4326/10692 4320/10670 4306/10641 4307/10643
f 4323/10747 4308/10645 4310/10653 4298/10629
f 4321/10780 4302/10634 4304/10636 4319/10781
f 4320/10670 4319/10669 4304/10642 4306/10641
f 4316/10665 4291/10620 4290/10619 4311/10666
f 4311/10782 4290/10783 4288/10784 4309/10785
f 4310/10653 4309/10652 4288/10786 4285/10608
f 4310/10653 4285/10608 4284/10607 4298/10629
f 4292/10787 4287/10788 4286/10789 4289/10790
f 4290/10783 4289/10791 4286/10792 4288/10784
f 4359/10793 4382/10794 4383/10795 4384/10796
f 4359/10797 4385/10798 4386/10799 4382/10800
f 4359/10801 4384/10802 4387/10803 4385/10804
f 4360/10805 4382/10806 4386/10807 4361/10808
f 4360/10805 4361/10808 4388/10809 4389/10810
f 4360/10805 4389/10810 4383/10811 4382/10806
f 4361/10808 4386/10807 4390/10812 4388/10809
f 4362/10813 4391/10814 4392/10815 4393/10816
f 4362/10817 4393/10818 4394/10819 4395/10820
f 4362/10821 4395/10822 4396/10823 4391/10824
f 4363/10825 4397/10826 4398/10827 4399/10828
f 4363/10825 4373/10829 4400/10830 4397/10826
f 4363/10825 4401/10831 4375/10832 4373/10829
f 4363/10833 4402/10834 4403/10835 4401/10836
f 4363/10825 4399/10828 4404/10837 4402/10838
f 4364/10839 4405/10840 4398/10841 4397/10842
f 4364/10839 4397/10842 4400/10843 4406/10844
f 4364/10839 4406/10844 4407/10845 4405/10840
f 4365/10846 4408/10847 4407/10845 4409/10848
f 4365/10849 4410/10850 4411/10851 4408/10852
f 4365/10853 4409/10854 4366/10855 4410/10856
f 4366/10857 4412/10858 4413/10859 4410/10860
f 4366/10861 4409/10862 4414/10863 4412/10864
f 4367/10865 4415/10866 4411/10867 4416/10868
f 4367/10865 4417/10869 4418/10870 4415/10866
f 4367/10865 4416/10868 4419/10871 4417/10869
f 4368/10872 4420/10873 4418/10874 4417/10875
f 4396/10823 4395/10822 4420/10876 4368/10877
f 4368/10872 4417/10875 4370/10878 4396/10879
f 4369/10880 4390/10881 4392/10882 4391/10883
f 4369/10880 4391/10883 4396/10884 4421/10885
f 4369/10886 4421/10887 4388/10809 4390/10812
f 4370/10888 4422/10889 4375/10890 4401/10891
f 4370/10892 4423/10893 4421/10894 4396/10895
f 4370/10892 4401/10896 4403/10897 4423/10893
f 4371/10898 4375/10890 4422/10889 4424/10899
f 4371/10898 4424/10899 4374/10900 4372/10901
f 4371/10902 4425/10903 4426/10904 4427/10905
f 4371/10902 4372/10906 4428/10907 4425/10903
f 4372/10908 4429/10909 4400/10830 4373/10829
f 4372/10910 4374/10911 4430/10912 4429/10913
f 4372/10914 4373/10915 4378/10916 4431/10917
f 4373/10918 4375/10919 4432/10920 4378/10921
f 4374/10900 4424/10899 4433/10922 4430/10923
f 4375/10919 4434/10924 4435/10925 4432/10920
f 4375/10926 4371/10902 4427/10905 4434/10927
f 4376/10928 4436/10929 4437/10930 4438/10931
f 4376/10928 4438/10931 4427/10905 4426/10904
f 4376/10928 4426/10904 4439/10932 4436/10929
f 4377/10933 4428/10934 4440/10935 4441/10936
f 4377/10937 4441/10938 4380/10939 4442/10940
f 4377/10941 4442/10942 4425/10943 4428/10944
f 4378/10945 4432/10946 4443/10947 4431/10948
f 4379/10949 4444/10950 4443/10947 4445/10951
f 4379/10949 4445/10951 4446/10952 4447/10953
f 4379/10954 4447/10955 4448/10956 4444/10957
f 4380/10958 4441/10959 4448/10956 4449/10960
f 4380/10961 4449/10962 4439/10963 4442/10964
f 4450/10965 4446/10966 4451/10967 4437/10968
f 4381/10969 4434/10927 4427/10905 4438/10931
f 4381/10970 4438/10971 4437/10972 4451/10973
f 4381/10970 4451/10973 4435/10974 4434/10975
f 4451/10976 4446/10952 4445/10951 4435/10977
f 4450/10978 4437/10979 4436/10980 4452/10981
f 4450/10982 4452/10983 4447/10955 4446/10984
f 4452/10981 4436/10980 4439/10985 4449/10986
f 4452/10983 4449/10960 4448/10956 4447/10955
f 4448/10956 4441/10959 4440/10987 4444/10957
f 4445/10951 4443/10947 4432/10946 4435/10977
f 4444/10950 4440/10988 4431/10948 4443/10947
f 4442/10989 4439/10932 4426/10904 4425/10903
f 4440/10990 4428/10991 4372/10914 4431/10917
f 4433/10922 4424/10899 4422/10889 4419/10871
f 4433/10922 4419/10871 4416/10868 4413/10859
f 4433/10922 4413/10859 4412/10858 4430/10923
f 4430/10912 4412/10864 4414/10863 4429/10913
f 4429/10992 4414/10993 4406/10994 4400/10995
f 4423/10996 4403/10997 4383/10811 4389/10810
f 4423/10996 4389/10810 4388/10809 4421/10887
f 4422/10889 4370/10888 4417/10869 4419/10871
f 4420/10998 4395/10820 4394/10819 4453/10999
f 4420/11000 4453/11001 4454/11002 4418/11003
f 4454/11002 4453/11001 4399/11004 4398/11005
f 4454/11006 4398/10841 4405/10840 4455/11007
f 4454/11008 4455/11009 4415/11010 4418/11011
f 4455/11007 4405/10840 4407/10845 4408/10847
f 4455/11009 4408/11012 4411/11013 4415/11010
f 4453/10999 4394/10819 4404/11014 4399/11015
f 4416/10868 4411/10867 4410/10860 4413/10859
f 4414/11016 4409/10848 4407/10845 4406/10844
f 4404/11014 4394/10819 4393/10818 4387/11017
f 4404/11014 4387/11017 4384/11018 4402/11019
f 4403/10835 4402/10834 4384/11020 4383/11021
f 4393/10816 4392/10815 4385/11022 4387/11023
f 4392/11024 4390/11025 4386/11026 4385/11027
f 4456/11028 4506/11029 4507/11030 4508/11031
f 4456/11028 4509/11032 4510/11033 4506/11029
f 4456/11028 4508/11031 4511/11034 4509/11032
f 4457/11035 4512/11036 4513/11037 4514/11038
f 4457/11039 4514/11040 4505/11041 4515/11042
f 4457/11043 4515/11044 4507/11045 4512/11046
f 4458/11047 4512/11046 4507/11045 4506/11048
f 4458/11049 4506/11050 4510/11051 4459/11052
f 4458/11053 4459/11054 4516/11055 4517/11056
f 4458/11057 4460/11058 4513/11037 4512/11036
f 4458/11059 4517/11060 4518/11061 4460/11062
f 4459/11063 4510/11064 4504/11065 4499/11066
f 4460/11067 4518/11068 4519/11069 4499/11070
f 4460/11067 4499/11070 4520/11071 4521/11072
f 4460/11067 4521/11072 4522/11073 4513/11074
f 4459/11075 4499/11076 4519/11077 4523/11078
f 4524/11079 4525/11080 4526/11081 4527/11082
f 4461/11083 4528/11084 4497/11085 4529/11086
f 4461/11087 4526/11088 4530/11089 4528/11090
f 4461/11091 4529/11092 4527/11093 4526/11094
f 4462/11095 4467/11096 4531/11097 4532/11098
f 4462/11095 4532/11098 4533/11099 4534/11100
f 4462/11101 4534/11102 4535/11103 4467/11104
f 4463/11105 4536/11106 4473/11107 4537/11108
f 4463/11109 4538/11110 4539/11111 4536/11112
f 4463/11109 4537/11113 4479/11114 4538/11110
f 4464/11115 4540/11116 4539/11117 4541/11118
f 4464/11119 4542/11120 4543/11121 4540/11122
f 4464/11119 4541/11123 4544/11124 4542/11120
f 4465/11125 4545/11126 4546/11127 4547/11128
f 4465/11125 4468/11129 4548/11130 4545/11126
f 4465/11125 4547/11128 4549/11131 4468/11129
f 4466/11132 4542/11133 4544/11134 4550/11135
f 4466/11132 4551/11136 4543/11137 4542/11133
f 4466/11132 4550/11135 4552/11138 4551/11136
f 4467/11104 4535/11103 4553/11139 4531/11140
f 4468/11129 4549/11131 4554/11141 4548/11130
f 4469/11142 4555/11143 4554/11141 4549/11131
f 4469/11142 4556/11144 4474/11145 4555/11143
f 4469/11142 4549/11131 4547/11128 4556/11144
f 4470/11146 4475/11147 4474/11145 4556/11144
f 4470/11146 4556/11144 4547/11128 4546/11127
f 4470/11146 4557/11148 4471/11149 4475/11147
f 4471/11149 4557/11148 4558/11150 4494/11151
f 4471/11149 4494/11151 4559/11152 4560/11153
f 4472/11154 4561/11155 4562/11156 4563/11157
f 4472/11154 4552/11158 4564/11159 4565/11160
f 4473/11161 4491/11162 4566/11163 4567/11164
f 4473/11107 4536/11106 4568/11165 4569/11166
f 4473/11161 4569/11167 4490/11168 4491/11162
f 4473/11161 4567/11164 4570/11169 4537/11113
f 4472/11154 4565/11160 4571/11170 4561/11155
f 4474/11171 4572/11172 4477/11173 4555/11174
f 4474/11175 4573/11176 4574/11177 4476/11178
f 4474/11175 4476/11178 4575/11179 4572/11180
f 4474/11181 4475/11182 4576/11183 4573/11184
f 4476/11178 4577/11185 4578/11186 4575/11179
f 4477/11187 4572/11180 4531/11097 4553/11188
f 4477/11189 4553/11190 4554/11191 4555/11192
f 4478/11193 4579/11194 4580/11195 4581/11196
f 4478/11197 4582/11198 4564/11159 4579/11199
f 4478/11197 4581/11200 4583/11201 4582/11198
f 4479/11202 4584/11203 4585/11204 4538/11205
f 4479/11114 4537/11113 4570/11169 4584/11206
f 4480/11207 4586/11208 4587/11209 4588/11210
f 4480/11207 4588/11210 4589/11211 4590/11212
f 4480/11207 4590/11212 4482/11213 4586/11208
f 4481/11214 4591/11215 4586/11216 4482/11217
f 4481/11218 4592/11219 4483/11220 4591/11221
f 4481/11222 4482/11223 4590/11224 4592/11225
f 4483/11220 4593/11226 4594/11227 4591/11221
f 4483/11220 4592/11219 4595/11228 4593/11226
f 4484/11229 4596/11230 4493/11231 4492/11232
f 4484/11229 4597/11233 4598/11234 4596/11230
f 4484/11229 4492/11232 4487/11235 4597/11233
f 4485/11236 4599/11237 4494/11151 4600/11238
f 4485/11236 4601/11239 4488/11240 4599/11237
f 4485/11236 4600/11238 4602/11241 4601/11239
f 4486/11242 4603/11243 4604/11244 4605/11245
f 4486/11242 4605/11245 4523/11246 4606/11247
f 4486/11242 4606/11247 4607/11248 4603/11243
f 4487/11249 4492/11250 4599/11251 4488/11252
f 4487/11253 4488/11254 4601/11255 4597/11256
f 4489/11257 4604/11258 4603/11259 4490/11260
f 4489/11261 4608/11262 4562/11156 4609/11263
f 4489/11264 4609/11265 4610/11266 4611/11267
f 4490/11268 4612/11269 4611/11270 4610/11271
f 4490/11168 4610/11272 4566/11163 4491/11162
f 4490/11273 4613/11274 4614/11275 4612/11276
f 4492/11277 4559/11278 4494/11279 4599/11280
f 4492/11281 4615/11282 4616/11283 4559/11284
f 4493/11231 4596/11230 4617/11285 4618/11286
f 4493/11231 4618/11286 4619/11287 4620/11288
f 4493/11231 4476/11178 4574/11177 4492/11232
f 4493/11231 4620/11288 4577/11185 4476/11178
f 4494/11151 4558/11150 4621/11289 4622/11290
f 4494/11151 4622/11290 4623/11291 4600/11238
f 4495/11292 4614/11275 4613/11274 4624/11293
f 4495/11294 4625/11295 4626/11296 4614/11297
f 4495/11292 4624/11293 4627/11298 4625/11299
f 4496/11300 4607/11248 4606/11247 4628/11301
f 4496/11300 4628/11301 4627/11302 4624/11303
f 4496/11300 4624/11303 4613/11304 4607/11248
f 4497/11085 4528/11084 4619/11287 4618/11286
f 4497/11085 4618/11286 4617/11285 4529/11086
f 4498/11305 4525/11080 4623/11291 4622/11290
f 4498/11305 4530/11306 4526/11081 4525/11080
f 4498/11305 4622/11290 4621/11289 4530/11306
f 4500/11307 4629/11308 4630/11309 4631/11310
f 4500/11307 4631/11310 4626/11296 4516/11055
f 4500/11307 4516/11055 4459/11054 4629/11308
f 4501/11311 4632/11312 4511/11034 4633/11313
f 4501/11311 4633/11313 4634/11314 4635/11315
f 4501/11311 4635/11315 4636/11316 4632/11312
f 4502/11317 4635/11318 4634/11319 4637/11320
f 4502/11321 4637/11322 4503/11323 4638/11324
f 4502/11325 4638/11326 4636/11327 4635/11328
f 4503/11323 4522/11073 4521/11072 4638/11324
f 4503/11323 4637/11322 4639/11329 4522/11073
f 4504/11330 4510/11033 4509/11032 4640/11331
f 4504/11065 4640/11332 4520/11333 4499/11066
f 4505/11041 4514/11040 4639/11334 4641/11335
f 4505/11336 4641/11337 4642/11338 4515/11339
f 4642/11338 4641/11337 4634/11314 4633/11313
f 4642/11338 4633/11313 4511/11034 4508/11031
f 4642/11338 4508/11031 4507/11030 4515/11339
f 4641/11340 4639/11341 4637/11342 4634/11343
f 4640/11331 4509/11032 4511/11034 4632/11312
f 4640/11331 4632/11312 4636/11316 4520/11344
f 4639/11329 4514/11345 4513/11074 4522/11073
f 4638/11326 4521/11346 4520/11347 4636/11327
f 4631/11310 4612/11348 4614/11297 4626/11296
f 4631/11310 4630/11309 4611/11349 4612/11348
f 4630/11350 4629/11351 4605/11352 4604/11353
f 4630/11354 4604/11258 4489/11257 4611/11355
f 4629/11356 4459/11075 4523/11078 4605/11357
f 4628/11301 4606/11247 4523/11246 4519/11069
f 4628/11301 4519/11069 4518/11068 4627/11302
f 4627/11358 4518/11359 4517/11360 4625/11361
f 4626/11296 4625/11295 4517/11056 4516/11055
f 4623/11291 4525/11080 4524/11079 4643/11362
f 4623/11291 4643/11362 4602/11241 4600/11238
f 4643/11363 4524/11364 4527/11365 4644/11366
f 4643/11367 4644/11368 4598/11369 4602/11370
f 4644/11371 4527/11372 4529/11086 4617/11285
f 4644/11371 4617/11285 4596/11230 4598/11234
f 4621/11373 4558/11374 4620/11375 4619/11376
f 4621/11373 4619/11376 4528/11090 4530/11089
f 4620/11377 4558/11378 4557/11379 4577/11380
f 4616/11381 4615/11382 4595/11383 4589/11384
f 4616/11385 4589/11211 4588/11210 4645/11386
f 4616/11385 4645/11386 4560/11153 4559/11152
f 4645/11386 4588/11210 4587/11209 4646/11387
f 4645/11386 4646/11387 4576/11388 4560/11153
f 4646/11389 4587/11390 4594/11391 4647/11392
f 4646/11393 4647/11394 4573/11184 4576/11183
f 4647/11395 4594/11227 4593/11226 4648/11396
f 4647/11395 4648/11396 4574/11177 4573/11176
f 4648/11396 4593/11226 4595/11228 4615/11397
f 4648/11396 4615/11397 4492/11232 4574/11177
f 4613/11304 4490/11398 4603/11243 4607/11248
f 4610/11266 4609/11265 4649/11399 4566/11400
f 4649/11401 4650/11402 4567/11403 4566/11404
f 4649/11405 4609/11263 4562/11156 4561/11155
f 4649/11405 4561/11155 4571/11170 4650/11406
f 4650/11402 4583/11407 4570/11408 4567/11403
f 4650/11406 4571/11170 4582/11198 4583/11201
f 4608/11262 4651/11409 4563/11157 4562/11156
f 4608/11410 4569/11411 4568/11412 4651/11413
f 4651/11414 4543/11137 4551/11136 4563/11415
f 4651/11416 4568/11417 4540/11418 4543/11419
f 4602/11370 4598/11369 4597/11420 4601/11421
f 4595/11383 4592/11422 4590/11423 4589/11384
f 4594/11391 4587/11390 4586/11424 4591/11425
f 4585/11426 4584/11427 4581/11428 4580/11429
f 4585/11430 4580/11431 4544/11432 4541/11433
f 4585/11204 4541/11118 4539/11117 4538/11205
f 4584/11434 4570/11408 4583/11407 4581/11435
f 4582/11198 4571/11170 4565/11160 4564/11159
f 4580/11195 4579/11194 4550/11436 4544/11437
f 4579/11199 4564/11159 4552/11158 4550/11438
f 4578/11186 4533/11099 4532/11098 4575/11179
f 4578/11439 4577/11440 4557/11441 4470/11442
f 4578/11443 4470/11444 4546/11445 4533/11446
f 4575/11179 4532/11098 4531/11097 4572/11180
f 4568/11447 4536/11112 4539/11111 4540/11448
f 4472/11154 4563/11157 4551/11449 4552/11158
f 4554/11191 4553/11190 4535/11450 4548/11451
f 4548/11452 4535/11453 4534/11454 4545/11455
f 4546/11445 4545/11456 4534/11457 4533/11446
f 4569/11458 4608/11459 4489/11460 4490/11461
f 4560/11153 4576/11388 4475/11147 4471/11149
f 4652/11462 4673/11463 4674/11464 4675/11465
f 4652/11466 4676/11467 4677/11468 4673/11469
f 4652/11470 4675/11471 4678/11472 4676/11473
f 4653/11474 4679/11475 4680/11476 4681/11477
f 4653/11474 4682/11478 4683/11479 4679/11475
f 4653/11480 4681/11481 4684/11482 4682/11483
f 4654/11484 4679/11485 4683/11486 4685/11487
f 4654/11488 4685/11489 4686/11490 4687/11491
f 4654/11488 4687/11491 4680/11492 4679/11493
f 4655/11494 4685/11495 4683/11496 4688/11497
f 4655/11498 4689/11499 4686/11490 4685/11489
f 4655/11500 4688/11501 4690/11502 4689/11503
f 4656/11504 4691/11505 4692/11506 4693/11507
f 4656/11504 4693/11507 4690/11508 4694/11509
f 4656/11504 4694/11509 4684/11482 4691/11505
f 4657/11510 4695/11511 4696/11512 4697/11513
f 4657/11510 4697/11513 4687/11491 4686/11490
f 4657/11510 4686/11490 4689/11499 4695/11511
f 4658/11514 4688/11515 4683/11516 4682/11483
f 4658/11514 4682/11483 4684/11482 4694/11509
f 4658/11514 4694/11509 4690/11508 4688/11515
f 4659/11517 4660/11518 4696/11519 4692/11520
f 4659/11521 4692/11506 4691/11505 4661/11522
f 4659/11521 4661/11522 4698/11523 4699/11524
f 4659/11525 4700/11526 4701/11527 4660/11528
f 4660/11529 4702/11530 4697/11513 4696/11512
f 4660/11529 4703/11531 4661/11532 4702/11530
f 4660/11533 4701/11534 4704/11535 4703/11536
f 4661/11537 4681/11538 4680/11539 4702/11540
f 4661/11541 4703/11542 4705/11543 4698/11544
f 4662/11545 4706/11546 4707/11547 4708/11548
f 4662/11545 4709/11549 4704/11550 4706/11546
f 4662/11545 4708/11548 4710/11551 4709/11549
f 4663/11552 4711/11553 4700/11554 4712/11555
f 4663/11552 4712/11555 4713/11556 4714/11557
f 4663/11552 4714/11557 4715/11558 4711/11553
f 4664/11559 4716/11560 4708/11548 4707/11547
f 4664/11561 4717/11562 4718/11563 4716/11564
f 4664/11565 4707/11566 4719/11567 4717/11568
f 4665/11569 4717/11570 4719/11571 4715/11558
f 4665/11569 4720/11572 4718/11573 4717/11570
f 4665/11569 4715/11558 4714/11557 4720/11572
f 4666/11574 4721/11575 4722/11576 4723/11577
f 4666/11578 4724/11579 4725/11580 4721/11581
f 4667/11582 4727/11583 4728/11584 4721/11575
f 4667/11585 4729/11586 4730/11587 4731/11588
f 4667/11589 4731/11590 4732/11591 4727/11592
f 4668/11593 4675/11594 4674/11595 4733/11596
f 4668/11593 4734/11597 4678/11598 4675/11594
f 4668/11593 4733/11596 4735/11599 4734/11597
f 4669/11600 4736/11601 4673/11469 4677/11468
f 4669/11600 4677/11468 4737/11602 4738/11603
f 4669/11600 4738/11603 4739/11604 4736/11601
f 4670/11605 4740/11606 4741/11607 4742/11608
f 4670/11605 4743/11609 4744/11610 4740/11606
f 4670/11605 4742/11608 4745/11611 4743/11609
f 4671/11612 4746/11613 4747/11614 4748/11615
f 4671/11616 4748/11617 4749/11618 4750/11619
f 4671/11620 4750/11621 4741/11622 4746/11623
f 4672/11624 4751/11625 4745/11611 4742/11608
f 4672/11624 4742/11608 4741/11607 4750/11626
f 4672/11624 4750/11626 4749/11627 4751/11625
f 4751/11625 4752/11628 4735/11599 4745/11611
f 4751/11625 4749/11627 4753/11629 4752/11628
f 4752/11628 4729/11586 4734/11597 4735/11599
f 4752/11628 4753/11629 4730/11587 4729/11586
f 4749/11630 4748/11631 4666/11632 4753/11633
f 4748/11615 4747/11614 4724/11634 4666/11635
f 4747/11614 4738/11603 4737/11602 4724/11634
f 4747/11614 4746/11613 4739/11604 4738/11603
f 4746/11636 4741/11637 4740/11638 4739/11639
f 4745/11611 4735/11599 4733/11596 4743/11609
f 4744/11640 4674/11464 4673/11463 4736/11641
f 4744/11642 4736/11643 4739/11639 4740/11638
f 4744/11610 4743/11609 4733/11596 4674/11595
f 4737/11602 4677/11468 4676/11467 4726/11644
f 4737/11602 4726/11644 4725/11645 4724/11634
f 4734/11597 4729/11586 4667/11585 4678/11598
f 4732/11591 4699/11646 4698/11647 4727/11592
f 4732/11648 4731/11588 4754/11649 4713/11556
f 4732/11648 4713/11556 4712/11555 4699/11524
f 4728/11650 4727/11651 4698/11544 4705/11543
f 4728/11584 4705/11652 4709/11549 4710/11551
f 4728/11584 4710/11551 4722/11576 4721/11575
f 4667/11653 4726/11654 4676/11473 4678/11472
f 4666/11655 4723/11656 4754/11649 4731/11588
f 4730/11587 4753/11629 4666/11655 4731/11588
f 4754/11649 4723/11656 4718/11573 4720/11572
f 4754/11649 4720/11572 4714/11557 4713/11556
f 4723/11657 4722/11658 4716/11564 4718/11563
f 4722/11576 4710/11551 4708/11548 4716/11560
f 4719/11659 4707/11660 4706/11661 4755/11662
f 4719/11571 4755/11663 4711/11553 4715/11558
f 4755/11662 4706/11661 4704/11664 4701/11665
f 4755/11666 4701/11667 4700/11668 4711/11669
f 4712/11555 4700/11554 4659/11521 4699/11524
f 4709/11549 4705/11652 4703/11670 4704/11550
f 4702/11530 4680/11492 4687/11491 4697/11513
f 4661/11522 4691/11505 4684/11482 4681/11481
f 4696/11519 4695/11671 4693/11672 4692/11520
f 4695/11671 4689/11673 4690/11674 4693/11672
f 4667/11653 4721/11675 4725/11676 4726/11654
f 4756/11677 4762/11678 4763/11679 4764/11680
f 4757/11681 4764/11680 4763/11679 4765/11682
f 4758/11683 4761/11684 4760/11685 4766/11686
f 4759/11687 4765/11682 4763/11679 4760/11688
f 4760/11688 4763/11679 4762/11678 4766/11689
f 4768/11690 4774/11691 4775/11692 4776/11693
f 4768/11694 4777/11695 4778/11696 4774/11697
f 4769/11698 4776/11699 4775/11700 4772/11701
f 4770/11702 4779/11703 4778/11704 4780/11705
f 4771/11706 4773/11707 4772/11708 4781/11709
f 4772/11708 4775/11710 4782/11711 4781/11709
f 4782/11712 4775/11713 4774/11714 4783/11715
f 4783/11715 4774/11714 4778/11716 4779/11717
f 4780/11718 4778/11719 4777/11720 4784/11721
f 4777/11720 4768/11722 4767/11723 4784/11721
f 4785/11724 4810/11725 4811/11726 4812/11727
f 4785/11724 4808/11728 4813/11729 4810/11725
f 4785/11724 4812/11727 4814/11730 4808/11728
f 4786/11731 4815/11732 4816/11733 4817/11734
f 4786/11731 4817/11734 4818/11735 4809/11736
f 4786/11731 4809/11736 4819/11737 4815/11732
f 4787/11738 4820/11739 4821/11740 4822/11741
f 4787/11738 4798/11742 4823/11743 4820/11739
f 4787/11744 4822/11745 4824/11746 4798/11747
f 4788/11748 4825/11749 4826/11750 4827/11751
f 4788/11752 4828/11753 4829/11754 4825/11755
f 4788/11756 4827/11757 4800/11758 4828/11759
f 4789/11760 4825/11761 4829/11762 4830/11763
f 4789/11764 4830/11765 4831/11766 4832/11767
f 4789/11768 4832/11769 4826/11770 4825/11771
f 4790/11772 4833/11773 4834/11774 4835/11775
f 4790/11772 4836/11776 4837/11777 4833/11773
f 4790/11772 4835/11775 4838/11778 4836/11776
f 4791/11779 4829/11780 4828/11781 4842/11782
f 4791/11783 4843/11784 4830/11763 4829/11762
f 4791/11785 4842/11786 4844/11787 4843/11788
f 4792/11789 4845/11790 4846/11791 4847/11792
f 4792/11789 4847/11792 4848/11793 4849/11794
f 4792/11789 4849/11794 4834/11774 4845/11790
f 4793/11795 4841/11796 4840/11797 4850/11798
f 4793/11799 4796/11800 4851/11801 4841/11802
f 4793/11795 4850/11798 4852/11803 4796/11804
f 4794/11805 4853/11806 4854/11807 4851/11801
f 4794/11808 4851/11809 4796/11810 4855/11811
f 4794/11808 4849/11794 4848/11793 4853/11812
f 4794/11808 4835/11775 4834/11774 4849/11794
f 4794/11808 4855/11811 4838/11778 4835/11775
f 4795/11813 4856/11814 4857/11815 4858/11816
f 4795/11817 4858/11818 4859/11819 4860/11820
f 4795/11821 4848/11822 4847/11823 4861/11824
f 4795/11825 4861/11826 4804/11827 4856/11828
f 4795/11821 4862/11829 4853/11830 4848/11822
f 4795/11831 4860/11832 4852/11833 4862/11834
f 4796/11835 4863/11836 4824/11837 4855/11838
f 4796/11839 4852/11833 4860/11832 4863/11840
f 4797/11841 4864/11842 4850/11843 4840/11844
f 4797/11845 4839/11846 4854/11847 4864/11848
f 4798/11849 4799/11850 4827/11757 4826/11851
f 4798/11852 4826/11770 4832/11769 4823/11853
f 4798/11854 4824/11855 4863/11856 4799/11857
f 4799/11850 4859/11819 4801/11858 4865/11859
f 4799/11850 4863/11860 4860/11820 4859/11819
f 4799/11850 4865/11859 4800/11758 4827/11757
f 4800/11758 4865/11859 4842/11861 4828/11759
f 4801/11858 4859/11819 4858/11818 4844/11862
f 4801/11858 4844/11862 4842/11861 4865/11859
f 4802/11863 4866/11864 4867/11865 4868/11866
f 4802/11863 4869/11867 4818/11735 4866/11864
f 4802/11868 4868/11869 4814/11870 4869/11871
f 4803/11872 4861/11873 4847/11874 4846/11875
f 4803/11876 4846/11877 4870/11878 4871/11879
f 4803/11880 4867/11881 4804/11882 4861/11883
f 4804/11884 4867/11885 4866/11886 4872/11887
f 4804/11827 4872/11888 4806/11889 4873/11890
f 4805/11891 4874/11892 4871/11879 4870/11878
f 4806/11893 4816/11894 4874/11895 4805/11896
f 4805/11897 4870/11898 4837/11899 4806/11900
f 4806/11889 4821/11740 4820/11739 4873/11890
f 4806/11901 4837/11902 4836/11903 4821/11904
f 4806/11905 4872/11906 4817/11907 4816/11908
f 4807/11909 4833/11773 4837/11777 4870/11910
f 4807/11909 4870/11910 4846/11791 4845/11790
f 4807/11909 4845/11790 4834/11774 4833/11773
f 4808/11728 4814/11730 4868/11911 4813/11729
f 4809/11736 4818/11735 4869/11867 4819/11737
f 4874/11895 4816/11894 4815/11912 4811/11913
f 4874/11914 4811/11726 4810/11725 4871/11915
f 4873/11890 4820/11739 4823/11743 4875/11916
f 4873/11890 4875/11916 4856/11828 4804/11827
f 4875/11916 4823/11743 4832/11767 4831/11766
f 4875/11916 4831/11766 4857/11917 4856/11828
f 4872/11918 4866/11864 4818/11735 4817/11734
f 4803/11919 4871/11915 4810/11725 4813/11729
f 4803/11920 4813/11921 4868/11922 4867/11923
f 4869/11924 4814/11925 4812/11926 4819/11927
f 4864/11848 4854/11847 4853/11928 4862/11929
f 4864/11848 4862/11929 4852/11930 4850/11931
f 4858/11932 4857/11933 4843/11788 4844/11787
f 4857/11917 4831/11766 4830/11765 4843/11934
f 4855/11935 4824/11936 4822/11937 4838/11938
f 4854/11807 4839/11939 4841/11802 4851/11801
f 4838/11940 4822/11941 4821/11942 4836/11943
f 4819/11944 4812/11945 4811/11946 4815/11947
f 4797/11948 4840/11949 4841/11950 4839/11951
f 4876/11952 4877/11953 4878/11954 4879/11955
f 4876/11956 4879/11957 4880/11958 4881/11959
f 4881/11960 4880/11961 4882/11962 4883/11963
f 4882/11964 4880/11965 4884/11966 4885/11967
f 4884/11968 4880/11958 4879/11957 4886/11969
f 4886/11969 4879/11957 4878/11970 4887/11971
f 4887/11972 4878/11973 4888/11974 4889/11975
f 4888/11976 4878/11954 4877/11953 4890/11977
f 4890/11977 4877/11953 4891/11978 4892/11979
f 4892/11979 4891/11978 4893/11980 4894/11981
f 4894/11981 4893/11980 4895/11982 4896/11983
f 4895/11984 4893/11985 4897/11986 4898/11987
f 4897/11986 4893/11985 4891/11988 4899/11989
f 4899/11990 4876/11991 4881/11960 4883/11963
f 4899/11992 4891/11978 4877/11953 4876/11952
f 4900/11993 4934/11994 4935/11995 4901/11996
f 4900/11993 4901/11996 4936/11997 4937/11998
f 4900/11993 4937/11998 4938/11999 4934/11994
f 4939/12000 4940/12001 4934/12002 4938/12003
f 4901/11996 4935/11995 4941/12004 4936/11997
f 4902/12005 4935/12006 4934/12007 4940/12008
f 4902/12009 4942/12010 4941/12011 4935/12012
f 4902/12013 4940/12014 4943/12015 4942/12016
f 4903/12017 4904/12018 4944/12019 4945/12020
f 4903/12021 4945/12022 4946/12023 4947/12024
f 4903/12025 4947/12026 4948/12027 4904/12028
f 4904/12029 4948/12030 4949/12031 4944/12032
f 4905/12033 4907/12034 4950/12035 4951/12036
f 4905/12033 4951/12036 4944/12032 4949/12031
f 4905/12033 4949/12031 4910/12037 4907/12034
f 4906/12038 4946/12023 4945/12022 4952/12039
f 4906/12038 4952/12039 4953/12040 4954/12041
f 4906/12038 4954/12041 4955/12042 4946/12023
f 4907/12034 4956/12043 4957/12044 4950/12035
f 5031/12045 4958/12046 4959/12047 4909/12048
f 4907/12034 4908/12049 4960/12050 4956/12043
f 4908/12051 4961/12052 4962/12053 4960/12054
f 4909/12055 4959/12056 4963/12057 4964/12058
f 4909/12048 4964/12059 4965/12060 5031/12045
f 4910/12061 4949/12062 4948/12063 4961/12064
f 5031/12065 4965/12066 4966/12067 4911/12068
f 4911/12068 4967/12069 4958/12070 5031/12065
f 4911/12071 4966/12072 4968/12073 4967/12074
f 4912/12075 4969/12076 4970/12077 4971/12078
f 4912/12079 4972/12080 4973/12081 4969/12082
f 4912/12083 4971/12084 4915/12085 4972/12086
f 4913/12087 4974/12088 4975/12089 4976/12090
f 4913/12087 4976/12090 4977/12091 4978/12092
f 4913/12087 4978/12092 4979/12093 4974/12088
f 4914/12094 4980/12095 4981/12096 4915/12097
f 4914/12098 4915/12099 4982/12100 4983/12101
f 4914/12098 4983/12101 4968/12073 4980/12102
f 4915/12103 4938/11999 4937/11998 4972/12104
f 4915/12097 4981/12096 4939/12105 4938/12106
f 4916/12107 4942/12016 4943/12015 4984/12108
f 4916/12109 4985/12110 4986/12111 4987/12112
f 4916/12109 4987/12112 4941/12113 4942/12114
f 4917/12115 4963/12057 4975/12089 4988/12116
f 4917/12115 4988/12116 4986/12117 4985/12118
f 4917/12115 4985/12118 4964/12058 4963/12057
f 4918/12119 4989/12120 4990/12121 4919/12122
f 4918/12119 4919/12122 4991/12123 4992/12124
f 4918/12119 4992/12124 4993/12125 4989/12120
f 4919/12122 4990/12121 4994/12126 4991/12123
f 4920/12127 4989/12120 4993/12125 4995/12128
f 4920/12127 4996/12129 4990/12121 4989/12120
f 4920/12127 4997/12130 4998/12131 4996/12129
f 4921/12132 4928/12133 4999/12134 5000/12135
f 4921/12132 4922/12136 4994/12137 4928/12133
f 4921/12138 5001/12139 5002/12140 4922/12141
f 4921/12138 5000/12142 4957/12044 4956/12043
f 4921/12138 4956/12043 4960/12050 5001/12139
f 4922/12143 5002/12144 4991/12145 4994/12146
f 4923/12147 4992/12148 4991/12145 5002/12144
f 4923/12149 5003/12150 4993/12151 4992/12152
f 4923/12153 5002/12140 5001/12139 5003/12154
f 4924/12155 4978/12156 4977/12157 5004/12158
f 4924/12159 5004/12160 4983/12101 4982/12100
f 4924/12155 4982/12161 4979/12162 4978/12156
f 4925/12163 5000/12142 4999/12164 5005/12165
f 4925/12163 5005/12165 5006/12166 5007/12167
f 4925/12163 5008/12168 4957/12044 5000/12142
f 4926/12169 5009/12170 5010/12171 4933/12172
f 4926/12173 5007/12174 5011/12175 5009/12176
f 4926/12173 4933/12177 4925/12178 5007/12174
f 4927/12179 5012/12180 5013/12181 5014/12182
f 4927/12179 5014/12182 5015/12183 5016/12184
f 4927/12179 5016/12184 5017/12185 5012/12180
f 4928/12186 5018/12187 5019/12188 5020/12189
f 4928/12190 4996/12129 4998/12131 5018/12191
f 4928/12192 5020/12193 5017/12194 4999/12195
f 4925/12196 4998/12197 4997/12198 5008/12199
f 4925/12200 5021/12201 5018/12202 4998/12203
f 4929/12204 5022/12205 5021/12206 5010/12171
f 4929/12204 5023/12207 5024/12208 5022/12205
f 4929/12204 5010/12171 5009/12170 5023/12207
f 4930/12209 4932/12210 5015/12183 5014/12182
f 4930/12209 5025/12211 5026/12212 4932/12210
f 4930/12209 5014/12182 5013/12181 5025/12211
f 4931/12213 5019/12214 5022/12205 5024/12208
f 4931/12213 5027/12215 5020/12216 5019/12214
f 4931/12213 5024/12208 5028/12217 5027/12215
f 4932/12210 5026/12212 5006/12166 5015/12183
f 4933/12172 5010/12171 5021/12206 4925/12218
f 5028/12217 5024/12208 5023/12207 5029/12219
f 5028/12220 5029/12221 5025/12222 5013/12223
f 5028/12224 5013/12225 5012/12226 5027/12227
f 5029/12219 5023/12207 5009/12170 5011/12228
f 5029/12229 5011/12230 5026/12231 5025/12232
f 5027/12233 5012/12234 5017/12194 5020/12193
f 5026/12212 5011/12235 5007/12167 5006/12166
f 5022/12205 5019/12214 5018/12236 5021/12206
f 5017/12185 5016/12184 5005/12165 4999/12164
f 5016/12184 5015/12183 5006/12166 5005/12165
f 5008/12237 4997/12238 4954/12239 4953/12240
f 5008/12241 4953/12242 4950/12243 4957/12244
f 5004/12245 4977/12246 4958/12070 4967/12069
f 5004/12160 4967/12074 4968/12073 4983/12101
f 5003/12154 5001/12139 4960/12050 4962/12247
f 5003/12150 4962/12248 4995/12249 4993/12151
f 4928/12190 4994/12126 4990/12121 4996/12129
f 4997/12130 4920/12127 4955/12042 4954/12041
f 4920/12127 4995/12128 5030/12250 4955/12042
f 5030/12251 4961/12252 4948/12253 4947/12254
f 5030/12250 4947/12024 4946/12023 4955/12042
f 5030/12251 4995/12255 4962/12256 4961/12252
f 4988/12116 4975/12089 4974/12088 4970/12077
f 4988/12116 4970/12077 4969/12076 4986/12117
f 4987/12257 4986/12258 4969/12082 4973/12081
f 4987/12259 4973/12260 4936/11997 4941/12004
f 4985/12110 4916/12109 4965/12261 4964/12262
f 4916/12107 4984/12108 4966/12072 4965/12263
f 4984/12108 4943/12015 4981/12264 4980/12102
f 4984/12108 4980/12102 4968/12073 4966/12072
f 4982/12265 4915/12085 4971/12084 4979/12266
f 4981/12264 4943/12015 4940/12014 4939/12267
f 4979/12093 4971/12078 4970/12077 4974/12088
f 4977/12091 4976/12090 4959/12056 4958/12268
f 4976/12090 4975/12089 4963/12057 4959/12056
f 4973/12260 4972/12104 4937/11998 4936/11997
f 4953/12269 4952/12270 4951/12271 4950/12272
f 4952/12273 4945/12274 4944/12275 4951/12276
f 4907/12034 4910/12037 4961/12277 4908/12049
f 5032/12278 5033/12279 5036/12280 5037/12281
f 5034/12282 5035/12283 5038/12284 5039/12285
f 5039/12285 5038/12284 5037/12281 5036/12280
f 5040/12286 5042/12287 5043/12288 5044/12289
f 5041/12290 5045/12291 5046/12292 5047/12293
f 5046/12292 5043/12288 5048/12294 5049/12295
f 5046/12292 5049/12295 5050/12296 5047/12293
f 5046/12292 5045/12291 5044/12289 5043/12288
f 5050/12296 5049/12295 5051/12297 5052/12298
f 5048/12294 5053/12299 5049/12295
f 5048/12294 5043/12288 5042/12287 5053/12299
f 5049/12300 5053/12301 5052/12302 5051/12303
f 5054/12304 5078/12305 5079/12306 5055/12307
f 5054/12308 5055/12309 5080/12310 5081/12311
f 5054/12312 5081/12313 5082/12314 5078/12315
f 5055/12316 5079/12317 5083/12318 5080/12319
f 5056/12320 5083/12318 5079/12317 5084/12321
f 5056/12320 5085/12322 5086/12323 5083/12318
f 5056/12324 5084/12325 5087/12326 5085/12327
f 5057/12328 5088/12329 5078/12315 5082/12314
f 5057/12328 5089/12330 5090/12331 5088/12329
f 5057/12328 5082/12314 5059/12332 5089/12330
f 5058/12333 5091/12334 5092/12335 5093/12336
f 5058/12337 5065/12338 5094/12339 5091/12340
f 5058/12341 5093/12342 5064/12343 5095/12344
f 5058/12345 5095/12346 5081/12347 5080/12348
f 5059/12332 5082/12314 5081/12313 5095/12349
f 5059/12350 5095/12351 5064/12352 5096/12353
f 5059/12354 5063/12355 5097/12356 5089/12357
f 5059/12358 5096/12359 5066/12360 5063/12361
f 5060/12362 5098/12363 5099/12364 5100/12365
f 5060/12362 5101/12366 5102/12367 5098/12363
f 5060/12362 5100/12365 5103/12368 5101/12366
f 5061/12369 5104/12370 5068/12371 5105/12372
f 5061/12373 5106/12374 5107/12375 5104/12376
f 5061/12373 5105/12377 5108/12378 5106/12374
f 5062/12379 5109/12380 5110/12381 5111/12382
f 5062/12383 5111/12384 5112/12385 5113/12386
f 5062/12383 5113/12386 5114/12387 5109/12388
f 5063/12355 5115/12389 5116/12390 5117/12391
f 5063/12392 5066/12393 5114/12394 5115/12395
f 5064/12396 5065/12397 5118/12398 5096/12399
f 5065/12400 5064/12401 5119/12402 5120/12403
f 5065/12404 5058/12405 5086/12323 5118/12406
f 5065/12400 5120/12403 5121/12407 5094/12408
f 5066/12409 5122/12410 5123/12411 5067/12412
f 5066/12413 5096/12399 5118/12398 5122/12414
f 5067/12412 5124/12415 5110/12381 5109/12380
f 5067/12412 5109/12380 5114/12416 5066/12409
f 5067/12417 5123/12418 5125/12419 5126/12420
f 5067/12412 5126/12421 5127/12422 5124/12415
f 5068/12371 5110/12381 5124/12415 5105/12372
f 5068/12423 5104/12424 5111/12384 5110/12425
f 5069/12426 5070/12427 5128/12428 5129/12429
f 5069/12426 5100/12365 5099/12364 5070/12427
f 5069/12426 5129/12429 5103/12368 5100/12365
f 5070/12427 5099/12364 5116/12390 5071/12430
f 5070/12427 5071/12430 5130/12431 5128/12428
f 5072/12432 5131/12433 5132/12434 5133/12435
f 5072/12432 5133/12435 5093/12436 5092/12437
f 5072/12432 5092/12437 5134/12438 5131/12433
f 5073/12439 5135/12440 5136/12441 5137/12442
f 5073/12439 5138/12443 5132/12444 5135/12440
f 5073/12439 5137/12442 5074/12445 5138/12443
f 5074/12446 5137/12447 5121/12407 5120/12403
f 5074/12446 5120/12403 5119/12402 5138/12448
f 5075/12449 5131/12433 5134/12438 5139/12450
f 5075/12449 5135/12451 5132/12434 5131/12433
f 5075/12449 5139/12450 5136/12452 5135/12451
f 5064/12343 5093/12342 5133/12453 5119/12454
f 5076/12455 5091/12456 5094/12457 5140/12458
f 5076/12459 5140/12460 5139/12450 5134/12438
f 5076/12459 5134/12438 5092/12437 5091/12461
f 5077/12462 5121/12463 5137/12464 5136/12465
f 5077/12466 5136/12467 5139/12468 5140/12469
f 5077/12462 5140/12470 5094/12471 5121/12463
f 5138/12472 5119/12473 5133/12474 5132/12475
f 5130/12431 5071/12430 5116/12390 5115/12389
f 5130/12476 5115/12395 5114/12394 5113/12477
f 5130/12478 5113/12479 5112/12480 5128/12481
f 5129/12482 5128/12481 5112/12480 5107/12483
f 5129/12484 5107/12485 5106/12486 5103/12487
f 5127/12488 5126/12489 5141/12490 5102/12491
f 5127/12492 5102/12493 5101/12494 5108/12495
f 5127/12422 5108/12496 5105/12372 5124/12415
f 5141/12497 5097/12356 5063/12355 5117/12391
f 5141/12497 5117/12391 5098/12363 5102/12367
f 5141/12490 5126/12489 5125/12498 5097/12499
f 5125/12500 5090/12501 5089/12357 5097/12356
f 5125/12419 5123/12418 5087/12502 5090/12503
f 5123/12411 5122/12410 5085/12327 5087/12326
f 5122/12410 5118/12504 5086/12505 5085/12327
f 5117/12391 5116/12390 5099/12364 5098/12363
f 5112/12385 5111/12384 5104/12424 5107/12506
f 5108/12507 5101/12508 5103/12509 5106/12510
f 5058/12405 5080/12319 5083/12318 5086/12323
f 5090/12511 5087/12512 5084/12513 5088/12514
f 5088/12514 5084/12513 5079/12515 5078/12516
f 5142/12517 5143/12518 5144/12519
f 5143/12518 5145/12520 5146/12521 5144/12519
f 5147/12522 5148/12523 5146/12521 5145/12520
f 5147/12522 5145/12520 5149/12524
f 5147/12525 5149/12526 5150/12527 5151/12528
f 5147/12525 5151/12528 5152/12529 5148/12530
f 5152/12529 5151/12528 5153/12531 5154/12532
f 5154/12532 5153/12531 5155/12533 5156/12534
f 5156/12535 5155/12536 5157/12537 5158/12538
f 5158/12539 5157/12540 5159/12541 5160/12542
f 5159/12541 5157/12540 5161/12543 5162/12544
f 5162/12544 5161/12543 5163/12545 5164/12546
f 5163/12547 5161/12548 5165/12549 5166/12550
f 5166/12551 5165/12552 5167/12553 5168/12554
f 5168/12555 5167/12556 5150/12557 5169/12558
f 5169/12559 5150/12560 5149/12561 5170/12562
f 5167/12563 5153/12564 5151/12565 5150/12566
f 5167/12567 5165/12568 5155/12569 5153/12570
f 5165/12568 5161/12543 5157/12540 5155/12569
f 5171/12571 5177/12572 5178/12573 5179/12574
f 5171/12575 5179/12576 5180/12577 5181/12578
f 5171/12579 5181/12580 5182/12581 5177/12582
f 5172/12583 5183/12584 5184/12585 5185/12586
f 5172/12587 5185/12588 5186/12589 5187/12590
f 5172/12591 5187/12592 5188/12593 5183/12594
f 5173/12595 5189/12596 5188/12593 5187/12592
f 5173/12597 5190/12598 5178/12573 5189/12599
f 5173/12600 5187/12601 5186/12602 5190/12603
f 5174/12604 5182/12605 5191/12606 5175/12607
f 5174/12608 5192/12609 5177/12582 5182/12581
f 5174/12610 5175/12611 5193/12612 5192/12613
f 5175/12614 5191/12615 5194/12616 5193/12617
f 5176/12618 5180/12577 5195/12619 5196/12620
f 5176/12618 5197/12621 5181/12578 5180/12577
f 5176/12622 5196/12623 5198/12624 5197/12625
f 5202/12626 5196/12627 5195/12628 5199/12629
f 5202/12630 5201/12631 5185/12632 5184/12633
f 5202/12630 5184/12633 5198/12634 5196/12635
f 5201/12636 5200/12637 5186/12589 5185/12588
f 5200/12638 5203/12639 5190/12603 5186/12602
f 5200/12640 5199/12641 5195/12642 5203/12643
f 5203/12643 5179/12574 5178/12573 5190/12598
f 5203/12643 5195/12642 5180/12644 5179/12574
f 5198/12624 5184/12585 5183/12584 5194/12616
f 5198/12624 5194/12616 5191/12615 5197/12625
f 5197/12645 5191/12606 5182/12605 5181/12646
f 5194/12616 5183/12584 5188/12647 5193/12617
f 5193/12612 5188/12593 5189/12596 5192/12613
f 5192/12648 5189/12599 5178/12573 5177/12572
f 5199/12649 5200/12650 5201/12651 5202/12652
f 5204/12653 5205/12654 5206/12655 5207/12656
f 5206/12657 5205/12658 5208/12659 5209/12660
f 5209/12660 5208/12659 5210/12661 5211/12662
f 5211/12662 5210/12661 5212/12663 5213/12664
f 5213/12664 5212/12663 5214/12665 5215/12666
f 5215/12667 5214/12668 5216/12669
f 5205/12670 5204/12671 5207/12672
f 5217/12673 5234/12674 5235/12675 5236/12676
f 5217/12673 5236/12676 5237/12677 5238/12678
f 5217/12673 5238/12678 5239/12679 5234/12674
f 5218/12680 5240/12681 5241/12682 5235/12683
f 5218/12680 5235/12683 5234/12684 5242/12685
f 5218/12680 5242/12685 5243/12686 5240/12681
f 5219/12687 5244/12688 5245/12689 5246/12690
f 5219/12687 5243/12691 5247/12692 5244/12688
f 5219/12693 5248/12694 5240/12681 5243/12686
f 5220/12695 5249/12696 5250/12697 5251/12698
f 5220/12695 5251/12698 5241/12699 5221/12700
f 5220/12695 5229/12701 5252/12702 5249/12696
f 5220/12703 5222/12704 5253/12705 5229/12706
f 5220/12695 5221/12700 5254/12707 5222/12708
f 5221/12709 5248/12710 5255/12711 5256/12712
f 5221/12713 5241/12682 5240/12681 5248/12694
f 5221/12700 5256/12714 5257/12715 5254/12707
f 5222/12708 5254/12707 5258/12716 5253/12717
f 5223/12718 5255/12719 5259/12720 5260/12721
f 5223/12722 5261/12723 5256/12712 5255/12711
f 5223/12724 5260/12725 5262/12726 5261/12727
f 5224/12728 5261/12729 5262/12730 5263/12731
f 5224/12728 5257/12715 5256/12714 5261/12729
f 5224/12728 5263/12731 5264/12732 5257/12715
f 5219/12733 5259/12734 5255/12711 5248/12710
f 5219/12687 5246/12690 5265/12735 5266/12736
f 5219/12687 5266/12736 5225/12737 5259/12720
f 5225/12737 5266/12736 5267/12738 5268/12739
f 5225/12737 5268/12739 5260/12721 5259/12720
f 5226/12740 5269/12741 5270/12742 5271/12743
f 5226/12740 5264/12732 5263/12731 5269/12741
f 5226/12740 5271/12743 5258/12716 5264/12732
f 5227/12744 5272/12745 5273/12746 5274/12747
f 5227/12748 5270/12749 5275/12750 5272/12751
f 5227/12744 5274/12747 5271/12743 5270/12742
f 5228/12752 5272/12753 5275/12754 5267/12755
f 5228/12756 5267/12738 5266/12736 5265/12735
f 5228/12757 5265/12758 5273/12759 5272/12760
f 5229/12761 5246/12762 5245/12763 5252/12764
f 5229/12765 5273/12759 5265/12758 5246/12766
f 5229/12701 5253/12717 5274/12747 5273/12746
f 5230/12767 5276/12768 5277/12769 5278/12770
f 5230/12767 5279/12771 5280/12772 5276/12768
f 5230/12767 5278/12770 5281/12773 5279/12771
f 5231/12774 5282/12775 5283/12776 5284/12777
f 5231/12778 5285/12779 5281/12780 5282/12781
f 5231/12782 5284/12783 5286/12784 5285/12785
f 5232/12786 5287/12787 5288/12788 5289/12789
f 5232/12786 5289/12789 5290/12790 5291/12791
f 5232/12786 5291/12791 5292/12792 5287/12787
f 5233/12793 5293/12794 5280/12772 5279/12771
f 5233/12793 5279/12771 5281/12773 5285/12795
f 5233/12793 5285/12795 5286/12796 5293/12794
f 5293/12794 5294/12797 5295/12798 5280/12772
f 5293/12794 5286/12796 5296/12799 5294/12797
f 5296/12799 5239/12679 5238/12678 5294/12797
f 5296/12800 5286/12784 5284/12783 5297/12801
f 5296/12800 5297/12801 5298/12802 5239/12803
f 5298/12802 5242/12804 5234/12805 5239/12803
f 5298/12806 5297/12807 5299/12808 5247/12692
f 5298/12806 5247/12692 5243/12691 5242/12809
f 5299/12808 5297/12807 5284/12777 5283/12776
f 5299/12808 5283/12776 5289/12789 5288/12788
f 5299/12808 5288/12788 5244/12688 5247/12692
f 5295/12798 5237/12677 5250/12697 5300/12810
f 5295/12798 5300/12810 5276/12768 5280/12772
f 5295/12798 5294/12797 5238/12678 5237/12677
f 5300/12810 5250/12697 5249/12696 5301/12811
f 5300/12810 5301/12811 5277/12769 5276/12768
f 5301/12812 5249/12813 5252/12814 5292/12815
f 5301/12812 5292/12815 5291/12816 5277/12817
f 5292/12792 5252/12818 5245/12689 5287/12787
f 5291/12819 5290/12820 5278/12821 5277/12822
f 5290/12790 5289/12789 5283/12776 5282/12775
f 5290/12820 5282/12823 5281/12824 5278/12821
f 5288/12788 5287/12787 5245/12689 5244/12688
f 5275/12750 5270/12749 5269/12825 5302/12826
f 5275/12827 5302/12828 5268/12829 5267/12830
f 5302/12831 5269/12741 5263/12731 5262/12730
f 5302/12832 5262/12726 5260/12725 5268/12833
f 5274/12747 5253/12717 5258/12716 5271/12743
f 5264/12732 5258/12716 5254/12707 5257/12715
f 5251/12698 5250/12697 5237/12677 5236/12676
f 5251/12698 5236/12676 5235/12675 5241/12699
f 5303/12834 5313/12835 5314/12836 5315/12837
f 5303/12838 5315/12839 5316/12840 5317/12841
f 5303/12842 5317/12843 5318/12844 5313/12845
f 5304/12846 5319/12847 5320/12848 5321/12849
f 5304/12850 5313/12845 5318/12844 5319/12851
f 5304/12846 5321/12849 5314/12852 5313/12853
f 5305/12854 5308/12855 5307/12856 5322/12857
f 5305/12858 5322/12859 5323/12860 5324/12861
f 5305/12858 5324/12861 5325/12862 5308/12863
f 5306/12864 5320/12865 5319/12866 5326/12867
f 5306/12864 5326/12867 5327/12868 5328/12869
f 5306/12864 5328/12869 5307/12856 5320/12865
f 5307/12870 5329/12871 5321/12849 5320/12848
f 5307/12856 5328/12869 5330/12872 5322/12857
f 5308/12863 5325/12862 5331/12873 5332/12874
f 5309/12875 5324/12876 5323/12877 5333/12878
f 5309/12879 5333/12880 5334/12881 5335/12882
f 5309/12879 5335/12882 5325/12883 5324/12884
f 5310/12885 5333/12878 5323/12877 5336/12886
f 5310/12885 5337/12887 5334/12888 5333/12878
f 5310/12885 5336/12886 5338/12889 5337/12887
f 5311/12890 5339/12891 5340/12892 5312/12893
f 5311/12894 5341/12895 5342/12896 5339/12897
f 5311/12898 5312/12899 5343/12900 5341/12901
f 5312/12902 5340/12903 5344/12904 5343/12905
f 5344/12906 5345/12907 5334/12908 5337/12909
f 5344/12910 5337/12887 5338/12889 5343/12911
f 5344/12906 5340/12912 5346/12913 5345/12907
f 5346/12913 5316/12840 5347/12914 5345/12907
f 5346/12915 5340/12916 5339/12917 5348/12918
f 5346/12913 5348/12919 5317/12841 5316/12840
f 5348/12920 5339/12921 5342/12922 5349/12923
f 5348/12920 5349/12923 5318/12844 5317/12843
f 5349/12924 5342/12925 5327/12868 5326/12867
f 5349/12923 5326/12926 5319/12851 5318/12844
f 5347/12927 5331/12928 5325/12883 5335/12882
f 5347/12914 5335/12929 5334/12908 5345/12907
f 5347/12927 5316/12930 5315/12931 5331/12928
f 5343/12900 5338/12932 5350/12933 5341/12901
f 5350/12933 5338/12932 5336/12934 5330/12935
f 5350/12936 5330/12872 5328/12869 5327/12868
f 5350/12937 5327/12938 5342/12896 5341/12895
f 5336/12939 5323/12940 5322/12941 5330/12942
f 5331/12943 5315/12837 5314/12836 5332/12944
f 5329/12871 5307/12870 5308/12945
f 5329/12871 5308/12945 5332/12946
f 5329/12871 5332/12946 5314/12852 5321/12849
f 5351/12947 5389/12948 5390/12949 5391/12950
f 5351/12947 5392/12951 5393/12952 5389/12948
f 5351/12953 5391/12954 5394/12955 5392/12956
f 5352/12957 5395/12958 5396/12959 5397/12960
f 5352/12957 5398/12961 5390/12949 5395/12958
f 5352/12957 5397/12960 5399/12962 5398/12961
f 5353/12963 5394/12964 5400/12965 5401/12966
f 5353/12963 5401/12966 5357/12967 5402/12968
f 5353/12969 5402/12970 5392/12971 5394/12972
f 5354/12973 5393/12974 5392/12971 5402/12970
f 5354/12973 5403/12975 5404/12976 5393/12974
f 5354/12977 5402/12968 5357/12967 5403/12978
f 5355/12979 5396/12959 5395/12958 5405/12980
f 5360/12981 5361/12982 5363/12983 5407/12984
f 5355/12985 5406/12986 5360/12987 5407/12988
f 5355/12989 5405/12990 5404/12991 5406/12992
f 5355/12993 5407/12994 5408/12995 5409/12996
f 5355/12979 5362/12997 5410/12998 5396/12959
f 5355/12999 5409/13000 5411/13001 5412/13002
f 5356/13003 5413/13004 5357/12967 5414/13005
f 5356/13003 5415/13006 5416/13007 5413/13004
f 5356/13003 5414/13005 5417/13008 5415/13006
f 5357/12967 5401/12966 5418/13009 5414/13005
f 5357/12967 5413/13004 5419/13010 5403/12978
f 5358/13011 5418/13009 5420/13012 5421/13013
f 5358/13011 5421/13013 5422/13014 5417/13008
f 5358/13015 5417/13016 5414/13017 5418/13018
f 5359/13019 5423/13020 5422/13021 5421/13022
f 5359/13023 5424/13024 5399/13025 5423/13026
f 5359/13019 5421/13022 5420/13027 5424/13028
f 5426/13029 5374/13030 5370/13031 5361/13032
f 5360/12981 5425/13033 5426/13034 5361/12982
f 5360/12981 5406/13035 5419/13036 5425/13033
f 5361/13037 5370/13038 5427/13039 5363/13040
f 5362/13041 5426/13042 5428/13043 5410/13044
f 5362/13041 5363/13045 5374/13046 5426/13042
f 5430/13047 5431/13048 5407/12984 5363/12983
f 5364/13049 5412/13050 5411/13051 5432/13052
f 5364/13049 5432/13052 5433/13053 5434/13054
f 5364/13055 5434/13056 5429/13057 5412/13058
f 5365/13059 5432/13052 5411/13051 5435/13060
f 5365/13061 5436/13062 5437/13063 5367/13064
f 5365/13059 5435/13060 5385/13065 5388/13066
f 5365/13067 5388/13068 5438/13069 5439/13070
f 5365/13067 5439/13070 5440/13071 5436/13072
f 5365/13059 5367/13073 5433/13053 5432/13052
f 5366/13074 5441/13075 5442/13076 5368/13077
f 5367/13064 5444/13078 5441/13075 5366/13074
f 5366/13079 5368/13080 5443/13081 5367/13082
f 5367/13082 5443/13081 5445/13083 5433/13084
f 5368/13085 5446/13086 5447/13087 5443/13088
f 5368/13089 5387/13090 5386/13091 5446/13092
f 5368/13093 5442/13094 5448/13095 5438/13096
f 5368/13097 5438/13098 5388/13099 5387/13100
f 5369/13101 5446/13102 5386/13103 5449/13104
f 5369/13101 5408/12995 5447/13105 5446/13102
f 5369/13101 5449/13104 5409/12996 5408/12995
f 5370/13106 5374/13107 5450/13108 5451/13109
f 5370/13038 5451/13110 5452/13111 5371/13112
f 5370/13038 5371/13112 5453/13113 5427/13039
f 5371/13112 5452/13111 5454/13114 5453/13113
f 5372/13115 5455/13116 5456/13117 5457/13118
f 5372/13115 5457/13118 5458/13119 5459/13120
f 5372/13115 5459/13120 5460/13121 5455/13116
f 5373/13122 5430/13123 5429/13124 5434/13125
f 5373/13122 5445/13126 5431/13127 5430/13123
f 5373/13128 5434/13129 5433/13130 5445/13131
f 5374/13132 5461/13133 5462/13134 5450/13135
f 5375/13136 5457/13118 5456/13117 5463/13137
f 5375/13136 5464/13138 5458/13119 5457/13118
f 5375/13136 5463/13137 5465/13139 5464/13138
f 5376/13140 5377/13141 5465/13142 5466/13143
f 5376/13144 5467/13145 5468/13146 5377/13147
f 5376/13148 5466/13149 5469/13150 5467/13151
f 5377/13152 5468/13153 5464/13138 5465/13139
f 5378/13154 5470/13155 5471/13156 5469/13150
f 5378/13154 5469/13150 5466/13149 5472/13157
f 5378/13158 5472/13159 5473/13160 5470/13161
f 5379/13162 5474/13163 5475/13164 5476/13165
f 5379/13162 5477/13166 5478/13167 5474/13163
f 5379/13162 5476/13165 5479/13168 5477/13166
f 5380/13169 5480/13170 5481/13171 5478/13172
f 5380/13173 5478/13167 5477/13166 5482/13174
f 5380/13175 5482/13176 5483/13177 5480/13178
f 5381/13179 5440/13180 5476/13165 5475/13164
f 5381/13181 5484/13182 5436/13072 5440/13071
f 5381/13183 5475/13184 5485/13185 5484/13186
f 5382/13187 5484/13188 5485/13189 5486/13190
f 5382/13187 5437/13063 5436/13062 5484/13188
f 5382/13187 5486/13190 5487/13191 5437/13063
f 5383/13192 5480/13193 5483/13194 5488/13195
f 5383/13192 5488/13195 5489/13196 5490/13197
f 5383/13198 5490/13199 5481/13200 5480/13201
f 5384/13202 5487/13191 5486/13190 5491/13203
f 5384/13202 5489/13196 5444/13078 5487/13191
f 5384/13202 5491/13203 5490/13197 5489/13196
f 5491/13203 5486/13190 5485/13189 5492/13204
f 5491/13203 5492/13204 5481/13205 5490/13197
f 5492/13206 5485/13207 5475/13208 5474/13209
f 5492/13206 5474/13209 5478/13210 5481/13211
f 5489/13196 5488/13195 5441/13075 5444/13078
f 5488/13195 5483/13194 5442/13076 5441/13075
f 5487/13191 5444/13078 5367/13064 5437/13063
f 5483/13177 5482/13176 5448/13212 5442/13213
f 5482/13174 5477/13166 5479/13168 5448/13214
f 5479/13168 5476/13165 5440/13180 5439/13215
f 5479/13168 5439/13215 5438/13216 5448/13214
f 5473/13217 5472/13218 5463/13219 5456/13220
f 5473/13221 5456/13222 5455/13223 5454/13224
f 5473/13160 5454/13225 5452/13226 5470/13161
f 5472/13218 5466/13227 5465/13228 5463/13219
f 5471/13156 5470/13155 5452/13229 5451/13230
f 5471/13231 5451/13232 5450/13233 5493/13234
f 5471/13156 5493/13235 5467/13151 5469/13150
f 5493/13236 5450/13135 5462/13134 5494/13237
f 5493/13236 5494/13237 5468/13238 5467/13239
f 5494/13240 5462/13241 5459/13120 5458/13119
f 5494/13240 5458/13119 5464/13138 5468/13153
f 5462/13242 5461/13243 5460/13244 5459/13245
f 5461/13246 5374/13046 5363/13045 5427/13247
f 5461/13246 5427/13247 5453/13248 5460/13249
f 5460/13250 5453/13251 5454/13224 5455/13223
f 5449/13252 5435/13253 5411/13001 5409/13000
f 5449/13254 5386/13255 5385/13256 5435/13257
f 5447/13105 5408/12995 5407/12994 5431/13258
f 5447/13087 5431/13259 5445/13260 5443/13088
f 5429/13261 5362/13262 5355/12999 5412/13002
f 5428/13263 5426/13264 5425/13265 5416/13007
f 5428/13263 5416/13007 5415/13006 5495/13266
f 5428/13267 5495/13268 5496/13269 5410/13270
f 5496/13269 5495/13268 5422/13271 5423/13272
f 5496/13273 5423/13026 5399/13025 5397/13274
f 5496/13269 5397/13275 5396/13276 5410/13270
f 5495/13266 5415/13006 5417/13008 5422/13014
f 5425/13265 5419/13010 5413/13004 5416/13007
f 5424/13024 5497/13277 5398/13278 5399/13025
f 5424/13279 5420/13280 5400/13281 5497/13282
f 5497/13283 5391/12950 5390/12949 5398/12961
f 5497/13282 5400/13281 5394/13284 5391/13285
f 5420/13012 5418/13009 5401/12966 5400/12965
f 5419/13036 5406/13035 5404/12976 5403/12975
f 5405/12980 5395/12958 5390/12949 5389/12948
f 5405/12980 5389/12948 5393/12952 5404/13286
f 5385/13256 5386/13255 5387/13287 5388/13288
f 5362/13289 5429/13290 5430/13291 5363/13292
f 5498/13293 5521/13294 5503/13295 5522/13296
f 5498/13297 5523/13298 5500/13299 5524/13300
f 5498/13293 5506/13301 5525/13302 5521/13294
f 5498/13303 5524/13304 5526/13305 5506/13306
f 5499/13307 5527/13308 5528/13309 5517/13310
f 5499/13307 5529/13311 5530/13312 5527/13308
f 5499/13313 5517/13314 5531/13315 5529/13316
f 5500/13317 5532/13318 5533/13319 5524/13320
f 5500/13299 5523/13298 5534/13321 5502/13322
f 5500/13317 5502/13323 5535/13324 5536/13325
f 5500/13317 5536/13325 5537/13326 5532/13318
f 5501/13327 5538/13328 5539/13329 5540/13330
f 5501/13327 5540/13330 5537/13326 5536/13325
f 5501/13327 5536/13325 5535/13324 5538/13328
f 5502/13331 5534/13332 5541/13333 5535/13334
f 5503/13295 5542/13335 5543/13336 5522/13296
f 5503/13337 5521/13338 5544/13339 5542/13340
f 5504/13341 5545/13342 5546/13343 5541/13344
f 5504/13341 5541/13344 5534/13345 5547/13346
f 5504/13341 5547/13346 5543/13336 5545/13342
f 5505/13347 5522/13296 5543/13336 5547/13346
f 5505/13347 5547/13346 5534/13345 5523/13348
f 5505/13347 5523/13348 5498/13293 5522/13296
f 5506/13301 5526/13349 5548/13350 5525/13302
f 5507/13351 5549/13352 5548/13353 5526/13354
f 5507/13355 5533/13319 5550/13356 5549/13357
f 5507/13351 5526/13354 5524/13358 5533/13359
f 5508/13360 5551/13361 5552/13362 5509/13363
f 5508/13364 5509/13365 5553/13366 5554/13367
f 5508/13368 5554/13369 5555/13370 5551/13371
f 5509/13372 5552/13373 5556/13374 5553/13375
f 5510/13376 5557/13377 5558/13378 5559/13379
f 5510/13380 5559/13381 5560/13382 5511/13383
f 5510/13380 5511/13383 5561/13384 5557/13385
f 5511/13386 5562/13387 5563/13388 5515/13389
f 5511/13386 5560/13390 5564/13391 5562/13387
f 5511/13386 5515/13389 5525/13302 5548/13350
f 5511/13392 5548/13353 5549/13352 5561/13393
f 5512/13394 5565/13395 5557/13377 5561/13396
f 5512/13394 5561/13396 5549/13357 5550/13356
f 5512/13394 5550/13356 5567/13397 5566/13398
f 5587/13399 5588/13400 5528/13401 5563/13402
f 5587/13403 5563/13388 5562/13387 5568/13404
f 5587/13403 5568/13404 5520/13405 5518/13406
f 5587/13407 5518/13408 5569/13409 5588/13410
f 5513/13411 5570/13412 5571/13413 5572/13414
f 5513/13411 5573/13415 5514/13416 5570/13412
f 5513/13411 5572/13414 5574/13417 5573/13415
f 5514/13416 5573/13415 5575/13418 5565/13395
f 5515/13389 5544/13419 5521/13294 5525/13302
f 5515/13389 5527/13308 5530/13312 5544/13419
f 5515/13389 5563/13388 5528/13309 5527/13308
f 5516/13420 5576/13421 5577/13422 5578/13423
f 5516/13420 5566/13398 5567/13397 5576/13421
f 5588/13424 5569/13425 5517/13310 5528/13309
f 5517/13426 5578/13427 5577/13428 5531/13429
f 5517/13430 5569/13431 5571/13432 5578/13433
f 5518/13406 5520/13405 5579/13434 5580/13435
f 5519/13436 5581/13437 5579/13434 5582/13438
f 5519/13436 5555/13370 5554/13369 5581/13437
f 5519/13436 5582/13438 5564/13391 5555/13370
f 5520/13405 5568/13404 5582/13438 5579/13434
f 5582/13438 5568/13404 5562/13387 5564/13391
f 5581/13439 5554/13440 5553/13441 5583/13442
f 5581/13439 5583/13442 5580/13443 5579/13444
f 5583/13445 5553/13375 5556/13374 5584/13446
f 5583/13447 5584/13448 5574/13449 5580/13450
f 5584/13451 5556/13452 5558/13378 5575/13418
f 5584/13451 5575/13418 5573/13415 5574/13417
f 5580/13453 5574/13454 5572/13455 5518/13456
f 5577/13422 5576/13421 5537/13326 5540/13330
f 5577/13422 5540/13330 5539/13329 5531/13457
f 5576/13421 5567/13397 5532/13318 5537/13326
f 5575/13418 5558/13378 5557/13377 5565/13395
f 5572/13458 5571/13432 5569/13431 5518/13459
f 5570/13412 5514/13416 5566/13398 5516/13420
f 5570/13412 5516/13420 5578/13423 5571/13413
f 5567/13397 5550/13356 5533/13319 5532/13318
f 5564/13391 5560/13390 5551/13371 5555/13370
f 5560/13460 5559/13461 5552/13362 5551/13361
f 5559/13462 5558/13463 5556/13374 5552/13373
f 5546/13343 5545/13342 5585/13464 5586/13465
f 5546/13466 5586/13467 5539/13468 5538/13469
f 5546/13470 5538/13471 5535/13472 5541/13473
f 5586/13465 5585/13464 5530/13312 5529/13311
f 5586/13467 5529/13474 5531/13475 5539/13468
f 5585/13476 5542/13340 5544/13339 5530/13477
f 5585/13464 5545/13342 5543/13336 5542/13335
f 5512/13394 5566/13398 5514/13416 5565/13395
f 5589/13478 5614/13479 5615/13480 5609/13481
f 5589/13482 5609/13483 5590/13484 5601/13485
f 5589/13486 5601/13487 5616/13488 5614/13489
f 5590/13490 5609/13491 5615/13492 5617/13493
f 5590/13494 5617/13495 5616/13496 5601/13497
f 5591/13498 5618/13499 5619/13500 5620/13501
f 5591/13502 5620/13503 5621/13504 5592/13505
f 5706/13506 5707/13507 5622/13508 5623/13509
f 5591/13510 5592/13511 5624/13512 5618/13513
f 5706/13514 5623/13515 5625/13516 5626/13517
f 5707/13518 5627/13519 5628/13520 5622/13521
f 5707/13522 5706/13523 5626/13524 5627/13525
f 5592/13526 5621/13527 5629/13528 5624/13529
f 5593/13530 5630/13531 5631/13532 5598/13533
f 5593/13530 5622/13534 5628/13535 5630/13531
f 5593/13536 5632/13537 5623/13538 5622/13539
f 5593/13536 5633/13540 5634/13541 5632/13537
f 5593/13530 5598/13533 5635/13542 5633/13543
f 5594/13544 5636/13545 5604/13546 5637/13547
f 5594/13544 5630/13531 5628/13535 5636/13545
f 5594/13544 5637/13547 5631/13532 5630/13531
f 5595/13548 5638/13549 5639/13550 5640/13551
f 5595/13552 5596/13553 5641/13554 5638/13555
f 5595/13556 5640/13557 5642/13558 5596/13559
f 5596/13560 5642/13561 5643/13562 5641/13563
f 5597/13564 5639/13550 5638/13549 5644/13565
f 5597/13564 5644/13565 5598/13566 5645/13567
f 5597/13564 5645/13567 5646/13568 5639/13550
f 5598/13569 5644/13570 5647/13571 5635/13572
f 5598/13573 5631/13574 5648/13575 5649/13576
f 5598/13577 5649/13578 5650/13579 5645/13580
f 5599/13581 5651/13582 5652/13583 5653/13584
f 5599/13585 5613/13586 5600/13587 5654/13588
f 5599/13589 5654/13590 5655/13591 5651/13592
f 5600/13593 5656/13594 5657/13595 5658/13596
f 5600/13597 5658/13598 5659/13599 5654/13600
f 5600/13593 5613/13601 5612/13602 5653/13603
f 5600/13593 5653/13603 5652/13604 5656/13594
f 5602/13605 5660/13606 5661/13607 5662/13608
f 5602/13605 5662/13608 5663/13609 5664/13610
f 5602/13605 5664/13610 5643/13562 5660/13606
f 5603/13611 5665/13612 5637/13613 5604/13614
f 5603/13615 5666/13616 5667/13617 5665/13618
f 5603/13619 5604/13620 5636/13621 5666/13622
f 5605/13623 5668/13624 5669/13625 5670/13626
f 5605/13623 5671/13627 5672/13628 5668/13624
f 5605/13623 5670/13626 5673/13629 5671/13627
f 5606/13630 5607/13631 5673/13632 5674/13633
f 5606/13634 5675/13635 5676/13636 5607/13637
f 5606/13638 5674/13639 5677/13640 5675/13641
f 5607/13642 5676/13643 5671/13627 5673/13629
f 5608/13644 5678/13645 5679/13646 5680/13647
f 5608/13644 5681/13648 5677/13640 5678/13645
f 5608/13649 5680/13650 5682/13651 5681/13652
f 5610/13653 5683/13654 5616/13655 5617/13656
f 5610/13657 5684/13658 5685/13659 5686/13660
f 5610/13661 5617/13493 5615/13492 5684/13662
f 5610/13653 5687/13663 5688/13664 5683/13654
f 5610/13653 5686/13665 5689/13666 5687/13663
f 5611/13667 5682/13668 5680/13669 5690/13670
f 5611/13671 5683/13672 5688/13673 5682/13651
f 5611/13667 5690/13670 5685/13674 5684/13675
f 5611/13676 5684/13662 5615/13492 5614/13677
f 5611/13678 5614/13679 5616/13680 5683/13681
f 5690/13670 5680/13669 5679/13682 5619/13500
f 5690/13670 5619/13500 5618/13499 5685/13674
f 5689/13666 5686/13665 5624/13529 5629/13528
f 5689/13666 5629/13528 5668/13624 5672/13628
f 5689/13666 5672/13628 5691/13683 5687/13663
f 5691/13683 5672/13628 5671/13627 5676/13643
f 5691/13684 5676/13636 5675/13635 5692/13685
f 5691/13683 5692/13686 5688/13664 5687/13663
f 5692/13687 5675/13688 5677/13689 5681/13652
f 5692/13687 5681/13652 5682/13651 5688/13673
f 5686/13660 5685/13659 5618/13690 5624/13691
f 5679/13646 5678/13645 5693/13692 5694/13693
f 5679/13646 5694/13693 5620/13694 5619/13695
f 5694/13696 5693/13697 5670/13698 5669/13699
f 5694/13696 5669/13699 5621/13504 5620/13503
f 5693/13692 5678/13645 5677/13640 5674/13639
f 5693/13700 5674/13633 5673/13632 5670/13701
f 5669/13625 5668/13624 5629/13528 5621/13527
f 5667/13617 5666/13616 5627/13702 5626/13517
f 5667/13617 5626/13517 5625/13516 5695/13703
f 5667/13617 5695/13703 5648/13704 5665/13618
f 5695/13703 5625/13516 5696/13705 5697/13706
f 5695/13703 5697/13706 5649/13707 5648/13704
f 5697/13706 5696/13705 5698/13708 5699/13709
f 5697/13706 5699/13709 5650/13710 5649/13707
f 5699/13711 5698/13712 5658/13596 5657/13595
f 5699/13711 5657/13595 5700/13713 5650/13714
f 5700/13713 5646/13568 5645/13567 5650/13714
f 5700/13713 5657/13595 5656/13594 5701/13715
f 5700/13713 5701/13715 5702/13716 5646/13568
f 5702/13716 5640/13551 5639/13550 5646/13568
f 5702/13717 5701/13718 5703/13719 5704/13720
f 5702/13721 5704/13722 5642/13558 5640/13557
f 5704/13723 5703/13724 5661/13725 5660/13726
f 5704/13723 5660/13726 5643/13727 5642/13728
f 5703/13729 5701/13715 5656/13594 5652/13604
f 5703/13724 5652/13583 5651/13582 5661/13725
f 5698/13708 5696/13705 5632/13730 5634/13731
f 5698/13732 5634/13733 5659/13599 5658/13598
f 5696/13734 5625/13735 5623/13736 5632/13737
f 5666/13622 5636/13621 5628/13738 5627/13739
f 5665/13612 5648/13740 5631/13741 5637/13613
f 5664/13610 5663/13609 5635/13742 5647/13743
f 5664/13610 5647/13743 5641/13563 5643/13562
f 5663/13744 5662/13745 5655/13591 5705/13746
f 5663/13744 5705/13746 5633/13747 5635/13748
f 5705/13746 5655/13591 5654/13590 5659/13749
f 5705/13746 5659/13749 5634/13750 5633/13747
f 5662/13751 5661/13725 5651/13582 5655/13752
f 5647/13753 5644/13754 5638/13755 5641/13756
f 5599/13757 5653/13758 5612/13759 5613/13760
f 5708/13761 5709/13762 5710/13763 5711/13764
f 5708/13761 5712/13765 5713/13766 5709/13762
f 5708/13767 5711/13768 5714/13769 5712/13770
f 5714/13769 5711/13768 5715/13771 5716/13772
f 5715/13773 5711/13774 5710/13775
f 5713/13766 5712/13765 5714/13776 5716/13777
f 5717/13778 5734/13779 5735/13780 5736/13781
f 5717/13778 5737/13782 5738/13783 5734/13779
f 5717/13778 5736/13781 5739/13784 5737/13782
f 5718/13785 5740/13786 5741/13787 5742/13788
f 5718/13789 5742/13790 5737/13782 5739/13784
f 5718/13791 5739/13792 5743/13793 5740/13794
f 5719/13795 5744/13796 5745/13797 5746/13798
f 5719/13799 5747/13800 5748/13801 5744/13802
f 5719/13799 5749/13803 5750/13804 5747/13800
f 5719/13805 5751/13806 5752/13807 5743/13808
f 5719/13795 5746/13798 5753/13809 5749/13810
f 5719/13811 5736/13781 5735/13780 5754/13812
f 5719/13811 5743/13813 5739/13784 5736/13781
f 5720/13814 5755/13815 5721/13816 5752/13817
f 5720/13814 5756/13818 5757/13819 5755/13815
f 5720/13814 5752/13817 5751/13820 5756/13818
f 5721/13816 5755/13815 5741/13821 5740/13822
f 5721/13823 5740/13824 5743/13808 5752/13807
f 5722/13825 5745/13797 5744/13796 5758/13826
f 5722/13827 5759/13828 5760/13829 5745/13830
f 5722/13825 5758/13826 5723/13831 5759/13832
f 5723/13833 5758/13834 5724/13835 5761/13836
f 5723/13837 5761/13838 5725/13839 5759/13840
f 5724/13841 5758/13842 5744/13802 5748/13801
f 5724/13843 5748/13844 5762/13845 5761/13846
f 5725/13847 5763/13848 5760/13849 5759/13850
f 5725/13851 5761/13846 5762/13845 5763/13852
f 5719/13805 5754/13853 5764/13854 5751/13806
f 5726/13855 5765/13856 5766/13857 5767/13858
f 5726/13859 5768/13860 5769/13861 5765/13862
f 5726/13855 5767/13858 5770/13863 5768/13864
f 5727/13865 5771/13866 5765/13867 5769/13868
f 5727/13869 5735/13780 5734/13779 5771/13870
f 5727/13871 5769/13872 5754/13873 5735/13874
f 5728/13875 5772/13876 5773/13877 5774/13878
f 5728/13879 5774/13880 5729/13881 5775/13882
f 5728/13883 5775/13884 5776/13885 5772/13886
f 5729/13887 5777/13888 5731/13889 5775/13890
f 5729/13891 5774/13892 5730/13893 5777/13894
f 5730/13895 5774/13896 5773/13897 5778/13898
f 5730/13899 5778/13900 5779/13901 5777/13902
f 5731/13903 5777/13904 5779/13905 5780/13906
f 5731/13907 5780/13908 5776/13909 5775/13910
f 5732/13911 5766/13912 5765/13867 5771/13866
f 5732/13913 5738/13914 5781/13915 5766/13916
f 5732/13917 5771/13870 5734/13779 5738/13783
f 5733/13918 5770/13863 5757/13819 5756/13818
f 5733/13918 5756/13818 5751/13820 5764/13919
f 5733/13918 5764/13919 5768/13864 5770/13863
f 5781/13915 5738/13914 5737/13920 5742/13921
f 5781/13922 5742/13923 5741/13924 5782/13925
f 5781/13922 5782/13925 5767/13926 5766/13927
f 5782/13928 5741/13821 5755/13815 5757/13819
f 5782/13928 5757/13819 5770/13863 5767/13858
f 5780/13906 5779/13905 5783/13929 5784/13930
f 5780/13908 5784/13931 5785/13932 5776/13909
f 5785/13932 5784/13931 5750/13804 5749/13803
f 5785/13933 5749/13934 5753/13935 5786/13936
f 5785/13933 5786/13936 5772/13886 5776/13885
f 5786/13937 5753/13938 5787/13939 5788/13940
f 5786/13937 5788/13940 5773/13877 5772/13876
f 5788/13941 5787/13942 5789/13943 5790/13944
f 5788/13941 5790/13944 5778/13898 5773/13897
f 5790/13945 5789/13946 5791/13947 5783/13948
f 5790/13945 5783/13948 5779/13901 5778/13900
f 5791/13949 5789/13950 5792/13951 5793/13952
f 5791/13953 5793/13954 5747/13955 5750/13956
f 5791/13953 5750/13956 5784/13930 5783/13929
f 5793/13952 5792/13951 5763/13852 5762/13845
f 5793/13952 5762/13845 5748/13844 5747/13957
f 5792/13958 5789/13943 5787/13942 5794/13959
f 5792/13958 5794/13959 5760/13849 5763/13848
f 5794/13960 5787/13939 5753/13938 5746/13961
f 5794/13960 5746/13961 5745/13830 5760/13829
f 5769/13962 5768/13963 5764/13854 5754/13853
f 5795/13964 5808/13965 5809/13966 5810/13967
f 5795/13964 5810/13967 5811/13968 5812/13969
f 5795/13970 5812/13971 5813/13972 5808/13973
f 5796/13974 5814/13975 5810/13967 5809/13966
f 5796/13976 5809/13977 5815/13978 5816/13979
f 5797/13980 5816/13981 5815/13982 5817/13983
f 5797/13980 5817/13983 5818/13984 5819/13985
f 5797/13980 5819/13985 5802/13986 5816/13981
f 5798/13987 5818/13984 5817/13983 5820/13988
f 5798/13989 5820/13990 5821/13991 5822/13992
f 5798/13989 5822/13992 5800/13993 5818/13994
f 5799/13995 5823/13996 5822/13992 5821/13991
f 5799/13995 5824/13997 5825/13998 5823/13996
f 5799/13995 5821/13991 5826/13999 5824/13997
f 5800/13993 5822/13992 5823/13996 5827/14000
f 5800/13993 5828/14001 5829/14002 5830/14003
f 5800/14004 5830/14005 5819/13985 5818/13984
f 5800/13993 5827/14000 5831/14006 5828/14001
f 5801/14007 5832/14008 5813/13972 5812/13971
f 5801/14007 5833/14009 5834/14010 5832/14008
f 5801/14007 5812/13971 5811/14011 5833/14009
f 5802/14012 5835/14013 5836/14014 5814/14015
f 5802/13986 5837/14016 5838/14017 5807/14018
f 5802/14012 5807/14019 5839/14020 5835/14013
f 5803/14021 5840/14022 5841/14023 5842/14024
f 5803/14025 5842/14026 5843/14027 5844/14028
f 5803/14029 5844/14030 5831/14031 5840/14032
f 5804/14033 5828/14001 5831/14006 5844/14034
f 5804/14035 5844/14036 5843/14037 5845/14038
f 5804/14039 5845/14040 5829/14041 5828/14042
f 5805/14043 5829/14041 5845/14040 5846/14044
f 5805/14045 5837/14046 5830/14003 5829/14002
f 5805/14043 5846/14044 5838/14047 5837/14048
f 5806/14049 5847/14050 5848/14051 5839/14052
f 5806/14053 5839/14020 5807/14019 5838/14054
f 5806/14055 5838/14056 5846/14057 5847/14058
f 5802/13986 5819/13985 5830/14005 5837/14016
f 5848/14059 5847/14060 5843/14027 5842/14026
f 5848/14051 5842/14024 5841/14023 5849/14061
f 5848/14051 5849/14061 5835/14062 5839/14052
f 5849/14063 5841/14064 5850/14065 5851/14066
f 5849/14067 5851/14068 5836/14014 5835/14013
f 5851/14066 5850/14065 5834/14069 5833/14070
f 5851/14066 5833/14070 5811/13968 5836/14071
f 5850/14065 5841/14064 5840/14072 5852/14073
f 5850/14065 5852/14073 5825/14074 5834/14069
f 5852/14075 5840/14032 5831/14031 5827/14076
f 5852/14077 5827/14078 5823/14079 5825/14080
f 5847/14081 5846/14082 5845/14038 5843/14037
f 5836/14071 5811/13968 5810/13967 5814/13975
f 5834/14069 5825/14074 5824/14083 5832/14084
f 5832/14085 5824/14086 5826/14087 5813/14088
f 5826/14089 5853/14090 5808/14091 5813/14092
f 5826/14093 5821/14094 5820/13988 5853/14095
f 5853/14090 5815/14096 5809/14097 5808/14091
f 5853/14095 5820/13988 5817/13983 5815/13982
f 5796/14098 5816/14099 5802/14100 5814/14101
f 5854/14102 5855/14103 5905/14104 5906/14105
f 5854/14106 5907/14107 5908/14108 5855/14109
f 5854/14110 5906/14111 5909/14112 5907/14113
f 5855/14114 5908/14115 5910/14116 5905/14117
f 5856/14118 5913/14119 5914/14120 5915/14121
f 5856/14122 5915/14123 5916/14124 5911/14125
f 5857/14126 5912/14127 5917/14128 5867/14129
f 5857/14126 5914/14130 5913/14131 5912/14127
f 5857/14126 5867/14129 5918/14132 5914/14130
f 5858/14133 5919/14134 5920/14135 5859/14136
f 5858/14137 5921/14138 5922/14139 5919/14140
f 5858/14141 5859/14142 5923/14143 5921/14144
f 5859/14145 5920/14146 5924/14147 5923/14148
f 5860/14149 5925/14150 5926/14151 5866/14152
f 5860/14153 5866/14154 5928/14155 5884/14156
f 5860/14157 5929/14158 5930/14159 5931/14160
f 5861/14161 5932/14162 5879/14163 5862/14164
f 5861/14165 5862/14166 5863/14167 5865/14168
f 5862/14169 5933/14170 5934/14171 5863/14172
f 5862/14173 5881/14174 5928/14175 5866/14176
f 5862/14177 5866/14178 5935/14179 5929/14180
f 5863/14181 5934/14182 5900/14183 5887/14184
f 5863/14185 5887/14186 5864/14187 5865/14188
f 5864/14189 5936/14190 5861/14191 5865/14192
f 5864/14187 5887/14186 5937/14193 5936/14194
f 5861/14195 5936/14194 5938/14196 5932/14197
f 5867/14129 5917/14128 5939/14198 5918/14132
f 6019/14199 5940/14200 5918/14201 5939/14202
f 5868/14203 5942/14204 5907/14113 5909/14112
f 5868/14203 5909/14112 5926/14151 5943/14205
f 5868/14206 5943/14207 5944/14208 5942/14209
f 5869/14210 5945/14211 5946/14212 5947/14213
f 5869/14214 5948/14215 5949/14216 5945/14217
f 5869/14210 5947/14213 5950/14218 5948/14219
f 5870/14220 5951/14221 5910/14116 5952/14222
f 5870/14223 5952/14224 5945/14217 5949/14216
f 5870/14220 5949/14225 5930/14226 5951/14221
f 5871/14227 5944/14208 5943/14207 5953/14228
f 5871/14229 5947/14230 5946/14231 5944/14232
f 5871/14227 5953/14228 5950/14233 5947/14234
f 5872/14235 5954/14236 5955/14237 5956/14238
f 5872/14239 5894/14240 5957/14241 5954/14242
f 5872/14243 5956/14244 5958/14245 5894/14246
f 5873/14247 5959/14248 5960/14249 5961/14250
f 5873/14251 5961/14252 5962/14253 5963/14254
f 5873/14255 5963/14256 5964/14257 5959/14258
f 5874/14259 5965/14260 5966/14261 5967/14262
f 5875/14263 5968/14264 5969/14265 5874/14266
f 5971/14267 5972/14268 5968/14264 5875/14263
f 5875/14263 5874/14266 5970/14269 5971/14267
f 5874/14270 5973/14271 5974/14272 5970/14273
f 5971/14274 5970/14275 5877/14276 5876/14277
f 5876/14277 5924/14147 5920/14146 5971/14274
f 5876/14277 5877/14276 5883/14278 5924/14147
f 5877/14276 5975/14279 5976/14280 5883/14278
f 5877/14276 5970/14275 5974/14281 5975/14279
f 5878/14282 5922/14139 5921/14138 5977/14283
f 5878/14282 5977/14283 5978/14284 5979/14285
f 5878/14282 5979/14285 5980/14286 5922/14139
f 5879/14287 5880/14288 5882/14289 5981/14290
f 5880/14291 5978/14292 5977/14293 5982/14294
f 5880/14291 5879/14295 5932/14296 5978/14292
f 5880/14297 5982/14298 5883/14278 5882/14299
f 5882/14299 5883/14278 5976/14280 5928/14300
f 5884/14301 5928/14300 5976/14280 5886/14302
f 5885/14303 6020/14304 5900/14305 5886/14306
f 5885/14307 5975/14279 5974/14281 5983/14308
f 5885/14303 5886/14306 5976/14309 5975/14310
f 5884/14311 5886/14312 5900/14313 5934/14314
f 5887/14315 5984/14316 5969/14317 5937/14318
f 5888/14319 5985/14320 5903/14321 5965/14322
f 5888/14319 5955/14237 5986/14323 5985/14320
f 5889/14324 5987/14325 5966/14326 5988/14327
f 5889/14324 5989/14328 5990/14329 5987/14325
f 5889/14324 5988/14327 5991/14330 5989/14328
f 5890/14331 5992/14332 5993/14333 5962/14334
f 5890/14335 5891/14336 5994/14337 5992/14338
f 5890/14335 5962/14339 5961/14340 5891/14336
f 5891/14336 5893/14341 5995/14342 5892/14343
f 5891/14336 5892/14343 5996/14344 5994/14337
f 5891/14336 5961/14340 5960/14345 5893/14341
f 5892/14343 5995/14342 5997/14346 5996/14344
f 5893/14347 5960/14348 5998/14349 5995/14350
f 5894/14351 5958/14352 5999/14353 5957/14354
f 5895/14355 6000/14356 5959/14258 5964/14257
f 5895/14357 6001/14358 6002/14359 6000/14360
f 5895/14355 5964/14257 6003/14361 6001/14362
f 5896/14363 5990/14329 5989/14328 5898/14364
f 5896/14365 5898/14366 6004/14367 6005/14368
f 5896/14369 5899/14370 6006/14371 5990/14372
f 5897/14373 5902/14374 5986/14323 6007/14375
f 5897/14376 6007/14377 6008/14378 6009/14379
f 5897/14380 6009/14381 5991/14382 5902/14383
f 5898/14384 6010/14385 5899/14386 6011/14387
f 5898/14388 6011/14389 6012/14390 6004/14391
f 5898/14364 5989/14328 5991/14330 6009/14392
f 5898/14384 6009/14393 6008/14394 6010/14385
f 5899/14395 5896/14396 5997/14397 6013/14398
f 5899/14370 6010/14399 5999/14400 6006/14371
f 5899/14386 6013/14401 6002/14359 6011/14387
f 5887/14402 5900/14403 5902/14383 5903/14404
f 5900/14405 5983/14406 5974/14272 5973/14271
f 5901/14407 5994/14337 5996/14344 6005/14368
f 5901/14407 6014/14408 5992/14338 5994/14337
f 5901/14407 6005/14368 6004/14367 6014/14408
f 5900/14409 5985/14410 5986/14411 5902/14412
f 5902/14383 5991/14382 5988/14413 5903/14404
f 5904/14414 5963/14415 5962/14416 5993/14417
f 5904/14418 6003/14361 5964/14257 5963/14256
f 5904/14414 5993/14417 6015/14419 6003/14420
f 6015/14419 6012/14421 6001/14422 6003/14420
f 6015/14423 5993/14424 5992/14425 6014/14426
f 6015/14427 6014/14428 6004/14391 6012/14390
f 6013/14398 5997/14397 5995/14350 5998/14349
f 6013/14401 5998/14429 6000/14360 6002/14359
f 6012/14430 6011/14387 6002/14359 6001/14358
f 6010/14385 6008/14394 5957/14354 5999/14353
f 6008/14431 6007/14375 5954/14236 5957/14432
f 6007/14375 5986/14323 5955/14237 5954/14236
f 6006/14371 6016/14433 5987/14434 5990/14372
f 6006/14371 5999/14400 5958/14435 6016/14433
f 6016/14433 5958/14435 5956/14436 5967/14437
f 6016/14433 5967/14437 5966/14438 5987/14434
f 5896/14365 6005/14368 5996/14344 5997/14346
f 6000/14356 5998/14439 5960/14440 5959/14258
f 5988/14441 5966/14442 5965/14443 5903/14444
f 5984/14316 5973/14445 5874/14446 5969/14317
f 5984/14447 5887/14448 5903/14449 5985/14450
f 5984/14451 5985/14452 5900/14405 5973/14271
f 5982/14294 5977/14293 5921/14453 5923/14454
f 5982/14298 5923/14148 5924/14147 5883/14278
f 5980/14286 5979/14285 5938/14196 6017/14455
f 5980/14456 6017/14457 5968/14458 5972/14459
f 5980/14456 5972/14459 5919/14460 5922/14461
f 6017/14455 5938/14196 5936/14194 5937/14193
f 6017/14462 5937/14318 5969/14317 5968/14463
f 5979/14285 5978/14284 5932/14197 5938/14196
f 5972/14268 5971/14267 5920/14464 5919/14465
f 5953/14228 5943/14207 5926/14466 5925/14467
f 5953/14228 5925/14467 5927/14468 5950/14233
f 5952/14222 5910/14116 5908/14115 6018/14469
f 5952/14222 6018/14469 5946/14212 5945/14211
f 6018/14470 5908/14471 5907/14472 5942/14473
f 6018/14474 5942/14475 5944/14232 5946/14231
f 5951/14221 5930/14226 5929/14476 5935/14477
f 5951/14221 5935/14477 5905/14117 5910/14116
f 5950/14478 5927/14479 5931/14480 5948/14481
f 5949/14216 5948/14215 5931/14482 5930/14483
f 5941/14484 5939/14485 5917/14486 5916/14487
f 5941/14488 5916/14124 5915/14123 5940/14489
f 5940/14490 5915/14491 5914/14492 5918/14493
f 5935/14494 5866/14495 5906/14496 5905/14497
f 5933/14498 5862/14499 5929/14500 5860/14501
f 5933/14502 5860/14503 5884/14504 5934/14505
f 5866/14152 5926/14151 5909/14112 5906/14111
f 5917/14506 5912/14507 5911/14508 5916/14509
f 5856/14510 5911/14511 5912/14512 5913/14513
f 5967/14262 5956/14514 5955/14515 5874/14259
f 5955/14237 5888/14319 5965/14322 5874/14516
f 5860/14517 5931/14518 5927/14519 5925/14520
f 5939/14521 5941/14522 5940/14523 6019/14524
f 5885/14525 5983/14526 5900/14527 6020/14528
f 6021/14529 6038/14530 6039/14531 6040/14532
f 6021/14533 6040/14534 6041/14535 6042/14536
f 6021/14533 6042/14536 6032/14537 6038/14538
f 6022/14539 6040/14540 6039/14541 6043/14542
f 6022/14543 6043/14544 6044/14545 6045/14546
f 6022/14547 6045/14548 6041/14549 6040/14550
f 6023/14551 6046/14552 6047/14553 6044/14545
f 6023/14551 6048/14554 6049/14555 6046/14552
f 6023/14551 6044/14545 6043/14544 6048/14554
f 6024/14556 6046/14552 6049/14555 6050/14557
f 6024/14556 6051/14558 6047/14553 6046/14552
f 6024/14559 6050/14560 6031/14561 6030/14562
f 6024/14563 6030/14564 6052/14565 6053/14566
f 6024/14556 6053/14567 6054/14568 6051/14558
f 6025/14569 6050/14570 6049/14571 6055/14572
f 6025/14573 6056/14574 6057/14575 6058/14576
f 6025/14577 6058/14578 6031/14561 6050/14560
f 6026/14579 6059/14580 6060/14581 6061/14582
f 6028/14583 6036/14584 6062/14585 6027/14586
f 6028/14587 6063/14588 6031/14589 6036/14590
f 6029/14591 6035/14592 6064/14593 6054/14568
f 6029/14594 6054/14595 6053/14596 6065/14597
f 6030/14598 6066/14599 6064/14600 6052/14601
f 6030/14602 6031/14603 6067/14604 6068/14605
f 6030/14606 6068/14607 6069/14608 6066/14609
f 6031/14561 6058/14578 6070/14610 6036/14611
f 6032/14537 6042/14536 6067/14612 6071/14613
f 6032/14537 6071/14613 6072/14614 6038/14538
f 6033/14615 6074/14616 6075/14617 6076/14618
f 6033/14619 6076/14620 6077/14621 6073/14622
f 6034/14623 6073/14624 6077/14625 6078/14626
f 6034/14627 6078/14628 6075/14629 6074/14630
f 6035/14631 6037/14632 6052/14601 6064/14600
f 6036/14584 6079/14633 6080/14634 6062/14585
f 6036/14635 6070/14636 6081/14637 6079/14638
f 6037/14639 6065/14640 6053/14566 6052/14565
f 6081/14637 6078/14641 6077/14642 6079/14638
f 6081/14643 6070/14644 6082/14645 6083/14646
f 6081/14643 6083/14646 6075/14629 6078/14628
f 6083/14647 6082/14648 6062/14585 6080/14634
f 6083/14647 6080/14634 6076/14649 6075/14650
f 6082/14648 6026/14651 6027/14586 6062/14585
f 6080/14634 6079/14633 6077/14652 6076/14649
f 6072/14614 6084/14653 6039/14654 6038/14538
f 6072/14614 6071/14613 6063/14655 6085/14656
f 6084/14657 6055/14658 6049/14659 6048/14660
f 6084/14657 6048/14660 6043/14661 6039/14662
f 6084/14653 6072/14614 6085/14656 6055/14663
f 6071/14613 6067/14612 6031/14664 6063/14655
f 6069/14665 6047/14553 6051/14558 6066/14666
f 6069/14608 6068/14607 6041/14667 6045/14668
f 6069/14665 6045/14546 6044/14545 6047/14553
f 6068/14669 6067/14612 6042/14536 6041/14535
f 6066/14666 6051/14558 6054/14568 6064/14593
f 6065/14670 6037/14671 6035/14672 6029/14673
f 6033/14674 6073/14675 6034/14676 6074/14677
f 6056/14678 6025/14679 6055/14680
f 6059/14681 6026/14682 6061/14683
f 6057/14684 6055/14685 6085/14686 6087/14687 6086/14688
f 6063/14655 6028/14689 6087/14690 6085/14656
f 6086/14691 6087/14692 6028/14693 6027/14694
f 6026/14651 6057/14695 6086/14696 6027/14586
f 6057/14697 6026/14698 6082/14645
f 6057/14697 6082/14645 6070/14644
f 6057/14697 6070/14644 6058/14699
f 6088/14700 6096/14701 6097/14702 6098/14703
f 6088/14704 6098/14705 6099/14706 6100/14707
f 6088/14708 6100/14709 6101/14710 6096/14711
f 6089/14712 6102/14713 6099/14714 6098/14715
f 6089/14716 6098/14717 6097/14718 6103/14719
f 6089/14720 6103/14721 6104/14722 6102/14723
f 6090/14724 6105/14725 6106/14726 6107/14727
f 6090/14724 6108/14728 6109/14729 6105/14725
f 6090/14724 6107/14727 6110/14730 6108/14728
f 6091/14731 6111/14732 6112/14733 6113/14734
f 6091/14731 6114/14735 6115/14736 6111/14732
f 6091/14731 6113/14734 6116/14737 6114/14735
f 6092/14738 6117/14739 6118/14740 6119/14741
f 6092/14738 6119/14741 6120/14742 6121/14743
f 6092/14738 6121/14743 6122/14744 6117/14739
f 6093/14745 6123/14746 6124/14747 6125/14748
f 6093/14745 6125/14748 6126/14749 6127/14750
f 6093/14751 6127/14752 6128/14753 6123/14754
f 6094/14755 6129/14756 6104/14722 6130/14757
f 6094/14755 6130/14757 6131/14758 6132/14759
f 6094/14755 6132/14759 6133/14760 6129/14756
f 6095/14761 6134/14762 6135/14763 6136/14764
f 6095/14761 6136/14764 6137/14765 6138/14766
f 6095/14761 6138/14766 6101/14710 6134/14762
f 6138/14766 6137/14765 6139/14767 6140/14768
f 6138/14766 6140/14768 6096/14711 6101/14710
f 6140/14768 6139/14767 6141/14769 6142/14770
f 6140/14768 6142/14770 6097/14771 6096/14711
f 6142/14772 6141/14773 6143/14774 6144/14775
f 6142/14772 6144/14775 6103/14719 6097/14718
f 6144/14775 6143/14774 6131/14776 6130/14777
f 6144/14775 6130/14777 6104/14778 6103/14719
f 6143/14774 6106/14779 6105/14780 6131/14776
f 6143/14781 6141/14782 6115/14783 6106/14784
f 6141/14769 6139/14767 6111/14732 6115/14736
f 6139/14767 6137/14765 6112/14733 6111/14732
f 6137/14765 6136/14764 6120/14742 6112/14733
f 6136/14764 6135/14763 6121/14743 6120/14742
f 6135/14763 6134/14762 6145/14785 6146/14786
f 6135/14763 6146/14786 6122/14744 6121/14743
f 6146/14787 6145/14788 6147/14789 6148/14790
f 6146/14791 6148/14792 6126/14793 6122/14794
f 6148/14795 6147/14796 6149/14797 6150/14798
f 6148/14795 6150/14798 6127/14752 6126/14799
f 6150/14798 6149/14797 6129/14756 6133/14760
f 6150/14798 6133/14760 6128/14753 6127/14752
f 6149/14800 6147/14801 6099/14802 6102/14803
f 6149/14797 6102/14723 6104/14722 6129/14756
f 6147/14789 6145/14788 6100/14707 6099/14706
f 6145/14785 6134/14762 6101/14710 6100/14709
f 6133/14760 6132/14759 6109/14804 6128/14753
f 6132/14759 6131/14758 6105/14805 6109/14804
f 6128/14753 6109/14804 6108/14806 6123/14754
f 6126/14793 6125/14807 6117/14808 6122/14794
f 6125/14809 6124/14810 6118/14811 6117/14812
f 6124/14813 6123/14814 6108/14728 6110/14730
f 6124/14810 6110/14815 6116/14816 6118/14811
f 6120/14742 6119/14741 6113/14734 6112/14733
f 6119/14741 6118/14740 6116/14737 6113/14734
f 6116/14817 6110/14818 6107/14819 6114/14820
f 6115/14821 6114/14820 6107/14819 6106/14822
f 6151/14823 6175/14824 6176/14825 6163/14826
f 6151/14827 6152/14828 6177/14829 6175/14830
f 6151/14831 6163/14832 6178/14833 6179/14834
f 6151/14835 6179/14836 6180/14837 6181/14838
f 6151/14839 6181/14840 6182/14841 6152/14842
f 6156/14843 6181/14844 6180/14845 6183/14846
f 6152/14847 6156/14848 6183/14849 6177/14850
f 6153/14851 6184/14852 6165/14853 6171/14854
f 6153/14855 6185/14856 6186/14857 6184/14858
f 6153/14851 6171/14854 6170/14859 6185/14860
f 6154/14861 6187/14862 6188/14863 6189/14864
f 6154/14865 6189/14866 6156/14867 6152/14868
f 6154/14861 6152/14869 6182/14870 6187/14862
f 6155/14871 6165/14872 6164/14873 6190/14874
f 6155/14875 6189/14876 6188/14877 6165/14878
f 6155/14879 6190/14880 6156/14881 6189/14882
f 6156/14843 6190/14874 6182/14883 6181/14844
f 6157/14884 6191/14885 6183/14886 6192/14887
f 6157/14888 6192/14889 6158/14890 6193/14891
f 6157/14892 6193/14893 6194/14894 6191/14895
f 6158/14896 6192/14897 6195/14898 6196/14899
f 6158/14900 6196/14901 6161/14902 6193/14903
f 6159/14904 6175/14905 6177/14906 6197/14907
f 6159/14904 6160/14908 6176/14909 6175/14905
f 6159/14904 6197/14907 6198/14910 6160/14908
f 6160/14908 6198/14910 6199/14911 6176/14909
f 6161/14912 6200/14913 6194/14894 6193/14893
f 6161/14914 6196/14915 6201/14916 6200/14917
f 6162/14918 6201/14919 6196/14920 6195/14921
f 6162/14922 6195/14898 6180/14845 6179/14923
f 6162/14918 6179/14924 6178/14925 6201/14919
f 6163/14926 6176/14927 6199/14928 6178/14929
f 6164/14873 6187/14930 6182/14883 6190/14874
f 6164/14931 6165/14932 6188/14933 6187/14934
f 6165/14935 6184/14936 6186/14937 6171/14938
f 6166/14939 6202/14940 6171/14941 6186/14942
f 6166/14939 6167/14943 6203/14944 6202/14940
f 6166/14945 6186/14946 6185/14947 6204/14948
f 6166/14949 6205/14950 6206/14951 6167/14952
f 6166/14945 6204/14948 6207/14953 6205/14954
f 6167/14943 6206/14955 6208/14956 6203/14944
f 6168/14957 6209/14958 6210/14959 6169/14960
f 6168/14957 6169/14960 6211/14961 6212/14962
f 6168/14957 6212/14962 6213/14963 6209/14958
f 6169/14964 6210/14965 6214/14966 6211/14967
f 6170/14968 6213/14963 6212/14962 6215/14969
f 6170/14970 6171/14971 6202/14972 6213/14973
f 6170/14859 6215/14974 6204/14975 6185/14860
f 6172/14976 6205/14950 6207/14977 6216/14978
f 6172/14976 6216/14978 6173/14979 6217/14980
f 6172/14976 6217/14980 6206/14951 6205/14950
f 6173/14981 6216/14982 6218/14983 6174/14984
f 6173/14985 6174/14986 6219/14987 6217/14988
f 6174/14989 6218/14990 6214/14966 6219/14991
f 6219/14991 6214/14966 6210/14965 6208/14992
f 6219/14993 6208/14994 6206/14995 6217/14996
f 6218/14990 6220/14997 6211/14967 6214/14966
f 6218/14998 6216/14999 6207/15000 6220/15001
f 6220/15002 6215/15003 6212/15004 6211/15005
f 6220/15001 6207/15000 6204/15006 6215/15007
f 6213/14963 6202/15008 6203/15009 6209/14958
f 6210/15010 6209/15011 6203/15012 6208/15013
f 6201/14916 6178/15014 6199/15015 6200/14917
f 6200/14913 6199/14911 6198/14910 6194/14894
f 6198/14910 6197/14907 6191/14895 6194/14894
f 6197/14907 6177/14906 6183/15016 6191/14895
f 6195/14898 6192/14897 6183/14846 6180/14845
f 6221/15017 6255/15018 6256/15019 6257/15020
f 6221/15017 6258/15021 6259/15022 6255/15018
f 6221/15017 6257/15020 6260/15023 6258/15021
f 6222/15024 6232/15025 6261/15026 6231/15027
f 6223/15028 6262/15029 6225/15030 6226/15031
f 6223/15032 6226/15033 6263/15034 6264/15035
f 6222/15036 6265/15037 6266/15038 6267/15039
f 6222/15024 6268/15040 6269/15041 6232/15025
f 6222/15042 6267/15043 6270/15044 6268/15045
f 6224/15046 6266/15047 6271/15048 6272/15049
f 6224/15046 6272/15049 6273/15050 6274/15051
f 6224/15046 6274/15051 6267/15043 6266/15047
f 6225/15030 6275/15052 6276/15053 6226/15031
f 6225/15054 6262/15055 6277/15056 6275/15057
f 6227/15058 6278/15059 6279/15060 6280/15061
f 6227/15058 6281/15062 6261/15063 6278/15059
f 6227/15064 6280/15065 6282/15066 6281/15067
f 6228/15068 6279/15069 6283/15070 6284/15071
f 6228/15072 6284/15073 6285/15074 6286/15075
f 6228/15072 6286/15075 6280/15076 6279/15077
f 6229/15078 6287/15079 6288/15080 6289/15081
f 6229/15082 6284/15083 6283/15084 6287/15085
f 6229/15086 6289/15087 6285/15088 6284/15089
f 6230/15090 6231/15027 6261/15026 6281/15091
f 6230/15092 6281/15093 6282/15094 6290/15095
f 6230/15096 6290/15097 6277/15056 6262/15055
f 6230/15098 6291/15099 6265/15100 6231/15101
f 6232/15102 6276/15103 6278/15059 6261/15063
f 6233/15104 6292/15105 6258/15106 6260/15107
f 6233/15108 6293/15109 6294/15110 6292/15111
f 6233/15112 6260/15113 6234/15114 6293/15115
f 6234/15116 6295/15117 6296/15118 6293/15119
f 6234/15120 6260/15121 6257/15122 6295/15123
f 6235/15124 6296/15118 6273/15050 6272/15049
f 6235/15124 6272/15049 6271/15048 6294/15125
f 6235/15124 6294/15125 6293/15119 6296/15118
f 6236/15126 6297/15127 6298/15128 6299/15129
f 6236/15126 6300/15130 6301/15131 6297/15127
f 6236/15126 6299/15129 6302/15132 6300/15130
f 6237/15133 6250/15134 6303/15135 6304/15136
f 6237/15137 6238/15138 6305/15139 6250/15140
f 6362/15141 6240/15142 6306/15143 6307/15144
f 6362/15145 6307/15146 6308/15147 6309/15148
f 6238/15149 6311/15150 6312/15151 6305/15152
f 6238/15153 6313/15154 6314/15155 6311/15156
f 6239/15157 6309/15158 6315/15159 6302/15160
f 6239/15161 6302/15132 6299/15129 6240/15162
f 6237/15163 6304/15164 6313/15165 6238/15166
f 6241/15167 6315/15159 6316/15168 6317/15169
f 6241/15167 6300/15170 6302/15160 6315/15159
f 6241/15171 6317/15172 6301/15173 6300/15174
f 6242/15175 6318/15176 6319/15177 6320/15178
f 6242/15175 6321/15179 6322/15180 6318/15176
f 6242/15175 6320/15178 6323/15181 6321/15179
f 6243/15182 6323/15183 6324/15184 6245/15185
f 6243/15186 6245/15187 6325/15188 6326/15189
f 6243/15190 6326/15191 6321/15179 6323/15181
f 6244/15192 6327/15193 6328/15194 6329/15195
f 6244/15192 6330/15196 6331/15197 6327/15193
f 6244/15192 6329/15195 6324/15198 6330/15196
f 6245/15199 6324/15198 6329/15195 6325/15200
f 6246/15201 6285/15202 6289/15203 6247/15204
f 6246/15205 6247/15206 6332/15207 6333/15208
f 6246/15209 6333/15210 6286/15075 6285/15074
f 6247/15211 6289/15081 6288/15080 6332/15212
f 6248/15213 6334/15214 6335/15215 6336/15216
f 6248/15213 6336/15216 6337/15217 6338/15218
f 6248/15219 6338/15220 6339/15221 6334/15222
f 6249/15223 6340/15224 6341/15225 6342/15226
f 6249/15223 6343/15227 6344/15228 6340/15224
f 6249/15229 6342/15230 6345/15231 6343/15232
f 6250/15233 6305/15234 6346/15235 6303/15236
f 6251/15237 6343/15232 6345/15231 6346/15235
f 6251/15237 6312/15238 6344/15239 6343/15232
f 6251/15237 6346/15235 6305/15234 6312/15238
f 6252/15240 6340/15241 6344/15242 6347/15243
f 6252/15244 6347/15245 6348/15246 6349/15247
f 6252/15240 6349/15248 6341/15249 6340/15241
f 6253/15250 6350/15251 6351/15252 6254/15253
f 6253/15250 6336/15254 6335/15255 6350/15251
f 6253/15250 6254/15253 6337/15256 6336/15254
f 6254/15253 6351/15252 6352/15257 6337/15256
f 6352/15258 6313/15165 6304/15164 6353/15259
f 6352/15260 6353/15261 6338/15262 6337/15263
f 6352/15257 6351/15252 6314/15155 6313/15154
f 6353/15264 6304/15136 6303/15135 6354/15265
f 6353/15264 6354/15265 6339/15266 6338/15267
f 6354/15268 6303/15236 6346/15235 6345/15231
f 6354/15268 6345/15231 6342/15230 6339/15269
f 6351/15252 6350/15251 6348/15246 6314/15155
f 6350/15251 6335/15255 6349/15247 6348/15246
f 6349/15270 6335/15271 6334/15272 6341/15273
f 6348/15246 6347/15245 6311/15156 6314/15155
f 6347/15243 6344/15242 6312/15274 6311/15275
f 6342/15276 6341/15277 6334/15222 6339/15221
f 6333/15210 6282/15278 6280/15076 6286/15075
f 6333/15208 6332/15207 6290/15279 6282/15280
f 6332/15212 6288/15080 6277/15056 6290/15097
f 6331/15281 6330/15282 6320/15283 6319/15284
f 6331/15281 6319/15284 6307/15144 6306/15143
f 6331/15197 6306/15285 6298/15128 6327/15193
f 6330/15286 6324/15184 6323/15183 6320/15287
f 6329/15195 6328/15194 6355/15288 6325/15200
f 6355/15288 6328/15194 6297/15127 6301/15131
f 6355/15289 6301/15173 6317/15172 6356/15290
f 6355/15289 6356/15290 6326/15291 6325/15292
f 6356/15293 6317/15294 6316/15295 6322/15180
f 6356/15293 6322/15180 6321/15179 6326/15191
f 6328/15194 6327/15193 6298/15128 6297/15127
f 6322/15180 6316/15295 6308/15296 6318/15176
f 6319/15297 6318/15298 6308/15147 6307/15146
f 6316/15168 6315/15159 6309/15158 6308/15299
f 6306/15285 6240/15162 6299/15129 6298/15128
f 6310/15300 6269/15301 6268/15302 6263/15303
f 6296/15118 6295/15117 6357/15304 6273/15050
f 6357/15304 6358/15305 6274/15051 6273/15050
f 6357/15306 6295/15307 6257/15308 6256/15309
f 6357/15310 6256/15311 6359/15312 6358/15313
f 6359/15312 6264/15314 6270/15315 6358/15313
f 6359/15316 6256/15019 6255/15018 6360/15317
f 6359/15316 6360/15317 6223/15032 6264/15035
f 6358/15305 6270/15044 6267/15043 6274/15051
f 6294/15318 6271/15319 6361/15320 6292/15321
f 6361/15322 6265/15100 6291/15099 6259/15323
f 6361/15324 6259/15325 6258/15106 6292/15105
f 6361/15320 6271/15319 6266/15326 6265/15327
f 6288/15080 6287/15079 6275/15057 6277/15056
f 6287/15085 6283/15084 6276/15053 6275/15052
f 6283/15328 6279/15060 6278/15059 6276/15103
f 6270/15315 6264/15314 6263/15329 6268/15330
f 6291/15331 6360/15317 6255/15018 6259/15022
f 6265/15332 6222/15024 6231/15027
f 6360/15317 6262/15333 6223/15032
f 6360/15317 6291/15331 6230/15334 6262/15333
f 6226/15335 6276/15336 6269/15337
f 6226/15338 6269/15339 6310/15340
f 6226/15033 6310/15341 6263/15034
f 6269/15342 6276/15343 6232/15344
f 6240/15345 6362/15346 6309/15347 6239/15348
f 6363/15349 6378/15350 6379/15351 6380/15352
f 6363/15349 6381/15353 6382/15354 6378/15350
f 6363/15349 6380/15352 6383/15355 6381/15353
f 6364/15356 6384/15357 6367/15358 6385/15359
f 6364/15360 6385/15361 6386/15362 6387/15363
f 6364/15364 6387/15365 6388/15366 6384/15367
f 6365/15368 6382/15369 6389/15370 6366/15371
f 6365/15372 6366/15373 6390/15374 6391/15375
f 6365/15376 6391/15377 6378/15350 6382/15354
f 6366/15378 6389/15379 6368/15380 6390/15381
f 6367/15382 6384/15383 6392/15384 6393/15385
f 6367/15386 6393/15387 6394/15388 6385/15389
f 6368/15380 6389/15379 6395/15390 6396/15391
f 6368/15392 6396/15393 6397/15394 6398/15395
f 6368/15396 6398/15397 6399/15398 6400/15399
f 6368/15400 6400/15401 6401/15402 6390/15403
f 6369/15404 6402/15405 6403/15406 6404/15407
f 6369/15404 6404/15407 6400/15408 6399/15409
f 6369/15404 6399/15409 6405/15410 6402/15405
f 6370/15411 6388/15366 6387/15365 6406/15412
f 6370/15411 6406/15412 6407/15413 6408/15414
f 6370/15411 6408/15414 6409/15415 6388/15366
f 6371/15416 6401/15402 6400/15401 6404/15417
f 6371/15418 6393/15419 6392/15420 6410/15421
f 6371/15422 6410/15423 6411/15424 6401/15425
f 6371/15416 6412/15426 6394/15388 6393/15387
f 6371/15416 6404/15417 6403/15427 6412/15426
f 6372/15428 6406/15429 6387/15430 6386/15431
f 6372/15432 6413/15433 6407/15434 6406/15435
f 6372/15436 6386/15437 6414/15438 6413/15439
f 6373/15440 6415/15441 6416/15442 6417/15443
f 6373/15444 6407/15434 6413/15433 6415/15445
f 6373/15446 6417/15447 6376/15448 6418/15449
f 6373/15446 6418/15449 6419/15450 6383/15451
f 6373/15452 6420/15453 6408/15414 6407/15413
f 6373/15454 6383/15355 6380/15352 6420/15455
f 6374/15456 6421/15457 6375/15458 6397/15394
f 6374/15456 6397/15394 6396/15393 6422/15459
f 6374/15456 6422/15459 6423/15460 6421/15457
f 6375/15458 6421/15457 6424/15461 6425/15462
f 6375/15458 6425/15462 6398/15395 6397/15394
f 6376/15463 6417/15464 6426/15465 6427/15466
f 6376/15463 6427/15466 6423/15467 6418/15468
f 6377/15469 6416/15442 6428/15470 6429/15471
f 6377/15469 6429/15471 6430/15472 6426/15473
f 6377/15469 6426/15473 6417/15443 6416/15442
f 6430/15472 6429/15471 6402/15405 6405/15410
f 6430/15474 6405/15475 6425/15476 6424/15477
f 6430/15478 6424/15479 6427/15466 6426/15465
f 6429/15471 6428/15470 6403/15406 6402/15405
f 6428/15480 6431/15481 6412/15426 6403/15427
f 6428/15482 6416/15483 6415/15484 6431/15485
f 6431/15481 6414/15438 6394/15388 6412/15426
f 6431/15481 6415/15486 6413/15439 6414/15438
f 6427/15466 6424/15479 6421/15487 6423/15467
f 6425/15488 6405/15489 6399/15398 6398/15397
f 6423/15460 6422/15459 6419/15490 6418/15491
f 6422/15459 6396/15393 6395/15492 6419/15490
f 6420/15455 6380/15352 6379/15351 6432/15493
f 6420/15455 6432/15493 6409/15494 6408/15495
f 6432/15493 6379/15351 6411/15496 6410/15497
f 6432/15493 6410/15497 6392/15498 6409/15494
f 6419/15499 6395/15500 6381/15501 6383/15502
f 6414/15438 6386/15437 6385/15389 6394/15388
f 6411/15496 6379/15351 6378/15350 6391/15377
f 6411/15424 6391/15503 6390/15504 6401/15425
f 6409/15415 6392/15505 6384/15367 6388/15366
f 6395/15500 6389/15506 6382/15507 6381/15501
f 6433/15508 6455/15509 6435/15510 6456/15511
f 6433/15512 6457/15513 6458/15514 6455/15515
f 6433/15516 6456/15517 6434/15518 6457/15519
f 6434/15520 6459/15521 6460/15522 6457/15523
f 6434/15524 6456/15525 6461/15526 6459/15527
f 6435/15510 6462/15528 6461/15529 6456/15511
f 6435/15510 6455/15509 6463/15530 6462/15528
f 6436/15531 6464/15532 6465/15533 6466/15534
f 6436/15531 6467/15535 6468/15536 6464/15532
f 6436/15531 6466/15534 6447/15537 6467/15535
f 6437/15538 6450/15539 6465/15540 6464/15541
f 6437/15542 6447/15543 6449/15544 6450/15545
f 6437/15546 6464/15547 6468/15548 6447/15549
f 6438/15550 6449/15551 6469/15552 6470/15553
f 6438/15554 6471/15555 6450/15556 6449/15557
f 6439/15558 6470/15559 6469/15560 6472/15561
f 6439/15562 6472/15563 6450/15564 6471/15565
f 6440/15566 6446/15567 6473/15568 6474/15569
f 6440/15570 6474/15571 6475/15572 6476/15573
f 6440/15574 6476/15575 6444/15576 6446/15577
f 6441/15578 6475/15572 6474/15571 6477/15579
f 6441/15578 6477/15579 6459/15580 6461/15529
f 6441/15578 6461/15529 6462/15528 6475/15572
f 6442/15581 6458/15582 6457/15583 6460/15584
f 6442/15581 6478/15585 6479/15586 6458/15582
f 6442/15581 6460/15584 6480/15587 6478/15585
f 6443/15588 6481/15589 6482/15590 6483/15591
f 6443/15592 6445/15593 6484/15594 6481/15595
f 6443/15592 6485/15596 6444/15597 6445/15593
f 6443/15598 6483/15599 6486/15600 6484/15601
f 6443/15602 6487/15603 6488/15604 6489/15605
f 6443/15606 6489/15607 6490/15608 6485/15609
f 6444/15610 6485/15611 6487/15612 6445/15613
f 6444/15614 6491/15615 6473/15616 6446/15617
f 6447/15549 6468/15548 6490/15618 6489/15619
f 6447/15620 6489/15605 6488/15604 6467/15621
f 6447/15622 6492/15623 6448/15624 6449/15625
f 6447/15537 6466/15534 6493/15626 6492/15627
f 6448/15628 6492/15627 6494/15629 6495/15630
f 6448/15631 6495/15632 6496/15633 6497/15634
f 6448/15635 6497/15636 6498/15637 6486/15638
f 6448/15639 6486/15600 6483/15599 6449/15640
f 6449/15551 6483/15641 6482/15642 6469/15552
f 6450/15564 6472/15563 6499/15643 6500/15644
f 6450/15645 6500/15646 6501/15647 6502/15648
f 6450/15539 6502/15649 6503/15650 6465/15540
f 6443/15598 6484/15601 6445/15651 6487/15652
f 6451/15653 6504/15654 6505/15655 6506/15656
f 6451/15657 6506/15658 6507/15659 6508/15660
f 6451/15661 6508/15662 6509/15663 6504/15664
f 6452/15665 6510/15666 6507/15667 6506/15668
f 6452/15665 6506/15668 6505/15669 6511/15670
f 6452/15671 6511/15672 6494/15673 6510/15674
f 6453/15675 6512/15676 6513/15677 6454/15678
f 6453/15679 6454/15680 6505/15681 6504/15682
f 6453/15683 6504/15664 6509/15663 6512/15684
f 6454/15685 6513/15686 6511/15670 6505/15669
f 6513/15677 6512/15676 6496/15633 6495/15632
f 6513/15687 6495/15688 6494/15673 6511/15672
f 6512/15684 6509/15663 6501/15647 6496/15689
f 6510/15690 6494/15629 6492/15627 6493/15626
f 6510/15691 6493/15692 6503/15693 6507/15694
f 6509/15663 6508/15662 6502/15648 6501/15647
f 6508/15660 6507/15659 6503/15650 6502/15649
f 6503/15695 6493/15626 6466/15534 6465/15533
f 6501/15696 6500/15697 6497/15698 6496/15699
f 6500/15700 6499/15701 6498/15702 6497/15703
f 6499/15701 6472/15561 6469/15560 6482/15704
f 6499/15701 6482/15704 6481/15705 6498/15702
f 6498/15637 6481/15706 6484/15707 6486/15638
f 6491/15615 6444/15614 6479/15586 6478/15585
f 6491/15615 6478/15585 6480/15587 6473/15616
f 6490/15708 6468/15709 6467/15710 6488/15711
f 6490/15708 6488/15711 6487/15712 6485/15713
f 6480/15714 6460/15522 6459/15521 6477/15715
f 6480/15716 6477/15717 6474/15718 6473/15719
f 6479/15720 6444/15721 6476/15722 6463/15723
f 6479/15724 6463/15725 6455/15515 6458/15514
f 6476/15573 6475/15572 6462/15528 6463/15530
f 6438/15726 6470/15727 6439/15728 6471/15729
f 6514/15730 6517/15731 6518/15732 6519/15733
f 6514/15734 6519/15735 6520/15736 6521/15737
f 6521/15738 6522/15739 6523/15740 6524/15741
f 6514/15742 6521/15738 6524/15741
f 6515/15743 6525/15744 6518/15732 6517/15731
f 6516/15745 6524/15741 6523/15740
f 6525/15744 6526/15746 6527/15747 6518/15732
f 6527/15747 6526/15746 6528/15748 6529/15749
f 6527/15747 6530/15750 6519/15733 6518/15732
f 6530/15751 6531/15752 6520/15753 6519/15754
f 6531/15755 6529/15756 6532/15757 6533/15758
f 6531/15759 6533/15760 6534/15761 6520/15736
f 6534/15761 6533/15760 6535/15762 6536/15763
f 6534/15764 6536/15765 6522/15739 6521/15738
f 6534/15761 6521/15737 6520/15736
f 6535/15762 6533/15760 6532/15766 6537/15767
f 6537/15767 6532/15766 6538/15768 6539/15769
f 6540/15770 6541/15771 6529/15749 6528/15748
f 6529/15756 6541/15772 6538/15773 6532/15757
f 6527/15747 6529/15749 6531/15774 6530/15750
f 6539/15775 6538/15773 6541/15772 6540/15776
f 6542/15777 6550/15778 6551/15779 6552/15780
f 6542/15777 6552/15780 6553/15781 6554/15782
f 6542/15777 6554/15782 6555/15783 6550/15778
f 6543/15784 6556/15785 6557/15786 6558/15787
f 6543/15788 6559/15789 6560/15790 6556/15791
f 6543/15788 6558/15792 6561/15793 6559/15789
f 6544/15794 6562/15795 6563/15796 6564/15797
f 6544/15794 6564/15797 6565/15798 6566/15799
f 6544/15794 6566/15799 6567/15800 6562/15795
f 6545/15801 6568/15802 6569/15803 6570/15804
f 6545/15801 6564/15805 6563/15806 6568/15802
f 6545/15801 6570/15804 6565/15807 6564/15805
f 6546/15808 6571/15809 6560/15790 6559/15789
f 6546/15808 6559/15789 6561/15793 6572/15810
f 6546/15808 6572/15810 6573/15811 6571/15809
f 6547/15812 6574/15813 6575/15814 6569/15803
f 6547/15812 6569/15803 6568/15802 6576/15815
f 6547/15816 6576/15817 6577/15818 6574/15819
f 6548/15820 6567/15800 6578/15821 6579/15822
f 6548/15823 6579/15824 6580/15825 6581/15826
f 6548/15820 6581/15827 6562/15795 6567/15800
f 6549/15828 6582/15829 6555/15783 6554/15782
f 6549/15828 6554/15782 6553/15781 6583/15830
f 6549/15831 6583/15832 6584/15833 6582/15834
f 6584/15835 6583/15836 6585/15837 6580/15838
f 6584/15839 6580/15840 6579/15841 6557/15842
f 6584/15833 6557/15786 6556/15785 6582/15834
f 6585/15843 6583/15844 6553/15845 6577/15818
f 6585/15843 6577/15818 6576/15817 6586/15846
f 6585/15843 6586/15846 6581/15847 6580/15848
f 6586/15849 6576/15815 6568/15802 6563/15806
f 6586/15850 6563/15796 6562/15795 6581/15827
f 6582/15829 6556/15791 6560/15790 6555/15783
f 6579/15841 6578/15851 6558/15852 6557/15842
f 6578/15821 6567/15800 6566/15799 6587/15853
f 6578/15854 6587/15855 6561/15856 6558/15857
f 6587/15858 6566/15859 6565/15860 6588/15861
f 6587/15855 6588/15862 6572/15863 6561/15856
f 6588/15861 6565/15860 6570/15864 6589/15865
f 6588/15866 6589/15867 6573/15868 6572/15869
f 6589/15870 6570/15804 6569/15803 6575/15814
f 6589/15867 6575/15871 6551/15872 6573/15868
f 6577/15873 6553/15874 6552/15875 6574/15876
f 6575/15877 6574/15878 6552/15879 6551/15880
f 6573/15811 6551/15779 6550/15778 6571/15809
f 6571/15809 6550/15778 6555/15783 6560/15790
