# Blender 4.5.0
# www.blender.org
mtllib tripo_convert_a692f6c0-1226-4eec-b7da-7f3ffe288b54.mtl
o tripo_node_a692f6c0-1226-4eec-b7da-7f3ffe288b54
v 0.174426 0.887078 -0.060076
v 0.168806 0.888189 -0.050990
v 0.173141 0.886873 -0.050897
v 0.177156 0.886052 -0.055737
v 0.169602 0.916856 -0.039373
v 0.176039 0.927570 -0.018668
v 0.137736 0.946925 -0.077302
v 0.148962 0.944982 -0.070846
v 0.180147 0.884259 -0.057247
v 0.162753 0.904594 -0.031961
v 0.158102 0.917001 -0.027028
v 0.166992 0.927682 -0.022930
v -0.082728 0.958151 -0.122371
v 0.052957 0.961961 -0.141811
v 0.024223 0.871836 -0.023065
v 0.048116 0.160896 -0.024747
v 0.047833 0.268846 -0.033583
v 0.050879 0.258914 -0.036670
v 0.037409 0.002017 -0.036888
v 0.010863 0.001516 -0.031802
v 0.017989 0.001780 -0.033179
v 0.021855 0.000589 -0.041087
v 0.086038 0.551524 -0.042128
v 0.072105 0.551633 -0.046071
v 0.060641 0.553502 -0.038002
v 0.057121 0.571415 -0.083002
v 0.326692 0.661801 -0.035251
v 0.308488 0.662827 -0.022807
v 0.065008 0.560815 0.016613
v 0.086796 0.562409 0.044098
v 0.051778 0.556741 0.016784
v 0.065803 0.559121 0.021069
v 0.100233 0.562338 -0.013260
v 0.082126 0.553301 0.009199
v 0.034786 0.555512 0.039762
v 0.022988 0.556006 0.060176
v 0.068647 0.557926 0.043549
v 0.088948 0.548505 0.019769
v 0.097077 0.560660 -0.001777
v 0.092296 0.563231 0.057814
v 0.027601 0.550373 0.055385
v 0.040302 0.000371 -0.010134
v 0.050314 0.151816 -0.011284
v 0.093381 0.553272 0.018127
v 0.122332 0.477457 0.126011
v 0.127760 0.475856 0.125445
v 0.129743 0.487783 0.111062
v 0.132408 0.475577 0.125218
v 0.203909 0.913714 -0.005814
v 0.038034 0.906662 0.052950
v 0.038336 0.908333 0.071013
v 0.031285 0.908678 0.073477
v 0.025066 0.898252 0.072843
v 0.025046 0.876745 0.060805
v 0.010380 0.871965 0.074686
v 0.010500 0.873731 0.073860
v 0.018897 0.875926 0.063782
v 0.029515 0.875822 -0.006303
v 0.038517 0.890412 0.009938
v 0.045679 0.902395 -0.001958
v 0.024721 0.907967 0.021165
v 0.030741 0.906042 0.041773
v 0.084210 0.958015 -0.001224
v 0.036560 0.958389 0.021130
v 0.090673 0.960031 0.013188
v 0.083399 0.942998 0.070519
v 0.081549 0.938550 0.077042
v 0.071808 0.929731 0.043584
v 0.072631 0.926575 0.068050
v 0.037946 0.918532 0.069377
v 0.028601 0.889762 0.218100
v 0.052296 0.880745 0.219444
v 0.105257 0.838043 0.127144
v 0.061887 0.820296 0.121277
v -0.069381 0.825384 0.113259
v -0.050559 0.828177 0.091996
v 0.006662 0.892152 0.216726
v -0.016038 0.932071 0.125697
v -0.025903 0.931174 0.117888
v -0.031167 0.914824 0.065716
v -0.025046 0.916644 0.074859
v -0.051861 0.923784 0.070438
v -0.011493 0.960055 0.006473
v -0.034076 0.918061 0.035466
v -0.000550 0.903974 0.060719
v -0.021182 0.909448 0.060451
v -0.009668 0.906404 0.061211
v 0.013082 0.897253 0.062931
v -0.004601 0.904843 0.061398
v 0.029451 0.891697 0.046746
v -0.051498 0.922794 0.068350
v -0.011969 0.906158 0.051291
v -0.027554 0.861629 0.075026
v -0.031468 0.858572 0.070806
v -0.006391 0.863022 0.081319
v 0.000705 0.868873 0.080987
v 0.011102 0.883004 0.071439
v -0.141986 0.800428 0.016598
v -0.134431 0.795635 0.070628
v -0.129333 0.787749 0.080498
v -0.134460 0.801048 0.071832
v -0.138862 0.806667 0.077283
v -0.138312 0.811208 0.065221
v -0.150778 0.804259 0.058632
v -0.188004 0.817339 0.036588
v -0.179979 0.817508 0.033891
v -0.177870 0.817221 0.060428
v -0.174935 0.825402 0.073317
v -0.148834 0.796546 0.162529
v -0.146398 0.799482 0.139153
v -0.153351 0.793715 0.179533
v -0.273773 0.728711 0.124679
v -0.145801 0.685934 0.171557
v -0.082263 0.736186 0.140836
v -0.120732 0.687460 0.159556
v -0.151165 0.677535 0.168397
v -0.112824 0.650446 0.134678
v -0.080625 0.483410 0.114519
v -0.090743 0.480170 0.114695
v -0.069310 0.484840 0.118174
v -0.066479 0.487077 0.118149
v -0.067009 0.490271 0.115348
v -0.070388 0.488247 0.110913
v -0.043316 0.554917 0.020990
v -0.021123 0.555323 0.029479
v 0.018384 0.545082 0.026901
v -0.013844 0.550969 0.038721
v 0.005831 0.550733 0.052436
v -0.005810 0.555705 0.057366
v -0.016211 0.551693 0.021698
v -0.122796 0.641685 0.124050
v -0.117431 0.645275 0.137999
v -0.046216 0.556518 0.023907
v -0.005179 0.554090 -0.017573
v 0.016114 0.555120 -0.037491
v 0.007593 0.195370 -0.011722
v 0.008680 -0.000000 -0.019571
v 0.009744 0.192741 -0.032700
v 0.003610 0.195212 -0.027745
v -0.003044 0.192348 -0.030098
v 0.001296 0.202802 -0.018390
v -0.131194 0.625858 -0.152264
v -0.263523 0.831502 -0.167678
v -0.111637 0.787781 -0.013959
v -0.107078 0.794942 -0.023486
v -0.053507 0.958618 -0.136259
v -0.052261 0.975281 -0.138075
v -0.066669 0.970137 -0.133275
v -0.031839 0.984700 -0.148173
v -0.055558 0.962045 -0.132455
v -0.077641 0.962510 -0.132966
v -0.094317 0.956999 -0.111828
v -0.014453 0.989628 -0.152672
v -0.092889 0.956939 -0.110436
v 0.017952 0.867716 -0.031036
v -0.128160 0.951752 -0.092698
v 0.166105 0.932992 -0.027778
v 0.172126 0.885568 -0.064564
v 0.176722 0.878855 -0.062778
v 0.180923 0.883805 -0.057368
v 0.166146 0.890914 -0.063638
v 0.167572 0.900234 -0.061896
v 0.175715 0.896510 -0.058887
v 0.163928 0.890838 -0.043748
v 0.163331 0.894725 -0.046175
v 0.177669 0.891806 -0.048751
v 0.167319 0.900140 -0.042861
v 0.173878 0.923605 -0.021340
v 0.178019 0.922590 -0.026634
v 0.176165 0.928669 -0.029098
v 0.172677 0.927599 -0.025207
v 0.187126 0.920548 -0.016878
v 0.201297 0.911712 -0.015165
v 0.189477 0.907620 -0.037535
v 0.182659 0.900600 -0.051889
v 0.168479 0.908509 -0.052298
v 0.153702 0.925483 -0.052232
v 0.155127 0.937892 -0.049372
v 0.163501 0.930224 -0.036271
v 0.156809 0.915169 -0.059843
v 0.145818 0.943062 -0.064081
v 0.134968 0.949139 -0.084045
v 0.164572 0.916370 -0.036701
v 0.153449 0.909287 -0.033441
v 0.149841 0.913285 -0.047198
v 0.154327 0.923590 -0.050666
v 0.157634 0.895718 -0.030002
v 0.145295 0.901452 -0.046408
v 0.171059 0.904516 -0.012905
v 0.163595 0.892987 -0.012643
v 0.174298 0.908437 -0.035103
v 0.181850 0.912040 -0.017986
v 0.161214 0.900612 -0.038457
v 0.151190 0.903025 -0.041872
v 0.158045 0.924741 -0.025398
v 0.141824 0.931274 -0.037324
v 0.139140 0.922811 -0.033109
v 0.169607 0.923170 -0.038522
v 0.173510 0.917061 -0.026531
v 0.169494 0.922119 -0.021829
v 0.165939 0.931102 -0.036146
v 0.160430 0.929732 -0.031238
v -0.071247 0.956642 -0.117278
v -0.076175 0.956709 -0.129900
v -0.081934 0.955660 -0.109264
v 0.026612 0.969682 -0.146189
v 0.027568 0.974796 -0.150799
v 0.031994 0.977613 -0.152154
v 0.033899 0.978825 -0.152737
v 0.070853 0.966964 -0.141531
v 0.057420 0.948372 -0.125875
v 0.027123 0.964001 -0.140830
v 0.024230 0.882396 -0.013669
v 0.032107 0.880006 -0.009261
v 0.029414 0.873729 -0.018507
v 0.030142 0.881026 -0.020463
v 0.022860 0.883110 -0.026780
v 0.033162 0.873359 -0.007646
v 0.046226 0.128200 -0.025380
v 0.041069 0.129672 -0.034470
v 0.041240 0.162337 -0.035466
v 0.047410 0.170519 -0.016872
v 0.056110 0.151453 -0.014715
v 0.047858 0.278929 -0.025482
v 0.052673 0.242460 -0.029024
v 0.045231 0.235106 -0.037763
v 0.044341 0.260091 -0.038134
v 0.040931 0.282346 -0.037700
v 0.029939 0.000149 -0.037403
v 0.030855 0.012660 -0.039648
v 0.038447 0.013173 -0.035815
v 0.038511 0.000314 -0.028497
v 0.029225 0.000309 -0.029872
v 0.043561 0.012651 -0.027736
v 0.010385 0.013545 -0.030908
v 0.014955 0.013457 -0.036627
v 0.018095 0.000447 -0.022071
v 0.010793 0.001042 -0.024444
v 0.008542 0.013128 -0.023477
v 0.022455 0.013388 -0.039929
v 0.028754 0.000368 -0.019882
v 0.090349 0.551585 -0.029797
v 0.075853 0.554219 -0.030191
v 0.111841 0.547129 -0.047825
v 0.115650 0.546168 -0.033418
v 0.089048 0.556118 -0.029108
v 0.113077 0.556913 -0.045314
v 0.069272 0.554614 -0.029777
v 0.077111 0.556248 -0.018056
v 0.064952 0.552678 -0.030489
v 0.051585 0.553972 -0.044656
v 0.049223 0.554052 -0.042170
v 0.053406 0.555047 -0.032404
v 0.060344 0.556875 -0.019464
v 0.037708 0.569009 -0.079793
v 0.042310 0.579528 -0.109707
v 0.068927 0.579551 -0.101161
v 0.067957 0.566137 -0.061926
v 0.044830 0.563373 -0.047697
v 0.090159 0.576906 -0.079606
v 0.323463 0.661236 -0.036880
v 0.323854 0.662996 -0.034394
v 0.326830 0.662612 -0.033548
v 0.326873 0.660946 -0.033525
v 0.324151 0.660178 -0.035004
v 0.312040 0.661705 -0.025429
v 0.320985 0.663438 -0.024915
v 0.311012 0.663949 -0.025517
v 0.293525 0.654375 -0.017179
v 0.292775 0.652994 -0.022222
v 0.291088 0.656753 -0.020003
v 0.327750 0.662089 -0.030810
v 0.057992 0.560797 0.007529
v 0.084795 0.563468 -0.000509
v 0.082696 0.562678 0.014154
v 0.055836 0.559005 0.023819
v 0.042103 0.558758 0.014293
v 0.066561 0.560066 0.028663
v 0.070528 0.559852 0.051729
v 0.064922 0.559349 0.036319
v 0.080984 0.561359 0.067341
v 0.044926 0.556122 0.020915
v 0.049558 0.557621 0.033940
v 0.061764 0.560795 0.031772
v 0.043830 0.555407 0.001337
v 0.036792 0.554867 0.008521
v 0.059447 0.557781 0.006246
v 0.052245 0.556222 -0.008767
v 0.058162 0.558531 0.025873
v 0.061031 0.559119 0.027654
v 0.066485 0.559552 0.028319
v 0.120743 0.558990 -0.005231
v 0.119699 0.560533 -0.018880
v 0.092669 0.561972 -0.019620
v 0.084342 0.559080 -0.009404
v 0.116590 0.560078 -0.032212
v 0.080771 0.553834 -0.012241
v 0.095839 0.550608 -0.013945
v 0.099498 0.549947 0.002544
v 0.067169 0.553385 0.003509
v 0.069213 0.553060 -0.014135
v 0.101859 0.549103 0.012645
v 0.069668 0.545332 0.030616
v 0.064529 0.548922 0.023842
v 0.056252 0.550495 0.017780
v 0.033992 0.554939 0.026924
v 0.024667 0.554233 0.033565
v 0.032852 0.555397 0.048465
v 0.025932 0.557428 0.034942
v 0.043368 0.558712 0.034771
v 0.046860 0.558586 0.037799
v 0.041616 0.556933 0.067848
v 0.024558 0.556539 0.071391
v 0.016306 0.555423 0.057558
v 0.024452 0.554333 0.050167
v 0.009212 0.556185 0.068521
v 0.081368 0.556885 0.029910
v 0.075300 0.560302 0.024971
v 0.057820 0.558451 0.063824
v 0.059117 0.558485 0.054117
v 0.055806 0.549433 0.059060
v 0.073259 0.552844 0.049462
v 0.091223 0.542474 0.031286
v 0.074013 0.540347 0.039441
v 0.096431 0.546932 0.030796
v 0.101465 0.553703 0.010075
v 0.076694 0.559778 0.003764
v 0.084578 0.559992 0.009448
v 0.120415 0.554455 0.007954
v 0.123547 0.569784 0.054458
v 0.114214 0.567518 0.070533
v 0.019821 0.545745 0.055794
v 0.026862 0.538634 0.067823
v 0.038560 0.545594 0.064082
v 0.038879 0.013165 -0.009413
v 0.028282 0.012615 -0.004639
v 0.028429 0.000477 -0.009802
v 0.039358 0.000530 -0.018929
v 0.043846 0.012658 -0.018223
v 0.044791 0.126532 -0.014104
v 0.043973 0.177068 -0.010882
v 0.039028 0.154315 -0.005094
v 0.037285 0.127165 -0.006862
v 0.037086 0.180019 -0.004410
v 0.086560 0.551736 0.038877
v 0.125345 0.477795 0.125195
v 0.117775 0.482158 0.122422
v 0.115196 0.480947 0.121911
v 0.118440 0.481774 0.119395
v 0.124919 0.477449 0.123749
v 0.127239 0.478205 0.122067
v 0.130552 0.475419 0.125587
v 0.127415 0.478449 0.124209
v 0.129379 0.484331 0.113289
v 0.123887 0.493531 0.101566
v 0.124812 0.495865 0.102788
v 0.119814 0.496275 0.105947
v 0.127992 0.485976 0.115212
v 0.131462 0.481749 0.118603
v 0.130044 0.478898 0.120661
v 0.129563 0.480130 0.121721
v 0.193853 0.909242 -0.025221
v 0.193282 0.893791 -0.026592
v 0.199801 0.900714 -0.006991
v 0.188226 0.912063 0.002611
v 0.209994 0.911443 0.023583
v 0.202869 0.913847 0.026224
v 0.188705 0.889186 -0.040102
v 0.185637 0.901438 -0.043003
v 0.189924 0.910909 0.029193
v 0.030030 0.909849 0.068701
v 0.030708 0.919361 0.069656
v 0.039553 0.920743 0.052174
v 0.039410 0.914896 0.040094
v 0.034099 0.906835 0.038742
v 0.033090 0.900007 0.045644
v 0.040374 0.923854 0.038267
v 0.034496 0.897316 0.060052
v 0.033428 0.904623 0.065132
v 0.030631 0.893081 0.054327
v 0.052848 0.911460 0.066060
v 0.053579 0.900270 0.048991
v 0.040471 0.899018 0.051629
v 0.031501 0.900675 0.054811
v 0.035571 0.908890 0.073017
v 0.020759 0.912179 0.079152
v 0.033739 0.914418 0.085720
v 0.052562 0.919837 0.079304
v 0.032025 0.902189 0.066771
v 0.042366 0.909421 0.059920
v 0.018717 0.907576 0.079171
v 0.018652 0.898219 0.071902
v 0.021109 0.917700 0.083591
v 0.026919 0.890553 0.069214
v 0.017849 0.887700 0.077271
v 0.018307 0.901245 0.078414
v 0.029139 0.880476 0.052504
v 0.032655 0.883552 0.054666
v 0.032204 0.894083 0.059935
v 0.020852 0.887808 0.065951
v 0.009409 0.877882 0.081362
v 0.019135 0.881403 0.074877
v 0.013610 0.882267 0.069202
v 0.018121 0.883847 0.063105
v -0.001759 0.874919 0.085008
v 0.000453 0.876681 0.078062
v 0.026222 0.885163 0.054446
v 0.034529 0.882678 0.011775
v 0.044958 0.883441 0.007521
v 0.036127 0.880704 -0.011108
v 0.023941 0.878672 0.000257
v 0.030708 0.894733 -0.001379
v 0.035632 0.908917 0.008620
v 0.041820 0.906666 0.021179
v 0.043421 0.891824 0.030963
v 0.042904 0.883966 0.029578
v 0.038033 0.879538 0.011127
v 0.043883 0.904869 0.037724
v 0.040008 0.904182 -0.011438
v 0.036575 0.891435 -0.012113
v 0.044599 0.892174 0.001875
v 0.056042 0.898393 0.021790
v 0.055645 0.909092 0.012207
v 0.051357 0.917426 0.000145
v 0.025946 0.903556 0.028112
v 0.035733 0.914259 0.027299
v 0.027809 0.916201 0.018730
v 0.013864 0.907217 0.018019
v 0.013006 0.902477 0.027264
v 0.015388 0.916553 0.012455
v 0.025083 0.901684 0.043230
v 0.089418 0.950889 0.028181
v 0.081912 0.943696 0.025765
v 0.076449 0.951646 -0.002009
v 0.090344 0.956496 0.032528
v 0.079612 0.960873 -0.005413
v 0.084950 0.957445 0.013447
v 0.029004 0.957262 0.012529
v 0.028337 0.950043 0.015249
v 0.036809 0.947759 0.023748
v 0.038725 0.946309 0.018884
v 0.028884 0.947845 0.009220
v 0.042182 0.947284 0.038192
v 0.044034 0.952436 0.037859
v 0.044795 0.942861 0.034624
v 0.087543 0.951478 0.035096
v 0.077999 0.939089 0.074788
v 0.082089 0.942171 0.080777
v 0.088674 0.946463 0.073442
v 0.082672 0.941777 0.059461
v 0.074959 0.934384 0.063482
v 0.089931 0.948848 0.056766
v 0.082627 0.938573 0.068005
v 0.088991 0.944758 0.070587
v 0.085345 0.941992 0.081269
v 0.077207 0.936981 0.090248
v 0.074500 0.933361 0.082004
v 0.079950 0.942421 0.039268
v 0.064251 0.919536 0.057841
v 0.066382 0.927386 0.069585
v 0.064222 0.919672 0.029638
v 0.061494 0.909211 0.042025
v 0.059907 0.925422 0.096363
v 0.058200 0.917417 0.087832
v 0.077089 0.929279 0.047614
v 0.083373 0.938530 0.050412
v 0.057702 0.909080 0.081949
v 0.068978 0.916186 0.062065
v 0.073412 0.920659 0.044686
v 0.044873 0.916654 0.044677
v 0.044851 0.926619 0.050131
v 0.044492 0.936924 0.053587
v 0.036547 0.930308 0.071503
v 0.020535 0.927418 0.085066
v 0.045791 0.892465 0.217616
v 0.026626 0.888448 0.209299
v 0.051555 0.881238 0.205918
v -0.001611 0.891418 0.208814
v 0.076303 0.876734 0.199245
v 0.076605 0.878312 0.210866
v 0.075900 0.886327 0.212139
v 0.108269 0.848934 0.132401
v 0.118590 0.854758 0.115340
v 0.112225 0.840529 0.109936
v 0.102780 0.831867 0.106594
v 0.094394 0.832397 0.125264
v 0.090291 0.844899 0.135744
v 0.085997 0.822116 0.100967
v 0.078132 0.815976 0.097719
v 0.052199 0.810267 0.117014
v 0.083475 0.827515 0.121591
v 0.094250 0.826913 0.103674
v 0.045839 0.830710 0.138130
v 0.072988 0.838716 0.135244
v -0.047437 0.829920 0.132444
v -0.043330 0.820615 0.129228
v -0.058288 0.813152 0.117030
v -0.068676 0.795689 0.105866
v -0.074646 0.801970 0.098413
v -0.078241 0.850432 0.121177
v -0.054519 0.848961 0.139525
v -0.042686 0.815487 0.104714
v -0.020490 0.822577 0.111908
v -0.024385 0.833260 0.106709
v -0.027233 0.851627 0.101190
v -0.047297 0.854457 0.086145
v -0.069346 0.810580 0.083125
v -0.059179 0.804904 0.097709
v 0.044059 0.896352 0.209936
v 0.002337 0.898598 0.212865
v -0.040581 0.933737 0.113503
v -0.032398 0.926789 0.109308
v -0.010240 0.923251 0.116384
v -0.008422 0.927713 0.118724
v -0.023083 0.928707 0.112787
v -0.037988 0.930098 0.103998
v -0.032792 0.913000 0.055281
v -0.034014 0.921977 0.057500
v -0.030690 0.920829 0.067856
v -0.031464 0.911414 0.070596
v -0.038617 0.910604 0.065035
v -0.043108 0.916364 0.066895
v -0.038680 0.916496 0.059570
v -0.029773 0.911064 0.050709
v -0.027444 0.903840 0.050089
v -0.030064 0.930104 0.069346
v -0.023135 0.928939 0.077079
v -0.012441 0.918079 0.082849
v -0.012952 0.908171 0.083608
v -0.024244 0.906042 0.077597
v -0.030483 0.903753 0.070687
v -0.048135 0.920018 0.062802
v -0.056012 0.924982 0.050434
v -0.061394 0.932379 0.056467
v -0.062382 0.937040 0.078804
v -0.051213 0.932508 0.092692
v -0.043793 0.922261 0.083394
v -0.070339 0.942459 0.062349
v -0.033621 0.915202 0.073399
v -0.039460 0.915421 0.062759
v -0.026334 0.951982 0.013609
v -0.025390 0.947535 0.014834
v -0.011709 0.948863 0.008161
v 0.001895 0.950544 0.006219
v 0.001717 0.957235 0.004695
v 0.001588 0.947302 0.003088
v -0.012260 0.946271 0.004604
v -0.026745 0.943017 0.010853
v -0.030449 0.916247 0.029081
v -0.031359 0.925744 0.025524
v -0.036047 0.924969 0.035439
v -0.036620 0.923095 0.046756
v -0.034594 0.914336 0.043773
v -0.030591 0.907777 0.037903
v -0.003124 0.902636 0.054152
v 0.005535 0.902564 0.060880
v 0.005317 0.901842 0.051788
v -0.001282 0.903899 0.057531
v -0.015182 0.903270 0.053060
v -0.019880 0.901571 0.041687
v -0.006724 0.901284 0.044339
v 0.018360 0.893914 0.063790
v 0.022821 0.901885 0.055261
v 0.014176 0.901563 0.052945
v 0.007725 0.899531 0.048773
v 0.034200 0.887409 0.044669
v 0.022931 0.893016 0.052771
v 0.016627 0.895073 0.041097
v 0.024710 0.890973 0.034739
v 0.033408 0.887256 0.030440
v -0.021005 0.905457 0.041220
v -0.010238 0.898794 0.030633
v -0.001107 0.899474 0.039198
v -0.029964 0.870886 0.073750
v -0.022704 0.870448 0.079887
v -0.020017 0.863459 0.072242
v -0.030055 0.864194 0.061880
v -0.035080 0.871285 0.063182
v -0.011724 0.872294 0.084402
v -0.009227 0.875661 0.076086
v -0.020505 0.873936 0.069194
v -0.001558 0.885318 0.076287
v 0.006726 0.896180 0.076595
v -0.004353 0.895354 0.078553
v -0.139282 0.804035 0.045309
v -0.132810 0.820769 0.050078
v -0.135056 0.825629 0.020915
v -0.129533 0.835305 -0.015363
v -0.131950 0.803793 -0.022723
v -0.144374 0.788096 0.026295
v -0.151211 0.802233 0.033262
v -0.148569 0.809488 0.029143
v -0.140530 0.810875 0.043348
v -0.123357 0.821779 0.079549
v -0.138607 0.790645 0.073551
v -0.136095 0.776026 0.067054
v -0.124841 0.766387 0.086838
v -0.132129 0.791864 0.086785
v -0.138257 0.794449 0.085618
v -0.143258 0.814429 0.075629
v -0.135718 0.799226 0.087632
v -0.140381 0.805812 0.089166
v -0.145243 0.812859 0.090369
v -0.149204 0.818585 0.043058
v -0.146121 0.819726 0.060350
v -0.147778 0.819743 0.074041
v -0.143898 0.795678 0.067652
v -0.143869 0.801517 0.084083
v -0.149662 0.807805 0.081220
v -0.156757 0.808999 0.037856
v -0.146448 0.793071 0.046872
v -0.141621 0.784626 0.056996
v -0.156030 0.813042 0.078192
v -0.158635 0.812894 0.057713
v -0.164011 0.814184 0.039143
v -0.192038 0.816574 0.047410
v -0.190058 0.820006 0.046243
v -0.178089 0.817219 0.045795
v -0.183394 0.816923 0.053597
v -0.172632 0.816877 0.042882
v -0.164971 0.818224 0.031375
v -0.170354 0.822813 0.044501
v -0.159143 0.821649 0.042788
v -0.171813 0.817257 0.058289
v -0.173231 0.817363 0.076316
v -0.181085 0.816798 0.073903
v -0.189794 0.815880 0.069343
v -0.179486 0.824698 0.093400
v -0.172066 0.825673 0.092249
v -0.167488 0.825432 0.069557
v -0.171664 0.824394 0.056713
v -0.181341 0.824279 0.067635
v -0.161709 0.805292 0.141394
v -0.128747 0.782364 0.158491
v -0.140233 0.783512 0.173177
v -0.148551 0.779246 0.189645
v -0.164066 0.814240 0.105733
v -0.153743 0.810648 0.106595
v -0.146555 0.805497 0.106740
v -0.133346 0.789996 0.133046
v -0.114045 0.775652 0.149416
v -0.144754 0.777845 0.208495
v -0.148536 0.784893 0.209461
v -0.155731 0.791331 0.209094
v -0.166578 0.800005 0.177739
v -0.290628 0.735582 0.096195
v -0.273246 0.729839 0.094371
v -0.256938 0.722206 0.131377
v -0.278209 0.729590 0.138623
v -0.305434 0.737686 0.100227
v -0.251757 0.720425 0.153358
v -0.208571 0.756074 0.144714
v -0.215326 0.756543 0.160627
v -0.181216 0.738329 0.156051
v -0.189136 0.742741 0.137194
v -0.145344 0.719877 0.194498
v -0.146958 0.719484 0.180100
v -0.137165 0.692362 0.168606
v -0.128166 0.681709 0.160960
v -0.088884 0.748409 0.136260
v -0.083086 0.755243 0.145492
v -0.059507 0.743485 0.158939
v -0.059777 0.755543 0.149605
v -0.086958 0.755096 0.135224
v -0.092135 0.735825 0.129859
v -0.090515 0.732907 0.150725
v -0.094208 0.750844 0.148754
v -0.086666 0.710919 0.136770
v -0.088095 0.710476 0.149512
v -0.097722 0.714044 0.125834
v -0.113525 0.684188 0.154786
v -0.119332 0.674687 0.154158
v -0.125369 0.696432 0.164022
v -0.113115 0.696973 0.158663
v -0.176004 0.672867 0.167679
v -0.142057 0.649115 0.163674
v -0.142759 0.651137 0.175046
v -0.140299 0.680306 0.189014
v -0.128302 0.668244 0.156090
v -0.134672 0.665371 0.157005
v -0.153158 0.685272 0.170087
v -0.109463 0.657696 0.135884
v -0.112399 0.662082 0.123237
v -0.117617 0.655151 0.120423
v -0.123363 0.648856 0.117253
v -0.118188 0.643467 0.127045
v -0.126204 0.647346 0.134246
v -0.129093 0.654072 0.146024
v -0.122757 0.656672 0.147439
v -0.117007 0.661884 0.146893
v -0.082080 0.487713 0.113072
v -0.080769 0.486012 0.110779
v -0.076625 0.483107 0.116713
v -0.076332 0.489257 0.114082
v -0.075384 0.487549 0.110168
v -0.081002 0.496737 0.103022
v -0.086060 0.493549 0.100787
v -0.080089 0.493725 0.100543
v -0.071402 0.490149 0.114598
v -0.060792 0.491626 0.110076
v -0.059474 0.492608 0.113441
v -0.063304 0.495200 0.111460
v -0.068944 0.497232 0.108640
v -0.072318 0.493982 0.102007
v -0.065972 0.493086 0.105287
v -0.018047 0.554868 0.013992
v -0.014467 0.556433 0.022202
v -0.030373 0.556818 0.025659
v -0.055750 0.560555 0.006227
v -0.027170 0.554819 -0.000166
v -0.001376 0.555207 0.035139
v -0.011962 0.552052 0.032151
v 0.012150 0.553499 0.027583
v 0.002789 0.553007 0.018377
v 0.001888 0.543778 0.022484
v 0.025399 0.549329 0.033975
v 0.013321 0.551542 0.038593
v 0.037344 0.542928 0.023318
v 0.041478 0.548556 0.028099
v 0.004336 0.531406 0.022798
v 0.020416 0.531942 0.025440
v 0.037442 0.531931 0.021968
v 0.003808 0.554074 0.039848
v -0.009100 0.545690 0.038739
v -0.015605 0.546569 0.033050
v 0.003162 0.550776 0.045009
v -0.009544 0.548036 0.060307
v 0.000487 0.544241 0.062292
v -0.001650 0.543139 0.049132
v -0.004588 0.538295 0.057372
v -0.022191 0.556770 0.055270
v -0.022185 0.551394 0.055051
v -0.129412 0.650163 0.118550
v -0.129507 0.653162 0.130867
v -0.132753 0.660336 0.125686
v -0.131745 0.659064 0.142332
v -0.028913 0.547757 0.025380
v -0.035682 0.544010 0.031083
v -0.048103 0.551960 0.026778
v -0.044277 0.558241 0.040385
v -0.052934 0.559124 0.052964
v -0.078482 0.562262 0.055493
v -0.083424 0.563260 0.041024
v -0.077613 0.749789 0.113923
v -0.077267 0.760028 0.116381
v -0.068140 0.762068 0.121077
v -0.073317 0.761684 0.112303
v 0.000541 0.554440 -0.024377
v -0.008109 0.555074 -0.031935
v -0.014767 0.553735 -0.019243
v -0.002196 0.553814 -0.009009
v 0.007309 0.553936 -0.015450
v -0.014211 0.552617 -0.003868
v 0.022979 0.554094 -0.031036
v 0.029401 0.554500 -0.040359
v 0.016537 0.556173 -0.045924
v 0.002287 0.555846 -0.041830
v 0.008550 0.554977 -0.032586
v 0.015413 0.553977 -0.022875
v 0.017477 0.188162 -0.005174
v 0.019961 0.216327 -0.006574
v 0.014945 0.220495 -0.013468
v 0.013225 0.223816 -0.020934
v 0.006162 0.203621 -0.019240
v -0.001878 0.184424 -0.018277
v 0.009983 0.013422 -0.015043
v 0.017787 0.000317 -0.012852
v 0.017182 0.012513 -0.006764
v 0.014417 0.225121 -0.028227
v 0.018021 0.227372 -0.034830
v 0.021843 0.197280 -0.039976
v 0.020490 0.164692 -0.041022
v 0.010253 0.163298 -0.037265
v -0.002037 0.182646 -0.028951
v 0.003115 0.160376 -0.029579
v -0.136747 0.613750 -0.130691
v -0.161623 0.644934 -0.136055
v -0.143251 0.654487 -0.164087
v -0.109564 0.624113 -0.167965
v -0.107130 0.603654 -0.139354
v -0.115486 0.661773 -0.190171
v -0.259776 0.833928 -0.169337
v -0.250780 0.836356 -0.176478
v -0.252925 0.825772 -0.177540
v -0.300318 0.806952 -0.128385
v -0.303338 0.809601 -0.136694
v -0.267664 0.824131 -0.167913
v -0.268337 0.829480 -0.164472
v -0.262936 0.834331 -0.166628
v -0.093537 0.828042 -0.033364
v -0.109256 0.811793 -0.012768
v -0.113616 0.785495 0.008655
v -0.102729 0.776332 0.006706
v -0.093071 0.800615 -0.031797
v -0.114041 0.802301 0.013612
v -0.068651 0.951849 -0.126045
v -0.057825 0.960641 -0.137316
v -0.053121 0.968009 -0.145929
v -0.033550 0.962936 -0.141385
v -0.087756 0.960547 -0.109106
v -0.083067 0.956091 -0.099286
v -0.041564 0.976159 -0.128833
v -0.092575 0.961706 -0.113691
v -0.028518 0.974203 -0.138632
v -0.049737 0.972544 -0.135276
v -0.067508 0.965862 -0.126495
v -0.000919 0.968990 -0.135419
v -0.040110 0.959489 -0.125286
v -0.033452 0.964117 -0.141137
v -0.035597 0.965676 -0.143153
v -0.054755 0.953967 -0.109235
v -0.049746 0.967488 -0.145852
v -0.038538 0.967814 -0.145917
v -0.099551 0.942463 -0.103782
v -0.005298 0.999290 -0.157938
v -0.022043 0.956296 -0.119642
v -0.031478 0.952057 -0.114165
v -0.047097 0.964551 -0.126608
v -0.028248 0.965482 -0.129212
v -0.064856 0.950035 -0.105759
v -0.061946 0.952150 -0.096796
v -0.059070 0.956577 -0.116686
v -0.130278 0.946214 -0.075381
v 0.008402 0.874898 -0.029668
v 0.008035 0.872971 -0.022609
v 0.165650 0.939327 -0.050895
v 0.139357 0.934710 -0.044812
v 0.150069 0.924706 -0.016316
v 0.171750 0.928870 -0.011860
v 0.178067 0.925298 0.024130
v 0.188133 0.925921 0.023197
v 0.171917 0.933457 -0.030544
v 0.176101 0.932619 -0.029230
v 0.169474 0.934498 -0.034467
v 0.170176 0.923404 0.022066
v 0.168093 0.922612 0.066855
v 0.178931 0.925723 0.069189
v 0.158193 0.916083 0.025278
v 0.156226 0.915242 0.064485
v 0.146475 0.908707 0.101752
v 0.157166 0.915778 0.105752
v 0.149590 0.905758 0.025388
v 0.146211 0.902995 0.062296
v 0.138217 0.896657 0.098083
v 0.126755 0.888241 0.125696
v 0.133382 0.898688 0.130707
v 0.138650 0.886700 0.060253
v 0.131975 0.880182 0.094855
v 0.122200 0.872636 0.120914
v 0.111207 0.864245 0.137787
v 0.114069 0.879306 0.143696
v 0.124866 0.861589 0.090426
v 0.130857 0.868478 0.057779
v 0.123581 0.855095 0.055938
v 0.117981 0.848145 0.086434
v 0.117026 0.845647 0.054342
v 0.110373 0.839387 0.083751
v 0.110582 0.837973 0.052782
v 0.102866 0.833125 0.081422
v 0.104853 0.829493 0.050772
v 0.096581 0.826673 0.079017
v 0.098568 0.824968 0.049061
v 0.090736 0.820565 0.075764
v 0.093281 0.832013 0.048450
v 0.084146 0.825991 0.073222
v 0.069890 0.819051 0.094102
v 0.045596 0.811597 0.112537
v 0.079121 0.835057 0.072725
v 0.063828 0.828466 0.093496
v 0.040131 0.820944 0.110074
v 0.010571 0.814597 0.117757
v 0.013370 0.803749 0.121194
v 0.058749 0.838147 0.092959
v 0.035271 0.831414 0.108276
v 0.007020 0.825818 0.114756
v -0.017621 0.813114 0.116011
v 0.030986 0.842280 0.106700
v 0.003079 0.837453 0.111728
v 0.026475 0.855754 0.105520
v -0.001186 0.852489 0.108749
v 0.022183 0.872419 0.105377
v -0.005047 0.871519 0.106449
v -0.028959 0.873770 0.097775
v -0.046503 0.878099 0.083798
v -0.008159 0.888297 0.106290
v -0.030582 0.891615 0.097124
v -0.046518 0.895137 0.084448
v -0.058310 0.899300 0.068604
v -0.059447 0.883100 0.065571
v -0.031825 0.904824 0.097480
v -0.046763 0.908110 0.085478
v -0.058213 0.911509 0.071048
v -0.064892 0.915402 0.053959
v -0.064913 0.903862 0.049819
v -0.048633 0.919849 0.088344
v -0.059562 0.922769 0.074371
v -0.066672 0.926112 0.057491
v -0.068350 0.931377 0.035676
v -0.065703 0.920809 0.032252
v -0.064086 0.933010 0.079733
v -0.070556 0.936557 0.061216
v -0.072810 0.940963 0.038794
v -0.068508 0.946802 0.011090
v -0.062361 0.937598 0.009555
v -0.076409 0.943747 0.064578
v -0.079684 0.948280 0.040974
v -0.075703 0.953944 0.011638
v -0.062383 0.959239 -0.022944
v -0.054881 0.952902 -0.020043
v -0.074079 0.947719 0.041608
v -0.071310 0.954292 0.012669
v -0.059039 0.961001 -0.019918
v -0.034958 0.963537 -0.047178
v -0.036881 0.962554 -0.051264
v -0.063335 0.946482 0.013799
v -0.050397 0.954689 -0.014809
v -0.028401 0.959563 -0.037151
v -0.000249 0.961601 -0.047651
v -0.001369 0.965913 -0.059700
v -0.044502 0.945579 -0.012224
v -0.023906 0.951254 -0.030673
v 0.000341 0.953721 -0.038181
v 0.024369 0.953154 -0.035166
v 0.028649 0.960903 -0.043582
v -0.020407 0.939774 -0.026200
v 0.000595 0.941830 -0.032946
v 0.021446 0.941303 -0.030938
v 0.039690 0.940109 -0.020290
v 0.045046 0.950958 -0.021883
v 0.000273 0.928124 -0.029963
v 0.017924 0.927640 -0.028966
v 0.032919 0.926043 -0.021404
v 0.044196 0.922273 -0.010984
v 0.053611 0.936524 -0.004739
v 0.014394 0.912182 -0.028771
v 0.026601 0.910139 -0.024085
v 0.034943 0.907323 -0.017710
v 0.023141 0.895066 -0.026322
v 0.030985 0.892532 -0.020229
v 0.011882 0.897523 -0.029057
v 0.009886 0.885285 -0.029621
v -0.001244 0.899529 -0.028507
v -0.002376 0.887856 -0.028544
v -0.004822 0.877328 -0.027984
v -0.015128 0.889979 -0.022988
v -0.015551 0.880717 -0.022560
v -0.012094 0.881303 -0.015706
v -0.002257 0.877220 -0.019064
v -0.007134 0.890935 -0.008330
v 0.003604 0.887583 -0.010463
v 0.014037 0.884570 -0.012325
v 0.008508 0.898499 -0.004208
v 0.019308 0.896090 -0.004094
v 0.011781 0.910430 0.001866
v 0.023998 0.909789 0.003627
v 0.014104 0.923916 0.004091
v 0.027078 0.924399 0.005872
v 0.038260 0.923466 0.014221
v 0.044007 0.920994 0.027953
v 0.028553 0.936343 0.007405
v 0.039329 0.935543 0.016974
v 0.044828 0.932338 0.032089
v 0.015196 0.935856 0.004477
v 0.015799 0.947736 0.004975
v 0.001217 0.935618 0.002461
v 0.016500 0.957028 0.006406
v 0.016385 0.951138 0.009069
v 0.001735 0.938183 0.007230
v 0.016055 0.938349 0.009987
v 0.028165 0.937947 0.015951
v 0.037127 0.936951 0.024842
v 0.015669 0.927371 0.011092
v 0.028027 0.927012 0.016967
v 0.036850 0.925779 0.025950
v 0.041431 0.935131 0.037576
v 0.040507 0.932500 0.053396
v 0.041240 0.943611 0.055921
v 0.032705 0.939273 0.072742
v 0.034777 0.940086 0.073622
v 0.043592 0.946341 0.056694
v 0.031900 0.929469 0.070487
v 0.015710 0.928404 0.082665
v 0.017027 0.937398 0.084471
v 0.014751 0.916240 0.081813
v 0.000420 0.918809 0.085812
v 0.001130 0.928477 0.086273
v 0.007725 0.908420 0.084171
v -0.000888 0.908840 0.086327
v 0.007742 0.897933 0.083943
v -0.003385 0.897280 0.087019
v -0.014213 0.896695 0.085523
v -0.023788 0.895178 0.079808
v -0.003863 0.885211 0.086868
v -0.014155 0.883816 0.085292
v -0.023121 0.883130 0.080098
v -0.030238 0.882474 0.072445
v -0.030536 0.893551 0.071829
v -0.036730 0.892785 0.062302
v -0.036979 0.902473 0.063189
v -0.036500 0.882338 0.061789
v -0.043571 0.884096 0.048956
v -0.043235 0.894215 0.050813
v -0.043505 0.873708 0.047306
v -0.045721 0.878136 0.031041
v -0.046923 0.888072 0.034314
v -0.042239 0.863878 0.047021
v -0.042965 0.869348 0.027543
v -0.038940 0.874984 0.012291
v -0.042930 0.883397 0.015186
v -0.037569 0.866082 0.044751
v -0.039161 0.871383 0.027700
v -0.035817 0.876851 0.012783
v -0.029863 0.881081 -0.000390
v -0.031939 0.879392 -0.000935
v -0.038341 0.881897 0.029837
v -0.035791 0.886697 0.015001
v -0.028954 0.890707 0.002390
v -0.018290 0.892785 -0.005431
v -0.021796 0.883323 -0.010940
v -0.035658 0.896721 0.017220
v -0.028341 0.900536 0.005176
v -0.016258 0.902369 -0.001026
v -0.003524 0.901086 -0.002810
v -0.028194 0.910916 0.007759
v -0.014975 0.912443 0.002006
v -0.001046 0.911909 0.000907
v -0.013963 0.923528 0.003180
v 0.000408 0.923912 0.001986
v -0.013095 0.934750 0.004043
v -0.027519 0.921870 0.009255
v -0.027006 0.932565 0.010114
v -0.036046 0.918257 0.020842
v -0.036676 0.928476 0.022004
v -0.037100 0.938252 0.023572
v -0.040730 0.923854 0.036228
v -0.041596 0.933618 0.037522
v -0.040986 0.942845 0.039138
v -0.036544 0.946923 0.025504
v -0.038718 0.942489 0.038633
v -0.034462 0.945132 0.025930
v -0.037527 0.933656 0.036732
v -0.033149 0.935087 0.024854
v -0.024513 0.936346 0.014694
v -0.012102 0.937521 0.009050
v -0.023892 0.925542 0.016853
v -0.012225 0.926195 0.010796
v 0.001520 0.927081 0.008904
v -0.023879 0.914533 0.020798
v -0.012499 0.914876 0.014389
v 0.000773 0.915848 0.011195
v -0.011998 0.905677 0.022390
v 0.000468 0.905907 0.017875
v -0.009824 0.901925 0.033724
v 0.001013 0.902358 0.028755
v 0.002981 0.901170 0.040482
v 0.013180 0.901337 0.040194
v 0.025333 0.902049 0.043228
v -0.022704 0.905505 0.029811
v -0.038431 0.940346 0.051005
v -0.037649 0.931992 0.048998
v -0.035604 0.939478 0.061954
v -0.034857 0.930941 0.059695
v -0.030007 0.938875 0.071598
v -0.037773 0.937873 0.063669
v -0.032306 0.936575 0.074127
v -0.023920 0.935500 0.082773
v -0.022394 0.937814 0.079205
v -0.012837 0.935364 0.088425
v -0.011943 0.937041 0.085196
v -0.011856 0.928540 0.083968
v 0.001592 0.936969 0.088425
v 0.001641 0.935830 0.090350
v 0.019197 0.936901 0.085747
v 0.002878 0.926094 0.090971
v -0.012577 0.925219 0.089653
v -0.010205 0.915523 0.087459
v 0.003877 0.916560 0.088753
v -0.006850 0.905557 0.083466
v 0.004966 0.906783 0.082897
v -0.017336 0.905519 0.077986
v -0.014424 0.895268 0.075245
v -0.020802 0.915043 0.081003
v -0.030230 0.915461 0.073052
v -0.026090 0.906191 0.069913
v -0.023964 0.924790 0.083682
v -0.033488 0.925776 0.075201
v -0.038825 0.927533 0.063884
v -0.036325 0.917407 0.062377
v -0.039137 0.920302 0.050089
v -0.036125 0.910494 0.048324
v -0.032877 0.907699 0.060218
v -0.041244 0.930005 0.051392
v -0.040827 0.939638 0.051901
v -0.035102 0.899625 0.046892
v -0.030182 0.897181 0.058330
v -0.022569 0.895965 0.067474
v -0.029273 0.886285 0.057737
v -0.020945 0.885188 0.067433
v -0.011749 0.885253 0.074665
v -0.029718 0.874910 0.058695
v -0.036072 0.877432 0.045072
v -0.035119 0.888502 0.045790
v -0.037387 0.892371 0.031770
v -0.037405 0.903193 0.033336
v -0.035630 0.907320 0.019416
v -0.038570 0.913768 0.034758
v -0.024435 0.881740 -0.012958
v -0.026894 0.890216 -0.012892
v -0.036318 0.887758 0.000441
v -0.029178 0.900489 -0.012075
v -0.040093 0.897466 0.002966
v -0.045910 0.892757 0.019158
v -0.043646 0.906954 0.005759
v -0.048448 0.902197 0.022980
v -0.047772 0.897798 0.037388
v -0.051374 0.912083 0.026385
v -0.049057 0.907584 0.040607
v -0.043522 0.904041 0.052770
v -0.051424 0.917114 0.044618
v -0.044772 0.913094 0.055958
v -0.054596 0.921524 0.030706
v -0.060180 0.930773 0.034309
v -0.057463 0.937428 0.012960
v -0.065892 0.938883 0.038191
v -0.052928 0.927534 0.011364
v -0.039656 0.934894 -0.010848
v -0.048075 0.917070 0.008655
v -0.035705 0.923041 -0.010048
v -0.018154 0.926646 -0.023739
v -0.031689 0.911243 -0.011119
v -0.016461 0.913010 -0.022856
v -0.000502 0.913205 -0.028729
v -0.015474 0.900770 -0.022917
v 0.007842 0.886707 0.083330
v 0.061897 0.929906 0.012288
v 0.068896 0.941025 0.015313
v 0.060337 0.947667 -0.004501
v 0.075470 0.950122 0.014210
v 0.068783 0.956486 -0.006037
v 0.052834 0.959378 -0.027756
v 0.061835 0.964484 -0.034540
v 0.033679 0.965811 -0.054167
v 0.064722 0.962154 -0.035889
v 0.035838 0.964437 -0.058600
v -0.001573 0.964340 -0.064975
v 0.032919 0.958351 -0.051376
v -0.000005 0.958428 -0.056768
v -0.031563 0.956306 -0.045101
v 0.001699 0.949792 -0.048811
v -0.025980 0.947898 -0.038891
v -0.047753 0.943988 -0.017936
v -0.021968 0.936802 -0.036078
v -0.043299 0.933044 -0.018051
v -0.058699 0.927041 0.006808
v -0.040658 0.919765 -0.020387
v -0.056441 0.914475 0.002969
v -0.064473 0.908879 0.028041
v -0.055497 0.898524 -0.003138
v -0.064426 0.893314 0.021890
v -0.065737 0.888273 0.044883
v -0.067294 0.872101 0.013539
v -0.068944 0.867247 0.038789
v -0.062711 0.861528 0.062561
v -0.078351 0.843957 0.032469
v -0.070252 0.837176 0.061562
v -0.090413 0.822366 0.026843
v -0.083835 0.817261 0.056193
v -0.099036 0.805647 0.018994
v -0.095757 0.799763 0.049751
v -0.085100 0.795543 0.076757
v -0.103877 0.786083 0.043764
v -0.095283 0.782003 0.072501
v -0.084338 0.777494 0.092151
v -0.074727 0.791194 0.093982
v -0.075708 0.774258 0.102997
v -0.066627 0.787385 0.103922
v -0.053188 0.800126 0.106202
v -0.060023 0.784323 0.112344
v -0.048443 0.795465 0.112914
v -0.035017 0.802221 0.115787
v -0.038563 0.808858 0.110587
v -0.016415 0.803806 0.120287
v -0.035693 0.802924 0.123302
v -0.015603 0.804238 0.128441
v 0.014769 0.803394 0.129148
v -0.015503 0.813349 0.133940
v 0.017450 0.813484 0.135192
v -0.018388 0.823334 0.138613
v 0.010815 0.824728 0.142643
v -0.021695 0.834170 0.143079
v 0.006343 0.838044 0.149181
v 0.037480 0.845105 0.148832
v 0.003435 0.854994 0.157114
v 0.035351 0.860942 0.157582
v 0.069889 0.868470 0.155801
v 0.068295 0.853864 0.146355
v 0.095249 0.872853 0.153461
v 0.091783 0.858723 0.144061
v 0.070854 0.879504 0.163659
v 0.097766 0.883669 0.160925
v 0.117378 0.890440 0.149753
v 0.099965 0.891219 0.167744
v 0.122414 0.897158 0.156227
v 0.141708 0.905113 0.135885
v 0.128650 0.900643 0.163015
v 0.150364 0.908700 0.140955
v 0.167948 0.918725 0.109345
v 0.159469 0.908933 0.146501
v 0.179465 0.918533 0.113193
v 0.190894 0.926297 0.070856
v 0.189639 0.915738 0.116747
v 0.201552 0.923391 0.071621
v 0.199064 0.924322 0.022733
v 0.210888 0.917905 0.071297
v 0.210204 0.919246 0.023660
v 0.209674 0.913165 0.069732
v 0.196604 0.906534 0.117733
v 0.185803 0.906928 0.113502
v 0.198958 0.911925 0.069975
v 0.198772 0.910546 0.119416
v 0.175110 0.901693 0.155908
v 0.173948 0.898362 0.154136
v 0.167577 0.906370 0.151506
v 0.140706 0.899924 0.177157
v 0.146615 0.895969 0.183635
v 0.134928 0.901411 0.170295
v 0.105322 0.897034 0.184017
v 0.107769 0.897034 0.193019
v 0.102772 0.895529 0.175548
v 0.072733 0.893189 0.179589
v 0.073648 0.895911 0.187986
v 0.071890 0.887558 0.171687
v 0.037269 0.885637 0.173318
v 0.038568 0.893072 0.181403
v 0.035921 0.875542 0.165564
v 0.001818 0.872014 0.166013
v 0.001546 0.883342 0.173657
v -0.033934 0.882690 0.166332
v -0.036497 0.891328 0.173777
v 0.001553 0.891772 0.182079
v -0.031035 0.870302 0.159115
v -0.061039 0.868835 0.147099
v -0.065798 0.881681 0.153028
v -0.026595 0.851633 0.150358
v -0.091513 0.883556 0.130602
v -0.095861 0.892401 0.133946
v -0.070227 0.890628 0.158182
v -0.086437 0.871135 0.126235
v -0.106551 0.876673 0.096225
v -0.111260 0.887959 0.099159
v -0.100172 0.857446 0.091004
v -0.115467 0.867018 0.057485
v -0.120824 0.883565 0.060968
v -0.092160 0.834100 0.083629
v -0.110801 0.843138 0.052862
v -0.116450 0.851593 0.018656
v -0.122400 0.876211 0.021728
v -0.090605 0.810144 0.076578
v -0.109110 0.817656 0.048375
v -0.113581 0.824326 0.015998
v -0.109269 0.832290 -0.012407
v -0.112961 0.859086 -0.012598
v -0.110947 0.797057 0.044415
v -0.098671 0.790427 0.073838
v -0.102072 0.772328 0.068162
v -0.112456 0.779798 0.039977
v -0.093612 0.760188 0.060110
v -0.097921 0.768009 0.034434
v -0.101949 0.770213 0.067487
v -0.109433 0.773121 0.039984
v -0.109765 0.785347 0.006711
v -0.091155 0.805983 -0.029274
v -0.104091 0.794768 0.012023
v -0.090593 0.812934 -0.020835
v -0.063381 0.831892 -0.045504
v -0.061856 0.824916 -0.054318
v -0.089110 0.820139 -0.011829
v -0.063439 0.837606 -0.037161
v -0.033537 0.846751 -0.053534
v -0.032053 0.839951 -0.060506
v -0.084568 0.831086 -0.003303
v -0.061961 0.844035 -0.030480
v -0.034930 0.854592 -0.047441
v -0.008967 0.860129 -0.055650
v -0.006674 0.851203 -0.061982
v -0.059086 0.856784 -0.021979
v -0.036089 0.865140 -0.040935
v -0.011447 0.870575 -0.050145
v 0.012868 0.873733 -0.051337
v 0.015991 0.863260 -0.055999
v -0.037529 0.882252 -0.032697
v -0.014257 0.886193 -0.044297
v 0.009819 0.888660 -0.047219
v 0.032987 0.889653 -0.042065
v 0.036234 0.875768 -0.045815
v -0.016908 0.905897 -0.038824
v 0.006986 0.907371 -0.043787
v 0.030490 0.907578 -0.039490
v 0.050448 0.906031 -0.026215
v 0.052602 0.888643 -0.029170
v 0.004901 0.924136 -0.043415
v 0.029294 0.924243 -0.038777
v 0.050048 0.922591 -0.024673
v 0.063649 0.919280 -0.004022
v 0.063829 0.902497 -0.006879
v 0.029235 0.937907 -0.040369
v 0.051025 0.936450 -0.024240
v 0.065670 0.932689 -0.002668
v 0.072727 0.926520 0.021855
v 0.071039 0.914191 0.018885
v 0.054278 0.948305 -0.026751
v 0.069777 0.943954 -0.002108
v 0.076179 0.935510 0.024058
v 0.059908 0.956571 -0.031341
v 0.030186 0.949559 -0.044432
v 0.003348 0.938280 -0.044847
v -0.019069 0.922671 -0.035765
v -0.038870 0.902976 -0.024992
v -0.056533 0.877140 -0.012173
v -0.075167 0.849666 0.004602
v 0.071899 0.908786 0.040854
v 0.073151 0.892850 0.036286
v 0.071247 0.897827 0.014841
v 0.076606 0.876482 0.031892
v 0.073899 0.881187 0.010412
v 0.066055 0.885510 -0.010534
v 0.078021 0.869217 0.006649
v 0.069685 0.873169 -0.014201
v 0.056023 0.875684 -0.032786
v 0.073662 0.864073 -0.017757
v 0.059141 0.866010 -0.035800
v 0.039389 0.865621 -0.049295
v 0.063427 0.857903 -0.039602
v 0.043226 0.856918 -0.053437
v 0.019283 0.854073 -0.061676
v 0.047461 0.848780 -0.058096
v 0.022647 0.845749 -0.067219
v -0.004470 0.842835 -0.068456
v 0.025937 0.837912 -0.073747
v -0.002736 0.834705 -0.076703
v -0.031548 0.833327 -0.068624
v -0.001805 0.833848 -0.084724
v -0.031526 0.832106 -0.077357
v -0.061341 0.821430 -0.060986
v -0.032371 0.840253 -0.079942
v -0.065257 0.826202 -0.059066
v -0.032887 0.850137 -0.081896
v -0.066834 0.834010 -0.059420
v -0.033089 0.861053 -0.084229
v -0.065190 0.850833 -0.065858
v -0.034559 0.876050 -0.087668
v -0.066528 0.865494 -0.069816
v -0.093041 0.848421 -0.040675
v -0.069756 0.886651 -0.074141
v -0.097028 0.871335 -0.045630
v -0.073480 0.916392 -0.079032
v -0.103421 0.898963 -0.049791
v -0.120296 0.885972 -0.014045
v -0.108417 0.917876 -0.051895
v -0.126354 0.902159 -0.014065
v -0.128497 0.891576 0.023788
v -0.132316 0.912382 -0.013921
v -0.133806 0.901493 0.025180
v -0.125896 0.894059 0.063171
v -0.139965 0.909197 0.026452
v -0.131384 0.902773 0.065127
v -0.116516 0.896964 0.101639
v -0.139696 0.909165 0.067601
v -0.123589 0.903636 0.104996
v -0.101180 0.899631 0.137973
v -0.131986 0.906830 0.109263
v -0.107972 0.903602 0.142862
v -0.080449 0.901454 0.169713
v -0.074851 0.897641 0.163665
v -0.043591 0.900152 0.192013
v -0.039440 0.897176 0.182948
v 0.001730 0.899300 0.203102
v 0.001721 0.897180 0.191780
v 0.042035 0.897338 0.200569
v 0.040109 0.896879 0.190775
v 0.074569 0.896016 0.197240
v 0.075306 0.893610 0.205993
v 0.110433 0.893066 0.202346
v 0.110888 0.887614 0.204879
v 0.146764 0.892799 0.183346
v 0.107243 0.888210 0.198007
v 0.140794 0.893751 0.175871
v 0.165585 0.899378 0.147930
v 0.134577 0.893406 0.167761
v 0.156982 0.898720 0.141563
v 0.174503 0.905469 0.109236
v 0.148998 0.894122 0.135240
v 0.164402 0.900446 0.105141
v 0.175015 0.904158 0.068217
v 0.186383 0.909995 0.069196
v 0.177989 0.905200 0.031167
v 0.166446 0.893892 0.067143
v 0.168963 0.894372 0.032619
v 0.167527 0.893149 0.007219
v 0.176217 0.904493 0.006241
v 0.163548 0.879448 0.033688
v 0.161821 0.878812 0.007992
v 0.158032 0.879194 -0.013230
v 0.160179 0.861125 0.007945
v 0.156240 0.860882 -0.014265
v 0.149743 0.861893 -0.033495
v 0.151980 0.881237 -0.031217
v 0.140280 0.863830 -0.050573
v 0.141696 0.884909 -0.046692
v 0.125403 0.865350 -0.067145
v 0.128170 0.890346 -0.063684
v 0.131284 0.907387 -0.062913
v 0.110620 0.895164 -0.081929
v 0.114663 0.913842 -0.081319
v 0.119743 0.928991 -0.082742
v 0.135279 0.920563 -0.063901
v 0.128455 0.939217 -0.087028
v 0.140795 0.930888 -0.068596
v 0.140979 0.947073 -0.090715
v 0.146874 0.938863 -0.076600
v 0.160220 0.930553 -0.055248
v 0.147669 0.943872 -0.084042
v 0.166974 0.936221 -0.059289
v 0.174755 0.929065 -0.039738
v 0.165068 0.939047 -0.057211
v 0.173913 0.931987 -0.038904
v 0.155334 0.937185 -0.052667
v 0.146101 0.944741 -0.081630
v 0.137289 0.944081 -0.073421
v 0.128235 0.941097 -0.064514
v 0.147709 0.934472 -0.045987
v 0.121601 0.936567 -0.053182
v 0.095054 0.947415 -0.084666
v 0.089267 0.942664 -0.070970
v 0.083483 0.938746 -0.058709
v 0.116470 0.931634 -0.042015
v 0.078731 0.927282 -0.054764
v 0.114035 0.920052 -0.043694
v 0.136519 0.913748 -0.037860
v 0.113692 0.910878 -0.052540
v 0.135797 0.906105 -0.046448
v 0.113211 0.904010 -0.063757
v 0.135883 0.899969 -0.056524
v 0.150861 0.897352 -0.051337
v 0.136426 0.896379 -0.065329
v 0.151771 0.893023 -0.059816
v 0.140821 0.902492 -0.074393
v 0.154040 0.896242 -0.068485
v 0.145719 0.911315 -0.076936
v 0.158064 0.905407 -0.068184
v 0.145495 0.921300 -0.069819
v 0.125321 0.918340 -0.090136
v 0.127861 0.929006 -0.088181
v 0.124988 0.941456 -0.080211
v 0.141916 0.932549 -0.062765
v 0.093871 0.940444 -0.111503
v 0.097764 0.953970 -0.110443
v 0.107923 0.962677 -0.123374
v 0.047779 0.963337 -0.133609
v 0.051904 0.971869 -0.142563
v 0.046910 0.971582 -0.129052
v 0.102319 0.961619 -0.109254
v 0.042118 0.966407 -0.117384
v 0.091272 0.957218 -0.099086
v 0.130448 0.949051 -0.075292
v 0.038148 0.954457 -0.108259
v 0.081381 0.947113 -0.091343
v 0.116525 0.941852 -0.070033
v 0.073915 0.932146 -0.087009
v 0.105703 0.927968 -0.066333
v 0.127354 0.921789 -0.042083
v 0.142236 0.912536 -0.011827
v 0.097754 0.909341 -0.064675
v 0.119715 0.904985 -0.040663
v 0.135209 0.898117 -0.010777
v 0.141581 0.891536 0.024688
v 0.112849 0.886658 -0.039542
v 0.127585 0.880616 -0.009995
v 0.133385 0.874033 0.023421
v 0.120569 0.865460 -0.009233
v 0.125794 0.859757 0.022712
v 0.115892 0.856296 -0.008705
v 0.120171 0.850324 0.022092
v 0.110899 0.847538 -0.008413
v 0.114418 0.841938 0.021237
v 0.105682 0.838928 -0.008503
v 0.109298 0.833232 0.019979
v 0.098125 0.836591 -0.006482
v 0.102923 0.830297 0.020075
v 0.092781 0.843697 -0.003205
v 0.096704 0.837542 0.021963
v 0.087626 0.851681 0.000016
v 0.091155 0.846302 0.023888
v 0.088303 0.840874 0.048806
v 0.085950 0.855062 0.026064
v 0.083259 0.849895 0.049618
v 0.074268 0.844370 0.072474
v 0.078558 0.859533 0.050806
v 0.070018 0.854277 0.072518
v 0.054082 0.848336 0.092468
v 0.065560 0.866705 0.073137
v 0.049952 0.861128 0.092009
v 0.060971 0.882515 0.074769
v 0.045355 0.876706 0.092856
v 0.058384 0.897404 0.077767
v 0.042079 0.891297 0.095162
v 0.018739 0.887651 0.106675
v 0.039852 0.903118 0.098411
v 0.016083 0.900389 0.108473
v -0.010065 0.901711 0.107147
v 0.014297 0.911126 0.111088
v -0.010720 0.913066 0.109449
v -0.032605 0.917045 0.099850
v -0.052986 0.930201 0.095045
v -0.057504 0.937949 0.100688
v -0.069218 0.940044 0.085528
v 0.013037 0.920579 0.116382
v 0.038537 0.912670 0.102734
v 0.038480 0.921192 0.110355
v 0.039118 0.927760 0.118557
v 0.012511 0.926801 0.123192
v 0.038378 0.928310 0.114936
v 0.012444 0.924689 0.115674
v -0.007004 0.922641 0.109834
v -0.020976 0.923181 0.102534
v 0.012463 0.918433 0.104498
v -0.004521 0.917429 0.098475
v -0.016328 0.917353 0.091284
v 0.001015 0.914653 0.086412
v -0.008703 0.913160 0.079449
v -0.016337 0.910305 0.071624
v -0.025876 0.915795 0.083345
v -0.033607 0.922964 0.093769
v -0.023038 0.908974 0.063109
v -0.006693 0.904986 0.059970
v -0.013372 0.903147 0.051582
v -0.020882 0.903027 0.042319
v -0.029534 0.908877 0.052689
v -0.002840 0.897244 0.039979
v -0.010873 0.896760 0.031352
v 0.008811 0.891769 0.029490
v -0.000512 0.890295 0.020616
v -0.000298 0.892448 0.020718
v 0.012093 0.883358 0.008325
v 0.010063 0.886030 0.010504
v 0.018012 0.888233 0.021926
v 0.008594 0.893708 0.030168
v 0.028403 0.883092 0.015003
v 0.020961 0.887037 0.020190
v 0.015782 0.895549 0.040414
v 0.027872 0.892880 0.035783
v 0.038948 0.890848 0.032299
v 0.050421 0.890515 0.028850
v 0.020668 0.900514 0.053210
v 0.010109 0.903256 0.058441
v 0.017031 0.907141 0.068039
v 0.025184 0.905516 0.065365
v 0.033497 0.904801 0.065219
v 0.003805 0.899718 0.048708
v 0.000114 0.907668 0.067715
v 0.008955 0.910346 0.074406
v 0.014388 0.914432 0.093229
v 0.035206 0.923032 0.104495
v 0.033172 0.918494 0.095724
v 0.057592 0.928958 0.096289
v 0.054375 0.924940 0.088245
v 0.072571 0.936632 0.086657
v 0.069052 0.932844 0.079247
v 0.062065 0.932662 0.103567
v 0.076496 0.939199 0.091920
v 0.085693 0.943952 0.083221
v 0.091857 0.947705 0.073009
v 0.090190 0.946255 0.052342
v 0.092471 0.952313 0.054702
v 0.063160 0.930937 0.103650
v 0.028487 0.909274 0.074143
v 0.035181 0.908107 0.073172
v 0.023969 0.910540 0.075994
v 0.069347 0.887911 0.055549
v 0.067765 0.903731 0.058950
v 0.073767 0.871722 0.052624
v 0.081153 0.864403 0.028710
v 0.082663 0.860155 0.003232
v 0.078322 0.855933 -0.021360
v 0.083417 0.848237 -0.025162
v 0.068368 0.850198 -0.043888
v 0.088639 0.841087 -0.029204
v 0.073498 0.843214 -0.048498
v 0.052076 0.841832 -0.063667
v 0.078722 0.845157 -0.053798
v 0.055890 0.843628 -0.070478
v 0.028145 0.838379 -0.081427
v 0.056682 0.852843 -0.074014
v 0.028245 0.848342 -0.084467
v -0.001991 0.843882 -0.086720
v 0.028214 0.858994 -0.086763
v -0.002199 0.854748 -0.088572
v 0.028570 0.870414 -0.088997
v -0.002234 0.865858 -0.090772
v 0.029716 0.886529 -0.092581
v -0.002454 0.881948 -0.094199
v 0.031042 0.910769 -0.097241
v -0.003250 0.907520 -0.099632
v -0.036683 0.900035 -0.092333
v -0.003978 0.938397 -0.105405
v -0.040318 0.930301 -0.097171
v -0.005335 0.961424 -0.112651
v -0.042331 0.950695 -0.103782
v -0.076254 0.935750 -0.084001
v -0.043967 0.964034 -0.113932
v -0.079519 0.947586 -0.090300
v -0.113156 0.929431 -0.055150
v -0.119353 0.937598 -0.059527
v -0.138707 0.918915 -0.014472
v -0.126645 0.942282 -0.065475
v -0.147156 0.923427 -0.016085
v -0.148376 0.914315 0.027669
v -0.155167 0.925843 -0.019307
v -0.158409 0.916210 0.028648
v -0.149668 0.911220 0.070173
v -0.167032 0.915766 0.028441
v -0.159298 0.910155 0.072267
v -0.141615 0.906702 0.114153
v -0.159237 0.906799 0.071688
v -0.142320 0.902871 0.113988
v -0.117414 0.899797 0.149200
v -0.115844 0.903498 0.148955
v -0.089847 0.897765 0.177602
v -0.087191 0.901818 0.176658
v -0.048290 0.895737 0.203820
v -0.048085 0.899455 0.202011
v -0.085498 0.894958 0.170296
v -0.046856 0.894032 0.196354
v -0.081818 0.889497 0.163633
v -0.045647 0.889947 0.187311
v -0.004806 0.887726 0.199182
v -0.044351 0.881938 0.180033
v -0.006606 0.879873 0.190547
v 0.025364 0.875829 0.191811
v 0.026742 0.883291 0.199452
v 0.051544 0.869246 0.190373
v 0.051806 0.875691 0.197345
v 0.073883 0.870161 0.182957
v 0.075050 0.874776 0.190800
v 0.099352 0.878476 0.168214
v 0.100381 0.885230 0.177223
v 0.103550 0.888259 0.187325
v 0.128458 0.889567 0.158872
v 0.123993 0.881748 0.151398
v 0.143027 0.885446 0.129357
v 0.121366 0.870969 0.145406
v 0.138576 0.873823 0.124429
v 0.152419 0.877190 0.098206
v 0.157225 0.890381 0.101339
v 0.161074 0.879441 0.066223
v 0.149010 0.861454 0.095439
v 0.158077 0.862364 0.065216
v 0.161296 0.861897 0.034179
v 0.156589 0.835659 0.063241
v 0.161243 0.834075 0.033479
v 0.161259 0.832634 0.006363
v 0.165313 0.794393 0.030669
v 0.165808 0.793260 0.002774
v 0.161953 0.792952 -0.023054
v 0.157610 0.831593 -0.017568
v 0.154041 0.792649 -0.046387
v 0.150386 0.830838 -0.038699
v 0.141962 0.792304 -0.067298
v 0.139914 0.829796 -0.058038
v 0.125619 0.791426 -0.086609
v 0.124243 0.827902 -0.076484
v 0.104792 0.789720 -0.104128
v 0.103872 0.825749 -0.094309
v 0.105985 0.866195 -0.085569
v 0.078878 0.823180 -0.109460
v 0.080793 0.865578 -0.102256
v 0.085515 0.899222 -0.099775
v 0.051885 0.863718 -0.113846
v 0.054897 0.901006 -0.112679
v 0.056992 0.927018 -0.114849
v 0.089962 0.920173 -0.099985
v 0.095903 0.937643 -0.103666
v 0.101664 0.948040 -0.112311
v 0.121561 0.957298 -0.115615
v 0.061160 0.959090 -0.120665
v 0.104240 0.952666 -0.099699
v 0.054440 0.953027 -0.102513
v 0.028714 0.962803 -0.140335
v 0.015397 0.956694 -0.114734
v 0.008771 0.951950 -0.100782
v 0.049149 0.947966 -0.087632
v 0.003578 0.947610 -0.088317
v 0.044594 0.943986 -0.075173
v -0.001483 0.945504 -0.076426
v 0.041303 0.939946 -0.064107
v -0.002535 0.935553 -0.084954
v 0.038290 0.928474 -0.072094
v 0.078272 0.918756 -0.062072
v 0.037462 0.921643 -0.081815
v 0.078186 0.912124 -0.072686
v 0.039541 0.926843 -0.092395
v 0.080330 0.915560 -0.083741
v 0.114593 0.904162 -0.073891
v 0.083946 0.924020 -0.093210
v 0.119268 0.912093 -0.083091
v 0.089338 0.932257 -0.102816
v 0.042319 0.935318 -0.102039
v 0.045068 0.943465 -0.111311
v 0.047088 0.952646 -0.121706
v 0.002161 0.957220 -0.122748
v 0.001532 0.948277 -0.112831
v -0.000411 0.940068 -0.103615
v -0.002528 0.932579 -0.095284
v -0.036546 0.944903 -0.105805
v -0.038676 0.941710 -0.096364
v -0.038111 0.949621 -0.088574
v -0.033297 0.951310 -0.100870
v -0.028124 0.956273 -0.115000
v -0.023504 0.960638 -0.129167
v -0.011328 0.964846 -0.142716
v 0.023571 0.900182 -0.118788
v 0.025133 0.931897 -0.122992
v -0.008204 0.898132 -0.119081
v -0.006430 0.928187 -0.123175
v -0.005383 0.961149 -0.138170
v -0.039851 0.923838 -0.117240
v -0.036187 0.944782 -0.125613
v -0.018620 0.961805 -0.139773
v -0.011443 0.965562 -0.142161
v -0.070037 0.932709 -0.109350
v -0.067037 0.944446 -0.118457
v -0.097649 0.921329 -0.088317
v -0.099398 0.933301 -0.094349
v -0.123803 0.906867 -0.055174
v -0.127083 0.917533 -0.057846
v -0.131282 0.926199 -0.063304
v -0.141725 0.902647 -0.015526
v -0.147912 0.910660 -0.016364
v -0.155021 0.916242 -0.018740
v -0.128958 0.932752 -0.075291
v -0.148931 0.902284 0.026626
v -0.157204 0.908274 0.027775
v -0.166857 0.911491 0.028593
v -0.163654 0.920008 -0.020065
v -0.142938 0.932793 -0.067632
v -0.159054 0.927601 -0.025808
v -0.149712 0.903800 0.068481
v -0.142102 0.897271 0.065115
v -0.128377 0.893520 0.102299
v -0.134674 0.899480 0.107740
v -0.107380 0.891046 0.135756
v -0.112006 0.896528 0.142542
v -0.124652 0.884816 0.098014
v -0.104442 0.882898 0.130818
v -0.079497 0.881978 0.158637
v -0.102485 0.873547 0.126638
v -0.077755 0.872786 0.154471
v -0.044011 0.871926 0.173861
v -0.076602 0.862957 0.150732
v -0.044278 0.862236 0.169314
v -0.010531 0.859566 0.178640
v -0.008510 0.870530 0.183896
v 0.020965 0.855562 0.179547
v 0.023310 0.866447 0.185271
v 0.049301 0.851687 0.176720
v 0.050319 0.861727 0.183762
v 0.074528 0.852375 0.166729
v 0.074079 0.863126 0.174672
v 0.098800 0.855916 0.152340
v 0.098660 0.868902 0.160435
v 0.119958 0.857231 0.139824
v 0.099484 0.836951 0.144284
v 0.119542 0.836629 0.134095
v 0.133033 0.837037 0.115037
v 0.135191 0.859650 0.120001
v 0.146577 0.836691 0.091826
v 0.136186 0.801009 0.110282
v 0.149486 0.799004 0.087321
v 0.159813 0.796430 0.059706
v 0.153879 0.770566 0.084102
v 0.164427 0.768773 0.057145
v 0.170416 0.767531 0.028256
v 0.167733 0.752842 0.055798
v 0.174206 0.751736 0.026627
v 0.174939 0.752748 -0.002750
v 0.171009 0.767800 -0.000397
v 0.169960 0.754566 -0.031241
v 0.166421 0.768894 -0.027684
v 0.159700 0.757051 -0.057052
v 0.157487 0.770341 -0.052513
v 0.145392 0.759105 -0.079802
v 0.143695 0.771448 -0.074150
v 0.127168 0.759241 -0.099352
v 0.126216 0.771923 -0.093638
v 0.105308 0.758622 -0.116496
v 0.104948 0.770938 -0.111239
v 0.078923 0.755450 -0.130544
v 0.079107 0.768031 -0.125228
v 0.079372 0.787032 -0.118794
v 0.049175 0.764484 -0.134945
v 0.049989 0.783817 -0.128696
v 0.050425 0.820377 -0.120371
v 0.018293 0.781294 -0.133959
v 0.019758 0.817584 -0.125587
v 0.021345 0.861219 -0.119227
v -0.011554 0.815168 -0.125694
v -0.009843 0.858833 -0.119760
v -0.042456 0.812908 -0.119685
v -0.040826 0.856620 -0.113790
v -0.040377 0.896108 -0.113478
v -0.070055 0.854174 -0.101758
v -0.069681 0.892781 -0.101093
v -0.070266 0.916820 -0.104121
v -0.096011 0.886924 -0.082391
v -0.096848 0.907549 -0.084736
v -0.118477 0.877267 -0.052922
v -0.120946 0.895296 -0.053441
v -0.130628 0.864250 -0.014488
v -0.133800 0.881301 -0.014840
v -0.137093 0.892807 -0.015159
v -0.134979 0.869879 0.023972
v -0.138142 0.882856 0.024550
v -0.142508 0.893648 0.025374
v -0.133406 0.877318 0.059886
v -0.136743 0.888226 0.062242
v -0.122211 0.874589 0.094130
v -0.131021 0.863630 0.057277
v -0.121115 0.862652 0.090630
v -0.101546 0.863114 0.123173
v -0.121028 0.845267 0.086309
v -0.100825 0.849160 0.119744
v -0.075816 0.850004 0.146720
v -0.101207 0.826200 0.115742
v -0.075994 0.826198 0.140991
v -0.046533 0.822561 0.158013
v -0.044803 0.848496 0.164367
v -0.015550 0.816644 0.166822
v -0.012535 0.844506 0.173388
v 0.015215 0.810543 0.167560
v 0.018419 0.839829 0.173801
v 0.045040 0.806046 0.162518
v 0.047369 0.836198 0.169056
v 0.074913 0.804140 0.151754
v 0.074879 0.836013 0.158747
v 0.101547 0.803414 0.138619
v 0.074119 0.775581 0.150908
v 0.102630 0.773866 0.137405
v 0.124677 0.772770 0.125225
v 0.122049 0.802226 0.128516
v 0.140462 0.772114 0.106759
v 0.126093 0.755115 0.124079
v 0.142834 0.755392 0.105519
v 0.156536 0.754902 0.082952
v 0.144474 0.742684 0.105371
v 0.159064 0.741236 0.083052
v 0.171475 0.738479 0.055493
v 0.162577 0.728482 0.084392
v 0.176140 0.725303 0.056662
v 0.183964 0.724648 0.025057
v 0.178912 0.737562 0.025518
v 0.184601 0.726732 -0.007451
v 0.179385 0.739135 -0.005100
v 0.178767 0.729462 -0.038631
v 0.174012 0.741363 -0.034915
v 0.166692 0.733031 -0.067476
v 0.162873 0.744127 -0.062174
v 0.151458 0.736214 -0.091932
v 0.147533 0.746787 -0.085484
v 0.131844 0.736272 -0.111542
v 0.128816 0.747337 -0.105176
v 0.108259 0.735504 -0.127785
v 0.106124 0.746408 -0.121990
v 0.080576 0.731927 -0.142040
v 0.079325 0.743074 -0.136257
v 0.048050 0.727508 -0.151661
v 0.047913 0.738729 -0.145708
v 0.048347 0.751227 -0.140000
v 0.013246 0.737220 -0.149654
v 0.014729 0.749536 -0.144626
v 0.016484 0.762582 -0.140075
v -0.018625 0.748734 -0.143411
v -0.016355 0.761175 -0.139172
v -0.013784 0.779382 -0.133909
v -0.047437 0.758663 -0.133033
v -0.044765 0.777138 -0.127612
v -0.076439 0.754624 -0.119986
v -0.074632 0.774109 -0.114793
v -0.072001 0.810603 -0.107273
v -0.101203 0.770942 -0.094931
v -0.098091 0.808654 -0.087492
v -0.095889 0.850721 -0.082759
v -0.118373 0.806965 -0.059257
v -0.116506 0.844933 -0.054062
v -0.122579 0.768827 -0.068432
v -0.134669 0.766903 -0.037871
v -0.123822 0.744022 -0.076940
v -0.136041 0.739508 -0.048969
v -0.143316 0.737421 -0.022103
v -0.141594 0.764983 -0.007469
v -0.146353 0.734788 0.000604
v -0.143792 0.760365 0.011080
v -0.146547 0.731216 0.021559
v -0.144203 0.753405 0.027741
v -0.143573 0.776980 0.037062
v -0.141817 0.745473 0.044853
v -0.140493 0.767596 0.049625
v -0.136476 0.737181 0.064995
v -0.135593 0.757870 0.065425
v -0.124639 0.727358 0.091640
v -0.123616 0.747341 0.090469
v -0.109850 0.719248 0.112676
v -0.106243 0.739418 0.114967
v -0.105064 0.759068 0.115399
v -0.083206 0.774739 0.136802
v -0.106719 0.780395 0.114186
v -0.078595 0.798369 0.137814
v -0.104849 0.800014 0.112673
v -0.052694 0.770921 0.152645
v -0.049460 0.792731 0.154230
v -0.020431 0.768286 0.162531
v -0.018297 0.786859 0.163519
v 0.011160 0.766687 0.165648
v 0.012828 0.782502 0.165481
v 0.042933 0.763902 0.161842
v 0.043971 0.778566 0.161535
v 0.073482 0.760119 0.151652
v 0.041805 0.751501 0.162579
v 0.072929 0.748353 0.152678
v 0.103528 0.744598 0.138786
v 0.103058 0.756473 0.137847
v 0.127063 0.743092 0.123955
v 0.103969 0.735171 0.140074
v 0.128325 0.732097 0.124599
v 0.146761 0.730574 0.105801
v 0.129230 0.721517 0.125236
v 0.153536 0.725749 0.110102
v 0.172548 0.727787 0.088788
v 0.162192 0.738518 0.115552
v 0.180464 0.741165 0.091281
v 0.192803 0.741109 0.060398
v 0.186265 0.727207 0.059173
v 0.200134 0.740881 0.027117
v 0.193318 0.727400 0.025972
v 0.200552 0.742480 -0.008750
v 0.194561 0.729672 -0.008502
v 0.193608 0.744790 -0.043476
v 0.187661 0.732387 -0.041876
v 0.180982 0.748431 -0.075292
v 0.175302 0.736605 -0.072608
v 0.162960 0.750842 -0.104340
v 0.158466 0.739579 -0.099422
v 0.140384 0.750520 -0.127803
v 0.137568 0.739498 -0.121193
v 0.110862 0.751043 -0.142475
v 0.110848 0.739164 -0.136728
v 0.080336 0.744645 -0.159480
v 0.081486 0.733706 -0.151610
v 0.045794 0.740267 -0.167494
v 0.047724 0.729352 -0.159782
v 0.008098 0.738933 -0.170087
v 0.010171 0.728155 -0.162164
v 0.011826 0.725943 -0.154163
v -0.025841 0.727086 -0.160188
v -0.023016 0.725602 -0.152637
v -0.020724 0.736728 -0.147980
v -0.053476 0.723940 -0.145670
v -0.051393 0.735070 -0.140954
v -0.049345 0.746627 -0.136739
v -0.079264 0.731652 -0.128369
v -0.077857 0.742801 -0.123726
v -0.103930 0.725615 -0.111292
v -0.103486 0.736947 -0.106438
v -0.102350 0.749485 -0.101698
v -0.123622 0.729392 -0.083434
v -0.123542 0.717484 -0.089017
v -0.136845 0.711796 -0.061654
v -0.136184 0.724388 -0.056013
v -0.145213 0.709001 -0.034107
v -0.144009 0.721491 -0.029121
v -0.149059 0.706672 -0.008533
v -0.147893 0.719086 -0.004923
v -0.150006 0.704546 0.016141
v -0.148487 0.716449 0.018187
v -0.147128 0.701043 0.040667
v -0.145492 0.712451 0.041401
v -0.143805 0.726000 0.042406
v -0.139137 0.706535 0.065210
v -0.137969 0.719241 0.065091
v -0.129477 0.698502 0.089887
v -0.126750 0.710351 0.091172
v -0.119016 0.691591 0.106819
v -0.114619 0.703207 0.109455
v -0.109873 0.685430 0.118518
v -0.104126 0.697445 0.121828
v -0.101363 0.679422 0.128578
v -0.094220 0.692089 0.132322
v -0.098538 0.676185 0.140422
v -0.091740 0.689619 0.144399
v -0.105516 0.679523 0.148748
v -0.101220 0.693297 0.152840
v -0.102045 0.712368 0.156916
v -0.117939 0.716512 0.164788
v -0.122204 0.741388 0.169022
v -0.104851 0.734531 0.159877
v -0.123422 0.763000 0.167601
v -0.106867 0.755667 0.158122
v -0.102782 0.772527 0.140305
v -0.099569 0.767558 0.127893
v -0.123665 0.785878 0.127150
v -0.117008 0.785256 0.120669
v -0.133727 0.792427 0.104807
v -0.131470 0.792731 0.104896
v -0.114070 0.788588 0.120161
v -0.098347 0.772214 0.133537
v -0.139289 0.798383 0.105777
v -0.116612 0.792198 0.126004
v -0.099352 0.778579 0.141487
v -0.083565 0.762122 0.157935
v -0.103541 0.787323 0.151464
v -0.085061 0.777303 0.170197
v -0.056710 0.771201 0.183875
v -0.056123 0.753631 0.171364
v -0.026611 0.766354 0.190000
v -0.025372 0.752281 0.180480
v -0.024851 0.740392 0.171733
v 0.006634 0.751787 0.182367
v 0.006720 0.740542 0.173425
v 0.007388 0.741592 0.166056
v -0.028002 0.740228 0.161176
v 0.009609 0.753649 0.165948
v -0.023284 0.753741 0.162195
v 0.040507 0.739616 0.163338
v 0.039928 0.736107 0.167869
v 0.072274 0.730759 0.155211
v 0.072527 0.738704 0.154098
v 0.104825 0.727779 0.143284
v 0.075141 0.742328 0.164921
v 0.109098 0.738658 0.149850
v 0.138693 0.734578 0.133349
v 0.113539 0.754321 0.158845
v 0.144717 0.752455 0.141246
v 0.168159 0.754862 0.120880
v 0.148685 0.774816 0.152440
v 0.172252 0.776558 0.129627
v 0.188454 0.778873 0.098767
v 0.185934 0.757677 0.094075
v 0.205082 0.775517 0.066205
v 0.198823 0.756118 0.062458
v 0.212698 0.773791 0.029975
v 0.205766 0.754981 0.028079
v 0.211663 0.773738 -0.008471
v 0.205798 0.755882 -0.008878
v 0.203851 0.774481 -0.045731
v 0.198310 0.757506 -0.044736
v 0.189284 0.775381 -0.080515
v 0.185138 0.760662 -0.077763
v 0.168567 0.775582 -0.112433
v 0.166307 0.762576 -0.108438
v 0.142916 0.774779 -0.137600
v 0.142127 0.762299 -0.133004
v 0.110959 0.773722 -0.155363
v 0.110663 0.762614 -0.148738
v 0.077185 0.768311 -0.171348
v 0.078613 0.756181 -0.165823
v 0.041024 0.764316 -0.179554
v 0.043462 0.751638 -0.173862
v 0.001557 0.762194 -0.181890
v 0.005059 0.750152 -0.176740
v -0.036740 0.760317 -0.177905
v -0.032812 0.748683 -0.173608
v -0.028949 0.737491 -0.167576
v -0.066805 0.745316 -0.164049
v -0.062087 0.734259 -0.158995
v -0.057338 0.724215 -0.152711
v -0.090794 0.728892 -0.145358
v -0.084885 0.719358 -0.139928
v -0.080340 0.720262 -0.132893
v -0.108372 0.710443 -0.123189
v -0.104430 0.714268 -0.117001
v -0.127755 0.698286 -0.100563
v -0.123864 0.705044 -0.094831
v -0.141030 0.689338 -0.071684
v -0.137731 0.699034 -0.066853
v -0.148325 0.686747 -0.041957
v -0.146434 0.696840 -0.038392
v -0.152046 0.683367 -0.013729
v -0.150534 0.694492 -0.011454
v -0.153374 0.681878 0.013611
v -0.151682 0.692796 0.014633
v -0.151048 0.679170 0.039071
v -0.148848 0.690055 0.039925
v -0.144991 0.673953 0.064042
v -0.142354 0.684987 0.064691
v -0.140421 0.695575 0.065025
v -0.134271 0.678915 0.087541
v -0.131603 0.688531 0.088607
v -0.126542 0.673513 0.102892
v -0.122851 0.682243 0.104441
v -0.119101 0.667905 0.113643
v -0.114752 0.675929 0.116048
v -0.107244 0.669959 0.125555
v -0.103764 0.665648 0.137614
v -0.111106 0.668861 0.146786
v -0.130215 0.665068 0.101156
v -0.123770 0.660405 0.111424
v -0.133855 0.658491 0.099817
v -0.128796 0.654227 0.109572
v -0.138599 0.662869 0.104378
v -0.133408 0.656968 0.112692
v -0.142171 0.671913 0.110767
v -0.136746 0.666195 0.119347
v -0.145709 0.680689 0.117013
v -0.140242 0.675397 0.125456
v -0.136255 0.670548 0.131939
v -0.144390 0.685879 0.132177
v -0.140610 0.682109 0.138631
v -0.138072 0.678288 0.144452
v -0.133624 0.665156 0.137430
v -0.137358 0.673659 0.149957
v -0.152262 0.701641 0.159616
v -0.151979 0.697188 0.165066
v -0.152690 0.691711 0.169472
v -0.137193 0.668275 0.153992
v -0.188614 0.721610 0.187188
v -0.193525 0.714994 0.189019
v -0.197596 0.706658 0.188252
v -0.203986 0.700087 0.180580
v -0.249165 0.731605 0.193720
v -0.252675 0.722885 0.189088
v -0.252313 0.720096 0.179313
v -0.251476 0.720102 0.167436
v -0.213945 0.702172 0.171447
v -0.297168 0.735827 0.160385
v -0.292188 0.730925 0.152692
v -0.285144 0.730467 0.145852
v -0.315497 0.737094 0.104264
v -0.324985 0.736688 0.108394
v -0.342392 0.747766 0.051248
v -0.331801 0.747085 0.049580
v -0.331011 0.744597 0.112686
v -0.348485 0.756107 0.053727
v -0.350078 0.773263 -0.006139
v -0.344552 0.764185 -0.008399
v -0.328919 0.755572 0.113467
v -0.344505 0.766788 0.055100
v -0.345845 0.783021 -0.003363
v -0.340045 0.805124 -0.063940
v -0.342944 0.795229 -0.066792
v -0.336638 0.775108 0.055483
v -0.338155 0.790796 -0.000840
v -0.332698 0.812142 -0.059383
v -0.306485 0.833326 -0.119051
v -0.314521 0.828321 -0.127024
v -0.328795 0.797291 0.001344
v -0.323018 0.817539 -0.054778
v -0.299235 0.835361 -0.111303
v -0.259733 0.844767 -0.146481
v -0.263838 0.841820 -0.154260
v -0.313934 0.820622 -0.051633
v -0.291102 0.836679 -0.104056
v -0.252912 0.846411 -0.137438
v -0.222409 0.858630 -0.163173
v -0.229113 0.853550 -0.170155
v -0.280751 0.837454 -0.096007
v -0.245777 0.847162 -0.129364
v -0.214997 0.861288 -0.155635
v -0.184647 0.889329 -0.195574
v -0.192016 0.885749 -0.202990
v -0.235186 0.845928 -0.119244
v -0.205310 0.861574 -0.147499
v -0.174587 0.889702 -0.186672
v -0.133681 0.907486 -0.230565
v -0.142578 0.908725 -0.243552
v -0.193490 0.856272 -0.140554
v -0.162147 0.884589 -0.176936
v -0.122532 0.901002 -0.213623
v -0.072988 0.903398 -0.237421
v -0.080514 0.908801 -0.259434
v -0.149218 0.869926 -0.168712
v -0.110804 0.884680 -0.196974
v -0.065309 0.887472 -0.216437
v -0.017843 0.888465 -0.227131
v -0.021228 0.902854 -0.248905
v -0.101406 0.859151 -0.185725
v -0.059072 0.863082 -0.202518
v -0.014443 0.865535 -0.211638
v 0.030695 0.868447 -0.211651
v 0.030223 0.890684 -0.228368
v -0.051798 0.826405 -0.192094
v -0.009914 0.831033 -0.199435
v 0.032593 0.835163 -0.198864
v 0.074166 0.839148 -0.190558
v 0.075200 0.871733 -0.202673
v -0.003506 0.786757 -0.189218
v 0.036572 0.791090 -0.187998
v 0.075050 0.795419 -0.179786
v 0.112011 0.799489 -0.164917
v 0.114248 0.842077 -0.174863
v 0.151000 0.842547 -0.152614
v 0.159109 0.872342 -0.163559
v 0.119077 0.873443 -0.186275
v 0.145860 0.802880 -0.144171
v 0.174347 0.804842 -0.117270
v 0.182357 0.842323 -0.124010
v 0.207841 0.843048 -0.087910
v 0.220615 0.869866 -0.094188
v 0.192966 0.869833 -0.133362
v 0.196875 0.805587 -0.083606
v 0.212861 0.804920 -0.046902
v 0.226381 0.841515 -0.047866
v 0.236275 0.838197 -0.005693
v 0.253666 0.861577 -0.004675
v 0.241783 0.867833 -0.049762
v 0.221638 0.803682 -0.007464
v 0.222810 0.803509 0.033793
v 0.238125 0.835763 0.038854
v 0.232119 0.836645 0.083792
v 0.250986 0.856354 0.091547
v 0.255851 0.855573 0.043192
v 0.216174 0.804394 0.073854
v 0.199016 0.808236 0.109400
v 0.217504 0.838489 0.125275
v 0.193335 0.836036 0.163128
v 0.208727 0.851921 0.182292
v 0.235487 0.858742 0.139249
v 0.178996 0.806957 0.142804
v 0.153309 0.804029 0.170074
v 0.162353 0.830682 0.195579
v 0.128065 0.822799 0.217948
v 0.136608 0.833739 0.247859
v 0.175405 0.844473 0.221558
v 0.121259 0.800868 0.190654
v 0.082984 0.796183 0.206099
v 0.086473 0.815113 0.233243
v 0.116990 0.774314 0.171360
v 0.079888 0.773073 0.186324
v 0.043065 0.773585 0.196027
v 0.043652 0.793727 0.215486
v 0.077484 0.756350 0.174250
v 0.042423 0.760039 0.185539
v 0.006243 0.763702 0.191056
v 0.005787 0.776918 0.201357
v 0.041130 0.747418 0.176435
v -0.028625 0.782394 0.201668
v -0.032290 0.800721 0.219333
v 0.004647 0.796000 0.220093
v -0.038119 0.813899 0.243366
v 0.002022 0.811516 0.246453
v 0.043746 0.811245 0.243020
v -0.001703 0.815278 0.276295
v 0.043665 0.816731 0.272192
v 0.090377 0.822224 0.261507
v 0.044211 0.815045 0.292544
v 0.093397 0.821892 0.280233
v 0.143155 0.835603 0.268165
v 0.096616 0.818938 0.293644
v 0.148184 0.835344 0.281165
v 0.196600 0.848491 0.250071
v 0.187923 0.848956 0.239450
v 0.234444 0.858592 0.206935
v 0.222716 0.858193 0.196838
v 0.266052 0.869970 0.158759
v 0.252306 0.867329 0.150486
v 0.286977 0.869208 0.102675
v 0.270772 0.866461 0.097559
v 0.292052 0.868755 0.049128
v 0.275047 0.866279 0.046783
v 0.291394 0.881464 -0.005075
v 0.274572 0.875899 -0.004396
v 0.277939 0.890714 -0.061144
v 0.261601 0.884263 -0.054951
v 0.251938 0.893995 -0.112559
v 0.236389 0.886852 -0.103275
v 0.222677 0.896093 -0.159060
v 0.206924 0.887948 -0.145700
v 0.184972 0.904337 -0.198670
v 0.171621 0.893319 -0.179935
v 0.135583 0.906265 -0.226446
v 0.126813 0.895455 -0.204261
v 0.083233 0.905731 -0.243774
v 0.078676 0.893687 -0.220567
v 0.030185 0.903825 -0.250632
v 0.086322 0.908280 -0.265345
v 0.029829 0.906483 -0.274071
v -0.024692 0.906548 -0.272663
v 0.028655 0.901530 -0.294919
v -0.027230 0.902149 -0.294205
v -0.086334 0.907365 -0.277763
v -0.029901 0.893317 -0.310908
v -0.091217 0.903520 -0.290216
v -0.150825 0.907689 -0.253622
v -0.096379 0.898411 -0.299758
v -0.158187 0.905767 -0.261789
v -0.199137 0.880940 -0.209993
v -0.165664 0.899790 -0.270654
v -0.205208 0.873889 -0.216440
v -0.238497 0.845805 -0.176239
v -0.210200 0.865038 -0.219794
v -0.165763 0.885922 -0.270540
v -0.159788 0.880265 -0.263166
v -0.208009 0.857779 -0.216681
v -0.152967 0.874754 -0.254545
v -0.200205 0.852831 -0.207137
v -0.247312 0.817994 -0.165923
v -0.195489 0.845855 -0.201203
v -0.241064 0.815099 -0.156379
v -0.282402 0.801525 -0.111192
v -0.293196 0.804904 -0.119613
v -0.304371 0.778519 -0.060707
v -0.316273 0.781240 -0.064168
v -0.326867 0.783339 -0.067257
v -0.322693 0.760942 -0.007445
v -0.333640 0.761888 -0.008225
v -0.336450 0.786943 -0.069649
v -0.328767 0.812762 -0.122404
v -0.263067 0.834544 -0.166318
v -0.320847 0.747395 0.048313
v -0.309960 0.758722 -0.006903
v -0.305339 0.745605 0.046416
v -0.292619 0.753905 -0.006113
v -0.288258 0.741109 0.044599
v -0.268278 0.742331 -0.007720
v -0.263593 0.728841 0.040457
v -0.250562 0.716843 0.089330
v -0.237528 0.703447 0.033064
v -0.225960 0.692054 0.080016
v -0.209157 0.683257 0.123096
v -0.234151 0.708868 0.129697
v -0.193589 0.678026 0.152275
v -0.222028 0.704667 0.154635
v -0.189119 0.651007 0.117342
v -0.166159 0.645362 0.152081
v -0.172963 0.617839 0.103222
v -0.154400 0.613870 0.134510
v -0.134014 0.618312 0.147545
v -0.138496 0.584180 0.109008
v -0.123677 0.582441 0.127513
v -0.110059 0.581484 0.140259
v -0.131008 0.612741 0.161878
v -0.088482 0.578752 0.153438
v -0.109841 0.609162 0.176188
v -0.119153 0.646722 0.191229
v -0.069011 0.604550 0.193050
v -0.075241 0.641542 0.210043
v -0.072613 0.681485 0.223267
v -0.117695 0.681075 0.202216
v -0.066166 0.722122 0.235883
v -0.108088 0.720547 0.216485
v -0.131696 0.718643 0.202666
v -0.101136 0.747781 0.228538
v -0.125834 0.748037 0.213182
v -0.141816 0.748373 0.202544
v -0.149109 0.749254 0.188566
v -0.125521 0.765478 0.220972
v -0.142390 0.765932 0.205904
v -0.148649 0.766958 0.191041
v -0.138317 0.765972 0.178253
v -0.137494 0.747316 0.178071
v -0.133577 0.718721 0.172549
v -0.127719 0.777133 0.228597
v -0.098974 0.765311 0.239563
v -0.099767 0.777581 0.250594
v -0.102814 0.785840 0.262000
v -0.131651 0.784514 0.235783
v -0.107948 0.788423 0.272226
v -0.137340 0.788636 0.240469
v -0.114380 0.789122 0.280436
v -0.144488 0.790910 0.245239
v -0.162874 0.794408 0.210968
v -0.152968 0.793116 0.251132
v -0.171622 0.796578 0.214494
v -0.184733 0.801578 0.178533
v -0.175969 0.801260 0.176882
v -0.193828 0.807139 0.139517
v -0.184745 0.807546 0.139826
v -0.175275 0.807378 0.139876
v -0.186070 0.814842 0.100677
v -0.175112 0.815422 0.103280
v -0.163945 0.816472 0.077057
v -0.165654 0.816217 0.057955
v -0.194722 0.813912 0.098247
v -0.202042 0.806797 0.138214
v -0.202745 0.813252 0.096163
v -0.198240 0.815150 0.065495
v -0.203305 0.815974 0.095190
v -0.198116 0.818713 0.064779
v -0.195941 0.819745 0.094565
v -0.190243 0.821747 0.065914
v -0.180145 0.822980 0.050725
v -0.163004 0.823991 0.055198
v -0.160893 0.824907 0.070629
v -0.153962 0.822832 0.072293
v -0.154218 0.822668 0.056936
v -0.164227 0.825657 0.091288
v -0.156570 0.823203 0.091273
v -0.150246 0.818900 0.091272
v -0.155073 0.820182 0.119673
v -0.148380 0.814830 0.116453
v -0.143500 0.807726 0.113602
v -0.133707 0.812606 0.144050
v -0.126647 0.804829 0.137781
v -0.121171 0.797523 0.131844
v -0.138695 0.801383 0.110573
v -0.133587 0.796071 0.106853
v -0.108598 0.799329 0.161238
v -0.116624 0.810872 0.170717
v -0.094545 0.808579 0.194810
v -0.087863 0.794312 0.181429
v -0.065779 0.805019 0.211625
v -0.060119 0.788623 0.195677
v -0.104867 0.818074 0.210406
v -0.074487 0.815897 0.232403
v -0.115756 0.820962 0.223395
v -0.085234 0.818158 0.253226
v -0.045918 0.816412 0.271236
v -0.093766 0.817318 0.265437
v -0.051928 0.814716 0.289324
v -0.004078 0.812643 0.296344
v -0.056611 0.812442 0.300430
v -0.005853 0.809297 0.309657
v 0.045515 0.811868 0.306127
v -0.007466 0.804920 0.320656
v 0.046521 0.807694 0.317567
v 0.099216 0.814797 0.303956
v 0.047608 0.801812 0.327193
v 0.101978 0.809318 0.311870
v 0.156572 0.832953 0.301432
v 0.152446 0.834845 0.291313
v 0.210944 0.843250 0.266730
v 0.204261 0.847083 0.258898
v 0.253448 0.851588 0.221613
v 0.244567 0.856402 0.214966
v 0.286769 0.865185 0.170381
v 0.277320 0.868472 0.165161
v 0.311295 0.866180 0.108934
v 0.300271 0.868980 0.105937
v 0.317775 0.862643 0.050363
v 0.305806 0.866830 0.050070
v 0.313946 0.881991 -0.006714
v 0.303610 0.882585 -0.005817
v 0.300000 0.892053 -0.069692
v 0.289961 0.892505 -0.065702
v 0.275305 0.893927 -0.128717
v 0.264737 0.895373 -0.121075
v 0.245926 0.895308 -0.179909
v 0.235393 0.897245 -0.170173
v 0.201986 0.908309 -0.222525
v 0.194314 0.907884 -0.211882
v 0.146311 0.907920 -0.257331
v 0.141892 0.908642 -0.244135
v 0.087985 0.906718 -0.282360
v 0.150549 0.906077 -0.268488
v 0.089304 0.902727 -0.294187
v 0.028332 0.893093 -0.311030
v 0.091901 0.896935 -0.305114
v 0.029722 0.882878 -0.322432
v -0.033690 0.883242 -0.322200
v 0.031665 0.872699 -0.331367
v -0.037798 0.872510 -0.330417
v -0.101757 0.888612 -0.306296
v -0.041549 0.860374 -0.332502
v -0.105281 0.876710 -0.307693
v -0.037706 0.862951 -0.319055
v -0.100589 0.874211 -0.296833
v -0.034890 0.866088 -0.304439
v -0.096082 0.872191 -0.286700
v -0.035313 0.862753 -0.284697
v -0.091431 0.866649 -0.270887
v -0.146453 0.866090 -0.243764
v -0.089918 0.855024 -0.255632
v -0.142957 0.854940 -0.233884
v -0.189161 0.834089 -0.195863
v -0.138156 0.833349 -0.222350
v -0.182288 0.816714 -0.189682
v -0.220637 0.793207 -0.145502
v -0.232332 0.808222 -0.149565
v -0.248991 0.777123 -0.099720
v -0.267160 0.793445 -0.103110
v -0.263850 0.758646 -0.055954
v -0.286744 0.772506 -0.057312
v -0.230419 0.750753 -0.101399
v -0.240871 0.732783 -0.058264
v -0.242644 0.716914 -0.012966
v -0.219903 0.697043 -0.062469
v -0.221935 0.682490 -0.019504
v -0.217188 0.670269 0.024794
v -0.202924 0.644433 -0.025887
v -0.198906 0.633735 0.016374
v -0.189300 0.625232 0.059549
v -0.206492 0.659902 0.070709
v -0.174492 0.601114 0.008441
v -0.165495 0.594683 0.046993
v -0.152587 0.589422 0.082283
v -0.128628 0.574282 0.033149
v -0.117691 0.570891 0.060027
v -0.107543 0.568472 0.080465
v -0.071645 0.561185 0.072181
v -0.096195 0.566311 0.096534
v -0.060616 0.559904 0.083668
v -0.082685 0.564611 0.109727
v -0.046452 0.558765 0.094260
v -0.064348 0.563140 0.121123
v -0.026725 0.557528 0.101594
v -0.039720 0.561519 0.131007
v -0.055255 0.576028 0.167137
v -0.009540 0.560245 0.136971
v -0.014625 0.574625 0.174665
v -0.018128 0.602774 0.203222
v 0.026306 0.575034 0.175228
v 0.027802 0.604362 0.204437
v 0.029868 0.643636 0.224193
v -0.019534 0.640643 0.222417
v 0.032836 0.687183 0.238052
v -0.017533 0.682817 0.235901
v 0.035200 0.729131 0.249991
v -0.014312 0.724704 0.248212
v 0.036229 0.751871 0.258597
v -0.012791 0.748332 0.257320
v -0.061121 0.747408 0.246562
v -0.012076 0.765411 0.267820
v -0.059146 0.765272 0.257169
v -0.011750 0.777410 0.281166
v -0.059379 0.778031 0.270154
v -0.011350 0.782620 0.294585
v -0.060737 0.784109 0.283729
v -0.011382 0.783081 0.308226
v -0.063726 0.785956 0.296968
v -0.011919 0.780138 0.320172
v -0.067416 0.784481 0.308021
v -0.012407 0.776869 0.331198
v -0.070921 0.782560 0.317911
v -0.120418 0.789832 0.288949
v -0.072911 0.785139 0.327173
v -0.120930 0.793245 0.292289
v -0.156945 0.800059 0.255009
v -0.119224 0.803705 0.293417
v -0.153087 0.807370 0.253100
v -0.173828 0.808374 0.215399
v -0.177715 0.802306 0.217778
v -0.190089 0.809457 0.177388
v -0.192309 0.803888 0.179448
v -0.201977 0.811637 0.136929
v -0.183717 0.814260 0.174025
v -0.194629 0.816312 0.134693
v -0.176903 0.818046 0.170180
v -0.187514 0.819947 0.132265
v -0.188835 0.822759 0.093790
v -0.179797 0.822469 0.129546
v -0.169707 0.820929 0.165890
v -0.161413 0.822840 0.161337
v -0.171599 0.824111 0.126522
v -0.152892 0.822721 0.156603
v -0.163399 0.823405 0.123142
v -0.143163 0.819773 0.150684
v -0.137487 0.822306 0.189501
v -0.127360 0.819018 0.180860
v -0.146109 0.822079 0.195924
v -0.124154 0.820165 0.231575
v -0.153262 0.820259 0.201062
v -0.131449 0.818478 0.237588
v -0.100531 0.816263 0.273880
v -0.138899 0.816096 0.242966
v -0.106953 0.814066 0.281585
v -0.061328 0.809113 0.310039
v -0.113712 0.810378 0.288607
v -0.066133 0.804604 0.319174
v -0.009219 0.799092 0.330119
v -0.070505 0.796909 0.325881
v -0.011096 0.791252 0.337928
v 0.048592 0.793620 0.335054
v -0.012472 0.780658 0.340943
v 0.049269 0.782970 0.338607
v 0.106509 0.793936 0.321229
v 0.104436 0.802037 0.317987
v 0.166564 0.813608 0.313007
v 0.161602 0.826757 0.310755
v 0.221100 0.825780 0.276321
v 0.216820 0.836214 0.273040
v 0.267384 0.835362 0.230888
v 0.261417 0.844610 0.227234
v 0.302294 0.850168 0.176659
v 0.295508 0.858939 0.174469
v 0.328462 0.854054 0.114844
v 0.320647 0.861259 0.112056
v 0.335818 0.852047 0.049150
v 0.327591 0.857831 0.049903
v 0.333120 0.874684 -0.010883
v 0.324029 0.879481 -0.008518
v 0.319114 0.888404 -0.076790
v 0.309014 0.891000 -0.073031
v 0.293381 0.886245 -0.138760
v 0.284756 0.891041 -0.134113
v 0.262706 0.888646 -0.195892
v 0.254898 0.892122 -0.188340
v 0.214774 0.902345 -0.241490
v 0.208499 0.906614 -0.232365
v 0.154941 0.902407 -0.278961
v 0.219052 0.893572 -0.248636
v 0.158868 0.894746 -0.287701
v 0.094636 0.887535 -0.312742
v 0.157370 0.882930 -0.285903
v 0.094489 0.875910 -0.311062
v 0.033040 0.859070 -0.333245
v 0.089677 0.871926 -0.300474
v 0.028462 0.861732 -0.319406
v 0.083516 0.870014 -0.288287
v 0.023648 0.865236 -0.303554
v 0.079019 0.865376 -0.276301
v 0.020033 0.862383 -0.285396
v 0.076391 0.854936 -0.261655
v 0.018884 0.852487 -0.268838
v -0.035748 0.852662 -0.267163
v 0.017320 0.833097 -0.255989
v -0.036453 0.832869 -0.254260
v -0.088991 0.834596 -0.242699
v -0.037157 0.806202 -0.245427
v -0.087314 0.804949 -0.233725
v -0.131453 0.799352 -0.213731
v -0.084770 0.762051 -0.227104
v -0.126077 0.755905 -0.207797
v -0.162695 0.745149 -0.180659
v -0.172271 0.787332 -0.184328
v -0.192984 0.729467 -0.143340
v -0.208115 0.768940 -0.143577
v -0.210873 0.713063 -0.103690
v -0.177595 0.685769 -0.141114
v -0.193403 0.671588 -0.105224
v -0.201333 0.657344 -0.066737
v -0.172859 0.633178 -0.105131
v -0.178693 0.620608 -0.069945
v -0.179216 0.609768 -0.031417
v -0.145991 0.595246 -0.071709
v -0.144782 0.586778 -0.035034
v -0.138840 0.579641 0.000889
v -0.106467 0.575169 -0.039853
v -0.100493 0.568980 -0.007245
v -0.091829 0.565451 0.019315
v -0.065738 0.562899 -0.014766
v -0.071792 0.568578 -0.046092
v -0.039731 0.566895 -0.053772
v -0.033679 0.558923 -0.020493
v -0.010171 0.566465 -0.063084
v -0.003789 0.558111 -0.027380
v 0.001294 0.556374 -0.006304
v 0.022451 0.559065 -0.036615
v 0.027435 0.558694 -0.013736
v 0.031710 0.558456 0.001456
v 0.007879 0.556419 0.007623
v 0.014225 0.556800 0.017601
v 0.019751 0.557217 0.026422
v 0.053676 0.558997 0.022782
v 0.050315 0.562265 -0.023109
v 0.053911 0.561416 -0.006060
v 0.077172 0.564934 -0.036672
v 0.082745 0.564326 -0.016862
v 0.104751 0.574367 -0.053830
v 0.112188 0.571889 -0.028810
v 0.114671 0.570049 -0.006854
v 0.111139 0.568060 0.011848
v 0.144376 0.582915 -0.042549
v 0.147176 0.579941 -0.013705
v 0.144916 0.577098 0.012227
v 0.137335 0.573898 0.033992
v 0.101798 0.565529 0.027289
v 0.184116 0.595326 -0.019769
v 0.181242 0.591250 0.013877
v 0.171876 0.586230 0.043542
v 0.157168 0.581113 0.069444
v 0.215415 0.616464 0.017344
v 0.205927 0.609833 0.055141
v 0.189168 0.602802 0.088614
v 0.165295 0.595385 0.117786
v 0.137958 0.575709 0.091410
v 0.229814 0.644966 0.065295
v 0.211387 0.636820 0.104902
v 0.184578 0.628927 0.138867
v 0.151207 0.621040 0.166231
v 0.135853 0.588492 0.141630
v 0.224465 0.678745 0.115802
v 0.196180 0.670708 0.152706
v 0.161047 0.662751 0.182743
v 0.120605 0.655305 0.204319
v 0.113278 0.613671 0.186649
v 0.204643 0.715620 0.162559
v 0.168173 0.707882 0.194304
v 0.127032 0.700500 0.217043
v 0.081586 0.693675 0.231154
v 0.076727 0.648783 0.218159
v 0.173315 0.750319 0.204390
v 0.131986 0.743333 0.228201
v 0.085111 0.735912 0.242841
v 0.135600 0.769918 0.237780
v 0.086951 0.760003 0.251735
v 0.140142 0.789456 0.250145
v 0.088733 0.777153 0.263175
v 0.037226 0.768657 0.269010
v 0.091334 0.787543 0.275685
v 0.038710 0.779501 0.282014
v 0.094195 0.792001 0.287670
v 0.040746 0.784162 0.294831
v 0.097756 0.792496 0.298398
v 0.042688 0.784304 0.307833
v 0.101584 0.791235 0.307847
v 0.045067 0.781918 0.318789
v 0.105720 0.790073 0.318436
v 0.047845 0.778899 0.329731
v 0.159775 0.810007 0.295890
v 0.164652 0.809241 0.305236
v 0.215406 0.811825 0.266104
v 0.222370 0.815241 0.275106
v 0.262826 0.819658 0.224288
v 0.269329 0.824168 0.230887
v 0.296944 0.835124 0.171623
v 0.304861 0.839312 0.176133
v 0.322726 0.840474 0.112052
v 0.329727 0.843767 0.115074
v 0.335265 0.839105 0.046336
v 0.342313 0.845973 0.047658
v 0.331519 0.858313 -0.014981
v 0.337826 0.865977 -0.013912
v 0.320070 0.870249 -0.079414
v 0.326256 0.879796 -0.080007
v 0.296801 0.871235 -0.142304
v 0.298454 0.879211 -0.142066
v 0.264615 0.871758 -0.201301
v 0.269403 0.882378 -0.202954
v 0.215569 0.885828 -0.245985
v 0.256205 0.872892 -0.194527
v 0.208662 0.882168 -0.238352
v 0.151177 0.878313 -0.276361
v 0.201335 0.877701 -0.231349
v 0.144835 0.874711 -0.266987
v 0.193346 0.870648 -0.224373
v 0.138924 0.868821 -0.257053
v 0.184832 0.858829 -0.215795
v 0.133238 0.857730 -0.244995
v 0.175664 0.837570 -0.205312
v 0.126851 0.837578 -0.232605
v 0.072879 0.835392 -0.249160
v 0.121132 0.807991 -0.224738
v 0.069254 0.807928 -0.240902
v 0.015374 0.806925 -0.247147
v 0.064614 0.767886 -0.235680
v 0.012899 0.767607 -0.241450
v -0.037648 0.765750 -0.238657
v 0.009439 0.719315 -0.238128
v -0.038052 0.717123 -0.234117
v -0.081813 0.713446 -0.221467
v -0.040067 0.668796 -0.224153
v -0.080864 0.666071 -0.210560
v -0.120164 0.707515 -0.201636
v -0.152934 0.698395 -0.174910
v -0.042271 0.629043 -0.203440
v -0.079045 0.626746 -0.188364
v -0.042953 0.603160 -0.170408
v -0.076248 0.602212 -0.155421
v -0.042999 0.587407 -0.131385
v -0.074952 0.588311 -0.119679
v -0.107905 0.592461 -0.109447
v -0.074270 0.578314 -0.082709
v -0.108763 0.583514 -0.075503
v -0.142645 0.604869 -0.104765
v -0.042524 0.576872 -0.091825
v -0.010615 0.588752 -0.140749
v -0.012464 0.577906 -0.100798
v 0.022951 0.589180 -0.144829
v 0.015827 0.579129 -0.107746
v 0.016463 0.568496 -0.071951
v 0.056678 0.590397 -0.141007
v 0.089053 0.589966 -0.126640
v 0.033624 0.605330 -0.181469
v 0.073711 0.607057 -0.173281
v 0.111302 0.607107 -0.154391
v 0.142976 0.605471 -0.126090
v 0.116166 0.588573 -0.102568
v 0.088098 0.634341 -0.198209
v 0.130191 0.634524 -0.176071
v 0.165564 0.633110 -0.144525
v 0.192532 0.630107 -0.106991
v 0.165971 0.602439 -0.092034
v 0.143159 0.673297 -0.188487
v 0.180788 0.671607 -0.155149
v 0.210211 0.668253 -0.115356
v 0.229914 0.663686 -0.070987
v 0.209614 0.626081 -0.065567
v 0.190826 0.715630 -0.159316
v 0.221397 0.711564 -0.117992
v 0.242554 0.706239 -0.072249
v 0.253217 0.700276 -0.023743
v 0.239506 0.658563 -0.024510
v 0.230891 0.756482 -0.118202
v 0.252611 0.750694 -0.071231
v 0.263425 0.744570 -0.021638
v 0.263915 0.737861 0.029535
v 0.253580 0.693848 0.025556
v 0.263488 0.792935 -0.070178
v 0.274497 0.786775 -0.018645
v 0.274687 0.779898 0.034525
v 0.263210 0.772850 0.085546
v 0.253781 0.730914 0.078940
v 0.285025 0.814573 -0.016262
v 0.283746 0.805412 0.038313
v 0.272707 0.799440 0.090967
v 0.250360 0.793239 0.139002
v 0.241939 0.765419 0.131367
v 0.292958 0.821596 0.041654
v 0.282504 0.817219 0.096247
v 0.259830 0.812500 0.147286
v 0.225969 0.802788 0.190497
v 0.218004 0.784374 0.180475
v 0.292550 0.828949 0.101125
v 0.269000 0.823988 0.155192
v 0.234603 0.813484 0.200463
v 0.193214 0.807062 0.238032
v 0.185151 0.795878 0.225809
v 0.278373 0.830636 0.161882
v 0.244038 0.818890 0.209810
v 0.200317 0.811853 0.248272
v 0.148811 0.806520 0.273534
v 0.144539 0.801171 0.263184
v 0.253197 0.820630 0.217055
v 0.208143 0.812937 0.257805
v 0.154493 0.810078 0.285732
v 0.287216 0.833425 0.166845
v 0.302789 0.836494 0.104887
v 0.312376 0.839475 0.108432
v 0.312630 0.840243 0.046577
v 0.324452 0.841640 0.047226
v 0.312970 0.851282 -0.013682
v 0.322247 0.855007 -0.014270
v 0.301294 0.861569 -0.075472
v 0.310423 0.866310 -0.077479
v 0.277174 0.864566 -0.135645
v 0.287327 0.867786 -0.139271
v 0.246447 0.870952 -0.187450
v 0.267915 0.857357 -0.130864
v 0.235214 0.863684 -0.180505
v 0.259608 0.846187 -0.126442
v 0.225861 0.852675 -0.174376
v 0.250173 0.827575 -0.122031
v 0.216266 0.833317 -0.167537
v 0.240555 0.798908 -0.119185
v 0.207735 0.803890 -0.163054
v 0.167871 0.806705 -0.198337
v 0.199215 0.761125 -0.160620
v 0.160165 0.764355 -0.194942
v 0.114638 0.766603 -0.220193
v 0.152167 0.718277 -0.193091
v 0.107328 0.719949 -0.217978
v 0.058861 0.720277 -0.233187
v 0.098952 0.673469 -0.212563
v 0.051800 0.672606 -0.225862
v 0.004888 0.671025 -0.229285
v 0.043465 0.632170 -0.209565
v -0.000803 0.630483 -0.210871
v -0.006161 0.604708 -0.179598
v 0.274244 0.823080 -0.070449
v 0.284491 0.843049 -0.071858
v 0.294903 0.832493 -0.014857
v 0.293842 0.855344 -0.073891
v 0.303485 0.843360 -0.014111
v 0.301980 0.832897 0.044711
v 0.178345 0.776972 0.214272
v 0.211303 0.757701 0.171614
v 0.233722 0.723467 0.123636
v 0.244067 0.686517 0.072914
v 0.239189 0.652425 0.021503
v 0.216973 0.621721 -0.023280
v 0.179481 0.598965 -0.055696
v 0.134522 0.586047 -0.072993
v 0.071717 0.607886 0.199330
v 0.064994 0.577943 0.170348
v 0.101633 0.582501 0.159116
v 0.056206 0.562193 0.133942
v 0.085744 0.565597 0.125176
v 0.113654 0.570332 0.110541
v 0.071556 0.560432 0.097112
v 0.095516 0.564210 0.086663
v 0.063237 0.559049 0.079456
v 0.044323 0.557589 0.085159
v 0.048686 0.558288 0.104338
v 0.024041 0.557363 0.107738
v 0.024135 0.556851 0.088283
v 0.024421 0.560382 0.137775
v -0.003254 0.556971 0.106603
v -0.016430 0.556538 0.080057
v 0.002428 0.556449 0.086566
v -0.033366 0.557404 0.074047
v -0.045879 0.558378 0.065539
v -0.035711 0.557440 0.050659
v -0.046222 0.551307 0.041921
v -0.035174 0.552228 0.049707
v -0.052281 0.545732 0.048280
v -0.040363 0.546482 0.057090
v -0.027571 0.544922 0.063831
v -0.047227 0.539158 0.065642
v -0.034703 0.537139 0.072691
v -0.023007 0.533159 0.078617
v -0.015037 0.541214 0.069175
v -0.013617 0.527733 0.082293
v -0.004685 0.536609 0.072178
v -0.018019 0.524196 0.076310
v -0.009379 0.532186 0.066599
v -0.030356 0.525568 0.068076
v -0.022745 0.532551 0.059112
v -0.017087 0.537603 0.051549
v -0.035915 0.533948 0.051482
v -0.029485 0.538511 0.044679
v -0.023361 0.542542 0.038767
v -0.012178 0.542144 0.044630
v -0.042405 0.540680 0.036471
v -0.050192 0.536463 0.043017
v -0.059921 0.542469 0.039020
v -0.053319 0.547438 0.032098
v -0.056208 0.530096 0.052981
v -0.066501 0.532899 0.048073
v -0.059827 0.538395 0.056733
v -0.073723 0.522936 0.061862
v -0.067677 0.527832 0.068187
v -0.055386 0.529395 0.075896
v -0.074738 0.515447 0.082095
v -0.063989 0.517234 0.088227
v -0.055098 0.515529 0.093530
v -0.044207 0.527606 0.082591
v -0.046960 0.511046 0.098931
v -0.034010 0.522876 0.088588
v -0.040868 0.505981 0.102950
v -0.026215 0.517384 0.092629
v -0.043073 0.504445 0.097205
v -0.029457 0.514838 0.086957
v -0.051479 0.507356 0.089058
v -0.040046 0.517192 0.078194
v -0.060436 0.509337 0.083449
v -0.051485 0.519297 0.071088
v -0.043207 0.527437 0.060328
v -0.063876 0.520969 0.065475
v -0.071093 0.510318 0.079315
v -0.079692 0.511355 0.077252
v -0.076048 0.501453 0.090733
v -0.083311 0.502259 0.089538
v -0.078650 0.505394 0.093418
v -0.074895 0.497648 0.105929
v -0.070676 0.506691 0.097801
v -0.063458 0.505363 0.102014
v -0.056955 0.502267 0.106022
v -0.052100 0.498278 0.109027
v -0.054021 0.497058 0.104277
v -0.060251 0.499127 0.098326
v -0.067650 0.500791 0.093678
v -0.146156 0.812705 0.248303
v -0.167397 0.813951 0.211311
v -0.160397 0.817762 0.206349
v -0.042829 0.782203 -0.183706
v -0.090459 0.819838 -0.178267
v -0.078195 0.775841 -0.171897
v -0.071491 0.756785 -0.167454
v -0.109006 0.767195 -0.155536
v -0.101971 0.750294 -0.151925
v -0.096606 0.739207 -0.149173
v -0.128427 0.739734 -0.130938
v -0.122403 0.728908 -0.129095
v -0.115621 0.719196 -0.126531
v -0.141798 0.716439 -0.104148
v -0.134743 0.706303 -0.102597
v -0.154695 0.707044 -0.076426
v -0.147601 0.696713 -0.074545
v -0.163360 0.700347 -0.045367
v -0.155570 0.689847 -0.044222
v -0.167083 0.695172 -0.014463
v -0.159419 0.684745 -0.014631
v -0.167102 0.691061 0.014662
v -0.159529 0.681652 0.013623
v -0.163351 0.686343 0.042886
v -0.157066 0.677690 0.040090
v -0.155429 0.679052 0.069956
v -0.150914 0.670807 0.065926
v -0.145950 0.670610 0.091757
v -0.142445 0.663908 0.087356
v -0.137538 0.668851 0.086264
v -0.160425 0.688030 0.074419
v -0.149779 0.679018 0.097122
v -0.165936 0.697269 0.079135
v -0.153974 0.687974 0.102702
v -0.172538 0.707903 0.084552
v -0.159611 0.698391 0.108960
v -0.149882 0.690616 0.123860
v -0.170674 0.718000 0.120404
v -0.160844 0.711462 0.136778
v -0.156318 0.707941 0.145933
v -0.180302 0.736473 0.166670
v -0.181416 0.733756 0.175390
v -0.153655 0.705282 0.153294
v -0.184351 0.728495 0.182628
v -0.230091 0.750706 0.177896
v -0.235762 0.746168 0.184113
v -0.242006 0.740386 0.190313
v -0.282580 0.759388 0.155927
v -0.289500 0.753343 0.160223
v -0.295680 0.746008 0.162998
v -0.322084 0.763728 0.111642
v -0.313711 0.770036 0.108977
v -0.327486 0.782021 0.055476
v -0.303445 0.775793 0.105762
v -0.316242 0.788048 0.055287
v -0.318062 0.802842 0.003073
v -0.301771 0.792911 0.055075
v -0.304421 0.807112 0.004946
v -0.300965 0.823508 -0.047477
v -0.284906 0.809454 0.005809
v -0.281458 0.824408 -0.043159
v -0.264254 0.836339 -0.086223
v -0.254920 0.817899 -0.038365
v -0.241776 0.829373 -0.076388
v -0.220066 0.839914 -0.110008
v -0.221145 0.814771 -0.072197
v -0.204549 0.827605 -0.105457
v -0.181027 0.844791 -0.136857
v -0.190022 0.808320 -0.104773
v -0.168185 0.826998 -0.135206
v -0.137760 0.847850 -0.163683
v -0.151558 0.792573 -0.135009
v -0.123602 0.809552 -0.160154
v -0.135572 0.755264 -0.133098
v -0.172442 0.774667 -0.106232
v -0.156421 0.742423 -0.106195
v -0.148358 0.727348 -0.105386
v -0.170158 0.731858 -0.077040
v -0.161575 0.717762 -0.077347
v -0.178652 0.723872 -0.045111
v -0.170603 0.710888 -0.045928
v -0.182387 0.717728 -0.012773
v -0.174397 0.705534 -0.014009
v -0.181622 0.711861 0.018324
v -0.174153 0.700936 0.016124
v -0.176014 0.705223 0.049223
v -0.169616 0.695725 0.045868
v -0.192750 0.727871 0.022420
v -0.185056 0.718760 0.054284
v -0.209833 0.752625 0.030560
v -0.200279 0.740033 0.063787
v -0.185737 0.728195 0.095063
v -0.220773 0.764377 0.076916
v -0.205845 0.751833 0.110099
v -0.245232 0.778830 0.089605
v -0.228855 0.765629 0.124643
v -0.271387 0.782303 0.098005
v -0.250065 0.769146 0.136261
v -0.291029 0.780022 0.102298
v -0.264329 0.767458 0.144368
v -0.223234 0.754583 0.170057
v -0.274322 0.764152 0.150349
v -0.281217 0.795905 0.053572
v -0.255149 0.792202 0.048608
v -0.259089 0.805001 0.004955
v -0.231328 0.777163 0.040274
v -0.234948 0.789583 0.001780
v -0.231280 0.802423 -0.036622
v -0.213728 0.765150 -0.003741
v -0.211062 0.779056 -0.038569
v -0.203651 0.792962 -0.072452
v -0.192070 0.747516 -0.042811
v -0.185035 0.759807 -0.075406
v -0.194868 0.736982 -0.009771
v -0.130704 0.844320 0.053831
v -0.132944 0.850648 0.022764
v -0.005426 0.977803 -0.121536
v -0.006051 0.991831 -0.134496
v 0.034092 0.936783 -0.102393
v 0.067554 0.910923 -0.084450
v 0.062121 0.889788 -0.082236
v 0.090744 0.890031 -0.063651
v 0.059102 0.874167 -0.079489
v 0.086202 0.874671 -0.061492
v 0.106992 0.871190 -0.037690
v 0.083420 0.864297 -0.059390
v 0.103255 0.861806 -0.036222
v 0.081005 0.854620 -0.056672
v 0.099402 0.852656 -0.034560
v 0.095061 0.843592 -0.032890
v 0.057611 0.862970 -0.076942
v -0.089927 0.753139 0.082801
v -0.092105 0.765497 0.090063
v -0.086740 0.749053 0.100131
v -0.082017 0.761636 0.102247
v -0.068674 0.772139 0.112273
v -0.066802 0.773035 0.118291
v -0.058766 0.785144 0.116895
v -0.072733 0.776569 0.114472
v -0.063107 0.789729 0.111275
v -0.052377 0.803957 0.117394
v -0.048035 0.796321 0.118015
v -0.039122 0.811194 0.126298
v -0.079934 0.779716 0.106111
v -0.087196 0.783314 0.094444
v -0.085963 0.761702 0.106868
v -0.093427 0.766470 0.090486
v 0.002659 0.159200 -0.017885
v 0.012409 0.129021 -0.038465
v 0.006212 0.128197 -0.029775
v 0.005115 0.127770 -0.018954
v 0.009466 0.127759 -0.009555
v 0.008438 0.160094 -0.008918
v 0.007547 0.090208 -0.029941
v 0.006347 0.090153 -0.019954
v 0.009963 0.090230 -0.010904
v 0.017746 0.090456 -0.005229
v 0.017973 0.127936 -0.004265
v 0.007536 0.053759 -0.020796
v 0.010558 0.053750 -0.011815
v 0.018089 0.053952 -0.005777
v 0.027856 0.054070 -0.004625
v 0.027100 0.090725 -0.004269
v 0.010490 0.029678 -0.012694
v 0.017875 0.029853 -0.006026
v 0.028129 0.029982 -0.004562
v 0.037892 0.030088 -0.008842
v 0.037092 0.054181 -0.008344
v 0.043137 0.054171 -0.016333
v 0.042887 0.091055 -0.015532
v 0.036101 0.090962 -0.007689
v 0.043254 0.030090 -0.017318
v 0.043632 0.030062 -0.026826
v 0.044019 0.054161 -0.026148
v 0.039792 0.054201 -0.034818
v 0.039520 0.091144 -0.034878
v 0.043648 0.091158 -0.025864
v 0.039143 0.030007 -0.034979
v 0.031493 0.030015 -0.039903
v 0.031780 0.054239 -0.039891
v 0.022545 0.054120 -0.040969
v 0.021965 0.090700 -0.041325
v 0.031566 0.090990 -0.040080
v 0.022636 0.030045 -0.040614
v 0.014549 0.029916 -0.037265
v 0.013987 0.053990 -0.037452
v 0.008615 0.053834 -0.030049
v 0.013112 0.090399 -0.037957
v 0.009585 0.029793 -0.030493
v 0.007973 0.029660 -0.021814
v 0.021672 0.129617 -0.041668
v 0.031841 0.164314 -0.041164
v 0.031842 0.129838 -0.040384
v 0.032960 0.199201 -0.040742
v 0.041476 0.200098 -0.036750
v 0.035787 0.232458 -0.040384
v 0.047043 0.201315 -0.027616
v 0.049158 0.243085 -0.019283
v 0.047398 0.204359 -0.018879
v 0.045349 0.244488 -0.011105
v 0.044455 0.207141 -0.010578
v 0.038853 0.245725 -0.005652
v 0.037634 0.209629 -0.004672
v 0.030731 0.246995 -0.004303
v 0.028746 0.212414 -0.003487
v 0.027086 0.183105 -0.002618
v 0.018042 0.158032 -0.003688
v 0.028181 0.156481 -0.002722
v 0.027883 0.127806 -0.003287
v 0.023079 0.248436 -0.006888
v 0.031201 0.285800 -0.004229
v 0.023666 0.286161 -0.007026
v 0.018025 0.286545 -0.012678
v 0.017296 0.250029 -0.012771
v 0.015554 0.286882 -0.020237
v 0.014781 0.251725 -0.020828
v 0.016190 0.287092 -0.028106
v 0.015713 0.253475 -0.028873
v 0.019698 0.287172 -0.035236
v 0.020134 0.255179 -0.035730
v 0.026518 0.287063 -0.039490
v 0.027412 0.256716 -0.040004
v 0.026649 0.230404 -0.040312
v 0.035907 0.258315 -0.040379
v 0.034288 0.286355 -0.040386
v 0.025280 0.326993 -0.038878
v 0.032984 0.326985 -0.040123
v 0.040306 0.326154 -0.037865
v 0.031707 0.369228 -0.040646
v 0.039562 0.369311 -0.038061
v 0.045219 0.369260 -0.032270
v 0.045523 0.323456 -0.032116
v 0.048102 0.369182 -0.024567
v 0.048059 0.326006 -0.024602
v 0.048143 0.369179 -0.016269
v 0.047681 0.326899 -0.016868
v 0.047910 0.283361 -0.018156
v 0.044371 0.326874 -0.010037
v 0.045248 0.284889 -0.010455
v 0.038247 0.326685 -0.005156
v 0.039108 0.285428 -0.005556
v 0.030719 0.326534 -0.003623
v 0.037598 0.368954 -0.003815
v 0.029652 0.368585 -0.001857
v 0.021556 0.368153 -0.004373
v 0.023166 0.326486 -0.005817
v 0.015354 0.367857 -0.009745
v 0.017786 0.326559 -0.011581
v 0.012659 0.367856 -0.017394
v 0.015169 0.326772 -0.018885
v 0.013828 0.368101 -0.025261
v 0.015584 0.326891 -0.026777
v 0.018016 0.368461 -0.032671
v 0.019080 0.326961 -0.034271
v 0.023455 0.368926 -0.038711
v 0.013000 0.410131 -0.032678
v 0.020182 0.410735 -0.038437
v 0.029076 0.411422 -0.040266
v 0.014702 0.451778 -0.040541
v 0.025356 0.452836 -0.043594
v 0.036518 0.453794 -0.040863
v 0.037567 0.411992 -0.037606
v 0.045748 0.453953 -0.033079
v 0.044068 0.412090 -0.031798
v 0.050480 0.453664 -0.022399
v 0.047409 0.411901 -0.023737
v 0.050511 0.453065 -0.010758
v 0.047102 0.411407 -0.015140
v 0.045657 0.452320 0.000014
v 0.043117 0.410718 -0.007351
v 0.044399 0.369160 -0.008956
v 0.036488 0.409893 -0.002177
v 0.036885 0.451358 0.007085
v 0.026162 0.450294 0.009616
v 0.028238 0.409335 -0.000425
v 0.015501 0.449562 0.006895
v 0.019860 0.409176 -0.002118
v 0.006754 0.449186 -0.000626
v 0.013112 0.409195 -0.007389
v 0.001888 0.449382 -0.011131
v 0.009315 0.409346 -0.015497
v 0.001239 0.449853 -0.023030
v 0.009690 0.409670 -0.024513
v 0.006058 0.450833 -0.033271
v -0.014663 0.487083 -0.022163
v -0.007223 0.488989 -0.037746
v 0.004968 0.490592 -0.049213
v -0.011946 0.515595 -0.037912
v 0.001766 0.517248 -0.049940
v 0.019107 0.518421 -0.055096
v 0.021383 0.491973 -0.053472
v 0.037741 0.518993 -0.050947
v 0.038213 0.492642 -0.049543
v 0.053293 0.518667 -0.038616
v 0.052025 0.492765 -0.038346
v 0.061232 0.517777 -0.020781
v 0.059282 0.492325 -0.022337
v 0.060044 0.516965 -0.003074
v 0.058688 0.491888 -0.005397
v 0.051732 0.516124 0.011522
v 0.051270 0.491325 0.009121
v 0.038235 0.515289 0.021795
v 0.038712 0.490473 0.019314
v 0.021675 0.514599 0.026114
v 0.022989 0.489316 0.022901
v 0.005062 0.513939 0.022999
v 0.007062 0.487800 0.019861
v -0.010094 0.513225 0.013133
v -0.006208 0.486484 0.009858
v -0.019059 0.513089 -0.003095
v -0.014136 0.486097 -0.005200
v -0.019526 0.513951 -0.021191
v -0.019804 0.530718 -0.002761
v -0.020083 0.532135 -0.020690
v -0.012744 0.533746 -0.037068
v -0.020221 0.545128 -0.020701
v -0.012711 0.546566 -0.035893
v -0.000131 0.548502 -0.047648
v 0.000736 0.535730 -0.048901
v 0.017018 0.549934 -0.053219
v 0.018168 0.537302 -0.054099
v 0.034819 0.550528 -0.049747
v 0.038863 0.538418 -0.049645
v 0.054233 0.536715 -0.035660
v 0.057072 0.546931 -0.032517
v 0.061877 0.546336 -0.016046
v 0.060699 0.535247 -0.018278
v 0.059181 0.546953 -0.000637
v 0.059262 0.534424 -0.001716
v 0.050664 0.544453 0.012931
v 0.050758 0.533102 0.011934
v 0.045577 0.553513 -0.043408
v 0.038130 0.554215 -0.031846
v 0.045707 0.554955 -0.024338
v 0.030089 0.554045 -0.021759
v 0.036712 0.554444 -0.011364
v 0.022046 0.554000 -0.013268
v 0.028949 0.554223 -0.002987
v 0.013504 0.553931 -0.005801
v 0.020467 0.554061 0.004442
v 0.027918 0.554339 0.015139
v 0.011062 0.553884 0.011713
v 0.018345 0.554012 0.022147
v 0.003601 0.553791 0.001494
v -0.006813 0.552451 0.008633
v -0.020256 0.543603 -0.002500
v -0.010892 0.542717 0.012462
v -0.010361 0.530287 0.013094
v 0.047035 0.546671 0.034637
v 0.030690 0.547412 0.041567
v 0.052094 0.542938 0.041564
v 0.035331 0.542806 0.049530
v 0.018040 0.550009 0.048341
v 0.056281 0.538003 0.049865
v 0.041210 0.537028 0.058521
v 0.063734 0.531624 0.059336
v 0.050276 0.529296 0.069360
v 0.038640 0.528208 0.081345
v 0.067341 0.516925 0.084498
v 0.062343 0.516961 0.092654
v 0.069676 0.523644 0.087853
v 0.050561 0.536171 0.075506
v 0.079880 0.530122 0.080560
v 0.065240 0.542220 0.068259
v 0.091402 0.532243 0.073245
v 0.079959 0.544952 0.059484
v 0.104031 0.530063 0.065440
v 0.092660 0.543386 0.050875
v 0.109934 0.524256 0.058674
v 0.101835 0.539464 0.043819
v 0.100202 0.523203 0.062112
v 0.093629 0.534630 0.044633
v 0.087654 0.522223 0.067715
v 0.078688 0.533325 0.051161
v 0.076690 0.520207 0.075180
v 0.101545 0.505760 0.088987
v 0.094732 0.504210 0.093746
v 0.087147 0.501620 0.101232
v 0.108754 0.490099 0.110107
v 0.104033 0.488565 0.114667
v 0.104892 0.490737 0.115855
v 0.085430 0.503110 0.105443
v 0.109814 0.493892 0.112351
v 0.092428 0.508161 0.100761
v 0.114720 0.495457 0.109232
v 0.099799 0.511453 0.096049
v 0.107499 0.512610 0.091330
v 0.116620 0.510959 0.086224
v 0.118186 0.507206 0.083011
v 0.118691 0.492504 0.103724
v 0.109867 0.506643 0.085279
v 0.113604 0.491311 0.106718
v 0.125760 0.483530 0.114877
v 0.122069 0.482673 0.116963
v 0.121011 0.484361 0.119800
v 0.124518 0.485361 0.117506
v -0.155442 0.815140 0.030599
v 0.039498 0.884230 0.043818
v 0.042080 0.889676 0.046551
v 0.043781 0.900114 0.052314
v 0.024964 0.887555 0.063985
v 0.120009 0.546818 0.010420
v 0.150769 0.543673 0.011498
v 0.150620 0.552994 0.009319
v 0.151542 0.557806 -0.006638
v 0.188791 0.555833 0.008383
v 0.186032 0.560838 -0.008305
v 0.184562 0.561336 -0.026378
v 0.151590 0.558724 -0.023870
v 0.184182 0.558912 -0.044477
v 0.149804 0.557177 -0.040745
v 0.183772 0.553904 -0.059830
v 0.147868 0.553079 -0.055794
v 0.185582 0.547932 -0.057268
v 0.147358 0.543652 -0.054995
v 0.186813 0.550072 -0.040780
v 0.150117 0.544304 -0.038940
v 0.188138 0.550972 -0.022357
v 0.152193 0.544970 -0.021119
v 0.118907 0.546016 -0.017824
v 0.151906 0.544367 -0.003477
v 0.120076 0.546079 -0.002200
v 0.189909 0.549370 -0.004323
v 0.191215 0.548241 0.010652
v 0.225087 0.567257 -0.007347
v 0.227831 0.567659 0.006592
v 0.222731 0.572894 0.003138
v 0.251352 0.601266 -0.000501
v 0.246968 0.603717 -0.003824
v 0.242656 0.603333 -0.017481
v 0.218074 0.574810 -0.012487
v 0.241326 0.602809 -0.030582
v 0.216299 0.574493 -0.028800
v 0.242193 0.603021 -0.044094
v 0.217367 0.573000 -0.045185
v 0.245723 0.602525 -0.055749
v 0.219391 0.570900 -0.059786
v 0.249194 0.599874 -0.052062
v 0.223081 0.565423 -0.056228
v 0.248284 0.598068 -0.038246
v 0.222043 0.566463 -0.040356
v 0.248529 0.597714 -0.025192
v 0.222431 0.567127 -0.023726
v 0.250112 0.598940 -0.011943
v 0.270083 0.631651 -0.026676
v 0.271433 0.632475 -0.017294
v 0.272761 0.634347 -0.009020
v 0.268258 0.636614 -0.012132
v 0.289579 0.657295 -0.026151
v 0.265005 0.636392 -0.022627
v 0.289124 0.657514 -0.032902
v 0.263929 0.636504 -0.031503
v 0.289579 0.656868 -0.039067
v 0.264405 0.637196 -0.040684
v 0.290732 0.655205 -0.044268
v 0.266633 0.637450 -0.049035
v 0.291047 0.653475 -0.041059
v 0.268921 0.634319 -0.045292
v 0.291680 0.652741 -0.034657
v 0.269363 0.632147 -0.035531
v 0.292123 0.652331 -0.028192
v 0.309667 0.659789 -0.033784
v 0.310383 0.660619 -0.029528
v 0.319651 0.660758 -0.032340
v 0.320739 0.661984 -0.028690
v 0.324479 0.661415 -0.031222
v 0.324974 0.663102 -0.027515
v 0.321209 0.664244 -0.028473
v 0.325372 0.663639 -0.030298
v 0.319454 0.664190 -0.032180
v 0.308287 0.663614 -0.033184
v 0.309187 0.664174 -0.028802
v 0.318631 0.663096 -0.035896
v 0.308523 0.662482 -0.037655
v 0.318527 0.660614 -0.038890
v 0.309601 0.659619 -0.041149
v 0.319173 0.659375 -0.036222
v 0.309452 0.658535 -0.038105
v 0.068563 0.558389 -0.006518
v 0.046926 0.547876 -0.042072
v 0.050894 0.551083 -0.042658
v 0.055649 0.550696 -0.039319
v 0.181089 0.884121 -0.057200
v 0.179962 0.879974 -0.058374
v 0.178506 0.881884 -0.059650
v 0.178721 0.876495 -0.059528
v 0.175888 0.879618 -0.062133
v 0.177715 0.874141 -0.060403
v 0.174602 0.876163 -0.062766
v 0.171648 0.877446 -0.064986
v 0.172661 0.884532 -0.064226
v 0.173800 0.872150 -0.063298
v 0.170328 0.871940 -0.065902
v 0.173510 0.866795 -0.063230
v 0.171960 0.865500 -0.064301
v 0.176616 0.871305 -0.061137
v 0.175543 0.868640 -0.061829
v -0.035085 0.971848 -0.148138
v 0.034388 0.978887 -0.152722
v -0.024664 0.967564 -0.144768
v -0.033582 0.963147 -0.141150
v -0.018597 0.962240 -0.139849
v 0.026925 0.963642 -0.141341
v -0.011402 0.965309 -0.142423
v -0.005213 0.962197 -0.138228
v -0.004626 0.995859 -0.161223
v 0.009770 0.964922 -0.142229
v -0.040145 0.977879 -0.152436
v 0.018853 0.983801 -0.156482
v -0.016059 0.975154 -0.149971
v -0.023241 0.988427 -0.157822
v 0.001036 0.974311 -0.149625
v -0.006415 0.981380 -0.153953
v -0.010471 0.991358 -0.159466
v 0.003269 0.990513 -0.159329
v 0.012284 0.987425 -0.158384
v 0.219643 0.422466 -0.156460
v 0.101029 0.405420 -0.184330
v 0.087487 0.388454 -0.208663
v 0.160526 0.375059 -0.325367
v 0.169130 0.371712 -0.328789
v 0.171382 0.375021 -0.324851
v 0.261570 0.385710 -0.128476
v 0.256900 0.391269 -0.153588
v 0.254560 0.399199 -0.179399
v 0.263533 0.416715 -0.210256
v 0.257323 0.394471 -0.167354
v 0.262244 0.410168 -0.193562
v 0.258090 0.380749 -0.122847
v 0.214671 0.410107 -0.287601
v 0.235925 0.402678 -0.255407
v 0.215561 0.410383 -0.287662
v 0.258044 0.412346 -0.199149
v 0.197165 0.355510 -0.064778
v 0.262777 0.394308 -0.119748
v 0.206311 0.350094 -0.042272
v 0.229306 0.356660 -0.053658
v 0.187995 0.340764 -0.026898
v 0.188384 0.347630 -0.045761
v 0.197108 0.351584 -0.053440
v 0.266141 0.366756 -0.063938
v 0.236853 0.359675 -0.052357
v 0.180651 0.348113 -0.028044
v 0.210757 0.349558 -0.036117
v 0.196928 0.343281 -0.029346
v 0.193481 0.341212 -0.025466
v 0.211286 0.413478 -0.131136
v 0.251837 0.409786 -0.127761
v 0.251020 0.421751 -0.165405
v 0.204865 0.426174 -0.173878
v 0.181469 0.414398 -0.143107
v 0.239347 0.427685 -0.197634
v 0.108912 0.411821 -0.207630
v 0.085066 0.401171 -0.219916
v 0.078897 0.394870 -0.183439
v 0.090936 0.389439 -0.150632
v 0.112780 0.403772 -0.163159
v 0.135031 0.417388 -0.186878
v 0.089842 0.387464 -0.190584
v 0.074152 0.377948 -0.184083
v 0.075007 0.382194 -0.211316
v 0.098795 0.391146 -0.245619
v 0.107147 0.396622 -0.232954
v 0.118048 0.400844 -0.215253
v 0.149520 0.371880 -0.322493
v 0.149966 0.376947 -0.321834
v 0.155605 0.385031 -0.314860
v 0.164826 0.380498 -0.320902
v 0.162255 0.373931 -0.321502
v 0.151611 0.375129 -0.316919
v 0.165798 0.377108 -0.318236
v 0.172655 0.388006 -0.314684
v 0.180338 0.382114 -0.319661
v 0.172955 0.383545 -0.312122
v 0.282573 0.389679 -0.118624
v 0.276040 0.391874 -0.134957
v 0.232735 0.388891 -0.143633
v 0.240298 0.378592 -0.111395
v 0.251345 0.374835 -0.096004
v 0.255294 0.402844 -0.174018
v 0.271596 0.396665 -0.155748
v 0.270124 0.402962 -0.177459
v 0.252664 0.404517 -0.205059
v 0.261585 0.407125 -0.201838
v 0.234915 0.427257 -0.228221
v 0.274558 0.419723 -0.205387
v 0.249546 0.409674 -0.217848
v 0.239941 0.414804 -0.247899
v 0.251602 0.408561 -0.219498
v 0.253250 0.408096 -0.189012
v 0.245463 0.400892 -0.172033
v 0.215597 0.409037 -0.285601
v 0.232594 0.408829 -0.263156
v 0.226403 0.404612 -0.269873
v 0.222551 0.417338 -0.257325
v 0.194333 0.399542 -0.298022
v 0.198183 0.400976 -0.301071
v 0.241533 0.408551 -0.232222
v 0.259052 0.421642 -0.232003
v 0.276965 0.413199 -0.186704
v 0.265126 0.412854 -0.181963
v 0.248507 0.418945 -0.217869
v 0.259854 0.372164 -0.084717
v 0.270593 0.379730 -0.102792
v 0.281508 0.384952 -0.107342
v 0.204741 0.362725 -0.081424
v 0.231678 0.364168 -0.068879
v 0.217900 0.354800 -0.049515
v 0.214413 0.358618 -0.066020
v 0.192334 0.350660 -0.052286
v 0.258756 0.403233 -0.142062
v 0.275012 0.403477 -0.149424
v 0.272298 0.391550 -0.117281
v 0.264822 0.384608 -0.099151
v 0.255690 0.389990 -0.107749
v 0.245884 0.401272 -0.130905
v 0.243869 0.364755 -0.070201
v 0.228784 0.368198 -0.086876
v 0.207018 0.348528 -0.040378
v 0.189644 0.347698 -0.038994
v 0.263072 0.369680 -0.075878
v 0.253991 0.361088 -0.054675
v 0.259119 0.361445 -0.053136
v 0.252860 0.361080 -0.055273
v 0.261547 0.372144 -0.073848
v 0.281292 0.377371 -0.086753
v 0.276832 0.379462 -0.093578
v 0.276892 0.379792 -0.093476
v 0.242638 0.367353 -0.064675
v 0.239770 0.352907 -0.038185
v 0.217481 0.366260 -0.063083
v 0.228962 0.374910 -0.075978
v 0.158138 0.348653 -0.034956
v 0.156530 0.339373 -0.035615
v 0.193828 0.352731 -0.046190
v 0.160910 0.344039 -0.043206
v 0.166779 0.350900 -0.052496
v 0.173805 0.357961 -0.060775
v 0.122998 0.342262 -0.067034
v 0.131684 0.350156 -0.074489
v 0.140975 0.358727 -0.081993
v 0.150893 0.368045 -0.090728
v 0.183540 0.365521 -0.069022
v 0.098734 0.354169 -0.106288
v 0.107659 0.362137 -0.112568
v 0.118449 0.371023 -0.120141
v 0.133472 0.382176 -0.131528
v 0.164144 0.379256 -0.101722
v 0.078912 0.368002 -0.147530
v 0.090083 0.376248 -0.153412
v 0.106570 0.386730 -0.163381
v 0.137266 0.403717 -0.185854
v 0.159783 0.400855 -0.151099
v 0.193147 0.413033 -0.175356
v 0.212312 0.406200 -0.142518
v 0.184458 0.393331 -0.119607
v 0.170065 0.414799 -0.211013
v 0.195178 0.417251 -0.229284
v 0.218554 0.416557 -0.192576
v 0.149626 0.408907 -0.242801
v 0.173052 0.409457 -0.260519
v 0.191699 0.408491 -0.274276
v 0.212637 0.417495 -0.242742
v 0.138033 0.401897 -0.260736
v 0.160907 0.401306 -0.276163
v 0.178943 0.399975 -0.287794
v 0.152636 0.394388 -0.286315
v 0.169587 0.392791 -0.296755
v 0.182322 0.390771 -0.305951
v 0.187736 0.391995 -0.311945
v 0.161869 0.386137 -0.304018
v 0.146294 0.388112 -0.294988
v 0.141360 0.382292 -0.302790
v 0.156024 0.380200 -0.310814
v 0.137054 0.376732 -0.310721
v 0.119489 0.383193 -0.290802
v 0.114059 0.377308 -0.300366
v 0.111144 0.377433 -0.307518
v 0.133946 0.373433 -0.317599
v 0.116378 0.383922 -0.302064
v 0.136772 0.380748 -0.315007
v 0.123038 0.391082 -0.295406
v 0.142705 0.388439 -0.307194
v 0.130950 0.398004 -0.288512
v 0.150013 0.395527 -0.300077
v 0.162647 0.392427 -0.307855
v 0.159521 0.402896 -0.292409
v 0.171208 0.399806 -0.300109
v 0.180779 0.395889 -0.307139
v 0.184321 0.408972 -0.288711
v 0.192762 0.405419 -0.295767
v 0.211784 0.421400 -0.263666
v 0.213682 0.415993 -0.277948
v 0.173605 0.411996 -0.280122
v 0.198837 0.423052 -0.257610
v 0.156280 0.414700 -0.266714
v 0.181545 0.425124 -0.243966
v 0.211245 0.429188 -0.220867
v 0.156883 0.424619 -0.217725
v 0.182954 0.427458 -0.194972
v 0.157589 0.417126 -0.163635
v 0.133606 0.398335 -0.136426
v 0.162598 0.396073 -0.113654
v 0.146031 0.380668 -0.092369
v 0.184827 0.382219 -0.072486
v 0.199643 0.398012 -0.097538
v 0.115639 0.381903 -0.119816
v 0.104544 0.370958 -0.110707
v 0.134510 0.368313 -0.079393
v 0.077021 0.379936 -0.144046
v 0.067042 0.371792 -0.139124
v 0.096094 0.362334 -0.104608
v 0.062624 0.385759 -0.182806
v 0.049112 0.376742 -0.182302
v 0.039079 0.368968 -0.182130
v 0.058126 0.363315 -0.134807
v 0.070184 0.392717 -0.226158
v 0.059535 0.385539 -0.231089
v 0.049923 0.378565 -0.234892
v 0.041681 0.372287 -0.237746
v 0.030967 0.362167 -0.181547
v 0.091955 0.391948 -0.270196
v 0.083738 0.384653 -0.275016
v 0.076728 0.377608 -0.278873
v 0.079651 0.376044 -0.274106
v 0.046630 0.368140 -0.234601
v 0.056324 0.371930 -0.226981
v 0.049842 0.363233 -0.182484
v 0.037189 0.358770 -0.182251
v 0.086717 0.380968 -0.264590
v 0.092062 0.385977 -0.255809
v 0.064812 0.376490 -0.219422
v 0.124284 0.388821 -0.282457
v 0.130345 0.395104 -0.272733
v 0.061423 0.370114 -0.182861
v 0.069076 0.359980 -0.142008
v 0.089568 0.346621 -0.099803
v 0.058618 0.353153 -0.135894
v 0.083354 0.344668 -0.095560
v 0.051488 0.355981 -0.131626
v 0.088059 0.352742 -0.099461
v 0.116259 0.336270 -0.058822
v 0.119729 0.348011 -0.062250
v 0.126784 0.358607 -0.070645
v 0.165866 0.359732 -0.046018
v 0.174178 0.370510 -0.057886
v 0.197562 0.356547 -0.035908
v 0.212868 0.367594 -0.048146
v 0.225153 0.377650 -0.061727
v 0.239484 0.355231 -0.036206
v 0.256749 0.364125 -0.052029
v 0.280533 0.377918 -0.081506
v 0.240846 0.393322 -0.088637
v 0.291794 0.397141 -0.130931
v 0.247093 0.376807 -0.096890
v 0.259725 0.394070 -0.139989
v 0.264928 0.405909 -0.171461
v 0.286721 0.411142 -0.174430
v 0.217090 0.374236 -0.108689
v 0.214814 0.343519 -0.022516
v 0.100503 0.398683 -0.264699
v 0.111309 0.406554 -0.255849
v 0.141062 0.405664 -0.280414
v 0.129336 0.415487 -0.240966
v 0.235606 0.417901 -0.205801
v 0.249828 0.412182 -0.172599
v 0.234853 0.410848 -0.161210
v 0.228582 0.395307 -0.113329
v 0.242595 0.384392 -0.093595
v 0.210527 0.383632 -0.092568
v 0.195692 0.373530 -0.078622
v 0.206710 0.360549 -0.055720
v 0.253545 0.377578 -0.083003
v 0.283228 0.390513 -0.121009
v 0.282114 0.399230 -0.150876
v 0.285560 0.394916 -0.131003
v 0.283035 0.383526 -0.099020
v 0.252726 0.364955 -0.066677
v 0.257562 0.400702 -0.162523
v 0.260341 0.405195 -0.174007
v 0.035729 0.616414 -0.230826
v 0.034020 0.617372 -0.233307
v 0.035272 0.617385 -0.229118
v 0.037043 0.614686 -0.231794
v 0.033886 0.610538 -0.229995
v 0.026715 0.614015 -0.230777
v 0.026153 0.581080 -0.120318
v 0.085698 0.553845 -0.076845
v 0.067069 0.554470 -0.049830
v 0.035650 0.556068 -0.058357
v 0.064528 0.556119 -0.058405
v 0.067448 0.556337 -0.047535
v 0.045423 0.555617 -0.068839
v 0.041790 0.563031 -0.070092
v 0.070413 0.562125 -0.067385
v 0.003779 0.571264 -0.150925
v 0.009919 0.586111 -0.179522
v 0.006961 0.584549 -0.183855
v 0.038635 0.611829 -0.221233
v 0.042183 0.609115 -0.224105
v 0.030927 0.616343 -0.228969
v 0.034564 0.614505 -0.219041
v 0.039975 0.605132 -0.225209
v 0.026541 0.605616 -0.225483
v 0.023814 0.610809 -0.223847
v 0.033266 0.601653 -0.222091
v 0.029344 0.612595 -0.220759
v 0.032971 0.576777 -0.181512
v 0.021601 0.579278 -0.186695
v 0.031391 0.592615 -0.211691
v 0.041400 0.581737 -0.194194
v 0.026955 0.591943 -0.153573
v 0.015070 0.586023 -0.160739
v 0.010850 0.575860 -0.130305
v 0.019455 0.575345 -0.112648
v 0.020964 0.574467 -0.106830
v 0.032845 0.573142 -0.098564
v 0.010405 0.573113 -0.122028
v 0.082555 0.562668 -0.082757
v 0.074065 0.562078 -0.061560
v 0.076952 0.555025 -0.055472
v 0.074170 0.553493 -0.056908
v 0.081333 0.554330 -0.079336
v 0.059696 0.554666 -0.050497
v 0.065020 0.553821 -0.063813
v 0.057879 0.556846 -0.049912
v 0.049235 0.554928 -0.053705
v 0.047887 0.557495 -0.054529
v 0.034103 0.562064 -0.066760
v 0.023794 0.563428 -0.071805
v 0.028372 0.557767 -0.072964
v 0.055588 0.554739 -0.067758
v 0.054329 0.563820 -0.073609
v 0.052386 0.560398 -0.063323
v 0.041326 0.557190 -0.079538
v 0.054946 0.556675 -0.083488
v 0.038181 0.566224 -0.079585
v 0.025641 0.567551 -0.081450
v 0.072824 0.566142 -0.088774
v 0.053785 0.569714 -0.092892
v 0.020052 0.568861 -0.149601
v 0.028899 0.561610 -0.105366
v 0.019759 0.561911 -0.101786
v 0.016574 0.593942 -0.185255
v 0.019913 0.603491 -0.211602
v 0.016984 0.596925 -0.214194
v 0.026336 0.600983 -0.184810
v 0.027480 0.607580 -0.207869
v 0.037618 0.603099 -0.185863
v 0.034741 0.610142 -0.206972
v 0.046418 0.598556 -0.189993
v 0.040902 0.606732 -0.210061
v 0.054317 0.592993 -0.197001
v 0.046575 0.603373 -0.215574
v 0.056810 0.586769 -0.201986
v 0.045631 0.598808 -0.218896
v 0.049376 0.584021 -0.199185
v 0.038826 0.596357 -0.216849
v 0.023232 0.594204 -0.212896
v 0.073977 0.573186 -0.169098
v 0.066157 0.570578 -0.164174
v 0.054588 0.569168 -0.157135
v 0.081473 0.560502 -0.122062
v 0.066680 0.560528 -0.116521
v 0.047765 0.560854 -0.109747
v 0.037647 0.568395 -0.150822
v 0.068475 0.555624 -0.082916
v 0.089239 0.561116 -0.125293
v 0.069314 0.580369 -0.165907
v 0.084061 0.569616 -0.125755
v 0.058403 0.585570 -0.159576
v 0.070333 0.573385 -0.122793
v 0.045780 0.590816 -0.154058
v 0.051987 0.576749 -0.119843
v 0.019414 0.566070 -0.083075
v 0.232828 0.351868 -0.038241
v 0.233970 0.351364 -0.036323
v 0.229316 0.350601 -0.036663
v 0.230194 0.351576 -0.038800
v 0.231023 0.352497 -0.040818
v 0.233761 0.352836 -0.040450
v 0.236750 0.353206 -0.040049
v 0.240222 0.353635 -0.039582
v 0.235320 0.350942 -0.034532
v 0.228317 0.349492 -0.034233
v 0.077884 0.560514 -0.056116
v 0.076802 0.560969 -0.057181
v 0.075022 0.561605 -0.056681
v 0.075371 0.561408 -0.055320
v 0.075944 0.561084 -0.053085
v 0.077454 0.560508 -0.052784
v 0.079837 0.559601 -0.052310
v 0.080703 0.559416 -0.055084
v 0.080911 0.559417 -0.056661
v 0.078744 0.560243 -0.057104
v 0.083095 0.558226 -0.053501
v 0.084151 0.557726 -0.054639
v 0.085371 0.557148 -0.055954
v 0.082922 0.558641 -0.059075
v 0.081653 0.558909 -0.051948
v 0.057463 0.558646 0.039821
v 0.054845 0.558481 0.039262
v 0.057117 0.558513 0.041336
v 0.060056 0.558815 0.039811
v 0.057530 0.558566 0.039390
v 0.060022 0.558814 0.039103
v 0.057933 0.558615 0.037761
v 0.059955 0.558814 0.037701
v 0.057747 0.558620 0.036453
v 0.059885 0.558813 0.036237
v 0.057926 0.558653 0.034896
v 0.059813 0.558812 0.034749
v 0.057751 0.558662 0.033401
v 0.059742 0.558811 0.033265
v 0.057579 0.558671 0.031910
v 0.059670 0.558810 0.031772
v 0.055614 0.558520 0.033549
v 0.055436 0.558528 0.032051
v 0.053486 0.558378 0.033700
v 0.053293 0.558386 0.032193
v 0.055909 0.558518 0.035102
v 0.053942 0.558382 0.035606
v 0.053334 0.558321 0.037198
v 0.051632 0.558227 0.035900
v 0.051402 0.558239 0.033884
v 0.056105 0.558510 0.036669
v 0.055432 0.558442 0.038421
v 0.054852 0.558382 0.040027
v 0.052761 0.558261 0.038819
v 0.050713 0.558143 0.037636
v 0.048407 0.558010 0.036304
v 0.049692 0.558108 0.035283
v 0.049739 0.558130 0.033855
v 0.048830 0.558089 0.032487
v 0.051158 0.558244 0.032334
v 0.042522 0.557670 0.032904
v 0.043534 0.557737 0.032837
v 0.043419 0.557722 0.033422
v 0.066647 0.559990 0.028617
v 0.066523 0.559351 0.042678
v 0.059687 0.558755 0.032361
v 0.059726 0.558752 0.041561
v 0.062115 0.559218 0.027814
v 0.061155 0.558775 0.031656
v 0.065381 0.559775 0.028392
v 0.064539 0.559473 0.032652
v 0.065737 0.559652 0.032681
v 0.065083 0.559350 0.036958
v 0.064351 0.559281 0.037009
v 0.064603 0.559182 0.042362
v 0.061057 0.558957 0.032455
v 0.061872 0.559177 0.027771
v 0.060976 0.559024 0.027612
v 0.059707 0.558753 0.036997
v 0.061051 0.558907 0.037041
v 0.060899 0.558855 0.041754
v 0.062193 0.558969 0.041966
v 0.062284 0.559047 0.037077
v 0.062286 0.559138 0.032530
v 0.063405 0.559076 0.042166
v 0.063308 0.559164 0.037048
v 0.063440 0.559310 0.032586
v 0.064209 0.559575 0.028185
v 0.063044 0.559376 0.027978
v -0.116302 0.271331 0.200985
v -0.115203 0.267332 0.197001
v -0.067129 0.335117 0.132613
v -0.048151 0.355523 0.117907
v -0.080751 0.339847 0.067480
v -0.062557 0.352809 0.052283
v -0.031006 0.341785 0.163262
v -0.011743 0.338606 0.168762
v -0.004857 0.352810 0.126534
v -0.035855 0.350563 0.140002
v -0.017879 0.340868 0.129801
v -0.003581 0.340404 0.131943
v -0.016682 0.329524 0.163543
v -0.030210 0.335882 0.146683
v -0.106777 0.274206 0.207469
v -0.110347 0.284505 0.200133
v -0.119431 0.278026 0.194094
v -0.117981 0.273113 0.187777
v -0.105238 0.272924 0.202944
v -0.105818 0.280001 0.190477
v -0.086779 0.329515 0.130072
v -0.068346 0.341867 0.097989
v -0.048003 0.343031 0.115512
v -0.059915 0.325519 0.161092
v -0.084133 0.314096 0.165064
v -0.023511 0.358347 0.097200
v -0.054968 0.357673 0.076357
v -0.074758 0.351772 0.110457
v -0.075174 0.340442 0.150182
v -0.066845 0.343304 0.067375
v -0.085365 0.337795 0.090462
v -0.098167 0.333740 0.086300
v -0.083354 0.339020 0.056014
v -0.062914 0.343276 0.053041
v -0.111013 0.329213 0.081541
v -0.078661 0.351410 0.063038
v -0.040816 0.356054 0.058321
v -0.063803 0.349494 0.042128
v -0.087965 0.345740 0.053187
v -0.031323 0.352554 0.045589
v -0.005295 0.357101 0.083848
v 0.008320 0.354189 0.076167
v 0.008534 0.349872 0.076288
v -0.027241 0.346644 0.040240
v -0.063277 0.344944 0.029960
v -0.094700 0.339583 0.041875
v -0.032204 0.346058 0.051208
v -0.063087 0.342815 0.040267
v -0.089591 0.338110 0.047941
v -0.120789 0.326166 0.078062
v -0.123534 0.329705 0.078561
v -0.135293 0.309278 0.131204
v -0.128544 0.314888 0.134694
v -0.116949 0.322104 0.140131
v -0.114639 0.336368 0.087107
v -0.101481 0.329953 0.146454
v -0.099048 0.344319 0.097317
v -0.108308 0.310167 0.177519
v -0.091774 0.318094 0.181209
v -0.060594 0.330236 0.179589
v -0.085908 0.309042 0.198398
v -0.049969 0.321961 0.195228
v -0.080520 0.299334 0.209212
v -0.042314 0.313932 0.205222
v 0.002458 0.330954 0.178287
v -0.035830 0.305597 0.212716
v 0.011451 0.322939 0.185489
v 0.026585 0.347024 0.122849
v 0.014404 0.349714 0.124210
v 0.002336 0.323955 0.177723
v 0.021378 0.342173 0.126839
v -0.006011 0.326106 0.172018
v 0.011260 0.341259 0.128865
v -0.001352 0.348761 0.083535
v -0.012280 0.347800 0.091739
v -0.039167 0.346770 0.062914
v -0.025864 0.347058 0.101161
v -0.049635 0.346707 0.076807
v -0.044587 0.310648 0.193363
v -0.051026 0.317107 0.180463
v -0.038450 0.304935 0.205474
v -0.074437 0.289139 0.210099
v -0.076705 0.296372 0.196826
v -0.075754 0.290181 0.216735
v -0.094543 0.280810 0.213146
v -0.092574 0.280445 0.207469
v -0.098804 0.291153 0.205517
v -0.103378 0.301242 0.194828
v -0.115361 0.294096 0.189908
v -0.124195 0.285964 0.183740
v -0.120312 0.302961 0.172589
v -0.129079 0.294804 0.167577
v -0.122475 0.289827 0.161393
v -0.119509 0.280059 0.176676
v -0.127122 0.308775 0.128961
v -0.114016 0.315731 0.129577
v -0.110616 0.297871 0.161860
v -0.098757 0.305997 0.163664
v -0.095384 0.295800 0.180961
v -0.107697 0.287780 0.177937
v -0.101569 0.322719 0.129843
v -0.093155 0.287640 0.194200
v -0.079651 0.304070 0.183674
v 0.038262 0.902036 0.040866
v 0.036998 0.900980 0.038397
v 0.037046 0.899114 0.039422
v 0.038406 0.899592 0.041816
v 0.039283 0.904200 0.041793
v 0.039096 0.905923 0.040157
v 0.038075 0.904196 0.038489
v 0.036950 0.902587 0.036838
v 0.036175 0.904266 0.035169
v 0.034046 0.902175 0.033751
v 0.034674 0.900996 0.034988
v 0.035280 0.899858 0.036184
v 0.037837 0.906084 0.036417
v 0.038240 0.908311 0.038068
v 0.039553 0.908147 0.041969
v 0.038718 0.910952 0.040026
v 0.040421 0.905232 0.043989
v 0.035894 0.898708 0.037392
v -0.138673 0.636311 0.157023
v -0.137212 0.639821 0.155462
v -0.134408 0.636106 0.151735
v -0.136629 0.632996 0.154337
v -0.140818 0.635593 0.159568
v -0.140759 0.643112 0.159976
v -0.138479 0.630422 0.156486
v -0.135912 0.625258 0.153349
v -0.138592 0.621543 0.157010
v -0.140295 0.628008 0.158583
v -0.142812 0.635025 0.161938
v -0.133545 0.628548 0.150426
v -0.130372 0.623449 0.146649
v -0.133009 0.619564 0.150262
v -0.129743 0.633319 0.145744
v -0.127904 0.627228 0.143326
v -0.125533 0.623750 0.140515
v -0.126378 0.617582 0.141799
v -0.123693 0.611698 0.137363
v -0.127585 0.607636 0.143516
v -0.129869 0.613516 0.146702
v -0.130168 0.604318 0.148283
v -0.132940 0.609741 0.151490
v -0.135949 0.615623 0.154333
v -0.127409 0.599188 0.142858
v -0.144931 0.649030 0.165261
v -0.091513 0.548968 0.002588
v -0.087445 0.553916 0.000885
v -0.098537 0.559314 -0.000565
v -0.294970 0.662124 -0.028350
v -0.281242 0.659344 -0.035352
v -0.129355 0.545519 -0.050598
v -0.106982 0.548757 -0.019644
v -0.099082 0.549314 -0.023238
v -0.099828 0.547853 -0.035909
v -0.087942 0.553015 0.000732
v -0.108630 0.547917 -0.035835
v -0.115465 0.548013 -0.049679
v -0.134845 0.544951 -0.058222
v -0.096431 0.548223 -0.013067
v -0.088105 0.550096 -0.013439
v -0.083713 0.550847 0.000077
v -0.090866 0.557099 0.004369
v -0.111508 0.551085 0.012276
v -0.112828 0.544896 0.005880
v -0.080896 0.551999 0.006267
v -0.085437 0.551271 0.008556
v -0.114645 0.557444 0.000076
v -0.086931 0.562854 -0.010778
v -0.098754 0.562430 -0.012978
v -0.274346 0.659131 -0.021062
v -0.272165 0.659290 -0.026391
v -0.289376 0.661433 -0.029591
v -0.291900 0.661498 -0.028498
v -0.274852 0.656593 -0.022896
v -0.295553 0.662183 -0.029645
v -0.253470 0.645543 -0.044710
v -0.261947 0.647956 -0.045485
v -0.274624 0.658001 -0.041804
v -0.257431 0.651214 -0.038075
v -0.270763 0.658691 -0.034171
v -0.274391 0.654634 -0.038386
v -0.273113 0.654387 -0.032822
v -0.285941 0.659468 -0.032802
v -0.112387 0.553089 -0.056798
v -0.100453 0.550439 -0.037418
v -0.089646 0.556835 -0.033337
v -0.090472 0.555720 -0.023700
v -0.090225 0.553848 -0.011392
v -0.104421 0.548965 -0.016992
v -0.116475 0.545900 -0.056580
v -0.090050 0.551513 -0.002519
v -0.079092 0.552066 -0.004584
v -0.081002 0.552024 -0.014160
v -0.115799 0.546365 -0.030566
v -0.114814 0.546007 -0.046172
v -0.095540 0.548866 -0.046771
v -0.091350 0.549725 -0.041837
v -0.096821 0.549949 -0.003973
v -0.093740 0.553777 -0.047807
v -0.139554 0.555641 -0.055264
v -0.112428 0.557534 -0.047770
v -0.186928 0.555066 -0.057700
v -0.185878 0.560895 -0.059761
v -0.143552 0.546185 -0.044687
v -0.186680 0.556957 -0.043280
v -0.116404 0.545822 -0.056669
v -0.292392 0.661337 -0.031328
v -0.289485 0.660995 -0.033072
v -0.290396 0.660842 -0.032676
v -0.288773 0.660576 -0.030554
v -0.273586 0.655198 -0.027849
v -0.260473 0.647174 -0.026001
v -0.261245 0.649535 -0.018847
v -0.260466 0.646613 -0.032437
v -0.241743 0.621648 -0.034614
v -0.241668 0.621714 -0.023835
v -0.261455 0.647049 -0.039222
v -0.242902 0.623236 -0.044875
v -0.222618 0.585730 -0.053050
v -0.221329 0.584903 -0.038671
v -0.244085 0.624994 -0.052407
v -0.218918 0.589169 -0.058220
v -0.238328 0.626858 -0.047437
v -0.215998 0.590159 -0.046851
v -0.183819 0.564859 -0.044541
v -0.142413 0.559585 -0.040491
v -0.215085 0.590554 -0.031423
v -0.183290 0.566227 -0.026305
v -0.144018 0.561082 -0.021077
v -0.115799 0.560650 -0.016307
v -0.114703 0.560847 -0.033216
v -0.184663 0.566072 -0.008504
v -0.144737 0.558084 -0.002216
v -0.187608 0.562896 0.006611
v -0.145596 0.551616 0.011476
v -0.190430 0.557231 0.005895
v -0.147115 0.544241 0.006914
v -0.188518 0.557347 -0.009469
v -0.147751 0.545821 -0.009204
v -0.115046 0.545603 -0.010432
v -0.147003 0.546769 -0.027926
v -0.186914 0.557369 -0.026518
v -0.222451 0.586177 -0.010482
v -0.221247 0.584845 -0.024415
v -0.242865 0.624034 -0.012468
v -0.223756 0.587967 0.001254
v -0.240867 0.626733 -0.005855
v -0.260286 0.652528 -0.015613
v -0.237855 0.626099 -0.012662
v -0.257339 0.652448 -0.022525
v -0.235594 0.624825 -0.024534
v -0.256748 0.651704 -0.030321
v -0.235832 0.625227 -0.035996
v -0.215917 0.590968 -0.016938
v -0.219104 0.590696 -0.002317
v -0.099526 0.562919 -0.027710
v -0.097847 0.560612 -0.040097
v -0.092075 0.562091 -0.037050
v -0.086100 0.559294 -0.041034
v -0.084834 0.566238 -0.025348
v -0.080075 0.552113 -0.012206
v -0.078468 0.552167 -0.002323
v -0.076320 0.552732 0.003962
v -0.040499 0.554689 -0.032821
v -0.031707 0.556125 -0.019516
v -0.045802 0.554294 -0.029040
v -0.037879 0.557115 -0.021221
v -0.036422 0.558270 -0.030802
v -0.066308 0.522104 -0.192320
v -0.064117 0.516120 -0.208052
v -0.068211 0.509503 -0.222197
v -0.057926 0.522343 -0.209201
v -0.044313 0.523915 -0.208115
v -0.063298 0.525592 -0.200562
v -0.069259 0.523943 -0.179198
v -0.062482 0.514512 -0.213766
v -0.066551 0.525945 -0.191525
v -0.068617 0.518742 -0.196178
v -0.050354 0.552915 -0.041518
v -0.040881 0.553939 -0.044144
v -0.029839 0.555493 -0.042371
v -0.033916 0.555612 -0.028917
v -0.031266 0.556736 -0.026964
v -0.041001 0.558522 -0.027423
v -0.056363 0.552193 -0.045983
v -0.052684 0.558449 -0.039153
v -0.044503 0.560720 -0.040584
v -0.026639 0.557103 -0.040466
v -0.034993 0.559330 -0.041230
v -0.053881 0.527978 -0.195823
v -0.054287 0.533791 -0.180739
v -0.073422 0.518654 -0.191522
v -0.051338 0.523622 -0.206858
v -0.072055 0.515139 -0.209880
v -0.066993 0.516776 -0.212434
v -0.070413 0.512316 -0.212149
v -0.046792 0.524836 -0.210290
v -0.043976 0.529060 -0.201660
v -0.044337 0.526490 -0.198162
v -0.074200 0.517429 -0.202366
v -0.073129 0.521910 -0.190274
v -0.056199 0.537399 -0.182816
v -0.046339 0.539055 -0.184255
v -0.052414 0.530888 -0.203793
v -0.063306 0.532486 -0.179489
v -0.069341 0.526965 -0.177684
v -0.065469 0.538733 -0.149305
v -0.067844 0.537213 -0.149857
v -0.073317 0.514654 -0.203143
v -0.059133 0.547189 -0.108324
v -0.065263 0.550621 -0.109043
v -0.056216 0.555135 -0.110047
v -0.060490 0.543411 -0.152203
v -0.044163 0.559993 -0.111891
v -0.050751 0.548462 -0.152601
v -0.030806 0.558437 -0.113797
v -0.039404 0.548656 -0.153160
v -0.021873 0.552227 -0.113982
v -0.031002 0.542560 -0.152586
v -0.039483 0.535517 -0.184362
v -0.037475 0.542417 -0.151098
v -0.043184 0.533802 -0.182459
v -0.051290 0.541856 -0.150213
v -0.030697 0.549597 -0.111484
v -0.045192 0.548417 -0.109485
v -0.025799 0.553953 -0.069144
v -0.041358 0.552303 -0.068983
v -0.056271 0.550359 -0.068213
v -0.064523 0.552665 -0.068617
v -0.055445 0.558239 -0.070143
v -0.042329 0.563368 -0.070219
v -0.028312 0.562995 -0.068842
v -0.018728 0.558197 -0.068874
v -0.062392 0.518503 -0.213148
v -0.062100 0.515174 -0.220437
v -0.084673 0.565550 -0.031196
v -0.083712 0.566705 -0.029955
v -0.082666 0.566679 -0.031212
v -0.084351 0.564878 -0.032933
v -0.085367 0.564478 -0.032577
v -0.085308 0.564764 -0.030913
v -0.085254 0.565022 -0.029406
v -0.150128 0.347709 -0.003481
v -0.151043 0.391768 -0.063594
v -0.274381 0.366473 -0.107391
v -0.282209 0.372355 -0.115100
v -0.193631 0.411786 -0.080166
v -0.175940 0.413478 -0.108275
v -0.134481 0.412313 -0.106712
v -0.107105 0.412569 -0.090938
v -0.147895 0.429544 -0.119437
v -0.156324 0.352139 -0.013442
v -0.108984 0.363177 -0.030853
v -0.101509 0.360575 -0.028283
v -0.101571 0.367877 -0.028131
v -0.150573 0.357686 -0.010718
v -0.217365 0.354577 -0.020263
v -0.220506 0.349322 -0.018007
v -0.218972 0.349638 -0.024271
v -0.140823 0.383384 -0.051958
v -0.170813 0.377527 -0.044621
v -0.172074 0.388866 -0.060293
v -0.138156 0.401375 -0.081682
v -0.115832 0.396649 -0.079171
v -0.163556 0.403141 -0.083289
v -0.270327 0.372216 -0.112930
v -0.263158 0.374596 -0.102259
v -0.269468 0.367503 -0.097671
v -0.275245 0.360970 -0.094300
v -0.280297 0.361214 -0.109221
v -0.277434 0.366927 -0.120064
v -0.279693 0.373240 -0.106897
v -0.272697 0.384199 -0.113685
v -0.278026 0.380278 -0.123202
v -0.286631 0.366354 -0.117446
v -0.285468 0.364014 -0.105452
v -0.282718 0.375468 -0.130789
v -0.201916 0.396203 -0.058344
v -0.159790 0.397562 -0.051148
v -0.168009 0.415935 -0.081731
v -0.177035 0.428605 -0.116714
v -0.209373 0.418136 -0.104586
v -0.234043 0.399980 -0.086408
v -0.188455 0.404134 -0.090883
v -0.212982 0.407918 -0.116460
v -0.183068 0.419024 -0.133051
v -0.153607 0.415211 -0.110942
v -0.146718 0.420802 -0.136694
v -0.117582 0.413216 -0.118624
v -0.123298 0.405418 -0.068588
v -0.116122 0.394084 -0.053204
v -0.094293 0.407655 -0.089125
v -0.100209 0.421404 -0.125127
v -0.113098 0.422539 -0.114884
v -0.135927 0.421057 -0.096789
v -0.139764 0.432003 -0.138844
v -0.182800 0.432860 -0.144141
v -0.223828 0.420551 -0.130978
v -0.135979 0.432874 -0.153303
v -0.185287 0.433584 -0.159536
v -0.231232 0.419832 -0.146651
v -0.260617 0.398100 -0.126068
v -0.251676 0.400532 -0.111584
v -0.186895 0.433363 -0.174160
v -0.236031 0.418620 -0.159295
v -0.266891 0.395152 -0.136942
v -0.239950 0.416878 -0.168819
v -0.270779 0.392030 -0.146194
v -0.243385 0.414052 -0.178253
v -0.274433 0.387896 -0.154982
v -0.286504 0.370236 -0.138320
v -0.291009 0.358453 -0.123626
v -0.271915 0.384523 -0.155843
v -0.285045 0.366995 -0.141384
v -0.289984 0.354249 -0.127665
v -0.289775 0.349175 -0.108669
v -0.289118 0.355435 -0.107001
v -0.278352 0.370929 -0.135709
v -0.283772 0.360145 -0.124345
v -0.285369 0.354353 -0.109487
v -0.279444 0.352505 -0.092354
v -0.280980 0.348494 -0.091353
v -0.262372 0.348219 -0.060993
v -0.264604 0.356894 -0.059757
v -0.282004 0.356306 -0.089958
v -0.261533 0.351272 -0.063504
v -0.258635 0.360520 -0.068170
v -0.217669 0.356563 -0.032435
v -0.161396 0.358163 -0.020351
v -0.253710 0.367417 -0.074849
v -0.215716 0.363810 -0.040610
v -0.165918 0.363343 -0.026536
v -0.123783 0.371920 -0.039113
v -0.116818 0.367689 -0.035218
v -0.213735 0.370780 -0.048869
v -0.168269 0.370174 -0.035010
v -0.132638 0.377686 -0.045219
v -0.103095 0.393319 -0.079049
v -0.091317 0.389198 -0.078298
v -0.097179 0.410300 -0.128968
v -0.086839 0.408967 -0.135077
v -0.082625 0.386228 -0.078812
v -0.103182 0.411378 -0.126227
v -0.142092 0.422438 -0.151384
v -0.137667 0.422913 -0.160560
v -0.187588 0.422117 -0.162084
v -0.187517 0.423261 -0.174018
v -0.132795 0.423596 -0.171065
v -0.186478 0.421120 -0.150557
v -0.223356 0.408761 -0.134792
v -0.228695 0.409114 -0.146505
v -0.253838 0.391094 -0.128312
v -0.260466 0.388929 -0.138742
v -0.233425 0.408861 -0.157941
v -0.246960 0.392408 -0.117084
v -0.255969 0.382818 -0.108468
v -0.263389 0.380552 -0.119430
v -0.233338 0.392011 -0.097732
v -0.241945 0.382584 -0.088557
v -0.209992 0.378740 -0.057603
v -0.248327 0.374853 -0.081892
v -0.203731 0.388723 -0.069597
v -0.271302 0.376341 -0.128540
v -0.266572 0.386620 -0.147861
v -0.241187 0.409415 -0.177862
v -0.237166 0.409036 -0.168125
v -0.188917 0.426766 -0.193716
v -0.187994 0.424768 -0.183872
v -0.125688 0.426017 -0.187803
v -0.129002 0.424605 -0.179708
v -0.072453 0.408493 -0.145088
v -0.079358 0.408262 -0.140042
v -0.065051 0.381868 -0.080712
v -0.074076 0.383934 -0.079814
v -0.073190 0.412891 -0.144355
v -0.064893 0.389612 -0.079956
v -0.080775 0.416063 -0.139363
v -0.072625 0.395526 -0.082667
v -0.105400 0.376125 -0.034662
v -0.080605 0.400631 -0.085481
v -0.108801 0.383414 -0.041776
v -0.153859 0.372586 -0.023275
v -0.151902 0.365118 -0.016721
v -0.211538 0.369952 -0.031890
v -0.214238 0.362149 -0.025599
v -0.254642 0.375251 -0.067276
v -0.260384 0.366401 -0.062569
v -0.273267 0.376155 -0.093925
v -0.279263 0.366183 -0.090840
v -0.246903 0.385855 -0.074637
v -0.264907 0.386657 -0.099823
v -0.207259 0.382584 -0.043333
v -0.156630 0.384572 -0.035156
v -0.088069 0.418703 -0.134654
v -0.131008 0.432570 -0.168753
v -0.128047 0.431956 -0.177978
v -0.188128 0.432984 -0.183869
v -0.125385 0.430791 -0.186891
v -0.189531 0.431803 -0.193903
v 0.007301 0.570563 -0.116998
v 0.010405 0.573113 -0.122028
v 0.003317 0.569661 -0.122974
v 0.001942 0.567910 -0.117668
v 0.003980 0.567128 -0.108287
v 0.009774 0.570665 -0.111770
v 0.016628 0.574812 -0.115290
v 0.012443 0.571004 -0.106662
v 0.007429 0.566880 -0.097372
v 0.011423 0.575573 -0.130485
v 0.006827 0.573259 -0.131749
v 0.002367 0.571014 -0.132976
v 0.000520 0.569141 -0.128745
v -0.264220 0.824127 -0.170303
v -0.268586 0.829291 -0.164283
v -0.253843 0.829904 -0.176527
v -0.253129 0.836446 -0.173261
v -0.260293 0.832894 -0.169727
v -0.263034 0.834445 -0.166505
v -0.265447 0.825578 -0.168612
v -0.262626 0.828214 -0.169799
v -0.261735 0.825277 -0.171823
v -0.265661 0.832007 -0.165454
v -0.263921 0.829971 -0.167911
v -0.266892 0.827287 -0.166619
v -0.256210 0.828309 -0.175141
v -0.256543 0.831382 -0.173087
v -0.253485 0.833181 -0.174891
v -0.256834 0.834609 -0.171433
v -0.259721 0.829845 -0.171403
v -0.258962 0.826560 -0.173518
v -0.281953 0.817672 -0.157695
v -0.279375 0.821099 -0.157375
v -0.278753 0.818583 -0.160075
v -0.276522 0.822058 -0.159376
v -0.277076 0.824157 -0.157091
v -0.274368 0.827266 -0.157591
v -0.273251 0.824421 -0.161542
v -0.273205 0.820453 -0.164985
v -0.276008 0.819365 -0.162116
v -0.270563 0.826695 -0.162727
v -0.270111 0.822327 -0.167039
v -0.267892 0.829167 -0.164427
v -0.267855 0.823920 -0.168105
v -0.271340 0.830628 -0.158769
v -0.268076 0.836263 -0.161598
v -0.118162 0.798167 -0.099502
v -0.109021 0.797716 -0.098748
v -0.161497 0.888531 -0.060961
v -0.165657 0.884046 -0.056627
v -0.124581 0.810984 -0.094143
v -0.129311 0.810119 -0.104283
v -0.117162 0.793292 -0.106863
v -0.111851 0.791863 -0.094076
v -0.117670 0.810243 -0.083128
v -0.109641 0.784577 -0.102813
v -0.117138 0.814336 -0.091109
v -0.108813 0.812622 -0.081535
v -0.103778 0.792415 -0.095578
v -0.110460 0.793398 -0.105323
v -0.123652 0.813975 -0.101704
v -0.103477 0.785641 -0.104306
v -0.104601 0.780970 -0.097824
v -0.109633 0.784874 -0.109164
v -0.173356 0.897629 -0.056628
v -0.169498 0.894208 -0.051166
v -0.163470 0.898313 -0.049151
v -0.166686 0.897195 -0.054589
v -0.167973 0.891605 -0.061498
v -0.159413 0.892677 -0.054837
v -0.149761 0.876912 -0.061616
v -0.155707 0.876755 -0.068205
v -0.163573 0.876959 -0.073612
v -0.161692 0.871023 -0.064751
v -0.155414 0.872646 -0.058569
v -0.162851 0.889229 -0.051269
v -0.171623 0.887907 -0.058232
v -0.168459 0.871747 -0.072335
v -0.174516 0.891916 -0.062446
v -0.171077 0.875802 -0.077573
v -0.152028 0.844331 -0.099128
v -0.151490 0.840842 -0.092652
v -0.144596 0.840479 -0.079369
v -0.137985 0.842452 -0.067844
v -0.110208 0.809689 -0.074975
v -0.130575 0.846699 -0.061457
v -0.148731 0.875178 -0.055651
v -0.158371 0.892228 -0.049310
v -0.129273 0.849359 -0.069409
v -0.135693 0.846997 -0.081151
v -0.144210 0.845522 -0.090374
v -0.127637 0.811938 -0.108773
v -0.114176 0.792550 -0.109647
v -0.105878 0.789219 -0.090189
vt 0.208500 0.058123
vt 0.211360 0.057359
vt 0.211547 0.062296
vt 0.207468 0.062296
vt 0.071210 0.530587
vt 0.070832 0.524787
vt 0.076241 0.523312
vt 0.076608 0.528910
vt 0.027154 0.355241
vt 0.034012 0.351717
vt 0.033225 0.357053
vt 0.027764 0.357751
vt 0.195748 0.218007
vt 0.192839 0.215179
vt 0.197262 0.208583
vt 0.200966 0.213041
vt 0.031155 0.359303
vt 0.032468 0.360798
vt 0.253244 0.267823
vt 0.256792 0.255056
vt 0.264758 0.255299
vt 0.264262 0.266932
vt 0.264758 0.276192
vt 0.256556 0.275948
vt 0.090160 0.298502
vt 0.090160 0.285891
vt 0.097338 0.284037
vt 0.096009 0.292663
vt 0.311776 0.272532
vt 0.320565 0.271617
vt 0.318301 0.281893
vt 0.311776 0.284226
vt 0.493177 0.324459
vt 0.485200 0.323919
vt 0.485967 0.316147
vt 0.492861 0.313246
vt 0.110520 0.278865
vt 0.114209 0.285638
vt 0.110520 0.288119
vt 0.111207 0.274561
vt 0.106197 0.226882
vt 0.100334 0.228419
vt 0.100334 0.221684
vt 0.106422 0.223141
vt 0.260966 0.040233
vt 0.260966 0.028642
vt 0.267354 0.027304
vt 0.267307 0.036941
vt 0.859613 0.595187
vt 0.865651 0.596565
vt 0.861887 0.607230
vt 0.854792 0.604938
vt 0.862133 0.583216
vt 0.869635 0.586400
vt 0.325677 0.768209
vt 0.319081 0.770823
vt 0.313594 0.761225
vt 0.319596 0.757468
vt 0.200966 0.202274
vt 0.201164 0.206416
vt 0.193652 0.202274
vt 0.332015 0.715776
vt 0.330912 0.710247
vt 0.336940 0.709775
vt 0.336429 0.715145
vt 0.960860 0.239719
vt 0.956357 0.239497
vt 0.953468 0.227710
vt 0.958768 0.227589
vt 0.066859 0.304922
vt 0.072715 0.308583
vt 0.073977 0.311491
vt 0.066859 0.314076
vt 0.959629 0.248398
vt 0.957096 0.246744
vt 0.953992 0.244771
vt 0.955892 0.249184
vt 0.953533 0.247501
vt 0.138268 0.028121
vt 0.140170 0.025093
vt 0.146088 0.029996
vt 0.142563 0.032723
vt 0.953078 0.239363
vt 0.172390 0.181903
vt 0.170511 0.174781
vt 0.181366 0.167050
vt 0.179406 0.179862
vt 0.450066 0.852756
vt 0.449423 0.845553
vt 0.452787 0.847704
vt 0.446798 0.861459
vt 0.164988 0.187496
vt 0.164680 0.180126
vt 0.195973 0.197304
vt 0.189770 0.183882
vt 0.193152 0.181523
vt 0.195973 0.181716
vt 0.047091 0.760940
vt 0.032649 0.752630
vt 0.033544 0.751804
vt 0.056918 0.757044
vt 0.188072 0.206356
vt 0.186497 0.187086
vt 0.296433 0.038724
vt 0.295133 0.044126
vt 0.292819 0.033618
vt 0.297204 0.030334
vt 0.683806 0.973776
vt 0.683850 0.969863
vt 0.688135 0.968762
vt 0.690788 0.973563
vt 0.030497 0.030680
vt 0.033744 0.036950
vt 0.030365 0.038935
vt 0.030365 0.032803
vt 0.508467 0.277399
vt 0.525796 0.277952
vt 0.525861 0.283952
vt 0.508923 0.284593
vt 0.485875 0.207036
vt 0.490130 0.212857
vt 0.475322 0.213631
vt 0.475941 0.209670
vt 0.422369 0.322930
vt 0.427130 0.327537
vt 0.407111 0.325218
vt 0.416530 0.320850
vt 0.462199 0.215639
vt 0.470192 0.210854
vt 0.628505 0.215186
vt 0.629734 0.219459
vt 0.622238 0.219486
vt 0.621901 0.214484
vt 0.144060 0.356309
vt 0.139399 0.358247
vt 0.138759 0.352710
vt 0.143186 0.351963
vt 0.592456 0.285524
vt 0.586492 0.284784
vt 0.585878 0.279373
vt 0.593624 0.280532
vt 0.074667 0.238087
vt 0.080750 0.237443
vt 0.081398 0.241592
vt 0.074033 0.242051
vt 0.137054 0.341870
vt 0.138942 0.345743
vt 0.132574 0.347524
vt 0.132818 0.342965
vt 0.333496 0.528849
vt 0.329374 0.528869
vt 0.328370 0.522002
vt 0.332891 0.521839
vt 0.081007 0.246382
vt 0.074757 0.246589
vt 0.132958 0.353974
vt 0.144060 0.346756
vt 0.629519 0.224716
vt 0.621950 0.224257
vt 0.673346 0.073731
vt 0.675484 0.066277
vt 0.682372 0.071475
vt 0.678750 0.080420
vt 0.658891 0.067585
vt 0.661986 0.059283
vt 0.418650 0.422461
vt 0.425690 0.421066
vt 0.424813 0.437747
vt 0.419301 0.438138
vt 0.819786 0.809064
vt 0.831402 0.806758
vt 0.833201 0.814920
vt 0.823739 0.815684
vt 0.823565 0.801396
vt 0.831371 0.799665
vt 0.687558 0.075334
vt 0.687071 0.080466
vt 0.832019 0.793041
vt 0.834015 0.793011
vt 0.836477 0.798781
vt 0.839137 0.807043
vt 0.797866 0.139584
vt 0.786549 0.136717
vt 0.796202 0.121415
vt 0.808624 0.132427
vt 0.798715 0.153703
vt 0.782742 0.155940
vt 0.815006 0.149256
vt 0.295025 0.048342
vt 0.295422 0.050267
vt 0.293760 0.049682
vt 0.294029 0.048093
vt 0.016920 0.143578
vt 0.017877 0.142954
vt 0.018170 0.144576
vt 0.017157 0.145357
vt 0.179964 0.020648
vt 0.180399 0.022161
vt 0.179102 0.027255
vt 0.179102 0.021527
vt 0.003366 0.231974
vt 0.003894 0.242695
vt 0.001404 0.242580
vt 0.001404 0.230162
vt 0.968923 0.537238
vt 0.970159 0.535319
vt 0.969589 0.548117
vt 0.967503 0.547346
vt 0.778319 0.195746
vt 0.776680 0.189132
vt 0.793169 0.191140
vt 0.788519 0.198616
vt 0.771610 0.197493
vt 0.766426 0.189035
vt 0.776279 0.202676
vt 0.783581 0.215870
vt 0.772915 0.216161
vt 0.773851 0.211293
vt 0.773556 0.206454
vt 0.783287 0.224627
vt 0.774860 0.227124
vt 0.858173 0.817883
vt 0.862722 0.816544
vt 0.866362 0.823828
vt 0.860282 0.828332
vt 0.854779 0.808179
vt 0.860710 0.807988
vt 0.850493 0.817007
vt 0.847015 0.807800
vt 0.854246 0.825765
vt 0.859393 0.824353
vt 0.858969 0.826331
vt 0.857061 0.828986
vt 0.825519 0.827035
vt 0.831895 0.830251
vt 0.821250 0.839169
vt 0.815609 0.833246
vt 0.825794 0.821169
vt 0.833789 0.821600
vt 0.811128 0.826519
vt 0.692838 0.050218
vt 0.686142 0.061082
vt 0.678259 0.056698
vt 0.682140 0.047441
vt 0.698139 0.058105
vt 0.691099 0.065952
vt 0.684461 0.041724
vt 0.693165 0.042689
vt 0.706239 0.043997
vt 0.706400 0.049092
vt 0.708331 0.054890
vt 0.874919 0.819689
vt 0.869750 0.814170
vt 0.876366 0.812760
vt 0.879450 0.822345
vt 0.756356 0.201169
vt 0.752697 0.196404
vt 0.762213 0.200465
vt 0.763386 0.202947
vt 0.745058 0.209431
vt 0.748715 0.208011
vt 0.753345 0.218043
vt 0.743227 0.215893
vt 0.742053 0.206418
vt 0.748250 0.204367
vt 0.735573 0.210667
vt 0.862953 0.836032
vt 0.852160 0.836084
vt 0.852063 0.831498
vt 0.861152 0.831519
vt 0.763114 0.219712
vt 0.766142 0.214748
vt 0.203950 0.036339
vt 0.204074 0.028617
vt 0.208951 0.026782
vt 0.208951 0.035036
vt 0.696023 0.036242
vt 0.707169 0.038159
vt 0.134155 0.037669
vt 0.137455 0.035673
vt 0.138004 0.044085
vt 0.134371 0.045377
vt 0.112926 0.189484
vt 0.112926 0.180807
vt 0.114601 0.179808
vt 0.115507 0.186491
vt 0.842414 0.823568
vt 0.841737 0.829300
vt 0.842718 0.836535
vt 0.836010 0.836832
vt 0.827546 0.844264
vt 0.801070 0.230188
vt 0.792152 0.236721
vt 0.885033 0.822762
vt 0.888760 0.819461
vt 0.891922 0.827269
vt 0.884967 0.830974
vt 0.315742 0.238495
vt 0.322336 0.239493
vt 0.321128 0.246145
vt 0.313702 0.244051
vt 0.129145 0.362096
vt 0.127129 0.355336
vt 0.134045 0.360201
vt 0.594408 0.269712
vt 0.593961 0.274908
vt 0.586480 0.273864
vt 0.588282 0.269548
vt 0.513484 0.269307
vt 0.527882 0.271683
vt 0.360072 0.336648
vt 0.358393 0.333938
vt 0.370862 0.333592
vt 0.374912 0.337437
vt 0.396646 0.234360
vt 0.397210 0.241881
vt 0.382297 0.241851
vt 0.381797 0.235671
vt 0.408801 0.237559
vt 0.410464 0.243178
vt 0.640269 0.497583
vt 0.649476 0.500089
vt 0.649482 0.506627
vt 0.641861 0.505968
vt 0.008515 0.154557
vt 0.007488 0.155740
vt 0.007669 0.150301
vt 0.009085 0.149335
vt 0.006818 0.107681
vt 0.006818 0.102753
vt 0.009085 0.103657
vt 0.008752 0.108333
vt 0.008718 0.110316
vt 0.008140 0.108979
vt 0.878121 0.969089
vt 0.876928 0.967628
vt 0.878486 0.966831
vt 0.879572 0.969483
vt 0.063594 0.002507
vt 0.062770 0.003894
vt 0.062619 0.001182
vt 0.063594 0.000710
vt 0.006109 0.026507
vt 0.004880 0.028552
vt 0.004880 0.019973
vt 0.006489 0.020066
vt 0.641092 0.567821
vt 0.642316 0.560528
vt 0.645104 0.561199
vt 0.642512 0.570143
vt 0.641261 0.573643
vt 0.640801 0.570060
vt 0.880607 0.969374
vt 0.880227 0.966174
vt 0.881697 0.895506
vt 0.880832 0.892924
vt 0.882928 0.892963
vt 0.882603 0.894842
vt 0.026110 0.038935
vt 0.026277 0.035382
vt 0.026110 0.033565
vt 0.027255 0.035339
vt 0.174669 0.199305
vt 0.175208 0.209097
vt 0.167568 0.214143
vt 0.167568 0.203101
vt 0.299828 0.755421
vt 0.308558 0.749457
vt 0.306930 0.766206
vt 0.302395 0.063654
vt 0.297641 0.066190
vt 0.297641 0.046502
vt 0.301119 0.045236
vt 0.170881 0.268652
vt 0.169413 0.257519
vt 0.176506 0.257996
vt 0.174927 0.263057
vt 0.298468 0.736439
vt 0.305908 0.733851
vt 0.584379 0.098798
vt 0.579570 0.108179
vt 0.574071 0.106783
vt 0.576681 0.095482
vt 0.582459 0.090315
vt 0.587386 0.092277
vt 0.589760 0.097332
vt 0.577841 0.087514
vt 0.588190 0.104984
vt 0.583107 0.106522
vt 0.591864 0.103653
vt 0.548013 0.948153
vt 0.551867 0.956490
vt 0.542126 0.963009
vt 0.538789 0.955767
vt 0.538010 0.950099
vt 0.548096 0.946121
vt 0.547312 0.936449
vt 0.553771 0.940988
vt 0.559368 0.951617
vt 0.971969 0.333081
vt 0.971471 0.338579
vt 0.963069 0.338082
vt 0.965436 0.330205
vt 0.979771 0.331015
vt 0.980192 0.338030
vt 0.977340 0.324763
vt 0.585296 0.113559
vt 0.590268 0.112670
vt 0.590455 0.119401
vt 0.582687 0.117415
vt 0.018170 0.177757
vt 0.017201 0.181697
vt 0.015890 0.172722
vt 0.018170 0.171929
vt 0.979305 0.352399
vt 0.972513 0.351730
vt 0.971589 0.344860
vt 0.980064 0.345164
vt 0.987287 0.345032
vt 0.983233 0.351450
vt 0.203338 0.008109
vt 0.204248 0.007578
vt 0.203338 0.000681
vt 0.208951 0.005905
vt 0.135566 0.024231
vt 0.132721 0.027255
vt 0.131576 0.020143
vt 0.136273 0.020143
vt 0.117478 0.070083
vt 0.118136 0.064058
vt 0.121512 0.061130
vt 0.123294 0.065294
vt 0.315374 0.518823
vt 0.312937 0.525211
vt 0.308467 0.525292
vt 0.310495 0.518499
vt 0.208530 0.011144
vt 0.204311 0.012978
vt 0.315374 0.120699
vt 0.311166 0.119432
vt 0.312026 0.112463
vt 0.315006 0.111277
vt 0.788081 0.910933
vt 0.778280 0.915569
vt 0.775724 0.909410
vt 0.787310 0.905698
vt 0.178557 0.042140
vt 0.182766 0.045242
vt 0.182995 0.049318
vt 0.178557 0.049137
vt 0.022888 0.034446
vt 0.024659 0.041531
vt 0.020839 0.035878
vt 0.024659 0.030061
vt 0.457971 0.977307
vt 0.450736 0.980022
vt 0.452931 0.969994
vt 0.460354 0.966613
vt 0.297204 0.021064
vt 0.290947 0.024559
vt 0.469160 0.971034
vt 0.470228 0.975076
vt 0.461147 0.982229
vt 0.469824 0.963595
vt 0.452297 0.990248
vt 0.449862 0.987847
vt 0.696833 0.953970
vt 0.699416 0.958476
vt 0.692569 0.962296
vt 0.690737 0.955356
vt 0.511929 0.333630
vt 0.505653 0.334830
vt 0.505576 0.324445
vt 0.513349 0.325744
vt 0.698174 0.945083
vt 0.704591 0.948343
vt 0.163260 0.991922
vt 0.166123 0.994021
vt 0.159431 0.999171
vt 0.158184 0.993041
vt 0.989340 0.365139
vt 0.990248 0.371801
vt 0.984416 0.371811
vt 0.985041 0.364118
vt 0.158124 0.984855
vt 0.163933 0.985233
vt 0.173254 0.042686
vt 0.176506 0.040365
vt 0.176506 0.045424
vt 0.172343 0.043843
vt 0.279353 0.897598
vt 0.275877 0.915476
vt 0.270085 0.913249
vt 0.273835 0.896256
vt 0.281630 0.906747
vt 0.278833 0.917962
vt 0.830927 0.667403
vt 0.833251 0.664572
vt 0.830998 0.676112
vt 0.827409 0.676030
vt 0.133043 0.997658
vt 0.133597 0.991784
vt 0.138004 0.992061
vt 0.139433 0.998492
vt 0.522249 0.173835
vt 0.523728 0.180795
vt 0.516249 0.180441
vt 0.516411 0.174912
vt 0.562394 0.073162
vt 0.567735 0.076408
vt 0.564801 0.082786
vt 0.561952 0.081257
vt 0.504858 0.096338
vt 0.502272 0.106780
vt 0.496941 0.106792
vt 0.498040 0.097369
vt 0.830659 0.689344
vt 0.828506 0.687631
vt 0.834916 0.710576
vt 0.838553 0.713117
vt 0.836075 0.716619
vt 0.831615 0.712295
vt 0.835105 0.704107
vt 0.840388 0.706625
vt 0.830155 0.702372
vt 0.264993 0.942942
vt 0.265733 0.937871
vt 0.270664 0.940065
vt 0.267684 0.945808
vt 0.262308 0.950015
vt 0.260028 0.944983
vt 0.256627 0.936853
vt 0.518208 0.305765
vt 0.515758 0.294912
vt 0.521977 0.295466
vt 0.527199 0.304852
vt 0.507886 0.301087
vt 0.509007 0.293112
vt 0.515534 0.314876
vt 0.506519 0.311762
vt 0.650276 0.925246
vt 0.658075 0.927728
vt 0.657652 0.940364
vt 0.650901 0.939639
vt 0.260259 0.925590
vt 0.266733 0.927816
vt 0.644855 0.939183
vt 0.642989 0.926577
vt 0.250486 0.933177
vt 0.254881 0.923629
vt 0.492875 0.131081
vt 0.485644 0.127460
vt 0.485936 0.117474
vt 0.491569 0.118623
vt 0.497157 0.118589
vt 0.499287 0.130032
vt 0.963927 0.323840
vt 0.975742 0.319636
vt 0.057186 0.465659
vt 0.059700 0.479919
vt 0.053608 0.474744
vt 0.058325 0.453058
vt 0.389377 0.612077
vt 0.391076 0.617136
vt 0.376507 0.620587
vt 0.375232 0.612639
vt 0.402437 0.611561
vt 0.407806 0.615713
vt 0.362268 0.626003
vt 0.361385 0.619178
vt 0.058175 0.491879
vt 0.053608 0.490896
vt 0.967238 0.089915
vt 0.960212 0.091663
vt 0.957371 0.079772
vt 0.966633 0.078809
vt 0.415576 0.811930
vt 0.425921 0.807851
vt 0.427268 0.814149
vt 0.416262 0.818799
vt 0.891500 0.011877
vt 0.895146 0.018264
vt 0.885614 0.021168
vt 0.884453 0.010123
vt 0.903259 0.037287
vt 0.909384 0.020741
vt 0.913676 0.025257
vt 0.909762 0.042968
vt 0.417674 0.838949
vt 0.418057 0.825664
vt 0.428623 0.819604
vt 0.429863 0.824881
vt 0.892641 0.048005
vt 0.889195 0.031478
vt 0.899134 0.024415
vt 0.200409 0.939638
vt 0.216623 0.939156
vt 0.217671 0.944691
vt 0.206488 0.947640
vt 0.197372 0.956782
vt 0.193048 0.952369
vt 0.198676 0.924819
vt 0.215314 0.927927
vt 0.830017 0.927496
vt 0.819695 0.925424
vt 0.816602 0.911277
vt 0.823834 0.910874
vt 0.834804 0.907773
vt 0.843525 0.919107
vt 0.827024 0.943218
vt 0.819475 0.937708
vt 0.620313 0.306938
vt 0.639131 0.293618
vt 0.641173 0.298025
vt 0.620128 0.310339
vt 0.099481 0.970780
vt 0.098537 0.964502
vt 0.093902 0.958805
vt 0.100396 0.958803
vt 0.891605 0.736234
vt 0.899939 0.732084
vt 0.901542 0.734823
vt 0.895918 0.739766
vt 0.197454 0.078833
vt 0.197454 0.065156
vt 0.203760 0.077483
vt 0.203560 0.079168
vt 0.908294 0.726219
vt 0.909800 0.731490
vt 0.122120 0.586905
vt 0.121976 0.581067
vt 0.126892 0.582229
vt 0.125008 0.587919
vt 0.067809 0.006489
vt 0.066908 0.003283
vt 0.071381 0.001067
vt 0.071343 0.006489
vt 0.968991 0.093265
vt 0.969910 0.095385
vt 0.964846 0.096088
vt 0.962489 0.092915
vt 0.045291 0.332127
vt 0.041501 0.338170
vt 0.039059 0.342628
vt 0.039656 0.333433
vt 0.038787 0.326047
vt 0.046504 0.325535
vt 0.066640 0.008308
vt 0.070083 0.014800
vt 0.064559 0.019468
vt 0.064559 0.012722
vt 0.974144 0.092075
vt 0.969457 0.089728
vt 0.969759 0.084237
vt 0.975197 0.084752
vt 0.982710 0.090799
vt 0.982938 0.096700
vt 0.975520 0.098363
vt 0.970758 0.099876
vt 0.396039 0.966645
vt 0.395305 0.965517
vt 0.389394 0.964812
vt 0.392543 0.962376
vt 0.396741 0.955187
vt 0.402485 0.958244
vt 0.406457 0.970762
vt 0.401553 0.978567
vt 0.393553 0.973790
vt 0.410669 0.961159
vt 0.789084 0.971233
vt 0.780256 0.973376
vt 0.780311 0.965786
vt 0.787242 0.963807
vt 0.387552 0.962272
vt 0.387667 0.960254
vt 0.133043 0.967823
vt 0.138617 0.961000
vt 0.141268 0.961845
vt 0.139741 0.968227
vt 0.138209 0.975467
vt 0.134193 0.974954
vt 0.492493 0.175891
vt 0.499668 0.176659
vt 0.499868 0.182511
vt 0.492514 0.184055
vt 0.227884 0.092448
vt 0.234908 0.093182
vt 0.234908 0.102529
vt 0.229764 0.102319
vt 0.125565 0.569523
vt 0.123760 0.565450
vt 0.129029 0.563198
vt 0.129705 0.569523
vt 0.128561 0.576234
vt 0.123545 0.574529
vt 0.119169 0.570855
vt 0.963938 0.376611
vt 0.967457 0.378794
vt 0.963111 0.381708
vt 0.963285 0.378849
vt 0.964220 0.373151
vt 0.969449 0.374143
vt 0.054176 0.315936
vt 0.053017 0.318087
vt 0.052412 0.315127
vt 0.056475 0.313134
vt 0.962872 0.388268
vt 0.967179 0.385873
vt 0.973303 0.389750
vt 0.967976 0.393244
vt 0.110316 0.028682
vt 0.110316 0.036339
vt 0.107417 0.034505
vt 0.108648 0.034377
vt 0.972787 0.381866
vt 0.051073 0.320400
vt 0.045575 0.317891
vt 0.117478 0.054956
vt 0.118615 0.055945
vt 0.963212 0.368948
vt 0.962872 0.366033
vt 0.968827 0.363628
vt 0.969461 0.368897
vt 0.260081 0.131081
vt 0.257219 0.126518
vt 0.256650 0.122642
vt 0.263460 0.122642
vt 0.308916 0.107006
vt 0.312258 0.104947
vt 0.306945 0.111846
vt 0.058635 0.296790
vt 0.059090 0.302036
vt 0.051287 0.300771
vt 0.051279 0.294675
vt 0.229921 0.112912
vt 0.229921 0.105289
vt 0.234908 0.104261
vt 0.233734 0.112519
vt 0.060246 0.310340
vt 0.051613 0.307728
vt 0.302993 0.119203
vt 0.037575 0.318500
vt 0.036585 0.309616
vt 0.043911 0.308418
vt 0.313806 0.542495
vt 0.310165 0.541934
vt 0.309028 0.537924
vt 0.315374 0.537949
vt 0.541570 0.118103
vt 0.537685 0.115139
vt 0.545106 0.110872
vt 0.544692 0.116631
vt 0.190160 0.001510
vt 0.192080 0.004835
vt 0.185350 0.008838
vt 0.185874 0.001999
vt 0.314063 0.530367
vt 0.308201 0.531387
vt 0.395925 0.670699
vt 0.399125 0.663248
vt 0.406686 0.664731
vt 0.405326 0.670981
vt 0.392298 0.666802
vt 0.393376 0.662116
vt 0.389002 0.657515
vt 0.395255 0.657088
vt 0.388252 0.664177
vt 0.987652 0.336792
vt 0.993752 0.336003
vt 0.994141 0.341660
vt 0.351564 0.827867
vt 0.356090 0.812670
vt 0.366760 0.812080
vt 0.367171 0.827977
vt 0.370513 0.849642
vt 0.351384 0.851899
vt 0.344913 0.821478
vt 0.353095 0.816777
vt 0.357234 0.819916
vt 0.018403 0.024286
vt 0.020765 0.016440
vt 0.020752 0.022811
vt 0.020765 0.031148
vt 0.135640 0.901195
vt 0.132004 0.885766
vt 0.134400 0.882402
vt 0.141097 0.892992
vt 0.353545 0.799302
vt 0.370410 0.797766
vt 0.315017 0.944163
vt 0.321589 0.944917
vt 0.318419 0.953566
vt 0.304213 0.949890
vt 0.314931 0.939470
vt 0.318216 0.938202
vt 0.138159 0.899943
vt 0.147290 0.896457
vt 0.143482 0.900267
vt 0.143055 0.908031
vt 0.138820 0.910433
vt 0.134291 0.909055
vt 0.147539 0.906125
vt 0.152153 0.903886
vt 0.139928 0.878880
vt 0.145165 0.887074
vt 0.150201 0.893493
vt 0.335578 0.944836
vt 0.327162 0.944950
vt 0.322932 0.935501
vt 0.327948 0.933654
vt 0.346827 0.951481
vt 0.344516 0.956779
vt 0.334894 0.954789
vt 0.326784 0.954086
vt 0.332871 0.932194
vt 0.341310 0.940977
vt 0.350415 0.948007
vt 0.121913 0.872956
vt 0.131583 0.875329
vt 0.192188 0.065716
vt 0.192832 0.060545
vt 0.194675 0.061018
vt 0.194675 0.070083
vt 0.529716 0.093933
vt 0.521682 0.093862
vt 0.520883 0.088315
vt 0.527146 0.087567
vt 0.527278 0.098329
vt 0.520449 0.097323
vt 0.521710 0.105443
vt 0.518128 0.102400
vt 0.276492 0.541767
vt 0.268062 0.543209
vt 0.263201 0.538818
vt 0.269992 0.535550
vt 0.515731 0.087531
vt 0.513931 0.090894
vt 0.507341 0.082419
vt 0.511744 0.080331
vt 0.517376 0.078841
vt 0.260512 0.558407
vt 0.255989 0.569700
vt 0.252726 0.566609
vt 0.258144 0.554139
vt 0.264540 0.549393
vt 0.265587 0.557872
vt 0.461870 0.054259
vt 0.457011 0.044978
vt 0.476090 0.058422
vt 0.470194 0.065504
vt 0.762934 0.001950
vt 0.774142 0.000769
vt 0.767642 0.015979
vt 0.758026 0.011496
vt 0.747321 0.010728
vt 0.753672 0.002046
vt 0.491510 0.073167
vt 0.486589 0.076903
vt 0.302567 0.911499
vt 0.320752 0.920797
vt 0.316663 0.923615
vt 0.297474 0.919488
vt 0.280371 0.920159
vt 0.283993 0.911661
vt 0.971339 0.865328
vt 0.963381 0.858983
vt 0.962835 0.847601
vt 0.967603 0.847521
vt 0.973070 0.848723
vt 0.978567 0.868251
vt 0.530921 0.020506
vt 0.549802 0.026289
vt 0.542831 0.034018
vt 0.520771 0.024273
vt 0.527300 0.012618
vt 0.554711 0.018605
vt 0.509680 0.016695
vt 0.086503 0.220653
vt 0.090462 0.230014
vt 0.070346 0.228554
vt 0.073078 0.217430
vt 0.272943 0.294608
vt 0.272943 0.270306
vt 0.279034 0.275123
vt 0.278200 0.292536
vt 0.843414 0.959286
vt 0.847487 0.963837
vt 0.842637 0.971716
vt 0.837391 0.958242
vt 0.215660 0.551056
vt 0.218925 0.543051
vt 0.224986 0.544926
vt 0.228419 0.561962
vt 0.634083 0.806773
vt 0.616510 0.801665
vt 0.633193 0.794835
vt 0.641095 0.803729
vt 0.778429 0.054106
vt 0.770711 0.052692
vt 0.775003 0.043183
vt 0.781296 0.045909
vt 0.442521 0.834775
vt 0.442562 0.850187
vt 0.435192 0.849483
vt 0.435149 0.836527
vt 0.649564 0.814071
vt 0.642718 0.819255
vt 0.846591 0.975317
vt 0.845454 0.980684
vt 0.839615 0.978881
vt 0.850794 0.970729
vt 0.852414 0.978457
vt 0.191639 0.037780
vt 0.202462 0.028202
vt 0.202462 0.050854
vt 0.200908 0.051913
vt 0.480199 0.099655
vt 0.468291 0.110316
vt 0.468291 0.093259
vt 0.479228 0.095979
vt 0.018385 0.165433
vt 0.018221 0.151214
vt 0.019468 0.155056
vt 0.018221 0.166123
vt 0.435149 0.887719
vt 0.435557 0.883120
vt 0.442155 0.881883
vt 0.442262 0.886586
vt 0.670406 0.846921
vt 0.674123 0.841727
vt 0.679063 0.843662
vt 0.676003 0.848784
vt 0.170971 0.214682
vt 0.176506 0.214745
vt 0.176506 0.220632
vt 0.171369 0.218526
vt 0.824479 0.990039
vt 0.822074 0.987357
vt 0.825559 0.978198
vt 0.828716 0.980854
vt 0.832279 0.983414
vt 0.828893 0.990668
vt 0.130905 0.043482
vt 0.132379 0.042661
vt 0.130609 0.049318
vt 0.130609 0.042071
vt 0.938082 0.306289
vt 0.935982 0.304630
vt 0.938800 0.302102
vt 0.940651 0.305140
vt 0.687159 0.810286
vt 0.685340 0.808951
vt 0.687042 0.806229
vt 0.689667 0.809255
vt 0.972923 0.799466
vt 0.968703 0.795374
vt 0.970833 0.789059
vt 0.974207 0.789711
vt 0.683515 0.815040
vt 0.678645 0.807652
vt 0.680755 0.804800
vt 0.933503 0.300847
vt 0.937099 0.299717
vt 0.933278 0.298761
vt 0.935261 0.297854
vt 0.282117 0.088253
vt 0.282260 0.080899
vt 0.284436 0.081356
vt 0.283412 0.086720
vt 0.693044 0.806411
vt 0.689238 0.804194
vt 0.933518 0.294042
vt 0.936438 0.294624
vt 0.940000 0.296243
vt 0.684323 0.801751
vt 0.688215 0.800041
vt 0.692379 0.799434
vt 0.718401 0.172292
vt 0.733810 0.174536
vt 0.733790 0.179831
vt 0.724317 0.177898
vt 0.715173 0.161215
vt 0.732240 0.164661
vt 0.124070 0.210249
vt 0.128600 0.200161
vt 0.127168 0.206628
vt 0.129784 0.210249
vt 0.308369 0.149027
vt 0.303413 0.145815
vt 0.303176 0.138801
vt 0.308856 0.138885
vt 0.155740 0.215082
vt 0.154951 0.220198
vt 0.149587 0.220632
vt 0.149587 0.214132
vt 0.604906 0.265712
vt 0.606476 0.255671
vt 0.611193 0.255625
vt 0.609912 0.265208
vt 0.316195 0.140076
vt 0.316064 0.149633
vt 0.315924 0.158559
vt 0.309495 0.158978
vt 0.730178 0.189033
vt 0.732773 0.185898
vt 0.737809 0.190009
vt 0.739500 0.193824
vt 0.134712 0.060256
vt 0.133358 0.060998
vt 0.132339 0.056755
vt 0.136273 0.056755
vt 0.114565 0.107720
vt 0.114565 0.097406
vt 0.116768 0.097182
vt 0.118103 0.105701
vt 0.230387 0.543793
vt 0.228710 0.537879
vt 0.233623 0.537039
vt 0.234908 0.543311
vt 0.737589 0.201195
vt 0.734319 0.197718
vt 0.737916 0.196521
vt 0.753222 0.205437
vt 0.287535 0.022580
vt 0.289143 0.029824
vt 0.284015 0.031767
vt 0.282117 0.026252
vt 0.730079 0.201018
vt 0.229640 0.528300
vt 0.232782 0.528719
vt 0.679302 0.848494
vt 0.681750 0.841898
vt 0.001028 0.221702
vt 0.009496 0.224238
vt 0.005931 0.226881
vt 0.000779 0.222962
vt 0.006727 0.217599
vt 0.013532 0.220361
vt 0.002554 0.228956
vt 0.014284 0.230059
vt 0.011362 0.232790
vt 0.146082 0.164943
vt 0.157038 0.163083
vt 0.155714 0.168599
vt 0.147174 0.168085
vt 0.302395 0.276439
vt 0.300603 0.275681
vt 0.300482 0.266742
vt 0.302395 0.259756
vt 0.716126 0.173160
vt 0.691026 0.182521
vt 0.691803 0.173463
vt 0.866072 0.779155
vt 0.860844 0.778921
vt 0.860925 0.772113
vt 0.869168 0.774292
vt 0.868622 0.783899
vt 0.862082 0.785459
vt 0.875702 0.780703
vt 0.848974 0.780454
vt 0.849161 0.786033
vt 0.842563 0.785092
vt 0.845056 0.777262
vt 0.852475 0.772683
vt 0.854088 0.779123
vt 0.855679 0.786011
vt 0.513024 0.128714
vt 0.517669 0.135368
vt 0.500945 0.137062
vt 0.498090 0.133022
vt 0.486139 0.205058
vt 0.470742 0.202897
vt 0.469173 0.199107
vt 0.481662 0.201238
vt 0.507730 0.126655
vt 0.508248 0.124060
vt 0.519114 0.121930
vt 0.326226 0.529517
vt 0.323953 0.521383
vt 0.628125 0.123960
vt 0.628328 0.130359
vt 0.621448 0.131409
vt 0.620439 0.125814
vt 0.129687 0.342512
vt 0.127238 0.348765
vt 0.487986 0.192872
vt 0.487058 0.196900
vt 0.468472 0.194807
vt 0.466949 0.190420
vt 0.174078 0.236058
vt 0.176333 0.244388
vt 0.159927 0.244371
vt 0.159875 0.238096
vt 0.166123 0.216976
vt 0.157547 0.218036
vt 0.158846 0.214333
vt 0.163122 0.213115
vt 0.157584 0.232058
vt 0.169763 0.229105
vt 0.210249 0.050266
vt 0.210166 0.055807
vt 0.204159 0.054743
vt 0.204159 0.043671
vt 0.173741 0.490917
vt 0.164418 0.502018
vt 0.152778 0.481148
vt 0.170646 0.471425
vt 0.189622 0.490670
vt 0.182278 0.508991
vt 0.192641 0.464646
vt 0.417538 0.342361
vt 0.414907 0.346522
vt 0.373046 0.342765
vt 0.375826 0.339783
vt 0.005191 0.930623
vt 0.003798 0.923816
vt 0.005191 0.965589
vt 0.001038 0.936849
vt 0.193592 0.011161
vt 0.191446 0.013671
vt 0.192485 0.009812
vt 0.194675 0.008813
vt 0.521611 0.667087
vt 0.534647 0.645225
vt 0.533725 0.661661
vt 0.521870 0.660887
vt 0.185590 0.200615
vt 0.184101 0.220632
vt 0.178847 0.218507
vt 0.178847 0.193077
vt 0.410402 0.057964
vt 0.406480 0.068030
vt 0.389754 0.067303
vt 0.390284 0.058351
vt 0.460094 0.836600
vt 0.458039 0.847800
vt 0.457491 0.837204
vt 0.455436 0.830214
vt 0.465348 0.826374
vt 0.714770 0.502541
vt 0.686576 0.499756
vt 0.685226 0.493312
vt 0.717096 0.494462
vt 0.705658 0.504858
vt 0.685828 0.503621
vt 0.203510 0.547124
vt 0.195918 0.558840
vt 0.191728 0.551538
vt 0.201656 0.545418
vt 0.101630 0.196472
vt 0.103827 0.195882
vt 0.103827 0.207654
vt 0.100397 0.205396
vt 0.188815 0.565958
vt 0.177077 0.553567
vt 0.178612 0.157468
vt 0.188857 0.155095
vt 0.189928 0.156459
vt 0.167349 0.164502
vt 0.062369 0.303984
vt 0.064892 0.304927
vt 0.063778 0.316638
vt 0.062369 0.316672
vt 0.190169 0.164834
vt 0.189905 0.166761
vt 0.183832 0.169009
vt 0.191397 0.158330
vt 0.451898 0.870154
vt 0.184461 0.538153
vt 0.188087 0.532459
vt 0.198550 0.539318
vt 0.189586 0.544390
vt 0.523489 0.027459
vt 0.526955 0.040870
vt 0.522378 0.044204
vt 0.524651 0.031979
vt 0.219495 0.520947
vt 0.208773 0.535821
vt 0.202569 0.529883
vt 0.204210 0.521810
vt 0.220632 0.524186
vt 0.209145 0.540380
vt 0.660666 0.504858
vt 0.653465 0.496939
vt 0.684124 0.502064
vt 0.682929 0.979192
vt 0.688068 0.983183
vt 0.686351 0.982437
vt 0.781183 0.375687
vt 0.789084 0.387327
vt 0.773820 0.392930
vt 0.768798 0.375215
vt 0.125890 0.033744
vt 0.122644 0.029318
vt 0.122012 0.020188
vt 0.125890 0.019538
vt 0.778367 0.365919
vt 0.769462 0.346018
vt 0.774735 0.343171
vt 0.782516 0.367857
vt 0.784956 0.375145
vt 0.786485 0.373109
vt 0.785141 0.377899
vt 0.766083 0.349616
vt 0.750538 0.328163
vt 0.755396 0.323474
vt 0.758436 0.351895
vt 0.744743 0.333162
vt 0.727284 0.317889
vt 0.731948 0.312469
vt 0.923228 0.040792
vt 0.925817 0.018644
vt 0.932537 0.021013
vt 0.931374 0.042279
vt 0.932770 0.064067
vt 0.924763 0.063777
vt 0.936342 0.082163
vt 0.929293 0.083036
vt 0.941660 0.043527
vt 0.943149 0.064392
vt 0.946202 0.081231
vt 0.950609 0.093284
vt 0.941113 0.095221
vt 0.954932 0.064336
vt 0.953123 0.044680
vt 0.961673 0.045839
vt 0.963663 0.064227
vt 0.967852 0.046791
vt 0.969619 0.064766
vt 0.440325 0.804152
vt 0.441283 0.809369
vt 0.459082 0.805326
vt 0.459456 0.809757
vt 0.442203 0.814319
vt 0.974083 0.065358
vt 0.972987 0.047654
vt 0.978567 0.048157
vt 0.978563 0.065661
vt 0.443159 0.818568
vt 0.460043 0.813837
vt 0.460721 0.817921
vt 0.444641 0.822541
vt 0.431333 0.830044
vt 0.210901 0.707033
vt 0.208645 0.690606
vt 0.213765 0.689686
vt 0.215465 0.705271
vt 0.446488 0.826012
vt 0.433648 0.834690
vt 0.422179 0.849345
vt 0.419470 0.845512
vt 0.217993 0.719013
vt 0.221525 0.704152
vt 0.224541 0.717847
vt 0.229371 0.729714
vt 0.223184 0.731979
vt 0.800214 0.881771
vt 0.803599 0.897256
vt 0.796806 0.898505
vt 0.793632 0.881396
vt 0.230922 0.716633
vt 0.235984 0.727661
vt 0.807129 0.881426
vt 0.810723 0.896212
vt 0.810414 0.911996
vt 0.814068 0.880648
vt 0.818166 0.895247
vt 0.822359 0.879172
vt 0.827443 0.893453
vt 0.832100 0.876517
vt 0.838584 0.890207
vt 0.847148 0.902721
vt 0.855841 0.912213
vt 0.848078 0.886934
vt 0.856871 0.898466
vt 0.864554 0.907204
vt 0.871916 0.914142
vt 0.864259 0.919823
vt 0.863966 0.895218
vt 0.871176 0.903430
vt 0.116353 0.944881
vt 0.109776 0.944294
vt 0.107506 0.933684
vt 0.113874 0.933357
vt 0.106850 0.922569
vt 0.113225 0.921271
vt 0.102998 0.944480
vt 0.101026 0.934271
vt 0.100476 0.923228
vt 0.101449 0.910448
vt 0.107982 0.910019
vt 0.093760 0.935399
vt 0.093594 0.923574
vt 0.094933 0.910413
vt 0.098420 0.895602
vt 0.104941 0.896827
vt 0.087801 0.923585
vt 0.089004 0.909551
vt 0.092786 0.893791
vt 0.801577 0.075274
vt 0.792914 0.057049
vt 0.798151 0.054401
vt 0.806363 0.071613
vt 0.925517 0.668800
vt 0.929250 0.686277
vt 0.926028 0.686911
vt 0.922942 0.669562
vt 0.914155 0.650438
vt 0.916174 0.648630
vt 0.898959 0.635188
vt 0.900045 0.632764
vt 0.411699 0.910676
vt 0.414009 0.931122
vt 0.407682 0.932093
vt 0.406157 0.913749
vt 0.909782 0.654188
vt 0.895763 0.641606
vt 0.878742 0.636425
vt 0.878656 0.629013
vt 0.400533 0.898799
vt 0.399900 0.915843
vt 0.395340 0.903158
vt 0.894038 0.646120
vt 0.879365 0.642519
vt 0.865406 0.645298
vt 0.861970 0.640029
vt 0.735086 0.977863
vt 0.735872 0.990248
vt 0.728446 0.989184
vt 0.727742 0.978510
vt 0.724760 0.966772
vt 0.731608 0.964208
vt 0.720906 0.955066
vt 0.726643 0.950851
vt 0.719633 0.980123
vt 0.717152 0.970313
vt 0.713741 0.960985
vt 0.709262 0.953517
vt 0.715741 0.945228
vt 0.708679 0.974422
vt 0.705612 0.967189
vt 0.702407 0.961899
vt 0.697578 0.971626
vt 0.694620 0.966618
vt 0.686367 0.963897
vt 0.700588 0.977941
vt 0.693851 0.980880
vt 0.703258 0.984778
vt 0.696694 0.987070
vt 0.690889 0.989818
vt 0.064301 0.302395
vt 0.063437 0.296481
vt 0.071364 0.297062
vt 0.071333 0.301909
vt 0.545622 0.054899
vt 0.550546 0.059417
vt 0.547371 0.062666
vt 0.542636 0.059521
vt 0.537685 0.056210
vt 0.538585 0.051999
vt 0.962057 0.658650
vt 0.961888 0.652168
vt 0.969592 0.651084
vt 0.970689 0.657556
vt 0.971920 0.663748
vt 0.962235 0.665437
vt 0.973589 0.669545
vt 0.960481 0.673576
vt 0.978611 0.656568
vt 0.980772 0.662290
vt 0.984303 0.667412
vt 0.986441 0.654663
vt 0.990248 0.660355
vt 0.511356 0.211476
vt 0.514679 0.203162
vt 0.522195 0.202956
vt 0.518322 0.211547
vt 0.507489 0.203577
vt 0.508422 0.195489
vt 0.515972 0.194360
vt 0.523902 0.194256
vt 0.452624 0.961385
vt 0.460736 0.958024
vt 0.516389 0.187231
vt 0.524325 0.187087
vt 0.451326 0.954963
vt 0.460363 0.951754
vt 0.471551 0.950909
vt 0.470888 0.956527
vt 0.449862 0.949847
vt 0.459301 0.946444
vt 0.491494 0.107390
vt 0.508400 0.188375
vt 0.508130 0.181331
vt 0.500230 0.189423
vt 0.508252 0.175817
vt 0.133894 0.983590
vt 0.137494 0.984142
vt 0.145567 0.975793
vt 0.145107 0.984363
vt 0.145193 0.992317
vt 0.145860 0.999074
vt 0.151659 0.984556
vt 0.151708 0.992631
vt 0.152523 0.999333
vt 0.579466 0.081561
vt 0.571696 0.084857
vt 0.573492 0.078881
vt 0.585611 0.084617
vt 0.569872 0.093752
vt 0.563155 0.092867
vt 0.263460 0.293311
vt 0.257619 0.293311
vt 0.257673 0.284169
vt 0.262949 0.285274
vt 0.855202 0.225570
vt 0.844123 0.228547
vt 0.843938 0.227185
vt 0.855273 0.223937
vt 0.561403 0.092242
vt 0.568251 0.105099
vt 0.562314 0.104296
vt 0.566813 0.115236
vt 0.561403 0.114233
vt 0.573771 0.117232
vt 0.997779 0.090638
vt 0.990457 0.089838
vt 0.990589 0.084092
vt 0.998035 0.083411
vt 0.215868 0.322805
vt 0.211740 0.326389
vt 0.206767 0.325421
vt 0.207429 0.320327
vt 0.990194 0.095807
vt 0.994601 0.095627
vt 0.994952 0.101829
vt 0.989359 0.102774
vt 0.983032 0.103583
vt 0.976610 0.104812
vt 0.989506 0.109936
vt 0.983493 0.111199
vt 0.977483 0.111918
vt 0.972023 0.112491
vt 0.971328 0.105937
vt 0.985101 0.117893
vt 0.978141 0.119401
vt 0.972859 0.119360
vt 0.966020 0.106499
vt 0.965699 0.100793
vt 0.174174 0.001510
vt 0.179837 0.001926
vt 0.179872 0.009072
vt 0.174689 0.008060
vt 0.178812 0.017447
vt 0.173859 0.015602
vt 0.183828 0.019119
vt 0.366840 0.958093
vt 0.368796 0.948326
vt 0.374372 0.949228
vt 0.372198 0.957930
vt 0.188461 0.019761
vt 0.361474 0.958908
vt 0.363309 0.947065
vt 0.364015 0.937340
vt 0.369658 0.938373
vt 0.558037 0.093161
vt 0.554580 0.104510
vt 0.552204 0.102273
vt 0.555740 0.092450
vt 0.556109 0.083008
vt 0.558069 0.083405
vt 0.554774 0.074232
vt 0.556141 0.074412
vt 0.434999 0.678291
vt 0.425516 0.678565
vt 0.426342 0.672234
vt 0.435494 0.672348
vt 0.444302 0.672306
vt 0.443942 0.678270
vt 0.451127 0.672263
vt 0.451646 0.678768
vt 0.436042 0.666301
vt 0.444627 0.666239
vt 0.966145 0.637188
vt 0.971354 0.635209
vt 0.973923 0.642720
vt 0.967943 0.644414
vt 0.976596 0.649775
vt 0.976606 0.632971
vt 0.979503 0.640969
vt 0.983044 0.648311
vt 0.500067 0.203547
vt 0.492493 0.204169
vt 0.492631 0.197573
vt 0.500379 0.196379
vt 0.492620 0.190903
vt 0.990248 0.637939
vt 0.984911 0.639456
vt 0.981950 0.631220
vt 0.986954 0.629606
vt 0.011681 0.236434
vt 0.011681 0.245291
vt 0.006487 0.245235
vt 0.005996 0.236021
vt 0.447709 0.647303
vt 0.446251 0.653474
vt 0.437670 0.653559
vt 0.438635 0.647638
vt 0.439358 0.641879
vt 0.449133 0.641301
vt 0.429499 0.647601
vt 0.430265 0.641918
vt 0.431102 0.636417
vt 0.439924 0.636628
vt 0.449284 0.635731
vt 0.141464 0.563140
vt 0.140252 0.571701
vt 0.139418 0.571162
vt 0.139916 0.563207
vt 0.138827 0.555651
vt 0.141433 0.554912
vt 0.134575 0.570184
vt 0.134389 0.562731
vt 0.121997 0.367287
vt 0.116650 0.366940
vt 0.115676 0.359210
vt 0.121423 0.358950
vt 0.116287 0.351247
vt 0.121997 0.350014
vt 0.132810 0.555804
vt 0.126996 0.557313
vt 0.110699 0.360364
vt 0.110843 0.352647
vt 0.153275 0.968851
vt 0.152211 0.976194
vt 0.146499 0.968381
vt 0.106010 0.362441
vt 0.105867 0.354760
vt 0.160131 0.969590
vt 0.158976 0.976415
vt 0.165894 0.971571
vt 0.165150 0.977704
vt 0.989158 0.379714
vt 0.985510 0.386590
vt 0.978779 0.384577
vt 0.982578 0.378675
vt 0.975803 0.376563
vt 0.976800 0.370634
vt 0.976059 0.363230
vt 0.980017 0.354392
vt 0.987136 0.357725
vt 0.980311 0.392178
vt 0.115929 0.565322
vt 0.113098 0.559788
vt 0.118229 0.554912
vt 0.121199 0.559937
vt 0.115844 0.577713
vt 0.112710 0.572036
vt 0.137852 0.578398
vt 0.133379 0.577390
vt 0.136240 0.584480
vt 0.131691 0.583335
vt 0.136496 0.065727
vt 0.136693 0.061549
vt 0.142762 0.059485
vt 0.142534 0.064031
vt 0.142762 0.068960
vt 0.136396 0.070083
vt 0.837078 0.264805
vt 0.841991 0.269257
vt 0.840605 0.270384
vt 0.835151 0.265944
vt 0.831115 0.260050
vt 0.833546 0.259492
vt 0.969911 0.079084
vt 0.975702 0.079503
vt 0.829208 0.252938
vt 0.831314 0.252739
vt 0.982752 0.079596
vt 0.982872 0.084601
vt 0.990958 0.079084
vt 0.831107 0.244531
vt 0.829911 0.244323
vt 0.834794 0.234759
vt 0.835304 0.236144
vt 0.222407 0.010350
vt 0.222226 0.000888
vt 0.227121 0.001472
vt 0.227121 0.010383
vt 0.384263 0.625702
vt 0.393141 0.627564
vt 0.391867 0.633250
vt 0.383195 0.631190
vt 0.974380 0.314872
vt 0.963058 0.318401
vt 0.400726 0.634672
vt 0.399363 0.640172
vt 0.391284 0.638738
vt 0.986143 0.317381
vt 0.987309 0.322707
vt 0.401591 0.628665
vt 0.994141 0.323060
vt 0.993821 0.329329
vt 0.987604 0.329460
vt 0.397786 0.645713
vt 0.404711 0.646199
vt 0.403126 0.651976
vt 0.396856 0.651415
vt 0.406518 0.640895
vt 0.968280 0.810232
vt 0.974645 0.808749
vt 0.974765 0.815023
vt 0.968452 0.816414
vt 0.408231 0.635429
vt 0.968250 0.804089
vt 0.974972 0.802397
vt 0.982452 0.802041
vt 0.981943 0.807968
vt 0.415248 0.635154
vt 0.408891 0.629080
vt 0.415307 0.628677
vt 0.976194 0.797664
vt 0.983190 0.797340
vt 0.989526 0.807958
vt 0.989080 0.813923
vt 0.981631 0.814081
vt 0.990031 0.802387
vt 0.998035 0.803018
vt 0.997777 0.808260
vt 0.422466 0.641218
vt 0.416042 0.640068
vt 0.418123 0.634284
vt 0.423908 0.635713
vt 0.847147 0.273576
vt 0.848014 0.272270
vt 0.855273 0.273926
vt 0.854735 0.275141
vt 0.988775 0.819774
vt 0.981260 0.820323
vt 0.974550 0.821460
vt 0.409220 0.651810
vt 0.415307 0.651260
vt 0.414396 0.657611
vt 0.407808 0.658065
vt 0.401266 0.657699
vt 0.968528 0.822743
vt 0.413919 0.664378
vt 0.979158 0.831250
vt 0.988180 0.830644
vt 0.987746 0.835806
vt 0.976605 0.835806
vt 0.412982 0.670823
vt 0.980516 0.826004
vt 0.988484 0.825391
vt 0.419805 0.665299
vt 0.427298 0.665959
vt 0.418111 0.671669
vt 0.421097 0.658859
vt 0.428289 0.659599
vt 0.436675 0.659941
vt 0.997006 0.819810
vt 0.997322 0.814063
vt 0.429059 0.653449
vt 0.445047 0.659921
vt 0.416042 0.678139
vt 0.551909 0.066765
vt 0.553843 0.066197
vt 0.961269 0.645667
vt 0.079086 0.301488
vt 0.080557 0.297575
vt 0.361474 0.920997
vt 0.366511 0.920281
vt 0.368955 0.928908
vt 0.363306 0.928725
vt 0.372444 0.919794
vt 0.375164 0.929572
vt 0.375531 0.939861
vt 0.381208 0.930401
vt 0.381300 0.941225
vt 0.379722 0.950015
vt 0.387389 0.942324
vt 0.385244 0.950908
vt 0.382471 0.957980
vt 0.377310 0.957889
vt 0.171114 0.023689
vt 0.175365 0.025957
vt 0.391018 0.952360
vt 0.387612 0.958932
vt 0.384997 0.964058
vt 0.380282 0.963759
vt 0.169235 0.013842
vt 0.169957 0.006900
vt 0.393398 0.944023
vt 0.399995 0.945482
vt 0.401259 0.932197
vt 0.406073 0.947236
vt 0.394777 0.932041
vt 0.393099 0.917477
vt 0.387845 0.931280
vt 0.385950 0.918962
vt 0.381563 0.909463
vt 0.388735 0.906763
vt 0.378699 0.919351
vt 0.086955 0.281789
vt 0.084259 0.287290
vt 0.072970 0.285297
vt 0.073945 0.278703
vt 0.712296 0.990248
vt 0.711044 0.982461
vt 0.720410 0.989389
vt 0.082321 0.292547
vt 0.071997 0.291489
vt 0.063437 0.290137
vt 0.063593 0.282879
vt 0.413251 0.948806
vt 0.990695 0.115899
vt 0.205484 0.337342
vt 0.205484 0.331204
vt 0.211986 0.331764
vt 0.212411 0.337437
vt 0.303192 0.524316
vt 0.305860 0.517526
vt 0.218975 0.330250
vt 0.219334 0.336908
vt 0.309476 0.511809
vt 0.313207 0.512420
vt 0.502436 0.118537
vt 0.504858 0.129367
vt 0.709372 0.938666
vt 0.714640 0.932710
vt 0.721314 0.939901
vt 0.845721 0.665154
vt 0.841882 0.677586
vt 0.837211 0.676636
vt 0.839962 0.664041
vt 0.848399 0.650422
vt 0.853873 0.654092
vt 0.842469 0.646470
vt 0.858269 0.633690
vt 0.840933 0.645936
vt 0.856983 0.631250
vt 0.878747 0.625994
vt 0.216738 0.247416
vt 0.216738 0.269950
vt 0.212149 0.269011
vt 0.212023 0.249200
vt 0.790625 0.013126
vt 0.795891 0.015167
vt 0.794410 0.034527
vt 0.788818 0.035006
vt 0.802532 0.017070
vt 0.801176 0.033945
vt 0.804470 0.051680
vt 0.808266 0.032994
vt 0.810864 0.049522
vt 0.817244 0.065477
vt 0.811806 0.068140
vt 0.051092 0.897101
vt 0.068312 0.894008
vt 0.069680 0.901683
vt 0.053241 0.904500
vt 0.037452 0.906693
vt 0.035288 0.899547
vt 0.033217 0.893376
vt 0.049186 0.891073
vt 0.056251 0.914150
vt 0.040314 0.916199
vt 0.027100 0.917624
vt 0.025094 0.908112
vt 0.023216 0.901090
vt 0.043587 0.929410
vt 0.029056 0.930596
vt 0.016956 0.931697
vt 0.016742 0.918619
vt 0.121490 0.919711
vt 0.121996 0.932829
vt 0.029764 0.945450
vt 0.015062 0.946629
vt 0.854379 0.928114
vt 0.843906 0.939056
vt 0.029596 0.959497
vt 0.014494 0.959815
vt 0.837888 0.952353
vt 0.031553 0.970560
vt 0.014956 0.971522
vt 0.832830 0.964275
vt 0.824226 0.956329
vt 0.002036 0.971130
vt 0.016094 0.980636
vt 0.001789 0.980222
vt 0.820464 0.965928
vt 0.812629 0.958972
vt 0.816951 0.949957
vt 0.807244 0.954056
vt 0.811531 0.945601
vt 0.814300 0.934890
vt 0.807092 0.941991
vt 0.809750 0.932913
vt 0.809352 0.923854
vt 0.814405 0.924446
vt 0.804716 0.913476
vt 0.416859 0.886350
vt 0.419341 0.897477
vt 0.414954 0.897722
vt 0.412082 0.885734
vt 0.411713 0.867927
vt 0.416424 0.868824
vt 0.909507 0.066507
vt 0.910430 0.083914
vt 0.904197 0.083980
vt 0.902534 0.065090
vt 0.897984 0.085616
vt 0.894817 0.069159
vt 0.891481 0.087419
vt 0.886437 0.071739
vt 0.882312 0.053279
vt 0.875824 0.073367
vt 0.871864 0.054625
vt 0.867960 0.033995
vt 0.878243 0.034638
vt 0.866006 0.018790
vt 0.876120 0.020491
vt 0.866178 0.006319
vt 0.875358 0.008160
vt 0.859923 0.033736
vt 0.858166 0.017599
vt 0.858706 0.004478
vt 0.852063 0.016711
vt 0.853014 0.001959
vt 0.695698 0.303556
vt 0.696772 0.298771
vt 0.713573 0.302555
vt 0.710509 0.307785
vt 0.933855 0.097338
vt 0.697989 0.293401
vt 0.716535 0.297238
vt 0.736355 0.307175
vt 0.719208 0.291502
vt 0.740707 0.301479
vt 0.760749 0.318718
vt 0.744226 0.296343
vt 0.765392 0.314800
vt 0.780045 0.339784
vt 0.636853 0.516472
vt 0.635574 0.544787
vt 0.629968 0.543991
vt 0.630916 0.516206
vt 0.629760 0.494858
vt 0.638535 0.494753
vt 0.786604 0.363246
vt 0.282069 0.187222
vt 0.286949 0.159894
vt 0.289587 0.161053
vt 0.286137 0.187415
vt 0.291716 0.206683
vt 0.284883 0.210956
vt 0.291761 0.711160
vt 0.296471 0.681928
vt 0.303114 0.683764
vt 0.298066 0.710340
vt 0.294404 0.738411
vt 0.298577 0.134425
vt 0.301098 0.135793
vt 0.279141 0.024286
vt 0.280332 0.048880
vt 0.277995 0.048948
vt 0.276333 0.024893
vt 0.629760 0.573643
vt 0.635159 0.572691
vt 0.747271 0.291961
vt 0.721276 0.286332
vt 0.723036 0.281626
vt 0.699228 0.282436
vt 0.699603 0.277247
vt 0.698781 0.287745
vt 0.679465 0.290667
vt 0.677754 0.285413
vt 0.680795 0.295675
vt 0.664604 0.303543
vt 0.662628 0.299123
vt 0.681490 0.300408
vt 0.847029 0.015790
vt 0.853168 0.033639
vt 0.847566 0.033785
vt 0.854593 0.053957
vt 0.848088 0.053753
vt 0.862178 0.054393
vt 0.864766 0.074364
vt 0.856720 0.074775
vt 0.861026 0.094407
vt 0.854353 0.096281
vt 0.849680 0.075298
vt 0.869299 0.092595
vt 0.875582 0.108534
vt 0.867658 0.111233
vt 0.880953 0.090085
vt 0.233610 0.917650
vt 0.233151 0.928429
vt 0.214470 0.916264
vt 0.233311 0.938600
vt 0.213816 0.908749
vt 0.195316 0.905082
vt 0.194128 0.899812
vt 0.212934 0.903509
vt 0.861785 0.113884
vt 0.196473 0.912445
vt 0.335854 0.103592
vt 0.352941 0.109757
vt 0.352604 0.117108
vt 0.334833 0.111757
vt 0.336267 0.090276
vt 0.353567 0.097724
vt 0.373464 0.104062
vt 0.373512 0.114280
vt 0.337750 0.074323
vt 0.354936 0.082933
vt 0.373016 0.090306
vt 0.393607 0.093022
vt 0.394989 0.107397
vt 0.982188 0.483916
vt 0.983759 0.504413
vt 0.971948 0.502415
vt 0.969681 0.483540
vt 0.372126 0.076694
vt 0.391472 0.078330
vt 0.409128 0.078253
vt 0.412798 0.092698
vt 0.971223 0.463790
vt 0.958584 0.482706
vt 0.959846 0.464127
vt 0.959409 0.501563
vt 0.949079 0.499371
vt 0.949279 0.481363
vt 0.951356 0.462650
vt 0.965589 0.542975
vt 0.964335 0.560231
vt 0.954467 0.558600
vt 0.954461 0.542695
vt 0.954447 0.525544
vt 0.962508 0.524468
vt 0.010361 0.877859
vt 0.010355 0.893530
vt 0.001706 0.894810
vt 0.003557 0.877926
vt 0.004028 0.858549
vt 0.010383 0.860914
vt 0.035404 0.984209
vt 0.059994 0.973092
vt 0.060802 0.976569
vt 0.036547 0.988847
vt 0.016567 0.988950
vt 0.033977 0.977841
vt 0.055678 0.968392
vt 0.075720 0.956693
vt 0.080677 0.961251
vt 0.051249 0.963422
vt 0.071283 0.952775
vt 0.513512 0.975972
vt 0.513496 0.956089
vt 0.519110 0.954466
vt 0.519241 0.974931
vt 0.047858 0.956036
vt 0.068115 0.948424
vt 0.507979 0.975863
vt 0.507731 0.957496
vt 0.506559 0.941187
vt 0.512847 0.939266
vt 0.498791 0.974992
vt 0.500562 0.958733
vt 0.499900 0.943042
vt 0.497290 0.928781
vt 0.503602 0.926679
vt 0.489772 0.960151
vt 0.490778 0.944954
vt 0.489147 0.930604
vt 0.960643 0.717517
vt 0.974645 0.716896
vt 0.975703 0.724987
vt 0.961515 0.726216
vt 0.479924 0.946577
vt 0.479523 0.932071
vt 0.959767 0.706550
vt 0.973789 0.706367
vt 0.987569 0.707530
vt 0.988160 0.717731
vt 0.958710 0.696638
vt 0.973297 0.696516
vt 0.987685 0.697760
vt 0.999333 0.700250
vt 0.998837 0.710112
vt 0.972986 0.688365
vt 0.988350 0.689547
vt 0.252178 0.880344
vt 0.259570 0.880357
vt 0.260953 0.894911
vt 0.253527 0.894212
vt 0.258735 0.910197
vt 0.252036 0.908582
vt 0.266735 0.879035
vt 0.267926 0.895494
vt 0.264270 0.911700
vt 0.272848 0.876932
vt 0.261111 0.865505
vt 0.266751 0.861634
vt 0.271067 0.857699
vt 0.277340 0.874814
vt 0.972754 0.681322
vt 0.989713 0.682413
vt 0.957592 0.688219
vt 0.955922 0.681283
vt 0.808507 0.004648
vt 0.802775 0.000921
vt 0.809710 0.017664
vt 0.817636 0.017462
vt 0.816148 0.031756
vt 0.946753 0.697940
vt 0.947329 0.707775
vt 0.082816 0.899179
vt 0.084359 0.908985
vt 0.072003 0.911640
vt 0.817636 0.047510
vt 0.477530 0.961308
vt 0.075812 0.924150
vt 0.060279 0.927348
vt 0.080067 0.934584
vt 0.064456 0.940135
vt 0.046098 0.943816
vt 0.259567 0.663726
vt 0.258270 0.677044
vt 0.249549 0.676298
vt 0.250994 0.663396
vt 0.243868 0.906713
vt 0.245082 0.893035
vt 0.248507 0.921527
vt 0.239943 0.675580
vt 0.241498 0.662737
vt 0.244492 0.650544
vt 0.253972 0.650688
vt 0.233937 0.661803
vt 0.236905 0.649740
vt 0.240975 0.639467
vt 0.248803 0.640154
vt 0.999333 0.720054
vt 0.230846 0.648579
vt 0.234932 0.638740
vt 0.989344 0.725276
vt 0.990482 0.730894
vt 0.976770 0.730871
vt 0.992126 0.735549
vt 0.978094 0.735872
vt 0.498454 0.914117
vt 0.503718 0.911618
vt 0.509697 0.924288
vt 0.962333 0.732257
vt 0.508891 0.908795
vt 0.515345 0.921845
vt 0.518941 0.937357
vt 0.521144 0.919284
vt 0.525623 0.935452
vt 0.525139 0.953233
vt 0.530263 0.895289
vt 0.535223 0.878334
vt 0.539899 0.877958
vt 0.535331 0.895486
vt 0.524841 0.913676
vt 0.521144 0.913612
vt 0.525623 0.973024
vt 0.522005 0.623125
vt 0.521611 0.601960
vt 0.524712 0.600119
vt 0.524991 0.624665
vt 0.249396 0.031935
vt 0.253078 0.032962
vt 0.251038 0.059700
vt 0.249396 0.053252
vt 0.084359 0.963710
vt 0.528874 0.597958
vt 0.528683 0.623857
vt 0.533410 0.595342
vt 0.534708 0.618090
vt 0.856437 0.291083
vt 0.849458 0.305879
vt 0.840399 0.304693
vt 0.847548 0.289867
vt 0.444547 0.068685
vt 0.448805 0.076011
vt 0.428406 0.078539
vt 0.421337 0.069261
vt 0.454088 0.087117
vt 0.434262 0.090695
vt 0.460871 0.102589
vt 0.440204 0.106017
vt 0.417030 0.108201
vt 0.443814 0.116769
vt 0.419011 0.118127
vt 0.395657 0.117123
vt 0.420071 0.125075
vt 0.395987 0.123834
vt 0.373467 0.121281
vt 0.396038 0.129699
vt 0.373297 0.127504
vt 0.352183 0.123453
vt 0.372372 0.133500
vt 0.350848 0.129286
vt 0.332376 0.123450
vt 0.333936 0.117822
vt 0.593936 0.381439
vt 0.594070 0.405155
vt 0.588937 0.405846
vt 0.589466 0.381302
vt 0.593995 0.358950
vt 0.598273 0.360054
vt 0.318561 0.116705
vt 0.320957 0.111262
vt 0.604631 0.335782
vt 0.609265 0.338862
vt 0.856669 0.116805
vt 0.848296 0.098758
vt 0.623055 0.315371
vt 0.626479 0.320945
vt 0.843513 0.076070
vt 0.643311 0.303330
vt 0.645482 0.308798
vt 0.842726 0.053788
vt 0.660103 0.294248
vt 0.647354 0.313895
vt 0.657387 0.289655
vt 0.675627 0.279885
vt 0.144060 0.176903
vt 0.144060 0.195973
vt 0.139431 0.194573
vt 0.140703 0.176240
vt 0.278487 0.096404
vt 0.276333 0.097338
vt 0.278613 0.072464
vt 0.280319 0.072494
vt 0.321756 0.639938
vt 0.341578 0.624943
vt 0.344159 0.628783
vt 0.325750 0.643995
vt 0.312874 0.662094
vt 0.307545 0.658933
vt 0.329920 0.648395
vt 0.318343 0.665313
vt 0.310039 0.685567
vt 0.323413 0.668499
vt 0.316219 0.687301
vt 0.312256 0.709805
vt 0.305526 0.709999
vt 0.312791 0.731879
vt 0.870392 0.558167
vt 0.880185 0.539320
vt 0.887011 0.543283
vt 0.878187 0.560972
vt 0.873241 0.574951
vt 0.865379 0.571897
vt 0.315370 0.746481
vt 0.854719 0.582411
vt 0.857995 0.570042
vt 0.887079 0.563752
vt 0.881842 0.577870
vt 0.877619 0.589931
vt 0.890963 0.580788
vt 0.886854 0.593496
vt 0.883412 0.605021
vt 0.873849 0.600548
vt 0.880701 0.615937
vt 0.870843 0.610551
vt 0.118813 0.803289
vt 0.118199 0.815768
vt 0.106561 0.815399
vt 0.107672 0.800526
vt 0.108802 0.790297
vt 0.120141 0.793322
vt 0.094064 0.798321
vt 0.095609 0.787073
vt 0.097489 0.777826
vt 0.110251 0.782280
vt 0.121997 0.786073
vt 0.029697 0.618814
vt 0.030568 0.605604
vt 0.038606 0.604192
vt 0.036879 0.616711
vt 0.036057 0.629092
vt 0.029253 0.630633
vt 0.246812 0.429462
vt 0.248660 0.416306
vt 0.255697 0.419515
vt 0.252700 0.428210
vt 0.043201 0.612821
vt 0.041612 0.627165
vt 0.039607 0.638266
vt 0.034540 0.638719
vt 0.250144 0.443058
vt 0.256012 0.425159
vt 0.254756 0.443859
vt 0.046722 0.625696
vt 0.044208 0.638193
vt 0.041090 0.646322
vt 0.036927 0.645837
vt 0.001088 0.030560
vt 0.001024 0.017987
vt 0.003390 0.018098
vt 0.002815 0.030070
vt 0.003472 0.036198
vt 0.001024 0.039371
vt 0.148585 0.025632
vt 0.158840 0.032348
vt 0.155047 0.037596
vt 0.142872 0.023442
vt 0.171472 0.045710
vt 0.165750 0.049927
vt 0.159411 0.054362
vt 0.150167 0.041437
vt 0.151792 0.057226
vt 0.144280 0.044080
vt 0.138529 0.033781
vt 0.168147 0.075428
vt 0.159230 0.077548
vt 0.151212 0.079774
vt 0.144393 0.059267
vt 0.140875 0.045731
vt 0.955120 0.212646
vt 0.953078 0.190550
vt 0.960299 0.189420
vt 0.962077 0.211721
vt 0.964176 0.225797
vt 0.965589 0.236384
vt 0.330967 0.701376
vt 0.330912 0.689451
vt 0.338097 0.690713
vt 0.337558 0.701957
vt 0.345839 0.690379
vt 0.344531 0.701824
vt 0.343442 0.709471
vt 0.342226 0.716238
vt 0.024646 0.344819
vt 0.025305 0.335404
vt 0.030395 0.334375
vt 0.029599 0.344058
vt 0.349118 0.709317
vt 0.346898 0.719526
vt 0.036339 0.335420
vt 0.034954 0.343975
vt 0.070154 0.516451
vt 0.069604 0.507117
vt 0.075402 0.506691
vt 0.076078 0.516034
vt 0.081059 0.505228
vt 0.081420 0.514349
vt 0.479303 0.318197
vt 0.478806 0.324459
vt 0.072917 0.492227
vt 0.079344 0.490981
vt 0.485339 0.307906
vt 0.482556 0.295007
vt 0.490070 0.291286
vt 0.492298 0.304304
vt 0.221400 0.229717
vt 0.221400 0.217090
vt 0.228419 0.215808
vt 0.227991 0.228997
vt 0.090466 0.276184
vt 0.097005 0.275262
vt 0.085657 0.487703
vt 0.074980 0.466702
vt 0.083220 0.465188
vt 0.120873 0.947843
vt 0.126464 0.924169
vt 0.136273 0.924631
vt 0.126178 0.951313
vt 0.120873 0.891834
vt 0.126695 0.890705
vt 0.786779 0.442398
vt 0.766631 0.470423
vt 0.759809 0.465389
vt 0.779383 0.437255
vt 0.784794 0.409648
vt 0.785853 0.413915
vt 0.753165 0.461146
vt 0.770256 0.435821
vt 0.780817 0.411077
vt 0.792036 0.374920
vt 0.785505 0.343983
vt 0.793060 0.343240
vt 0.798414 0.370619
vt 0.761874 0.435144
vt 0.771577 0.412986
vt 0.802759 0.394316
vt 0.807486 0.366946
vt 0.811148 0.388655
vt 0.816168 0.405295
vt 0.808403 0.411785
vt 0.765730 0.395394
vt 0.762252 0.375445
vt 0.822237 0.384135
vt 0.826167 0.400939
vt 0.831889 0.415165
vt 0.823319 0.419201
vt 0.941178 0.004395
vt 0.941542 0.022998
vt 0.932284 0.001638
vt 0.837052 0.396933
vt 0.842265 0.410684
vt 0.951937 0.007278
vt 0.952520 0.024868
vt 0.961283 0.009909
vt 0.961523 0.026763
vt 0.966964 0.011628
vt 0.967535 0.028059
vt 0.972455 0.013264
vt 0.972968 0.029202
vt 0.977910 0.014728
vt 0.978567 0.030004
vt 0.478478 0.811315
vt 0.495657 0.813347
vt 0.494278 0.817955
vt 0.478199 0.815301
vt 0.207754 0.672943
vt 0.210365 0.657089
vt 0.215830 0.658412
vt 0.213454 0.673496
vt 0.221672 0.659583
vt 0.219707 0.673845
vt 0.219772 0.689083
vt 0.225873 0.674320
vt 0.225915 0.688727
vt 0.227674 0.703135
vt 0.232290 0.688494
vt 0.233957 0.702181
vt 0.237434 0.715359
vt 0.617111 0.952334
vt 0.617143 0.968840
vt 0.612354 0.968684
vt 0.612354 0.951565
vt 0.241611 0.701261
vt 0.245087 0.713751
vt 0.623226 0.952501
vt 0.623362 0.968879
vt 0.251078 0.700516
vt 0.254380 0.712581
vt 0.631124 0.952926
vt 0.631526 0.968704
vt 0.629386 0.938925
vt 0.637701 0.939122
vt 0.639041 0.953287
vt 0.639449 0.968751
vt 0.840685 0.873648
vt 0.645899 0.953797
vt 0.646305 0.968900
vt 0.847711 0.871035
vt 0.855384 0.883885
vt 0.853366 0.868450
vt 0.861106 0.880603
vt 0.870158 0.891737
vt 0.877336 0.900562
vt 0.106824 0.954393
vt 0.113247 0.964582
vt 0.107148 0.967628
vt 0.095479 0.946371
vt 0.089376 0.947867
vt 0.087801 0.936911
vt 0.925196 0.713462
vt 0.918972 0.722996
vt 0.915498 0.718876
vt 0.921233 0.709962
vt 0.924927 0.699609
vt 0.928449 0.700598
vt 0.651574 0.980622
vt 0.652445 0.969144
vt 0.658781 0.970128
vt 0.658876 0.981163
vt 0.651986 0.954496
vt 0.658626 0.955734
vt 0.664491 0.957074
vt 0.663983 0.971654
vt 0.661949 0.980398
vt 0.879538 0.739766
vt 0.863698 0.738046
vt 0.863973 0.735848
vt 0.879525 0.735464
vt 0.564486 0.918293
vt 0.561320 0.920588
vt 0.553398 0.912524
vt 0.557858 0.908700
vt 0.547667 0.907304
vt 0.552541 0.902698
vt 0.555285 0.924478
vt 0.548436 0.917581
vt 0.753737 0.968947
vt 0.757556 0.963791
vt 0.765519 0.965741
vt 0.762643 0.971685
vt 0.760377 0.956822
vt 0.767386 0.958148
vt 0.773905 0.958397
vt 0.772871 0.966601
vt 0.543058 0.913520
vt 0.537426 0.911015
vt 0.541537 0.903270
vt 0.546487 0.897293
vt 0.771616 0.973344
vt 0.535384 0.900987
vt 0.540590 0.893295
vt 0.780312 0.957815
vt 0.774865 0.950159
vt 0.781214 0.949674
vt 0.788262 0.948992
vt 0.787427 0.956234
vt 0.380604 0.956480
vt 0.374379 0.950522
vt 0.375579 0.949630
vt 0.381664 0.955110
vt 0.781788 0.941150
vt 0.788789 0.940985
vt 0.367492 0.944174
vt 0.368281 0.943494
vt 0.781420 0.932575
vt 0.789073 0.932948
vt 0.042530 0.444080
vt 0.042829 0.453690
vt 0.041704 0.453301
vt 0.041371 0.444219
vt 0.042694 0.464868
vt 0.041949 0.462677
vt 0.035607 0.301365
vt 0.034641 0.292807
vt 0.042863 0.293196
vt 0.043255 0.300598
vt 0.034947 0.282585
vt 0.043439 0.285812
vt 0.052457 0.289035
vt 0.034641 0.275398
vt 0.045152 0.279886
vt 0.055535 0.284262
vt 0.041371 0.478901
vt 0.041469 0.473517
vt 0.789084 0.923390
vt 0.780334 0.924204
vt 0.773858 0.933779
vt 0.770803 0.927136
vt 0.767679 0.921320
vt 0.529084 0.961344
vt 0.527985 0.954469
vt 0.531044 0.968185
vt 0.764359 0.915174
vt 0.498706 0.322797
vt 0.498706 0.310226
vt 0.499901 0.334841
vt 0.527227 0.946679
vt 0.534514 0.945026
vt 0.534383 0.937844
vt 0.540807 0.938245
vt 0.541527 0.943353
vt 0.543436 0.947733
vt 0.766363 0.936493
vt 0.775302 0.941723
vt 0.768525 0.942739
vt 0.768726 0.950239
vt 0.762186 0.949041
vt 0.536332 0.929626
vt 0.541891 0.931960
vt 0.218902 0.160092
vt 0.213554 0.160932
vt 0.213554 0.151579
vt 0.219334 0.150986
vt 0.751922 0.954101
vt 0.747920 0.959115
vt 0.550726 0.929064
vt 0.563489 0.935473
vt 0.558357 0.937430
vt 0.742998 0.946903
vt 0.747031 0.942981
vt 0.755241 0.945902
vt 0.569749 0.948340
vt 0.564737 0.949425
vt 0.854046 0.720974
vt 0.852063 0.725594
vt 0.842317 0.720044
vt 0.844476 0.715772
vt 0.569526 0.958308
vt 0.563555 0.960305
vt 0.509615 0.286972
vt 0.515624 0.288245
vt 0.849347 0.729832
vt 0.839957 0.723144
vt 0.833883 0.718094
vt 0.664416 0.921208
vt 0.664169 0.929030
vt 0.662573 0.928463
vt 0.662808 0.921038
vt 0.268705 0.946930
vt 0.272911 0.941776
vt 0.829628 0.712091
vt 0.272619 0.929654
vt 0.276296 0.931167
vt 0.828304 0.701042
vt 0.006223 0.170697
vt 0.006223 0.158665
vt 0.009085 0.161020
vt 0.008216 0.172612
vt 0.663636 0.940562
vt 0.662847 0.940282
vt 0.848855 0.730032
vt 0.865962 0.729896
vt 0.569749 0.933544
vt 0.546666 0.942147
vt 0.547693 0.945985
vt 0.546536 0.939167
vt 0.259567 0.700559
vt 0.249722 0.688261
vt 0.258398 0.688365
vt 0.635665 0.927877
vt 0.243868 0.931545
vt 0.240019 0.688314
vt 0.232240 0.674971
vt 0.227699 0.660681
vt 0.225050 0.647234
vt 0.219326 0.645694
vt 0.223537 0.635488
vt 0.229254 0.637297
vt 0.213819 0.643941
vt 0.218097 0.633391
vt 0.501525 0.898785
vt 0.506094 0.895414
vt 0.513839 0.905581
vt 0.496735 0.901974
vt 0.528210 0.845351
vt 0.519431 0.832444
vt 0.522708 0.829282
vt 0.532364 0.843050
vt 0.538368 0.859933
vt 0.533798 0.861171
vt 0.863145 0.340428
vt 0.860694 0.358209
vt 0.855054 0.358166
vt 0.857087 0.340103
vt 0.859540 0.322577
vt 0.865583 0.322864
vt 0.850663 0.339859
vt 0.853013 0.322320
vt 0.856040 0.306222
vt 0.861993 0.306690
vt 0.866954 0.307495
vt 0.843789 0.339858
vt 0.846323 0.322101
vt 0.834067 0.340139
vt 0.836622 0.321642
vt 0.819481 0.340475
vt 0.821202 0.320663
vt 0.825957 0.303081
vt 0.802626 0.319762
vt 0.807788 0.300708
vt 0.092244 0.504256
vt 0.092259 0.490093
vt 0.114209 0.499593
vt 0.114177 0.513453
vt 0.114209 0.523027
vt 0.092894 0.515441
vt 0.788612 0.318076
vt 0.795364 0.298722
vt 0.805210 0.283076
vt 0.816934 0.285200
vt 0.786919 0.296145
vt 0.797861 0.280279
vt 0.466297 0.112600
vt 0.471416 0.118899
vt 0.447073 0.123677
vt 0.477603 0.123377
vt 0.450437 0.129248
vt 0.420997 0.130257
vt 0.626840 0.469326
vt 0.652770 0.485416
vt 0.651627 0.490806
vt 0.623717 0.472953
vt 0.422154 0.134975
vt 0.395653 0.134975
vt 0.608052 0.451638
vt 0.621106 0.477209
vt 0.603045 0.454478
vt 0.593388 0.431029
vt 0.598862 0.428994
vt 0.598862 0.457415
vt 0.587907 0.433154
vt 0.582653 0.406599
vt 0.918469 0.054509
vt 0.917142 0.027525
vt 0.918892 0.027355
vt 0.920165 0.054451
vt 0.000674 0.067844
vt 0.002970 0.067580
vt 0.004581 0.088464
vt 0.002299 0.089138
vt 0.583653 0.380883
vt 0.005191 0.109477
vt 0.002616 0.110608
vt 0.588507 0.357742
vt 0.004929 0.137899
vt 0.002661 0.137506
vt 0.599142 0.332314
vt 0.004366 0.171314
vt 0.000674 0.167871
vt 0.435715 0.615830
vt 0.461890 0.628767
vt 0.459751 0.633317
vt 0.435315 0.620306
vt 0.457947 0.637413
vt 0.435128 0.625672
vt 0.410259 0.621159
vt 0.284798 0.361255
vt 0.297251 0.375013
vt 0.292083 0.378760
vt 0.280517 0.366305
vt 0.691267 0.830783
vt 0.697353 0.833705
vt 0.692400 0.847561
vt 0.686792 0.844858
vt 0.391576 0.622896
vt 0.690510 0.860016
vt 0.685796 0.857124
vt 0.376845 0.625598
vt 0.686636 0.872798
vt 0.682522 0.870043
vt 0.363514 0.630889
vt 0.679587 0.889535
vt 0.674170 0.886171
vt 0.349470 0.640597
vt 0.346999 0.634864
vt 0.334052 0.653221
vt 0.669311 0.905647
vt 0.675734 0.906929
vt 0.673825 0.923870
vt 0.666929 0.923844
vt 0.683034 0.908570
vt 0.681759 0.924319
vt 0.681908 0.940612
vt 0.673413 0.940960
vt 0.665919 0.942228
vt 0.898820 0.527708
vt 0.905739 0.532334
vt 0.895198 0.547041
vt 0.893050 0.522639
vt 0.913676 0.536814
vt 0.904110 0.550686
vt 0.896399 0.566503
vt 0.197910 0.896066
vt 0.179536 0.894711
vt 0.180868 0.881516
vt 0.198720 0.881786
vt 0.214402 0.883228
vt 0.212917 0.898102
vt 0.201493 0.860392
vt 0.217686 0.861920
vt 0.232075 0.864938
vt 0.227735 0.885656
vt 0.904438 0.585449
vt 0.900258 0.599121
vt 0.244464 0.868904
vt 0.238954 0.889016
vt 0.897418 0.612069
vt 0.913676 0.620776
vt 0.911815 0.634641
vt 0.895892 0.624837
vt 0.118044 0.835798
vt 0.119038 0.857718
vt 0.106149 0.858802
vt 0.105746 0.837460
vt 0.091145 0.860638
vt 0.090956 0.839533
vt 0.092051 0.815639
vt 0.074129 0.842135
vt 0.074724 0.817074
vt 0.076349 0.796970
vt 0.056381 0.819518
vt 0.056629 0.797328
vt 0.056211 0.781804
vt 0.077856 0.784343
vt 0.053327 0.768985
vt 0.079670 0.773644
vt 0.080722 0.767060
vt 0.029253 0.590012
vt 0.036766 0.585666
vt 0.090771 0.760487
vt 0.246812 0.394395
vt 0.256971 0.400669
vt 0.189622 0.062917
vt 0.200147 0.094557
vt 0.186419 0.098338
vt 0.178231 0.071456
vt 0.174719 0.100584
vt 0.194741 0.119101
vt 0.178039 0.124324
vt 0.168887 0.126902
vt 0.165142 0.102304
vt 0.160778 0.128790
vt 0.157132 0.103799
vt 0.153196 0.130515
vt 0.150055 0.104725
vt 0.147504 0.082856
vt 0.515277 0.799013
vt 0.517211 0.772479
vt 0.523027 0.771357
vt 0.522224 0.797093
vt 0.523027 0.822109
vt 0.518099 0.822827
vt 0.338776 0.672665
vt 0.332579 0.671302
vt 0.338925 0.652151
vt 0.345863 0.652072
vt 0.346161 0.672531
vt 0.025678 0.299712
vt 0.024646 0.274867
vt 0.031087 0.274357
vt 0.032382 0.299182
vt 0.031972 0.320457
vt 0.025949 0.321248
vt 0.105989 0.525896
vt 0.125262 0.527661
vt 0.125451 0.535482
vt 0.105520 0.533607
vt 0.092823 0.530538
vt 0.093758 0.523650
vt 0.124702 0.543615
vt 0.104035 0.540060
vt 0.068454 0.492233
vt 0.148315 0.535368
vt 0.148833 0.542817
vt 0.149938 0.550982
vt 0.124438 0.551193
vt 0.069994 0.468290
vt 0.172882 0.544465
vt 0.152040 0.560086
vt 0.068454 0.438345
vt 0.073551 0.433578
vt 0.171144 0.536855
vt 0.147737 0.527634
vt 0.170214 0.529560
vt 0.148022 0.520947
vt 0.169522 0.522869
vt 0.188924 0.525314
vt 0.300790 0.524872
vt 0.301716 0.546116
vt 0.295981 0.548180
vt 0.295059 0.525635
vt 0.295059 0.509034
vt 0.302395 0.509975
vt 0.528513 0.055783
vt 0.529517 0.073977
vt 0.522178 0.073811
vt 0.522178 0.055910
vt 0.156760 0.152820
vt 0.164518 0.151311
vt 0.159252 0.167379
vt 0.173639 0.149580
vt 0.182676 0.148215
vt 0.192127 0.142415
vt 0.302225 0.571277
vt 0.297037 0.573643
vt 0.037967 0.799371
vt 0.036597 0.780471
vt 0.032765 0.761109
vt 0.020255 0.802252
vt 0.019099 0.784324
vt 0.015261 0.764548
vt 0.476919 0.818141
vt 0.492379 0.832691
vt 0.482123 0.848029
vt 0.473488 0.838193
vt 0.471561 0.822017
vt 0.472414 0.817579
vt 0.467148 0.859794
vt 0.462430 0.852139
vt 0.463088 0.880966
vt 0.456641 0.876196
vt 0.461627 0.907329
vt 0.455380 0.904795
vt 0.449554 0.901936
vt 0.458926 0.930936
vt 0.452897 0.930831
vt 0.447550 0.931017
vt 0.446798 0.894608
vt 0.321237 0.511347
vt 0.316538 0.508667
vt 0.317507 0.484226
vt 0.323161 0.485109
vt 0.512627 0.740903
vt 0.510988 0.713205
vt 0.516664 0.712164
vt 0.517836 0.741197
vt 0.508631 0.770719
vt 0.500847 0.776105
vt 0.251262 0.234399
vt 0.247368 0.262163
vt 0.244994 0.261467
vt 0.247822 0.229177
vt 0.244994 0.183231
vt 0.251780 0.202676
vt 0.621493 0.481720
vt 0.504020 0.689577
vt 0.509471 0.687131
vt 0.920165 0.001489
vt 0.918028 0.001188
vt 0.323161 0.460597
vt 0.317199 0.461076
vt 0.315228 0.437519
vt 0.320732 0.435625
vt 0.492685 0.667272
vt 0.496842 0.663151
vt 0.311215 0.414868
vt 0.316114 0.411914
vt 0.477129 0.648086
vt 0.479938 0.643860
vt 0.305620 0.394630
vt 0.310202 0.391585
vt 0.309296 0.439136
vt 0.305729 0.417003
vt 0.300630 0.396916
vt 0.300038 0.418848
vt 0.295085 0.398794
vt 0.597071 0.729602
vt 0.598876 0.734492
vt 0.578239 0.743926
vt 0.575196 0.739100
vt 0.601066 0.739663
vt 0.581274 0.748645
vt 0.562631 0.757894
vt 0.558275 0.752908
vt 0.554124 0.748949
vt 0.546801 0.766441
vt 0.542218 0.761617
vt 0.703872 0.835864
vt 0.698951 0.849611
vt 0.706197 0.851276
vt 0.702690 0.865119
vt 0.695924 0.862383
vt 0.698795 0.880202
vt 0.691803 0.876433
vt 0.694429 0.896470
vt 0.686177 0.892684
vt 0.691544 0.910714
vt 0.705679 0.900733
vt 0.703452 0.913645
vt 0.703892 0.927094
vt 0.690703 0.925152
vt 0.705485 0.942228
vt 0.691366 0.940848
vt 0.162967 0.882573
vt 0.147693 0.884710
vt 0.151409 0.865618
vt 0.166529 0.862674
vt 0.183937 0.860655
vt 0.160848 0.894367
vt 0.169416 0.847022
vt 0.186462 0.845289
vt 0.203988 0.845287
vt 0.187932 0.836245
vt 0.205685 0.836199
vt 0.222736 0.838885
vt 0.220612 0.847571
vt 0.238475 0.843533
vt 0.235721 0.851638
vt 0.251931 0.849802
vt 0.248808 0.856917
vt 0.263067 0.856747
vt 0.259386 0.863138
vt 0.254881 0.873833
vt 0.119588 0.869854
vt 0.119974 0.876977
vt 0.105942 0.877556
vt 0.105969 0.870195
vt 0.090387 0.878810
vt 0.090670 0.871627
vt 0.073027 0.881859
vt 0.073614 0.874492
vt 0.074181 0.863341
vt 0.055143 0.878016
vt 0.055964 0.866637
vt 0.056215 0.845123
vt 0.037339 0.869718
vt 0.038185 0.848310
vt 0.038377 0.822521
vt 0.020784 0.851385
vt 0.020959 0.825566
vt 0.859937 0.117402
vt 0.882195 0.118695
vt 0.883339 0.137393
vt 0.861080 0.136139
vt 0.004929 0.828598
vt 0.003479 0.805229
vt 0.494792 0.856521
vt 0.512645 0.866189
vt 0.503419 0.882071
vt 0.485959 0.872789
vt 0.474598 0.865892
vt 0.001795 0.788746
vt 0.479734 0.891205
vt 0.469874 0.885510
vt 0.410116 0.897946
vt 0.398350 0.895960
vt 0.393043 0.874525
vt 0.403296 0.875050
vt 0.468078 0.909848
vt 0.387350 0.850138
vt 0.396985 0.850382
vt 0.403381 0.850351
vt 0.409659 0.875896
vt 0.304497 0.505761
vt 0.297828 0.504776
vt 0.296877 0.482673
vt 0.304332 0.483157
vt 0.311109 0.483660
vt 0.310753 0.506967
vt 0.465181 0.931845
vt 0.304063 0.462146
vt 0.310748 0.461605
vt 0.303055 0.440713
vt 0.296272 0.462934
vt 0.296429 0.442264
vt 0.294208 0.420438
vt 0.287336 0.444340
vt 0.286711 0.421971
vt 0.282369 0.402390
vt 0.289457 0.400516
vt 0.604195 0.746440
vt 0.621811 0.738785
vt 0.627800 0.750809
vt 0.610539 0.758766
vt 0.593156 0.768593
vt 0.585417 0.755483
vt 0.576779 0.779009
vt 0.567897 0.765125
vt 0.561832 0.788540
vt 0.552582 0.773875
vt 0.547931 0.796329
vt 0.538901 0.781052
vt 0.716021 0.853063
vt 0.712612 0.867921
vt 0.730065 0.870723
vt 0.726674 0.888280
vt 0.708743 0.884180
vt 0.723799 0.905282
vt 0.741912 0.889461
vt 0.739220 0.907482
vt 0.737342 0.922089
vt 0.721913 0.918393
vt 0.737738 0.936369
vt 0.722911 0.931874
vt 0.746470 0.923910
vt 0.746191 0.938610
vt 0.154461 0.849787
vt 0.155752 0.840591
vt 0.170678 0.838283
vt 0.156252 0.833584
vt 0.171172 0.830510
vt 0.188837 0.827802
vt 0.171071 0.822829
vt 0.189000 0.819591
vt 0.208338 0.819591
vt 0.207185 0.827645
vt 0.227167 0.823111
vt 0.224907 0.830795
vt 0.244329 0.828688
vt 0.241351 0.835872
vt 0.259270 0.836275
vt 0.255517 0.842651
vt 0.271247 0.844203
vt 0.266826 0.850246
vt 0.120602 0.884061
vt 0.121997 0.890007
vt 0.107179 0.890705
vt 0.106247 0.884419
vt 0.090844 0.892152
vt 0.090306 0.885905
vt 0.072737 0.895506
vt 0.072679 0.889069
vt 0.912100 0.066961
vt 0.919244 0.065678
vt 0.927320 0.083006
vt 0.919993 0.083673
vt 0.053469 0.893147
vt 0.054277 0.885822
vt 0.912133 0.083941
vt 0.924790 0.103006
vt 0.917186 0.102574
vt 0.034666 0.888520
vt 0.035959 0.880784
vt 0.909406 0.101894
vt 0.919638 0.121914
vt 0.912211 0.120907
vt 0.901749 0.119724
vt 0.898455 0.101262
vt 0.913434 0.139735
vt 0.902784 0.138510
vt 0.019519 0.872537
vt 0.912623 0.158454
vt 0.901663 0.157663
vt 0.882014 0.156280
vt 0.354046 0.911583
vt 0.331984 0.913676
vt 0.329372 0.896978
vt 0.352180 0.895081
vt 0.377240 0.894677
vt 0.380020 0.910754
vt 0.859937 0.154791
vt 0.351609 0.875120
vt 0.374287 0.874218
vt 0.496298 0.899846
vt 0.328327 0.877732
vt 0.328500 0.858184
vt 0.313119 0.881150
vt 0.311574 0.862904
vt 0.311784 0.846405
vt 0.329108 0.839806
vt 0.311723 0.833074
vt 0.327645 0.828873
vt 0.311226 0.821271
vt 0.324827 0.819262
vt 0.339328 0.815213
vt 0.321717 0.809946
vt 0.335085 0.808502
vt 0.332360 0.965501
vt 0.323607 0.963831
vt 0.340263 0.966039
vt 0.318603 0.973984
vt 0.306640 0.968853
vt 0.312939 0.961098
vt 0.289625 0.962282
vt 0.296245 0.955518
vt 0.661301 0.786571
vt 0.666144 0.797444
vt 0.656858 0.807278
vt 0.650067 0.797220
vt 0.644964 0.786749
vt 0.658242 0.775478
vt 0.626557 0.785012
vt 0.641237 0.774605
vt 0.284701 0.942611
vt 0.292652 0.935005
vt 0.618661 0.773111
vt 0.636084 0.764061
vt 0.659280 0.755670
vt 0.656809 0.762152
vt 0.646168 0.744600
vt 0.608846 0.795009
vt 0.601994 0.783898
vt 0.590888 0.804009
vt 0.585437 0.794382
vt 0.574120 0.811517
vt 0.569715 0.803172
vt 0.558613 0.818901
vt 0.554822 0.811045
vt 0.744823 0.871790
vt 0.752644 0.871825
vt 0.749983 0.889537
vt 0.759223 0.871557
vt 0.756053 0.889383
vt 0.754054 0.908568
vt 0.748128 0.908229
vt 0.752563 0.924894
vt 0.758642 0.908655
vt 0.757914 0.925664
vt 0.143116 0.837220
vt 0.143081 0.831140
vt 0.156498 0.826655
vt 0.752504 0.939930
vt 0.142996 0.825375
vt 0.155020 0.821902
vt 0.120599 0.016791
vt 0.120802 0.012168
vt 0.137711 0.012027
vt 0.135891 0.018181
vt 0.241034 0.735701
vt 0.256761 0.733234
vt 0.258127 0.741751
vt 0.240901 0.744405
vt 0.221163 0.744664
vt 0.221724 0.735835
vt 0.155971 0.017545
vt 0.152990 0.023074
vt 0.201094 0.744233
vt 0.201757 0.735624
vt 0.173332 0.027426
vt 0.169855 0.031999
vt 0.180984 0.744080
vt 0.182263 0.735993
vt 0.189240 0.040359
vt 0.184644 0.044434
vt 0.162998 0.743623
vt 0.165026 0.735820
vt 0.201580 0.056480
vt 0.196429 0.059219
vt 0.147790 0.743454
vt 0.150373 0.736049
vt 0.210817 0.073971
vt 0.204875 0.075854
vt 0.189748 0.646089
vt 0.192932 0.653103
vt 0.177481 0.656731
vt 0.175404 0.649885
vt 0.216478 0.091939
vt 0.210134 0.092180
vt 0.160398 0.658509
vt 0.159590 0.651663
vt 0.218036 0.109792
vt 0.211248 0.108611
vt 0.141084 0.660406
vt 0.141654 0.653042
vt 0.214584 0.127796
vt 0.209267 0.125503
vt 0.120483 0.658385
vt 0.122142 0.651417
vt 0.209294 0.146808
vt 0.204541 0.143489
vt 0.099384 0.657095
vt 0.101454 0.650134
vt 0.199473 0.165129
vt 0.195826 0.161828
vt 0.077649 0.657342
vt 0.079845 0.650445
vt 0.185972 0.182812
vt 0.182851 0.178974
vt 0.171157 0.198097
vt 0.168759 0.193901
vt 0.931722 0.103451
vt 0.933960 0.123679
vt 0.926976 0.122760
vt 0.934441 0.142251
vt 0.927448 0.141461
vt 0.920451 0.140603
vt 0.926440 0.159444
vt 0.919517 0.159030
vt 0.924708 0.176340
vt 0.917697 0.176506
vt 0.910125 0.176223
vt 0.316256 0.899591
vt 0.308491 0.901457
vt 0.304116 0.884180
vt 0.897730 0.175993
vt 0.301480 0.903581
vt 0.296758 0.886793
vt 0.294391 0.868608
vt 0.302215 0.866146
vt 0.294147 0.851473
vt 0.301908 0.849484
vt 0.294412 0.836398
vt 0.302021 0.835159
vt 0.294976 0.822436
vt 0.302198 0.822117
vt 0.295055 0.809298
vt 0.301899 0.809710
vt 0.310014 0.810073
vt 0.300815 0.797597
vt 0.308310 0.798438
vt 0.318883 0.799553
vt 0.301240 0.975271
vt 0.297434 0.979780
vt 0.282450 0.973124
vt 0.284943 0.968521
vt 0.671149 0.806279
vt 0.675450 0.812074
vt 0.668821 0.819912
vt 0.663481 0.814735
vt 0.663544 0.826467
vt 0.657297 0.821418
vt 0.658825 0.832621
vt 0.651628 0.827542
vt 0.442478 0.862147
vt 0.442403 0.870426
vt 0.436283 0.871072
vt 0.436196 0.862355
vt 0.850046 0.994141
vt 0.841186 0.993126
vt 0.843507 0.986956
vt 0.851933 0.986594
vt 0.861432 0.982959
vt 0.861762 0.992377
vt 0.861762 0.972151
vt 0.758856 0.057560
vt 0.751342 0.049779
vt 0.754719 0.037173
vt 0.762534 0.046688
vt 0.766114 0.063594
vt 0.760590 0.027013
vt 0.768146 0.036417
vt 0.774570 0.024396
vt 0.781296 0.029870
vt 0.093284 0.549716
vt 0.101231 0.550816
vt 0.100908 0.564558
vt 0.093473 0.563844
vt 0.025957 0.367287
vt 0.017513 0.365688
vt 0.017513 0.350475
vt 0.023891 0.352616
vt 0.097508 0.534060
vt 0.101231 0.535527
vt 0.203759 0.093314
vt 0.203759 0.081671
vt 0.204559 0.082057
vt 0.206356 0.093444
vt 0.225873 0.514928
vt 0.228419 0.515010
vt 0.226987 0.530094
vt 0.223829 0.530158
vt 0.245291 0.215440
vt 0.239777 0.215440
vt 0.242010 0.199705
vt 0.244756 0.201673
vt 0.312323 0.927663
vt 0.295158 0.924937
vt 0.308919 0.931055
vt 0.136432 0.942551
vt 0.143137 0.929187
vt 0.147246 0.930545
vt 0.141849 0.944128
vt 0.136108 0.959001
vt 0.129163 0.955393
vt 0.149825 0.945589
vt 0.146539 0.959627
vt 0.319019 0.161553
vt 0.327775 0.161458
vt 0.327601 0.180399
vt 0.317346 0.180212
vt 0.128961 0.970780
vt 0.121913 0.967938
vt 0.343369 0.314946
vt 0.340651 0.302489
vt 0.356625 0.298874
vt 0.359147 0.308579
vt 0.361107 0.317095
vt 0.343765 0.324459
vt 0.376928 0.304269
vt 0.378671 0.312613
vt 0.199960 0.188796
vt 0.202272 0.170315
vt 0.206693 0.170692
vt 0.205733 0.191827
vt 0.211547 0.225823
vt 0.204020 0.210100
vt 0.601391 0.817707
vt 0.581678 0.824553
vt 0.577817 0.818381
vt 0.595711 0.811365
vt 0.565110 0.831888
vt 0.561876 0.825551
vt 0.211547 0.151959
vt 0.208579 0.152019
vt 0.565488 0.834224
vt 0.551653 0.842089
vt 0.549910 0.837660
vt 0.547755 0.832292
vt 0.537062 0.848784
vt 0.536359 0.844192
vt 0.760914 0.889053
vt 0.439713 0.317465
vt 0.419123 0.315736
vt 0.418911 0.306612
vt 0.440866 0.309618
vt 0.460612 0.313851
vt 0.456816 0.323878
vt 0.761724 0.908085
vt 0.763127 0.926260
vt 0.441641 0.298691
vt 0.462462 0.302117
vt 0.479368 0.305518
vt 0.477077 0.315621
vt 0.473257 0.324459
vt 0.462521 0.287395
vt 0.479943 0.291965
vt 0.259986 0.752077
vt 0.264160 0.765445
vt 0.243669 0.767485
vt 0.241445 0.754698
vt 0.222111 0.766203
vt 0.221178 0.754112
vt 0.200330 0.764834
vt 0.200570 0.753077
vt 0.179063 0.763485
vt 0.179925 0.752442
vt 0.159829 0.761945
vt 0.161413 0.751493
vt 0.143341 0.759882
vt 0.145636 0.750946
vt 0.195317 0.660377
vt 0.197746 0.669137
vt 0.180153 0.671701
vt 0.179086 0.663831
vt 0.161003 0.673371
vt 0.160898 0.665741
vt 0.139677 0.674582
vt 0.140285 0.667626
vt 0.117480 0.673156
vt 0.118810 0.665624
vt 0.095451 0.672142
vt 0.097357 0.664252
vt 0.072736 0.671949
vt 0.075166 0.664444
vt 0.051868 0.671485
vt 0.054395 0.664262
vt 0.057227 0.657196
vt 0.036925 0.662475
vt 0.040061 0.655529
vt 0.043486 0.649104
vt 0.059920 0.650528
vt 0.026239 0.652188
vt 0.030179 0.646089
vt 0.155463 0.209244
vt 0.138742 0.216583
vt 0.137481 0.211783
vt 0.153815 0.204766
vt 0.121412 0.220632
vt 0.120598 0.216382
vt 0.933403 0.159693
vt 0.932049 0.176079
vt 0.294390 0.906166
vt 0.291350 0.908611
vt 0.284329 0.891509
vt 0.289039 0.889429
vt 0.280181 0.872353
vt 0.286482 0.870771
vt 0.280314 0.854243
vt 0.286629 0.853085
vt 0.280181 0.837679
vt 0.286966 0.837199
vt 0.281287 0.822186
vt 0.287871 0.822430
vt 0.281853 0.808449
vt 0.288449 0.808891
vt 0.281241 0.795658
vt 0.287945 0.796311
vt 0.294306 0.796973
vt 0.286847 0.785084
vt 0.292760 0.785453
vt 0.294348 0.983759
vt 0.280371 0.977107
vt 0.679011 0.816959
vt 0.682744 0.821569
vt 0.677465 0.827855
vt 0.673316 0.823990
vt 0.673109 0.833659
vt 0.668638 0.830411
vt 0.669374 0.839298
vt 0.664524 0.836280
vt 0.442357 0.876676
vt 0.436202 0.877874
vt 0.834360 0.992306
vt 0.836796 0.985741
vt 0.835138 0.974420
vt 0.681570 0.831546
vt 0.677603 0.836578
vt 0.685175 0.834267
vt 0.681929 0.838745
vt 0.007633 0.211826
vt 0.010327 0.205825
vt 0.014438 0.208013
vt 0.010745 0.213419
vt 0.004062 0.216781
vt 0.020680 0.210521
vt 0.017032 0.216043
vt 0.026764 0.212984
vt 0.023300 0.218363
vt 0.020317 0.222618
vt 0.030467 0.220878
vt 0.028080 0.224967
vt 0.025990 0.228755
vt 0.017386 0.226440
vt 0.024036 0.232558
vt 0.043520 0.234680
vt 0.041782 0.238445
vt 0.039741 0.241802
vt 0.021730 0.235650
vt 0.036761 0.243112
vt 0.019814 0.237693
vt 0.832303 0.970306
vt 0.832571 0.971176
vt 0.548390 0.206582
vt 0.546035 0.208182
vt 0.539483 0.181487
vt 0.543875 0.179270
vt 0.549324 0.178625
vt 0.551739 0.206718
vt 0.555473 0.179660
vt 0.555473 0.208951
vt 0.747553 0.458032
vt 0.742130 0.459104
vt 0.741588 0.427487
vt 0.747150 0.426017
vt 0.471780 0.022998
vt 0.495820 0.000667
vt 0.499535 0.005086
vt 0.477565 0.023771
vt 0.503920 0.010631
vt 0.485615 0.023802
vt 0.162595 0.246355
vt 0.167421 0.249948
vt 0.140385 0.261893
vt 0.137974 0.256492
vt 0.527820 0.000858
vt 0.527461 0.006676
vt 0.557502 0.012803
vt 0.560006 0.007192
vt 0.590653 0.025348
vt 0.586665 0.030316
vt 0.106093 0.258381
vt 0.106090 0.264758
vt 0.069174 0.262019
vt 0.070214 0.255816
vt 0.034730 0.257486
vt 0.035844 0.251131
vt 0.042944 0.274357
vt 0.013789 0.269785
vt 0.015428 0.263341
vt 0.044643 0.267886
vt 0.077788 0.268936
vt 0.076912 0.275141
vt 0.114486 0.266696
vt 0.113926 0.272928
vt 0.371026 0.581662
vt 0.351153 0.611190
vt 0.346938 0.607949
vt 0.366192 0.579571
vt 0.382624 0.547255
vt 0.387952 0.548171
vt 0.389307 0.507597
vt 0.396064 0.506881
vt 0.360696 0.576897
vt 0.376188 0.545760
vt 0.383097 0.508764
vt 0.375390 0.477805
vt 0.380102 0.475683
vt 0.370603 0.543989
vt 0.376647 0.509471
vt 0.368966 0.479779
vt 0.362386 0.456061
vt 0.368161 0.455395
vt 0.368860 0.509894
vt 0.362740 0.481272
vt 0.356150 0.457010
vt 0.353964 0.424855
vt 0.360166 0.424045
vt 0.354197 0.482823
vt 0.348672 0.457742
vt 0.346043 0.425827
vt 0.340340 0.389334
vt 0.349022 0.385838
vt 0.340718 0.457766
vt 0.336842 0.426980
vt 0.329381 0.394540
vt 0.313144 0.366509
vt 0.324076 0.357767
vt 0.328192 0.428209
vt 0.318528 0.400413
vt 0.302796 0.375770
vt 0.283200 0.354911
vt 0.291764 0.344013
vt 0.033901 0.749566
vt 0.011835 0.747776
vt 0.018156 0.731798
vt 0.038991 0.734169
vt 0.062486 0.735143
vt 0.058637 0.749709
vt 0.087984 0.735816
vt 0.085525 0.749980
vt 0.043501 0.711712
vt 0.065875 0.713924
vt 0.090053 0.715340
vt 0.115143 0.716217
vt 0.114819 0.736170
vt 0.069544 0.687015
vt 0.092486 0.688567
vt 0.115833 0.689724
vt 0.139557 0.690354
vt 0.140730 0.716050
vt 0.165563 0.714105
vt 0.169320 0.732176
vt 0.142620 0.735152
vt 0.162600 0.690293
vt 0.183716 0.689134
vt 0.188520 0.711484
vt 0.209613 0.709099
vt 0.216738 0.725017
vt 0.193885 0.728051
vt 0.202693 0.686979
vt 0.140242 0.778206
vt 0.157518 0.780611
vt 0.154446 0.803340
vt 0.135823 0.801075
vt 0.175991 0.803745
vt 0.173177 0.819216
vt 0.150421 0.820231
vt 0.129882 0.817850
vt 0.177772 0.782029
vt 0.200580 0.783348
vt 0.200489 0.803917
vt 0.226805 0.805232
vt 0.227437 0.818922
vt 0.199442 0.817441
vt 0.224299 0.784447
vt 0.247633 0.786053
vt 0.252932 0.806118
vt 0.220721 0.271247
vt 0.220942 0.248658
vt 0.237639 0.246691
vt 0.238802 0.271247
vt 0.257219 0.820231
vt 0.270320 0.784307
vt 0.278935 0.803402
vt 0.481153 0.272524
vt 0.461741 0.267148
vt 0.462069 0.244706
vt 0.485390 0.250199
vt 0.281644 0.762731
vt 0.290715 0.780824
vt 0.054522 0.506394
vt 0.063955 0.529283
vt 0.049384 0.539856
vt 0.038991 0.513293
vt 0.035736 0.482580
vt 0.050175 0.479962
vt 0.439930 0.265052
vt 0.438708 0.244393
vt 0.415530 0.266248
vt 0.412481 0.247415
vt 0.441189 0.284638
vt 0.417511 0.284294
vt 0.394923 0.285006
vt 0.391602 0.268733
vt 0.418451 0.296567
vt 0.396550 0.295045
vt 0.375053 0.295747
vt 0.372840 0.286058
vt 0.397553 0.304242
vt 0.398500 0.312637
vt 0.353264 0.287591
vt 0.347872 0.273304
vt 0.368680 0.270737
vt 0.340154 0.259342
vt 0.362338 0.254483
vt 0.386573 0.250814
vt 0.097007 0.570275
vt 0.116209 0.585604
vt 0.107862 0.600900
vt 0.087056 0.583875
vt 0.067692 0.562810
vt 0.079331 0.551123
vt 0.079982 0.593725
vt 0.059919 0.570923
vt 0.039292 0.547354
vt 0.053916 0.576663
vt 0.032465 0.552027
vt 0.018920 0.519740
vt 0.026720 0.517396
vt 0.014683 0.485399
vt 0.023821 0.484397
vt 0.015150 0.450534
vt 0.024725 0.451306
vt 0.036974 0.452255
vt 0.023854 0.416577
vt 0.033570 0.419696
vt 0.045552 0.424304
vt 0.039432 0.389020
vt 0.048596 0.393716
vt 0.059492 0.399364
vt 0.057641 0.361690
vt 0.065788 0.368105
vt 0.076509 0.376286
vt 0.082827 0.338007
vt 0.088906 0.347024
vt 0.097316 0.357711
vt 0.112746 0.321303
vt 0.117418 0.331629
vt 0.122558 0.342933
vt 0.142634 0.308169
vt 0.146063 0.320638
vt 0.149254 0.333035
vt 0.174142 0.300520
vt 0.174672 0.315096
vt 0.175881 0.329265
vt 0.207552 0.303079
vt 0.204677 0.317802
vt 0.203043 0.331288
vt 0.238960 0.311922
vt 0.233721 0.325882
vt 0.144530 0.749071
vt 0.114348 0.750148
vt 0.267221 0.326204
vt 0.260089 0.338311
vt 0.244645 0.300200
vt 0.275214 0.314697
vt 0.301350 0.333267
vt 0.282957 0.305487
vt 0.309978 0.324112
vt 0.333134 0.350945
vt 0.108669 0.174480
vt 0.118459 0.139353
vt 0.128898 0.140300
vt 0.115181 0.176582
vt 0.339827 0.346905
vt 0.356471 0.383772
vt 0.345713 0.344497
vt 0.362873 0.382427
vt 0.366143 0.423478
vt 0.369686 0.381194
vt 0.371487 0.423064
vt 0.375020 0.456315
vt 0.376519 0.438774
vt 0.372903 0.404525
vt 0.378488 0.406295
vt 0.381563 0.443859
vt 0.456546 0.339542
vt 0.498369 0.341158
vt 0.496450 0.346522
vt 0.454576 0.343991
vt 0.374317 0.362617
vt 0.381563 0.366252
vt 0.640359 0.197231
vt 0.638103 0.237040
vt 0.631589 0.235960
vt 0.633052 0.196143
vt 0.636765 0.159030
vt 0.643978 0.161919
vt 0.628517 0.195392
vt 0.630168 0.157330
vt 0.630041 0.120892
vt 0.638190 0.120283
vt 0.644851 0.121291
vt 0.619175 0.089835
vt 0.625816 0.086603
vt 0.631726 0.083729
vt 0.605669 0.059047
vt 0.610795 0.055013
vt 0.615682 0.050733
vt 0.636935 0.080961
vt 0.649535 0.123740
vt 0.002212 0.246355
vt 0.001290 0.252724
vt 0.651513 0.284274
vt 0.645396 0.285524
vt 0.640816 0.253295
vt 0.651513 0.239548
vt 0.149175 0.272014
vt 0.157038 0.263341
vt 0.490007 0.775676
vt 0.489422 0.739195
vt 0.495949 0.741283
vt 0.497071 0.771873
vt 0.582371 0.035258
vt 0.599837 0.063895
vt 0.576304 0.042288
vt 0.591851 0.070465
vt 0.569479 0.049899
vt 0.581664 0.080853
vt 0.560155 0.061526
vt 0.534726 0.045242
vt 0.410939 0.686729
vt 0.441444 0.684415
vt 0.439111 0.705757
vt 0.409995 0.707633
vt 0.382182 0.710380
vt 0.384764 0.689370
vt 0.388973 0.675792
vt 0.413230 0.672838
vt 0.362579 0.713129
vt 0.368253 0.691235
vt 0.375589 0.674856
vt 0.350290 0.718541
vt 0.357159 0.692300
vt 0.495920 0.027954
vt 0.379703 0.733048
vt 0.355546 0.737349
vt 0.344639 0.740903
vt 0.382596 0.756288
vt 0.361309 0.758985
vt 0.205058 0.249487
vt 0.204089 0.267354
vt 0.189955 0.266844
vt 0.189160 0.249487
vt 0.350350 0.760877
vt 0.370809 0.782177
vt 0.357514 0.784615
vt 0.347714 0.787190
vt 0.341444 0.762321
vt 0.338533 0.737968
vt 0.336036 0.792936
vt 0.329166 0.768189
vt 0.324691 0.744686
vt 0.927449 0.200614
vt 0.948625 0.204192
vt 0.950015 0.230491
vt 0.929099 0.229036
vt 0.905873 0.231722
vt 0.907497 0.202400
vt 0.908545 0.187206
vt 0.925371 0.184111
vt 0.882031 0.236409
vt 0.884253 0.209216
vt 0.885996 0.193379
vt 0.468864 0.073592
vt 0.476884 0.073261
vt 0.868282 0.214526
vt 0.868745 0.197710
vt 0.868918 0.186686
vt 0.885618 0.184111
vt 0.946897 0.850953
vt 0.948662 0.860062
vt 0.932646 0.864981
vt 0.933366 0.856460
vt 0.858719 0.198803
vt 0.858699 0.186424
vt 0.956001 0.848888
vt 0.957442 0.858349
vt 0.430447 0.392273
vt 0.439669 0.392697
vt 0.439443 0.403519
vt 0.431256 0.402799
vt 0.431571 0.385181
vt 0.442562 0.382951
vt 0.747396 0.028874
vt 0.743451 0.042957
vt 0.442562 0.420189
vt 0.435616 0.420498
vt 0.751962 0.020243
vt 0.861264 0.961723
vt 0.860621 0.952693
vt 0.951450 0.837720
vt 0.958468 0.833519
vt 0.944186 0.823082
vt 0.951303 0.816706
vt 0.957191 0.810501
vt 0.963900 0.829882
vt 0.424865 0.028942
vt 0.401744 0.028991
vt 0.399939 0.022464
vt 0.425540 0.024631
vt 0.968104 0.827985
vt 0.399484 0.016291
vt 0.426797 0.019689
vt 0.448620 0.027380
vt 0.446196 0.031046
vt 0.428188 0.013721
vt 0.451075 0.022343
vt 0.471281 0.032895
vt 0.468092 0.037126
vt 0.463614 0.040503
vt 0.490954 0.046398
vt 0.486851 0.049901
vt 0.482675 0.053668
vt 0.503193 0.066581
vt 0.497352 0.069828
vt 0.502959 0.085807
vt 0.498988 0.088459
vt 0.511349 0.093500
vt 0.508322 0.096399
vt 0.507948 0.064179
vt 0.495074 0.043681
vt 0.512292 0.061878
vt 0.522612 0.077144
vt 0.256471 0.107030
vt 0.255828 0.089003
vt 0.257331 0.089416
vt 0.258543 0.107431
vt 0.259567 0.119401
vt 0.257394 0.118372
vt 0.274902 0.562559
vt 0.267269 0.579271
vt 0.263774 0.576168
vt 0.270587 0.560217
vt 0.270739 0.549420
vt 0.277176 0.550804
vt 0.260835 0.545858
vt 0.254578 0.552547
vt 0.250696 0.551289
vt 0.256000 0.543951
vt 0.247180 0.550419
vt 0.250984 0.543246
vt 0.258349 0.535998
vt 0.249223 0.563572
vt 0.245563 0.561301
vt 0.152693 0.891055
vt 0.159904 0.899809
vt 0.156317 0.901830
vt 0.167670 0.914600
vt 0.162498 0.915462
vt 0.157311 0.916931
vt 0.166335 0.930781
vt 0.159097 0.931032
vt 0.152630 0.931140
vt 0.152385 0.918051
vt 0.147541 0.918517
vt 0.144951 0.918895
vt 0.159268 0.945773
vt 0.169329 0.945705
vt 0.169746 0.960030
vt 0.157737 0.959023
vt 0.323275 0.296563
vt 0.316977 0.286036
vt 0.330268 0.278148
vt 0.336465 0.290694
vt 0.337437 0.160239
vt 0.337437 0.178914
vt 0.161231 0.591646
vt 0.180833 0.592581
vt 0.180337 0.602559
vt 0.158160 0.603464
vt 0.321522 0.266754
vt 0.181191 0.612131
vt 0.156324 0.616848
vt 0.131116 0.612846
vt 0.136773 0.597041
vt 0.156399 0.625649
vt 0.128005 0.623752
vt 0.102344 0.611659
vt 0.126616 0.630900
vt 0.098824 0.619030
vt 0.074863 0.600199
vt 0.096034 0.625331
vt 0.070640 0.605834
vt 0.049295 0.581225
vt 0.067040 0.610737
vt 0.045441 0.584709
vt 0.021612 0.559334
vt 0.026979 0.555594
vt 0.006459 0.523634
vt 0.012248 0.521644
vt 0.000667 0.486982
vt 0.007100 0.486189
vt 0.001263 0.449850
vt 0.007537 0.450088
vt 0.009965 0.411935
vt 0.016273 0.413817
vt 0.026640 0.381796
vt 0.032458 0.385158
vt 0.047169 0.353440
vt 0.051895 0.357207
vt 0.074899 0.326490
vt 0.078442 0.331672
vt 0.106786 0.305814
vt 0.109327 0.312837
vt 0.138333 0.290519
vt 0.140138 0.298495
vt 0.173757 0.282978
vt 0.173929 0.290694
vt 0.212673 0.284430
vt 0.210362 0.292199
vt 0.249612 0.291572
vt 0.214417 0.277822
vt 0.253071 0.285815
vt 0.113766 0.073305
vt 0.120204 0.071890
vt 0.130050 0.106628
vt 0.119979 0.107026
vt 0.127115 0.069998
vt 0.139097 0.105837
vt 0.137750 0.142500
vt 0.147170 0.104942
vt 0.145685 0.145226
vt 0.127948 0.182748
vt 0.121110 0.179233
vt 0.151847 0.148432
vt 0.133740 0.185861
vt 0.114026 0.223228
vt 0.107891 0.221763
vt 0.101880 0.217626
vt 0.631963 0.278371
vt 0.613717 0.314680
vt 0.606685 0.310332
vt 0.625526 0.275472
vt 0.643749 0.237911
vt 0.599643 0.305064
vt 0.619468 0.272821
vt 0.591886 0.296218
vt 0.611028 0.267718
vt 0.624304 0.233793
vt 0.188125 0.340948
vt 0.224252 0.341058
vt 0.220465 0.351226
vt 0.187039 0.349745
vt 0.152434 0.364140
vt 0.150631 0.355820
vt 0.149970 0.350038
vt 0.188072 0.332796
vt 0.186393 0.364545
vt 0.154410 0.375653
vt 0.121825 0.394078
vt 0.116837 0.383684
vt 0.114460 0.377184
vt 0.093482 0.410431
vt 0.085009 0.398661
vt 0.079756 0.390331
vt 0.072589 0.429320
vt 0.061183 0.418712
vt 0.620015 0.123406
vt 0.610005 0.095370
vt 0.055395 0.449658
vt 0.042386 0.440804
vt 0.104093 0.426136
vt 0.085584 0.445194
vt 0.497071 0.684399
vt 0.492465 0.704280
vt 0.466587 0.704640
vt 0.470039 0.683742
vt 0.488742 0.728702
vt 0.464294 0.728694
vt 0.437928 0.729354
vt 0.462034 0.754004
vt 0.437034 0.754010
vt 0.410570 0.754459
vt 0.409618 0.730625
vt 0.434909 0.778493
vt 0.411265 0.778448
vt 0.388757 0.779489
vt 0.644321 0.178962
vt 0.645748 0.156625
vt 0.669112 0.158212
vt 0.668626 0.175481
vt 0.669251 0.189048
vt 0.645587 0.196929
vt 0.690749 0.193239
vt 0.671574 0.200525
vt 0.649213 0.210554
vt 0.693995 0.202137
vt 0.675761 0.210950
vt 0.653564 0.220751
vt 0.699159 0.211298
vt 0.683000 0.221550
vt 0.662139 0.233113
vt 0.708126 0.220019
vt 0.694021 0.232836
vt 0.676921 0.248544
vt 0.708997 0.243314
vt 0.697202 0.262375
vt 0.439546 0.581313
vt 0.443003 0.563872
vt 0.465915 0.570197
vt 0.461364 0.591813
vt 0.321826 0.802062
vt 0.311616 0.780019
vt 0.445218 0.543913
vt 0.469151 0.547816
vt 0.495177 0.547151
vt 0.490904 0.571266
vt 0.948995 0.261041
vt 0.927412 0.262686
vt 0.923332 0.290627
vt 0.897985 0.293506
vt 0.902908 0.264996
vt 0.873539 0.295729
vt 0.878471 0.267773
vt 0.860379 0.297204
vt 0.864781 0.269591
vt 0.867251 0.240450
vt 0.855051 0.271445
vt 0.857001 0.243004
vt 0.858235 0.217277
vt 0.562730 0.583335
vt 0.568224 0.563459
vt 0.578437 0.565619
vt 0.573189 0.585550
vt 0.932646 0.807029
vt 0.939968 0.799441
vt 0.379326 0.042760
vt 0.354019 0.056991
vt 0.348544 0.051292
vt 0.374570 0.036293
vt 0.404862 0.035172
vt 0.343106 0.045297
vt 0.370609 0.029298
vt 0.338523 0.039827
vt 0.367786 0.022965
vt 0.334282 0.034778
vt 0.365341 0.017214
vt 0.398736 0.010144
vt 0.362542 0.012368
vt 0.397670 0.008491
vt 0.273843 0.486672
vt 0.271351 0.487986
vt 0.266047 0.459093
vt 0.271307 0.458648
vt 0.233948 0.004000
vt 0.241185 0.030898
vt 0.235126 0.032521
vt 0.229612 0.006131
vt 0.191261 0.643086
vt 0.189806 0.640153
vt 0.212603 0.628596
vt 0.213878 0.631640
vt 0.267125 0.434130
vt 0.272255 0.434344
vt 0.255695 0.026174
vt 0.259567 0.028246
vt 0.257374 0.046199
vt 0.253956 0.044638
vt 0.270454 0.410025
vt 0.273843 0.411476
vt 0.256199 0.066394
vt 0.253404 0.065695
vt 0.474268 0.029474
vt 0.252686 0.599493
vt 0.233316 0.615411
vt 0.231197 0.611203
vt 0.249715 0.595524
vt 0.229054 0.606719
vt 0.246953 0.591643
vt 0.260478 0.573155
vt 0.244027 0.587537
vt 0.226902 0.601987
vt 0.224331 0.596865
vt 0.240996 0.583216
vt 0.221770 0.591787
vt 0.238153 0.578959
vt 0.219103 0.586027
vt 0.235352 0.574873
vt 0.203178 0.602709
vt 0.201244 0.595534
vt 0.174178 0.930697
vt 0.179101 0.946860
vt 0.199661 0.587925
vt 0.205230 0.608673
vt 0.182558 0.618931
vt 0.207044 0.613695
vt 0.184142 0.624409
vt 0.156888 0.632066
vt 0.186037 0.629701
vt 0.157491 0.638129
vt 0.125779 0.637440
vt 0.158534 0.644123
vt 0.125180 0.643900
vt 0.093874 0.631082
vt 0.125281 0.649365
vt 0.092390 0.636277
vt 0.064153 0.615055
vt 0.247854 0.134187
vt 0.247940 0.101063
vt 0.254343 0.100391
vt 0.254376 0.134767
vt 0.248254 0.164186
vt 0.243221 0.162768
vt 0.042396 0.587604
vt 0.237635 0.197271
vt 0.229612 0.194632
vt 0.016198 0.562828
vt 0.295115 0.206983
vt 0.292984 0.198879
vt 0.319622 0.186967
vt 0.322155 0.193443
vt 0.001673 0.525476
vt 0.350479 0.175913
vt 0.352991 0.182287
vt 0.356287 0.188041
vt 0.326018 0.198561
vt 0.386056 0.170636
vt 0.387611 0.177075
vt 0.389889 0.182754
vt 0.424380 0.162181
vt 0.426061 0.168116
vt 0.427609 0.173346
vt 0.462979 0.156323
vt 0.462438 0.161801
vt 0.461856 0.167259
vt 0.499763 0.166272
vt 0.498128 0.171576
vt 0.022146 0.378841
vt 0.042929 0.349512
vt 0.039430 0.345870
vt 0.068068 0.317149
vt 0.071655 0.322021
vt 0.101573 0.295796
vt 0.104075 0.300391
vt 0.135725 0.277947
vt 0.136889 0.283814
vt 0.174081 0.270199
vt 0.173943 0.276245
vt 0.215911 0.271680
vt 0.115510 0.035312
vt 0.101880 0.004047
vt 0.108666 0.001820
vt 0.122418 0.033034
vt 0.134342 0.068683
vt 0.255656 0.280258
vt 0.225797 0.081981
vt 0.228419 0.123024
vt 0.221366 0.122264
vt 0.218847 0.081959
vt 0.210381 0.042811
vt 0.218402 0.042714
vt 0.581279 0.344855
vt 0.545672 0.359807
vt 0.543494 0.353215
vt 0.577785 0.336965
vt 0.211951 0.001150
vt 0.219022 0.003934
vt 0.541295 0.345394
vt 0.573601 0.328103
vt 0.538411 0.338312
vt 0.567884 0.318676
vt 0.533565 0.330782
vt 0.561632 0.310902
vt 0.584928 0.288301
vt 0.251251 0.356772
vt 0.279034 0.363805
vt 0.274725 0.376948
vt 0.247365 0.370254
vt 0.217403 0.365264
vt 0.256787 0.347070
vt 0.244998 0.386234
vt 0.216270 0.383143
vt 0.188014 0.385259
vt 0.216731 0.407379
vt 0.190125 0.409984
vt 0.163483 0.417634
vt 0.158589 0.393583
vt 0.136880 0.431324
vt 0.128198 0.408813
vt 0.115734 0.447666
vt 0.145183 0.456570
vt 0.126213 0.471068
vt 0.292618 0.159574
vt 0.315374 0.162542
vt 0.315374 0.186888
vt 0.293059 0.185911
vt 0.098488 0.465412
vt 0.110339 0.487336
vt 0.137608 0.493723
vt 0.123787 0.508553
vt 0.485292 0.754364
vt 0.480634 0.779620
vt 0.458586 0.778914
vt 0.473879 0.802062
vt 0.452667 0.800989
vt 0.431041 0.800784
vt 0.671279 0.138165
vt 0.676643 0.117124
vt 0.698628 0.123837
vt 0.694075 0.143071
vt 0.692429 0.159625
vt 0.410740 0.801533
vt 0.714768 0.147386
vt 0.718971 0.128837
vt 0.738235 0.132358
vt 0.733564 0.152001
vt 0.756530 0.134377
vt 0.751458 0.155422
vt 0.749178 0.168114
vt 0.767929 0.156668
vt 0.765163 0.170297
vt 0.763850 0.179578
vt 0.749424 0.177256
vt 0.750484 0.184190
vt 0.751376 0.190299
vt 0.728431 0.182208
vt 0.770684 0.196413
vt 0.779839 0.170628
vt 0.777713 0.180764
vt 0.797680 0.169646
vt 0.795968 0.181752
vt 0.816769 0.166788
vt 0.814824 0.182197
vt 0.810920 0.194747
vt 0.804526 0.204092
vt 0.835599 0.182277
vt 0.830219 0.198662
vt 0.822787 0.212251
vt 0.813460 0.222308
vt 0.795755 0.210282
vt 0.851737 0.203987
vt 0.842125 0.221638
vt 0.829939 0.235587
vt 0.815749 0.246214
vt 0.527476 0.702151
vt 0.534171 0.686173
vt 0.557008 0.692179
vt 0.549075 0.712878
vt 0.539000 0.730097
vt 0.519335 0.715229
vt 0.828538 0.263979
vt 0.808587 0.274223
vt 0.800055 0.253630
vt 0.573684 0.721077
vt 0.562264 0.741639
vt 0.439546 0.433850
vt 0.462748 0.423007
vt 0.468142 0.447568
vt 0.443819 0.455452
vt 0.471190 0.473347
vt 0.446449 0.478096
vt 0.487848 0.413881
vt 0.494018 0.440076
vt 0.497783 0.467538
vt 0.498936 0.494969
vt 0.472133 0.499184
vt 0.520089 0.432467
vt 0.524437 0.461071
vt 0.525952 0.489187
vt 0.524869 0.516722
vt 0.497992 0.521610
vt 0.549185 0.455516
vt 0.551225 0.483992
vt 0.549943 0.512474
vt 0.546516 0.540084
vt 0.521562 0.543646
vt 0.567761 0.481307
vt 0.564930 0.510809
vt 0.560697 0.538923
vt 0.581656 0.480021
vt 0.577210 0.510938
vt 0.572438 0.539180
vt 0.556320 0.563081
vt 0.586454 0.511960
vt 0.582015 0.540833
vt 0.331574 0.076827
vt 0.311129 0.100709
vt 0.305138 0.096619
vt 0.325614 0.072044
vt 0.299290 0.093341
vt 0.319562 0.067118
vt 0.293814 0.090722
vt 0.314103 0.063252
vt 0.287747 0.087727
vt 0.308467 0.059549
vt 0.240058 0.237504
vt 0.206597 0.233250
vt 0.206464 0.230401
vt 0.241397 0.232608
vt 0.304345 0.056247
vt 0.330462 0.030497
vt 0.273321 0.119356
vt 0.267432 0.117204
vt 0.170847 0.225546
vt 0.171572 0.220831
vt 0.260860 0.154698
vt 0.254248 0.153554
vt 0.132618 0.229832
vt 0.132021 0.224209
vt 0.256894 0.192062
vt 0.251461 0.191793
vt 0.095025 0.237504
vt 0.094298 0.231961
vt 0.263204 0.228900
vt 0.257982 0.230112
vt 0.349606 0.169634
vt 0.385568 0.164318
vt 0.275800 0.265378
vt 0.271563 0.266872
vt 0.423404 0.156579
vt 0.225640 0.211547
vt 0.221855 0.209194
vt 0.225283 0.172672
vt 0.230918 0.173822
vt 0.463790 0.151196
vt 0.234277 0.135526
vt 0.240096 0.136393
vt 0.501091 0.160294
vt 0.237240 0.096140
vt 0.243993 0.095913
vt 0.539917 0.168233
vt 0.538284 0.174912
vt 0.231025 0.056968
vt 0.235599 0.056797
vt 0.573834 0.173970
vt 0.572165 0.179222
vt 0.221855 0.019048
vt 0.228738 0.017979
vt 0.607317 0.182040
vt 0.603267 0.187547
vt 0.216683 0.201164
vt 0.210381 0.198558
vt 0.220940 0.162709
vt 0.225589 0.164325
vt 0.631053 0.201289
vt 0.627369 0.207333
vt 0.466654 0.379776
vt 0.427077 0.379734
vt 0.428070 0.373402
vt 0.466582 0.373644
vt 0.506954 0.367287
vt 0.508116 0.373976
vt 0.466935 0.367616
vt 0.505938 0.360618
vt 0.467555 0.361323
vt 0.504478 0.353865
vt 0.676921 0.516649
vt 0.692335 0.542905
vt 0.683364 0.547006
vt 0.668994 0.523126
vt 0.502001 0.346243
vt 0.851380 0.595222
vt 0.851268 0.629859
vt 0.838289 0.626603
vt 0.839005 0.593905
vt 0.838052 0.560389
vt 0.850060 0.560067
vt 0.821185 0.592014
vt 0.821486 0.559764
vt 0.820901 0.528315
vt 0.836713 0.527875
vt 0.848634 0.526391
vt 0.797557 0.557886
vt 0.797393 0.527750
vt 0.796019 0.499925
vt 0.820227 0.499176
vt 0.836329 0.498044
vt 0.768637 0.526105
vt 0.767036 0.500229
vt 0.243823 0.408835
vt 0.243659 0.435097
vt 0.217891 0.434367
vt 0.240941 0.462391
vt 0.216319 0.461814
vt 0.192583 0.437395
vt 0.167942 0.444613
vt 0.234414 0.488012
vt 0.211308 0.488143
vt 0.224264 0.509863
vt 0.202880 0.509741
vt 0.742693 0.067891
vt 0.764375 0.067700
vt 0.755021 0.089115
vt 0.734852 0.087818
vt 0.714491 0.085434
vt 0.722063 0.069211
vt 0.726381 0.108210
vt 0.705907 0.103799
vt 0.684758 0.096788
vt 0.694482 0.079491
vt 0.703886 0.066690
vt 0.153426 0.512532
vt 0.141439 0.525623
vt 0.745818 0.110873
vt 0.774862 0.091756
vt 0.764302 0.113175
vt 0.794081 0.097564
vt 0.781340 0.116151
vt 0.773126 0.135902
vt 0.811495 0.107692
vt 0.825653 0.123251
vt 0.808640 0.079980
vt 0.828466 0.093996
vt 0.844375 0.113253
vt 0.854818 0.136231
vt 0.834628 0.142837
vt 0.529528 0.579052
vt 0.519335 0.563010
vt 0.538733 0.549865
vt 0.550168 0.568393
vt 0.558375 0.591477
vt 0.536685 0.599763
vt 0.563022 0.616912
vt 0.540311 0.622646
vt 0.715041 0.631288
vt 0.716778 0.605312
vt 0.740219 0.610451
vt 0.738269 0.638039
vt 0.583127 0.586409
vt 0.588210 0.613492
vt 0.589606 0.641919
vt 0.564062 0.643267
vt 0.608900 0.584212
vt 0.613884 0.612355
vt 0.615254 0.641795
vt 0.613088 0.671413
vt 0.587651 0.670198
vt 0.639776 0.612345
vt 0.641017 0.642584
vt 0.638762 0.672854
vt 0.633103 0.702640
vt 0.607622 0.700093
vt 0.665880 0.643562
vt 0.663575 0.674981
vt 0.657650 0.705883
vt 0.648310 0.733956
vt 0.624284 0.729961
vt 0.680849 0.677061
vt 0.673253 0.708635
vt 0.664520 0.737681
vt 0.543083 0.365396
vt 0.553909 0.391785
vt 0.537140 0.397593
vt 0.527576 0.372225
vt 0.684125 0.711396
vt 0.676295 0.741599
vt 0.554122 0.359640
vt 0.566614 0.386887
vt 0.573653 0.417966
vt 0.560900 0.421478
vt 0.562000 0.354509
vt 0.575273 0.383137
vt 0.582530 0.415216
vt 0.589133 0.447806
vt 0.579333 0.449662
vt 0.278725 0.191184
vt 0.281888 0.224865
vt 0.275188 0.225716
vt 0.270918 0.190889
vt 0.274614 0.156481
vt 0.281763 0.158105
vt 0.287028 0.124756
vt 0.292973 0.127559
vt 0.264024 0.191386
vt 0.267381 0.155437
vt 0.279703 0.121698
vt 0.269360 0.227093
vt 0.287359 0.260521
vt 0.281775 0.262818
vt 0.306422 0.290057
vt 0.300995 0.294512
vt 0.296575 0.299217
vt 0.330529 0.316683
vt 0.326744 0.320673
vt 0.323005 0.324714
vt 0.360508 0.339167
vt 0.357369 0.343726
vt 0.353964 0.348456
vt 0.395204 0.355923
vt 0.392243 0.361595
vt 0.389347 0.366735
vt 0.429493 0.366382
vt 0.397257 0.350083
vt 0.431546 0.358802
vt 0.699029 0.574137
vt 0.703094 0.607432
vt 0.694708 0.609144
vt 0.690341 0.576688
vt 0.682166 0.610892
vt 0.677256 0.579836
vt 0.669260 0.552366
vt 0.664472 0.611978
vt 0.659416 0.582035
vt 0.834686 0.656704
vt 0.817060 0.652577
vt 0.819733 0.623365
vt 0.791592 0.647961
vt 0.794483 0.619395
vt 0.796472 0.588955
vt 0.767072 0.614934
vt 0.768710 0.584946
vt 0.769225 0.554798
vt 0.740944 0.580964
vt 0.740694 0.551917
vt 0.739700 0.524923
vt 0.716158 0.550122
vt 0.715041 0.525021
vt 0.264936 0.465978
vt 0.257433 0.490941
vt 0.738049 0.500687
vt 0.279034 0.496384
vt 0.265931 0.516213
vt 0.245512 0.511648
vt 0.786569 0.071487
vt 0.820695 0.066690
vt 0.842233 0.083507
vt 0.717237 0.577386
vt 0.764544 0.643179
vt 0.634814 0.583405
vt 0.684550 0.644080
vt 0.697890 0.644140
vt 0.692898 0.678749
vt 0.707050 0.643920
vt 0.700971 0.680066
vt 0.692444 0.714095
vt 0.685051 0.745479
vt 0.707808 0.681400
vt 0.699262 0.716434
vt 0.691763 0.748851
vt 0.712511 0.643861
vt 0.709739 0.605747
vt 0.293256 0.258034
vt 0.591813 0.480132
vt 0.565913 0.452219
vt 0.544405 0.425907
vt 0.513231 0.405300
vt 0.479294 0.390170
vt 0.503970 0.380863
vt 0.455351 0.400812
vt 0.598882 0.726327
vt 0.582286 0.696880
vt 0.562037 0.668800
vt 0.538657 0.667034
vt 0.540820 0.645563
vt 0.857814 0.183306
vt 0.837528 0.163334
vt 0.859167 0.160280
vt 0.471304 0.524232
vt 0.446898 0.523049
vt 0.447340 0.501029
vt 0.764104 0.281630
vt 0.741505 0.279032
vt 0.745453 0.257371
vt 0.763602 0.259627
vt 0.782271 0.258286
vt 0.786883 0.280232
vt 0.762611 0.241057
vt 0.778132 0.241059
vt 0.762316 0.229493
vt 0.750673 0.228087
vt 0.748453 0.239542
vt 0.734246 0.235506
vt 0.738954 0.224965
vt 0.727262 0.251875
vt 0.719683 0.228365
vt 0.719312 0.272468
vt 0.718876 0.210795
vt 0.727567 0.218844
vt 0.711109 0.203465
vt 0.721677 0.195946
vt 0.706344 0.195835
vt 0.715432 0.190196
vt 0.230471 0.519848
vt 0.230628 0.513024
vt 0.234908 0.512840
vt 0.233450 0.520405
vt 0.705519 0.187303
vt 0.713235 0.182552
vt 0.961349 0.743135
vt 0.969366 0.742485
vt 0.970762 0.748032
vt 0.961999 0.748966
vt 0.953496 0.748823
vt 0.953137 0.742153
vt 0.963213 0.756034
vt 0.954771 0.756171
vt 0.947162 0.756173
vt 0.945622 0.748258
vt 0.945223 0.741478
vt 0.941460 0.755845
vt 0.939600 0.747228
vt 0.939640 0.739943
vt 0.290533 0.037564
vt 0.290715 0.046622
vt 0.285857 0.046992
vt 0.285570 0.038525
vt 0.690872 0.759337
vt 0.692253 0.766975
vt 0.683832 0.769608
vt 0.682427 0.762727
vt 0.680968 0.757278
vt 0.688307 0.753665
vt 0.673974 0.765971
vt 0.673162 0.760449
vt 0.672654 0.755402
vt 0.679535 0.752416
vt 0.685525 0.749222
vt 0.672845 0.749673
vt 0.677910 0.748787
vt 0.057902 0.031148
vt 0.053608 0.031148
vt 0.053164 0.023302
vt 0.058403 0.025916
vt 0.664524 0.763359
vt 0.664491 0.758232
vt 0.664325 0.752966
vt 0.664708 0.769411
vt 0.154238 0.173843
vt 0.152676 0.180153
vt 0.146082 0.179561
vt 0.146832 0.173218
vt 0.976084 0.739943
vt 0.977566 0.745874
vt 0.066674 0.025554
vt 0.067201 0.020338
vt 0.071381 0.019054
vt 0.071381 0.027255
vt 0.152742 0.188006
vt 0.147252 0.188186
vt 0.978567 0.753337
vt 0.972355 0.755250
vt 0.978491 0.763431
vt 0.973322 0.764401
vt 0.964669 0.764586
vt 0.973217 0.774749
vt 0.965817 0.774560
vt 0.959744 0.774836
vt 0.957012 0.764912
vt 0.954130 0.775656
vt 0.950175 0.765460
vt 0.939827 0.273222
vt 0.938453 0.282486
vt 0.933278 0.281886
vt 0.933795 0.272131
vt 0.934711 0.263647
vt 0.941292 0.265363
vt 0.289655 0.057084
vt 0.287778 0.068389
vt 0.284110 0.067537
vt 0.285497 0.056901
vt 0.693044 0.776259
vt 0.692852 0.786406
vt 0.685915 0.787249
vt 0.685015 0.777884
vt 0.679958 0.789295
vt 0.677440 0.780520
vt 0.675437 0.772659
vt 0.670206 0.784154
vt 0.667160 0.775925
vt 0.674063 0.792680
vt 0.669891 0.795885
vt 0.664840 0.787355
vt 0.661019 0.778848
vt 0.677618 0.799252
vt 0.674349 0.802163
vt 0.977354 0.774136
vt 0.975854 0.782333
vt 0.972192 0.782637
vt 0.966806 0.788669
vt 0.966753 0.782415
vt 0.962966 0.788356
vt 0.961848 0.782587
vt 0.942228 0.291182
vt 0.937687 0.289569
vt 0.957436 0.783038
vt 0.933617 0.289089
vt 0.285730 0.075963
vt 0.282684 0.075253
vt 0.692146 0.794126
vt 0.687045 0.794783
vt 0.682117 0.796468
vt 0.965405 0.794061
vt 0.962697 0.792800
vt 0.207886 0.183600
vt 0.211547 0.183205
vt 0.210784 0.190925
vt 0.207886 0.192080
vt 0.242370 0.065665
vt 0.249335 0.064041
vt 0.159801 0.648940
vt 0.187881 0.635013
vt 0.210677 0.623939
vt 0.208819 0.618850
vt 0.048272 0.684900
vt 0.024069 0.707882
vt 0.030325 0.681238
vt 0.034131 0.669562
vt 0.015693 0.675843
vt 0.019620 0.665483
vt 0.022689 0.658645
vt 0.013318 0.049515
vt 0.020199 0.046555
vt 0.025355 0.061289
vt 0.018305 0.063661
vt 0.011643 0.066251
vt 0.006788 0.052953
vt 0.020717 0.080639
vt 0.013658 0.082698
vt 0.007717 0.084728
vt 0.005390 0.069128
vt 0.000779 0.057201
vt 0.022909 0.098482
vt 0.015775 0.100757
vt 0.010366 0.103187
vt 0.025458 0.117664
vt 0.017948 0.119511
vt 0.014386 0.120947
vt 0.027205 0.136321
vt 0.019636 0.137409
vt 0.010388 0.112401
vt 0.014189 0.129959
vt 0.010018 0.130917
vt 0.006492 0.114261
vt 0.028142 0.153641
vt 0.021017 0.154085
vt 0.015574 0.146781
vt 0.011945 0.147046
vt 0.027512 0.170369
vt 0.020984 0.169750
vt 0.015459 0.162723
vt 0.011764 0.162312
vt 0.024190 0.186627
vt 0.018290 0.185317
vt 0.013408 0.178644
vt 0.009593 0.177617
vt 0.019277 0.199960
vt 0.014417 0.198256
vt 0.009837 0.192080
vt 0.006492 0.191362
vt 0.686926 0.826280
vt 0.690448 0.828140
vt 0.280605 0.784688
vt 0.030647 0.188101
vt 0.025179 0.201983
vt 0.037419 0.189703
vt 0.031489 0.204067
vt 0.045294 0.191554
vt 0.039041 0.206389
vt 0.033677 0.215652
vt 0.053364 0.210588
vt 0.048731 0.220513
vt 0.046510 0.226085
vt 0.070224 0.234881
vt 0.070114 0.240332
vt 0.045113 0.230581
vt 0.069162 0.245380
vt 0.067546 0.249184
vt 0.231138 0.624289
vt 0.231989 0.619286
vt 0.254405 0.634753
vt 0.255212 0.640086
vt 0.732952 0.460731
vt 0.731129 0.430601
vt 0.735425 0.429336
vt 0.737562 0.460381
vt 0.256341 0.645726
vt 0.287172 0.640457
vt 0.289280 0.645423
vt 0.735746 0.395838
vt 0.740928 0.394171
vt 0.740941 0.365060
vt 0.747553 0.365456
vt 0.746993 0.394412
vt 0.291579 0.649541
vt 0.321248 0.631530
vt 0.324210 0.635486
vt 0.317872 0.626851
vt 0.342269 0.604240
vt 0.313775 0.621340
vt 0.336666 0.599845
vt 0.354710 0.573648
vt 0.329530 0.594499
vt 0.347295 0.569645
vt 0.362787 0.541452
vt 0.337409 0.563420
vt 0.351783 0.537050
vt 0.357543 0.509332
vt 0.337406 0.531323
vt 0.343463 0.507427
vt 0.343882 0.482945
vt 0.105650 0.062714
vt 0.110623 0.084492
vt 0.097389 0.088126
vt 0.095183 0.066443
vt 0.093161 0.044894
vt 0.102354 0.041643
vt 0.092447 0.021568
vt 0.102899 0.015275
vt 0.081176 0.069010
vt 0.080518 0.047872
vt 0.078457 0.027169
vt 0.070477 0.011292
vt 0.084900 0.001528
vt 0.058311 0.052271
vt 0.055442 0.034151
vt 0.001357 0.724614
vt 0.008385 0.701465
vt 0.035050 0.058101
vt 0.030392 0.042330
vt 0.058886 0.072304
vt 0.037932 0.076320
vt 0.028037 0.078627
vt 0.039952 0.095192
vt 0.030267 0.096693
vt 0.041899 0.115053
vt 0.032878 0.116123
vt 0.043315 0.134675
vt 0.034661 0.135393
vt 0.043339 0.153349
vt 0.035377 0.153351
vt 0.041452 0.171811
vt 0.034413 0.170989
vt 0.055151 0.153855
vt 0.051488 0.173140
vt 0.073561 0.155670
vt 0.067733 0.176163
vt 0.060525 0.195210
vt 0.087511 0.181050
vt 0.080028 0.201277
vt 0.103584 0.187294
vt 0.095512 0.208620
vt 0.271303 0.607037
vt 0.290713 0.594099
vt 0.300547 0.606399
vt 0.277638 0.619268
vt 0.252843 0.620950
vt 0.254921 0.611072
vt 0.308756 0.615157
vt 0.281919 0.628048
vt 0.253584 0.628312
vt 0.284880 0.634561
vt 0.234303 0.614420
vt 0.092917 0.236056
vt 0.319916 0.586721
vt 0.308972 0.576137
vt 0.325226 0.554986
vt 0.112238 0.135490
vt 0.109119 0.162243
vt 0.093400 0.158611
vt 0.096756 0.134861
vt 0.098058 0.110787
vt 0.112912 0.108561
vt 0.077482 0.134324
vt 0.079989 0.112190
vt 0.081113 0.090392
vt 0.058021 0.113517
vt 0.058594 0.092710
vt 0.057043 0.134140
vt 0.201193 0.001796
vt 0.198105 0.008626
vt 0.191278 0.032446
vt 0.189987 0.032090
vt 0.189987 0.020357
vt 0.193377 0.021904
vt 0.275045 0.423827
vt 0.275706 0.448085
vt 0.286254 0.464432
vt 0.274859 0.466429
vt 0.380948 0.811425
vt 0.382070 0.828439
vt 0.392435 0.810256
vt 0.393192 0.828148
vt 0.683162 0.487612
vt 0.709844 0.487760
vt 0.732530 0.478975
vt 0.737881 0.485735
vt 0.778442 0.316665
vt 0.803823 0.341722
vt 0.820162 0.363438
vt 0.832770 0.360390
vt 0.833698 0.380009
vt 0.842150 0.358907
vt 0.842889 0.377563
vt 0.846287 0.393687
vt 0.851255 0.406586
vt 0.849132 0.376194
vt 0.851909 0.391679
vt 0.856693 0.403877
vt 0.854998 0.375160
vt 0.857403 0.389647
vt 0.861878 0.400953
vt 0.860746 0.374235
vt 0.862844 0.387345
vt 0.866954 0.397833
vt 0.510324 0.819530
vt 0.507957 0.823463
vt 0.848907 0.358332
vt 0.753120 0.354563
vt 0.746594 0.497150
vt 0.152061 0.567827
vt 0.187174 0.573643
vt 0.004801 0.002812
vt 0.003272 0.001930
vt 0.128054 0.019761
vt 0.130086 0.019907
vt 0.132379 0.039310
vt 0.128054 0.040233
vt 0.654927 0.286344
vt 0.002758 0.988037
vt 0.010383 0.907365
vt 0.002357 0.909687
vt 0.816791 0.973376
vt 0.808741 0.966611
vt 0.009879 0.917889
vt 0.004691 0.918867
vt 0.802473 0.960958
vt 0.797493 0.967252
vt 0.793632 0.960521
vt 0.798872 0.955171
vt 0.803064 0.949838
vt 0.160101 0.180298
vt 0.160931 0.186888
vt 0.156937 0.186888
vt 0.156979 0.180195
vt 0.157210 0.172006
vt 0.159619 0.172140
vt 0.204287 0.964106
vt 0.199240 0.970878
vt 0.195443 0.968276
vt 0.201106 0.960877
vt 0.209231 0.953395
vt 0.211254 0.958161
vt 0.417438 0.912812
vt 0.417579 0.905583
vt 0.420528 0.905957
vt 0.420063 0.913676
vt 0.218820 0.950315
vt 0.219602 0.955214
vt 0.233569 0.944928
vt 0.233610 0.950721
vt 0.908901 0.096812
vt 0.913676 0.094964
vt 0.190045 0.965596
vt 0.960180 0.523076
vt 0.959612 0.515269
vt 0.973003 0.517390
vt 0.971748 0.522836
vt 0.192148 0.977875
vt 0.185595 0.975921
vt 0.949184 0.524325
vt 0.949079 0.513674
vt 0.963236 0.573889
vt 0.961860 0.584026
vt 0.954916 0.583157
vt 0.954447 0.572687
vt 0.190789 0.983759
vt 0.183017 0.982978
vt 0.198277 0.977412
vt 0.180537 0.945549
vt 0.182643 0.931722
vt 0.001632 0.174492
vt 0.003893 0.174492
vt 0.003753 0.191536
vt 0.002056 0.194675
vt 0.836020 0.692059
vt 0.842018 0.695063
vt 0.530814 0.315750
vt 0.524794 0.319905
vt 0.519870 0.328546
vt 0.219334 0.220632
vt 0.212685 0.220498
vt 0.212685 0.206592
vt 0.218927 0.207932
vt 0.330573 0.436758
vt 0.336306 0.434606
vt 0.337437 0.454453
vt 0.331332 0.455249
vt 0.325069 0.455221
vt 0.323953 0.437072
vt 0.067212 0.463546
vt 0.061131 0.463928
vt 0.061428 0.447565
vt 0.067487 0.447138
vt 0.331722 0.477310
vt 0.325903 0.477105
vt 0.067009 0.482620
vt 0.061251 0.482766
vt 0.575247 0.128111
vt 0.575444 0.133566
vt 0.553334 0.134621
vt 0.553127 0.128832
vt 0.066741 0.501061
vt 0.061120 0.501071
vt 0.596770 0.127549
vt 0.597000 0.132930
vt 0.597018 0.138646
vt 0.575361 0.139017
vt 0.610956 0.126866
vt 0.611236 0.132283
vt 0.611267 0.138332
vt 0.330213 0.246344
vt 0.331141 0.240259
vt 0.343720 0.240953
vt 0.342766 0.246586
vt 0.621532 0.138058
vt 0.343122 0.235163
vt 0.362565 0.235795
vt 0.362943 0.241869
vt 0.361903 0.247279
vt 0.330322 0.234596
vt 0.972989 0.221894
vt 0.967419 0.221556
vt 0.967434 0.209270
vt 0.973245 0.209486
vt 0.978567 0.220752
vt 0.978348 0.229740
vt 0.972630 0.231015
vt 0.967137 0.230473
vt 0.564491 0.278511
vt 0.565056 0.284127
vt 0.546111 0.284309
vt 0.545571 0.278510
vt 0.967137 0.190090
vt 0.973235 0.190425
vt 0.576960 0.278889
vt 0.577686 0.284248
vt 0.611930 0.214067
vt 0.611928 0.219319
vt 0.597560 0.219351
vt 0.597576 0.213867
vt 0.597768 0.224739
vt 0.576079 0.225430
vt 0.575767 0.219806
vt 0.575674 0.214331
vt 0.612052 0.224424
vt 0.089772 0.246543
vt 0.090141 0.241450
vt 0.102739 0.241012
vt 0.102339 0.246393
vt 0.337245 0.498085
vt 0.332025 0.498453
vt 0.337323 0.476924
vt 0.121852 0.240410
vt 0.121458 0.245885
vt 0.337271 0.512083
vt 0.332486 0.512414
vt 0.327314 0.512343
vt 0.326640 0.498274
vt 0.337009 0.521634
vt 0.066884 0.513210
vt 0.061269 0.513035
vt 0.067487 0.521730
vt 0.062446 0.521153
vt 0.142085 0.239873
vt 0.141739 0.245493
vt 0.553000 0.225977
vt 0.532241 0.226797
vt 0.532255 0.220457
vt 0.552719 0.220025
vt 0.533414 0.214057
vt 0.552813 0.213694
vt 0.512923 0.226097
vt 0.511561 0.220029
vt 0.510984 0.214481
vt 0.491800 0.218644
vt 0.489322 0.285404
vt 0.470148 0.285524
vt 0.464858 0.279407
vt 0.487758 0.279324
vt 0.466250 0.274339
vt 0.486721 0.274260
vt 0.387434 0.327115
vt 0.388433 0.332116
vt 0.366116 0.329021
vt 0.407927 0.331305
vt 0.409312 0.336514
vt 0.390273 0.337276
vt 0.424705 0.237629
vt 0.444318 0.237237
vt 0.444938 0.242281
vt 0.426017 0.243000
vt 0.505055 0.147233
vt 0.483659 0.148452
vt 0.482961 0.144161
vt 0.503450 0.142510
vt 0.520824 0.141157
vt 0.522577 0.146385
vt 0.535569 0.135367
vt 0.536565 0.141224
vt 0.537744 0.146838
vt 0.553490 0.140380
vt 0.396869 0.247753
vt 0.381676 0.247508
vt 0.534039 0.129017
vt 0.481949 0.139396
vt 0.460020 0.145211
vt 0.459635 0.140450
vt 0.459084 0.136217
vt 0.480670 0.135063
vt 0.000956 0.415307
vt 0.002115 0.397518
vt 0.006842 0.397577
vt 0.006020 0.414748
vt 0.453230 0.203154
vt 0.452708 0.199175
vt 0.432080 0.199753
vt 0.432092 0.195230
vt 0.451794 0.194511
vt 0.431860 0.190543
vt 0.450512 0.189813
vt 0.205537 0.241600
vt 0.222049 0.240925
vt 0.221977 0.245696
vt 0.206250 0.246589
vt 0.192820 0.246559
vt 0.191246 0.240520
vt 0.493185 0.223736
vt 0.477578 0.223461
vt 0.476466 0.218785
vt 0.459614 0.224108
vt 0.459869 0.219920
vt 0.435977 0.225005
vt 0.435809 0.220929
vt 0.436230 0.216376
vt 0.410769 0.222089
vt 0.410649 0.217180
vt 0.410736 0.212876
vt 0.437893 0.212305
vt 0.364784 0.008630
vt 0.341509 0.011915
vt 0.340655 0.007126
vt 0.362696 0.004170
vt 0.386777 0.001452
vt 0.391946 0.005450
vt 0.451314 0.327588
vt 0.473576 0.327205
vt 0.473117 0.332018
vt 0.451468 0.332117
vt 0.429008 0.331743
vt 0.452045 0.336495
vt 0.430152 0.336531
vt 0.465598 0.237764
vt 0.487517 0.238568
vt 0.487337 0.243216
vt 0.465800 0.242431
vt 0.460188 0.149403
vt 0.435811 0.149815
vt 0.435965 0.145864
vt 0.410888 0.150543
vt 0.411193 0.146433
vt 0.411290 0.141394
vt 0.435854 0.141199
vt 0.411156 0.136885
vt 0.435482 0.137086
vt 0.003012 0.377580
vt 0.003934 0.356244
vt 0.008739 0.356413
vt 0.007616 0.377622
vt 0.408790 0.201044
vt 0.385021 0.202851
vt 0.384957 0.198223
vt 0.408879 0.196551
vt 0.384498 0.193246
vt 0.408663 0.191663
vt 0.383811 0.188786
vt 0.408113 0.187845
vt 0.242512 0.239931
vt 0.242695 0.244512
vt 0.889947 0.745393
vt 0.885267 0.746255
vt 0.882488 0.723886
vt 0.887931 0.723294
vt 0.411151 0.226335
vt 0.386427 0.228455
vt 0.385809 0.223832
vt 0.892910 0.723891
vt 0.885626 0.700665
vt 0.891875 0.701046
vt 0.361229 0.226903
vt 0.360533 0.220118
vt 0.385390 0.218555
vt 0.360485 0.213423
vt 0.385373 0.213776
vt 0.320006 0.014727
vt 0.298141 0.018172
vt 0.296827 0.011438
vt 0.319070 0.009672
vt 0.297098 0.004651
vt 0.319397 0.004694
vt 0.495773 0.327379
vt 0.495145 0.332413
vt 0.531208 0.235877
vt 0.554579 0.236220
vt 0.555590 0.242516
vt 0.531773 0.240646
vt 0.495523 0.337437
vt 0.473797 0.336729
vt 0.509899 0.239210
vt 0.531230 0.245632
vt 0.509642 0.244266
vt 0.554986 0.249200
vt 0.553009 0.255057
vt 0.529804 0.250066
vt 0.386766 0.151041
vt 0.387171 0.146718
vt 0.363494 0.148258
vt 0.363751 0.141731
vt 0.387151 0.141681
vt 0.363540 0.135383
vt 0.386834 0.136889
vt 0.004530 0.334879
vt 0.003330 0.312353
vt 0.010146 0.312133
vt 0.009798 0.334697
vt 0.016998 0.313244
vt 0.014832 0.335819
vt 0.361092 0.205058
vt 0.361093 0.199948
vt 0.338473 0.202932
vt 0.337658 0.196253
vt 0.360687 0.194726
vt 0.878963 0.701572
vt 0.873195 0.703826
vt 0.864803 0.682258
vt 0.873630 0.678631
vt 0.883428 0.676915
vt 0.871161 0.664070
vt 0.881894 0.662430
vt 0.892131 0.663289
vt 0.892910 0.677740
vt 0.337823 0.231379
vt 0.322138 0.233187
vt 0.321575 0.221932
vt 0.337230 0.221179
vt 0.321825 0.210799
vt 0.337214 0.211247
vt 0.276443 0.023200
vt 0.262844 0.025003
vt 0.260847 0.013725
vt 0.274428 0.013087
vt 0.261584 0.003547
vt 0.274795 0.003313
vt 0.577543 0.234736
vt 0.591418 0.235142
vt 0.592559 0.244467
vt 0.578976 0.243625
vt 0.591839 0.254526
vt 0.578402 0.253224
vt 0.589374 0.263731
vt 0.575689 0.261767
vt 0.341138 0.149755
vt 0.326359 0.150124
vt 0.326537 0.140174
vt 0.341827 0.140188
vt 0.326381 0.129770
vt 0.342024 0.130808
vt 0.001120 0.288659
vt 0.000956 0.273869
vt 0.011730 0.273304
vt 0.011037 0.288383
vt 0.022063 0.275080
vt 0.020746 0.289932
vt 0.219593 0.984029
vt 0.209616 0.983219
vt 0.209898 0.972983
vt 0.219841 0.973440
vt 0.230517 0.973004
vt 0.230510 0.983575
vt 0.230461 0.998659
vt 0.220195 0.999333
vt 0.220278 0.965877
vt 0.230325 0.965443
vt 0.239537 0.964030
vt 0.239961 0.971488
vt 0.240099 0.982246
vt 0.880903 0.652951
vt 0.879964 0.646507
vt 0.890243 0.647101
vt 0.891197 0.653608
vt 0.310987 0.233671
vt 0.303542 0.234246
vt 0.302962 0.223591
vt 0.310073 0.221206
vt 0.311187 0.209840
vt 0.253344 0.024432
vt 0.247262 0.023000
vt 0.246070 0.012883
vt 0.252090 0.013541
vt 0.246542 0.004303
vt 0.252911 0.004053
vt 0.115507 0.039605
vt 0.114533 0.049400
vt 0.105378 0.048605
vt 0.106485 0.038177
vt 0.600708 0.236116
vt 0.607485 0.236634
vt 0.607501 0.245654
vt 0.601361 0.245167
vt 0.115507 0.058403
vt 0.106490 0.058130
vt 0.600448 0.255051
vt 0.613191 0.234588
vt 0.612714 0.244970
vt 0.240406 0.011420
vt 0.240824 0.001452
vt 0.241931 0.021341
vt 0.834974 0.790913
vt 0.836791 0.783622
vt 0.842827 0.792324
vt 0.843003 0.798663
vt 0.850368 0.792868
vt 0.852203 0.799948
vt 0.857208 0.792772
vt 0.858902 0.799925
vt 0.863806 0.792045
vt 0.865469 0.799208
vt 0.867120 0.806768
vt 0.872333 0.798024
vt 0.873953 0.805403
vt 0.878563 0.797080
vt 0.878795 0.804878
vt 0.883291 0.809789
vt 0.870873 0.790654
vt 0.878200 0.788960
vt 0.302948 0.131548
vt 0.302147 0.125029
vt 0.307536 0.121707
vt 0.308903 0.129781
vt 0.002565 0.259176
vt 0.012733 0.257821
vt 0.012325 0.264344
vt 0.001654 0.265382
vt 0.316288 0.129952
vt 0.210115 0.965492
vt 0.212451 0.959799
vt 0.220908 0.960275
vt 0.035645 0.001695
vt 0.038796 0.011326
vt 0.033299 0.012663
vt 0.030855 0.006227
vt 0.038935 0.022044
vt 0.033218 0.021469
vt 0.036614 0.031148
vt 0.030855 0.029008
vt 0.229387 0.959799
vt 0.325758 0.158642
vt 0.546589 0.272687
vt 0.534062 0.124055
vt 0.628428 0.136926
vt 0.719038 0.054926
vt 0.718589 0.049825
vt 0.728888 0.052080
vt 0.728847 0.057601
vt 0.718519 0.044681
vt 0.729378 0.046565
vt 0.739040 0.048887
vt 0.737339 0.053170
vt 0.736281 0.059534
vt 0.719346 0.039153
vt 0.729623 0.040110
vt 0.739766 0.040543
vt 0.718993 0.031918
vt 0.728960 0.031641
vt 0.738714 0.029805
vt 0.725904 0.018279
vt 0.731124 0.016040
vt 0.310182 0.237838
vt 0.309095 0.254721
vt 0.303794 0.255588
vt 0.303000 0.240413
vt 0.894208 0.837696
vt 0.886155 0.840670
vt 0.885261 0.853797
vt 0.877413 0.855414
vt 0.876607 0.844253
vt 0.875599 0.836540
vt 0.869491 0.857533
vt 0.866731 0.847190
vt 0.864220 0.840350
vt 0.656704 0.517591
vt 0.653983 0.529827
vt 0.646597 0.528637
vt 0.649215 0.515822
vt 0.858173 0.849248
vt 0.854524 0.841882
vt 0.640269 0.528473
vt 0.642496 0.515210
vt 0.879261 0.910456
vt 0.881230 0.923113
vt 0.875417 0.924263
vt 0.875400 0.912766
vt 0.138868 0.052965
vt 0.134155 0.054509
vt 0.699450 0.028838
vt 0.702281 0.017952
vt 0.710289 0.019525
vt 0.708936 0.030778
vt 0.718168 0.019637
vt 0.860138 0.928752
vt 0.867560 0.925921
vt 0.870920 0.941473
vt 0.866311 0.943419
vt 0.860691 0.946703
vt 0.853197 0.932873
vt 0.870787 0.956265
vt 0.867307 0.958239
vt 0.110316 0.178534
vt 0.110316 0.193377
vt 0.109101 0.193297
vt 0.107631 0.178845
vt 0.722071 0.003164
vt 0.724344 0.001732
vt 0.309477 0.272295
vt 0.310182 0.287229
vt 0.307336 0.288119
vt 0.305120 0.273465
vt 0.883486 0.868695
vt 0.883130 0.880736
vt 0.879686 0.881647
vt 0.878202 0.870066
vt 0.876175 0.882562
vt 0.873009 0.871546
vt 0.649053 0.547126
vt 0.643890 0.546532
vt 0.641296 0.560743
vt 0.640891 0.546680
vt 0.880929 0.939654
vt 0.880476 0.952578
vt 0.877341 0.953527
vt 0.876101 0.940259
vt 0.874056 0.954825
vt 0.879034 0.961844
vt 0.876673 0.962754
vt 0.874254 0.963796
vt 0.166427 0.016428
vt 0.168719 0.016932
vt 0.167837 0.020241
vt 0.166427 0.020765
vt 0.881230 0.961113
vt 0.882930 0.888480
vt 0.880453 0.889103
vt 0.878029 0.889706
vt 0.878567 0.892523
vt 0.885568 0.888090
vt 0.884238 0.892446
vt 0.886913 0.879950
vt 0.007488 0.140349
vt 0.008919 0.140364
vt 0.872003 0.964845
vt 0.673710 0.747637
vt 0.667300 0.745708
vt 0.126853 0.002596
vt 0.132379 0.001676
vt 0.132379 0.008599
vt 0.126817 0.009085
vt 0.233610 0.084994
vt 0.228006 0.085451
vt 0.228375 0.080114
vt 0.232933 0.079277
vt 0.136344 0.873502
vt 0.233052 0.090314
vt 0.228006 0.090848
vt 0.060998 0.291021
vt 0.059437 0.293814
vt 0.315374 0.102963
vt 0.477926 0.973325
vt 0.478169 0.969463
vt 0.966365 0.355607
vt 0.964508 0.352171
vt 0.974422 0.353805
vt 0.478901 0.963011
vt 0.962670 0.345259
vt 0.479552 0.124957
vt 0.479517 0.115846
vt 0.137570 0.198073
vt 0.135870 0.204319
vt 0.130681 0.205058
vt 0.130681 0.198463
vt 0.593089 0.110942
vt 0.594408 0.119023
vt 0.140888 0.073198
vt 0.145357 0.070456
vt 0.145357 0.077870
vt 0.141119 0.077620
vt 0.499487 0.298257
vt 0.499997 0.289099
vt 0.293512 0.298330
vt 0.294608 0.307587
vt 0.289527 0.307154
vt 0.289527 0.295097
vt 0.312819 0.776105
vt 0.187952 0.209040
vt 0.169353 0.248829
vt 0.176506 0.246185
vt 0.297729 0.227559
vt 0.292474 0.235095
vt 0.288261 0.225695
vt 0.295312 0.219034
vt 0.355165 0.066515
vt 0.352839 0.062489
vt 0.366756 0.051773
vt 0.369397 0.056757
vt 0.816382 0.857978
vt 0.808627 0.852033
vt 0.346097 0.071381
vt 0.345147 0.068612
vt 0.800635 0.874309
vt 0.793995 0.866465
vt 0.786721 0.858560
vt 0.801074 0.845135
vt 0.779312 0.851077
vt 0.794656 0.837544
vt 0.773371 0.844648
vt 0.789352 0.830584
vt 0.807188 0.819667
vt 0.248545 0.458548
vt 0.259384 0.442488
vt 0.263172 0.443440
vt 0.252959 0.462029
vt 0.425690 0.459374
vt 0.421593 0.459433
vt 0.639219 0.058836
vt 0.619897 0.046893
vt 0.624949 0.038509
vt 0.643385 0.050117
vt 0.630621 0.029138
vt 0.648487 0.040777
vt 0.665754 0.050606
vt 0.654676 0.032315
vt 0.670544 0.042632
vt 0.660364 0.025437
vt 0.674902 0.036549
vt 0.635949 0.019767
vt 0.640453 0.012045
vt 0.617817 0.009424
vt 0.621265 0.001732
vt 0.387559 0.042329
vt 0.410875 0.041838
vt 0.409649 0.046427
vt 0.388536 0.047133
vt 0.432062 0.052658
vt 0.430301 0.055636
vt 0.783206 0.887269
vt 0.767418 0.895506
vt 0.763264 0.888124
vt 0.778096 0.878978
vt 0.954211 0.628134
vt 0.959181 0.608264
vt 0.966285 0.608164
vt 0.963005 0.627831
vt 0.771788 0.871637
vt 0.973964 0.607338
vt 0.972468 0.627838
vt 0.764450 0.865489
vt 0.981163 0.606660
vt 0.981163 0.628152
vt 0.757570 0.860468
vt 0.263042 0.420232
vt 0.257278 0.396436
vt 0.260196 0.395294
vt 0.267354 0.420016
vt 0.413525 0.973354
vt 0.417246 0.947933
vt 0.425232 0.949342
vt 0.422533 0.973376
vt 0.602033 0.033779
vt 0.607977 0.026456
vt 0.432838 0.949650
vt 0.432172 0.973174
vt 0.613489 0.018272
vt 0.440634 0.948748
vt 0.441969 0.972560
vt 0.432764 0.925775
vt 0.438315 0.925090
vt 0.443165 0.923860
vt 0.447283 0.947360
vt 0.450349 0.971743
vt 0.436942 0.908097
vt 0.439878 0.907242
vt 0.451875 0.064040
vt 0.467220 0.069081
vt 0.466438 0.071381
vt 0.450025 0.066931
vt 0.967503 0.564132
vt 0.973361 0.548077
vt 0.973991 0.564558
vt 0.958175 0.585966
vt 0.963442 0.586053
vt 0.952334 0.608086
vt 0.977311 0.547384
vt 0.979245 0.563936
vt 0.968183 0.585737
vt 0.980752 0.546336
vt 0.984474 0.562332
vt 0.973334 0.584873
vt 0.983491 0.545121
vt 0.988950 0.559886
vt 0.978385 0.584074
vt 0.419092 0.923499
vt 0.423813 0.907242
vt 0.425802 0.908082
vt 0.421703 0.924473
vt 0.248545 0.373558
vt 0.251310 0.373118
vt 0.429624 0.908365
vt 0.427524 0.925602
vt 0.433443 0.908541
vt 0.314842 0.248794
vt 0.318692 0.248927
vt 0.317168 0.259463
vt 0.314622 0.259620
vt 0.312114 0.260342
vt 0.311285 0.248810
vt 0.315716 0.265266
vt 0.313511 0.265679
vt 0.311285 0.265585
vt 0.314769 0.268046
vt 0.312572 0.268103
vt 0.017403 0.041531
vt 0.017403 0.039342
vt 0.018208 0.040483
vt 0.019468 0.041250
vt 0.970374 0.529075
vt 0.969220 0.527171
vt 0.970783 0.526509
vt 0.972755 0.529568
vt 0.974942 0.535846
vt 0.972321 0.535884
vt 0.968329 0.529770
vt 0.974958 0.529629
vt 0.977420 0.535203
vt 0.292959 0.058363
vt 0.293532 0.052586
vt 0.295737 0.053158
vt 0.295701 0.058355
vt 0.295906 0.069799
vt 0.292959 0.070083
vt 0.321519 0.259877
vt 0.319651 0.265006
vt 0.318020 0.265229
vt 0.319716 0.259607
vt 0.322521 0.248943
vt 0.324459 0.248945
vt 0.318170 0.267794
vt 0.317006 0.268091
vt 0.973326 0.526870
vt 0.005599 0.032506
vt 0.006489 0.031620
vt 0.006489 0.033744
vt 0.004802 0.033631
vt 0.970658 0.525232
vt 0.972387 0.525328
vt 0.315977 0.269604
vt 0.314334 0.269950
vt 0.841326 0.815861
vt 0.188186 0.025502
vt 0.187968 0.036339
vt 0.182664 0.029825
vt 0.182664 0.020644
vt 0.203835 0.107720
vt 0.203437 0.103102
vt 0.208951 0.095508
vt 0.208951 0.105877
vt 0.885799 0.815749
vt 0.217274 0.131666
vt 0.218036 0.136273
vt 0.213800 0.136273
vt 0.214922 0.132426
vt 0.019468 0.031391
vt 0.018645 0.034368
vt 0.017050 0.036339
vt 0.017050 0.030446
vt 0.263129 0.281813
vt 0.259169 0.282928
vt 0.004219 0.041531
vt 0.005191 0.038299
vt 0.017132 0.142549
vt 0.018170 0.141170
vt 0.347471 0.721596
vt 0.342120 0.718646
vt 0.163226 0.205887
vt 0.166123 0.206558
vt 0.006073 0.174166
vt 0.007787 0.175713
vt 0.006073 0.179101
vt 0.000961 0.318026
vt 0.002596 0.325429
vt 0.002596 0.334841
vt 0.000941 0.327547
vt 0.132473 0.192368
vt 0.135556 0.191092
vt 0.168719 0.040233
vt 0.167685 0.036320
vt 0.168719 0.034087
vt 0.203760 0.116416
vt 0.006489 0.087602
vt 0.006489 0.098635
vt 0.006143 0.092467
vt 0.081033 0.532559
vt 0.071405 0.534708
vt 0.301098 0.238802
vt 0.739416 0.497459
vt 0.728972 0.500907
vt 0.138268 0.205058
vt 0.164325 0.186515
vt 0.943526 0.508366
vt 0.938817 0.516538
vt 0.933992 0.496505
vt 0.943526 0.475290
vt 0.149853 0.156110
vt 0.153145 0.148891
vt 0.153145 0.160932
vt 0.149526 0.158716
vt 0.782362 0.380711
vt 0.305164 0.207716
vt 0.304526 0.215280
vt 0.301171 0.216344
vt 0.300756 0.213223
vt 0.301053 0.206841
vt 0.302771 0.209874
vt 0.302536 0.213197
vt 0.245789 0.027358
vt 0.242837 0.026231
vt 0.247043 0.029850
vt 0.249884 0.029733
vt 0.181072 0.193482
vt 0.184293 0.189196
vt 0.184293 0.195973
vt 0.170055 0.041531
vt 0.170055 0.034812
vt 0.172612 0.037565
vt 0.284226 0.049318
vt 0.282697 0.044853
vt 0.284226 0.039957
vt 0.496913 0.790381
vt 0.489422 0.778207
vt 0.490039 0.784544
vt 0.513952 0.022831
vt 0.519134 0.049298
vt 0.507522 0.054509
vt 0.507522 0.021323
vt 0.231015 0.340033
vt 0.219695 0.326890
vt 0.231015 0.326556
vt 0.252397 0.242016
vt 0.254376 0.252695
vt 0.252397 0.264758
vt 0.192851 0.220379
vt 0.191468 0.221930
vt 0.001836 0.202244
vt 0.005191 0.197786
vt 0.005191 0.210249
vt 0.002877 0.209105
vt 0.194675 0.015574
vt 0.796536 0.951227
vt 0.219334 0.137185
vt 0.219016 0.139749
vt 0.217727 0.138848
vt 0.218555 0.141940
vt 0.216098 0.140534
vt 0.218133 0.143446
vt 0.215712 0.142711
vt 0.213500 0.142381
vt 0.213300 0.138136
vt 0.215681 0.145147
vt 0.213300 0.145755
vt 0.216218 0.148285
vt 0.215326 0.149251
vt 0.217750 0.145241
vt 0.217368 0.146933
vt 0.903215 0.692222
vt 0.897624 0.690405
vt 0.900271 0.685897
vt 0.907138 0.695639
vt 0.906247 0.653738
vt 0.909689 0.662988
vt 0.897863 0.666158
vt 0.896707 0.656393
vt 0.904894 0.681738
vt 0.913351 0.686734
vt 0.896707 0.681770
vt 0.898530 0.678087
vt 0.115507 0.071381
vt 0.111431 0.069851
vt 0.108925 0.060843
vt 0.115507 0.062038
vt 0.904030 0.672091
vt 0.908616 0.676820
vt 0.917569 0.676616
vt 0.914923 0.679747
vt 0.914139 0.672027
vt 0.912076 0.666899
vt 0.643713 0.417312
vt 0.658036 0.425431
vt 0.641788 0.442673
vt 0.626499 0.425463
vt 0.643198 0.403757
vt 0.666546 0.408483
vt 0.618716 0.406460
vt 0.687305 0.358717
vt 0.674238 0.351317
vt 0.681212 0.336514
vt 0.698545 0.350504
vt 0.706334 0.369910
vt 0.690374 0.372790
vt 0.670033 0.370795
vt 0.783024 0.795147
vt 0.789029 0.786124
vt 0.798623 0.789207
vt 0.787599 0.801118
vt 0.763533 0.807310
vt 0.764716 0.798458
vt 0.766728 0.786342
vt 0.933835 0.824238
vt 0.937037 0.819433
vt 0.933622 0.831178
vt 0.931147 0.830356
vt 0.925069 0.826622
vt 0.929857 0.821418
vt 0.934118 0.818014
vt 0.699664 0.816817
vt 0.705576 0.816270
vt 0.712125 0.818388
vt 0.710898 0.821653
vt 0.924428 0.816437
vt 0.929327 0.812360
vt 0.270878 0.988172
vt 0.264371 0.990077
vt 0.263546 0.983810
vt 0.269545 0.983060
vt 0.398710 0.452621
vt 0.400191 0.456735
vt 0.385003 0.455041
vt 0.390992 0.446413
vt 0.404705 0.438434
vt 0.417223 0.447632
vt 0.408830 0.465899
vt 0.400496 0.473504
vt 0.212238 0.180399
vt 0.210146 0.172276
vt 0.210146 0.164537
vt 0.212845 0.166438
vt 0.396273 0.434730
vt 0.399894 0.421987
vt 0.406275 0.430235
vt 0.529771 0.101971
vt 0.533485 0.086841
vt 0.538490 0.094759
vt 0.531539 0.105125
vt 0.409319 0.423327
vt 0.408083 0.408867
vt 0.543227 0.085233
vt 0.541415 0.070625
vt 0.547686 0.089578
vt 0.538724 0.090906
vt 0.535996 0.078953
vt 0.537637 0.060189
vt 0.416287 0.400016
vt 0.413823 0.408467
vt 0.406303 0.413249
vt 0.410913 0.417256
vt 0.413339 0.428639
vt 0.407882 0.425993
vt 0.162787 0.266517
vt 0.164825 0.253295
vt 0.164803 0.263290
vt 0.164825 0.269950
vt 0.530249 0.033758
vt 0.529848 0.035058
vt 0.533338 0.050431
vt 0.529771 0.045733
vt 0.106422 0.197271
vt 0.105814 0.194028
vt 0.105903 0.197268
vt 0.106422 0.183191
vt 0.695211 0.781144
vt 0.700287 0.793598
vt 0.697369 0.793480
vt 0.695581 0.779873
vt 0.530679 0.055461
vt 0.533948 0.069538
vt 0.424116 0.468715
vt 0.432179 0.450019
vt 0.432179 0.485390
vt 0.426862 0.476531
vt 0.413029 0.390739
vt 0.430881 0.382134
vt 0.696997 0.739107
vt 0.706685 0.711732
vt 0.713835 0.714224
vt 0.707242 0.736860
vt 0.396687 0.414898
vt 0.394145 0.479018
vt 0.390168 0.466574
vt 0.384260 0.462037
vt 0.790190 0.687515
vt 0.780277 0.692107
vt 0.773109 0.676004
vt 0.786866 0.672586
vt 0.428142 0.500406
vt 0.426764 0.507228
vt 0.418261 0.497073
vt 0.425788 0.489242
vt 0.794897 0.673801
vt 0.797244 0.683744
vt 0.739230 0.687046
vt 0.732291 0.698723
vt 0.722140 0.695678
vt 0.735940 0.682190
vt 0.746386 0.676899
vt 0.747100 0.684383
vt 0.742413 0.698726
vt 0.795310 0.669305
vt 0.801569 0.682324
vt 0.408056 0.502267
vt 0.401634 0.490131
vt 0.412486 0.482372
vt 0.423866 0.521730
vt 0.419376 0.513597
vt 0.430881 0.513146
vt 0.798823 0.661553
vt 0.809128 0.673940
vt 0.804166 0.671585
vt 0.807230 0.671165
vt 0.803646 0.678805
vt 0.387850 0.490494
vt 0.391168 0.483841
vt 0.393803 0.497932
vt 0.390622 0.498080
vt 0.759600 0.660382
vt 0.766978 0.658215
vt 0.768946 0.661608
vt 0.757770 0.666683
vt 0.381850 0.474479
vt 0.385268 0.471011
vt 0.743215 0.669583
vt 0.743877 0.664825
vt 0.777255 0.666529
vt 0.769831 0.669890
vt 0.781504 0.658957
vt 0.781718 0.678978
vt 0.771516 0.680387
vt 0.434494 0.514322
vt 0.435142 0.500354
vt 0.440683 0.499692
vt 0.438478 0.518947
vt 0.798947 0.680461
vt 0.795325 0.672657
vt 0.819817 0.690099
vt 0.814878 0.691851
vt 0.808601 0.693812
vt 0.802200 0.694872
vt 0.822558 0.717281
vt 0.815732 0.717336
vt 0.808614 0.717187
vt 0.800733 0.717354
vt 0.794597 0.694868
vt 0.295906 0.583454
vt 0.288375 0.586621
vt 0.282596 0.563558
vt 0.289644 0.561055
vt 0.811586 0.743914
vt 0.803769 0.743215
vt 0.792560 0.742602
vt 0.790471 0.717257
vt 0.810791 0.770856
vt 0.803465 0.769243
vt 0.792157 0.767415
vt 0.769587 0.765728
vt 0.773079 0.741350
vt 0.748634 0.739354
vt 0.752893 0.717089
vt 0.774348 0.717528
vt 0.745047 0.764341
vt 0.726667 0.762752
vt 0.730528 0.737196
vt 0.741814 0.786459
vt 0.724412 0.785255
vt 0.710700 0.784122
vt 0.713599 0.761966
vt 0.740030 0.798912
vt 0.723773 0.796883
vt 0.711166 0.795032
vt 0.723539 0.804558
vt 0.711883 0.802594
vt 0.248877 0.976819
vt 0.256270 0.976186
vt 0.256691 0.985521
vt 0.248157 0.987718
vt 0.702601 0.801712
vt 0.697834 0.802299
vt 0.262723 0.975629
vt 0.256200 0.990248
vt 0.256643 0.964475
vt 0.262913 0.965075
vt 0.268495 0.965967
vt 0.268341 0.975724
vt 0.273843 0.967186
vt 0.273086 0.976183
vt 0.272558 0.982781
vt 0.721054 0.821316
vt 0.722201 0.816164
vt 0.736667 0.819345
vt 0.735387 0.825663
vt 0.733900 0.830002
vt 0.719774 0.825562
vt 0.930326 0.840326
vt 0.923585 0.853720
vt 0.918794 0.850305
vt 0.926199 0.837997
vt 0.913293 0.846072
vt 0.919975 0.834201
vt 0.907858 0.841161
vt 0.914352 0.829636
vt 0.919344 0.822165
vt 0.908483 0.823805
vt 0.913398 0.816886
vt 0.918321 0.811335
vt 0.905417 0.809024
vt 0.910141 0.804079
vt 0.914433 0.801110
vt 0.922240 0.807448
vt 0.891222 0.793461
vt 0.899337 0.792000
vt 0.905514 0.791190
vt 0.600607 0.360365
vt 0.606333 0.366063
vt 0.604360 0.410141
vt 0.600607 0.384059
vt 0.166123 0.003573
vt 0.164623 0.020765
vt 0.160594 0.013981
vt 0.160594 0.001410
vt 0.900221 0.815455
vt 0.887536 0.801164
vt 0.614196 0.363766
vt 0.609032 0.390988
vt 0.617917 0.343827
vt 0.630414 0.343140
vt 0.626836 0.363196
vt 0.622103 0.385115
vt 0.647820 0.365423
vt 0.644689 0.385775
vt 0.601029 0.416615
vt 0.668970 0.389996
vt 0.691958 0.392875
vt 0.688082 0.414355
vt 0.705169 0.417458
vt 0.695451 0.441453
vt 0.677658 0.435979
vt 0.707985 0.393329
vt 0.717529 0.393091
vt 0.716527 0.418790
vt 0.716007 0.367447
vt 0.723161 0.365768
vt 0.724508 0.392533
vt 0.706945 0.344451
vt 0.714064 0.339411
vt 0.719387 0.335576
vt 0.729649 0.364227
vt 0.686300 0.327912
vt 0.689882 0.321545
vt 0.693416 0.316088
vt 0.696633 0.311591
vt 0.723916 0.332674
vt 0.891697 0.894089
vt 0.887536 0.887971
vt 0.901589 0.865701
vt 0.906355 0.870980
vt 0.910683 0.875601
vt 0.895236 0.899399
vt 0.760484 0.830614
vt 0.761041 0.827319
vt 0.791266 0.822417
vt 0.792240 0.825812
vt 0.789886 0.815277
vt 0.810182 0.797774
vt 0.815953 0.802546
vt 0.819001 0.804705
vt 0.761573 0.820372
vt 0.762589 0.814425
vt 0.789020 0.808645
vt 0.737756 0.813817
vt 0.723016 0.810827
vt 0.738815 0.807187
vt 0.264318 0.950293
vt 0.269881 0.951452
vt 0.290449 0.493136
vt 0.295906 0.499147
vt 0.291968 0.514803
vt 0.284161 0.513850
vt 0.277225 0.512555
vt 0.286048 0.487661
vt 0.294040 0.534768
vt 0.286217 0.536729
vt 0.278919 0.538667
vt 0.817377 0.772113
vt 0.818060 0.744478
vt 0.824721 0.745048
vt 0.824470 0.773364
vt 0.829165 0.745547
vt 0.829316 0.774274
vt 0.433126 0.421648
vt 0.439369 0.446912
vt 0.434211 0.448476
vt 0.428326 0.424463
vt 0.734574 0.363063
vt 0.443860 0.472773
vt 0.436620 0.473591
vt 0.731041 0.391704
vt 0.731759 0.420709
vt 0.724312 0.419700
vt 0.725141 0.447885
vt 0.716326 0.445938
vt 0.706977 0.443855
vt 0.706514 0.462773
vt 0.693902 0.463238
vt 0.682218 0.461925
vt 0.688005 0.478901
vt 0.673385 0.478509
vt 0.650148 0.474520
vt 0.663339 0.455956
vt 0.624250 0.456719
vt 0.721867 0.680768
vt 0.746262 0.662781
vt 0.755233 0.682697
vt 0.732699 0.697291
vt 0.718047 0.709507
vt 0.707113 0.702404
vt 0.608388 0.435230
vt 0.710301 0.724671
vt 0.700448 0.721121
vt 0.764069 0.699648
vt 0.743378 0.709382
vt 0.421986 0.470991
vt 0.768461 0.658681
vt 0.782395 0.658215
vt 0.705382 0.475454
vt 0.717887 0.459726
vt 0.828800 0.716153
vt 0.659927 0.316559
vt 0.657537 0.322364
vt 0.896817 0.860347
vt 0.655309 0.330555
vt 0.890315 0.853791
vt 0.901716 0.834978
vt 0.632862 0.331054
vt 0.652083 0.344264
vt 0.892974 0.826082
vt 0.703471 0.764621
vt 0.717730 0.736479
vt 0.724340 0.715994
vt 0.735492 0.716722
vt 0.757039 0.697529
vt 0.758505 0.683082
vt 0.773264 0.695123
vt 0.785382 0.694532
vt 0.789433 0.679807
vt 0.757760 0.673976
vt 0.729596 0.679579
vt 0.718410 0.693499
vt 0.389381 0.435858
vt 0.384775 0.447113
vt 0.382259 0.466706
vt 0.396039 0.490917
vt 0.325903 0.018474
vt 0.323915 0.034170
vt 0.316948 0.036339
vt 0.316395 0.025952
vt 0.694788 0.780828
vt 0.423910 0.394121
vt 0.273843 0.988737
vt 0.435563 0.534708
vt 0.428326 0.521943
vt 0.429385 0.508619
vt 0.241109 0.272545
vt 0.241109 0.254073
vt 0.242695 0.266213
vt 0.726555 0.717289
vt 0.716418 0.721947
vt 0.719109 0.712426
vt 0.724850 0.708310
vt 0.316395 0.017660
vt 0.327054 0.015425
vt 0.115507 0.118817
vt 0.115507 0.133677
vt 0.114141 0.129004
vt 0.308628 0.034436
vt 0.315374 0.042191
vt 0.308628 0.048020
vt 0.405325 0.507285
vt 0.404800 0.513699
vt 0.401784 0.513064
vt 0.403914 0.507295
vt 0.009447 0.001310
vt 0.011713 0.005161
vt 0.007177 0.005279
vt 0.008135 0.004181
vt 0.406321 0.507903
vt 0.407794 0.513964
vt 0.010369 0.043390
vt 0.010383 0.048987
vt 0.007638 0.049318
vt 0.007493 0.043869
vt 0.009881 0.010514
vt 0.006599 0.009949
vt 0.016216 0.007629
vt 0.014229 0.011742
vt 0.601011 0.467570
vt 0.603840 0.471332
vt 0.600889 0.473766
vt 0.598604 0.469064
vt 0.595997 0.469508
vt 0.597933 0.475363
vt 0.930779 0.536813
vt 0.925263 0.531809
vt 0.935251 0.519224
vt 0.937811 0.531072
vt 0.618227 0.532765
vt 0.612592 0.513177
vt 0.619065 0.507740
vt 0.626240 0.525212
vt 0.623563 0.536568
vt 0.623507 0.540166
vt 0.617857 0.546582
vt 0.627788 0.530057
vt 0.592112 0.567081
vt 0.601267 0.570102
vt 0.606326 0.574782
vt 0.599678 0.578184
vt 0.941949 0.605818
vt 0.933168 0.616336
vt 0.931853 0.615046
vt 0.939922 0.603620
vt 0.926564 0.617769
vt 0.922508 0.616070
vt 0.927908 0.609496
vt 0.207450 0.110254
vt 0.207654 0.116228
vt 0.205983 0.116805
vt 0.205983 0.109417
vt 0.043054 0.030673
vt 0.041960 0.031148
vt 0.042673 0.025351
vt 0.043736 0.026453
vt 0.045424 0.011503
vt 0.044677 0.020025
vt 0.043313 0.018867
vt 0.041960 0.008416
vt 0.910296 0.607299
vt 0.917707 0.603120
vt 0.923271 0.605563
vt 0.917158 0.612379
vt 0.611126 0.578758
vt 0.605989 0.581430
vt 0.609544 0.564285
vt 0.612264 0.570121
vt 0.616213 0.574730
vt 0.908786 0.597704
vt 0.917299 0.596308
vt 0.925719 0.596516
vt 0.617241 0.564678
vt 0.622152 0.565619
vt 0.617822 0.558569
vt 0.624648 0.555757
vt 0.596837 0.557898
vt 0.606893 0.552812
vt 0.599906 0.573951
vt 0.592342 0.562832
vt 0.908786 0.548982
vt 0.917349 0.533684
vt 0.917769 0.552677
vt 0.914876 0.579402
vt 0.909059 0.579789
vt 0.619664 0.496216
vt 0.614396 0.493425
vt 0.620965 0.493397
vt 0.023215 0.026243
vt 0.024312 0.010118
vt 0.028552 0.010889
vt 0.028154 0.031148
vt 0.608195 0.494649
vt 0.604039 0.481190
vt 0.608294 0.478222
vt 0.601401 0.495447
vt 0.599750 0.482554
vt 0.408836 0.521513
vt 0.410116 0.534660
vt 0.404342 0.534069
vt 0.404644 0.521058
vt 0.397684 0.532202
vt 0.400021 0.519292
vt 0.392927 0.531363
vt 0.397481 0.518740
vt 0.015574 0.046722
vt 0.012594 0.045752
vt 0.012803 0.040801
vt 0.015574 0.040685
vt 0.944591 0.517606
vt 0.947920 0.529347
vt 0.943215 0.529641
vt 0.940377 0.517582
vt 0.020765 0.011153
vt 0.018420 0.014481
vt 0.016068 0.019692
vt 0.011806 0.020553
vt 0.014951 0.037017
vt 0.006599 0.040233
vt 0.299800 0.240750
vt 0.299800 0.262163
vt 0.297239 0.260428
vt 0.296037 0.241369
vt 0.008007 0.020516
vt 0.951783 0.551226
vt 0.946480 0.552651
vt 0.938672 0.554586
vt 0.947636 0.579371
vt 0.938268 0.579861
vt 0.926345 0.580308
vt 0.927951 0.555139
vt 0.933280 0.599275
vt 0.952611 0.578923
vt 0.390690 0.580031
vt 0.389816 0.553064
vt 0.395223 0.552611
vt 0.395924 0.577277
vt 0.404080 0.601754
vt 0.400700 0.607387
vt 0.585458 0.537905
vt 0.587880 0.512269
vt 0.594429 0.514216
vt 0.593335 0.537601
vt 0.601854 0.515464
vt 0.603896 0.536694
vt 0.410116 0.555075
vt 0.402494 0.554098
vt 0.023215 0.001472
vt 0.026376 0.001154
vt 0.295988 0.150430
vt 0.301098 0.140332
vt 0.301098 0.158336
vt 0.296787 0.157731
vt 0.628152 0.554059
vt 0.627299 0.561269
vt 0.042212 0.001603
vt 0.044995 0.004460
vt 0.596194 0.466926
vt 0.405660 0.505649
vt 0.010383 0.040831
vt 0.449051 0.406388
vt 0.445092 0.416605
vt 0.443577 0.416121
vt 0.442065 0.402722
vt 0.444061 0.391795
vt 0.449051 0.382103
vt 0.628152 0.512596
vt 0.197271 0.150420
vt 0.194381 0.150549
vt 0.194381 0.138351
vt 0.196098 0.139281
vt 0.189397 0.055465
vt 0.188351 0.056291
vt 0.188181 0.053530
vt 0.189518 0.053874
vt 0.190782 0.054198
vt 0.190782 0.055836
vt 0.190782 0.057624
vt 0.190782 0.059700
vt 0.187397 0.057227
vt 0.186660 0.053139
vt 0.018803 0.004838
vt 0.019290 0.005592
vt 0.018800 0.006489
vt 0.018060 0.006091
vt 0.016843 0.005437
vt 0.016843 0.004565
vt 0.016843 0.003189
vt 0.018533 0.003139
vt 0.019461 0.003266
vt 0.019468 0.004518
vt 0.017880 0.001603
vt 0.018639 0.001210
vt 0.029850 0.001732
vt 0.029666 0.003797
vt 0.028591 0.003893
vt 0.027998 0.001732
vt 0.016843 0.002141
vt 0.000803 0.002152
vt 0.001298 0.003134
vt 0.000803 0.003894
vt 0.090590 0.001681
vt 0.090848 0.003897
vt 0.090590 0.005191
vt 0.137570 0.188186
vt 0.136540 0.185061
vt 0.137570 0.183638
vt 0.030982 0.013992
vt 0.031148 0.015574
vt 0.030064 0.014104
vt 0.031148 0.012462
vt 0.195088 0.177803
vt 0.194263 0.176018
vt 0.195406 0.176318
vt 0.195509 0.177803
vt 0.196361 0.176603
vt 0.196342 0.177803
vt 0.197142 0.176530
vt 0.197212 0.177803
vt 0.198061 0.176681
vt 0.198097 0.177803
vt 0.198953 0.176619
vt 0.198979 0.177803
vt 0.199842 0.176560
vt 0.199867 0.177803
vt 0.198924 0.175349
vt 0.199817 0.175286
vt 0.198893 0.174083
vt 0.199792 0.174011
vt 0.197994 0.175480
vt 0.197750 0.174299
vt 0.197639 0.172921
vt 0.198841 0.172843
vt 0.196822 0.173893
vt 0.197059 0.175551
vt 0.196039 0.175102
vt 0.195102 0.174712
vt 0.195876 0.173507
vt 0.196634 0.172327
vt 0.197488 0.170998
vt 0.198058 0.171789
vt 0.198904 0.171857
vt 0.199741 0.171357
vt 0.199768 0.172742
vt 0.012978 0.000696
vt 0.012978 0.001298
vt 0.012636 0.001207
vt 0.224258 0.050063
vt 0.225022 0.049945
vt 0.225505 0.052478
vt 0.224785 0.052484
vt 0.224258 0.058403
vt 0.225156 0.055027
vt 0.225591 0.055062
vt 0.225404 0.058227
vt 0.228419 0.052353
vt 0.227596 0.052396
vt 0.227141 0.049617
vt 0.227682 0.049534
vt 0.005757 0.014276
vt 0.005757 0.011352
vt 0.006440 0.011289
vt 0.006489 0.013644
vt 0.228366 0.055088
vt 0.227563 0.055105
vt 0.228315 0.057781
vt 0.227615 0.057888
vt 0.226843 0.058007
vt 0.226826 0.055117
vt 0.226858 0.052428
vt 0.226119 0.058118
vt 0.226214 0.055092
vt 0.226164 0.052450
vt 0.225730 0.049836
vt 0.226433 0.049727
vt 0.911973 0.949200
vt 0.900339 0.949806
vt 0.902069 0.923544
vt 0.917793 0.935908
vt 0.935530 0.347520
vt 0.944101 0.346962
vt 0.940583 0.367070
vt 0.930550 0.358927
vt 0.458901 0.624037
vt 0.458751 0.617268
vt 0.465788 0.618972
vt 0.463775 0.625954
vt 0.199101 0.145357
vt 0.197690 0.139753
vt 0.202260 0.138190
vt 0.202424 0.144617
vt 0.888020 0.402020
vt 0.888191 0.399614
vt 0.894673 0.401742
vt 0.894340 0.404547
vt 0.571261 0.979740
vt 0.571211 0.973339
vt 0.578831 0.973243
vt 0.578208 0.981708
vt 0.907360 0.355437
vt 0.895688 0.356507
vt 0.902225 0.335428
vt 0.916229 0.343012
vt 0.915224 0.371154
vt 0.901775 0.376644
vt 0.927913 0.924688
vt 0.916898 0.909076
vt 0.938095 0.901835
vt 0.944464 0.924632
vt 0.939256 0.948283
vt 0.891196 0.319317
vt 0.899221 0.317462
vt 0.891437 0.333256
vt 0.883520 0.332503
vt 0.888247 0.313003
vt 0.899694 0.308649
vt 0.875506 0.331415
vt 0.946447 0.889646
vt 0.954048 0.898230
vt 0.932919 0.889648
vt 0.948933 0.884329
vt 0.961227 0.894458
vt 0.929695 0.881320
vt 0.908658 0.898934
vt 0.902266 0.892832
vt 0.048593 0.029850
vt 0.048593 0.001645
vt 0.051156 0.001544
vt 0.051913 0.028659
vt 0.055828 0.003156
vt 0.060888 0.001585
vt 0.062296 0.022063
vt 0.055426 0.022063
vt 0.950798 0.877715
vt 0.967197 0.889524
vt 0.896556 0.295286
vt 0.918747 0.296679
vt 0.917257 0.303676
vt 0.897986 0.301265
vt 0.883617 0.309117
vt 0.879874 0.306227
vt 0.869421 0.330665
vt 0.867860 0.331263
vt 0.087581 0.521847
vt 0.089551 0.521545
vt 0.089551 0.555473
vt 0.085465 0.554903
vt 0.978567 0.915448
vt 0.973654 0.949408
vt 0.965758 0.950201
vt 0.971762 0.918450
vt 0.955477 0.950881
vt 0.960804 0.921317
vt 0.955786 0.971258
vt 0.945300 0.970277
vt 0.927027 0.963785
vt 0.939857 0.979989
vt 0.919063 0.971856
vt 0.480199 0.581155
vt 0.476969 0.602238
vt 0.469717 0.598850
vt 0.473704 0.576416
vt 0.913651 0.977123
vt 0.891245 0.953823
vt 0.909311 0.981163
vt 0.885501 0.957305
vt 0.885076 0.917374
vt 0.891642 0.919688
vt 0.960398 0.337802
vt 0.959733 0.376321
vt 0.953456 0.372956
vt 0.957923 0.340828
vt 0.538601 0.206899
vt 0.534547 0.208951
vt 0.534547 0.177708
vt 0.536685 0.177322
vt 0.947874 0.370677
vt 0.952316 0.343292
vt 0.939212 0.318503
vt 0.944024 0.313037
vt 0.933915 0.324654
vt 0.914687 0.311339
vt 0.927229 0.331844
vt 0.910366 0.320722
vt 0.928321 0.388104
vt 0.922900 0.381362
vt 0.933461 0.394418
vt 0.913303 0.401823
vt 0.910249 0.394328
vt 0.935889 0.398281
vt 0.913368 0.405827
vt 0.902095 0.406222
vt 0.902525 0.402684
vt 0.463171 0.596288
vt 0.467415 0.572795
vt 0.467653 0.610728
vt 0.460478 0.608601
vt 0.475010 0.613592
vt 0.472871 0.622071
vt 0.469892 0.629182
vt 0.958884 0.980715
vt 0.950851 0.981163
vt 0.963837 0.970812
vt 0.480199 0.626464
vt 0.477088 0.633343
vt 0.196785 0.120779
vt 0.202462 0.120734
vt 0.202462 0.130965
vt 0.196502 0.131768
vt 0.970115 0.969932
vt 0.978389 0.948882
vt 0.323915 0.107720
vt 0.324893 0.088220
vt 0.329650 0.087164
vt 0.329650 0.107436
vt 0.573122 0.932844
vt 0.580671 0.931599
vt 0.579885 0.953417
vt 0.572269 0.955003
vt 0.872323 0.361188
vt 0.867860 0.363515
vt 0.879943 0.359812
vt 0.587799 0.952541
vt 0.587592 0.964384
vt 0.579342 0.964569
vt 0.571734 0.965646
vt 0.587955 0.930154
vt 0.595902 0.928744
vt 0.596517 0.951462
vt 0.887137 0.358317
vt 0.587157 0.973531
vt 0.597004 0.963985
vt 0.596995 0.972980
vt 0.597004 0.981928
vt 0.586636 0.982461
vt 0.906812 0.386985
vt 0.222984 0.038972
vt 0.224435 0.038192
vt 0.224525 0.039224
vt 0.223303 0.040233
vt 0.037227 0.035039
vt 0.037702 0.033685
vt 0.038935 0.033358
vt 0.038932 0.034736
vt 0.038935 0.036048
vt 0.037741 0.036339
vt 0.116711 0.111079
vt 0.118010 0.111014
vt 0.117974 0.112912
vt 0.117023 0.112912
vt 0.116105 0.112912
vt 0.115705 0.111460
vt 0.116823 0.109784
vt 0.118103 0.109447
vt 0.223863 0.035951
vt 0.223458 0.037373
vt 0.222169 0.037573
vt 0.222372 0.035745
vt 0.220604 0.037435
vt 0.220604 0.035500
vt 0.221924 0.038783
vt 0.220604 0.039446
vt 0.115176 0.112912
vt 0.114662 0.112000
vt 0.493555 0.254583
vt 0.495722 0.253467
vt 0.496777 0.256629
vt 0.494111 0.257170
vt 0.491715 0.253990
vt 0.494014 0.250217
vt 0.491904 0.257620
vt 0.492170 0.261272
vt 0.488735 0.261728
vt 0.489779 0.258011
vt 0.490036 0.253389
vt 0.495070 0.260758
vt 0.495775 0.264617
vt 0.492315 0.265173
vt 0.499553 0.260177
vt 0.499035 0.264008
vt 0.499666 0.266727
vt 0.496887 0.269241
vt 0.497517 0.273692
vt 0.492596 0.273422
vt 0.492607 0.269416
vt 0.488825 0.273309
vt 0.488567 0.269501
vt 0.488567 0.265590
vt 0.490156 0.277737
vt 0.492687 0.245414
vt 0.945743 0.453015
vt 0.954955 0.449878
vt 0.955319 0.454803
vt 0.947369 0.457598
vt 0.527551 0.178196
vt 0.529362 0.174777
vt 0.528874 0.175154
vt 0.532112 0.176787
vt 0.531968 0.190247
vt 0.526786 0.190366
vt 0.943749 0.459351
vt 0.942317 0.456692
vt 0.957308 0.259997
vt 0.955735 0.269502
vt 0.948314 0.267218
vt 0.954753 0.255305
vt 0.964315 0.253719
vt 0.964797 0.260827
vt 0.300094 0.040913
vt 0.300502 0.028144
vt 0.303894 0.028198
vt 0.301959 0.038197
vt 0.804282 0.404047
vt 0.804164 0.405398
vt 0.799937 0.413811
vt 0.798571 0.412821
vt 0.300669 0.041531
vt 0.300805 0.039310
vt 0.250445 0.262698
vt 0.250482 0.267380
vt 0.245828 0.275141
vt 0.245828 0.266021
vt 0.060192 0.031148
vt 0.060192 0.025258
vt 0.063428 0.026876
vt 0.063594 0.027385
vt 0.306712 0.035227
vt 0.308367 0.029287
vt 0.106077 0.283466
vt 0.109018 0.286810
vt 0.106117 0.288570
vt 0.103765 0.281291
vt 0.243185 0.939605
vt 0.243114 0.934036
vt 0.253565 0.942271
vt 0.249630 0.944752
vt 0.243515 0.962232
vt 0.252754 0.955796
vt 0.256630 0.961374
vt 0.252940 0.965792
vt 0.248859 0.971885
vt 0.243856 0.964391
vt 0.565856 0.209376
vt 0.561057 0.201097
vt 0.557693 0.188453
vt 0.565856 0.186715
vt 0.098635 0.001906
vt 0.098635 0.015252
vt 0.092245 0.016872
vt 0.090941 0.011245
vt 0.968459 0.447539
vt 0.965040 0.438143
vt 0.974312 0.438508
vt 0.974981 0.449923
vt 0.972123 0.452474
vt 0.245833 0.978567
vt 0.243114 0.973296
vt 0.283638 0.303868
vt 0.281400 0.296878
vt 0.286821 0.295485
vt 0.285196 0.304991
vt 0.259567 0.952988
vt 0.546787 0.316672
vt 0.540487 0.316507
vt 0.542346 0.301048
vt 0.547686 0.302499
vt 0.318742 0.548984
vt 0.318742 0.519370
vt 0.322246 0.518905
vt 0.324459 0.545816
vt 0.981163 0.426452
vt 0.973020 0.421468
vt 0.971700 0.395814
vt 0.980231 0.395474
vt 0.980518 0.437416
vt 0.102877 0.278789
vt 0.101981 0.280102
vt 0.101750 0.277910
vt 0.207441 0.255243
vt 0.207654 0.255782
vt 0.207654 0.260865
vt 0.206833 0.257807
vt 0.103234 0.289222
vt 0.100220 0.289417
vt 0.100247 0.278713
vt 0.100220 0.276433
vt 0.802835 0.414751
vt 0.801445 0.423194
vt 0.797132 0.422032
vt 0.805753 0.415135
vt 0.805224 0.423247
vt 0.807416 0.441667
vt 0.801169 0.442030
vt 0.809057 0.414388
vt 0.809189 0.422465
vt 0.813287 0.440152
vt 0.820103 0.464966
vt 0.811761 0.466299
vt 0.812760 0.421644
vt 0.817566 0.438638
vt 0.238087 0.900432
vt 0.241397 0.899286
vt 0.239951 0.924885
vt 0.235666 0.924670
vt 0.241397 0.950673
vt 0.238421 0.952611
vt 0.935470 0.163914
vt 0.940301 0.138178
vt 0.942502 0.139033
vt 0.941739 0.164530
vt 0.940494 0.187107
vt 0.931994 0.188186
vt 0.977884 0.312740
vt 0.977823 0.288618
vt 0.986354 0.288342
vt 0.986354 0.315374
vt 0.950614 0.164955
vt 0.951011 0.186982
vt 0.967350 0.310964
vt 0.966469 0.287992
vt 0.965493 0.271170
vt 0.975476 0.271782
vt 0.956830 0.310443
vt 0.955154 0.287217
vt 0.947549 0.311264
vt 0.946590 0.287166
vt 0.499286 0.757564
vt 0.504972 0.732876
vt 0.508751 0.732879
vt 0.503781 0.757935
vt 0.532112 0.206712
vt 0.526977 0.207654
vt 0.942317 0.420100
vt 0.942461 0.394286
vt 0.951609 0.395201
vt 0.951894 0.419482
vt 0.953090 0.438882
vt 0.943431 0.440436
vt 0.963029 0.419654
vt 0.961753 0.395911
vt 0.804557 0.491836
vt 0.794841 0.491879
vt 0.795427 0.466262
vt 0.803515 0.466843
vt 0.814272 0.491543
vt 0.794462 0.440886
vt 0.788570 0.465350
vt 0.790185 0.440493
vt 0.794870 0.421025
vt 0.962507 0.120076
vt 0.967010 0.139314
vt 0.962738 0.140371
vt 0.958162 0.120827
vt 0.300094 0.019550
vt 0.304492 0.019570
vt 0.955621 0.141418
vt 0.953582 0.121203
vt 0.308778 0.021110
vt 0.948954 0.140875
vt 0.949156 0.121074
vt 0.312778 0.023321
vt 0.311568 0.033206
vt 0.945064 0.125009
vt 0.959129 0.164832
vt 0.961538 0.187070
vt 0.968005 0.164371
vt 0.970780 0.188186
vt 0.970692 0.164485
vt 0.499286 0.708127
vt 0.501829 0.707256
vt 0.786136 0.491804
vt 0.973406 0.262346
vt 0.980588 0.262462
vt 0.983889 0.271785
vt 0.541089 0.292079
vt 0.540487 0.288465
vt 0.544395 0.286087
vt 0.547668 0.291850
vt 0.286821 0.286731
vt 0.280281 0.289629
vt 0.973239 0.253338
vt 0.023361 0.320565
vt 0.019375 0.318899
vt 0.020215 0.303112
vt 0.023361 0.307117
vt 0.822827 0.491879
vt 0.206182 0.023286
vt 0.206305 0.014453
vt 0.208951 0.013541
vt 0.208951 0.023361
vt 0.303779 0.039093
vt 0.954728 0.459574
vt 0.948885 0.460668
vt 0.945193 0.462029
vt 0.140017 0.237504
vt 0.140770 0.230774
vt 0.145572 0.230320
vt 0.146655 0.237504
vt 0.565561 0.211547
vt 0.560841 0.210477
vt 0.207052 0.251627
vt 0.207220 0.253805
vt 0.557637 0.188436
vt 0.565823 0.181140
vt 0.089877 0.221930
vt 0.096292 0.210180
vt 0.098636 0.221930
vt 0.267135 0.260998
vt 0.271248 0.282893
vt 0.267135 0.285524
vt 0.339840 0.463911
vt 0.341330 0.488263
vt 0.339840 0.497071
vt 0.114209 0.147953
vt 0.113814 0.141826
vt 0.114209 0.141353
vt 0.147621 0.195973
vt 0.147621 0.189913
vt 0.150549 0.192424
vt 0.007787 0.202462
vt 0.006802 0.198264
vt 0.007787 0.193666
vt 0.504791 0.653678
vt 0.501498 0.655709
vt 0.499315 0.648151
vt 0.505029 0.646966
vt 0.511490 0.648442
vt 0.508528 0.656245
vt 0.505860 0.660623
vt 0.509453 0.661896
vt 0.510013 0.657494
vt 0.015690 0.654109
vt 0.014265 0.649902
vt 0.016463 0.646828
vt 0.019539 0.648020
vt 0.022424 0.646521
vt 0.018835 0.652115
vt 0.002858 0.053211
vt 0.001554 0.049760
vt 0.001554 0.041892
vt 0.005191 0.048622
vt 0.019338 0.639859
vt 0.024406 0.639479
vt 0.009585 0.642913
vt 0.013988 0.641057
vt 0.137286 0.009560
vt 0.135503 0.001396
vt 0.144060 0.001118
vt 0.144060 0.011681
vt 0.238802 0.217865
vt 0.238470 0.225823
vt 0.234762 0.219134
vt 0.237068 0.215898
vt 0.150549 0.009274
vt 0.145877 0.011681
vt 0.145877 0.001274
vt 0.148747 0.002247
vt 0.496151 0.558584
vt 0.501801 0.548921
vt 0.505602 0.550559
vt 0.503624 0.556935
vt 0.015574 0.188710
vt 0.014145 0.189484
vt 0.013889 0.184782
vt 0.015574 0.182897
vt 0.509813 0.550095
vt 0.509381 0.555956
vt 0.151417 0.002859
vt 0.158336 0.001221
vt 0.158336 0.008139
vt 0.154043 0.007810
vt 0.240544 0.530916
vt 0.239795 0.518283
vt 0.245414 0.516183
vt 0.246895 0.527579
vt 0.236747 0.528324
vt 0.235469 0.520712
vt 0.006871 0.946125
vt 0.008047 0.944685
vt 0.008953 0.952798
vt 0.007764 0.954142
vt 0.007825 0.926407
vt 0.008057 0.927058
vt 0.156749 0.015574
vt 0.152589 0.014790
vt 0.233611 0.212382
vt 0.238445 0.208511
vt 0.234361 0.206837
vt 0.238802 0.205016
vt 0.007629 0.961435
vt 0.009085 0.960471
vt 0.008397 0.965091
vt 0.006871 0.966887
vt 0.493436 0.583477
vt 0.494813 0.583880
vt 0.496857 0.608300
vt 0.493236 0.607581
vt 0.018450 0.574823
vt 0.021811 0.597941
vt 0.016101 0.598605
vt 0.013335 0.574379
vt 0.329756 0.295734
vt 0.334841 0.296234
vt 0.334841 0.312778
vt 0.330470 0.312546
vt 0.008528 0.599250
vt 0.007271 0.575475
vt 0.006895 0.557849
vt 0.011894 0.558836
vt 0.000826 0.600346
vt 0.000740 0.576945
vt 0.000934 0.558518
vt 0.388915 0.386033
vt 0.389350 0.407728
vt 0.383575 0.406564
vt 0.383310 0.385375
vt 0.383843 0.368045
vt 0.387644 0.368929
vt 0.249412 0.516545
vt 0.251161 0.526120
vt 0.511648 0.564208
vt 0.515344 0.583280
vt 0.511450 0.583902
vt 0.509387 0.565208
vt 0.105526 0.021330
vt 0.107676 0.021443
vt 0.107720 0.031083
vt 0.105526 0.032446
vt 0.503233 0.583874
vt 0.502740 0.565777
vt 0.513819 0.607547
vt 0.505157 0.608160
vt 0.493861 0.566213
vt 0.514979 0.632767
vt 0.505763 0.632255
vt 0.496908 0.632133
vt 0.495941 0.645272
vt 0.492022 0.631530
vt 0.027255 0.621040
vt 0.026070 0.635270
vt 0.021346 0.621365
vt 0.013410 0.623176
vt 0.005712 0.626198
vt 0.000740 0.627906
vt 0.388555 0.433477
vt 0.383310 0.432308
vt 0.519134 0.633158
vt 0.513300 0.649679
vt 0.519134 0.606390
vt 0.251780 0.531458
vt 0.245592 0.534292
vt 0.235469 0.537247
vt 0.241679 0.539586
vt 0.238442 0.540411
vt 0.244251 0.538189
vt 0.246223 0.542092
vt 0.243611 0.546388
vt 0.234594 0.200765
vt 0.238304 0.201073
vt 0.124592 0.009085
vt 0.121844 0.003400
vt 0.121928 0.001163
vt 0.124592 0.002054
vt 0.508428 0.548694
vt 0.169216 0.005191
vt 0.169692 0.001047
vt 0.172612 0.005191
vt 0.148710 0.125322
vt 0.150549 0.122522
vt 0.150549 0.126167
vt 0.148910 0.129783
vt 0.008299 0.024909
vt 0.008200 0.023779
vt 0.009085 0.023802
vt 0.009085 0.025564
vt 0.008555 0.025957
vt 0.008041 0.025365
vt 0.031148 0.019961
vt 0.031146 0.020549
vt 0.030317 0.020765
vt 0.030317 0.019488
vt 0.828317 0.478515
vt 0.833809 0.474132
vt 0.847517 0.500746
vt 0.846494 0.505354
vt 0.282928 0.738020
vt 0.273053 0.760531
vt 0.268742 0.760474
vt 0.276702 0.736318
vt 0.279642 0.696961
vt 0.282928 0.695663
vt 0.831977 0.435988
vt 0.835782 0.436453
vt 0.864218 0.473437
vt 0.857973 0.480341
vt 0.851480 0.463214
vt 0.860766 0.461288
vt 0.875898 0.479699
vt 0.875924 0.493075
vt 0.875090 0.464595
vt 0.915624 0.753595
vt 0.919597 0.750224
vt 0.923378 0.756845
vt 0.917992 0.759583
vt 0.913014 0.761614
vt 0.911071 0.752483
vt 0.914483 0.745934
vt 0.519118 0.876779
vt 0.516608 0.880157
vt 0.512186 0.872770
vt 0.516710 0.870025
vt 0.523018 0.877900
vt 0.521363 0.884197
vt 0.521237 0.868303
vt 0.601170 0.857530
vt 0.597155 0.842929
vt 0.622443 0.842156
vt 0.616263 0.860785
vt 0.608818 0.881472
vt 0.590291 0.871032
vt 0.576220 0.857065
vt 0.889078 0.455468
vt 0.877837 0.449375
vt 0.891246 0.433096
vt 0.903253 0.449492
vt 0.892233 0.468437
vt 0.907965 0.470659
vt 0.891043 0.480034
vt 0.899259 0.489160
vt 0.650712 0.870692
vt 0.642736 0.855819
vt 0.647468 0.846524
vt 0.657990 0.870260
vt 0.652344 0.891872
vt 0.645816 0.884969
vt 0.634000 0.872498
vt 0.625630 0.885430
vt 0.628832 0.897585
vt 0.603340 0.897352
vt 0.579708 0.885479
vt 0.629825 0.906387
vt 0.600583 0.906194
vt 0.573957 0.893983
vt 0.557095 0.877963
vt 0.563759 0.870407
vt 0.598339 0.914582
vt 0.569958 0.900887
vt 0.552268 0.883582
vt 0.545929 0.873527
vt 0.550155 0.868701
vt 0.566708 0.905998
vt 0.548962 0.888430
vt 0.511774 0.857345
vt 0.515775 0.854234
vt 0.563671 0.911011
vt 0.545761 0.892946
vt 0.520207 0.851525
vt 0.525963 0.866496
vt 0.528874 0.877490
vt 0.522199 0.851258
vt 0.528435 0.865328
vt 0.532112 0.876137
vt 0.530262 0.886777
vt 0.526453 0.886107
vt 0.903931 0.741571
vt 0.911445 0.732877
vt 0.915697 0.736415
vt 0.908948 0.743511
vt 0.906023 0.752510
vt 0.902068 0.753064
vt 0.907499 0.763158
vt 0.905028 0.763978
vt 0.537132 0.305164
vt 0.537304 0.325756
vt 0.532206 0.325309
vt 0.532777 0.305119
vt 0.534144 0.294322
vt 0.537304 0.293751
vt 0.913388 0.781661
vt 0.911669 0.783328
vt 0.855955 0.408603
vt 0.854380 0.408307
vt 0.918805 0.778345
vt 0.930686 0.803285
vt 0.927055 0.808551
vt 0.934898 0.699252
vt 0.949763 0.677820
vt 0.955328 0.678539
vt 0.939630 0.703426
vt 0.923593 0.774286
vt 0.934681 0.798045
vt 0.930154 0.694750
vt 0.944894 0.677185
vt 0.948271 0.652551
vt 0.952817 0.651144
vt 0.840991 0.467473
vt 0.845811 0.437122
vt 0.850901 0.437659
vt 0.845904 0.465442
vt 0.939278 0.674576
vt 0.942080 0.653881
vt 0.934926 0.626589
vt 0.939990 0.621809
vt 0.933141 0.671594
vt 0.935968 0.654677
vt 0.930154 0.632105
vt 0.877036 0.507650
vt 0.906751 0.500493
vt 0.911060 0.506173
vt 0.877911 0.512763
vt 0.943493 0.617880
vt 0.876703 0.500620
vt 0.904728 0.497135
vt 0.916969 0.472349
vt 0.922695 0.474314
vt 0.920091 0.444776
vt 0.927146 0.443976
vt 0.929237 0.476448
vt 0.913361 0.446242
vt 0.901340 0.425693
vt 0.907876 0.421724
vt 0.950015 0.731207
vt 0.933731 0.741075
vt 0.930234 0.734623
vt 0.948039 0.724169
vt 0.914285 0.418139
vt 0.889053 0.413137
vt 0.895177 0.408307
vt 0.936902 0.748094
vt 0.929553 0.753145
vt 0.925742 0.746320
vt 0.878592 0.422524
vt 0.941568 0.760616
vt 0.934444 0.766013
vt 0.943432 0.787321
vt 0.938541 0.792784
vt 0.928784 0.770007
vt 0.950015 0.780018
vt 0.864035 0.441972
vt 0.856408 0.439195
vt 0.920857 0.740707
vt 0.926870 0.728993
vt 0.923887 0.724073
vt 0.945247 0.711860
vt 0.946628 0.717909
vt 0.920030 0.415220
vt 0.925494 0.412166
vt 0.938704 0.441748
vt 0.932941 0.442995
vt 0.939632 0.479452
vt 0.934611 0.478073
vt 0.917964 0.513961
vt 0.914503 0.510244
vt 0.880209 0.523027
vt 0.879073 0.517752
vt 0.946527 0.613782
vt 0.957802 0.649536
vt 0.648098 0.110518
vt 0.655970 0.069787
vt 0.658446 0.069536
vt 0.651940 0.109719
vt 0.011358 0.340656
vt 0.015574 0.340098
vt 0.015574 0.377060
vt 0.011775 0.377670
vt 0.662960 0.072153
vt 0.656947 0.107506
vt 0.663275 0.139158
vt 0.658789 0.144060
vt 0.661621 0.105372
vt 0.667087 0.134060
vt 0.654073 0.835149
vt 0.651983 0.839601
vt 0.626578 0.824412
vt 0.627765 0.820159
vt 0.263650 0.757016
vt 0.272060 0.734372
vt 0.267385 0.731967
vt 0.269877 0.697909
vt 0.274845 0.697648
vt 0.266107 0.666879
vt 0.271692 0.664612
vt 0.277543 0.662842
vt 0.560574 0.838460
vt 0.564138 0.842350
vt 0.550993 0.856500
vt 0.547059 0.853450
vt 0.270955 0.648600
vt 0.276902 0.647297
vt 0.516540 0.889696
vt 0.511774 0.884617
vt 0.521729 0.892910
vt 0.568755 0.848082
vt 0.556095 0.861420
vt 0.545894 0.863335
vt 0.594393 0.832687
vt 0.592008 0.824688
vt 0.624770 0.832060
vt 0.261778 0.698041
vt 0.259811 0.728056
vt 0.665789 0.868664
vt 0.658387 0.898175
vt 0.667087 0.074683
vt 0.631337 0.915769
vt 0.662035 0.901291
vt 0.632205 0.921336
vt 0.596736 0.920119
vt 0.665789 0.904553
vt 0.632887 0.926654
vt 0.594949 0.925770
vt 0.085515 0.447884
vt 0.090848 0.484849
vt 0.088021 0.484915
vt 0.082617 0.448699
vt 0.473612 0.891144
vt 0.476305 0.891767
vt 0.470753 0.922476
vt 0.467744 0.922493
vt 0.085128 0.523680
vt 0.082617 0.524325
vt 0.476305 0.947872
vt 0.473976 0.948717
vt 0.282567 0.663923
vt 0.183638 0.257106
vt 0.181028 0.254462
vt 0.185313 0.253192
vt 0.186888 0.256174
vt 0.186888 0.261894
vt 0.182820 0.260435
vt 0.178080 0.259059
vt 0.181852 0.263708
vt 0.186206 0.268652
vt 0.179222 0.249579
vt 0.181932 0.248383
vt 0.184562 0.247222
vt 0.186294 0.249529
vt 0.119401 0.008794
vt 0.118126 0.009605
vt 0.117318 0.007656
vt 0.119401 0.007101
vt 0.114865 0.011680
vt 0.114012 0.009668
vt 0.115832 0.008509
vt 0.116625 0.010560
vt 0.118914 0.001672
vt 0.119163 0.003311
vt 0.116993 0.003539
vt 0.116795 0.001437
vt 0.114683 0.001204
vt 0.114907 0.003684
vt 0.115115 0.006001
vt 0.117122 0.005678
vt 0.113247 0.007861
vt 0.119401 0.005211
vt 0.166123 0.036339
vt 0.164099 0.035013
vt 0.166123 0.034107
vt 0.018383 0.246540
vt 0.016514 0.246589
vt 0.015686 0.244518
vt 0.018616 0.244069
vt 0.021696 0.244505
vt 0.020685 0.246589
vt 0.163989 0.033049
vt 0.166123 0.032192
vt 0.162293 0.033830
vt 0.018417 0.242110
vt 0.022063 0.242318
vt 0.018359 0.239888
vt 0.022054 0.240782
vt 0.015073 0.242029
vt 0.014272 0.237938
vt 0.431467 0.589613
vt 0.429617 0.580727
vt 0.436170 0.580692
vt 0.435444 0.593077
vt 0.427259 0.594161
vt 0.422187 0.582152
vt 0.431794 0.599334
vt 0.264213 0.099306
vt 0.265129 0.087574
vt 0.270771 0.089377
vt 0.267032 0.102929
vt 0.261435 0.102019
vt 0.259330 0.087498
vt 0.263544 0.107720
vt 0.857996 0.664027
vt 0.855257 0.661663
vt 0.857698 0.657044
vt 0.860464 0.660448
vt 0.199362 0.217015
vt 0.202462 0.215897
vt 0.202462 0.225823
vt 0.198270 0.223880
vt 0.857798 0.672682
vt 0.853345 0.673058
vt 0.415835 0.527966
vt 0.419663 0.536462
vt 0.415122 0.537007
vt 0.412377 0.525745
vt 0.417777 0.524348
vt 0.425112 0.534745
vt 0.413471 0.521190
vt 0.420704 0.521884
vt 0.428579 0.532448
vt 0.437370 0.556143
vt 0.433546 0.557384
vt 0.424830 0.558388
vt 0.417190 0.558326
vt 0.416301 0.583945
vt 0.412377 0.557909
vt 0.489284 0.113814
vt 0.483432 0.114210
vt 0.484086 0.095573
vt 0.488594 0.094903
vt 0.483432 0.085086
vt 0.486806 0.085322
vt 0.272672 0.042758
vt 0.275141 0.062959
vt 0.270156 0.063461
vt 0.268998 0.042628
vt 0.269618 0.030964
vt 0.272786 0.030564
vt 0.275036 0.089212
vt 0.264125 0.064559
vt 0.265389 0.041952
vt 0.259330 0.064148
vt 0.860464 0.693580
vt 0.855046 0.695980
vt 0.358202 0.921641
vt 0.356381 0.941963
vt 0.352772 0.940908
vt 0.352772 0.918828
vt 0.850098 0.698235
vt 0.848823 0.673457
vt 0.355651 0.955645
vt 0.352955 0.954428
vt 0.395840 0.396414
vt 0.393664 0.410116
vt 0.391925 0.408452
vt 0.392933 0.396315
vt 0.391925 0.373992
vt 0.395574 0.372502
vt 0.356693 0.961696
vt 0.352775 0.959660
vt 0.436533 0.594660
vt 0.435419 0.599829
vt 0.484350 0.080667
vt 0.488818 0.081102
vt 0.268875 0.026492
vt 0.271662 0.026048
vt 0.424027 0.596949
vt 0.270701 0.102866
vt 0.428076 0.602195
vt 0.151847 0.136628
vt 0.151847 0.141964
vt 0.147122 0.142762
vt 0.148044 0.137165
vt 0.851773 0.660505
vt 0.854120 0.656247
vt 0.417262 0.518839
vt 0.162905 0.191714
vt 0.165581 0.189052
vt 0.166123 0.193665
vt 0.162905 0.195973
vt 0.144060 0.086955
vt 0.141380 0.083968
vt 0.141684 0.079977
vt 0.144060 0.082858
s 1
usemtl tripo_mat_a692f6c0-1226-4eec-b7da-7f3ffe288b54
f 1/1 158/2 159/3 160/4
f 1/5 161/6 162/7 163/8
f 2/9 161/10 1/11 3/12
f 3/13 166/14 167/15 164/16
f 4/17 3/12 1/11 9/18
f 5/19 172/20 173/21 174/22
f 5/19 174/22 175/23 176/24
f 5/25 177/26 178/27 179/28
f 5/29 179/30 6/31 172/32
f 5/33 176/34 180/35 177/36
f 7/37 8/38 181/39 182/40
f 10/41 183/42 11/43 184/44
f 10/45 185/46 186/47 183/48
f 10/49 187/50 188/51 185/52
f 10/49 189/53 190/54 187/50
f 10/55 191/56 192/57 189/58
f 10/59 193/60 167/15 191/61
f 10/62 184/63 194/64 193/65
f 11/66 195/67 196/68 197/69
f 11/70 183/71 198/72 199/73
f 11/66 199/74 200/75 195/67
f 12/76 200/75 168/77 171/78
f 12/79 171/80 201/81 202/82
f 12/76 202/83 195/67 200/75
f 13/84 203/85 150/86 151/87
f 13/88 151/89 204/90 152/91
f 13/84 152/92 205/93 203/85
f 14/94 206/95 207/96 208/97
f 14/98 208/99 209/100 210/101
f 14/94 211/102 212/103 206/95
f 15/104 155/105 213/106 214/107
f 15/108 215/109 216/110 217/111
f 15/112 214/113 218/114 215/115
f 16/116 219/117 220/118 221/119
f 225/120 226/121 227/122 18/123
f 17/124 224/125 225/126 18/127
f 18/123 227/122 228/128 17/129
f 19/130 229/131 230/132 231/133
f 19/134 232/135 233/136 229/137
f 19/138 231/139 234/140 232/141
f 20/142 235/143 236/144 21/145
f 20/146 21/147 237/148 238/149
f 20/150 238/151 239/152 235/153
f 21/145 236/144 240/154 22/155
f 21/147 233/136 241/156 237/148
f 21/147 22/157 229/137 233/136
f 22/158 240/159 230/132 229/131
f 23/160 242/161 243/162 24/163
f 23/160 244/164 245/165 242/161
f 23/166 246/167 247/168 244/169
f 23/170 248/171 249/172 246/173
f 23/170 24/174 25/175 248/171
f 24/163 243/162 250/176 25/177
f 25/175 251/178 252/179 253/180
f 25/175 253/180 254/181 248/171
f 26/182 255/183 256/184 257/185
f 26/182 258/186 259/187 255/183
f 26/182 257/185 260/188 258/186
f 27/189 261/190 262/191 263/192
f 27/193 264/194 265/195 261/196
f 28/197 266/198 267/199 268/200
f 28/201 269/202 270/203 266/204
f 28/205 268/206 271/207 269/208
f 29/209 273/210 274/211 275/212
f 29/209 276/213 277/214 273/210
f 29/209 275/212 278/215 276/213
f 30/216 279/217 37/218 280/219
f 30/216 40/220 281/221 279/217
f 31/222 282/223 283/224 284/225
f 31/222 285/226 286/227 282/223
f 31/222 287/228 288/229 285/226
f 32/230 289/231 290/232 291/233
f 33/234 39/235 292/236 293/237
f 33/234 294/238 295/239 39/235
f 33/234 293/237 296/240 294/238
f 34/241 297/242 298/243 299/244
f 34/241 300/245 301/246 297/242
f 34/241 299/244 302/247 38/248
f 34/241 38/248 303/249 304/250
f 34/241 304/250 305/251 300/245
f 35/252 306/253 307/254 308/255
f 35/256 309/257 310/258 311/259
f 35/252 283/224 282/223 306/253
f 36/260 41/261 312/262 313/263
f 36/260 314/264 315/265 41/261
f 36/260 313/263 316/266 314/264
f 37/267 317/268 318/269 280/270
f 37/218 279/217 319/271 320/272
f 37/273 320/274 321/275 322/276
f 38/248 323/277 324/278 303/249
f 38/279 44/280 325/281 323/282
f 38/283 302/284 326/285 44/286
f 39/235 295/239 327/287 328/288
f 39/235 328/288 44/289 326/290
f 39/235 326/290 329/291 292/236
f 40/220 30/216 330/292 331/293
f 41/294 332/295 333/296 334/297
f 42/298 335/299 336/300 337/301
f 42/302 337/303 241/156 338/304
f 42/305 338/306 339/307 335/308
f 16/116 43/309 340/310 219/117
f 43/311 223/312 222/313 341/314
f 43/315 342/316 343/317 340/318
f 43/315 341/319 344/320 342/316
f 44/289 328/288 318/269 317/268
f 44/321 317/322 345/323 325/324
f 45/325 346/326 347/327 348/328
f 45/329 348/330 349/331 350/332
f 45/329 350/332 46/333 346/334
f 46/335 350/336 351/337 352/338
f 46/339 352/340 353/341 346/342
f 47/343 354/344 355/345 356/346
f 47/347 356/348 357/349 358/350
f 47/347 358/350 359/351 354/352
f 48/353 352/338 351/337 360/354
f 48/355 361/356 353/357 352/358
f 48/359 360/360 359/361 361/362
f 49/363 362/364 363/365 364/366
f 49/367 365/368 192/57 362/369
f 49/370 364/371 366/372 367/373
f 9/374 368/375 369/376 166/377
f 49/367 367/378 370/379 365/368
f 50/380 371/381 372/382 373/383
f 50/380 374/384 375/385 376/386
f 50/380 373/383 377/387 374/384
f 50/380 378/388 379/389 371/381
f 50/380 376/386 380/390 378/388
f 51/391 381/392 382/393 383/394
f 51/391 383/394 384/395 385/396
f 51/391 385/396 386/397 387/398
f 51/391 387/398 388/399 381/392
f 52/400 389/401 390/402 70/403
f 52/400 391/404 392/405 389/401
f 52/400 70/403 393/406 391/404
f 53/407 394/408 395/409 396/410
f 53/407 379/389 378/388 394/408
f 53/407 396/410 371/381 379/389
f 54/411 57/412 397/413 398/414
f 54/415 398/416 399/417 400/418
f 54/415 400/418 97/419 57/420
f 55/421 56/422 57/423 97/424
f 56/425 401/426 402/427 403/428
f 56/429 403/430 404/431 57/432
f 56/433 96/434 405/435 401/436
f 56/422 55/421 406/437 96/438
f 57/439 404/440 407/441 397/442
f 58/443 408/444 409/445 410/446
f 58/447 410/448 216/449 215/450
f 58/451 215/452 218/453 411/454
f 59/455 412/456 413/457 414/458
f 59/459 214/107 213/106 412/460
f 59/455 415/461 416/462 417/463
f 59/455 414/458 418/464 415/461
f 59/455 417/463 218/465 214/466
f 60/467 419/468 420/469 421/470
f 60/471 421/472 422/473 423/474
f 60/467 423/475 424/476 419/468
f 61/477 425/478 426/479 427/480
f 61/481 428/482 429/483 425/484
f 61/477 427/480 430/485 428/486
f 62/487 431/488 376/489 375/490
f 63/491 432/492 433/493 434/494
f 63/491 65/495 435/496 432/492
f 63/497 436/498 437/499 65/500
f 64/501 438/502 439/503 440/504
f 64/505 441/506 442/507 438/508
f 64/509 440/510 443/511 444/512
f 64/513 444/514 445/515 441/516
f 65/500 437/499 446/517 435/518
f 66/519 447/520 448/521 449/522
f 66/519 450/523 451/524 447/520
f 66/519 449/522 452/525 450/523
f 67/526 453/527 454/528 455/529
f 67/526 455/529 456/530 457/531
f 67/526 457/531 69/532 453/527
f 68/533 451/534 450/535 458/536
f 68/533 459/537 460/538 451/534
f 68/533 461/539 462/540 459/537
f 69/541 457/542 463/543 464/544
f 69/532 465/545 466/546 453/527
f 69/541 464/544 467/547 468/548
f 69/532 468/549 469/550 465/545
f 70/551 390/552 470/553 471/554
f 70/551 471/554 472/555 473/556
f 70/403 473/557 474/558 393/406
f 71/559 72/560 475/561 77/562
f 71/563 476/564 477/565 72/566
f 71/563 77/567 478/568 476/564
f 72/566 477/565 479/569 480/570
f 72/560 480/571 481/572 475/561
f 73/573 482/574 483/575 484/576
f 73/577 484/578 485/579 486/580
f 73/581 486/582 487/583 482/584
f 74/585 488/586 489/587 490/588
f 74/589 491/590 492/591 488/592
f 74/585 493/593 494/594 491/595
f 75/596 495/597 496/598 497/599
f 75/596 497/599 498/600 499/601
f 75/596 500/602 501/603 495/597
f 76/604 502/605 503/606 504/607
f 76/604 504/607 505/608 506/609
f 76/604 507/610 508/611 502/605
f 77/612 475/613 509/614 510/615
f 78/616 79/617 511/618 512/619
f 514/620 515/621 79/622 78/623
f 78/624 512/625 513/626 514/627
f 79/622 515/621 516/628 511/629
f 80/630 517/631 518/632 519/633
f 80/634 519/635 81/636 520/637
f 80/638 520/639 521/640 522/641
f 80/642 522/643 91/644 523/645
f 80/642 523/645 524/646 86/647
f 80/648 86/649 525/650 517/651
f 81/652 519/653 526/654 527/655
f 81/652 528/656 529/657 530/658
f 81/652 530/658 531/659 520/639
f 82/660 91/661 522/662 532/663
f 82/660 532/663 533/664 534/665
f 82/660 535/666 536/667 537/668
f 82/660 534/665 538/669 535/666
f 82/670 537/671 539/672 540/673
f 82/660 540/674 523/675 91/661
f 83/676 541/677 542/678 543/679
f 83/676 543/679 544/680 545/681
f 83/682 545/683 546/684 547/685
f 83/686 547/687 548/688 541/689
f 84/690 549/691 550/692 551/693
f 84/690 551/693 552/694 553/695
f 84/690 553/695 554/696 549/691
f 85/697 555/698 87/699 89/700
f 85/697 556/701 557/702 555/698
f 85/703 89/704 558/705 556/706
f 86/707 559/708 560/709 525/710
f 86/711 92/712 87/713 559/714
f 87/699 555/698 561/715 559/708
f 87/716 92/717 558/705 89/704
f 88/718 404/431 403/430 562/719
f 88/720 562/721 563/722 564/723
f 88/724 556/725 558/726 565/727
f 88/720 564/723 557/702 556/701
f 90/728 566/729 407/441 567/730
f 90/731 567/732 568/733 569/734
f 90/735 569/736 570/737 566/738
f 88/739 565/740 568/733 567/732
f 88/741 567/730 407/441 404/440
f 92/717 86/647 524/646 571/742
f 92/717 571/742 572/743 573/744
f 93/745 574/746 575/747 576/748
f 93/749 576/750 577/751 94/752
f 93/753 94/754 578/755 574/756
f 95/757 579/758 405/435 96/434
f 95/757 576/748 575/747 579/758
f 95/759 580/760 581/761 576/762
f 95/759 96/763 406/764 580/760
f 97/765 582/766 406/764 55/767
f 97/419 583/768 584/769 582/770
f 97/419 400/418 392/405 583/768
f 98/771 585/772 586/773 587/774
f 98/771 587/774 588/775 589/776
f 98/771 590/777 591/778 592/779
f 99/780 103/781 101/782 100/783
f 99/784 585/785 593/786 103/787
f 99/788 594/789 586/773 585/772
f 100/790 595/791 596/792 597/793
f 100/790 598/794 599/795 595/791
f 101/796 103/787 600/797 102/798
f 101/796 601/799 598/800 100/801
f 101/796 102/798 602/802 601/799
f 102/798 600/797 603/803 602/802
f 103/787 593/786 604/804 605/805
f 103/787 605/805 606/806 600/797
f 104/807 607/808 608/809 609/810
f 104/807 610/811 591/812 611/813
f 104/807 611/813 612/814 607/808
f 104/807 609/810 613/815 614/816
f 104/807 614/816 615/817 610/811
f 98/818 592/819 593/786 585/785
f 105/820 616/821 617/822 106/823
f 105/824 618/825 619/826 616/827
f 105/824 106/828 620/829 618/825
f 106/828 621/830 615/831 620/829
f 106/832 622/833 623/834 621/835
f 107/836 624/837 625/838 626/839
f 107/836 626/839 627/840 619/826
f 107/836 619/826 618/825 624/837
f 108/841 628/842 629/843 630/844
f 108/841 630/844 631/845 632/846
f 109/847 111/848 633/849 110/850
f 109/851 110/852 634/853 635/854
f 109/851 635/854 636/855 111/856
f 110/850 633/849 637/857 638/858
f 110/859 638/860 639/861 640/862
f 110/859 640/862 641/863 634/864
f 111/865 636/866 642/867 643/868
f 111/865 643/868 644/869 645/870
f 112/871 646/872 647/873 648/874
f 112/871 649/875 650/876 646/872
f 112/871 648/874 651/877 649/875
f 652/878 653/879 654/880 655/881
f 113/882 656/883 657/884 658/885
f 113/886 658/887 659/888 116/889
f 114/890 660/891 661/892 662/893
f 114/894 663/895 664/896 665/897
f 114/898 666/899 667/900 660/901
f 114/902 668/903 669/904 666/905
f 114/894 665/897 670/906 668/907
f 115/908 671/909 672/910 659/888
f 115/908 659/888 658/887 673/911
f 115/908 673/911 674/912 671/909
f 116/913 675/914 676/915 677/916
f 116/917 677/918 678/919 113/920
f 116/921 679/922 680/923 681/924
f 117/925 682/926 683/927 684/928
f 117/929 684/930 685/931 686/932
f 117/933 686/934 687/935 132/936
f 117/937 132/938 688/939 689/940
f 117/937 689/940 690/941 682/942
f 118/943 691/944 119/945 692/946
f 118/947 693/948 694/949 691/950
f 118/951 692/952 695/953 693/954
f 119/955 691/956 696/957 697/958
f 119/959 697/960 698/961 692/952
f 120/962 699/963 694/949 693/948
f 120/962 121/964 122/965 699/963
f 120/966 700/967 701/968 121/969
f 120/970 693/954 695/953 123/971
f 121/964 701/972 702/973 122/965
f 122/965 702/973 703/974 699/963
f 123/971 695/953 704/975 705/976
f 123/971 705/976 700/977 120/970
f 124/978 706/979 707/980 708/981
f 124/978 709/982 710/983 706/979
f 125/984 711/985 712/986 130/987
f 126/988 713/989 714/990 715/991
f 126/992 716/993 717/994 713/995
f 126/996 718/997 719/998 716/999
f 126/988 715/991 720/1000 721/1001
f 126/988 721/1001 722/1002 718/1003
f 127/1004 712/1005 711/1006 723/1007
f 127/1008 724/1009 725/1010 712/1011
f 127/1012 723/1013 726/1014 724/1015
f 128/1016 129/1017 727/1018 728/1019
f 128/1020 729/1021 726/1022 308/1023
f 128/1024 728/1025 730/1026 729/1027
f 128/1020 314/264 316/266 129/1028
f 129/1017 731/1029 732/1030 727/1018
f 131/1031 686/932 685/931 733/1032
f 131/1033 734/1034 687/1035 686/1036
f 131/1033 733/1037 735/1038 734/1034
f 132/1039 687/1035 736/1040 688/1041
f 133/1042 737/1043 738/1044 739/1045
f 133/1046 739/1047 740/1048 741/1049
f 133/1050 742/1051 743/1052 124/978
f 134/1053 748/1054 749/1055 750/1056
f 134/1053 751/1057 752/1058 748/1054
f 134/1053 750/1056 753/1059 751/1057
f 135/1060 754/1061 755/1062 756/1063
f 135/1060 756/1063 757/1064 758/1065
f 135/1060 758/1065 759/1066 754/1061
f 136/1067 760/1068 761/1069 762/1070
f 136/1071 762/1072 763/1073 764/1074
f 136/1067 764/1075 141/1076 765/1077
f 137/1078 766/1079 239/152 238/151
f 137/1080 767/1081 768/1082 766/1083
f 137/1084 238/149 237/148 767/1085
f 138/1086 139/1087 769/1088 770/1089
f 138/1090 771/1091 772/1092 773/1093
f 138/1094 774/1095 140/1096 139/1097
f 138/1090 773/1093 775/1098 774/1099
f 140/1100 774/1101 765/1102 141/1103
f 142/1104 776/1105 777/1106 778/1107
f 142/1104 779/1108 780/1109 776/1105
f 142/1104 778/1107 781/1110 779/1108
f 783/1111 784/1112 785/1113 786/1114
f 782/1115 783/1116 786/1117 787/1118
f 143/1119 788/1120 789/1121 782/1122
f 144/1123 790/1124 791/1125 145/1126
f 145/1127 792/1128 793/1129 794/1130
f 145/1131 791/1132 795/1133 792/1134
f 146/1135 796/1136 204/90 797/1137
f 146/1135 797/1137 798/1138 799/1139
f 147/1140 800/1141 801/1142 802/1143
f 147/1140 148/1144 803/1145 800/1141
f 147/1146 149/1147 804/1148 805/1149
f 147/1150 805/1151 806/1152 148/1153
f 149/1147 153/1154 807/1155 804/1148
f 150/86 808/1156 809/1157 810/1158
f 150/86 203/85 811/1159 808/1156
f 150/1160 797/1161 204/1162 151/1163
f 150/86 812/1164 798/1165 797/1166
f 150/86 810/1158 813/1167 812/1164
f 152/91 204/90 796/1136 814/1168
f 816/1169 817/1170 818/1171 819/1172
f 154/1173 820/1174 821/1175 205/1176
f 154/1177 806/1178 822/1179 820/1180
f 154/1177 803/1181 148/1182 806/1178
f 156/1183 823/1184 803/1145 154/1185
f 155/1186 15/108 824/1187 825/1188
f 157/1189 826/1190 827/1191 828/1192
f 157/1193 179/1194 178/1195 826/1196
f 829/1197 830/1198 831/1199 6/1200
f 832/1201 833/1202 834/1203 157/1189
f 829/1197 6/1200 832/1201 157/1189
f 829/1197 157/1189 835/1204 830/1198
f 835/1204 836/1205 837/1206 830/1198
f 835/1204 157/1189 828/1192 838/1207
f 835/1204 838/1207 839/1208 836/1205
f 839/1208 840/1209 841/1210 836/1205
f 839/1211 838/1212 842/1213 843/1214
f 839/1211 843/1214 844/1215 840/1216
f 844/1215 845/1217 846/1218 840/1216
f 844/1215 843/1214 847/1219 848/1220
f 844/1215 848/1220 849/1221 845/1217
f 849/1221 850/1222 851/1223 845/1217
f 849/1221 848/1220 852/1224 483/575
f 849/1221 483/575 482/574 850/1222
f 852/1224 848/1220 847/1219 853/1225
f 852/1224 853/1225 854/1226 855/1227
f 852/1224 855/1227 484/576 483/575
f 855/1227 854/1226 856/1228 857/1229
f 855/1230 857/1231 485/579 484/578
f 857/1231 856/1232 858/1233 859/1234
f 857/1231 859/1234 492/591 485/579
f 859/1235 858/1236 860/1237 861/1238
f 859/1234 861/1239 488/592 492/591
f 861/1239 860/1240 862/1241 863/1242
f 861/1239 863/1242 489/1243 488/592
f 863/1244 862/1245 864/1246 865/1247
f 863/1242 865/1248 866/1249 489/1243
f 866/1249 867/1250 490/1251 489/1243
f 866/1252 865/1247 868/1253 869/1254
f 866/1252 869/1254 870/1255 867/1256
f 870/1257 871/1258 872/1259 867/1260
f 870/1255 869/1254 873/1261 874/1262
f 870/1257 874/1263 875/1264 871/1258
f 875/1264 503/606 876/1265 871/1258
f 875/1264 874/1263 877/1266 878/1267
f 875/1264 878/1267 504/607 503/606
f 878/1267 877/1266 879/1268 880/1269
f 878/1267 880/1269 505/608 504/607
f 880/1269 879/1268 881/1270 882/1271
f 880/1269 882/1271 883/1272 505/608
f 883/1272 884/1273 506/609 505/608
f 883/1272 882/1271 885/1274 886/1275
f 883/1272 886/1275 887/1276 884/1273
f 887/1276 888/1277 889/1278 884/1273
f 887/1276 886/1275 890/1279 891/1280
f 887/1281 891/1282 892/1283 888/1284
f 892/1283 893/1285 894/1286 888/1284
f 892/1283 891/1282 895/1287 896/1288
f 892/1283 896/1288 897/1289 893/1285
f 897/1289 898/1290 899/1291 893/1285
f 897/1289 896/1288 900/1292 901/1293
f 897/1289 901/1293 902/1294 898/1290
f 902/1294 903/1295 904/1296 898/1290
f 902/1294 901/1293 905/1297 906/1298
f 902/1294 906/1298 907/1299 903/1295
f 907/1300 908/1301 909/1302 903/1303
f 907/1304 906/1305 910/1306 911/1307
f 907/1304 911/1307 912/1308 908/1309
f 912/1308 913/1310 914/1311 908/1309
f 912/1312 911/1313 915/1314 916/1315
f 912/1308 916/1316 917/1317 913/1310
f 917/1317 918/1318 919/1319 913/1310
f 917/1320 916/1315 920/1321 921/1322
f 917/1317 921/1323 922/1324 918/1318
f 922/1324 923/1325 924/1326 918/1318
f 922/1327 921/1328 925/1329 926/1330
f 922/1327 926/1330 927/1331 923/1332
f 927/1331 928/1333 929/1334 923/1332
f 927/1331 926/1330 930/1335 931/1336
f 927/1331 931/1336 932/1337 928/1333
f 932/1337 933/1338 934/1339 928/1333
f 932/1337 931/1336 935/1340 936/1341
f 932/1337 936/1341 937/1342 933/1338
f 937/1342 419/468 424/476 933/1338
f 937/1342 936/1341 938/1343 939/1344
f 937/1342 939/1344 420/469 419/468
f 939/1344 938/1343 217/111 216/110
f 939/1344 216/110 410/1345 420/469
f 938/1343 936/1341 935/1340 940/1346
f 938/1343 940/1346 941/1347 217/111
f 941/1347 940/1346 942/1348 943/1349
f 941/1347 943/1349 944/1350 824/1187
f 941/1347 824/1187 15/108 217/111
f 944/1351 943/1352 945/1353 946/1354
f 944/1355 946/1356 947/1357 948/1358
f 944/1355 948/1358 825/1359 824/1360
f 948/1361 947/1362 949/1363 950/1364
f 948/1361 950/1364 951/1365 825/1366
f 951/1365 213/1367 155/1368 825/1366
f 951/1365 950/1364 952/1369 953/1370
f 951/1365 953/1370 412/1371 213/1367
f 953/1370 952/1369 954/1372 955/1373
f 953/1374 955/1375 413/1376 412/1377
f 955/1375 954/1378 956/1379 957/1380
f 955/1375 957/1380 958/1381 413/1376
f 958/1382 959/1383 414/458 413/457
f 958/1381 957/1380 960/1384 961/1385
f 958/1382 961/1386 962/1387 959/1383
f 962/1387 471/1388 470/1389 959/1383
f 962/1387 961/1386 441/1390 445/1391
f 962/1392 445/515 472/555 471/554
f 961/1385 960/1384 442/507 441/506
f 960/1384 957/1380 956/1379 963/1393
f 960/1384 963/1393 964/1394 442/507
f 964/1394 963/1393 965/1395 546/684
f 964/1394 546/684 545/683 966/1396
f 964/1394 966/1396 438/508 442/507
f 966/1397 545/681 544/680 967/1398
f 966/1397 967/1398 439/503 438/502
f 967/1398 544/680 968/1399 969/1400
f 967/1398 969/1400 970/1401 439/503
f 970/1401 971/1402 440/504 439/503
f 970/1401 969/1400 972/1403 973/1404
f 970/1401 973/1404 974/1405 971/1402
f 974/1406 377/387 975/1407 971/1408
f 974/1405 973/1404 427/480 426/479
f 974/1406 426/1409 374/384 377/387
f 975/1407 976/1410 977/1411 443/511
f 975/1412 443/1413 440/1414 971/1415
f 975/1407 377/387 373/383 976/1410
f 977/1416 978/1417 979/1418 980/1419
f 977/1411 980/1420 444/512 443/511
f 977/1411 976/1410 981/1421 978/1422
f 981/1421 982/1423 983/1424 978/1422
f 981/1421 976/1410 373/383 372/382
f 981/1421 372/382 984/1425 982/1423
f 984/1426 985/1427 986/1428 982/1429
f 984/1430 987/1431 988/1432 985/1433
f 988/1434 529/657 528/656 985/1427
f 988/1434 987/1435 989/1436 990/1437
f 988/1434 990/1437 991/1438 529/657
f 991/1438 992/1439 530/658 529/657
f 991/1438 990/1437 993/1440 994/1441
f 991/1438 994/1441 995/1442 992/1439
f 995/1442 996/1443 997/1444 992/1439
f 995/1442 994/1441 579/1445 575/1446
f 995/1442 575/1446 574/1447 996/1443
f 997/1444 998/1448 999/1449 531/659
f 997/1444 531/659 530/658 992/1439
f 997/1450 996/1451 1000/1452 998/1453
f 1000/1452 1001/1454 1002/1455 998/1453
f 1000/1452 996/1451 574/756 578/755
f 1000/1452 578/755 1003/1456 1001/1454
f 1003/1457 1004/1458 1005/1459 1001/1460
f 1003/1456 578/755 94/754 1006/1461
f 1003/1457 1006/1462 1007/1463 1004/1458
f 1007/1463 1008/1464 1009/1465 1004/1458
f 1007/1466 1006/1467 1010/1468 1011/1469
f 1007/1466 1011/1469 1012/1470 1008/1471
f 1012/1470 1013/1472 1014/1473 1008/1471
f 1012/1474 1011/1475 1015/1476 1016/1477
f 1012/1474 1016/1477 1017/1478 1013/1479
f 1017/1478 1018/1480 1019/1481 1013/1479
f 1017/1478 1016/1477 1020/1482 1021/1483
f 1017/1484 1021/1485 1022/1486 1018/1487
f 1022/1486 1023/1488 949/1363 1018/1487
f 1022/1486 1021/1485 1024/1489 1025/1490
f 1022/1486 1025/1490 1026/1491 1023/1488
f 1026/1491 954/1372 952/1369 1023/1488
f 1026/1492 1025/1493 1027/1494 1028/1495
f 1026/1492 1028/1495 956/1379 954/1378
f 1028/1495 1027/1494 1029/1496 965/1395
f 1028/1495 965/1395 963/1393 956/1379
f 1029/1497 1027/1498 1030/1499 1031/1500
f 1029/1501 1031/1502 548/1503 547/1504
f 1029/1496 547/685 546/684 965/1395
f 1031/1505 1030/1506 1032/1507 1033/1508
f 1031/1505 1033/1508 1034/1509 548/1510
f 1034/1509 1033/1508 1035/1511 1036/1512
f 1034/1509 1036/1512 1037/1513 1038/1514
f 1034/1509 1038/1514 541/1515 548/1510
f 1038/1516 1037/1517 1039/1518 1040/1519
f 1038/1516 1040/1519 542/1520 541/1521
f 1040/1519 1039/1518 1041/1522 1042/1523
f 1040/1524 1042/1525 1043/1526 542/1527
f 1043/1526 1044/1528 543/1529 542/1527
f 1043/1530 1042/1523 550/692 1045/1531
f 1043/1526 1045/1532 1046/1533 1044/1528
f 1046/1534 1047/1535 968/1399 1044/1536
f 1046/1533 1045/1532 1048/1537 1049/1538
f 1046/1534 1049/1539 1050/1540 1047/1535
f 1050/1540 430/485 972/1403 1047/1535
f 1050/1540 1049/1539 1051/1541 1052/1542
f 1050/1540 1052/1542 428/486 430/485
f 1052/1543 1051/1544 1053/1545 1054/1546
f 1052/1543 1054/1546 429/483 428/482
f 1054/1546 1053/1545 561/715 1055/1547
f 1054/1546 1055/1547 1056/1548 429/483
f 1056/1548 1057/1549 425/484 429/483
f 1056/1548 1055/1547 557/702 564/723
f 1056/1548 564/723 563/722 1057/1549
f 374/1550 426/1551 425/484 1057/1549
f 1055/1547 561/715 555/698 557/702
f 1053/1545 1051/1544 1058/1552 560/709
f 1053/1545 560/709 559/708 561/715
f 1058/1553 1051/1554 1049/1555 1048/1556
f 1058/1553 1048/1556 549/691 554/696
f 1058/1553 554/696 525/1557 560/1558
f 1048/1556 1045/1531 550/692 549/691
f 1047/1535 972/1403 969/1400 968/1399
f 1044/1536 968/1399 544/680 543/679
f 1042/1523 1041/1522 551/693 550/692
f 1041/1522 1039/1518 1059/1559 1060/1560
f 1041/1522 1060/1560 552/694 551/693
f 1060/1560 1059/1559 1061/1561 1062/1562
f 1060/1560 1062/1562 518/632 552/694
f 1062/1563 1061/1564 1063/1565 526/1566
f 1062/1563 526/1566 519/1567 518/1568
f 1063/1569 1061/1570 1064/1571 1065/1572
f 1063/1569 1065/1572 1066/1573 1067/1574
f 1063/1575 1067/1576 527/655 526/654
f 1067/1574 1066/1573 1068/1577 1069/1578
f 1067/1576 1069/1579 1070/1580 527/655
f 1070/1580 1069/1579 1071/1581 986/1428
f 1070/1580 986/1428 985/1427 528/656
f 1070/1580 528/656 81/652 527/655
f 1071/1582 1069/1578 1068/1577 1072/1583
f 1071/1582 1072/1583 1073/1584 983/1585
f 1071/1586 983/1587 982/1588 986/1589
f 1073/1590 1072/1591 1074/1592 474/1593
f 1073/1594 474/558 473/557 979/1595
f 1073/1584 979/1418 978/1417 983/1585
f 1074/1592 1075/1596 1076/1597 1077/1598
f 1074/1599 1077/1600 393/406 474/558
f 1074/1592 1072/1591 1068/1601 1075/1596
f 1077/1600 1076/1602 1078/1603 1079/1604
f 1077/1600 1079/1604 391/404 393/406
f 1079/1604 1078/1603 584/769 583/768
f 1079/1604 583/768 392/405 391/404
f 1078/1605 1080/1606 1081/1607 584/1608
f 1078/1605 1076/1597 1082/1609 1080/1606
f 1082/1610 1083/1611 1084/1612 1080/1613
f 1082/1609 1076/1597 1075/1596 1085/1614
f 1082/1610 1085/1615 1086/1616 1083/1611
f 1086/1616 1087/1617 1088/1618 1083/1611
f 1086/1619 1085/1614 1066/1620 1065/1621
f 1086/1616 1065/1622 1064/1623 1087/1617
f 1088/1618 1089/1624 1090/1625 1091/1626
f 1088/1618 1091/1626 1084/1612 1083/1611
f 1088/1618 1087/1617 1092/1627 1089/1624
f 1092/1627 1036/1628 1035/1629 1089/1624
f 1092/1630 1087/1631 1064/1632 1093/1633
f 1092/1630 1093/1633 1037/1513 1036/1512
f 1093/1634 1064/1571 1061/1570 1059/1635
f 1093/1634 1059/1635 1039/1636 1037/1637
f 1091/1626 1090/1625 1094/1638 1095/1639
f 1091/1626 1095/1639 1096/1640 1084/1612
f 1096/1641 1095/1642 1097/1643 1098/1644
f 1096/1641 1098/1644 1099/1645 1081/1607
f 1096/1640 1081/1646 1080/1613 1084/1612
f 1099/1645 1098/1644 581/761 580/760
f 1099/1645 580/760 406/764 582/766
f 1099/1645 582/766 584/1608 1081/1607
f 1098/1644 1097/1643 1100/1647 581/761
f 1100/1648 1101/1649 1010/1650 577/1651
f 1100/1647 577/1652 576/762 581/761
f 1100/1648 1097/1653 1102/1654 1101/1649
f 1102/1655 1103/1656 1015/1476 1101/1657
f 1102/1654 1097/1653 1095/1639 1094/1638
f 1102/1655 1094/1658 1104/1659 1103/1656
f 1104/1659 1105/1660 1020/1482 1103/1656
f 1104/1661 1094/1638 1090/1625 1106/1662
f 1104/1659 1106/1663 1032/1507 1105/1660
f 1106/1662 1090/1625 1089/1624 1035/1629
f 1106/1663 1035/1511 1033/1508 1032/1507
f 1105/1660 1024/1664 1021/1483 1020/1482
f 1105/1660 1032/1507 1030/1506 1024/1664
f 1103/1656 1020/1482 1016/1477 1015/1476
f 1101/1657 1015/1476 1011/1475 1010/1665
f 1085/1614 1075/1596 1068/1601 1066/1620
f 1030/1499 1027/1498 1025/1490 1024/1489
f 1023/1488 952/1369 950/1364 949/1363
f 1019/1666 947/1357 946/1356 1107/1667
f 1019/1666 1107/1667 1014/1473 1013/1472
f 1019/1668 1018/1487 949/1363 947/1362
f 1107/1669 946/1354 945/1353 1108/1670
f 1107/1671 1108/1672 1109/1673 1014/1674
f 1109/1673 1108/1672 1110/1675 1111/1676
f 1109/1673 1111/1676 1112/1677 1009/1465
f 1109/1673 1009/1465 1008/1464 1014/1674
f 1112/1677 1111/1676 1113/1678 1114/1679
f 1112/1677 1114/1679 1115/1680 1005/1459
f 1112/1677 1005/1459 1004/1458 1009/1465
f 1115/1680 1114/1679 1116/1681 1117/1682
f 1115/1680 1117/1682 1118/1683 1002/1684
f 1115/1685 1002/1455 1001/1454 1005/1686
f 1118/1683 1117/1682 1119/1687 1120/1688
f 1118/1683 1120/1688 521/1689 999/1690
f 1118/1691 999/1692 998/1453 1002/1455
f 1120/1688 1119/1687 533/664 532/663
f 1120/1688 532/663 522/662 521/1689
f 1119/1687 1121/1693 1122/1694 533/664
f 1119/1687 1117/1682 1116/1681 1121/1693
f 1122/1694 1123/1695 915/1314 1124/1696
f 1122/1694 1124/1696 534/665 533/664
f 1122/1694 1121/1693 1125/1697 1123/1695
f 1125/1697 1126/1698 920/1321 1123/1695
f 1125/1697 1121/1693 1116/1681 1127/1699
f 1125/1697 1127/1699 1128/1700 1126/1698
f 1128/1700 1129/1701 925/1702 1126/1698
f 1128/1700 1127/1699 1113/1678 1130/1703
f 1128/1704 1130/1705 1131/1706 1129/1707
f 1131/1708 1132/1709 930/1335 1129/1710
f 1131/1706 1130/1705 1110/1711 1133/1712
f 1131/1706 1133/1712 942/1713 1132/1714
f 1133/1712 1110/1711 1108/1670 945/1353
f 1133/1712 945/1353 943/1352 942/1713
f 1132/1709 935/1340 931/1336 930/1335
f 1132/1709 942/1348 940/1346 935/1340
f 1130/1703 1113/1678 1111/1676 1110/1675
f 1129/1710 930/1335 926/1330 925/1329
f 1127/1699 1116/1681 1114/1679 1113/1678
f 1126/1698 925/1702 921/1322 920/1321
f 1124/1696 915/1314 911/1313 910/1715
f 1124/1696 910/1715 538/669 534/665
f 1123/1695 920/1321 916/1315 915/1314
f 1010/1468 1006/1467 94/752 577/751
f 999/1449 521/640 520/639 531/659
f 994/1441 993/1440 405/1716 579/1445
f 993/1717 990/1718 989/1719 1134/1720
f 993/1721 1134/1722 401/436 405/435
f 1134/1720 989/1719 396/1723 395/1724
f 1134/1722 395/1725 402/1726 401/436
f 984/1425 372/382 371/381 396/410
f 987/1431 984/1430 396/1723 989/1719
f 980/1727 979/1728 473/556 472/555
f 980/1727 472/555 445/515 444/514
f 973/1404 972/1403 430/485 427/480
f 959/1383 470/1389 418/464 414/458
f 934/1339 1135/1729 1136/1730 1137/1731
f 934/1339 1137/1731 929/1334 928/1333
f 934/1339 933/1338 424/476 1135/1729
f 1137/1732 1136/1733 1138/1734 1139/1735
f 1137/1732 1139/1735 1140/1736 929/1737
f 1140/1736 1139/1735 436/498 1141/1738
f 1140/1736 1141/1738 1142/1739 924/1326
f 1140/1736 924/1326 923/1325 929/1737
f 1142/1739 1141/1738 1143/1740 1144/1741
f 1142/1739 1144/1741 1145/1742 919/1319
f 1142/1739 919/1319 918/1318 924/1326
f 1145/1743 1144/1744 1146/1745 1147/1746
f 1145/1747 1147/1748 1148/1749 914/1750
f 1145/1742 914/1311 913/1310 919/1319
f 1148/1749 1147/1748 1149/1751 1150/1752
f 1148/1749 1150/1752 1151/1753 909/1302
f 1148/1749 909/1302 908/1301 914/1750
f 1151/1753 1150/1752 1152/1754 1153/1755
f 1151/1753 1153/1755 1154/1756 904/1757
f 1151/1753 904/1757 903/1303 909/1302
f 1154/1758 1153/1759 1155/1760 1156/1761
f 1154/1758 1156/1761 1157/1762 899/1763
f 1154/1758 899/1763 898/1764 904/1765
f 1157/1762 1156/1761 1158/1766 1159/1767
f 1157/1762 1159/1767 1160/1768 894/1769
f 1157/1762 894/1769 893/1770 899/1763
f 1160/1768 1159/1767 1161/1771 1162/1772
f 1160/1768 1162/1772 1163/1773 889/1774
f 1160/1775 889/1776 888/1284 894/1286
f 1163/1773 1162/1772 1164/1777 1165/1778
f 1163/1779 1165/1780 76/604 506/609
f 1163/1779 506/609 884/1273 889/1278
f 1165/1778 1164/1777 1166/1781 1167/1782
f 1165/1780 1167/1783 507/610 76/604
f 1167/1782 1166/1781 1168/1784 1169/1785
f 1167/1783 1169/1786 1170/1787 507/610
f 1170/1788 1169/1785 1171/1789 1172/1790
f 1170/1787 1172/1791 1173/1792 1174/1793
f 1170/1787 1174/1793 508/611 507/610
f 1174/1793 1173/1792 1175/1794 1176/1795
f 1174/1793 1176/1795 1177/1796 508/611
f 1177/1796 1176/1795 1178/1797 1179/1798
f 1177/1796 1179/1798 1180/1799 1181/1800
f 1177/1796 1181/1800 502/605 508/611
f 1181/1800 1180/1799 1182/1801 876/1265
f 1181/1800 876/1265 503/606 502/605
f 1182/1802 1180/1803 1183/1804 1184/1805
f 1182/1802 1184/1805 1185/1806 872/1807
f 1182/1801 872/1259 871/1258 876/1265
f 1185/1808 1184/1809 1186/1810 1187/1811
f 1185/1808 1187/1811 74/585 490/588
f 1185/1806 490/1251 867/1250 872/1807
f 1187/1811 1186/1810 1188/1812 1189/1813
f 1187/1811 1189/1813 493/593 74/585
f 1189/1813 1188/1812 1190/1814 1191/1815
f 1189/1813 1191/1815 1192/1816 493/593
f 1192/1816 1191/1815 1193/1817 1194/1818
f 1192/1816 1194/1818 1195/1819 1196/1820
f 1192/1816 1196/1820 494/594 493/593
f 1196/1820 1195/1819 1197/1821 1198/1822
f 1196/1820 1198/1822 487/583 494/594
f 1198/1822 1197/1821 851/1823 850/1824
f 1198/1822 850/1824 482/584 487/583
f 1197/1821 1195/1819 1199/1825 1200/1826
f 1197/1821 1200/1826 1201/1827 851/1823
f 1201/1827 1200/1826 1202/1828 1203/1829
f 1201/1830 1203/1831 1204/1832 846/1833
f 1201/1834 846/1218 845/1217 851/1223
f 1204/1832 1203/1831 1205/1835 1206/1836
f 1204/1832 1206/1836 1207/1837 841/1210
f 1204/1832 841/1210 840/1209 846/1833
f 1207/1837 1206/1836 1208/1838 1209/1839
f 1207/1837 1209/1839 1210/1840 837/1206
f 1207/1837 837/1206 836/1205 841/1210
f 1210/1840 1209/1839 1211/1841 1212/1842
f 1210/1840 1212/1842 1213/1843 831/1199
f 1210/1840 831/1199 830/1198 837/1206
f 1213/1844 1212/1845 1214/1846 1215/1847
f 1213/1844 1215/1847 173/1848 172/1849
f 1213/1843 172/1850 6/1200 831/1199
f 1215/1851 1214/1852 1216/1853 366/1854
f 1215/1851 366/1854 364/1855 173/1856
f 1216/1857 1217/1858 1218/1859 1219/1860
f 1216/1857 1219/1860 367/378 366/1861
f 1216/1853 1214/1852 1220/1862 1217/1863
f 1220/1864 1221/1865 1222/1866 1217/1867
f 1220/1868 1214/1846 1212/1845 1211/1869
f 1220/1870 1211/1841 1223/1871 1221/1872
f 1223/1871 1224/1873 1225/1874 1221/1872
f 1223/1871 1211/1841 1209/1839 1208/1838
f 1223/1871 1208/1838 1226/1875 1224/1873
f 1226/1875 1227/1876 1228/1877 1224/1873
f 1226/1875 1208/1838 1206/1836 1205/1835
f 1226/1875 1205/1835 1229/1878 1227/1876
f 1229/1878 1230/1879 1231/1880 1227/1876
f 1229/1878 1205/1835 1203/1831 1202/1881
f 1229/1882 1202/1828 1232/1883 1230/1884
f 1232/1883 1233/1885 1234/1886 1230/1884
f 1232/1883 1202/1828 1200/1826 1199/1825
f 1232/1883 1199/1825 1235/1887 1233/1885
f 1235/1887 1236/1888 1237/1889 1233/1885
f 1235/1887 1199/1825 1195/1819 1194/1818
f 1235/1887 1194/1818 1193/1817 1236/1888
f 1237/1889 1238/1890 1239/1891 1240/1892
f 1237/1889 1240/1892 1234/1886 1233/1885
f 1237/1889 1236/1888 1241/1893 1238/1890
f 1241/1893 1242/1894 1243/1895 1238/1890
f 1241/1893 1236/1888 1193/1817 1244/1896
f 1241/1897 1244/1898 501/603 1242/1899
f 1244/1896 1193/1817 1191/1815 1190/1814
f 1244/1898 1190/1900 495/597 501/603
f 1243/1901 1245/1902 1246/1903 1247/1904
f 1243/1895 1247/1905 1239/1891 1238/1890
f 1243/1901 1242/1899 1248/1906 1245/1902
f 1248/1907 1249/1908 1250/1909 1245/1910
f 1248/1906 1242/1899 501/603 500/602
f 1248/1907 500/1911 1251/1912 1249/1908
f 1251/1912 1252/1913 1253/1914 1249/1908
f 1251/1912 500/1911 75/1915 1254/1916
f 1251/1912 1254/1916 1255/1917 1252/1913
f 1255/1917 1256/1918 1257/1919 1252/1913
f 1255/1920 1254/1921 1258/1922 1259/1923
f 1255/1917 1259/1924 1260/1925 1256/1918
f 1260/1925 1261/1926 1262/1927 1256/1918
f 1260/1928 1259/1923 1263/1929 795/1930
f 1260/1925 795/1133 791/1132 1261/1926
f 1263/1929 1259/1923 1258/1922 1264/1931
f 1263/1929 1264/1931 1265/1932 1266/1933
f 1263/1929 1266/1933 792/1934 795/1930
f 1266/1935 1265/1936 1267/1937 1268/1938
f 1266/1935 1268/1938 793/1939 792/1940
f 1268/1941 1267/1942 1269/1943 1270/1944
f 1268/1941 1270/1944 1271/1945 793/1946
f 1271/1947 1272/1948 794/1949 793/1950
f 1271/1947 1270/1951 1171/1789 1273/1952
f 1271/1947 1273/1952 1274/1953 1272/1948
f 1274/1953 1275/1954 1276/1955 1272/1948
f 1274/1953 1273/1952 1168/1784 1277/1956
f 1274/1953 1277/1956 1278/1957 1275/1954
f 1278/1958 1279/1959 1280/1960 1275/1961
f 1278/1957 1277/1956 1281/1962 1282/1963
f 1278/1958 1282/1964 1283/1965 1279/1959
f 1283/1965 1284/1966 1285/1967 1279/1959
f 1283/1965 1282/1964 1286/1968 1287/1969
f 1283/1965 1287/1969 1288/1970 1284/1966
f 1288/1970 1289/1971 1290/1972 1284/1966
f 1288/1970 1287/1969 1291/1973 1292/1974
f 1288/1970 1292/1974 1293/1975 1289/1971
f 1293/1976 1294/1977 1295/1978 1289/1979
f 1293/1975 1292/1974 1296/1980 1297/1981
f 1293/1976 1297/1982 1298/1983 1294/1977
f 1298/1983 1299/1984 1300/1985 1294/1977
f 1298/1983 1297/1982 1301/1986 1302/1987
f 1298/1983 1302/1987 1303/1988 1299/1984
f 1303/1988 1304/1989 1305/1990 1299/1984
f 1303/1988 1302/1987 1306/1991 1307/1992
f 1303/1993 1307/1994 1308/1995 1304/1996
f 1308/1995 1309/1997 1310/1998 1304/1996
f 1308/1995 1307/1994 1311/1999 1312/2000
f 1308/1995 1312/2000 1313/2001 1309/1997
f 1313/2001 465/545 469/550 1309/1997
f 1313/2001 1312/2000 434/494 433/493
f 1313/2001 433/493 466/546 465/545
f 1312/2000 1311/1999 1314/2002 434/494
f 1314/2002 1311/1999 1315/2003 1146/2004
f 1314/2002 1146/2004 1144/2005 1143/2006
f 1314/2002 1143/2006 63/491 434/494
f 1315/2007 1311/2008 1307/1992 1306/1991
f 1315/2007 1306/1991 1316/2009 1149/2010
f 1315/2011 1149/1751 1147/1748 1146/2012
f 1316/2009 1306/1991 1302/1987 1301/1986
f 1316/2013 1301/2014 1317/2015 1152/1754
f 1316/2013 1152/1754 1150/1752 1149/1751
f 1317/2016 1301/1986 1297/1982 1296/2017
f 1317/2018 1296/2019 1318/2020 1155/1760
f 1317/2015 1155/2021 1153/1755 1152/1754
f 1318/2022 1296/1980 1292/1974 1291/1973
f 1318/2020 1291/2023 1319/2024 1158/1766
f 1318/2020 1158/1766 1156/1761 1155/1760
f 1319/2024 1291/2023 1287/2025 1286/2026
f 1319/2024 1286/2026 1320/2027 1161/1771
f 1319/2024 1161/1771 1159/1767 1158/1766
f 1320/2027 1286/2026 1282/1963 1281/1962
f 1320/2027 1281/1962 1166/1781 1164/1777
f 1320/2027 1164/1777 1162/1772 1161/1771
f 1310/2028 1321/2029 1322/2030 1323/2031
f 1310/1998 1323/2032 1305/2033 1304/1996
f 1310/1998 1309/1997 469/550 1321/2034
f 1323/2031 1322/2030 1324/2035 1325/2036
f 1323/2031 1325/2036 1326/2037 1305/2038
f 1326/2037 1325/2036 1327/2039 1328/2040
f 1326/2037 1328/2040 1329/2041 1300/2042
f 1326/2043 1300/1985 1299/1984 1305/1990
f 1329/2041 1328/2040 1330/2044 1331/2045
f 1329/2046 1331/2047 1332/2048 1295/1978
f 1329/2046 1295/1978 1294/1977 1300/1985
f 1332/2048 1331/2047 1333/2049 1334/2050
f 1332/2051 1334/2052 1335/2053 1290/1972
f 1332/2048 1290/2054 1289/1979 1295/1978
f 1335/2053 1334/2052 1336/2055 1337/2056
f 1335/2053 1337/2056 1338/2057 1285/1967
f 1335/2053 1285/1967 1284/1966 1290/1972
f 1338/2057 1337/2056 1339/2058 1340/2059
f 1338/2057 1340/2059 1341/2060 1280/1960
f 1338/2057 1280/1960 1279/1959 1285/1967
f 1341/2061 1340/2062 1342/2063 1343/2064
f 1341/2061 1343/2064 1344/2065 1276/2066
f 1341/2060 1276/2067 1275/1961 1280/1960
f 1344/2068 1343/2069 1345/2070 1346/2071
f 1344/2072 1346/2073 145/2074 794/2075
f 1344/2076 794/1949 1272/1948 1276/1955
f 1346/2071 1345/2070 1347/2077 1348/2078
f 1346/2071 1348/2078 144/1123 145/1126
f 1348/2078 1347/2077 1349/2079 1350/2080
f 1348/2078 1350/2080 790/1124 144/1123
f 1350/2081 1349/2082 1351/2083 1352/2084
f 1350/2085 1352/2086 1353/2087 790/2088
f 1353/2087 1352/2086 1354/2089 1355/2090
f 1353/2087 1355/2090 1262/1927 1261/1926
f 1353/2087 1261/1926 791/1132 790/2088
f 1355/2090 1354/2089 1356/2091 1357/2092
f 1355/2090 1357/2092 1358/2093 1262/1927
f 1358/2093 1357/2092 1359/2094 1360/2095
f 1358/2093 1360/2095 1361/2096 1257/1919
f 1358/2093 1257/1919 1256/1918 1262/1927
f 1361/2096 1360/2095 1362/2097 1363/2098
f 1361/2096 1363/2098 1364/2099 1253/1914
f 1361/2096 1253/1914 1252/1913 1257/1919
f 1364/2099 1363/2098 1365/2100 1366/2101
f 1364/2099 1366/2101 1367/2102 1250/1909
f 1364/2099 1250/1909 1249/1908 1253/1914
f 1367/2102 1366/2101 1368/2103 1369/2104
f 1367/2102 1369/2104 1370/2105 1246/2106
f 1367/2102 1246/2106 1245/1910 1250/1909
f 1370/2107 1369/2108 1371/2109 1372/2110
f 1370/2107 1372/2110 1373/2111 1374/2112
f 1370/2105 1374/2113 1247/2114 1246/2106
f 1374/2112 1373/2111 1375/2115 1376/2116
f 1374/2117 1376/2118 1239/1891 1247/1905
f 1376/2116 1375/2115 1377/2119 1378/2120
f 1376/2118 1378/2121 1240/1892 1239/1891
f 1378/2120 1377/2119 1379/2122 1380/2123
f 1378/2121 1380/2124 1234/1886 1240/1892
f 1380/2123 1379/2122 1381/2125 1231/1880
f 1380/2123 1231/1880 1230/1879 1234/2126
f 1381/2125 1379/2122 509/614 1382/2127
f 1381/2125 1382/2127 1383/2128 1228/1877
f 1381/2125 1228/1877 1227/1876 1231/1880
f 1383/2129 1382/2130 481/2131 1384/2132
f 1383/2133 1384/2134 1385/2135 1225/2136
f 1383/2128 1225/1874 1224/1873 1228/1877
f 1385/2137 1384/2138 1386/2139 1387/2140
f 1385/2137 1387/2140 1388/2141 1222/2142
f 1385/2135 1222/1866 1221/1865 1225/2136
f 1388/2141 1387/2140 1389/2143 1390/2144
f 1388/2141 1390/2144 1391/2145 1218/1859
f 1388/2141 1218/1859 1217/1858 1222/2142
f 1391/2145 1390/2144 1392/2146 1393/2147
f 1391/2145 1393/2147 1394/2148 1395/2149
f 1391/2145 1395/2149 1219/1860 1218/1859
f 1395/2149 1394/2148 1396/2150 370/379
f 1395/2149 370/379 367/378 1219/1860
f 1396/2151 1394/2152 1397/2153 1398/2154
f 1396/2151 1398/2154 1399/2155 1400/2156
f 1396/2150 1400/2157 365/368 370/379
f 1400/2156 1399/2155 190/54 189/53
f 1400/2156 189/53 192/2158 365/2159
f 1399/2155 1398/2154 1401/2160 1402/2161
f 1399/2155 1402/2161 1403/2162 190/54
f 1403/2162 1402/2161 1404/2163 1405/2164
f 1403/2162 1405/2164 1406/2165 1407/2166
f 1403/2162 1407/2166 187/50 190/54
f 1407/2166 1406/2165 1408/2167 1409/2168
f 1407/2166 1409/2168 188/51 187/50
f 1409/2169 1408/2170 1410/2171 1411/2172
f 1409/2169 1411/2172 1412/2173 188/2174
f 1412/2173 1411/2172 1413/2175 1414/2176
f 1412/2173 1414/2176 1415/2177 1416/2178
f 1412/2173 1416/2178 185/2179 188/2174
f 1416/2180 1415/2181 1417/2182 1418/2183
f 1416/2180 1418/2183 186/2184 185/2185
f 1418/2186 1417/2187 1419/2188 1420/2189
f 1418/2183 1420/2190 1421/2191 186/2184
f 1421/2191 198/2192 183/2193 186/2184
f 1421/2194 1420/2189 1422/2195 1423/2196
f 1421/2191 1423/2197 1424/2198 198/2192
f 1424/2198 169/2199 199/2200 198/2192
f 1424/2201 1423/2202 1425/2203 1426/2204
f 1424/2201 1426/2204 170/2205 169/2206
f 1426/2207 1425/2208 1427/2209 201/81
f 1426/2207 201/81 171/80 170/2210
f 1427/2209 1425/2208 1428/2211 1429/2212
f 1427/2209 1429/2212 1430/2213 1431/2214
f 1427/2209 1431/2214 202/82 201/81
f 1431/2214 1430/2213 1432/2215 196/2216
f 1431/2214 196/2216 195/2217 202/82
f 1432/2215 1430/2213 1433/2218 1434/2219
f 1432/2215 1434/2219 1435/2220 1436/2221
f 1432/2215 1436/2221 197/2222 196/2216
f 1436/2223 1435/2224 1437/2225 1438/2226
f 1436/2223 1438/2226 1439/2227 197/69
f 1439/2227 184/2228 11/66 197/69
f 1439/2229 1438/2230 1440/2231 1441/2232
f 1439/2229 1441/2232 194/64 184/63
f 1441/2232 1440/2231 1442/2233 1443/2234
f 1441/2232 1443/2234 1444/2235 194/64
f 1444/2235 165/2236 193/65 194/64
f 1444/2237 1443/2238 1445/2239 1446/2240
f 1444/2235 1446/2241 2/2242 165/2236
f 1446/2240 1445/2239 1447/2243 1448/2244
f 1446/2240 1448/2244 161/10 2/9
f 1448/2245 1447/2246 1449/2247 1450/2248
f 1448/2245 1450/2248 162/7 161/6
f 1450/2248 1449/2247 1451/2249 180/2250
f 1450/2251 180/35 176/34 162/2252
f 1451/2249 1449/2247 1452/2253 1453/2254
f 1451/2255 1453/2256 1454/2257 1455/2258
f 1451/2255 1455/2258 177/36 180/35
f 1455/2259 1454/2260 182/2261 181/2262
f 1455/2263 181/2264 178/27 177/26
f 1454/2265 1453/2254 1456/2266 1457/2267
f 1454/2268 1457/2269 1458/2270 182/2271
f 1458/2270 1457/2269 1459/2272 1460/2273
f 1458/2274 1460/2275 1461/2276 1462/2277
f 1458/2274 1462/2277 7/2278 182/2279
f 1462/2277 1461/2276 1463/2280 1464/2281
f 1462/2277 1464/2281 1465/2282 7/2278
f 1464/2283 1463/2284 1466/2285 1467/2286
f 1464/2281 1467/2287 1468/2288 1465/2282
f 1468/2289 1467/2286 1469/2290 1470/2291
f 1468/2289 1470/2291 1471/2292 827/2293
f 1471/2294 1472/2295 828/1192 827/1191
f 1471/2292 1470/2291 1473/2296 1474/2297
f 1471/2292 1474/2297 1475/2298 1472/2299
f 1475/2300 1476/2301 842/1213 1472/2302
f 1475/2298 1474/2297 1477/2303 1478/2304
f 1475/2300 1478/2305 1479/2306 1476/2301
f 1479/2306 853/1225 847/1219 1476/2301
f 1479/2306 1478/2305 1480/2307 1481/2308
f 1479/2306 1481/2308 854/1226 853/1225
f 1481/2308 1480/2307 1482/2309 1483/2310
f 1481/2308 1483/2310 856/1228 854/1226
f 1483/2310 1482/2309 1484/2311 1485/2312
f 1483/2310 1485/2312 858/1236 856/1228
f 1485/2312 1484/2311 1486/2313 1487/2314
f 1485/2312 1487/2314 860/1237 858/1236
f 1487/2315 1486/2316 1488/2317 1489/2318
f 1487/2315 1489/2318 862/1241 860/1240
f 1489/2319 1488/2320 1490/2321 1491/2322
f 1489/2319 1491/2322 864/1246 862/1245
f 1491/2322 1490/2321 1492/2323 1493/2324
f 1491/2322 1493/2324 1494/2325 864/1246
f 1494/2325 868/1253 865/1247 864/1246
f 1494/2325 1493/2324 1495/2326 1496/2327
f 1494/2325 1496/2327 1497/2328 868/1253
f 1497/2328 873/1261 869/1254 868/1253
f 1497/2328 1496/2327 1498/2329 1499/2330
f 1497/2328 1499/2330 1500/2331 873/1261
f 1500/2332 877/2333 874/2334 873/2335
f 1500/2331 1499/2330 1501/2336 1502/2337
f 1500/2332 1502/2338 879/2339 877/2333
f 1502/2337 1501/2336 1503/2340 1504/2341
f 1502/2338 1504/2342 881/2343 879/2339
f 1504/2342 1503/2344 1505/2345 1506/2346
f 1504/2342 1506/2346 1507/2347 881/2343
f 1507/2348 885/1274 882/1271 881/1270
f 1507/2347 1506/2346 1508/2349 1509/2350
f 1507/2348 1509/2351 1510/2352 885/1274
f 1510/2352 890/1279 886/1275 885/1274
f 1510/2352 1509/2351 1511/2353 1512/2354
f 1510/2352 1512/2354 1513/2355 890/1279
f 1513/2355 895/2356 891/1280 890/1279
f 1513/2357 1512/2358 513/2359 512/619
f 1513/2357 512/619 1514/2360 895/1287
f 1514/2360 900/1292 896/1288 895/1287
f 1514/2360 512/619 511/618 1515/2361
f 1514/2360 1515/2361 1516/2362 900/1292
f 1516/2362 905/1297 901/1293 900/1292
f 1516/2363 1515/2364 536/2365 535/2366
f 1516/2363 535/2366 538/2367 905/2368
f 1515/2364 511/629 516/628 536/2365
f 1512/2369 1511/2370 1517/2371 513/2372
f 1517/2371 1511/2370 1518/2373 1519/2374
f 1517/2371 1519/2374 1520/2375 1521/2376
f 1517/2371 1521/2376 514/2377 513/2372
f 1521/2378 1520/2379 1522/2380 1523/2381
f 1521/2382 1523/2383 1524/2384 514/2385
f 1524/2384 1525/2386 515/2387 514/2385
f 1524/2384 1523/2383 1526/2388 1527/2389
f 1524/2390 1527/2391 1528/2392 1525/2393
f 1528/2392 1527/2391 1529/2394 1530/2395
f 1528/2392 1530/2395 1531/2396 1532/2397
f 1528/2398 1532/2399 1533/2400 1525/2386
f 1533/2400 516/2401 515/2387 1525/2386
f 1533/2402 1532/2397 539/672 537/671
f 1533/2400 537/2403 536/2404 516/2401
f 1532/2397 1531/2396 1534/2405 539/672
f 1534/2405 1531/2396 1535/2406 1536/2407
f 1534/2405 1536/2407 1537/2408 1538/2409
f 1534/2405 1538/2409 540/673 539/672
f 1538/2410 1537/2411 571/2412 524/2413
f 1538/2410 524/2413 523/675 540/674
f 1537/2408 1536/2407 1539/2414 1540/2415
f 1537/2411 1540/2416 572/2417 571/2412
f 1540/2415 1539/2414 1541/2418 1542/2419
f 1540/2420 1542/2421 1543/2422 572/2423
f 1543/2422 1542/2421 1544/2424 1545/2425
f 1543/2426 1545/2427 1546/2428 1547/2429
f 1543/2426 1547/2429 573/744 572/743
f 1547/2429 1546/2428 569/734 568/733
f 1547/2429 568/733 565/740 573/744
f 1546/2428 1545/2427 411/2430 1548/2431
f 1546/2428 1548/2431 570/2432 569/734
f 1548/2431 411/2430 218/2433 417/2434
f 1548/2431 417/2434 416/2435 570/2432
f 1545/2425 1544/2424 58/2436 411/2437
f 1544/2438 1542/2419 1541/2418 1549/2439
f 1544/2438 1549/2439 408/444 58/443
f 1549/2439 1541/2418 1550/2440 1551/2441
f 1549/2439 1551/2441 1552/2442 408/444
f 1552/2443 1551/2444 384/395 383/394
f 1552/2443 383/394 382/393 1553/2445
f 1552/2442 1553/2446 409/445 408/444
f 1553/2447 382/2448 462/540 422/473
f 1553/2447 422/473 421/472 409/2449
f 1551/2444 1550/2450 1554/2451 384/395
f 1554/2451 1555/2452 1556/2453 1557/2454
f 1554/2451 1557/2454 1558/2455 384/395
f 1554/2456 1550/2440 1559/2457 1555/2458
f 1559/2457 1535/2406 1560/2459 1555/2458
f 1559/2457 1550/2440 1541/2418 1539/2414
f 1559/2457 1539/2414 1536/2407 1535/2406
f 1560/2459 1530/2395 1529/2394 1561/2460
f 1560/2461 1561/2462 1556/2453 1555/2452
f 1560/2463 1535/2464 1531/2465 1530/2466
f 1562/2467 1529/2394 1527/2391 1526/2468
f 1562/2469 1526/2388 1563/2470 1564/2471
f 1562/2467 1564/2472 387/2473 386/2474
f 1564/2471 1563/2470 1565/2475 1566/2476
f 1564/2471 1566/2476 388/399 387/398
f 1566/2477 1565/2478 1567/2479 1568/2480
f 1566/2476 1568/2481 460/2482 388/399
f 1568/2480 1567/2479 448/521 447/520
f 1568/2483 447/2484 451/534 460/538
f 1567/2479 1565/2478 1569/2485 1570/2486
f 1567/2479 1570/2486 1571/2487 448/521
f 1571/2488 1570/2489 456/2490 455/2491
f 1571/2492 455/529 454/528 1572/2493
f 1571/2487 1572/2494 449/522 448/521
f 1572/2493 454/528 1573/2495 1574/2496
f 1572/2494 1574/2497 452/525 449/522
f 1574/2496 1573/2495 432/492 435/496
f 1574/2498 435/2499 446/2500 452/2501
f 1573/2495 454/528 453/527 466/546
f 1573/2495 466/546 433/493 432/492
f 1570/2489 1569/2502 1575/2503 456/2490
f 1575/2503 1520/2375 1519/2374 463/543
f 1575/2503 463/543 457/542 456/2490
f 1575/2504 1569/2485 1522/2380 1520/2379
f 1569/2485 1565/2478 1563/2505 1522/2380
f 1563/2470 1526/2388 1523/2383 1522/2506
f 1558/2455 1557/2454 1576/2507 1577/2508
f 1576/2507 1557/2454 1556/2453 1578/2509
f 1519/2374 1518/2373 464/544 463/543
f 1518/2373 1511/2370 1509/2350 1508/2349
f 1518/2373 1508/2349 467/547 464/544
f 1508/2349 1506/2346 1505/2345 467/547
f 1505/2510 1503/2340 1579/2511 1580/2512
f 1505/2345 1580/2513 468/548 467/547
f 1580/2512 1579/2511 1322/2030 1321/2029
f 1580/2514 1321/2034 469/550 468/549
f 1579/2511 1503/2340 1501/2336 1581/2515
f 1579/2511 1581/2515 1324/2035 1322/2030
f 1581/2515 1501/2336 1499/2330 1498/2329
f 1581/2515 1498/2329 1582/2516 1324/2035
f 1582/2516 1498/2329 1496/2327 1495/2326
f 1582/2516 1495/2326 1583/2517 1327/2039
f 1582/2516 1327/2039 1325/2036 1324/2035
f 1583/2517 1495/2326 1493/2324 1492/2323
f 1583/2517 1492/2323 1584/2518 1330/2044
f 1583/2517 1330/2044 1328/2040 1327/2039
f 1584/2518 1492/2323 1490/2321 1585/2519
f 1584/2518 1585/2519 1586/2520 1333/2521
f 1584/2518 1333/2521 1331/2045 1330/2044
f 1586/2520 1585/2519 1587/2522 1588/2523
f 1586/2524 1588/2525 1589/2526 1336/2055
f 1586/2524 1336/2055 1334/2052 1333/2527
f 1589/2528 1588/2529 1590/2530 1591/2531
f 1589/2528 1591/2531 1592/2532 1339/2533
f 1589/2526 1339/2058 1337/2056 1336/2055
f 1592/2534 1591/2535 1593/2536 1594/2537
f 1592/2534 1594/2537 1595/2538 1342/2539
f 1592/2532 1342/2063 1340/2062 1339/2533
f 1595/2538 1594/2537 1596/2540 1597/2541
f 1595/2538 1597/2541 1347/2542 1345/2543
f 1595/2538 1345/2543 1343/2544 1342/2539
f 1597/2541 1596/2540 1598/2545 1599/2546
f 1597/2541 1599/2546 1349/2082 1347/2542
f 1599/2546 1598/2545 1600/2547 1601/2548
f 1599/2546 1601/2548 1351/2083 1349/2082
f 1601/2548 1600/2547 1602/2549 1603/2550
f 1601/2548 1603/2550 1604/2551 1351/2083
f 1604/2551 1603/2550 1605/2552 1606/2553
f 1604/2554 1606/2555 1356/2556 1354/2557
f 1604/2554 1354/2557 1352/2558 1351/2559
f 1606/2553 1605/2552 1607/2560 1608/2561
f 1606/2553 1608/2561 1609/2562 1356/2563
f 1609/2562 1608/2561 1610/2564 1611/2565
f 1609/2566 1611/2567 1612/2568 1359/2094
f 1609/2566 1359/2094 1357/2092 1356/2091
f 1612/2568 1611/2567 801/2569 1613/2570
f 1612/2568 1613/2570 1614/2571 1362/2097
f 1612/2568 1362/2097 1360/2095 1359/2094
f 1614/2572 1613/2573 1615/2574 1616/2575
f 1614/2571 1616/2576 1617/2577 1365/2100
f 1614/2571 1365/2100 1363/2098 1362/2097
f 1617/2578 1616/2575 1618/2579 1619/2580
f 1617/2578 1619/2580 1620/2581 1368/2582
f 1617/2577 1368/2103 1366/2101 1365/2100
f 1620/2581 1619/2580 1621/2583 1622/2584
f 1620/2581 1622/2584 1623/2585 1371/2109
f 1620/2581 1371/2109 1369/2108 1368/2582
f 1623/2586 1622/2587 1624/2588 1625/2589
f 1623/2590 1625/2591 1626/2592 1627/2593
f 1623/2585 1627/2594 1372/2110 1371/2109
f 1627/2593 1626/2592 1628/2595 1629/2596
f 1627/2594 1629/2597 1373/2111 1372/2110
f 1629/2596 1628/2595 1630/2598 1631/2599
f 1629/2597 1631/2600 1375/2115 1373/2111
f 1631/2599 1630/2598 77/2601 510/2602
f 1631/2600 510/615 1377/2119 1375/2115
f 1630/2603 1628/2604 1632/2605 1633/2606
f 1630/2603 1633/2606 478/568 77/567
f 1633/2606 1632/2605 1634/2607 1635/2608
f 1633/2606 1635/2608 1636/2609 478/568
f 1636/2610 1635/2611 1637/2612 1638/2613
f 1636/2614 1638/2615 1639/2616 1640/2617
f 1636/2609 1640/2618 476/564 478/568
f 1640/2617 1639/2616 1641/2619 1642/2620
f 1640/2618 1642/2621 477/565 476/564
f 1642/2620 1641/2619 1643/2622 1644/2623
f 1642/2621 1644/2624 479/569 477/565
f 1644/2623 1643/2622 1645/2625 1646/2626
f 1644/2624 1646/2627 1647/2628 479/569
f 1647/2628 1646/2627 1648/2629 1389/2143
f 1647/2628 1389/2143 1387/2140 1386/2139
f 1647/2628 1386/2139 480/570 479/569
f 1648/2630 1646/2626 1645/2625 1649/2631
f 1648/2630 1649/2631 1650/2632 1392/2633
f 1648/2629 1392/2146 1390/2144 1389/2143
f 1650/2632 1649/2631 1651/2634 1652/2635
f 1650/2632 1652/2635 1653/2636 1654/2637
f 1650/2632 1654/2637 1393/2638 1392/2633
f 1654/2639 1653/2640 1655/2641 1397/2153
f 1654/2639 1397/2153 1394/2152 1393/2642
f 1655/2641 1653/2640 1656/2643 1657/2644
f 1655/2641 1657/2644 1658/2645 1401/2160
f 1655/2641 1401/2160 1398/2154 1397/2153
f 1658/2646 1657/2647 1659/2648 1660/2649
f 1658/2646 1660/2649 1661/2650 1404/2651
f 1658/2645 1404/2163 1402/2161 1401/2160
f 1661/2650 1660/2649 1662/2652 1663/2653
f 1661/2650 1663/2653 1664/2654 1665/2655
f 1661/2656 1665/2657 1405/2164 1404/2163
f 1665/2655 1664/2654 1666/2658 1667/2659
f 1665/2657 1667/2660 1406/2165 1405/2164
f 1667/2660 1666/2661 1668/2662 1669/2663
f 1667/2660 1669/2663 1408/2167 1406/2165
f 1669/2664 1668/2665 1670/2666 1671/2667
f 1669/2664 1671/2667 1410/2171 1408/2170
f 1671/2667 1670/2666 1672/2668 1673/2669
f 1671/2667 1673/2669 1674/2670 1410/2171
f 1674/2670 1673/2669 1675/2671 1676/2672
f 1674/2670 1676/2672 1677/2673 1413/2175
f 1674/2670 1413/2175 1411/2172 1410/2171
f 1677/2673 1676/2672 1678/2674 1679/2675
f 1677/2673 1679/2675 1680/2676 1681/2677
f 1677/2673 1681/2677 1414/2176 1413/2175
f 1681/2677 1680/2676 211/2678 1682/2679
f 1681/2677 1682/2679 1415/2177 1414/2176
f 1682/2679 211/2678 14/98 1683/2680
f 1682/2681 1683/2682 1417/2182 1415/2181
f 1683/2680 14/98 210/101 1684/2683
f 1683/2684 1684/2685 1419/2188 1417/2187
f 1684/2686 210/2687 1685/2688 1686/2689
f 1686/2689 1685/2688 1687/2690 1433/2218
f 1686/2689 1433/2218 1430/2213 1429/2212
f 1687/2690 1685/2688 1688/2691 1689/2692
f 1687/2690 1689/2692 1690/2693 1691/2694
f 1687/2690 1691/2694 1434/2219 1433/2218
f 1691/2694 1690/2693 1692/2695 1693/2696
f 1691/2694 1693/2696 1435/2220 1434/2219
f 1693/2696 1692/2695 1694/2697 1695/2698
f 1693/2696 1695/2698 1437/2699 1435/2220
f 1695/2700 1694/2701 1696/2702 1697/2703
f 1695/2700 1697/2703 1698/2704 1437/2705
f 1698/2706 1440/2231 1438/2230 1437/2707
f 1698/2706 1697/2708 1699/2709 1700/2710
f 1698/2706 1700/2710 1442/2233 1440/2231
f 1700/2711 1699/2712 1701/2713 1702/2714
f 1700/2711 1702/2714 1703/2715 1442/2716
f 1703/2715 1445/2239 1443/2238 1442/2716
f 1703/2717 1702/2718 1704/2719 1705/2720
f 1703/2717 1705/2720 1447/2721 1445/2722
f 1705/2720 1704/2719 1706/2723 1452/2724
f 1705/2725 1452/2253 1449/2247 1447/2246
f 1706/2723 1704/2719 1707/2726 1708/2727
f 1706/2723 1708/2727 1709/2728 1456/2729
f 1706/2730 1456/2266 1453/2254 1452/2253
f 1709/2728 1708/2727 1710/2731 807/1155
f 1709/2728 807/1155 153/1154 1459/2732
f 1709/2733 1459/2734 1457/2267 1456/2266
f 1710/2731 1708/2727 1707/2726 1711/2735
f 1710/2731 1711/2735 816/1169 819/1172
f 1710/2731 819/1172 804/1148 807/1155
f 1711/2735 1707/2726 1701/2736 1712/2737
f 1711/2735 1712/2737 817/1170 816/1169
f 1712/2737 1701/2736 1699/2738 1713/2739
f 1712/2737 1713/2739 1714/2740 817/1170
f 1714/2741 1713/2742 1696/2743 1715/2744
f 1714/2741 1715/2744 820/2745 822/2746
f 1714/2740 822/1179 818/1171 817/1170
f 1715/2747 1696/2748 1694/2749 1716/2750
f 1715/2747 1716/2750 821/1175 820/1174
f 1716/2751 1694/2697 1692/2695 1717/2752
f 1716/2751 1717/2752 811/1159 821/2753
f 1717/2752 1692/2695 1690/2693 1718/2754
f 1717/2752 1718/2754 808/1156 811/1159
f 1718/2754 1690/2693 1689/2692 1719/2755
f 1719/2755 1689/2692 1688/2691 1720/2756
f 1713/2742 1699/2757 1697/2758 1696/2743
f 1707/2726 1704/2719 1702/2718 1701/2736
f 1680/2676 1679/2675 1721/2759 1722/2760
f 1680/2676 1722/2760 212/2761 211/2678
f 1722/2760 1721/2759 1723/2762 1724/2763
f 1722/2760 1724/2763 1725/2764 212/2761
f 1725/2765 1724/2766 1726/2767 1727/2768
f 1725/2765 1727/2768 1728/2769 1729/2770
f 1728/2769 1727/2768 1730/2771 1731/2772
f 1731/2772 1730/2771 1732/2773 1733/2774
f 1731/2772 1733/2774 814/1168 796/1136
f 1733/2774 1732/2773 1734/2775 1735/2776
f 1733/2774 1735/2776 1736/2777 814/1168
f 1736/2777 1735/2776 1737/2778 1738/2779
f 1736/2777 1738/2779 1739/2780 1740/2781
f 1736/2777 1740/2781 152/91 814/1168
f 1739/2782 1738/2783 1741/2784 1742/2785
f 1739/2786 1742/2787 1743/2788 1744/2789
f 1739/2786 1744/2789 1745/2790 1740/2791
f 1744/2792 1743/2793 1621/2794 1746/2795
f 1744/2792 1746/2795 156/2796 1745/2797
f 1746/2798 1621/2583 1619/2580 1618/2579
f 1746/2798 1618/2579 823/1184 156/1183
f 1743/2788 1742/2787 1747/2799 1624/2800
f 1743/2801 1624/2588 1622/2587 1621/2802
f 1747/2803 1742/2785 1741/2784 1748/2804
f 1747/2803 1748/2804 1749/2805 1750/2806
f 1747/2799 1750/2807 1625/2808 1624/2800
f 1750/2806 1749/2805 1751/2809 1752/2810
f 1750/2807 1752/2811 1626/2812 1625/2808
f 1752/2810 1751/2809 1634/2813 1632/2814
f 1752/2811 1632/2605 1628/2604 1626/2812
f 1751/2809 1749/2805 1753/2815 1754/2816
f 1751/2809 1754/2816 1755/2817 1634/2813
f 1755/2817 1754/2816 1756/2818 1757/2819
f 1755/2820 1757/2821 1758/2822 1637/2823
f 1755/2817 1637/2612 1635/2611 1634/2813
f 1758/2822 1757/2821 1759/2824 1760/2825
f 1758/2822 1760/2825 1761/2826 1762/2827
f 1758/2822 1762/2827 1638/2828 1637/2823
f 1762/2827 1761/2826 1763/2829 1764/2830
f 1762/2831 1764/2832 1639/2616 1638/2615
f 1764/2832 1763/2833 1765/2834 1766/2835
f 1764/2832 1766/2835 1641/2619 1639/2616
f 1766/2835 1765/2834 1767/2836 1768/2837
f 1766/2835 1768/2837 1643/2622 1641/2619
f 1768/2837 1767/2836 1769/2838 1770/2839
f 1768/2837 1770/2839 1645/2625 1643/2622
f 1770/2839 1769/2838 1771/2840 1651/2634
f 1770/2839 1651/2634 1649/2631 1645/2625
f 1771/2840 1769/2838 1772/2841 1773/2842
f 1771/2840 1773/2842 1774/2843 1775/2844
f 1771/2840 1775/2844 1652/2635 1651/2634
f 1775/2844 1774/2843 1776/2845 1656/2846
f 1775/2844 1656/2846 1653/2636 1652/2635
f 1776/2847 1774/2848 1777/2849 1778/2850
f 1776/2847 1778/2850 1779/2851 1659/2648
f 1776/2847 1659/2648 1657/2647 1656/2852
f 1779/2851 1778/2850 1780/2853 1781/2854
f 1779/2851 1781/2854 1782/2855 1662/2652
f 1779/2851 1662/2652 1660/2649 1659/2648
f 1782/2855 1781/2854 1783/2856 1784/2857
f 1782/2855 1784/2857 1785/2858 1786/2859
f 1782/2855 1786/2859 1663/2653 1662/2652
f 1786/2859 1785/2858 1787/2860 1788/2861
f 1786/2859 1788/2861 1664/2654 1663/2653
f 1788/2861 1787/2860 1789/2862 1790/2863
f 1788/2861 1790/2863 1666/2658 1664/2654
f 1790/2863 1789/2862 1791/2864 1792/2865
f 1790/2863 1792/2865 1668/2866 1666/2658
f 1792/2867 1791/2868 1793/2869 1794/2870
f 1792/2867 1794/2870 1670/2666 1668/2665
f 1794/2870 1793/2869 1795/2871 1796/2872
f 1794/2870 1796/2872 1672/2668 1670/2666
f 1796/2872 1795/2871 1797/2873 1798/2874
f 1796/2872 1798/2874 1799/2875 1672/2668
f 1799/2875 1798/2874 1800/2876 1801/2877
f 1799/2875 1801/2877 1802/2878 1675/2671
f 1799/2875 1675/2671 1673/2669 1672/2668
f 1802/2878 1801/2877 1803/2879 1804/2880
f 1802/2878 1804/2880 1805/2881 1678/2674
f 1802/2878 1678/2674 1676/2672 1675/2671
f 1805/2881 1804/2880 1806/2882 1807/2883
f 1805/2881 1807/2883 1723/2762 1721/2759
f 1805/2881 1721/2759 1679/2675 1678/2674
f 1807/2884 1806/2885 1808/2886 1809/2887
f 1807/2883 1809/2888 1810/2889 1723/2762
f 1810/2890 1809/2891 1811/2892 1812/2893
f 1810/2890 1812/2893 1813/2894 1726/2767
f 1810/2889 1726/2895 1724/2763 1723/2762
f 1813/2894 1812/2893 1814/2896 1815/2897
f 1813/2894 1815/2897 1732/2773 1730/2771
f 1813/2894 1730/2771 1727/2768 1726/2767
f 1815/2898 1814/2899 1816/2900 1817/2901
f 1815/2897 1817/2902 1734/2775 1732/2773
f 1817/2901 1816/2900 1818/2903 1819/2904
f 1817/2901 1819/2904 1820/2905 1734/2906
f 1820/2907 1819/2908 1821/2909 1822/2910
f 1820/2907 1822/2910 1823/2911 1737/2912
f 1820/2913 1737/2778 1735/2776 1734/2775
f 1823/2911 1822/2910 1824/2914 1825/2915
f 1823/2911 1825/2915 1748/2804 1741/2784
f 1823/2911 1741/2784 1738/2783 1737/2912
f 1825/2915 1824/2914 1826/2916 1753/2815
f 1825/2915 1753/2815 1749/2805 1748/2804
f 1826/2916 1824/2914 1827/2917 1828/2918
f 1826/2916 1828/2918 1829/2919 1756/2818
f 1826/2916 1756/2818 1754/2816 1753/2815
f 1829/2919 1828/2918 1830/2920 1831/2921
f 1829/2919 1831/2921 1832/2922 1759/2923
f 1829/2919 1759/2923 1757/2819 1756/2818
f 1832/2924 1831/2925 1833/2926 1834/2927
f 1832/2924 1834/2927 1835/2928 1836/2929
f 1832/2924 1836/2929 1760/2825 1759/2824
f 1836/2929 1835/2928 1837/2930 1838/2931
f 1836/2929 1838/2931 1761/2826 1760/2825
f 1838/2931 1837/2930 1839/2932 1840/2933
f 1838/2931 1840/2933 1763/2829 1761/2826
f 1840/2933 1839/2932 1841/2934 1842/2935
f 1840/2936 1842/2937 1765/2834 1763/2833
f 1842/2937 1841/2938 1843/2939 1844/2940
f 1842/2937 1844/2940 1767/2836 1765/2834
f 1844/2940 1843/2939 1845/2941 1772/2841
f 1844/2940 1772/2841 1769/2838 1767/2836
f 1845/2941 1843/2939 1846/2942 1847/2943
f 1845/2941 1847/2943 1848/2944 1849/2945
f 1845/2941 1849/2945 1773/2842 1772/2841
f 1849/2945 1848/2944 1850/2946 1777/2947
f 1849/2945 1777/2947 1774/2843 1773/2842
f 1850/2946 1848/2944 1851/2948 1852/2949
f 1850/2950 1852/2951 1853/2952 1780/2853
f 1850/2950 1780/2853 1778/2850 1777/2849
f 1853/2952 1852/2951 1854/2953 1855/2954
f 1853/2952 1855/2954 1856/2955 1783/2856
f 1853/2952 1783/2856 1781/2854 1780/2853
f 1856/2955 1855/2954 1857/2956 1858/2957
f 1856/2955 1858/2957 1859/2958 1860/2959
f 1856/2955 1860/2959 1784/2857 1783/2856
f 1860/2959 1859/2958 1861/2960 1862/2961
f 1860/2959 1862/2961 1785/2858 1784/2857
f 1862/2961 1861/2960 1863/2962 1864/2963
f 1862/2961 1864/2963 1787/2860 1785/2858
f 1864/2963 1863/2962 1865/2964 1866/2965
f 1864/2963 1866/2965 1789/2862 1787/2860
f 1866/2965 1865/2964 1867/2966 1868/2967
f 1866/2965 1868/2967 1791/2864 1789/2862
f 1868/2968 1867/2969 1869/2970 1870/2971
f 1868/2968 1870/2971 1793/2869 1791/2868
f 1870/2971 1869/2970 1871/2972 1872/2973
f 1870/2971 1872/2973 1795/2871 1793/2869
f 1872/2973 1871/2972 1873/2974 1874/2975
f 1872/2973 1874/2975 1797/2873 1795/2871
f 1874/2976 1873/2977 1875/2978 1876/2979
f 1874/2975 1876/2980 1877/2981 1797/2873
f 1877/2982 1876/2979 1878/2983 1879/2984
f 1877/2981 1879/2985 1880/2986 1800/2876
f 1877/2981 1800/2876 1798/2874 1797/2873
f 1880/2987 1879/2984 1881/2988 1882/2989
f 1880/2987 1882/2989 1883/2990 1803/2991
f 1880/2986 1803/2879 1801/2877 1800/2876
f 1883/2990 1882/2989 1884/2992 1885/2993
f 1883/2990 1885/2993 1808/2886 1806/2885
f 1883/2994 1806/2882 1804/2880 1803/2879
f 1885/2993 1884/2992 1886/2995 1887/2996
f 1885/2993 1887/2996 1888/2997 1808/2886
f 1888/2998 1887/2999 1889/3000 1890/3001
f 1888/2998 1890/3001 1891/3002 1811/3003
f 1888/2997 1811/3004 1809/2887 1808/2886
f 1891/3002 1890/3001 1892/3005 1893/3006
f 1891/3002 1893/3006 1816/2900 1814/2899
f 1891/3007 1814/2896 1812/2893 1811/2892
f 1893/3006 1892/3005 589/776 588/775
f 1893/3006 588/775 1818/2903 1816/2900
f 1892/3005 1890/3001 1889/3000 1894/3008
f 1892/3005 1894/3008 1895/3009 589/776
f 1895/3009 1894/3008 1896/3010 1897/3011
f 1895/3009 1897/3011 1898/3012 1899/3013
f 1895/3009 1899/3013 98/771 589/776
f 1899/3013 1898/3012 1900/3014 1901/3015
f 1899/3013 1901/3015 590/777 98/771
f 1901/3015 1900/3014 1902/3016 1903/3017
f 1901/3015 1903/3017 1904/3018 590/777
f 1904/3018 1903/3017 1905/3019 1906/3020
f 1904/3021 1906/3022 612/814 611/813
f 1904/3021 611/813 591/812 590/3023
f 1906/3022 1905/3024 1907/3025 1908/3026
f 1906/3022 1908/3026 596/792 612/814
f 1908/3026 1907/3025 1909/3027 1910/3028
f 1908/3026 1910/3028 597/793 596/792
f 1910/3029 1909/3030 1911/3031 1912/3032
f 1910/3029 1912/3032 1913/3033 597/3034
f 1913/3033 1912/3032 665/897 664/896
f 1913/3033 664/896 1914/3035 1915/3036
f 1913/3037 1915/3038 100/790 597/793
f 1915/3036 1914/3035 1916/3039 1917/3040
f 1915/3036 1917/3040 99/3041 100/3042
f 1917/3040 1916/3039 1834/2927 1833/2926
f 1917/3040 1833/2926 594/3043 99/3041
f 1916/3039 1914/3035 1918/3044 1919/3045
f 1916/3039 1919/3045 1835/2928 1834/2927
f 1919/3045 1918/3044 1920/3046 1921/3047
f 1919/3045 1921/3047 1837/2930 1835/2928
f 1921/3047 1920/3046 1922/3048 1923/3049
f 1921/3047 1923/3049 1839/2932 1837/2930
f 1923/3049 1922/3048 1924/3050 1925/3051
f 1923/3049 1925/3051 1841/2934 1839/2932
f 1925/3052 1924/3053 1926/3054 1846/2942
f 1925/3052 1846/2942 1843/2939 1841/2938
f 1926/3054 1924/3053 1927/3055 1928/3056
f 1926/3054 1928/3056 1929/3057 1930/3058
f 1926/3054 1930/3058 1847/2943 1846/2942
f 1930/3058 1929/3057 1931/3059 1851/2948
f 1930/3058 1851/2948 1848/2944 1847/2943
f 1931/3059 1929/3057 1932/3060 1933/3061
f 1931/3062 1933/3063 1934/3064 1854/2953
f 1931/3059 1854/3065 1852/2949 1851/2948
f 1934/3064 1933/3063 1935/3066 1936/3067
f 1934/3068 1936/3069 1937/3070 1857/3071
f 1934/3064 1857/2956 1855/2954 1854/2953
f 1937/3072 1936/3073 1938/3074 1939/3075
f 1937/3072 1939/3075 1940/3076 1941/3077
f 1937/3070 1941/3078 1858/3079 1857/3071
f 1941/3077 1940/3076 1942/3080 1943/3081
f 1941/3078 1943/3082 1859/3083 1858/3079
f 1943/3081 1942/3080 1944/3084 1945/3085
f 1943/3082 1945/3086 1861/3087 1859/3083
f 1945/3085 1944/3084 1946/3088 1947/3089
f 1945/3086 1947/3090 1863/3091 1861/3087
f 1947/3089 1946/3088 1948/3092 1949/3093
f 1947/3090 1949/3094 1865/3095 1863/3091
f 1949/3096 1948/3097 1950/3098 1951/3099
f 1949/3094 1951/3100 1867/3101 1865/3095
f 1951/3099 1950/3098 1952/3102 1953/3103
f 1951/3100 1953/3104 1869/3105 1867/3101
f 1953/3103 1952/3102 1954/3106 1955/3107
f 1953/3104 1955/3108 1871/3109 1869/3105
f 1955/3107 1954/3106 1956/3110 1957/3111
f 1955/3108 1957/3112 1873/3113 1871/3109
f 1957/3111 1956/3110 1958/3114 1959/3115
f 1957/3112 1959/3116 1875/3117 1873/3113
f 1959/3115 1958/3114 1960/3118 1961/3119
f 1959/3116 1961/3120 1962/3121 1875/3117
f 1962/3121 1961/3120 1963/3122 1964/3123
f 1962/3124 1964/3125 1965/3126 1878/2983
f 1962/3124 1878/2983 1876/2979 1875/2978
f 1965/3126 1964/3125 1966/3127 1967/3128
f 1965/3126 1967/3128 1968/3129 1881/2988
f 1965/3126 1881/2988 1879/2984 1878/2983
f 1968/3129 1967/3128 1969/3130 1970/3131
f 1968/3129 1970/3131 1886/2995 1884/2992
f 1968/3129 1884/2992 1882/2989 1881/2988
f 1970/3131 1969/3130 1971/3132 1972/3133
f 1970/3131 1972/3133 1973/3134 1886/2995
f 1973/3135 1972/3136 1974/3137 1896/3010
f 1973/3135 1896/3010 1894/3008 1889/3000
f 1973/3134 1889/3138 1887/2996 1886/2995
f 1974/3137 1972/3136 1971/3139 1975/3140
f 1974/3137 1975/3140 1976/3141 1977/3142
f 1974/3137 1977/3142 1897/3011 1896/3010
f 1977/3142 1976/3141 1978/3143 1979/3144
f 1977/3142 1979/3144 1898/3012 1897/3011
f 1979/3144 1978/3143 1980/3145 1981/3146
f 1979/3144 1981/3146 1900/3014 1898/3012
f 1981/3146 1980/3145 1982/3147 1983/3148
f 1981/3146 1983/3148 1902/3016 1900/3014
f 1983/3148 1982/3147 1984/3149 1985/3150
f 1983/3148 1985/3150 1986/3151 1902/3016
f 1986/3151 1985/3150 1987/3152 1988/3153
f 1986/3151 1988/3153 1907/3154 1905/3019
f 1986/3151 1905/3019 1903/3017 1902/3016
f 1988/3155 1987/3156 1989/3157 1990/3158
f 1988/3155 1990/3158 1909/3027 1907/3025
f 1990/3159 1989/3160 1991/3161 1992/3162
f 1990/3159 1992/3162 1911/3031 1909/3030
f 1992/3162 1991/3161 1993/3163 1994/3164
f 1992/3162 1994/3164 670/906 1911/3031
f 1994/3164 1993/3163 1995/3165 1996/3166
f 1994/3164 1996/3166 668/907 670/906
f 1996/3167 1995/3168 1997/3169 1998/3170
f 1996/3167 1998/3170 669/904 668/903
f 1998/3171 1997/3172 1999/3173 2000/3174
f 1998/3171 2000/3174 2001/3175 669/3176
f 2001/3175 2000/3174 674/912 2002/3177
f 2001/3178 2002/3179 2003/3180 2004/3181
f 2001/3178 2004/3181 666/899 669/3182
f 2004/3181 2003/3180 2005/3183 2006/3184
f 2004/3181 2006/3184 667/900 666/899
f 2006/3184 2005/3183 634/853 641/3185
f 2006/3184 641/3185 2007/3186 667/900
f 2007/3187 2008/3188 660/3189 667/3190
f 2007/3191 641/3192 640/3193 2009/3194
f 2007/3187 2009/3195 2010/3196 2008/3188
f 2010/3197 2011/3198 2012/3199 2013/3200
f 2010/3201 2013/3202 2014/3203 2008/3204
f 2010/3205 2009/3206 2015/3207 2011/3208
f 2015/3209 2009/3210 640/862 639/861
f 2015/3209 639/861 609/810 608/809
f 2015/3209 608/809 599/795 2011/3211
f 2014/3212 2013/3213 2016/3214 2017/3215
f 2014/3212 2017/3215 2018/3216 661/3217
f 2014/3203 661/892 660/891 2008/3204
f 2018/3216 2017/3215 2019/3218 2020/3219
f 2018/3220 2020/3221 2021/3222 2022/3223
f 2018/3216 2022/3224 662/3225 661/3217
f 2022/3226 2021/3227 2023/3228 2024/3229
f 2022/3226 2024/3229 2025/3230 662/3231
f 2025/3230 2024/3229 2026/3232 2027/3233
f 2025/3234 2027/3235 2028/3236 2029/3237
f 2025/3234 2029/3237 114/3238 662/3239
f 2029/3240 2028/3241 2030/3242 2031/3243
f 2029/3240 2031/3243 663/895 114/894
f 2031/3243 2030/3242 1922/3048 1920/3046
f 2031/3243 1920/3046 1918/3044 663/895
f 2030/3242 2028/3241 2032/3244 1927/3245
f 2030/3242 1927/3245 1924/3050 1922/3048
f 2032/3246 2028/3236 2027/3235 2033/3247
f 2032/3244 2033/3248 2034/3249 2035/3250
f 2032/3244 2035/3250 1928/3251 1927/3245
f 2035/3250 2034/3249 2036/3252 1932/3253
f 2035/3254 1932/3060 1929/3057 1928/3056
f 2036/3255 2034/3256 2037/3257 2038/3258
f 2036/3255 2038/3258 2039/3259 1935/3260
f 2036/3261 1935/3262 1933/3061 1932/3060
f 2039/3259 2038/3258 2040/3263 2041/3264
f 2039/3259 2041/3264 2042/3265 1938/3266
f 2039/3259 1938/3266 1936/3267 1935/3260
f 2042/3265 2041/3264 2043/3268 2044/3269
f 2042/3270 2044/3271 2045/3272 2046/3273
f 2042/3270 2046/3273 1939/3075 1938/3074
f 2046/3273 2045/3272 2047/3274 2048/3275
f 2046/3273 2048/3275 1940/3076 1939/3075
f 2048/3275 2047/3274 2049/3276 2050/3277
f 2048/3275 2050/3277 1942/3080 1940/3076
f 2050/3277 2049/3276 2051/3278 2052/3279
f 2050/3277 2052/3279 1944/3084 1942/3080
f 2052/3279 2051/3278 2053/3280 2054/3281
f 2052/3279 2054/3281 1946/3088 1944/3084
f 2054/3281 2053/3280 2055/3282 2056/3283
f 2054/3281 2056/3283 1948/3092 1946/3088
f 2056/3284 2055/3285 2057/3286 2058/3287
f 2056/3284 2058/3287 1950/3098 1948/3097
f 2058/3287 2057/3286 2059/3288 2060/3289
f 2058/3287 2060/3289 1952/3102 1950/3098
f 2060/3289 2059/3288 2061/3290 2062/3291
f 2060/3289 2062/3291 1954/3106 1952/3102
f 2062/3291 2061/3290 2063/3292 2064/3293
f 2062/3291 2064/3293 1956/3110 1954/3106
f 2064/3293 2063/3292 2065/3294 2066/3295
f 2064/3293 2066/3295 1958/3114 1956/3110
f 2066/3295 2065/3294 2067/3296 2068/3297
f 2066/3295 2068/3297 1960/3118 1958/3114
f 2068/3297 2067/3296 2069/3298 2070/3299
f 2068/3297 2070/3299 2071/3300 1960/3118
f 2071/3300 2070/3299 2072/3301 2073/3302
f 2071/3300 2073/3302 2074/3303 1963/3304
f 2071/3300 1963/3304 1961/3119 1960/3118
f 2074/3303 2073/3302 2075/3305 2076/3306
f 2074/3307 2076/3308 2077/3309 1966/3310
f 2074/3307 1966/3310 1964/3123 1963/3122
f 2077/3309 2076/3308 2078/3311 2079/3312
f 2077/3313 2079/3314 1971/3132 1969/3130
f 2077/3313 1969/3130 1967/3128 1966/3127
f 2079/3315 2078/3316 2080/3317 2081/3318
f 2079/3315 2081/3318 1975/3140 1971/3139
f 2081/3318 2080/3317 2082/3319 2083/3320
f 2081/3318 2083/3320 1976/3141 1975/3140
f 2083/3320 2082/3319 2084/3321 2085/3322
f 2083/3320 2085/3322 1978/3143 1976/3141
f 2085/3322 2084/3321 2086/3323 2087/3324
f 2085/3322 2087/3324 1980/3145 1978/3143
f 2087/3324 2086/3323 2088/3325 2089/3326
f 2087/3324 2089/3326 1982/3147 1980/3145
f 2089/3326 2088/3325 2090/3327 2091/3328
f 2089/3326 2091/3328 1984/3149 1982/3147
f 2091/3328 2090/3327 2092/3329 2093/3330
f 2091/3328 2093/3330 2094/3331 1984/3149
f 2094/3331 2093/3330 2095/3332 2096/3333
f 2094/3334 2096/3335 1989/3157 1987/3156
f 2094/3331 1987/3152 1985/3150 1984/3149
f 2096/3336 2095/3337 2097/3338 2098/3339
f 2096/3336 2098/3339 1991/3161 1989/3160
f 2098/3339 2097/3338 2099/3340 2100/3341
f 2098/3339 2100/3341 1993/3163 1991/3161
f 2100/3341 2099/3340 683/3342 2101/3343
f 2100/3341 2101/3343 1995/3165 1993/3163
f 2101/3344 683/927 682/926 2102/3345
f 2101/3344 2102/3345 1997/3169 1995/3168
f 2102/3346 682/942 690/941 2103/3347
f 2102/3346 2103/3347 1999/3173 1997/3172
f 2103/3347 690/941 679/3348 672/910
f 2103/3347 672/910 671/909 1999/3173
f 2099/3340 2097/3338 2104/3349 2105/3350
f 2099/3340 2105/3350 684/930 683/3342
f 2105/3350 2104/3349 2106/3351 2107/3352
f 2105/3350 2107/3352 685/931 684/930
f 2107/3353 2106/3354 2108/3355 2109/3356
f 2107/3353 2109/3356 733/1037 685/3357
f 2109/3356 2108/3355 2110/3358 2111/3359
f 2109/3356 2111/3359 735/1038 733/1037
f 2111/3359 2110/3358 2112/3360 2113/3361
f 2111/3359 2113/3361 2114/3362 735/1038
f 2114/3362 2113/3361 2115/3363 2116/3364
f 2114/3362 2116/3364 2117/3365 2118/3366
f 2114/3362 2118/3366 734/1034 735/1038
f 2118/3366 2117/3365 2119/3367 736/1040
f 2118/3366 736/1040 687/1035 734/1034
f 2119/3367 2117/3365 2120/3368 2121/3369
f 2119/3367 2121/3369 2122/3370 2123/3371
f 2119/3367 2123/3371 688/1041 736/1040
f 2123/3371 2122/3370 681/3372 680/3373
f 2123/3374 680/3375 689/940 688/939
f 2122/3376 2121/3377 2124/3378 2125/3379
f 2122/3376 2125/3379 2126/3380 681/3381
f 2126/3380 2127/3382 116/3383 681/3381
f 2126/3384 2125/3385 2128/3386 2129/3387
f 2126/3388 2129/3389 2130/3390 2127/3391
f 2130/3390 2131/3392 2132/3393 2127/3391
f 2130/3394 2129/3395 2133/3396 2134/3397
f 2130/3390 2134/3398 2135/3399 2131/3392
f 2135/3399 2136/3400 650/876 649/875
f 2135/3399 649/875 651/877 2131/3392
f 2135/3399 2134/3398 2137/3401 2136/3400
f 2137/3401 2138/3402 2139/3403 2136/3400
f 2137/3404 2134/3397 2133/3396 2140/3405
f 2137/3404 2140/3405 2141/3406 2138/3407
f 2141/3406 2142/3408 2143/3409 2138/3407
f 2141/3410 2140/3411 2144/3412 2145/3413
f 2141/3410 2145/3413 2146/3414 2142/3415
f 2146/3414 2147/3416 2148/3417 2142/3415
f 2146/3418 2145/3419 2149/3420 2150/3421
f 2146/3418 2150/3421 2151/3422 2147/3423
f 2151/3422 2152/3424 2153/3425 2147/3423
f 2151/3422 2150/3421 2154/3426 2155/3427
f 2151/3422 2155/3427 2156/3428 2152/3424
f 2156/3428 2157/3429 2158/3430 2152/3424
f 2156/3428 2155/3427 2159/3431 2160/3432
f 2156/3428 2160/3432 2161/3433 2157/3429
f 2161/3433 2162/3434 2163/3435 2157/3429
f 2161/3433 2160/3432 2164/3436 2165/3437
f 2161/3433 2165/3437 2166/3438 2162/3434
f 2166/3438 2167/3439 2168/3440 2162/3434
f 2166/3438 2165/3437 2169/3441 2170/3442
f 2166/3438 2170/3442 2171/3443 2167/3439
f 2171/3443 2172/3444 2173/3445 2167/3439
f 2171/3443 2170/3442 2174/3446 2175/3447
f 2171/3443 2175/3447 2176/3448 2172/3444
f 2176/3448 2177/3449 2178/3450 2172/3444
f 2176/3448 2175/3447 2179/3451 2180/3452
f 2176/3448 2180/3452 2181/3453 2177/3449
f 2181/3453 2182/3454 2183/3455 2177/3449
f 2181/3456 2180/3457 2184/3458 2185/3459
f 2181/3456 2185/3459 2186/3460 2182/3461
f 2186/3460 2187/3462 2188/3463 2182/3461
f 2186/3460 2185/3459 2189/3464 2190/3465
f 2186/3460 2190/3465 2191/3466 2187/3462
f 2191/3466 2192/3467 2193/3468 2187/3462
f 2191/3466 2190/3465 2194/3469 2195/3470
f 2191/3466 2195/3470 2196/3471 2192/3467
f 2196/3471 2197/3472 2198/3473 2192/3467
f 2196/3471 2195/3470 2065/3294 2063/3292
f 2196/3471 2063/3292 2061/3290 2197/3472
f 2198/3473 2199/3474 2200/3475 2201/3476
f 2198/3473 2201/3476 2193/3468 2192/3467
f 2198/3473 2197/3472 2202/3477 2199/3474
f 2202/3477 2203/3478 2204/3479 2199/3474
f 2202/3477 2197/3472 2061/3290 2059/3288
f 2202/3477 2059/3288 2057/3286 2203/3478
f 2204/3479 2205/3480 2206/3481 2207/3482
f 2204/3479 2207/3482 2200/3475 2199/3474
f 2204/3479 2203/3478 2208/3483 2205/3480
f 2208/3484 2209/3485 2210/3486 2205/3487
f 2208/3483 2203/3478 2057/3286 2055/3285
f 2208/3484 2055/3282 2053/3280 2209/3485
f 2210/3486 2211/3488 2212/3489 2213/3490
f 2210/3486 2213/3490 2206/3491 2205/3487
f 2210/3486 2209/3485 2214/3492 2211/3488
f 2214/3492 2215/3493 2216/3494 2211/3488
f 2214/3492 2209/3485 2053/3280 2051/3278
f 2214/3492 2051/3278 2049/3276 2215/3493
f 2216/3494 2217/3495 2218/3496 2219/3497
f 2216/3494 2219/3497 2212/3489 2211/3488
f 2216/3494 2215/3493 2220/3498 2217/3495
f 2220/3498 2221/3499 2222/3500 2217/3495
f 2220/3498 2215/3493 2049/3276 2047/3274
f 2220/3498 2047/3274 2045/3272 2221/3499
f 2222/3501 2223/3502 2224/3503 2225/3504
f 2222/3500 2225/3505 2218/3496 2217/3495
f 2222/3500 2221/3499 2226/3506 2223/3507
f 2226/3508 2227/3509 2228/3510 2223/3511
f 2226/3506 2221/3499 2045/3272 2044/3271
f 2226/3506 2044/3271 2043/3512 2227/3513
f 2228/3514 2229/3515 2230/3516 2231/3517
f 2228/3514 2231/3517 2224/3518 2223/3519
f 2228/3510 2227/3509 2232/3520 2229/3521
f 2232/3520 2233/3522 2234/3523 2229/3521
f 2232/3520 2227/3509 2043/3268 2235/3524
f 2232/3520 2235/3524 2236/3525 2233/3522
f 2236/3525 2237/3526 2238/3527 2233/3522
f 2236/3525 2235/3524 2040/3263 2239/3528
f 2236/3525 2239/3528 2240/3529 2237/3526
f 2240/3529 2241/3530 2242/3531 2237/3526
f 2240/3529 2239/3528 2037/3257 2243/3532
f 2240/3529 2243/3532 2026/3232 2241/3530
f 2243/3532 2037/3257 2034/3256 2033/3533
f 2243/3532 2033/3533 2027/3233 2026/3232
f 2242/3531 2244/3534 2245/3535 2246/3536
f 2242/3531 2246/3536 2238/3527 2237/3526
f 2242/3531 2241/3530 2023/3228 2244/3534
f 2246/3536 2245/3535 2247/3537 2248/3538
f 2246/3536 2248/3538 2249/3539 2238/3527
f 2249/3540 2248/3541 2250/3542 2251/3543
f 2249/3540 2251/3543 2252/3544 2234/3545
f 2249/3539 2234/3523 2233/3522 2238/3527
f 2252/3544 2251/3543 2253/3546 2254/3547
f 2252/3544 2254/3547 2255/3548 2230/3516
f 2252/3544 2230/3516 2229/3515 2234/3545
f 2255/3548 2254/3547 2256/3549 2257/3550
f 2255/3548 2257/3550 2258/3551 2259/3552
f 2255/3548 2259/3552 2231/3517 2230/3516
f 2259/3552 2258/3551 2260/3553 2261/3554
f 2259/3552 2261/3554 2224/3518 2231/3517
f 2261/3554 2260/3553 2262/3555 2263/3556
f 2261/3554 2263/3556 2225/3557 2224/3518
f 2263/3556 2262/3555 2264/3558 2265/3559
f 2263/3556 2265/3559 2218/3560 2225/3557
f 2265/3559 2264/3558 2266/3561 2267/3562
f 2265/3559 2267/3562 2219/3563 2218/3560
f 2267/3562 2266/3561 2268/3564 2269/3565
f 2267/3562 2269/3565 2212/3566 2219/3563
f 2269/3565 2268/3564 2270/3567 2271/3568
f 2269/3565 2271/3568 2213/3569 2212/3566
f 2271/3568 2270/3567 2272/3570 2273/3571
f 2271/3568 2273/3571 2206/3572 2213/3569
f 2273/3571 2272/3570 2274/3573 2275/3574
f 2273/3571 2275/3574 2207/3575 2206/3572
f 2275/3574 2274/3573 2276/3576 2277/3577
f 2275/3574 2277/3577 2200/3578 2207/3575
f 2277/3577 2276/3576 2278/3579 2279/3580
f 2277/3577 2279/3580 2201/3581 2200/3578
f 2279/3580 2278/3579 2280/3582 2281/3583
f 2279/3584 2281/3585 2193/3468 2201/3476
f 2281/3583 2280/3582 2282/3586 2188/3587
f 2281/3585 2188/3463 2187/3462 2193/3468
f 2282/3586 2280/3582 2283/3588 2284/3589
f 2282/3586 2284/3589 2285/3590 2183/3455
f 2282/3586 2183/3455 2182/3454 2188/3587
f 2285/3590 2284/3589 2286/3591 2287/3592
f 2285/3590 2287/3592 2288/3593 2178/3450
f 2285/3590 2178/3450 2177/3449 2183/3455
f 2288/3594 2287/3595 2289/3596 2290/3597
f 2288/3593 2290/3598 2291/3599 2173/3445
f 2288/3593 2173/3445 2172/3444 2178/3450
f 2291/3599 2290/3598 2292/3600 2293/3601
f 2291/3599 2293/3601 2294/3602 2168/3440
f 2291/3599 2168/3440 2167/3439 2173/3445
f 2294/3602 2293/3601 2295/3603 2296/3604
f 2294/3602 2296/3604 2297/3605 2163/3435
f 2294/3602 2163/3435 2162/3434 2168/3440
f 2297/3606 2296/3607 2298/3608 783/3609
f 2297/3605 2158/3430 2157/3429 2163/3435
f 2298/3610 2299/3611 2300/3612 2301/3613
f 2298/3610 2301/3613 784/1112 783/1111
f 2298/3608 2296/3607 2295/3614 2299/3615
f 2301/3616 2300/3617 2302/3618 2303/3619
f 2301/3616 2303/3619 2304/3620 784/3621
f 2304/3620 2303/3619 2305/3622 2306/3623
f 2304/3620 2306/3623 2307/3624 2308/3625
f 2304/3620 2308/3625 785/3626 784/3621
f 2308/3625 2307/3624 2309/3627 2310/3628
f 2308/3625 2310/3628 2311/3629 785/3626
f 2311/3629 2310/3628 2312/3630 2313/3631
f 2311/3629 2313/3631 2143/3632 2314/3633
f 2311/3629 2314/3633 786/3634 785/3626
f 2314/3635 2143/3409 2142/3408 2148/3636
f 2314/3637 2148/3638 2315/3639 786/3640
f 2315/3641 2148/3417 2147/3416 2153/3642
f 2316/3643 2153/3644 2152/3645 2158/3646
f 2313/3631 2312/3630 2317/3647 2139/3403
f 2313/3631 2139/3403 2138/3402 2143/3632
f 2317/3647 2312/3630 2318/3648 2319/3649
f 2317/3647 2319/3649 646/872 650/876
f 2317/3647 650/876 2136/3400 2139/3403
f 2319/3649 2318/3648 2320/3650 2321/3651
f 2319/3649 2321/3651 647/873 646/872
f 2321/3651 2320/3650 2322/3652 2323/3653
f 2321/3651 2323/3653 2324/3654 647/873
f 2324/3655 2323/3656 2325/3657 2326/3658
f 2324/3655 2326/3658 2327/3659 2328/3660
f 2324/3655 2328/3660 648/3661 647/3662
f 2328/3660 2327/3659 2329/3663 2330/3664
f 2328/3660 2330/3664 651/3665 648/3661
f 2330/3664 2329/3663 675/3666 2132/3667
f 2330/3668 2132/3393 2131/3392 651/877
f 2329/3663 2327/3659 2331/3669 2332/3670
f 2329/3663 2332/3670 676/3671 675/3666
f 2332/3670 2331/3669 2333/3672 2334/3673
f 2332/3674 2334/3675 2335/3676 676/3677
f 2335/3678 2334/3673 2336/3679 2337/3680
f 2335/3678 2337/3680 2338/3681 2339/3682
f 2335/3678 2339/3682 677/3683 676/3671
f 2339/3682 2338/3681 2340/3684 2341/3685
f 2339/3682 2341/3685 2342/3686 677/3683
f 2342/3687 2341/3688 2343/3689 2344/3690
f 2342/3687 2344/3690 2345/3691 2346/3692
f 2342/3687 2346/3692 678/3693 677/3694
f 2346/3692 2345/3691 2347/3695 2348/3696
f 2346/3692 2348/3696 2349/3697 678/3693
f 2349/3698 656/3699 113/920 678/919
f 2349/3697 2348/3696 2350/3700 2351/3701
f 2349/3697 2351/3701 2352/3702 656/3703
f 2352/3704 2353/3705 657/3706 656/3707
f 2352/3702 2351/3701 2354/3708 2355/3709
f 2352/3704 2355/3710 2356/3711 2353/3705
f 2356/3712 2357/3713 2358/3714 2353/3715
f 2356/3711 2355/3710 642/867 636/866
f 2356/3712 636/3716 635/3717 2357/3713
f 2358/3718 2003/3180 2002/3179 2359/3719
f 2358/3714 2359/3720 657/3721 2353/3715
f 2358/3718 2357/3722 2005/3183 2003/3180
f 2359/3723 2002/3177 674/912 673/911
f 2359/3723 673/911 658/887 657/3724
f 2357/3722 635/854 634/853 2005/3183
f 2355/3710 2354/3725 2360/3726 642/867
f 2360/3726 2354/3725 2361/3727 2362/3728
f 2360/3726 2362/3728 2363/3729 2364/3730
f 2360/3726 2364/3730 643/868 642/867
f 2364/3731 2363/3732 2365/3733 2366/3734
f 2364/3730 2366/3735 644/869 643/868
f 2366/3734 2365/3733 2367/3736 2368/3737
f 2366/3734 2368/3737 2369/3738 644/3739
f 2369/3738 2368/3737 2370/3740 2371/3741
f 2369/3738 2371/3741 2372/3742 2373/3743
f 2369/3738 2373/3743 645/3744 644/3739
f 2373/3743 2372/3742 2374/3745 2375/3746
f 2373/3743 2375/3746 2376/3747 645/3744
f 2376/3747 633/849 111/848 645/3744
f 2376/3747 2375/3746 2377/3748 2378/3749
f 2376/3747 2378/3749 637/857 633/849
f 2378/3749 2377/3748 626/839 625/838
f 2378/3749 625/838 2379/3750 637/857
f 2379/3750 613/3751 638/858 637/857
f 2379/3750 625/838 624/837 2380/3752
f 2379/3750 2380/3752 614/3753 613/3751
f 2380/3752 624/837 618/825 620/829
f 2380/3752 620/829 615/831 614/3753
f 2377/3748 2375/3746 2374/3745 2381/3754
f 2377/3748 2381/3754 627/840 626/839
f 2381/3754 2374/3745 2382/3755 2383/3756
f 2381/3754 2383/3756 2384/3757 627/840
f 2384/3758 2383/3759 2385/3760 2386/3761
f 2384/3758 2386/3761 617/3762 616/3763
f 2384/3757 616/827 619/826 627/840
f 2386/3764 2385/3765 2387/3766 2388/3767
f 2386/3764 2388/3767 2389/3768 617/3769
f 2389/3768 2388/3767 632/846 631/845
f 2389/3768 631/845 2390/3770 622/833
f 2389/3768 622/833 106/832 617/3769
f 2390/3770 631/845 630/844 2391/3771
f 2390/3770 2391/3771 2392/3772 2393/3773
f 2390/3770 2393/3773 623/834 622/833
f 2393/3773 2392/3772 606/3774 605/3775
f 2393/3773 605/3775 604/3776 623/834
f 2392/3772 2391/3771 2394/3777 2395/3778
f 2392/3779 2395/3780 2396/3781 606/806
f 2396/3781 2395/3780 2397/3782 2398/3783
f 2396/3781 2398/3783 2399/3784 603/803
f 2396/3781 603/803 600/797 606/806
f 2399/3784 2398/3783 2400/3785 2401/3786
f 2399/3784 2401/3786 2402/3787 2403/3788
f 2399/3784 2403/3788 602/802 603/803
f 2403/3788 2402/3787 2016/3214 2404/3789
f 2403/3788 2404/3789 601/799 602/802
f 2404/3789 2016/3214 2013/3213 2012/3790
f 2404/3789 2012/3790 598/800 601/799
f 2402/3787 2401/3786 2405/3791 2019/3218
f 2402/3787 2019/3218 2017/3215 2016/3214
f 2405/3791 2401/3786 2400/3785 2406/3792
f 2405/3791 2406/3792 2407/3793 2408/3794
f 2405/3791 2408/3794 2020/3219 2019/3218
f 2408/3795 2407/3796 2409/3797 2410/3798
f 2408/3799 2410/3800 2021/3222 2020/3221
f 2410/3798 2409/3797 2245/3535 2244/3534
f 2410/3798 2244/3534 2023/3228 2021/3227
f 2409/3801 2407/3802 2411/3803 2412/3804
f 2409/3797 2412/3805 2247/3537 2245/3535
f 2412/3804 2411/3803 2413/3806 2414/3807
f 2412/3804 2414/3807 2415/3808 2247/3809
f 2415/3808 2414/3807 2416/3810 2417/3811
f 2415/3808 2417/3811 2418/3812 2250/3542
f 2415/3808 2250/3542 2248/3541 2247/3809
f 2418/3812 2417/3811 2419/3813 2420/3814
f 2418/3812 2420/3814 2421/3815 2253/3546
f 2418/3812 2253/3546 2251/3543 2250/3542
f 2421/3815 2420/3814 2422/3816 2423/3817
f 2421/3815 2423/3817 2424/3818 2256/3549
f 2421/3815 2256/3549 2254/3547 2253/3546
f 2424/3818 2423/3817 2425/3819 2426/3820
f 2424/3818 2426/3820 2427/3821 2428/3822
f 2424/3818 2428/3822 2257/3550 2256/3549
f 2428/3822 2427/3821 2429/3823 2430/3824
f 2428/3822 2430/3824 2258/3551 2257/3550
f 2430/3824 2429/3823 2431/3825 2432/3826
f 2430/3824 2432/3826 2260/3553 2258/3551
f 2432/3826 2431/3825 2433/3827 2434/3828
f 2432/3826 2434/3828 2262/3555 2260/3553
f 2434/3828 2433/3827 2435/3829 2436/3830
f 2434/3828 2436/3830 2264/3558 2262/3555
f 2436/3830 2435/3829 2437/3831 2438/3832
f 2436/3830 2438/3832 2266/3561 2264/3558
f 2438/3832 2437/3831 2439/3833 2440/3834
f 2438/3832 2440/3834 2268/3564 2266/3561
f 2440/3834 2439/3833 2441/3835 2442/3836
f 2440/3834 2442/3836 2270/3567 2268/3564
f 2442/3836 2441/3835 2443/3837 2444/3838
f 2442/3836 2444/3838 2272/3570 2270/3567
f 2444/3838 2443/3837 2445/3839 2446/3840
f 2444/3838 2446/3840 2274/3573 2272/3570
f 2446/3840 2445/3839 2447/3841 2448/3842
f 2446/3840 2448/3842 2276/3576 2274/3573
f 2448/3842 2447/3841 2449/3843 2450/3844
f 2448/3842 2450/3844 2278/3579 2276/3576
f 2450/3844 2449/3843 2451/3845 2283/3588
f 2450/3844 2283/3588 2280/3582 2278/3579
f 2451/3845 2449/3843 2452/3846 2453/3847
f 2451/3848 2453/3849 2454/3850 2286/3851
f 2451/3845 2286/3591 2284/3589 2283/3588
f 2454/3850 2453/3849 2455/3852 2456/3853
f 2454/3850 2456/3853 2457/3854 2289/3596
f 2454/3850 2289/3596 2287/3595 2286/3851
f 2457/3854 2456/3853 2458/3855 2459/3856
f 2457/3854 2459/3856 2460/3857 2292/3858
f 2457/3854 2292/3858 2290/3597 2289/3596
f 2460/3857 2459/3856 2461/3859 2462/3860
f 2460/3857 2462/3860 2299/3861 2295/3862
f 2460/3857 2295/3862 2293/3863 2292/3858
f 2462/3864 2461/3865 2463/3866 2464/3867
f 2462/3864 2464/3867 2300/3617 2299/3868
f 2464/3867 2463/3866 2465/3869 2466/3870
f 2464/3867 2466/3870 2302/3618 2300/3617
f 2466/3870 2465/3869 2467/3871 2468/3872
f 2466/3870 2468/3872 2469/3873 2302/3618
f 2469/3874 2468/3875 2470/3876 2471/3877
f 2469/3874 2471/3877 2472/3878 2305/3879
f 2469/3874 2305/3879 2303/3880 2302/3881
f 2472/3878 2471/3877 2473/3882 2474/3883
f 2472/3878 2474/3883 2475/3884 2476/3885
f 2472/3878 2476/3885 2306/3886 2305/3879
f 2476/3885 2475/3884 2477/3887 2478/3888
f 2476/3885 2478/3888 2307/3889 2306/3886
f 2478/3888 2477/3887 2479/3890 2480/3891
f 2478/3892 2480/3893 2309/3627 2307/3624
f 2480/3891 2479/3890 2322/3894 2320/3895
f 2480/3893 2320/3650 2318/3648 2309/3627
f 2479/3890 2477/3887 2481/3896 2482/3897
f 2479/3898 2482/3899 2483/3900 2322/3901
f 2483/3900 2482/3899 2484/3902 2485/3903
f 2483/3900 2485/3903 2486/3904 2325/3657
f 2483/3900 2325/3657 2323/3656 2322/3901
f 2486/3904 2485/3903 2487/3905 2488/3906
f 2486/3904 2488/3906 2489/3907 2490/3908
f 2486/3904 2490/3908 2326/3658 2325/3657
f 2490/3908 2489/3907 2333/3672 2331/3669
f 2490/3908 2331/3669 2327/3659 2326/3658
f 2489/3907 2488/3906 2491/3909 2492/3910
f 2489/3907 2492/3910 2493/3911 2333/3672
f 2493/3912 2492/3913 2494/3914 2495/3915
f 2493/3912 2495/3915 2496/3916 2336/3917
f 2493/3911 2336/3679 2334/3673 2333/3672
f 2496/3916 2495/3915 743/1052 742/1051
f 2496/3916 742/1051 2497/3918 2498/3919
f 2496/3916 2498/3919 2337/3920 2336/3917
f 2498/3919 2497/3918 2499/3921 2500/3922
f 2498/3919 2500/3922 2338/3923 2337/3920
f 2500/3922 2499/3921 2501/3924 2502/3925
f 2500/3922 2502/3925 2340/3926 2338/3923
f 2502/3925 2501/3924 2503/3927 2504/3928
f 2502/3925 2504/3928 2505/3929 2340/3926
f 2505/3929 2504/3928 2506/3930 2507/3931
f 2505/3932 2507/3933 2508/3934 2343/3935
f 2505/3936 2343/3937 2341/3685 2340/3684
f 2508/3934 2507/3933 2509/3938 2510/3939
f 2508/3934 2510/3939 2511/3940 2512/3941
f 2508/3942 2512/3943 2344/3690 2343/3689
f 2512/3943 2511/3944 2513/3945 2514/3946
f 2512/3943 2514/3946 2345/3691 2344/3690
f 2514/3946 2513/3945 2515/3947 2516/3948
f 2514/3946 2516/3948 2347/3695 2345/3691
f 2516/3948 2515/3947 2517/3949 2518/3950
f 2516/3948 2518/3950 2519/3951 2347/3695
f 2519/3951 2350/3700 2348/3696 2347/3695
f 2519/3951 2518/3950 2520/3952 2521/3953
f 2519/3951 2521/3953 2361/3954 2350/3700
f 2521/3955 2520/3956 2522/3957 2523/3958
f 2521/3959 2523/3960 2362/3728 2361/3727
f 2523/3961 2522/3962 2524/3963 2525/3964
f 2523/3961 2525/3964 2363/3732 2362/3965
f 2525/3964 2524/3963 2526/3966 2527/3967
f 2525/3964 2527/3967 2365/3733 2363/3732
f 2527/3967 2526/3966 2528/3968 2529/3969
f 2527/3967 2529/3969 2367/3736 2365/3733
f 2529/3969 2528/3968 2530/3970 2531/3971
f 2529/3969 2531/3971 2532/3972 2367/3736
f 2532/3972 2531/3971 2533/3973 2534/3974
f 2532/3975 2534/3976 2535/3977 2370/3978
f 2532/3972 2370/3740 2368/3737 2367/3736
f 2535/3979 2534/3980 2536/3981 2537/3982
f 2535/3983 2537/3984 2538/3985 2539/3986
f 2535/3977 2539/3987 2371/3988 2370/3978
f 2539/3989 2538/3990 2540/3991 2541/3992
f 2539/3987 2541/3993 2372/3994 2371/3988
f 2541/3992 2540/3991 2542/3995 2382/3996
f 2541/3997 2382/3755 2374/3745 2372/3742
f 2542/3998 2540/3999 2543/4000 2544/4001
f 2542/3998 2544/4001 2387/3766 2385/3765
f 2542/3995 2385/3760 2383/3759 2382/3996
f 2544/4001 2543/4000 2545/4002 2546/4003
f 2544/4001 2546/4003 2547/4004 2387/3766
f 2547/4004 2546/4003 2548/4005 628/842
f 2547/4004 628/842 108/841 632/846
f 2547/4004 632/846 2388/3767 2387/3766
f 2548/4005 2546/4003 2545/4002 2549/4006
f 2548/4005 2549/4006 2550/4007 2551/4008
f 2548/4005 2551/4008 629/843 628/842
f 2551/4008 2550/4007 2552/4009 2553/4010
f 2551/4008 2553/4010 2394/3777 629/843
f 2553/4010 2552/4009 2554/4011 2397/4012
f 2553/4010 2397/4012 2395/3778 2394/3777
f 2554/4011 2552/4009 2555/4013 2556/4014
f 2554/4015 2556/4016 2406/3792 2400/3785
f 2554/4015 2400/3785 2398/3783 2397/3782
f 2556/4014 2555/4013 2413/3806 2411/3803
f 2556/4014 2411/3803 2407/3802 2406/4017
f 2555/4013 2552/4009 2550/4007 2557/4018
f 2555/4013 2557/4018 2558/4019 2413/3806
f 2558/4019 2557/4018 2559/4020 2560/4021
f 2558/4019 2560/4021 2561/4022 2416/3810
f 2558/4019 2416/3810 2414/3807 2413/3806
f 2561/4022 2560/4021 2562/4023 2563/4024
f 2561/4022 2563/4024 2564/4025 2419/3813
f 2561/4022 2419/3813 2417/3811 2416/3810
f 2564/4025 2563/4024 2565/4026 2566/4027
f 2564/4025 2566/4027 2567/4028 2422/3816
f 2564/4025 2422/3816 2420/3814 2419/3813
f 2567/4028 2566/4027 2568/4029 2569/4030
f 2567/4028 2569/4030 2570/4031 2425/3819
f 2567/4028 2425/3819 2423/3817 2422/3816
f 2570/4032 2569/4033 2571/4034 2572/4035
f 2570/4032 2572/4035 2573/4036 2574/4037
f 2570/4031 2574/4038 2426/3820 2425/3819
f 2574/4037 2573/4036 2575/4039 2576/4040
f 2574/4038 2576/4041 2427/3821 2426/3820
f 2576/4042 2575/4043 2577/4044 2578/4045
f 2576/4041 2578/4046 2429/3823 2427/3821
f 2578/4045 2577/4044 2579/4047 2580/4048
f 2578/4045 2580/4048 2431/4049 2429/4050
f 2580/4048 2579/4047 2581/4051 2582/4052
f 2580/4048 2582/4052 2433/4053 2431/4049
f 2582/4052 2581/4051 2583/4054 2584/4055
f 2582/4052 2584/4055 2435/4056 2433/4053
f 2584/4055 2583/4054 2585/4057 2586/4058
f 2584/4055 2586/4058 2437/4059 2435/4056
f 2586/4058 2585/4057 2587/4060 2588/4061
f 2586/4062 2588/4063 2439/3833 2437/3831
f 2588/4063 2587/4064 2589/4065 2590/4066
f 2588/4063 2590/4066 2441/3835 2439/3833
f 2590/4066 2589/4065 2591/4067 2592/4068
f 2590/4066 2592/4068 2443/3837 2441/3835
f 2592/4068 2591/4067 2593/4069 2594/4070
f 2592/4068 2594/4070 2445/3839 2443/3837
f 2594/4070 2593/4069 2595/4071 2596/4072
f 2594/4070 2596/4072 2447/3841 2445/3839
f 2596/4072 2595/4071 2597/4073 2452/3846
f 2596/4072 2452/3846 2449/3843 2447/3841
f 2597/4074 2595/4075 2598/4076 2599/4077
f 2597/4074 2599/4077 2600/4078 2455/3852
f 2597/4073 2455/4079 2453/3847 2452/3846
f 2600/4080 2599/4081 2601/4082 2602/4083
f 2600/4080 2602/4083 2603/4084 2458/4085
f 2600/4078 2458/3855 2456/3853 2455/3852
f 2603/4086 2602/4087 2604/4088 2605/4089
f 2603/4086 2605/4089 2463/3866 2461/3865
f 2603/4084 2461/4090 2459/4091 2458/4085
f 2605/4089 2604/4088 2606/4092 2607/4093
f 2605/4089 2607/4093 2465/3869 2463/3866
f 2607/4093 2606/4092 2608/4094 2609/4095
f 2607/4093 2609/4095 2467/3871 2465/3869
f 2609/4095 2608/4094 2610/4096 2611/4097
f 2609/4095 2611/4097 2612/4098 2467/3871
f 2612/4099 2611/4100 2613/4101 2614/4102
f 2612/4099 2614/4102 2615/4103 2470/3876
f 2612/4099 2470/3876 2468/3875 2467/4104
f 2615/4103 2614/4102 2616/4105 2617/4106
f 2615/4103 2617/4106 2618/4107 2473/3882
f 2615/4103 2473/3882 2471/3877 2470/3876
f 2618/4107 2617/4106 2619/4108 2620/4109
f 2618/4107 2620/4109 2621/4110 2622/4111
f 2618/4107 2622/4111 2474/3883 2473/3882
f 2622/4111 2621/4110 2623/4112 2624/4113
f 2622/4111 2624/4113 2475/3884 2474/3883
f 2624/4113 2623/4112 2625/4114 2481/3896
f 2624/4113 2481/3896 2477/3887 2475/3884
f 2625/4114 2623/4112 2626/4115 2627/4116
f 2625/4117 2627/4118 2628/4119 2484/4120
f 2625/4114 2484/4121 2482/3897 2481/3896
f 2628/4122 2627/4116 2629/4123 2630/4124
f 2628/4125 2630/4126 2631/4127 2487/3905
f 2628/4125 2487/3905 2485/3903 2484/3902
f 2631/4127 2630/4126 2632/4128 2633/4129
f 2631/4127 2633/4129 2634/4130 2491/3909
f 2631/4127 2491/3909 2488/3906 2487/3905
f 2634/4131 2633/4132 2635/4133 2636/4134
f 2634/4131 2636/4134 2637/4135 2494/3914
f 2634/4130 2494/4136 2492/3910 2491/3909
f 2637/4135 2636/4134 2638/4137 709/982
f 2637/4135 709/982 124/978 743/1052
f 2637/4135 743/1052 2495/3915 2494/3914
f 2638/4137 2639/4138 2640/4139 2641/4140
f 2638/4137 2641/4140 710/983 709/982
f 2638/4137 2636/4134 2635/4133 2639/4138
f 2641/4140 2640/4139 2642/4141 2643/4142
f 2641/4140 2643/4142 2644/4143 710/983
f 2644/4143 2643/4142 2645/4144 2646/4145
f 2644/4143 2646/4145 2647/4146 2648/4147
f 2644/4143 2648/4147 706/979 710/983
f 2648/4147 2647/4146 277/214 2649/4148
f 2648/4147 2649/4148 707/980 706/979
f 2649/4148 2650/4149 125/4150 707/980
f 2650/4149 309/257 711/1006 125/4150
f 310/258 309/257 2650/4149 2651/4151
f 2647/4146 2646/4145 2652/4152 2653/4153
f 2647/4146 2653/4153 273/210 277/214
f 2653/4153 2652/4152 2654/4154 2655/4155
f 2653/4153 2655/4155 274/211 273/210
f 2655/4155 2654/4154 2656/4156 2657/4157
f 2655/4155 2657/4157 2658/4158 274/211
f 2658/4158 2659/4159 275/212 274/211
f 2658/4158 2657/4157 2660/4160 2661/4161
f 2658/4158 2661/4161 2662/4162 2659/4159
f 2662/4162 2663/4163 2664/4164 2659/4159
f 2662/4162 2661/4161 2665/4165 2666/4166
f 2662/4162 2666/4166 2667/4167 2663/4163
f 2667/4167 2668/4168 330/292 2663/4163
f 2667/4169 2666/4170 2669/4171 2670/4172
f 2667/4169 2670/4172 2671/4173 2668/4174
f 2671/4175 2672/4176 2673/4177 2668/4168
f 2671/4173 2670/4172 2674/4178 2675/4179
f 2671/4180 2675/4181 2676/4182 2672/4183
f 2676/4182 2677/4184 2678/4185 2672/4183
f 2676/4182 2675/4181 2679/4186 2680/4187
f 2676/4182 2680/4187 2681/4188 2677/4184
f 2681/4188 2682/4189 2683/4190 2677/4184
f 2681/4188 2680/4187 2684/4191 2685/4192
f 2681/4188 2685/4192 2686/4193 2682/4189
f 2686/4193 2687/4194 2688/4195 2682/4189
f 2686/4193 2685/4192 2689/4196 2690/4197
f 2686/4193 2690/4197 2691/4198 2687/4194
f 2691/4198 2515/4199 2513/4200 2687/4194
f 2691/4198 2690/4197 2692/4201 2693/4202
f 2691/4198 2693/4202 2517/4203 2515/4199
f 2693/4202 2692/4201 2694/4204 2695/4205
f 2693/4202 2695/4205 2696/4206 2517/4203
f 2696/4206 2520/3956 2518/4207 2517/4203
f 2696/4206 2695/4205 2697/4208 2698/4209
f 2696/4206 2698/4209 2522/3957 2520/3956
f 2698/4210 2697/4211 2699/4212 2700/4213
f 2698/4210 2700/4213 2524/3963 2522/3962
f 2700/4213 2699/4212 2701/4214 2702/4215
f 2700/4213 2702/4215 2526/3966 2524/3963
f 2702/4215 2701/4214 2703/4216 2704/4217
f 2702/4215 2704/4217 2528/3968 2526/3966
f 2704/4217 2703/4216 2705/4218 2706/4219
f 2704/4217 2706/4219 2530/3970 2528/3968
f 2706/4220 2705/4221 2573/4222 2572/4223
f 2706/4219 2572/4224 2571/4225 2530/3970
f 2705/4218 2703/4216 2707/4226 2708/4227
f 2705/4221 2708/4228 2575/4229 2573/4222
f 2708/4227 2707/4226 2709/4230 2710/4231
f 2708/4228 2710/4232 2577/4233 2575/4229
f 2710/4231 2709/4230 2711/4234 2712/4235
f 2710/4232 2712/4236 2579/4237 2577/4233
f 2712/4235 2711/4234 2713/4238 2714/4239
f 2712/4240 2714/4241 2581/4051 2579/4047
f 2714/4239 2713/4238 2715/4242 2716/4243
f 2714/4241 2716/4244 2583/4054 2581/4051
f 2716/4245 2715/4246 2717/4247 2718/4248
f 2716/4244 2718/4249 2585/4057 2583/4054
f 2718/4248 2717/4247 2719/4250 2720/4251
f 2718/4249 2720/4252 2587/4060 2585/4057
f 2720/4251 2719/4250 2721/4253 2722/4254
f 2720/4252 2722/4255 2589/4256 2587/4060
f 2722/4254 2721/4253 2723/4257 2724/4258
f 2722/4255 2724/4259 2591/4260 2589/4256
f 2724/4258 2723/4257 2725/4261 2726/4262
f 2724/4259 2726/4263 2593/4264 2591/4260
f 2726/4265 2725/4266 2727/4267 2598/4268
f 2726/4263 2598/4269 2595/4270 2593/4264
f 2727/4271 2725/4272 2728/4273 2729/4274
f 2727/4271 2729/4274 2730/4275 2601/4276
f 2727/4267 2601/4082 2599/4081 2598/4268
f 2730/4275 2729/4274 2731/4277 2732/4278
f 2730/4275 2732/4278 2606/4092 2604/4088
f 2730/4275 2604/4088 2602/4087 2601/4276
f 2732/4278 2731/4277 2733/4279 2734/4280
f 2732/4278 2734/4280 2608/4094 2606/4092
f 2734/4281 2733/4282 2735/4283 2736/4284
f 2734/4280 2736/4285 2610/4096 2608/4094
f 2736/4286 2735/4287 2737/4288 2738/4289
f 2736/4286 2738/4289 2739/4290 2610/4291
f 2739/4290 2738/4289 2740/4292 2741/4293
f 2739/4290 2741/4293 2742/4294 2613/4295
f 2739/4290 2613/4295 2611/4296 2610/4291
f 2742/4294 2741/4293 2743/4297 2744/4298
f 2742/4294 2744/4298 2745/4299 2616/4300
f 2742/4294 2616/4300 2614/4301 2613/4295
f 2745/4299 2744/4298 2746/4302 2747/4303
f 2745/4304 2747/4305 2748/4306 2619/4108
f 2745/4304 2619/4108 2617/4106 2616/4105
f 2748/4306 2747/4305 2749/4307 2750/4308
f 2748/4306 2750/4308 781/1110 2751/4309
f 2748/4306 2751/4309 2620/4109 2619/4108
f 2751/4309 781/1110 778/1107 2752/4310
f 2751/4309 2752/4310 2621/4110 2620/4109
f 2752/4310 778/1107 777/1106 2626/4115
f 2752/4310 2626/4115 2623/4112 2621/4110
f 2750/4308 2749/4307 2753/4311 2754/4312
f 2750/4308 2754/4312 779/1108 781/1110
f 2754/4312 2753/4311 2755/4313 2756/4314
f 2754/4312 2756/4314 780/1109 779/1108
f 2756/4315 2755/4316 2757/4317 2758/4318
f 2756/4315 2758/4318 2759/4319 780/4320
f 2759/4319 2758/4318 2760/4321 2761/4322
f 2759/4319 2761/4322 2632/4323 2762/4324
f 2759/4319 2762/4324 776/4325 780/4320
f 2762/4326 2632/4327 2630/4124 2629/4123
f 2762/4326 2629/4123 777/1106 776/1105
f 2761/4322 2760/4321 2639/4138 2635/4133
f 2761/4322 2635/4133 2633/4132 2632/4323
f 2760/4321 2758/4318 2757/4317 2763/4328
f 2760/4321 2763/4328 2640/4139 2639/4138
f 2763/4328 2757/4317 2764/4329 2765/4330
f 2763/4328 2765/4330 2642/4141 2640/4139
f 2765/4330 2764/4329 2766/4331 2767/4332
f 2765/4330 2767/4332 2768/4333 2642/4141
f 2768/4333 2767/4332 256/184 255/183
f 2768/4333 255/183 259/187 2645/4144
f 2768/4333 2645/4144 2643/4142 2642/4141
f 2767/4332 2766/4331 2769/4334 256/184
f 2769/4334 2770/4335 257/185 256/184
f 2769/4334 2766/4331 2771/4336 2772/4337
f 2769/4334 2772/4337 2773/4338 2770/4335
f 2773/4338 2774/4339 2775/4340 2770/4335
f 2773/4341 2772/4342 2776/4343 2777/4344
f 2773/4341 2777/4344 2778/4345 2774/4346
f 2778/4345 2779/4347 2780/4348 2774/4346
f 2778/4349 2777/4350 2781/4351 2782/4352
f 2778/4345 2782/4353 2783/4354 2779/4347
f 2783/4354 2784/4355 2785/4356 2779/4347
f 2783/4354 2782/4353 2786/4357 2787/4358
f 2783/4354 2787/4358 2788/4359 2784/4355
f 2788/4359 2789/4360 2790/4361 2784/4355
f 2788/4359 2787/4358 2791/4362 2792/4363
f 2788/4359 2792/4363 2793/4364 2789/4360
f 2793/4364 2794/4365 2795/4366 2789/4360
f 2793/4364 2792/4363 2796/4367 2797/4368
f 2793/4364 2797/4368 2798/4369 2794/4365
f 2798/4369 2799/4370 2800/4371 2794/4365
f 2798/4369 2797/4368 2801/4372 2802/4373
f 2798/4369 2802/4373 2803/4374 2799/4370
f 2803/4375 2804/4376 2805/4377 2799/4378
f 2803/4374 2802/4373 2806/4379 2807/4380
f 2803/4375 2807/4381 2808/4382 2804/4376
f 2808/4382 2809/4383 2810/4384 2804/4376
f 2808/4382 2807/4381 2811/4385 2812/4386
f 2808/4382 2812/4386 2813/4387 2809/4383
f 2813/4387 2814/4388 2815/4389 2809/4383
f 2813/4390 2812/4391 2816/4392 2817/4393
f 2813/4390 2817/4393 2818/4394 2814/4395
f 2818/4394 2819/4396 2820/4397 2814/4395
f 2818/4394 2817/4393 2821/4398 2822/4399
f 2818/4394 2822/4399 2823/4400 2819/4396
f 2823/4400 2701/4214 2699/4212 2819/4396
f 2823/4400 2822/4399 2709/4230 2707/4226
f 2823/4400 2707/4226 2703/4216 2701/4214
f 2822/4399 2821/4398 2711/4234 2709/4230
f 2821/4398 2817/4393 2816/4392 2824/4401
f 2821/4398 2824/4401 2713/4238 2711/4234
f 2824/4401 2816/4392 2825/4402 2826/4403
f 2824/4401 2826/4403 2715/4242 2713/4238
f 2826/4403 2825/4402 2827/4404 2828/4405
f 2826/4403 2828/4405 2717/4406 2715/4242
f 2828/4405 2827/4404 2829/4407 2830/4408
f 2828/4405 2830/4408 2719/4409 2717/4406
f 2830/4408 2829/4407 2831/4410 2832/4411
f 2830/4408 2832/4411 2721/4412 2719/4409
f 2832/4411 2831/4410 2833/4413 2834/4414
f 2832/4411 2834/4414 2723/4415 2721/4412
f 2834/4414 2833/4413 2835/4416 2728/4273
f 2834/4414 2728/4273 2725/4272 2723/4415
f 2835/4416 2833/4413 2836/4417 2837/4418
f 2835/4416 2837/4418 2733/4279 2731/4277
f 2835/4416 2731/4277 2729/4274 2728/4273
f 2837/4419 2836/4420 2838/4421 2839/4422
f 2837/4419 2839/4422 2735/4283 2733/4282
f 2839/4422 2838/4421 2840/4423 2841/4424
f 2839/4422 2841/4424 2737/4425 2735/4283
f 2841/4424 2840/4423 2842/4426 2843/4427
f 2841/4428 2843/4429 2844/4430 2737/4288
f 2844/4430 2843/4429 2845/4431 2846/4432
f 2844/4430 2846/4432 2847/4433 2740/4292
f 2844/4430 2740/4292 2738/4289 2737/4288
f 2847/4433 2846/4432 2848/4434 2849/4435
f 2847/4433 2849/4435 2850/4436 2743/4297
f 2847/4433 2743/4297 2741/4293 2740/4292
f 2850/4436 2849/4435 2851/4437 2852/4438
f 2850/4436 2852/4438 2853/4439 2746/4302
f 2850/4436 2746/4302 2744/4298 2743/4297
f 2853/4439 2852/4438 2854/4440 2855/4441
f 2853/4442 2855/4443 2753/4311 2749/4307
f 2853/4439 2749/4444 2747/4303 2746/4302
f 2855/4443 2854/4445 2771/4446 2856/4447
f 2855/4443 2856/4447 2755/4313 2753/4311
f 2856/4448 2771/4336 2766/4331 2764/4329
f 2856/4448 2764/4329 2757/4317 2755/4316
f 2854/4449 2776/4450 2772/4337 2771/4336
f 2854/4440 2852/4438 2851/4437 2776/4451
f 2851/4437 2781/4351 2777/4350 2776/4451
f 2851/4437 2849/4435 2848/4434 2781/4351
f 2848/4434 2786/4452 2782/4352 2781/4351
f 2848/4434 2846/4432 2845/4431 2786/4452
f 2845/4453 2791/4362 2787/4358 2786/4357
f 2845/4453 2843/4427 2842/4426 2791/4362
f 2842/4426 2796/4367 2792/4363 2791/4362
f 2842/4426 2840/4423 2857/4454 2796/4367
f 2857/4454 2801/4372 2797/4368 2796/4367
f 2857/4454 2840/4423 2838/4421 2858/4455
f 2857/4454 2858/4455 2859/4456 2801/4372
f 2859/4456 2806/4379 2802/4373 2801/4372
f 2859/4456 2858/4455 2860/4457 2861/4458
f 2859/4456 2861/4458 2862/4459 2806/4379
f 2862/4459 2811/4460 2807/4380 2806/4379
f 2862/4459 2861/4458 2829/4461 2827/4462
f 2862/4459 2827/4462 2825/4463 2811/4460
f 2861/4458 2860/4457 2831/4464 2829/4461
f 2860/4457 2858/4455 2838/4421 2836/4420
f 2860/4457 2836/4420 2833/4465 2831/4464
f 2825/4402 2816/4392 2812/4391 2811/4466
f 2820/4467 2697/4208 2695/4205 2694/4204
f 2820/4467 2694/4204 2815/4389 2814/4388
f 2820/4397 2819/4396 2699/4212 2697/4211
f 2815/4389 2694/4204 2692/4201 2863/4468
f 2815/4389 2863/4468 2810/4384 2809/4383
f 2863/4468 2692/4201 2690/4197 2689/4196
f 2863/4468 2689/4196 2864/4469 2810/4384
f 2864/4469 2689/4196 2685/4192 2684/4191
f 2864/4469 2684/4191 2865/4470 2805/4377
f 2864/4469 2805/4377 2804/4376 2810/4384
f 2865/4470 2684/4191 2680/4187 2679/4186
f 2865/4470 2679/4186 2866/4471 2800/4472
f 2865/4470 2800/4472 2799/4378 2805/4377
f 2866/4471 2679/4186 2675/4181 2674/4473
f 2866/4474 2674/4178 2867/4475 2795/4366
f 2866/4474 2795/4366 2794/4365 2800/4371
f 2867/4475 2674/4178 2670/4172 2669/4171
f 2867/4475 2669/4171 2868/4476 2790/4361
f 2867/4475 2790/4361 2789/4360 2795/4366
f 2868/4476 2669/4171 2666/4170 2665/4477
f 2868/4476 2665/4477 2869/4478 2785/4356
f 2868/4476 2785/4356 2784/4355 2790/4361
f 2869/4479 2665/4165 2661/4161 2660/4160
f 2869/4479 2660/4160 2870/4480 2780/4481
f 2869/4478 2780/4348 2779/4347 2785/4356
f 2870/4480 2660/4160 2657/4157 2656/4156
f 2870/4480 2656/4156 260/188 2775/4340
f 2870/4480 2775/4340 2774/4339 2780/4481
f 2775/4340 260/188 257/185 2770/4335
f 2688/4195 2511/3940 2510/3939 2871/4482
f 2688/4195 2871/4482 2683/4190 2682/4189
f 2688/4195 2687/4194 2513/4200 2511/3940
f 2871/4482 2510/3939 2509/3938 2872/4483
f 2871/4482 2872/4483 2873/4484 2683/4190
f 2873/4485 2872/4486 2874/4487 2875/4488
f 2873/4485 2875/4488 2876/4489 2678/4490
f 2873/4484 2678/4185 2677/4184 2683/4190
f 2876/4489 2875/4488 2877/4491 2878/4492
f 2876/4489 2878/4492 331/293 2673/4177
f 2876/4489 2673/4177 2672/4176 2678/4490
f 2878/4492 2877/4491 2879/4493 281/221
f 2878/4492 281/221 40/220 331/293
f 2879/4493 2880/4494 312/262 319/271
f 2879/4493 319/271 279/217 281/221
f 2879/4493 2877/4491 2881/4495 2880/4494
f 2881/4495 2882/4496 2883/4497 2880/4494
f 2881/4495 2877/4491 2875/4488 2874/4487
f 2881/4495 2874/4487 2884/4498 2882/4496
f 2884/4498 2506/3930 2885/4499 2882/4496
f 2884/4498 2874/4487 2872/4486 2509/4500
f 2884/4498 2509/4500 2507/3931 2506/3930
f 2885/4499 2503/3927 2886/4501 2887/4502
f 2885/4499 2887/4502 2883/4497 2882/4496
f 2885/4499 2506/3930 2504/3928 2503/3927
f 2887/4502 2886/4501 129/1028 316/266
f 2887/4502 316/266 313/263 2883/4497
f 2886/4501 2888/4503 731/4504 129/1028
f 2886/4501 2503/3927 2501/3924 2888/4503
f 2888/4503 2889/4505 2890/4506 731/4504
f 2888/4503 2501/3924 2499/3921 2889/4505
f 2890/4507 740/4508 2891/4509 2892/4510
f 2890/4507 2892/4510 732/1030 731/1029
f 2890/4506 2889/4505 741/4511 740/4512
f 2892/4513 2891/4514 2893/4515 2894/4516
f 2892/4513 2894/4516 2895/4517 732/4518
f 2895/4517 2894/4516 2896/4519 2897/4520
f 2895/4517 2897/4520 2898/4521 2899/4522
f 2895/4517 2899/4522 727/4523 732/4518
f 2899/4522 2898/4521 2900/4524 2901/4525
f 2899/4522 2901/4525 728/4526 727/4523
f 2901/4527 2900/4528 2902/4529 2903/4530
f 2901/4527 2903/4530 730/1026 728/1025
f 2903/4531 2902/4532 2904/4533 2905/4534
f 2903/4531 2905/4534 2906/4535 730/4536
f 2906/4535 2905/4534 2907/4537 2908/4538
f 2906/4535 2908/4538 2909/4539 2910/4540
f 2906/4535 2910/4540 729/4541 730/4536
f 2910/4540 2909/4539 725/4542 724/4543
f 2910/4544 724/4545 726/4546 729/4547
f 2909/4539 2908/4538 2911/4548 738/4549
f 2909/4539 738/4549 737/4550 725/4542
f 2911/4548 2908/4538 2907/4537 2912/4551
f 2911/4552 2912/4553 2913/4554 2914/4555
f 2911/4552 2914/4555 739/1045 738/1044
f 2914/4556 2913/4557 2893/4515 2891/4514
f 2914/4558 2891/4559 740/4560 739/4561
f 2913/4554 2912/4553 2915/4562 2916/4563
f 2913/4557 2916/4564 2917/4565 2893/4515
f 2917/4565 2916/4564 2918/4566 2919/4567
f 2917/4565 2919/4567 2920/4568 2896/4519
f 2917/4565 2896/4519 2894/4516 2893/4515
f 2920/4568 2919/4567 2921/4569 2922/4570
f 2920/4568 2922/4570 2923/4571 2924/4572
f 2920/4568 2924/4572 2897/4520 2896/4519
f 2924/4572 2923/4571 2925/4573 2926/4574
f 2924/4572 2926/4574 2898/4521 2897/4520
f 2926/4575 2925/4576 2927/4577 2928/4578
f 2926/4575 2928/4578 2900/4579 2898/4580
f 2928/4581 2927/4582 2929/4583 2930/4584
f 2928/4581 2930/4584 2902/4529 2900/4528
f 2930/4585 2929/4586 2931/4587 2932/4588
f 2930/4585 2932/4588 2904/4533 2902/4532
f 2932/4588 2931/4587 2933/4589 2934/4590
f 2932/4588 2934/4590 2935/4591 2904/4533
f 2935/4591 2934/4590 2936/4592 2915/4593
f 2935/4591 2915/4593 2912/4551 2907/4537
f 2935/4591 2907/4537 2905/4534 2904/4533
f 2936/4592 2934/4590 2933/4589 2937/4594
f 2936/4592 2937/4594 2938/4595 2918/4596
f 2936/4592 2918/4596 2916/4597 2915/4593
f 2938/4595 2937/4594 2939/4598 2940/4599
f 2938/4600 2940/4601 2941/4602 2921/4569
f 2938/4600 2921/4569 2919/4567 2918/4566
f 2941/4602 2940/4601 697/958 696/957
f 2941/4602 696/957 2942/4603 2943/4604
f 2941/4602 2943/4604 2922/4570 2921/4569
f 2943/4604 2942/4603 703/4605 2944/4606
f 2943/4604 2944/4606 2923/4571 2922/4570
f 2944/4607 703/974 702/973 2945/4608
f 2944/4606 2945/4609 2925/4573 2923/4571
f 2945/4608 702/973 701/972 2946/4610
f 2945/4608 2946/4610 2927/4577 2925/4576
f 2946/4611 701/968 700/967 2947/4612
f 2946/4611 2947/4612 2929/4583 2927/4582
f 2947/4613 700/977 705/976 2948/4614
f 2947/4613 2948/4614 2931/4587 2929/4586
f 2948/4614 705/976 704/975 2949/4615
f 2948/4614 2949/4615 2933/4589 2931/4587
f 2949/4615 704/975 698/961 2939/4598
f 2949/4615 2939/4598 2937/4594 2933/4589
f 2942/4603 696/957 691/956 694/4616
f 2942/4603 694/4616 699/4617 703/4605
f 2940/4618 2939/4619 698/4620 697/4621
f 2889/4505 2499/3921 2497/3918 741/4511
f 2883/4497 313/263 312/262 2880/4494
f 2673/4177 331/293 330/292 2668/4168
f 2664/4164 278/215 275/212 2659/4159
f 2664/4164 2663/4163 330/292 30/216
f 2656/4156 2654/4154 258/186 260/188
f 2654/4154 2652/4152 259/187 258/186
f 2652/4152 2646/4145 2645/4144 259/187
f 2629/4123 2627/4116 2626/4115 777/1106
f 2571/4225 2533/3973 2531/3971 2530/3970
f 2571/4034 2569/4033 2568/4622 2533/4623
f 2568/4622 2536/3981 2534/3980 2533/4623
f 2568/4029 2566/4027 2565/4026 2536/4624
f 2565/4026 2950/4625 2537/3984 2536/4624
f 2565/4026 2563/4024 2562/4023 2950/4625
f 2950/4625 2951/4626 2538/3985 2537/3984
f 2950/4625 2562/4023 2952/4627 2951/4626
f 2952/4627 2545/4002 2543/4000 2951/4626
f 2952/4627 2562/4023 2560/4021 2559/4020
f 2952/4627 2559/4020 2549/4006 2545/4002
f 2951/4626 2543/4000 2540/3999 2538/3985
f 2559/4020 2557/4018 2550/4007 2549/4006
f 2497/3918 742/1051 133/1050 741/4511
f 2394/3777 2391/3771 630/844 629/843
f 2361/3954 2354/3708 2351/3701 2350/3700
f 2318/3648 2312/3630 2310/3628 2309/3627
f 2241/3530 2026/3232 2024/3229 2023/3228
f 2239/3528 2040/3263 2038/3258 2037/3257
f 2235/3524 2043/3268 2041/3264 2040/3263
f 2195/3470 2194/3469 2067/3296 2065/3294
f 2194/3469 2190/3465 2189/3464 2953/4628
f 2194/3469 2953/4628 2069/3298 2067/3296
f 2953/4628 2189/3464 2954/4629 2955/4630
f 2953/4628 2955/4630 2956/4631 2069/3298
f 2956/4631 2955/4630 2957/4632 2958/4633
f 2956/4631 2958/4633 2959/4634 2072/3301
f 2956/4631 2072/3301 2070/3299 2069/3298
f 2959/4635 2958/4636 2960/4637 2961/4638
f 2959/4635 2961/4638 2962/4639 2075/4640
f 2959/4634 2075/3305 2073/3302 2072/3301
f 2962/4639 2961/4638 2963/4641 2964/4642
f 2962/4639 2964/4642 2080/4643 2078/4644
f 2962/4639 2078/4644 2076/4645 2075/4640
f 2964/4642 2963/4641 2965/4646 2966/4647
f 2964/4642 2966/4647 2082/4648 2080/4643
f 2966/4647 2965/4646 2967/4649 2968/4650
f 2966/4647 2968/4650 2084/4651 2082/4648
f 2968/4650 2967/4649 2969/4652 2970/4653
f 2968/4654 2970/4655 2086/4656 2084/4657
f 2970/4653 2969/4652 2971/4658 2972/4659
f 2970/4655 2972/4660 2088/4661 2086/4656
f 2972/4659 2971/4658 2973/4662 2974/4663
f 2972/4660 2974/4664 2090/4665 2088/4661
f 2974/4663 2973/4662 2975/4666 2976/4667
f 2974/4664 2976/4668 2092/4669 2090/4665
f 2976/4667 2975/4666 2977/4670 2978/4671
f 2976/4668 2978/4672 2979/4673 2092/4669
f 2979/4674 2978/4675 2106/3351 2104/3349
f 2979/4674 2104/3349 2097/3338 2095/3337
f 2979/4676 2095/3332 2093/3330 2092/3329
f 2978/4671 2977/4670 2108/3355 2106/3354
f 2977/4670 2975/4666 2980/4677 2981/4678
f 2977/4670 2981/4678 2110/3358 2108/3355
f 2981/4678 2980/4677 2982/4679 2983/4680
f 2981/4678 2983/4680 2112/3360 2110/3358
f 2983/4680 2982/4679 2984/4681 2985/4682
f 2983/4680 2985/4682 2986/4683 2112/3360
f 2986/4683 2985/4682 2987/4684 2988/4685
f 2986/4683 2988/4685 2989/4686 2115/3363
f 2986/4683 2115/3363 2113/3361 2112/3360
f 2989/4686 2988/4685 654/880 2990/4687
f 2989/4686 2990/4687 2991/4688 2992/4689
f 2989/4686 2992/4689 2116/3364 2115/3363
f 2992/4689 2991/4688 2993/4690 2120/3368
f 2992/4689 2120/3368 2117/3365 2116/3364
f 2993/4690 2124/4691 2121/3369 2120/3368
f 2993/4692 2991/4693 2994/4694 2995/4695
f 2993/4696 2995/4697 2996/4698 2124/4699
f 2996/4698 2128/3386 2125/3385 2124/4699
f 2996/4700 2995/4695 2997/4701 2998/4702
f 2996/4698 2998/4703 2999/4704 2128/3386
f 2999/4704 2144/4705 2140/4706 2133/4707
f 2999/4704 2133/4707 2129/3387 2128/3386
f 2999/4708 2998/4702 3000/4709 2144/4710
f 3000/4709 2149/3420 2145/3419 2144/4710
f 3000/4709 2998/4702 2997/4701 3001/4711
f 3000/4709 3001/4711 3002/4712 2149/3420
f 3002/4712 2154/3426 2150/3421 2149/3420
f 3002/4712 3001/4711 3003/4713 3004/4714
f 3002/4712 3004/4714 3005/4715 2154/3426
f 3005/4715 2159/3431 2155/3427 2154/3426
f 3005/4715 3004/4714 3006/4716 3007/4717
f 3005/4715 3007/4717 3008/4718 2159/3431
f 3008/4718 2164/3436 2160/3432 2159/3431
f 3008/4718 3007/4717 3009/4719 3010/4720
f 3008/4718 3010/4720 3011/4721 2164/3436
f 3011/4721 2169/3441 2165/3437 2164/3436
f 3011/4721 3010/4720 3012/4722 3013/4723
f 3011/4721 3013/4723 3014/4724 2169/3441
f 3014/4724 2174/3446 2170/3442 2169/3441
f 3014/4725 3013/4726 3015/4727 3016/4728
f 3014/4725 3016/4728 3017/4729 2174/4730
f 3017/4729 2179/4731 2175/4732 2174/4730
f 3017/4729 3016/4728 3018/4733 3019/4734
f 3017/4729 3019/4734 3020/4735 2179/4731
f 3020/4735 2184/4736 2180/4737 2179/4731
f 3020/4735 3019/4734 3021/4738 3022/4739
f 3020/4740 3022/4741 2954/4629 2184/3458
f 3022/4739 3021/4738 3023/4742 2957/4743
f 3022/4741 2957/4632 2955/4630 2954/4629
f 3023/4742 3021/4738 3024/4744 3025/4745
f 3023/4742 3025/4745 3026/4746 2960/4637
f 3023/4742 2960/4637 2958/4636 2957/4743
f 3026/4746 3025/4745 3027/4747 3028/4748
f 3026/4746 3028/4748 2965/4646 2963/4641
f 3026/4746 2963/4641 2961/4638 2960/4637
f 3028/4748 3027/4747 3029/4749 3030/4750
f 3028/4748 3030/4750 2967/4649 2965/4646
f 3030/4750 3029/4749 3031/4751 3032/4752
f 3030/4750 3032/4752 2969/4652 2967/4649
f 3032/4752 3031/4751 3033/4753 3034/4754
f 3032/4752 3034/4754 2971/4658 2969/4652
f 3034/4754 3033/4753 3035/4755 3036/4756
f 3034/4754 3036/4756 2973/4662 2971/4658
f 3036/4756 3035/4755 2982/4679 2980/4677
f 3036/4756 2980/4677 2975/4666 2973/4662
f 3035/4755 3033/4753 3037/4757 3038/4758
f 3035/4755 3038/4758 2984/4681 2982/4679
f 3038/4758 3037/4757 3039/4759 3040/4760
f 3038/4758 3040/4760 3041/4761 2984/4681
f 3041/4761 3040/4760 3042/4762 3043/4763
f 3041/4761 3043/4763 655/881 2987/4684
f 3041/4761 2987/4684 2985/4682 2984/4681
f 3043/4763 3042/4762 3044/4764 3045/4765
f 3043/4763 3045/4765 652/878 655/881
f 3045/4766 3044/4767 3046/4768 3047/4769
f 3045/4766 3047/4769 653/4770 652/4771
f 3047/4769 3046/4768 3048/4772 3049/4773
f 3047/4769 3049/4773 3050/4774 653/4770
f 3050/4774 3049/4773 3051/4775 2994/4694
f 3050/4774 2994/4694 2991/4693 2990/4776
f 3050/4777 2990/4687 654/880 653/879
f 3051/4775 3003/4713 3001/4711 2997/4701
f 3051/4775 2997/4701 2995/4695 2994/4694
f 3051/4775 3049/4773 3048/4772 3003/4713
f 3048/4772 3006/4716 3004/4714 3003/4713
f 3048/4772 3046/4768 3052/4778 3006/4716
f 3052/4778 3009/4719 3007/4717 3006/4716
f 3052/4778 3046/4768 3044/4767 3053/4779
f 3052/4778 3053/4779 3054/4780 3009/4719
f 3054/4780 3012/4722 3010/4720 3009/4719
f 3054/4781 3053/4782 3055/4783 3056/4784
f 3054/4781 3056/4784 3057/4785 3012/4786
f 3057/4785 3015/4727 3013/4726 3012/4786
f 3057/4785 3056/4784 3058/4787 3059/4788
f 3057/4785 3059/4788 3060/4789 3015/4727
f 3060/4789 3018/4733 3016/4728 3015/4727
f 3060/4789 3059/4788 3061/4790 3062/4791
f 3060/4789 3062/4791 3024/4744 3018/4733
f 3062/4791 3061/4790 3029/4749 3027/4747
f 3062/4791 3027/4747 3025/4745 3024/4744
f 3061/4790 3059/4788 3058/4787 3063/4792
f 3061/4790 3063/4792 3031/4751 3029/4749
f 3063/4792 3058/4787 3039/4759 3037/4757
f 3063/4792 3037/4757 3033/4753 3031/4751
f 3058/4787 3056/4784 3055/4783 3039/4759
f 3055/4783 3053/4782 3044/4764 3042/4762
f 3055/4783 3042/4762 3040/4760 3039/4759
f 3024/4744 3021/4738 3019/4734 3018/4733
f 2988/4685 2987/4684 655/881 654/880
f 2954/4629 2189/3464 2185/3459 2184/3458
f 2132/4793 675/914 116/913 2127/4794
f 2012/4795 2011/4796 599/4797 598/4798
f 2000/3174 1999/3173 671/909 674/912
f 1918/3044 1914/3035 664/896 663/895
f 1912/3032 1911/3031 670/906 665/897
f 1833/4799 1831/2921 1830/2920 594/4800
f 1830/2920 3064/4801 586/4802 594/4800
f 1830/2920 1828/2918 1827/2917 3064/4801
f 3064/4803 3065/4804 587/774 586/773
f 3064/4803 1827/4805 1821/4806 3065/4804
f 3065/4804 1818/2903 588/775 587/774
f 3065/4804 1821/4806 1819/2904 1818/2903
f 1827/2917 1824/2914 1822/2910 1821/2909
f 1618/2579 1616/2575 1615/2574 823/1184
f 1615/2574 800/1141 803/1145 823/1184
f 1615/2574 1613/2573 801/1142 800/1141
f 1611/4807 1610/4808 802/1143 801/1142
f 1610/4808 3066/4809 3067/4810 802/1143
f 1610/2564 1608/2561 1607/2560 3066/4811
f 3066/4809 1463/2280 1461/2276 3067/4810
f 3066/4811 1607/2560 1466/2285 1463/2284
f 1607/2560 1605/2552 3068/4812 1466/2285
f 3068/4812 1469/2290 1467/2286 1466/2285
f 3068/4812 1605/2552 1603/2550 1602/2549
f 3068/4812 1602/2549 3069/4813 1469/2290
f 3069/4813 1473/2296 1470/2291 1469/2290
f 3069/4813 1602/2549 1600/2547 3070/4814
f 3069/4813 3070/4814 3071/4815 1473/2296
f 3071/4815 1477/2303 1474/2297 1473/2296
f 3071/4815 3070/4814 3072/4816 3073/4817
f 3071/4815 3073/4817 3074/4818 1477/2303
f 3074/4818 1480/4819 1478/2304 1477/2303
f 3074/4818 3073/4817 3075/4820 3076/4821
f 3074/4818 3076/4821 1482/4822 1480/4819
f 3076/4821 3075/4820 3077/4823 3078/4824
f 3076/4821 3078/4824 1484/4825 1482/4822
f 3078/4824 3077/4823 1590/4826 3079/4827
f 3078/4824 3079/4827 1486/4828 1484/4825
f 3079/4829 1590/2530 1588/2529 1587/4830
f 3079/4829 1587/4830 1488/2317 1486/2316
f 3077/4823 3075/4820 3080/4831 1593/2536
f 3077/4823 1593/2536 1591/2535 1590/4826
f 3080/4831 3075/4820 3073/4817 3072/4816
f 3080/4831 3072/4816 1598/2545 1596/2540
f 3080/4831 1596/2540 1594/2537 1593/2536
f 3072/4816 3070/4814 1600/2547 1598/2545
f 1587/2522 1585/2519 1490/2321 1488/2320
f 1476/2301 847/1219 843/1214 842/1213
f 1472/2295 842/4832 838/1207 828/1192
f 1461/2276 1460/2275 815/4833 3067/4810
f 1460/4834 1459/2732 153/1154 815/4835
f 1428/4836 1425/2203 1423/2202 1422/4837
f 1386/4838 1384/4839 481/4840 480/4841
f 1382/2127 509/614 475/613 481/4842
f 1379/2122 1377/2119 510/615 509/614
f 1281/1962 1277/1956 1168/1784 1166/1781
f 1273/1952 1171/1789 1169/1785 1168/1784
f 1270/1951 1269/4843 1172/1790 1171/1789
f 1269/1943 1267/1942 3081/4844 3082/4845
f 1269/4846 3082/4847 1173/1792 1172/1791
f 3082/4845 3081/4844 3083/4848 3084/4849
f 3082/4847 3084/4850 1175/1794 1173/1792
f 3084/4850 3083/4851 744/4852 747/4853
f 3084/4850 747/4853 3085/4854 1175/1794
f 3085/4855 747/4856 746/4857 3086/4858
f 3085/4855 3086/4858 3087/4859 1178/4860
f 3085/4854 1178/1797 1176/1795 1175/1794
f 3087/4861 3086/4862 3088/4863 3089/4864
f 3087/4861 3089/4864 3090/4865 3091/4866
f 3087/4867 3091/4868 1179/4869 1178/4870
f 3091/4866 3090/4865 3092/4871 1183/4872
f 3091/4868 1183/1804 1180/1803 1179/4869
f 3092/4871 3090/4865 497/599 496/598
f 3092/4871 496/598 1188/4873 1186/4874
f 3092/4875 1186/1810 1184/1809 1183/4876
f 3090/4865 3089/4864 498/600 497/599
f 3089/4864 3088/4863 3093/4877 498/600
f 3093/4878 3094/4879 499/4880 498/4881
f 3093/4877 3088/4863 745/4882 3095/4883
f 3093/4878 3095/4884 3096/4885 3094/4879
f 3096/4885 1265/1932 1264/1931 3094/4879
f 3096/4886 3095/4887 3083/4888 3081/4889
f 3096/4886 3081/4889 1267/1937 1265/1936
f 3095/4883 745/4882 744/4890 3083/4891
f 3094/4879 1264/1931 1258/1922 499/4880
f 3088/4863 3086/4862 746/4892 745/4882
f 1258/4893 1254/4894 75/596 499/601
f 1190/1900 1188/4873 496/598 495/597
f 1143/4895 1141/4896 436/4897 63/4898
f 1139/1735 1138/1734 437/499 436/498
f 1138/1734 458/4899 446/517 437/499
f 1138/1734 1136/1733 68/4900 458/4899
f 1136/4901 1135/4902 461/539 68/533
f 1135/4902 424/4903 423/474 461/539
f 910/1306 906/1305 905/2368 538/2367
f 822/1179 806/1178 805/1149 818/1171
f 821/2753 811/1159 203/85 205/93
f 819/1172 818/1171 805/1149 804/1148
f 775/4904 3097/4905 765/4906 774/4907
f 775/4908 773/4909 3098/4910 3099/4911
f 775/4908 3099/4911 3100/4912 3097/4913
f 3100/4914 3101/4915 3102/4916 3097/4917
f 3100/4912 3099/4911 3103/4918 3104/4919
f 3100/4914 3104/4920 3105/4921 3101/4915
f 3105/4922 3106/4923 3107/4924 3101/4925
f 3105/4921 3104/4920 3108/4926 3109/4927
f 3105/4922 3109/4928 3110/4929 3106/4923
f 3110/4929 3111/4930 3112/4931 3106/4923
f 3110/4929 3109/4928 3113/4932 3114/4933
f 3110/4929 3114/4933 3115/4934 3111/4930
f 3115/4935 3116/4936 3117/4937 3111/4938
f 3115/4934 3114/4933 768/1082 336/4939
f 3115/4935 336/300 335/299 3116/4936
f 3117/4937 3118/4940 3119/4941 3120/4942
f 3117/4937 3120/4942 3112/4943 3111/4938
f 3117/4937 3116/4936 3121/4944 3118/4940
f 3121/4945 3122/4946 3123/4947 3118/4948
f 3121/4945 3116/4949 335/4950 339/4951
f 3121/4945 339/4951 234/4952 3122/4946
f 3123/4953 3124/4954 3125/4955 3126/4956
f 3123/4947 3126/4957 3119/4958 3118/4948
f 3123/4953 3122/4959 3127/4960 3124/4954
f 3127/4961 3128/4962 3129/4963 3124/4964
f 3127/4960 3122/4959 234/140 231/139
f 3127/4961 231/133 230/132 3128/4962
f 3129/4963 3130/4965 3131/4966 3132/4967
f 3129/4963 3132/4967 3125/4968 3124/4964
f 3129/4963 3128/4962 3133/4969 3130/4965
f 3133/4970 3134/4971 3135/4972 3130/4973
f 3133/4969 3128/4962 230/132 240/159
f 3133/4970 240/154 236/144 3134/4971
f 3135/4974 3136/4975 3103/4918 3137/4976
f 3135/4972 3137/4977 3131/4978 3130/4973
f 3135/4974 3134/4979 3138/4980 3136/4975
f 3138/4980 3139/4981 3108/4982 3136/4975
f 3138/4980 3134/4979 236/4983 235/153
f 3138/4980 235/153 239/152 3139/4981
f 3139/4984 3113/4985 3109/4927 3108/4926
f 3139/4984 239/4986 766/4987 3113/4985
f 3137/4976 3103/4918 3099/4911 3098/4910
f 3137/4977 3098/4988 3140/4989 3131/4978
f 3140/4989 3098/4988 773/1093 772/1092
f 3140/4990 772/4991 3141/4992 3142/4993
f 3140/4990 3142/4993 3132/4967 3131/4966
f 3142/4993 3141/4992 221/4994 220/4995
f 3142/4993 220/4995 3125/4968 3132/4967
f 3141/4992 772/4991 771/4996 3143/4997
f 3141/4992 3143/4997 3144/4998 221/4994
f 3144/4998 3143/4997 3145/4999 226/121
f 3144/5000 226/5001 225/5002 3146/5003
f 3144/5000 3146/5003 16/116 221/119
f 3146/5003 225/5002 3147/5004 3148/5005
f 3146/5006 3148/5007 222/313 16/5008
f 3148/5007 3147/5009 3149/5010 3150/5011
f 3148/5007 3150/5011 341/314 222/313
f 3150/5012 3149/5013 3151/5014 3152/5015
f 3150/5012 3152/5015 344/320 341/319
f 3152/5016 3151/5017 3153/5018 3154/5019
f 3152/5016 3154/5019 3155/5020 344/5021
f 3155/5020 3154/5019 761/1069 760/1068
f 3155/5020 760/1068 3156/5022 3157/5023
f 3155/5020 3157/5023 342/5024 344/5021
f 3157/5023 3156/5022 3107/4924 3158/5025
f 3157/5026 3158/5027 343/317 342/316
f 3158/5025 3107/4924 3106/4923 3112/4931
f 3158/5027 3112/4943 3120/4942 343/317
f 3156/5022 760/1068 136/1067 3102/5028
f 3156/5022 3102/5028 3101/4925 3107/4924
f 3154/5019 3153/5018 3159/5029 761/1069
f 3159/5029 3153/5018 3160/5030 3161/5031
f 3159/5029 3161/5031 3162/5032 3163/5033
f 3159/5029 3163/5033 762/1070 761/1069
f 3163/5034 3162/5035 3164/5036 3165/5037
f 3163/5038 3165/5039 763/1073 762/1072
f 3165/5039 3164/5040 3166/5041 3167/5042
f 3165/5039 3167/5042 769/1088 763/1073
f 3167/5042 3166/5041 3168/5043 3169/5044
f 3167/5042 3169/5044 770/1089 769/1088
f 3169/5045 3168/5046 3170/5047 3171/5048
f 3169/5045 3171/5048 3172/5049 770/5050
f 3172/5051 3171/5052 3173/5053 3145/4999
f 3172/5051 3145/4999 3143/4997 771/4996
f 3172/5049 771/1091 138/1090 770/5050
f 3173/5053 3171/5052 3170/5054 3174/5055
f 3173/5053 3174/5055 228/128 227/122
f 3173/5053 227/122 226/121 3145/4999
f 3174/5055 3170/5054 3175/5056 3176/5057
f 3174/5055 3176/5057 3177/5058 228/128
f 3177/5058 3176/5057 3178/5059 3179/5060
f 3177/5058 3179/5060 3180/5061 3181/5062
f 3177/5058 3181/5062 17/129 228/128
f 3181/5063 3180/5064 3182/5065 3183/5066
f 3181/5063 3183/5066 224/5067 17/5068
f 3183/5069 3182/5070 3184/5071 3185/5072
f 3183/5069 3185/5072 3186/5073 224/125
f 3186/5073 3185/5072 3187/5074 3188/5075
f 3186/5073 3188/5075 3149/5010 3147/5009
f 3186/5073 3147/5009 225/126 224/125
f 3188/5076 3187/5077 3189/5078 3190/5079
f 3188/5076 3190/5079 3151/5014 3149/5013
f 3190/5080 3189/5081 3191/5082 3160/5030
f 3190/5080 3160/5030 3153/5018 3151/5017
f 3191/5082 3189/5081 3192/5083 3193/5084
f 3191/5082 3193/5084 3194/5085 3195/5086
f 3191/5082 3195/5086 3161/5031 3160/5030
f 3195/5086 3194/5085 3196/5087 3197/5088
f 3195/5086 3197/5088 3162/5032 3161/5031
f 3197/5089 3196/5090 3198/5091 3199/5092
f 3197/5089 3199/5092 3164/5036 3162/5035
f 3199/5093 3198/5094 3200/5095 3201/5096
f 3199/5093 3201/5096 3166/5041 3164/5040
f 3201/5096 3200/5095 3202/5097 3203/5098
f 3201/5096 3203/5098 3168/5043 3166/5041
f 3203/5098 3202/5097 3204/5099 3175/5100
f 3203/5101 3175/5102 3170/5047 3168/5046
f 3204/5103 3202/5104 3205/5105 3206/5106
f 3204/5107 3206/5108 3207/5109 3178/5059
f 3204/5107 3178/5059 3176/5057 3175/5056
f 3207/5110 3206/5106 3208/5111 3209/5112
f 3207/5109 3209/5113 3210/5114 3211/5115
f 3207/5109 3211/5115 3179/5060 3178/5059
f 3211/5115 3210/5114 3212/5116 3213/5117
f 3211/5115 3213/5117 3180/5061 3179/5060
f 3213/5118 3212/5119 3214/5120 3215/5121
f 3213/5118 3215/5121 3182/5065 3180/5064
f 3215/5121 3214/5120 3216/5122 3217/5123
f 3215/5124 3217/5125 3184/5071 3182/5070
f 3217/5126 3216/5127 3218/5128 3219/5129
f 3217/5125 3219/5130 3220/5131 3184/5071
f 3220/5132 3219/5129 3221/5133 3192/5134
f 3220/5132 3192/5134 3189/5078 3187/5077
f 3220/5131 3187/5074 3185/5072 3184/5071
f 3221/5133 3219/5129 3218/5128 3222/5135
f 3221/5133 3222/5135 3223/5136 3224/5137
f 3221/5138 3224/5139 3193/5084 3192/5083
f 3224/5139 3223/5140 3225/5141 3226/5142
f 3224/5139 3226/5142 3194/5085 3193/5084
f 3226/5142 3225/5141 3227/5143 3228/5144
f 3226/5142 3228/5144 3196/5087 3194/5085
f 3228/5145 3227/5146 3229/5147 3230/5148
f 3228/5145 3230/5148 3198/5091 3196/5090
f 3230/5148 3229/5147 3231/5149 3232/5150
f 3230/5151 3232/5152 3200/5095 3198/5094
f 3232/5152 3231/5153 3233/5154 3205/5155
f 3232/5152 3205/5155 3202/5097 3200/5095
f 3233/5156 3231/5157 3234/5158 3235/5159
f 3233/5156 3235/5159 3236/5160 3208/5111
f 3233/5156 3208/5111 3206/5106 3205/5105
f 3236/5160 3235/5159 3237/5161 3238/5162
f 3236/5160 3238/5162 3239/5163 3240/5164
f 3236/5160 3240/5164 3209/5112 3208/5111
f 3240/5165 3239/5166 3241/5167 3242/5168
f 3240/5165 3242/5168 3210/5114 3209/5113
f 3242/5168 3241/5167 3243/5169 3244/5170
f 3242/5168 3244/5170 3212/5116 3210/5114
f 3244/5171 3243/5172 3245/5173 3246/5174
f 3244/5171 3246/5174 3214/5120 3212/5119
f 3246/5174 3245/5173 3247/5175 3248/5176
f 3246/5174 3248/5176 3216/5122 3214/5120
f 3248/5177 3247/5178 3249/5179 3250/5180
f 3248/5177 3250/5180 3218/5128 3216/5127
f 3250/5180 3249/5179 3251/5181 3252/5182
f 3250/5180 3252/5182 3222/5135 3218/5128
f 3252/5182 3251/5181 3253/5183 3254/5184
f 3252/5182 3254/5184 3223/5136 3222/5135
f 3254/5185 3253/5186 3255/5187 3256/5188
f 3254/5185 3256/5188 3225/5141 3223/5140
f 3256/5188 3255/5187 3257/5189 3258/5190
f 3256/5188 3258/5190 3227/5143 3225/5141
f 3258/5191 3257/5192 3259/5193 3260/5194
f 3258/5191 3260/5194 3229/5147 3227/5146
f 3260/5194 3259/5193 3261/5195 3234/5196
f 3260/5194 3234/5196 3231/5149 3229/5147
f 3261/5197 3259/5198 3262/5199 3263/5200
f 3261/5197 3263/5200 3264/5201 3237/5202
f 3261/5197 3237/5202 3235/5203 3234/5204
f 3264/5201 3263/5200 3265/5205 3266/5206
f 3264/5201 3266/5206 3267/5207 3268/5208
f 3264/5201 3268/5208 3238/5209 3237/5202
f 3268/5210 3267/5211 3269/5212 3270/5213
f 3268/5210 3270/5213 3239/5163 3238/5162
f 3270/5214 3269/5215 3271/5216 3272/5217
f 3270/5214 3272/5217 3241/5167 3239/5166
f 3272/5217 3273/5218 3243/5169 3241/5167
f 3273/5219 3274/5220 3275/5221 3276/5222
f 3273/5219 3276/5222 3245/5173 3243/5172
f 3276/5222 3275/5221 3277/5223 3278/5224
f 3276/5225 3278/5226 3247/5227 3245/5228
f 3278/5229 3277/5230 3279/5231 3280/5232
f 3278/5226 3280/5233 3249/5234 3247/5227
f 3280/5232 3279/5231 718/997 722/5235
f 3280/5232 722/5235 3251/5181 3249/5179
f 3279/5231 3277/5230 300/5236 305/5237
f 3279/5231 305/5237 719/998 718/997
f 3277/5223 3275/5221 301/5238 300/5239
f 3275/5221 3274/5220 250/5240 301/5238
f 3281/5241 3271/5242 755/1062 3282/5243
f 3283/5244 288/229 254/181 253/180
f 3283/5244 3282/5243 3284/5245 3285/5246
f 3283/5244 3285/5246 285/226 288/229
f 3285/5246 3284/5245 3286/5247 3287/5248
f 3285/5246 3287/5248 286/227 285/226
f 3287/5248 3286/5247 3288/5249 3289/5250
f 3287/5248 3289/5250 3290/5251 286/227
f 3290/5251 306/253 282/223 286/227
f 3290/5251 3289/5250 3291/5252 3292/5253
f 3290/5251 3292/5253 307/254 306/253
f 3292/5253 3291/5252 714/5254 713/5255
f 3292/5253 713/5255 717/5256 307/254
f 3291/5252 3289/5250 3288/5249 3293/5257
f 3291/5252 3293/5257 3294/5258 714/5254
f 3294/5258 3293/5257 751/1057 753/1059
f 3294/5259 753/5260 3295/5261 3296/5262
f 3294/5259 3296/5262 715/991 714/990
f 3296/5263 3295/5264 3262/5265 3297/5266
f 3296/5262 3297/5267 720/1000 715/991
f 3297/5266 3262/5265 3259/5193 3257/5192
f 3297/5267 3257/5189 3255/5187 720/1000
f 3295/5268 753/5269 750/5270 3265/5205
f 3295/5268 3265/5205 3263/5200 3262/5199
f 3293/5257 3288/5249 752/1058 751/1057
f 3288/5249 3286/5247 759/1066 752/1058
f 3286/5247 3284/5245 754/1061 759/1066
f 3284/5245 3282/5243 755/1062 754/1061
f 3271/5271 3269/5272 756/5273 755/5274
f 3269/5272 3267/5275 757/5276 756/5273
f 3267/5275 3266/5277 749/5278 757/5276
f 3266/5206 3265/5205 750/5270 749/5279
f 3255/5187 3253/5186 721/1001 720/1000
f 3253/5186 3251/5280 722/1002 721/1001
f 3136/4975 3108/4982 3104/4919 3103/4918
f 3126/4956 3125/4955 220/118 219/117
f 3126/4956 219/117 340/310 3119/5281
f 3120/4942 3119/4941 340/318 343/317
f 3114/4933 3113/4932 766/1083 768/1082
f 3102/5028 136/1067 765/1077 3097/5282
f 769/1088 139/1087 764/1074 763/1073
f 768/1082 767/1081 337/5283 336/4939
f 767/1085 237/148 241/156 337/303
f 759/1066 758/1065 748/1054 752/1058
f 758/1065 757/1064 749/1055 748/1054
f 723/1007 711/1006 309/257 35/256
f 719/5284 305/251 304/250 3298/5285
f 719/5284 3298/5285 3299/5286 716/5287
f 3299/5286 3298/5285 3300/5288 3301/5289
f 3299/5286 3301/5289 332/5290 3302/5291
f 3299/5286 3302/5291 717/5292 716/5287
f 3301/5289 3300/5288 3303/5293 3304/5294
f 3301/5289 3304/5294 333/5295 332/5290
f 3304/5294 3303/5293 3305/5296 3306/5297
f 3304/5294 3306/5297 3307/5298 333/5295
f 3307/5298 3306/5297 3308/5299 3309/5300
f 3307/5301 3309/5302 3310/5303 3311/5304
f 3307/5305 3311/5306 334/297 333/296
f 3311/5306 3310/5307 3312/5308 3313/5309
f 3311/5306 3313/5309 321/5310 334/297
f 3313/5309 3312/5308 3314/5311 3315/5312
f 3313/5309 3315/5312 322/5313 321/5310
f 3315/5314 3314/5315 3316/5316 3317/5317
f 3315/5312 3317/5318 345/5319 322/5313
f 3317/5317 3316/5316 3318/5320 3319/5321
f 3317/5317 3319/5321 325/324 345/323
f 3319/5322 3318/5323 3320/5324 3321/5325
f 3319/5326 3321/5327 323/282 325/281
f 3321/5328 3320/5329 3322/5330 3323/5331
f 3321/5328 3323/5331 324/278 323/277
f 3323/5331 3322/5330 3324/5332 3305/5296
f 3323/5331 3305/5296 3303/5293 324/278
f 3324/5333 3322/5334 3325/5335 3326/5336
f 3324/5333 3326/5336 3327/5337 3308/5338
f 3324/5332 3308/5299 3306/5297 3305/5296
f 3327/5337 3326/5336 3328/5339 3329/5340
f 3327/5341 3329/5342 3330/5343 3331/5344
f 3327/5345 3331/5346 3309/5300 3308/5299
f 3331/5347 3330/5348 3332/5349 3333/5350
f 3331/5347 3333/5350 3310/5303 3309/5302
f 3333/5351 3332/5352 3334/5353 3335/5354
f 3333/5351 3335/5354 3312/5308 3310/5307
f 3335/5354 3334/5353 357/5355 3336/5356
f 3335/5354 3336/5356 3314/5311 3312/5308
f 3336/5357 357/349 356/348 3337/5358
f 3336/5357 3337/5358 3316/5316 3314/5315
f 3337/5358 356/348 355/5359 3338/5360
f 3337/5358 3338/5360 3318/5320 3316/5316
f 3338/5361 355/5362 3339/5363 3340/5364
f 3338/5361 3340/5364 3320/5324 3318/5323
f 3340/5364 3339/5363 3341/5365 3325/5335
f 3340/5364 3325/5335 3322/5334 3320/5324
f 3341/5365 3339/5363 3342/5366 3343/5367
f 3341/5365 3343/5367 349/5368 3328/5339
f 3341/5365 3328/5339 3326/5336 3325/5335
f 3343/5367 3342/5366 360/354 351/337
f 3343/5367 351/337 350/336 349/5368
f 3342/5369 354/5370 359/5371 360/5372
f 3342/5366 3339/5363 355/5362 354/5373
f 3334/5353 3332/5352 3344/5374 3345/5375
f 3334/5353 3345/5375 358/5376 357/5355
f 3345/5375 3344/5374 353/357 361/356
f 3345/5375 361/356 359/5377 358/5376
f 3344/5374 347/5378 346/5379 353/357
f 3344/5374 3332/5352 3330/5380 347/5378
f 3330/5381 3329/5382 348/328 347/327
f 3329/5340 3328/5339 349/5368 348/5383
f 3303/5293 3300/5288 303/249 324/278
f 3300/5288 3298/5285 304/250 303/249
f 712/5384 725/4542 737/4550 130/5385
f 704/975 695/953 692/952 698/961
f 690/941 689/940 680/3375 679/3348
f 679/3348 116/889 659/888 672/910
f 639/861 638/860 613/815 609/810
f 623/5386 604/5387 3346/5388 621/5389
f 3346/5390 610/5391 615/5392 621/5393
f 3346/5394 604/804 593/786 592/819
f 3346/5390 592/5395 591/5396 610/5391
f 612/814 596/792 595/791 607/808
f 608/809 607/808 595/791 599/795
f 573/744 565/740 558/705 92/717
f 570/2432 416/2435 3347/5397 566/5398
f 3347/5399 397/442 407/441 566/729
f 3347/5400 416/462 415/461 3348/5401
f 3347/5402 3348/5403 398/416 397/5404
f 3348/5401 415/461 418/464 3349/5405
f 3348/5403 3349/5406 399/417 398/416
f 3349/5407 418/5408 470/553 390/552
f 3349/5406 390/402 389/401 399/417
f 563/5409 562/5410 3350/5411 380/5412
f 3350/5413 402/5414 395/409 394/408
f 3350/5413 394/408 378/388 380/390
f 3350/5415 562/5416 403/5417 402/5418
f 554/696 553/695 517/631 525/1557
f 553/695 552/694 518/632 517/631
f 494/594 487/583 486/582 491/595
f 492/591 491/590 486/580 485/579
f 462/540 382/2448 381/5419 459/537
f 462/540 461/539 423/474 422/473
f 460/538 459/537 381/5419 388/5420
f 458/4899 450/523 452/525 446/517
f 421/5421 420/5422 410/5423 409/5424
f 400/418 399/417 389/401 392/405
f 369/5425 362/369 192/57 191/56
f 369/5426 191/61 167/15 166/14
f 369/376 368/375 363/5427 362/5428
f 368/5429 175/5430 174/5431 363/5432
f 364/1855 363/5432 174/5431 173/1856
f 345/5319 317/268 37/267 322/5313
f 339/307 338/306 232/141 234/140
f 338/304 241/156 233/136 232/135
f 329/5433 3351/5434 3352/5435 3353/5436
f 329/291 3353/5437 3354/5438 292/236
f 329/5433 326/5439 302/5440 3351/5434
f 3354/5438 3353/5437 3355/5441 3356/5442
f 3354/5438 3356/5442 3357/5443 3358/5444
f 3354/5438 3358/5444 293/237 292/236
f 3358/5444 3357/5443 3359/5445 3360/5446
f 3358/5444 3360/5446 296/240 293/237
f 3360/5446 3359/5445 3361/5447 3362/5448
f 3360/5446 3362/5448 247/5449 296/240
f 3362/5450 3361/5451 3363/5452 3364/5453
f 3362/5454 3364/5455 244/169 247/168
f 3364/5456 3363/5457 3365/5458 3366/5459
f 3364/5456 3366/5459 245/165 244/164
f 3366/5459 3365/5458 3367/5460 3368/5461
f 3366/5459 3368/5461 3369/5462 245/165
f 3369/5462 3368/5461 3370/5463 3371/5464
f 3369/5462 3371/5464 299/244 298/243
f 3369/5462 298/243 242/161 245/165
f 3371/5464 3370/5463 3352/5465 3351/5466
f 3371/5464 3351/5466 302/247 299/244
f 3370/5463 3368/5461 3367/5460 3372/5467
f 3370/5463 3372/5467 3373/5468 3352/5465
f 3373/5468 3372/5467 3374/5469 3375/5470
f 3373/5471 3375/5472 3376/5473 3355/5474
f 3373/5471 3355/5474 3353/5436 3352/5435
f 3376/5473 3375/5472 3377/5475 3378/5476
f 3376/5477 3378/5478 3379/5479 3380/5480
f 3376/5477 3380/5480 3356/5442 3355/5441
f 3380/5481 3379/5482 3381/5483 3382/5484
f 3380/5480 3382/5485 3357/5443 3356/5442
f 3382/5484 3381/5483 3383/5486 3384/5487
f 3382/5485 3384/5488 3359/5445 3357/5443
f 3384/5487 3383/5486 3385/5489 3386/5490
f 3384/5488 3386/5491 3361/5447 3359/5445
f 3386/5492 3385/5493 3387/5494 3388/5495
f 3386/5492 3388/5495 3363/5452 3361/5451
f 3388/5496 3387/5497 3389/5498 3390/5499
f 3388/5500 3390/5501 3365/5458 3363/5457
f 3390/5499 3389/5498 3391/5502 3392/5503
f 3390/5501 3392/5504 3367/5460 3365/5458
f 3392/5503 3391/5502 3393/5505 3374/5506
f 3392/5504 3374/5469 3372/5467 3367/5460
f 3393/5505 3391/5502 3394/5507 3395/5508
f 3393/5505 3395/5508 3396/5509 3377/5510
f 3393/5505 3377/5510 3375/5511 3374/5506
f 3396/5509 3395/5508 270/5512 269/5513
f 3396/5514 269/5515 271/5516 3397/5517
f 3396/5514 3397/5517 3378/5476 3377/5475
f 3397/5518 271/207 3398/5519 3399/5520
f 3397/5521 3399/5522 3379/5482 3378/5523
f 3399/5520 3398/5519 3400/5524 3401/5525
f 3399/5522 3401/5526 3381/5483 3379/5482
f 3401/5525 3400/5524 3402/5527 3403/5528
f 3401/5526 3403/5529 3383/5486 3381/5483
f 3403/5528 3402/5527 3404/5530 3405/5531
f 3403/5529 3405/5532 3385/5489 3383/5486
f 3405/5533 3404/5534 3406/5535 3407/5536
f 3405/5537 3407/5538 3387/5494 3385/5493
f 3407/5536 3406/5535 3408/5539 3409/5540
f 3407/5536 3409/5540 3389/5498 3387/5497
f 3409/5540 3408/5539 3410/5541 3394/5507
f 3409/5540 3394/5507 3391/5502 3389/5498
f 3410/5542 3408/5543 3411/5544 3412/5545
f 3410/5542 3412/5545 266/5546 270/5547
f 3410/5541 270/5512 3395/5508 3394/5507
f 3412/5545 3411/5544 3413/5548 3414/5549
f 3412/5545 3414/5549 267/5550 266/5546
f 3414/5549 3413/5548 3415/5551 3416/5552
f 3414/5553 3416/5554 3417/5555 267/5556
f 3417/5557 3416/5558 3418/5559 3419/5560
f 3417/5557 3419/5560 3420/5561 3421/5562
f 3417/5557 3421/5562 268/206 267/5563
f 3421/5562 3420/5561 3400/5524 3398/5519
f 3421/5562 3398/5519 271/207 268/206
f 3420/5561 3419/5560 3422/5564 3423/5565
f 3420/5561 3423/5565 3402/5527 3400/5524
f 3423/5566 3422/5567 3424/5568 3425/5569
f 3423/5566 3425/5569 3404/5570 3402/5571
f 3425/5572 3424/5573 3426/5574 3427/5575
f 3425/5572 3427/5575 3406/5576 3404/5577
f 3427/5575 3426/5574 3413/5548 3411/5544
f 3427/5575 3411/5544 3408/5543 3406/5576
f 3426/5574 3424/5573 261/5578 265/5579
f 3426/5574 265/5579 3415/5551 3413/5548
f 3424/5568 3422/5567 262/191 261/190
f 3422/5564 3419/5560 3418/5559 262/5580
f 3418/5581 3416/5582 3415/5583 272/5584
f 3418/5559 272/5585 263/5586 262/5580
f 3415/5551 265/5579 264/5587 272/5588
f 328/288 327/287 32/230 318/269
f 327/287 295/239 249/172 3428/5589
f 327/287 3428/5589 287/228 32/230
f 3428/5589 249/172 248/171 254/181
f 3428/5589 254/181 288/229 287/228
f 312/5590 41/5591 334/5592 321/5593
f 320/5594 319/5595 312/5596 321/5597
f 318/269 32/230 291/233 280/270
f 308/255 307/254 717/5256 3302/5598
f 726/1022 723/1007 35/256 308/1023
f 301/246 250/176 243/162 297/242
f 298/243 297/242 243/162 242/161
f 296/240 247/5449 246/173 294/238
f 295/239 294/238 246/173 249/172
f 30/216 280/219 278/215 2664/4164
f 200/5599 199/5600 169/5601 168/5602
f 193/5603 165/5604 164/5605 167/5606
f 1465/2282 1468/2288 827/1191 826/1190
f 176/24 175/23 163/5607 162/5608
f 168/5609 169/2206 170/2205 171/5610
f 27/193 263/5611 272/5612 264/194
f 2/2242 3/5613 164/5614 165/2236
f 141/5615 764/5616 139/1097 140/1096
f 158/5617 1/5618 160/5619
f 284/5620 283/5621 35/5622 311/5623
f 315/265 314/264 128/1020 308/1023
f 563/5409 380/5412 376/5624 431/5625
f 431/5626 62/5627 375/5628
f 1688/2691 1685/2688 210/2687 209/5629
f 385/5630 384/5631 1558/5632
f 1422/2195 1420/2189 1419/2188
f 1684/2686 1686/2689 1429/2212 1428/2211
f 1/5 163/8 175/5633 9/5634
f 175/5430 368/5429 9/5635
f 3067/4810 815/4833 153/5636 802/1143
f 153/5636 149/5637 147/1140 802/1143
f 1740/5638 154/5639 205/93 152/92
f 1740/5640 1745/5641 156/5642 154/5643
f 832/5644 6/5645 179/5646 834/5647
f 179/5648 157/1189 834/1203
f 3281/5241 3282/5243 3283/5244 252/179
f 3283/5244 253/180 252/179
f 3274/5649 3273/5218 3272/5217 3429/5650
f 3272/5217 3271/5216 3281/5651 3429/5650
f 251/5652 25/5653 3431/5654 3430/5655
f 250/5240 3274/5220 3431/5656 25/5657
f 3430/5658 3431/5656 3274/5220 3429/5659
f 3281/5651 251/5652 3430/5655 3429/5650
f 289/5660 32/5661 284/5662
f 32/230 287/228 31/222 284/225
f 2651/4151 277/214 276/213
f 2651/4151 2650/4149 2649/4148 277/214
f 3302/5598 332/295 41/294
f 3302/5663 41/5664 315/5665
f 3302/5666 315/5667 308/5668
f 2316/3643 2158/3646 2297/5669 782/5670
f 2297/5669 783/5671 782/5670
f 787/5672 786/5673 2153/5674 2316/5675
f 786/5676 2315/5677 2153/5678
f 809/1157 808/1156 1719/2755 1720/2756
f 808/1156 1718/2754 1719/2755
f 1728/2769 1731/2772 796/1136 799/1139
f 796/5679 146/5680 799/5681
f 1578/2509 1556/2453 1561/2462 386/397
f 386/2474 1561/2460 1529/2394 1562/2467
f 3/13 4/5682 9/5683 166/14
f 16/5684 222/5685 223/5686 43/5687
f 143/1119 782/1122 787/5688 788/1120
f 744/4852 746/5689 747/4853
f 744/4890 745/4882 746/4892
f 3432/5690 3433/5691 3434/5692
f 3433/5691 3435/5693 3436/5694 3434/5692
f 3436/5694 3435/5693 3437/5695 3438/5696
f 3436/5694 3438/5696 3439/5697 3440/5698
f 3439/5697 3438/5696 3441/5699 3442/5700
f 3442/5700 3441/5699 3443/5701 3444/5702
f 3443/5701 3441/5699 3445/5703 3446/5704
f 3445/5703 3441/5699 3438/5696 3437/5695
f 3447/5705 3450/5706 3449/5707 3457/5708
f 3448/5709 3458/5710 3456/5711 3452/5712
f 3449/5707 3459/5713 3460/5714 3457/5708
f 3449/5707 3451/5715 3453/5716 3459/5713
f 3453/5717 3454/5718 3456/5719 3461/5720
f 3453/5716 3461/5721 3462/5722 3459/5713
f 3455/5723 3463/5724 3462/5722 3464/5725
f 3456/5711 3458/5710 3465/5726 3461/5721
f 3465/5726 3464/5725 3462/5722 3461/5721
f 3463/5724 3460/5714 3459/5713 3462/5722
f 3450/5706 3447/5705 3457/5708
f 3466/5727 3496/5728 3497/5729 3498/5730
f 3466/5727 3499/5731 3500/5732 3496/5728
f 3466/5727 3498/5730 3501/5733 3499/5731
f 3467/5734 3502/5735 3503/5736 3504/5737
f 3467/5734 3504/5737 3505/5738 3506/5739
f 3467/5734 3506/5739 3507/5740 3502/5735
f 3468/5741 3508/5742 3509/5743 3510/5744
f 3468/5741 3510/5744 3511/5745 3512/5746
f 3468/5741 3512/5746 3513/5747 3508/5742
f 3469/5748 3470/5749 3514/5750 3515/5751
f 3469/5748 3515/5751 3516/5752 3517/5753
f 3469/5748 3517/5753 3471/5754 3470/5749
f 3470/5755 3518/5756 3519/5757 3514/5758
f 3471/5754 3517/5753 3521/5759 3522/5760
f 3471/5761 3522/5762 3523/5763 3520/5764
f 3472/5765 3478/5766 3524/5767 3525/5768
f 3472/5765 3473/5769 3526/5770 3527/5771
f 3472/5765 3527/5771 3528/5772 3478/5766
f 3473/5773 3476/5774 3474/5775 3529/5776
f 3473/5769 3472/5765 3525/5768 3530/5777
f 3473/5769 3530/5777 3531/5778 3476/5779
f 3474/5780 3532/5781 3477/5782 3529/5783
f 3474/5784 3476/5779 3531/5778 3533/5785
f 3475/5786 3534/5787 3535/5788 3482/5789
f 3475/5786 3482/5789 3536/5790 3537/5791
f 3474/5784 3533/5785 3538/5792 3532/5793
f 3477/5794 3539/5795 3540/5796 3529/5797
f 3477/5798 3536/5799 3482/5800 3539/5801
f 3479/5802 3541/5803 3542/5804 3543/5805
f 3479/5806 3543/5807 3481/5808 3544/5809
f 3479/5810 3545/5811 3546/5812 3541/5813
f 3480/5814 3543/5805 3542/5804 3547/5815
f 3480/5816 3548/5817 3481/5818 3543/5819
f 3538/5792 3533/5785 3548/5820 3480/5821
f 3548/5822 3549/5823 3550/5824 3551/5825
f 3548/5820 3533/5785 3531/5778 3549/5826
f 3478/5766 3528/5772 3552/5827 3553/5828
f 3478/5766 3553/5828 3554/5829 3524/5767
f 3483/5830 3555/5831 3556/5832 3557/5833
f 3483/5834 3489/5835 3558/5836 3555/5837
f 3483/5830 3557/5833 3485/5838 3559/5839
f 3484/5840 3560/5841 3561/5842 3562/5843
f 3484/5840 3562/5843 3563/5844 3564/5845
f 3484/5840 3564/5845 3565/5846 3560/5841
f 3485/5838 3493/5847 3488/5848 3559/5839
f 3526/5770 3473/5769 3529/5797 3540/5796
f 3477/5782 3532/5781 3547/5815 3536/5790
f 3486/5849 3566/5850 3567/5851 3558/5836
f 3494/5852 3568/5853 3489/5835 3488/5854
f 3709/5855 3487/5856 3494/5857 3488/5848
f 3487/5856 3495/5858 3569/5859 3494/5857
f 3490/5860 3570/5861 3571/5862 3572/5863
f 3490/5864 3572/5865 3573/5866 3574/5867
f 3490/5860 3575/5868 3576/5869 3570/5861
f 3490/5864 3574/5867 3577/5870 3575/5871
f 3491/5872 3578/5873 3573/5866 3579/5874
f 3491/5872 3580/5875 3581/5876 3578/5873
f 3492/5877 3582/5878 3583/5879 3487/5880
f 3494/5857 3569/5859 3584/5881 3568/5882
f 3495/5858 3487/5856 3583/5883 3585/5884
f 3495/5858 3585/5884 3586/5885 3569/5859
f 3586/5885 3587/5886 3584/5881 3569/5859
f 3586/5885 3585/5884 3588/5887 3589/5888
f 3586/5885 3589/5888 3590/5889 3587/5886
f 3590/5889 3591/5890 3592/5891 3587/5886
f 3590/5892 3589/5893 3593/5894 3594/5895
f 3590/5889 3594/5896 3595/5897 3591/5890
f 3595/5897 3596/5898 3597/5899 3591/5890
f 3595/5897 3594/5896 3598/5900 3599/5901
f 3595/5897 3599/5901 3600/5902 3596/5898
f 3600/5902 3601/5903 3602/5904 3596/5898
f 3600/5902 3599/5901 3509/5743 3508/5742
f 3600/5902 3508/5742 3513/5747 3601/5903
f 3602/5904 3603/5905 3604/5906 3605/5907
f 3602/5904 3605/5907 3597/5899 3596/5898
f 3602/5904 3601/5903 3606/5908 3603/5905
f 3606/5908 3607/5909 3608/5910 3603/5905
f 3606/5908 3601/5903 3513/5747 3609/5911
f 3606/5908 3609/5911 3610/5912 3607/5909
f 3610/5912 3611/5913 3612/5914 3607/5909
f 3610/5912 3609/5911 3613/5915 3614/5916
f 3610/5912 3614/5916 3615/5917 3611/5913
f 3615/5917 3545/5811 3479/5810 3611/5913
f 3615/5917 3614/5916 3616/5918 3617/5919
f 3615/5920 3617/5921 3618/5922 3545/5923
f 3618/5924 3619/5925 3546/5812 3545/5811
f 3618/5922 3617/5921 3620/5926 3523/5763
f 3618/5922 3523/5763 3522/5762 3619/5927
f 3620/5926 3617/5921 3616/5928 3621/5929
f 3620/5926 3621/5929 3622/5930 3623/5931
f 3620/5926 3623/5931 3520/5764 3523/5763
f 3623/5931 3622/5930 3624/5932 3519/5933
f 3623/5931 3519/5933 3518/5934 3520/5764
f 3624/5935 3622/5936 3625/5937 3626/5938
f 3624/5935 3626/5938 3627/5939 3628/5940
f 3624/5935 3628/5940 3514/5758 3519/5757
f 3628/5941 3627/5942 3629/5943 3630/5944
f 3628/5941 3630/5944 3515/5751 3514/5750
f 3630/5944 3629/5943 3631/5945 3632/5946
f 3630/5944 3632/5946 3516/5752 3515/5751
f 3632/5946 3631/5945 3633/5947 3634/5948
f 3632/5946 3634/5948 3635/5949 3516/5752
f 3635/5949 3634/5948 3636/5950 3637/5951
f 3635/5949 3637/5951 3638/5952 3521/5759
f 3635/5949 3521/5759 3517/5753 3516/5752
f 3638/5952 3637/5951 3639/5953 3640/5954
f 3638/5952 3640/5954 3546/5955 3619/5956
f 3638/5952 3619/5956 3522/5760 3521/5759
f 3640/5954 3639/5953 3641/5957 3642/5958
f 3640/5954 3642/5958 3541/5959 3546/5955
f 3642/5960 3641/5961 3475/5962 3537/5963
f 3642/5964 3537/5965 3542/5966 3541/5967
f 3641/5957 3639/5953 3643/5968 3644/5969
f 3641/5961 3644/5970 3534/5971 3475/5962
f 3644/5970 3643/5972 3645/5973 3646/5974
f 3644/5970 3646/5974 3647/5975 3534/5971
f 3647/5975 3646/5974 3648/5976 3649/5977
f 3647/5975 3649/5977 3499/5731 3501/5733
f 3647/5975 3501/5733 3535/5978 3534/5971
f 3649/5977 3648/5976 3507/5740 3650/5979
f 3649/5977 3650/5979 3500/5732 3499/5731
f 3650/5979 3507/5740 3506/5739 3651/5980
f 3650/5979 3651/5980 3652/5981 3500/5732
f 3652/5981 3653/5982 3654/5983 3655/5984
f 3652/5981 3655/5984 3496/5728 3500/5732
f 3652/5981 3651/5980 3656/5985 3653/5982
f 3656/5985 3657/5986 3658/5987 3653/5982
f 3656/5985 3651/5980 3506/5739 3505/5738
f 3656/5985 3505/5738 3659/5988 3657/5986
f 3659/5988 3660/5989 3661/5990 3657/5986
f 3659/5988 3505/5738 3504/5737 3662/5991
f 3659/5988 3662/5991 3663/5992 3660/5989
f 3663/5992 3664/5993 3665/5994 3660/5989
f 3663/5992 3662/5991 3666/5995 3667/5996
f 3663/5992 3667/5996 3668/5997 3664/5993
f 3668/5997 3669/5998 3670/5999 3664/5993
f 3668/6000 3667/6001 3671/6002 3672/6003
f 3668/6000 3672/6003 3673/6004 3669/6005
f 3673/6006 3674/6007 3675/6008 3669/6009
f 3673/6004 3672/6003 3629/5943 3627/5942
f 3673/6006 3627/5939 3626/5938 3674/6007
f 3675/6008 3676/6010 3677/6011 3678/6012
f 3675/6008 3678/6012 3670/6013 3669/6009
f 3675/6008 3674/6007 3679/6014 3676/6010
f 3679/6014 3680/6015 3681/6016 3676/6010
f 3679/6014 3674/6007 3626/5938 3625/5937
f 3679/6014 3625/5937 3682/6017 3680/6015
f 3682/6017 3621/6018 3616/5918 3683/6019
f 3682/6017 3683/6019 3511/5745 3680/6015
f 3682/6020 3625/6021 3622/5930 3621/5929
f 3683/6019 3616/5918 3614/5916 3613/5915
f 3683/6019 3613/5915 3512/5746 3511/5745
f 3681/6022 3510/6023 3509/6024 3684/6025
f 3681/6022 3684/6025 3677/6026 3676/6027
f 3681/6016 3680/6015 3511/5745 3510/5744
f 3684/6025 3509/6024 3599/6028 3598/6029
f 3684/6025 3598/6029 3685/6030 3677/6026
f 3685/6030 3598/6029 3594/5895 3593/5894
f 3685/6031 3593/6032 3686/6033 3687/6034
f 3685/6031 3687/6034 3678/6012 3677/6011
f 3687/6034 3686/6033 3688/6035 3689/6036
f 3687/6034 3689/6036 3670/6013 3678/6012
f 3689/6037 3688/6038 3690/6039 3665/6040
f 3689/6041 3665/5994 3664/5993 3670/5999
f 3690/6039 3688/6038 3691/6042 3692/6043
f 3690/6044 3692/6045 3693/6046 3661/5990
f 3690/6044 3661/5990 3660/5989 3665/5994
f 3693/6046 3692/6045 3582/6047 3694/6048
f 3693/6046 3694/6048 3695/6049 3658/5987
f 3693/6046 3658/5987 3657/5986 3661/5990
f 3695/6049 3694/6048 3696/6050 3697/6051
f 3695/6049 3697/6051 3698/6052 3654/5983
f 3695/6049 3654/5983 3653/5982 3658/5987
f 3698/6052 3697/6051 3699/6053 3700/6054
f 3698/6052 3700/6054 3701/6055 3702/6056
f 3698/6052 3702/6056 3655/5984 3654/5983
f 3702/6056 3701/6055 3703/6057 3497/5729
f 3702/6056 3497/5729 3496/5728 3655/5984
f 3703/6058 3701/6059 3704/6060 3705/6061
f 3703/6058 3705/6061 3706/6062 3707/6063
f 3703/6057 3707/6064 3498/5730 3497/5729
f 3707/6063 3706/6062 3482/6065 3535/6066
f 3707/6064 3535/5978 3501/5733 3498/5730
f 3705/6061 3704/6060 3708/6067 3526/6068
f 3708/6069 3555/5837 3558/5836 3567/5851
f 3708/6069 3567/5851 3527/5771 3526/5770
f 3708/6067 3704/6060 3556/5832 3555/5831
f 3704/6060 3701/6059 3700/6070 3556/5832
f 3700/6070 3699/6071 3557/5833 3556/5832
f 3697/6051 3696/6050 3709/6072 3699/6053
f 3694/6048 3582/6047 3492/6073 3696/6050
f 3692/6043 3691/6042 3583/5879 3582/5878
f 3691/6074 3588/5887 3585/5884 3583/5883
f 3691/6074 3688/6035 3686/6033 3588/5887
f 3686/6033 3593/6032 3589/5888 3588/5887
f 3672/6003 3671/6002 3631/5945 3629/5943
f 3671/6075 3667/5996 3666/5995 3710/6076
f 3671/6002 3710/6077 3633/5947 3631/5945
f 3710/6076 3666/5995 3503/5736 3711/6078
f 3710/6077 3711/6079 3712/6080 3633/5947
f 3712/6081 3711/6078 3713/6082 3645/5973
f 3712/6080 3645/6083 3643/5968 3636/5950
f 3712/6080 3636/5950 3634/5948 3633/5947
f 3713/6082 3711/6078 3503/5736 3502/5735
f 3713/6082 3502/5735 3507/5740 3648/5976
f 3713/6082 3648/5976 3646/5974 3645/5973
f 3666/5995 3662/5991 3504/5737 3503/5736
f 3643/5968 3639/5953 3637/5951 3636/5950
f 3613/5915 3609/5911 3513/5747 3512/5746
f 3612/5914 3544/6084 3551/5825 3714/6085
f 3612/5914 3714/6085 3608/5910 3607/5909
f 3612/5914 3611/5913 3479/5810 3544/6084
f 3714/6085 3551/5825 3550/5824 3715/6086
f 3714/6085 3715/6086 3716/6087 3608/5910
f 3716/6087 3715/6086 3560/5841 3565/5846
f 3716/6087 3565/5846 3717/6088 3604/5906
f 3716/6087 3604/5906 3603/5905 3608/5910
f 3717/6088 3565/5846 3564/5845 3718/6089
f 3717/6088 3718/6089 3581/5876 3719/6090
f 3717/6088 3719/6090 3605/5907 3604/5906
f 3719/6090 3581/5876 3580/5875 3720/6091
f 3719/6090 3720/6091 3597/5899 3605/5907
f 3720/6091 3580/5875 3721/6092 3592/5891
f 3720/6091 3592/5891 3591/5890 3597/5899
f 3721/6092 3584/5881 3587/5886 3592/5891
f 3718/6089 3564/5845 3563/5844 3722/6093
f 3718/6089 3722/6093 3578/5873 3581/5876
f 3722/6093 3563/5844 3577/5870 3574/5867
f 3722/6093 3574/5867 3573/5866 3578/5873
f 3715/6086 3550/5824 3561/5842 3560/5841
f 3577/5870 3563/5844 3562/5843 3723/6094
f 3723/6094 3562/5843 3561/5842 3724/6095
f 3724/6096 3530/5777 3525/5768 3725/6097
f 3724/6095 3561/5842 3550/5824 3549/5823
f 3724/6096 3549/5826 3531/5778 3530/5777
f 3576/5869 3726/6098 3554/5829 3553/5828
f 3576/5869 3553/5828 3552/5827 3570/5861
f 3571/5862 3570/5861 3552/5827 3727/6099
f 3727/6099 3552/5827 3528/5772 3566/5850
f 3567/5851 3566/5850 3528/5772 3527/5771
f 3486/6100 3568/6101 3584/6102 3721/6103
f 3486/5849 3558/5836 3489/5835 3568/5853
f 3551/5825 3544/6084 3481/6104 3548/5822
f 3480/5821 3547/6105 3532/5793 3538/5792
f 3547/5815 3542/5804 3537/5791 3536/5790
f 3470/6106 3471/5761 3520/5764 3518/5934
f 3487/5880 3709/6107 3696/6108 3492/5877
f 3489/5835 3483/5834 3559/6109 3488/5854
f 3725/6097 3525/5768 3524/5767
f 3723/6110 3724/6111 3725/6112
f 3540/6113 3539/6114 3729/6115 3728/6116
f 3482/6065 3706/6062 3729/6115 3539/6114
f 3728/6116 3729/6115 3706/6062 3705/6061
f 3526/6068 3540/6113 3728/6116 3705/6061
f 3493/5847 3485/5838 3557/5833
f 3493/5847 3557/5833 3699/6071
f 3493/5847 3699/6071 3709/5855
f 3493/5847 3709/5855 3488/5848
f 3486/6100 3721/6103 3580/6117 3491/6118
f 3571/5862 3727/6099 3566/5850
f 3571/5862 3566/5850 3486/5849
f 3571/6119 3486/6120 3491/6121
f 3571/6122 3491/6123 3579/6124
f 3730/6125 3748/6126 3749/6127 3733/6128
f 3731/6129 3734/6130 3735/6131 3750/6132
f 3732/6133 3751/6134 3748/6126 3730/6125
f 3733/6135 3749/6136 3752/6137 3734/6138
f 3734/6130 3753/6139 3754/6140 3735/6131
f 3734/6130 3752/6141 3755/6142 3753/6139
f 3735/6143 3754/6144 3756/6145 3750/6146
f 3732/6147 3750/6146 3756/6145 3751/6148
f 3757/6149 3758/6150 3759/6151 3760/6152
f 3736/6153 3761/6154 3762/6155 3763/6156
f 3736/6153 3764/6157 3765/6158 3766/6159
f 3736/6153 3763/6156 3767/6160 3764/6157
f 3737/6161 3744/6162 3740/6163 3770/6164
f 3737/6165 3770/6166 3771/6167 3772/6168
f 3738/6169 3773/6170 3774/6171 3771/6167
f 3738/6172 3771/6173 3770/6174 3741/6175
f 3738/6176 3741/6177 3775/6178 3773/6179
f 3739/6180 3776/6181 3777/6182 3778/6183
f 3739/6184 3742/6185 3781/6186 3776/6187
f 3740/6163 3775/6188 3741/6189 3770/6164
f 3740/6163 3744/6162 3782/6190 3783/6191
f 3740/6163 3783/6191 3777/6192 3775/6188
f 3742/6185 3739/6184 3780/6193 3784/6194
f 3742/6185 3784/6194 3785/6195 3781/6186
f 3743/6196 3778/6197 3777/6192 3783/6191
f 3743/6196 3786/6198 3787/6199 3778/6197
f 3743/6196 3783/6191 3782/6190 3786/6198
f 3744/6162 3788/6200 3789/6201 3782/6190
f 3744/6162 3769/6202 3768/6203 3788/6200
f 3745/6204 3746/6205 3758/6150 3790/6206
f 3745/6204 3790/6206 3791/6207 3792/6208
f 3746/6209 3762/6155 3793/6210 3747/6211
f 3793/6212 3794/6213 3795/6214 3747/6215
f 3793/6210 3762/6155 3761/6154 3796/6216
f 3793/6210 3796/6216 3797/6217 3794/6218
f 3797/6217 3756/6145 3754/6144 3794/6218
f 3797/6217 3796/6216 3798/6219 3799/6220
f 3797/6217 3799/6220 3751/6148 3756/6145
f 3799/6221 3798/6222 3800/6223 3801/6224
f 3799/6221 3801/6224 3748/6126 3751/6134
f 3801/6224 3800/6223 3802/6225 3803/6226
f 3801/6224 3803/6226 3749/6127 3748/6126
f 3803/6226 3802/6225 3804/6227 3805/6228
f 3803/6229 3805/6230 3752/6231 3749/6232
f 3805/6233 3804/6234 3806/6235 3807/6236
f 3805/6237 3807/6238 3755/6142 3752/6141
f 3807/6236 3806/6235 3760/6152 3759/6151
f 3807/6238 3759/6239 3808/6240 3755/6142
f 3808/6240 3759/6239 3758/6241 3746/6242
f 3808/6243 3746/6244 3747/6245 3795/6246
f 3808/6240 3795/6247 3753/6139 3755/6142
f 3806/6235 3804/6234 3809/6248 3810/6249
f 3806/6235 3810/6249 3811/6250 3760/6152
f 3811/6250 3810/6249 3812/6251 3813/6252
f 3811/6250 3813/6252 3814/6253 3815/6254
f 3811/6250 3815/6254 3757/6149 3760/6152
f 3815/6254 3814/6253 3791/6207 3790/6206
f 3815/6254 3790/6206 3758/6150 3757/6149
f 3814/6253 3813/6252 3816/6255 3785/6195
f 3814/6253 3785/6195 3784/6194 3791/6207
f 3816/6255 3813/6252 3812/6251 3772/6168
f 3816/6255 3772/6168 3771/6167 3774/6171
f 3816/6255 3774/6171 3781/6186 3785/6195
f 3812/6251 3810/6249 3809/6248 3817/6256
f 3812/6251 3817/6256 3737/6165 3772/6168
f 3817/6257 3809/6258 3818/6259 3819/6260
f 3817/6257 3819/6260 3768/6261 3737/6262
f 3819/6263 3818/6264 3820/6265 3821/6266
f 3819/6263 3821/6266 3788/6200 3768/6203
f 3821/6266 3820/6265 3822/6267 3823/6268
f 3821/6266 3823/6268 3789/6201 3788/6200
f 3823/6268 3822/6267 3761/6154 3736/6153
f 3823/6268 3736/6153 3766/6159 3789/6201
f 3822/6267 3798/6219 3796/6216 3761/6154
f 3822/6269 3820/6270 3800/6223 3798/6222
f 3820/6270 3818/6259 3802/6225 3800/6223
f 3818/6259 3809/6258 3804/6227 3802/6225
f 3795/6214 3794/6213 3754/6271 3753/6272
f 3824/6273 3792/6274 3780/6275 3779/6276
f 3824/6277 3779/6278 3778/6197 3787/6199
f 3792/6208 3791/6207 3784/6194 3780/6193
f 3789/6201 3766/6159 3786/6198 3782/6190
f 3787/6199 3786/6198 3766/6159 3765/6158
f 3781/6186 3774/6171 3773/6170 3776/6187
f 3777/6182 3776/6181 3773/6179 3775/6178
f 3739/6180 3778/6183 3779/6279 3780/6280
f 3731/6281 3750/6146 3732/6147
f 3731/6282 3732/6133 3730/6125
f 3731/6282 3730/6125 3733/6128
f 3731/6283 3733/6135 3734/6138
f 3792/6284 3824/6285 3787/6286 3765/6287
f 3763/6288 3745/6289 3792/6284 3765/6287
f 3763/6156 3762/6155 3746/6209 3745/6290
f 3737/6291 3768/6292 3769/6293 3744/6294
f 3825/6295 3826/6296 3827/6297 3828/6298
f 3825/6295 3828/6298 3829/6299 3830/6300
f 3825/6295 3830/6300 3831/6301 3826/6296
f 3831/6301 3832/6302 3833/6303 3826/6296
f 3833/6303 3834/6304 3827/6297 3826/6296
f 3835/6305 3836/6306 3837/6307 3838/6308
f 3835/6305 3838/6308 3839/6309 3840/6310
f 3835/6305 3840/6310 3841/6311 3842/6312
f 3835/6305 3842/6312 3843/6313 3844/6314
f 3843/6313 3842/6312 3845/6315 3846/6316
f 3843/6317 3846/6318 3847/6319 3848/6320
f 3845/6315 3842/6312 3841/6311 3849/6321
f 3837/6322 3836/6323 3835/6324
f 3837/6307 3835/6305 3844/6314
f 3837/6325 3844/6326 3843/6327
f 3837/6328 3843/6329 3848/6330
f 3850/6331 3851/6332 3852/6333 3853/6334
f 3853/6335 3852/6336 3854/6337 3855/6338
f 3855/6338 3854/6337 3856/6339 3857/6340
f 3857/6340 3856/6339 3858/6341 3859/6342
f 3859/6342 3858/6341 3860/6343 3861/6344
f 3861/6344 3860/6343 3862/6345 3863/6346
f 3863/6346 3862/6345 3864/6347 3865/6348
f 3864/6347 3862/6345 3866/6349 3867/6350
f 3866/6349 3868/6351 3869/6352 3867/6350
f 3866/6349 3862/6345 3860/6343 3870/6353
f 3866/6349 3870/6353 3871/6354 3868/6351
f 3873/6355 3874/6356 3868/6351 3871/6354
f 3871/6354 3872/6357 3873/6355
f 3871/6354 3870/6353 3875/6358
f 3875/6358 3856/6339 3854/6337 3876/6359
f 3875/6358 3876/6359 3872/6357 3871/6354
f 3876/6359 3877/6360 3878/6361 3872/6357
f 3878/6361 3879/6362 3873/6355 3872/6357
f 3879/6362 3880/6363 3881/6364 3873/6355
f 3881/6364 3882/6365 3874/6356 3873/6355
f 3883/6366 3884/6367 3874/6356 3882/6365
f 3884/6367 3869/6352 3868/6351 3874/6356
f 3885/6368 3886/6369 3887/6370
f 3875/6358 3870/6353 3860/6343 3858/6341
f 3858/6341 3856/6339 3875/6358
f 3877/6360 3876/6359 3854/6337 3852/6336
f 3883/6366 3882/6365 3881/6364 3880/6363
f 3851/6332 3850/6331 3853/6334
f 3888/6371 3894/6372 3895/6373 3896/6374
f 3889/6375 3897/6376 3898/6377 3899/6378
f 3890/6379 3900/6380 3901/6381 3902/6382
f 3890/6383 3902/6384 3892/6385 3893/6386
f 3890/6379 3903/6387 3904/6388 3900/6380
f 3891/6389 3905/6390 3904/6388 3903/6387
f 3905/6390 3906/6391 3907/6392 3904/6388
f 3907/6392 3908/6393 3900/6380 3904/6388
f 3907/6392 3906/6391 3909/6394 3910/6395
f 3907/6392 3910/6395 3911/6396 3908/6393
f 3911/6396 3912/6397 3913/6398 3908/6393
f 3911/6396 3910/6395 3898/6377 3895/6373
f 3911/6396 3895/6373 3894/6372 3912/6397
f 3913/6398 3901/6381 3900/6380 3908/6393
f 3910/6395 3909/6394 3899/6378 3898/6377
f 3898/6377 3897/6376 3896/6374 3895/6373
f 3920/6399 3921/6400 3922/6401 3923/6402
f 3924/6403 3925/6404 3926/6405 3927/6406
f 3914/6407 3928/6408 3929/6409 3930/6410
f 3914/6411 3930/6412 3931/6413 3915/6414
f 3914/6415 3915/6416 3932/6417 3928/6418
f 3915/6419 3931/6420 3933/6421 3932/6422
f 3916/6423 3934/6424 3935/6425 3936/6426
f 3916/6423 3937/6427 3938/6428 3934/6424
f 3916/6423 3936/6426 3927/6406 3937/6427
f 3917/6429 3939/6430 3940/6431 3941/6432
f 3917/6429 3941/6432 3942/6433 3923/6402
f 3917/6429 3923/6402 3922/6401 3939/6430
f 3918/6434 3943/6435 3944/6436 3945/6437
f 3918/6434 3946/6438 3947/6439 3943/6435
f 3918/6434 3945/6437 3948/6440 3946/6438
f 3919/6441 3949/6442 3940/6431 3950/6443
f 3919/6441 3951/6444 3952/6445 3949/6442
f 3919/6441 3950/6443 3953/6446 3951/6444
f 3953/6446 3950/6443 3954/6447 3955/6448
f 3953/6449 3955/6450 3956/6451 3957/6452
f 3953/6453 3957/6454 3958/6455 3951/6456
f 3958/6457 3959/6458 3952/6445 3951/6444
f 3958/6459 3957/6460 3960/6461 3961/6462
f 3958/6459 3961/6462 3962/6463 3959/6464
f 3962/6463 3946/6438 3948/6440 3963/6465
f 3962/6463 3963/6465 3964/6466 3959/6464
f 3962/6463 3961/6462 3947/6439 3946/6438
f 3964/6467 3963/6468 3965/6469 3966/6470
f 3964/6471 3966/6472 3967/6473 3968/6474
f 3964/6471 3968/6474 3952/6445 3959/6458
f 3968/6474 3967/6473 3969/6475 3970/6476
f 3968/6474 3970/6476 3949/6442 3952/6445
f 3970/6476 3969/6475 3942/6433 3941/6432
f 3970/6476 3941/6432 3940/6431 3949/6442
f 3969/6475 3967/6473 3971/6477 3972/6478
f 3969/6475 3972/6478 3973/6479 3942/6433
f 3973/6479 3972/6478 3974/6480 3975/6481
f 3973/6479 3975/6481 3921/6400 3920/6399
f 3973/6479 3920/6399 3923/6402 3942/6433
f 3975/6482 3974/6483 3976/6484 3977/6485
f 3975/6481 3977/6486 3978/6487 3921/6400
f 3978/6487 3977/6486 3979/6488 3980/6489
f 3978/6487 3980/6489 3981/6490 3982/6491
f 3978/6487 3982/6491 3922/6401 3921/6400
f 3982/6491 3954/6447 3939/6430 3922/6401
f 3982/6491 3981/6490 3955/6448 3954/6447
f 3981/6492 3980/6493 3983/6494 3984/6495
f 3981/6496 3984/6497 3956/6498 3955/6499
f 3984/6495 3983/6494 3985/6500 3986/6501
f 3984/6495 3986/6501 3987/6502 3956/6503
f 3987/6502 3960/6461 3957/6460 3956/6503
f 3987/6502 3986/6501 3925/6404 3988/6504
f 3987/6502 3988/6504 3989/6505 3960/6461
f 3989/6505 3947/6439 3961/6462 3960/6461
f 3989/6505 3988/6504 3990/6506 3991/6507
f 3989/6505 3991/6507 3943/6435 3947/6439
f 3991/6507 3990/6506 3936/6426 3935/6425
f 3991/6507 3935/6425 3944/6436 3943/6435
f 3990/6506 3988/6504 3925/6404 3924/6403
f 3990/6506 3924/6403 3927/6406 3936/6426
f 3986/6501 3985/6500 3926/6405 3925/6404
f 3985/6500 3992/6508 3993/6509 3926/6405
f 3985/6500 3983/6494 3994/6510 3992/6508
f 3994/6510 3995/6511 3996/6512 3992/6508
f 3994/6510 3983/6494 3980/6493 3979/6513
f 3994/6510 3979/6513 3997/6514 3995/6511
f 3997/6514 3998/6515 3999/6516 3995/6511
f 3997/6517 3979/6518 3977/6485 3976/6484
f 3997/6517 3976/6484 4000/6519 3998/6520
f 4000/6519 3929/6409 3928/6408 3998/6520
f 4000/6519 3976/6484 3974/6483 4001/6521
f 4000/6519 4001/6521 4002/6522 3929/6409
f 4002/6522 4003/6523 3930/6410 3929/6409
f 4002/6524 4001/6525 3971/6477 4004/6526
f 4002/6522 4004/6527 4005/6528 4003/6523
f 4005/6529 4006/6530 4007/6531 4003/6532
f 4005/6533 4004/6526 3966/6472 3965/6534
f 4005/6535 3965/6536 4008/6537 4006/6538
f 4008/6539 4009/6540 4010/6541 4006/6542
f 4008/6543 3965/6544 3963/6465 3948/6440
f 4008/6543 3948/6440 3945/6437 4009/6545
f 4010/6541 4011/6546 4012/6547 4013/6548
f 4010/6541 4013/6548 4007/6549 4006/6542
f 4010/6541 4009/6540 4014/6550 4011/6546
f 4014/6550 3934/6551 3938/6552 4011/6546
f 4014/6553 4009/6545 3945/6437 3944/6436
f 4014/6553 3944/6436 3935/6425 3934/6424
f 4013/6548 4012/6547 4015/6554 3933/6421
f 4013/6548 3933/6421 3931/6420 4007/6549
f 4015/6554 4012/6547 4016/6555 3996/6556
f 4015/6554 3996/6556 3995/6557 3999/6558
f 4015/6554 3999/6558 3932/6422 3933/6421
f 4016/6555 4012/6547 4011/6546 3938/6552
f 4016/6559 3938/6428 3937/6427 3993/6509
f 4016/6559 3993/6509 3992/6508 3996/6512
f 4007/6531 3931/6413 3930/6412 4003/6532
f 4004/6526 3971/6477 3967/6473 3966/6472
f 4001/6525 3974/6480 3972/6478 3971/6477
f 3999/6516 3998/6515 3928/6418 3932/6417
f 3993/6509 3937/6427 3927/6406 3926/6405
f 3954/6447 3950/6443 3940/6431 3939/6430
f 4017/6560 4018/6561 4019/6562 4020/6563
f 4017/6564 4021/6565 4022/6566 4023/6567
f 4017/6564 4023/6567 4024/6568 4018/6569
f 4024/6570 4025/6571 4026/6572 4027/6573
f 4024/6570 4027/6573 4028/6574 4018/6575
f 4024/6570 4023/6576 4029/6577 4025/6571
f 4029/6578 4023/6579 4022/6580 4030/6581
f 4030/6581 4022/6580 4031/6582 4032/6583
f 4031/6582 4022/6580 4021/6584 4033/6585
f 4028/6574 4034/6586 4019/6587 4018/6575
f 4033/6585 4021/6584 4017/6560 4020/6563
f 4035/6588 4036/6589 4037/6590 4038/6591
f 4035/6588 4039/6592 4040/6593 4036/6589
f 4035/6588 4038/6591 4041/6594 4039/6592
f 4041/6594 4042/6595 4043/6596 4044/6597
f 4041/6594 4044/6597 4045/6598 4039/6592
f 4041/6594 4038/6591 4046/6599 4042/6595
f 4046/6599 4047/6600 4048/6601 4042/6595
f 4046/6599 4038/6591 4037/6590 4049/6602
f 4046/6599 4049/6602 4050/6603 4047/6600
f 4050/6603 4051/6604 4052/6605 4047/6600
f 4052/6605 4053/6606 4054/6607 4055/6608
f 4052/6605 4055/6608 4048/6601 4047/6600
f 4055/6608 4054/6607 4056/6609 4057/6610
f 4055/6608 4057/6610 4058/6611 4048/6601
f 4058/6611 4043/6596 4042/6595 4048/6601
f 4059/6612 4056/6609 4054/6607
f 4045/6598 4060/6613 4040/6593 4039/6592
f 4061/6614 4074/6615 4075/6616 4076/6617
f 4061/6618 4062/6619 4070/6620 4077/6621
f 4061/6618 4077/6621 4078/6622 4079/6623
f 4061/6614 4076/6617 4080/6624 4081/6625
f 4063/6626 4082/6627 4078/6628 4077/6629
f 4063/6626 4077/6629 4083/6630 4084/6631
f 4064/6632 4085/6633 4086/6634 4087/6635
f 4064/6636 4088/6637 4089/6638 4085/6639
f 4064/6632 4087/6635 4090/6640 4088/6641
f 4091/6642 4092/6643 4093/6644 4094/6645
f 4065/6646 4095/6647 4093/6648 4096/6649
f 4065/6650 4087/6635 4086/6634 4095/6651
f 4065/6652 4096/6653 4097/6654 4098/6655
f 4066/6656 4073/6657 4099/6658 4072/6659
f 4067/6660 4066/6656 4072/6659 4100/6661
f 4067/6660 4100/6661 4101/6662 4102/6663
f 4067/6660 4102/6663 4103/6664 4104/6665
f 4067/6666 4071/6667 4105/6668 4066/6669
f 4068/6670 4106/6671 4107/6672 4108/6673
f 4069/6674 4109/6675 4110/6676 4111/6677
f 4069/6674 4112/6678 4075/6616 4074/6615
f 4070/6679 4113/6680 4104/6665 4103/6664
f 4070/6681 4103/6682 4083/6683 4077/6684
f 4072/6659 4099/6658 4114/6685 4100/6661
f 4073/6686 4115/6687 4116/6688 4099/6689
f 4073/6690 4117/6691 4118/6692 4115/6693
f 4073/6694 4119/6695 4120/6696 4117/6697
f 4073/6694 4121/6698 4110/6676 4119/6695
f 4124/6699 4098/6655 4125/6700 4122/6701
f 4124/6702 4123/6703 4065/6704 4098/6705
f 4125/6700 4126/6706 4089/6707 4088/6708
f 4125/6700 4088/6708 4090/6709 4122/6701
f 4125/6700 4098/6655 4097/6654 4126/6706
f 4126/6710 4127/6711 4128/6712 4089/6638
f 4126/6710 4097/6713 4129/6714 4127/6711
f 4129/6714 4130/6715 4131/6716 4127/6711
f 4129/6714 4097/6713 4096/6717 4132/6718
f 4129/6714 4132/6718 4133/6719 4130/6715
f 4133/6719 4134/6720 4135/6721 4130/6715
f 4133/6719 4132/6718 4092/6722 4136/6723
f 4133/6724 4136/6725 4137/6726 4134/6727
f 4137/6726 4118/6728 4117/6729 4134/6727
f 4137/6730 4136/6731 4138/6732 4139/6733
f 4137/6730 4139/6733 4140/6734 4118/6735
f 4140/6736 4141/6737 4115/6738 4118/6739
f 4140/6734 4139/6733 4142/6740 4143/6741
f 4140/6736 4143/6742 4144/6743 4141/6737
f 4144/6743 4145/6744 4146/6745 4141/6737
f 4144/6743 4143/6742 4147/6746 4148/6747
f 4144/6743 4148/6747 4082/6627 4145/6744
f 4148/6747 4147/6746 4149/6748 4150/6749
f 4148/6747 4150/6749 4078/6628 4082/6627
f 4150/6750 4149/6751 4151/6752 4152/6753
f 4150/6754 4152/6755 4079/6623 4078/6622
f 4152/6756 4151/6757 4153/6758 4154/6759
f 4152/6756 4154/6759 4155/6760 4079/6761
f 4155/6760 4074/6615 4061/6614 4079/6761
f 4155/6760 4154/6759 4156/6762 4109/6675
f 4155/6760 4109/6675 4069/6674 4074/6615
f 4156/6762 4154/6759 4153/6758 4157/6763
f 4156/6762 4157/6763 4120/6696 4119/6695
f 4156/6762 4119/6695 4110/6676 4109/6675
f 4157/6764 4153/6765 4158/6766 4159/6767
f 4157/6764 4159/6767 4135/6721 4120/6768
f 4159/6767 4158/6766 4160/6769 4131/6716
f 4159/6767 4131/6716 4130/6715 4135/6721
f 4160/6769 4158/6766 4161/6770 4162/6771
f 4160/6769 4162/6771 4163/6772 4128/6712
f 4160/6769 4128/6712 4127/6711 4131/6716
f 4163/6773 4162/6774 4164/6775 4165/6776
f 4163/6777 4165/6778 4086/6634 4085/6633
f 4163/6772 4085/6639 4089/6638 4128/6712
f 4165/6776 4164/6775 4166/6779 4167/6780
f 4165/6778 4167/6781 4095/6651 4086/6634
f 4167/6780 4166/6779 4168/6782 4094/6783
f 4167/6781 4094/6784 4093/6785 4095/6651
f 4168/6782 4142/6740 4139/6733 4138/6732
f 4168/6782 4138/6732 4091/6786 4094/6783
f 4168/6782 4166/6779 4169/6787 4142/6740
f 4169/6787 4147/6788 4143/6741 4142/6740
f 4169/6787 4166/6779 4164/6775 4170/6789
f 4169/6787 4170/6789 4149/6790 4147/6788
f 4170/6789 4164/6775 4162/6774 4161/6791
f 4170/6792 4161/6793 4151/6752 4149/6751
f 4161/6770 4158/6766 4153/6765 4151/6794
f 4146/6745 4171/6795 4172/6796 4116/6797
f 4146/6745 4116/6797 4115/6738 4141/6737
f 4146/6745 4145/6744 4084/6631 4171/6795
f 4172/6798 4173/6799 4174/6800 4114/6801
f 4172/6798 4114/6801 4099/6689 4116/6688
f 4175/6802 4083/6683 4103/6682 4102/6803
f 4175/6804 4171/6795 4084/6631 4083/6630
f 4145/6744 4082/6627 4063/6626 4084/6631
f 4138/6805 4136/6806 4092/6807 4091/6808
f 4135/6721 4134/6720 4117/6809 4120/6768
f 4132/6810 4096/6811 4093/6812 4092/6813
f 4123/6814 4090/6640 4087/6635 4065/6650
f 4176/6815 4177/6816 4076/6617 4075/6616
f 4177/6816 4178/6817 4080/6624 4076/6617
f 4114/6818 4174/6819 4101/6820 4100/6821
f 4071/6667 4067/6666 4104/6822 4068/6823
f 4090/6824 4123/6703 4124/6702 4122/6825
f 4121/6826 4073/6827 4066/6669 4105/6668
f 4111/6677 4110/6676 4121/6698
f 4112/6678 4069/6674 4111/6677
f 4176/6815 4075/6616 4112/6678
f 4106/6828 4068/6829 4108/6830
f 4105/6668 4071/6667 4068/6823
f 4105/6831 4068/6832 4104/6833
f 4105/6834 4104/6835 4113/6836
f 4113/6837 4070/6838 4062/6839
f 4113/6840 4062/6841 4061/6842
f 4113/6843 4061/6844 4081/6845
f 4179/6846 4181/6847 4194/6848 4195/6849
f 4179/6846 4195/6849 4196/6850 4197/6851
f 4179/6846 4197/6851 4182/6852 4181/6847
f 4180/6853 4182/6852 4197/6851 4198/6854
f 4180/6855 4198/6856 4183/6857 4199/6858
f 4180/6855 4199/6858 4181/6859 4182/6860
f 4200/6861 4194/6862 4181/6863 4201/6864
f 4181/6859 4199/6858 4202/6865 4201/6866
f 4183/6857 4198/6856 4203/6867 4204/6868
f 4183/6857 4204/6868 4202/6865 4199/6858
f 4184/6869 4205/6870 4206/6871 4190/6872
f 4184/6873 4190/6874 4207/6875 4193/6876
f 4185/6877 4187/6878 4184/6879 4193/6880
f 4184/6881 4187/6882 4208/6883 4205/6884
f 4188/6885 4212/6886 4213/6887 4214/6888
f 4188/6889 4214/6890 4205/6884 4208/6883
f 4189/6891 4215/6892 4216/6893 4192/6894
f 4189/6895 4217/6896 4218/6897 4219/6898
f 4189/6895 4192/6899 4220/6900 4217/6896
f 4190/6901 4221/6902 4216/6903 4207/6904
f 4190/6901 4222/6905 4223/6906 4221/6902
f 4192/6894 4216/6893 4221/6907 4220/6908
f 4193/6876 4207/6875 4224/6909 4185/6910
f 4224/6909 4211/6911 4191/6912 4185/6910
f 4224/6913 4207/6904 4216/6903 4215/6914
f 4224/6913 4215/6914 4209/6915 4211/6916
f 4223/6917 4222/6918 4225/6919 4226/6920
f 4223/6921 4226/6922 4227/6923 4228/6924
f 4223/6925 4228/6926 4220/6927 4221/6928
f 4228/6924 4227/6923 4229/6929 4230/6930
f 4228/6924 4230/6930 4217/6931 4220/6932
f 4230/6930 4229/6929 4231/6933 4232/6934
f 4230/6930 4232/6934 4218/6935 4217/6931
f 4232/6936 4231/6937 4233/6938 4234/6939
f 4232/6936 4234/6939 4235/6940 4218/6941
f 4235/6942 4213/6943 4219/6898 4218/6897
f 4235/6944 4234/6945 4236/6946 4237/6947
f 4235/6948 4237/6949 4214/6950 4213/6951
f 4237/6947 4236/6946 4238/6952 4206/6953
f 4237/6947 4206/6953 4205/6884 4214/6890
f 4238/6952 4236/6946 4239/6954 4240/6955
f 4238/6952 4240/6955 4225/6919 4222/6918
f 4238/6952 4222/6918 4190/6956 4206/6953
f 4240/6955 4239/6954 4241/6957 4242/6958
f 4240/6955 4242/6958 4243/6959 4225/6919
f 4243/6959 4242/6958 4195/6849 4194/6848
f 4243/6959 4194/6848 4200/6960 4244/6961
f 4243/6959 4244/6961 4226/6920 4225/6919
f 4244/6962 4200/6963 4201/6866 4245/6964
f 4244/6962 4245/6964 4227/6923 4226/6922
f 4245/6964 4201/6866 4202/6865 4246/6965
f 4245/6964 4246/6965 4229/6929 4227/6923
f 4246/6965 4202/6865 4204/6868 4247/6966
f 4246/6965 4247/6966 4231/6933 4229/6929
f 4247/6966 4204/6868 4203/6867 4248/6967
f 4247/6968 4248/6969 4233/6938 4231/6937
f 4248/6970 4203/6971 4196/6850 4241/6957
f 4248/6970 4241/6957 4239/6954 4233/6972
f 4242/6958 4241/6957 4196/6850 4195/6849
f 4239/6954 4236/6946 4234/6945 4233/6972
f 4219/6898 4213/6943 4212/6973 4187/6974
f 4215/6975 4189/6895 4210/6976 4209/6977
f 4210/6976 4249/6978 4250/6979 4186/6980
f 4211/6911 4186/6981 4250/6982 4191/6912
f 4203/6971 4198/6854 4197/6851 4196/6850
f 4186/6983 4211/6984 4209/6985 4210/6986
f 4187/6882 4212/6987 4188/6889 4208/6883
f 4249/6978 4210/6976 4189/6895 4219/6898 4187/6974
f 4249/6988 4187/6989 4185/6990
f 4249/6991 4185/6992 4191/6993
f 4249/6991 4191/6993 4250/6994
f 4251/6995 4252/6996 4253/6997 4254/6998
f 4251/6995 4254/6998 4255/6999 4256/7000
f 4251/7001 4256/7002 4257/7003 4252/7004
f 4258/7005 4267/7006 4268/7007 4269/7008
f 4258/7009 4269/7010 4270/7011 4271/7012
f 4258/7009 4271/7012 4272/7013 4273/7014
f 4258/7005 4273/7015 4274/7016 4267/7006
f 4259/7017 4275/7018 4276/7019 4277/7020
f 4259/7017 4278/7021 4279/7022 4275/7018
f 4259/7017 4277/7020 4280/7023 4278/7021
f 4260/7024 4281/7025 4282/7026 4283/7027
f 4260/7024 4283/7027 4284/7028 4285/7029
f 4260/7024 4285/7029 4286/7030 4281/7025
f 4261/7031 4287/7032 4288/7033 4289/7034
f 4261/7031 4290/7035 4291/7036 4287/7032
f 4261/7031 4289/7034 4292/7037 4290/7035
f 4262/7038 4293/7039 4294/7040 4295/7041
f 4262/7038 4295/7041 4296/7042 4297/7043
f 4262/7038 4297/7043 4298/7044 4293/7039
f 4263/7045 4299/7046 4300/7047 4301/7048
f 4263/7045 4302/7049 4280/7023 4299/7046
f 4263/7045 4301/7048 4303/7050 4302/7049
f 4264/7051 4304/7052 4279/7022 4278/7021
f 4264/7051 4278/7021 4280/7023 4302/7049
f 4264/7051 4302/7049 4303/7050 4304/7052
f 4265/7053 4305/7054 4306/7055 4307/7056
f 4265/7053 4307/7056 4308/7057 4309/7058
f 4265/7053 4309/7058 4310/7059 4305/7054
f 4266/7060 4311/7061 4312/7062 4296/7042
f 4266/7060 4296/7042 4295/7041 4310/7059
f 4266/7060 4310/7059 4309/7058 4311/7061
f 4312/7062 4313/7063 4297/7043 4296/7042
f 4312/7062 4311/7061 4314/7064 4315/7065
f 4312/7062 4315/7065 4316/7066 4313/7063
f 4316/7066 4317/7067 4318/7068 4313/7063
f 4316/7066 4315/7065 4319/7069 4320/7070
f 4316/7066 4320/7070 4321/7071 4317/7067
f 4321/7071 4289/7072 4288/7073 4317/7067
f 4321/7071 4320/7070 4322/7074 4323/7075
f 4321/7076 4323/7077 4292/7037 4289/7034
f 4323/7075 4322/7074 4324/7078 4325/7079
f 4323/7077 4325/7080 4326/7081 4292/7037
f 4326/7081 4327/7082 4290/7035 4292/7037
f 4326/7081 4325/7080 4328/7083 4329/7084
f 4326/7081 4329/7084 4330/7085 4327/7082
f 4330/7085 4331/7086 4332/7087 4327/7082
f 4330/7088 4329/7089 4333/7090 4334/7091
f 4330/7088 4334/7091 4335/7092 4331/7093
f 4335/7092 4336/7094 4337/7095 4331/7093
f 4335/7092 4334/7091 4286/7030 4285/7029
f 4335/7092 4285/7029 4284/7028 4336/7094
f 4337/7096 4338/7097 4339/7098 4340/7099
f 4337/7096 4340/7099 4332/7100 4331/7101
f 4337/7095 4336/7094 4341/7102 4338/7103
f 4341/7104 4274/7016 4273/7015 4338/7105
f 4341/7102 4336/7094 4284/7028 4342/7106
f 4341/7102 4342/7106 4343/7107 4274/7108
f 4343/7109 4344/7110 4267/7111 4274/7112
f 4343/7107 4342/7106 4345/7113 4346/7114
f 4343/7109 4346/7115 4347/7116 4344/7110
f 4347/7116 4348/7117 4349/7118 4344/7110
f 4347/7119 4346/7120 4350/7121 4351/7122
f 4347/7116 4351/7123 4352/7124 4348/7117
f 4352/7124 4353/7125 4354/7126 4348/7117
f 4352/7124 4351/7123 4276/7127 4275/7128
f 4352/7124 4275/7128 4279/7129 4353/7125
f 4354/7130 4355/7131 4356/7132 4357/7133
f 4354/7126 4357/7134 4349/7118 4348/7117
f 4354/7130 4353/7135 4358/7136 4355/7131
f 4358/7136 4359/7137 4360/7138 4355/7131
f 4358/7136 4353/7135 4279/7022 4304/7052
f 4358/7136 4304/7052 4303/7050 4359/7137
f 4360/7138 4361/7139 4362/7140 4363/7141
f 4360/7138 4363/7141 4356/7132 4355/7131
f 4360/7138 4359/7137 4364/7142 4361/7139
f 4364/7142 4365/7143 4366/7144 4361/7139
f 4364/7142 4359/7137 4303/7050 4301/7048
f 4364/7142 4301/7048 4300/7047 4365/7143
f 4366/7145 4367/7146 4368/7147 4369/7148
f 4366/7144 4369/7149 4362/7140 4361/7139
f 4366/7144 4365/7143 4370/7150 4367/7151
f 4370/7152 4371/7153 4372/7154 4367/7146
f 4370/7150 4365/7143 4300/7047 4373/7155
f 4370/7152 4373/7156 4374/7157 4371/7153
f 4374/7157 4375/7158 4350/7159 4376/7160
f 4374/7157 4376/7160 4282/7026 4371/7153
f 4374/7157 4373/7156 4377/7161 4375/7158
f 4377/7162 4277/7020 4276/7019 4375/7163
f 4377/7162 4373/7155 4300/7047 4299/7046
f 4377/7162 4299/7046 4280/7023 4277/7020
f 4376/7160 4350/7159 4346/7114 4345/7113
f 4376/7160 4345/7113 4283/7027 4282/7026
f 4375/7163 4276/7019 4351/7122 4350/7121
f 4372/7154 4281/7025 4286/7030 4378/7164
f 4372/7154 4378/7164 4368/7147 4367/7146
f 4372/7154 4371/7153 4282/7026 4281/7025
f 4378/7164 4286/7030 4334/7091 4333/7090
f 4378/7164 4333/7090 4379/7165 4368/7147
f 4379/7165 4333/7090 4329/7089 4328/7166
f 4379/7165 4328/7166 4380/7167 4381/7168
f 4379/7165 4381/7168 4369/7148 4368/7147
f 4381/7169 4380/7170 4382/7171 4383/7172
f 4381/7169 4383/7172 4362/7140 4369/7149
f 4383/7172 4382/7171 4384/7173 4385/7174
f 4383/7172 4385/7174 4363/7141 4362/7140
f 4385/7174 4384/7173 4386/7175 4387/7176
f 4385/7174 4387/7176 4356/7132 4363/7141
f 4387/7176 4386/7175 4388/7177 4389/7178
f 4387/7176 4389/7178 4357/7133 4356/7132
f 4389/7178 4388/7177 4269/7008 4268/7007
f 4389/7179 4268/7180 4349/7118 4357/7134
f 4388/7181 4386/7182 4390/7183 4391/7184
f 4388/7185 4391/7186 4270/7187 4269/7188
f 4391/7184 4390/7183 4392/7189 4393/7190
f 4391/7184 4393/7190 4394/7191 4270/7192
f 4394/7191 4393/7190 4395/7193 4396/7194
f 4394/7195 4396/7196 4397/7197 4398/7198
f 4394/7199 4398/7200 4271/7012 4270/7011
f 4398/7200 4397/7201 4399/7202 4400/7203
f 4398/7200 4400/7203 4272/7013 4271/7012
f 4400/7203 4399/7202 4401/7204 4402/7205
f 4400/7203 4402/7205 4339/7206 4272/7013
f 4402/7207 4401/7208 4403/7209 4404/7210
f 4402/7205 4404/7211 4340/7212 4339/7206
f 4404/7213 4403/7214 4287/7032 4291/7036
f 4404/7213 4291/7036 4332/7087 4340/7215
f 4403/7209 4401/7208 4405/7216 4406/7217
f 4403/7209 4406/7217 4288/7073 4287/7218
f 4406/7217 4405/7216 4298/7044 4318/7068
f 4406/7217 4318/7068 4317/7067 4288/7073
f 4405/7216 4407/7219 4293/7039 4298/7044
f 4405/7216 4401/7208 4399/7220 4407/7219
f 4407/7219 4408/7221 4294/7040 4293/7039
f 4407/7222 4399/7202 4397/7201 4408/7223
f 4408/7221 4306/7055 4305/7054 4294/7040
f 4408/7221 4397/7197 4396/7196 4306/7055
f 4396/7196 4395/7224 4307/7056 4306/7055
f 4395/7224 4409/7225 4308/7057 4307/7056
f 4395/7193 4393/7190 4392/7189 4409/7226
f 4409/7225 4410/7227 4314/7064 4308/7057
f 4409/7225 4392/7228 4411/7229 4410/7227
f 4411/7229 4412/7230 4319/7069 4410/7227
f 4411/7229 4392/7228 4390/7231 4413/7232
f 4411/7229 4413/7232 4414/7233 4412/7230
f 4414/7233 4324/7078 4322/7074 4412/7230
f 4414/7234 4413/7235 4384/7236 4382/7237
f 4414/7238 4382/7239 4380/7240 4324/7241
f 4413/7235 4390/7242 4386/7243 4384/7236
f 4412/7230 4322/7074 4320/7070 4319/7069
f 4410/7227 4319/7069 4315/7065 4314/7064
f 4380/7240 4328/7244 4325/7245 4324/7241
f 4349/7118 4268/7180 4267/7111 4344/7110
f 4345/7113 4342/7106 4284/7028 4283/7027
f 4339/7206 4338/7246 4273/7014 4272/7013
f 4332/7087 4291/7036 4290/7035 4327/7082
f 4318/7068 4298/7044 4297/7043 4313/7063
f 4314/7064 4311/7061 4309/7058 4308/7057
f 4310/7059 4295/7041 4294/7040 4305/7054
f 4415/7247 4416/7248 4417/7249 4418/7250
f 4415/7247 4418/7250 4419/7251 4420/7252
f 4415/7247 4420/7252 4421/7253 4416/7248
f 4422/7254 4420/7252 4419/7251 4423/7255
f 4417/7249 4416/7248 4424/7256 4425/7257
f 4417/7249 4425/7257 4426/7258 4427/7259
f 4421/7253 4420/7252 4422/7254
f 4428/7260 4434/7261 4435/7262 4436/7263
f 4429/7264 4437/7265 4438/7266 4439/7267
f 4430/7268 4440/7269 4441/7270 4442/7271
f 4431/7272 4442/7271 4441/7270 4443/7273
f 4432/7274 4443/7273 4441/7270 4444/7275
f 4432/7274 4444/7275 4435/7262 4438/7266
f 4432/7274 4438/7266 4437/7265 4433/7276
f 4444/7275 4441/7270 4440/7269 4445/7277
f 4444/7275 4445/7277 4436/7263 4435/7262
f 4438/7266 4435/7262 4434/7261 4439/7267
f 4446/7278 4447/7279 4448/7280
f 4449/7281 4450/7282 4451/7283 4452/7284
f 4449/7281 4452/7284 4453/7285 4454/7286
f 4449/7287 4454/7288 4448/7280 4447/7279
f 4449/7287 4447/7279 4450/7289
f 4453/7285 4452/7284 4455/7290 4456/7291
f 4456/7291 4455/7290 4457/7292 4458/7293
f 4457/7292 4455/7290 4459/7294 4460/7295
f 4459/7294 4455/7290 4452/7284 4451/7283
f 4461/7296 4465/7297 4466/7298 4467/7299
f 4461/7296 4468/7300 4469/7301 4465/7297
f 4461/7296 4467/7299 4470/7302 4468/7300
f 4462/7303 4471/7304 4472/7305 4473/7306
f 4462/7303 4474/7307 4475/7308 4471/7304
f 4462/7303 4473/7306 4476/7309 4474/7307
f 4463/7310 4483/7311 4482/7312 4484/7313
f 4463/7314 4484/7315 4485/7316 4486/7317
f 4463/7310 4486/7318 4487/7319 4483/7311
f 4464/7320 4488/7321 4489/7322 4490/7323
f 4464/7320 4491/7324 4492/7325 4488/7321
f 4464/7320 4490/7323 4480/7326 4491/7324
f 4492/7325 4491/7324 4493/7327 4494/7328
f 4492/7325 4494/7328 4495/7329 4496/7330
f 4492/7325 4496/7330 4497/7331 4488/7321
f 4497/7331 4496/7330 4466/7298 4465/7297
f 4497/7331 4465/7297 4469/7301 4498/7332
f 4497/7331 4498/7332 4489/7322 4488/7321
f 4498/7332 4469/7301 4499/7333 4500/7334
f 4498/7335 4500/7336 4501/7337 4489/7338
f 4501/7337 4502/7339 4490/7340 4489/7338
f 4501/7341 4500/7342 4503/7343 4485/7344
f 4501/7341 4485/7344 4484/7345 4502/7346
f 4503/7343 4500/7342 4499/7347 4472/7305
f 4503/7343 4472/7305 4471/7304 4504/7348
f 4503/7343 4504/7348 4486/7349 4485/7344
f 4504/7348 4471/7304 4475/7308 4505/7350
f 4504/7351 4505/7352 4487/7319 4486/7318
f 4505/7353 4475/7354 4506/7355 4495/7356
f 4505/7352 4495/7357 4494/7358 4487/7319
f 4506/7355 4475/7354 4474/7359 4507/7360
f 4506/7361 4507/7362 4467/7363 4466/7364
f 4506/7361 4466/7364 4496/7365 4495/7366
f 4507/7360 4474/7359 4476/7367 4478/7368
f 4507/7369 4478/7370 4470/7302 4467/7299
f 4502/7339 4481/7371 4480/7372 4490/7340
f 4502/7346 4484/7345 4482/7373 4481/7374
f 4499/7333 4469/7301 4468/7300 4508/7375
f 4499/7347 4508/7376 4473/7306 4472/7305
f 4508/7375 4468/7300 4470/7302 4477/7377
f 4508/7378 4477/7379 4476/7380 4473/7381
f 4494/7358 4493/7382 4483/7311 4487/7319
f 4493/7382 4479/7383 4482/7312 4483/7311
f 4493/7327 4491/7324 4480/7326 4479/7384
f 4470/7385 4478/7386 4476/7387 4477/7388
f 4479/7389 4480/7390 4481/7391 4482/7392
