# Blender 4.5.0
# www.blender.org
mtllib tripo_convert_e6b379da-80b9-4f73-9ae9-25a13371a462.mtl
o tripo_node_e6b379da-80b9-4f73-9ae9-25a13371a462
v 0.310302 0.713409 -0.277637
v 0.267072 0.725871 -0.255011
v 0.265533 0.739962 -0.259009
v 0.228336 0.784535 -0.254780
v 0.283046 0.696574 -0.314959
v 0.305263 0.698811 -0.257317
v 0.237818 0.687716 -0.288640
v 0.241427 0.763915 -0.265189
v 0.194495 0.772832 -0.201834
v 0.167518 0.812670 -0.194464
v 0.148922 0.831121 -0.180003
v 0.158616 0.847865 -0.182762
v 0.126561 0.846391 -0.161141
v 0.181697 0.855930 0.037053
v 0.121095 0.852850 -0.171560
v 0.057003 0.848838 -0.176477
v 0.088554 0.805203 -0.240329
v 0.151322 0.822479 -0.239542
v 0.080288 0.839755 -0.227887
v 0.035438 0.734752 -0.292792
v 0.073131 0.761783 -0.333908
v 0.187092 0.739885 -0.275213
v 0.093768 0.726823 -0.304491
v 0.051269 0.715668 -0.371547
v 0.158353 0.634513 -0.402933
v 0.151732 0.641345 -0.427617
v 0.102458 0.644858 -0.378511
v 0.122160 0.640522 -0.368202
v 0.038117 0.713420 -0.332975
v 0.312061 0.583529 -0.288951
v 0.223609 0.697608 -0.282443
v 0.264916 0.685597 -0.297801
v 0.323892 0.620152 -0.272482
v 0.295209 0.624713 -0.313347
v 0.312131 0.631265 -0.355273
v 0.260346 0.554663 -0.361569
v 0.264441 0.550421 -0.366228
v 0.303343 0.526480 -0.312227
v 0.214216 0.494315 -0.340708
v 0.349493 0.487510 -0.322782
v 0.195196 0.495196 -0.366330
v 0.143505 0.511603 -0.326313
v 0.155411 0.532860 -0.330734
v 0.212541 0.345841 0.316538
v 0.167724 0.350819 0.320194
v 0.158938 0.458841 0.381299
v 0.151350 0.473187 0.352015
v 0.197985 0.485519 0.299544
v 0.215697 0.508399 0.288547
v 0.146362 0.532133 0.339876
v 0.132687 0.523699 0.330867
v 0.278554 0.497478 0.251876
v 0.292898 0.505733 0.198767
v 0.312095 0.505835 0.198254
v 0.423759 0.473873 0.162765
v 0.369719 0.439036 0.194610
v 0.440331 0.482172 0.181301
v 0.370846 0.449647 0.205532
v 0.306855 0.496089 0.265570
v 0.269022 0.679241 0.308060
v 0.211097 0.670933 0.290022
v 0.212942 0.685406 0.289029
v 0.262821 0.678995 0.283641
v 0.216975 0.842489 0.079446
v 0.209013 0.845472 0.079608
v -0.002460 0.827875 0.206028
v 0.180524 0.850599 0.035638
v 0.075704 0.827737 0.223312
v 0.131484 0.752858 0.275761
v 0.081052 0.745604 0.328050
v 0.093860 0.697211 0.374044
v 0.045498 0.708450 0.351137
v 0.015915 0.640392 0.370692
v 0.014072 0.650896 0.398818
v -0.125260 0.596426 0.381701
v -0.169591 0.618366 0.331764
v -0.104347 0.631558 0.365238
v -0.026840 0.720155 0.347785
v -0.021847 0.711233 0.341721
v -0.060143 0.812092 0.228781
v -0.141455 0.819835 0.165658
v -0.101615 0.816296 0.219870
v -0.073804 0.846332 0.184528
v -0.106602 0.859284 0.203394
v -0.145074 0.839239 0.094718
v -0.159451 0.824257 0.019645
v -0.197728 0.802699 0.016207
v -0.191304 0.767125 -0.009687
v -0.307928 0.687761 0.008694
v -0.314422 0.665949 0.059836
v -0.332845 0.687813 0.098526
v -0.318655 0.735946 -0.000322
v -0.302073 0.732728 -0.003318
v -0.322343 0.731116 -0.006060
v -0.216201 0.805196 0.016546
v -0.261408 0.787612 -0.029338
v -0.229838 0.796180 0.027188
v -0.290833 0.789804 0.092313
v -0.312903 0.670842 0.112294
v -0.264956 0.748037 0.139687
v -0.329174 0.783573 0.114964
v -0.285317 0.760167 0.164693
v -0.191696 0.626838 0.311408
v -0.088778 0.470049 0.403621
v -0.114227 0.510466 0.374554
v -0.052570 0.561952 0.390086
v -0.056556 0.524905 0.394712
v -0.090210 0.463484 0.368915
v -0.108822 0.462596 0.381226
v -0.157960 0.727813 -0.308325
v -0.171754 0.721847 -0.281808
v -0.041802 0.806019 -0.270905
v -0.042636 0.781766 -0.251952
v -0.040890 0.811512 -0.236825
v -0.092453 0.806257 -0.224334
v -0.079983 0.817088 -0.191858
v -0.110815 0.832605 -0.153818
v -0.087854 0.847374 -0.120682
v -0.031663 0.854245 -0.084486
v -0.065302 0.837443 -0.205517
v -0.135328 0.818667 -0.159025
v -0.135351 0.843445 -0.133368
v -0.135974 0.856699 -0.081238
v -0.130294 0.816695 -0.191185
v -0.263004 0.760319 -0.085830
v -0.233757 0.757984 -0.065157
v -0.193186 0.837106 -0.037797
v -0.298682 0.754229 -0.074360
v -0.238171 0.734968 -0.317838
v -0.231874 0.732146 -0.296123
v 0.264557 0.709488 -0.309198
v 0.271606 0.726460 -0.290525
v 0.303114 0.727177 -0.257073
v 0.328302 0.691215 -0.278119
v 0.302726 0.679242 -0.314509
v 0.267958 0.734491 -0.253934
v 0.256649 0.749535 -0.221234
v 0.256508 0.735078 -0.221234
v 0.247473 0.727934 -0.222862
v 0.251695 0.722350 -0.254127
v 0.249075 0.706302 -0.273490
v 0.270050 0.705872 -0.273802
v 0.297279 0.719743 -0.246718
v 0.297802 0.729395 -0.250383
v 0.252337 0.761374 -0.221142
v 0.245796 0.735425 -0.296716
v 0.242072 0.780092 -0.223604
v 0.209404 0.766145 -0.296659
v 0.205141 0.789298 -0.273285
v 0.193878 0.817177 -0.236187
v 0.226295 0.798181 -0.225932
v 0.267926 0.685139 -0.321547
v 0.257897 0.693600 -0.313483
v 0.290490 0.674019 -0.289854
v 0.302863 0.658112 -0.283186
v 0.316104 0.675712 -0.254149
v 0.330918 0.679101 -0.201939
v 0.325692 0.697395 -0.201149
v 0.318755 0.714517 -0.200212
v 0.240705 0.697071 -0.312807
v 0.232076 0.710344 -0.272045
v 0.207619 0.753845 -0.216357
v 0.213919 0.749691 -0.169222
v 0.200185 0.773050 -0.165700
v 0.184597 0.798859 -0.175840
v 0.187114 0.783833 -0.223586
v 0.207582 0.752357 -0.249008
v 0.126844 0.802691 -0.239121
v 0.138302 0.769751 -0.262508
v 0.172071 0.781919 -0.246650
v 0.120555 0.814725 -0.234089
v 0.133328 0.845513 -0.192019
v 0.139102 0.831082 -0.218573
v 0.204632 0.826379 -0.082112
v 0.188417 0.849846 -0.072535
v 0.161014 0.851097 -0.064327
v 0.192218 0.836569 -0.178148
v 0.108222 0.850321 -0.196175
v 0.096918 0.848519 -0.152245
v 0.081528 0.844084 -0.184877
v 0.094899 0.844653 -0.191477
v 0.184917 0.855451 0.003518
v 0.133753 0.856422 0.037933
v 0.148542 0.856255 0.073481
v 0.197810 0.855502 0.050666
v 0.210164 0.854873 0.002456
v 0.165198 0.854946 0.098036
v 0.087312 0.854104 -0.158190
v 0.157592 0.854618 -0.076630
v 0.183259 0.854095 -0.087739
v 0.206816 0.852568 -0.096846
v 0.033995 0.851044 -0.124842
v -0.006576 0.851903 -0.162505
v 0.040091 0.843865 -0.210634
v 0.073502 0.832969 -0.211378
v 0.054001 0.806371 -0.242107
v 0.095849 0.816292 -0.231118
v 0.083037 0.832432 -0.215267
v 0.067570 0.767851 -0.269486
v 0.098583 0.768334 -0.272358
v 0.163876 0.788553 -0.281604
v 0.131184 0.785052 -0.283509
v 0.125579 0.810655 -0.253856
v 0.122631 0.816225 -0.239019
v 0.097438 0.824706 -0.241310
v 0.058143 0.838984 -0.262343
v 0.028551 0.849663 -0.250341
v 0.063861 0.851855 -0.219047
v 0.092194 0.821676 -0.264451
v 0.027394 0.760680 -0.266543
v -0.016671 0.744046 -0.281225
v 0.013625 0.721514 -0.323077
v 0.062870 0.732786 -0.302059
v 0.087387 0.802289 -0.299946
v 0.128090 0.757217 -0.304094
v 0.007104 0.789149 -0.319774
v 0.034699 0.822781 -0.292844
v 0.130702 0.741633 -0.310528
v 0.091245 0.737462 -0.338185
v 0.024287 0.728009 -0.370604
v 0.142343 0.733246 -0.284344
v 0.137961 0.714760 -0.296262
v 0.177368 0.711361 -0.296553
v 0.203919 0.701094 -0.290344
v 0.214797 0.719563 -0.273592
v 0.223018 0.734519 -0.253290
v 0.099955 0.706071 -0.317106
v 0.049855 0.692613 -0.379102
v -0.001431 0.703553 -0.381381
v 0.099611 0.718642 -0.337202
v 0.151871 0.648465 -0.394562
v 0.136327 0.638100 -0.383856
v 0.147776 0.622129 -0.396856
v 0.184734 0.632253 -0.414911
v 0.185547 0.654824 -0.409045
v 0.181790 0.608223 -0.412828
v 0.141585 0.657270 -0.416321
v 0.183510 0.665772 -0.429697
v 0.182683 0.643031 -0.437818
v 0.138795 0.625988 -0.420453
v 0.120353 0.643767 -0.403003
v 0.180000 0.617027 -0.438841
v 0.112840 0.659407 -0.387230
v 0.108967 0.630267 -0.390014
v 0.104434 0.620195 -0.375462
v 0.099937 0.644624 -0.364774
v 0.111225 0.670496 -0.370297
v 0.111465 0.641792 -0.360193
v 0.113507 0.619473 -0.368273
v 0.125722 0.627625 -0.374930
v 0.130066 0.651485 -0.372821
v 0.121882 0.664044 -0.361909
v 0.041298 0.697452 -0.344842
v 0.000369 0.703729 -0.346015
v 0.285317 0.570976 -0.333507
v 0.311028 0.638897 -0.272669
v 0.316951 0.589482 -0.275597
v 0.313266 0.627452 -0.270274
v 0.198312 0.682738 -0.308406
v 0.272815 0.673845 -0.318957
v 0.283971 0.657210 -0.313297
v 0.319510 0.619355 -0.267421
v 0.321712 0.593727 -0.269025
v 0.330858 0.596274 -0.279701
v 0.321314 0.635472 -0.298532
v 0.339186 0.642025 -0.262508
v 0.332622 0.630329 -0.250741
v 0.275373 0.648931 -0.351155
v 0.280443 0.626582 -0.357399
v 0.300435 0.657161 -0.357643
v 0.313264 0.662021 -0.310281
v 0.308159 0.604919 -0.372513
v 0.254682 0.620790 -0.426649
v 0.254025 0.644113 -0.423478
v 0.254159 0.663195 -0.414855
v 0.212501 0.547762 -0.351311
v 0.211256 0.535341 -0.342382
v 0.250458 0.542903 -0.340277
v 0.276497 0.590714 -0.364037
v 0.215634 0.537243 -0.363751
v 0.234502 0.577161 -0.397995
v 0.236171 0.569853 -0.399425
v 0.284092 0.565422 -0.380079
v 0.309012 0.531185 -0.350588
v 0.277559 0.518857 -0.362274
v 0.221909 0.514225 -0.371152
v 0.358086 0.502193 -0.277063
v 0.360682 0.531507 -0.261023
v 0.248694 0.514943 -0.338749
v 0.240913 0.488763 -0.338311
v 0.298905 0.485440 -0.315498
v 0.354490 0.476292 -0.281959
v 0.210685 0.512821 -0.341982
v 0.184311 0.506983 -0.336091
v 0.197852 0.485105 -0.335721
v 0.230499 0.468070 -0.332858
v 0.355169 0.453183 -0.307327
v 0.285941 0.461503 -0.344625
v 0.285021 0.486552 -0.354592
v 0.326509 0.548481 -0.340314
v 0.371748 0.511795 -0.305257
v 0.225019 0.489616 -0.367770
v 0.222681 0.466221 -0.358308
v 0.182536 0.481633 -0.357078
v 0.161364 0.501280 -0.351490
v 0.182303 0.511937 -0.363707
v 0.158061 0.518380 -0.327455
v 0.152228 0.520972 -0.342790
v 0.151415 0.490590 -0.334694
v 0.165586 0.497377 -0.329091
v 0.174733 0.542444 -0.340805
v 0.175349 0.530576 -0.355228
v 0.178908 0.528992 -0.334250
v 0.194774 0.345489 0.339334
v 0.182826 0.326939 0.324536
v 0.212436 0.336736 0.298006
v 0.229363 0.371050 0.301812
v 0.223876 0.369782 0.322291
v 0.211342 0.376816 0.348767
v 0.142501 0.367474 0.338503
v 0.158551 0.381927 0.342286
v 0.182626 0.360964 0.317710
v 0.168333 0.333377 0.307197
v 0.122605 0.351570 0.333514
v 0.194435 0.349607 0.296748
v 0.109983 0.475978 0.410489
v 0.098011 0.450801 0.410308
v 0.134915 0.422431 0.390898
v 0.201134 0.474084 0.343527
v 0.191043 0.484263 0.328989
v 0.150328 0.482227 0.361037
v 0.118316 0.501703 0.401842
v 0.140142 0.490957 0.339861
v 0.151769 0.499137 0.356063
v 0.100384 0.489987 0.376363
v 0.103164 0.510463 0.369142
v 0.189204 0.437329 0.334497
v 0.172321 0.401903 0.344302
v 0.136818 0.439571 0.360402
v 0.092825 0.466552 0.381875
v 0.208357 0.511953 0.310733
v 0.250864 0.535213 0.271856
v 0.254500 0.514156 0.277151
v 0.217879 0.468733 0.295535
v 0.261114 0.491461 0.274665
v 0.252063 0.553062 0.279267
v 0.100055 0.545651 0.354550
v 0.109315 0.554066 0.366266
v 0.116001 0.540179 0.380260
v 0.152916 0.515446 0.346467
v 0.137181 0.507677 0.332842
v 0.102209 0.528554 0.360759
v 0.283935 0.485789 0.238446
v 0.267291 0.472232 0.265149
v 0.281293 0.515397 0.243805
v 0.288676 0.503121 0.222094
v 0.290355 0.520587 0.209590
v 0.300818 0.531800 0.202062
v 0.302675 0.506289 0.187736
v 0.302740 0.484168 0.195362
v 0.292369 0.490903 0.204431
v 0.312172 0.520853 0.213566
v 0.313492 0.490218 0.207163
v 0.316406 0.503487 0.227272
v 0.446306 0.482801 0.131348
v 0.446700 0.463020 0.129344
v 0.415655 0.460477 0.167551
v 0.397912 0.467063 0.179559
v 0.410589 0.482356 0.170305
v 0.439709 0.502725 0.133928
v 0.387422 0.427717 0.187957
v 0.396659 0.435474 0.199838
v 0.379048 0.442971 0.206443
v 0.370629 0.449251 0.191917
v 0.387057 0.439884 0.182142
v 0.424072 0.489041 0.190152
v 0.410754 0.468707 0.201557
v 0.433070 0.464903 0.188162
v 0.466717 0.495940 0.146189
v 0.455702 0.514945 0.147889
v 0.470758 0.473373 0.143477
v 0.373011 0.465276 0.205644
v 0.374196 0.462759 0.190966
v 0.386508 0.458517 0.207918
v 0.311371 0.481710 0.246921
v 0.308276 0.516945 0.255865
v 0.289472 0.488846 0.290113
v 0.291627 0.463796 0.278580
v 0.281558 0.515728 0.294459
v 0.304222 0.677799 0.300137
v 0.300328 0.697825 0.295840
v 0.256058 0.689828 0.304923
v 0.256343 0.668870 0.308617
v 0.301965 0.657628 0.301490
v 0.238737 0.679762 0.305523
v 0.216021 0.678673 0.296611
v 0.217537 0.677402 0.283951
v 0.221779 0.658424 0.294577
v 0.228028 0.667562 0.303367
v 0.228662 0.666278 0.286020
v 0.227595 0.690848 0.299195
v 0.220281 0.696779 0.287975
v 0.227541 0.688201 0.281066
v 0.252666 0.668876 0.285947
v 0.237862 0.678003 0.283671
v 0.252125 0.687955 0.282072
v 0.292700 0.678118 0.277441
v 0.291123 0.658307 0.279062
v 0.288717 0.696412 0.274083
v 0.198404 0.834251 0.145416
v 0.212620 0.843322 0.154975
v 0.236886 0.834194 0.091193
v 0.247346 0.835013 0.001991
v 0.224797 0.852935 0.011946
v 0.229155 0.813870 0.092414
v 0.209914 0.810916 0.152240
v 0.165973 0.850105 0.115797
v 0.160409 0.848895 0.086058
v 0.204574 0.822678 0.023295
v 0.224648 0.792434 0.018948
v 0.026286 0.833549 0.192158
v 0.051110 0.819243 0.223426
v -0.011328 0.818232 0.224738
v -0.067331 0.830715 0.208870
v -0.048247 0.833851 0.193134
v 0.083336 0.854937 0.190749
v -0.044449 0.851294 0.251107
v -0.052839 0.837157 0.274723
v 0.094465 0.844377 0.157680
v 0.097487 0.717425 0.310643
v 0.058137 0.727218 0.298089
v 0.071446 0.748949 0.272337
v 0.191907 0.780179 0.226679
v 0.200076 0.756627 0.236170
v 0.151918 0.731057 0.279408
v 0.116033 0.700321 0.313595
v 0.083869 0.792708 0.285618
v 0.040175 0.790925 0.307121
v 0.009816 0.740208 0.345901
v 0.145120 0.794141 0.304521
v 0.127115 0.822379 0.278757
v 0.057259 0.702510 0.383927
v 0.114308 0.720961 0.335007
v 0.162663 0.762860 0.306787
v 0.103837 0.670293 0.379125
v 0.131776 0.702608 0.332158
v 0.052864 0.668030 0.400168
v 0.019270 0.710162 0.345597
v 0.035872 0.723058 0.325371
v 0.067248 0.713874 0.340766
v 0.085020 0.682687 0.353489
v 0.047282 0.681959 0.366052
v 0.013822 0.682509 0.359850
v 0.009976 0.658026 0.366481
v 0.046328 0.653684 0.372218
v 0.043752 0.629010 0.373756
v 0.044329 0.620011 0.390068
v -0.000062 0.634318 0.386870
v -0.021277 0.657722 0.371459
v 0.049659 0.641951 0.400488
v 0.004789 0.669932 0.393010
v -0.139141 0.568799 0.382909
v -0.176048 0.585713 0.341531
v -0.172472 0.601438 0.338648
v -0.139835 0.632476 0.356873
v -0.087616 0.595023 0.380201
v -0.199627 0.603583 0.303009
v -0.148146 0.652092 0.336841
v -0.090257 0.644163 0.356397
v -0.063340 0.593154 0.377905
v -0.014172 0.684271 0.353075
v 0.003612 0.704080 0.371701
v -0.080820 0.749607 0.345692
v -0.096662 0.711308 0.338514
v -0.090303 0.691511 0.316778
v -0.015029 0.716160 0.323636
v -0.085482 0.826421 0.217576
v -0.007257 0.797556 0.239105
v -0.080693 0.792952 0.237279
v -0.152348 0.794360 0.153857
v -0.132865 0.842994 0.155688
v -0.125115 0.819874 0.201845
v -0.126673 0.776968 0.212074
v -0.110146 0.841372 0.200729
v -0.088532 0.847525 0.195703
v -0.085479 0.854008 0.153559
v -0.017080 0.849829 0.151365
v -0.110681 0.854192 0.154797
v -0.125234 0.863438 0.160734
v -0.155477 0.864227 0.162655
v -0.131129 0.857574 0.224028
v -0.047706 0.857559 0.216423
v -0.064588 0.860609 0.159904
v -0.120075 0.852039 0.087674
v -0.134828 0.856974 -0.013072
v -0.114773 0.860152 -0.011390
v -0.155498 0.823390 0.076434
v -0.152704 0.837610 -0.013732
v -0.162073 0.778209 0.145354
v -0.162997 0.811703 0.072112
v -0.170697 0.805099 0.065019
v -0.171791 0.808955 0.007085
v -0.161345 0.818690 -0.040051
v -0.180664 0.805415 0.064098
v -0.183707 0.813071 0.066261
v -0.193840 0.781703 0.000028
v -0.182727 0.787233 -0.020469
v -0.250584 0.788256 0.021165
v -0.215770 0.770522 0.015699
v -0.206379 0.754579 -0.005291
v -0.201578 0.751803 -0.042901
v -0.185146 0.767651 -0.029877
v -0.313448 0.695537 0.020910
v -0.310926 0.653715 0.042947
v -0.300872 0.675178 -0.020463
v -0.288880 0.711818 -0.032038
v -0.296377 0.723638 -0.002790
v -0.302618 0.640800 0.110296
v -0.319688 0.718528 0.056810
v -0.343270 0.694517 0.067676
v -0.330186 0.658564 0.074420
v -0.324766 0.710968 0.130186
v -0.340465 0.737571 0.107877
v -0.299183 0.705638 0.123807
v -0.318526 0.737944 0.020921
v -0.261186 0.738382 -0.009469
v -0.271854 0.748771 0.003385
v -0.304951 0.804620 0.040054
v -0.313827 0.779744 0.059427
v -0.302334 0.742337 -0.020471
v -0.333345 0.801340 0.049006
v -0.274644 0.767330 -0.004913
v -0.318249 0.728837 -0.076669
v -0.330541 0.693840 -0.083938
v -0.331259 0.679473 -0.022449
v -0.332960 0.663860 0.028732
v -0.345087 0.711568 0.033223
v -0.181588 0.827159 0.061071
v -0.206244 0.819430 -0.005701
v -0.233647 0.808960 -0.039762
v -0.247230 0.799723 -0.067039
v -0.268752 0.781314 -0.063705
v -0.241738 0.759242 0.017246
v -0.269891 0.816810 0.096556
v -0.260325 0.778383 0.131092
v -0.283722 0.760454 0.116173
v -0.308675 0.745490 0.092184
v -0.293726 0.673658 0.156312
v -0.296244 0.652348 0.163146
v -0.278152 0.728529 0.140450
v -0.302095 0.740486 0.159846
v -0.287757 0.785258 0.151551
v -0.302702 0.813592 0.112021
v -0.347599 0.769475 0.079571
v -0.317220 0.764282 0.143157
v -0.199250 0.625919 0.313255
v -0.159572 0.657971 0.341441
v -0.229266 0.643034 0.284653
v -0.223702 0.654978 0.293129
v -0.244943 0.621921 0.282575
v -0.121845 0.485305 0.375544
v -0.069812 0.442095 0.399084
v -0.125673 0.505768 0.388935
v -0.127935 0.502560 0.376832
v -0.067650 0.475809 0.418152
v -0.119656 0.514229 0.402908
v -0.099437 0.525910 0.385076
v -0.077768 0.503191 0.388319
v -0.087879 0.492478 0.380611
v -0.154029 0.525961 0.366389
v -0.149196 0.543999 0.373272
v -0.093688 0.478671 0.371784
v -0.114625 0.487686 0.361467
v -0.060906 0.586952 0.395844
v -0.031617 0.555292 0.398754
v -0.035104 0.550336 0.392491
v -0.064608 0.550684 0.387832
v -0.034369 0.526932 0.400422
v -0.037053 0.506188 0.404523
v -0.066752 0.512995 0.393280
v -0.087483 0.540711 0.388583
v -0.048860 0.462573 0.393165
v -0.051340 0.447048 0.385562
v -0.057881 0.430663 0.382119
v -0.110676 0.461231 0.355258
v -0.171692 0.714196 -0.316719
v -0.186976 0.735204 -0.319100
v -0.168531 0.748458 -0.307094
v -0.145232 0.721996 -0.299269
v -0.161052 0.697449 -0.312252
v -0.156860 0.754363 -0.291408
v -0.183274 0.710424 -0.290628
v -0.172365 0.695232 -0.288762
v -0.158260 0.716309 -0.276221
v -0.166146 0.744780 -0.266772
v -0.179576 0.738509 -0.279981
v -0.193925 0.727722 -0.291736
v -0.028892 0.836438 -0.239602
v -0.004433 0.832092 -0.267309
v -0.022568 0.756164 -0.335311
v -0.068443 0.780061 -0.283755
v -0.069354 0.753931 -0.262157
v -0.036880 0.727934 -0.301743
v -0.085766 0.783934 -0.231989
v -0.107853 0.767238 -0.235907
v -0.061704 0.821289 -0.206065
v -0.109628 0.796667 -0.197627
v -0.127647 0.778023 -0.201342
v -0.086989 0.810766 -0.211412
v -0.102947 0.809391 -0.183491
v -0.112728 0.790882 -0.242193
v -0.144616 0.797494 -0.212857
v -0.080276 0.816514 -0.201449
v -0.055016 0.822668 -0.192493
v -0.091649 0.825102 -0.165340
v -0.119626 0.843136 -0.109806
v -0.104741 0.833012 -0.181816
v -0.096281 0.845439 -0.169938
v -0.034875 0.845559 -0.178882
v -0.064575 0.853095 -0.107235
v -0.045098 0.859266 -0.015425
v -0.092074 0.861472 -0.012766
v 0.055065 0.855175 -0.038349
v -0.084115 0.822145 -0.204052
v -0.138687 0.828772 -0.107408
v -0.154136 0.807661 -0.113049
v -0.141083 0.795890 -0.161875
v -0.165545 0.817275 -0.165763
v -0.153414 0.830282 -0.145073
v -0.175531 0.837932 -0.112183
v -0.162929 0.849229 -0.103707
v -0.148087 0.855789 -0.092391
v -0.121785 0.855652 -0.117213
v -0.139557 0.857333 -0.046162
v -0.110086 0.857203 -0.054896
v -0.115614 0.856604 -0.100058
v -0.161109 0.856333 -0.042034
v -0.180123 0.800093 -0.182130
v -0.266414 0.767764 -0.092650
v -0.250525 0.772853 -0.094384
v -0.260530 0.742495 -0.049268
v -0.281661 0.747974 -0.097869
v -0.279382 0.761027 -0.104287
v -0.218944 0.764254 -0.092340
v -0.196946 0.757445 -0.079062
v -0.239228 0.777322 -0.106697
v -0.176868 0.842379 0.057855
v -0.171445 0.859272 0.058402
v -0.178222 0.850844 -0.040644
v -0.193404 0.824726 -0.124694
v -0.215213 0.822015 -0.070804
v -0.292724 0.763089 -0.091688
v -0.310610 0.773734 -0.143949
v -0.319709 0.765956 -0.147470
v -0.332725 0.745523 -0.152998
v -0.219209 0.759492 -0.316466
v -0.218645 0.714365 -0.320901
v -0.282430 0.724511 -0.300941
v -0.279632 0.762339 -0.294461
v -0.279178 0.687946 -0.304366
v -0.266952 0.728844 -0.281931
v -0.268087 0.690201 -0.284077
v -0.217535 0.710629 -0.298418
v -0.218192 0.751428 -0.292188
v -0.263294 0.760150 -0.276629
v -0.209677 0.767910 -0.282813
v -0.257455 0.778189 -0.267916
v -0.294766 0.770964 -0.222367
v -0.300858 0.752612 -0.229749
v -0.304406 0.721375 -0.236441
v -0.309236 0.732743 -0.162800
v -0.314409 0.705489 -0.169249
v -0.314807 0.669299 -0.175315
v -0.305312 0.680434 -0.240324
v -0.312351 0.642470 -0.177187
v -0.303088 0.651406 -0.243809
v -0.262607 0.670016 -0.287329
v -0.210661 0.694954 -0.298146
v -0.300079 0.631007 -0.247728
v -0.255846 0.652901 -0.288754
v -0.202404 0.678342 -0.297248
v -0.248266 0.636634 -0.290926
v -0.196326 0.664355 -0.298923
v -0.159341 0.678807 -0.288812
v -0.139989 0.711418 -0.272596
v -0.195985 0.665455 -0.310165
v -0.153343 0.680701 -0.304089
v -0.133326 0.715960 -0.286433
v -0.147629 0.756774 -0.273006
v -0.150723 0.752044 -0.258226
v -0.196518 0.798877 -0.275168
v -0.198387 0.795912 -0.259110
v -0.202741 0.782063 -0.269552
v -0.248496 0.805850 -0.252222
v -0.250868 0.792830 -0.257230
v -0.281012 0.803472 -0.207740
v -0.285240 0.787491 -0.213430
v -0.296158 0.780196 -0.141995
v -0.292616 0.767021 -0.149459
v -0.301281 0.751181 -0.156658
v -0.293257 0.721459 -0.092048
v -0.300868 0.688693 -0.090466
v -0.302712 0.647269 -0.021454
v -0.302921 0.657490 -0.092072
v -0.303287 0.627992 -0.024706
v -0.302392 0.636166 -0.094993
v -0.303928 0.610415 -0.027718
v -0.301855 0.617012 -0.097367
v -0.310460 0.621908 -0.178474
v -0.302877 0.597706 -0.098634
v -0.310429 0.601856 -0.179730
v -0.297285 0.611455 -0.252266
v -0.319998 0.595987 -0.179976
v -0.305834 0.604842 -0.260018
v -0.252671 0.635739 -0.305355
v -0.315976 0.623445 -0.260905
v -0.262852 0.650995 -0.308158
v -0.200958 0.678827 -0.316950
v -0.271616 0.667911 -0.306788
v -0.208889 0.696509 -0.320175
v -0.320393 0.643712 -0.258568
v -0.323728 0.670599 -0.254517
v -0.334555 0.631073 -0.178320
v -0.338100 0.653708 -0.176796
v -0.341735 0.684992 -0.170825
v -0.325861 0.708548 -0.248867
v -0.340615 0.721030 -0.160891
v -0.324366 0.747584 -0.239759
v -0.318753 0.770560 -0.231374
v -0.273727 0.783599 -0.286810
v -0.208536 0.777601 -0.306774
v -0.309807 0.787380 -0.222670
v -0.265441 0.798359 -0.275257
v -0.201122 0.790292 -0.292583
v -0.256671 0.807934 -0.263440
v -0.296936 0.799804 -0.214352
v -0.332924 0.663752 -0.091294
v -0.332207 0.642314 -0.094887
v -0.332693 0.634782 -0.029228
v -0.333013 0.652456 -0.027300
v -0.333901 0.625873 0.029608
v -0.334134 0.641073 0.029345
v -0.329786 0.619940 0.094562
v -0.328796 0.636294 0.088948
v -0.332349 0.610206 0.029526
v -0.329716 0.604183 0.096013
v -0.336221 0.593150 0.175291
v -0.333170 0.623072 0.177561
v -0.321579 0.653654 0.161273
v -0.325555 0.586628 0.251026
v -0.320011 0.625925 0.249655
v -0.304057 0.661233 0.245431
v -0.273806 0.616167 0.306120
v -0.261504 0.638267 0.305286
v -0.243139 0.651153 0.302800
v -0.286174 0.682356 0.239091
v -0.308012 0.674212 0.179637
v -0.265608 0.688197 0.231610
v -0.273727 0.667446 0.232676
v -0.287679 0.637105 0.235336
v -0.301837 0.628008 0.171972
v -0.303373 0.621562 0.109127
v -0.295776 0.599631 0.237142
v -0.305982 0.600345 0.173837
v -0.303690 0.606386 0.106279
v -0.305534 0.615106 0.041458
v -0.306783 0.629740 0.045584
v -0.307506 0.573739 0.167976
v -0.303807 0.589960 0.101675
v -0.304819 0.600146 0.036820
v -0.305869 0.573532 0.095640
v -0.306588 0.584506 0.032744
v -0.306060 0.593322 -0.030486
v -0.319898 0.580126 0.030443
v -0.316548 0.588418 -0.032012
v -0.315950 0.589945 -0.098467
v -0.325548 0.601755 -0.031699
v -0.324520 0.605771 -0.098148
v -0.328730 0.611459 -0.179333
v -0.329556 0.623473 -0.096937
v -0.330194 0.617700 -0.030733
v -0.328142 0.594492 0.029613
v -0.318743 0.572147 0.093377
v -0.326446 0.587188 0.095157
v -0.322466 0.548861 0.159580
v -0.332419 0.568492 0.167767
v -0.308858 0.529950 0.245054
v -0.320327 0.554316 0.249421
v -0.258307 0.550218 0.298942
v -0.270962 0.568417 0.304580
v -0.277293 0.590977 0.306191
v -0.220258 0.574584 0.323893
v -0.218693 0.587915 0.325963
v -0.215155 0.601492 0.326371
v -0.192092 0.583406 0.372627
v -0.185386 0.606229 0.375820
v -0.176303 0.628747 0.369436
v -0.211267 0.612460 0.323902
v -0.168510 0.644887 0.358195
v -0.204315 0.620773 0.320269
v -0.124998 0.620247 0.405259
v -0.107073 0.637318 0.393134
v -0.090144 0.649571 0.375871
v -0.070315 0.575306 0.408461
v -0.080881 0.561664 0.416095
v -0.039934 0.531740 0.421729
v -0.035267 0.544475 0.413494
v 0.036782 0.532642 0.430810
v 0.034601 0.551996 0.418532
v 0.029974 0.564426 0.401098
v 0.027485 0.556175 0.391823
v 0.031300 0.538135 0.400802
v 0.032141 0.517655 0.409401
v 0.031061 0.496289 0.413291
v -0.041090 0.490533 0.403059
v 0.028395 0.475009 0.411585
v -0.045143 0.476154 0.398953
v 0.025237 0.456655 0.405883
v 0.085196 0.448805 0.383543
v 0.077201 0.431331 0.382343
v 0.022107 0.439416 0.398008
v 0.072170 0.418037 0.382188
v 0.019336 0.422044 0.396574
v 0.078021 0.419173 0.395031
v 0.020001 0.428543 0.412658
v 0.087145 0.432303 0.404389
v 0.015828 0.444499 0.425568
v 0.027042 0.462060 0.434585
v 0.032427 0.486645 0.439786
v -0.055001 0.491194 0.426822
v -0.109640 0.527692 0.412699
v 0.035786 0.512022 0.437812
v -0.047900 0.513285 0.427598
v -0.094942 0.545528 0.418631
v -0.143486 0.593411 0.412010
v -0.155503 0.566611 0.407243
v -0.195647 0.564527 0.363873
v -0.161270 0.543871 0.395451
v -0.195734 0.547235 0.349939
v -0.162485 0.526370 0.379691
v -0.184370 0.547077 0.339132
v -0.210580 0.558951 0.310691
v -0.206059 0.572419 0.305023
v -0.179112 0.565328 0.342473
v -0.217930 0.561352 0.320320
v -0.249847 0.553695 0.286966
v -0.292892 0.535786 0.237042
v -0.296214 0.563502 0.237301
v -0.253638 0.574119 0.283704
v -0.252967 0.597215 0.283338
v -0.202993 0.587825 0.303195
v -0.308053 0.551214 0.160075
v 0.119139 0.522857 0.391864
v 0.105113 0.396271 0.374527
v 0.119599 0.404832 0.384424
v 0.127357 0.344341 0.348942
v 0.147289 0.352625 0.362613
v 0.168678 0.368675 0.373060
v 0.194245 0.403079 0.377069
v 0.229100 0.428063 0.337283
v 0.217785 0.450495 0.347675
v 0.251294 0.466216 0.311293
v 0.240877 0.487202 0.317194
v 0.224157 0.504501 0.316200
v 0.266856 0.539381 0.290141
v 0.302821 0.536253 0.245005
v 0.291174 0.548717 0.233721
v 0.281423 0.536217 0.234730
v 0.233689 0.415756 0.323662
v 0.255251 0.448581 0.302685
v 0.235954 0.410023 0.307902
v 0.253824 0.434530 0.292952
v 0.287825 0.443523 0.265861
v 0.245654 0.428812 0.284028
v 0.275579 0.433130 0.253006
v 0.297345 0.458126 0.215332
v 0.308512 0.466442 0.228837
v 0.269228 0.451426 0.254938
v 0.287439 0.469462 0.223124
v 0.237098 0.439745 0.284467
v 0.229241 0.453201 0.289996
v 0.216593 0.410639 0.302488
v 0.205398 0.417364 0.316302
v 0.207500 0.377367 0.299501
v 0.193278 0.383305 0.319415
v 0.222870 0.375793 0.288682
v 0.203627 0.338541 0.284228
v 0.229532 0.408627 0.296170
v 0.172026 0.317030 0.308400
v 0.097386 0.397227 0.362839
v 0.110327 0.408047 0.359634
v 0.123977 0.421593 0.360956
v -0.285276 0.767451 -0.100351
v -0.269474 0.776193 -0.085315
v -0.253951 0.789890 -0.087297
v -0.240602 0.798228 -0.103118
v -0.229839 0.811273 -0.089259
v -0.209969 0.812966 -0.133016
v -0.223527 0.797488 -0.138158
v -0.195329 0.780993 -0.190011
v -0.206734 0.756923 -0.188057
v -0.227534 0.774521 -0.135192
v -0.199491 0.733667 -0.175999
v -0.211412 0.757309 -0.124403
v -0.175955 0.734212 -0.169630
v -0.189408 0.753475 -0.118214
v -0.157475 0.751534 -0.168018
v -0.173639 0.764805 -0.117262
v -0.182487 0.770352 -0.068721
v -0.164764 0.783927 -0.117706
v -0.175361 0.792345 -0.059716
v -0.148132 0.772572 -0.164612
v -0.138531 0.763130 -0.207319
v -0.150285 0.751979 -0.218617
v -0.119524 0.756460 -0.241736
v -0.085083 0.735188 -0.269178
v -0.157967 0.750692 -0.227908
v -0.131998 0.749864 -0.250426
v -0.102151 0.727531 -0.279647
v -0.063755 0.698629 -0.324066
v -0.051818 0.707763 -0.312810
v -0.132569 0.763434 -0.255780
v -0.096912 0.742986 -0.288902
v -0.059498 0.713711 -0.334549
v -0.014074 0.681259 -0.380422
v -0.018588 0.662430 -0.366050
v -0.084024 0.761343 -0.289666
v -0.044026 0.734750 -0.338462
v -0.123667 0.778249 -0.250726
v -0.162493 0.761411 -0.230842
v -0.156848 0.780481 -0.224575
v 0.052738 0.658035 -0.362959
v 0.045301 0.673573 -0.353408
v -0.009394 0.679846 -0.355497
v 0.054600 0.673823 -0.376571
v 0.104748 0.704526 -0.333474
v 0.103138 0.698247 -0.324977
v 0.134253 0.705676 -0.309670
v 0.133608 0.712701 -0.316120
v 0.159210 0.704795 -0.328815
v 0.165152 0.693916 -0.313404
v 0.132656 0.726930 -0.315343
v 0.162538 0.725780 -0.326516
v 0.208739 0.718958 -0.327701
v 0.206466 0.694277 -0.331242
v 0.165099 0.744148 -0.317338
v 0.210728 0.741872 -0.315691
v 0.243331 0.714194 -0.310993
v 0.165882 0.762951 -0.303781
v -0.155863 0.860116 0.057421
v -0.177857 0.853952 0.163254
v -0.133661 0.859071 0.056968
v -0.093678 0.857077 0.054335
v -0.007303 0.857271 0.034748
v -0.038928 0.856542 -0.073269
v 0.042002 0.854639 0.120598
v 0.094821 0.855964 -0.032087
v 0.072098 0.854433 0.160213
v 0.039513 0.855440 -0.115895
v 0.030232 0.853677 -0.203721
v -0.013098 0.855224 -0.169747
v -0.061932 0.856083 -0.131765
v -0.039695 0.854911 -0.189341
v -0.078537 0.855353 -0.153274
v -0.002302 0.852701 -0.226586
v -0.192665 0.830444 0.159821
v -0.168197 0.808153 0.250574
v -0.148008 0.842837 0.239217
v -0.068278 0.796303 0.321232
v -0.183034 0.767605 0.256821
v -0.204233 0.806546 0.151219
v -0.212612 0.784106 0.143088
v -0.189539 0.734410 0.252071
v -0.212747 0.763270 0.131523
v -0.184887 0.709387 0.240546
v -0.166802 0.704902 0.227241
v -0.085212 0.704785 0.294479
v -0.189299 0.752806 0.130865
v -0.174370 0.763059 0.139004
v -0.149773 0.721117 0.221621
v -0.135370 0.743575 0.217749
v -0.083057 0.756467 0.257467
v -0.082341 0.725562 0.277382
v -0.011070 0.767236 0.256256
v -0.011476 0.741719 0.278058
v -0.009638 0.726755 0.302736
v 0.070784 0.780980 0.251970
v 0.061836 0.806401 0.238138
v 0.112164 0.819938 0.233078
v 0.123281 0.796081 0.253491
v 0.158908 0.829212 0.203174
v 0.173412 0.808473 0.215428
v 0.223062 0.781439 0.162182
v 0.246432 0.776365 0.099977
v 0.253517 0.741669 0.103801
v 0.231766 0.753202 0.171452
v 0.258103 0.716666 0.104626
v 0.237573 0.729047 0.178833
v 0.206389 0.735813 0.242130
v 0.214418 0.717281 0.247269
v 0.173956 0.702363 0.281191
v 0.162777 0.718723 0.279765
v 0.241732 0.709250 0.186784
v 0.263203 0.692685 0.105088
v 0.274910 0.685081 0.105338
v 0.256150 0.704654 0.195373
v 0.226196 0.716814 0.255238
v 0.260473 0.722888 0.190035
v 0.228869 0.736568 0.259020
v 0.178682 0.721573 0.299618
v 0.181730 0.702868 0.294056
v 0.144009 0.687141 0.325305
v 0.150367 0.675308 0.315533
v 0.143341 0.674885 0.307589
v 0.115292 0.623248 0.363236
v 0.103485 0.629209 0.350344
v 0.095838 0.655526 0.353846
v 0.128730 0.685402 0.310313
v 0.113166 0.646621 0.374988
v 0.172502 0.740140 0.303507
v 0.225840 0.757158 0.258210
v 0.218814 0.782700 0.256067
v 0.259085 0.744435 0.183854
v 0.254976 0.769826 0.176797
v 0.246083 0.800205 0.171523
v 0.205452 0.809532 0.249456
v 0.231568 0.825252 0.165463
v 0.186719 0.830733 0.233972
v 0.167655 0.842427 0.213237
v 0.114430 0.835486 0.248074
v 0.273164 0.789622 0.098201
v 0.256362 0.817265 0.095431
v 0.282692 0.782806 0.000487
v 0.262690 0.815832 -0.000277
v 0.261693 0.777702 -0.093880
v 0.237391 0.810366 -0.093697
v 0.224147 0.839617 -0.098600
v 0.221576 0.810759 -0.166774
v 0.242136 0.781456 -0.165353
v 0.252396 0.760917 -0.169607
v 0.278049 0.748247 -0.090418
v 0.280755 0.727046 -0.091658
v 0.256534 0.746937 -0.173201
v 0.290996 0.749445 0.003399
v 0.290511 0.719855 0.005328
v 0.286487 0.697162 0.005846
v 0.278874 0.706568 -0.095138
v 0.282527 0.753745 0.100678
v 0.284077 0.727618 0.102001
v 0.281769 0.703587 0.103756
v 0.280379 0.676960 0.006909
v 0.265521 0.685003 0.008393
v 0.259963 0.699608 -0.094062
v 0.271275 0.689402 -0.098098
v 0.237917 0.724393 -0.177389
v 0.251411 0.719397 -0.181102
v 0.258457 0.730943 -0.177999
v 0.234138 0.731166 -0.223354
v 0.221476 0.739803 -0.221776
v 0.237716 0.724525 -0.254155
v 0.226313 0.734988 -0.173859
v 0.255726 0.721304 -0.089319
v 0.251364 0.740374 -0.086531
v 0.239025 0.768400 -0.082763
v 0.260244 0.708446 0.010173
v 0.255323 0.729432 0.013201
v 0.243440 0.758235 0.017142
v 0.217063 0.803376 -0.078637
v -0.228301 0.747169 -0.009410
v 0.132255 0.851184 -0.061161
v 0.139536 0.850251 0.034730
v 0.072854 0.853445 0.063392
v -0.039345 0.852995 0.085785
v -0.095413 0.849139 0.088701
v 0.087947 0.850623 0.118123
v 0.136866 0.850296 0.073516
v -0.034075 0.814493 -0.229103
v 0.000024 0.833226 -0.221086
v 0.011887 0.799286 -0.245904
v 0.079713 0.822322 0.247028
v 0.190291 0.837100 0.004682
v 0.245190 0.700650 0.277943
v 0.282293 0.711947 0.269351
v 0.327927 0.727331 0.231808
v 0.337868 0.704434 0.234887
v 0.342620 0.678619 0.236849
v 0.356911 0.699226 0.167892
v 0.362225 0.673759 0.170604
v 0.359289 0.647720 0.171991
v 0.339426 0.649849 0.237352
v 0.353244 0.622895 0.170030
v 0.332224 0.624206 0.237223
v 0.285892 0.639018 0.281908
v 0.246844 0.654427 0.288760
v 0.338611 0.608831 0.243083
v 0.284990 0.626915 0.289390
v 0.242706 0.644188 0.297122
v 0.294190 0.639192 0.298747
v 0.248698 0.655131 0.305763
v 0.351512 0.626004 0.248400
v 0.360930 0.649658 0.250250
v 0.376692 0.625926 0.175234
v 0.386020 0.649309 0.177794
v 0.390860 0.678216 0.177117
v 0.365494 0.680442 0.251780
v 0.384068 0.706624 0.171438
v 0.359001 0.708794 0.249142
v 0.370894 0.726939 0.165983
v 0.346806 0.730221 0.244248
v 0.291547 0.713033 0.288077
v 0.248716 0.702092 0.297448
v 0.329807 0.742469 0.237190
v 0.282559 0.722048 0.276362
v 0.242684 0.710123 0.285164
v 0.353544 0.738872 0.159961
v 0.347673 0.723007 0.163184
v 0.361107 0.731217 0.094870
v 0.358772 0.713819 0.092880
v 0.369823 0.692064 0.094019
v 0.364753 0.718594 0.022081
v 0.376633 0.694809 0.020447
v 0.381093 0.668358 0.019294
v 0.375411 0.666938 0.094543
v 0.376518 0.641397 0.019841
v 0.374109 0.643427 0.095004
v 0.369456 0.616962 0.019849
v 0.368728 0.618401 0.096080
v 0.377283 0.604262 0.017484
v 0.378331 0.605875 0.098311
v 0.363708 0.609220 0.171687
v 0.391558 0.623562 0.098543
v 0.393227 0.622030 0.016657
v 0.405752 0.646225 0.016447
v 0.400319 0.647113 0.098162
v 0.410706 0.678134 0.016472
v 0.401636 0.673439 0.098658
v 0.400981 0.707134 0.018258
v 0.392437 0.700123 0.098308
v 0.383496 0.726880 0.020219
v 0.377471 0.719696 0.096427
v 0.362765 0.737586 0.022032
v 0.363641 0.725162 -0.054866
v 0.346716 0.736179 -0.050943
v 0.344828 0.717380 -0.051465
v 0.335042 0.736343 -0.129065
v 0.333088 0.718988 -0.127259
v 0.342250 0.697170 -0.127360
v 0.354573 0.694457 -0.053738
v 0.346698 0.676391 -0.128467
v 0.357913 0.671170 -0.055148
v 0.347444 0.655740 -0.130441
v 0.355838 0.646982 -0.057167
v 0.346712 0.632874 -0.135356
v 0.351890 0.622096 -0.059160
v 0.358504 0.624355 -0.140099
v 0.363680 0.611193 -0.060524
v 0.368574 0.642417 -0.136815
v 0.375714 0.629925 -0.061528
v 0.372798 0.663456 -0.133871
v 0.383210 0.653912 -0.061437
v 0.371235 0.685489 -0.132567
v 0.384214 0.681537 -0.060887
v 0.362787 0.707296 -0.132163
v 0.376363 0.705459 -0.058519
v 0.350129 0.724701 -0.130965
v 0.341879 0.705984 -0.204771
v 0.333135 0.717007 -0.203705
v 0.321282 0.725902 -0.201211
v 0.351426 0.688581 -0.206754
v 0.355257 0.673210 -0.207453
v 0.337225 0.670785 -0.273311
v 0.354846 0.653202 -0.207004
v 0.347677 0.637148 -0.205444
v 0.336195 0.644906 -0.203145
v 0.322941 0.640642 -0.247492
v 0.334134 0.662619 -0.202452
v 0.320508 0.657751 -0.250939
v 0.403677 0.451696 0.203146
v 0.395141 0.477297 0.204363
v 0.381273 0.484415 0.198554
v 0.383453 0.478072 0.186257
v 0.411651 0.500155 0.189515
v 0.397932 0.506714 0.182268
v 0.399688 0.495987 0.172811
v 0.427299 0.534824 0.141183
v 0.428552 0.520667 0.135561
v 0.451081 0.551630 0.066313
v 0.456441 0.537167 0.065459
v 0.467950 0.515952 0.064627
v 0.473000 0.491028 0.062982
v 0.442115 0.527835 -0.005364
v 0.449128 0.508433 -0.007245
v 0.451613 0.489853 -0.009458
v 0.450840 0.471379 -0.010152
v 0.469873 0.466285 0.060769
v 0.442057 0.507887 -0.068835
v 0.449329 0.488333 -0.069372
v 0.453359 0.468572 -0.070221
v 0.454151 0.450604 -0.069847
v 0.447874 0.454297 -0.009820
v 0.454051 0.489156 -0.142463
v 0.459663 0.459516 -0.144234
v 0.458796 0.434573 -0.143531
v 0.455259 0.411534 -0.141471
v 0.454717 0.433399 -0.066733
v 0.408343 0.463570 -0.215498
v 0.405743 0.440277 -0.216462
v 0.403801 0.420645 -0.215767
v 0.415097 0.418743 -0.224066
v 0.466571 0.403737 -0.148461
v 0.349367 0.452913 -0.281684
v 0.343419 0.433080 -0.283034
v 0.351367 0.432113 -0.295736
v 0.424170 0.436797 -0.231535
v 0.283150 0.440729 -0.313043
v 0.284624 0.440573 -0.329864
v 0.219642 0.449382 -0.327135
v 0.217558 0.446879 -0.343194
v 0.181981 0.472651 -0.329485
v 0.174258 0.468336 -0.340797
v 0.290148 0.461385 -0.314307
v 0.428036 0.461135 -0.238526
v 0.486041 0.448050 -0.156058
v 0.480388 0.423460 -0.153750
v 0.482718 0.461172 -0.072721
v 0.476916 0.443307 -0.069451
v 0.465740 0.428793 -0.065667
v 0.471892 0.446568 -0.011928
v 0.459290 0.431680 -0.014783
v 0.444060 0.435884 -0.011186
v 0.467467 0.416361 0.060648
v 0.456185 0.422157 0.059929
v 0.462383 0.443924 0.059896
v 0.437876 0.428119 0.126779
v 0.442061 0.445115 0.127604
v 0.409161 0.432403 0.165750
v 0.412351 0.447024 0.166501
v 0.391497 0.453583 0.181548
v 0.415075 0.423818 0.172888
v 0.448193 0.420319 0.132452
v 0.460688 0.433305 0.138167
v 0.424513 0.433100 0.182014
v 0.482494 0.433096 0.061861
v 0.492831 0.453665 0.064003
v 0.467671 0.451425 0.141337
v 0.480110 0.463923 -0.010375
v 0.484271 0.485188 -0.009613
v 0.498488 0.480433 0.066526
v 0.483759 0.482317 -0.076074
v 0.475339 0.505477 -0.076729
v 0.481366 0.506197 -0.009824
v 0.484947 0.477519 -0.152695
v 0.472189 0.510707 -0.145757
v 0.456286 0.534727 -0.138264
v 0.461862 0.524360 -0.072274
v 0.434799 0.483839 -0.229563
v 0.431370 0.514542 -0.218553
v 0.421005 0.537511 -0.207879
v 0.406092 0.555140 -0.198029
v 0.437285 0.552419 -0.131193
v 0.379066 0.534087 -0.285758
v 0.375760 0.553057 -0.269261
v 0.365925 0.567804 -0.253084
v 0.354845 0.565656 -0.243280
v 0.390818 0.555043 -0.189827
v 0.337742 0.582676 -0.305616
v 0.337146 0.567364 -0.324847
v 0.297942 0.583882 -0.379855
v 0.245321 0.579058 -0.415017
v 0.250871 0.597459 -0.423556
v 0.175854 0.574534 -0.421167
v 0.177272 0.594922 -0.433250
v 0.124410 0.594816 -0.396270
v 0.129628 0.609399 -0.410361
v 0.177842 0.569163 -0.403408
v 0.130111 0.592260 -0.383696
v 0.179295 0.586595 -0.406695
v 0.139381 0.605947 -0.388903
v 0.239036 0.603018 -0.401304
v 0.241270 0.629799 -0.401589
v 0.240730 0.652352 -0.395791
v 0.270107 0.664425 -0.347892
v 0.238894 0.670060 -0.387101
v 0.185862 0.673293 -0.398802
v 0.238013 0.684761 -0.379497
v 0.186754 0.688899 -0.389250
v 0.146232 0.680583 -0.375187
v 0.149345 0.664444 -0.383939
v 0.184721 0.694723 -0.401738
v 0.138245 0.686477 -0.386509
v 0.183769 0.683017 -0.417159
v 0.137136 0.673714 -0.402620
v 0.245095 0.690853 -0.389540
v 0.251219 0.678719 -0.404068
v 0.274161 0.683913 -0.351844
v 0.290257 0.671306 -0.356367
v 0.266520 0.679482 -0.346992
v 0.397805 0.536924 -0.195085
v 0.429819 0.535719 -0.129963
v 0.419423 0.554923 -0.125039
v 0.357538 0.548149 -0.251090
v 0.406340 0.514741 -0.202568
v 0.409647 0.488350 -0.211121
v 0.443346 0.515799 -0.136415
v 0.432463 0.525867 -0.066548
v 0.441124 0.546234 -0.007608
v 0.428166 0.545217 -0.062562
v 0.457110 0.540162 -0.010153
v 0.445658 0.539712 -0.066835
v 0.471339 0.524695 -0.010503
v 0.469523 0.549642 0.068196
v 0.484622 0.533319 0.068533
v 0.495018 0.510737 0.067884
v 0.442286 0.527985 0.145987
v 0.430199 0.448578 0.186419
v 0.144757 0.735895 -0.050718
v 0.149343 0.729290 -0.066495
v 0.152813 0.727412 -0.055408
v 0.014663 0.705124 0.006039
v 0.026253 0.703239 0.009037
v 0.140696 0.736156 -0.063019
v 0.056006 0.608665 -0.075512
v 0.052453 0.606346 -0.084866
v 0.041409 0.615817 -0.070951
v 0.022245 0.702993 -0.007243
v 0.034181 0.641531 0.009609
v 0.031094 0.702749 -0.000985
v 0.049313 0.630803 0.003036
v 0.047837 0.628415 0.015991
v -0.005930 0.593977 -0.012279
v 0.002794 0.579786 -0.013338
v -0.007028 0.562430 0.011505
v 0.023090 0.560907 -0.028180
v 0.009642 0.568425 -0.037884
v 0.235324 0.566042 -0.130552
v 0.232403 0.562477 -0.138002
v 0.227634 0.566934 -0.139855
v 0.231072 0.572814 -0.130283
v 0.017303 0.513195 -0.268337
v 0.010381 0.502043 -0.254898
v 0.022186 0.501706 -0.259236
v 0.013012 0.509990 -0.250585
v 0.030919 0.000656 -0.198263
v 0.040821 0.001471 -0.185034
v 0.006783 0.022672 -0.174519
v 0.005476 0.001043 -0.174462
v 0.024877 0.058037 -0.099870
v 0.147805 0.000724 -0.092420
v 0.152430 0.014303 -0.098596
v 0.101272 0.054595 -0.052238
v 0.116282 0.017408 -0.033778
v 0.122038 0.042685 -0.018364
v 0.129395 0.005654 -0.043167
v 0.124767 0.001413 -0.029418
v 0.155780 0.000000 -0.052432
v 0.162252 0.018096 -0.077827
v 0.160350 0.001364 -0.021289
v 0.194188 0.308561 -0.022915
v 0.221964 0.307955 -0.017530
v 0.158749 0.014585 0.016786
v 0.144255 0.020616 -0.026616
v 0.116294 0.037852 0.015208
v 0.000940 0.007348 -0.072892
v 0.002151 0.051852 -0.077212
v -0.009538 0.033627 -0.089837
v 0.052369 0.014024 -0.067265
v 0.064228 0.021353 -0.070719
v 0.052540 0.337870 -0.024136
v 0.009406 0.333111 -0.037369
v 0.023535 0.309334 -0.067166
v 0.088149 0.240930 -0.032282
v 0.079615 0.293300 -0.017265
v 0.008576 0.382371 -0.014337
v 0.029476 0.510566 -0.022271
v 0.007751 0.478844 -0.042640
v 0.190736 0.503267 0.159707
v 0.004318 0.529918 0.047256
v 0.004300 0.560208 0.037156
v 0.036787 0.498078 0.034687
v 0.011175 0.427505 0.063584
v 0.018753 0.388133 0.039798
v 0.105988 0.371128 0.099748
v 0.090220 0.262443 0.024171
v 0.040205 0.262157 0.061631
v 0.041939 0.312932 0.034434
v 0.038429 0.048741 0.086383
v 0.063940 0.001814 0.166685
v 0.053184 0.002049 0.061168
v 0.087684 0.084530 0.037149
v 0.091560 0.011349 0.035138
v 0.127954 0.036686 0.121870
v 0.152145 0.009216 0.143579
v 0.066844 0.001405 0.185245
v 0.012257 0.001006 0.178221
v 0.179420 0.510013 0.170942
v 0.183220 0.514703 0.162389
v 0.187071 0.502378 0.171657
v 0.144372 0.710749 0.023508
v 0.127839 0.592114 0.230901
v 0.137450 0.594712 0.222876
v 0.136118 0.592638 0.231457
v 0.127122 0.597970 0.223184
v 0.017459 0.619952 0.130437
v 0.017159 0.635473 0.138690
v 0.130645 0.725285 0.035244
v 0.140115 0.715422 0.043369
v -0.094949 0.739693 0.004934
v -0.085277 0.740427 -0.006818
v -0.101121 0.731396 -0.003371
v -0.000577 0.582117 0.002560
v -0.043193 0.550033 -0.010047
v -0.095900 0.685341 0.070735
v -0.087412 0.689363 0.077472
v -0.079762 0.699661 0.062956
v -0.142051 0.604864 0.224750
v -0.137768 0.599163 0.208434
v -0.125541 0.601227 0.212100
v -0.128259 0.596464 0.218959
v -0.096732 0.734952 -0.015404
v -0.092169 0.693554 0.054882
v -0.191438 0.613920 -0.019049
v -0.203829 0.604184 -0.021707
v -0.190566 0.604003 -0.001320
v -0.201942 0.597440 -0.005438
v -0.201494 0.555270 0.131637
v -0.191963 0.567859 0.131834
v -0.197781 0.566024 0.125458
v -0.191726 0.558935 0.139433
v -0.088258 0.516910 0.146663
v -0.070409 0.434491 0.166974
v -0.061328 0.449272 0.158031
v -0.088102 0.436403 0.160827
v -0.075474 0.450546 0.143903
v -0.007136 0.380411 0.077429
v -0.007757 0.052570 0.087619
v -0.043297 0.068332 0.076698
v -0.065158 0.004211 0.125855
v -0.109192 0.017334 0.109496
v -0.115198 0.286188 0.038696
v -0.143643 0.007253 -0.023000
v -0.137929 0.016452 -0.035180
v -0.123735 0.009211 -0.004570
v -0.058457 0.061441 0.009678
v -0.010017 0.006932 0.053579
v -0.052674 0.011430 0.005196
v -0.045176 0.262199 -0.000871
v -0.036369 0.244958 -0.029438
v -0.028785 0.289868 0.055096
v -0.067719 0.301003 0.044668
v -0.046226 0.290233 0.010175
v -0.059048 0.455317 0.061211
v -0.042070 0.360388 0.059951
v -0.038802 0.469375 0.043808
v -0.008493 0.470573 0.071650
v -0.037380 0.463876 0.002539
v -0.035384 0.401959 -0.023214
v -0.043477 0.420298 0.009177
v -0.022434 0.546297 0.004809
v -0.039281 0.536105 -0.004274
v -0.198371 0.487795 -0.065308
v -0.201671 0.499726 -0.062461
v -0.134132 0.486342 -0.035647
v -0.144615 0.509853 -0.028445
v 0.005354 0.503288 -0.112282
v -0.009413 0.508421 -0.130828
v -0.030599 0.470236 -0.041931
v -0.093057 0.395800 -0.040755
v -0.096208 0.408224 -0.063610
v -0.110454 0.415398 -0.055439
v -0.047576 0.305809 -0.046793
v -0.036388 0.335416 -0.066981
v -0.018613 0.364091 -0.057687
v -0.018305 0.249711 -0.055183
v -0.034699 0.309914 -0.057071
v -0.035562 0.003786 -0.053171
v -0.044979 0.068632 -0.062556
v -0.055530 0.053155 -0.045418
v -0.060974 0.081481 -0.037778
v -0.115830 0.010112 -0.051477
v -0.127230 0.346498 -0.137528
v -0.124117 0.006550 -0.115681
v -0.117761 0.000736 -0.108467
v -0.126011 0.000618 -0.152237
v -0.098021 0.000895 -0.155444
v -0.181925 0.469103 -0.252049
v -0.177845 0.479457 -0.244685
v -0.185769 0.474452 -0.246643
v -0.172214 0.474427 -0.251452
v -0.003076 0.504747 -0.164162
v -0.011224 0.548392 -0.035458
v -0.030939 0.559349 -0.151942
v 0.122931 0.716732 -0.047266
v 0.135522 0.705238 -0.053255
v 0.119514 0.719601 -0.063994
v 0.131433 0.708750 -0.069188
v 0.018980 0.674321 -0.009411
v 0.010930 0.674621 0.005030
v 0.028296 0.674374 0.012081
v 0.034060 0.673958 -0.000432
v 0.073141 0.668605 -0.066331
v 0.088801 0.656164 -0.072132
v 0.096185 0.651652 -0.052175
v 0.063964 0.598401 -0.052396
v 0.049701 0.585522 -0.076430
v 0.052645 0.604652 -0.096662
v 0.041924 0.610910 -0.102231
v 0.024443 0.575085 -0.074529
v 0.005648 0.621786 0.002239
v 0.019692 0.624500 -0.012635
v 0.080223 0.616774 0.004289
v 0.061679 0.569080 0.001798
v 0.039926 0.575549 -0.012198
v 0.018471 0.580918 -0.015607
v 0.024012 0.583045 0.021651
v 0.048465 0.574425 0.027247
v 0.072259 0.619379 0.026182
v 0.096230 0.689287 0.028224
v 0.103033 0.688536 0.007338
v 0.109586 0.676614 0.034158
v -0.024979 0.588089 0.003391
v -0.018573 0.565231 0.004260
v -0.026228 0.647039 -0.015198
v -0.039386 0.640422 0.004707
v 0.032030 0.541790 -0.015006
v 0.030641 0.522590 -0.026773
v 0.038275 0.545177 -0.036185
v 0.007945 0.538660 -0.057100
v 0.206132 0.552365 -0.110786
v 0.215225 0.541244 -0.114231
v 0.210060 0.539188 -0.126410
v 0.201581 0.548731 -0.124719
v 0.008175 0.482294 -0.222159
v 0.014105 0.493572 -0.214924
v 0.021323 0.477456 -0.225058
v 0.028261 0.487539 -0.218311
v 0.019018 0.000263 -0.183140
v 0.018549 0.020221 -0.182980
v 0.051717 0.019371 -0.129625
v 0.043414 0.000847 -0.137223
v 0.018837 0.000435 -0.136173
v 0.002788 0.013349 -0.131773
v 0.012992 0.033671 -0.124907
v -0.035033 0.093555 -0.081671
v -0.021468 0.150618 -0.065806
v 0.030828 0.149785 -0.073328
v 0.146865 0.000374 -0.067973
v 0.112653 0.000333 -0.066309
v 0.110514 0.000507 -0.085305
v 0.115865 0.019640 -0.090910
v 0.138310 0.033399 -0.070522
v 0.076234 0.034538 -0.077936
v 0.082188 0.133090 -0.055343
v 0.101107 0.139627 -0.013793
v 0.103240 0.069598 -0.017922
v 0.162107 0.023480 -0.010971
v 0.120702 0.000541 0.006232
v 0.074343 0.000311 -0.018632
v 0.154469 0.000454 0.002101
v 0.107950 0.038204 0.054845
v 0.094086 0.063960 0.079043
v 0.017674 0.000504 -0.095446
v 0.048838 0.002030 -0.094001
v 0.008671 0.024838 -0.094249
v 0.026723 0.000297 -0.005595
v -0.017161 0.000364 0.000661
v -0.071063 0.000328 -0.097173
v -0.055091 0.000244 -0.118463
v -0.056240 0.020960 -0.125928
v 0.011992 0.039088 -0.095354
v -0.050333 0.060365 -0.095195
v 0.054812 0.021674 -0.099587
v 0.059573 0.048417 -0.080290
v 0.054669 0.303422 0.015036
v 0.090562 0.331191 -0.057247
v 0.035860 0.355068 -0.055835
v 0.015879 0.312808 -0.004922
v 0.052794 0.342933 -0.091484
v 0.009618 0.342477 -0.067230
v 0.003120 0.357757 -0.018836
v 0.012819 0.338040 0.002271
v -0.016226 0.297336 -0.065595
v 0.032696 0.243076 -0.061266
v 0.137645 0.309343 -0.011146
v 0.146941 0.284893 -0.025535
v 0.109880 0.241531 -0.003028
v 0.151580 0.271203 -0.006151
v 0.144079 0.291218 0.014709
v 0.073932 0.349665 0.042561
v 0.092349 0.330042 0.038838
v 0.093065 0.308569 0.060480
v 0.212660 0.323361 -0.019092
v 0.195851 0.321355 -0.011184
v 0.194524 0.307850 0.007983
v 0.015657 0.380586 0.005382
v -0.009343 0.400287 -0.036335
v 0.010720 0.417565 -0.024738
v 0.023984 0.427497 0.000839
v 0.047288 0.529432 -0.005386
v 0.036464 0.491307 -0.006742
v 0.019453 0.506863 -0.047358
v -0.002768 0.447835 -0.073671
v -0.005138 0.485706 -0.048785
v -0.002181 0.505434 -0.046657
v -0.005461 0.483531 -0.126368
v -0.000378 0.527440 -0.101121
v 0.176510 0.485883 0.141290
v 0.164339 0.497371 0.140338
v 0.169045 0.479585 0.155216
v -0.013412 0.568831 0.052219
v -0.038019 0.568550 0.043562
v -0.029379 0.532982 0.038558
v 0.027421 0.567211 0.065904
v 0.043719 0.527582 0.050278
v 0.037661 0.536536 0.029220
v 0.048304 0.575614 0.086338
v 0.038455 0.516643 0.080194
v 0.020033 0.474141 0.064222
v 0.021040 0.432496 0.034802
v 0.039968 0.481354 0.105003
v 0.064412 0.472268 0.098675
v 0.033528 0.415508 0.059990
v -0.009838 0.416970 0.066210
v 0.009452 0.410011 0.090280
v 0.039685 0.465266 0.126953
v 0.038294 0.400999 0.085756
v 0.023032 0.369278 0.065224
v 0.067358 0.337839 0.095490
v 0.050839 0.308409 0.068404
v 0.122530 0.386169 0.071672
v 0.147085 0.438540 0.104923
v 0.134785 0.432650 0.125005
v 0.012830 0.315836 0.065687
v -0.005338 0.245347 0.059683
v 0.063453 0.355590 0.072235
v 0.018381 0.334011 0.029621
v 0.034642 0.047339 0.102060
v 0.043344 0.021016 0.088010
v 0.056609 0.021846 0.078068
v 0.001012 0.044346 0.106525
v 0.036153 0.086800 0.070970
v -0.006165 0.080504 0.082401
v 0.101879 0.003624 0.124104
v 0.114183 0.023825 0.136515
v 0.045244 0.000133 0.128659
v 0.050943 0.013578 0.127329
v 0.038291 0.036831 0.135443
v 0.048971 0.014592 0.182970
v 0.041086 0.000329 0.179975
v 0.122739 0.000423 0.119816
v 0.130106 0.001529 0.094672
v 0.091540 0.141601 0.037378
v 0.042934 0.145983 0.073724
v 0.145260 0.019667 0.111599
v 0.025941 0.019951 0.183532
v 0.012114 0.032934 0.141225
v 0.002899 0.009725 0.138839
v 0.021636 0.000387 0.134493
v 0.157360 0.490979 0.153846
v 0.117704 0.674925 0.014707
v 0.135774 0.719259 0.020107
v 0.111291 0.570398 0.209385
v 0.121285 0.567017 0.206370
v 0.112150 0.579482 0.199741
v 0.123796 0.574633 0.196964
v 0.015632 0.663035 0.151935
v 0.021712 0.662195 0.149267
v 0.009258 0.660993 0.140571
v 0.015134 0.614883 0.113589
v 0.020603 0.590816 0.113704
v 0.038682 0.565508 0.101483
v -0.084358 0.696058 -0.004572
v -0.070581 0.702788 0.006270
v -0.062145 0.708674 -0.010838
v -0.077426 0.701198 -0.021818
v -0.041814 0.583083 -0.010976
v -0.036114 0.584388 -0.028896
v -0.035212 0.550057 -0.032138
v -0.069198 0.638466 0.055921
v -0.052356 0.644107 0.064387
v -0.063551 0.644768 0.035097
v -0.040634 0.649337 0.047700
v -0.116584 0.576693 0.183412
v -0.117475 0.567774 0.191459
v -0.105414 0.572290 0.197748
v -0.105242 0.581590 0.188868
v -0.161404 0.585037 -0.030406
v -0.179247 0.572678 -0.036085
v -0.164239 0.576163 -0.009159
v -0.180897 0.564832 -0.015478
v -0.170524 0.523419 0.100912
v -0.157152 0.529033 0.111284
v -0.167389 0.537716 0.091062
v -0.156449 0.541538 0.100356
v -0.083344 0.536612 0.135686
v -0.059042 0.490576 0.084942
v -0.055051 0.478673 0.105941
v -0.029486 0.493010 0.109761
v -0.066772 0.530030 0.153792
v -0.055418 0.391376 0.138830
v -0.035136 0.412596 0.127036
v -0.069120 0.401086 0.116529
v -0.049111 0.413351 0.107979
v -0.141436 0.311894 0.046839
v -0.130534 0.313500 0.063023
v -0.027118 0.407824 0.065570
v -0.026223 0.384276 0.063736
v 0.020756 0.321885 0.053878
v -0.009064 0.024168 0.071360
v -0.005865 0.017565 0.093849
v -0.034758 0.038910 0.088580
v -0.087694 0.034000 0.125793
v -0.065722 0.025564 0.121656
v -0.068469 0.045842 0.073641
v -0.087376 0.000389 0.126587
v -0.034623 0.015072 0.092129
v -0.050667 0.000525 0.088457
v -0.096353 0.000250 0.111425
v -0.083209 0.017001 0.078965
v -0.074283 0.000136 0.079258
v -0.098675 0.286403 0.059182
v -0.069453 0.258842 0.020249
v -0.058103 0.261057 0.048893
v -0.105624 0.319908 0.051195
v -0.063326 0.301247 0.027168
v -0.130510 0.025884 -0.020355
v -0.125525 0.024703 -0.041839
v -0.123061 0.000791 -0.037482
v -0.126792 0.001037 -0.019953
v -0.092002 0.028928 -0.000488
v -0.095544 0.045511 -0.023444
v -0.085345 0.001492 -0.008561
v -0.054575 0.146536 0.014197
v -0.049512 0.147727 -0.031368
v -0.050522 0.011704 0.032241
v -0.058048 0.039827 0.040471
v 0.009012 0.000651 0.088864
v -0.043126 0.271801 -0.019303
v -0.041899 0.230564 0.009728
v -0.039331 0.298026 -0.014624
v -0.062545 0.287160 -0.042996
v -0.064775 0.274668 -0.056972
v -0.049665 0.276314 -0.076718
v -0.039298 0.339107 0.087559
v -0.032008 0.231499 0.041299
v -0.048103 0.350542 0.017691
v -0.041802 0.344543 -0.000854
v -0.047889 0.338953 -0.014767
v -0.045933 0.406522 0.054788
v -0.038751 0.445509 0.079727
v -0.074156 0.441585 0.028758
v -0.099927 0.486618 0.074927
v -0.116712 0.475929 0.058448
v -0.045890 0.468780 0.034736
v -0.094426 0.503732 0.056520
v -0.028121 0.509567 0.020738
v -0.041345 0.502526 -0.000162
v -0.038034 0.507908 0.088218
v -0.021618 0.476705 0.054658
v 0.008852 0.524448 0.073386
v -0.014860 0.508099 0.046844
v -0.060001 0.460973 0.019808
v -0.055476 0.500150 -0.016952
v -0.050241 0.472065 -0.015196
v -0.022923 0.450837 -0.066064
v -0.058660 0.429217 -0.027982
v -0.086528 0.416552 -0.031283
v -0.066956 0.378828 -0.022246
v -0.033527 0.395925 -0.041974
v -0.050488 0.429611 -0.051293
v -0.030071 0.566762 0.016363
v -0.186066 0.497982 -0.076026
v -0.197936 0.484096 -0.078412
v -0.173936 0.458271 -0.079101
v -0.172663 0.458851 -0.062754
v -0.110983 0.454491 -0.045406
v -0.109550 0.467910 -0.028468
v -0.124198 0.528109 -0.020875
v -0.137397 0.526043 -0.056663
v -0.031153 0.531812 -0.121570
v -0.036768 0.554256 -0.140374
v -0.018567 0.490196 -0.112018
v -0.028481 0.508148 -0.095979
v -0.040533 0.503859 -0.042321
v -0.019068 0.507035 -0.040734
v -0.013882 0.482831 -0.048460
v -0.015135 0.520404 -0.088034
v -0.118441 0.403460 -0.050921
v -0.115558 0.389016 -0.066244
v -0.076681 0.367028 -0.046832
v -0.070502 0.426154 -0.066935
v -0.050154 0.370281 -0.059828
v -0.047580 0.334819 -0.038227
v -0.037050 0.296142 -0.075692
v 0.012675 0.377105 -0.102511
v -0.007241 0.392313 -0.090795
v -0.082910 0.330853 -0.099892
v -0.089960 0.332935 -0.091317
v -0.082451 0.317978 -0.108678
v -0.049662 0.000611 -0.036723
v -0.050750 0.023689 -0.048173
v -0.045371 0.022244 -0.060598
v -0.078445 0.009942 -0.086255
v -0.055097 0.045469 -0.071036
v -0.080778 0.014579 -0.050243
v -0.086769 0.037558 -0.043377
v -0.081494 0.000464 -0.035913
v -0.082067 0.301044 -0.099760
v -0.101469 0.310193 -0.097463
v -0.102162 0.322767 -0.088847
v -0.128278 0.359382 -0.130396
v -0.124773 0.008853 -0.138425
v -0.114823 0.000255 -0.131011
v -0.083023 0.027801 -0.094449
v -0.073512 0.039327 -0.114614
v -0.144372 0.397415 -0.184210
v -0.132766 0.403914 -0.183399
v -0.110724 0.362106 -0.138932
v -0.149299 0.404004 -0.175221
v -0.168764 0.444741 -0.232329
v -0.174207 0.451279 -0.222699
v -0.157103 0.452474 -0.230924
v -0.163898 0.458631 -0.220932
v -0.025557 0.549350 -0.119084
v -0.138835 0.411593 -0.172945
v -0.117986 0.368398 -0.129883
v 0.027013 0.435768 -0.155853
v 0.008017 0.447063 -0.149079
v -0.010359 0.364249 -0.122702
v 0.012882 0.425494 -0.170199
v -0.029184 0.378028 -0.098909
v -0.003250 0.436622 -0.162663
v -0.157893 0.470073 -0.076121
v -0.163104 0.471277 -0.059854
v -0.101924 0.481360 -0.066416
v -0.082563 0.488047 -0.050721
v -0.120900 0.537608 -0.043431
v -0.088136 0.482945 -0.028300
v -0.117863 0.471983 -0.055911
v -0.110271 0.494001 0.043430
v -0.067169 0.544864 0.141693
v -0.032236 0.148350 0.058335
v -0.000002 0.147193 0.074115
v -0.047409 0.639532 -0.030038
v -0.058194 0.633730 -0.008836
v 0.019042 0.630673 0.112257
v 0.012891 0.667305 0.134223
v 0.094949 0.512604 0.164063
v 0.095552 0.526434 0.147067
v 0.075795 0.534489 0.151978
v 0.074936 0.520550 0.169102
v 0.065431 0.455257 0.121003
v 0.128622 0.452200 0.098893
v 0.118045 0.444781 0.120142
v 0.100802 0.400983 0.069816
v 0.088919 0.391654 0.095837
v 0.037397 0.000116 0.080967
v 0.030839 0.536776 -0.057283
v 0.101727 0.426490 -0.099838
v 0.119888 0.419084 -0.077099
v 0.081403 0.437165 -0.080306
v 0.143943 0.502736 -0.099859
v 0.156799 0.486707 -0.107952
v 0.099700 0.426852 -0.057206
v 0.153777 0.499444 -0.079566
v 0.167386 0.482235 -0.088483
v 0.048690 0.612909 -0.038389
v 0.078662 0.665159 -0.041995
v -0.131690 0.486724 -0.044028
v -0.125346 0.489813 -0.044617
v 0.061457 0.511722 -0.355164
v 0.077629 0.503543 -0.377184
v 0.095899 0.502146 -0.320988
v 0.078825 0.493317 -0.317597
v -0.257551 0.350187 0.077140
v -0.260580 0.352606 0.098296
v -0.359277 0.349502 0.005914
v -0.388039 0.350757 0.018671
v -0.351516 0.395524 -0.219464
v -0.344457 0.417065 -0.227946
v -0.320559 0.353374 -0.306929
v -0.326708 0.345484 -0.340589
v -0.317816 0.451776 -0.241781
v -0.328939 0.459900 -0.242059
v -0.343005 0.455530 -0.224115
v -0.335943 0.431465 -0.211253
v -0.134356 0.563178 -0.391633
v -0.103035 0.574289 -0.427933
v -0.109609 0.638035 -0.371311
v -0.124250 0.644650 -0.391017
v 0.067691 0.519375 -0.345305
v 0.046076 0.534432 -0.372026
v 0.041994 0.517483 -0.377273
v 0.039206 0.500110 -0.377619
v 0.064123 0.501409 -0.348383
v 0.071964 0.507760 -0.335102
v 0.080419 0.492288 -0.366196
v 0.050865 0.483761 -0.394739
v 0.054097 0.502195 -0.399887
v 0.059166 0.522301 -0.398059
v 0.086538 0.513516 -0.366805
v 0.091406 0.500046 -0.350956
v 0.089651 0.502264 -0.312823
v 0.088405 0.489620 -0.316965
v 0.094448 0.494225 -0.327449
v 0.098280 0.515662 -0.327623
v 0.090796 0.520195 -0.318056
v 0.096827 0.508126 -0.339120
v 0.073403 0.485991 -0.325284
v 0.082150 0.479302 -0.327994
v 0.078774 0.503048 -0.318920
v 0.072410 0.496762 -0.330046
v -0.268150 0.364235 0.074661
v -0.254540 0.376323 0.081476
v -0.244166 0.351746 0.082603
v -0.264187 0.336439 0.073166
v -0.280818 0.348917 0.069138
v -0.249349 0.328741 0.078064
v -0.272607 0.366804 0.098052
v -0.289242 0.350098 0.094941
v -0.270171 0.336560 0.095201
v -0.253436 0.327696 0.091142
v -0.245684 0.352678 0.096046
v -0.257117 0.377318 0.094673
v -0.343215 0.321349 0.023266
v -0.376897 0.308311 -0.054698
v -0.378413 0.348520 -0.057685
v -0.368674 0.393988 -0.061287
v -0.347198 0.377024 0.024072
v -0.316410 0.347077 0.051774
v -0.367191 0.316398 0.039136
v -0.336627 0.348827 0.075889
v -0.373556 0.388122 0.037885
v -0.394680 0.402153 -0.058677
v -0.406983 0.346112 -0.048579
v -0.399945 0.299169 -0.042701
v -0.368033 0.390467 -0.157113
v -0.385539 0.346493 -0.159967
v -0.362343 0.354191 -0.233520
v -0.342952 0.426265 -0.197414
v -0.358179 0.416870 -0.150268
v -0.330151 0.398379 -0.276691
v -0.334011 0.409514 -0.272534
v -0.328508 0.374042 -0.289769
v -0.340942 0.403299 -0.278689
v -0.356740 0.404268 -0.223924
v -0.309279 0.313811 -0.312723
v -0.276888 0.329205 -0.341019
v -0.291586 0.354638 -0.336516
v -0.364995 0.321122 -0.241243
v -0.358798 0.296237 -0.244806
v -0.298578 0.416562 -0.354480
v -0.309582 0.424577 -0.343519
v -0.315568 0.432492 -0.331106
v -0.245448 0.304182 -0.360593
v -0.252257 0.321928 -0.373327
v -0.236240 0.340614 -0.366255
v -0.247705 0.324984 -0.353690
v -0.314278 0.409732 -0.374429
v -0.301122 0.403501 -0.378886
v -0.293986 0.357757 -0.364699
v -0.338741 0.357967 -0.327920
v -0.328856 0.419156 -0.363731
v -0.280955 0.326780 -0.365891
v -0.316336 0.301847 -0.336571
v -0.326968 0.435078 -0.237491
v -0.340393 0.446571 -0.235679
v -0.317560 0.465352 -0.219400
v -0.325877 0.447708 -0.214518
v -0.331117 0.471112 -0.225893
v -0.355852 0.444485 -0.206764
v -0.342228 0.471828 -0.195344
v -0.350428 0.435808 -0.223683
v -0.334739 0.449270 -0.188839
v -0.108286 0.604421 -0.394503
v -0.129706 0.620325 -0.373423
v -0.159448 0.579060 -0.373832
v -0.135868 0.539293 -0.390528
v -0.085489 0.536706 -0.406101
v -0.078261 0.553780 -0.408500
v -0.067660 0.574316 -0.404525
v -0.101117 0.550120 -0.427988
v -0.154523 0.540604 -0.409842
v -0.162777 0.557019 -0.406782
v -0.135660 0.611123 -0.407681
v -0.106193 0.636648 -0.405521
v -0.068630 0.601419 -0.424243
v -0.172751 0.574540 -0.395801
v -0.107719 0.654073 -0.356388
v -0.142549 0.631909 -0.352345
v -0.091431 0.626250 -0.383641
v -0.077585 0.642328 -0.371628
v -0.119469 0.657994 -0.377166
v -0.088440 0.649833 -0.394410
v -0.147826 0.627221 -0.387841
v -0.154826 0.637452 -0.365502
v -0.180388 0.586065 -0.382288
v -0.185977 0.594036 -0.365768
v -0.188210 0.595555 -0.353384
v -0.156338 0.642293 -0.344865
v -0.113346 0.668604 -0.358970
v -0.074719 0.654868 -0.378888
v -0.037206 0.616580 -0.395215
v -0.047627 0.612106 -0.411285
v -0.043011 0.606534 -0.386041
v 0.005244 0.570143 -0.383939
v 0.012216 0.581535 -0.391445
v -0.055459 0.591436 -0.394418
v -0.001400 0.554039 -0.391206
v 0.050100 0.549696 -0.365581
v -0.008516 0.536249 -0.398396
v -0.015706 0.517852 -0.401456
v -0.022519 0.500641 -0.400476
v 0.037655 0.483974 -0.374793
v 0.063424 0.489400 -0.345563
v -0.031722 0.482184 -0.396711
v 0.036521 0.468364 -0.369753
v 0.063390 0.476607 -0.342104
v 0.040547 0.457359 -0.374386
v 0.071023 0.470280 -0.346572
v 0.046692 0.468022 -0.386246
v 0.077471 0.479169 -0.356787
v 0.089209 0.486921 -0.339288
v -0.038092 0.467540 -0.404762
v -0.030107 0.478657 -0.416434
v -0.021429 0.496256 -0.424674
v -0.100602 0.511877 -0.415141
v -0.099328 0.528619 -0.423975
v -0.013127 0.516288 -0.428053
v -0.005985 0.538738 -0.426413
v 0.004003 0.557955 -0.417491
v 0.063353 0.539842 -0.390861
v 0.091152 0.525188 -0.358117
v 0.010050 0.572763 -0.406510
v 0.063281 0.554419 -0.380191
v 0.091654 0.537073 -0.347551
v 0.057085 0.561697 -0.367241
v 0.083626 0.543333 -0.336658
v 0.073247 0.532878 -0.338105
v 0.078690 0.515804 -0.324117
v -0.140752 0.511055 -0.404324
v -0.147073 0.522372 -0.409200
v -0.187811 0.468606 -0.415630
v -0.201592 0.486828 -0.425219
v -0.215444 0.506443 -0.425531
v -0.271847 0.446876 -0.413851
v -0.284659 0.464992 -0.413422
v -0.298232 0.485082 -0.404297
v -0.229303 0.529592 -0.417131
v -0.309590 0.505522 -0.382284
v -0.238452 0.550918 -0.400376
v -0.313889 0.517423 -0.361036
v -0.241457 0.566240 -0.383479
v -0.313277 0.526235 -0.336692
v -0.242414 0.579165 -0.365729
v -0.303265 0.524732 -0.321725
v -0.236243 0.574483 -0.349710
v -0.297385 0.513625 -0.340032
v -0.235833 0.561407 -0.359664
v -0.177620 0.588172 -0.357076
v -0.231638 0.544197 -0.376022
v -0.293231 0.503383 -0.358847
v -0.283357 0.484937 -0.378525
v -0.221160 0.522695 -0.390995
v -0.271520 0.465995 -0.388448
v -0.209798 0.503447 -0.397418
v -0.261307 0.447752 -0.391629
v -0.198411 0.483483 -0.398122
v -0.136354 0.520344 -0.389748
v -0.091979 0.519213 -0.402986
v -0.187861 0.466194 -0.395619
v -0.137072 0.508875 -0.396117
v -0.098649 0.506947 -0.402374
v -0.253253 0.431264 -0.394668
v -0.258027 0.430876 -0.406335
v -0.279203 0.402179 -0.371751
v -0.286360 0.399753 -0.379820
v -0.266538 0.373416 -0.362985
v -0.278448 0.365626 -0.370536
v -0.246609 0.353206 -0.365980
v -0.262538 0.341086 -0.374451
v -0.269575 0.306423 -0.363245
v -0.258140 0.296189 -0.351945
v -0.290151 0.275041 -0.317122
v -0.304680 0.279028 -0.329949
v -0.346408 0.259728 -0.243511
v -0.356842 0.258597 -0.250356
v -0.370563 0.272294 -0.257413
v -0.381945 0.246270 -0.156399
v -0.394763 0.260742 -0.155581
v -0.405400 0.277855 -0.154112
v -0.384433 0.295991 -0.262743
v -0.414007 0.297768 -0.153606
v -0.390392 0.310452 -0.261207
v -0.416517 0.334298 -0.155733
v -0.390520 0.345840 -0.254174
v -0.346365 0.374620 -0.308367
v -0.337680 0.430220 -0.347085
v -0.374777 0.377402 -0.239996
v -0.346233 0.390781 -0.292150
v -0.339513 0.439068 -0.329932
v -0.335812 0.446693 -0.310863
v -0.324978 0.449836 -0.299401
v -0.318556 0.441748 -0.314369
v -0.390752 0.381231 -0.167569
v -0.377002 0.415202 -0.163279
v -0.383189 0.426405 -0.061524
v -0.358112 0.415239 0.039732
v -0.343192 0.431262 0.038104
v -0.371633 0.445187 -0.060511
v -0.370350 0.440001 -0.154135
v -0.324608 0.443510 0.033939
v -0.357123 0.461759 -0.062177
v -0.358202 0.457375 -0.146012
v -0.340758 0.454980 -0.064950
v -0.346242 0.455857 -0.141475
v -0.327748 0.468913 -0.186790
v -0.350006 0.438760 -0.145772
v -0.349492 0.437938 -0.061920
v -0.359212 0.418297 -0.062458
v -0.323700 0.419950 0.027390
v -0.334701 0.402748 0.027511
v -0.289224 0.385370 0.065453
v -0.301561 0.368392 0.060958
v -0.297058 0.326253 0.058038
v -0.330210 0.296049 0.023549
v -0.279938 0.311516 0.060833
v -0.319673 0.277262 0.020497
v -0.362580 0.265513 -0.058055
v -0.370629 0.283042 -0.056733
v -0.265717 0.299874 0.064542
v -0.312293 0.259570 0.017456
v -0.355277 0.247932 -0.058779
v -0.370986 0.250748 -0.156658
v -0.376853 0.268192 -0.155826
v -0.322156 0.255470 0.027225
v -0.369039 0.241987 -0.053955
v -0.335670 0.270489 0.035199
v -0.380983 0.257203 -0.050209
v -0.349142 0.288259 0.039724
v -0.390521 0.274351 -0.046892
v -0.290716 0.307462 0.081440
v -0.310392 0.322808 0.082274
v -0.317000 0.374844 0.086768
v -0.300877 0.391817 0.087630
v -0.284262 0.404295 0.082652
v -0.277809 0.401430 0.070279
v -0.315021 0.439024 0.028895
v -0.271967 0.297101 0.076133
v -0.351572 0.277327 -0.243469
v -0.383407 0.286252 -0.155835
v -0.388514 0.308460 -0.158305
v -0.298778 0.292591 -0.314100
v -0.265294 0.311812 -0.343750
v -0.258346 0.342110 -0.352470
v -0.275633 0.363986 -0.348960
v -0.287560 0.409182 -0.363051
v 0.392820 0.403135 -0.128119
v 0.392392 0.384391 -0.088747
v 0.370013 0.376509 -0.134785
v 0.359496 0.393634 -0.126480
v 0.432336 0.343362 0.019718
v 0.408766 0.352740 -0.042688
v 0.363993 0.309214 0.213687
v 0.383730 0.312067 0.235317
v 0.286656 0.310265 0.273566
v 0.294066 0.310182 0.286727
v 0.408140 0.392515 -0.112206
v 0.403589 0.378386 -0.116085
v 0.383665 0.396311 -0.134603
v 0.384946 0.414684 -0.127259
v 0.407622 0.406841 -0.106331
v 0.369781 0.407136 -0.134769
v 0.390176 0.398973 -0.097498
v 0.376797 0.395845 -0.110920
v 0.385215 0.376071 -0.095326
v 0.407917 0.377053 -0.050853
v 0.410239 0.392317 -0.052957
v 0.357235 0.377989 -0.134192
v 0.360960 0.395144 -0.138267
v 0.375146 0.387197 -0.137395
v 0.395140 0.367189 -0.119207
v 0.384028 0.358454 -0.119761
v 0.369600 0.352218 -0.115966
v 0.358834 0.382015 -0.122250
v 0.366202 0.401944 -0.124214
v 0.368464 0.389048 -0.116333
v 0.420310 0.336658 0.082164
v 0.417424 0.354337 0.083188
v 0.427090 0.363202 0.008407
v 0.422114 0.319680 -0.003134
v 0.423340 0.381865 0.009263
v 0.377194 0.369666 -0.101905
v 0.397611 0.340050 -0.060153
v 0.408108 0.298438 -0.014553
v 0.350535 0.294124 0.226331
v 0.330935 0.309857 0.248739
v 0.351692 0.326090 0.230500
v 0.387505 0.305990 0.161954
v 0.377602 0.283833 0.156604
v 0.387944 0.336413 0.169224
v 0.415145 0.318631 0.176562
v 0.410576 0.351672 0.179766
v 0.368153 0.332837 0.251447
v 0.342384 0.309358 0.270901
v 0.366692 0.291153 0.245573
v 0.403333 0.284740 0.169137
v 0.291410 0.297208 0.268852
v 0.299830 0.297226 0.282437
v 0.293140 0.324808 0.271144
v 0.303860 0.310454 0.263981
v 0.300612 0.323321 0.285716
v 0.313623 0.309623 0.283551
v 0.329432 0.326229 0.277029
v 0.315416 0.340810 0.275021
v 0.315408 0.280618 0.269218
v 0.328823 0.293935 0.272959
v 0.357702 0.275908 0.242203
v 0.345371 0.262027 0.236156
v 0.373868 0.255115 0.160682
v 0.389741 0.267847 0.163961
v 0.306211 0.280591 0.257571
v 0.332803 0.263807 0.226349
v 0.361529 0.253440 0.157732
v 0.372952 0.229243 0.063997
v 0.393028 0.237582 0.067524
v 0.341275 0.279097 0.227045
v 0.365687 0.268072 0.156158
v 0.379534 0.250621 0.064781
v 0.395182 0.285159 -0.024727
v 0.396650 0.271202 -0.034564
v 0.394990 0.269921 0.067654
v 0.412160 0.296467 0.073476
v 0.393837 0.324036 -0.078292
v 0.407014 0.329423 -0.079669
v 0.413252 0.275538 -0.025970
v 0.390487 0.329704 -0.069699
v 0.368233 0.359778 -0.107544
v 0.418084 0.339337 -0.076361
v 0.429618 0.286578 -0.016741
v 0.410739 0.255177 0.071687
v 0.448366 0.305544 -0.004473
v 0.432497 0.282567 0.077294
v 0.460518 0.341118 0.005335
v 0.448409 0.325944 0.086415
v 0.454889 0.368244 0.009377
v 0.444901 0.355215 0.089812
v 0.443565 0.386605 0.011275
v 0.434912 0.371475 0.090563
v 0.400119 0.371688 0.175872
v 0.421793 0.384353 0.089522
v 0.388416 0.385240 0.167057
v 0.340110 0.367890 0.246087
v 0.356137 0.353904 0.250997
v 0.379477 0.378326 0.162385
v 0.331068 0.363769 0.237411
v 0.307138 0.340282 0.262598
v 0.339149 0.347921 0.234846
v 0.318035 0.325329 0.256749
v 0.317271 0.295085 0.253809
v 0.382622 0.360772 0.167194
v 0.412277 0.375189 0.084881
v 0.428412 0.398030 0.010909
v 0.421325 0.393133 -0.055769
v 0.397843 0.410466 -0.097798
v 0.427822 0.380920 -0.059456
v 0.429611 0.366048 -0.065077
v 0.425825 0.351597 -0.071379
v 0.377688 0.410325 -0.116521
v -0.478207 0.575331 -0.009186
v -0.409745 0.527700 0.092702
v -0.397637 0.530801 0.066496
v -0.450195 0.555498 -0.018840
v -0.362287 0.575631 -0.249003
v -0.361170 0.551117 -0.230348
v -0.457840 0.563581 -0.122141
v -0.492150 0.554976 -0.137650
v -0.456468 0.603993 0.011608
v -0.459426 0.630200 -0.072341
v -0.483943 0.594293 -0.072727
v -0.498406 0.534491 -0.072959
v -0.477889 0.531353 0.012682
v -0.448532 0.558347 0.057974
v -0.425947 0.508832 0.080233
v -0.411638 0.494624 0.081192
v -0.393183 0.526216 0.097939
v -0.415537 0.546829 0.090389
v -0.437838 0.527670 0.075064
v -0.395079 0.556777 0.096622
v -0.401277 0.545018 0.062067
v -0.383960 0.554487 0.074715
v -0.382181 0.527920 0.077472
v -0.409078 0.513186 0.057499
v -0.416734 0.527935 0.049727
v -0.398099 0.497704 0.065107
v -0.448080 0.520490 -0.000071
v -0.467438 0.510490 -0.073581
v -0.462618 0.561594 -0.070739
v -0.444837 0.605814 -0.069383
v -0.433665 0.584335 -0.000174
v -0.423269 0.547664 0.038216
v -0.372292 0.561295 -0.249377
v -0.388067 0.579767 -0.242038
v -0.372058 0.592985 -0.242193
v -0.345450 0.573298 -0.239550
v -0.355588 0.549797 -0.247450
v -0.358147 0.596948 -0.230158
v -0.362904 0.565522 -0.227751
v -0.381747 0.550812 -0.219529
v -0.373365 0.535328 -0.225467
v -0.375920 0.529068 -0.239808
v -0.454511 0.529520 -0.144906
v -0.421104 0.565204 -0.185451
v -0.439646 0.596660 -0.139763
v -0.471789 0.595024 -0.154143
v -0.483481 0.522820 -0.160962
v -0.493166 0.491877 -0.075931
v -0.447940 0.564670 -0.204850
v -0.433919 0.541270 -0.218873
v -0.473220 0.498129 -0.168880
v -0.449467 0.623597 -0.157629
v -0.423368 0.589358 -0.217222
v -0.405787 0.564251 -0.236656
v -0.391253 0.544652 -0.242661
v -0.421909 0.524149 -0.223070
v -0.407195 0.605322 -0.220204
v -0.434045 0.638721 -0.157809
v -0.417457 0.651429 -0.156633
v -0.391140 0.618013 -0.219216
v -0.402514 0.648037 -0.151644
v -0.378553 0.618139 -0.209867
v -0.413448 0.632648 -0.148673
v -0.389291 0.602082 -0.202895
v -0.372914 0.581927 -0.219937
v -0.404533 0.583758 -0.196025
v -0.390359 0.565711 -0.212111
v -0.412543 0.546062 -0.197923
v -0.405704 0.529709 -0.204293
v -0.449022 0.507697 -0.154362
v -0.442589 0.490548 -0.160683
v -0.435853 0.475215 -0.166908
v -0.399971 0.513356 -0.210340
v -0.446485 0.468992 -0.174710
v -0.407847 0.509809 -0.221218
v -0.461699 0.481664 -0.172616
v -0.460254 0.438477 -0.080066
v -0.473667 0.450387 -0.078517
v -0.484464 0.467136 -0.077201
v -0.452119 0.457567 0.023643
v -0.462860 0.474034 0.022560
v -0.471677 0.496668 0.019890
v -0.439136 0.445272 0.020477
v -0.397083 0.488156 0.076199
v -0.374762 0.523049 0.093385
v -0.432907 0.458048 0.014639
v -0.438887 0.475902 0.011667
v -0.452308 0.445779 -0.079321
v -0.457153 0.463059 -0.078400
v -0.463137 0.483730 -0.076321
v -0.444423 0.495983 0.006940
v -0.376754 0.560610 0.090844
v -0.388585 0.590635 0.074432
v -0.405995 0.588195 0.079619
v -0.394642 0.578944 0.061634
v -0.408928 0.622412 0.015927
v -0.400749 0.638862 0.023327
v -0.408817 0.564354 0.050325
v -0.422268 0.603883 0.007790
v -0.430503 0.626814 -0.069100
v -0.416906 0.643132 -0.069009
v -0.407969 0.659327 -0.069253
v -0.426788 0.615499 -0.145540
v -0.423651 0.659069 -0.069400
v -0.419888 0.639309 0.025350
v -0.441555 0.647235 -0.070947
v -0.437801 0.624907 0.020028
v -0.426895 0.576137 0.073566
v -0.165482 0.382113 0.310578
v -0.240190 0.404070 0.297187
v -0.202040 0.384545 0.296666
v -0.163868 0.371490 0.338071
v -0.244435 0.396427 0.200041
v -0.239389 0.375477 0.152475
v -0.255161 0.372602 0.140252
v -0.175454 0.401934 0.309423
v -0.153957 0.417840 0.316119
v -0.143515 0.378613 0.315610
v -0.190637 0.364481 0.299198
v -0.181423 0.342518 0.297407
v -0.227394 0.430560 0.293520
v -0.259793 0.414408 0.204735
v -0.266570 0.397005 0.238143
v -0.219435 0.371389 0.319528
v -0.176354 0.401804 0.339890
v -0.271931 0.365713 0.225669
v -0.234039 0.392229 0.258713
v -0.222192 0.420931 0.262461
v -0.241059 0.363314 0.246735
v -0.202882 0.344127 0.316902
v -0.185937 0.331547 0.305855
v -0.139407 0.371390 0.333198
v -0.153393 0.420943 0.332636
v -0.263737 0.382199 0.160665
v -0.244127 0.380352 0.179771
v -0.238350 0.390025 0.155297
v -0.238984 0.411736 0.187039
v -0.243379 0.363203 0.169939
v -0.238464 0.370750 0.138267
v -0.237019 0.395559 0.139704
v -0.247866 0.347238 0.159064
v -0.260400 0.360562 0.158201
v -0.253510 0.393360 0.141131
v -0.246696 0.429235 0.190976
v -0.234784 0.427783 0.185051
v -0.217818 0.449090 0.278757
v -0.212451 0.443457 0.266350
v -0.247524 0.325669 0.227127
v -0.264195 0.339294 0.225875
v -0.242194 0.339775 0.234578
vt 0.411733 0.321130
vt 0.407840 0.343107
vt 0.397711 0.341816
vt 0.394815 0.330335
vt 0.388686 0.317218
vt 0.405123 0.312181
vt 0.424603 0.322403
vt 0.419756 0.342774
vt 0.401795 0.281176
vt 0.397946 0.280330
vt 0.392221 0.265264
vt 0.398764 0.265831
vt 0.001595 0.077309
vt 0.001595 0.060800
vt 0.006754 0.060982
vt 0.007434 0.074904
vt 0.703917 0.782629
vt 0.704837 0.777193
vt 0.715961 0.774742
vt 0.716347 0.783014
vt 0.714586 0.800857
vt 0.704047 0.796874
vt 0.426242 0.061123
vt 0.426688 0.074336
vt 0.422314 0.074101
vt 0.422314 0.060779
vt 0.584921 0.336123
vt 0.585767 0.338654
vt 0.577367 0.349546
vt 0.573497 0.349180
vt 0.395241 0.282476
vt 0.386803 0.264877
vt 0.383456 0.335541
vt 0.373228 0.319154
vt 0.368519 0.300593
vt 0.377752 0.301510
vt 0.362501 0.313655
vt 0.361838 0.336093
vt 0.353283 0.323730
vt 0.340975 0.306677
vt 0.357656 0.300754
vt 0.648003 0.292883
vt 0.641943 0.286592
vt 0.645367 0.281705
vt 0.652955 0.283918
vt 0.732420 0.792360
vt 0.736405 0.800570
vt 0.722123 0.808774
vt 0.730260 0.779284
vt 0.299018 0.226598
vt 0.288350 0.226567
vt 0.285624 0.202408
vt 0.293787 0.200821
vt 0.301426 0.199334
vt 0.307604 0.220547
vt 0.958539 0.556125
vt 0.969500 0.553723
vt 0.972274 0.561042
vt 0.966444 0.566439
vt 0.726777 0.769992
vt 0.713985 0.767766
vt 0.721395 0.764211
vt 0.441555 0.275043
vt 0.430275 0.275043
vt 0.433408 0.260994
vt 0.440267 0.263204
vt 0.650113 0.972083
vt 0.658935 0.966363
vt 0.660103 0.988016
vt 0.649460 0.988667
vt 0.637914 0.983023
vt 0.645455 0.961763
vt 0.660103 0.951616
vt 0.655172 0.742942
vt 0.670829 0.720047
vt 0.689259 0.724651
vt 0.680720 0.739260
vt 0.673761 0.749162
vt 0.655130 0.754918
vt 0.644388 0.735808
vt 0.665052 0.716892
vt 0.339008 0.188750
vt 0.349379 0.180665
vt 0.349379 0.190010
vt 0.346156 0.202194
vt 0.619442 0.776329
vt 0.608213 0.768576
vt 0.029535 0.464469
vt 0.078763 0.448760
vt 0.081907 0.461374
vt 0.037360 0.475033
vt 0.080305 0.051268
vt 0.083092 0.025815
vt 0.088821 0.035226
vt 0.091738 0.047096
vt 0.064825 0.053516
vt 0.063663 0.027408
vt 0.103233 0.045144
vt 0.097448 0.056293
vt 0.040754 0.488680
vt 0.025715 0.494995
vt 0.022982 0.488789
vt 0.021018 0.482652
vt 0.023503 0.471327
vt 0.070093 0.151036
vt 0.068604 0.135805
vt 0.091877 0.151433
vt 0.085176 0.167586
vt 0.062773 0.157226
vt 0.057126 0.135328
vt 0.077598 0.178760
vt 0.112823 0.062354
vt 0.080956 0.099401
vt 0.069283 0.094358
vt 0.058550 0.090239
vt 0.028940 0.506311
vt 0.051862 0.517819
vt 0.013188 0.513285
vt 0.013729 0.498080
vt 0.033930 0.535474
vt 0.669991 0.704390
vt 0.651867 0.700072
vt 0.647497 0.685587
vt 0.669821 0.690281
vt 0.179893 0.660103
vt 0.175188 0.654610
vt 0.176450 0.643768
vt 0.179893 0.641376
vt 0.691382 0.695727
vt 0.692216 0.707370
vt 0.663494 0.707484
vt 0.325215 0.314616
vt 0.339819 0.334448
vt 0.330070 0.341795
vt 0.320325 0.326890
vt 0.094545 0.019473
vt 0.096000 0.026140
vt 0.310065 0.072759
vt 0.316671 0.071635
vt 0.316197 0.081769
vt 0.310248 0.081769
vt 0.115696 0.030881
vt 0.125721 0.015236
vt 0.139375 0.020547
vt 0.123398 0.034733
vt 0.011054 0.878650
vt 0.011054 0.858958
vt 0.015668 0.862340
vt 0.016354 0.874531
vt 0.296332 0.319878
vt 0.306661 0.324645
vt 0.305804 0.334686
vt 0.289141 0.336704
vt 0.967808 0.843090
vt 0.963147 0.826988
vt 0.983377 0.829226
vt 0.984207 0.850403
vt 0.259535 0.755720
vt 0.259535 0.738977
vt 0.271106 0.742048
vt 0.272069 0.759713
vt 0.402116 0.303239
vt 0.391605 0.307751
vt 0.386813 0.286431
vt 0.402901 0.286431
vt 0.317939 0.375449
vt 0.310149 0.352405
vt 0.337651 0.355398
vt 0.287582 0.376899
vt 0.286333 0.355360
vt 0.343349 0.360356
vt 0.331498 0.378513
vt 0.324943 0.402333
vt 0.312165 0.404470
vt 0.703886 0.745528
vt 0.708495 0.727086
vt 0.718429 0.725626
vt 0.720010 0.741567
vt 0.722184 0.754536
vt 0.710965 0.759445
vt 0.700015 0.764422
vt 0.692287 0.756753
vt 0.716043 0.705090
vt 0.713005 0.692559
vt 0.727061 0.707972
vt 0.396538 0.031584
vt 0.385926 0.031493
vt 0.389453 0.007900
vt 0.401414 0.019015
vt 0.340129 0.380339
vt 0.331629 0.409908
vt 0.554481 0.459961
vt 0.561456 0.459104
vt 0.564242 0.468473
vt 0.554655 0.467719
vt 0.164951 0.949558
vt 0.163630 0.936870
vt 0.173946 0.936754
vt 0.171423 0.952965
vt 0.159456 0.954842
vt 0.152752 0.938530
vt 0.990338 0.351532
vt 0.981488 0.354314
vt 0.983068 0.334989
vt 0.993128 0.338099
vt 0.993128 0.360608
vt 0.981702 0.367231
vt 0.967269 0.629008
vt 0.966732 0.615070
vt 0.978555 0.616356
vt 0.974107 0.634829
vt 0.973622 0.378359
vt 0.971569 0.370037
vt 0.982073 0.376570
vt 0.294227 0.234075
vt 0.294370 0.242335
vt 0.286507 0.242335
vt 0.289199 0.230605
vt 0.969413 0.382087
vt 0.962618 0.371867
vt 0.571835 0.474290
vt 0.575985 0.478419
vt 0.567473 0.483183
vt 0.565954 0.476013
vt 0.572080 0.467998
vt 0.579820 0.468391
vt 0.728364 0.679703
vt 0.737428 0.680901
vt 0.722539 0.670782
vt 0.735203 0.663711
vt 0.249879 0.249577
vt 0.270366 0.257882
vt 0.247984 0.271558
vt 0.226252 0.264855
vt 0.273377 0.237961
vt 0.282869 0.241463
vt 0.251450 0.242947
vt 0.268049 0.237710
vt 0.733760 0.751452
vt 0.283184 0.291895
vt 0.289910 0.291895
vt 0.288884 0.298770
vt 0.284048 0.301804
vt 0.740401 0.780084
vt 0.744918 0.787726
vt 0.364934 0.132047
vt 0.367995 0.131903
vt 0.368522 0.141234
vt 0.362037 0.141238
vt 0.362037 0.119460
vt 0.368706 0.122134
vt 0.035532 0.242101
vt 0.045982 0.246568
vt 0.027082 0.252994
vt 0.026488 0.235929
vt 0.284988 0.255749
vt 0.284343 0.273639
vt 0.274799 0.277985
vt 0.756739 0.796456
vt 0.025554 0.279016
vt 0.013568 0.278870
vt 0.014314 0.256935
vt 0.437692 0.365474
vt 0.444529 0.377717
vt 0.421724 0.404189
vt 0.414257 0.398547
vt 0.408387 0.391596
vt 0.425752 0.363367
vt 0.458144 0.773093
vt 0.458144 0.750976
vt 0.462200 0.749747
vt 0.466829 0.766805
vt 0.700677 0.159028
vt 0.697087 0.167760
vt 0.684537 0.151554
vt 0.697586 0.141374
vt 0.179237 0.913121
vt 0.182064 0.911458
vt 0.186039 0.931830
vt 0.178719 0.933638
vt 0.496384 0.752698
vt 0.496384 0.732777
vt 0.499537 0.733868
vt 0.499337 0.753766
vt 0.425577 0.869622
vt 0.421903 0.859292
vt 0.439836 0.852664
vt 0.441009 0.868167
vt 0.435513 0.893063
vt 0.424601 0.892528
vt 0.782904 0.804345
vt 0.783500 0.835592
vt 0.768520 0.836226
vt 0.755967 0.805488
vt 0.670039 0.169532
vt 0.695962 0.179757
vt 0.697279 0.191822
vt 0.670671 0.186815
vt 0.641388 0.185771
vt 0.639870 0.175054
vt 0.585621 0.981187
vt 0.579261 0.975512
vt 0.587944 0.966459
vt 0.593209 0.976814
vt 0.581515 0.992525
vt 0.569531 0.989273
vt 0.592149 0.993128
vt 0.667996 0.642996
vt 0.682660 0.635733
vt 0.686498 0.668944
vt 0.675407 0.672849
vt 0.654144 0.664751
vt 0.645675 0.656182
vt 0.656960 0.630553
vt 0.464003 0.840604
vt 0.455950 0.869202
vt 0.440064 0.907151
vt 0.446569 0.895009
vt 0.456292 0.899050
vt 0.444118 0.914332
vt 0.987288 0.283435
vt 0.978489 0.283099
vt 0.978252 0.269794
vt 0.988667 0.273857
vt 0.431020 0.910418
vt 0.303290 0.319644
vt 0.297337 0.316572
vt 0.297337 0.310113
vt 0.302763 0.312223
vt 0.596117 0.949151
vt 0.602121 0.957741
vt 0.596305 0.961146
vt 0.590013 0.953157
vt 0.969711 0.258353
vt 0.979077 0.259692
vt 0.968220 0.268488
vt 0.177815 0.961128
vt 0.177534 0.950322
vt 0.185927 0.949239
vt 0.185516 0.961906
vt 0.584942 0.948913
vt 0.580766 0.959026
vt 0.576356 0.954665
vt 0.341046 0.833303
vt 0.350650 0.842269
vt 0.341242 0.849594
vt 0.331826 0.833539
vt 0.340678 0.818814
vt 0.348418 0.823575
vt 0.360905 0.829189
vt 0.827347 0.985726
vt 0.812589 0.986203
vt 0.812732 0.976446
vt 0.830160 0.978026
vt 0.834755 0.992210
vt 0.812238 0.997588
vt 0.842155 0.979461
vt 0.467091 0.060145
vt 0.467769 0.085520
vt 0.455245 0.087330
vt 0.447983 0.066356
vt 0.205167 0.461620
vt 0.203244 0.487209
vt 0.194993 0.487643
vt 0.194993 0.464106
vt 0.476369 0.065448
vt 0.480156 0.084703
vt 0.295926 0.434122
vt 0.295274 0.424083
vt 0.303693 0.425061
vt 0.301553 0.432746
vt 0.847429 0.489393
vt 0.842275 0.492104
vt 0.842425 0.468673
vt 0.846990 0.457196
vt 0.098436 0.697087
vt 0.124130 0.702628
vt 0.122712 0.712231
vt 0.100066 0.707269
vt 0.077642 0.683200
vt 0.083376 0.667770
vt 0.103105 0.682523
vt 0.126420 0.692386
vt 0.833176 0.456014
vt 0.838047 0.446884
vt 0.744442 0.034194
vt 0.741055 0.021720
vt 0.741055 0.001952
vt 0.749662 0.006302
vt 0.068267 0.708894
vt 0.059033 0.701515
vt 0.759713 0.010171
vt 0.756000 0.031662
vt 0.817858 0.429945
vt 0.826357 0.428879
vt 0.608068 0.176066
vt 0.600410 0.176919
vt 0.600753 0.157973
vt 0.608068 0.155700
vt 0.305221 0.408320
vt 0.320004 0.405193
vt 0.322214 0.414056
vt 0.303899 0.416502
vt 0.044374 0.177255
vt 0.046088 0.184708
vt 0.036006 0.184989
vt 0.036155 0.178854
vt 0.102562 0.722858
vt 0.100342 0.715616
vt 0.122020 0.721273
vt 0.122292 0.729584
vt 0.968763 0.438134
vt 0.976059 0.433939
vt 0.975584 0.448469
vt 0.966566 0.451037
vt 0.242854 0.826021
vt 0.245308 0.839111
vt 0.235101 0.841482
vt 0.234867 0.822101
vt 0.311480 0.967827
vt 0.319983 0.965263
vt 0.321868 0.976126
vt 0.311203 0.975722
vt 0.846739 0.393763
vt 0.839204 0.397260
vt 0.835012 0.390956
vt 0.847429 0.387099
vt 0.008245 0.729824
vt 0.001748 0.731465
vt 0.002194 0.720944
vt 0.008899 0.722705
vt 0.329478 0.983279
vt 0.322690 0.985694
vt 0.331538 0.975262
vt 0.346871 0.144318
vt 0.341153 0.147185
vt 0.339295 0.134223
vt 0.347587 0.134595
vt 0.976044 0.212434
vt 0.976889 0.220402
vt 0.969214 0.220300
vt 0.970039 0.210172
vt 0.613244 0.990154
vt 0.609349 0.981218
vt 0.619024 0.978140
vt 0.621340 0.988887
vt 0.371548 0.902160
vt 0.376140 0.919133
vt 0.368438 0.920979
vt 0.365242 0.898880
vt 0.937541 0.053340
vt 0.941092 0.058990
vt 0.934616 0.066831
vt 0.931299 0.058180
vt 0.929460 0.035179
vt 0.938817 0.035374
vt 0.169279 0.347363
vt 0.169486 0.356812
vt 0.161794 0.356812
vt 0.162345 0.348649
vt 0.506771 0.231757
vt 0.511431 0.231934
vt 0.508559 0.241165
vt 0.502450 0.240689
vt 0.110610 0.304777
vt 0.104757 0.303341
vt 0.105334 0.300267
vt 0.111504 0.300070
vt 0.588032 0.599112
vt 0.594925 0.604178
vt 0.590743 0.614787
vt 0.583395 0.606416
vt 0.585494 0.583742
vt 0.595504 0.583489
vt 0.876458 0.133186
vt 0.883740 0.129484
vt 0.876859 0.155418
vt 0.869210 0.152475
vt 0.104757 0.293184
vt 0.111406 0.293923
vt 0.592966 0.634829
vt 0.588500 0.633348
vt 0.592815 0.626854
vt 0.598495 0.630260
vt 0.628154 0.963317
vt 0.631335 0.973463
vt 0.617765 0.964008
vt 0.353082 0.753549
vt 0.361618 0.764501
vt 0.350954 0.769234
vt 0.342227 0.753656
vt 0.623958 0.948430
vt 0.634829 0.954471
vt 0.937999 0.407853
vt 0.933234 0.392175
vt 0.942358 0.391291
vt 0.944010 0.412067
vt 0.934861 0.414586
vt 0.924649 0.395550
vt 0.941522 0.420787
vt 0.111396 0.023787
vt 0.111267 0.019037
vt 0.115964 0.019037
vt 0.115189 0.023165
vt 0.298671 0.618125
vt 0.298830 0.625609
vt 0.292469 0.625781
vt 0.293623 0.618096
vt 0.683489 0.012847
vt 0.686864 0.016301
vt 0.681226 0.020309
vt 0.676862 0.016081
vt 0.186912 0.469175
vt 0.182153 0.469803
vt 0.182297 0.462078
vt 0.188813 0.463306
vt 0.417975 0.947039
vt 0.414549 0.941995
vt 0.419571 0.939665
vt 0.422228 0.945922
vt 0.491536 0.978106
vt 0.485593 0.975558
vt 0.486887 0.967752
vt 0.493469 0.972065
vt 0.496117 0.990814
vt 0.487532 0.993525
vt 0.503089 0.986006
vt 0.107980 0.751297
vt 0.077190 0.746167
vt 0.076004 0.738699
vt 0.106910 0.740660
vt 0.145698 0.753390
vt 0.137354 0.761200
vt 0.468316 0.617010
vt 0.462717 0.631029
vt 0.436729 0.627744
vt 0.439597 0.615950
vt 0.057505 0.170513
vt 0.050447 0.139666
vt 0.148299 0.442511
vt 0.163759 0.462803
vt 0.150173 0.464720
vt 0.127673 0.454557
vt 0.077160 0.186896
vt 0.189156 0.632635
vt 0.215863 0.639031
vt 0.218325 0.652597
vt 0.184084 0.646210
vt 0.201677 0.541101
vt 0.195865 0.527772
vt 0.210819 0.517116
vt 0.210162 0.545495
vt 0.201594 0.570623
vt 0.194785 0.561640
vt 0.117775 0.236059
vt 0.114824 0.220893
vt 0.172819 0.248377
vt 0.176365 0.259300
vt 0.211114 0.505958
vt 0.181412 0.496123
vt 0.611041 0.209802
vt 0.611041 0.234901
vt 0.595090 0.234720
vt 0.591320 0.219681
vt 0.365415 0.632683
vt 0.401891 0.635668
vt 0.397215 0.646787
vt 0.366159 0.645897
vt 0.340603 0.649836
vt 0.339406 0.638899
vt 0.890379 0.546251
vt 0.869283 0.550086
vt 0.870472 0.528937
vt 0.893586 0.513055
vt 0.618475 0.453449
vt 0.589704 0.433905
vt 0.595352 0.415617
vt 0.615807 0.425311
vt 0.648209 0.843384
vt 0.648209 0.871217
vt 0.634180 0.861083
vt 0.632412 0.841051
vt 0.573873 0.778160
vt 0.556063 0.774507
vt 0.554771 0.744217
vt 0.570526 0.740776
vt 0.556028 0.790427
vt 0.544139 0.795283
vt 0.544491 0.773880
vt 0.569095 0.801790
vt 0.559424 0.814329
vt 0.652151 0.413298
vt 0.648701 0.401601
vt 0.660567 0.403714
vt 0.661089 0.419683
vt 0.310781 0.630604
vt 0.320741 0.633407
vt 0.316279 0.649704
vt 0.302160 0.641428
vt 0.711717 0.943637
vt 0.699930 0.944917
vt 0.699738 0.929634
vt 0.712138 0.931636
vt 0.680795 0.931173
vt 0.688679 0.928233
vt 0.687172 0.944864
vt 0.675961 0.943979
vt 0.212683 0.293083
vt 0.217047 0.281070
vt 0.224494 0.282470
vt 0.218352 0.301804
vt 0.091624 0.321373
vt 0.081047 0.322618
vt 0.081047 0.308218
vt 0.092176 0.312718
vt 0.564804 0.832562
vt 0.551416 0.823190
vt 0.573741 0.829778
vt 0.817904 0.579033
vt 0.828102 0.575664
vt 0.828102 0.596174
vt 0.817367 0.594841
vt 0.552929 0.956778
vt 0.556342 0.948320
vt 0.572386 0.950372
vt 0.562473 0.961906
vt 0.607713 0.948526
vt 0.593947 0.946306
vt 0.597572 0.920586
vt 0.604765 0.919875
vt 0.612727 0.917480
vt 0.621555 0.934093
vt 0.612898 0.236796
vt 0.621722 0.221740
vt 0.631062 0.235018
vt 0.622446 0.250982
vt 0.603981 0.899502
vt 0.613762 0.903741
vt 0.629729 0.923784
vt 0.627532 0.946856
vt 0.636315 0.947001
vt 0.639289 0.236793
vt 0.628224 0.260387
vt 0.383551 0.715910
vt 0.388544 0.717793
vt 0.395467 0.726254
vt 0.383551 0.734439
vt 0.890461 0.472311
vt 0.908119 0.466157
vt 0.907184 0.499482
vt 0.903144 0.496700
vt 0.909871 0.508792
vt 0.641349 0.384323
vt 0.626407 0.353737
vt 0.636172 0.351783
vt 0.650120 0.383076
vt 0.211114 0.567735
vt 0.205253 0.579037
vt 0.440104 0.753000
vt 0.450152 0.742957
vt 0.454936 0.750113
vt 0.448947 0.761961
vt 0.452342 0.783997
vt 0.443229 0.786311
vt 0.945582 0.817965
vt 0.932805 0.818019
vt 0.939040 0.785142
vt 0.952986 0.809481
vt 0.952986 0.833131
vt 0.937619 0.845942
vt 0.539325 0.642133
vt 0.533491 0.631524
vt 0.555178 0.625352
vt 0.556158 0.637230
vt 0.568127 0.631771
vt 0.582562 0.634114
vt 0.566662 0.652934
vt 0.568773 0.623648
vt 0.190132 0.573090
vt 0.194881 0.580008
vt 0.175702 0.577771
vt 0.176176 0.546658
vt 0.175748 0.589241
vt 0.201178 0.226592
vt 0.209699 0.207154
vt 0.223451 0.208018
vt 0.212295 0.235993
vt 0.174403 0.232532
vt 0.182100 0.206810
vt 0.148058 0.603607
vt 0.145137 0.592131
vt 0.175904 0.599316
vt 0.099033 0.596779
vt 0.100147 0.587711
vt 0.508720 0.636812
vt 0.502357 0.645561
vt 0.466595 0.640464
vt 0.467199 0.628520
vt 0.536873 0.654403
vt 0.534383 0.662981
vt 0.480027 0.646847
vt 0.501155 0.651882
vt 0.498045 0.656464
vt 0.475359 0.655888
vt 0.454460 0.230766
vt 0.464373 0.233672
vt 0.462656 0.253651
vt 0.451054 0.244360
vt 0.506455 0.363810
vt 0.509436 0.386661
vt 0.507887 0.387190
vt 0.498218 0.362139
vt 0.518865 0.362139
vt 0.513775 0.388033
vt 0.472377 0.224491
vt 0.480586 0.232935
vt 0.477697 0.243077
vt 0.934204 0.994614
vt 0.939216 0.987824
vt 0.950013 0.976754
vt 0.946755 0.985815
vt 0.481870 0.213168
vt 0.488745 0.222475
vt 0.486184 0.238174
vt 0.494171 0.233742
vt 0.497545 0.249515
vt 0.486349 0.247353
vt 0.349071 0.445552
vt 0.353850 0.441168
vt 0.373313 0.451744
vt 0.366687 0.458440
vt 0.329712 0.437721
vt 0.341791 0.430322
vt 0.337074 0.453284
vt 0.396540 0.445910
vt 0.398018 0.459621
vt 0.368178 0.428298
vt 0.203006 0.273232
vt 0.208140 0.284340
vt 0.192541 0.286937
vt 0.191306 0.267865
vt 0.079887 0.369118
vt 0.067008 0.356459
vt 0.079508 0.346170
vt 0.094592 0.368326
vt 0.198064 0.253459
vt 0.208140 0.255934
vt 0.002277 0.513641
vt 0.002277 0.496043
vt 0.008920 0.499499
vt 0.007042 0.514404
vt 0.005157 0.685560
vt 0.011894 0.678686
vt 0.011894 0.693487
vt 0.009663 0.691814
vt 0.341392 0.424455
vt 0.355167 0.390904
vt 0.365305 0.400664
vt 0.350783 0.422081
vt 0.003909 0.697271
vt 0.002252 0.686273
vt 0.537292 0.360918
vt 0.536085 0.364246
vt 0.536085 0.323758
vt 0.548599 0.326019
vt 0.163977 0.990262
vt 0.165930 0.974789
vt 0.175061 0.973567
vt 0.172014 0.991533
vt 0.129240 0.356876
vt 0.160483 0.362786
vt 0.161805 0.379096
vt 0.133334 0.381274
vt 0.109427 0.384736
vt 0.111268 0.363078
vt 0.003742 0.432053
vt 0.012838 0.440311
vt 0.016354 0.459396
vt 0.001744 0.459396
vt 0.885521 0.948676
vt 0.882693 0.923112
vt 0.889576 0.923109
vt 0.896015 0.950421
vt 0.934204 0.959432
vt 0.946729 0.961481
vt 0.213717 0.556738
vt 0.223980 0.543678
vt 0.230328 0.553296
vt 0.224154 0.564669
vt 0.882693 0.978260
vt 0.895458 0.970030
vt 0.440953 0.001235
vt 0.450560 0.001060
vt 0.451962 0.014867
vt 0.439118 0.014867
vt 0.283706 0.938740
vt 0.267247 0.930448
vt 0.272364 0.916592
vt 0.297939 0.932298
vt 0.298830 0.955991
vt 0.283837 0.956011
vt 0.267272 0.952094
vt 0.382505 0.413811
vt 0.399709 0.429584
vt 0.416648 0.441729
vt 0.421106 0.450807
vt 0.291817 0.968215
vt 0.282924 0.974179
vt 0.483275 0.771967
vt 0.498358 0.769891
vt 0.499537 0.781764
vt 0.485743 0.782294
vt 0.145698 0.316671
vt 0.131730 0.316128
vt 0.131730 0.301945
vt 0.142663 0.304687
vt 0.970093 0.772871
vt 0.954289 0.764072
vt 0.978359 0.748106
vt 0.985677 0.766308
vt 0.079079 0.324937
vt 0.094699 0.333859
vt 0.064617 0.331557
vt 0.965549 0.788498
vt 0.948861 0.786261
vt 0.951502 0.798872
vt 0.962764 0.802828
vt 0.812495 0.909426
vt 0.809866 0.911358
vt 0.808067 0.887257
vt 0.813235 0.887257
vt 0.286617 0.023787
vt 0.286617 0.001658
vt 0.292883 0.004132
vt 0.287264 0.021496
vt 0.380600 0.360154
vt 0.379765 0.371437
vt 0.357548 0.369026
vt 0.361982 0.357894
vt 0.531750 0.168952
vt 0.532908 0.148680
vt 0.540010 0.157572
vt 0.543656 0.178808
vt 0.521731 0.147385
vt 0.526098 0.144514
vt 0.526245 0.179426
vt 0.515027 0.151484
vt 0.584204 0.263904
vt 0.594035 0.265200
vt 0.591579 0.279252
vt 0.584791 0.278407
vt 0.577675 0.261000
vt 0.579054 0.245132
vt 0.587097 0.242073
vt 0.599072 0.239119
vt 0.880137 0.953684
vt 0.875826 0.967800
vt 0.868590 0.966248
vt 0.868552 0.954874
vt 0.257202 0.175543
vt 0.257202 0.187326
vt 0.250788 0.184727
vt 0.250703 0.178499
vt 0.309443 0.201959
vt 0.309443 0.188645
vt 0.315184 0.191550
vt 0.314937 0.211114
vt 0.612509 0.271334
vt 0.619910 0.272729
vt 0.623255 0.282216
vt 0.620381 0.282258
vt 0.605351 0.281215
vt 0.612153 0.288819
vt 0.603909 0.293408
vt 0.598223 0.280669
vt 0.602734 0.265618
vt 0.862663 0.969563
vt 0.869497 0.989929
vt 0.862042 0.990154
vt 0.573309 0.285318
vt 0.578029 0.304013
vt 0.570201 0.306006
vt 0.566730 0.278395
vt 0.857873 0.959623
vt 0.008966 0.292883
vt 0.011551 0.282414
vt 0.017547 0.281014
vt 0.020814 0.292883
vt 0.541559 0.442678
vt 0.553059 0.440032
vt 0.544177 0.465784
vt 0.535926 0.461556
vt 0.861288 0.893275
vt 0.864421 0.901654
vt 0.852878 0.904092
vt 0.850748 0.893765
vt 0.866007 0.888935
vt 0.873313 0.900305
vt 0.968331 0.091051
vt 0.970566 0.081039
vt 0.979680 0.082782
vt 0.973042 0.096936
vt 0.934329 0.894763
vt 0.942297 0.895025
vt 0.942243 0.903377
vt 0.930453 0.900712
vt 0.923328 0.888742
vt 0.932136 0.886826
vt 0.941607 0.886053
vt 0.359606 0.528886
vt 0.347513 0.522710
vt 0.350452 0.510887
vt 0.367345 0.510314
vt 0.391540 0.530112
vt 0.390568 0.550983
vt 0.358140 0.546106
vt 0.387867 0.508153
vt 0.466132 0.365256
vt 0.484044 0.364677
vt 0.489042 0.389120
vt 0.476076 0.384939
vt 0.474401 0.347361
vt 0.486476 0.344749
vt 0.330257 0.520064
vt 0.328142 0.514639
vt 0.453400 0.357988
vt 0.472550 0.327766
vt 0.484282 0.326147
vt 0.023788 0.343626
vt 0.012244 0.353839
vt 0.012244 0.322562
vt 0.018137 0.320388
vt 0.462968 0.337483
vt 0.464866 0.323092
vt 0.328936 0.534643
vt 0.330426 0.547000
vt 0.310746 0.548160
vt 0.306023 0.535222
vt 0.982048 0.545004
vt 0.978178 0.543020
vt 0.980338 0.534583
vt 0.987181 0.534890
vt 0.980465 0.556032
vt 0.972841 0.543545
vt 0.457019 0.331198
vt 0.448700 0.336927
vt 0.454536 0.317766
vt 0.036100 0.582958
vt 0.031399 0.574006
vt 0.051335 0.573232
vt 0.055700 0.587876
vt 0.455574 0.308386
vt 0.467382 0.305532
vt 0.422228 0.024440
vt 0.410328 0.029734
vt 0.404086 0.019508
vt 0.417892 0.014251
vt 0.297387 0.520615
vt 0.282669 0.519557
vt 0.306433 0.514360
vt 0.308958 0.522311
vt 0.026038 0.547980
vt 0.057806 0.562945
vt 0.441197 0.300073
vt 0.433937 0.334967
vt 0.068778 0.548466
vt 0.099751 0.555987
vt 0.099960 0.577377
vt 0.091463 0.510026
vt 0.017750 0.314151
vt 0.025274 0.314352
vt 0.025274 0.322991
vt 0.022398 0.324105
vt 0.323212 0.524443
vt 0.459636 0.284247
vt 0.471798 0.284124
vt 0.477423 0.306703
vt 0.412131 0.001462
vt 0.422228 0.004722
vt 0.282481 0.529883
vt 0.264227 0.528092
vt 0.264130 0.520047
vt 0.213752 0.073793
vt 0.226405 0.087193
vt 0.219798 0.092245
vt 0.207838 0.080966
vt 0.214321 0.097299
vt 0.215979 0.113229
vt 0.202587 0.109260
vt 0.205063 0.088748
vt 0.225749 0.115120
vt 0.289786 0.551488
vt 0.287122 0.539867
vt 0.250814 0.956378
vt 0.252412 0.951915
vt 0.258689 0.953468
vt 0.258512 0.970178
vt 0.240994 0.950307
vt 0.246200 0.946157
vt 0.245643 0.973599
vt 0.796606 0.270468
vt 0.798615 0.256454
vt 0.810138 0.258774
vt 0.813875 0.275009
vt 0.784747 0.260397
vt 0.787600 0.253303
vt 0.767146 0.305500
vt 0.746596 0.344466
vt 0.739417 0.341694
vt 0.761739 0.302302
vt 0.233045 0.523821
vt 0.237472 0.515616
vt 0.784152 0.962541
vt 0.784152 0.927787
vt 0.793065 0.924249
vt 0.797003 0.950394
vt 0.801611 0.966172
vt 0.786172 0.978260
vt 0.915051 0.963790
vt 0.911807 0.957115
vt 0.918516 0.934650
vt 0.924146 0.933984
vt 0.935146 0.935435
vt 0.929429 0.966367
vt 0.221053 0.582793
vt 0.228345 0.580079
vt 0.843365 0.925304
vt 0.836756 0.912842
vt 0.855583 0.921131
vt 0.839253 0.945282
vt 0.824062 0.936931
vt 0.855030 0.950838
vt 0.675296 0.899876
vt 0.681356 0.915580
vt 0.665696 0.923587
vt 0.663615 0.898215
vt 0.666274 0.885683
vt 0.680671 0.890754
vt 0.693654 0.908203
vt 0.686130 0.884609
vt 0.700244 0.902790
vt 0.918755 0.680569
vt 0.919239 0.671159
vt 0.946187 0.671361
vt 0.946247 0.680664
vt 0.946344 0.694111
vt 0.919364 0.693783
vt 0.236950 0.447524
vt 0.237903 0.433054
vt 0.269042 0.437261
vt 0.267876 0.449912
vt 0.267638 0.466586
vt 0.238004 0.466176
vt 0.947039 0.710092
vt 0.920623 0.708613
vt 0.268720 0.478786
vt 0.238507 0.479474
vt 0.946434 0.721058
vt 0.918755 0.715704
vt 0.656247 0.925185
vt 0.655881 0.898569
vt 0.658296 0.947909
vt 0.649213 0.950507
vt 0.647877 0.925766
vt 0.647519 0.898588
vt 0.648916 0.883607
vt 0.657174 0.884883
vt 0.639663 0.925803
vt 0.640550 0.898808
vt 0.639663 0.881604
vt 0.942579 0.912845
vt 0.925972 0.908011
vt 0.918792 0.587818
vt 0.910030 0.602765
vt 0.905141 0.601213
vt 0.912831 0.583288
vt 0.115964 0.775270
vt 0.108803 0.776067
vt 0.108803 0.755971
vt 0.115686 0.756538
vt 0.834780 0.327039
vt 0.834537 0.307468
vt 0.841482 0.307468
vt 0.841183 0.327078
vt 0.208140 0.852208
vt 0.208140 0.871217
vt 0.200123 0.869442
vt 0.200595 0.855531
vt 0.978938 0.102584
vt 0.988667 0.084815
vt 0.124450 0.738094
vt 0.126886 0.731630
vt 0.147298 0.742397
vt 0.144126 0.749061
vt 0.915389 0.891075
vt 0.917850 0.861729
vt 0.925171 0.865089
vt 0.578333 0.804314
vt 0.571820 0.804255
vt 0.571820 0.780831
vt 0.577813 0.781293
vt 0.930180 0.846047
vt 0.938268 0.848962
vt 0.934093 0.867794
vt 0.920324 0.662472
vt 0.920780 0.656265
vt 0.945735 0.654044
vt 0.945722 0.661806
vt 0.243276 0.416370
vt 0.244851 0.408829
vt 0.275486 0.414598
vt 0.273151 0.421062
vt 0.270760 0.428612
vt 0.240127 0.424344
vt 0.235830 0.923842
vt 0.244009 0.925588
vt 0.228356 0.954681
vt 0.226940 0.923063
vt 0.226940 0.979747
vt 0.302013 0.437530
vt 0.304756 0.452081
vt 0.338498 0.465875
vt 0.306126 0.466192
vt 0.338352 0.474755
vt 0.306301 0.475977
vt 0.338193 0.482855
vt 0.306572 0.484750
vt 0.269616 0.488126
vt 0.238245 0.488932
vt 0.307304 0.493502
vt 0.270435 0.497220
vt 0.237639 0.498050
vt 0.640493 0.952986
vt 0.629540 0.408810
vt 0.630192 0.378420
vt 0.634829 0.376754
vt 0.634829 0.410334
vt 0.918792 0.652853
vt 0.914460 0.655643
vt 0.900719 0.626673
vt 0.907555 0.626542
vt 0.935145 0.082156
vt 0.935100 0.116010
vt 0.925474 0.115506
vt 0.926833 0.081504
vt 0.881624 0.949652
vt 0.873422 0.951061
vt 0.873579 0.920390
vt 0.879991 0.920714
vt 0.881624 0.900104
vt 0.864763 0.951499
vt 0.864799 0.920421
vt 0.918178 0.081679
vt 0.916485 0.114399
vt 0.905131 0.112613
vt 0.908566 0.081440
vt 0.236170 0.401362
vt 0.235960 0.413698
vt 0.199790 0.413886
vt 0.200841 0.403638
vt 0.200513 0.389195
vt 0.236388 0.383938
vt 0.889691 0.109409
vt 0.893423 0.077964
vt 0.198544 0.372309
vt 0.234982 0.365760
vt 0.782014 0.964865
vt 0.765069 0.966162
vt 0.762902 0.933850
vt 0.779085 0.933778
vt 0.196394 0.360704
vt 0.232603 0.354818
vt 0.753801 0.966367
vt 0.752387 0.933777
vt 0.748498 0.906573
vt 0.758918 0.907440
vt 0.744327 0.965778
vt 0.743267 0.934370
vt 0.739807 0.908350
vt 0.977332 0.056999
vt 0.968331 0.058782
vt 0.153020 0.736766
vt 0.173946 0.758800
vt 0.167971 0.761269
vt 0.986206 0.055577
vt 0.736015 0.935042
vt 0.736015 0.963929
vt 0.171652 0.789879
vt 0.164010 0.788636
vt 0.162090 0.763663
vt 0.911807 0.908274
vt 0.920490 0.906689
vt 0.159555 0.820420
vt 0.153657 0.817722
vt 0.229509 0.346596
vt 0.194801 0.351052
vt 0.831178 0.904866
vt 0.163090 0.393139
vt 0.163167 0.403014
vt 0.133300 0.401830
vt 0.133688 0.393760
vt 0.106418 0.401745
vt 0.107609 0.394937
vt 0.076783 0.399860
vt 0.080396 0.392898
vt 0.088509 0.383916
vt 0.105293 0.408777
vt 0.075029 0.406836
vt 0.039081 0.406318
vt 0.040030 0.392699
vt 0.048963 0.380017
vt 0.004307 0.403902
vt 0.007435 0.386309
vt 0.011119 0.370634
vt 0.191178 0.732540
vt 0.208749 0.730471
vt 0.211064 0.763575
vt 0.199876 0.766192
vt 0.191330 0.770847
vt 0.178922 0.735405
vt 0.014676 0.361465
vt 0.041615 0.369411
vt 0.496564 0.447390
vt 0.494632 0.482939
vt 0.484839 0.483689
vt 0.486869 0.449212
vt 0.479830 0.413683
vt 0.490897 0.419350
vt 0.371366 0.928781
vt 0.407361 0.936302
vt 0.403799 0.941566
vt 0.371413 0.938715
vt 0.450236 0.430175
vt 0.451904 0.439360
vt 0.400815 0.953162
vt 0.371366 0.953801
vt 0.454776 0.452699
vt 0.426576 0.461084
vt 0.398798 0.468337
vt 0.457929 0.469344
vt 0.429196 0.473348
vt 0.398557 0.475350
vt 0.368839 0.475926
vt 0.369643 0.469056
vt 0.428357 0.485695
vt 0.397621 0.483047
vt 0.367811 0.482973
vt 0.395987 0.490830
vt 0.367009 0.490269
vt 0.338067 0.490709
vt 0.120451 0.274887
vt 0.147835 0.284066
vt 0.145042 0.289507
vt 0.118400 0.279220
vt 0.089766 0.269580
vt 0.091399 0.263881
vt 0.053894 0.259808
vt 0.055245 0.255688
vt 0.160418 0.426674
vt 0.130620 0.422738
vt 0.131793 0.416788
vt 0.161745 0.419602
vt 0.198624 0.422727
vt 0.197461 0.429661
vt 0.927068 0.148672
vt 0.935145 0.148539
vt 0.162654 0.411601
vt 0.235401 0.422934
vt 0.132673 0.409590
vt 0.103978 0.415800
vt 0.102253 0.422138
vt 0.073503 0.421334
vt 0.074085 0.414507
vt 0.042428 0.427210
vt 0.040561 0.417891
vt 0.002308 0.429661
vt 0.002544 0.418492
vt 0.536744 0.037896
vt 0.547112 0.044413
vt 0.526437 0.072438
vt 0.517958 0.066422
vt 0.509113 0.061603
vt 0.524355 0.032369
vt 0.511724 0.089426
vt 0.506323 0.088885
vt 0.680917 0.427969
vt 0.678636 0.452745
vt 0.672301 0.453449
vt 0.669357 0.427969
vt 0.222016 0.763841
vt 0.225981 0.731235
vt 0.209668 0.790121
vt 0.215795 0.789575
vt 0.218123 0.812867
vt 0.207959 0.814797
vt 0.196552 0.814633
vt 0.204265 0.790056
vt 0.187483 0.812921
vt 0.199338 0.790809
vt 0.178922 0.810089
vt 0.195676 0.790084
vt 0.483405 0.499537
vt 0.479830 0.497899
vt 0.195402 0.843105
vt 0.184214 0.844456
vt 0.040141 0.959837
vt 0.040141 0.992101
vt 0.029488 0.994614
vt 0.031484 0.959292
vt 0.517378 0.191716
vt 0.509621 0.198618
vt 0.487299 0.175798
vt 0.493749 0.172379
vt 0.288423 0.742656
vt 0.288423 0.773093
vt 0.281580 0.767748
vt 0.279261 0.742123
vt 0.021832 0.990326
vt 0.027110 0.962906
vt 0.499697 0.204941
vt 0.479886 0.179089
vt 0.472186 0.157992
vt 0.478436 0.157069
vt 0.483793 0.155858
vt 0.805725 0.531117
vt 0.798769 0.532245
vt 0.798769 0.501533
vt 0.809100 0.503198
vt 0.817695 0.507756
vt 0.813269 0.532134
vt 0.226578 0.749712
vt 0.234901 0.748431
vt 0.234901 0.789447
vt 0.227573 0.789203
vt 0.949120 0.433212
vt 0.955085 0.397285
vt 0.961906 0.398195
vt 0.954705 0.432424
vt 0.961906 0.454936
vt 0.958212 0.454908
vt 0.158569 0.731465
vt 0.158476 0.722171
vt 0.639289 0.303654
vt 0.633873 0.309907
vt 0.159079 0.712108
vt 0.626758 0.315724
vt 0.158873 0.702636
vt 0.618711 0.321067
vt 0.597059 0.296126
vt 0.610163 0.325798
vt 0.590621 0.298493
vt 0.602476 0.329557
vt 0.584533 0.300766
vt 0.875729 0.990154
vt 0.623756 0.351667
vt 0.615238 0.353633
vt 0.606665 0.355388
vt 0.595164 0.333025
vt 0.600440 0.357110
vt 0.588025 0.336669
vt 0.542962 0.501521
vt 0.553059 0.524263
vt 0.547726 0.527785
vt 0.535904 0.502914
vt 0.348486 0.025906
vt 0.348585 0.002865
vt 0.356812 0.001630
vt 0.356812 0.029734
vt 0.547112 0.218402
vt 0.537707 0.217405
vt 0.441522 0.122866
vt 0.445840 0.089128
vt 0.450530 0.121019
vt 0.529123 0.221521
vt 0.461872 0.122322
vt 0.452508 0.159490
vt 0.444254 0.162264
vt 0.518586 0.184295
vt 0.507708 0.155759
vt 0.473375 0.124077
vt 0.463043 0.159407
vt 0.470989 0.183182
vt 0.461367 0.186711
vt 0.485514 0.209831
vt 0.472332 0.211114
vt 0.493827 0.132083
vt 0.496091 0.108971
vt 0.505269 0.108077
vt 0.505182 0.130178
vt 0.222656 0.836525
vt 0.210153 0.840483
vt 0.515338 0.107354
vt 0.515790 0.128679
vt 0.319009 0.270943
vt 0.301097 0.281043
vt 0.298037 0.274608
vt 0.314466 0.265413
vt 0.323078 0.255688
vt 0.328565 0.256408
vt 0.581041 0.919041
vt 0.583457 0.901122
vt 0.590269 0.899758
vt 0.588877 0.920930
vt 0.583265 0.941104
vt 0.575990 0.938045
vt 0.284923 0.286408
vt 0.281846 0.281882
vt 0.270195 0.300876
vt 0.266156 0.295519
vt 0.517584 0.091196
vt 0.184353 0.758475
vt 0.184353 0.789447
vt 0.173619 0.787468
vt 0.176439 0.758595
vt 0.575990 0.882040
vt 0.583553 0.878982
vt 0.240159 0.315184
vt 0.238848 0.307135
vt 0.402942 0.973629
vt 0.375944 0.984207
vt 0.373054 0.970209
vt 0.401095 0.964571
vt 0.359326 0.391007
vt 0.356918 0.380795
vt 0.380130 0.378744
vt 0.380600 0.385833
vt 0.597117 0.899300
vt 0.460478 0.485558
vt 0.462369 0.498050
vt 0.426350 0.496358
vt 0.203201 0.302775
vt 0.200996 0.308942
vt 0.172520 0.297914
vt 0.175289 0.292666
vt 0.642262 0.228616
vt 0.633339 0.231928
vt 0.633339 0.209577
vt 0.639466 0.209132
vt 0.482558 0.125856
vt 0.489583 0.086411
vt 0.322618 0.423591
vt 0.321409 0.434122
vt 0.496841 0.089195
vt 0.490834 0.128448
vt 0.886489 0.282478
vt 0.893532 0.286462
vt 0.893258 0.303743
vt 0.884753 0.302617
vt 0.438389 0.070141
vt 0.898832 0.331375
vt 0.887441 0.331123
vt 0.419574 0.049809
vt 0.429245 0.043502
vt 0.370701 0.848941
vt 0.364136 0.859323
vt 0.379113 0.831282
vt 0.447525 0.037352
vt 0.368130 0.807614
vt 0.378288 0.806570
vt 0.471590 0.031361
vt 0.479710 0.041308
vt 0.463441 0.022801
vt 0.483258 0.016416
vt 0.490949 0.024075
vt 0.496287 0.033453
vt 0.518905 0.220422
vt 0.526298 0.219712
vt 0.524211 0.235723
vt 0.515675 0.239362
vt 0.508971 0.008727
vt 0.517378 0.017834
vt 0.515675 0.196260
vt 0.524879 0.192350
vt 0.612912 0.946735
vt 0.607701 0.965591
vt 0.446015 0.165180
vt 0.445028 0.191401
vt 0.437383 0.191787
vt 0.437383 0.164486
vt 0.823419 0.403155
vt 0.829334 0.407262
vt 0.339295 0.118598
vt 0.347892 0.119550
vt 0.225196 0.818601
vt 0.225196 0.840399
vt 0.329858 0.962281
vt 0.498369 0.001479
vt 0.366383 0.786334
vt 0.359676 0.807750
vt 0.358540 0.788776
vt 0.352185 0.806599
vt 0.351494 0.791920
vt 0.341396 0.774527
vt 0.347231 0.795158
vt 0.334752 0.779947
vt 0.978260 0.254388
vt 0.969214 0.255715
vt 0.969445 0.235399
vt 0.978032 0.235075
vt 0.331826 0.756581
vt 0.634829 0.983675
vt 0.007798 0.706903
vt 0.024212 0.691068
vt 0.028390 0.698658
vt 0.014339 0.710768
vt 0.985694 0.430405
vt 0.985694 0.447365
vt 0.309920 0.985694
vt 0.043080 0.685454
vt 0.046971 0.690395
vt 0.985031 0.467834
vt 0.979288 0.470554
vt 0.052326 0.695424
vt 0.056850 0.676314
vt 0.065228 0.677267
vt 0.973053 0.474263
vt 0.827797 0.951528
vt 0.836357 0.951253
vt 0.840132 0.965796
vt 0.828751 0.967006
vt 0.812238 0.965397
vt 0.814629 0.948312
vt 0.847789 0.962422
vt 0.850403 0.981258
vt 0.841867 0.948573
vt 0.796334 0.622244
vt 0.801808 0.621440
vt 0.799623 0.639187
vt 0.793394 0.637231
vt 0.050468 0.675864
vt 0.254218 0.236348
vt 0.254689 0.223807
vt 0.260176 0.221432
vt 0.260176 0.236388
vt 0.825412 0.667961
vt 0.832831 0.668735
vt 0.834049 0.686864
vt 0.825412 0.686242
vt 0.430910 0.979747
vt 0.420257 0.963203
vt 0.427542 0.961331
vt 0.434122 0.972216
vt 0.764336 0.020814
vt 0.764369 0.002044
vt 0.771362 0.002044
vt 0.771607 0.019117
vt 0.428201 0.934359
vt 0.434122 0.936988
vt 0.899464 0.356812
vt 0.890104 0.353564
vt 0.808774 0.618493
vt 0.808774 0.639289
vt 0.548131 0.503997
vt 0.548131 0.478116
vt 0.553434 0.480029
vt 0.556032 0.503952
vt 0.398782 0.603135
vt 0.400077 0.587425
vt 0.406256 0.586711
vt 0.406116 0.605798
vt 0.599194 0.371920
vt 0.606567 0.373760
vt 0.599907 0.396425
vt 0.588646 0.393387
vt 0.899243 0.303085
vt 0.899464 0.287156
vt 0.414794 0.585718
vt 0.414794 0.606581
vt 0.615218 0.375135
vt 0.609582 0.398440
vt 0.625241 0.375020
vt 0.620636 0.398134
vt 0.634266 0.348143
vt 0.295356 0.417509
vt 0.294208 0.420713
vt 0.139233 0.831260
vt 0.139945 0.836394
vt 0.124450 0.841482
vt 0.129753 0.833299
vt 0.316694 0.153998
vt 0.316694 0.143561
vt 0.321131 0.146354
vt 0.320917 0.154619
vt 0.231874 0.569241
vt 0.236155 0.560830
vt 0.240581 0.567374
vt 0.235800 0.572614
vt 0.077710 0.279503
vt 0.077710 0.269384
vt 0.086230 0.271110
vt 0.085230 0.278894
vt 0.242403 0.547596
vt 0.245017 0.556516
vt 0.263338 0.547560
vt 0.262226 0.557029
vt 0.805158 0.943865
vt 0.810261 0.955619
vt 0.239379 0.538181
vt 0.264380 0.538484
vt 0.289384 0.563012
vt 0.286854 0.574472
vt 0.261351 0.566325
vt 0.123398 0.310724
vt 0.112933 0.309782
vt 0.113931 0.297362
vt 0.123398 0.295594
vt 0.438984 0.500566
vt 0.441555 0.524811
vt 0.429536 0.524092
vt 0.429536 0.498852
vt 0.788149 0.239365
vt 0.796864 0.241714
vt 0.794069 0.218228
vt 0.805104 0.217243
vt 0.807255 0.240963
vt 0.501014 0.281247
vt 0.509516 0.305383
vt 0.498349 0.308001
vt 0.492784 0.283859
vt 0.488388 0.262760
vt 0.497754 0.264167
vt 0.483597 0.284912
vt 0.477699 0.259589
vt 0.214122 0.767203
vt 0.224494 0.770222
vt 0.224494 0.787960
vt 0.215147 0.784762
vt 0.487978 0.307562
vt 0.493049 0.326833
vt 0.501178 0.329131
vt 0.493928 0.344938
vt 0.495546 0.364872
vt 0.817695 0.177289
vt 0.808230 0.192043
vt 0.803508 0.189308
vt 0.811068 0.175647
vt 0.969614 0.163823
vt 0.976774 0.165419
vt 0.975907 0.184242
vt 0.966585 0.182810
vt 0.976774 0.209627
vt 0.968938 0.206547
vt 0.794445 0.431802
vt 0.799188 0.411101
vt 0.805801 0.411078
vt 0.802340 0.434676
vt 0.797614 0.463326
vt 0.789593 0.460398
vt 0.791296 0.495077
vt 0.781000 0.491327
vt 0.382339 0.575205
vt 0.354067 0.567088
vt 0.356915 0.557343
vt 0.386873 0.564227
vt 0.415742 0.571624
vt 0.413117 0.582793
vt 0.417768 0.555415
vt 0.331211 0.563375
vt 0.331086 0.555194
vt 0.314123 0.567894
vt 0.312415 0.558671
vt 0.801407 0.394006
vt 0.796263 0.395777
vt 0.781000 0.368573
vt 0.793154 0.367228
vt 0.755513 0.658041
vt 0.756739 0.687322
vt 0.748441 0.684077
vt 0.746375 0.661291
vt 0.514404 0.422228
vt 0.504712 0.419229
vt 0.501248 0.391147
vt 0.508684 0.393261
vt 0.370577 0.001435
vt 0.379013 0.002794
vt 0.377574 0.034195
vt 0.370577 0.033946
vt 0.958377 0.143463
vt 0.961039 0.110559
vt 0.965745 0.110464
vt 0.967853 0.144212
vt 0.339055 0.411821
vt 0.346234 0.380820
vt 0.732081 0.708824
vt 0.725386 0.722913
vt 0.963519 0.095186
vt 0.967853 0.094928
vt 0.420400 0.423864
vt 0.420741 0.437095
vt 0.412953 0.437095
vt 0.416156 0.423645
vt 0.647428 0.224567
vt 0.641943 0.211785
vt 0.647983 0.208680
vt 0.653812 0.223394
vt 0.654677 0.236822
vt 0.644995 0.236404
vt 0.654001 0.258023
vt 0.642687 0.258263
vt 0.660422 0.221787
vt 0.663250 0.237106
vt 0.664641 0.257840
vt 0.369779 0.347620
vt 0.389207 0.345414
vt 0.376218 0.356907
vt 0.353946 0.356090
vt 0.348391 0.347266
vt 0.671996 0.236613
vt 0.667423 0.219854
vt 0.303290 0.511310
vt 0.288734 0.512918
vt 0.291316 0.497336
vt 0.303290 0.495913
vt 0.653937 0.274069
vt 0.646043 0.273769
vt 0.972313 0.536306
vt 0.961110 0.536266
vt 0.958539 0.521182
vt 0.964458 0.516264
vt 0.348559 0.364665
vt 0.730877 0.735976
vt 0.260176 0.695027
vt 0.260176 0.719571
vt 0.249584 0.715945
vt 0.248869 0.697470
vt 0.492618 0.416372
vt 0.942579 0.870666
vt 0.233415 0.115827
vt 0.230552 0.160716
vt 0.223492 0.160258
vt 0.233415 0.208431
vt 0.213388 0.160065
vt 0.195189 0.158893
vt 0.155954 0.149984
vt 0.170247 0.100915
vt 0.133554 0.189025
vt 0.109513 0.119626
vt 0.119902 0.207025
vt 0.134579 0.081557
vt 0.138714 0.041675
vt 0.158441 0.057094
vt 0.180656 0.074344
vt 0.170504 0.048197
vt 0.188172 0.064582
vt 0.181784 0.041086
vt 0.196028 0.057146
vt 0.328623 0.500502
vt 0.352393 0.497353
vt 0.153459 0.031301
vt 0.369609 0.494423
vt 0.721915 0.385572
vt 0.732542 0.388049
vt 0.508084 0.808554
vt 0.519700 0.803589
vt 0.535155 0.840162
vt 0.516462 0.841988
vt 0.219680 0.243096
vt 0.532472 0.895707
vt 0.508084 0.885077
vt 0.554885 0.838874
vt 0.556398 0.900951
vt 0.869283 0.479201
vt 0.182603 0.280990
vt 0.133235 0.274643
vt 0.739991 0.440240
vt 0.724154 0.430549
vt 0.744248 0.388600
vt 0.755205 0.389192
vt 0.754717 0.444337
vt 0.569081 0.836759
vt 0.573873 0.895184
vt 0.766000 0.388387
vt 0.767146 0.444529
vt 0.953748 0.274057
vt 0.966367 0.273917
vt 0.966367 0.329332
vt 0.953307 0.331538
vt 0.646362 0.297291
vt 0.655529 0.301683
vt 0.646375 0.348844
vt 0.684644 0.261967
vt 0.689837 0.271305
vt 0.527715 0.679824
vt 0.532040 0.671902
vt 0.574798 0.679311
vt 0.576217 0.689837
vt 0.661589 0.340166
vt 0.651059 0.340458
vt 0.658509 0.302334
vt 0.661589 0.301343
vt 0.572513 0.667272
vt 0.595624 0.647660
vt 0.608282 0.658349
vt 0.617534 0.666442
vt 0.607488 0.623648
vt 0.619765 0.632706
vt 0.631855 0.637334
vt 0.659790 0.380589
vt 0.669465 0.374349
vt 0.689837 0.406161
vt 0.676349 0.406655
vt 0.418411 0.785655
vt 0.429670 0.785215
vt 0.436967 0.822147
vt 0.422742 0.823147
vt 0.448177 0.817557
vt 0.454936 0.840164
vt 0.444567 0.845797
vt 0.425392 0.850403
vt 0.377411 0.613822
vt 0.385140 0.601932
vt 0.408814 0.608906
vt 0.405230 0.620345
vt 0.432293 0.642325
vt 0.458967 0.649712
vt 0.454308 0.664987
vt 0.427134 0.655412
vt 0.151108 0.677205
vt 0.181165 0.679477
vt 0.181722 0.690842
vt 0.148623 0.688485
vt 0.422489 0.666237
vt 0.393686 0.656412
vt 0.391219 0.665527
vt 0.366932 0.662195
vt 0.366988 0.653217
vt 0.417872 0.674970
vt 0.145755 0.697813
vt 0.182375 0.701731
vt 0.129964 0.318299
vt 0.167513 0.324711
vt 0.167749 0.330051
vt 0.126594 0.325199
vt 0.098490 0.314063
vt 0.101615 0.308400
vt 0.824321 0.761158
vt 0.807560 0.735195
vt 0.813032 0.730077
vt 0.832562 0.759085
vt 0.832374 0.789152
vt 0.824680 0.788714
vt 0.078841 0.295594
vt 0.084329 0.291546
vt 0.823171 0.812052
vt 0.817146 0.808489
vt 0.010407 0.003204
vt 0.007013 0.022463
vt 0.002192 0.022274
vt 0.003713 0.002290
vt 0.010407 0.056495
vt 0.002680 0.053648
vt 0.345896 0.666054
vt 0.314148 0.674970
vt 0.314893 0.662860
vt 0.342773 0.658597
vt 0.688243 0.967112
vt 0.676316 0.970827
vt 0.700462 0.961899
vt 0.212683 0.252234
vt 0.219689 0.248307
vt 0.523747 0.804601
vt 0.533048 0.798946
vt 0.544861 0.831022
vt 0.807560 0.840069
vt 0.818641 0.841482
vt 0.535221 0.773983
vt 0.535502 0.750693
vt 0.543905 0.747465
vt 0.523747 0.727179
vt 0.531664 0.722047
vt 0.542379 0.716739
vt 0.394874 0.049196
vt 0.406621 0.049033
vt 0.410018 0.082252
vt 0.398195 0.084564
vt 0.384113 0.086004
vt 0.382283 0.051499
vt 0.555144 0.712987
vt 0.035533 0.722832
vt 0.075402 0.720746
vt 0.075229 0.728469
vt 0.038423 0.734001
vt 0.008521 0.749812
vt 0.001224 0.736818
vt 0.043376 0.746085
vt 0.018802 0.761200
vt 0.872181 0.743901
vt 0.882054 0.712058
vt 0.889057 0.715201
vt 0.880354 0.745430
vt 0.880707 0.770815
vt 0.871043 0.772663
vt 0.372334 0.088159
vt 0.386493 0.118839
vt 0.373633 0.119466
vt 0.108817 0.731431
vt 0.385988 0.163026
vt 0.370721 0.162622
vt 0.362543 0.173633
vt 0.364829 0.207869
vt 0.353782 0.206050
vt 0.350810 0.175398
vt 0.381736 0.210457
vt 0.376113 0.249905
vt 0.357896 0.247824
vt 0.344392 0.246268
vt 0.352337 0.277434
vt 0.334546 0.281866
vt 0.319884 0.287454
vt 0.334623 0.246228
vt 0.340760 0.202973
vt 0.368272 0.278945
vt 0.379694 0.239147
vt 0.388977 0.241594
vt 0.378088 0.265537
vt 0.384399 0.206453
vt 0.398100 0.205595
vt 0.407690 0.206909
vt 0.395228 0.243652
vt 0.401321 0.162785
vt 0.414785 0.163078
vt 0.425021 0.163836
vt 0.416802 0.209330
vt 0.402965 0.118864
vt 0.414866 0.119242
vt 0.425780 0.119446
vt 0.434122 0.119636
vt 0.434122 0.164306
vt 0.420029 0.080259
vt 0.428427 0.078672
vt 0.212354 0.328494
vt 0.211211 0.321797
vt 0.257585 0.314989
vt 0.259698 0.319985
vt 0.424352 0.211541
vt 0.294805 0.301467
vt 0.296955 0.307442
vt 0.950699 0.700244
vt 0.950973 0.659955
vt 0.957143 0.659990
vt 0.958933 0.699204
vt 0.950699 0.641985
vt 0.955900 0.642670
vt 0.402314 0.246392
vt 0.315561 0.297830
vt 0.315833 0.303900
vt 0.314476 0.292128
vt 0.328701 0.291546
vt 0.329523 0.298204
vt 0.330051 0.304542
vt 0.292916 0.296316
vt 0.677925 0.780199
vt 0.671251 0.774211
vt 0.682730 0.762547
vt 0.689391 0.768882
vt 0.307666 0.669951
vt 0.309237 0.674632
vt 0.271887 0.689664
vt 0.268956 0.680045
vt 0.267028 0.671526
vt 0.305445 0.663459
vt 0.652028 0.805351
vt 0.640786 0.797460
vt 0.661752 0.766342
vt 0.224536 0.690337
vt 0.222439 0.680960
vt 0.219875 0.668061
vt 0.264597 0.658969
vt 0.262102 0.643246
vt 0.181628 0.663583
vt 0.626871 0.784917
vt 0.263162 0.632635
vt 0.226168 0.700883
vt 0.703963 0.771386
vt 0.416017 0.049387
vt 0.423813 0.752685
vt 0.757237 0.353222
vt 0.760752 0.353903
vt 0.752360 0.348495
vt 0.896787 0.921577
vt 0.909871 0.953541
vt 0.787805 0.281693
vt 0.807760 0.293555
vt 0.793795 0.298830
vt 0.880711 0.789592
vt 0.894503 0.796368
vt 0.895004 0.813235
vt 0.880711 0.809823
vt 0.817695 0.291753
vt 0.502837 0.230668
vt 0.499311 0.216516
vt 0.512103 0.215469
vt 0.514404 0.223557
vt 0.449782 0.288728
vt 0.439387 0.247076
vt 0.185960 0.270646
vt 0.188813 0.271188
vt 0.187999 0.276475
vt 0.185960 0.282476
vt 0.082756 0.474499
vt 0.126433 0.473152
vt 0.138022 0.504025
vt 0.145907 0.555433
vt 0.146158 0.580948
vt 0.163216 0.498285
vt 0.143977 0.475157
vt 0.449845 0.356422
vt 0.433585 0.360134
vt 0.007822 0.531250
vt 0.060955 0.947944
vt 0.059188 0.964921
vt 0.046340 0.973168
vt 0.043758 0.947944
vt 0.653947 0.669280
vt 0.673136 0.673914
vt 0.962544 0.805892
vt 0.984207 0.805231
vt 0.047575 0.696863
vt 0.047217 0.716499
vt 0.029250 0.721058
vt 0.029250 0.701552
vt 0.654156 0.814721
vt 0.654156 0.838509
vt 0.649902 0.831718
vt 0.645382 0.824881
vt 0.056661 0.596558
vt 0.044683 0.594536
vt 0.977357 0.518575
vt 0.972841 0.519613
vt 0.058911 0.967790
vt 0.055978 0.991641
vt 0.480579 0.409531
vt 0.287972 0.394510
vt 0.154003 0.013078
vt 0.136036 0.001600
vt 0.985694 0.785916
vt 0.982418 0.802828
vt 0.109993 0.321576
vt 0.775249 0.164617
vt 0.758808 0.164231
vt 0.762670 0.134555
vt 0.776067 0.133063
vt 0.776067 0.184353
vt 0.760802 0.181105
vt 0.492151 0.801341
vt 0.483275 0.797651
vt 0.267247 0.975287
vt 0.071701 0.375646
vt 0.023822 0.773093
vt 0.025411 0.760916
vt 0.037168 0.752269
vt 0.037168 0.771254
vt 0.163977 0.959178
vt 0.174108 0.955836
vt 0.187955 0.969084
vt 0.190300 0.997588
vt 0.196834 0.589917
vt 0.468221 0.207031
vt 0.468316 0.218548
vt 0.459754 0.217362
vt 0.459754 0.205785
vt 0.208141 0.984207
vt 0.196825 0.983173
vt 0.198836 0.962018
vt 0.208141 0.958833
vt 0.559544 0.930299
vt 0.536966 0.948193
vt 0.536799 0.930753
vt 0.538924 0.901188
vt 0.561019 0.910248
vt 0.572386 0.935627
vt 0.700144 0.916815
vt 0.712138 0.912898
vt 0.688292 0.914099
vt 0.679725 0.425201
vt 0.602982 0.401914
vt 0.618475 0.404088
vt 0.113415 0.264846
vt 0.115861 0.246909
vt 0.879338 0.785659
vt 0.889057 0.790934
vt 0.206953 0.947297
vt 0.197262 0.951645
vt 0.732952 0.985694
vt 0.724238 0.980495
vt 0.719885 0.952308
vt 0.732952 0.948789
vt 0.114071 0.449467
vt 0.237560 0.297344
vt 0.227267 0.293600
vt 0.227267 0.268185
vt 0.242335 0.284724
vt 0.497566 0.966959
vt 0.508457 0.980630
vt 0.459593 0.967623
vt 0.451704 0.967040
vt 0.450043 0.939815
vt 0.461461 0.939222
vt 0.473158 0.939981
vt 0.468129 0.968639
vt 0.250560 0.006441
vt 0.262304 0.005462
vt 0.265143 0.034924
vt 0.253492 0.035517
vt 0.241749 0.037095
vt 0.237667 0.008641
vt 0.484670 0.942806
vt 0.476253 0.970827
vt 0.230837 0.040198
vt 0.226252 0.011042
vt 0.414794 0.816208
vt 0.403415 0.815886
vt 0.403415 0.786264
vt 0.411616 0.787501
vt 0.478570 0.994614
vt 0.478570 0.975575
vt 0.667256 0.042938
vt 0.666314 0.072888
vt 0.658525 0.074515
vt 0.660967 0.041374
vt 0.669266 0.023495
vt 0.674746 0.026554
vt 0.298461 0.637157
vt 0.298830 0.656727
vt 0.290958 0.657129
vt 0.291702 0.636735
vt 0.929586 0.419283
vt 0.917326 0.400846
vt 0.937285 0.426688
vt 0.804254 0.644554
vt 0.811748 0.647407
vt 0.806505 0.678557
vt 0.796501 0.677615
vt 0.785344 0.676695
vt 0.795357 0.643419
vt 0.794252 0.711600
vt 0.783171 0.710407
vt 0.053037 0.004160
vt 0.049391 0.036129
vt 0.036400 0.034611
vt 0.039324 0.001547
vt 0.913169 0.367340
vt 0.926247 0.361948
vt 0.023166 0.035679
vt 0.026295 0.001241
vt 0.939368 0.361357
vt 0.013493 0.037288
vt 0.016169 0.002507
vt 0.950013 0.363882
vt 0.949808 0.392846
vt 0.950013 0.413352
vt 0.614778 0.161118
vt 0.596987 0.134589
vt 0.605582 0.133695
vt 0.620439 0.157158
vt 0.636315 0.166379
vt 0.631885 0.170973
vt 0.188813 0.452199
vt 0.181661 0.451968
vt 0.411072 0.930837
vt 0.409994 0.912503
vt 0.415524 0.913132
vt 0.416470 0.930313
vt 0.415534 0.883688
vt 0.422228 0.886205
vt 0.596835 0.097392
vt 0.605437 0.096999
vt 0.279203 0.001750
vt 0.283540 0.035445
vt 0.276226 0.035520
vt 0.272868 0.005432
vt 0.285216 0.064738
vt 0.277604 0.067108
vt 0.267697 0.067864
vt 0.450043 0.911054
vt 0.461834 0.911272
vt 0.285307 0.098021
vt 0.274706 0.100140
vt 0.262926 0.102570
vt 0.256370 0.069394
vt 0.250849 0.104664
vt 0.245820 0.071114
vt 0.239963 0.106903
vt 0.234573 0.072853
vt 0.234410 0.108636
vt 0.228721 0.072449
vt 0.686864 0.127274
vt 0.680708 0.130831
vt 0.669900 0.103999
vt 0.676481 0.099892
vt 0.804000 0.711787
vt 0.805813 0.743922
vt 0.795855 0.744994
vt 0.811748 0.775500
vt 0.801086 0.777553
vt 0.056495 0.073158
vt 0.052476 0.110054
vt 0.041754 0.108401
vt 0.045996 0.071719
vt 0.785054 0.744818
vt 0.027453 0.106389
vt 0.034182 0.069917
vt 0.014338 0.104139
vt 0.021995 0.068751
vt 0.005284 0.102557
vt 0.012836 0.068842
vt 0.603041 0.066341
vt 0.610695 0.032368
vt 0.619699 0.035838
vt 0.610613 0.067759
vt 0.629237 0.002393
vt 0.636315 0.006271
vt 0.293826 0.096616
vt 0.299093 0.129921
vt 0.290734 0.131729
vt 0.305440 0.165210
vt 0.297544 0.165868
vt 0.287720 0.167262
vt 0.280584 0.134154
vt 0.278476 0.169221
vt 0.270250 0.136494
vt 0.269384 0.171712
vt 0.259599 0.139405
vt 0.259545 0.175752
vt 0.248647 0.142440
vt 0.001940 0.918627
vt 0.003354 0.883770
vt 0.008920 0.882365
vt 0.007340 0.918792
vt 0.331538 0.246795
vt 0.324362 0.245387
vt 0.324703 0.217422
vt 0.331538 0.217109
vt 0.799652 0.465114
vt 0.806189 0.432510
vt 0.815402 0.433905
vt 0.809774 0.465268
vt 0.808404 0.499537
vt 0.797654 0.498314
vt 0.044127 0.145236
vt 0.034033 0.178571
vt 0.024788 0.175901
vt 0.033438 0.143591
vt 0.820668 0.464180
vt 0.820668 0.499456
vt 0.014911 0.174063
vt 0.021037 0.141697
vt 0.004977 0.172824
vt 0.010273 0.139434
vt 0.436686 0.230285
vt 0.431418 0.259410
vt 0.421811 0.257845
vt 0.426349 0.227378
vt 0.432595 0.195879
vt 0.444529 0.197306
vt 0.424703 0.290112
vt 0.418378 0.289141
vt 0.411690 0.288632
vt 0.413194 0.257601
vt 0.417323 0.226850
vt 0.585767 0.372898
vt 0.581139 0.376140
vt 0.306582 0.198767
vt 0.312211 0.221390
vt 0.001047 0.206124
vt 0.008921 0.207787
vt 0.433277 0.292532
vt 0.015867 0.208902
vt 0.012873 0.239155
vt 0.003251 0.240354
vt 0.024903 0.209885
vt 0.433930 0.323043
vt 0.428618 0.342698
vt 0.818525 0.403158
vt 0.810625 0.404005
vt 0.805900 0.384377
vt 0.812387 0.380074
vt 0.007246 0.852092
vt 0.001940 0.852423
vt 0.714649 0.829272
vt 0.710945 0.824270
vt 0.724158 0.810988
vt 0.729012 0.815401
vt 0.272077 0.226102
vt 0.270377 0.205443
vt 0.278264 0.203812
vt 0.280025 0.226379
vt 0.734905 0.804345
vt 0.737232 0.808319
vt 0.175182 0.461656
vt 0.174625 0.453033
vt 0.480431 0.965880
vt 0.489386 0.961652
vt 0.483193 0.959287
vt 0.174726 0.469085
vt 0.581152 0.628044
vt 0.585917 0.621660
vt 0.597867 0.618851
vt 0.603607 0.622113
vt 0.460518 0.465971
vt 0.466533 0.464183
vt 0.469803 0.471576
vt 0.464287 0.474263
vt 0.296987 0.072923
vt 0.290224 0.074336
vt 0.290224 0.060711
vt 0.297344 0.059349
vt 0.458824 0.452280
vt 0.465344 0.452100
vt 0.923487 0.059970
vt 0.927081 0.071362
vt 0.463406 0.428134
vt 0.469803 0.429578
vt 0.919876 0.036127
vt 0.914007 0.036398
vt 0.912197 0.002030
vt 0.919121 0.002374
vt 0.930087 0.002070
vt 0.941092 0.003696
vt 0.424142 0.691997
vt 0.423749 0.682363
vt 0.456593 0.684876
vt 0.457609 0.693652
vt 0.458949 0.702039
vt 0.425268 0.703282
vt 0.459739 0.710407
vt 0.426996 0.714454
vt 0.485759 0.692412
vt 0.486160 0.701290
vt 0.486846 0.710248
vt 0.487075 0.718415
vt 0.460126 0.718163
vt 0.518970 0.699176
vt 0.520242 0.712600
vt 0.520561 0.723938
vt 0.520334 0.734439
vt 0.486056 0.726301
vt 0.562637 0.202307
vt 0.563681 0.191786
vt 0.602633 0.190110
vt 0.602750 0.200031
vt 0.602312 0.208521
vt 0.562174 0.212601
vt 0.347402 0.099952
vt 0.353653 0.098810
vt 0.359786 0.140154
vt 0.353819 0.140654
vt 0.641982 0.196252
vt 0.643503 0.205214
vt 0.335965 0.060313
vt 0.341715 0.056693
vt 0.693266 0.632658
vt 0.687505 0.589088
vt 0.697285 0.589005
vt 0.317216 0.036032
vt 0.321129 0.029439
vt 0.697055 0.664040
vt 0.294015 0.017614
vt 0.296306 0.010673
vt 0.704704 0.688236
vt 0.694039 0.692147
vt 0.984438 0.191640
vt 0.978105 0.191787
vt 0.980860 0.171937
vt 0.987181 0.170477
vt 0.970736 0.303290
vt 0.968220 0.283198
vt 0.981689 0.300154
vt 0.978105 0.158913
vt 0.984415 0.156073
vt 0.601973 0.973319
vt 0.602121 0.993065
vt 0.699332 0.212601
vt 0.673240 0.207986
vt 0.672187 0.198234
vt 0.698226 0.202577
vt 0.676259 0.590558
vt 0.682728 0.544799
vt 0.693728 0.545484
vt 0.704704 0.547531
vt 0.235032 0.618475
vt 0.235229 0.607336
vt 0.273359 0.604976
vt 0.273890 0.613114
vt 0.940530 0.341945
vt 0.939463 0.304583
vt 0.947853 0.304414
vt 0.951499 0.341832
vt 0.942858 0.280692
vt 0.951499 0.283025
vt 0.343298 0.173451
vt 0.330660 0.192964
vt 0.323736 0.191366
vt 0.339017 0.170765
vt 0.319084 0.225721
vt 0.314635 0.223105
vt 0.461349 0.726481
vt 0.429021 0.734439
vt 0.428248 0.724569
vt 0.399450 0.733296
vt 0.398490 0.725609
vt 0.356357 0.950851
vt 0.360393 0.921210
vt 0.366620 0.951499
vt 0.352901 0.921201
vt 0.352906 0.899137
vt 0.359267 0.899014
vt 0.352901 0.886723
vt 0.359023 0.887476
vt 0.365325 0.889290
vt 0.225550 0.067820
vt 0.225981 0.074336
vt 0.217529 0.072956
vt 0.216759 0.066674
vt 0.218066 0.058745
vt 0.225981 0.061091
vt 0.507406 0.254069
vt 0.502244 0.254766
vt 0.511431 0.275474
vt 0.506642 0.278016
vt 0.903080 0.156136
vt 0.894635 0.156549
vt 0.898212 0.130973
vt 0.904965 0.132461
vt 0.297082 0.251255
vt 0.294015 0.246767
vt 0.908385 0.188268
vt 0.898484 0.190863
vt 0.888189 0.191787
vt 0.885923 0.156349
vt 0.698908 0.123398
vt 0.688683 0.123013
vt 0.690280 0.090426
vt 0.699192 0.091294
vt 0.707697 0.090426
vt 0.709164 0.122594
vt 0.301569 0.606406
vt 0.302966 0.596882
vt 0.337521 0.602551
vt 0.335045 0.614465
vt 0.299879 0.614067
vt 0.272809 0.595283
vt 0.273314 0.584657
vt 0.303723 0.587329
vt 0.238024 0.594138
vt 0.242286 0.579244
vt 0.246309 0.568475
vt 0.275802 0.576115
vt 0.537705 0.317921
vt 0.521680 0.317412
vt 0.524779 0.276843
vt 0.538304 0.281362
vt 0.550584 0.283244
vt 0.551209 0.317140
vt 0.561867 0.283178
vt 0.563074 0.314920
vt 0.548083 0.244202
vt 0.558090 0.249921
vt 0.568036 0.253337
vt 0.215311 0.453815
vt 0.211754 0.459508
vt 0.184843 0.447448
vt 0.187320 0.439970
vt 0.572573 0.228049
vt 0.582793 0.235571
vt 0.230441 0.467886
vt 0.226336 0.472776
vt 0.564419 0.220460
vt 0.050716 0.258847
vt 0.056495 0.268415
vt 0.036368 0.288423
vt 0.538921 0.234109
vt 0.557841 0.210943
vt 0.638550 0.647802
vt 0.631267 0.678522
vt 0.622216 0.673116
vt 0.640969 0.682513
vt 0.637595 0.706077
vt 0.628158 0.707561
vt 0.617870 0.707678
vt 0.987395 0.584000
vt 0.995615 0.586452
vt 0.997588 0.618105
vt 0.988508 0.617571
vt 0.976851 0.582258
vt 0.531279 0.989960
vt 0.520493 0.990154
vt 0.520902 0.962968
vt 0.530052 0.965585
vt 0.539088 0.968225
vt 0.541165 0.988335
vt 0.525026 0.946611
vt 0.532548 0.949905
vt 0.541165 0.954552
vt 0.899932 0.361078
vt 0.914062 0.382742
vt 0.906107 0.384796
vt 0.894596 0.364459
vt 0.383638 0.297344
vt 0.378169 0.296792
vt 0.379807 0.280896
vt 0.385060 0.280620
vt 0.146137 0.963957
vt 0.135131 0.941290
vt 0.143007 0.940263
vt 0.152242 0.959312
vt 0.162331 0.966286
vt 0.158775 0.972314
vt 0.554481 0.476028
vt 0.135131 0.915403
vt 0.138478 0.916199
vt 0.150163 0.913722
vt 0.722006 0.137919
vt 0.721377 0.149669
vt 0.695876 0.126676
vt 0.722545 0.126475
vt 0.162316 0.912489
vt 0.987181 0.026473
vt 0.981092 0.052035
vt 0.970723 0.050127
vt 0.977206 0.026198
vt 0.172631 0.912977
vt 0.963646 0.047881
vt 0.968280 0.026396
vt 0.965543 0.003006
vt 0.974952 0.001666
vt 0.960829 0.026898
vt 0.957430 0.004588
vt 0.563177 0.440121
vt 0.570442 0.436439
vt 0.576858 0.454015
vt 0.569472 0.456586
vt 0.554928 0.444346
vt 0.945553 0.149241
vt 0.935051 0.165520
vt 0.929685 0.163203
vt 0.941320 0.144409
vt 0.576983 0.015123
vt 0.583750 0.014206
vt 0.584280 0.027230
vt 0.577586 0.027647
vt 0.962516 0.355815
vt 0.964783 0.334541
vt 0.973454 0.334053
vt 0.971751 0.355450
vt 0.378887 0.401359
vt 0.375602 0.393220
vt 0.396845 0.378507
vt 0.402611 0.385114
vt 0.384134 0.409405
vt 0.408737 0.360752
vt 0.417981 0.361965
vt 0.221521 0.017841
vt 0.216985 0.017227
vt 0.214598 0.007102
vt 0.221521 0.002117
vt 0.942573 0.208140
vt 0.928850 0.191243
vt 0.934082 0.189283
vt 0.945553 0.205361
vt 0.297751 0.269727
vt 0.291057 0.271175
vt 0.292962 0.257419
vt 0.298257 0.257880
vt 0.957430 0.045764
vt 0.915818 0.414376
vt 0.908059 0.411298
vt 0.902346 0.434122
vt 0.894596 0.426236
vt 0.741396 0.859052
vt 0.749588 0.862944
vt 0.733187 0.888281
vt 0.724615 0.882852
vt 0.153612 0.439756
vt 0.154927 0.431237
vt 0.751130 0.833292
vt 0.759693 0.834927
vt 0.759898 0.867500
vt 0.747082 0.811926
vt 0.750301 0.809286
vt 0.771922 0.870290
vt 0.754101 0.900951
vt 0.742500 0.894733
vt 0.516055 0.687205
vt 0.484703 0.684286
vt 0.513239 0.678290
vt 0.457207 0.676468
vt 0.482621 0.675589
vt 0.510997 0.669670
vt 0.124808 0.440604
vt 0.099220 0.439156
vt 0.099007 0.431701
vt 0.125259 0.432349
vt 0.565618 0.338439
vt 0.571141 0.361055
vt 0.562150 0.364260
vt 0.555487 0.340517
vt 0.582793 0.391821
vt 0.573386 0.395467
vt 0.303968 0.578787
vt 0.340400 0.578518
vt 0.339384 0.588854
vt 0.374653 0.589857
vt 0.373338 0.598540
vt 0.371221 0.608687
vt 0.061529 0.425479
vt 0.063135 0.432483
vt 0.030091 0.450433
vt 0.027972 0.444361
vt 0.033527 0.456875
vt 0.016967 0.472776
vt 0.012542 0.467099
vt 0.603607 0.585379
vt 0.602111 0.606221
vt 0.065453 0.440619
vt 0.423245 0.675808
vt 0.551917 0.697811
vt 0.554546 0.708952
vt 0.601995 0.180151
vt 0.202248 0.587206
vt 0.197014 0.596986
vt 0.667403 0.585601
vt 0.369201 0.618475
vt 0.890637 0.130091
vt 0.577687 0.611329
vt 0.893877 0.117047
vt 0.901916 0.117212
vt 0.908385 0.119731
vt 0.397075 0.717532
vt 0.395711 0.708600
vt 0.046088 0.193273
vt 0.036625 0.192786
vt 0.570403 0.970383
vt 0.565037 0.968493
vt 0.421903 0.910755
vt 0.194760 0.948415
vt 0.194760 0.960453
vt 0.466829 0.872048
vt 0.558253 0.983376
vt 0.259300 0.283963
vt 0.957408 0.582258
vt 0.966205 0.582468
vt 0.956281 0.614544
vt 0.582216 0.040141
vt 0.576983 0.038798
vt 0.378169 0.270472
vt 0.383592 0.268519
vt 0.109917 0.014512
vt 0.107606 0.024985
vt 0.108169 0.029730
vt 0.096916 0.028400
vt 0.590629 0.368706
vt 0.589005 0.368174
vt 0.589005 0.342543
vt 0.594687 0.356600
vt 0.012168 0.493669
vt 0.423715 0.413133
vt 0.415604 0.420741
vt 0.420022 0.412120
vt 0.415604 0.403861
vt 0.006615 0.751039
vt 0.010403 0.763783
vt 0.002443 0.764950
vt 0.001189 0.752191
vt 0.972842 0.913328
vt 0.977865 0.914473
vt 0.980285 0.926257
vt 0.973491 0.926187
vt 0.049062 0.113317
vt 0.048639 0.118937
vt 0.043995 0.118409
vt 0.043660 0.113317
vt 0.918792 0.119456
vt 0.918065 0.131864
vt 0.910766 0.131178
vt 0.913776 0.119326
vt 0.842264 0.667516
vt 0.847429 0.667882
vt 0.846573 0.680656
vt 0.839273 0.679600
vt 0.071362 0.215574
vt 0.066084 0.214110
vt 0.066457 0.209066
vt 0.071362 0.208626
vt 0.450557 0.291584
vt 0.457419 0.292806
vt 0.457909 0.304777
vt 0.450557 0.304186
vt 0.792071 0.757282
vt 0.792421 0.771249
vt 0.785169 0.770611
vt 0.787036 0.757640
vt 0.440753 0.138452
vt 0.441555 0.151645
vt 0.436033 0.151645
vt 0.436332 0.138526
vt 0.918792 0.188901
vt 0.911558 0.190300
vt 0.908282 0.162430
vt 0.917368 0.162659
vt 0.830020 0.735856
vt 0.833849 0.709922
vt 0.843536 0.710725
vt 0.841643 0.738838
vt 0.830693 0.746123
vt 0.825936 0.737178
vt 0.101097 0.032373
vt 0.100889 0.036930
vt 0.096385 0.044602
vt 0.094034 0.032373
vt 0.632478 0.713462
vt 0.645236 0.706983
vt 0.645236 0.727091
vt 0.634091 0.738899
vt 0.238086 0.349260
vt 0.241707 0.347338
vt 0.249089 0.358213
vt 0.242936 0.361478
vt 0.781019 0.785239
vt 0.792421 0.795394
vt 0.773339 0.789482
vt 0.781659 0.770598
vt 0.774852 0.790583
vt 0.264493 0.372142
vt 0.253923 0.381325
vt 0.279894 0.371095
vt 0.282715 0.394213
vt 0.272556 0.396562
vt 0.262795 0.399086
vt 0.409695 0.497434
vt 0.426530 0.507593
vt 0.424306 0.524839
vt 0.410724 0.520846
vt 0.789335 0.131905
vt 0.791634 0.155195
vt 0.780412 0.154649
vt 0.778378 0.131626
vt 0.953391 0.120424
vt 0.951069 0.084780
vt 0.960420 0.083804
vt 0.958175 0.119558
vt 0.954473 0.059469
vt 0.943674 0.054765
vt 0.946601 0.023803
vt 0.954473 0.023766
vt 0.974156 0.695550
vt 0.984174 0.695447
vt 0.984207 0.706191
vt 0.974266 0.700949
vt 0.976367 0.669999
vt 0.984207 0.670785
vt 0.432670 0.400137
vt 0.432565 0.405248
vt 0.436264 0.417250
vt 0.423770 0.421474
vt 0.127858 0.604613
vt 0.127853 0.609946
vt 0.117596 0.613689
vt 0.116373 0.605593
vt 0.440985 0.387417
vt 0.448989 0.392273
vt 0.438732 0.406456
vt 0.160080 0.653840
vt 0.170804 0.654803
vt 0.173946 0.664551
vt 0.163578 0.661040
vt 0.127858 0.619645
vt 0.116257 0.622935
vt 0.448989 0.428218
vt 0.431734 0.432635
vt 0.764407 0.341852
vt 0.767711 0.340352
vt 0.773183 0.354935
vt 0.766772 0.356776
vt 0.313697 0.739910
vt 0.298040 0.740385
vt 0.297869 0.734644
vt 0.312732 0.736506
vt 0.062442 0.073063
vt 0.062068 0.077015
vt 0.059036 0.077309
vt 0.059036 0.071971
vt 0.671591 0.927261
vt 0.671996 0.941687
vt 0.666198 0.941362
vt 0.668629 0.927422
vt 0.375503 0.279600
vt 0.376140 0.295557
vt 0.370614 0.295857
vt 0.370614 0.278994
vt 0.466829 0.735511
vt 0.461317 0.739265
vt 0.458311 0.734920
vt 0.459652 0.732728
vt 0.323875 0.074450
vt 0.322607 0.091647
vt 0.316383 0.091531
vt 0.319736 0.074025
vt 0.443309 0.741687
vt 0.441874 0.735756
vt 0.004679 0.114169
vt 0.007434 0.107972
vt 0.007434 0.133805
vt 0.001941 0.132954
vt 0.964880 0.217644
vt 0.963700 0.234048
vt 0.957187 0.232439
vt 0.963173 0.209493
vt 0.482860 0.059469
vt 0.480248 0.058848
vt 0.480686 0.051037
vt 0.488942 0.049241
vt 0.944804 0.782014
vt 0.948727 0.749455
vt 0.955119 0.755934
vt 0.946866 0.776076
vt 0.954273 0.892031
vt 0.946104 0.882639
vt 0.946104 0.842417
vt 0.963161 0.860581
vt 0.596716 0.580107
vt 0.600088 0.558610
vt 0.611116 0.560462
vt 0.606591 0.581307
vt 0.984238 0.425155
vt 0.974405 0.425201
vt 0.979966 0.405988
vt 0.989201 0.402429
vt 0.961334 0.747789
vt 0.967508 0.728903
vt 0.979747 0.718165
vt 0.963797 0.753766
vt 0.489130 0.042589
vt 0.480248 0.043855
vt 0.613432 0.578747
vt 0.618650 0.560261
vt 0.793437 0.131433
vt 0.767825 0.112918
vt 0.776235 0.087346
vt 0.799790 0.089726
vt 0.557914 0.528827
vt 0.560647 0.518049
vt 0.576015 0.520546
vt 0.575168 0.529190
vt 0.398074 0.361688
vt 0.395520 0.345027
vt 0.404387 0.346044
vt 0.404387 0.362759
vt 0.265002 0.328451
vt 0.263527 0.321508
vt 0.273556 0.320379
vt 0.273556 0.331538
vt 0.197777 0.944066
vt 0.191585 0.931468
vt 0.206214 0.930949
vt 0.208140 0.943549
vt 0.063727 0.638687
vt 0.075823 0.651396
vt 0.073770 0.671996
vt 0.063727 0.659116
vt 0.205440 0.911696
vt 0.187544 0.914195
vt 0.821745 0.116571
vt 0.829461 0.081461
vt 0.848881 0.083963
vt 0.838624 0.114173
vt 0.570754 0.508778
vt 0.574119 0.503030
vt 0.095362 0.252159
vt 0.102640 0.261411
vt 0.094397 0.259900
vt 0.091037 0.259663
vt 0.577457 0.506061
vt 0.558154 0.510294
vt 0.107686 0.247718
vt 0.111504 0.267609
vt 0.835612 0.126261
vt 0.864156 0.113975
vt 0.849573 0.132314
vt 0.579302 0.487561
vt 0.594979 0.477674
vt 0.597561 0.502989
vt 0.602709 0.526924
vt 0.007434 0.370193
vt 0.001210 0.366367
vt 0.001565 0.357534
vt 0.007434 0.352531
vt 0.559067 0.496051
vt 0.563897 0.486200
vt 0.335998 0.003055
vt 0.335998 0.019327
vt 0.327286 0.010391
vt 0.325802 0.002074
vt 0.257975 0.869730
vt 0.245189 0.869001
vt 0.244647 0.850091
vt 0.260176 0.850091
vt 0.662103 0.159416
vt 0.662103 0.137670
vt 0.674970 0.148399
vt 0.671498 0.160566
vt 0.836811 0.869384
vt 0.834371 0.852234
vt 0.850403 0.857055
vt 0.850403 0.875677
vt 0.880137 0.128152
vt 0.866756 0.136778
vt 0.625052 0.534168
vt 0.615487 0.542480
vt 0.601766 0.538917
vt 0.061512 0.279167
vt 0.061512 0.264633
vt 0.069470 0.268899
vt 0.074336 0.279503
vt 0.619968 0.501703
vt 0.640071 0.503078
vt 0.643153 0.528796
vt 0.654778 0.551640
vt 0.645662 0.559586
vt 0.193273 0.001621
vt 0.193273 0.034411
vt 0.183856 0.035681
vt 0.180857 0.008475
vt 0.971235 0.706033
vt 0.969427 0.716860
vt 0.963488 0.718051
vt 0.961334 0.711219
vt 0.946746 0.496251
vt 0.950013 0.506235
vt 0.929003 0.513526
vt 0.926158 0.499210
vt 0.961348 0.723999
vt 0.961906 0.737367
vt 0.952804 0.736318
vt 0.944804 0.723604
vt 0.439125 0.098123
vt 0.431697 0.084248
vt 0.441555 0.084248
vt 0.441162 0.092196
vt 0.597099 0.527470
vt 0.514404 0.740447
vt 0.514404 0.764173
vt 0.501500 0.756929
vt 0.502558 0.732272
vt 0.001010 0.656295
vt 0.017876 0.650412
vt 0.018255 0.665774
vt 0.004062 0.674970
vt 0.244607 0.341386
vt 0.263149 0.341386
vt 0.261596 0.362759
vt 0.252133 0.358110
vt 0.750031 0.548411
vt 0.754999 0.531594
vt 0.773093 0.526885
vt 0.768412 0.548599
vt 0.563335 0.172316
vt 0.558756 0.188813
vt 0.549780 0.176507
vt 0.546934 0.166126
vt 0.563719 0.158350
vt 0.576968 0.160231
vt 0.580872 0.171513
vt 0.802297 0.017113
vt 0.783879 0.021082
vt 0.776093 0.003122
vt 0.797183 0.001598
vt 0.804150 0.047373
vt 0.781371 0.042432
vt 0.619961 0.805801
vt 0.595830 0.802918
vt 0.595830 0.775467
vt 0.607827 0.774608
vt 0.340552 0.991641
vt 0.340649 0.963744
vt 0.364246 0.954325
vt 0.364246 0.989041
vt 0.829589 0.049956
vt 0.822701 0.098903
vt 0.852782 0.037128
vt 0.866169 0.040802
vt 0.044510 0.945553
vt 0.044510 0.912558
vt 0.055433 0.913730
vt 0.057982 0.935965
vt 0.162491 0.740385
vt 0.164829 0.706462
vt 0.186714 0.705616
vt 0.184686 0.728702
vt 0.138265 0.979747
vt 0.114799 0.979747
vt 0.118549 0.954580
vt 0.132814 0.954829
vt 0.793907 0.312211
vt 0.776798 0.303746
vt 0.778915 0.277892
vt 0.784711 0.284120
vt 0.321182 0.958933
vt 0.331153 0.929918
vt 0.344919 0.931469
vt 0.344919 0.958173
vt 0.559221 0.147943
vt 0.567254 0.143485
vt 0.899039 0.608243
vt 0.896922 0.618475
vt 0.885472 0.602457
vt 0.894447 0.592899
vt 0.546336 0.137435
vt 0.553723 0.127043
vt 0.447502 0.239362
vt 0.444129 0.238449
vt 0.438598 0.230126
vt 0.447502 0.226202
vt 0.884692 0.567573
vt 0.885059 0.553714
vt 0.894906 0.547572
vt 0.896698 0.553007
vt 0.906898 0.543876
vt 0.904992 0.560831
vt 0.871883 0.578391
vt 0.906898 0.589152
vt 0.037066 0.903853
vt 0.031284 0.900541
vt 0.033085 0.891623
vt 0.042926 0.891465
vt 0.047527 0.361272
vt 0.028035 0.356543
vt 0.029005 0.327608
vt 0.040069 0.328563
vt 0.052035 0.326836
vt 0.048618 0.356868
vt 0.915818 0.660814
vt 0.913939 0.673468
vt 0.906418 0.672267
vt 0.910262 0.657793
vt 0.103240 0.037168
vt 0.103240 0.031785
vt 0.107336 0.033123
vt 0.108530 0.036519
vt 0.880788 0.044299
vt 0.886084 0.043231
vt 0.885800 0.058113
vt 0.878622 0.056786
vt 0.522208 0.404387
vt 0.522208 0.385208
vt 0.532686 0.380494
vt 0.535218 0.396287
vt 0.002094 0.489130
vt 0.012134 0.471173
vt 0.016280 0.487110
vt 0.016354 0.489130
vt 0.532511 0.068118
vt 0.546990 0.076710
vt 0.548562 0.091816
vt 0.536640 0.078823
vt 0.066985 0.234782
vt 0.077933 0.221685
vt 0.086627 0.211134
vt 0.090690 0.237875
vt 0.560820 0.073125
vt 0.565255 0.093265
vt 0.534828 0.105033
vt 0.525836 0.090345
vt 0.576766 0.110943
vt 0.565028 0.116434
vt 0.314573 0.827965
vt 0.313182 0.796134
vt 0.323975 0.797765
vt 0.325591 0.829589
vt 0.953343 0.502687
vt 0.955100 0.481183
vt 0.967559 0.486210
vt 0.961374 0.509831
vt 0.035421 0.680917
vt 0.021101 0.679370
vt 0.023375 0.648610
vt 0.035681 0.649316
vt 0.579181 0.116225
vt 0.578253 0.131768
vt 0.592680 0.114985
vt 0.592730 0.132246
vt 0.010180 0.901739
vt 0.026628 0.917794
vt 0.028894 0.937082
vt 0.012623 0.935504
vt 0.886084 0.120424
vt 0.871145 0.116589
vt 0.874973 0.086514
vt 0.885698 0.087551
vt 0.341637 0.897991
vt 0.327903 0.900408
vt 0.010180 0.961906
vt 0.037168 0.955769
vt 0.487668 0.605351
vt 0.462105 0.595365
vt 0.472159 0.576319
vt 0.493257 0.584365
vt 0.767557 0.297121
vt 0.767152 0.270021
vt 0.411821 0.429661
vt 0.398882 0.420441
vt 0.398496 0.401812
vt 0.411821 0.403181
vt 0.435608 0.001212
vt 0.435608 0.022301
vt 0.424638 0.019523
vt 0.423296 0.008877
vt 0.985694 0.868691
vt 0.985130 0.875699
vt 0.973040 0.869595
vt 0.973242 0.865456
vt 0.213942 0.478646
vt 0.234901 0.476608
vt 0.231851 0.485746
vt 0.216495 0.485530
vt 0.596964 0.160616
vt 0.597661 0.185840
vt 0.578068 0.185840
vt 0.589253 0.160133
vt 0.583631 0.592750
vt 0.566592 0.594625
vt 0.567341 0.574619
vt 0.579806 0.572221
vt 0.941329 0.160466
vt 0.955639 0.165687
vt 0.958545 0.194825
vt 0.949697 0.202215
vt 0.282476 0.850020
vt 0.282476 0.892031
vt 0.273506 0.890797
vt 0.265313 0.864289
vt 0.214684 0.545480
vt 0.213451 0.553059
vt 0.213451 0.526758
vt 0.220034 0.526949
vt 0.964210 0.905889
vt 0.969640 0.887656
vt 0.980371 0.890958
vt 0.970223 0.912845
vt 0.259381 0.948526
vt 0.253590 0.940512
vt 0.260176 0.937317
vt 0.259381 0.948479
vt 0.614519 0.469572
vt 0.641894 0.479012
vt 0.966367 0.160466
vt 0.963241 0.201608
vt 0.583489 0.447400
vt 0.589146 0.436907
vt 0.871276 0.089084
vt 0.570515 0.619939
vt 0.544887 0.624329
vt 0.540096 0.600240
vt 0.880137 0.034549
vt 0.490431 0.630368
vt 0.951499 0.489130
vt 0.934615 0.485969
vt 0.936618 0.463060
vt 0.949826 0.461791
vt 0.437494 0.943777
vt 0.447387 0.951625
vt 0.443779 0.966367
vt 0.434136 0.951610
vt 0.742791 0.844440
vt 0.731984 0.848916
vt 0.729363 0.818890
vt 0.746332 0.818890
vt 0.201566 0.434068
vt 0.206904 0.426700
vt 0.214087 0.443042
vt 0.199045 0.443042
vt 0.826375 0.914675
vt 0.815660 0.915818
vt 0.815660 0.896173
vt 0.826615 0.897957
vt 0.643795 0.421424
vt 0.644216 0.439964
vt 0.635487 0.439952
vt 0.631144 0.417905
vt 0.138507 0.839812
vt 0.142705 0.853950
vt 0.135358 0.855025
vt 0.133663 0.840624
vt 0.789750 0.176455
vt 0.793907 0.176225
vt 0.792588 0.189882
vt 0.785771 0.189969
vt 0.285450 0.319343
vt 0.282439 0.339575
vt 0.273607 0.337419
vt 0.280163 0.317849
vt 0.846273 0.138381
vt 0.855212 0.135893
vt 0.856316 0.158684
vt 0.846826 0.159063
vt 0.240124 0.116027
vt 0.242544 0.131471
vt 0.238210 0.132143
vt 0.237125 0.114624
vt 0.021101 0.571767
vt 0.025512 0.571969
vt 0.028801 0.585623
vt 0.022834 0.586038
vt 0.123077 0.001555
vt 0.123398 0.005299
vt 0.119483 0.005947
vt 0.119483 0.001192
vt 0.596936 0.006516
vt 0.600634 0.005088
vt 0.597425 0.021237
vt 0.592026 0.020795
vt 0.325591 0.713665
vt 0.324344 0.729655
vt 0.319044 0.728834
vt 0.321026 0.713974
vt 0.057618 0.308270
vt 0.060057 0.294626
vt 0.063929 0.298525
vt 0.061510 0.322534
vt 0.056556 0.316176
vt 0.054931 0.331278
vt 0.016328 0.790934
vt 0.013724 0.770777
vt 0.016354 0.770228
vt 0.016354 0.783297
vt 0.796881 0.168506
vt 0.778378 0.172459
vt 0.098411 0.008920
vt 0.098411 0.002014
vt 0.103950 0.002752
vt 0.104070 0.008117
vt 0.363285 0.043035
vt 0.368706 0.045542
vt 0.367693 0.062745
vt 0.359276 0.062362
vt 0.455232 0.175740
vt 0.456422 0.192807
vt 0.448911 0.190203
vt 0.450171 0.175502
vt 0.967254 0.924283
vt 0.969411 0.942038
vt 0.960675 0.942010
vt 0.960593 0.924256
vt 0.899231 0.001966
vt 0.904999 0.001237
vt 0.908174 0.018767
vt 0.899730 0.019694
vt 0.438302 0.545417
vt 0.433840 0.550637
vt 0.426767 0.543782
vt 0.427674 0.535346
vt 0.432299 0.527355
vt 0.441555 0.531763
vt 0.244573 0.295857
vt 0.244955 0.280833
vt 0.252822 0.280249
vt 0.254229 0.295857
vt 0.051099 0.252142
vt 0.050745 0.246945
vt 0.057982 0.245478
vt 0.057982 0.252742
vt 0.530351 0.320394
vt 0.531406 0.345793
vt 0.522878 0.346706
vt 0.525164 0.320130
vt 0.117581 0.865810
vt 0.125443 0.864335
vt 0.129344 0.890699
vt 0.119712 0.890766
vt 0.871217 0.155546
vt 0.868258 0.181920
vt 0.861600 0.183522
vt 0.864985 0.154126
vt 0.898982 0.631793
vt 0.899464 0.661579
vt 0.888358 0.658536
vt 0.892182 0.631571
vt 0.877472 0.596815
vt 0.880380 0.602860
vt 0.881176 0.620228
vt 0.875737 0.620411
vt 0.271960 0.028248
vt 0.266512 0.024002
vt 0.266321 0.020627
vt 0.272069 0.020627
vt 0.955960 0.523005
vt 0.955354 0.547293
vt 0.949262 0.545926
vt 0.952314 0.529269
vt 0.016887 0.434947
vt 0.022108 0.435469
vt 0.022301 0.450921
vt 0.016887 0.451962
vt 0.468580 0.849615
vt 0.472143 0.848594
vt 0.475249 0.862671
vt 0.469438 0.863143
vt 0.404072 0.495386
vt 0.405874 0.514258
vt 0.395949 0.513365
vt 0.396867 0.495164
vt 0.303889 0.743320
vt 0.312211 0.747335
vt 0.310169 0.760450
vt 0.300388 0.757044
vt 0.093857 0.317145
vt 0.101097 0.317145
vt 0.100775 0.324382
vt 0.094653 0.325591
vt 0.837567 0.571868
vt 0.839999 0.590883
vt 0.830930 0.591582
vt 0.830918 0.573498
vt 0.820929 0.610001
vt 0.826615 0.610045
vt 0.825841 0.628058
vt 0.817117 0.627316
vt 0.107289 0.007434
vt 0.107289 0.001546
vt 0.112483 0.002479
vt 0.112991 0.006363
vt 0.877481 0.280138
vt 0.881111 0.302759
vt 0.873089 0.302834
vt 0.871602 0.280329
vt 0.823831 0.464931
vt 0.829609 0.465010
vt 0.831177 0.488743
vt 0.823172 0.488902
vt 0.572843 0.001135
vt 0.576847 0.001149
vt 0.573946 0.023330
vt 0.567320 0.023108
vt 0.586548 0.213732
vt 0.588740 0.231928
vt 0.581228 0.231671
vt 0.581228 0.213491
vt 0.872767 0.651104
vt 0.883110 0.650315
vt 0.883110 0.679430
vt 0.873382 0.679339
vt 0.143537 0.766944
vt 0.144886 0.794378
vt 0.132270 0.794259
vt 0.132670 0.765114
vt 0.955960 0.579820
vt 0.946217 0.576254
vt 0.205663 0.001612
vt 0.212947 0.022816
vt 0.199071 0.025869
vt 0.197586 0.003402
vt 0.151067 0.356762
vt 0.150082 0.348322
vt 0.159079 0.347047
vt 0.159079 0.356812
vt 0.462580 0.646207
vt 0.470916 0.645135
vt 0.472776 0.670510
vt 0.461702 0.670510
vt 0.528979 0.742548
vt 0.532245 0.766650
vt 0.521996 0.769344
vt 0.519979 0.743824
vt 0.943948 0.212662
vt 0.953568 0.217405
vt 0.953056 0.242844
vt 0.942163 0.239671
vt 0.975819 0.490005
vt 0.981314 0.475360
vt 0.994614 0.475391
vt 0.992023 0.484841
vt 0.431816 0.588651
vt 0.438413 0.602467
vt 0.424404 0.609308
vt 0.418958 0.596532
vt 0.990485 0.493190
vt 0.982591 0.498346
vt 0.459931 0.600031
vt 0.530794 0.793907
vt 0.519979 0.793534
vt 0.127109 0.667733
vt 0.141080 0.662586
vt 0.142311 0.673258
vt 0.129298 0.677165
vt 0.571276 0.557874
vt 0.584753 0.559455
vt 0.583953 0.532933
vt 0.588824 0.542641
vt 0.674855 0.214231
vt 0.685143 0.225431
vt 0.687832 0.252742
vt 0.676229 0.246975
vt 0.599147 0.531437
vt 0.598429 0.541589
vt 0.595473 0.558140
vt 0.219010 0.967782
vt 0.214578 0.975287
vt 0.210978 0.951613
vt 0.219419 0.946564
vt 0.444529 0.291397
vt 0.434987 0.290552
vt 0.433069 0.283242
vt 0.444529 0.277499
vt 0.957446 0.915852
vt 0.946371 0.919564
vt 0.948721 0.900704
vt 0.957158 0.898897
vt 0.956275 0.939659
vt 0.943537 0.940731
vt 0.425201 0.777578
vt 0.409321 0.772162
vt 0.416265 0.759993
vt 0.420911 0.754158
vt 0.307303 0.969340
vt 0.303100 0.959793
vt 0.311666 0.956352
vt 0.309969 0.963569
vt 0.078445 0.258689
vt 0.077905 0.251307
vt 0.087716 0.251411
vt 0.085088 0.257929
vt 0.669313 0.111317
vt 0.673355 0.118418
vt 0.667518 0.123527
vt 0.663384 0.116729
vt 0.079110 0.244698
vt 0.087716 0.243100
vt 0.648254 0.463856
vt 0.646840 0.447171
vt 0.659215 0.445321
vt 0.659033 0.462383
vt 0.676457 0.136778
vt 0.663384 0.136205
vt 0.646840 0.425442
vt 0.667536 0.424409
vt 0.706447 0.451538
vt 0.716543 0.488947
vt 0.696683 0.493662
vt 0.687189 0.464880
vt 0.574131 0.397838
vt 0.590227 0.410824
vt 0.588277 0.423715
vt 0.574131 0.420788
vt 0.700044 0.429654
vt 0.712139 0.427247
vt 0.718090 0.439060
vt 0.210978 0.927228
vt 0.221521 0.931185
vt 0.150159 0.655925
vt 0.150159 0.672948
vt 0.663277 0.467247
vt 0.672907 0.473561
vt 0.657877 0.492411
vt 0.656275 0.504625
vt 0.721042 0.541727
vt 0.713859 0.547692
vt 0.707151 0.536632
vt 0.722926 0.526640
vt 0.728503 0.553184
vt 0.718534 0.558894
vt 0.776489 0.775249
vt 0.764837 0.784987
vt 0.764837 0.766415
vt 0.780527 0.764688
vt 0.972313 0.432635
vt 0.960338 0.426908
vt 0.962752 0.413058
vt 0.971252 0.412210
vt 0.894002 0.536705
vt 0.897129 0.517690
vt 0.908385 0.518407
vt 0.908385 0.536273
vt 0.522372 0.138265
vt 0.529097 0.111881
vt 0.538045 0.112480
vt 0.541165 0.138265
vt 0.483974 0.562317
vt 0.498638 0.573119
vt 0.465559 0.560204
vt 0.470519 0.544660
vt 0.832273 0.382087
vt 0.810095 0.364723
vt 0.828487 0.357140
vt 0.838509 0.377515
vt 0.831075 0.851889
vt 0.819390 0.849572
vt 0.823023 0.828308
vt 0.831075 0.827702
vt 0.728865 0.578333
vt 0.721926 0.577189
vt 0.055009 0.300331
vt 0.052477 0.322296
vt 0.042681 0.322618
vt 0.042681 0.303686
vt 0.785222 0.329465
vt 0.801338 0.325671
vt 0.813092 0.329176
vt 0.799983 0.346182
vt 0.866721 0.359356
vt 0.871546 0.336368
vt 0.883110 0.337989
vt 0.883110 0.364246
vt 0.845942 0.792421
vt 0.835780 0.790972
vt 0.834894 0.772237
vt 0.845942 0.773128
vt 0.942579 0.781854
vt 0.933302 0.784987
vt 0.933302 0.756657
vt 0.941728 0.757818
vt 0.176919 0.035681
vt 0.161110 0.034026
vt 0.161110 0.001298
vt 0.171895 0.005443
vt 0.058527 0.987181
vt 0.065991 0.967741
vt 0.076352 0.969583
vt 0.077309 0.987181
vt 0.057249 0.241161
vt 0.051513 0.218929
vt 0.063129 0.215213
vt 0.063929 0.237070
vt 0.953343 0.460502
vt 0.966583 0.460532
vt 0.132270 0.816208
vt 0.150159 0.812714
vt 0.380346 0.076392
vt 0.370658 0.077309
vt 0.370658 0.055718
vt 0.380600 0.056294
vt 0.881796 0.031221
vt 0.872615 0.027749
vt 0.872438 0.012798
vt 0.884597 0.009976
vt 0.423694 0.579820
vt 0.429750 0.564856
vt 0.439189 0.567502
vt 0.434116 0.577892
vt 0.829585 0.327676
vt 0.836686 0.354655
vt 0.818337 0.297589
vt 0.832079 0.298636
vt 0.808952 0.725567
vt 0.811024 0.709786
vt 0.824519 0.708258
vt 0.826615 0.727005
vt 0.066078 0.294376
vt 0.078796 0.306041
vt 0.072303 0.322618
vt 0.066078 0.322488
vt 0.703969 0.900951
vt 0.707814 0.871118
vt 0.716957 0.869245
vt 0.716070 0.896857
vt 0.312211 0.841179
vt 0.303931 0.844456
vt 0.298313 0.829261
vt 0.308647 0.828709
vt 0.419788 0.560788
vt 0.383573 0.174243
vt 0.378135 0.191500
vt 0.365863 0.193273
vt 0.369201 0.181619
vt 0.365863 0.165689
vt 0.377856 0.165420
vt 0.051366 0.277048
vt 0.054893 0.273654
vt 0.057982 0.282476
vt 0.049630 0.282476
vt 0.627065 0.547247
vt 0.632316 0.547077
vt 0.637723 0.562154
vt 0.632199 0.564000
vt 0.500472 0.045583
vt 0.496601 0.063604
vt 0.490635 0.055958
vt 0.501024 0.033493
vt 0.824455 0.658431
vt 0.812704 0.655845
vt 0.829780 0.621987
vt 0.844456 0.620490
vt 0.803388 0.154188
vt 0.808724 0.141899
vt 0.811748 0.137596
vt 0.811748 0.167999
vt 0.306343 0.511431
vt 0.305943 0.500728
vt 0.319644 0.494589
vt 0.318554 0.511431
vt 0.715148 0.832291
vt 0.711554 0.844377
vt 0.700934 0.842444
vt 0.700934 0.827160
vt 0.725518 0.824614
vt 0.720570 0.842437
vt 0.019482 0.906898
vt 0.015702 0.891424
vt 0.025534 0.890437
vt 0.027257 0.901647
vt 0.075823 0.257202
vt 0.061178 0.254364
vt 0.062553 0.241712
vt 0.075823 0.241486
vt 0.947039 0.120424
vt 0.939314 0.115712
vt 0.938031 0.091558
vt 0.946879 0.092496
vt 0.828212 0.269421
vt 0.838509 0.272109
vt 0.635514 0.610934
vt 0.639252 0.598599
vt 0.648209 0.601672
vt 0.644386 0.623323
vt 0.402237 0.273556
vt 0.402237 0.258188
vt 0.408789 0.256748
vt 0.410334 0.268636
vt 0.631877 0.626492
vt 0.625448 0.609405
vt 0.851879 0.536515
vt 0.865270 0.541157
vt 0.856538 0.576847
vt 0.850336 0.563598
vt 0.842303 0.554739
vt 0.839603 0.534543
vt 0.704665 0.565413
vt 0.711162 0.577525
vt 0.774265 0.021007
vt 0.776079 0.014596
vt 0.326750 0.748139
vt 0.332507 0.738148
vt 0.343414 0.745364
vt 0.333088 0.752279
vt 0.312943 0.051433
vt 0.302497 0.048422
vt 0.305179 0.033079
vt 0.315184 0.037672
vt 0.340353 0.720544
vt 0.349305 0.729535
vt 0.984207 0.153313
vt 0.967830 0.156105
vt 0.971250 0.140586
vt 0.983142 0.138752
vt 0.767825 0.029544
vt 0.627058 0.149661
vt 0.619613 0.150159
vt 0.622380 0.120520
vt 0.627395 0.121123
vt 0.377626 0.786474
vt 0.367901 0.782366
vt 0.370640 0.755320
vt 0.377626 0.756049
vt 0.196247 0.320267
vt 0.186331 0.321131
vt 0.190512 0.310183
vt 0.196247 0.310381
vt 0.650983 0.522765
vt 0.015799 0.545609
vt 0.023787 0.549729
vt 0.022520 0.569366
vt 0.015799 0.570900
vt 0.442822 0.405904
vt 0.456422 0.398545
vt 0.453084 0.410786
vt 0.442189 0.416028
vt 0.968536 0.648689
vt 0.960151 0.640792
vt 0.971189 0.635116
vt 0.981234 0.656476
vt 0.031349 0.196181
vt 0.044602 0.199235
vt 0.043331 0.213468
vt 0.032566 0.211958
vt 0.456422 0.422042
vt 0.452003 0.425201
vt 0.313697 0.924167
vt 0.313373 0.939411
vt 0.303197 0.942027
vt 0.303100 0.918586
vt 0.916904 0.279503
vt 0.919461 0.250985
vt 0.939606 0.251384
vt 0.939606 0.278392
vt 0.678993 0.535754
vt 0.663519 0.531970
vt 0.665213 0.525415
vt 0.683546 0.530051
vt 0.039238 0.229011
vt 0.031349 0.230441
vt 0.008920 0.322566
vt 0.008049 0.347892
vt 0.001222 0.346873
vt 0.002454 0.320946
vt 0.676607 0.564996
vt 0.674742 0.575204
vt 0.671032 0.570812
vt 0.674472 0.561083
vt 0.846565 0.043115
vt 0.842063 0.040737
vt 0.836460 0.020604
vt 0.845425 0.020003
vt 0.693398 0.418104
vt 0.694297 0.438582
vt 0.684115 0.438426
vt 0.684115 0.413482
vt 0.659080 0.547663
vt 0.929267 0.560493
vt 0.926158 0.553963
vt 0.930106 0.529028
vt 0.942070 0.531927
vt 0.673997 0.581307
vt 0.661249 0.580088
vt 0.937763 0.555209
vt 0.949010 0.532046
vt 0.507083 0.335469
vt 0.512380 0.303937
vt 0.518167 0.304011
vt 0.516999 0.333078
vt 0.001862 0.291625
vt 0.006676 0.290811
vt 0.520351 0.358261
vt 0.515657 0.358299
vt 0.004555 0.244976
vt 0.006286 0.259454
vt 0.001307 0.260481
vt 0.001222 0.245011
vt 0.515323 0.257177
vt 0.520122 0.257238
vt 0.520351 0.271898
vt 0.514108 0.271905
vt 0.117451 0.013380
vt 0.113698 0.013302
vt 0.113010 0.009289
vt 0.117451 0.008603
vt 0.315184 0.184925
vt 0.310962 0.185840
vt 0.308683 0.169975
vt 0.314395 0.169249
vt 0.894183 0.001653
vt 0.895004 0.016365
vt 0.889912 0.015238
vt 0.890464 0.001190
vt 0.030066 0.871768
vt 0.019259 0.870431
vt 0.172172 0.305699
vt 0.185840 0.305699
vt 0.183416 0.321014
vt 0.175830 0.321131
vt 0.019641 0.854785
vt 0.033770 0.850866
vt 0.940541 0.071946
vt 0.946859 0.076932
vt 0.041628 0.917278
vt 0.039277 0.932532
vt 0.031653 0.927887
vt 0.041260 0.901990
vt 0.304349 0.137772
vt 0.310222 0.136916
vt 0.895004 0.047563
vt 0.889261 0.046744
vt 0.299486 0.107876
vt 0.305648 0.107978
vt 0.894664 0.075823
vt 0.889831 0.075059
vt 0.298581 0.080057
vt 0.305506 0.081006
vt 0.624866 0.098822
vt 0.619613 0.098225
vt 0.854234 0.017721
vt 0.843414 0.002036
vt 0.854863 0.001484
vt 0.831526 0.001484
vt 0.965472 0.384445
vt 0.972313 0.385571
vt 0.692402 0.001888
vt 0.698464 0.008385
vt 0.698757 0.026761
vt 0.687438 0.026761
vt 0.629299 0.263429
vt 0.636315 0.258579
vt 0.636315 0.283963
vt 0.625827 0.282142
vt 0.172459 0.457909
vt 0.163332 0.457770
vt 0.161234 0.445159
vt 0.172459 0.447183
vt 0.669513 0.513646
vt 0.686864 0.522621
vt 0.973828 0.112584
vt 0.984207 0.112032
vt 0.106770 0.827117
vt 0.108530 0.849478
vt 0.091723 0.853376
vt 0.091723 0.826583
vt 0.098371 0.790756
vt 0.108497 0.790797
vt 0.096566 0.756543
vt 0.102328 0.754698
vt 0.409563 0.747355
vt 0.373265 0.752279
vt 0.367000 0.739014
vt 0.408060 0.737955
vt 0.683890 0.476820
vt 0.683890 0.514404
vt 0.672345 0.509746
vt 0.675354 0.475134
vt 0.324104 0.125231
vt 0.316383 0.127858
vt 0.964880 0.264636
vt 0.956099 0.261505
vt 0.419451 0.818518
vt 0.422228 0.838509
vt 0.408282 0.834602
vt 0.409159 0.818518
vt 0.648209 0.642681
vt 0.639514 0.643749
vt 0.801541 0.914331
vt 0.797975 0.884609
vt 0.805554 0.882960
vt 0.805801 0.908112
vt 0.849170 0.494539
vt 0.857850 0.497279
vt 0.110624 0.828819
vt 0.114534 0.800988
vt 0.125351 0.804808
vt 0.120967 0.833886
vt 0.121672 0.849999
vt 0.113130 0.865270
vt 0.296072 0.802409
vt 0.296933 0.779333
vt 0.307311 0.782983
vt 0.306204 0.804045
vt 0.119118 0.775082
vt 0.129344 0.776455
vt 0.809359 0.682121
vt 0.821136 0.682882
vt 0.405874 0.542652
vt 0.396503 0.541902
vt 0.952077 0.389694
vt 0.952077 0.355321
vt 0.958933 0.356739
vt 0.958610 0.391007
vt 0.501024 0.080283
vt 0.485669 0.080266
vt 0.041628 0.950920
vt 0.037752 0.951499
vt 0.709164 0.249769
vt 0.696094 0.249769
vt 0.697423 0.227236
vt 0.707263 0.229373
vt 0.850864 0.529372
vt 0.865270 0.518728
vt 0.835562 0.644858
vt 0.844456 0.646801
vt 0.838102 0.674970
vt 0.829352 0.652101
vt 0.852248 0.478810
vt 0.860566 0.479458
vt 0.567053 0.086230
vt 0.563581 0.058912
vt 0.573384 0.057770
vt 0.576847 0.085122
vt 0.831131 0.556897
vt 0.820791 0.554708
vt 0.821804 0.526505
vt 0.832805 0.527667
vt 0.820791 0.573873
vt 0.838509 0.567388
vt 0.808683 0.303439
vt 0.803848 0.311440
vt 0.052697 0.366730
vt 0.063929 0.371679
vt 0.988667 0.330051
vt 0.974665 0.329911
vt 0.979297 0.306720
vt 0.988667 0.294892
vt 0.468580 0.918792
vt 0.469986 0.889759
vt 0.478683 0.889724
vt 0.480210 0.915325
vt 0.050166 0.186238
vt 0.057305 0.183511
vt 0.044452 0.155322
vt 0.049072 0.153208
vt 0.936401 0.721169
vt 0.941629 0.723407
vt 0.978260 0.500879
vt 0.967717 0.515891
vt 0.944358 0.958933
vt 0.957446 0.958007
vt 0.737412 0.524042
vt 0.737200 0.485468
vt 0.892031 0.376019
vt 0.890311 0.413319
vt 0.874388 0.413633
vt 0.876886 0.371028
vt 0.892031 0.450476
vt 0.876642 0.443173
vt 0.537616 0.581099
vt 0.448868 0.571625
vt 0.221521 0.055009
vt 0.197559 0.055009
vt 0.924486 0.211060
vt 0.938668 0.210837
vt 0.466042 0.775870
vt 0.466829 0.799890
vt 0.458160 0.800178
vt 0.453311 0.777348
vt 0.695784 0.214231
vt 0.694866 0.235940
vt 0.455200 0.543704
vt 0.456774 0.531437
vt 0.683208 0.453779
vt 0.685764 0.461362
vt 0.592868 0.571462
vt 0.737412 0.448255
vt 0.732906 0.438747
vt 0.142351 0.694297
vt 0.131700 0.693984
vt 0.643844 0.460923
vt 0.636781 0.461422
vt 0.994614 0.502077
vt 0.976578 0.509944
vt 0.954473 0.268958
vt 0.942163 0.273556
vt 0.871217 0.220685
vt 0.865766 0.228955
vt 0.899464 0.706191
vt 0.883429 0.697059
vt 0.128359 0.929199
vt 0.117581 0.925389
vt 0.015702 0.829526
vt 0.025676 0.826377
vt 0.907095 0.074336
vt 0.899231 0.073992
vt 0.900431 0.050205
vt 0.911358 0.049751
vt 0.367639 0.092510
vt 0.368706 0.115372
vt 0.358423 0.115964
vt 0.356812 0.093049
vt 0.960593 0.972699
vt 0.972313 0.973800
vt 0.456422 0.221521
vt 0.447776 0.218636
vt 0.951069 0.062096
vt 0.958665 0.063298
vt 0.953257 0.000936
vt 0.946225 0.001069
vt 0.071178 0.184582
vt 0.066985 0.187548
vt 0.777553 0.499537
vt 0.768084 0.498507
vt 0.770114 0.479223
vt 0.777553 0.478511
vt 0.898338 0.725974
vt 0.902438 0.761237
vt 0.892863 0.780527
vt 0.894174 0.731298
vt 0.892863 0.707577
vt 0.896644 0.707032
vt 0.556188 0.049342
vt 0.548218 0.049404
vt 0.594859 0.052674
vt 0.584969 0.051874
vt 0.323820 0.763062
vt 0.314890 0.761640
vt 0.033569 0.616167
vt 0.023587 0.616119
vt 0.246793 0.163775
vt 0.249423 0.198132
vt 0.237795 0.199659
vt 0.237745 0.165144
vt 0.249769 0.230067
vt 0.237125 0.230441
vt 0.592673 0.085422
vt 0.579925 0.084816
vt 0.858313 0.189808
vt 0.847860 0.190789
vt 0.313709 0.254523
vt 0.312831 0.247783
vt 0.319644 0.247783
vt 0.319204 0.255715
vt 0.789044 0.220325
vt 0.778663 0.219424
vt 0.147185 0.883666
vt 0.137572 0.883078
vt 0.902465 0.702703
vt 0.913215 0.701919
vt 0.915818 0.729978
vt 0.903896 0.729340
vt 0.784088 0.249350
vt 0.771720 0.248222
vt 0.147178 0.764655
vt 0.159079 0.765823
vt 0.159079 0.795394
vt 0.147479 0.791482
vt 0.623414 0.462235
vt 0.624439 0.440305
vt 0.620188 0.413146
vt 0.228568 0.502185
vt 0.224451 0.522230
vt 0.213942 0.523325
vt 0.216515 0.500952
vt 0.251383 0.930093
vt 0.260176 0.924506
vt 0.434136 0.911429
vt 0.447502 0.919638
vt 0.305665 0.321131
vt 0.305508 0.309590
vt 0.316671 0.313785
vt 0.315814 0.321131
vt 0.963600 0.866255
vt 0.963600 0.888114
vt 0.958496 0.218547
vt 0.467121 0.611792
vt 0.312211 0.257484
vt 0.300498 0.267609
vt 0.300498 0.251576
vt 0.310600 0.246337
vt 0.600634 0.152928
vt 0.588383 0.154656
vt 0.862296 0.228534
vt 0.846273 0.231928
vt 0.848199 0.213133
vt 0.861419 0.212157
vt 0.863120 0.031221
vt 0.856450 0.007072
vt 0.865531 0.001578
vt 0.879913 0.002937
vt 0.038266 0.876920
vt 0.048613 0.878286
vt 0.838695 0.770120
vt 0.847429 0.766085
vt 0.160080 0.670911
vt 0.173028 0.676457
vt 0.046316 0.861005
vt 0.057982 0.856857
vt 0.285450 0.413308
vt 0.276643 0.411822
vt 0.118225 0.933609
vt 0.127916 0.931701
vt 0.934615 0.427678
vt 0.946730 0.439404
vt 0.046204 0.889973
vt 0.051999 0.880948
vt 0.340458 0.814721
vt 0.327756 0.814172
vt 0.327756 0.790771
vt 0.335428 0.792714
vt 0.545858 0.147015
vt 0.129268 0.847158
vt 0.129344 0.856280
vt 0.229796 0.715135
vt 0.227302 0.728486
vt 0.750300 0.489839
vt 0.762646 0.484819
vt 0.750031 0.447831
vt 0.758512 0.447789
vt 0.019327 0.606590
vt 0.005324 0.608773
vt 0.002487 0.567258
vt 0.012252 0.566443
vt 0.001010 0.533406
vt 0.006438 0.534793
vt 0.781523 0.389024
vt 0.784987 0.430713
vt 0.774187 0.427997
vt 0.771537 0.391873
vt 0.262505 0.736889
vt 0.264838 0.726907
vt 0.782467 0.477236
vt 0.764407 0.469245
vt 0.671996 0.975287
vt 0.662689 0.974190
vt 0.751012 0.696315
vt 0.758535 0.698795
vt 0.759713 0.718132
vt 0.751012 0.719571
vt 0.985162 0.388746
vt 0.974102 0.407302
vt 0.974102 0.388920
vt 0.991641 0.389093
vt 0.092958 0.227402
vt 0.090098 0.217348
vt 0.101097 0.218809
vt 0.101097 0.231928
vt 0.960151 0.669754
vt 0.964577 0.683890
vt 0.001189 0.850403
vt 0.003413 0.823275
vt 0.013657 0.821852
vt 0.011297 0.848305
vt 0.870978 0.191787
vt 0.873403 0.168148
vt 0.884747 0.167572
vt 0.886084 0.191787
vt 0.289068 0.029745
vt 0.301804 0.027586
vt 0.297069 0.055339
vt 0.289068 0.056495
vt 0.004273 0.795059
vt 0.014867 0.794447
vt 0.972842 0.956931
vt 0.982720 0.957446
vt 0.393980 0.372510
vt 0.384626 0.373166
vt 0.386716 0.351971
vt 0.393980 0.351782
vt 0.337979 0.112991
vt 0.337979 0.091303
vt 0.342658 0.093732
vt 0.346405 0.105784
vt 0.421503 0.534660
vt 0.361314 0.001507
vt 0.367877 0.014475
vt 0.368706 0.026444
vt 0.361314 0.031221
vt 0.453311 0.817695
vt 0.462920 0.816933
vt 0.102584 0.306264
vt 0.089694 0.292725
vt 0.102584 0.291921
vt 0.102282 0.301059
vt 0.346271 0.037275
vt 0.355326 0.056780
vt 0.354258 0.065416
vt 0.346271 0.060979
vt 0.214087 0.282091
vt 0.211084 0.282476
vt 0.211084 0.274447
vt 0.213916 0.276221
vt 0.206515 0.603263
vt 0.224494 0.619686
vt 0.223994 0.628882
vt 0.206515 0.627435
vt 0.429355 0.399057
vt 0.111504 0.233476
vt 0.095238 0.235423
vt 0.055686 0.243822
vt 0.044452 0.236767
vt 0.409695 0.535022
vt 0.544263 0.350790
vt 0.545312 0.343616
vt 0.551572 0.342881
vt 0.551572 0.361272
vt 0.962967 0.834551
vt 0.966367 0.848973
vt 0.183921 0.904966
vt 0.208140 0.879187
vt 0.809076 0.136778
vt 0.068967 0.056504
vt 0.069876 0.064028
vt 0.062965 0.068389
vt 0.062965 0.055698
vt 0.145528 0.910800
vt 0.133663 0.912845
vt 0.700244 0.518646
vt 0.700244 0.540112
vt 0.687261 0.541165
vt 0.690173 0.518239
vt 0.955952 0.334277
vt 0.958403 0.339424
vt 0.798977 0.871302
vt 0.805801 0.864824
vt 0.828837 0.633721
vt 0.834413 0.635636
vt 0.832228 0.634916
vt 0.082171 0.001364
vt 0.084743 0.003083
vt 0.084743 0.017841
vt 0.078577 0.010412
vt 0.255715 0.396664
vt 0.251467 0.405874
vt 0.251467 0.393326
vt 0.251671 0.389232
vt 0.298830 0.416281
vt 0.291905 0.412142
vt 0.292857 0.404034
vt 0.298830 0.402110
vt 0.414898 0.784987
vt 0.409321 0.784810
vt 0.028035 0.308045
vt 0.037485 0.319760
vt 0.945739 0.058957
vt 0.947039 0.063388
vt 0.506427 0.941802
vt 0.502644 0.945949
vt 0.499566 0.929173
vt 0.506887 0.928200
vt 0.514394 0.929217
vt 0.510390 0.945934
vt 0.096182 0.711447
vt 0.094997 0.716988
vt 0.088030 0.716700
vt 0.090491 0.710002
vt 0.932151 0.597524
vt 0.938854 0.594799
vt 0.937297 0.613808
vt 0.928882 0.612003
vt 0.921416 0.607393
vt 0.930287 0.590402
vt 0.938855 0.585861
vt 0.089233 0.003828
vt 0.093539 0.002010
vt 0.094620 0.007624
vt 0.089074 0.008513
vt 0.068190 0.021660
vt 0.069773 0.015066
vt 0.074336 0.016008
vt 0.071009 0.023788
vt 0.063620 0.022559
vt 0.063540 0.014388
vt 0.929199 0.585845
vt 0.925919 0.590117
vt 0.921415 0.587913
vt 0.926300 0.582335
vt 0.081647 0.022320
vt 0.077324 0.023788
vt 0.077324 0.017993
vt 0.081770 0.017912
vt 0.082889 0.725874
vt 0.081781 0.721549
vt 0.087774 0.722200
vt 0.087581 0.727563
vt 0.918865 0.978117
vt 0.911220 0.975800
vt 0.913040 0.967600
vt 0.923397 0.973884
vt 0.920063 0.985023
vt 0.910607 0.984915
vt 0.927589 0.983828
vt 0.540450 0.026898
vt 0.539384 0.018582
vt 0.549914 0.018467
vt 0.548605 0.028890
vt 0.546270 0.037363
vt 0.535773 0.031901
vt 0.530995 0.020624
vt 0.720008 0.012046
vt 0.732716 0.003325
vt 0.739423 0.039451
vt 0.721187 0.041416
vt 0.700696 0.043415
vt 0.707372 0.003859
vt 0.367969 0.889260
vt 0.362199 0.875431
vt 0.380836 0.863856
vt 0.381709 0.884275
vt 0.109400 0.886142
vt 0.114477 0.905317
vt 0.092905 0.916640
vt 0.091468 0.887048
vt 0.771193 0.643488
vt 0.753903 0.652232
vt 0.749017 0.607440
vt 0.774347 0.612330
vt 0.795574 0.615999
vt 0.786460 0.654156
vt 0.315189 0.882214
vt 0.339883 0.870006
vt 0.349379 0.888465
vt 0.318866 0.901797
vt 0.315791 0.864605
vt 0.335943 0.857684
vt 0.811206 0.930685
vt 0.789024 0.918339
vt 0.792917 0.914583
vt 0.812328 0.920383
vt 0.288844 0.905066
vt 0.290715 0.893288
vt 0.822213 0.918152
vt 0.826615 0.922923
vt 0.277149 0.798044
vt 0.290017 0.813258
vt 0.287981 0.817419
vt 0.269776 0.801724
vt 0.531403 0.407199
vt 0.549024 0.400548
vt 0.553786 0.417825
vt 0.540388 0.419406
vt 0.723319 0.152870
vt 0.736503 0.123888
vt 0.747927 0.124976
vt 0.741499 0.154619
vt 0.517124 0.435015
vt 0.510667 0.432748
vt 0.283314 0.915818
vt 0.320932 0.915818
vt 0.767727 0.930635
vt 0.767727 0.894548
vt 0.774263 0.893734
vt 0.778764 0.925574
vt 0.692076 0.356590
vt 0.705806 0.386779
vt 0.699393 0.388868
vt 0.683821 0.373380
vt 0.701103 0.353663
vt 0.714366 0.383247
vt 0.669680 0.367842
vt 0.675132 0.345543
vt 0.340153 0.034738
vt 0.341945 0.043115
vt 0.333911 0.043096
vt 0.333911 0.035239
vt 0.291556 0.863886
vt 0.296776 0.853293
vt 0.302823 0.859309
vt 0.297592 0.869822
vt 0.319644 0.141238
vt 0.313638 0.139559
vt 0.312441 0.130847
vt 0.319644 0.129569
vt 0.292883 0.786685
vt 0.285170 0.789844
vt 0.283001 0.783448
vt 0.290162 0.778158
vt 0.272609 0.782680
vt 0.279219 0.769411
vt 0.277070 0.790440
vt 0.308795 0.865460
vt 0.313266 0.853243
vt 0.308043 0.875898
vt 0.511030 0.536133
vt 0.503435 0.557012
vt 0.490771 0.552698
vt 0.497544 0.530673
vt 0.519160 0.528914
vt 0.534635 0.546960
vt 0.530582 0.554395
vt 0.525870 0.563664
vt 0.108291 0.649492
vt 0.109287 0.638520
vt 0.133662 0.638608
vt 0.136053 0.646633
vt 0.119772 0.668759
vt 0.104586 0.677943
vt 0.090748 0.659034
vt 0.139012 0.655387
vt 0.774259 0.658211
vt 0.783500 0.654419
vt 0.782883 0.672929
vt 0.771070 0.669873
vt 0.757549 0.665199
vt 0.765310 0.654306
vt 0.854986 0.579812
vt 0.858650 0.589252
vt 0.848075 0.589705
vt 0.845676 0.576189
vt 0.278832 0.701444
vt 0.273963 0.708817
vt 0.265382 0.696082
vt 0.274579 0.691664
vt 0.291981 0.689469
vt 0.292121 0.702158
vt 0.292570 0.713676
vt 0.315884 0.699719
vt 0.316223 0.708389
vt 0.317234 0.713595
vt 0.292817 0.722545
vt 0.269780 0.716965
vt 0.952986 0.124306
vt 0.952986 0.144212
vt 0.944005 0.141838
vt 0.944571 0.125629
vt 0.515891 0.787070
vt 0.504772 0.807819
vt 0.499753 0.801270
vt 0.509239 0.784981
vt 0.503255 0.770564
vt 0.508816 0.768540
vt 0.413308 0.760467
vt 0.400786 0.782346
vt 0.392903 0.778156
vt 0.405157 0.755262
vt 0.486294 0.754624
vt 0.490653 0.751186
vt 0.469059 0.733755
vt 0.474033 0.729891
vt 0.855419 0.611789
vt 0.864288 0.611632
vt 0.862599 0.641424
vt 0.854921 0.639239
vt 0.852386 0.664160
vt 0.845676 0.661286
vt 0.874190 0.612105
vt 0.870763 0.643938
vt 0.859135 0.667536
vt 0.555376 0.573873
vt 0.560200 0.566367
vt 0.508670 0.903885
vt 0.517345 0.902811
vt 0.564489 0.559114
vt 0.525702 0.902990
vt 0.521333 0.931472
vt 0.515502 0.947977
vt 0.535218 0.903453
vt 0.528105 0.934492
vt 0.520826 0.950516
vt 0.096637 0.728492
vt 0.095897 0.722515
vt 0.920984 0.598633
vt 0.917358 0.616177
vt 0.911640 0.616308
vt 0.916490 0.597311
vt 0.952647 0.594945
vt 0.952986 0.614578
vt 0.945601 0.614649
vt 0.946307 0.594658
vt 0.946809 0.584825
vt 0.952986 0.584856
vt 0.088613 0.014867
vt 0.095150 0.014867
vt 0.057280 0.021599
vt 0.056976 0.013697
vt 0.947765 0.648209
vt 0.940114 0.647560
vt 0.930829 0.644926
vt 0.077685 0.608294
vt 0.082798 0.601186
vt 0.111799 0.621517
vt 0.110076 0.628805
vt 0.072481 0.616582
vt 0.043038 0.605439
vt 0.045823 0.597499
vt 0.067536 0.626105
vt 0.039198 0.614075
vt 0.061456 0.634052
vt 0.035870 0.621698
vt 0.391233 0.838959
vt 0.401539 0.855904
vt 0.394892 0.856349
vt 0.383581 0.841182
vt 0.381048 0.810158
vt 0.389485 0.809660
vt 0.398921 0.836250
vt 0.408522 0.854075
vt 0.068817 0.001644
vt 0.061676 0.002789
vt 0.404882 0.833355
vt 0.413308 0.850574
vt 0.074336 0.002343
vt 0.490250 0.950836
vt 0.486650 0.930952
vt 0.493000 0.930698
vt 0.496507 0.948383
vt 0.503016 0.956410
vt 0.499093 0.961538
vt 0.508403 0.959528
vt 0.506807 0.964880
vt 0.081781 0.715290
vt 0.084941 0.705630
vt 0.397385 0.809648
vt 0.486650 0.907277
vt 0.493095 0.908799
vt 0.383459 0.771951
vt 0.055199 0.004286
vt 0.813235 0.813235
vt 0.805069 0.810530
vt 0.807160 0.794008
vt 0.813235 0.793140
vt 0.131715 0.629876
vt 0.129680 0.624382
vt 0.154179 0.608861
vt 0.159096 0.617963
vt 0.163799 0.627812
vt 0.193452 0.605635
vt 0.197793 0.614742
vt 0.202194 0.624900
vt 0.168103 0.639353
vt 0.347255 0.681455
vt 0.384316 0.686297
vt 0.382971 0.700641
vt 0.344594 0.693749
vt 0.170314 0.649820
vt 0.381955 0.711737
vt 0.341822 0.703832
vt 0.316174 0.691047
vt 0.380500 0.722545
vt 0.339186 0.713385
vt 0.469808 0.741122
vt 0.481697 0.777412
vt 0.473729 0.777942
vt 0.462626 0.743694
vt 0.600700 0.014799
vt 0.608068 0.017620
vt 0.606297 0.039042
vt 0.600700 0.040141
vt 0.778564 0.721254
vt 0.783500 0.760965
vt 0.773441 0.760381
vt 0.771715 0.723914
vt 0.475129 0.844456
vt 0.469059 0.843774
vt 0.480363 0.817400
vt 0.483923 0.822291
vt 0.773977 0.696903
vt 0.761146 0.725863
vt 0.763943 0.691779
vt 0.763530 0.760073
vt 0.750929 0.760145
vt 0.749600 0.727093
vt 0.490536 0.495385
vt 0.501915 0.493931
vt 0.497908 0.460644
vt 0.508472 0.460124
vt 0.512277 0.492975
vt 0.517990 0.458870
vt 0.522606 0.491535
vt 0.525810 0.523445
vt 0.539002 0.539634
vt 0.531576 0.490371
vt 0.530076 0.520338
vt 0.541569 0.533823
vt 0.572386 0.544605
vt 0.568430 0.550521
vt 0.802828 0.137869
vt 0.800983 0.155468
vt 0.796909 0.156105
vt 0.796909 0.137202
vt 0.742622 0.446825
vt 0.747819 0.446645
vt 0.747819 0.478723
vt 0.739740 0.477766
vt 0.248282 0.376187
vt 0.248282 0.405822
vt 0.240323 0.405874
vt 0.244164 0.376904
vt 0.526281 0.457325
vt 0.749306 0.498477
vt 0.745843 0.527935
vt 0.740282 0.529272
vt 0.740282 0.497067
vt 0.055825 0.027405
vt 0.060955 0.029388
vt 0.056791 0.048280
vt 0.051788 0.048125
vt 0.692670 0.412535
vt 0.693705 0.390739
vt 0.701180 0.416827
vt 0.188379 0.597499
vt 0.060955 0.059948
vt 0.054071 0.062442
vt 0.718787 0.949631
vt 0.711897 0.963862
vt 0.704288 0.962116
vt 0.714707 0.944049
vt 0.718467 0.964541
vt 0.719571 0.977402
vt 0.710324 0.977085
vt 0.699901 0.976757
vt 0.719571 0.984818
vt 0.708426 0.986775
vt 0.698072 0.987181
vt 0.438271 0.135688
vt 0.438271 0.124966
vt 0.445751 0.131597
vt 0.446015 0.138265
vt 0.298870 0.007894
vt 0.303379 0.001960
vt 0.321502 0.013973
vt 0.316620 0.021369
vt 0.659929 0.363569
vt 0.664926 0.339368
vt 0.358548 0.034385
vt 0.356176 0.039521
vt 0.682283 0.298920
vt 0.690058 0.302469
vt 0.695879 0.260603
vt 0.704500 0.261940
vt 0.713415 0.264139
vt 0.701347 0.308071
vt 0.722545 0.267744
vt 0.708019 0.310358
vt 0.793718 0.517405
vt 0.797903 0.565256
vt 0.781342 0.563633
vt 0.777534 0.520045
vt 0.251308 0.846306
vt 0.255356 0.831908
vt 0.288319 0.836185
vt 0.292883 0.847429
vt 0.921254 0.354881
vt 0.926560 0.324799
vt 0.935145 0.326457
vt 0.932127 0.358299
vt 0.262759 0.816303
vt 0.287208 0.825845
vt 0.911546 0.351184
vt 0.917903 0.324274
vt 0.915168 0.286455
vt 0.925987 0.287531
vt 0.903452 0.348576
vt 0.908465 0.324707
vt 0.903452 0.287319
vt 0.476935 0.816494
vt 0.466459 0.838509
vt 0.462626 0.835455
vt 0.470016 0.814617
vt 0.790483 0.892957
vt 0.782884 0.893329
vt 0.787650 0.859438
vt 0.797231 0.858536
vt 0.778007 0.859845
vt 0.221334 0.808267
vt 0.240843 0.794508
vt 0.250230 0.780981
vt 0.760153 0.558672
vt 0.738022 0.606277
vt 0.744631 0.560686
vt 0.741529 0.653318
vt 0.084826 0.844463
vt 0.077489 0.884998
vt 0.067650 0.884259
vt 0.074904 0.843157
vt 0.729454 0.606945
vt 0.733215 0.564732
vt 0.058154 0.884423
vt 0.064994 0.842186
vt 0.233070 0.740629
vt 0.241296 0.734881
vt 0.259719 0.760682
vt 0.254481 0.769469
vt 0.473912 0.405308
vt 0.481697 0.442538
vt 0.474055 0.443015
vt 0.469025 0.408509
vt 0.456603 0.389968
vt 0.462239 0.384715
vt 0.448839 0.376549
vt 0.454313 0.372251
vt 0.309526 0.844901
vt 0.330571 0.840148
vt 0.332319 0.847771
vt 0.681820 0.081830
vt 0.674032 0.080016
vt 0.673355 0.045146
vt 0.680955 0.043779
vt 0.689777 0.044022
vt 0.691739 0.083792
vt 0.909334 0.773148
vt 0.919068 0.771878
vt 0.921432 0.813475
vt 0.912210 0.814337
vt 0.899484 0.815013
vt 0.898045 0.775899
vt 0.703725 0.086802
vt 0.919562 0.840209
vt 0.909967 0.839040
vt 0.898045 0.836360
vt 0.897770 0.983399
vt 0.897818 0.973780
vt 0.910620 0.997794
vt 0.897940 0.995375
vt 0.393541 0.860994
vt 0.394067 0.885694
vt 0.920854 0.998629
vt 0.403657 0.858845
vt 0.403619 0.887755
vt 0.396363 0.927510
vt 0.388056 0.925768
vt 0.411821 0.856451
vt 0.411821 0.890293
vt 0.404435 0.929199
vt 0.767146 0.039835
vt 0.767146 0.084706
vt 0.759146 0.084742
vt 0.759070 0.039962
vt 0.442371 0.026226
vt 0.473613 0.001960
vt 0.478723 0.005736
vt 0.445546 0.032071
vt 0.400271 0.044602
vt 0.399357 0.039711
vt 0.581054 0.772814
vt 0.571777 0.732346
vt 0.581083 0.729642
vt 0.589844 0.771107
vt 0.593546 0.808394
vt 0.584765 0.808774
vt 0.591199 0.727489
vt 0.598477 0.768582
vt 0.814721 0.614050
vt 0.806897 0.614882
vt 0.806943 0.565696
vt 0.814721 0.565746
vt 0.606027 0.725892
vt 0.609554 0.764124
vt 0.579362 0.696227
vt 0.590624 0.697230
vt 0.607295 0.699877
vt 0.564953 0.020711
vt 0.564015 0.031957
vt 0.592836 0.682430
vt 0.609554 0.686287
vt 0.077741 0.918678
vt 0.549809 0.002208
vt 0.539251 0.002208
vt 0.067126 0.918792
vt 0.529796 0.004108
vt 0.058154 0.918190
vt 0.462593 0.514884
vt 0.451288 0.523325
vt 0.448839 0.517736
vt 0.458475 0.510070
vt 0.471548 0.487436
vt 0.476368 0.488665
vt 0.930685 0.812468
vt 0.928576 0.841482
vt 0.927544 0.769516
vt 0.897770 0.964738
vt 0.569921 0.695865
vt 0.561510 0.041628
vt 0.746332 0.722741
vt 0.745634 0.756739
vt 0.739218 0.755320
vt 0.740392 0.722825
vt 0.739218 0.706579
vt 0.744976 0.705175
vt 0.756576 0.123897
vt 0.750871 0.085187
vt 0.750999 0.039838
vt 0.764627 0.123522
vt 0.740764 0.086765
vt 0.721398 0.120777
vt 0.723547 0.087972
vt 0.547020 0.371776
vt 0.559599 0.398478
vt 0.538312 0.374513
vt 0.554766 0.368738
vt 0.568427 0.396843
vt 0.563351 0.417276
vt 0.571354 0.415917
vt 0.563921 0.427713
vt 0.554791 0.428606
vt 0.572386 0.423105
vt 0.542020 0.428328
vt 0.562074 0.436783
vt 0.554700 0.436565
vt 0.541835 0.434910
vt 0.523231 0.437339
vt 0.528484 0.438825
vt 0.929199 0.999074
vt 0.377752 0.922086
vt 0.417768 0.700694
vt 0.417337 0.690803
vt 0.759795 0.790934
vt 0.752719 0.789980
vt 0.722545 0.419229
vt 0.710953 0.419254
vt 0.923204 0.652669
vt 0.929199 0.647773
vt 0.870848 0.589456
vt 0.396005 0.751050
vt 0.139254 0.347478
vt 0.147185 0.347387
vt 0.147185 0.358299
vt 0.138744 0.355998
vt 0.750476 0.534289
vt 0.731945 0.541479
vt 0.167813 0.298485
vt 0.169486 0.309733
vt 0.163471 0.310574
vt 0.161942 0.299359
vt 0.167776 0.321131
vt 0.161942 0.321091
vt 0.237224 0.248282
vt 0.237224 0.238191
vt 0.245086 0.233657
vt 0.245308 0.242449
vt 0.837779 0.136785
vt 0.841482 0.146859
vt 0.835372 0.148642
vt 0.832027 0.135257
vt 0.203941 0.289706
vt 0.209040 0.285993
vt 0.209627 0.300317
vt 0.202907 0.300317
vt 0.237875 0.234193
vt 0.234315 0.238131
vt 0.227186 0.234494
vt 0.233375 0.229700
vt 0.914858 0.442258
vt 0.912852 0.434737
vt 0.920023 0.429955
vt 0.920398 0.441992
vt 0.758883 0.276074
vt 0.758694 0.257952
vt 0.765380 0.259996
vt 0.764707 0.281218
vt 0.754586 0.278652
vt 0.748457 0.252358
vt 0.229924 0.248137
vt 0.224100 0.248561
vt 0.224248 0.240659
vt 0.231270 0.242974
vt 0.821718 0.138868
vt 0.826238 0.135711
vt 0.828951 0.149524
vt 0.822695 0.150409
vt 0.237875 0.254736
vt 0.232009 0.258689
vt 0.759804 0.295006
vt 0.759566 0.300317
vt 0.752177 0.297304
vt 0.754930 0.292232
vt 0.001436 0.087637
vt 0.001649 0.082702
vt 0.005947 0.080784
vt 0.005947 0.087716
vt 0.928576 0.423713
vt 0.931363 0.428567
vt 0.925406 0.429386
vt 0.923754 0.422652
vt 0.749341 0.222811
vt 0.751152 0.194957
vt 0.759125 0.196017
vt 0.757295 0.229639
vt 0.736866 0.231558
vt 0.765688 0.230889
vt 0.911750 0.468116
vt 0.925719 0.440999
vt 0.921227 0.465501
vt 0.922864 0.493590
vt 0.910897 0.492097
vt 0.864860 0.277061
vt 0.856220 0.271331
vt 0.857411 0.256464
vt 0.868243 0.265778
vt 0.868125 0.301975
vt 0.857209 0.304647
vt 0.727908 0.645626
vt 0.719369 0.653248
vt 0.719384 0.621021
vt 0.731465 0.621577
vt 0.636675 0.162341
vt 0.636084 0.136442
vt 0.651205 0.135923
vt 0.647077 0.167999
vt 0.669332 0.803354
vt 0.665937 0.791558
vt 0.680876 0.781671
vt 0.681193 0.798478
vt 0.675648 0.836460
vt 0.660104 0.831829
vt 0.333833 0.414890
vt 0.334512 0.421496
vt 0.327632 0.421224
vt 0.327427 0.414511
vt 0.152872 0.313545
vt 0.159079 0.309922
vt 0.159079 0.318098
vt 0.151065 0.319644
vt 0.987181 0.230429
vt 0.980706 0.230441
vt 0.979735 0.223833
vt 0.986756 0.223122
vt 0.823741 0.036688
vt 0.817449 0.038655
vt 0.817363 0.030323
vt 0.826007 0.030395
vt 0.817610 0.019665
vt 0.826615 0.019597
vt 0.806425 0.038144
vt 0.806909 0.029769
vt 0.807712 0.020422
vt 0.690104 0.780058
vt 0.689241 0.799867
vt 0.698757 0.780517
vt 0.697862 0.801511
vt 0.694794 0.837607
vt 0.685658 0.837871
vt 0.137156 0.342656
vt 0.119081 0.333957
vt 0.122893 0.328397
vt 0.139745 0.335866
vt 0.173213 0.339178
vt 0.173625 0.344919
vt 0.215015 0.331702
vt 0.216330 0.340828
vt 0.841882 0.304618
vt 0.840424 0.271321
vt 0.848289 0.270958
vt 0.848243 0.304193
vt 0.719379 0.157186
vt 0.725838 0.158867
vt 0.710955 0.197633
vt 0.701272 0.196573
vt 0.719508 0.239593
vt 0.712499 0.242814
vt 0.842197 0.343432
vt 0.853503 0.343328
vt 0.719940 0.197224
vt 0.726352 0.235561
vt 0.868008 0.341558
vt 0.732414 0.196001
vt 0.743436 0.158357
vt 0.757630 0.157499
vt 0.811002 0.204858
vt 0.820574 0.175217
vt 0.826284 0.174725
vt 0.818684 0.208576
vt 0.261662 0.328397
vt 0.260244 0.336728
vt 0.735882 0.263349
vt 0.732696 0.266590
vt 0.746202 0.283527
vt 0.742167 0.286626
vt 0.927671 0.465017
vt 0.932172 0.493059
vt 0.932172 0.441264
vt 0.833199 0.174519
vt 0.828346 0.210761
vt 0.823314 0.248585
vt 0.811872 0.249769
vt 0.841482 0.212238
vt 0.839136 0.245814
vt 0.687356 0.879836
vt 0.671306 0.878595
vt 0.698757 0.880137
vt 0.614116 0.094249
vt 0.619771 0.056626
vt 0.636263 0.059429
vt 0.634058 0.096421
vt 0.651197 0.872972
vt 0.648771 0.059584
vt 0.647480 0.096229
vt 0.657255 0.059092
vt 0.654940 0.095376
vt 0.660103 0.132757
vt 0.053239 0.286353
vt 0.094786 0.281102
vt 0.093800 0.287266
vt 0.055838 0.292824
vt 0.015312 0.304345
vt 0.014934 0.296426
vt 0.656655 0.166280
vt 0.817044 0.001087
vt 0.826305 0.001729
vt 0.806425 0.003764
vt 0.056779 0.297138
vt 0.018022 0.309237
vt 0.981821 0.195037
vt 0.987181 0.197453
vt 0.985791 0.213568
vt 0.979297 0.213112
vt 0.706440 0.675511
vt 0.700275 0.657856
vt 0.708207 0.656203
vt 0.714400 0.671851
vt 0.718112 0.679773
vt 0.710489 0.683890
vt 0.722861 0.666932
vt 0.316671 0.279578
vt 0.316505 0.288762
vt 0.307538 0.289910
vt 0.307538 0.280605
vt 0.848537 0.253440
vt 0.840424 0.251458
vt 0.842817 0.241680
vt 0.850816 0.244556
vt 0.708286 0.619504
vt 0.700275 0.617071
vt 0.713910 0.581526
vt 0.721670 0.582051
vt 0.704447 0.581568
vt 0.768553 0.197125
vt 0.407170 0.981188
vt 0.407170 0.944326
vt 0.412326 0.944401
vt 0.413308 0.981234
vt 0.773093 0.195379
vt 0.773093 0.231217
vt 0.129198 0.293898
vt 0.130732 0.286953
vt 0.157592 0.304723
vt 0.155044 0.309237
vt 0.898314 0.453129
vt 0.907178 0.432040
vt 0.901994 0.452689
vt 0.652156 0.609783
vt 0.647942 0.581104
vt 0.657368 0.578708
vt 0.658616 0.609306
vt 0.652749 0.630179
vt 0.647942 0.630368
vt 0.650865 0.027099
vt 0.643827 0.025443
vt 0.653308 0.002131
vt 0.660103 0.003968
vt 0.636988 0.023294
vt 0.646756 0.001033
vt 0.839922 0.173953
vt 0.916568 0.423818
vt 0.362759 0.168482
vt 0.356924 0.169486
vt 0.356258 0.155308
vt 0.362109 0.156014
vt 0.358046 0.148020
vt 0.362759 0.149973
vt 0.816612 0.151855
vt 0.333993 0.432468
vt 0.327427 0.432635
vt 0.037457 0.811847
vt 0.021931 0.817829
vt 0.021931 0.777891
vt 0.037882 0.781594
vt 0.064048 0.789014
vt 0.053582 0.827270
vt 0.194515 0.860634
vt 0.202194 0.881570
vt 0.178603 0.889002
vt 0.176727 0.859605
vt 0.864043 0.683545
vt 0.863362 0.695398
vt 0.854204 0.695108
vt 0.858168 0.678523
vt 0.871940 0.681333
vt 0.873154 0.695529
vt 0.484088 0.530215
vt 0.477068 0.531104
vt 0.477246 0.517211
vt 0.486157 0.521460
vt 0.868837 0.869180
vt 0.869867 0.863087
vt 0.880435 0.864440
vt 0.875683 0.873956
vt 0.859196 0.871758
vt 0.858299 0.864338
vt 0.861029 0.879439
vt 0.632346 0.863503
vt 0.619962 0.876679
vt 0.605083 0.845913
vt 0.627510 0.839926
vt 0.839167 0.832830
vt 0.825795 0.814051
vt 0.841977 0.800572
vt 0.854997 0.829814
vt 0.858138 0.854140
vt 0.835888 0.850185
vt 0.093456 0.859524
vt 0.094867 0.867345
vt 0.083844 0.866363
vt 0.084720 0.856978
vt 0.099591 0.854667
vt 0.103925 0.865613
vt 0.254772 0.217424
vt 0.254235 0.207877
vt 0.262651 0.207129
vt 0.263149 0.220034
vt 0.607977 0.596043
vt 0.613598 0.592506
vt 0.614443 0.603698
vt 0.606336 0.605117
vt 0.776345 0.320755
vt 0.768798 0.318101
vt 0.775648 0.308139
vt 0.780527 0.317093
vt 0.776299 0.329945
vt 0.769686 0.331671
vt 0.258368 0.872866
vt 0.267988 0.888109
vt 0.244809 0.903043
vt 0.241360 0.876933
vt 0.620932 0.817675
vt 0.632601 0.805887
vt 0.646722 0.834683
vt 0.602954 0.812887
vt 0.063811 0.758547
vt 0.048396 0.746822
vt 0.080797 0.753192
vt 0.082871 0.793723
vt 0.860163 0.231842
vt 0.880259 0.232997
vt 0.879991 0.261957
vt 0.853407 0.248550
vt 0.839778 0.401248
vt 0.852883 0.398597
vt 0.854759 0.433213
vt 0.842583 0.432718
vt 0.896721 0.232060
vt 0.896263 0.265476
vt 0.894451 0.280770
vt 0.877390 0.274309
vt 0.853258 0.381630
vt 0.864622 0.380763
vt 0.862559 0.398341
vt 0.906671 0.265948
vt 0.905299 0.282476
vt 0.083151 0.876934
vt 0.094137 0.878650
vt 0.906505 0.231547
vt 0.915818 0.231229
vt 0.915818 0.265614
vt 0.914650 0.282447
vt 0.322531 0.046543
vt 0.334263 0.074918
vt 0.327342 0.077008
vt 0.316689 0.050603
vt 0.256109 0.190800
vt 0.263149 0.191664
vt 0.213487 0.910026
vt 0.212551 0.878422
vt 0.221107 0.878237
vt 0.222300 0.908398
vt 0.223404 0.920946
vt 0.213594 0.924626
vt 0.622598 0.591464
vt 0.610565 0.583663
vt 0.622935 0.581475
vt 0.233264 0.906532
vt 0.234385 0.918022
vt 0.622497 0.602604
vt 0.248133 0.912463
vt 0.622935 0.616690
vt 0.614952 0.618872
vt 0.251225 0.918746
vt 0.273228 0.896337
vt 0.276711 0.902675
vt 0.279503 0.908712
vt 0.254672 0.924739
vt 0.607309 0.621448
vt 0.808176 0.786619
vt 0.796236 0.811985
vt 0.789648 0.811275
vt 0.802502 0.784125
vt 0.780527 0.346491
vt 0.776402 0.349379
vt 0.871400 0.399096
vt 0.872835 0.431886
vt 0.864038 0.433074
vt 0.874190 0.381856
vt 0.874190 0.473476
vt 0.866187 0.474263
vt 0.857152 0.473367
vt 0.868509 0.769586
vt 0.859693 0.771380
vt 0.855506 0.731233
vt 0.864201 0.730285
vt 0.093663 0.796885
vt 0.076923 0.839923
vt 0.067577 0.835341
vt 0.092445 0.753538
vt 0.874190 0.728074
vt 0.046237 0.856349
vt 0.035373 0.844371
vt 0.847359 0.732174
vt 0.847359 0.695019
vt 0.851535 0.771607
vt 0.861492 0.886084
vt 0.880345 0.880767
vt 0.477964 0.548599
vt 0.468539 0.532915
vt 0.484729 0.545350
vt 0.826342 0.881272
vt 0.830129 0.875418
vt 0.625908 0.743359
vt 0.618392 0.741863
vt 0.617398 0.712241
vt 0.625908 0.710677
vt 0.797299 0.850979
vt 0.801784 0.849032
vt 0.595136 0.892454
vt 0.576326 0.853217
vt 0.583919 0.850979
vt 0.602417 0.888425
vt 0.593143 0.848716
vt 0.610403 0.883333
vt 0.576326 0.811806
vt 0.583849 0.812072
vt 0.592170 0.812127
vt 0.637144 0.889988
vt 0.630287 0.897978
vt 0.610323 0.740480
vt 0.610225 0.713431
vt 0.468539 0.515858
vt 0.723376 0.948526
vt 0.718453 0.942511
vt 0.724054 0.931716
vt 0.731818 0.933617
vt 0.472090 0.502233
vt 0.480318 0.502977
vt 0.725070 0.918911
vt 0.732952 0.917840
vt 0.718453 0.890650
vt 0.725524 0.886481
vt 0.879596 0.852119
vt 0.869228 0.852921
vt 0.864845 0.826280
vt 0.875163 0.823175
vt 0.851596 0.794189
vt 0.859882 0.789243
vt 0.220682 0.844429
vt 0.212551 0.843106
vt 0.866485 0.784125
vt 0.883110 0.820392
vt 0.230301 0.845221
vt 0.230999 0.877930
vt 0.241688 0.846770
vt 0.328883 0.114361
vt 0.335998 0.114527
vt 0.332561 0.157760
vt 0.323893 0.156567
vt 0.153079 0.856100
vt 0.163167 0.821986
vt 0.172636 0.823367
vt 0.163736 0.857256
vt 0.164309 0.890095
vt 0.153079 0.890282
vt 0.324470 0.182866
vt 0.316689 0.180224
vt 0.180009 0.905370
vt 0.165180 0.906009
vt 0.154604 0.906898
vt 0.183367 0.826527
vt 0.903374 0.196489
vt 0.892260 0.197572
vt 0.912804 0.196433
vt 0.104070 0.878650
vt 0.872881 0.201095
vt 0.851618 0.359666
vt 0.841641 0.358255
vt 0.841271 0.345987
vt 0.858612 0.352297
vt 0.851704 0.373833
vt 0.841271 0.372918
vt 0.862296 0.376140
vt 0.907680 0.883448
vt 0.894220 0.882873
vt 0.903128 0.847005
vt 0.913188 0.857679
vt 0.917305 0.900833
vt 0.896969 0.916520
vt 0.710442 0.354662
vt 0.716687 0.327330
vt 0.731470 0.323047
vt 0.724001 0.367219
vt 0.038476 0.655377
vt 0.036831 0.632667
vt 0.050329 0.634727
vt 0.050366 0.665388
vt 0.268975 0.623414
vt 0.278185 0.619334
vt 0.277836 0.652397
vt 0.266479 0.645727
vt 0.491107 0.834155
vt 0.489019 0.856041
vt 0.479045 0.856012
vt 0.484360 0.828342
vt 0.505484 0.833536
vt 0.503402 0.856774
vt 0.811388 0.554440
vt 0.800483 0.557519
vt 0.800483 0.534178
vt 0.813235 0.539634
vt 0.710442 0.311724
vt 0.727196 0.293334
vt 0.089703 0.937947
vt 0.083146 0.947698
vt 0.071414 0.946884
vt 0.082150 0.933115
vt 0.115964 0.931739
vt 0.114528 0.945893
vt 0.114015 0.918821
vt 0.072153 0.953573
vt 0.081264 0.956481
vt 0.066684 0.957575
vt 0.063954 0.946632
vt 0.078610 0.964880
vt 0.732500 0.284992
vt 0.737078 0.293443
vt 0.723069 0.284426
vt 0.920674 0.723281
vt 0.926400 0.720182
vt 0.929199 0.734797
vt 0.921208 0.733232
vt 0.313530 0.244883
vt 0.313727 0.235411
vt 0.321131 0.233996
vt 0.321131 0.245308
vt 0.226813 0.454801
vt 0.217152 0.451887
vt 0.217152 0.427497
vt 0.227533 0.427447
vt 0.232571 0.430091
vt 0.233415 0.454936
vt 0.001487 0.923642
vt 0.007434 0.924823
vt 0.005388 0.966367
vt 0.001487 0.961651
vt 0.079222 0.926447
vt 0.112910 0.908554
vt 0.446130 0.526186
vt 0.451962 0.526581
vt 0.451962 0.566440
vt 0.446343 0.562587
vt 0.060955 0.636807
vt 0.060955 0.671996
vt 0.884052 0.878801
vt 0.893722 0.844773
vt 0.884052 0.918792
vt 0.929199 0.762686
vt 0.919935 0.761641
vt 0.743359 0.324782
vt 0.493932 0.903924
vt 0.484856 0.900217
vt 0.505484 0.903004
vt 0.111005 0.964880
vt 0.112458 0.957759
vt 0.912218 0.579820
vt 0.908567 0.574097
vt 0.919709 0.535972
vt 0.926225 0.536606
vt 0.288423 0.657129
vt 0.288423 0.617383
vt 0.346405 0.001094
vt 0.346405 0.023788
vt 0.338408 0.020240
vt 0.338858 0.002295
vt 0.915480 0.508144
vt 0.908567 0.513428
s 1
usemtl tripo_mat_e6b379da-80b9-4f73-9ae9-25a13371a462
f 1/1 5/2 131/3 132/4
f 1/1 132/4 3/5 133/6
f 1/1 134/7 135/8 5/2
f 2/9 136/10 137/11 138/12
f 2/13 138/14 139/15 140/16
f 2/17 140/18 141/19 142/20
f 2/17 142/20 6/21 143/22
f 2/23 143/24 144/25 136/26
f 3/27 136/28 144/29 133/30
f 3/31 145/32 137/11 136/10
f 3/5 132/4 146/33 8/34
f 3/5 8/34 147/35 145/36
f 4/37 8/34 148/38 149/39
f 4/37 149/39 150/40 151/41
f 4/37 151/41 147/35 8/34
f 5/42 152/43 153/44 131/45
f 6/21 154/46 155/47 156/48
f 6/21 142/20 32/49 154/46
f 6/50 156/51 157/52 158/53
f 6/50 158/53 159/54 143/55
f 7/56 160/57 153/58 32/59
f 7/60 141/19 161/61 31/62
f 7/63 32/64 142/65 141/66
f 9/67 162/68 163/69 164/70
f 9/67 164/70 165/71 166/72
f 9/67 166/72 167/73 162/68
f 10/74 168/75 169/76 170/77
f 10/74 170/77 166/78 165/79
f 10/74 11/80 171/81 168/75
f 11/82 13/83 172/84 173/85
f 11/80 10/74 174/86 175/87
f 11/88 175/89 176/90 13/91
f 12/92 18/93 173/94 172/95
f 12/92 177/96 150/97 18/93
f 12/92 172/95 178/98 15/99
f 13/91 179/100 180/101 181/102
f 13/91 181/102 178/103 172/104
f 14/105 182/106 183/107 184/108
f 14/105 185/109 186/110 182/106
f 14/105 184/108 187/111 185/109
f 15/99 188/112 189/113 190/114
f 15/99 190/114 191/115 12/92
f 16/116 180/101 179/100 192/117
f 194/118 195/119 180/101 16/116
f 16/116 192/117 193/120 194/118
f 17/121 195/122 194/123 196/124
f 17/125 197/126 198/127 195/128
f 17/121 196/124 199/129 200/130
f 17/121 200/130 169/76 168/75
f 17/121 168/75 171/81 197/131
f 18/132 201/133 202/134 203/135
f 18/93 203/136 204/137 173/94
f 19/138 198/139 197/140 205/141
f 19/142 206/143 207/144 208/145
f 19/142 208/145 15/99 178/98
f 19/146 178/147 181/148 198/149
f 19/150 205/151 209/152 206/153
f 20/154 210/155 211/156 212/157
f 20/158 212/159 29/160 213/161
f 20/162 213/163 199/164 210/165
f 21/166 214/167 202/134 215/168
f 21/166 216/169 217/170 214/167
f 21/166 215/168 218/171 219/172
f 21/166 219/172 24/173 220/174
f 22/175 221/176 222/177 223/178
f 22/175 223/178 224/179 225/180
f 22/175 225/180 226/181 167/182
f 23/183 200/130 199/129 213/184
f 23/183 221/176 169/76 200/130
f 23/183 227/185 222/177 221/176
f 24/186 228/187 229/188 220/189
f 24/173 219/172 230/190 228/191
f 25/192 231/193 232/194 233/195
f 25/196 234/197 235/198 231/199
f 25/196 233/200 236/201 234/197
f 26/202 237/203 238/204 239/205
f 26/202 240/206 241/207 237/203
f 26/208 239/209 242/210 240/211
f 27/212 243/213 241/207 244/214
f 27/215 244/216 245/217 246/218
f 27/212 246/219 247/220 243/213
f 28/221 248/222 249/223 250/224
f 28/221 250/224 232/194 251/225
f 28/221 251/225 252/226 248/222
f 29/227 253/228 23/183 213/184
f 29/227 212/229 254/230 253/228
f 30/231 34/232 255/233 38/234
f 30/231 256/235 155/236 34/232
f 30/231 257/237 258/238 256/235
f 31/62 161/61 225/180 224/179
f 31/62 224/179 259/239 7/60
f 32/240 153/241 152/242 260/243
f 32/49 260/244 261/245 154/46
f 33/246 262/247 263/248 264/249
f 266/250 267/251 262/247 33/246
f 33/252 264/253 265/254 266/255
f 34/232 261/256 268/257 269/258
f 34/259 155/47 154/46 261/245
f 35/260 270/261 271/262 265/254
f 35/263 272/264 273/265 274/266
f 35/263 274/266 275/267 270/268
f 36/269 276/270 277/271 278/272
f 36/273 278/274 255/275 279/276
f 36/277 37/278 280/279 276/280
f 36/281 281/282 282/283 37/284
f 37/285 283/286 284/287 285/288
f 37/285 285/288 286/289 280/290
f 38/291 287/292 288/293 30/294
f 38/295 289/296 290/297 291/298
f 38/295 291/298 292/299 287/300
f 39/301 293/302 294/303 295/304
f 39/301 290/305 289/306 293/302
f 39/301 295/304 296/307 290/305
f 40/308 297/309 298/310 299/311
f 40/308 284/312 300/313 301/314
f 40/315 299/316 285/288 284/287
f 41/317 302/318 303/319 304/320
f 41/321 304/322 305/323 306/324
f 41/317 306/325 286/289 302/318
f 42/326 307/327 43/328 308/329
f 42/330 309/331 310/332 307/333
f 42/334 308/335 305/323 309/336
f 43/337 311/338 312/339 308/340
f 43/341 307/333 313/342 311/343
f 44/344 314/345 315/346 316/347
f 44/344 316/347 317/348 318/349
f 44/344 318/349 319/350 314/345
f 45/351 320/352 321/353 322/354
f 45/351 323/355 324/356 320/352
f 45/351 322/354 325/357 323/355
f 46/358 326/359 327/360 328/361
f 46/362 329/363 330/364 331/365
f 46/358 331/366 332/367 326/359
f 47/368 333/369 334/370 331/371
f 47/372 331/373 330/374 48/375
f 47/376 335/377 336/378 333/379
f 47/376 337/380 338/381 339/382
f 47/376 339/382 340/383 335/377
f 48/375 330/374 341/384 49/385
f 48/386 49/387 342/388 343/389
f 48/390 344/391 337/380 47/376
f 48/386 343/389 345/392 344/393
f 49/385 341/384 346/394 342/395
f 50/396 51/397 347/398 348/399
f 50/400 348/401 349/402 350/403
f 50/404 350/405 351/406 51/407
f 51/408 351/409 352/410 347/411
f 52/412 353/413 354/414 345/415
f 52/416 345/417 343/418 355/419
f 52/420 355/421 356/422 353/423
f 53/424 357/425 358/426 359/427
f 53/428 359/429 360/430 361/431
f 53/432 361/433 356/422 357/434
f 54/435 359/436 358/437 362/438
f 54/439 363/440 360/441 359/442
f 54/443 362/444 364/445 363/446
f 55/447 365/448 366/449 367/450
f 55/451 367/452 368/453 369/454
f 55/451 369/454 370/455 365/456
f 56/457 371/458 372/459 373/460
f 56/461 374/462 375/463 371/464
f 56/465 373/466 58/467 374/468
f 57/469 376/470 377/471 378/472
f 57/469 379/473 380/474 376/470
f 57/475 378/476 381/477 379/478
f 58/467 382/479 383/480 374/468
f 58/481 373/482 384/483 382/484
f 59/485 385/486 364/445 386/487
f 59/488 387/489 388/490 385/491
f 59/485 386/487 389/492 387/493
f 60/494 390/495 391/496 392/497
f 60/494 393/498 394/499 390/495
f 60/494 392/497 395/500 393/498
f 61/501 396/502 62/503 397/504
f 61/505 398/506 399/507 396/508
f 61/509 397/510 400/511 398/512
f 62/513 396/514 401/515 402/516
f 62/517 402/518 403/519 397/520
f 63/521 404/522 405/523 406/524
f 63/521 407/525 408/526 404/522
f 63/521 406/524 409/527 407/525
f 64/528 410/529 411/530 412/531
f 64/528 412/531 413/532 414/533
f 64/534 415/535 416/536 410/537
f 65/538 414/539 186/110 185/109
f 65/540 417/541 418/542 67/543
f 65/538 185/109 187/111 417/544
f 64/545 419/546 420/547 415/548
f 66/549 421/550 422/551 423/552
f 66/549 423/552 424/553 425/554
f 68/555 426/556 427/557 428/558
f 68/559 422/551 421/550 429/560
f 69/561 430/562 431/563 432/564
f 69/565 433/566 434/567 435/568
f 69/565 435/568 436/569 430/570
f 70/571 437/572 438/573 439/574
f 70/575 440/576 441/577 437/578
f 70/579 442/580 71/581 443/582
f 70/583 443/584 444/585 440/586
f 71/587 445/588 446/589 443/584
f 71/587 442/590 447/591 445/588
f 72/592 448/593 449/594 450/595
f 72/596 450/597 451/598 452/599
f 72/600 452/601 453/602 448/603
f 73/604 454/605 455/606 456/607
f 73/608 456/609 457/610 458/611
f 73/612 458/613 459/614 454/615
f 74/616 460/617 447/591 461/618
f 74/619 458/620 457/621 460/622
f 74/623 461/624 459/625 458/626
f 75/627 462/628 463/629 464/630
f 75/627 464/630 76/631 465/632
f 75/633 465/634 77/635 466/636
f 76/631 464/630 467/637 103/638
f 76/631 103/638 468/639 465/632
f 77/640 465/632 468/639 469/641
f 77/635 469/642 470/643 466/636
f 78/644 79/645 471/646 472/647
f 473/648 474/649 79/650 78/651
f 78/651 472/652 439/574 473/648
f 79/653 474/654 475/655 476/656
f 79/653 476/656 449/594 448/593
f 80/657 477/658 424/553 423/552
f 479/659 82/660 477/661 80/662
f 80/662 423/663 478/664 479/659
f 81/665 480/666 85/667 481/668
f 81/665 482/669 483/670 480/666
f 81/671 481/672 484/673 482/674
f 82/675 479/676 483/677 482/674
f 82/675 482/674 484/673 477/678
f 83/679 425/554 424/553 485/680
f 83/679 486/681 487/682 425/554
f 83/679 485/680 488/683 486/681
f 84/684 489/685 490/686 491/687
f 84/684 491/687 427/557 492/688
f 84/684 492/688 493/689 489/685
f 85/690 494/691 488/683 481/692
f 85/690 495/693 496/694 494/691
f 85/695 497/696 498/697 495/698
f 85/695 480/699 499/700 497/696
f 86/701 500/702 501/703 502/704
f 498/697 497/696 500/702 86/701
f 86/705 502/706 503/707 498/708
f 87/709 504/710 505/711 95/712
f 87/709 502/713 501/714 504/710
f 87/715 506/716 507/717 502/706
f 87/718 95/719 508/720 97/721
f 87/715 97/722 509/723 506/716
f 88/724 510/725 511/726 512/727
f 88/724 506/716 509/723 510/725
f 88/724 512/727 507/717 506/716
f 89/728 513/729 90/730 514/731
f 516/732 517/733 513/729 89/728
f 89/728 514/731 515/734 516/732
f 90/730 99/735 518/736 514/731
f 90/730 513/729 519/737 99/735
f 91/738 520/739 521/740 99/741
f 91/742 522/743 523/744 520/745
f 91/738 99/741 524/746 522/747
f 517/748 526/749 527/750 93/751
f 92/752 525/753 517/754 93/755
f 92/756 528/757 529/758 525/759
f 92/752 93/755 530/760 94/761
f 92/762 94/763 531/764 528/765
f 93/766 527/767 532/768 530/769
f 94/770 533/771 534/772 535/773
f 94/770 535/773 536/774 537/775
f 94/776 530/777 128/778 533/779
f 95/780 505/781 538/782 539/783
f 96/784 532/785 508/720 95/719
f 96/786 540/787 541/788 542/789
f 96/790 95/780 539/783 540/791
f 97/792 508/793 543/794 509/795
f 98/796 529/797 528/798 544/799
f 98/796 544/799 545/800 546/801
f 98/796 546/801 547/802 529/797
f 99/735 519/737 547/803 524/804
f 99/735 548/805 549/806 518/736
f 100/807 550/808 546/801 545/800
f 100/809 102/810 551/811 550/812
f 100/813 545/814 552/815 102/816
f 101/817 553/818 531/819 554/820
f 101/821 554/822 523/744 555/823
f 101/817 555/824 552/825 553/818
f 102/826 552/825 555/824 551/827
f 103/828 556/829 557/830 468/831
f 103/832 558/833 559/834 556/835
f 103/836 467/837 560/838 558/839
f 104/840 561/841 109/842 562/843
f 104/840 563/844 564/845 561/841
f 104/840 565/846 566/847 563/844
f 105/848 567/849 568/850 569/851
f 105/848 564/852 570/853 571/854
f 105/848 571/854 462/855 567/849
f 105/856 569/857 572/858 573/859
f 105/860 573/861 561/862 564/863
f 106/864 470/865 574/866 575/867
f 577/868 466/636 470/643 106/869
f 106/869 575/870 576/871 577/868
f 107/872 577/868 576/871 578/873
f 107/872 578/873 579/874 580/875
f 107/872 580/875 581/876 577/868
f 108/877 572/858 582/878 583/879
f 108/880 583/881 584/882 585/883
f 108/877 585/884 573/859 572/858
f 109/885 561/886 573/887 585/888
f 109/889 585/890 584/891 562/892
f 110/893 586/894 587/895 588/896
f 110/893 589/897 590/898 586/894
f 110/899 588/900 591/901 589/902
f 111/903 592/904 593/905 594/906
f 111/903 594/906 595/907 596/908
f 111/903 596/908 597/909 592/904
f 112/910 114/911 598/912 599/913
f 112/910 216/914 600/915 601/916
f 112/910 599/913 217/917 216/914
f 113/918 602/919 603/920 211/921
f 113/918 604/922 605/923 602/919
f 114/911 606/924 120/925 598/912
f 114/926 607/927 608/928 604/922
f 114/929 112/930 115/931 609/932
f 114/926 609/933 610/934 607/927
f 115/935 611/936 612/937 124/938
f 115/935 112/910 601/916 611/936
f 116/939 613/940 606/941 614/942
f 610/943 609/944 613/940 116/939
f 116/945 614/946 615/947 610/934
f 117/948 615/949 118/950 616/951
f 117/952 121/953 610/934 615/947
f 117/954 617/955 124/956 121/957
f 117/958 122/959 618/960 617/961
f 118/950 619/962 193/120 620/963
f 118/964 615/947 614/946 619/965
f 119/966 621/967 622/968 620/963
f 119/966 620/963 193/120 192/117
f 119/966 192/117 623/969 621/967
f 120/970 606/971 613/972 624/973
f 120/925 624/974 617/961 618/960
f 121/953 625/975 626/976 627/977
f 121/957 124/956 628/978 629/979
f 122/959 629/980 630/981 631/982
f 122/983 631/984 632/985 633/986
f 123/987 634/988 635/989 636/990
f 123/987 636/990 633/986 632/985
f 123/987 632/985 637/991 634/988
f 121/953 627/977 607/927 610/934
f 124/938 617/961 624/974 115/935
f 124/938 612/937 638/992 628/993
f 125/994 639/995 640/996 126/997
f 642/998 643/999 639/995 125/994
f 125/994 126/997 641/1000 642/998
f 126/1001 644/1002 645/1003 511/1004
f 126/1001 640/1005 646/1006 644/1002
f 127/1007 647/1008 648/1009 649/1010
f 127/1011 649/1012 631/982 630/981
f 127/1013 630/1014 650/1015 651/1016
f 127/1013 651/1016 540/1017 539/1018
f 128/1019 652/1020 653/1021 654/1022
f 128/1019 654/1022 655/1023 533/1024
f 128/1025 96/786 542/789 652/1026
f 129/1027 656/1028 587/895 657/1029
f 129/1027 658/1030 659/1031 656/1028
f 129/1027 657/1029 660/1032 658/1030
f 130/1033 661/1034 662/1035 663/1036
f 130/1033 663/1036 597/1037 664/1038
f 130/1033 664/1038 665/1039 661/1034
f 665/1039 664/1038 666/1040 667/1041
f 665/1042 667/1043 668/1044 669/1045
f 665/1042 669/1045 670/1046 661/1047
f 670/1048 669/1049 671/1050 672/1051
f 670/1048 672/1051 673/1052 674/1053
f 670/1046 674/1054 662/1055 661/1047
f 674/1053 673/1052 675/1056 676/1057
f 674/1054 676/1058 677/1059 662/1055
f 677/1060 678/1061 663/1036 662/1035
f 677/1060 676/1062 679/1063 680/1064
f 677/1060 680/1064 681/1065 678/1061
f 681/1065 593/1066 592/1067 678/1061
f 681/1065 680/1064 682/1068 683/1069
f 681/1065 683/1069 684/1070 593/1066
f 684/1071 685/1072 594/906 593/905
f 684/1073 683/1074 686/1075 687/1076
f 684/1077 687/1078 688/1079 685/1080
f 688/1081 689/1082 690/1083 685/1084
f 688/1085 687/1086 590/1087 589/1088
f 688/1089 589/902 591/901 689/1090
f 690/1091 689/1092 691/1093 692/1094
f 690/1095 692/1096 693/1097 595/907
f 690/1095 595/907 594/906 685/1072
f 693/1098 692/1099 694/1100 695/1101
f 693/1097 695/1102 667/1103 666/1104
f 693/1097 666/1104 596/908 595/907
f 695/1105 694/1106 696/1107 697/1108
f 695/1105 697/1108 668/1044 667/1043
f 697/1109 696/1110 698/1111 699/1112
f 697/1109 699/1112 700/1113 668/1114
f 700/1115 699/1116 643/999 642/998
f 700/1115 642/998 701/1117 671/1118
f 700/1113 671/1050 669/1049 668/1114
f 701/1117 642/998 641/1000 516/1119
f 701/1120 516/732 515/734 702/1121
f 701/1120 702/1121 672/1051 671/1050
f 702/1121 515/734 703/1122 704/1123
f 702/1121 704/1123 673/1052 672/1051
f 704/1123 703/1122 705/1124 706/1125
f 704/1123 706/1125 675/1056 673/1052
f 706/1125 705/1124 707/1126 708/1127
f 706/1125 708/1127 709/1128 675/1056
f 709/1128 679/1129 676/1057 675/1056
f 709/1128 708/1127 710/1130 711/1131
f 709/1128 711/1131 712/1132 679/1129
f 712/1133 682/1068 680/1064 679/1063
f 712/1134 711/1135 713/1136 714/1137
f 712/1138 714/1139 715/1140 682/1141
f 715/1140 686/1075 683/1074 682/1141
f 715/1142 714/1143 716/1144 717/1145
f 715/1146 717/1147 718/1148 686/1149
f 718/1148 590/898 687/1150 686/1149
f 718/1148 717/1147 719/1151 720/1152
f 718/1148 720/1152 586/894 590/898
f 720/1152 719/1151 660/1032 657/1029
f 720/1152 657/1029 587/895 586/894
f 719/1153 717/1145 716/1144 721/1154
f 719/1153 721/1154 722/1155 660/1156
f 722/1157 721/1158 723/1159 724/1160
f 722/1157 724/1160 725/1161 726/1162
f 722/1155 726/1163 658/1164 660/1156
f 726/1162 725/1161 727/1165 728/1166
f 726/1167 728/1168 659/1169 658/1170
f 728/1166 727/1165 655/1171 729/1172
f 728/1168 729/1173 730/1174 659/1169
f 730/1174 731/1175 656/1176 659/1169
f 730/1174 729/1173 732/1177 733/1178
f 730/1174 733/1178 734/1179 731/1175
f 734/1180 591/901 588/900 731/1181
f 734/1182 733/1183 735/1184 691/1093
f 734/1180 691/1185 689/1090 591/901
f 735/1186 733/1178 732/1177 736/1187
f 735/1184 736/1188 696/1189 694/1190
f 735/1184 694/1190 692/1094 691/1093
f 736/1191 732/1192 654/1022 653/1021
f 736/1188 653/1193 698/1194 696/1189
f 732/1195 729/1172 655/1171 654/1196
f 731/1197 588/896 587/895 656/1028
f 727/1165 725/1161 737/1198 534/772
f 727/1165 534/772 533/771 655/1171
f 737/1198 725/1161 724/1160 738/1199
f 737/1198 738/1199 739/1200 740/1201
f 737/1198 740/1201 535/773 534/772
f 740/1201 739/1200 741/1202 742/1203
f 740/1201 742/1203 536/774 535/773
f 742/1203 741/1202 743/1204 744/1205
f 742/1203 744/1205 521/1206 536/774
f 743/1204 741/1202 745/1207 746/1208
f 743/1204 746/1208 747/1209 748/1210
f 743/1204 748/1210 749/1211 744/1205
f 748/1210 747/1209 750/1212 751/1213
f 748/1210 751/1213 752/1214 749/1211
f 752/1215 751/1216 753/1217 754/1218
f 752/1215 754/1218 755/1219 756/1220
f 752/1214 756/1221 757/1222 749/1211
f 756/1223 755/1224 559/1225 758/1226
f 756/1223 758/1226 548/1227 757/1228
f 758/1229 559/1230 558/1231 759/1232
f 758/1233 759/1234 549/806 548/805
f 759/1232 558/1231 560/1235 760/1236
f 759/1234 760/1237 761/1238 549/806
f 761/1238 762/1239 518/736 549/806
f 761/1238 760/1237 763/1240 764/1241
f 761/1238 764/1241 765/1242 762/1239
f 765/1242 766/1243 767/1244 762/1239
f 765/1242 764/1241 768/1245 769/1246
f 765/1242 769/1246 770/1247 766/1243
f 770/1247 707/1126 705/1124 766/1243
f 770/1247 769/1246 771/1248 772/1249
f 770/1247 772/1249 773/1250 707/1126
f 773/1250 710/1130 708/1127 707/1126
f 773/1251 772/1252 774/1253 775/1254
f 773/1251 775/1254 776/1255 710/1256
f 776/1255 713/1257 711/1258 710/1256
f 776/1259 775/1260 777/1261 778/1262
f 776/1259 778/1262 779/1263 713/1264
f 779/1265 716/1144 714/1143 713/1266
f 779/1263 778/1262 780/1267 723/1159
f 779/1263 723/1159 721/1158 716/1268
f 780/1267 778/1262 777/1261 781/1269
f 780/1267 781/1269 739/1200 738/1199
f 780/1267 738/1199 724/1160 723/1159
f 781/1269 777/1261 782/1270 745/1207
f 781/1269 745/1207 741/1202 739/1200
f 782/1270 777/1261 775/1260 774/1271
f 782/1270 774/1271 783/1272 784/1273
f 782/1270 784/1273 746/1208 745/1207
f 784/1273 783/1272 785/1274 786/1275
f 784/1273 786/1275 747/1209 746/1208
f 786/1275 785/1274 787/1276 788/1277
f 786/1275 788/1277 750/1212 747/1209
f 788/1278 787/1279 789/1280 790/1281
f 788/1278 790/1281 791/1282 750/1283
f 791/1282 790/1281 792/1284 793/1285
f 791/1286 793/1287 794/1288 753/1289
f 791/1290 753/1217 751/1216 750/1291
f 794/1292 793/1293 795/1294 796/1295
f 794/1292 796/1295 797/1296 798/1297
f 794/1292 798/1297 754/1218 753/1217
f 798/1297 797/1296 799/1298 800/1299
f 798/1297 800/1299 755/1219 754/1218
f 800/1299 799/1298 557/1300 556/1301
f 800/1302 556/1303 559/1225 755/1224
f 799/1298 797/1296 801/1304 802/1305
f 799/1306 802/1307 803/1308 557/1309
f 803/1310 802/1311 804/1312 574/1313
f 803/1314 574/1315 470/1316 469/1317
f 803/1308 469/1318 468/1319 557/1309
f 804/1312 802/1311 801/1320 805/1321
f 804/1312 805/1321 806/1322 807/1323
f 804/1312 807/1323 575/1324 574/1313
f 807/1325 806/1326 808/1327 809/1328
f 807/1325 809/1328 810/1329 575/1330
f 810/1331 809/1332 349/1333 348/1334
f 810/1335 348/1336 347/1337 811/1338
f 810/1335 811/1338 576/1339 575/1340
f 811/1341 347/411 352/410 812/1342
f 811/1343 812/1344 578/873 576/871
f 812/1342 352/410 336/378 813/1345
f 812/1344 813/1346 579/874 578/873
f 813/1345 336/378 335/377 814/1347
f 813/1346 814/1348 815/1349 579/874
f 815/1349 568/850 580/875 579/874
f 815/1349 814/1348 816/1350 817/1351
f 815/1349 817/1351 569/851 568/850
f 817/1351 816/1350 818/1352 582/1353
f 817/1354 582/878 572/858 569/857
f 818/1352 816/1350 340/1355 819/1356
f 818/1352 819/1356 820/1357 821/1358
f 818/1352 821/1358 583/881 582/1353
f 821/1358 820/1357 822/1359 823/1360
f 821/1358 823/1360 584/882 583/881
f 823/1361 822/1362 824/1363 825/1364
f 823/1361 825/1364 562/892 584/891
f 825/1365 824/1366 826/1367 827/1368
f 825/1369 827/1370 104/840 562/843
f 827/1371 826/1372 327/360 828/1373
f 827/1370 828/1374 565/846 104/840
f 828/1373 327/360 326/359 829/1375
f 828/1373 829/1375 830/1376 565/1377
f 830/1378 831/1379 566/847 565/846
f 830/1376 829/1375 832/1380 833/1381
f 830/1376 833/1381 834/1382 831/1383
f 834/1382 835/1384 836/1385 831/1383
f 834/1382 833/1381 806/1322 805/1321
f 834/1382 805/1321 801/1320 835/1384
f 836/1386 795/1387 837/1388 838/1389
f 836/1386 838/1389 566/847 831/1379
f 836/1390 835/1391 796/1295 795/1294
f 838/1389 837/1388 839/1392 840/1393
f 838/1389 840/1393 563/844 566/847
f 840/1394 839/1395 841/1396 570/1397
f 840/1394 570/1397 564/1398 563/1399
f 841/1400 842/1401 843/1402 844/1403
f 841/1400 844/1403 571/1404 570/1405
f 841/1396 839/1395 845/1406 842/1407
f 845/1406 789/1408 846/1409 842/1407
f 845/1410 839/1392 837/1388 792/1284
f 845/1410 792/1284 790/1281 789/1280
f 846/1411 847/1412 848/1413 849/1414
f 846/1415 849/1416 843/1402 842/1401
f 846/1409 789/1408 787/1417 847/1418
f 849/1419 848/1420 763/1421 850/1422
f 849/1423 850/1424 851/1425 843/1426
f 851/1425 850/1424 560/838 467/837
f 851/1427 467/637 464/630 463/629
f 851/1427 463/629 844/1403 843/1402
f 850/1422 763/1421 760/1236 560/1235
f 848/1428 768/1245 764/1241 763/1240
f 848/1428 847/1429 852/1430 768/1245
f 852/1430 771/1248 769/1246 768/1245
f 852/1431 847/1418 787/1417 785/1432
f 852/1431 785/1432 783/1433 771/1434
f 844/1403 463/629 462/628 571/1404
f 837/1435 795/1436 793/1437 792/1438
f 835/1391 801/1304 797/1296 796/1295
f 833/1381 832/1380 808/1439 806/1322
f 832/1380 829/1375 326/359 332/367
f 832/1380 332/367 853/1440 808/1439
f 853/1441 332/1442 331/371 334/370
f 853/1441 334/370 350/403 349/402
f 853/1440 349/1443 809/1444 808/1439
f 826/1445 824/1446 854/1447 855/1448
f 826/1372 855/1449 328/361 327/360
f 855/1448 854/1447 856/1450 857/1451
f 855/1449 857/1452 858/1453 328/361
f 858/1454 857/1455 315/346 314/345
f 858/1454 314/345 319/350 859/1456
f 858/1453 859/1457 46/358 328/361
f 859/1456 319/350 860/1458 861/1459
f 859/1457 861/1460 329/1461 46/358
f 861/1460 860/1462 862/1463 863/1464
f 861/1460 863/1464 864/1465 329/1461
f 864/1466 341/1467 330/1468 329/1469
f 864/1465 863/1464 389/1470 865/1471
f 864/1466 865/1472 346/1473 341/1467
f 865/1474 389/492 386/487 866/1475
f 865/1476 866/1477 867/1478 346/1479
f 867/1480 868/1481 342/395 346/394
f 867/1482 866/1483 362/438 358/437
f 867/1480 358/426 357/425 868/1481
f 868/1484 355/419 343/418 342/1485
f 868/1486 357/434 356/422 355/421
f 866/1475 386/487 364/445 362/444
f 863/1464 862/1463 387/1487 389/1470
f 862/1488 860/1458 869/1489 870/1490
f 862/1488 870/1490 388/490 387/489
f 870/1490 869/1489 871/1491 872/1492
f 870/1490 872/1492 873/1493 388/490
f 873/1493 872/1492 874/1494 875/1495
f 873/1496 875/1497 876/1498 877/1499
f 873/1493 877/1500 385/491 388/490
f 877/1499 876/1498 360/441 363/440
f 877/1501 363/446 364/445 385/486
f 876/1502 875/1503 878/1504 879/1505
f 876/1502 879/1505 361/431 360/430
f 879/1506 878/1507 354/414 353/413
f 879/1508 353/423 356/422 361/433
f 878/1504 875/1503 874/1509 880/1510
f 878/1507 880/1511 881/1512 354/414
f 881/1513 880/1510 882/1514 883/1515
f 881/1513 883/1515 337/380 344/391
f 881/1512 344/1516 345/415 354/414
f 883/1517 882/1518 884/1519 885/1520
f 883/1517 885/1520 338/1521 337/1522
f 885/1520 884/1519 325/357 322/354
f 885/1520 322/354 321/353 338/1521
f 884/1519 886/1523 887/1524 325/357
f 884/1519 882/1518 888/1525 886/1523
f 888/1526 871/1527 317/1528 886/1529
f 888/1530 882/1514 880/1510 874/1509
f 888/1531 874/1532 872/1533 871/1534
f 887/1535 316/1536 315/1537 889/1538
f 887/1539 889/1540 323/1541 325/1542
f 887/1543 886/1544 317/1545 316/1546
f 889/1540 856/1547 324/1548 323/1541
f 889/1549 315/1550 857/1451 856/1450
f 871/1527 869/1551 318/1552 317/1528
f 869/1489 860/1458 319/350 318/349
f 856/1553 854/1554 890/1555 324/1556
f 890/1557 822/1558 820/1559 891/1560
f 890/1561 891/1562 320/1563 324/1564
f 890/1565 854/1447 824/1446 822/1566
f 891/1560 820/1559 819/1567 892/1568
f 891/1562 892/1569 321/1570 320/1563
f 892/1569 819/1356 340/1355 339/1571
f 892/1569 339/1571 338/1572 321/1570
f 816/1350 814/1348 335/1573 340/1355
f 783/1433 774/1253 772/1252 771/1434
f 767/1244 703/1122 515/734 514/731
f 767/1244 514/731 518/736 762/1239
f 767/1244 766/1243 705/1124 703/1122
f 699/1112 698/1111 893/1574 643/1575
f 893/1576 698/1194 653/1193 652/1577
f 893/1576 652/1577 542/1578 894/1579
f 893/1580 894/1581 639/1582 643/1583
f 894/1584 895/1585 640/1586 639/1587
f 894/1584 542/789 541/788 895/1585
f 895/1588 896/1589 646/1590 640/1591
f 895/1585 541/788 897/1592 896/1593
f 897/1592 898/1594 899/1595 896/1593
f 897/1596 541/1597 540/1017 651/1016
f 897/1592 651/1598 650/1599 898/1594
f 899/1595 900/1600 901/1601 902/1602
f 899/1603 902/1604 646/1605 896/1606
f 899/1595 898/1594 638/992 900/1600
f 902/1607 901/1608 903/1609 904/1610
f 902/1611 904/1612 644/1002 646/1006
f 904/1612 903/1613 905/1614 906/1615
f 904/1612 906/1615 645/1003 644/1002
f 906/1616 905/1617 907/1618 908/1619
f 906/1616 908/1619 909/1620 645/1621
f 909/1620 908/1619 910/1622 911/1623
f 909/1624 911/1625 507/1626 512/1627
f 909/1620 512/727 511/726 645/1621
f 911/1623 910/1622 626/976 503/707
f 911/1623 503/707 502/706 507/717
f 910/1622 912/1628 627/977 626/976
f 910/1622 908/1619 907/1618 912/1628
f 912/1628 608/928 607/927 627/977
f 912/1628 907/1618 913/1629 608/928
f 913/1629 605/923 604/922 608/928
f 913/1629 907/1618 905/1617 914/1630
f 913/1629 914/1630 915/1631 605/923
f 915/1631 916/1632 602/919 605/923
f 915/1633 914/1634 917/1635 918/1636
f 915/1637 918/1638 919/1639 916/1640
f 919/1639 920/1641 921/1642 916/1640
f 919/1643 918/1644 922/1645 923/1646
f 919/1643 923/1646 924/1647 920/1648
f 924/1647 925/1649 926/1650 920/1648
f 924/1651 923/1652 927/1653 928/1654
f 924/1651 928/1654 229/1655 925/1656
f 928/1654 927/1653 601/916 600/915
f 928/1654 600/915 220/1657 229/1655
f 927/1653 923/1652 922/1658 929/1659
f 927/1653 929/1659 611/936 601/916
f 929/1659 922/1658 930/1660 931/1661
f 929/1659 931/1661 612/937 611/936
f 931/1661 930/1660 901/1601 900/1600
f 931/1661 900/1600 638/992 612/937
f 930/1662 922/1645 918/1644 917/1663
f 930/1662 917/1663 903/1664 901/1665
f 926/1666 932/1667 933/1668 934/1669
f 926/1670 934/1671 921/1672 920/1673
f 926/1674 925/1675 935/1676 932/1677
f 935/1678 936/1679 937/1680 932/1681
f 935/1676 925/1675 229/188 228/187
f 935/1682 228/191 230/190 936/1683
f 937/1684 938/1685 222/177 227/185
f 937/1684 227/185 933/1668 932/1667
f 937/1680 936/1679 939/1686 938/1687
f 939/1688 940/1689 941/1690 938/1691
f 939/1692 936/1693 230/1694 942/1695
f 939/1692 942/1695 943/1696 940/1697
f 943/1696 944/1698 945/1699 940/1697
f 943/1696 942/1695 218/1700 946/1701
f 943/1696 946/1701 947/1702 944/1698
f 947/1703 146/33 948/1704 944/1705
f 947/1703 946/1706 949/1707 148/38
f 947/1703 148/38 8/34 146/33
f 949/1708 946/1701 218/1700 215/1709
f 949/1710 215/1711 202/1712 201/1713
f 949/1707 201/133 149/39 148/38
f 948/1714 131/45 153/44 160/1715
f 948/1714 160/1715 945/1699 944/1698
f 948/1704 146/33 132/4 131/3
f 945/1716 160/57 7/56 259/1717
f 945/1716 259/1717 941/1718 940/1719
f 942/1720 230/190 219/172 218/171
f 941/1721 259/239 224/179 223/178
f 941/1721 223/178 222/177 938/1685
f 934/1722 933/1723 253/1724 254/1725
f 934/1671 254/1726 603/920 921/1672
f 933/1668 227/185 23/183 253/228
f 921/1672 603/920 602/919 916/1632
f 917/1635 914/1634 905/1614 903/1613
f 898/1594 650/1599 628/993 638/992
f 678/1061 592/1067 597/1037 663/1036
f 666/1104 664/1727 597/909 596/908
f 650/1599 630/981 629/980 628/993
f 649/1728 648/1729 950/1730 637/991
f 649/1728 637/991 632/985 631/984
f 950/1730 648/1729 951/1731 490/686
f 950/1730 490/686 489/685 952/1732
f 950/1730 952/1732 634/988 637/991
f 952/1732 489/685 493/689 953/1733
f 952/1732 953/1733 635/989 634/988
f 953/1733 954/1734 955/1735 635/989
f 953/1733 493/689 956/1736 954/1734
f 956/1736 183/107 957/1737 954/1734
f 956/1736 493/689 492/688 958/1738
f 956/1736 958/1738 184/108 183/107
f 958/1738 492/688 427/557 426/556
f 958/1738 426/556 187/111 184/108
f 957/1737 189/113 188/112 959/1739
f 957/1737 959/1739 955/1735 954/1734
f 957/1737 183/107 182/106 189/113
f 959/1739 188/112 960/1740 961/1741
f 959/1739 961/1741 962/1742 955/1735
f 962/1742 961/1741 963/1743 964/1744
f 962/1742 964/1744 633/986 636/990
f 962/1742 636/990 635/989 955/1735
f 964/1744 963/1743 120/1745 618/1746
f 964/1744 618/1746 122/983 633/986
f 963/1747 965/1748 598/912 120/925
f 963/1743 961/1741 960/1740 965/1749
f 965/1748 207/1750 599/913 598/912
f 965/1749 960/1740 208/145 207/144
f 960/1740 188/112 15/99 208/145
f 951/1751 648/1009 647/1008 966/1752
f 951/1753 966/1754 967/1755 968/1756
f 951/1731 968/1757 491/687 490/686
f 968/1756 967/1755 969/1758 428/1759
f 968/1757 428/558 427/557 491/687
f 969/1758 967/1755 970/1760 473/1761
f 969/1762 473/648 439/574 438/573
f 969/1763 438/1764 68/555 428/558
f 970/1765 967/1766 966/1752 971/1767
f 970/1765 971/1767 972/1768 973/1769
f 970/1760 973/1770 474/1771 473/1761
f 973/1769 972/1768 974/1772 975/1773
f 973/1774 975/1775 475/1776 474/1777
f 975/1778 976/1779 977/1780 475/655
f 975/1778 974/1781 978/1782 976/1779
f 978/1783 979/1784 980/1785 976/1786
f 978/1787 974/1788 504/1789 501/1790
f 978/1783 501/703 500/702 979/1784
f 980/1785 981/1791 982/1792 983/1793
f 980/1785 983/1793 977/1794 976/1786
f 980/1785 979/1784 499/700 981/1791
f 983/1793 982/1792 984/1795 985/1796
f 983/1793 985/1796 986/1797 977/1794
f 986/1798 985/1799 432/1800 431/1801
f 986/1798 431/1801 449/594 476/656
f 986/1798 476/656 475/655 977/1780
f 985/1802 984/1803 987/1804 432/1805
f 987/1804 988/1806 989/1807 990/1808
f 987/1804 990/1808 69/1809 432/1805
f 987/1804 984/1803 478/664 988/1806
f 990/1810 989/1811 991/1812 992/1813
f 990/1810 992/1813 433/566 69/565
f 992/1813 991/1812 410/537 416/536
f 992/1813 416/536 993/1814 433/566
f 993/1814 416/536 415/535 994/1815
f 993/1814 994/1815 995/1816 996/1817
f 993/1814 996/1817 434/567 433/566
f 996/1818 995/1819 997/1820 998/1821
f 996/1817 998/1822 999/1823 434/567
f 999/1823 1000/1824 1001/1825 1002/1826
f 999/1823 1002/1826 435/568 434/567
f 999/1823 998/1822 1003/1827 1000/1824
f 1003/1828 998/1821 997/1820 1004/1829
f 1003/1830 1004/1831 1005/1832 1006/1833
f 1003/1830 1006/1833 1007/1834 1000/1835
f 1007/1836 1006/1837 1008/1838 1009/1839
f 1007/1836 1009/1839 1010/1840 1011/1841
f 1007/1834 1011/1842 1001/1843 1000/1835
f 1011/1841 1010/1840 1012/1844 1013/1845
f 1011/1846 1013/1847 1014/1848 1001/1849
f 1014/1848 1013/1847 1015/1850 1016/1851
f 1014/1852 1016/1853 1017/1854 1018/1855
f 1014/1852 1018/1855 1002/1826 1001/1825
f 1018/1855 1017/1854 451/598 436/569
f 1018/1855 436/569 435/568 1002/1826
f 1017/1856 1016/1857 456/607 455/606
f 1017/1856 455/606 452/601 451/1858
f 1016/1859 1015/1860 457/610 456/609
f 1015/1861 1019/1862 460/617 457/1863
f 1015/1864 1013/1845 1012/1844 1019/1865
f 1019/1862 445/588 447/591 460/617
f 1019/1862 1012/1866 446/589 445/588
f 1012/1866 1010/1867 1020/1868 446/589
f 1020/1868 444/585 443/584 446/589
f 1020/1868 1010/1867 1009/1869 1021/1870
f 1020/1868 1021/1870 1022/1871 444/585
f 1022/1872 1021/1873 1023/1874 1024/1875
f 1022/1872 1024/1875 1025/1876 1026/1877
f 1022/1871 1026/1878 440/586 444/585
f 1026/1879 1025/1880 1027/1881 1028/1882
f 1026/1879 1028/1882 441/1883 440/1884
f 1028/1882 1027/1881 411/530 1029/1885
f 1028/1882 1029/1885 1030/1886 441/1883
f 1029/1887 411/1888 410/1889 991/1890
f 1029/1887 991/1890 989/1891 1030/1892
f 1027/1893 1025/1876 1031/1894 1032/1895
f 1027/1881 1032/1896 412/531 411/530
f 1032/1895 1031/1894 1033/1897 1034/1898
f 1032/1899 1034/1900 413/1901 412/1902
f 1034/1900 1033/1903 1035/1904 1036/1905
f 1034/1900 1036/1905 1037/1906 413/1901
f 1037/1906 1036/1905 1038/1907 177/1908
f 1037/1906 177/1908 12/1909 191/1910
f 1037/1906 191/1910 414/1911 413/1901
f 1038/1907 1039/1912 147/35 151/41
f 1038/1907 151/41 150/40 177/1908
f 1038/1907 1036/1905 1035/1904 1039/1912
f 1039/1913 1040/1914 145/32 147/1915
f 1039/1913 1035/1916 1041/1917 1040/1914
f 1041/1917 1042/1918 1043/1919 1040/1914
f 1041/1917 1035/1916 1033/1897 1044/1920
f 1041/1917 1044/1920 1045/1921 1042/1918
f 1045/1921 1046/1922 1047/1923 1042/1918
f 1045/1921 1044/1920 1048/1924 1049/1925
f 1045/1921 1049/1925 1050/1926 1046/1922
f 1050/1926 1005/1927 1051/1928 1046/1922
f 1050/1926 1049/1925 1023/1874 1008/1929
f 1050/1926 1008/1929 1006/1930 1005/1927
f 1051/1931 1052/1932 1053/1933 1054/1934
f 1051/1928 1054/1935 1047/1923 1046/1922
f 1051/1931 1005/1832 1004/1831 1052/1932
f 1054/1934 1053/1933 1055/1936 1056/1937
f 1054/1938 1056/1939 1057/1940 1047/1941
f 1057/1940 1056/1939 139/1942 138/1943
f 1057/1944 138/12 137/11 1043/1919
f 1057/1944 1043/1919 1042/1918 1047/1923
f 1056/1937 1055/1936 1058/1945 139/1946
f 1058/1945 1059/1947 226/1948 1060/1949
f 1058/1945 1060/1949 140/1950 139/1946
f 1058/1945 1055/1936 1061/1951 1059/1947
f 1061/1952 163/1953 162/1954 1059/1955
f 1061/1956 1055/1957 1053/1958 1062/1959
f 1061/1956 1062/1959 1063/1960 163/1961
f 1063/1962 1064/1963 164/1964 163/1953
f 1063/1960 1062/1959 1065/1965 1066/1966
f 1063/1960 1066/1966 1067/1967 1064/1968
f 1067/1967 420/547 1068/1969 1064/1968
f 1067/1967 1066/1966 995/1819 994/1970
f 1067/1967 994/1970 415/548 420/547
f 1068/1971 174/86 10/74 165/79
f 1068/1971 165/79 164/1964 1064/1963
f 1068/1969 420/547 419/546 174/1972
f 1066/1966 1065/1965 997/1820 995/1819
f 1065/1965 1062/1959 1053/1958 1052/1973
f 1065/1965 1052/1973 1004/1829 997/1820
f 1060/1974 226/181 225/180 161/61
f 1060/1974 161/61 141/19 140/18
f 1059/1955 162/1954 167/182 226/181
f 1049/1925 1048/1924 1024/1875 1023/1874
f 1048/1924 1044/1920 1033/1897 1031/1894
f 1048/1924 1031/1894 1025/1876 1024/1875
f 1043/1919 137/11 145/32 1040/1914
f 1023/1874 1021/1873 1009/1975 1008/1929
f 984/1803 982/1976 479/659 478/664
f 982/1792 981/1791 483/677 479/676
f 981/1791 499/700 480/699 483/677
f 979/1784 500/702 497/696 499/700
f 974/1772 972/1768 505/1977 504/1978
f 972/1768 971/1767 538/1979 505/1977
f 971/1767 966/1752 647/1008 538/1979
f 647/1980 127/1981 539/783 538/782
f 641/1982 126/1001 1069/1983 526/1984
f 641/1985 526/1986 517/1987 516/1988
f 1069/1983 126/1001 511/1004 510/1989
f 1069/1990 510/725 509/723 543/1991
f 1069/1990 543/1991 527/1992 526/1993
f 626/976 625/975 498/708 503/707
f 625/975 616/1994 495/1995 498/708
f 624/1996 613/1997 609/1998 115/1999
f 623/969 192/117 179/100 1070/2000
f 623/969 1070/2000 1071/2001 1072/2002
f 623/969 1072/2002 1073/2003 621/967
f 1073/2003 1074/2004 622/968 621/967
f 1073/2003 1072/2002 1075/2005 487/682
f 1073/2003 487/682 486/681 1074/2004
f 1074/2004 494/691 496/694 622/968
f 1074/2004 486/681 488/683 494/691
f 1072/2002 1071/2001 1076/2006 1075/2005
f 1070/2000 179/100 13/91 176/90
f 1070/2000 176/90 67/543 1071/2001
f 622/968 496/694 118/950 620/963
f 619/965 614/946 1077/2007 1078/2008
f 619/962 1078/2009 194/118 193/120
f 1078/2010 1077/2011 113/2012 1079/2013
f 1078/2014 1079/2015 196/124 194/123
f 1079/2016 113/2017 211/156 210/155
f 1079/2018 210/2019 199/2020 196/2021
f 625/2022 121/2023 629/2024 122/2025
f 616/951 625/2026 122/2027 117/948
f 616/951 118/950 496/694 495/693
f 1077/2028 614/942 606/941 114/2029
f 1077/2011 114/2030 604/2031 113/2012
f 603/920 254/1726 212/2032 211/921
f 600/2033 216/169 21/166 220/174
f 599/2034 207/144 206/143 217/2035
f 581/876 75/633 466/636 577/868
f 581/876 580/875 568/850 567/849
f 581/876 567/849 462/855 75/633
f 555/824 523/2036 522/2037 551/827
f 554/822 531/2038 94/770 537/775
f 554/822 537/775 520/745 523/744
f 553/2039 544/2040 528/2041 531/2042
f 553/2039 552/2043 545/2044 544/2040
f 551/811 522/2045 524/2046 550/812
f 550/808 524/2047 547/802 546/801
f 99/2048 521/1206 744/1205 749/1211
f 757/2049 548/2050 99/2051 749/2052
f 547/803 519/737 525/759 529/758
f 543/2053 508/2054 532/768 527/767
f 96/2055 128/2056 530/769 532/768
f 537/775 536/774 521/1206 520/745
f 525/759 519/737 513/729 517/733
f 488/683 485/680 484/2057 481/692
f 485/2058 424/2059 477/2060 484/2061
f 478/2062 423/2063 422/2064 988/2065
f 472/2066 461/624 447/2067 442/2068
f 472/2066 442/2068 70/2069 439/2070
f 472/2066 471/2071 459/625 461/624
f 471/2072 79/2073 448/603 453/602
f 471/2072 453/602 454/605 459/2074
f 455/606 454/605 453/602 452/601
f 451/598 450/597 430/570 436/569
f 450/595 449/594 431/1801 430/2075
f 441/577 1030/2076 1080/2077 437/578
f 438/1764 437/2078 1080/2079 68/555
f 1080/2080 1030/1892 989/1891 988/2081
f 1080/2082 988/2065 422/2064 68/2083
f 426/556 68/555 417/544 187/111
f 68/559 429/560 418/542 417/541
f 1076/2006 1071/2001 67/543 418/542
f 1076/2006 418/542 429/560 1075/2005
f 421/550 66/549 425/554 487/682
f 421/550 487/682 1075/2005 429/560
f 419/2084 1081/2085 175/2086 174/2087
f 1081/2088 67/543 176/90 175/89
f 1081/2089 419/2090 65/2091 67/2092
f 414/539 191/115 190/114 186/110
f 409/527 406/524 1082/2093 1083/2094
f 409/2095 1083/2096 1084/2097 1085/2098
f 409/2095 1085/2098 1086/2099 407/2100
f 1086/2101 1085/2102 1087/2103 1088/2104
f 1086/2101 1088/2104 1089/2105 1090/2106
f 1086/2099 1090/2107 408/2108 407/2100
f 1090/2106 1089/2105 1091/2109 1092/2110
f 1090/2111 1092/2112 1093/2113 408/2114
f 1093/2115 1094/2116 404/522 408/526
f 1093/2117 1092/2118 1095/2119 1096/2120
f 1093/2117 1096/2120 1097/2121 1094/2122
f 1097/2121 398/512 400/511 1094/2122
f 1097/2123 1096/2124 1098/2125 1099/2126
f 1097/2123 1099/2126 399/507 398/506
f 1099/2127 1098/2128 394/499 393/498
f 1099/2127 393/498 395/500 399/2129
f 1098/2130 1096/2131 1095/2132 1100/2133
f 1098/2130 1100/2133 1101/2134 394/2135
f 1101/2134 1100/2133 1102/2136 1103/2137
f 1101/2138 1103/2139 1104/2140 1105/2141
f 1101/2142 1105/2143 390/495 394/499
f 1105/2141 1104/2140 1106/2144 1107/2145
f 1105/2143 1107/2146 391/496 390/495
f 1107/2145 1106/2144 1108/2147 1109/2148
f 1107/2146 1109/2149 1110/2150 391/496
f 1110/2150 1111/2151 392/497 391/496
f 1110/2152 1109/2153 1112/2154 1113/2155
f 1110/2152 1113/2155 1114/2156 1111/2157
f 1114/2158 402/516 401/515 1111/2159
f 1114/2160 1113/2161 1083/2162 1082/2163
f 1114/2160 1082/2163 403/519 402/518
f 1113/2161 1112/2164 1084/2165 1083/2162
f 1112/2154 1109/2153 1108/2166 1115/2167
f 1112/2168 1115/2169 1116/2170 1084/2171
f 1116/2170 1115/2169 1117/2172 1118/2173
f 1116/2170 1118/2173 1119/2174 1087/2103
f 1116/2175 1087/2176 1085/2098 1084/2097
f 1119/2174 1118/2173 1120/2177 1121/2178
f 1119/2174 1121/2178 1122/2179 1123/2180
f 1119/2174 1123/2180 1088/2104 1087/2103
f 1123/2180 1122/2179 1124/2181 1125/2182
f 1123/2180 1125/2182 1089/2105 1088/2104
f 1125/2182 1124/2181 1126/2183 1127/2184
f 1125/2182 1127/2184 1091/2109 1089/2105
f 1127/2184 1126/2183 1128/2185 1129/2186
f 1127/2187 1129/2188 1130/2189 1091/2190
f 1130/2189 1095/2119 1092/2118 1091/2190
f 1130/2191 1129/2192 1131/2193 1102/2136
f 1130/2191 1102/2136 1100/2133 1095/2132
f 1131/2193 1129/2192 1128/2194 1132/2195
f 1131/2196 1132/2197 1133/2198 1134/2199
f 1131/2193 1134/2200 1103/2137 1102/2136
f 1134/2199 1133/2198 1135/2201 1136/2202
f 1134/2199 1136/2202 1104/2140 1103/2139
f 1136/2202 1135/2201 1137/2203 1138/2204
f 1136/2202 1138/2204 1106/2144 1104/2140
f 1138/2204 1137/2203 1139/2205 1140/2206
f 1138/2204 1140/2206 1108/2147 1106/2144
f 1140/2207 1139/2208 1141/2209 1117/2210
f 1140/2207 1117/2210 1115/2167 1108/2166
f 1141/2209 1139/2208 1142/2211 1143/2212
f 1141/2213 1143/2214 1144/2215 1120/2177
f 1141/2213 1120/2177 1118/2173 1117/2172
f 1144/2215 1143/2214 1145/2216 1146/2217
f 1144/2215 1146/2217 1147/2218 1148/2219
f 1144/2215 1148/2219 1121/2178 1120/2177
f 1148/2219 1147/2218 1149/2220 1150/2221
f 1148/2219 1150/2221 1122/2179 1121/2178
f 1150/2221 1149/2220 1151/2222 1152/2223
f 1150/2221 1152/2223 1124/2181 1122/2179
f 1152/2223 1151/2222 1153/2224 1154/2225
f 1152/2223 1154/2225 1126/2183 1124/2181
f 1154/2226 1153/2227 1155/2228 1156/2229
f 1154/2230 1156/2231 1128/2232 1126/2233
f 1156/2234 1155/2235 1157/2236 1158/2237
f 1156/2234 1158/2237 1132/2238 1128/2239
f 1158/2240 1157/2241 1159/2242 1160/2243
f 1158/2237 1160/2244 1133/2245 1132/2238
f 1160/2243 1159/2242 1161/2246 1162/2247
f 1160/2243 1162/2247 1135/2201 1133/2198
f 1162/2247 1161/2246 1163/2248 1164/2249
f 1162/2247 1164/2249 1137/2203 1135/2201
f 1164/2250 1163/2251 1165/2252 1142/2253
f 1164/2250 1142/2253 1139/2254 1137/2255
f 1165/2252 1163/2251 1166/2256 1167/2257
f 1165/2252 1167/2257 1168/2258 1145/2259
f 1165/2252 1145/2259 1143/2260 1142/2253
f 1168/2261 1167/2262 133/30 144/29
f 1168/2263 144/2264 143/55 159/54
f 1168/2263 159/54 1146/2217 1145/2216
f 1167/2257 1166/2256 1/1 133/6
f 1166/2265 1163/2248 1161/2246 1169/2266
f 1166/2256 1169/2267 134/7 1/1
f 1169/2266 1161/2246 1159/2242 1170/2268
f 1169/2266 1170/2268 1171/2269 134/2270
f 1171/2269 1170/2268 1172/2271 266/255
f 1171/2269 266/255 265/254 271/262
f 1171/2272 271/2273 135/8 134/7
f 1172/2274 1157/2236 1155/2235 1173/2275
f 1172/2274 1173/2275 267/2276 266/2277
f 1172/2271 1170/2268 1159/2242 1157/2241
f 1173/2278 1155/2228 1153/2227 1174/2279
f 1173/2280 1174/2281 1175/2282 267/2283
f 1175/2284 1174/2285 1176/2286 1177/2287
f 1175/2284 1177/2287 256/235 258/238
f 1175/2282 258/2288 262/2289 267/2283
f 1177/2287 1176/2286 157/52 156/51
f 1177/2287 156/51 155/236 256/235
f 1176/2286 1151/2222 1149/2220 157/52
f 1176/2286 1174/2285 1153/2224 1151/2222
f 1149/2220 1147/2218 158/53 157/52
f 1147/2218 1146/2217 159/54 158/53
f 1111/2159 401/515 395/2290 392/2291
f 1094/2116 400/2292 405/523 404/522
f 1082/2093 406/524 405/523 403/2293
f 405/523 400/2292 397/2294 403/2293
f 401/515 396/514 399/2295 395/2290
f 384/483 373/482 372/2296 1178/2297
f 384/483 1178/2297 377/471 1179/2298
f 384/483 1179/2298 1180/2299 382/484
f 1180/2300 1181/2301 383/2302 382/2303
f 1180/2304 1179/2305 1182/2306 1183/2307
f 1180/2300 1183/2308 1184/2309 1181/2301
f 1184/2310 369/454 368/453 1181/2311
f 1184/2309 1183/2308 1185/2312 1186/2313
f 1184/2310 1186/2314 370/455 369/454
f 1186/2314 1185/2315 1187/2316 1188/2317
f 1186/2314 1188/2317 1189/2318 370/455
f 1189/2318 1190/2319 365/456 370/455
f 1189/2320 1188/2321 1191/2322 1192/2323
f 1189/2320 1192/2323 1193/2324 1190/2325
f 1193/2324 1194/2326 1195/2327 1190/2325
f 1193/2324 1192/2323 1196/2328 1197/2329
f 1193/2324 1197/2329 1198/2330 1194/2326
f 1198/2330 1199/2331 1200/2332 1194/2326
f 1198/2330 1197/2329 1201/2333 1202/2334
f 1198/2330 1202/2334 1203/2335 1199/2331
f 1203/2335 1204/2336 1205/2337 1199/2331
f 1203/2338 1202/2339 1206/2340 1207/2341
f 1203/2338 1207/2341 1208/2342 1204/2343
f 1208/2344 1209/2345 1210/2346 1204/2347
f 1208/2342 1207/2341 1211/2348 1212/2349
f 1208/2344 1212/2350 1213/2351 1209/2345
f 1213/2352 297/309 1214/2353 1209/2354
f 1213/2351 1212/2350 1215/2355 1216/2356
f 1213/2352 1216/2357 298/310 297/309
f 1216/2356 1215/2355 1217/2358 1218/2359
f 1216/2357 1218/2360 303/2361 298/310
f 1218/2362 1217/2363 1219/2364 1220/2365
f 1218/2366 1220/2367 304/322 303/2368
f 1220/2365 1219/2364 310/2369 309/2370
f 1220/2367 309/336 305/323 304/322
f 1219/2371 1217/2372 296/307 295/304
f 1219/2371 295/304 294/303 310/332
f 1217/2373 1215/2374 1221/2375 296/2376
f 1221/2375 1215/2374 1212/2349 1211/2348
f 1221/2375 1211/2348 292/299 291/298
f 1221/2375 291/298 290/297 296/2376
f 1214/2353 1222/2377 1223/2378 1224/2379
f 1214/2353 1224/2379 1210/2380 1209/2354
f 1214/2353 297/309 40/308 1222/2377
f 1224/2381 1223/2382 1225/2383 1226/2384
f 1224/2385 1226/2386 1227/2387 1210/2388
f 1227/2387 1226/2386 1228/2389 1229/2390
f 1227/2391 1229/2392 1230/2393 1205/2394
f 1227/2391 1205/2394 1204/2347 1210/2346
f 1230/2393 1229/2392 1231/2395 1232/2396
f 1230/2397 1232/2398 1233/2399 1200/2332
f 1230/2397 1200/2332 1199/2331 1205/2337
f 1233/2399 1232/2398 1234/2400 1235/2401
f 1233/2402 1235/2403 366/449 1195/2404
f 1233/2399 1195/2327 1194/2326 1200/2332
f 1235/2403 1234/2405 1236/2406 1237/2407
f 1235/2403 1237/2407 367/450 366/449
f 1237/2407 1236/2406 375/2408 1238/2409
f 1237/2407 1238/2409 368/2410 367/450
f 1238/2411 375/2412 374/2413 383/2414
f 1238/2411 383/2414 1181/2415 368/2416
f 1236/2417 1239/2418 371/464 375/463
f 1236/2417 1234/2419 1240/2420 1239/2418
f 1240/2421 1241/2422 1242/2423 1239/2424
f 1240/2425 1234/2426 1232/2396 1231/2395
f 1240/2421 1231/2427 1243/2428 1241/2422
f 1243/2428 1244/2429 1245/2430 1241/2422
f 1243/2431 1231/2432 1229/2433 1228/2434
f 1243/2431 1228/2434 1246/2435 1244/2436
f 1246/2437 1247/2438 1248/2439 1244/2440
f 1246/2437 1228/2441 1226/2384 1225/2383
f 1246/2437 1225/2383 1249/2442 1247/2438
f 1249/2442 1250/2443 1251/2444 1247/2438
f 1249/2442 1225/2383 1223/2382 1252/2445
f 1249/2442 1252/2445 1253/2446 1250/2443
f 1253/2446 1254/2447 1255/2448 1250/2443
f 1253/2449 1252/2450 1256/2451 1257/2452
f 1253/2449 1257/2452 1258/2453 1254/2454
f 1258/2453 1259/2455 1260/2456 1254/2454
f 1258/2453 1257/2452 1261/2457 1262/2458
f 1258/2453 1262/2458 1263/2459 1259/2455
f 1263/2460 1264/2461 1265/2462 1259/2463
f 1263/2459 1262/2458 1266/2464 264/2465
f 1263/2460 264/2466 263/2467 1264/2461
f 1266/2464 1262/2458 1261/2457 1267/2468
f 1266/2469 1267/2470 272/2471 35/260
f 1266/2469 35/260 265/254 264/253
f 1267/2468 1261/2457 301/2472 300/2473
f 1267/2474 300/313 1268/2475 272/2476
f 1268/2475 300/313 284/312 283/2477
f 1268/2475 283/2477 1269/2478 1270/2479
f 1268/2475 1270/2479 273/2480 272/2476
f 1270/2481 1269/2482 1271/2483 1272/2484
f 1270/2481 1272/2484 242/210 273/2485
f 1272/2486 1271/2487 1273/2488 1274/2489
f 1272/2486 1274/2489 240/2490 242/2491
f 1274/2489 1273/2488 245/2492 244/2493
f 1274/2489 244/2493 241/2494 240/2490
f 1273/2495 1271/2496 1275/2497 1276/2498
f 1273/2499 1276/2500 249/2501 245/2502
f 1276/2503 1275/2504 1277/2505 1278/2506
f 1276/2503 1278/2506 250/2507 249/2508
f 1278/2506 1277/2505 236/201 233/200
f 1278/2509 233/195 232/194 250/224
f 1277/2505 1275/2504 282/2510 281/2511
f 1277/2505 281/2511 1279/2512 236/201
f 1279/2513 281/2514 36/273 279/276
f 1279/2513 279/276 269/2515 1280/2516
f 1279/2512 1280/2517 234/197 236/201
f 1280/2518 269/2519 268/2520 1281/2521
f 1280/2517 1281/2522 235/198 234/197
f 1281/2521 268/2520 1282/2523 1283/2524
f 1281/2521 1283/2524 1284/2525 235/2526
f 1284/2525 1283/2524 1285/2527 1286/2528
f 1284/2529 1286/2530 1287/2531 1288/2532
f 1284/2529 1288/2532 231/193 235/2533
f 1288/2532 1287/2531 252/226 251/225
f 1288/2532 251/225 232/194 231/193
f 1287/2534 1286/2535 1289/2536 1290/2537
f 1287/2538 1290/2539 247/2540 252/2541
f 1290/2542 1289/2543 1291/2544 1292/2545
f 1290/2542 1292/2545 243/213 247/220
f 1292/2545 1291/2544 238/204 237/203
f 1292/2545 237/203 241/207 243/213
f 1291/2546 1289/2547 1293/2548 1294/2549
f 1291/2546 1294/2549 275/267 238/2550
f 1294/2549 1293/2548 1295/2551 1296/2552
f 1294/2549 1296/2552 270/268 275/267
f 1296/2552 1295/2551 5/2 135/8
f 1296/2552 135/8 271/2273 270/268
f 1295/2553 1297/2554 152/2555 5/2556
f 1295/2557 1293/2558 1285/2559 1297/2560
f 1297/2561 1282/2562 260/2563 152/2564
f 1297/2565 1285/2527 1283/2524 1282/2523
f 1293/2558 1289/2536 1286/2535 1285/2559
f 1282/2562 268/257 261/256 260/2563
f 1275/2497 1271/2496 1269/2566 282/2567
f 1269/2566 283/2568 37/2569 282/2567
f 1265/2570 1298/2571 1299/2572 1300/2573
f 1265/2462 1300/2574 1260/2575 1259/2463
f 1265/2570 1264/2576 1301/2577 1298/2571
f 1301/2577 288/293 1302/2578 1298/2571
f 1301/2577 1264/2576 263/2579 257/2580
f 1301/2577 257/2580 30/294 288/293
f 1302/2578 1303/2581 1201/2582 1304/2583
f 1302/2578 1304/2583 1299/2572 1298/2571
f 1302/2578 288/293 287/292 1303/2581
f 1304/2584 1201/2333 1197/2329 1196/2328
f 1304/2584 1196/2328 1305/2585 1299/2586
f 1305/2585 1196/2328 1192/2323 1191/2322
f 1305/2585 1191/2322 1306/2587 1307/2588
f 1305/2585 1307/2588 1300/2589 1299/2586
f 1307/2590 1306/2591 1308/2592 1309/2593
f 1307/2590 1309/2593 1260/2575 1300/2574
f 1309/2594 1308/2595 1310/2596 1255/2597
f 1309/2594 1255/2597 1254/2454 1260/2456
f 1310/2596 1308/2595 1311/2598 1312/2599
f 1310/2600 1312/2601 1313/2602 1251/2444
f 1310/2600 1251/2444 1250/2443 1255/2448
f 1313/2602 1312/2601 380/2603 379/2604
f 1313/2602 379/2604 381/2605 1248/2439
f 1313/2602 1248/2439 1247/2438 1251/2444
f 1312/2606 1311/2607 1314/2608 380/2609
f 1314/2608 1185/2610 1183/2611 1182/2612
f 1314/2613 1182/2614 376/470 380/474
f 1314/2608 1311/2607 1187/2615 1185/2610
f 1311/2607 1308/2592 1306/2591 1187/2615
f 1306/2587 1191/2322 1188/2321 1187/2616
f 1303/2617 1206/2618 1202/2334 1201/2333
f 1303/2619 287/300 292/299 1206/2340
f 1261/2457 1257/2452 1256/2451 301/2472
f 1256/2620 1252/2445 1223/2382 1222/2621
f 1256/2622 1222/2377 40/308 301/314
f 1248/2439 381/2605 1245/2623 1244/2440
f 1245/2430 381/477 378/476 1315/2624
f 1245/2430 1315/2624 1242/2423 1241/2422
f 1315/2625 378/472 377/471 1178/2297
f 1315/2624 1178/2626 372/2627 1242/2423
f 1242/2423 372/2627 371/2628 1239/2424
f 1211/2348 1207/2341 1206/2340 292/299
f 1195/2327 366/2629 365/2630 1190/2325
f 1182/2614 1179/2298 377/471 376/470
f 352/410 351/409 333/379 336/378
f 351/406 350/405 334/2631 333/2632
f 313/342 294/303 293/302 277/2633
f 313/342 277/2633 276/2634 311/343
f 313/342 307/333 310/332 294/303
f 312/339 311/338 276/280 280/279
f 312/2635 280/290 286/289 306/325
f 312/339 306/2636 305/2637 308/340
f 303/319 302/318 299/316 298/2638
f 302/318 286/289 285/288 299/316
f 293/302 289/306 278/2639 277/2633
f 289/296 38/295 255/275 278/274
f 279/2640 255/233 34/232 269/258
f 275/2641 274/2642 239/209 238/2643
f 274/2642 273/2485 242/210 239/209
f 263/2579 262/2289 258/2288 257/2580
f 252/2541 247/2540 246/2644 248/2645
f 249/2501 248/2646 246/2647 245/2502
f 221/176 22/175 170/77 169/76
f 22/175 167/182 166/78 170/77
f 217/170 206/153 209/152 214/167
f 214/167 209/152 203/135 202/134
f 209/2648 205/2649 204/137 203/136
f 205/2649 197/2650 171/2651 204/137
f 204/2652 171/2653 11/2654 173/2655
f 201/133 18/132 150/40 149/39
f 198/2656 181/102 180/101 195/119
f 190/114 189/113 182/106 186/110
f 65/2657 419/2658 64/2659 414/2660
f 1316/2661 1492/2662 1493/2663 1318/2664
f 1316/2665 1321/2666 1494/2667 1492/2668
f 1316/2669 1318/2670 1317/2671 1321/2672
f 1317/2673 1495/2674 1494/2675 1321/2676
f 1317/2677 1318/2678 1493/2679 1495/2680
f 1319/2681 1320/2682 1327/2683 1325/2684
f 1319/2685 1325/2686 1496/2687 1497/2688
f 1319/2689 1497/2690 1498/2691 1320/2692
f 1320/2693 1498/2694 1499/2695 1327/2696
f 1322/2697 1324/2698 1500/2699 1501/2700
f 1322/2701 1501/2702 1502/2703 1503/2704
f 1322/2701 1503/2704 1504/2705 1323/2706
f 1322/2707 1323/2708 1506/2709 1324/2710
f 1324/2711 1506/2712 1507/2713 1334/2714
f 1325/2715 1327/2716 1499/2717 1496/2718
f 1326/2719 1498/2691 1497/2690 1508/2720
f 1328/2721 1499/2722 1498/2691 1326/2719
f 1326/2719 1508/2720 1329/2723 1328/2721
f 1328/2724 1509/2725 1496/2718 1499/2717
f 1328/2724 1510/2726 1511/2727 1512/2728
f 1328/2724 1512/2728 1513/2729 1509/2725
f 1329/2730 1508/2731 1410/2732 1514/2733
f 1329/2734 1514/2735 1515/2736 1516/2737
f 1329/2738 1517/2739 1518/2740 1328/2741
f 1329/2742 1516/2743 1519/2744 1517/2745
f 1330/2746 1520/2747 1521/2748 1410/2749
f 1330/2746 1522/2750 1523/2751 1520/2747
f 1330/2752 1331/2753 1334/2754 1490/2755
f 1331/2756 1513/2757 1333/2758 1334/2759
f 1331/2753 1508/2760 1509/2761 1513/2762
f 1333/2763 1524/2764 1525/2765 1526/2766
f 1333/2758 1513/2757 1512/2767 1524/2768
f 1334/2754 1507/2769 1527/2770 1490/2755
f 1335/2771 1338/2772 1528/2773 1529/2774
f 1335/2775 1529/2776 1530/2777 1336/2778
f 1335/2779 1336/2780 1337/2781 1338/2782
f 1336/2783 1530/2784 1531/2785 1337/2786
f 1337/2787 1531/2788 1528/2789 1338/2790
f 1339/2791 1341/2792 1340/2793 1342/2794
f 1340/2795 1532/2796 1533/2797 1342/2798
f 1340/2793 1341/2792 1534/2799 1532/2800
f 1341/2801 1339/2802 1535/2803 1534/2804
f 1342/2805 1533/2806 1535/2807 1339/2808
f 1343/2809 1344/2810 1536/2811 1537/2812
f 1343/2813 1538/2814 1539/2815 1344/2816
f 1343/2817 1537/2818 1347/2819 1538/2820
f 1344/2821 1539/2822 1540/2823 1536/2824
f 1345/2825 1346/2826 1541/2827 1542/2828
f 1345/2829 1542/2830 1347/2831 1537/2832
f 1345/2833 1537/2812 1536/2811 1346/2834
f 1346/2835 1536/2824 1540/2823 1541/2836
f 1347/2837 1543/2838 1544/2839 1545/2840
f 1348/2841 1546/2842 1547/2843 1548/2844
f 1348/2845 1548/2846 1549/2847 1349/2848
f 1348/2849 1349/2850 1356/2851 1546/2852
f 1349/2853 1549/2854 1550/2855 1356/2856
f 1350/2857 1351/2858 1355/2859 1550/2860
f 1350/2861 1550/2855 1549/2854 1551/2862
f 1350/2863 1552/2864 1553/2865 1554/2866
f 1353/2867 1354/2868 1547/2843 1546/2842
f 1351/2869 1361/2870 1354/2871 1353/2872
f 1351/2873 1353/2867 1546/2842 1355/2874
f 1351/2869 1352/2875 1555/2876 1361/2870
f 1352/2877 1554/2866 1389/2878 1362/2879
f 1354/2868 1556/2880 1390/2881 1557/2882
f 1354/2868 1557/2882 1366/2883 1547/2843
f 1355/2884 1546/2885 1356/2886 1550/2887
f 1357/2888 1558/2889 1556/2880 1354/2868
f 1357/2890 1354/2891 1361/2892 1555/2893
f 1360/2894 1555/2895 1352/2896 1362/2897
f 1360/2898 1362/2899 1556/2900 1558/2901
f 1362/2902 1559/2903 1390/2904 1556/2905
f 1362/2879 1389/2878 1560/2906 1559/2907
f 1363/2908 1561/2909 1562/2910 1366/2883
f 1363/2911 1365/2912 1563/2913 1561/2914
f 1363/2908 1564/2915 1565/2916 1475/2917
f 1363/2908 1475/2917 1566/2918 1567/2919
f 1363/2920 1567/2921 1568/2922 1365/2923
f 1364/2924 1569/2925 1563/2926 1365/2927
f 1364/2928 1365/2929 1570/2930 1476/2931
f 1366/2932 1562/2933 1571/2934 1572/2935
f 1366/2936 1572/2937 1551/2938 1367/2939
f 1366/2883 1557/2882 1564/2915 1363/2908
f 1366/2883 1367/2940 1548/2844 1547/2843
f 1368/2941 1573/2942 1372/2943 1574/2944
f 1368/2945 1575/2946 1369/2947 1576/2948
f 1368/2949 1576/2950 1385/2951 1573/2952
f 1369/2953 1575/2954 1577/2955 1370/2956
f 1369/2957 1370/2958 1578/2959 1472/2960
f 1369/2957 1579/2961 1580/2962 1576/2963
f 1370/2964 1581/2965 1471/2966 1578/2967
f 1370/2964 1582/2968 1473/2969 1581/2965
f 1371/2970 1372/2971 1583/2972 1584/2973
f 1371/2974 1582/2975 1370/2976 1372/2977
f 1371/2978 1552/2979 1545/2840 1582/2968
f 1371/2980 1585/2981 1553/2865 1552/2864
f 1371/2982 1584/2983 1586/2984 1585/2985
f 1372/2986 1370/2987 1577/2988 1574/2989
f 1372/2990 1383/2991 1587/2992 1583/2993
f 1372/2994 1573/2995 1588/2996 1589/2997
f 1372/2998 1589/2999 1590/3000 1383/3001
f 1373/3002 1594/3003 1580/2962 1579/2961
f 1373/3004 1579/3005 1595/3006 1596/3007
f 1373/3002 1596/3008 1597/3009 1594/3003
f 1374/3010 1525/3011 1524/3012 1598/3013
f 1375/3014 1600/3015 1525/3016 1374/3017
f 1374/3017 1598/3018 1599/3019 1375/3014
f 1375/3014 1596/3007 1595/3006 1601/3020
f 1375/3014 1599/3019 1597/3021 1596/3007
f 1375/3022 1602/3023 1603/3024 1600/3025
f 1375/3026 1601/3027 1604/3028 1464/3029
f 1375/3026 1464/3029 1605/3030 1602/3031
f 1376/3032 1606/3033 1607/3034 1396/3035
f 1376/3036 1396/3037 1395/3038 1397/3039
f 1376/3040 1397/3041 1608/3042 1606/3043
f 1377/3044 1609/3045 1610/3046 1611/3047
f 1377/3048 1612/3049 1378/3050 1609/3051
f 1378/3052 1613/3053 1379/3054 1614/3055
f 1378/3056 1612/3057 1615/3058 1613/3059
f 1379/3054 1613/3053 1616/3060 1617/3061
f 1379/3054 1599/3062 1598/3063 1614/3055
f 1380/3064 1618/3065 1379/3054 1617/3061
f 1380/3066 1619/3067 1620/3068 1621/3069
f 1380/3070 1617/3071 1454/3072 1622/3073
f 1380/3074 1623/3075 1624/3076 1619/3077
f 1380/3064 1621/3078 1381/3079 1618/3065
f 1381/3079 1594/3003 1597/3009 1618/3065
f 1381/3079 1621/3078 1625/3080 1626/3081
f 1382/3082 1627/3083 1628/3084 1590/3085
f 1382/3086 1629/3087 1630/3088 1631/3089
f 1382/3090 1590/3000 1589/2999 1629/3091
f 1383/3092 1590/3085 1628/3084 1384/3093
f 1384/3094 1632/3095 1448/3096 1633/3097
f 1385/3098 1634/3099 1588/2996 1573/2995
f 1385/3100 1628/3101 1627/3102 1634/3103
f 1385/3104 1576/3105 1580/3106 1635/3107
f 1386/3108 1636/3109 1637/3110 1638/3111
f 1386/3112 1435/3113 1639/3114 1636/3115
f 1386/3116 1560/3117 1389/3118 1640/3119
f 1386/3120 1640/3121 1641/3122 1435/3123
f 1386/3124 1638/3125 1642/3126 1643/3127
f 1386/3128 1643/3129 1391/3130 1560/3131
f 1387/3132 1393/3133 1644/3134 1645/3135
f 1387/3136 1645/3137 1646/3138 1647/3139
f 1387/3140 1647/3141 1648/3142 1393/3143
f 1388/3144 1444/3145 1565/2916 1564/2915
f 1388/3144 1564/2915 1557/2882 1390/2881
f 1388/3146 1649/3147 1642/3126 1638/3125
f 1388/3144 1390/2881 1650/3148 1649/3149
f 1389/2878 1554/2866 1553/2865 1651/3150
f 1389/3151 1651/3152 1652/3153 1640/3121
f 1383/3154 1651/3150 1553/2865 1585/2981
f 1383/3155 1384/3094 1652/3153 1651/3152
f 1383/3156 1585/3157 1586/3158 1587/3159
f 1650/3160 1653/3161 1392/3162 1649/3163
f 1391/3164 1653/3165 1559/3166 1560/3167
f 1391/3168 1643/3169 1392/3170 1653/3171
f 1394/3172 1654/3173 1655/3174 1656/3175
f 1394/3176 1656/3177 1657/3178 1648/3179
f 1395/3180 1658/3181 1608/3182 1397/3183
f 1395/3184 1396/3185 1607/3186 1658/3187
f 1398/3188 1659/3189 1518/3190 1660/3191
f 1398/3192 1406/3193 1519/3194 1659/3195
f 1399/3196 1661/3197 1662/3198 1401/3199
f 1399/3200 1402/3201 1663/3202 1661/3203
f 1399/3204 1401/3205 1400/3206 1402/3207
f 1400/3208 1401/3209 1662/3210 1664/3211
f 1400/3212 1664/3213 1663/3214 1402/3215
f 1404/3216 1665/3217 1667/3218 1668/3219
f 1403/3220 1404/3216 1668/3219 1669/3221
f 1403/3222 1666/3223 1665/3224 1404/3225
f 1378/3226 1614/3227 1515/2736 1514/2735
f 1407/3228 1408/3229 1419/3230 1409/3231
f 1407/3232 1409/3233 1671/3234 1672/3235
f 1407/3236 1672/3237 1673/3238 1408/3239
f 1408/3240 1673/3241 1674/3242 1419/3243
f 1409/3244 1419/3245 1674/3246 1671/3247
f 1411/3248 1459/3249 1458/3250 1521/3251
f 1411/3248 1521/3251 1520/3252 1675/3253
f 1411/3254 1675/3255 1676/3256 1677/3257
f 1412/3258 1413/3259 1414/3260 1420/3261
f 1412/3262 1678/3263 1679/3264 1413/3265
f 1412/3266 1420/3267 1680/3268 1678/3269
f 1413/3270 1679/3271 1681/3272 1414/3273
f 1414/3274 1681/3275 1680/3276 1420/3277
f 1415/3278 1416/3279 1682/3280 1683/3281
f 1415/3282 1418/3283 1417/3284 1416/3285
f 1415/3286 1683/3287 1684/3288 1418/3289
f 1416/3290 1417/3291 1685/3292 1682/3293
f 1417/3294 1418/3295 1684/3296 1685/3297
f 1421/3298 1686/3299 1687/3300 1422/3301
f 1421/3302 1423/3303 1688/3304 1686/3305
f 1421/3306 1422/3307 1424/3308 1423/3309
f 1422/3310 1687/3311 1689/3312 1424/3313
f 1423/3314 1424/3315 1689/3316 1688/3317
f 1425/3318 1428/3319 1426/3320 1427/3321
f 1425/3322 1690/3323 1691/3324 1428/3325
f 1425/3326 1427/3327 1692/3328 1690/3329
f 1427/3330 1426/3331 1693/3332 1692/3333
f 1428/3334 1691/3335 1693/3336 1426/3337
f 1429/3338 1694/3339 1695/3340 1696/3341
f 1429/3342 1696/3343 1697/3344 1698/3345
f 1429/3338 1683/3281 1682/3280 1694/3339
f 1429/3346 1698/3347 1684/3288 1683/3287
f 1430/3348 1699/3349 1700/3350 1431/3351
f 1430/3352 1431/3353 1433/3354 1432/3355
f 1430/3356 1432/3357 1701/3358 1699/3359
f 1431/3360 1700/3361 1702/3362 1433/3363
f 1432/3364 1433/3365 1702/3366 1701/3367
f 1434/3368 1623/3369 1380/3370 1622/3371
f 1434/3372 1626/3373 1625/3374 1623/3375
f 1434/3368 1622/3371 1705/3376 1706/3377
f 1434/3372 1632/3095 1707/3378 1626/3373
f 1434/3379 1706/3380 1702/3362 1700/3361
f 1435/3381 1708/3382 1709/3383 1639/3384
f 1435/3123 1641/3122 1436/3385 1710/3386
f 1436/3385 1711/3387 1712/3388 1710/3386
f 1436/3389 1713/3390 1438/3391 1711/3392
f 1712/3388 1711/3387 1714/3393 1437/3394
f 1437/3394 1715/3395 1710/3386 1712/3388
f 1437/3396 1714/3397 1716/3398 1715/3399
f 1438/3400 1717/3401 1714/3402 1711/3403
f 1439/3404 1720/3405 1704/3406 1703/3407
f 1439/3404 1721/3408 1722/3409 1720/3405
f 1439/3410 1723/3411 1449/3412 1724/3413
f 1440/3414 1725/3415 1726/3416 1441/3417
f 1440/3418 1441/3419 1727/3420 1728/3421
f 1440/3422 1728/3423 1442/3424 1725/3425
f 1441/3419 1726/3426 1479/3427 1727/3420
f 1442/3428 1729/3429 1730/3430 1725/3431
f 1442/3424 1728/3423 1731/3432 1729/3433
f 1443/3434 1478/3435 1730/3430 1729/3429
f 1443/3436 1732/3437 1733/3438 1478/3439
f 1443/3440 1729/3441 1731/3442 1445/3443
f 1443/3436 1445/3444 1734/3445 1735/3446
f 1444/3447 1708/3448 1715/3399 1716/3398
f 1444/3449 1736/3450 1709/3383 1708/3382
f 1444/3145 1716/3451 1719/3452 1734/3453
f 1444/3145 1734/3453 1445/3454 1565/2916
f 1446/3455 1737/3456 1447/3457 1738/3458
f 1450/3459 1739/3460 1737/3456 1446/3455
f 1446/3461 1738/3462 1721/3463 1450/3464
f 1447/3465 1737/3466 1740/3467 1741/3468
f 1447/3469 1741/3470 1742/3471 1473/3472
f 1448/3473 1743/3474 1452/3475 1449/3476
f 1448/3096 1722/3477 1744/3478 1633/3097
f 1448/3096 1449/3479 1720/3480 1722/3477
f 1449/3481 1452/3482 1745/3483 1724/3484
f 1450/3485 1724/3486 1745/3487 1746/3488
f 1450/3459 1746/3489 1747/3490 1739/3460
f 1451/3491 1748/3492 1705/3493 1749/3494
f 1451/3495 1750/3496 1457/3497 1748/3498
f 1451/3499 1751/3500 1752/3501 1750/3502
f 1451/3503 1749/3504 1696/3505 1695/3506
f 1451/3507 1753/3508 1754/3509 1751/3510
f 1452/3511 1743/3512 1699/3513 1701/3514
f 1452/3482 1748/3498 1457/3497 1745/3483
f 1453/3515 1755/3516 1756/3517 1455/3518
f 1453/3519 1695/3520 1757/3521 1758/3522
f 1454/3072 1617/3071 1616/3523 1759/3524
f 1454/3525 1697/3344 1696/3343 1749/3526
f 1454/3527 1758/3528 1757/3529 1697/3530
f 1453/3531 1758/3532 1760/3533 1755/3534
f 1455/3535 1756/3536 1762/3537 1763/3538
f 1456/3539 1746/3540 1745/3483 1457/3497
f 1456/3539 1457/3497 1466/3541 1764/3542
f 1456/3543 1765/3544 1766/3545 1767/3546
f 1456/3547 1767/3548 1747/3549 1746/3550
f 1456/3551 1764/3552 1601/3553 1595/3554
f 1456/3555 1768/3556 1769/3557 1765/3558
f 1458/3250 1459/3249 1756/3536 1755/3559
f 1458/3560 1755/3561 1760/3562 1611/3563
f 1458/3560 1611/3563 1610/3564 1770/3565
f 1459/3249 1411/3248 1762/3537 1756/3536
f 1460/3566 1461/3567 1771/3568 1772/3569
f 1460/3570 1772/3571 1773/3572 1774/3573
f 1462/3574 1775/3575 1776/3576 1463/3577
f 1463/3578 1777/3579 1688/3317 1689/3316
f 1463/3580 1689/3312 1687/3311 1778/3581
f 1779/3582 1780/3583 1491/3584 1605/3585
f 1464/3586 1465/3587 1779/3588 1605/3589
f 1465/3590 1781/3591 1782/3592 1779/3593
f 1465/3590 1489/3594 1604/3595 1781/3591
f 1466/3596 1783/3597 1784/3598 1785/3599
f 1466/3600 1763/3601 1762/3602 1783/3603
f 1466/3604 1785/3605 1786/3606 1782/3607
f 1466/3541 1782/3608 1781/3609 1764/3542
f 1467/3610 1787/3611 1788/3612 1789/3613
f 1766/3614 1469/3615 1787/3616 1467/3617
f 1467/3610 1789/3613 1767/3618 1766/3619
f 1468/3620 1790/3621 1472/3622 1791/3623
f 1468/3620 1791/3623 1789/3624 1788/3625
f 1470/3626 1739/3460 1747/3490 1792/3627
f 1471/2966 1581/2965 1793/3628 1474/3629
f 1470/3630 1792/3631 1471/3632 1474/3633
f 1470/3634 1740/3635 1737/3636 1739/3637
f 1471/3632 1792/3631 1789/3638 1791/3639
f 1472/3640 1578/3641 1794/3642 1795/3643
f 1473/2969 1742/3644 1793/3628 1581/2965
f 1470/3645 1474/3646 1796/3647 1797/3648
f 1474/3649 1793/3650 1798/3651 1796/3652
f 1475/3653 1799/3654 1800/3655 1801/3656
f 1475/2917 1565/2916 1445/3454 1799/3657
f 1475/3658 1801/3659 1802/3660 1566/3661
f 1476/3662 1570/3663 1803/3664 1477/3665
f 1476/3666 1477/3667 1478/3668 1543/3669
f 1477/3670 1800/3671 1804/3672 1805/3673
f 1477/3665 1803/3664 1801/3674 1800/3675
f 1477/3676 1805/3677 1730/3678 1478/3679
f 1478/3680 1733/3681 1544/3682 1543/3683
f 1479/3684 1804/3685 1806/3686 1727/3687
f 1479/3688 1726/3689 1805/3673 1804/3672
f 1480/3690 1808/3691 1809/3692 1810/3693
f 1481/3694 1811/3695 1812/3696 1482/3697
f 1481/3698 1482/3699 1802/3700 1813/3701
f 1481/3702 1813/3703 1814/3704 1811/3705
f 1482/3697 1812/3696 1566/2918 1802/3706
f 1483/3707 1811/3708 1814/3709 1568/3710
f 1483/3711 1484/3712 1812/3696 1811/3695
f 1484/3712 1567/2919 1566/2918 1812/3696
f 1484/3713 1483/3707 1568/3710 1567/3714
f 1480/3715 1815/3716 1816/3717 1817/3718
f 1480/3690 1810/3693 1818/3719 1815/3720
f 1480/3715 1817/3718 1796/3721 1798/3722
f 1485/3723 1819/3724 1820/3725 1487/3726
f 1485/3727 1488/3728 1821/3729 1819/3730
f 1485/3731 1487/3732 1486/3733 1488/3734
f 1486/3735 1487/3736 1820/3737 1822/3738
f 1486/3739 1822/3740 1821/3741 1488/3742
f 1490/3743 1784/3598 1783/3597 1677/3744
f 1490/3745 1527/3746 1603/3747 1784/3748
f 1490/3743 1677/3744 1676/3749 1330/3750
f 1823/3751 1779/3752 1782/3607 1786/3606
f 1823/3753 1786/3754 1605/3755 1491/3756
f 1822/3738 1820/3737 1818/3757 1824/3758
f 1822/3740 1824/3759 1816/3760 1821/3741
f 1824/3758 1818/3757 1810/3761 1825/3762
f 1824/3759 1825/3763 1817/3764 1816/3760
f 1825/3762 1810/3761 1809/3765 1797/3766
f 1825/3767 1797/3648 1796/3647 1817/3768
f 1821/3729 1816/3717 1815/3716 1819/3730
f 1820/3725 1819/3724 1815/3720 1818/3719
f 1814/3769 1813/3701 1803/3770 1570/3771
f 1814/3709 1570/2930 1365/2929 1568/3710
f 1813/3701 1802/3700 1801/3772 1803/3770
f 1809/3773 1808/3774 1741/3468 1740/3467
f 1809/3765 1740/3635 1470/3634 1797/3766
f 1808/3775 1807/3776 1742/3777 1741/3778
f 1807/3779 1798/3780 1793/3781 1742/3782
f 1806/3783 1804/3784 1800/3785 1799/3786
f 1806/3686 1799/3657 1445/3454 1731/3787
f 1806/3686 1731/3787 1728/3788 1727/3687
f 1805/3677 1726/3416 1725/3415 1730/3678
f 1794/3642 1826/3789 1827/3790 1795/3643
f 1794/3791 1578/3792 1471/3793 1828/3794
f 1794/3791 1828/3794 1829/3795 1826/3796
f 1829/3795 1534/3797 1535/3798 1826/3796
f 1829/3799 1828/3800 1830/3801 1831/3802
f 1829/3799 1831/3802 1532/2800 1534/2799
f 1831/3803 1830/3804 1795/3805 1827/3806
f 1831/3807 1827/3808 1533/2797 1532/2796
f 1827/3809 1826/3810 1535/2807 1533/2806
f 1830/3801 1828/3800 1471/3632 1791/3639
f 1830/3811 1791/3812 1472/3813 1795/3814
f 1792/3815 1747/3816 1767/3618 1789/3613
f 1468/3817 1832/3818 1833/3819 1469/3820
f 1468/3620 1788/3625 1773/3821 1832/3822
f 1790/3823 1834/3824 1835/3825 1769/3826
f 1790/3823 1769/3826 1768/3827 1472/3828
f 1835/3829 1836/3830 1777/3831 1837/3832
f 1835/3829 1837/3832 1765/3558 1769/3557
f 1835/3825 1834/3824 1778/3833 1836/3834
f 1837/3835 1777/3579 1463/3578 1776/3836
f 1837/3835 1776/3836 1766/3545 1765/3544
f 1836/3830 1686/3305 1688/3304 1777/3831
f 1836/3837 1778/3838 1687/3300 1686/3299
f 1469/3839 1833/3840 1774/3841 1787/3842
f 1469/3843 1766/3844 1776/3576 1775/3575
f 1788/3612 1787/3611 1774/3573 1773/3572
f 1786/3754 1785/3845 1602/3846 1605/3755
f 1785/3599 1784/3598 1603/3024 1602/3023
f 1783/3847 1762/3848 1411/3849 1677/3850
f 1781/3591 1604/3595 1601/3553 1764/3552
f 1790/3621 1468/3620 1469/3851 1775/3852
f 1838/3853 1834/3854 1790/3855 1775/3856
f 1832/3822 1773/3821 1772/3857 1771/3858
f 1761/3859 1839/3860 1754/3861 1753/3862
f 1761/3863 1750/3864 1752/3865 1839/3866
f 1839/3860 1692/3333 1693/3332 1754/3861
f 1839/3866 1752/3865 1690/3329 1692/3328
f 1457/3867 1750/3864 1761/3863 1455/3868
f 1763/3869 1466/3541 1457/3497 1455/3870
f 1759/3871 1669/3221 1668/3219 1377/3872
f 1759/3873 1616/3874 1670/3875 1669/3876
f 1757/3877 1840/3878 1698/3879 1697/3880
f 1757/3521 1695/3520 1694/3881 1840/3882
f 1840/3878 1685/3297 1684/3296 1698/3879
f 1840/3882 1694/3881 1682/3883 1685/3884
f 1754/3509 1693/3885 1691/3886 1751/3510
f 1752/3501 1751/3500 1691/3324 1690/3323
f 1749/3887 1705/3888 1622/3073 1454/3072
f 1744/3889 1722/3409 1721/3408 1738/3890
f 1744/3891 1738/3458 1732/3437 1841/3892
f 1744/3893 1841/3894 1842/3895 1633/3896
f 1842/3895 1841/3894 1436/3897 1641/3898
f 1842/3899 1641/3122 1640/3121 1652/3153
f 1842/3899 1652/3153 1384/3094 1633/3097
f 1743/3900 1448/3096 1632/3095 1434/3372
f 1743/3901 1434/3902 1700/3350 1699/3349
f 1738/3458 1447/3457 1733/3438 1732/3437
f 1447/3903 1473/3904 1544/3682 1733/3681
f 1734/3905 1719/3906 1718/3907 1735/3908
f 1735/3909 1718/3910 1438/3391 1713/3390
f 1449/3479 1723/3911 1704/3912 1720/3480
f 1719/3452 1716/3451 1714/3913 1717/3914
f 1715/3395 1708/3915 1435/3123 1710/3386
f 1436/3916 1841/3892 1732/3437 1443/3436
f 1713/3917 1436/3916 1443/3436 1735/3446
f 1709/3383 1656/3918 1655/3919 1639/3384
f 1709/3920 1736/3921 1657/3178 1656/3177
f 1706/3377 1705/3376 1748/3922 1452/3923
f 1706/3924 1452/3925 1701/3367 1702/3366
f 1681/3272 1679/3271 1609/3926 1378/3927
f 1681/3275 1378/3928 1770/3929 1680/3276
f 1680/3268 1770/3930 1610/3931 1678/3269
f 1679/3264 1678/3263 1610/3046 1609/3045
f 1676/3749 1843/3932 1522/3933 1330/3750
f 1676/3934 1675/3935 1844/3936 1843/3937
f 1844/3936 1671/3247 1674/3246 1843/3937
f 1844/3938 1675/3939 1520/3940 1523/3941
f 1844/3938 1523/3941 1672/3235 1671/3234
f 1843/3942 1674/3242 1673/3241 1522/3943
f 1673/3238 1672/3237 1523/3944 1522/3945
f 1405/3946 1660/3947 1518/2740 1517/2739
f 1405/3948 1517/2745 1519/2744 1406/3949
f 1403/3950 1615/3058 1612/3057 1845/3951
f 1403/3952 1845/3953 1846/3954 1666/3955
f 1845/3956 1612/3957 1377/3958 1668/3959
f 1845/3956 1668/3959 1667/3960 1846/3961
f 1670/3962 1616/3060 1613/3053 1615/3963
f 1664/3211 1662/3210 1847/3964 1848/3965
f 1664/3213 1848/3966 1849/3967 1663/3214
f 1849/3967 1848/3966 1620/3068 1619/3067
f 1849/3968 1619/3077 1624/3076 1850/3969
f 1849/3968 1850/3969 1661/3203 1663/3202
f 1850/3970 1624/3971 1851/3972 1847/3973
f 1850/3970 1847/3973 1662/3198 1661/3197
f 1851/3972 1624/3971 1623/3974 1625/3975
f 1851/3976 1625/3080 1621/3078 1620/3977
f 1851/3976 1620/3977 1848/3965 1847/3964
f 1659/3195 1519/3194 1516/3978 1510/3979
f 1659/3189 1510/2726 1328/2724 1518/3190
f 1660/3980 1405/3981 1406/3982 1398/3983
f 1658/3187 1607/3186 1852/3984 1853/3985
f 1658/3181 1853/3986 1631/3987 1608/3182
f 1852/3988 1607/3034 1606/3033 1630/3989
f 1852/3988 1630/3989 1629/3990 1854/3991
f 1852/3984 1854/3992 1855/3993 1853/3985
f 1854/3994 1629/3995 1589/3996 1588/3997
f 1854/3992 1588/2996 1634/3099 1855/3993
f 1657/3178 1736/3921 1856/3998 1644/3999
f 1657/3178 1644/3999 1393/4000 1648/3179
f 1655/4001 1654/4002 1647/4003 1646/4004
f 1655/4001 1646/4004 1636/3115 1639/3114
f 1654/4005 1394/4006 1648/3142 1647/3141
f 1653/3161 1650/3160 1390/4007 1559/4008
f 1856/3998 1736/3921 1444/3145 1388/3144
f 1856/4009 1388/4010 1638/4011 1637/4012
f 1856/4013 1637/3110 1645/3137 1644/4014
f 1646/3138 1645/3137 1637/3110 1636/3109
f 1642/3126 1649/3147 1392/4015 1643/3127
f 1707/3378 1632/3095 1384/3094 1628/4016
f 1707/4017 1628/4018 1385/4019 1635/4020
f 1707/4021 1635/4022 1381/3079 1626/3081
f 1635/4022 1580/2962 1594/3003 1381/3079
f 1630/3088 1606/3043 1608/3042 1631/3089
f 1618/3065 1597/3009 1599/3062 1379/3054
f 1614/4023 1598/4024 1511/4025 1515/4026
f 1760/3533 1758/3532 1454/4027 1759/4028
f 1760/3533 1759/4028 1377/4029 1611/4030
f 1603/3024 1527/4031 1857/4032 1600/3025
f 1857/4033 1504/2705 1503/2704 1526/4034
f 1857/4035 1526/2766 1525/2765 1600/4036
f 1857/4032 1527/4031 1507/4037 1504/4038
f 1598/4039 1524/4040 1512/2728 1511/2727
f 1587/2992 1593/4041 1592/4042 1583/2993
f 1587/3159 1586/3158 1359/4043 1593/4044
f 1586/2984 1584/2983 1358/4045 1359/4046
f 1584/4047 1583/4048 1592/4049 1358/4050
f 1473/2969 1582/2968 1545/2840 1544/2839
f 1595/4051 1579/2961 1369/2957 1472/2960
f 1768/3827 1456/4052 1595/4053 1472/3828
f 1577/2988 1858/4054 1859/4055 1574/2989
f 1577/2955 1575/2954 1860/4056 1858/4057
f 1860/4056 1861/4058 1862/4059 1858/4057
f 1860/4060 1575/2946 1368/2945 1863/4061
f 1860/4060 1863/4061 1864/4062 1861/4063
f 1864/4062 1528/4064 1531/4065 1861/4063
f 1864/4066 1863/4067 1859/4068 1865/4069
f 1864/4066 1865/4069 1529/2774 1528/2773
f 1865/4070 1859/4055 1858/4054 1862/4071
f 1865/4070 1862/4071 1530/2777 1529/2776
f 1863/4067 1368/4072 1574/4073 1859/4068
f 1862/4074 1861/4075 1531/2785 1530/2784
f 1367/4076 1551/4077 1549/4078 1548/4079
f 1563/4080 1541/2827 1540/4081 1561/4082
f 1563/4080 1569/4083 1542/2828 1541/2827
f 1562/2933 1539/2815 1538/2814 1571/2934
f 1562/2910 1561/2909 1540/2823 1539/2822
f 1558/4084 1357/4085 1555/4086 1360/4087
f 1364/4088 1476/3666 1543/3669 1347/4089
f 1569/2925 1364/2924 1347/2831 1542/2830
f 1526/4090 1503/4091 1866/4092 1333/4093
f 1866/4094 1867/4095 1500/4096 1324/4097
f 1866/4098 1324/4099 1334/4100 1333/4101
f 1866/4092 1503/4091 1502/4102 1867/4103
f 1867/4104 1492/2668 1494/2667 1500/4105
f 1867/4103 1502/4102 1493/2663 1492/2662
f 1516/3978 1515/4026 1511/4025 1510/3979
f 1509/4106 1508/4107 1497/4108 1496/4109
f 1507/4110 1506/4111 1505/4112 1504/4113
f 1502/2703 1501/2702 1495/2680 1493/2679
f 1501/2700 1500/2699 1494/2675 1495/2674
f 1332/4114 1410/2732 1521/3251 1458/3250
f 1403/4115 1669/4116 1670/4117 1615/4118
f 1438/4119 1718/3907 1719/3906 1717/4120
f 1453/4121 1455/4122 1761/4123 1753/4124
f 1480/4125 1798/4126 1807/4127 1808/4128
f 1665/4129 1666/4130 1846/4131 1667/4132
f 1439/4133 1724/4134 1450/4135 1721/4136
f 1508/2760 1331/2753 1330/2752 1410/4137
f 1554/4138 1352/2875 1351/2869 1350/4139
f 1453/3519 1753/4140 1451/4141 1695/3520
f 1332/4114 1378/4142 1514/2733 1410/2732
f 1332/4143 1458/4144 1770/4145 1378/4146
f 1572/4147 1571/4148 1538/2820 1347/2819
f 1551/2862 1572/4149 1552/4150 1350/2861
f 1572/4151 1347/2837 1545/2840 1552/2979
f 1592/4152 1591/4153 1359/4154 1358/4155
f 1853/3986 1855/4156 1382/4157 1631/3987
f 1855/4158 1634/4159 1627/4160 1382/4161
f 1774/3841 1833/3840 1461/4162 1460/4163
f 1833/3819 1832/3818 1771/4164 1461/4165
f 1462/4166 1463/3580 1869/4167 1868/4168
f 1778/3581 1834/3854 1869/4167 1463/3580
f 1868/4169 1869/4170 1834/4171 1838/4172
f 1775/3856 1462/4166 1868/4168 1838/3853
f 1323/4173 1504/4174 1505/4175 1506/4176
f 1359/4177 1591/4178 1592/4179 1593/4180
f 1439/3410 1703/4181 1704/4182 1723/3411
f 1464/3029 1604/3028 1489/4183 1465/4184
f 1491/4185 1780/4186 1779/3752 1823/3751
f 1870/4187 1890/4188 1891/4189 1892/4190
f 1870/4187 1892/4190 1893/4191 1894/4192
f 1870/4193 1894/4194 1895/4195 1890/4196
f 1871/4197 1896/4198 1897/4199 1898/4200
f 1871/4197 1898/4200 1899/4201 1900/4202
f 1871/4197 1900/4202 1901/4203 1896/4198
f 1872/4204 1902/4205 1903/4206 1904/4207
f 1872/4208 1905/4209 1906/4210 1902/4211
f 1872/4208 1904/4212 1907/4213 1905/4209
f 1873/4214 1908/4215 1909/4216 1903/4217
f 1873/4218 1903/4219 1902/4220 1910/4221
f 1873/4222 1910/4223 1911/4224 1908/4225
f 1874/4226 1912/4227 1913/4228 1914/4229
f 1874/4226 1915/4230 1916/4231 1912/4227
f 1874/4226 1914/4229 1917/4232 1915/4230
f 1875/4233 1918/4234 1919/4235 1920/4236
f 1875/4233 1920/4236 1921/4237 1922/4238
f 1875/4233 1922/4238 1923/4239 1918/4234
f 1876/4240 1924/4241 1925/4242 1926/4243
f 1876/4240 1926/4243 1927/4244 1928/4245
f 1876/4246 1928/4247 1929/4248 1924/4249
f 1877/4250 1930/4251 1931/4252 1932/4253
f 1877/4254 1932/4255 1933/4256 1934/4257
f 1877/4254 1934/4257 1935/4258 1930/4259
f 1878/4260 1936/4261 1937/4262 1938/4263
f 1878/4260 1939/4264 1940/4265 1936/4261
f 1878/4266 1941/4267 1942/4268 1879/4269
f 1878/4260 1938/4263 1943/4270 1941/4271
f 1878/4266 1879/4269 1885/4272 1939/4273
f 1879/4274 1942/4275 1944/4276 1945/4277
f 1880/4278 1946/4279 1947/4280 1948/4281
f 1880/4282 1949/4283 1950/4284 1946/4285
f 1880/4278 1948/4281 1951/4286 1952/4287
f 1880/4288 1943/4270 1938/4263 1949/4289
f 1880/4290 1952/4291 1953/4292 1943/4293
f 1881/4294 1958/4295 1959/4296 1960/4297
f 1881/4294 1961/4298 1962/4299 1958/4295
f 1881/4294 1960/4297 1963/4300 1964/4301
f 1882/4302 1965/4303 1966/4304 1883/4305
f 1882/4306 1967/4307 1968/4308 1965/4309
f 1882/4310 1883/4311 1969/4312 1967/4313
f 1883/4314 1966/4315 1884/4316 1969/4317
f 1884/4316 1970/4318 1971/4319 1969/4317
f 1884/4316 1966/4315 1972/4320 1970/4318
f 1885/4321 1968/4308 1973/4322 1939/4264
f 1885/4321 1879/4323 1965/4309 1968/4308
f 1886/4324 1974/4325 1975/4326 1976/4327
f 1886/4324 1977/4328 1978/4329 1979/4330
f 1886/4324 1979/4330 1980/4331 1974/4325
f 1887/4332 1981/4333 1982/4334 1983/4335
f 1887/4332 1984/4336 1985/4337 1986/4338
f 1887/4332 1983/4335 1987/4339 1984/4336
f 1888/4340 1988/4341 1989/4342 1975/4343
f 1888/4340 1975/4343 1974/4344 1990/4345
f 1888/4346 1990/4347 1991/4348 1988/4349
f 1889/4350 1992/4351 1993/4352 1985/4353
f 1889/4350 1985/4353 1984/4354 1994/4355
f 1889/4350 1994/4355 1995/4356 1992/4351
f 1995/4356 1994/4355 1996/4357 1997/4358
f 1995/4356 1997/4358 1998/4359 1999/4360
f 1995/4356 1999/4360 2000/4361 1992/4351
f 2000/4362 2001/4363 1993/4364 1992/4365
f 2000/4366 1999/4367 1989/4368 1988/4369
f 2000/4366 1988/4369 1991/4370 2001/4371
f 2001/4372 2002/4373 2003/4374 1993/4375
f 2001/4371 1991/4370 2004/4376 2002/4377
f 2004/4376 2005/4378 2006/4379 2002/4377
f 2004/4380 1991/4348 1990/4347 2007/4381
f 2004/4380 2007/4381 2008/4382 2005/4383
f 2008/4382 1891/4384 2009/4385 2005/4383
f 2008/4382 2007/4381 1980/4386 2010/4387
f 2008/4382 2010/4387 1892/4388 1891/4384
f 2010/4389 1980/4331 1979/4330 2011/4390
f 2010/4391 2011/4392 1893/4191 1892/4190
f 2011/4390 1979/4330 1978/4329 2012/4393
f 2011/4392 2012/4394 2013/4395 1893/4191
f 2013/4395 2014/4396 1894/4192 1893/4191
f 2013/4395 2012/4394 2015/4397 2016/4398
f 2013/4395 2016/4398 2017/4399 2014/4396
f 2017/4400 1908/4225 1911/4224 2014/4401
f 2017/4402 2016/4403 2018/4404 2019/4405
f 2017/4402 2019/4405 1909/4216 1908/4215
f 2019/4406 2018/4407 2020/4408 2021/4409
f 2019/4406 2021/4409 2022/4410 1909/4411
f 2022/4412 1904/4207 1903/4206 1909/4413
f 2022/4410 2021/4409 1896/4198 1901/4203
f 2022/4414 1901/4415 1907/4213 1904/4212
f 2021/4409 2020/4408 1897/4199 1896/4198
f 2020/4408 2018/4407 2023/4416 2024/4417
f 2020/4408 2024/4417 2025/4418 1897/4199
f 2025/4419 2024/4420 2026/4421 2027/4422
f 2025/4419 2027/4422 1981/4333 2028/4423
f 2025/4419 2028/4423 1898/4424 1897/4425
f 2028/4423 1981/4333 1887/4332 2029/4426
f 2028/4423 2029/4426 1899/4427 1898/4424
f 2029/4426 1887/4332 1986/4338 2030/4428
f 2029/4426 2030/4428 2031/4429 1899/4427
f 2031/4430 2032/4431 1900/4432 1899/4433
f 2031/4430 2030/4434 2033/4435 2034/4436
f 2031/4430 2034/4436 2035/4437 2032/4431
f 2035/4438 1905/4209 1907/4213 2032/4439
f 2035/4437 2034/4436 2036/4440 2037/4441
f 2035/4438 2037/4442 1906/4210 1905/4209
f 2037/4443 2036/4444 2009/4445 2038/4446
f 2037/4443 2038/4446 2039/4447 1906/4448
f 2039/4447 1910/4449 1902/4450 1906/4448
f 2039/4451 2038/4452 1890/4196 1895/4195
f 2039/4451 1895/4195 1911/4224 1910/4223
f 2038/4446 2009/4445 1891/4189 1890/4188
f 2036/4440 2034/4436 2033/4435 2006/4453
f 2036/4444 2006/4454 2005/4455 2009/4445
f 2033/4435 2030/4434 1986/4456 2003/4374
f 2033/4435 2003/4374 2002/4373 2006/4453
f 2032/4439 1907/4213 1901/4415 1900/4457
f 2027/4458 2026/4459 2040/4460 2041/4461
f 2027/4422 2041/4462 1982/4334 1981/4333
f 2041/4462 2040/4463 2042/4464 2043/4465
f 2041/4462 2043/4465 2044/4466 1982/4334
f 2044/4466 2043/4465 2045/4467 2046/4468
f 2044/4466 2046/4468 2047/4469 2048/4470
f 2044/4466 2048/4470 1983/4335 1982/4334
f 2048/4471 2047/4472 2049/4473 2050/4474
f 2048/4470 2050/4475 1987/4339 1983/4335
f 2050/4474 2049/4473 2051/4476 2052/4477
f 2050/4474 2052/4477 1996/4357 1987/4478
f 2052/4477 2051/4476 2053/4479 2054/4480
f 2052/4477 2054/4480 1997/4358 1996/4357
f 2054/4481 2053/4482 2055/4483 2056/4484
f 2054/4485 2056/4486 1998/4487 1997/4488
f 2056/4489 2055/4490 2057/4491 2058/4492
f 2056/4493 2058/4494 2059/4495 1998/4496
f 2059/4495 1989/4368 1999/4367 1998/4496
f 2059/4497 2058/4492 2060/4498 1976/4499
f 2059/4497 1976/4499 1975/4343 1989/4342
f 2060/4498 2058/4492 2057/4491 2061/4500
f 2060/4498 2061/4500 2062/4501 2063/4502
f 2060/4503 2063/4504 1886/4324 1976/4327
f 2063/4504 2062/4505 2064/4506 2065/4507
f 2063/4504 2065/4507 1977/4328 1886/4324
f 2065/4507 2064/4506 2066/4508 2067/4509
f 2065/4507 2067/4509 2068/4510 1977/4328
f 2068/4510 2069/4511 1978/4329 1977/4328
f 2068/4510 2067/4509 2070/4512 2071/4513
f 2068/4510 2071/4513 2072/4514 2069/4511
f 2072/4514 2023/4515 2015/4516 2069/4511
f 2072/4517 2071/4518 2040/4519 2026/4520
f 2072/4521 2026/4522 2024/4523 2023/4524
f 2071/4525 2070/4526 2042/4527 2040/4528
f 2070/4512 2067/4509 2066/4508 2073/4529
f 2070/4530 2073/4531 2074/4532 2042/4533
f 2074/4534 2073/4535 2075/4536 2076/4537
f 2074/4538 2076/4539 1959/4296 2045/4540
f 2074/4541 2045/4467 2043/4465 2042/4464
f 2076/4537 2075/4536 2077/4542 2078/4543
f 2076/4544 2078/4545 1960/4546 1959/4547
f 2078/4545 2077/4548 2079/4549 2080/4550
f 2078/4545 2080/4550 1963/4551 1960/4546
f 2080/4550 2079/4549 1956/4552 1955/4553
f 2080/4550 1955/4553 2081/4554 1963/4551
f 2081/4555 1955/4556 1954/4557 2082/4558
f 2081/4559 2082/4560 2083/4561 2084/4562
f 2081/4563 2084/4564 1964/4301 1963/4300
f 2084/4562 2083/4561 2085/4565 2086/4566
f 2084/4564 2086/4567 2087/4568 1964/4301
f 2087/4568 2086/4567 2088/4569 2089/4570
f 2087/4568 2089/4570 2090/4571 2091/4572
f 2087/4568 2091/4572 1881/4294 1964/4301
f 2091/4572 2090/4571 2092/4573 2093/4574
f 2091/4572 2093/4574 1961/4298 1881/4294
f 2093/4575 2092/4576 2094/4577 2095/4578
f 2093/4579 2095/4580 2096/4581 1961/4582
f 2096/4583 2097/4584 1962/4585 1961/4586
f 2096/4581 2095/4580 2098/4587 2099/4588
f 2096/4583 2099/4589 2100/4590 2097/4584
f 2100/4590 2051/4591 2049/4592 2097/4584
f 2100/4590 2099/4589 1944/4593 2101/4594
f 2100/4590 2101/4594 2053/4595 2051/4591
f 2101/4596 1944/4597 1942/4598 2102/4599
f 2101/4596 2102/4599 2055/4483 2053/4482
f 2102/4600 1942/4268 1941/4267 2103/4601
f 2102/4600 2103/4601 2057/4602 2055/4603
f 2103/4601 1941/4267 1943/4293 1953/4292
f 2103/4601 1953/4292 2061/4604 2057/4602
f 2099/4588 2098/4587 1945/4277 1944/4276
f 2098/4587 2095/4580 2094/4605 2104/4606
f 2098/4587 2104/4606 2105/4607 1945/4277
f 2104/4608 2094/4577 1934/4257 1933/4256
f 2104/4608 1933/4256 2106/4609 2105/4610
f 2106/4609 1933/4256 1932/4255 2107/4611
f 2106/4612 2107/4613 2108/4614 2109/4615
f 2106/4609 2109/4616 2110/4617 2105/4610
f 2109/4615 2108/4614 2111/4618 2112/4619
f 2109/4620 2112/4621 2113/4622 2110/4623
f 2113/4622 1971/4319 1970/4318 2110/4623
f 2113/4624 2112/4625 2114/4626 2115/4627
f 2113/4624 2115/4627 2116/4628 1971/4629
f 2116/4628 1967/4630 1969/4631 1971/4629
f 2116/4632 2115/4633 2117/4634 1973/4322
f 2116/4632 1973/4322 1968/4308 1967/4307
f 2117/4635 2115/4636 2114/4637 2118/4638
f 2117/4635 2118/4638 2119/4639 1940/4640
f 2117/4634 1940/4265 1939/4264 1973/4322
f 2119/4641 2118/4642 2120/4643 2121/4644
f 2119/4641 2121/4644 1928/4645 1927/4646
f 2119/4639 1927/4244 1936/4647 1940/4640
f 2121/4644 2120/4643 2122/4648 2123/4649
f 2121/4644 2123/4649 1929/4650 1928/4645
f 2123/4651 2122/4652 1912/4227 1916/4231
f 2123/4651 1916/4231 2124/4653 1929/4654
f 2124/4655 2125/4656 1924/4249 1929/4248
f 2124/4653 1916/4231 1915/4230 2126/4657
f 2124/4655 2126/4658 2127/4659 2125/4656
f 2127/4659 2128/4660 2129/4661 2125/4656
f 2127/4659 2126/4658 2130/4662 2131/4663
f 2127/4659 2131/4663 2132/4664 2128/4660
f 2132/4665 2133/4666 2134/4667 2128/4668
f 2132/4669 2131/4670 2135/4671 2136/4672
f 2132/4669 2136/4672 2088/4673 2133/4674
f 2136/4675 2135/4676 2137/4677 2138/4678
f 2136/4675 2138/4678 2089/4679 2088/4680
f 2138/4678 2137/4677 2139/4681 2140/4682
f 2138/4683 2140/4684 2090/4685 2089/4686
f 2140/4682 2139/4681 1930/4687 1935/4688
f 2140/4684 1935/4258 2092/4576 2090/4685
f 2139/4681 2137/4677 2141/4689 2142/4690
f 2139/4681 2142/4690 1931/4691 1930/4687
f 2142/4692 2141/4693 1920/4236 1919/4235
f 2142/4690 1919/4694 2143/4695 1931/4691
f 2143/4696 2107/4613 1932/4253 1931/4252
f 2143/4697 1919/4235 1918/4234 2144/4698
f 2143/4696 2144/4699 2108/4614 2107/4613
f 2144/4698 1918/4234 1923/4239 2145/4700
f 2144/4699 2145/4701 2111/4618 2108/4614
f 2145/4702 1923/4703 1913/4704 2146/4705
f 2145/4702 2146/4705 2147/4706 2111/4707
f 2147/4706 2114/4626 2112/4625 2111/4707
f 2147/4708 2146/4709 2122/4648 2120/4643
f 2147/4708 2120/4643 2118/4642 2114/4710
f 2146/4711 1913/4228 1912/4227 2122/4652
f 2141/4689 2137/4677 2135/4676 2148/4712
f 2141/4693 2148/4713 1921/4237 1920/4236
f 2148/4714 2135/4715 2131/4716 2130/4717
f 2148/4714 2130/4717 1917/4718 1921/4719
f 2134/4667 2149/4720 1950/4284 2150/4721
f 2134/4667 2150/4721 2129/4722 2128/4668
f 2134/4667 2133/4666 2085/4723 2149/4720
f 2150/4721 1950/4284 1949/4283 2151/4724
f 2150/4721 2151/4724 1925/4242 2129/4722
f 2151/4724 1949/4283 1938/4725 1937/4726
f 2151/4724 1937/4726 1926/4243 1925/4242
f 2149/4727 2152/4728 1946/4279 1950/4729
f 2149/4727 2085/4730 2083/4731 2152/4728
f 2152/4728 2153/4732 1947/4280 1946/4279
f 2152/4728 2083/4731 2082/4733 2153/4732
f 2153/4732 1957/4734 2154/4735 1947/4280
f 2153/4732 2082/4733 1954/4736 1957/4734
f 2154/4735 2155/4737 1948/4281 1947/4280
f 2154/4735 1957/4734 1956/4738 2079/4739
f 2154/4735 2079/4739 2077/4740 2155/4737
f 2155/4737 2156/4741 1951/4286 1948/4281
f 2155/4737 2077/4740 2075/4742 2156/4741
f 2156/4741 2066/4508 2064/4506 1951/4286
f 2156/4741 2075/4742 2073/4529 2066/4508
f 2133/4674 2088/4673 2086/4566 2085/4565
f 2130/4743 2126/4657 1915/4230 1917/4232
f 2129/4661 1925/4744 1924/4249 2125/4656
f 2097/4745 2049/4473 2047/4472 1962/4746
f 2094/4577 2092/4576 1935/4258 1934/4257
f 2069/4511 2015/4516 2012/4393 1978/4329
f 2064/4506 2062/4505 1952/4287 1951/4286
f 2062/4501 2061/4500 1953/4747 1952/4748
f 2047/4749 2046/4750 1958/4295 1962/4299
f 2046/4750 2045/4540 1959/4296 1958/4295
f 2023/4751 2018/4404 2016/4403 2015/4752
f 2014/4401 1911/4224 1895/4195 1894/4194
f 2007/4381 1990/4347 1974/4753 1980/4386
f 2003/4374 1986/4456 1985/4754 1993/4375
f 1996/4357 1994/4355 1984/4354 1987/4478
f 1966/4755 1965/4756 1879/4757 1972/4758
f 1945/4759 2105/4610 2110/4617 1970/4760
f 1972/4320 1879/4274 1945/4277 1970/4318
f 1937/4726 1936/4647 1927/4244 1926/4243
f 1923/4761 1922/4762 1914/4763 1913/4764
f 1922/4762 1921/4765 1917/4766 1914/4763
f 1954/4767 1955/4768 1956/4769 1957/4770
f 2157/4771 2167/4772 2168/4773 2169/4774
f 2157/4775 2170/4776 2171/4777 2167/4778
f 2157/4779 2169/4780 2172/4781 2170/4782
f 2158/4783 2173/4784 2174/4785 2175/4786
f 2158/4787 2176/4788 2177/4789 2173/4790
f 2158/4787 2175/4791 2162/4792 2176/4788
f 2159/4793 2178/4794 2179/4795 2180/4796
f 2159/4797 2180/4798 2181/4799 2182/4800
f 2159/4793 2182/4801 2183/4802 2178/4794
f 2160/4803 2179/4804 2178/4805 2184/4806
f 2160/4807 2185/4808 2172/4809 2179/4810
f 2160/4811 2184/4812 2186/4813 2185/4814
f 2161/4815 2187/4816 2188/4817 2189/4818
f 2161/4815 2189/4818 2162/4792 2190/4819
f 2162/4792 2189/4818 2191/4820 2176/4788
f 2162/4821 2175/4786 2192/4822 2193/4823
f 2162/4821 2193/4823 2194/4824 2190/4825
f 2163/4826 2195/4827 2196/4828 2197/4829
f 2163/4826 2198/4830 2199/4831 2195/4827
f 2163/4832 2197/4833 2200/4834 2198/4835
f 2164/4836 2201/4837 2202/4838 2203/4839
f 2164/4840 2203/4841 2204/4842 2205/4843
f 2164/4840 2205/4843 2206/4844 2201/4845
f 2165/4846 2207/4847 2208/4848 2166/4849
f 2165/4850 2209/4851 2210/4852 2207/4853
f 2165/4854 2166/4855 2211/4856 2209/4857
f 2166/4858 2208/4859 2212/4860 2211/4861
f 2212/4860 2213/4862 2214/4863 2211/4861
f 2212/4860 2208/4859 2215/4864 2216/4865
f 2212/4860 2216/4865 2204/4866 2213/4862
f 2216/4867 2217/4868 2205/4843 2204/4842
f 2216/4867 2215/4869 2218/4870 2217/4868
f 2218/4870 2219/4871 2220/4872 2217/4868
f 2218/4873 2215/4874 2221/4875 2222/4876
f 2218/4873 2222/4876 2223/4877 2219/4878
f 2223/4877 2224/4879 2225/4880 2219/4878
f 2223/4881 2222/4882 2226/4883 2227/4884
f 2223/4885 2227/4886 2228/4887 2224/4888
f 2228/4887 2229/4889 2230/4890 2224/4888
f 2228/4891 2227/4884 2199/4831 2231/4892
f 2228/4887 2231/4893 2194/4894 2229/4889
f 2231/4892 2199/4831 2198/4830 2232/4895
f 2231/4893 2232/4896 2190/4819 2194/4894
f 2232/4896 2198/4897 2200/4898 2187/4816
f 2232/4896 2187/4816 2161/4815 2190/4819
f 2230/4899 2233/4900 2234/4901 2235/4902
f 2230/4903 2235/4904 2225/4880 2224/4879
f 2230/4890 2229/4889 2236/4905 2233/4906
f 2236/4905 2237/4907 2183/4908 2233/4906
f 2236/4909 2229/4910 2194/4824 2193/4823
f 2236/4909 2193/4823 2192/4822 2237/4911
f 2237/4907 2184/4806 2178/4805 2183/4908
f 2237/4911 2192/4822 2186/4813 2184/4812
f 2235/4902 2234/4901 2238/4912 2239/4913
f 2235/4902 2239/4913 2240/4914 2225/4915
f 2240/4914 2239/4913 2241/4916 2242/4917
f 2240/4918 2242/4919 2206/4844 2220/4872
f 2240/4918 2220/4872 2219/4871 2225/4920
f 2242/4921 2241/4922 2243/4923 2244/4924
f 2242/4919 2244/4925 2201/4845 2206/4844
f 2244/4924 2243/4923 2245/4926 2246/4927
f 2244/4924 2246/4927 2202/4838 2201/4837
f 2246/4927 2245/4926 2247/4928 2248/4929
f 2246/4927 2248/4929 2249/4930 2202/4838
f 2249/4931 2248/4932 2250/4933 2251/4934
f 2249/4931 2251/4934 2252/4935 2253/4936
f 2249/4930 2253/4937 2203/4839 2202/4838
f 2253/4938 2252/4939 2214/4863 2213/4862
f 2253/4938 2213/4862 2204/4866 2203/4940
f 2252/4935 2251/4934 2254/4941 2255/4942
f 2252/4943 2255/4944 2256/4945 2214/4946
f 2256/4947 2255/4948 2257/4949 2258/4950
f 2256/4947 2258/4950 2210/4951 2209/4952
f 2256/4945 2209/4857 2211/4856 2214/4946
f 2258/4950 2257/4949 2197/4833 2196/4953
f 2258/4954 2196/4955 2259/4956 2210/4957
f 2259/4958 2226/4883 2222/4882 2221/4959
f 2259/4958 2221/4959 2207/4960 2210/4961
f 2259/4958 2196/4828 2195/4827 2226/4883
f 2257/4949 2260/4962 2200/4834 2197/4833
f 2257/4949 2255/4948 2254/4963 2260/4962
f 2260/4962 2188/4964 2187/4965 2200/4834
f 2260/4962 2254/4963 2261/4966 2188/4964
f 2261/4967 2191/4820 2189/4818 2188/4817
f 2261/4968 2254/4969 2251/4970 2250/4971
f 2261/4967 2250/4972 2262/4973 2191/4820
f 2262/4973 2177/4789 2176/4788 2191/4820
f 2262/4974 2250/4933 2248/4932 2247/4975
f 2262/4974 2247/4975 2263/4976 2177/4977
f 2263/4978 2264/4979 2173/4784 2177/4980
f 2263/4981 2247/4982 2245/4983 2265/4984
f 2263/4981 2265/4984 2171/4985 2264/4986
f 2265/4987 2245/4926 2243/4923 2266/4988
f 2265/4987 2266/4988 2167/4989 2171/4990
f 2266/4988 2243/4923 2241/4922 2267/4991
f 2266/4988 2267/4991 2168/4992 2167/4989
f 2267/4993 2241/4916 2239/4913 2238/4912
f 2267/4993 2238/4912 2181/4799 2168/4773
f 2264/4979 2268/4994 2174/4785 2173/4784
f 2264/4995 2171/4996 2170/4997 2268/4998
f 2268/4994 2185/4814 2186/4813 2174/4785
f 2268/4998 2170/4997 2172/4999 2185/5000
f 2238/4912 2234/4901 2182/4800 2181/4799
f 2234/4901 2233/4900 2183/5001 2182/4800
f 2227/4884 2226/4883 2195/4827 2199/4831
f 2221/5002 2215/5003 2208/4848 2207/4847
f 2220/4872 2206/4844 2205/4843 2217/4868
f 2192/4822 2175/4786 2174/4785 2186/4813
f 2181/4799 2180/4798 2169/4774 2168/4773
f 2180/4796 2179/4795 2172/4781 2169/4780
f 2269/5004 2277/5005 2278/5006 2279/5007
f 2269/5004 2279/5007 2280/5008 2281/5009
f 2269/5010 2281/5011 2282/5012 2277/5013
f 2270/5014 2283/5015 2284/5016 2285/5017
f 2270/5014 2286/5018 2287/5019 2283/5015
f 2270/5020 2285/5021 2288/5022 2286/5023
f 2271/5024 2289/5025 2290/5026 2291/5027
f 2271/5024 2292/5028 2293/5029 2289/5025
f 2271/5024 2291/5027 2294/5030 2292/5028
f 2272/5031 2295/5032 2296/5033 2297/5034
f 2272/5035 2297/5036 2298/5037 2299/5038
f 2272/5035 2299/5038 2300/5039 2295/5040
f 2273/5041 2301/5042 2302/5043 2303/5044
f 2273/5041 2304/5045 2305/5046 2301/5042
f 2273/5047 2303/5048 2306/5049 2304/5050
f 2274/5051 2307/5052 2308/5053 2309/5054
f 2274/5055 2305/5056 2304/5057 2307/5058
f 2274/5055 2309/5059 2310/5060 2305/5056
f 2275/5061 2311/5062 2312/5063 2313/5064
f 2275/5065 2313/5066 2298/5067 2297/5034
f 2275/5065 2297/5034 2296/5033 2311/5068
f 2276/5069 2280/5008 2279/5007 2314/5070
f 2276/5069 2315/5071 2316/5072 2280/5008
f 2276/5073 2314/5074 2317/5075 2315/5076
f 2317/5077 2318/5078 2319/5079 2315/5080
f 2317/5075 2314/5074 2320/5081 2321/5082
f 2317/5075 2321/5082 2322/5083 2318/5084
f 2322/5085 2323/5086 2324/5087 2318/5078
f 2322/5083 2321/5082 2325/5088 2302/5089
f 2322/5090 2302/5043 2301/5042 2323/5091
f 2325/5088 2321/5082 2320/5081 2326/5092
f 2325/5088 2326/5092 2327/5093 2328/5094
f 2325/5088 2328/5094 2303/5095 2302/5089
f 2328/5096 2327/5097 2329/5098 2330/5099
f 2328/5100 2330/5101 2306/5049 2303/5048
f 2330/5102 2329/5103 2331/5104 2332/5105
f 2330/5102 2332/5105 2333/5106 2306/5107
f 2333/5108 2307/5052 2304/5109 2306/5110
f 2333/5106 2332/5105 2334/5111 2335/5112
f 2333/5108 2335/5113 2308/5053 2307/5052
f 2335/5112 2334/5111 2312/5063 2336/5114
f 2335/5113 2336/5115 2337/5116 2308/5053
f 2337/5117 2336/5114 2338/5118 2339/5119
f 2337/5117 2339/5119 2340/5120 2341/5121
f 2337/5116 2341/5122 2309/5054 2308/5053
f 2341/5123 2340/5124 2342/5125 2343/5126
f 2341/5127 2343/5128 2310/5060 2309/5059
f 2343/5129 2342/5130 2344/5131 2324/5087
f 2343/5129 2324/5087 2323/5086 2310/5132
f 2344/5131 2342/5130 2345/5133 2346/5134
f 2344/5131 2346/5134 2347/5135 2319/5079
f 2344/5131 2319/5079 2318/5078 2324/5087
f 2347/5136 2346/5137 2348/5138 2349/5139
f 2347/5140 2349/5141 2350/5142 2316/5072
f 2347/5140 2316/5072 2315/5071 2319/5143
f 2350/5144 2349/5139 2283/5015 2287/5019
f 2350/5142 2287/5145 2282/5146 2281/5009
f 2350/5142 2281/5009 2280/5008 2316/5072
f 2349/5139 2348/5138 2284/5016 2283/5015
f 2348/5138 2351/5147 2352/5148 2284/5016
f 2348/5138 2346/5137 2345/5149 2351/5147
f 2352/5150 2294/5030 2291/5027 2353/5151
f 2352/5152 2353/5153 2285/5021 2284/5154
f 2352/5150 2351/5155 2354/5156 2294/5030
f 2354/5157 2355/5158 2292/5159 2294/5160
f 2354/5156 2351/5155 2345/5161 2356/5162
f 2354/5163 2356/5164 2357/5165 2355/5166
f 2357/5165 2358/5167 2359/5168 2355/5166
f 2357/5165 2356/5164 2340/5169 2339/5170
f 2357/5165 2339/5170 2338/5171 2358/5167
f 2359/5168 2295/5032 2300/5172 2293/5173
f 2359/5174 2293/5175 2292/5159 2355/5158
f 2359/5168 2358/5167 2296/5033 2295/5032
f 2358/5167 2338/5171 2311/5068 2296/5033
f 2356/5162 2345/5161 2342/5125 2340/5124
f 2353/5153 2360/5176 2288/5022 2285/5021
f 2353/5177 2291/5178 2290/5179 2360/5180
f 2360/5176 2361/5181 2362/5182 2288/5022
f 2360/5180 2290/5179 2363/5183 2361/5184
f 2363/5183 2364/5185 2365/5186 2361/5184
f 2363/5187 2290/5026 2289/5025 2366/5188
f 2363/5187 2366/5188 2367/5189 2364/5190
f 2367/5189 2368/5191 2369/5192 2364/5190
f 2367/5189 2366/5188 2300/5039 2299/5038
f 2367/5189 2299/5038 2298/5037 2368/5191
f 2369/5193 2331/5104 2329/5103 2370/5194
f 2369/5192 2370/5195 2365/5196 2364/5190
f 2369/5193 2368/5197 2371/5198 2331/5104
f 2371/5198 2334/5111 2332/5105 2331/5104
f 2371/5198 2368/5197 2298/5199 2313/5064
f 2371/5198 2313/5064 2312/5063 2334/5111
f 2370/5200 2329/5098 2327/5097 2372/5201
f 2370/5200 2372/5201 2373/5202 2365/5203
f 2373/5204 2372/5205 2374/5206 2375/5207
f 2373/5204 2375/5207 2376/5208 2362/5209
f 2373/5202 2362/5210 2361/5211 2365/5203
f 2376/5208 2375/5207 2277/5013 2282/5012
f 2376/5208 2282/5012 2287/5212 2286/5213
f 2376/5208 2286/5213 2288/5214 2362/5209
f 2375/5207 2374/5206 2278/5215 2277/5013
f 2374/5216 2326/5092 2320/5081 2278/5217
f 2374/5216 2372/5218 2327/5093 2326/5092
f 2366/5188 2289/5025 2293/5029 2300/5039
f 2338/5118 2336/5114 2312/5063 2311/5062
f 2323/5091 2301/5042 2305/5046 2310/5219
f 2320/5081 2314/5074 2279/5220 2278/5217
f 2377/5221 2384/5222 2385/5223 2386/5224
f 2377/5221 2387/5225 2379/5226 2384/5222
f 2377/5221 2386/5224 2388/5227 2387/5225
f 2378/5228 2389/5229 2390/5230 2391/5231
f 2378/5228 2392/5232 2393/5233 2389/5229
f 2378/5234 2391/5235 2394/5236 2392/5237
f 2379/5238 2395/5239 2396/5240 2384/5241
f 2379/5242 2387/5243 2397/5244 2395/5245
f 2380/5246 2398/5247 2399/5248 2400/5249
f 2380/5246 2393/5250 2392/5251 2398/5247
f 2380/5252 2400/5253 2401/5254 2393/5255
f 2391/5235 2390/5256 2402/5257 2394/5236
f 2381/5258 2403/5259 2404/5260 2405/5261
f 2381/5258 2395/5262 2397/5263 2403/5259
f 2381/5258 2405/5261 2396/5264 2395/5262
f 2382/5265 2404/5260 2403/5259 2406/5266
f 2382/5265 2407/5267 2408/5268 2404/5260
f 2382/5265 2406/5266 2409/5269 2407/5267
f 2383/5270 2410/5271 2402/5257 2411/5272
f 2383/5273 2407/5274 2409/5275 2410/5276
f 2383/5277 2411/5278 2408/5279 2407/5280
f 2411/5281 2402/5282 2390/5283 2412/5284
f 2411/5281 2412/5284 2413/5285 2408/5286
f 2413/5287 2412/5288 2414/5289 2415/5290
f 2413/5291 2415/5292 2396/5264 2405/5261
f 2413/5291 2405/5261 2404/5260 2408/5268
f 2415/5293 2414/5294 2401/5295 2385/5296
f 2415/5297 2385/5298 2384/5241 2396/5240
f 2414/5299 2412/5300 2390/5230 2389/5229
f 2414/5299 2389/5229 2393/5233 2401/5301
f 2410/5276 2409/5275 2416/5302 2417/5303
f 2410/5271 2417/5304 2394/5236 2402/5257
f 2417/5305 2416/5306 2399/5248 2398/5247
f 2417/5305 2398/5247 2392/5251 2394/5307
f 2416/5308 2409/5269 2406/5266 2418/5309
f 2416/5310 2418/5311 2388/5312 2399/5313
f 2418/5309 2406/5266 2403/5259 2397/5263
f 2418/5314 2397/5244 2387/5243 2388/5315
f 2401/5316 2400/5317 2386/5318 2385/5319
f 2400/5320 2399/5313 2388/5312 2386/5321
